time,open,high,low,close,volume
2018-01-02 07:00:00,18.45,18.47,18.0,18.31,1563900
2018-01-03 07:00:00,18.39,18.47,18.11,18.36,1443310
2018-01-04 07:00:00,18.36,18.47,18.14,18.28,1533230
2018-01-05 07:00:00,18.28,18.39,18.06,18.17,1142150
2018-01-08 07:00:00,18.17,18.72,17.97,18.7,2204890
2018-01-09 07:00:00,18.72,18.95,18.7,18.92,1641170
2018-01-10 07:00:00,18.95,19.03,18.67,18.95,1185410
2018-01-11 07:00:00,18.89,19.5,18.72,19.17,1662250
2018-01-12 07:00:00,19.23,19.56,18.95,19.23,1283680
2018-01-15 07:00:00,19.5,19.5,19.31,19.48,1245940
2018-01-16 07:00:00,19.5,19.5,19.14,19.14,1233400
2018-01-17 07:00:00,19.14,19.78,19.11,19.14,2182410
2018-01-18 07:00:00,19.14,19.2,18.56,19.08,750720
2018-01-19 07:00:00,19.2,19.35,18.97,19.14,1031410
2018-01-22 07:00:00,19.14,19.17,18.62,19.05,2238440
2018-01-25 07:00:00,18.79,19.05,18.62,18.91,2478580
2018-01-26 07:00:00,18.97,18.97,18.41,18.56,1664650
2018-01-29 07:00:00,17.45,17.92,17.45,17.45,3326740
2018-01-30 07:00:00,17.16,17.45,16.64,16.7,1645900
2018-01-31 07:00:00,17.16,17.63,17.16,17.4,1366360
2018-02-01 07:00:00,17.45,17.45,16.76,16.79,636390
2018-02-02 07:00:00,16.87,16.87,16.76,16.79,375140
2018-02-05 07:00:00,16.7,16.87,15.62,15.62,900200
2018-02-06 07:00:00,14.55,15.36,14.55,14.55,1519860
2018-02-07 07:00:00,15.48,15.56,15.13,15.56,915370
2018-02-08 07:00:00,15.94,16.58,15.68,15.94,908140
2018-02-09 07:00:00,15.13,15.94,15.13,15.71,1082260
2018-02-12 07:00:00,15.88,16.26,15.83,16.12,1136630
2018-02-13 07:00:00,16.17,17.22,16.17,17.22,2085960
2018-02-21 07:00:00,17.34,17.4,16.81,17.08,1306510
2018-02-22 07:00:00,17.08,17.11,16.47,16.55,1344150
2018-02-23 07:00:00,16.7,16.73,16.44,16.67,1149100
2018-02-26 07:00:00,16.87,16.99,16.64,16.67,1379140
2018-02-27 07:00:00,16.64,16.64,16.17,16.23,1248810
2018-02-28 07:00:00,16.06,16.7,16.0,16.41,929520
2018-03-01 07:00:00,16.41,16.41,16.09,16.12,1083550
2018-03-02 07:00:00,15.88,16.17,15.83,16.06,894000
2018-03-05 07:00:00,16.17,16.17,15.65,15.65,1171790
2018-03-06 07:00:00,15.68,15.83,15.53,15.65,919500
2018-03-07 07:00:00,15.65,16.29,15.65,16.17,1555330
2018-03-08 07:00:00,16.29,16.29,15.77,15.77,522290
2018-03-09 07:00:00,15.83,16.0,15.56,15.59,1101030
2018-03-12 07:00:00,15.65,15.65,15.24,15.27,961730
2018-03-13 07:00:00,15.39,15.74,15.24,15.45,1327170
2018-03-14 07:00:00,15.45,16.0,15.42,15.97,1316830
2018-03-15 07:00:00,15.8,15.88,15.48,15.62,768570
2018-03-16 07:00:00,15.68,15.71,15.51,15.53,1187730
2018-03-19 07:00:00,15.53,15.65,15.36,15.39,1261700
2018-03-20 07:00:00,15.39,15.62,15.3,15.45,544940
2018-03-21 07:00:00,15.45,15.71,15.42,15.71,1397940
2018-03-22 07:00:00,15.77,16.2,15.77,15.97,1668730
2018-03-23 07:00:00,15.71,15.77,15.42,15.65,615480
2018-03-26 07:00:00,15.65,15.65,15.13,15.19,1210160
2018-03-27 07:00:00,15.3,15.48,15.27,15.3,1039280
2018-03-28 07:00:00,15.3,15.3,15.13,15.16,2097640
2018-03-29 07:00:00,15.13,15.16,14.78,14.89,1454730
2018-03-30 07:00:00,14.84,15.01,14.34,14.43,1025460
2018-04-02 07:00:00,14.43,14.66,13.56,13.67,1453680
2018-04-03 07:00:00,13.5,14.6,13.18,14.6,1307530
2018-04-04 07:00:00,14.84,15.59,14.81,15.42,1029950
2018-04-05 07:00:00,15.42,15.42,14.55,15.1,919550
2018-04-06 07:00:00,14.84,15.19,14.84,15.07,1706390
2018-04-09 07:00:00,15.67,16.05,15.67,16.05,1615460
2018-04-10 07:00:00,16.2,16.88,16.2,16.58,1311320
2018-04-11 07:00:00,16.8,16.84,15.94,15.94,778680
2018-04-12 07:00:00,15.94,15.97,15.45,15.67,417860
2018-04-13 07:00:00,15.82,16.05,15.52,15.52,537650
2018-04-16 07:00:00,15.45,16.5,15.45,16.5,1324060
2018-04-17 07:00:00,16.73,16.84,15.97,16.46,506840
2018-04-18 07:00:00,16.35,16.54,16.05,16.05,447340
2018-04-19 07:00:00,16.05,16.16,15.6,15.75,712760
2018-04-20 07:00:00,15.75,15.78,15.33,15.67,484400
2018-04-23 07:00:00,15.82,15.94,15.78,15.86,1146940
2018-04-24 07:00:00,15.82,15.82,15.07,15.56,1584530
2018-04-26 07:00:00,15.56,15.71,14.81,14.88,517780
2018-04-27 07:00:00,14.84,15.14,14.54,15.07,412380
2018-05-02 07:00:00,14.69,15.11,14.54,14.99,626040
2018-05-03 07:00:00,14.58,14.69,14.28,14.62,342530
2018-05-04 07:00:00,14.69,14.96,14.58,14.65,317420
2018-05-07 07:00:00,14.62,14.65,14.16,14.28,617090
2018-05-08 07:00:00,14.24,15.03,14.13,14.62,1250310
2018-05-09 07:00:00,14.62,14.96,14.35,14.47,666640
2018-05-10 07:00:00,14.47,14.84,14.32,14.32,695960
2018-05-11 07:00:00,14.32,14.69,14.16,14.5,240940
2018-05-14 07:00:00,14.54,14.92,14.32,14.54,380570
2018-05-15 07:00:00,14.54,14.99,14.54,14.77,441930
2018-05-16 07:00:00,14.77,14.88,14.62,14.77,223420
2018-05-17 07:00:00,14.73,14.88,14.62,14.77,175710
2018-05-18 07:00:00,14.84,14.84,14.39,14.47,167060
2018-05-21 07:00:00,14.47,14.5,14.28,14.28,138280
2018-05-22 07:00:00,14.2,14.24,13.56,13.83,436940
2018-05-23 07:00:00,13.64,14.77,13.49,14.77,2019830
2018-05-24 07:00:00,14.77,15.63,14.69,15.37,2329720
2018-05-25 07:00:00,15.37,15.71,15.37,15.6,2164800
2018-05-28 07:00:00,15.6,15.63,14.84,15.07,2215610
2018-05-29 07:00:00,14.99,15.45,14.77,15.14,1544200
2018-05-30 07:00:00,15.14,15.37,14.84,14.99,307310
2018-05-31 07:00:00,14.96,15.45,14.77,15.22,1323350
2018-06-01 07:00:00,15.22,16.05,15.22,15.9,1940840
2018-06-04 07:00:00,16.2,16.99,16.2,16.99,2273860
2018-06-05 07:00:00,17.18,17.22,16.61,16.99,1834780
2018-06-06 07:00:00,16.8,17.33,16.2,17.33,1894510
2018-06-07 07:00:00,17.33,17.33,16.58,16.58,1077980
2018-06-08 07:00:00,16.5,16.65,16.43,16.5,948580
2018-06-11 07:00:00,16.2,16.46,15.9,15.9,1588370
2018-06-12 07:00:00,15.71,15.82,15.3,15.48,490220
2018-06-13 07:00:00,15.48,16.09,15.48,15.78,194270
2018-06-14 07:00:00,15.78,16.12,15.63,16.05,1783070
2018-06-15 07:00:00,15.9,16.16,15.75,15.78,956260
2018-06-18 07:00:00,15.22,15.63,14.92,14.92,2298470
2018-06-19 07:00:00,14.47,14.62,13.94,14.09,1573550
2018-06-20 07:00:00,14.24,14.96,14.09,14.81,2092380
2018-06-21 07:00:00,14.81,14.88,14.43,14.47,2044960
2018-06-22 07:00:00,14.35,14.81,14.35,14.77,2388000
2018-06-25 07:00:00,14.77,15.03,14.62,14.65,2069440
2018-06-26 07:00:00,14.69,14.69,14.47,14.54,2002200
2018-06-27 07:00:00,14.54,14.62,13.56,14.2,1313260
2018-06-28 07:00:00,14.01,14.43,14.01,14.24,1474320
2018-06-29 07:00:00,14.24,14.43,14.16,14.24,799650
2018-07-02 07:00:00,14.24,14.39,13.75,13.75,2735980
2018-07-03 07:00:00,13.75,14.2,13.75,13.79,3123200
2018-07-04 07:00:00,13.79,14.01,13.6,13.68,1703080
2018-07-05 07:00:00,13.86,13.86,12.81,13.19,2524800
2018-07-06 07:00:00,13.19,13.75,12.92,13.75,2621160
2018-07-09 07:00:00,13.56,13.9,13.41,13.45,1673130
2018-07-10 07:00:00,13.56,13.68,13.3,13.45,1581780
2018-07-11 07:00:00,13.3,13.34,12.62,12.66,2185710
2018-07-12 07:00:00,12.81,13.0,12.77,12.81,1633460
2018-07-13 07:00:00,12.88,13.0,12.77,12.92,1618160
2018-07-16 07:00:00,13.03,13.03,12.88,12.88,1810080
2018-07-17 07:00:00,12.96,13.49,12.85,13.45,2592780
2018-07-18 07:00:00,13.49,13.75,13.49,13.71,1693060
2018-07-19 07:00:00,13.71,13.71,13.49,13.64,1716660
2018-07-20 07:00:00,13.45,13.56,13.26,13.41,1673990
2018-07-23 07:00:00,13.22,13.52,13.22,13.34,1620580
2018-07-24 07:00:00,13.41,13.52,13.19,13.41,1817930
2018-07-25 07:00:00,13.52,13.56,13.07,13.07,2367980
2018-07-26 07:00:00,13.03,13.11,12.7,12.81,2262190
2018-07-27 07:00:00,12.81,13.22,12.81,13.11,2640760
2018-07-30 07:00:00,13.15,13.26,13.03,13.15,2003250
2018-07-31 07:00:00,13.11,13.15,12.92,12.92,1989000
2018-08-01 07:00:00,12.88,13.19,12.88,13.03,2462490
2018-08-02 07:00:00,13.07,13.11,12.77,12.96,2180390
2018-08-03 07:00:00,13.0,13.03,12.85,12.88,1656170
2018-08-06 07:00:00,12.92,12.96,12.7,12.77,1831220
2018-08-07 07:00:00,12.77,12.77,12.58,12.66,558850
2018-08-08 07:00:00,12.66,12.81,12.54,12.62,1176460
2018-08-09 07:00:00,12.58,12.7,12.54,12.62,809500
2018-08-10 07:00:00,12.7,12.7,12.36,12.36,965340
2018-08-13 07:00:00,12.51,12.7,12.39,12.7,902420
2018-08-14 07:00:00,12.77,12.81,12.51,12.54,877300
2018-08-15 07:00:00,12.54,12.7,12.43,12.58,1000700
2018-08-16 07:00:00,12.54,12.58,12.39,12.58,1307020
2018-08-17 07:00:00,12.58,12.62,12.39,12.39,1126540
2018-08-20 07:00:00,12.43,12.54,12.24,12.24,730460
2018-08-21 07:00:00,12.24,12.43,12.24,12.32,760390
2018-08-22 07:00:00,12.36,12.96,12.36,12.88,2356300
2018-08-23 07:00:00,12.96,13.0,12.81,12.85,1005470
2018-08-24 07:00:00,12.73,12.92,12.66,12.92,1174270
2018-08-27 07:00:00,12.92,13.0,12.77,12.81,1457700
2018-08-28 07:00:00,12.88,12.92,12.7,12.73,949300
2018-08-29 07:00:00,12.85,13.07,12.66,13.07,2076640
2018-08-30 07:00:00,13.11,13.71,13.11,13.64,3814460
2018-08-31 07:00:00,13.64,13.79,13.41,13.41,2946180
2018-09-04 07:00:00,13.34,13.49,12.96,13.03,1955520
2018-09-05 07:00:00,13.03,13.41,12.88,13.26,2727970
2018-09-06 07:00:00,13.26,13.37,12.96,12.96,1712490
2018-09-07 07:00:00,13.15,13.26,13.0,13.03,1531390
2018-09-10 07:00:00,12.96,13.11,12.77,12.81,1092690
2018-09-11 07:00:00,12.73,12.96,12.73,12.88,1135320
2018-09-12 07:00:00,12.85,12.96,12.73,12.73,1316560
2018-09-13 07:00:00,12.73,12.88,12.7,12.77,1048850
2018-09-14 07:00:00,12.88,12.88,12.66,12.7,1315100
2018-09-17 07:00:00,12.73,12.81,12.58,12.58,1282920
2018-09-18 07:00:00,12.54,12.85,12.51,12.81,1683500
2018-09-19 07:00:00,12.92,13.19,12.88,13.03,2153040
2018-09-20 07:00:00,13.15,13.15,12.96,13.07,1471520
2018-09-21 07:00:00,13.15,13.15,12.85,12.92,1711160
2018-09-24 07:00:00,13.0,13.19,13.0,13.19,2235300
2018-09-25 07:00:00,13.19,13.49,13.19,13.34,2122840
2018-09-26 07:00:00,13.34,13.37,13.22,13.26,1720830
2018-09-27 07:00:00,13.34,13.52,13.34,13.41,2398870
2018-09-28 07:00:00,13.56,13.6,13.15,13.19,2411160
2018-10-01 07:00:00,13.22,13.3,12.96,13.0,1101860
2018-10-02 07:00:00,12.92,13.0,12.77,12.77,1810560
2018-10-03 07:00:00,12.77,12.96,12.73,12.88,870730
2018-10-04 07:00:00,12.88,13.03,12.88,12.92,1396770
2018-10-05 07:00:00,12.96,13.0,12.81,12.81,982470
2018-10-08 07:00:00,12.73,12.96,12.66,12.66,1524910
2018-10-09 07:00:00,12.58,12.7,12.36,12.36,2676320
2018-10-10 07:00:00,12.36,12.39,11.94,11.94,3043840
2018-10-11 07:00:00,11.3,11.45,11.11,11.11,3166590
2018-10-12 07:00:00,10.93,11.6,10.93,11.45,2231290
2018-10-15 07:00:00,11.68,11.83,11.6,11.68,1387460
2018-10-16 07:00:00,11.68,11.72,11.41,11.6,1243600
2018-10-17 07:00:00,11.64,11.87,11.57,11.68,1609410
2018-10-18 07:00:00,11.57,11.68,11.3,11.3,1437440
2018-10-19 07:00:00,11.19,11.3,10.96,11.11,2126130
2018-10-22 07:00:00,11.19,11.3,11.15,11.15,1701400
2018-10-23 07:00:00,11.23,11.23,10.74,10.93,1788090
2018-10-24 07:00:00,11.04,11.08,10.77,10.89,1306980
2018-10-25 07:00:00,10.25,11.08,10.25,10.66,2854420
2018-10-26 07:00:00,10.93,11.04,10.7,10.7,1903020
2018-10-29 07:00:00,10.85,10.85,10.55,10.74,1689450
2018-10-30 07:00:00,10.74,10.89,10.7,10.77,2058940
2018-10-31 07:00:00,10.89,11.04,10.85,11.0,2549020
2018-11-01 07:00:00,11.0,11.0,10.62,10.66,1431600
2018-11-02 07:00:00,10.77,10.77,10.59,10.66,1125840
2018-11-05 07:00:00,10.62,10.77,10.62,10.74,795160
2018-11-06 07:00:00,10.81,10.89,10.77,10.85,624750
2018-11-07 07:00:00,10.85,10.89,10.74,10.85,730820
2018-11-08 07:00:00,10.93,11.45,10.85,11.38,2546880
2018-11-09 07:00:00,11.38,11.41,11.08,11.08,911970
2018-11-12 07:00:00,10.93,11.11,10.89,11.0,1048870
2018-11-13 07:00:00,10.74,10.85,10.55,10.66,1104850
2018-11-14 07:00:00,10.77,10.89,10.62,10.62,1216360
2018-11-15 07:00:00,10.7,10.74,10.17,10.36,1115590
2018-11-16 07:00:00,10.47,10.66,10.36,10.55,1649470
2018-11-19 07:00:00,10.55,10.7,10.4,10.44,864910
2018-11-20 07:00:00,10.44,11.15,10.4,11.15,4497900
2018-11-21 07:00:00,11.23,11.53,11.04,11.19,3730170
2018-11-22 07:00:00,11.26,11.34,11.23,11.26,1322610
2018-11-23 07:00:00,11.26,11.49,11.19,11.38,2593600
2018-11-26 07:00:00,11.49,12.06,11.49,11.68,3153010
2018-11-27 07:00:00,11.9,11.98,11.53,11.72,2528650
2018-11-28 07:00:00,11.72,11.79,11.53,11.6,1612270
2018-11-29 07:00:00,11.68,11.83,11.26,11.26,1568000
2018-11-30 07:00:00,11.26,11.3,11.11,11.19,1055480
2018-12-03 07:00:00,11.3,11.64,11.3,11.49,2033450
2018-12-04 07:00:00,11.6,11.87,11.6,11.72,2878040
2018-12-05 07:00:00,11.68,12.21,11.57,12.17,2809470
2018-12-06 07:00:00,12.13,12.24,11.9,11.94,1913450
2018-12-07 07:00:00,11.98,12.09,11.9,11.98,1912720
2018-12-10 07:00:00,11.83,12.58,11.83,12.36,2820980
2018-12-11 07:00:00,12.62,12.73,12.39,12.43,2873030
2018-12-12 07:00:00,12.51,12.73,12.43,12.43,1887060
2018-12-13 07:00:00,12.51,12.54,12.36,12.36,1514030
2018-12-14 07:00:00,12.36,12.58,12.28,12.39,1863240
2018-12-17 07:00:00,12.36,12.43,12.13,12.13,1558450
2018-12-18 07:00:00,11.9,11.98,11.53,11.83,2152120
2018-12-19 07:00:00,11.83,11.98,11.49,11.49,1441030
2018-12-20 07:00:00,11.34,11.72,11.34,11.68,1078770
2018-12-21 07:00:00,11.49,11.68,11.41,11.41,1227050
2018-12-24 07:00:00,11.45,11.57,11.15,11.15,1934420
2018-12-25 07:00:00,10.77,11.04,10.51,10.93,2530850
2018-12-26 07:00:00,10.96,11.08,10.89,10.93,1331390
2018-12-27 07:00:00,11.26,11.38,11.15,11.23,1467660
2018-12-28 07:00:00,11.23,11.38,10.96,11.08,1257250
2019-01-02 07:00:00,11.19,11.3,10.93,10.93,1005720
2019-01-03 07:00:00,10.89,11.08,10.66,10.74,1376800
2019-01-04 07:00:00,10.66,10.85,10.47,10.74,1627160
2019-01-07 07:00:00,10.93,10.96,10.77,10.85,1104290
2019-01-08 07:00:00,10.93,10.93,10.4,10.7,906340
2019-01-09 07:00:00,10.7,11.0,10.7,10.96,1399620
2019-01-10 07:00:00,11.08,11.08,10.85,10.85,971950
2019-01-11 07:00:00,10.93,10.96,10.81,10.81,1322560
2019-01-14 07:00:00,10.85,10.93,10.7,10.7,1107510
2019-01-15 07:00:00,10.77,11.08,10.66,11.0,2229890
2019-01-16 07:00:00,11.11,11.34,11.11,11.19,1680050
2019-01-17 07:00:00,11.23,11.26,11.0,11.0,1363160
2019-01-18 07:00:00,11.0,11.11,10.85,10.85,1180660
2019-01-21 07:00:00,10.85,11.11,10.81,10.85,1838830
2019-01-22 07:00:00,11.0,11.11,10.85,10.93,1346540
2019-01-23 07:00:00,10.96,10.96,10.81,10.85,1232340
2019-01-24 07:00:00,10.89,11.0,10.81,10.89,1392450
2019-01-25 07:00:00,10.96,10.96,10.77,10.81,1288980
2019-01-28 07:00:00,10.93,10.93,10.74,10.74,1341660
2019-01-29 07:00:00,10.77,10.89,10.66,10.74,1504260
2019-01-30 07:00:00,10.81,10.85,10.74,10.77,1279890
2019-01-31 07:00:00,10.81,11.04,10.77,10.93,1758720
2019-02-01 07:00:00,10.96,11.08,10.85,11.08,1387250
2019-02-11 07:00:00,11.19,11.26,11.11,11.19,1365220
2019-02-12 07:00:00,11.23,11.72,11.23,11.6,2431140
2019-02-13 07:00:00,11.68,11.79,11.53,11.72,1992650
2019-02-14 07:00:00,11.75,11.83,11.64,11.68,1405670
2019-02-15 07:00:00,11.6,11.72,11.57,11.64,1474250
2019-02-18 07:00:00,11.79,11.79,11.57,11.64,1362840
2019-02-19 07:00:00,11.64,11.68,11.3,11.3,2009210
2019-02-20 07:00:00,11.34,11.49,11.26,11.3,1638010
2019-02-21 07:00:00,11.3,11.49,11.26,11.34,1219140
2019-02-22 07:00:00,11.34,11.6,11.26,11.49,1639440
2019-02-25 07:00:00,11.49,11.6,11.41,11.45,1309380
2019-02-26 07:00:00,11.45,11.49,11.3,11.34,1235380
2019-02-27 07:00:00,11.38,11.68,11.38,11.53,2125780
2019-02-28 07:00:00,11.64,11.68,11.34,11.34,1354780
2019-03-01 07:00:00,11.38,11.6,11.38,11.6,1471780
2019-03-04 07:00:00,11.68,12.39,11.68,12.39,3629840
2019-03-05 07:00:00,12.51,13.15,12.43,12.51,4707470
2019-03-06 07:00:00,12.36,12.58,12.28,12.54,2435820
2019-03-07 07:00:00,12.77,12.85,12.39,12.39,3522170
2019-03-08 07:00:00,12.28,12.32,11.9,11.9,3186490
2019-03-11 07:00:00,11.98,12.32,11.87,12.32,2809120
2019-03-12 07:00:00,12.51,12.58,12.32,12.39,2630940
2019-03-13 07:00:00,12.43,12.47,12.21,12.21,2461470
2019-03-14 07:00:00,12.21,12.51,12.13,12.39,3342120
2019-03-15 07:00:00,12.43,12.43,12.17,12.28,1791840
2019-03-18 07:00:00,12.28,12.47,12.28,12.36,1925760
2019-03-19 07:00:00,12.36,12.39,12.02,12.06,2655140
2019-03-20 07:00:00,12.06,12.09,11.94,12.02,1902110
2019-03-21 07:00:00,12.13,12.43,12.06,12.13,3928460
2019-03-22 07:00:00,12.21,12.36,12.06,12.28,2737410
2019-03-25 07:00:00,12.13,12.17,12.02,12.09,1592100
2019-03-26 07:00:00,12.17,12.24,12.06,12.17,1411420
2019-03-27 07:00:00,12.24,12.39,12.24,12.28,2738410
2019-03-28 07:00:00,12.28,12.77,12.24,12.66,4547020
2019-03-29 07:00:00,12.81,12.92,12.62,12.7,2694880
2019-04-01 07:00:00,12.81,13.15,12.81,13.03,5152510
2019-04-02 07:00:00,13.03,13.15,12.88,12.96,3680500
2019-04-03 07:00:00,12.92,13.11,12.81,13.11,2860090
2019-04-04 07:00:00,13.11,13.26,13.0,13.07,3135240
2019-04-05 07:00:00,13.07,13.41,13.07,13.34,4406330
2019-04-08 07:00:00,13.37,14.24,13.22,14.24,9597180
2019-04-09 07:00:00,14.47,14.58,13.86,13.94,7952870
2019-04-10 07:00:00,13.79,14.32,13.75,13.94,7739930
2019-04-11 07:00:00,13.9,14.24,13.79,14.24,7987060
2019-04-12 07:00:00,14.28,14.62,14.16,14.58,6102460
2019-04-16 07:00:00,14.5,14.69,14.2,14.58,5388330
2019-04-17 07:00:00,14.62,14.62,13.56,13.56,9149210
2019-04-18 07:00:00,13.56,13.71,13.03,13.41,6839220
2019-04-19 07:00:00,13.45,13.71,13.41,13.6,3891830
2019-04-22 07:00:00,13.6,13.6,13.11,13.11,3626050
2019-04-23 07:00:00,13.15,13.37,13.11,13.26,2883520
2019-04-24 07:00:00,13.26,13.68,13.22,13.64,4053550
2019-04-25 07:00:00,13.6,13.68,13.45,13.49,2117760
2019-04-26 07:00:00,13.49,13.94,13.45,13.94,4644190
2019-05-02 07:00:00,13.94,14.09,13.64,13.71,3227120
2019-05-03 07:00:00,13.68,13.71,13.26,13.37,5667210
2019-05-06 07:00:00,13.11,13.11,12.85,12.88,4016920
2019-05-07 07:00:00,13.03,13.26,13.03,13.15,2935640
2019-05-08 07:00:00,12.88,13.07,12.81,13.03,1970250
2019-05-09 07:00:00,13.03,13.11,12.66,12.73,2423550
2019-05-10 07:00:00,12.88,13.0,12.62,12.96,4238150
2019-05-13 07:00:00,12.96,13.07,12.88,12.96,2114660
2019-05-14 07:00:00,12.85,13.19,12.73,13.15,2978870
2019-05-15 07:00:00,13.22,13.45,13.19,13.26,5734900
2019-05-16 07:00:00,13.3,13.45,13.15,13.15,2034530
2019-05-17 07:00:00,13.15,13.41,13.11,13.22,2347190
2019-05-20 07:00:00,13.26,13.45,13.22,13.34,3143020
2019-05-21 07:00:00,13.37,13.52,13.22,13.22,2810270
2019-05-22 07:00:00,13.03,13.34,13.03,13.03,2866180
2019-05-23 07:00:00,13.0,13.34,12.92,13.34,3880450
2019-05-24 07:00:00,13.3,13.41,13.11,13.11,2473570
2019-05-27 07:00:00,13.15,13.37,13.15,13.26,1901540
2019-05-28 07:00:00,13.34,13.45,13.22,13.34,2511500
2019-05-29 07:00:00,13.37,13.83,13.34,13.83,6736000
2019-05-30 07:00:00,13.79,13.94,13.68,13.68,2860330
2019-05-31 07:00:00,13.68,13.79,13.37,13.37,3317310
2019-06-03 07:00:00,13.15,13.3,13.03,13.03,4038550
2019-06-04 07:00:00,13.11,13.22,13.0,13.07,2333680
2019-06-05 07:00:00,13.19,13.3,13.11,13.11,1966090
2019-06-06 07:00:00,13.11,13.22,12.92,13.03,1902790
2019-06-07 07:00:00,13.11,13.41,13.11,13.37,2334910
2019-06-10 07:00:00,13.49,13.71,13.49,13.52,3060770
2019-06-11 07:00:00,13.56,13.71,13.41,13.41,3215890
2019-06-12 07:00:00,13.41,13.49,13.22,13.22,2052640
2019-06-13 07:00:00,13.22,13.56,13.19,13.45,2995040
2019-06-14 07:00:00,13.56,13.9,13.56,13.64,5398190
2019-06-17 07:00:00,13.64,13.75,13.56,13.6,1755540
2019-06-18 07:00:00,13.64,14.09,13.56,14.01,5365840
2019-06-19 07:00:00,13.83,14.28,13.79,13.83,3284530
2019-06-20 07:00:00,13.9,14.09,13.83,13.98,2842800
2019-06-21 07:00:00,14.01,14.09,13.79,13.86,2977350
2019-06-24 07:00:00,13.86,14.09,13.83,13.86,2462630
2019-06-25 07:00:00,13.86,13.94,13.79,13.83,1946690
2019-06-26 07:00:00,13.83,13.94,13.79,13.83,1842990
2019-06-27 07:00:00,13.86,13.9,13.56,13.56,2751900
2019-06-28 07:00:00,13.56,13.86,13.49,13.83,2918320
2019-07-01 07:00:00,13.98,14.24,13.94,14.13,3974530
2019-07-02 07:00:00,14.16,14.16,13.98,14.01,1991260
2019-07-03 07:00:00,14.01,14.2,13.94,14.05,2908920
2019-07-04 07:00:00,14.09,14.2,14.01,14.05,2249190
2019-07-05 07:00:00,14.05,14.43,14.01,14.35,5769840
2019-07-08 07:00:00,14.35,14.54,14.28,14.43,4396390
2019-07-09 07:00:00,14.43,14.62,14.39,14.5,4623340
2019-07-10 07:00:00,14.5,14.58,14.24,14.24,6069130
2019-07-11 07:00:00,14.32,14.32,14.01,14.09,4733210
2019-07-12 07:00:00,14.2,14.35,14.13,14.16,3409430
2019-07-15 07:00:00,14.16,14.32,14.13,14.2,2186070
2019-07-16 07:00:00,14.2,14.43,14.2,14.2,2892050
2019-07-17 07:00:00,14.2,14.35,13.94,13.94,5570050
2019-07-18 07:00:00,13.98,14.13,13.9,14.01,3427670
2019-07-19 07:00:00,14.01,14.2,14.01,14.16,3109160
2019-07-22 07:00:00,14.2,14.24,14.01,14.01,3457990
2019-07-23 07:00:00,14.01,14.2,13.94,14.09,4085790
2019-07-24 07:00:00,14.16,14.2,14.05,14.09,1937150
2019-07-25 07:00:00,14.09,14.32,14.09,14.28,4074830
2019-07-26 07:00:00,14.09,14.35,14.09,14.09,3428040
2019-07-29 07:00:00,14.09,14.13,13.75,13.83,3458940
2019-07-30 07:00:00,13.9,14.05,13.75,13.75,5973840
2019-07-31 07:00:00,13.79,13.83,13.37,13.49,4942800
2019-08-01 07:00:00,13.49,13.68,13.34,13.52,3177710
2019-08-02 07:00:00,13.49,13.6,13.37,13.45,3410500
2019-08-05 07:00:00,13.45,13.49,13.19,13.22,3949330
2019-08-06 07:00:00,13.11,13.26,12.88,13.11,4775270
2019-08-07 07:00:00,13.15,13.3,13.15,13.15,2395900
2019-08-08 07:00:00,13.19,13.3,13.0,13.19,2482830
2019-08-09 07:00:00,13.19,13.37,13.19,13.26,1858000
2019-08-12 07:00:00,13.26,13.34,13.07,13.11,1513420
2019-08-13 07:00:00,13.07,13.19,13.03,13.11,1718080
2019-08-14 07:00:00,13.27,13.5,13.27,13.34,1610620
2019-08-15 07:00:00,13.03,13.34,13.03,13.34,1520850
2019-08-16 07:00:00,13.34,13.42,13.23,13.23,1329320
2019-08-19 07:00:00,13.23,13.42,13.15,13.15,977320
2019-08-20 07:00:00,13.15,13.3,13.07,13.07,1504480
2019-08-21 07:00:00,13.07,13.23,12.95,13.11,2408380
2019-08-22 07:00:00,13.15,13.27,13.11,13.11,1181170
2019-08-23 07:00:00,13.11,13.23,13.03,13.15,904360
2019-08-26 07:00:00,13.07,13.11,12.64,12.8,2466420
2019-08-27 07:00:00,12.84,12.92,12.57,12.61,2401690
2019-08-28 07:00:00,12.61,12.72,12.45,12.45,1701810
2019-08-29 07:00:00,12.45,12.53,12.26,12.26,2051390
2019-08-30 07:00:00,12.33,12.72,12.33,12.72,2733710
2019-09-03 07:00:00,12.72,12.76,12.33,12.37,1205500
2019-09-04 07:00:00,12.37,12.41,12.22,12.33,1490410
2019-09-05 07:00:00,12.41,12.57,12.37,12.41,1585360
2019-09-06 07:00:00,12.45,12.57,12.33,12.37,995090
2019-09-09 07:00:00,12.41,12.49,12.37,12.37,1044640
2019-09-10 07:00:00,12.37,12.57,12.33,12.37,2067820
2019-09-11 07:00:00,12.41,12.49,12.3,12.41,1064850
2019-09-12 07:00:00,12.45,12.72,12.45,12.68,1908360
2019-09-13 07:00:00,12.68,12.76,12.61,12.68,1784800
2019-09-16 07:00:00,12.68,12.68,12.33,12.37,2292980
2019-09-17 07:00:00,12.33,12.53,12.3,12.41,1792200
2019-09-18 07:00:00,12.45,12.57,12.37,12.37,1195840
2019-09-19 07:00:00,12.41,12.45,12.33,12.41,1057900
2019-09-20 07:00:00,12.41,12.57,12.41,12.41,1612240
2019-09-23 07:00:00,12.41,12.49,12.33,12.33,1192400
2019-09-24 07:00:00,12.33,12.41,12.26,12.26,943410
2019-09-25 07:00:00,12.3,12.37,12.18,12.18,1719730
2019-09-26 07:00:00,12.22,12.3,12.06,12.14,1738000
2019-09-27 07:00:00,12.06,12.1,11.64,11.75,3589240
2019-09-30 07:00:00,11.75,12.02,11.75,11.91,2386620
2019-10-01 07:00:00,11.91,11.99,11.71,11.83,1580460
2019-10-02 07:00:00,11.87,11.99,11.64,11.75,2225550
2019-10-03 07:00:00,11.71,11.83,11.6,11.71,1904000
2019-10-04 07:00:00,11.71,11.87,11.67,11.79,1423690
2019-10-07 07:00:00,11.79,11.87,11.6,11.6,1381050
2019-10-08 07:00:00,11.64,11.71,11.44,11.48,1555600
2019-10-09 07:00:00,11.52,11.56,11.44,11.48,1290260
2019-10-10 07:00:00,11.52,11.64,11.48,11.56,1271470
2019-10-11 07:00:00,11.56,11.67,11.56,11.6,1363690
2019-10-14 07:00:00,11.67,11.83,11.67,11.79,2085800
2019-10-15 07:00:00,11.79,11.83,11.64,11.67,1864020
2019-10-16 07:00:00,11.79,12.1,11.79,11.91,2948980
2019-10-17 07:00:00,11.95,11.99,11.79,11.91,2354770
2019-10-18 07:00:00,11.91,11.95,11.71,11.75,2593930
2019-10-21 07:00:00,11.75,11.75,11.56,11.64,3096100
2019-10-22 07:00:00,11.67,11.75,11.56,11.71,2854090
2019-10-23 07:00:00,11.83,11.95,11.79,11.91,2709240
2019-10-24 07:00:00,11.91,11.99,11.79,11.87,3137000
2019-10-25 07:00:00,11.87,11.87,11.75,11.79,2174210
2019-10-28 07:00:00,11.83,11.91,11.75,11.75,2301220
2019-10-29 07:00:00,11.75,11.83,11.67,11.71,1974530
2019-10-30 07:00:00,11.71,11.83,11.71,11.75,2238190
2019-10-31 07:00:00,11.79,11.91,11.71,11.79,2917680
2019-11-01 07:00:00,11.79,12.26,11.79,12.22,6550740
2019-11-04 07:00:00,12.26,12.33,12.1,12.14,3309010
2019-11-05 07:00:00,12.14,12.37,11.99,12.33,5843530
2019-11-06 07:00:00,12.33,12.45,12.18,12.18,3036500
2019-11-07 07:00:00,12.22,12.37,12.14,12.26,3760300
2019-11-08 07:00:00,12.3,12.41,12.22,12.3,4063960
2019-11-11 07:00:00,12.26,12.33,11.95,11.99,4074000
2019-11-12 07:00:00,12.02,12.26,11.99,12.14,5143470
2019-11-13 07:00:00,12.14,12.26,11.99,12.02,2796560
2019-11-14 07:00:00,12.06,12.06,11.79,11.83,3227390
2019-11-15 07:00:00,11.87,11.91,11.67,11.67,2655020
2019-11-18 07:00:00,11.71,11.75,11.56,11.56,2014590
2019-11-19 07:00:00,11.6,11.67,11.56,11.64,2650350
2019-11-20 07:00:00,11.64,11.67,11.48,11.56,1741260
2019-11-21 07:00:00,11.56,11.6,11.44,11.48,2109330
2019-11-22 07:00:00,11.48,11.56,11.09,11.13,2795910
2019-11-25 07:00:00,11.17,11.25,10.94,10.94,2053850
2019-11-26 07:00:00,11.02,11.13,10.98,11.02,2027030
2019-11-27 07:00:00,11.05,11.17,11.02,11.02,1518470
2019-11-28 07:00:00,11.02,11.09,10.9,10.94,1383400
2019-11-29 07:00:00,10.98,11.05,10.9,10.94,1324020
2019-12-02 07:00:00,10.98,11.05,10.71,10.74,1421950
2019-12-03 07:00:00,10.78,10.94,10.63,10.74,2075940
2019-12-04 07:00:00,10.74,10.86,10.71,10.78,1282310
2019-12-05 07:00:00,10.78,10.94,10.78,10.86,1214420
2019-12-06 07:00:00,10.86,11.05,10.82,11.02,2566610
2019-12-09 07:00:00,11.02,11.09,10.98,10.98,1110930
2019-12-10 07:00:00,10.98,11.02,10.78,10.78,1638350
2019-12-11 07:00:00,10.82,10.86,10.74,10.86,945090
2019-12-12 07:00:00,10.86,10.94,10.82,10.9,1380410
2019-12-13 07:00:00,10.94,11.05,10.9,10.94,1565050
2019-12-16 07:00:00,10.94,11.02,10.9,10.94,987110
2019-12-17 07:00:00,10.94,10.98,10.78,10.78,1416410
2019-12-18 07:00:00,10.78,10.82,10.67,10.74,1117010
2019-12-19 07:00:00,10.74,10.78,10.51,10.51,2332890
2019-12-20 07:00:00,10.51,10.63,10.36,10.39,1655470
2019-12-23 07:00:00,10.39,10.55,9.7,9.81,4820230
2019-12-24 07:00:00,9.85,9.89,9.46,9.62,2714850
2019-12-25 07:00:00,9.62,10.05,9.62,10.05,2501640
2019-12-26 07:00:00,10.05,10.16,9.85,9.89,1554580
2019-12-27 07:00:00,9.89,10.05,9.77,10.01,1417200
2019-12-30 07:00:00,10.01,10.08,9.77,9.77,1736230
2019-12-31 07:00:00,9.81,10.01,9.74,9.85,1258300
2020-01-02 07:00:00,9.89,10.01,9.81,9.89,1112410
2020-01-03 07:00:00,9.89,10.01,9.77,9.85,1193840
2020-01-06 07:00:00,9.77,9.85,9.54,9.54,1823010
2020-01-07 07:00:00,9.54,9.77,9.54,9.62,1730250
2020-01-08 07:00:00,9.54,9.58,9.23,9.31,3128170
2020-01-09 07:00:00,9.39,9.5,9.31,9.35,1384510
2020-01-10 07:00:00,9.35,9.43,9.31,9.39,1326290
2020-01-13 07:00:00,9.39,9.43,9.23,9.31,1169460
2020-01-14 07:00:00,9.31,9.35,9.15,9.23,1342990
2020-01-15 07:00:00,9.23,9.27,9.11,9.23,1635150
2020-01-16 07:00:00,9.23,9.62,9.23,9.62,2496260
2020-01-17 07:00:00,9.62,9.85,9.62,9.7,1558730
2020-01-20 07:00:00,9.7,9.77,9.58,9.66,966320
2020-01-21 07:00:00,9.66,9.77,9.66,9.74,1110960
2020-01-22 07:00:00,9.74,9.81,9.66,9.77,1227740
2020-01-30 07:00:00,9.7,9.74,9.27,9.39,1954540
2020-01-31 07:00:00,9.31,9.46,8.92,8.92,2494770
2020-02-03 07:00:00,8.53,8.53,8.3,8.3,3895710
2020-02-04 07:00:00,8.34,8.57,8.34,8.53,2559460
2020-02-05 07:00:00,8.61,8.77,8.57,8.69,1404320
2020-02-06 07:00:00,8.69,9.27,8.69,9.27,3371200
2020-02-07 07:00:00,9.43,9.62,9.31,9.5,2769040
2020-02-10 07:00:00,9.39,9.46,9.19,9.39,1572940
2020-02-11 07:00:00,9.43,9.5,9.31,9.5,1747280
2020-02-12 07:00:00,9.54,9.7,9.35,9.58,2426410
2020-02-13 07:00:00,9.58,9.7,9.5,9.54,1291980
2020-02-14 07:00:00,9.54,9.62,9.43,9.54,1618790
2020-02-17 07:00:00,9.54,9.66,9.5,9.58,1409950
2020-02-18 07:00:00,9.62,9.66,9.46,9.46,1140090
2020-02-19 07:00:00,9.46,9.54,9.46,9.54,968690
2020-02-20 07:00:00,9.58,10.2,9.58,10.2,5029350
2020-02-21 07:00:00,10.32,10.71,10.2,10.32,3456060
2020-02-24 07:00:00,10.16,10.16,9.62,9.62,3068420
2020-02-25 07:00:00,9.39,9.81,9.39,9.77,3450400
2020-02-26 07:00:00,9.54,9.85,9.54,9.77,1458460
2020-02-27 07:00:00,9.74,10.01,9.74,9.85,1253640
2020-02-28 07:00:00,9.62,9.7,9.39,9.58,1825550
2020-03-02 07:00:00,9.58,9.62,9.5,9.62,1233480
2020-03-03 07:00:00,9.74,10.01,9.74,9.81,2053260
2020-03-04 07:00:00,9.77,9.81,9.66,9.81,1420570
2020-03-05 07:00:00,9.89,10.01,9.77,9.77,1283430
2020-03-06 07:00:00,9.74,9.74,9.5,9.58,1406520
2020-03-09 07:00:00,8.92,9.11,8.92,8.92,2892350
2020-03-10 07:00:00,8.46,8.96,8.46,8.8,1744030
2020-03-11 07:00:00,8.92,8.96,8.26,8.38,1725700
2020-03-12 07:00:00,7.95,8.07,7.8,7.8,2922340
2020-03-13 07:00:00,7.25,8.03,7.25,7.83,2171430
2020-03-16 07:00:00,8.07,8.38,7.99,8.38,1452840
2020-03-17 07:00:00,8.53,8.84,8.38,8.65,1651470
2020-03-18 07:00:00,8.77,8.8,8.49,8.53,1366460
2020-03-19 07:00:00,8.38,8.38,8.07,8.18,965070
2020-03-20 07:00:00,8.22,8.34,8.15,8.22,803610
2020-03-23 07:00:00,7.8,8.15,7.65,7.65,3325580
2020-03-24 07:00:00,7.76,7.95,7.65,7.83,2012300
2020-03-25 07:00:00,7.99,8.26,7.99,8.22,1874300
2020-03-26 07:00:00,8.26,8.3,7.99,8.03,1875580
2020-03-27 07:00:00,8.07,8.11,7.83,7.91,2079270
2020-03-30 07:00:00,7.6,7.73,7.45,7.52,1032500
2020-03-31 07:00:00,7.72,7.87,7.14,7.28,1836790
2020-04-01 07:00:00,7.37,7.75,7.29,7.75,923390
2020-04-03 07:00:00,7.76,8.03,7.61,7.99,2303190
2020-04-06 07:00:00,8.18,8.46,8.15,8.38,2073740
2020-04-07 07:00:00,8.49,8.53,8.11,8.26,1513250
2020-04-08 07:00:00,8.03,8.34,7.95,8.34,1362170
2020-04-09 07:00:00,8.46,8.73,8.34,8.46,2196120
2020-04-10 07:00:00,8.49,8.49,8.15,8.26,1045380
2020-04-13 07:00:00,8.18,8.49,8.18,8.26,1626670
2020-04-14 07:00:00,8.3,8.42,8.18,8.38,1358420
2020-04-15 07:00:00,8.49,8.96,8.46,8.96,4217640
2020-04-16 07:00:00,9.11,9.39,9.0,9.23,3776650
2020-04-17 07:00:00,9.31,9.46,9.15,9.19,1757170
2020-04-20 07:00:00,9.19,9.58,8.96,9.46,3293370
2020-04-21 07:00:00,9.31,9.43,8.84,8.88,3644030
2020-04-22 07:00:00,8.77,9.27,8.69,9.27,2463540
2020-04-23 07:00:00,9.35,9.66,9.27,9.66,3677570
2020-04-24 07:00:00,9.74,10.01,9.54,9.93,4389580
2020-04-27 07:00:00,10.08,10.2,9.81,9.85,2548000
2020-04-28 07:00:00,9.74,9.85,9.62,9.66,2371800
2020-04-29 07:00:00,9.58,9.93,9.54,9.58,3141090
2020-05-04 07:00:00,9.27,9.31,9.0,9.04,2753670
2020-05-05 07:00:00,9.08,9.46,9.04,9.39,1632300
2020-05-06 07:00:00,9.39,9.5,9.23,9.27,1736870
2020-05-07 07:00:00,9.31,9.46,9.31,9.43,1705560
2020-05-08 07:00:00,9.46,9.62,9.35,9.35,3145840
2020-05-11 07:00:00,9.5,9.58,9.35,9.5,1977280
2020-05-12 07:00:00,9.46,9.89,9.35,9.85,3146680
2020-05-13 07:00:00,9.81,9.89,9.58,9.74,1867670
2020-05-14 07:00:00,9.66,9.77,9.58,9.66,1460390
2020-05-15 07:00:00,9.7,9.77,9.46,9.54,1880670
2020-05-18 07:00:00,9.54,9.66,9.46,9.58,1419020
2020-05-19 07:00:00,9.7,9.77,9.5,9.54,2221530
2020-05-20 07:00:00,9.54,9.77,9.54,9.74,3120320
2020-05-21 07:00:00,9.81,9.89,9.66,9.74,1919710
2020-05-22 07:00:00,9.77,9.81,9.58,9.58,1696870
2020-05-25 07:00:00,9.62,9.81,9.5,9.7,2037710
2020-05-26 07:00:00,9.77,10.16,9.7,10.08,5085990
2020-05-27 07:00:00,10.2,10.2,9.7,9.7,2998250
2020-05-28 07:00:00,9.77,9.89,9.7,9.74,1519540
2020-05-29 07:00:00,9.7,9.77,9.62,9.66,2407030
2020-06-01 07:00:00,9.7,9.85,9.66,9.81,1618820
2020-06-02 07:00:00,9.85,9.85,9.7,9.74,1455970
2020-06-03 07:00:00,9.74,9.81,9.7,9.77,1418300
2020-06-04 07:00:00,9.81,10.43,9.81,10.43,7039960
2020-06-05 07:00:00,10.51,10.9,10.47,10.67,4608890
2020-06-08 07:00:00,10.74,10.94,10.67,10.74,3248270
2020-06-09 07:00:00,10.71,10.71,10.39,10.47,3798630
2020-06-10 07:00:00,10.39,10.78,10.24,10.67,3071070
2020-06-11 07:00:00,10.71,10.9,10.01,10.01,4048620
2020-06-12 07:00:00,9.66,10.01,9.66,9.89,2608600
2020-06-15 07:00:00,9.93,9.97,9.43,9.43,3018140
2020-06-16 07:00:00,9.62,9.81,9.62,9.77,1519730
2020-06-17 07:00:00,9.93,9.97,9.74,9.85,1101480
2020-06-18 07:00:00,9.81,9.93,9.7,9.85,852230
2020-06-19 07:00:00,9.89,10.01,9.85,10.01,1298560
2020-06-22 07:00:00,10.12,10.32,10.01,10.12,2209930
2020-06-23 07:00:00,10.16,10.36,10.12,10.24,2428360
2020-06-24 07:00:00,10.24,10.47,10.08,10.12,2572040
2020-06-25 07:00:00,10.01,10.2,9.93,10.16,1086880
2020-06-26 07:00:00,10.2,10.24,9.89,9.93,1171690
2020-06-29 07:00:00,9.77,9.81,9.5,9.58,1771380
2020-06-30 07:00:00,9.62,9.74,9.08,9.35,2436940
2020-07-01 07:00:00,9.35,9.58,9.31,9.58,1249340
2020-07-02 07:00:00,9.62,9.66,9.31,9.46,1436250
2020-07-03 07:00:00,9.46,9.54,9.43,9.5,1454720
2020-07-06 07:00:00,9.54,9.7,9.46,9.62,1149980
2020-07-07 07:00:00,9.66,9.74,9.54,9.58,1361400
2020-07-08 07:00:00,9.58,9.66,9.5,9.58,813040
2020-07-09 07:00:00,9.62,9.89,9.58,9.89,1710610
2020-07-10 07:00:00,9.85,9.89,9.66,9.7,1093960
2020-07-13 07:00:00,9.74,9.85,9.58,9.66,1121260
2020-07-14 07:00:00,9.66,9.7,9.58,9.66,851460
2020-07-15 07:00:00,9.7,9.77,9.62,9.62,867550
2020-07-16 07:00:00,9.66,9.74,9.58,9.66,1246560
2020-07-17 07:00:00,9.74,10.16,9.74,9.97,4674160
2020-07-20 07:00:00,10.01,10.08,9.89,9.93,1539760
2020-07-21 07:00:00,9.93,10.01,9.77,9.89,1040990
2020-07-22 07:00:00,9.93,9.97,9.66,9.66,1919340
2020-07-23 07:00:00,9.66,9.7,9.54,9.7,1399370
2020-07-24 07:00:00,9.7,9.7,9.08,9.19,2641730
2020-07-27 07:00:00,8.69,9.04,8.57,8.57,2328090
2020-07-28 07:00:00,8.61,9.0,8.61,8.92,1815430
2020-07-29 07:00:00,8.84,8.84,8.3,8.53,2513910
2020-07-30 07:00:00,8.61,8.73,8.53,8.61,616580
2020-07-31 07:00:00,8.46,8.61,8.38,8.46,666470
2020-08-03 07:00:00,8.46,8.77,8.42,8.69,1177840
2020-08-04 07:00:00,8.84,8.88,8.77,8.84,1060060
2020-08-05 07:00:00,8.84,9.0,8.77,8.96,1541050
2020-08-06 07:00:00,8.92,9.0,8.84,8.92,997440
2020-08-07 07:00:00,8.92,8.96,8.8,8.84,704210
2020-08-10 07:00:00,8.92,9.08,8.88,8.96,1367450
2020-08-11 07:00:00,8.92,9.0,8.88,8.92,696150
2020-08-12 07:00:00,8.96,9.43,8.88,9.31,5054470
2020-08-13 07:00:00,9.31,9.39,9.15,9.27,2787730
2020-08-14 07:00:00,9.35,9.74,9.27,9.5,7045590
2020-08-17 07:00:00,9.46,9.62,9.31,9.62,4590480
2020-08-18 07:00:00,9.62,9.7,9.46,9.54,2842190
2020-08-19 07:00:00,9.54,9.62,9.43,9.46,3558040
2020-08-20 07:00:00,9.5,9.62,9.27,9.39,4304670
2020-08-21 07:00:00,9.35,9.54,9.27,9.5,4035500
2020-08-24 07:00:00,9.58,9.77,9.54,9.62,4768630
2020-08-25 07:00:00,9.66,9.7,9.46,9.5,3154850
2020-08-26 07:00:00,9.5,9.58,9.43,9.54,3579740
2020-08-27 07:00:00,9.54,9.85,9.5,9.85,5889520
2020-08-28 07:00:00,9.85,9.85,9.74,9.74,2751270
2020-08-31 07:00:00,9.85,9.93,9.7,9.74,3367930
2020-09-01 07:00:00,9.7,9.74,9.62,9.7,2099250
2020-09-03 07:00:00,9.77,9.81,9.66,9.7,1674950
2020-09-04 07:00:00,9.58,9.74,9.5,9.74,2242710
2020-09-07 07:00:00,9.77,9.97,9.74,9.77,3282230
2020-09-08 07:00:00,9.77,9.93,9.77,9.81,2005920
2020-09-09 07:00:00,9.74,9.89,9.7,9.85,1753820
2020-09-10 07:00:00,9.89,9.93,9.77,9.77,1593510
2020-09-11 07:00:00,9.77,9.85,9.7,9.74,2883650
2020-09-14 07:00:00,9.86,10.02,9.86,9.98,2669820
2020-09-15 07:00:00,9.98,10.02,9.9,9.9,1812360
2020-09-16 07:00:00,9.9,9.94,9.78,9.86,2593590
2020-09-17 07:00:00,9.86,10.14,9.82,9.94,2925350
2020-09-18 07:00:00,9.94,9.98,9.9,9.9,1345380
2020-09-21 07:00:00,9.9,10.02,9.82,9.82,2913310
2020-09-22 07:00:00,9.78,9.9,9.74,9.82,1679710
2020-09-23 07:00:00,9.82,10.06,9.82,10.02,3540530
2020-09-24 07:00:00,9.98,10.18,9.94,10.02,3519520
2020-09-25 07:00:00,10.02,10.1,9.9,9.9,1256720
2020-09-28 07:00:00,9.94,9.98,9.86,9.94,1711360
2020-09-29 07:00:00,9.98,9.98,9.78,9.78,3391200
2020-09-30 07:00:00,9.78,9.86,9.74,9.82,1213000
2020-10-01 07:00:00,9.94,9.94,9.86,9.9,1474770
2020-10-02 07:00:00,9.9,9.98,9.65,9.82,2669380
2020-10-05 07:00:00,9.9,10.22,9.82,10.06,4522700
2020-10-06 07:00:00,10.14,10.3,10.06,10.14,3310270
2020-10-07 07:00:00,10.1,10.14,9.98,9.98,1682820
2020-10-08 07:00:00,10.02,10.02,9.82,9.86,2373770
2020-10-09 07:00:00,9.86,10.06,9.86,9.9,1400860
2020-10-12 07:00:00,9.98,9.98,9.82,9.82,1396750
2020-10-13 07:00:00,9.86,9.9,9.78,9.82,1050400
2020-10-14 07:00:00,9.86,9.94,9.82,9.9,1260590
2020-10-15 07:00:00,9.9,9.94,9.86,9.86,1251820
2020-10-16 07:00:00,9.86,9.98,9.78,9.94,1698380
2020-10-19 07:00:00,10.19,10.19,10.06,10.11,1699360
2020-10-20 07:00:00,10.02,10.11,10.02,10.06,1186420
2020-10-21 07:00:00,10.06,10.11,9.94,9.94,1351110
2020-10-22 07:00:00,9.94,9.98,9.85,9.94,1063660
2020-10-23 07:00:00,9.98,9.98,9.85,9.9,973590
2020-10-26 07:00:00,9.94,9.98,9.81,9.81,1049870
2020-10-27 07:00:00,9.77,9.85,9.56,9.56,2122310
2020-10-28 07:00:00,9.51,9.56,9.17,9.17,1801280
2020-10-29 07:00:00,9.34,9.39,9.17,9.22,1207870
2020-10-30 07:00:00,9.34,9.34,9.17,9.26,1028570
2020-11-02 07:00:00,9.3,9.34,9.22,9.34,634490
2020-11-03 07:00:00,9.39,9.39,9.3,9.34,556250
2020-11-04 07:00:00,9.39,9.6,9.34,9.51,996980
2020-11-05 07:00:00,9.34,9.51,9.34,9.34,692060
2020-11-06 07:00:00,9.34,9.43,9.3,9.34,432840
2020-11-09 07:00:00,9.43,9.68,9.39,9.56,1577050
2020-11-10 07:00:00,9.68,9.73,9.51,9.51,933460
2020-11-11 07:00:00,9.56,9.68,9.51,9.6,823420
2020-11-12 07:00:00,9.56,9.64,9.56,9.6,721650
2020-11-13 07:00:00,9.6,9.6,9.51,9.56,771520
2020-11-16 07:00:00,9.6,9.68,9.51,9.51,944880
2020-11-17 07:00:00,9.6,9.77,9.51,9.73,1212580
2020-11-18 07:00:00,9.77,9.77,9.68,9.77,1095490
2020-11-19 07:00:00,9.81,10.45,9.81,10.45,6421330
2020-11-20 07:00:00,10.87,10.87,10.45,10.45,4063080
2020-11-23 07:00:00,10.45,10.57,10.32,10.45,1749730
2020-11-24 07:00:00,10.4,10.45,10.15,10.28,3395440
2020-11-25 07:00:00,10.36,10.45,10.23,10.23,1843450
2020-11-26 07:00:00,10.19,10.53,10.15,10.36,2486170
2020-11-27 07:00:00,10.36,10.45,10.28,10.4,1975170
2020-11-30 07:00:00,10.4,10.96,10.36,10.79,6342150
2020-12-01 07:00:00,10.53,10.79,10.45,10.7,2949630
2020-12-02 07:00:00,10.79,11.21,10.66,10.96,4030090
2020-12-03 07:00:00,10.87,11.0,10.83,10.96,1883390
2020-12-04 07:00:00,11.0,11.21,10.87,10.87,3316140
2020-12-07 07:00:00,10.96,11.17,10.91,11.0,2537880
2020-12-08 07:00:00,11.0,11.04,10.7,10.96,2433940
2020-12-09 07:00:00,10.96,11.38,10.96,11.25,4639140
2020-12-10 07:00:00,11.25,11.3,10.91,10.91,2623550
2020-12-11 07:00:00,10.91,11.04,10.74,11.0,1892560
2020-12-14 07:00:00,11.04,11.25,11.0,11.08,3149440
2020-12-15 07:00:00,11.04,11.42,11.0,11.3,3621140
2020-12-16 07:00:00,11.34,11.59,11.34,11.34,2207590
2020-12-17 07:00:00,11.3,11.38,11.13,11.21,3706540
2020-12-18 07:00:00,11.21,11.34,11.17,11.34,2515360
2020-12-21 07:00:00,11.34,12.1,11.34,12.1,7465300
2020-12-22 07:00:00,12.1,12.44,11.89,12.27,4665730
2020-12-23 07:00:00,12.32,12.36,11.89,11.98,2965310
2020-12-24 07:00:00,11.98,12.02,11.17,11.47,4753440
2020-12-25 07:00:00,11.55,12.02,11.47,11.89,3203980
2020-12-28 07:00:00,12.06,12.23,11.76,11.98,3385650
2020-12-29 07:00:00,11.89,12.1,11.81,11.89,3781120
2020-12-30 07:00:00,11.89,12.49,11.89,12.27,4789590
2020-12-31 07:00:00,12.32,12.4,12.23,12.23,2148310
2021-01-04 07:00:00,12.32,12.57,12.32,12.36,4501400
2021-01-05 07:00:00,12.23,12.44,12.23,12.32,2545400
2021-01-06 07:00:00,12.44,12.53,12.32,12.36,4532300
2021-01-07 07:00:00,12.4,12.91,12.23,12.91,6172300
2021-01-08 07:00:00,12.91,13.17,12.66,12.87,4207200
2021-01-11 07:00:00,13.04,13.5,13.04,13.42,4851900
2021-01-12 07:00:00,13.42,13.42,13.08,13.17,3892400
2021-01-13 07:00:00,13.21,13.33,12.95,13.08,4665900
2021-01-14 07:00:00,13.08,13.46,12.95,13.12,4581700
2021-01-15 07:00:00,13.42,13.46,13.21,13.25,3470400
2021-01-18 07:00:00,13.38,13.38,13.08,13.12,2907200
2021-01-19 07:00:00,13.08,13.08,12.23,12.23,4855800
2021-01-20 07:00:00,12.23,12.4,11.51,12.1,2545300
2021-01-21 07:00:00,12.32,12.53,12.1,12.49,2169600
2021-01-22 07:00:00,12.53,12.57,12.23,12.27,1960000
2021-01-25 07:00:00,12.32,12.66,12.19,12.49,3162000
2021-01-26 07:00:00,12.49,12.53,11.98,12.23,2339300
2021-01-27 07:00:00,12.15,12.44,11.68,11.81,3071000
2021-01-28 07:00:00,11.13,11.47,11.0,11.0,4180300
2021-01-29 07:00:00,10.36,11.34,10.36,11.13,2378300
2021-02-01 07:00:00,10.36,11.04,10.36,10.36,5414300
2021-02-02 07:00:00,10.28,10.79,10.02,10.62,2105100
2021-02-03 07:00:00,10.87,11.34,10.66,11.3,2277600
2021-02-04 07:00:00,11.21,11.51,11.04,11.3,1727800
2021-02-05 07:00:00,11.3,11.34,11.13,11.25,1734500
2021-02-08 07:00:00,11.3,11.34,10.7,10.91,1913400
2021-02-09 07:00:00,10.96,11.21,10.83,11.04,1730600
2021-02-17 07:00:00,11.04,11.64,11.0,11.59,3076600
2021-02-18 07:00:00,11.68,12.19,11.55,12.02,3230400
2021-02-19 07:00:00,11.89,12.44,11.85,12.15,2744200
2021-02-22 07:00:00,12.23,12.53,12.06,12.23,3688300
2021-02-23 07:00:00,12.19,12.23,12.02,12.1,3119000
2021-02-24 07:00:00,12.15,12.27,11.64,11.89,3042200
2021-02-25 07:00:00,11.89,12.23,11.76,12.15,2435400
2021-02-26 07:00:00,11.89,12.19,11.81,12.15,1618800
2021-03-01 07:00:00,12.32,12.61,12.15,12.61,4142000
2021-03-02 07:00:00,12.74,12.78,12.36,12.57,2266500
2021-03-03 07:00:00,12.57,12.66,12.4,12.57,2083100
2021-03-04 07:00:00,12.61,12.66,12.02,12.15,2662200
2021-03-05 07:00:00,12.1,12.44,11.93,12.4,2998400
2021-03-08 07:00:00,12.61,12.61,12.4,12.49,2432500
2021-03-09 07:00:00,12.36,12.53,12.32,12.49,1715900
2021-03-10 07:00:00,12.53,13.33,12.44,13.33,10008900
2021-03-11 07:00:00,14.18,14.18,13.67,13.76,5383600
2021-03-12 07:00:00,13.72,13.84,13.59,13.72,2779700
2021-03-15 07:00:00,13.67,14.52,13.5,14.23,7205100
2021-03-16 07:00:00,14.23,14.78,14.01,14.44,4574600
2021-03-17 07:00:00,14.44,14.48,14.1,14.1,3564400
2021-03-18 07:00:00,14.23,14.52,13.97,14.18,4294500
2021-03-19 07:00:00,14.18,14.44,14.06,14.18,2546400
2021-03-22 07:00:00,14.18,14.31,14.01,14.18,2836500
2021-03-23 07:00:00,14.18,14.23,13.67,13.89,3335400
2021-03-24 07:00:00,13.5,13.8,13.21,13.33,3844300
2021-03-25 07:00:00,13.33,13.5,13.12,13.5,2824100
2021-03-26 07:00:00,13.46,13.59,12.66,13.55,3849300
2021-03-29 07:00:00,13.59,13.93,13.46,13.8,4219700
2021-03-30 07:00:00,13.84,14.18,13.76,13.97,3733700
2021-03-31 07:00:00,13.93,14.18,13.84,14.1,2755000
2021-04-01 07:00:00,14.01,14.18,13.97,14.14,2744300
2021-04-02 07:00:00,14.23,14.35,13.97,14.14,3652000
2021-04-05 07:00:00,14.18,14.27,13.93,14.06,2805900
2021-04-06 07:00:00,13.97,14.06,13.76,13.93,2265400
2021-04-07 07:00:00,13.76,14.01,13.63,14.01,2505300
2021-04-08 07:00:00,14.06,14.35,14.06,14.27,5698900
2021-04-09 07:00:00,14.35,15.03,14.35,14.86,7489300
2021-04-12 07:00:00,14.95,15.2,14.74,14.86,3123700
2021-04-13 07:00:00,14.86,14.95,14.27,14.44,5387000
2021-04-14 07:00:00,14.18,15.25,14.1,15.16,9230800
2021-04-15 07:00:00,15.25,15.46,14.91,15.2,6317100
2021-04-16 07:00:00,14.86,15.29,14.35,15.16,4901000
2021-04-19 07:00:00,15.29,15.29,14.69,15.08,6182100
2021-04-20 07:00:00,15.08,15.25,14.44,14.86,5270500
2021-04-22 07:00:00,14.52,14.69,13.84,13.84,4606100
2021-04-23 07:00:00,13.93,14.23,13.25,14.23,6124300
2021-04-26 07:00:00,14.23,14.27,13.46,13.59,2858500
2021-04-27 07:00:00,13.42,14.52,13.42,14.18,8657700
2021-04-28 07:00:00,14.18,14.69,14.1,14.18,5392100
2021-04-29 07:00:00,14.18,14.4,13.93,13.97,2520300
2021-05-04 07:00:00,13.42,13.76,13.42,13.59,3700900
2021-05-05 07:00:00,13.63,14.14,13.55,13.84,5775000
2021-05-06 07:00:00,13.89,13.93,13.46,13.46,4071900
2021-05-07 07:00:00,13.38,13.55,13.0,13.04,4942500
2021-05-10 07:00:00,12.74,13.42,12.7,13.33,6036100
2021-05-11 07:00:00,13.33,13.5,13.21,13.33,3403800
2021-05-12 07:00:00,13.25,13.55,13.17,13.42,3960500
2021-05-13 07:00:00,13.5,13.59,13.17,13.17,4031900
2021-05-14 07:00:00,13.21,13.5,13.17,13.21,4288600
2021-05-17 07:00:00,13.33,13.42,13.0,13.0,3141200
2021-05-18 07:00:00,13.08,13.21,12.78,12.87,2345200
2021-05-19 07:00:00,12.83,13.12,12.74,12.83,3589700
2021-05-20 07:00:00,12.87,13.0,12.53,12.61,2730500
2021-05-21 07:00:00,12.61,13.17,12.49,13.0,4783500
2021-05-24 07:00:00,13.08,13.46,13.08,13.25,6637300
2021-05-25 07:00:00,13.42,13.63,13.29,13.38,3640500
2021-05-26 07:00:00,13.25,13.46,13.04,13.17,3320600
2021-05-27 07:00:00,13.08,13.25,12.74,12.87,3740400
2021-05-28 07:00:00,12.91,13.12,12.83,13.04,4608500
2021-05-31 07:00:00,13.0,13.08,12.78,12.95,2402100
2021-06-01 07:00:00,13.12,13.21,12.87,12.87,2266400
2021-06-02 07:00:00,12.83,12.95,12.74,12.91,2392000
2021-06-03 07:00:00,13.04,13.8,13.04,13.8,9756000
2021-06-04 07:00:00,14.01,14.18,13.72,13.84,5496500
2021-06-07 07:00:00,13.97,14.06,13.42,13.59,2465700
2021-06-08 07:00:00,13.5,13.72,13.08,13.12,5139900
2021-06-09 07:00:00,13.12,13.29,12.83,13.17,4965400
2021-06-10 07:00:00,13.17,13.42,13.04,13.33,3797400
2021-06-11 07:00:00,13.42,13.84,13.42,13.67,4647900
2021-06-14 07:00:00,13.76,13.93,13.5,13.72,4586000
2021-06-15 07:00:00,13.5,14.65,13.46,14.65,20250800
2021-06-16 07:00:00,15.12,15.42,14.65,15.2,15032000
2021-06-17 07:00:00,15.16,16.27,15.12,16.27,24665400
2021-06-18 07:00:00,16.14,17.16,15.71,16.52,20342000
2021-06-21 07:00:00,16.52,16.99,15.88,16.9,18287300
2021-06-22 07:00:00,17.03,17.16,16.22,16.56,21219400
2021-06-23 07:00:00,16.52,16.86,16.1,16.14,18722100
2021-06-24 07:00:00,16.27,16.56,15.97,16.18,17237200
2021-06-25 07:00:00,16.22,16.39,15.54,15.71,17157600
2021-06-28 07:00:00,15.8,16.77,15.42,16.77,20292000
2021-06-29 07:00:00,16.94,17.84,16.86,17.41,21458900
2021-06-30 07:00:00,17.07,17.16,16.56,16.56,13771700
2021-07-01 07:00:00,16.56,16.69,16.05,16.52,10794000
2021-07-02 07:00:00,16.39,16.39,15.76,15.84,17217000
2021-07-05 07:00:00,15.8,16.14,15.33,15.76,7067000
2021-07-06 07:00:00,15.76,16.22,14.69,14.69,5513600
2021-07-07 07:00:00,14.52,14.86,14.06,14.69,8404400
2021-07-08 07:00:00,14.78,14.82,14.1,14.18,6239800
2021-07-09 07:00:00,13.84,14.35,13.67,13.67,7290600
2021-07-12 07:00:00,13.5,13.5,12.74,13.08,11423200
2021-07-13 07:00:00,13.25,13.5,13.0,13.5,3904300
2021-07-14 07:00:00,13.5,13.5,12.91,13.21,3234800
2021-07-15 07:00:00,12.91,13.72,12.91,13.55,4526400
2021-07-16 07:00:00,13.63,13.63,13.33,13.38,3757400
2021-07-19 07:00:00,12.87,13.12,12.53,12.57,6257700
2021-07-20 07:00:00,12.57,13.12,12.44,13.12,4679900
2021-07-21 07:00:00,13.12,13.42,13.08,13.12,4420900
2021-07-22 07:00:00,13.17,13.55,13.04,13.55,5711900
2021-07-23 07:00:00,13.25,13.59,13.17,13.21,5311200
2021-07-26 07:00:00,13.0,13.29,12.91,13.12,2390900
2021-07-27 07:00:00,13.25,13.76,13.25,13.59,9434500
2021-07-28 07:00:00,13.59,14.01,13.46,13.84,5672200
2021-07-29 07:00:00,13.89,14.01,13.63,13.72,3761500
2021-07-30 07:00:00,13.8,13.84,13.63,13.72,3698100
2021-08-02 07:00:00,13.72,14.18,13.67,13.8,7573000
2021-08-03 07:00:00,13.84,13.93,13.63,13.8,5279000
2021-08-04 07:00:00,13.84,13.93,13.72,13.76,4854100
2021-08-05 07:00:00,13.72,14.06,13.67,13.97,5101200
2021-08-06 07:00:00,14.01,14.82,13.97,14.48,13579700
2021-08-09 07:00:00,14.48,14.86,14.44,14.65,6421100
2021-08-10 07:00:00,14.86,14.95,14.57,14.74,6427400
2021-08-11 07:00:00,14.78,15.03,14.35,14.44,9216300
2021-08-12 07:00:00,14.44,14.95,14.27,14.65,6672400
2021-08-13 07:00:00,14.65,14.82,14.35,14.74,5414500
2021-08-16 07:00:00,14.91,15.5,14.86,15.29,11298700
2021-08-17 07:00:00,15.29,15.37,14.95,15.03,5942300
2021-08-18 07:00:00,15.08,15.16,14.91,14.99,4536300
2021-08-19 07:00:00,15.16,15.59,14.95,15.5,9916600
2021-08-20 07:00:00,15.63,15.67,14.44,14.78,13527400
2021-08-23 07:00:00,14.78,14.78,14.14,14.27,7679200
2021-08-24 07:00:00,14.23,14.44,14.06,14.27,5542600
2021-08-25 07:00:00,14.27,14.52,14.06,14.52,3931900
2021-08-26 07:00:00,14.61,14.69,14.35,14.57,3933700
2021-08-27 07:00:00,14.52,15.16,14.23,15.16,9418600
2021-08-30 07:00:00,15.33,15.37,15.03,15.03,7540200
2021-08-31 07:00:00,15.03,15.46,14.86,15.08,10536500
2021-09-01 07:00:00,15.36,15.75,15.36,15.56,10066400
2021-09-06 07:00:00,15.84,16.23,15.8,15.99,9503800
2021-09-07 07:00:00,15.94,15.99,15.36,15.36,9332100
2021-09-08 07:00:00,15.36,15.46,15.12,15.27,5395800
2021-09-09 07:00:00,15.32,15.65,15.27,15.51,3252000
2021-09-10 07:00:00,15.51,15.75,15.36,15.65,5578100
2021-09-13 07:00:00,15.8,15.8,15.32,15.41,3564300
2021-09-14 07:00:00,15.41,15.75,15.17,15.17,3737700
2021-09-15 07:00:00,15.17,15.51,14.98,15.46,3612000
2021-09-16 07:00:00,15.51,15.56,15.32,15.36,3054200
2021-09-17 07:00:00,15.36,16.13,15.27,15.89,11029700
2021-09-20 07:00:00,15.94,15.99,15.51,15.56,4587200
2021-09-21 07:00:00,15.36,15.56,15.17,15.41,5319000
2021-09-22 07:00:00,15.46,15.94,15.36,15.84,6425400
2021-09-23 07:00:00,16.04,16.52,15.84,15.94,9738200
2021-09-24 07:00:00,15.94,15.94,15.6,15.65,3364500
2021-09-27 07:00:00,15.6,15.7,14.93,14.93,8969600
2021-09-28 07:00:00,14.98,15.12,14.69,15.12,6738400
2021-09-29 07:00:00,15.08,15.12,14.84,15.08,3324600
2021-09-30 07:00:00,15.08,15.27,15.03,15.08,2616300
2021-10-01 07:00:00,15.08,15.27,14.88,14.93,4389500
2021-10-04 07:00:00,14.93,15.12,14.88,15.08,2980400
2021-10-05 07:00:00,15.17,15.6,15.12,15.36,4878200
2021-10-06 07:00:00,15.6,15.6,15.36,15.46,3996500
2021-10-07 07:00:00,15.41,15.94,15.32,15.89,9589600
2021-10-08 07:00:00,15.84,15.84,15.56,15.56,2910700
2021-10-11 07:00:00,15.56,15.7,15.46,15.56,3755700
2021-10-12 07:00:00,15.46,15.65,15.41,15.6,5740900
2021-10-13 07:00:00,15.6,15.8,15.51,15.6,3570900
2021-10-14 07:00:00,15.65,16.13,15.6,15.89,10532000
2021-10-15 07:00:00,15.94,16.04,15.65,15.7,5276900
2021-10-18 07:00:00,15.7,15.8,15.46,15.51,4792000
2021-10-19 07:00:00,15.51,15.65,15.41,15.46,4283200
2021-10-20 07:00:00,15.46,15.6,15.12,15.36,5431100
2021-10-21 07:00:00,15.36,15.41,15.17,15.27,4488900
2021-10-22 07:00:00,15.32,15.65,15.27,15.51,4055900
2021-10-25 07:00:00,15.56,15.8,15.46,15.51,5513200
2021-10-26 07:00:00,15.56,15.56,15.32,15.56,3588500
2021-10-27 07:00:00,15.8,16.52,15.6,16.42,18813200
2021-10-28 07:00:00,16.56,16.56,16.23,16.23,7035200
2021-10-29 07:00:00,16.28,16.76,16.23,16.52,8258600
2021-11-01 07:00:00,16.52,17.14,16.28,16.85,13662600
2021-11-02 07:00:00,16.71,17.19,16.71,16.8,7492300
2021-11-03 07:00:00,17.0,17.0,15.99,16.04,13100200
2021-11-04 07:00:00,16.04,16.23,15.84,15.94,5645900
2021-11-05 07:00:00,16.04,16.56,15.99,16.32,6214100
2021-11-08 07:00:00,16.61,16.8,16.32,16.56,6970500
2021-11-09 07:00:00,16.61,16.8,16.37,16.42,8201100
2021-11-10 07:00:00,16.52,17.52,16.32,17.43,16572600
2021-11-11 07:00:00,17.48,17.62,17.0,17.28,9821700
2021-11-12 07:00:00,17.28,17.96,17.19,17.57,8413900
2021-11-15 07:00:00,17.57,18.34,17.28,17.67,10735500
2021-11-16 07:00:00,17.48,17.72,17.0,17.09,9594700
2021-11-17 07:00:00,17.14,17.48,17.04,17.19,6020300
2021-11-18 07:00:00,17.28,18.05,17.19,17.86,9068100
2021-11-19 07:00:00,17.81,18.15,16.61,16.8,12341000
2021-11-22 07:00:00,16.85,17.04,15.94,15.94,8562500
2021-11-23 07:00:00,15.94,16.52,15.84,16.42,4224800
2021-11-24 07:00:00,16.61,16.66,16.18,16.32,6844400
2021-11-25 07:00:00,16.32,16.76,16.23,16.42,4322600
2021-11-26 07:00:00,16.52,16.56,16.13,16.23,5054800
2021-11-29 07:00:00,15.75,16.28,15.75,16.13,5164400
2021-11-30 07:00:00,16.42,16.76,16.08,16.18,6030000
2021-12-01 07:00:00,16.18,16.8,16.18,16.71,5479000
2021-12-02 07:00:00,16.71,17.24,16.71,16.85,6386300
2021-12-03 07:00:00,16.85,16.95,16.23,16.23,5144600
2021-12-06 07:00:00,16.23,16.37,15.32,15.6,7035200
2021-12-07 07:00:00,15.75,16.04,15.65,15.89,3526300
2021-12-08 07:00:00,16.08,16.32,15.89,15.94,3454600
2021-12-09 07:00:00,15.89,16.32,15.89,16.13,2235200
2021-12-10 07:00:00,16.13,16.47,16.08,16.32,3543500
2021-12-13 07:00:00,16.61,17.09,16.42,16.95,8393300
2021-12-14 07:00:00,17.04,17.76,16.71,17.62,10845800
2021-12-15 07:00:00,17.67,18.53,17.67,17.76,12036100
2021-12-16 07:00:00,17.67,18.44,17.38,17.96,9366900
2021-12-17 07:00:00,18.0,18.44,17.76,17.86,6935400
2021-12-20 07:00:00,17.76,17.96,17.19,17.38,7088500
2021-12-21 07:00:00,17.28,18.58,16.9,18.58,15444900
2021-12-22 07:00:00,19.21,19.78,18.92,19.21,11386100
2021-12-23 07:00:00,19.21,20.55,18.73,20.55,18312800
2021-12-24 07:00:00,20.65,21.32,20.12,20.5,10541100
2021-12-27 07:00:00,20.5,21.37,20.21,21.03,8671300
2021-12-28 07:00:00,21.13,21.37,20.26,20.45,10859700
2021-12-29 07:00:00,20.45,20.93,20.21,20.69,7501300
2021-12-30 07:00:00,20.84,20.98,20.17,20.17,5194100
2021-12-31 07:00:00,20.17,20.41,19.21,19.4,10379500
2022-01-04 07:00:00,19.3,20.55,19.3,19.88,7354500
2022-01-05 07:00:00,19.97,20.93,19.83,20.12,7187400
2022-01-06 07:00:00,20.07,21.51,19.97,21.51,12375600
2022-01-07 07:00:00,22.04,22.23,21.65,21.89,7009900
2022-01-10 07:00:00,22.09,22.47,20.41,20.41,11396800
2022-01-11 07:00:00,20.45,20.89,19.21,19.21,13383600
2022-01-12 07:00:00,19.01,19.69,17.86,18.82,12757700
2022-01-13 07:00:00,18.82,19.4,17.52,17.52,7501100
2022-01-14 07:00:00,17.14,18.25,17.0,17.62,7069100
2022-01-17 07:00:00,17.72,17.96,16.42,16.42,10039900
2022-01-18 07:00:00,16.23,17.19,16.23,16.9,5835200
2022-01-19 07:00:00,17.09,17.38,16.52,16.9,3173800
2022-01-20 07:00:00,16.95,17.62,16.76,17.33,4607700
2022-01-21 07:00:00,17.28,17.43,17.04,17.04,4433200
2022-01-24 07:00:00,16.85,16.95,15.89,15.89,7863000
2022-01-25 07:00:00,15.75,16.37,15.46,16.32,4383700
2022-01-26 07:00:00,16.42,16.61,15.89,15.89,3096900
2022-01-27 07:00:00,15.89,16.23,15.84,15.94,2972100
2022-01-28 07:00:00,16.13,16.13,15.75,15.84,3178100
2022-02-07 07:00:00,16.32,16.71,16.04,16.66,4002100
2022-02-08 07:00:00,16.76,17.04,16.42,16.71,3086200
2022-02-09 07:00:00,16.8,17.09,16.61,17.04,3788100
2022-02-10 07:00:00,17.19,17.43,17.0,17.09,5336500
2022-02-11 07:00:00,17.19,17.38,16.9,17.19,3413200
2022-02-14 07:00:00,16.8,17.19,16.61,16.66,4556700
2022-02-15 07:00:00,16.71,16.9,16.56,16.71,2987100
2022-02-16 07:00:00,17.04,17.52,16.85,17.28,4148000
2022-02-17 07:00:00,17.28,17.62,17.24,17.33,4481600
2022-02-18 07:00:00,17.19,17.62,17.09,17.38,3703100
2022-02-21 07:00:00,17.43,18.1,17.33,17.91,6603500
2022-02-22 07:00:00,17.57,17.67,17.04,17.33,6484000
2022-02-23 07:00:00,17.33,17.62,17.33,17.43,3252300
2022-02-24 07:00:00,17.38,17.48,16.42,16.85,8530200
2022-02-25 07:00:00,17.14,17.38,17.0,17.09,3916600
2022-02-28 07:00:00,17.19,17.19,16.85,16.95,3552800
2022-03-01 07:00:00,16.9,17.57,16.85,17.28,5617200
2022-03-02 07:00:00,17.33,17.33,16.8,16.95,4857200
2022-03-03 07:00:00,17.09,17.76,16.95,17.76,11340700
2022-03-04 07:00:00,17.86,18.0,17.57,17.67,4733200
2022-03-07 07:00:00,17.38,17.57,17.14,17.33,8825100
2022-03-08 07:00:00,17.14,17.62,17.0,17.0,5894000
2022-03-09 07:00:00,17.09,17.24,16.66,16.85,5467600
2022-03-10 07:00:00,17.14,17.28,17.0,17.0,3608600
2022-03-11 07:00:00,16.9,17.38,16.9,17.09,4695400
2022-03-14 07:00:00,17.04,17.04,16.37,16.52,4716100
2022-03-15 07:00:00,16.56,16.76,16.47,16.66,2728500
2022-03-16 07:00:00,16.8,17.38,16.66,17.0,3356900
2022-03-17 07:00:00,17.28,17.28,16.9,16.95,2485600
2022-03-18 07:00:00,16.95,17.19,16.85,16.9,2588700
2022-03-21 07:00:00,16.95,17.19,16.8,17.09,4225100
2022-03-22 07:00:00,17.19,17.19,17.0,17.09,4361400
2022-03-23 07:00:00,17.09,17.57,17.04,17.38,8173000
2022-03-24 07:00:00,17.38,18.58,17.28,18.58,19729800
2022-03-25 07:00:00,18.73,19.11,18.25,18.34,10262600
2022-03-28 07:00:00,18.05,18.63,17.96,18.25,8408100
2022-03-29 07:00:00,18.25,19.11,18.15,18.63,9976000
2022-03-30 07:00:00,18.44,18.92,17.76,17.86,9806100
2022-03-31 07:00:00,18.0,18.44,17.81,17.96,5252700
2022-04-01 07:00:00,18.05,18.49,17.86,18.34,4983000
2022-04-04 07:00:00,18.63,18.63,18.0,18.0,6676700
2022-04-05 07:00:00,18.0,18.25,17.86,17.96,5017000
2022-04-06 07:00:00,17.81,18.1,17.38,17.62,6529500
2022-04-07 07:00:00,17.48,17.76,16.8,16.8,9718900
2022-04-08 07:00:00,17.0,17.19,16.8,16.8,4876600
2022-04-12 07:00:00,16.85,17.09,15.99,15.99,5456300
2022-04-13 07:00:00,16.04,16.61,16.04,16.61,3694500
2022-04-14 07:00:00,16.8,16.9,16.42,16.52,2398600
2022-04-15 07:00:00,16.52,16.61,16.08,16.23,2998800
2022-04-18 07:00:00,16.13,16.13,15.12,15.22,7605800
2022-04-19 07:00:00,15.51,15.51,14.16,14.16,5076500
2022-04-20 07:00:00,14.21,14.4,13.54,13.73,4639800
2022-04-21 07:00:00,13.25,13.88,12.77,13.16,6516700
2022-04-22 07:00:00,13.35,13.88,12.87,13.25,4316600
2022-04-25 07:00:00,13.4,13.59,12.34,12.34,5592900
2022-04-26 07:00:00,11.86,12.77,11.72,12.77,4855700
2022-04-27 07:00:00,12.48,13.11,12.34,12.96,3281500
2022-04-28 07:00:00,13.11,13.35,12.96,13.01,2725800
2022-04-29 07:00:00,12.96,13.49,12.82,13.49,4682400
2022-05-04 07:00:00,13.54,13.59,13.16,13.25,2457800
2022-05-05 07:00:00,13.44,13.44,12.82,12.87,3222400
2022-05-06 07:00:00,12.58,12.82,12.34,12.34,3714600
2022-05-09 07:00:00,12.1,12.29,11.52,11.52,5787100
2022-05-10 07:00:00,11.0,11.72,10.85,11.72,4334400
2022-05-11 07:00:00,11.72,12.0,11.72,11.91,2619900
2022-05-12 07:00:00,11.76,11.86,11.09,11.09,3658800
2022-05-13 07:00:00,11.09,11.28,10.32,10.32,7024900
2022-05-16 07:00:00,10.71,10.9,10.37,10.37,3760000
2022-05-17 07:00:00,10.56,11.09,10.42,11.09,4081900
2022-05-18 07:00:00,11.43,11.67,11.24,11.33,4201000
2022-05-19 07:00:00,10.95,11.62,10.95,11.33,4539400
2022-05-20 07:00:00,11.52,11.72,11.33,11.62,4043500
2022-05-23 07:00:00,11.81,11.81,11.24,11.43,3208500
2022-05-24 07:00:00,11.43,11.52,10.9,11.52,4355900
2022-05-25 07:00:00,11.62,12.29,11.38,12.1,5726300
2022-05-26 07:00:00,12.24,12.58,12.1,12.24,5287400
2022-05-27 07:00:00,12.2,12.34,12.1,12.15,3347600
2022-05-30 07:00:00,12.2,12.34,12.1,12.24,3600300
2022-05-31 07:00:00,12.2,12.24,11.91,12.1,3555500
2022-06-01 07:00:00,12.15,12.2,11.91,12.0,2610500
2022-06-02 07:00:00,12.05,12.29,11.86,11.96,2983500
2022-06-03 07:00:00,12.0,12.2,11.62,11.96,3603100
2022-06-06 07:00:00,11.96,12.05,11.72,11.76,2444100
2022-06-07 07:00:00,11.62,11.72,11.14,11.57,4347900
2022-06-08 07:00:00,11.67,12.1,11.62,11.96,4068800
2022-06-09 07:00:00,12.0,12.77,11.91,12.77,8268300
2022-06-10 07:00:00,12.58,13.2,12.29,12.29,6651400
2022-06-13 07:00:00,11.86,12.1,11.52,11.52,4660400
2022-06-14 07:00:00,11.38,11.81,11.19,11.72,4470200
2022-06-15 07:00:00,11.72,11.72,10.9,11.38,4750800
2022-06-16 07:00:00,11.72,11.72,11.33,11.33,2700800
2022-06-17 07:00:00,11.04,11.04,10.56,10.56,5945700
2022-06-20 07:00:00,10.56,10.75,9.89,9.89,4103900
2022-06-21 07:00:00,9.79,10.56,9.79,10.56,4008000
2022-06-22 07:00:00,10.85,11.14,10.51,10.9,3845900
2022-06-23 07:00:00,10.95,11.28,10.9,11.24,2172400
2022-06-24 07:00:00,11.43,11.72,11.14,11.33,3613000
2022-06-27 07:00:00,11.38,11.62,11.28,11.43,2674300
2022-06-28 07:00:00,11.43,11.72,11.38,11.52,3355800
2022-06-29 07:00:00,11.43,11.52,11.28,11.38,2665600
2022-06-30 07:00:00,11.43,11.43,10.85,10.85,3077000
2022-07-01 07:00:00,10.75,11.14,10.37,11.0,2621000
2022-07-04 07:00:00,11.09,11.43,10.9,11.0,2090500
2022-07-05 07:00:00,11.04,11.24,10.71,10.8,2245600
2022-07-06 07:00:00,10.61,10.85,10.51,10.51,2740800
2022-07-07 07:00:00,10.56,10.71,10.42,10.66,1895200
2022-07-08 07:00:00,10.85,11.0,10.71,10.85,1968500
2022-07-11 07:00:00,10.85,11.28,10.71,10.9,3089100
2022-07-12 07:00:00,10.9,11.28,10.9,11.28,4308000
2022-07-13 07:00:00,11.33,11.81,11.24,11.62,7086300
2022-07-14 07:00:00,11.52,11.91,11.38,11.67,4256100
2022-07-15 07:00:00,11.67,11.91,11.48,11.48,4135500
2022-07-18 07:00:00,11.72,11.81,11.33,11.52,3795900
2022-07-19 07:00:00,11.48,11.67,11.28,11.28,3961400
2022-07-20 07:00:00,11.48,11.62,11.43,11.43,4128600
2022-07-21 07:00:00,11.48,11.67,11.43,11.57,4076300
2022-07-22 07:00:00,11.67,12.34,11.52,12.0,11841900
2022-07-25 07:00:00,12.05,12.2,11.72,11.72,3375500
2022-07-26 07:00:00,11.76,12.05,11.62,11.62,3097300
2022-07-27 07:00:00,11.52,11.91,11.38,11.91,4733600
2022-07-28 07:00:00,12.05,12.15,11.76,11.76,5069600
2022-07-29 07:00:00,11.91,12.0,11.67,11.76,5021900
2022-08-01 07:00:00,11.81,12.1,11.67,11.96,5988200
2022-08-02 07:00:00,12.0,12.44,11.96,12.15,8762000
2022-08-03 07:00:00,12.05,12.24,12.0,12.24,4854500
2022-08-04 07:00:00,12.29,12.53,12.05,12.05,5976400
2022-08-05 07:00:00,12.0,12.29,11.96,12.05,4688100
2022-08-08 07:00:00,12.1,12.44,12.05,12.29,5798300
2022-08-09 07:00:00,12.39,12.44,12.2,12.24,5145500
2022-08-10 07:00:00,12.2,12.77,12.15,12.48,9028700
2022-08-11 07:00:00,12.58,12.68,11.91,12.0,8565300
2022-08-12 07:00:00,11.96,12.2,11.96,12.15,3311000
2022-08-15 07:00:00,12.2,12.24,12.05,12.05,5069400
2022-08-16 07:00:00,12.0,12.29,12.0,12.15,4751100
2022-08-17 07:00:00,12.15,12.24,11.91,12.0,4704300
2022-08-18 07:00:00,12.0,12.05,11.81,11.81,4118600
2022-08-19 07:00:00,11.81,11.91,11.57,11.62,4785200
2022-08-22 07:00:00,11.62,11.72,11.52,11.62,3392500
2022-08-23 07:00:00,11.52,11.91,11.52,11.91,3118100
2022-08-24 07:00:00,11.96,12.0,11.81,11.86,2254600
2022-08-25 07:00:00,11.91,11.96,11.76,11.86,3506100
2022-08-26 07:00:00,11.86,12.0,11.67,11.72,3958900
2022-08-29 07:00:00,11.48,11.57,11.28,11.43,5422000
2022-08-30 07:00:00,11.62,11.67,11.38,11.43,2783100
2022-08-31 07:00:00,11.38,11.52,11.38,11.48,1851900
2022-09-05 07:00:00,11.48,11.52,11.38,11.38,1393300
2022-09-06 07:00:00,11.43,11.62,11.43,11.43,2587900
2022-09-07 07:00:00,11.43,11.48,10.95,10.95,3922200
2022-09-08 07:00:00,11.09,11.19,10.85,10.9,3082500
2022-09-09 07:00:00,10.95,11.04,10.61,10.85,3006200
2022-09-12 07:00:00,10.95,11.0,10.75,10.75,1562300
2022-09-13 07:00:00,10.75,10.85,10.61,10.75,2183100
2022-09-14 07:00:00,10.61,10.8,10.47,10.8,3682100
2022-09-15 07:00:00,10.95,11.0,10.8,10.8,1427900
2022-09-16 07:00:00,10.8,10.85,10.56,10.56,1858400
2022-09-19 07:00:00,10.56,10.61,10.18,10.18,3307100
2022-09-20 07:00:00,10.32,10.37,10.08,10.37,2160500
2022-09-21 07:00:00,10.27,10.32,10.08,10.27,1936600
2022-09-22 07:00:00,10.13,10.51,10.13,10.47,1859900
2022-09-23 07:00:00,10.51,10.51,10.27,10.27,1284600
2022-09-26 07:00:00,10.13,10.23,9.79,9.94,3576700
2022-09-27 07:00:00,9.99,10.13,9.89,9.89,1682900
2022-09-28 07:00:00,9.89,9.99,9.75,9.89,1702800
2022-09-29 07:00:00,9.99,10.08,9.65,9.65,1709300
2022-09-30 07:00:00,9.6,9.6,9.17,9.5,3574300
2022-10-03 07:00:00,9.5,9.51,8.83,8.83,2490900
2022-10-04 07:00:00,8.89,9.12,8.64,8.64,2802800
2022-10-05 07:00:00,8.88,8.91,8.75,8.87,1598100
2022-10-06 07:00:00,8.91,8.95,8.45,8.45,2083800
2022-10-07 07:00:00,8.4,8.4,7.86,7.87,3530100
2022-10-10 07:00:00,7.68,8.06,7.65,7.94,2412600
2022-10-11 07:00:00,7.95,7.97,7.39,7.39,2704400
2022-10-12 07:00:00,7.3,7.77,7.3,7.73,3728200
2022-10-13 07:00:00,7.74,7.78,7.64,7.73,1713800
2022-10-14 07:00:00,7.87,8.02,7.86,7.95,2650400
2022-10-17 07:00:00,7.87,7.99,7.69,7.84,2168300
2022-10-18 07:00:00,7.99,8.15,7.94,8.0,1871100
2022-10-19 07:00:00,8.01,8.08,7.88,7.97,1390900
2022-10-20 07:00:00,7.97,7.97,7.74,7.83,1655300
2022-10-21 07:00:00,7.83,7.83,7.28,7.28,4380600
2022-10-24 07:00:00,7.31,7.49,6.77,6.77,2917600
2022-10-25 07:00:00,6.78,7.24,6.53,7.06,3955500
2022-10-26 07:00:00,7.2,7.38,6.9,7.08,1422900
2022-10-27 07:00:00,7.15,7.55,7.09,7.49,2828400
2022-10-28 07:00:00,7.63,7.78,7.35,7.46,3055000
2022-10-31 07:00:00,7.47,7.67,7.18,7.39,1578400
2022-11-01 07:00:00,7.49,7.67,7.38,7.45,1924900
2022-11-02 07:00:00,7.47,7.76,7.45,7.58,2391700
2022-11-03 07:00:00,7.45,7.61,7.44,7.5,1349100
2022-11-04 07:00:00,7.48,7.48,7.01,7.05,2962200
2022-11-07 07:00:00,7.04,7.3,6.59,6.6,2609500
2022-11-08 07:00:00,6.58,6.9,6.53,6.72,2337700
2022-11-09 07:00:00,6.83,6.93,6.72,6.82,1326700
2022-11-10 07:00:00,6.77,6.77,6.35,6.35,4191300
2022-11-11 07:00:00,6.45,6.63,6.24,6.24,2960700
2022-11-14 07:00:00,6.09,6.19,5.81,5.87,3983600
2022-11-15 07:00:00,5.52,5.81,5.46,5.46,3087900
2022-11-16 07:00:00,5.09,5.84,5.09,5.84,6022900
2022-11-17 07:00:00,6.13,6.24,5.95,6.15,2982000
2022-11-18 07:00:00,6.24,6.42,5.77,6.34,4848900
2022-11-21 07:00:00,6.39,6.76,6.35,6.72,4592100
2022-11-22 07:00:00,6.76,7.0,6.55,6.68,4797500
2022-11-23 07:00:00,6.7,6.74,6.35,6.39,2582700
2022-11-24 07:00:00,6.4,6.5,6.25,6.41,1888900
2022-11-25 07:00:00,6.58,6.72,6.48,6.72,1919000
2022-11-28 07:00:00,6.9,7.11,6.87,7.11,4557600
2022-11-29 07:00:00,7.2,7.3,6.88,7.11,4923800
2022-11-30 07:00:00,7.1,7.32,6.89,7.25,4198100
2022-12-01 07:00:00,7.3,7.68,7.29,7.3,5716500
2022-12-02 07:00:00,7.3,7.57,7.03,7.57,3906400
2022-12-05 07:00:00,7.78,7.86,7.58,7.67,4410300
2022-12-06 07:00:00,7.66,7.66,7.3,7.3,3774200
2022-12-07 07:00:00,7.2,7.3,6.92,6.92,2592100
2022-12-08 07:00:00,7.1,7.25,7.02,7.07,2126500
2022-12-09 07:00:00,7.08,7.22,7.0,7.12,1564200
2022-12-12 07:00:00,7.29,7.5,7.15,7.29,3874300
2022-12-13 07:00:00,7.37,7.37,7.08,7.2,2128300
2022-12-14 07:00:00,7.33,7.39,7.22,7.27,2083900
2022-12-15 07:00:00,7.3,7.44,7.26,7.42,3461100
2022-12-16 07:00:00,7.38,7.66,7.3,7.5,3532500
2022-12-19 07:00:00,7.51,7.71,7.3,7.35,3566600
2022-12-20 07:00:00,7.39,7.39,6.85,6.89,4726700
2022-12-21 07:00:00,6.94,7.02,6.58,6.84,2568500
2022-12-22 07:00:00,6.88,7.0,6.73,6.91,1149600
2022-12-23 07:00:00,6.9,6.96,6.84,6.87,1143000
2022-12-26 07:00:00,6.91,6.91,6.41,6.41,1757100
2022-12-27 07:00:00,6.43,6.62,6.42,6.61,1606700
2022-12-28 07:00:00,6.65,6.69,6.56,6.65,1152100
2022-12-29 07:00:00,6.63,6.72,6.53,6.59,1265200
2022-12-30 07:00:00,6.62,6.63,6.51,6.56,1032000
2023-01-03 07:00:00,6.54,6.87,6.54,6.87,1543300
2023-01-04 07:00:00,6.87,7.0,6.83,6.83,1301900
2023-01-05 07:00:00,6.87,6.9,6.81,6.89,980300
2023-01-06 07:00:00,6.89,6.99,6.82,6.86,1431100
2023-01-09 07:00:00,6.91,6.96,6.76,6.79,1121000
2023-01-10 07:00:00,6.72,6.89,6.69,6.79,1397400
2023-01-11 07:00:00,6.87,6.96,6.82,6.9,1038300
2023-01-12 07:00:00,6.9,6.96,6.87,6.9,850100
2023-01-13 07:00:00,6.96,6.99,6.84,6.84,1754700
2023-01-16 07:00:00,6.87,6.9,6.82,6.88,1240600
2023-01-17 07:00:00,6.95,7.11,6.89,7.11,2365400
2023-01-18 07:00:00,7.12,7.3,7.11,7.28,2252200
2023-01-19 07:00:00,7.28,7.33,7.17,7.29,2352400
2023-01-27 07:00:00,7.44,7.53,7.37,7.48,3118200
2023-01-30 07:00:00,7.49,8.0,7.49,8.0,8001400
2023-01-31 07:00:00,7.79,7.97,7.78,7.89,6817800
2023-02-01 07:00:00,7.93,8.44,7.86,7.92,10734700
2023-02-02 07:00:00,7.97,8.16,7.89,7.97,5728400
2023-02-03 07:00:00,8.08,8.16,7.74,7.78,4343500
2023-02-06 07:00:00,7.8,7.92,7.77,7.92,3168700
2023-02-07 07:00:00,7.92,8.07,7.78,7.87,3592200
2023-02-08 07:00:00,7.86,7.98,7.78,7.91,3350100
2023-02-09 07:00:00,7.93,8.34,7.88,8.28,5619400
2023-02-10 07:00:00,8.34,8.41,8.05,8.05,4135200
2023-02-13 07:00:00,8.01,8.04,7.49,7.49,6505500
2023-02-14 07:00:00,7.49,7.95,7.49,7.66,1930800
2023-02-15 07:00:00,7.68,7.97,7.68,7.86,2583400
2023-02-16 07:00:00,7.87,8.07,7.87,7.96,1746000
2023-02-17 07:00:00,7.96,8.07,7.93,7.97,2154500
2023-02-20 07:00:00,7.9,8.53,7.9,8.53,9739500
2023-02-21 07:00:00,8.57,8.82,8.45,8.5,4729500
2023-02-22 07:00:00,8.35,8.54,8.25,8.26,4622200
2023-02-23 07:00:00,8.26,8.48,8.16,8.48,3058000
2023-02-24 07:00:00,8.48,8.76,8.36,8.36,2727400
2023-02-27 07:00:00,8.35,8.73,8.31,8.35,3480300
2023-02-28 07:00:00,8.48,8.53,8.32,8.34,1624500
2023-03-01 07:00:00,8.35,8.74,8.34,8.74,4574200
2023-03-02 07:00:00,8.79,8.83,8.65,8.69,1817000
2023-03-03 07:00:00,8.71,8.76,8.29,8.35,3054600
2023-03-06 07:00:00,8.45,8.69,8.33,8.45,2290600
2023-03-07 07:00:00,8.57,8.57,8.41,8.45,2303300
2023-03-08 07:00:00,8.45,8.58,8.4,8.55,1515200
2023-03-09 07:00:00,8.6,8.64,8.54,8.64,1567100
2023-03-10 07:00:00,8.64,8.93,8.62,8.82,4822700
2023-03-13 07:00:00,8.67,8.82,8.66,8.82,1713300
2023-03-14 07:00:00,8.83,8.83,8.35,8.5,3470400
2023-03-15 07:00:00,8.64,8.92,8.6,8.88,5475400
2023-03-16 07:00:00,8.75,8.79,8.6,8.64,2844000
2023-03-17 07:00:00,8.8,8.82,8.63,8.7,1885000
2023-03-20 07:00:00,8.65,8.73,8.44,8.45,2041600
2023-03-21 07:00:00,8.54,8.54,8.33,8.47,2483800
2023-03-22 07:00:00,8.6,8.61,8.45,8.5,868800
2023-03-23 07:00:00,8.38,8.64,8.34,8.58,1786900
2023-03-24 07:00:00,8.52,8.66,8.52,8.64,2129200
2023-03-27 07:00:00,8.63,8.71,8.59,8.69,1554200
2023-03-28 07:00:00,8.82,8.83,8.63,8.68,1718000
2023-03-29 07:00:00,8.72,8.82,8.62,8.68,1124200
2023-03-30 07:00:00,8.75,9.03,8.69,8.92,5655200
2023-03-31 07:00:00,8.94,9.08,8.76,8.92,1789700
2023-04-03 07:00:00,8.93,9.07,8.93,9.0,2728100
2023-04-04 07:00:00,9.03,9.08,8.94,9.03,2497600
2023-04-05 07:00:00,9.07,9.17,8.93,8.98,2228500
2023-04-06 07:00:00,9.0,9.58,9.0,9.2,7392500
2023-04-07 07:00:00,9.21,9.24,9.03,9.07,1926000
2023-04-10 07:00:00,9.22,9.41,8.86,9.07,3198200
2023-04-11 07:00:00,8.98,9.13,8.92,9.12,1264600
2023-04-12 07:00:00,9.11,9.11,8.98,9.0,1569200
2023-04-13 07:00:00,8.99,9.0,8.81,8.83,2149600
2023-04-14 07:00:00,8.85,8.95,8.81,8.83,1837200
2023-04-17 07:00:00,8.84,8.92,8.8,8.91,1048300
2023-04-18 07:00:00,8.91,9.05,8.91,9.05,1910000
2023-04-19 07:00:00,9.05,9.08,8.99,9.0,1988500
2023-04-20 07:00:00,9.01,9.13,9.01,9.07,1802200
2023-04-21 07:00:00,9.07,9.23,8.91,9.18,2814500
2023-04-24 07:00:00,9.21,9.31,9.09,9.2,1755900
2023-04-25 07:00:00,9.19,9.29,9.0,9.11,1835500
2023-04-26 07:00:00,9.05,9.75,9.03,9.75,12638900
2023-04-27 07:00:00,9.89,10.32,9.89,10.23,7479100
2023-04-28 07:00:00,10.32,10.56,9.79,10.08,7844900
2023-05-04 07:00:00,9.99,10.51,9.89,10.32,7136300
2023-05-05 07:00:00,10.37,10.66,10.08,10.32,5047800
2023-05-08 07:00:00,10.27,10.56,9.94,9.94,6264500
2023-05-09 07:00:00,10.03,10.47,9.79,10.47,6269900
2023-05-10 07:00:00,10.56,10.8,10.27,10.47,6857400
2023-05-11 07:00:00,10.51,10.75,10.27,10.56,5424300
2023-05-12 07:00:00,10.56,10.71,10.27,10.32,4723100
2023-05-15 07:00:00,10.47,10.8,10.32,10.56,8642200
2023-05-16 07:00:00,10.51,10.75,10.32,10.42,3233500
2023-05-17 07:00:00,10.42,10.66,10.23,10.61,7432600
2023-05-18 07:00:00,10.66,10.8,10.47,10.75,6231900
2023-05-19 07:00:00,10.8,10.85,10.37,10.56,5036100
2023-05-22 07:00:00,10.51,10.71,10.18,10.42,4595900
2023-05-23 07:00:00,10.37,10.56,10.27,10.37,4420800
2023-05-24 07:00:00,10.56,10.56,10.27,10.32,4836800
2023-05-25 07:00:00,10.32,10.66,10.27,10.51,8435900
2023-05-26 07:00:00,10.56,10.71,10.37,10.47,3994600
2023-05-29 07:00:00,10.56,10.71,10.42,10.61,6219300
2023-05-30 07:00:00,10.66,10.85,10.51,10.56,5553000
2023-05-31 07:00:00,10.61,11.09,10.47,10.95,10211000
2023-06-01 07:00:00,11.0,11.14,10.8,11.09,6609100
2023-06-02 07:00:00,11.14,11.43,10.95,11.24,7994100
2023-06-05 07:00:00,11.38,11.43,11.0,11.0,4830100
2023-06-06 07:00:00,11.0,11.14,10.9,11.09,6292700
2023-06-07 07:00:00,11.19,11.33,10.95,11.24,7129000
2023-06-08 07:00:00,11.24,11.33,11.0,11.0,7264800
2023-06-09 07:00:00,11.04,11.14,10.71,11.0,5323100
2023-06-12 07:00:00,11.0,11.14,10.9,11.09,5029600
2023-06-13 07:00:00,11.09,11.14,10.95,11.04,3989500
2023-06-14 07:00:00,11.09,11.19,10.75,10.75,5498900
2023-06-15 07:00:00,10.75,10.9,10.56,10.75,4417600
2023-06-16 07:00:00,10.8,10.85,10.27,10.32,8235300
2023-06-19 07:00:00,10.32,10.47,10.18,10.42,4762700
2023-06-20 07:00:00,10.42,10.51,10.23,10.51,4853400
2023-06-21 07:00:00,10.51,10.56,10.32,10.51,5968200
2023-06-22 07:00:00,10.51,10.8,10.42,10.8,7798900
2023-06-23 07:00:00,10.8,10.85,10.51,10.71,4099200
2023-06-26 07:00:00,10.66,10.8,10.42,10.56,4489200
2023-06-27 07:00:00,10.51,10.66,10.32,10.56,4897100
2023-06-28 07:00:00,10.56,10.61,10.37,10.56,4930100
2023-06-29 07:00:00,10.61,10.61,10.27,10.27,4313600
2023-06-30 07:00:00,10.27,10.47,10.23,10.37,4180800
2023-07-03 07:00:00,10.51,10.56,10.32,10.42,2136200
2023-07-04 07:00:00,10.47,10.47,10.27,10.42,3455800
2023-07-05 07:00:00,10.47,10.85,10.42,10.75,12594800
2023-07-06 07:00:00,10.8,11.04,10.71,10.95,13626600
2023-07-07 07:00:00,11.0,11.04,10.8,10.9,7130700
2023-07-10 07:00:00,11.0,11.24,10.9,11.04,11250200
2023-07-11 07:00:00,11.09,11.28,10.75,10.9,11635900
2023-07-12 07:00:00,10.85,11.04,10.71,10.8,8041000
2023-07-13 07:00:00,10.9,11.33,10.75,11.28,14978600
2023-07-14 07:00:00,11.38,11.43,11.0,11.14,8569600
2023-07-17 07:00:00,11.19,11.52,11.09,11.38,12311200
2023-07-18 07:00:00,11.38,11.43,11.09,11.24,5133100
2023-07-19 07:00:00,11.28,11.33,10.95,10.95,8663800
2023-07-20 07:00:00,10.9,11.04,10.85,11.0,7043800
2023-07-21 07:00:00,11.04,11.19,10.95,11.04,5639700
2023-07-24 07:00:00,11.19,11.33,11.0,11.33,10037100
2023-07-25 07:00:00,11.43,12.05,11.28,11.96,26643600
2023-07-26 07:00:00,12.0,12.15,11.57,11.76,11502200
2023-07-27 07:00:00,11.81,11.86,11.38,11.62,12921700
2023-07-28 07:00:00,11.62,11.86,11.43,11.86,10262700
2023-07-31 07:00:00,11.91,11.91,11.43,11.67,9438500
2023-08-01 07:00:00,11.67,11.72,11.19,11.19,9786400
2023-08-02 07:00:00,11.24,11.43,11.09,11.38,9587700
2023-08-03 07:00:00,11.38,11.48,11.24,11.28,7078100
2023-08-04 07:00:00,11.38,11.67,11.24,11.52,11771500
2023-08-07 07:00:00,11.62,11.67,11.33,11.48,9131200
2023-08-08 07:00:00,11.48,11.67,11.43,11.62,10577600
2023-08-09 07:00:00,11.57,11.96,11.48,11.67,11670400
2023-08-10 07:00:00,11.76,11.81,11.28,11.43,8310500
2023-08-11 07:00:00,11.43,11.52,11.04,11.28,8439100
2023-08-14 07:00:00,11.33,11.43,11.24,11.33,6992500
2023-08-15 07:00:00,11.38,11.67,11.33,11.52,14055900
2023-08-16 07:00:00,11.52,11.52,11.24,11.33,8233100
2023-08-17 07:00:00,11.33,11.43,11.14,11.28,8591200
2023-08-18 07:00:00,11.24,11.33,10.51,10.51,16346400
2023-08-21 07:00:00,10.42,10.51,9.79,9.94,20917700
2023-08-22 07:00:00,10.03,10.51,9.75,10.27,11098000
2023-08-23 07:00:00,10.32,10.47,9.99,10.13,5636000
2023-08-24 07:00:00,10.18,10.23,9.94,10.18,6147600
2023-08-25 07:00:00,10.13,10.23,9.99,10.13,6367700
2023-08-28 07:00:00,10.18,10.27,9.99,10.18,7647600
2023-08-29 07:00:00,10.27,10.61,10.18,10.42,9125400
2023-08-30 07:00:00,10.47,10.56,10.23,10.27,5731300
2023-08-31 07:00:00,10.27,10.47,10.23,10.37,9394000
2023-09-05 07:00:00,10.47,10.61,10.37,10.51,8246400
2023-09-06 07:00:00,10.56,10.8,10.37,10.66,12192100
2023-09-07 07:00:00,10.75,10.85,10.56,10.61,7741800
2023-09-08 07:00:00,10.61,10.66,10.51,10.51,7122800
2023-09-11 07:00:00,10.61,10.66,10.18,10.18,8364200
2023-09-12 07:00:00,10.18,10.37,10.08,10.27,4625100
2023-09-13 07:00:00,10.32,10.42,10.13,10.13,6401300
2023-09-14 07:00:00,10.18,10.18,9.84,9.84,6330200
2023-09-15 07:00:00,9.99,9.99,9.79,9.89,3703300
2023-09-18 07:00:00,9.89,10.03,9.84,9.94,2557500
2023-09-19 07:00:00,9.99,10.03,9.7,9.75,3785900
2023-09-20 07:00:00,9.75,9.99,9.75,9.94,3037900
2023-09-21 07:00:00,9.99,10.32,9.94,10.08,7094200
2023-09-22 07:00:00,10.08,10.27,9.79,9.89,5785700
2023-09-25 07:00:00,9.89,10.03,9.2,9.2,6126200
2023-09-26 07:00:00,9.23,9.4,8.65,8.74,5349900
2023-09-27 07:00:00,8.73,8.85,8.53,8.83,4611400
2023-09-28 07:00:00,8.92,8.94,8.78,8.92,2214800
2023-09-29 07:00:00,8.94,9.07,8.92,8.97,1962700
2023-10-02 07:00:00,9.03,9.16,8.96,9.11,2126400
2023-10-03 07:00:00,9.03,9.03,8.59,8.64,3541600
2023-10-04 07:00:00,8.55,8.88,8.51,8.74,2021000
2023-10-05 07:00:00,8.85,8.88,8.71,8.72,1656300
2023-10-06 07:00:00,8.78,8.82,8.62,8.74,1714000
2023-10-09 07:00:00,8.77,8.91,8.74,8.85,1812500
2023-10-10 07:00:00,8.93,8.99,8.86,8.88,2241700
2023-10-11 07:00:00,8.93,9.1,8.87,9.07,2737800
2023-10-12 07:00:00,9.15,9.2,8.97,8.98,2579200
2023-10-13 07:00:00,8.86,8.94,8.82,8.9,2131000
2023-10-16 07:00:00,8.84,8.93,8.76,8.76,2067500
2023-10-17 07:00:00,8.79,8.9,8.64,8.64,1819200
2023-10-18 07:00:00,8.65,8.74,8.04,8.11,3412000
2023-10-19 07:00:00,8.26,8.26,8.08,8.1,1979300
2023-10-20 07:00:00,8.11,8.4,8.05,8.39,1785600
2023-10-23 07:00:00,8.38,8.41,8.21,8.27,1018300
2023-10-24 07:00:00,8.26,8.35,8.2,8.34,1267000
2023-10-25 07:00:00,8.4,8.56,8.35,8.4,1886900
2023-10-26 07:00:00,8.21,8.26,7.82,7.82,4795100
2023-10-27 07:00:00,7.97,8.1,7.59,8.02,3146600
2023-10-30 07:00:00,7.92,8.02,7.85,7.91,1293500
2023-10-31 07:00:00,7.97,8.01,7.68,7.68,2630700
2023-11-01 07:00:00,7.73,7.83,7.65,7.78,1866600
2023-11-02 07:00:00,7.88,8.29,7.85,8.26,3156400
2023-11-03 07:00:00,8.29,8.51,8.27,8.35,3372700
2023-11-06 07:00:00,8.41,8.6,8.34,8.55,2780900
2023-11-07 07:00:00,8.53,8.58,8.35,8.37,1921700
2023-11-08 07:00:00,8.37,8.93,8.35,8.92,4512400
2023-11-09 07:00:00,8.93,9.03,8.83,8.84,3983000
2023-11-10 07:00:00,8.76,8.9,8.71,8.74,2979600
2023-11-13 07:00:00,8.84,8.87,8.67,8.76,1848100
2023-11-14 07:00:00,8.83,8.88,8.74,8.82,2024100
2023-11-15 07:00:00,8.96,9.06,8.89,8.93,3567100
2023-11-16 07:00:00,8.93,8.96,8.89,8.92,1462100
2023-11-17 07:00:00,8.94,9.17,8.89,8.94,5366900
2023-11-20 07:00:00,8.79,9.0,8.75,8.98,2236800
2023-11-21 07:00:00,9.07,9.07,8.91,8.93,1794200
2023-11-22 07:00:00,8.93,9.09,8.93,9.03,2172000
2023-11-23 07:00:00,9.07,9.09,8.69,8.69,2701100
2023-11-24 07:00:00,8.75,8.76,8.35,8.71,5016800
2023-11-27 07:00:00,8.88,8.88,8.66,8.67,1208000
2023-11-28 07:00:00,8.67,8.73,8.5,8.68,1887000
2023-11-29 07:00:00,8.7,8.78,8.69,8.73,1302800
2023-11-30 07:00:00,8.75,8.87,8.71,8.71,1947600
2023-12-01 07:00:00,8.79,8.79,8.67,8.71,1388700
2023-12-04 07:00:00,8.81,9.01,8.79,8.87,3368400
2023-12-05 07:00:00,9.0,9.0,8.89,8.97,2545400
2023-12-06 07:00:00,8.99,9.51,8.99,9.41,5637900
2023-12-07 07:00:00,9.49,9.49,9.15,9.31,4177800
2023-12-08 07:00:00,9.32,9.41,9.12,9.2,2541300
2023-12-11 07:00:00,9.24,9.38,9.24,9.29,1423600
2023-12-12 07:00:00,9.4,9.4,9.24,9.27,1315700
2023-12-13 07:00:00,9.31,9.34,9.03,9.09,2381000
2023-12-14 07:00:00,9.2,9.2,8.92,8.95,2903100
2023-12-15 07:00:00,8.96,9.1,8.88,8.97,1761300
2023-12-18 07:00:00,8.88,9.02,8.65,8.65,2270100
2023-12-19 07:00:00,8.7,8.8,8.69,8.78,1578200
2023-12-20 07:00:00,8.83,8.9,8.78,8.88,1029500
2023-12-21 07:00:00,8.82,8.88,8.78,8.87,556100
2023-12-22 07:00:00,8.88,8.98,8.86,8.87,1226100
2023-12-25 07:00:00,8.88,8.98,8.88,8.96,1554200
2023-12-26 07:00:00,8.98,9.02,8.93,8.94,1322600
2023-12-27 07:00:00,8.97,9.11,8.97,9.03,1999000
2023-12-28 07:00:00,9.05,9.16,9.03,9.05,1452800
2023-12-29 07:00:00,9.06,9.17,9.06,9.07,1660900
2024-01-02 07:00:00,9.11,9.16,9.02,9.06,1693400
2024-01-03 07:00:00,9.06,9.36,9.02,9.24,2536300
2024-01-04 07:00:00,9.27,9.34,9.21,9.22,2347000
2024-01-05 07:00:00,9.22,9.29,9.1,9.15,2233000
2024-01-08 07:00:00,9.21,9.34,9.16,9.31,4264900
2024-01-09 07:00:00,9.38,9.43,9.28,9.29,3021100
2024-01-10 07:00:00,9.29,9.41,9.28,9.3,3360200
2024-01-11 07:00:00,9.34,9.49,9.3,9.35,2880100
2024-01-12 07:00:00,9.3,9.34,9.11,9.12,4287800
2024-01-15 07:00:00,9.16,9.25,9.03,9.03,2659500
2024-01-16 07:00:00,9.04,9.12,9.01,9.12,1117000
2024-01-17 07:00:00,9.22,9.23,9.13,9.13,1551500
2024-01-18 07:00:00,9.15,9.19,9.07,9.12,1381500
2024-01-19 07:00:00,9.19,9.19,9.1,9.1,1902700
2024-01-22 07:00:00,9.15,9.24,9.13,9.23,2205400
2024-01-23 07:00:00,9.27,9.28,9.2,9.23,1523500
2024-01-24 07:00:00,9.23,9.27,9.21,9.24,1710100
2024-01-25 07:00:00,9.25,9.84,9.25,9.7,10056800
2024-01-26 07:00:00,9.7,9.79,9.6,9.7,3892800
2024-01-29 07:00:00,9.75,10.03,9.7,9.99,8131400
2024-01-30 07:00:00,9.94,10.08,9.84,9.94,4403700
2024-01-31 07:00:00,9.99,10.03,9.6,9.7,5135200
2024-02-01 07:00:00,9.75,10.37,9.7,10.37,8434900
2024-02-02 07:00:00,10.37,10.42,10.18,10.18,3614600
2024-02-05 07:00:00,10.18,10.51,10.13,10.23,4235500
2024-02-06 07:00:00,10.23,10.42,10.13,10.23,2563200
2024-02-07 07:00:00,10.27,10.37,10.23,10.27,2263000
2024-02-15 07:00:00,10.42,10.66,10.37,10.42,5038100
2024-02-16 07:00:00,10.47,10.56,10.37,10.47,4359800
2024-02-19 07:00:00,10.47,10.51,10.32,10.42,5717300
2024-02-20 07:00:00,10.42,10.51,10.32,10.47,3651800
2024-02-21 07:00:00,10.51,10.95,10.42,10.85,9799900
2024-02-22 07:00:00,10.95,10.95,10.66,10.66,3574700
2024-02-23 07:00:00,10.71,10.8,10.27,10.37,6690300
2024-02-26 07:00:00,10.37,10.85,10.27,10.8,6508300
2024-02-27 07:00:00,10.85,10.85,10.71,10.8,3686600
2024-02-28 07:00:00,10.8,10.95,10.66,10.75,4032300
2024-02-29 07:00:00,10.8,10.85,10.51,10.85,5638700
2024-03-01 07:00:00,10.95,10.95,10.66,10.8,3427700
2024-03-04 07:00:00,10.85,10.9,10.66,10.71,3695800
2024-03-05 07:00:00,10.71,11.04,10.66,10.8,5499900
2024-03-06 07:00:00,10.85,10.85,10.61,10.66,2448600
2024-03-07 07:00:00,10.75,10.75,10.61,10.71,2582700
2024-03-08 07:00:00,10.75,10.75,10.47,10.47,4758300
2024-03-11 07:00:00,10.42,10.56,10.08,10.08,3310800
2024-03-12 07:00:00,10.08,10.37,10.03,10.27,3174200
2024-03-13 07:00:00,10.27,10.47,10.27,10.47,2426900
2024-03-14 07:00:00,10.56,10.56,10.32,10.32,3446800
2024-03-15 07:00:00,10.27,10.42,10.23,10.27,2328300
2024-03-18 07:00:00,10.37,10.47,9.84,10.03,5276800
2024-03-19 07:00:00,10.13,10.32,9.99,10.18,2299700
2024-03-20 07:00:00,10.18,10.27,10.13,10.23,1940000
2024-03-21 07:00:00,10.32,10.71,10.32,10.61,6737200
2024-03-22 07:00:00,10.75,10.75,10.42,10.47,2942400
2024-03-25 07:00:00,10.47,10.61,10.27,10.32,2801000
2024-03-26 07:00:00,10.32,10.61,10.27,10.56,2891800
2024-03-27 07:00:00,10.66,10.71,10.51,10.56,2086700
2024-03-28 07:00:00,10.66,10.66,10.51,10.61,2343400
2024-03-29 07:00:00,10.61,11.0,10.56,10.75,5759900
2024-04-01 07:00:00,10.75,10.85,10.61,10.71,2368700
2024-04-02 07:00:00,10.66,10.75,10.51,10.75,2991100
2024-04-03 07:00:00,10.75,11.14,10.71,10.85,8540900
2024-04-04 07:00:00,10.9,10.95,10.61,10.66,3664400
2024-04-05 07:00:00,10.66,11.04,10.51,10.8,6864600
2024-04-08 07:00:00,10.8,10.85,10.56,10.56,3048300
2024-04-09 07:00:00,10.56,10.61,10.47,10.56,2775600
2024-04-10 07:00:00,10.61,10.75,10.56,10.56,2219700
2024-04-11 07:00:00,10.47,10.51,10.32,10.32,4772500
2024-04-12 07:00:00,10.37,10.47,10.23,10.37,3471800
2024-04-15 07:00:00,10.27,10.32,9.65,9.65,5509000
2024-04-16 07:00:00,9.65,9.79,9.12,9.51,4631200
2024-04-17 07:00:00,9.55,9.79,9.43,9.51,2107900
2024-04-19 07:00:00,9.22,9.4,9.12,9.12,2803000
2024-04-22 07:00:00,9.25,9.33,9.02,9.28,1697400
2024-04-23 07:00:00,9.28,9.29,9.03,9.1,1822100
2024-04-24 07:00:00,9.21,9.44,9.17,9.4,2035800
2024-04-25 07:00:00,9.39,9.41,9.3,9.33,1188500
2024-04-26 07:00:00,9.3,9.47,9.24,9.39,2101800
2024-05-02 07:00:00,9.84,9.84,9.58,9.7,1999600
2024-05-03 07:00:00,9.7,9.84,9.6,9.65,1385100
2024-05-06 07:00:00,9.75,10.08,9.65,10.08,2895200
2024-05-07 07:00:00,10.08,10.42,10.03,10.23,4827100
2024-05-08 07:00:00,10.18,10.32,10.03,10.27,1821900
2024-05-09 07:00:00,10.37,10.42,10.13,10.23,1690500
2024-05-10 07:00:00,10.27,10.66,10.27,10.47,5650900
2024-05-13 07:00:00,10.61,10.95,10.61,10.71,5854700
2024-05-14 07:00:00,10.8,10.8,10.61,10.66,2466900
2024-05-15 07:00:00,10.61,10.85,10.61,10.66,2765500
2024-05-16 07:00:00,10.85,10.85,10.56,10.66,4218100
2024-05-17 07:00:00,10.71,11.14,10.56,11.04,10322000
2024-05-20 07:00:00,11.33,11.33,10.95,11.0,4743600
2024-05-21 07:00:00,11.0,11.28,10.75,11.09,7565800
2024-05-22 07:00:00,11.19,11.24,10.85,10.85,4689800
2024-05-23 07:00:00,10.85,11.04,10.75,11.0,3635000
2024-05-24 07:00:00,10.95,11.28,10.37,10.56,13309100
2024-05-27 07:00:00,10.71,10.8,10.56,10.75,2080400
2024-05-28 07:00:00,10.8,11.33,10.75,11.19,10103100
2024-05-29 07:00:00,11.19,11.96,11.09,11.76,20850500
2024-05-30 07:00:00,11.72,11.86,11.38,11.67,6672600
2024-05-31 07:00:00,11.72,11.86,11.33,11.38,6617100
2024-06-03 07:00:00,11.52,11.62,11.38,11.43,5472300
2024-06-04 07:00:00,11.48,11.86,11.48,11.52,5506400
2024-06-05 07:00:00,11.67,11.67,11.28,11.28,7209300
2024-06-06 07:00:00,11.38,11.67,11.28,11.48,6828000
2024-06-07 07:00:00,11.62,11.62,11.33,11.38,3872700
2024-06-10 07:00:00,11.43,11.48,11.09,11.19,8473100
2024-06-11 07:00:00,11.19,11.24,10.75,10.8,10707700
2024-06-12 07:00:00,10.85,11.09,10.85,11.04,4012500
2024-06-13 07:00:00,11.19,11.19,10.85,10.95,3240300
2024-06-14 07:00:00,10.95,11.0,10.66,10.66,7863700
2024-06-17 07:00:00,10.66,10.75,10.56,10.61,5204500
2024-06-18 07:00:00,10.71,10.9,10.66,10.71,2821100
2024-06-19 07:00:00,10.8,10.8,10.66,10.8,2028400
2024-06-20 07:00:00,10.8,10.9,10.61,10.8,3367200
2024-06-21 07:00:00,10.8,11.19,10.75,11.04,6333300
2024-06-24 07:00:00,11.19,11.19,10.66,10.75,4235500
2024-06-25 07:00:00,10.75,11.09,10.71,11.04,3947100
2024-06-26 07:00:00,11.04,11.48,10.95,11.04,16711200
2024-06-27 07:00:00,11.09,11.28,10.9,10.95,3712600
2024-06-28 07:00:00,11.0,11.04,10.42,10.61,7799000
2024-07-01 07:00:00,10.61,10.8,10.56,10.75,2053100
2024-07-02 07:00:00,10.75,11.04,10.71,10.85,3734100
2024-07-03 07:00:00,10.95,11.09,10.85,11.04,3246700
2024-07-04 07:00:00,11.04,11.14,10.85,10.95,2116600
2024-07-05 07:00:00,10.95,11.43,10.95,11.19,11375600
2024-07-08 07:00:00,11.33,11.38,11.09,11.28,4081400
2024-07-09 07:00:00,11.33,11.62,11.24,11.33,8335000
2024-07-10 07:00:00,11.38,11.43,11.24,11.24,3597000
2024-07-11 07:00:00,11.33,11.62,11.28,11.57,11919900
2024-07-12 07:00:00,11.67,11.86,11.48,11.62,6674600
2024-07-15 07:00:00,11.72,12.1,11.48,11.91,9416100
2024-07-16 07:00:00,12.0,12.1,11.67,11.72,6840800
2024-07-17 07:00:00,11.86,11.86,10.9,11.24,9067900
2024-07-18 07:00:00,11.24,11.57,11.19,11.57,6755000
2024-07-19 07:00:00,11.57,11.57,11.19,11.24,4318100
2024-07-22 07:00:00,11.28,11.33,10.8,11.24,6214100
2024-07-23 07:00:00,11.19,11.52,10.85,10.95,4708100
2024-07-24 07:00:00,10.9,11.24,10.71,11.19,4276000
2024-07-25 07:00:00,11.0,11.14,10.8,11.0,4346200
2024-07-26 07:00:00,11.0,11.24,11.0,11.24,2441900
2024-07-29 07:00:00,11.33,11.38,11.19,11.24,2255700
2024-07-30 07:00:00,11.52,11.81,11.43,11.52,16476600
2024-07-31 07:00:00,11.62,11.62,11.19,11.19,8013700
2024-08-01 07:00:00,11.19,11.28,10.66,10.75,9501500
2024-08-02 07:00:00,10.66,10.95,10.61,10.85,4444500
2024-08-05 07:00:00,10.56,10.71,10.13,10.13,9415600
2024-08-06 07:00:00,10.27,10.47,10.13,10.42,4066400
2024-08-07 07:00:00,10.42,10.47,10.08,10.37,8287700
2024-08-08 07:00:00,10.32,10.32,9.89,9.89,11608500
2024-08-09 07:00:00,10.08,10.18,9.89,9.94,6630600
2024-08-12 07:00:00,9.99,10.08,9.89,10.03,4558000
2024-08-13 07:00:00,10.08,10.18,9.99,10.08,3049900
2024-08-14 07:00:00,10.18,10.18,9.99,9.99,3149400
2024-08-15 07:00:00,9.99,10.03,9.65,9.75,4295100
2024-08-16 07:00:00,9.84,10.23,9.84,10.18,4917000
2024-08-19 07:00:00,10.23,10.37,10.18,10.23,3677600
2024-08-20 07:00:00,10.23,10.42,10.18,10.37,5622200
2024-08-21 07:00:00,10.27,10.37,10.18,10.32,3864500
2024-08-22 07:00:00,10.32,10.37,10.13,10.23,3877100
2024-08-23 07:00:00,10.13,10.18,9.75,9.94,14593600
2024-08-26 07:00:00,9.89,9.94,9.6,9.6,12219400
2024-08-27 07:00:00,9.79,9.89,9.7,9.79,3403400
2024-08-28 07:00:00,9.84,9.84,9.7,9.75,2466600
2024-08-29 07:00:00,9.79,9.79,9.65,9.65,2373600
2024-08-30 07:00:00,9.75,9.79,9.65,9.7,1967900
2024-09-04 07:00:00,9.65,9.75,9.57,9.7,3333000
2024-09-05 07:00:00,9.7,9.94,9.7,9.7,3063500
2024-09-06 07:00:00,9.7,9.75,9.46,9.51,7338600
2024-09-09 07:00:00,9.31,9.5,9.31,9.41,3423700
2024-09-10 07:00:00,9.41,9.46,9.32,9.33,2438300
2024-09-11 07:00:00,9.33,9.33,9.2,9.22,3108400
2024-09-12 07:00:00,9.41,9.41,9.28,9.3,1681700
2024-09-13 07:00:00,9.33,9.41,9.3,9.38,1435600
2024-09-16 07:00:00,9.39,9.56,9.39,9.46,2028300
2024-09-17 07:00:00,9.38,9.46,9.37,9.46,1122000
2024-09-18 07:00:00,9.45,9.5,9.41,9.41,2070000
2024-09-19 07:00:00,9.45,9.49,9.41,9.42,1243800
2024-09-20 07:00:00,9.48,9.65,9.46,9.54,3113000
2024-09-23 07:00:00,9.55,9.58,9.45,9.47,1115500
2024-09-24 07:00:00,9.47,9.7,9.41,9.6,3705200
2024-09-25 07:00:00,9.65,9.79,9.6,9.65,1948300
2024-09-26 07:00:00,9.65,9.7,9.47,9.48,4507000
2024-09-27 07:00:00,9.48,9.5,9.34,9.36,4645900
2024-09-30 07:00:00,9.32,9.4,9.3,9.3,3104600
2024-10-01 07:00:00,9.33,9.44,9.33,9.36,2191600
2024-10-02 07:00:00,9.33,9.34,9.28,9.28,2325900
2024-10-03 07:00:00,9.3,9.3,9.05,9.07,4357900
2024-10-04 07:00:00,9.14,9.16,9.06,9.06,1088800
2024-10-07 07:00:00,9.12,9.14,9.02,9.03,1321600
2024-10-08 07:00:00,9.03,9.07,9.0,9.06,955700
2024-10-09 07:00:00,9.06,9.2,9.06,9.2,1802200
2024-10-10 07:00:00,9.2,9.26,9.16,9.17,1639500
2024-10-11 07:00:00,9.22,9.22,9.12,9.16,1036600
2024-10-14 07:00:00,9.19,9.21,9.06,9.06,1512300
2024-10-15 07:00:00,9.12,9.13,9.0,9.0,1598500
2024-10-16 07:00:00,8.98,9.03,8.87,8.87,1798300
2024-10-17 07:00:00,8.86,9.0,8.86,8.93,1200400
2024-10-18 07:00:00,8.94,9.06,8.94,8.95,1094900
2024-10-21 07:00:00,8.95,8.97,8.83,8.83,1475100
2024-10-22 07:00:00,8.84,8.87,8.77,8.81,1345000
2024-10-23 07:00:00,8.82,8.84,8.75,8.76,1022000
2024-10-24 07:00:00,8.76,8.79,8.67,8.67,1263200
2024-10-25 07:00:00,8.67,8.7,8.55,8.56,1681100
2024-10-28 07:00:00,8.57,8.63,8.56,8.58,690400
2024-10-29 07:00:00,8.5,8.82,8.45,8.73,3149800
2024-10-30 07:00:00,8.74,8.74,8.51,8.55,1441700
2024-10-31 07:00:00,8.55,8.55,8.44,8.45,2196000
2024-11-01 07:00:00,8.45,8.47,8.04,8.07,4638900
2024-11-04 07:00:00,8.07,8.07,7.93,7.94,1948700
2024-11-05 07:00:00,7.92,8.03,7.92,7.97,1161400
2024-11-06 07:00:00,7.98,8.34,7.98,8.26,2993400
2024-11-07 07:00:00,8.34,8.37,8.26,8.29,1176000
2024-11-08 07:00:00,8.29,8.31,8.14,8.17,1118800
2024-11-11 07:00:00,8.18,8.19,8.05,8.16,1273700
2024-11-12 07:00:00,8.2,8.26,8.14,8.14,1252400
2024-11-13 07:00:00,8.1,8.15,8.0,8.15,1550800
2024-11-14 07:00:00,8.11,8.15,7.97,7.97,1090600
2024-11-15 07:00:00,7.96,7.96,7.76,7.84,2222700
2024-11-18 07:00:00,7.84,7.96,7.83,7.94,1388300
2024-11-19 07:00:00,7.97,8.03,7.92,7.92,595500
2024-11-20 07:00:00,7.91,8.08,7.88,8.07,1615700
2024-11-21 07:00:00,8.1,8.1,8.02,8.07,505900
2024-11-22 07:00:00,8.07,8.09,8.02,8.03,874300
2024-11-25 07:00:00,8.02,8.25,8.02,8.23,1852300
2024-11-26 07:00:00,8.26,8.31,8.22,8.23,1120400
2024-11-27 07:00:00,8.23,8.25,8.13,8.16,908500
2024-11-28 07:00:00,8.16,8.26,8.14,8.17,707300
2024-11-29 07:00:00,8.18,8.21,8.14,8.14,1175000
2024-12-02 07:00:00,8.16,8.24,8.13,8.16,755300
2024-12-03 07:00:00,8.16,8.24,8.13,8.21,1244500
2024-12-04 07:00:00,8.21,8.64,8.16,8.39,4840900
2024-12-05 07:00:00,8.45,8.47,8.32,8.46,1448300
2024-12-06 07:00:00,8.47,8.62,8.39,8.39,1798100
2024-12-09 07:00:00,8.39,8.46,8.39,8.4,1255200
2024-12-10 07:00:00,8.4,8.51,8.4,8.4,1075700
2024-12-11 07:00:00,8.41,8.48,8.36,8.4,834300
2024-12-12 07:00:00,8.43,8.59,8.41,8.48,1972800
2024-12-13 07:00:00,8.46,8.48,8.36,8.37,717400
2024-12-16 07:00:00,8.37,8.44,8.26,8.27,1206100
2024-12-17 07:00:00,8.29,8.29,8.17,8.2,779200
2024-12-18 07:00:00,8.2,8.26,8.14,8.24,1272600
2024-12-19 07:00:00,8.16,8.31,8.12,8.23,1052300
2024-12-20 07:00:00,8.22,8.35,8.22,8.33,1583500
2024-12-23 07:00:00,8.33,8.54,8.33,8.52,2454400
2024-12-24 07:00:00,8.51,8.62,8.48,8.5,1425600
2024-12-25 07:00:00,8.5,8.54,8.48,8.5,1402500
2024-12-26 07:00:00,8.53,8.82,8.51,8.66,4070200
2024-12-27 07:00:00,8.74,8.74,8.55,8.55,1562500
2024-12-30 07:00:00,8.55,8.55,8.35,8.37,1785100
2024-12-31 07:00:00,8.37,8.48,8.35,8.37,973900
2025-01-02 07:00:00,8.38,8.44,8.34,8.39,983400
2025-01-03 07:00:00,8.39,8.5,8.38,8.38,1139400
2025-01-06 07:00:00,8.36,8.39,8.26,8.26,1038800
2025-01-07 07:00:00,8.25,8.33,8.1,8.12,1621500
2025-01-08 07:00:00,8.12,8.12,7.97,8.11,1135300
2025-01-09 07:00:00,8.11,8.16,8.03,8.08,789700
2025-01-10 07:00:00,8.1,8.1,7.95,7.96,896300
2025-01-13 07:00:00,7.88,7.96,7.87,7.93,1124100
2025-01-14 07:00:00,7.91,7.98,7.9,7.9,436600
2025-01-15 07:00:00,7.89,8.06,7.89,7.97,654700
2025-01-16 07:00:00,7.99,8.15,7.99,8.07,680400
2025-01-17 07:00:00,8.07,8.14,8.05,8.12,845300
2025-01-20 07:00:00,8.13,8.22,8.1,8.11,1032500
2025-01-21 07:00:00,8.12,8.14,8.04,8.06,833100
2025-01-22 07:00:00,8.07,8.11,7.96,7.99,1021500
2025-01-23 07:00:00,8.04,8.09,7.92,8.02,458300
2025-01-24 07:00:00,8.03,8.05,7.98,8.03,764800
2025-02-03 07:00:00,8.04,8.04,7.96,8.0,1030000
2025-02-04 07:00:00,8.05,8.45,8.04,8.45,2683300
2025-02-05 07:00:00,8.51,8.51,8.34,8.36,936100
2025-02-06 07:00:00,8.36,8.43,8.29,8.32,849600
2025-02-07 07:00:00,8.32,8.4,8.31,8.33,1117500
2025-02-10 07:00:00,8.33,8.33,8.16,8.16,1476700
2025-02-11 07:00:00,8.16,8.35,8.14,8.32,1286100
2025-02-12 07:00:00,8.18,8.45,8.18,8.25,796400
2025-02-13 07:00:00,8.25,8.34,8.22,8.26,698600
2025-02-14 07:00:00,8.35,8.44,8.34,8.34,1803000
2025-02-17 07:00:00,8.38,8.43,8.34,8.39,1607000
2025-02-18 07:00:00,8.39,8.58,8.39,8.51,2690900
2025-02-19 07:00:00,8.53,8.62,8.53,8.57,2431700
2025-02-20 07:00:00,8.57,8.67,8.56,8.57,2805600
2025-02-21 07:00:00,8.56,8.66,8.51,8.52,2398100
2025-02-24 07:00:00,8.52,8.59,8.5,8.58,1554100
2025-02-25 07:00:00,8.59,8.81,8.58,8.64,3056600
2025-02-26 07:00:00,8.66,8.71,8.55,8.57,1550400
2025-02-27 07:00:00,8.58,8.59,8.45,8.49,2787500
2025-02-28 07:00:00,8.49,8.58,8.49,8.51,1720600
2025-03-03 07:00:00,8.56,8.59,8.51,8.51,1392200
2025-03-04 07:00:00,8.51,8.51,8.3,8.39,2767600
2025-03-05 07:00:00,8.36,8.44,8.31,8.32,1346800
2025-03-06 07:00:00,8.33,8.37,8.26,8.34,2201200
2025-03-07 07:00:00,8.38,8.45,8.38,8.41,2134900
2025-03-10 07:00:00,8.44,8.5,8.34,8.36,1517200
2025-03-11 07:00:00,8.31,8.53,8.29,8.53,3010700
2025-03-12 07:00:00,8.54,8.56,8.4,8.42,1717100
2025-03-13 07:00:00,8.35,8.45,8.29,8.29,2897500
2025-03-14 07:00:00,8.31,8.34,8.21,8.24,2143500
2025-03-17 07:00:00,8.27,8.34,8.25,8.33,1294200
2025-03-18 07:00:00,8.39,8.39,8.26,8.26,1696800
2025-03-19 07:00:00,8.28,8.32,8.17,8.19,1672300
2025-03-20 07:00:00,8.21,8.26,8.12,8.16,1700900
2025-03-21 07:00:00,8.22,8.22,8.1,8.11,1283200
2025-03-24 07:00:00,8.07,8.15,8.06,8.12,1145300
2025-03-25 07:00:00,8.15,8.2,8.1,8.15,982500
2025-03-26 07:00:00,8.2,8.2,8.11,8.12,800800
2025-03-27 07:00:00,8.13,8.18,8.09,8.09,912400
2025-03-28 07:00:00,8.1,8.17,8.09,8.1,1494000
2025-03-31 07:00:00,8.1,8.25,8.09,8.14,2016500
2025-04-01 07:00:00,8.16,8.25,8.16,8.19,1333000
2025-04-02 07:00:00,8.25,8.29,8.19,8.2,1392600
2025-04-03 07:00:00,7.91,7.98,7.63,7.63,4050100
2025-04-04 07:00:00,7.11,7.2,7.11,7.11,4828500
2025-04-08 07:00:00,6.69,6.72,6.62,6.62,4041200
2025-04-09 07:00:00,6.16,6.43,6.16,6.16,6805400
2025-04-10 07:00:00,6.58,6.58,6.58,6.58,555000
2025-04-11 07:00:00,6.96,6.96,6.61,6.77,4809600
2025-04-14 07:00:00,6.76,6.81,6.67,6.74,1948600
2025-04-15 07:00:00,6.73,6.79,6.64,6.64,2116100
2025-04-16 07:00:00,6.64,6.71,6.54,6.54,1314600
2025-04-17 07:00:00,6.47,6.54,6.15,6.4,2890100
2025-04-18 07:00:00,6.44,6.76,6.44,6.72,2574000
2025-04-21 07:00:00,6.75,6.9,6.63,6.63,1550900
2025-04-22 07:00:00,6.55,6.66,6.16,6.31,3673400
2025-04-23 07:00:00,6.42,6.58,6.42,6.56,1150600
2025-04-24 07:00:00,6.63,6.76,6.58,6.65,1492800
2025-04-25 07:00:00,6.68,6.77,6.65,6.71,1918200
2025-04-28 07:00:00,6.74,6.89,6.7,6.7,1649900
2025-04-29 07:00:00,6.73,6.74,6.63,6.69,1117600
2025-05-05 07:00:00,6.72,6.73,6.65,6.7,1319200
2025-05-06 07:00:00,6.76,6.9,6.72,6.8,2680400
2025-05-07 07:00:00,6.81,6.82,6.74,6.77,1063900
2025-05-08 07:00:00,6.89,6.89,6.75,6.8,1857000
2025-05-09 07:00:00,6.85,6.97,6.81,6.82,2360700
2025-05-12 07:00:00,6.84,6.89,6.81,6.85,1267300
2025-05-13 07:00:00,6.91,6.99,6.89,6.94,2445400
2025-05-14 07:00:00,6.99,7.17,6.99,7.11,3317200
2025-05-15 07:00:00,7.19,7.19,7.02,7.06,1811400
2025-05-16 07:00:00,7.08,7.13,7.01,7.03,2012000
2025-05-19 07:00:00,7.0,7.13,6.98,7.03,2580200
2025-05-20 07:00:00,7.09,7.11,7.03,7.04,1060100
2025-05-21 07:00:00,7.05,7.08,6.87,6.93,2418200
2025-05-22 07:00:00,7.01,7.01,6.85,6.88,2089600
2025-05-23 07:00:00,6.89,7.0,6.89,6.91,1205900
2025-05-26 07:00:00,6.91,7.07,6.87,7.06,2060400
2025-05-27 07:00:00,7.09,7.35,7.09,7.28,4274500
2025-05-28 07:00:00,7.35,7.44,7.25,7.28,3091600
2025-05-29 07:00:00,7.33,7.33,7.18,7.25,2235200
2025-05-30 07:00:00,7.35,7.35,7.2,7.21,1771200
2025-06-02 07:00:00,7.2,7.3,7.15,7.3,1392700
2025-06-03 07:00:00,7.47,7.47,7.31,7.31,1696200
2025-06-04 07:00:00,7.32,7.45,7.31,7.34,2800300
2025-06-05 07:00:00,7.34,7.47,7.34,7.39,2521900
2025-06-06 07:00:00,7.42,7.53,7.35,7.35,2693700
2025-06-09 07:00:00,7.35,7.36,7.2,7.2,2091800
2025-06-10 07:00:00,7.21,7.28,7.17,7.17,1182900
2025-06-11 07:00:00,7.2,7.23,7.16,7.18,692900
2025-06-12 07:00:00,7.2,7.3,7.2,7.23,1121400
2025-06-13 07:00:00,7.2,7.2,7.0,7.05,3290200
2025-06-16 07:00:00,7.05,7.16,7.04,7.14,1051200
2025-06-17 07:00:00,7.16,7.31,7.15,7.24,1777600
2025-06-18 07:00:00,7.24,7.27,7.18,7.2,993000
2025-06-19 07:00:00,7.19,7.2,7.13,7.16,691600
2025-06-20 07:00:00,7.16,7.18,7.12,7.15,1246300
2025-06-23 07:00:00,7.14,7.14,7.06,7.08,1759700
2025-06-24 07:00:00,7.12,7.19,7.1,7.14,1312500
2025-06-25 07:00:00,7.18,7.23,7.12,7.17,1348900
2025-06-26 07:00:00,7.2,7.2,7.13,7.16,897900
2025-06-27 07:00:00,7.16,7.21,7.15,7.17,1683300
2025-06-30 07:00:00,7.18,7.34,7.18,7.25,1439000
2025-07-01 07:00:00,7.22,7.26,7.15,7.15,1511300
2025-07-02 07:00:00,7.17,7.25,7.17,7.23,2582300
2025-07-03 07:00:00,7.28,7.28,7.18,7.2,1855800
2025-07-04 07:00:00,7.23,7.27,7.19,7.21,1315100
2025-07-07 07:00:00,7.24,7.33,7.22,7.28,3164600
2025-07-08 07:00:00,7.35,7.48,7.34,7.39,4598500
2025-07-09 07:00:00,7.44,7.54,7.4,7.47,3756600
2025-07-10 07:00:00,7.56,7.74,7.52,7.7,5850400
2025-07-11 07:00:00,7.74,7.77,7.56,7.57,3808200
2025-07-14 07:00:00,7.59,7.62,7.4,7.56,2572500
2025-07-15 07:00:00,7.6,7.74,7.59,7.62,3400200
2025-07-16 07:00:00,7.62,7.72,7.55,7.63,2488100
2025-07-17 07:00:00,7.65,7.84,7.65,7.77,4709400
2025-07-18 07:00:00,7.87,7.9,7.74,7.76,3295400
2025-07-21 07:00:00,7.76,7.84,7.68,7.68,3726500
2025-07-22 07:00:00,7.68,7.73,7.62,7.68,2312700
2025-07-23 07:00:00,7.77,7.89,7.74,7.89,5108600
2025-07-24 07:00:00,8.0,8.4,8.0,8.24,6240400
2025-07-25 07:00:00,8.25,8.3,8.12,8.14,4322400
2025-07-28 07:00:00,8.17,8.3,8.16,8.21,4830200
2025-07-29 07:00:00,8.28,8.35,7.8,7.8,7724700
2025-07-30 07:00:00,7.8,8.34,7.79,8.34,8540800
2025-07-31 07:00:00,8.7,8.92,8.64,8.8,12026000
2025-08-01 07:00:00,8.9,8.9,8.45,8.51,5356600
2025-08-04 07:00:00,8.55,8.69,8.4,8.6,3821600
2025-08-05 07:00:00,8.6,8.66,8.15,8.38,8710500
2025-08-06 07:00:00,8.43,8.54,8.4,8.45,2830500
2025-08-07 07:00:00,8.55,8.65,8.48,8.54,3575600
2025-08-08 07:00:00,8.55,8.82,8.53,8.61,5349700
2025-08-11 07:00:00,8.8,8.8,8.61,8.68,3718200
2025-08-12 07:00:00,8.71,8.73,8.5,8.54,5024200
2025-08-13 07:00:00,8.6,8.75,8.5,8.75,5596200
2025-08-14 07:00:00,8.85,8.93,8.73,8.76,5809800
2025-08-15 07:00:00,8.8,8.83,8.4,8.42,7460800
2025-08-18 07:00:00,8.45,8.52,8.36,8.45,3928100
2025-08-19 07:00:00,8.47,8.64,8.41,8.5,3300500
2025-08-20 07:00:00,8.52,8.52,8.0,8.2,5298100
2025-08-21 07:00:00,8.29,8.29,8.0,8.05,4266300
2025-08-22 07:00:00,8.02,8.02,7.8,7.87,4426800
2025-08-25 07:00:00,8.0,8.0,7.85,7.91,2071200
2025-08-26 07:00:00,7.9,8.01,7.89,8.01,1555700
2025-08-27 07:00:00,8.09,8.19,8.06,8.08,2474100
2025-08-28 07:00:00,8.11,8.18,8.1,8.17,1178500
2025-08-29 07:00:00,8.16,8.2,8.11,8.12,1981100
2025-09-03 07:00:00,8.16,8.26,8.14,8.22,2178600
2025-09-04 07:00:00,8.26,8.39,8.25,8.3,2729900
2025-09-05 07:00:00,8.35,8.49,8.16,8.16,4177700
2025-09-08 07:00:00,8.16,8.25,7.99,8.0,3740800
2025-09-09 07:00:00,8.0,8.12,7.93,8.01,2604300
2025-09-10 07:00:00,8.08,8.12,8.0,8.06,1059400
2025-09-11 07:00:00,8.06,8.1,7.9,7.98,2394500
2025-09-12 07:00:00,8.04,8.14,8.01,8.12,1958600
2025-09-15 07:00:00,8.18,8.35,8.15,8.35,3097100
2025-09-16 07:00:00,8.38,8.4,8.22,8.22,2591400
2025-09-17 07:00:00,8.27,8.43,8.23,8.27,2763600
2025-09-18 07:00:00,8.3,8.31,8.17,8.18,2010700
2025-09-19 07:00:00,8.18,8.21,8.12,8.13,1267000
2025-09-22 07:00:00,8.13,8.18,8.0,8.03,2163300
2025-09-23 07:00:00,8.04,8.1,8.04,8.09,575900
2025-09-24 07:00:00,8.1,8.13,8.04,8.11,1161200
2025-09-25 07:00:00,8.15,8.27,8.11,8.21,1661100
2025-09-26 07:00:00,8.2,8.69,8.11,8.59,10328400
2025-09-29 07:00:00,8.62,8.62,8.35,8.4,2455300
2025-09-30 07:00:00,8.45,8.45,8.14,8.2,3446700
2025-10-01 07:00:00,8.25,8.38,8.19,8.38,1208200
2025-10-02 07:00:00,8.38,8.44,8.13,8.17,1838500
2025-10-03 07:00:00,8.17,8.21,8.08,8.15,1722900
2025-10-06 07:00:00,8.2,8.32,8.16,8.31,2154200
2025-10-07 07:00:00,8.37,8.37,8.18,8.18,1468400
2025-10-08 07:00:00,8.25,8.27,8.14,8.2,1265900
2025-10-09 07:00:00,8.2,8.3,8.19,8.22,979100
2025-10-10 07:00:00,8.23,8.28,8.15,8.22,1530500
2025-10-13 07:00:00,8.12,8.2,8.1,8.12,2528900
2025-10-14 07:00:00,8.14,8.18,7.99,7.99,2694200
2025-10-15 07:00:00,7.99,8.07,7.94,7.95,2200000
2025-10-16 07:00:00,8.0,8.04,7.94,7.98,1556600
2025-10-17 07:00:00,8.0,8.04,7.94,7.94,1350800
2025-10-20 07:00:00,7.92,8.02,7.39,7.39,3842100
2025-10-21 07:00:00,7.44,7.67,7.39,7.55,3762900
2025-10-22 07:00:00,7.65,7.65,7.52,7.63,880100
2025-10-23 07:00:00,7.67,7.79,7.67,7.69,927400
2025-10-24 07:00:00,7.7,7.7,7.55,7.64,879600
2025-10-27 07:00:00,7.65,7.75,7.59,7.59,794400
2025-10-28 07:00:00,7.59,7.65,7.51,7.61,1169000
2025-10-29 07:00:00,7.75,8.08,7.75,8.04,2962000
2025-10-30 07:00:00,8.12,8.3,8.08,8.23,3368300
2025-10-31 07:00:00,8.23,8.31,8.15,8.15,1616900
2025-11-03 07:00:00,8.15,8.19,8.0,8.0,2105000
2025-11-04 07:00:00,8.0,8.3,7.79,8.12,3018700
2025-11-05 07:00:00,8.09,8.15,8.03,8.07,943700
2025-11-06 07:00:00,8.08,8.15,8.04,8.12,1203900
2025-11-07 07:00:00,8.12,8.14,7.93,7.95,1041500
2025-11-10 07:00:00,7.95,8.06,7.8,7.8,1472100
2025-11-11 07:00:00,7.85,7.91,7.79,7.91,957300
2025-11-12 07:00:00,7.91,8.02,7.9,8.02,1017300
2025-11-13 07:00:00,8.02,8.03,7.96,7.96,935400
2025-11-14 07:00:00,7.97,7.97,7.88,7.9,1460000
2025-11-17 07:00:00,7.95,8.12,7.92,8.05,1575100
2025-11-18 07:00:00,8.06,8.39,8.05,8.18,3943400
2025-11-19 07:00:00,8.19,8.23,8.12,8.19,1391200
2025-11-20 07:00:00,8.2,8.76,8.2,8.68,11712900
2025-11-21 07:00:00,8.59,8.72,8.44,8.6,2344400
2025-11-24 07:00:00,8.6,8.68,8.35,8.35,4654800
2025-11-25 07:00:00,8.37,8.49,8.3,8.31,3078200
2025-11-26 07:00:00,8.35,8.43,8.32,8.39,1541600
2025-11-27 07:00:00,8.45,8.55,8.31,8.39,2209100
2025-11-28 07:00:00,8.39,8.52,8.3,8.35,2203900
2025-12-01 07:00:00,8.35,8.64,8.35,8.4,3008500
2025-12-02 07:00:00,8.44,8.45,8.32,8.4,1561900
2025-12-03 07:00:00,8.4,8.65,8.4,8.46,3739000
2025-12-04 07:00:00,8.52,8.86,8.49,8.62,5511000
2025-12-05 07:00:00,8.7,8.78,8.62,8.62,4126800
2025-12-08 07:00:00,8.66,8.66,8.46,8.48,2385900
2025-12-09 07:00:00,8.49,8.97,8.46,8.85,8552400
2025-12-10 07:00:00,8.9,8.94,8.64,8.64,2547200
2025-12-11 07:00:00,8.7,8.71,8.41,8.43,3735000
2025-12-12 07:00:00,8.45,8.5,7.95,7.95,6507100
2025-12-15 07:00:00,8.04,8.09,7.95,7.98,2206800
2025-12-16 07:00:00,7.99,8.22,7.94,8.14,1500300
2025-12-17 07:00:00,8.1,8.19,8.01,8.06,1222400
2025-12-18 07:00:00,8.1,8.12,8.05,8.09,746200
2025-12-19 07:00:00,8.15,8.15,8.02,8.02,1250900
2025-12-22 07:00:00,8.03,8.09,8.01,8.05,1414700
2025-12-23 07:00:00,8.09,8.11,7.96,7.97,2496100
2025-12-24 07:00:00,7.99,8.02,7.95,7.95,1444900
2025-12-25 07:00:00,7.95,8.01,7.91,7.91,1288600
2025-12-26 07:00:00,7.91,7.93,7.66,7.8,2792400
2025-12-29 07:00:00,7.81,7.88,7.8,7.83,931700
2025-12-30 07:00:00,7.85,7.95,7.85,7.85,863500
2025-12-31 07:00:00,7.9,7.95,7.85,7.88,1060200
2026-01-05 07:00:00,7.89,7.94,7.7,7.7,1704200
2026-01-06 07:00:00,7.71,7.83,7.67,7.67,1191000
2026-01-07 07:00:00,7.75,7.87,7.69,7.83,1449900
2026-01-08 07:00:00,7.88,7.92,7.82,7.83,1134000
2026-01-09 07:00:00,7.89,7.9,7.74,7.76,1333700
2026-01-12 07:00:00,7.77,8.07,7.74,8.06,1943900
2026-01-13 07:00:00,8.09,8.09,7.97,7.99,1509200
2026-01-14 07:00:00,8.0,8.13,7.95,8.12,3437500
2026-01-15 07:00:00,8.15,8.21,8.0,8.09,1614600
2026-01-16 07:00:00,8.1,8.14,8.04,8.04,1192100
2026-01-19 07:00:00,8.05,8.1,8.0,8.04,1230700
2026-01-20 07:00:00,8.05,8.13,8.02,8.02,1548600
2026-01-21 07:00:00,8.02,8.06,7.89,7.97,1749500
2026-01-22 07:00:00,8.0,8.25,7.99,8.11,1734900
2026-01-23 07:00:00,8.11,8.17,7.99,8.0,984400
2026-01-26 07:00:00,8.0,8.01,7.76,7.81,2093900
2026-01-27 07:00:00,7.81,7.84,7.75,7.8,1002300
2026-01-28 07:00:00,7.82,7.89,7.75,7.82,1236300
2026-01-29 07:00:00,7.9,8.04,7.86,7.95,1199300
2026-01-30 07:00:00,7.95,8.02,7.9,7.95,1510300
2026-02-02 07:00:00,7.97,7.98,7.79,7.83,1348700
2026-02-03 07:00:00,7.87,7.93,7.86,7.87,1348500
2026-02-04 07:00:00,7.88,8.08,7.88,8.04,2640100
2026-02-05 07:00:00,8.05,8.16,7.99,7.99,1914300
2026-02-06 07:00:00,7.97,7.98,7.77,7.77,1576500
2026-02-09 07:00:00,7.81,7.85,7.74,7.75,919500
2026-02-10 07:00:00,7.75,7.87,7.74,7.84,1375700
2026-02-11 07:00:00,7.87,7.87,7.81,7.85,699000
2026-02-12 07:00:00,7.86,7.93,7.81,7.85,470700
2026-02-13 07:00:00,7.83,7.86,7.8,7.81,639500
2026-02-23 07:00:00,7.97,7.99,7.87,7.94,727100
2026-02-24 07:00:00,7.91,8.16,7.91,8.04,1815100
2026-02-25 07:00:00,8.05,8.11,8.0,8.06,1917300
2026-02-26 07:00:00,8.07,8.14,8.02,8.06,905700
2026-02-27 07:00:00,8.04,8.09,7.9,7.9,1323100
2026-03-02 07:00:00,7.78,7.89,7.68,7.7,3299500
2026-03-03 07:00:00,7.77,7.77,7.67,7.68,1533100
2026-03-04 07:00:00,7.68,7.73,7.44,7.55,2728400
2026-03-05 07:00:00,7.6,7.67,7.55,7.58,1116800
2026-03-06 07:00:00,7.55,7.55,7.44,7.44,1192800
2026-03-09 07:00:00,6.92,6.99,6.92,6.92,4710800
2026-03-10 07:00:00,7.0,7.09,6.86,6.91,2138900
2026-03-11 07:00:00,6.89,7.14,6.89,7.13,1033100
2026-03-12 07:00:00,7.1,7.18,7.0,7.09,770200
2026-03-13 07:00:00,7.07,7.26,7.0,7.09,2164000
2026-03-16 07:00:00,7.23,7.35,7.13,7.25,1268800
2026-03-17 07:00:00,7.25,7.32,7.14,7.19,1031800
2026-03-18 07:00:00,7.2,7.21,7.1,7.11,828400
2026-03-19 07:00:00,7.1,7.1,6.97,7.0,2082700
2026-03-20 07:00:00,7.0,7.02,6.95,6.95,617400
2026-03-23 07:00:00,6.95,6.95,6.65,6.69,1528300
2026-03-24 07:00:00,6.9,6.9,6.74,6.74,1058200
2026-03-25 07:00:00,6.81,6.94,6.81,6.94,628800
2026-03-26 07:00:00,6.88,7.1,6.88,6.98,899600
2026-03-27 07:00:00,6.99,7.08,6.96,7.03,905200
2026-03-30 07:00:00,7.0,7.04,6.92,7.02,647200
2026-03-31 07:00:00,7.02,7.1,7.0,7.02,763300
2026-04-01 07:00:00,7.11,7.15,7.04,7.08,993500
2026-04-02 07:00:00,7.02,7.07,6.97,7.0,855800
2026-04-03 07:00:00,7.0,7.04,6.94,6.94,448500
2026-04-06 07:00:00,6.94,6.98,6.88,6.88,401600
2026-04-07 07:00:00,6.9,6.93,6.84,6.84,494400
2026-04-08 07:00:00,7.01,7.14,6.96,7.09,1360000
2026-04-09 07:00:00,7.09,7.15,7.04,7.11,1961000
2026-04-10 07:00:00,7.11,7.17,7.07,7.09,879500
2026-04-13 07:00:00,7.06,7.06,7.0,7.01,987200
2026-04-14 07:00:00,7.08,7.15,7.04,7.1,912700
2026-04-15 07:00:00,7.11,7.24,7.1,7.12,1423300
2026-04-16 07:00:00,7.12,7.13,7.02,7.04,663700
2026-04-17 07:00:00,7.1,7.11,7.0,7.03,630300
2026-04-20 07:00:00,7.09,7.09,7.04,7.04,458500
2026-04-21 07:00:00,7.1,7.11,7.04,7.05,510300
2026-04-22 07:00:00,7.08,7.08,7.02,7.03,859100
2026-04-23 07:00:00,7.07,7.07,7.0,7.02,850100
2026-04-24 07:00:00,7.02,7.02,6.96,7.0,770600
2026-04-28 07:00:00,7.0,7.05,6.96,6.99,521500
2026-04-29 07:00:00,7.04,7.41,6.92,7.31,2647000
2026-05-04 07:00:00,7.37,7.6,7.37,7.48,3180400
2026-05-05 07:00:00,7.49,7.5,7.3,7.37,700500
2026-05-06 07:00:00,7.42,7.52,7.33,7.45,1389600
2026-05-07 07:00:00,7.45,7.52,7.3,7.3,1337000
2026-05-08 07:00:00,7.3,7.36,7.16,7.19,855100
2026-05-11 07:00:00,7.3,7.3,7.14,7.14,910000
2026-05-12 07:00:00,7.19,7.26,7.12,7.14,799400
2026-05-13 07:00:00,7.15,7.25,7.14,7.16,1119500
2026-05-14 07:00:00,7.18,7.23,7.12,7.12,674500
2026-05-15 07:00:00,7.18,7.19,7.11,7.12,734300
2026-05-18 07:00:00,7.14,7.17,7.1,7.15,550800
2026-05-19 07:00:00,7.18,7.22,7.1,7.1,1038200
2026-05-20 07:00:00,7.15,7.16,6.92,7.03,1168900
2026-05-21 07:00:00,7.04,7.08,6.98,7.0,442600
2026-05-22 07:00:00,7.0,7.06,6.98,7.04,531000
2026-05-25 07:00:00,7.07,7.13,7.01,7.01,614900
2026-05-26 07:00:00,7.05,7.08,7.0,7.05,535500
2026-05-27 07:00:00,7.05,7.09,7.04,7.05,401100
