time,open,high,low,close,volume
2018-01-02 07:00:00,3.03,3.03,2.89,3.01,330
2018-01-03 07:00:00,2.89,3.13,2.89,2.9,630
2018-01-04 07:00:00,2.9,3.02,2.89,2.99,17030
2018-01-05 07:00:00,2.99,2.99,2.97,2.97,330
2018-01-08 07:00:00,3.02,3.02,2.78,2.78,25010
2018-01-09 07:00:00,2.71,2.97,2.71,2.71,3240
2018-01-10 07:00:00,2.88,2.9,2.88,2.9,15710
2018-01-11 07:00:00,2.9,3.1,2.9,3.1,30370
2018-01-12 07:00:00,3.1,3.17,3.03,3.1,72920
2018-01-15 07:00:00,3.1,3.1,3.03,3.03,2420
2018-01-16 07:00:00,2.84,3.06,2.84,3.06,6540
2018-01-17 07:00:00,3.06,3.06,2.92,3.05,1670
2018-01-18 07:00:00,3.05,3.05,2.92,3.04,10210
2018-01-19 07:00:00,2.92,3.01,2.92,2.92,1360
2018-01-22 07:00:00,2.89,3.03,2.89,2.89,8160
2018-01-25 07:00:00,3.01,3.01,2.92,2.92,1140
2018-01-26 07:00:00,3.03,3.03,2.92,2.95,1400
2018-01-29 07:00:00,2.92,2.92,2.76,2.84,12610
2018-01-30 07:00:00,2.77,2.84,2.77,2.84,21890
2018-01-31 07:00:00,2.84,2.84,2.78,2.78,2280
2018-02-01 07:00:00,2.74,2.85,2.74,2.85,12380
2018-02-02 07:00:00,2.78,2.81,2.7,2.78,14170
2018-02-05 07:00:00,2.78,2.78,2.78,2.78,5020
2018-02-06 07:00:00,2.58,2.78,2.58,2.78,1150
2018-02-07 07:00:00,2.81,2.84,2.78,2.84,27450
2018-02-08 07:00:00,2.81,2.81,2.8,2.81,5020
2018-02-09 07:00:00,2.81,2.92,2.78,2.92,5230
2018-02-12 07:00:00,2.92,2.95,2.92,2.92,2170
2018-02-13 07:00:00,2.93,2.93,2.89,2.89,90
2018-02-21 07:00:00,2.85,2.92,2.85,2.92,3950
2018-02-22 07:00:00,2.92,2.92,2.89,2.92,5040
2018-02-23 07:00:00,2.92,2.92,2.72,2.85,60090
2018-02-26 07:00:00,2.85,2.92,2.85,2.92,7250
2018-02-27 07:00:00,2.85,2.92,2.85,2.92,5580
2018-02-28 07:00:00,2.85,2.95,2.85,2.95,9630
2018-03-01 07:00:00,2.99,2.99,2.95,2.95,22030
2018-03-02 07:00:00,2.95,2.97,2.95,2.97,27960
2018-03-05 07:00:00,2.95,2.95,2.95,2.95,37900
2018-03-06 07:00:00,2.97,2.97,2.75,2.92,75020
2018-03-07 07:00:00,2.88,2.95,2.85,2.95,25550
2018-03-08 07:00:00,2.95,2.99,2.86,2.95,16430
2018-03-09 07:00:00,2.88,2.95,2.86,2.86,18020
2018-03-12 07:00:00,2.88,2.88,2.85,2.88,35430
2018-03-13 07:00:00,2.92,2.95,2.85,2.95,3410
2018-03-14 07:00:00,2.97,2.97,2.88,2.95,43630
2018-03-15 07:00:00,2.95,3.03,2.95,2.96,37610
2018-03-16 07:00:00,2.95,2.95,2.95,2.95,1900
2018-03-19 07:00:00,3.03,3.03,2.92,2.98,37030
2018-03-20 07:00:00,2.98,2.98,2.98,2.98,300
2018-03-22 07:00:00,3.01,3.01,3.01,3.01,10
2018-03-26 07:00:00,2.92,2.92,2.92,2.92,10030
2018-03-27 07:00:00,3.01,3.06,2.95,3.06,2780
2018-03-29 07:00:00,2.94,3.01,2.94,2.99,18490
2018-03-30 07:00:00,2.99,3.1,2.99,2.99,35660
2018-04-02 07:00:00,2.99,3.17,2.99,2.99,21060
2018-04-03 07:00:00,3.01,3.19,3.01,3.16,2090
2018-04-04 07:00:00,2.99,3.16,2.99,3.16,30
2018-04-05 07:00:00,3.03,3.03,3.03,3.03,3000
2018-04-06 07:00:00,3.03,3.12,3.03,3.12,27440
2018-04-09 07:00:00,3.12,3.17,3.03,3.17,32250
2018-04-10 07:00:00,2.95,3.03,2.95,3.03,80
2018-04-11 07:00:00,3.03,3.17,3.03,3.03,580
2018-04-12 07:00:00,3.03,3.03,3.03,3.03,300
2018-04-13 07:00:00,3.03,3.13,3.03,3.12,4140
2018-04-16 07:00:00,3.12,3.13,3.12,3.12,6080
2018-04-17 07:00:00,3.12,3.34,3.12,3.28,30480
2018-04-18 07:00:00,3.35,3.35,3.35,3.35,10
2018-04-19 07:00:00,3.31,3.31,3.31,3.31,20
2018-04-24 07:00:00,3.31,3.35,3.31,3.31,50
2018-04-26 07:00:00,3.2,3.28,3.2,3.28,54850
2018-04-27 07:00:00,3.35,3.35,3.35,3.35,10
2018-05-02 07:00:00,3.35,3.52,3.35,3.49,360
2018-05-03 07:00:00,3.28,3.35,3.28,3.35,9440
2018-05-04 07:00:00,3.35,3.42,3.28,3.33,20650
2018-05-07 07:00:00,3.38,3.38,3.28,3.35,23290
2018-05-08 07:00:00,3.35,3.35,3.35,3.35,530
2018-05-10 07:00:00,3.21,3.42,3.21,3.38,14720
2018-05-11 07:00:00,3.35,3.38,3.35,3.38,11500
2018-05-14 07:00:00,3.35,3.4,3.35,3.4,8020
2018-05-15 07:00:00,3.38,3.38,3.35,3.35,140
2018-05-16 07:00:00,3.35,3.42,3.35,3.42,20060
2018-05-17 07:00:00,3.61,3.61,3.35,3.42,12070
2018-05-18 07:00:00,3.61,3.61,3.45,3.45,20
2018-05-21 07:00:00,3.68,3.68,3.63,3.67,3480
2018-05-22 07:00:00,3.43,3.68,3.43,3.68,920
2018-05-23 07:00:00,3.68,3.68,3.43,3.43,120
2018-05-24 07:00:00,3.45,3.45,3.43,3.45,3010
2018-05-25 07:00:00,3.21,3.56,3.21,3.56,30
2018-05-28 07:00:00,3.52,3.7,3.33,3.33,40
2018-05-29 07:00:00,3.56,3.56,3.56,3.56,10
2018-05-30 07:00:00,3.32,3.55,3.31,3.55,80
2018-05-31 07:00:00,3.32,3.54,3.32,3.54,50
2018-06-01 07:00:00,3.76,3.76,3.76,3.76,10
2018-06-04 07:00:00,3.5,3.72,3.5,3.67,16450
2018-06-05 07:00:00,3.5,3.5,3.5,3.5,20
2018-06-06 07:00:00,3.72,3.72,3.5,3.5,10010
2018-06-07 07:00:00,3.5,3.67,3.5,3.67,26260
2018-06-08 07:00:00,3.7,3.7,3.56,3.68,15000
2018-06-11 07:00:00,3.56,3.68,3.56,3.56,12680
2018-06-12 07:00:00,3.56,3.81,3.56,3.56,32140
2018-06-13 07:00:00,3.56,3.56,3.56,3.56,4950
2018-06-14 07:00:00,3.56,3.56,3.56,3.56,26550
2018-06-15 07:00:00,3.74,3.74,3.56,3.56,24110
2018-06-18 07:00:00,3.52,3.77,3.52,3.56,45110
2018-06-19 07:00:00,3.56,3.63,3.56,3.56,128130
2018-06-20 07:00:00,3.56,3.56,3.56,3.56,96180
2018-06-21 07:00:00,3.56,3.56,3.56,3.56,67110
2018-06-22 07:00:00,3.56,3.56,3.56,3.56,28010
2018-06-25 07:00:00,3.56,3.56,3.56,3.56,5010
2018-06-26 07:00:00,3.56,3.56,3.56,3.56,5100
2018-06-27 07:00:00,3.56,3.56,3.56,3.56,30000
2018-06-28 07:00:00,3.56,3.56,3.56,3.56,35000
2018-07-02 07:00:00,3.56,3.56,3.56,3.56,2200
2018-07-03 07:00:00,3.56,3.56,3.56,3.56,42700
2018-07-04 07:00:00,3.56,3.56,3.56,3.56,99950
2018-07-05 07:00:00,3.56,3.56,3.56,3.56,53900
2018-07-06 07:00:00,3.56,3.56,3.56,3.56,70430
2018-07-09 07:00:00,3.56,3.56,3.56,3.56,30020
2018-07-10 07:00:00,3.56,3.56,3.56,3.56,84280
2018-07-11 07:00:00,3.56,3.56,3.56,3.56,100850
2018-07-12 07:00:00,3.56,3.56,3.56,3.56,137540
2018-07-13 07:00:00,3.56,3.56,3.56,3.56,280200
2018-07-16 07:00:00,3.81,3.81,3.6,3.6,3710
2018-07-17 07:00:00,3.56,3.56,3.56,3.56,35200
2018-07-19 07:00:00,3.32,3.56,3.32,3.56,2850
2018-07-24 07:00:00,3.35,3.35,3.35,3.35,70
2018-07-25 07:00:00,3.35,3.56,3.35,3.35,99820
2018-07-26 07:00:00,3.56,3.56,3.56,3.56,220000
2018-07-27 07:00:00,3.56,3.56,3.56,3.56,64760
2018-07-30 07:00:00,3.81,3.81,3.81,3.81,13690
2018-07-31 07:00:00,4.06,4.06,4.02,4.06,5510
2018-08-01 07:00:00,4.32,4.32,4.29,4.32,6400
2018-08-02 07:00:00,4.32,4.34,4.32,4.34,1120
2018-08-03 07:00:00,4.09,4.31,4.06,4.31,1960
2018-08-06 07:00:00,4.04,4.13,4.04,4.04,130
2018-08-07 07:00:00,4.04,4.06,3.81,3.81,2300
2018-08-08 07:00:00,3.92,4.06,3.92,4.06,1210
2018-08-09 07:00:00,3.86,4.09,3.84,4.09,2020
2018-08-10 07:00:00,4.09,4.24,4.09,4.24,160
2018-08-13 07:00:00,3.99,4.18,3.99,4.18,1010
2018-08-14 07:00:00,4.06,4.06,3.99,3.99,40
2018-08-16 07:00:00,3.99,3.99,3.99,3.99,100
2018-08-17 07:00:00,3.72,3.99,3.72,3.99,180
2018-08-20 07:00:00,3.97,3.97,3.97,3.97,20
2018-08-21 07:00:00,3.77,3.77,3.77,3.77,90
2018-08-22 07:00:00,3.72,3.77,3.56,3.7,560
2018-08-23 07:00:00,3.7,3.95,3.7,3.95,9740
2018-08-24 07:00:00,4.22,4.22,4.2,4.2,6730
2018-08-27 07:00:00,4.08,4.27,4.08,4.27,5840
2018-08-28 07:00:00,4.34,4.34,4.34,4.34,20
2018-08-30 07:00:00,4.34,4.34,4.34,4.34,10
2018-08-31 07:00:00,4.09,4.34,4.09,4.27,10030
2018-09-04 07:00:00,4.02,4.27,4.02,4.09,1030
2018-09-05 07:00:00,4.24,4.24,4.24,4.24,10
2018-09-06 07:00:00,4.24,4.45,4.09,4.45,1100
2018-09-07 07:00:00,4.45,4.45,4.15,4.15,5790
2018-09-10 07:00:00,4.15,4.25,4.15,4.15,100
2018-09-11 07:00:00,4.31,4.34,4.15,4.15,110
2018-09-12 07:00:00,4.15,4.27,4.15,4.27,7000
2018-09-13 07:00:00,4.31,4.31,4.16,4.27,1240
2018-09-14 07:00:00,4.27,4.45,4.27,4.45,8330
2018-09-17 07:00:00,4.45,4.63,4.45,4.63,2650
2018-09-18 07:00:00,4.52,4.95,4.52,4.95,1150
2018-09-19 07:00:00,5.16,5.29,4.84,4.98,30450
2018-09-20 07:00:00,4.64,5.29,4.64,5.29,1530
2018-09-21 07:00:00,4.98,5.46,4.98,5.02,3610
2018-09-24 07:00:00,5.02,5.36,5.02,5.27,3710
2018-09-25 07:00:00,5.2,5.34,5.16,5.2,1190
2018-09-26 07:00:00,5.16,5.55,5.05,5.55,22820
2018-09-27 07:00:00,5.59,5.93,5.59,5.93,6160
2018-09-28 07:00:00,6.34,6.34,6.34,6.34,53650
2018-10-01 07:00:00,6.76,6.76,6.37,6.69,42310
2018-10-02 07:00:00,7.01,7.01,6.37,6.37,16170
2018-10-03 07:00:00,6.25,6.55,6.25,6.55,5310
2018-10-04 07:00:00,6.62,6.99,6.41,6.92,33810
2018-10-05 07:00:00,6.92,6.92,6.62,6.9,18910
2018-10-08 07:00:00,6.9,6.9,6.51,6.51,5160
2018-10-09 07:00:00,6.48,6.73,6.48,6.73,4210
2018-10-10 07:00:00,6.44,6.8,6.41,6.69,4930
2018-10-11 07:00:00,6.34,6.41,6.26,6.3,28690
2018-10-12 07:00:00,5.91,6.67,5.91,6.67,14810
2018-10-15 07:00:00,7.01,7.01,6.23,6.73,2660
2018-10-16 07:00:00,6.26,6.83,6.26,6.69,15180
2018-10-17 07:00:00,6.44,6.44,6.41,6.44,3050
2018-10-18 07:00:00,6.05,6.58,6.02,6.58,11290
2018-10-19 07:00:00,6.58,6.58,6.58,6.58,6510
2018-10-22 07:00:00,6.58,6.76,6.58,6.76,19810
2018-10-23 07:00:00,6.76,7.05,6.76,6.94,26020
2018-10-24 07:00:00,6.94,7.19,6.9,7.19,32470
2018-10-25 07:00:00,7.01,7.1,7.01,7.1,2020
2018-10-26 07:00:00,6.94,7.55,6.94,7.48,56980
2018-10-29 07:00:00,7.83,7.99,7.83,7.99,81500
2018-10-30 07:00:00,8.54,8.54,8.54,8.54,135420
2018-10-31 07:00:00,9.13,9.13,9.13,9.13,126750
2018-11-01 07:00:00,9.68,9.75,9.13,9.72,112580
2018-11-02 07:00:00,9.72,10.36,9.29,10.32,65970
2018-11-05 07:00:00,9.65,10.29,9.63,9.63,45970
2018-11-06 07:00:00,9.63,10.11,9.63,10.04,33950
2018-11-07 07:00:00,10.14,10.73,10.11,10.73,107570
2018-11-08 07:00:00,11.48,11.48,11.37,11.48,39370
2018-11-09 07:00:00,12.1,12.28,11.78,12.28,80990
2018-11-12 07:00:00,12.37,13.13,11.43,13.13,141600
2018-11-13 07:00:00,12.85,14.02,12.85,13.95,88330
2018-11-14 07:00:00,13.88,14.74,13.24,13.24,73490
2018-11-15 07:00:00,13.46,13.6,12.32,13.06,127780
2018-11-16 07:00:00,13.46,13.7,12.92,13.35,69210
2018-11-19 07:00:00,13.35,14.24,13.13,13.35,107600
2018-11-20 07:00:00,13.35,13.35,12.67,12.67,104190
2018-11-21 07:00:00,12.67,12.81,12.28,12.78,80340
2018-11-22 07:00:00,12.46,13.17,12.46,12.81,27950
2018-11-23 07:00:00,12.88,13.38,12.53,12.96,83160
2018-11-26 07:00:00,12.96,13.31,12.96,13.17,165520
2018-11-27 07:00:00,13.73,13.73,12.64,12.64,77150
2018-11-28 07:00:00,12.64,12.79,11.8,12.42,90180
2018-11-29 07:00:00,12.15,12.57,11.89,11.98,49980
2018-11-30 07:00:00,11.83,12.04,11.29,11.29,81490
2018-12-03 07:00:00,11.29,11.63,10.93,11.1,129180
2018-12-04 07:00:00,11.1,11.59,11.1,11.55,23010
2018-12-05 07:00:00,11.55,11.97,11.44,11.82,33580
2018-12-06 07:00:00,12.0,12.0,11.33,11.63,22050
2018-12-07 07:00:00,11.63,12.04,11.31,11.59,79500
2018-12-10 07:00:00,11.78,12.0,11.63,11.89,37030
2018-12-11 07:00:00,12.02,12.57,12.02,12.46,54990
2018-12-12 07:00:00,12.72,12.76,12.42,12.46,24120
2018-12-13 07:00:00,12.53,12.79,12.23,12.42,26580
2018-12-14 07:00:00,12.15,12.61,12.15,12.23,62940
2018-12-17 07:00:00,12.12,12.57,12.12,12.53,93580
2018-12-18 07:00:00,12.53,12.64,12.23,12.46,73120
2018-12-19 07:00:00,12.79,12.79,12.38,12.46,28650
2018-12-20 07:00:00,12.46,12.76,12.36,12.36,37010
2018-12-21 07:00:00,12.29,12.34,11.93,12.23,73860
2018-12-24 07:00:00,12.15,12.15,11.48,11.59,62300
2018-12-25 07:00:00,11.29,11.29,10.8,10.86,65330
2018-12-26 07:00:00,10.86,10.99,10.72,10.91,26690
2018-12-27 07:00:00,10.91,11.65,10.91,11.29,21670
2018-12-28 07:00:00,11.65,11.65,11.29,11.29,7570
2019-01-02 07:00:00,11.63,11.63,11.33,11.36,21380
2019-01-03 07:00:00,11.7,11.7,10.63,10.76,39320
2019-01-04 07:00:00,10.54,11.27,10.16,11.18,21850
2019-01-07 07:00:00,11.66,11.93,11.29,11.93,54250
2019-01-08 07:00:00,12.23,12.42,11.93,12.42,37730
2019-01-09 07:00:00,12.42,13.15,12.42,12.79,39970
2019-01-10 07:00:00,12.85,12.85,12.1,12.19,19510
2019-01-11 07:00:00,12.12,12.76,12.12,12.14,35690
2019-01-14 07:00:00,12.76,12.76,11.74,11.89,12290
2019-01-15 07:00:00,11.89,12.27,11.89,12.23,42650
2019-01-16 07:00:00,12.23,12.32,11.82,11.83,63920
2019-01-17 07:00:00,12.0,12.04,11.87,12.0,22970
2019-01-18 07:00:00,12.0,12.46,11.98,12.46,106340
2019-01-21 07:00:00,12.3,12.59,12.23,12.51,44750
2019-01-22 07:00:00,12.51,13.38,12.42,13.38,60180
2019-01-23 07:00:00,14.3,14.3,14.3,14.3,17090
2019-01-24 07:00:00,15.3,15.3,15.3,15.3,6990
2019-01-25 07:00:00,16.35,16.35,15.43,15.5,224500
2019-01-28 07:00:00,15.58,15.73,14.49,14.52,57140
2019-01-29 07:00:00,14.84,15.54,14.52,15.54,51840
2019-01-30 07:00:00,16.52,16.52,15.5,15.75,87200
2019-01-31 07:00:00,15.95,15.95,15.43,15.48,52750
2019-02-01 07:00:00,15.48,15.95,15.48,15.62,66100
2019-02-11 07:00:00,15.62,15.88,15.43,15.8,45940
2019-02-12 07:00:00,15.8,15.8,15.28,15.32,64820
2019-02-13 07:00:00,15.32,16.29,15.05,16.29,112670
2019-02-14 07:00:00,16.07,16.07,15.62,15.62,48260
2019-02-15 07:00:00,15.62,15.77,15.39,15.58,32440
2019-02-18 07:00:00,15.71,15.73,15.24,15.35,49520
2019-02-19 07:00:00,15.73,15.73,15.16,15.46,26300
2019-02-20 07:00:00,15.46,15.46,15.16,15.24,20550
2019-02-21 07:00:00,15.39,15.39,14.49,14.6,123850
2019-02-22 07:00:00,14.11,14.6,14.11,14.58,20780
2019-02-25 07:00:00,14.81,15.22,14.45,15.13,11740
2019-02-26 07:00:00,15.13,15.3,14.49,14.49,41640
2019-02-27 07:00:00,14.49,15.2,14.49,14.94,21920
2019-02-28 07:00:00,14.94,15.05,14.52,14.79,21520
2019-03-01 07:00:00,14.79,15.39,14.6,14.84,21580
2019-03-04 07:00:00,14.84,15.2,14.68,14.86,68170
2019-03-05 07:00:00,14.86,15.01,14.75,14.75,75430
2019-03-06 07:00:00,14.75,14.86,14.69,14.69,11660
2019-03-07 07:00:00,14.75,14.94,14.6,14.75,30520
2019-03-08 07:00:00,14.75,14.75,14.34,14.34,23000
2019-03-11 07:00:00,14.34,14.64,13.81,13.81,44090
2019-03-12 07:00:00,13.81,14.64,13.81,14.0,25960
2019-03-13 07:00:00,14.26,14.26,14.04,14.05,8090
2019-03-14 07:00:00,14.22,14.22,13.77,13.92,14030
2019-03-15 07:00:00,14.04,14.04,13.55,13.96,37570
2019-03-18 07:00:00,14.11,14.84,14.11,14.79,113660
2019-03-19 07:00:00,14.9,14.9,14.41,14.68,34760
2019-03-20 07:00:00,14.68,14.68,14.15,14.58,19280
2019-03-21 07:00:00,14.66,14.66,14.13,14.13,17870
2019-03-22 07:00:00,14.45,14.45,14.15,14.22,7690
2019-03-25 07:00:00,13.77,14.19,13.73,14.0,20530
2019-03-26 07:00:00,14.04,14.2,13.7,13.9,4290
2019-03-27 07:00:00,13.9,13.9,13.55,13.85,21040
2019-03-28 07:00:00,13.85,13.85,13.58,13.73,5880
2019-03-29 07:00:00,13.9,13.9,13.66,13.66,11750
2019-04-01 07:00:00,13.66,13.81,13.36,13.36,16630
2019-04-02 07:00:00,13.36,13.92,13.36,13.66,16580
2019-04-03 07:00:00,13.73,13.73,13.36,13.66,6980
2019-04-04 07:00:00,13.66,14.56,13.66,14.56,54130
2019-04-05 07:00:00,14.6,14.75,14.11,14.37,15190
2019-04-08 07:00:00,14.3,14.68,14.05,14.26,16060
2019-04-09 07:00:00,14.15,14.49,13.92,13.92,32590
2019-04-10 07:00:00,14.88,14.88,14.83,14.88,109560
2019-04-11 07:00:00,15.88,15.92,15.62,15.73,273190
2019-04-12 07:00:00,15.43,16.78,15.28,16.74,149260
2019-04-16 07:00:00,16.56,17.8,16.29,17.31,146350
2019-04-17 07:00:00,17.31,17.46,16.1,16.1,148020
2019-04-18 07:00:00,15.84,16.52,15.62,15.84,53280
2019-04-19 07:00:00,15.05,16.18,15.05,15.84,77560
2019-04-22 07:00:00,15.84,16.07,15.43,15.45,52170
2019-04-23 07:00:00,15.43,15.43,15.07,15.43,29200
2019-04-24 07:00:00,15.43,15.95,15.43,15.8,37900
2019-04-25 07:00:00,16.12,16.12,15.56,15.65,27650
2019-04-26 07:00:00,15.46,16.18,15.46,15.8,61710
2019-05-02 07:00:00,16.16,16.16,15.26,15.43,57260
2019-05-03 07:00:00,15.24,15.43,15.05,15.05,41520
2019-05-06 07:00:00,15.05,15.62,14.68,15.62,69940
2019-05-07 07:00:00,15.18,15.8,15.05,15.37,87900
2019-05-08 07:00:00,15.05,15.35,14.77,15.03,41080
2019-05-09 07:00:00,15.03,15.14,14.68,15.03,84720
2019-05-10 07:00:00,14.98,15.58,14.98,15.33,81140
2019-05-13 07:00:00,15.33,15.62,15.24,15.5,31860
2019-05-14 07:00:00,15.28,15.41,15.05,15.07,42290
2019-05-15 07:00:00,15.41,15.41,14.94,14.94,45190
2019-05-16 07:00:00,15.05,15.16,14.94,14.94,28570
2019-05-17 07:00:00,15.16,15.16,14.68,14.83,42070
2019-05-20 07:00:00,14.83,14.9,14.62,14.68,50250
2019-05-21 07:00:00,14.64,14.86,14.56,14.68,22610
2019-05-22 07:00:00,14.68,14.83,14.64,14.68,15210
2019-05-23 07:00:00,14.64,15.41,14.6,15.41,65600
2019-05-24 07:00:00,15.41,15.43,15.05,15.05,59210
2019-05-27 07:00:00,15.24,15.5,15.05,15.24,176510
2019-05-28 07:00:00,15.43,15.43,15.14,15.26,101630
2019-05-29 07:00:00,15.33,15.41,15.13,15.2,140340
2019-05-30 07:00:00,15.09,15.13,14.96,14.98,48980
2019-05-31 07:00:00,14.98,14.98,14.37,14.49,51060
2019-06-03 07:00:00,14.49,14.49,13.75,13.75,84190
2019-06-04 07:00:00,14.26,14.26,13.58,14.11,44630
2019-06-05 07:00:00,14.41,14.41,13.96,14.0,19950
2019-06-06 07:00:00,14.0,14.11,13.98,14.0,9860
2019-06-07 07:00:00,13.92,14.36,13.92,14.34,20440
2019-06-10 07:00:00,14.15,14.39,14.05,14.05,45490
2019-06-11 07:00:00,14.3,14.3,13.92,14.22,17970
2019-06-12 07:00:00,14.22,14.22,13.92,14.11,16720
2019-06-13 07:00:00,14.11,14.11,13.92,13.92,4640
2019-06-14 07:00:00,14.0,14.04,13.92,13.92,10290
2019-06-17 07:00:00,13.92,13.92,13.66,13.68,15740
2019-06-18 07:00:00,13.68,13.68,13.32,13.4,23090
2019-06-19 07:00:00,13.43,13.92,13.42,13.43,18000
2019-06-20 07:00:00,13.55,13.85,13.51,13.75,21720
2019-06-21 07:00:00,13.77,14.07,13.55,13.88,37060
2019-06-24 07:00:00,13.81,13.88,13.73,13.73,16310
2019-06-25 07:00:00,13.73,14.07,13.58,13.7,6840
2019-06-26 07:00:00,13.77,14.64,13.77,14.49,58390
2019-06-27 07:00:00,14.96,14.96,14.11,14.28,20800
2019-06-28 07:00:00,14.11,14.47,14.04,14.36,9710
2019-07-01 07:00:00,14.36,14.68,13.92,13.92,55050
2019-07-02 07:00:00,13.92,13.92,13.73,13.77,20920
2019-07-03 07:00:00,13.81,13.81,13.55,13.7,37830
2019-07-04 07:00:00,13.7,13.7,13.6,13.7,11120
2019-07-05 07:00:00,13.81,14.0,13.66,13.77,25940
2019-07-08 07:00:00,13.96,13.96,13.77,13.9,13690
2019-07-09 07:00:00,13.92,14.07,13.7,14.07,12840
2019-07-10 07:00:00,13.73,14.0,13.7,13.73,46370
2019-07-11 07:00:00,13.85,13.92,13.73,13.81,3570
2019-07-12 07:00:00,13.88,14.3,13.85,14.22,31870
2019-07-15 07:00:00,15.05,15.05,14.49,14.64,79830
2019-07-16 07:00:00,14.68,15.05,14.22,14.9,69480
2019-07-17 07:00:00,15.05,15.35,14.9,14.98,81460
2019-07-18 07:00:00,14.98,15.13,14.6,14.83,16000
2019-07-19 07:00:00,14.98,14.98,14.3,14.58,44060
2019-07-22 07:00:00,14.58,14.58,14.02,14.04,41740
2019-07-23 07:00:00,14.75,14.75,14.07,14.11,33980
2019-07-24 07:00:00,14.34,14.34,13.73,13.73,72440
2019-07-25 07:00:00,13.85,14.11,13.62,13.77,122290
2019-07-26 07:00:00,13.92,14.13,13.73,14.09,3210
2019-07-29 07:00:00,14.09,14.09,13.77,13.96,5580
2019-07-30 07:00:00,14.15,14.15,13.73,13.87,5230
2019-07-31 07:00:00,13.77,13.92,13.55,13.73,13240
2019-08-01 07:00:00,13.62,13.73,13.36,13.6,16400
2019-08-02 07:00:00,13.47,13.55,12.79,13.24,37740
2019-08-05 07:00:00,13.24,13.24,12.64,12.91,36210
2019-08-06 07:00:00,12.91,12.91,12.0,12.04,77690
2019-08-07 07:00:00,12.23,12.79,11.97,12.61,36750
2019-08-08 07:00:00,12.61,13.4,12.61,13.28,53290
2019-08-09 07:00:00,13.17,13.24,12.98,13.24,12660
2019-08-12 07:00:00,13.28,13.28,12.79,13.13,11480
2019-08-13 07:00:00,12.98,13.17,12.76,12.98,22600
2019-08-14 07:00:00,13.47,13.47,12.98,13.02,21860
2019-08-15 07:00:00,12.68,13.02,12.68,12.87,12970
2019-08-16 07:00:00,13.1,13.1,12.79,12.91,3480
2019-08-19 07:00:00,13.1,13.1,12.76,13.1,10310
2019-08-20 07:00:00,12.91,13.13,12.91,13.1,14220
2019-08-21 07:00:00,13.1,13.13,12.76,12.79,16710
2019-08-22 07:00:00,12.79,12.79,12.42,12.68,19940
2019-08-23 07:00:00,12.68,12.68,12.57,12.68,1530
2019-08-26 07:00:00,12.74,12.79,12.46,12.68,9200
2019-08-27 07:00:00,12.76,12.76,12.49,12.57,5270
2019-08-28 07:00:00,12.61,12.61,12.42,12.55,8420
2019-08-29 07:00:00,12.42,12.53,12.27,12.49,4650
2019-08-30 07:00:00,12.79,12.79,12.59,12.72,25480
2019-09-03 07:00:00,12.78,12.79,12.57,12.72,8970
2019-09-04 07:00:00,12.72,13.36,12.66,13.36,75460
2019-09-05 07:00:00,13.47,13.55,13.36,13.4,8410
2019-09-06 07:00:00,13.4,13.4,13.1,13.4,2780
2019-09-09 07:00:00,13.4,13.4,13.06,13.36,3030
2019-09-10 07:00:00,13.43,13.43,12.98,13.17,8500
2019-09-11 07:00:00,13.17,13.28,13.1,13.28,10170
2019-09-12 07:00:00,13.02,13.4,13.02,13.1,5340
2019-09-13 07:00:00,12.89,13.13,12.79,12.98,20660
2019-09-16 07:00:00,12.94,12.98,12.42,12.98,11820
2019-09-17 07:00:00,12.98,13.17,12.46,12.98,1450
2019-09-18 07:00:00,12.98,13.13,12.68,12.79,4070
2019-09-19 07:00:00,12.91,13.13,12.79,13.02,2530
2019-09-20 07:00:00,13.02,13.06,12.81,12.98,2740
2019-09-23 07:00:00,12.98,12.98,12.64,12.64,25550
2019-09-24 07:00:00,13.1,13.1,12.64,12.87,7180
2019-09-25 07:00:00,13.0,13.0,12.64,12.87,3090
2019-09-26 07:00:00,12.91,13.02,12.79,12.94,6380
2019-09-27 07:00:00,12.94,13.13,12.55,12.57,20620
2019-09-30 07:00:00,12.64,12.94,12.55,12.57,16210
2019-10-01 07:00:00,12.87,12.87,12.27,12.27,9440
2019-10-02 07:00:00,12.27,12.27,11.66,11.66,50940
2019-10-03 07:00:00,11.48,12.42,11.48,12.42,31790
2019-10-04 07:00:00,12.64,12.78,12.49,12.72,20550
2019-10-07 07:00:00,12.72,13.06,12.61,12.68,20220
2019-10-08 07:00:00,12.68,12.79,12.49,12.79,14370
2019-10-09 07:00:00,12.79,12.91,12.57,12.68,6640
2019-10-10 07:00:00,12.68,12.68,12.04,12.04,28070
2019-10-11 07:00:00,12.25,12.27,12.04,12.1,17610
2019-10-14 07:00:00,12.34,12.34,12.1,12.3,17670
2019-10-15 07:00:00,12.34,12.34,12.17,12.34,4270
2019-10-16 07:00:00,12.34,12.34,11.74,11.78,53350
2019-10-17 07:00:00,10.99,11.14,10.97,10.97,37330
2019-10-18 07:00:00,10.25,10.54,10.22,10.46,38260
2019-10-21 07:00:00,10.05,10.38,10.05,10.12,43690
2019-10-22 07:00:00,10.12,10.12,9.71,9.78,50120
2019-10-23 07:00:00,9.61,9.73,9.41,9.6,31080
2019-10-24 07:00:00,9.6,9.6,9.39,9.52,39680
2019-10-25 07:00:00,9.71,10.18,9.67,10.18,31750
2019-10-28 07:00:00,10.18,10.67,10.18,10.42,10700
2019-10-29 07:00:00,10.5,10.63,10.35,10.46,40480
2019-10-30 07:00:00,10.42,10.46,10.16,10.35,8930
2019-10-31 07:00:00,10.75,10.75,10.35,10.47,8180
2019-11-01 07:00:00,9.79,10.27,9.79,9.95,5960
2019-11-04 07:00:00,10.31,10.31,9.55,9.95,49670
2019-11-05 07:00:00,9.59,9.95,9.55,9.91,7630
2019-11-06 07:00:00,9.91,10.07,9.63,9.91,5840
2019-11-07 07:00:00,9.91,10.03,9.87,9.91,2540
2019-11-08 07:00:00,9.95,9.95,9.83,9.95,8610
2019-11-11 07:00:00,10.07,10.07,9.77,9.95,8810
2019-11-12 07:00:00,9.95,9.95,9.85,9.85,5220
2019-11-13 07:00:00,9.95,9.95,9.65,9.91,7810
2019-11-14 07:00:00,9.91,9.93,9.75,9.91,1900
2019-11-15 07:00:00,9.93,9.93,9.67,9.87,9240
2019-11-18 07:00:00,9.87,9.91,9.55,9.87,36280
2019-11-19 07:00:00,9.87,9.87,9.47,9.73,38830
2019-11-20 07:00:00,9.73,9.73,9.35,9.51,18030
2019-11-21 07:00:00,9.45,9.45,9.23,9.31,5620
2019-11-22 07:00:00,9.31,9.31,8.68,8.68,47010
2019-11-25 07:00:00,8.7,8.7,8.16,8.32,19420
2019-11-26 07:00:00,8.32,8.32,7.92,7.98,22970
2019-11-27 07:00:00,7.96,8.54,7.96,8.54,27090
2019-11-28 07:00:00,9.05,9.11,8.84,9.07,22770
2019-11-29 07:00:00,9.03,9.07,8.7,8.96,6300
2019-12-02 07:00:00,8.96,8.96,8.56,8.56,29930
2019-12-03 07:00:00,8.16,8.76,8.0,8.76,53350
2019-12-04 07:00:00,8.76,8.76,8.32,8.72,40310
2019-12-05 07:00:00,8.72,8.72,8.56,8.68,1320
2019-12-06 07:00:00,8.68,8.68,8.32,8.56,7610
2019-12-09 07:00:00,8.64,8.91,8.64,8.76,10660
2019-12-10 07:00:00,8.76,8.96,8.76,8.84,2030
2019-12-11 07:00:00,8.91,8.91,8.76,8.8,13020
2019-12-12 07:00:00,8.8,9.05,8.8,9.05,3460
2019-12-13 07:00:00,9.05,9.39,8.84,9.39,18540
2019-12-16 07:00:00,9.39,9.39,9.15,9.31,1270
2019-12-17 07:00:00,9.37,9.37,9.07,9.27,13710
2019-12-18 07:00:00,9.19,9.23,9.15,9.23,15980
2019-12-19 07:00:00,9.19,9.23,8.99,9.23,10910
2019-12-20 07:00:00,9.25,9.27,9.25,9.27,420
2019-12-23 07:00:00,9.27,9.27,9.15,9.23,9270
2019-12-24 07:00:00,9.15,9.27,9.15,9.27,1080
2019-12-25 07:00:00,9.41,9.41,9.15,9.23,3940
2019-12-26 07:00:00,9.63,9.63,8.96,9.15,3430
2019-12-27 07:00:00,9.45,9.45,9.15,9.27,310
2019-12-30 07:00:00,9.35,9.35,8.96,9.21,4670
2019-12-31 07:00:00,8.78,9.27,8.78,9.23,22770
2020-01-02 07:00:00,9.23,9.23,9.21,9.23,380
2020-01-03 07:00:00,9.23,9.27,9.11,9.15,2870
2020-01-06 07:00:00,9.19,9.19,8.76,9.05,4900
2020-01-07 07:00:00,8.96,8.99,8.96,8.99,880
2020-01-08 07:00:00,9.27,9.27,8.84,8.91,2100
2020-01-09 07:00:00,8.96,8.99,8.88,8.88,410
2020-01-10 07:00:00,8.99,8.99,8.76,8.99,4110
2020-01-13 07:00:00,9.05,9.05,8.99,8.99,210
2020-01-14 07:00:00,8.62,8.91,8.6,8.91,410
2020-01-15 07:00:00,8.91,8.91,8.36,8.36,18090
2020-01-16 07:00:00,8.44,8.56,8.36,8.44,33680
2020-01-17 07:00:00,8.52,8.78,8.36,8.44,18940
2020-01-20 07:00:00,8.36,8.48,8.36,8.48,6930
2020-01-21 07:00:00,8.56,8.74,8.44,8.74,2690
2020-01-22 07:00:00,8.74,9.11,8.56,9.11,4040
2020-01-30 07:00:00,9.15,9.15,8.96,8.96,1120
2020-01-31 07:00:00,8.36,9.29,8.36,8.96,9040
2020-02-03 07:00:00,8.46,8.46,8.34,8.34,13760
2020-02-04 07:00:00,8.34,8.56,8.0,8.0,1600
2020-02-05 07:00:00,8.36,8.36,7.96,8.36,2100
2020-02-06 07:00:00,8.36,8.52,8.32,8.44,21910
2020-02-07 07:00:00,8.56,8.7,8.44,8.68,29540
2020-02-10 07:00:00,8.68,8.68,8.36,8.56,9660
2020-02-11 07:00:00,8.76,8.76,8.4,8.56,1850
2020-02-12 07:00:00,8.62,8.64,8.36,8.52,32830
2020-02-13 07:00:00,8.52,8.54,8.36,8.54,24690
2020-02-14 07:00:00,8.56,8.56,8.36,8.52,10730
2020-02-17 07:00:00,8.52,8.52,8.36,8.48,39900
2020-02-18 07:00:00,8.48,8.48,8.32,8.4,3010
2020-02-19 07:00:00,7.98,8.52,7.98,8.52,3960
2020-02-20 07:00:00,8.62,8.62,8.38,8.48,11100
2020-02-21 07:00:00,8.48,8.48,8.36,8.48,24650
2020-02-24 07:00:00,8.36,8.36,7.96,8.18,57920
2020-02-25 07:00:00,7.64,8.18,7.64,8.12,9230
2020-02-26 07:00:00,8.12,8.12,7.66,8.08,5870
2020-02-27 07:00:00,8.04,8.04,7.96,7.96,8360
2020-02-28 07:00:00,7.88,7.92,7.56,7.92,16050
2020-03-02 07:00:00,7.88,7.92,7.4,7.4,10140
2020-03-03 07:00:00,7.56,7.76,7.36,7.76,8430
2020-03-04 07:00:00,7.8,7.8,7.56,7.7,2540
2020-03-05 07:00:00,7.68,7.7,7.56,7.68,13930
2020-03-06 07:00:00,7.68,8.12,7.68,8.02,30060
2020-03-09 07:00:00,7.5,7.72,7.46,7.64,27460
2020-03-10 07:00:00,7.22,7.52,7.22,7.28,5150
2020-03-11 07:00:00,7.54,7.54,7.16,7.46,3160
2020-03-12 07:00:00,7.46,7.46,7.08,7.16,34920
2020-03-13 07:00:00,7.16,7.16,6.67,7.16,7660
2020-03-16 07:00:00,7.16,7.32,7.16,7.32,3100
2020-03-17 07:00:00,6.83,7.24,6.83,7.22,830
2020-03-18 07:00:00,7.32,7.56,7.16,7.22,5350
2020-03-19 07:00:00,6.75,7.34,6.75,7.24,1940
2020-03-20 07:00:00,7.54,7.56,6.96,7.2,24500
2020-03-23 07:00:00,6.77,7.22,6.77,7.1,40980
2020-03-24 07:00:00,7.12,7.12,6.65,7.08,1430
2020-03-25 07:00:00,6.79,7.12,6.77,6.88,3240
2020-03-26 07:00:00,6.81,6.96,6.81,6.96,16400
2020-03-27 07:00:00,7.04,7.04,6.77,7.0,15470
2020-03-30 07:00:00,7.04,7.06,6.77,7.06,11390
2020-03-31 07:00:00,7.08,7.08,6.83,6.96,750
2020-04-01 07:00:00,6.49,7.06,6.49,6.96,2130
2020-04-03 07:00:00,6.96,6.96,6.88,6.96,1260
2020-04-06 07:00:00,6.96,7.16,6.88,7.16,25060
2020-04-07 07:00:00,7.16,7.2,6.75,7.16,5190
2020-04-08 07:00:00,7.08,7.66,6.96,7.66,31060
2020-04-09 07:00:00,7.96,8.0,7.64,7.84,18750
2020-04-10 07:00:00,7.96,7.98,7.3,7.56,7060
2020-04-13 07:00:00,7.36,7.56,7.08,7.12,50210
2020-04-14 07:00:00,7.4,7.4,7.0,7.36,14100
2020-04-15 07:00:00,7.36,7.52,7.16,7.44,10050
2020-04-16 07:00:00,7.44,7.86,7.32,7.8,39460
2020-04-17 07:00:00,7.84,8.08,7.84,7.96,44640
2020-04-20 07:00:00,8.26,8.26,7.88,8.0,23330
2020-04-21 07:00:00,8.0,8.0,7.44,7.64,16790
2020-04-22 07:00:00,7.64,7.76,7.4,7.72,8250
2020-04-23 07:00:00,7.36,7.64,7.2,7.64,40560
2020-04-24 07:00:00,7.52,7.52,7.32,7.52,8480
2020-04-27 07:00:00,7.48,7.56,7.36,7.56,18510
2020-04-28 07:00:00,7.56,7.62,7.4,7.4,11900
2020-04-29 07:00:00,7.32,7.44,7.1,7.32,37020
2020-05-04 07:00:00,7.32,7.32,6.84,7.16,16540
2020-05-05 07:00:00,6.96,7.16,6.96,7.16,8400
2020-05-06 07:00:00,7.16,7.22,6.69,6.98,18280
2020-05-07 07:00:00,6.96,7.1,6.65,6.92,92730
2020-05-08 07:00:00,7.14,7.4,7.0,7.36,56170
2020-05-11 07:00:00,7.36,7.86,7.56,7.86,58470
2020-05-12 07:00:00,8.4,8.4,8.4,8.4,89290
2020-05-13 07:00:00,8.98,8.98,8.76,8.98,134770
2020-05-14 07:00:00,8.64,9.47,8.64,8.98,77320
2020-05-15 07:00:00,8.6,8.76,8.4,8.4,63080
2020-05-18 07:00:00,7.84,8.68,7.84,8.22,61730
2020-05-19 07:00:00,8.68,8.68,8.06,8.56,42610
2020-05-20 07:00:00,8.56,9.15,8.56,9.15,85700
2020-05-21 07:00:00,9.79,9.79,9.79,9.79,35780
2020-05-22 07:00:00,10.47,10.47,9.87,10.15,407260
2020-05-25 07:00:00,10.07,10.15,9.75,9.95,85810
2020-05-26 07:00:00,10.15,10.15,9.95,9.99,47160
2020-05-27 07:00:00,10.11,10.11,9.81,9.83,95510
2020-05-28 07:00:00,10.15,10.15,9.71,9.87,49270
2020-05-29 07:00:00,10.07,10.07,9.75,9.79,55470
2020-06-01 07:00:00,9.95,10.11,9.75,10.03,76640
2020-06-02 07:00:00,10.05,10.07,9.87,9.93,38580
2020-06-03 07:00:00,9.95,9.95,9.69,9.83,34630
2020-06-04 07:00:00,9.89,9.89,9.71,9.71,60340
2020-06-05 07:00:00,9.71,10.19,9.65,10.13,71080
2020-06-08 07:00:00,9.99,10.47,9.99,10.35,88540
2020-06-09 07:00:00,10.55,10.55,10.27,10.27,67220
2020-06-10 07:00:00,10.15,10.19,9.95,10.11,57730
2020-06-11 07:00:00,10.03,10.15,9.87,9.87,57390
2020-06-12 07:00:00,9.55,9.63,9.23,9.27,80890
2020-06-15 07:00:00,9.49,9.49,8.96,8.96,53910
2020-06-16 07:00:00,8.96,9.33,8.96,9.27,23550
2020-06-17 07:00:00,9.27,9.51,9.15,9.23,7110
2020-06-18 07:00:00,9.19,9.19,8.96,9.07,44710
2020-06-19 07:00:00,9.07,9.33,9.07,9.33,29660
2020-06-22 07:00:00,9.49,9.51,9.35,9.47,23550
2020-06-23 07:00:00,9.51,9.51,9.27,9.43,5690
2020-06-24 07:00:00,9.19,9.31,9.17,9.17,16080
2020-06-25 07:00:00,9.03,9.17,8.99,9.07,9830
2020-06-26 07:00:00,9.07,9.15,9.03,9.07,4460
2020-06-29 07:00:00,8.99,9.15,8.58,8.58,38350
2020-06-30 07:00:00,8.58,8.72,8.58,8.64,37140
2020-07-01 07:00:00,8.4,8.76,8.28,8.76,7070
2020-07-02 07:00:00,8.76,8.96,8.76,8.96,9400
2020-07-03 07:00:00,8.96,8.96,8.6,8.84,8450
2020-07-06 07:00:00,8.84,8.96,8.8,8.8,12050
2020-07-07 07:00:00,8.76,9.23,8.76,8.88,7830
2020-07-08 07:00:00,8.99,9.07,8.99,9.02,1530
2020-07-09 07:00:00,9.27,9.59,9.15,9.47,53070
2020-07-10 07:00:00,9.47,9.93,9.39,9.93,80910
2020-07-13 07:00:00,9.87,10.35,9.87,10.17,45080
2020-07-14 07:00:00,10.17,10.86,10.15,10.86,274470
2020-07-15 07:00:00,11.62,11.62,11.58,11.62,218530
2020-07-16 07:00:00,12.42,12.42,12.42,12.42,83590
2020-07-17 07:00:00,13.27,13.27,12.66,12.74,335000
2020-07-20 07:00:00,11.98,12.66,11.86,11.86,146080
2020-07-21 07:00:00,11.86,11.94,11.1,11.42,59210
2020-07-22 07:00:00,11.42,11.82,11.34,11.36,72790
2020-07-23 07:00:00,11.36,11.46,10.59,11.1,64270
2020-07-24 07:00:00,10.98,11.14,10.33,10.98,123160
2020-07-27 07:00:00,10.23,10.75,10.23,10.23,123530
2020-07-28 07:00:00,9.59,10.92,9.59,10.92,90630
2020-07-29 07:00:00,11.1,11.1,10.43,10.75,125430
2020-07-30 07:00:00,10.98,11.06,10.67,10.75,78610
2020-07-31 07:00:00,10.55,10.73,10.55,10.67,65400
2020-08-03 07:00:00,10.67,11.4,10.67,11.4,159220
2020-08-04 07:00:00,11.54,11.94,11.54,11.6,227730
2020-08-05 07:00:00,12.39,12.39,12.39,12.39,398870
2020-08-06 07:00:00,13.13,13.22,12.87,13.22,374680
2020-08-07 07:00:00,14.1,14.14,14.05,14.14,167910
2020-08-10 07:00:00,15.1,15.1,15.1,15.1,171090
2020-08-11 07:00:00,16.16,16.16,14.05,14.05,681350
2020-08-12 07:00:00,13.57,14.27,13.31,13.57,197550
2020-08-13 07:00:00,13.48,14.18,13.48,14.05,107940
2020-08-14 07:00:00,14.05,14.4,13.66,14.14,134880
2020-08-17 07:00:00,14.01,14.1,13.57,13.57,147820
2020-08-18 07:00:00,13.53,13.92,13.53,13.7,51790
2020-08-19 07:00:00,13.57,13.79,13.48,13.62,49200
2020-08-20 07:00:00,13.44,13.57,13.13,13.13,102780
2020-08-21 07:00:00,12.96,13.48,12.96,13.31,61250
2020-08-24 07:00:00,13.53,13.57,13.13,13.18,140700
2020-08-25 07:00:00,13.31,13.31,13.13,13.18,99100
2020-08-26 07:00:00,13.18,13.66,13.09,13.66,119360
2020-08-27 07:00:00,13.66,14.27,13.66,14.18,252860
2020-08-28 07:00:00,14.27,14.45,13.88,14.01,196760
2020-08-31 07:00:00,13.66,13.83,13.57,13.66,123070
2020-09-01 07:00:00,13.83,13.83,13.13,13.48,102370
2020-09-03 07:00:00,13.4,13.83,13.4,13.48,68790
2020-09-04 07:00:00,13.22,13.44,13.22,13.31,67550
2020-09-07 07:00:00,13.31,14.01,13.31,13.57,175460
2020-09-08 07:00:00,13.57,13.66,13.44,13.44,52450
2020-09-09 07:00:00,13.35,13.66,13.35,13.48,86450
2020-09-10 07:00:00,13.57,13.57,13.4,13.44,48770
2020-09-11 07:00:00,13.44,13.92,13.4,13.66,88120
2020-09-14 07:00:00,13.92,13.92,13.66,13.83,175070
2020-09-15 07:00:00,14.01,14.01,13.66,13.83,88950
2020-09-16 07:00:00,13.83,13.83,13.57,13.75,31440
2020-09-17 07:00:00,13.53,13.75,13.48,13.57,119120
2020-09-18 07:00:00,13.53,13.57,13.48,13.53,61220
2020-09-21 07:00:00,13.48,13.83,13.48,13.62,58120
2020-09-22 07:00:00,13.66,13.66,13.44,13.48,46120
2020-09-23 07:00:00,13.57,13.57,13.4,13.4,73480
2020-09-24 07:00:00,13.48,13.48,13.31,13.35,82910
2020-09-25 07:00:00,13.4,13.4,13.22,13.31,69820
2020-09-28 07:00:00,13.22,13.31,13.13,13.13,72420
2020-09-29 07:00:00,13.22,13.31,13.13,13.13,40080
2020-09-30 07:00:00,13.13,13.13,12.21,12.39,628460
2020-10-01 07:00:00,12.39,12.83,12.39,12.83,170310
2020-10-02 07:00:00,12.83,12.83,11.95,12.35,332280
2020-10-05 07:00:00,12.35,12.43,12.3,12.39,155030
2020-10-06 07:00:00,12.39,12.65,12.26,12.56,258900
2020-10-07 07:00:00,12.61,12.61,12.39,12.39,114550
2020-10-08 07:00:00,12.39,12.43,12.26,12.26,120450
2020-10-09 07:00:00,12.35,12.52,12.26,12.43,120160
2020-10-12 07:00:00,12.3,12.35,12.17,12.21,116030
2020-10-13 07:00:00,12.26,12.26,12.08,12.13,61540
2020-10-14 07:00:00,12.13,12.13,11.64,11.73,166150
2020-10-15 07:00:00,11.73,11.73,11.21,11.3,153350
2020-10-16 07:00:00,11.34,11.34,10.86,10.86,148460
2020-10-19 07:00:00,10.86,10.94,10.51,10.81,152620
2020-10-20 07:00:00,10.81,10.86,10.6,10.81,92780
2020-10-21 07:00:00,10.68,11.56,10.6,11.56,90990
2020-10-22 07:00:00,12.35,12.35,11.82,11.95,181360
2020-10-23 07:00:00,11.95,11.95,11.56,11.78,108580
2020-10-26 07:00:00,11.38,11.56,11.38,11.47,81850
2020-10-27 07:00:00,11.38,11.38,11.03,11.12,48780
2020-10-28 07:00:00,10.73,11.3,10.73,10.77,60570
2020-10-29 07:00:00,10.68,11.21,10.55,10.86,82450
2020-10-30 07:00:00,11.12,11.12,10.77,10.86,21610
2020-11-02 07:00:00,10.68,10.94,10.68,10.77,19670
2020-11-03 07:00:00,11.21,11.21,10.81,10.94,36400
2020-11-04 07:00:00,10.94,11.47,10.94,11.47,66020
2020-11-05 07:00:00,11.03,11.38,11.03,11.21,31280
2020-11-06 07:00:00,11.38,11.38,11.08,11.16,21740
2020-11-09 07:00:00,11.21,11.38,11.16,11.3,66170
2020-11-10 07:00:00,11.38,11.47,11.34,11.34,90110
2020-11-11 07:00:00,11.38,11.38,11.12,11.21,29740
2020-11-12 07:00:00,11.21,11.38,10.94,11.25,52510
2020-11-13 07:00:00,11.03,11.3,11.03,11.25,39280
2020-11-16 07:00:00,11.25,11.25,10.99,11.03,65970
2020-11-17 07:00:00,11.03,11.03,10.94,10.99,54320
2020-11-18 07:00:00,10.99,11.21,10.99,11.16,40100
2020-11-19 07:00:00,11.12,11.64,11.03,11.47,132410
2020-11-20 07:00:00,11.47,11.47,11.25,11.34,31680
2020-11-23 07:00:00,11.34,11.38,11.21,11.3,37810
2020-11-24 07:00:00,11.43,11.43,11.12,11.3,31620
2020-11-25 07:00:00,11.3,11.38,11.08,11.08,23280
2020-11-26 07:00:00,11.21,11.25,11.08,11.16,21430
2020-11-27 07:00:00,11.16,11.3,11.12,11.12,36770
2020-11-30 07:00:00,11.21,11.38,11.12,11.38,155930
2020-12-01 07:00:00,10.68,11.38,10.68,11.38,72350
2020-12-02 07:00:00,11.12,11.38,11.03,11.12,56110
2020-12-03 07:00:00,11.3,11.3,11.03,11.16,32020
2020-12-04 07:00:00,11.12,11.21,11.03,11.21,75290
2020-12-07 07:00:00,11.3,11.3,11.03,11.16,46470
2020-12-08 07:00:00,11.21,11.21,11.08,11.08,35850
2020-12-09 07:00:00,11.21,11.38,11.08,11.3,130050
2020-12-10 07:00:00,11.38,11.38,11.16,11.16,103400
2020-12-11 07:00:00,11.21,11.3,11.16,11.21,56390
2020-12-14 07:00:00,11.21,11.38,11.21,11.34,92650
2020-12-15 07:00:00,11.34,11.34,11.12,11.16,86050
2020-12-16 07:00:00,11.25,11.3,11.12,11.21,81290
2020-12-17 07:00:00,11.08,11.25,11.08,11.16,91840
2020-12-18 07:00:00,11.16,11.25,11.12,11.25,122320
2020-12-21 07:00:00,11.25,12.0,11.25,12.0,312680
2020-12-22 07:00:00,12.56,12.56,12.0,12.17,192960
2020-12-23 07:00:00,12.26,12.43,12.17,12.26,176990
2020-12-24 07:00:00,11.64,12.04,11.6,11.78,208650
2020-12-25 07:00:00,11.64,12.0,11.64,11.91,59980
2020-12-28 07:00:00,11.95,11.95,11.73,11.73,127950
2020-12-29 07:00:00,11.82,12.0,11.47,12.0,100920
2020-12-30 07:00:00,12.0,12.08,11.82,12.0,134150
2020-12-31 07:00:00,12.0,12.83,12.0,12.83,764360
2021-01-04 07:00:00,13.66,13.66,13.05,13.09,199400
2021-01-05 07:00:00,13.05,13.48,12.7,13.22,252600
2021-01-06 07:00:00,13.13,13.4,12.83,13.13,455900
2021-01-07 07:00:00,13.13,13.48,12.78,13.31,302300
2021-01-08 07:00:00,13.4,13.44,13.05,13.22,201800
2021-01-11 07:00:00,13.31,13.4,13.09,13.4,276900
2021-01-12 07:00:00,14.01,14.01,13.48,13.75,247100
2021-01-13 07:00:00,13.75,13.83,13.22,13.22,179900
2021-01-14 07:00:00,13.13,13.31,13.13,13.31,251000
2021-01-15 07:00:00,13.4,13.53,13.09,13.13,214900
2021-01-18 07:00:00,13.13,13.31,12.96,13.22,139500
2021-01-19 07:00:00,13.22,13.35,12.3,12.43,166800
2021-01-20 07:00:00,12.26,12.39,11.64,12.21,189200
2021-01-21 07:00:00,12.26,12.61,12.08,12.08,71400
2021-01-22 07:00:00,12.08,12.61,12.08,12.26,136400
2021-01-25 07:00:00,12.52,12.52,12.26,12.26,80100
2021-01-26 07:00:00,12.26,12.26,11.82,11.91,105700
2021-01-27 07:00:00,11.69,11.78,11.12,11.16,149500
2021-01-28 07:00:00,10.42,10.94,10.42,10.42,127300
2021-01-29 07:00:00,9.76,10.68,9.76,10.68,62000
2021-02-01 07:00:00,10.24,10.94,10.16,10.16,44500
2021-02-02 07:00:00,10.16,10.51,9.89,10.51,60700
2021-02-03 07:00:00,10.07,10.86,10.07,10.77,66500
2021-02-04 07:00:00,10.81,11.03,10.77,10.81,41600
2021-02-05 07:00:00,10.9,10.9,10.77,10.86,43100
2021-02-08 07:00:00,10.68,10.86,10.29,10.33,50900
2021-02-09 07:00:00,10.38,10.73,10.38,10.73,33000
2021-02-17 07:00:00,10.73,10.9,10.42,10.81,35100
2021-02-18 07:00:00,10.94,11.56,10.77,11.56,149900
2021-02-19 07:00:00,11.73,12.35,11.73,12.17,181800
2021-02-22 07:00:00,12.96,12.96,12.13,12.17,118500
2021-02-23 07:00:00,12.0,12.08,11.56,12.04,109300
2021-02-24 07:00:00,12.04,12.08,11.47,11.64,83400
2021-02-25 07:00:00,11.64,12.08,11.47,12.04,102200
2021-02-26 07:00:00,12.04,12.04,11.91,12.04,37500
2021-03-01 07:00:00,12.0,12.08,11.91,12.0,49600
2021-03-02 07:00:00,12.0,12.0,11.86,11.91,46100
2021-03-03 07:00:00,11.91,12.61,11.91,12.48,96400
2021-03-04 07:00:00,13.13,13.13,12.43,12.43,132700
2021-03-05 07:00:00,11.95,12.39,11.95,12.35,31800
2021-03-08 07:00:00,12.39,12.39,12.08,12.26,47700
2021-03-09 07:00:00,12.26,12.26,12.04,12.21,58500
2021-03-10 07:00:00,12.26,12.26,12.13,12.26,48900
2021-03-11 07:00:00,12.35,12.35,12.08,12.08,45800
2021-03-12 07:00:00,12.26,12.26,12.08,12.08,26900
2021-03-15 07:00:00,12.17,12.17,12.0,12.17,72900
2021-03-16 07:00:00,12.08,12.43,12.08,12.43,131400
2021-03-17 07:00:00,12.43,12.7,12.26,12.43,80800
2021-03-18 07:00:00,12.7,12.83,12.48,12.56,177700
2021-03-19 07:00:00,12.56,12.61,12.48,12.52,55000
2021-03-22 07:00:00,12.65,12.7,12.26,12.26,59700
2021-03-23 07:00:00,12.26,12.43,12.0,12.17,148600
2021-03-24 07:00:00,11.82,12.17,11.82,11.82,30900
2021-03-25 07:00:00,11.95,11.95,11.56,11.91,39000
2021-03-26 07:00:00,11.91,11.91,11.47,11.56,60400
2021-03-29 07:00:00,11.56,12.17,11.56,11.86,32100
2021-03-30 07:00:00,11.86,11.86,11.69,11.78,20900
2021-03-31 07:00:00,11.21,11.64,11.21,11.56,78900
2021-04-01 07:00:00,11.56,11.69,11.34,11.47,83300
2021-04-02 07:00:00,11.47,11.82,11.47,11.56,37800
2021-04-05 07:00:00,11.82,11.82,11.56,11.73,44500
2021-04-06 07:00:00,11.69,11.73,11.47,11.64,53800
2021-04-07 07:00:00,11.64,11.64,11.47,11.56,61900
2021-04-08 07:00:00,11.64,11.64,11.51,11.51,21600
2021-04-09 07:00:00,11.56,11.73,11.51,11.6,42200
2021-04-12 07:00:00,11.64,11.73,11.6,11.69,88600
2021-04-13 07:00:00,11.73,11.78,11.51,11.69,78000
2021-04-14 07:00:00,11.69,11.73,11.64,11.73,61100
2021-04-15 07:00:00,12.08,12.08,11.64,11.78,41700
2021-04-16 07:00:00,11.78,11.78,11.21,11.38,72100
2021-04-19 07:00:00,11.38,11.38,11.21,11.34,44100
2021-04-20 07:00:00,11.47,11.47,11.3,11.38,25600
2021-04-22 07:00:00,11.47,11.47,11.12,11.12,34300
2021-04-23 07:00:00,10.99,11.21,10.99,11.12,38300
2021-04-26 07:00:00,11.38,11.38,11.12,11.21,37100
2021-04-27 07:00:00,11.21,11.51,11.12,11.3,45800
2021-04-28 07:00:00,11.12,11.3,11.12,11.21,12400
2021-04-29 07:00:00,11.21,11.21,11.12,11.21,39300
2021-05-04 07:00:00,11.21,11.21,11.03,11.08,15500
2021-05-05 07:00:00,10.99,11.21,10.99,11.12,21500
2021-05-06 07:00:00,11.25,11.25,10.99,11.03,22800
2021-05-07 07:00:00,10.99,11.03,10.77,10.94,50500
2021-05-10 07:00:00,10.94,10.94,10.51,10.68,49800
2021-05-11 07:00:00,10.16,10.68,10.16,10.46,71600
2021-05-12 07:00:00,10.51,10.86,10.51,10.86,37900
2021-05-13 07:00:00,10.9,10.9,10.77,10.77,34000
2021-05-14 07:00:00,10.6,10.77,10.6,10.68,14300
2021-05-17 07:00:00,10.68,10.77,10.51,10.51,34300
2021-05-18 07:00:00,10.51,10.51,10.33,10.51,40600
2021-05-19 07:00:00,10.42,10.42,10.33,10.33,29300
2021-05-20 07:00:00,10.2,10.24,9.98,10.07,60200
2021-05-21 07:00:00,9.89,10.77,9.89,10.73,111200
2021-05-24 07:00:00,11.03,11.03,10.73,10.73,31000
2021-05-25 07:00:00,10.73,10.77,10.51,10.51,37500
2021-05-26 07:00:00,10.24,10.51,10.24,10.42,44000
2021-05-27 07:00:00,10.51,10.51,10.24,10.24,23700
2021-05-28 07:00:00,10.16,10.42,10.16,10.24,30500
2021-05-31 07:00:00,10.24,10.33,10.16,10.24,21700
2021-06-01 07:00:00,10.24,10.33,10.24,10.33,19800
2021-06-02 07:00:00,10.38,10.38,9.63,10.33,22900
2021-06-03 07:00:00,10.51,10.94,10.38,10.86,114200
2021-06-04 07:00:00,11.03,11.03,10.73,10.77,69500
2021-06-07 07:00:00,10.94,11.3,10.94,11.21,125100
2021-06-08 07:00:00,11.21,11.21,10.94,11.08,69100
2021-06-09 07:00:00,10.68,11.03,10.68,10.9,47200
2021-06-10 07:00:00,10.77,11.64,10.6,11.64,192500
2021-06-11 07:00:00,12.0,12.08,11.3,11.3,218900
2021-06-14 07:00:00,11.38,11.64,11.3,11.3,91900
2021-06-15 07:00:00,11.21,11.64,11.21,11.38,97700
2021-06-16 07:00:00,11.51,11.51,10.94,11.3,55100
2021-06-17 07:00:00,10.94,11.91,10.94,11.86,233700
2021-06-18 07:00:00,12.04,12.04,11.69,11.78,109700
2021-06-21 07:00:00,11.47,11.64,11.47,11.51,66100
2021-06-22 07:00:00,11.51,11.56,11.34,11.47,82700
2021-06-23 07:00:00,11.47,11.56,11.34,11.47,51300
2021-06-24 07:00:00,11.6,11.6,11.3,11.3,77700
2021-06-25 07:00:00,11.38,11.56,11.3,11.47,45900
2021-06-28 07:00:00,11.47,11.47,11.3,11.38,25800
2021-06-29 07:00:00,11.47,11.64,11.38,11.51,66900
2021-06-30 07:00:00,11.51,11.56,11.38,11.38,36600
2021-07-01 07:00:00,11.21,11.25,11.08,11.21,47900
2021-07-02 07:00:00,11.03,11.3,11.03,11.12,59900
2021-07-05 07:00:00,11.21,11.21,10.94,10.94,47100
2021-07-06 07:00:00,10.73,10.9,10.6,10.6,46700
2021-07-07 07:00:00,10.6,10.86,10.51,10.51,37600
2021-07-08 07:00:00,10.33,10.51,10.33,10.38,34600
2021-07-09 07:00:00,10.33,10.33,10.11,10.11,54400
2021-07-12 07:00:00,10.07,10.07,9.46,9.63,56300
2021-07-13 07:00:00,9.63,10.24,9.63,10.07,12600
2021-07-14 07:00:00,10.07,10.24,9.76,10.02,12200
2021-07-15 07:00:00,9.94,10.11,9.89,10.11,3900
2021-07-16 07:00:00,10.16,10.16,9.98,10.11,25600
2021-07-19 07:00:00,9.98,9.98,9.46,9.76,37700
2021-07-20 07:00:00,9.76,9.89,9.63,9.89,11500
2021-07-21 07:00:00,9.98,10.07,9.94,9.94,12500
2021-07-22 07:00:00,10.11,10.24,9.98,10.2,30500
2021-07-23 07:00:00,10.2,10.24,10.11,10.11,7400
2021-07-26 07:00:00,9.72,10.07,9.72,9.98,9100
2021-07-27 07:00:00,9.98,10.16,9.89,10.16,58200
2021-07-28 07:00:00,10.24,10.33,10.11,10.16,51600
2021-07-29 07:00:00,10.2,10.24,10.07,10.07,22900
2021-07-30 07:00:00,10.07,10.16,9.98,10.11,46000
2021-08-02 07:00:00,10.29,10.29,9.94,9.98,40100
2021-08-03 07:00:00,9.81,10.07,9.81,9.98,60700
2021-08-04 07:00:00,9.98,9.98,9.85,9.98,56200
2021-08-05 07:00:00,9.89,10.24,9.89,10.16,48000
2021-08-06 07:00:00,10.29,10.29,10.16,10.16,82300
2021-08-09 07:00:00,10.16,10.16,10.07,10.16,64000
2021-08-10 07:00:00,10.16,10.42,10.11,10.33,67700
2021-08-11 07:00:00,10.38,10.94,10.38,10.86,122200
2021-08-12 07:00:00,10.86,10.86,10.42,10.64,81500
2021-08-13 07:00:00,10.6,10.73,10.42,10.6,94600
2021-08-16 07:00:00,10.81,11.21,10.77,11.08,252600
2021-08-17 07:00:00,11.12,11.34,11.03,11.21,132500
2021-08-18 07:00:00,11.21,11.3,11.03,11.03,59200
2021-08-19 07:00:00,10.86,11.3,10.86,11.16,122700
2021-08-20 07:00:00,10.86,11.3,10.77,10.86,153500
2021-08-23 07:00:00,10.9,10.9,10.42,10.51,72700
2021-08-24 07:00:00,10.51,10.51,10.33,10.42,89900
2021-08-25 07:00:00,10.33,10.42,10.24,10.38,55600
2021-08-26 07:00:00,10.38,10.68,10.24,10.42,55800
2021-08-27 07:00:00,10.33,10.6,10.33,10.55,44800
2021-08-30 07:00:00,10.64,11.25,10.6,11.25,190600
2021-08-31 07:00:00,11.38,11.47,11.3,11.34,239400
2021-09-01 07:00:00,11.34,11.34,11.03,11.21,69400
2021-09-06 07:00:00,11.47,11.95,11.47,11.95,426000
2021-09-07 07:00:00,12.21,12.21,11.47,11.6,204400
2021-09-08 07:00:00,11.3,11.6,11.25,11.47,103400
2021-09-09 07:00:00,11.38,11.56,11.16,11.56,118700
2021-09-10 07:00:00,11.82,11.95,11.47,11.47,86200
2021-09-13 07:00:00,11.47,11.64,11.21,11.34,135500
2021-09-14 07:00:00,11.38,11.56,11.16,11.21,106100
2021-09-15 07:00:00,11.08,11.38,10.94,11.3,109800
2021-09-16 07:00:00,11.47,11.56,11.25,11.25,82900
2021-09-17 07:00:00,11.25,11.47,11.25,11.3,70500
2021-09-20 07:00:00,11.38,11.38,11.25,11.34,78200
2021-09-21 07:00:00,11.34,11.34,11.03,11.21,79900
2021-09-22 07:00:00,11.21,11.82,11.08,11.82,229700
2021-09-23 07:00:00,12.21,12.21,11.82,11.82,269200
2021-09-24 07:00:00,11.78,11.78,11.38,11.47,77800
2021-09-27 07:00:00,11.43,11.47,11.16,11.16,73900
2021-09-28 07:00:00,11.3,11.3,11.03,11.25,57100
2021-09-29 07:00:00,11.25,11.25,11.08,11.08,69800
2021-09-30 07:00:00,11.12,11.38,11.08,11.08,76200
2021-10-01 07:00:00,11.12,11.3,11.12,11.21,32700
2021-10-04 07:00:00,11.21,11.64,11.16,11.47,116600
2021-10-05 07:00:00,11.56,11.69,11.51,11.56,67800
2021-10-06 07:00:00,11.56,11.6,11.34,11.43,53500
2021-10-07 07:00:00,11.3,11.56,11.3,11.51,67300
2021-10-08 07:00:00,11.6,11.82,11.6,11.69,174000
2021-10-11 07:00:00,11.82,11.91,11.73,11.78,152600
2021-10-12 07:00:00,11.78,11.82,11.56,11.64,75200
2021-10-13 07:00:00,11.82,11.82,11.43,11.64,73400
2021-10-14 07:00:00,11.64,11.64,11.47,11.51,46400
2021-10-15 07:00:00,11.38,11.6,11.38,11.47,72200
2021-10-18 07:00:00,11.56,11.64,11.43,11.43,42200
2021-10-19 07:00:00,11.43,11.43,11.34,11.38,34100
2021-10-20 07:00:00,11.34,11.47,11.3,11.38,77900
2021-10-21 07:00:00,11.3,11.82,11.3,11.78,131100
2021-10-22 07:00:00,11.47,11.91,11.47,11.73,82700
2021-10-25 07:00:00,11.73,12.26,11.73,12.0,156100
2021-10-26 07:00:00,11.95,12.13,11.73,11.86,110700
2021-10-27 07:00:00,11.86,12.65,11.86,12.65,578400
2021-10-28 07:00:00,12.78,13.44,12.78,13.18,485000
2021-10-29 07:00:00,13.22,13.4,12.96,13.31,225200
2021-11-01 07:00:00,13.05,13.57,12.65,13.31,492600
2021-11-02 07:00:00,13.35,14.01,13.13,14.01,379200
2021-11-03 07:00:00,14.01,14.18,13.05,13.22,198000
2021-11-04 07:00:00,13.05,14.14,12.96,14.14,371500
2021-11-05 07:00:00,14.71,15.1,14.14,14.97,479400
2021-11-08 07:00:00,15.06,15.41,14.62,15.02,353200
2021-11-09 07:00:00,15.02,15.02,14.01,14.8,231900
2021-11-10 07:00:00,14.54,15.06,14.54,14.8,245400
2021-11-11 07:00:00,14.97,15.15,14.62,15.06,316000
2021-11-12 07:00:00,15.06,16.11,14.8,15.89,312800
2021-11-15 07:00:00,16.2,16.2,15.28,15.58,224900
2021-11-16 07:00:00,15.58,15.58,15.06,15.19,249300
2021-11-17 07:00:00,15.02,15.5,14.71,15.32,256400
2021-11-18 07:00:00,15.32,15.76,14.97,15.02,145300
2021-11-19 07:00:00,14.97,14.97,14.1,14.36,363900
2021-11-22 07:00:00,13.88,14.62,13.4,13.4,271100
2021-11-23 07:00:00,13.22,14.18,13.22,14.1,124000
2021-11-24 07:00:00,14.36,15.06,14.36,14.88,401800
2021-11-25 07:00:00,15.06,15.32,14.71,14.71,200600
2021-11-26 07:00:00,14.97,15.02,14.71,14.88,224100
2021-11-29 07:00:00,14.18,14.88,14.18,14.84,276600
2021-11-30 07:00:00,14.4,15.76,14.4,15.24,610500
2021-12-01 07:00:00,15.24,15.94,14.97,15.24,121200
2021-12-02 07:00:00,15.76,15.76,15.24,15.5,218400
2021-12-03 07:00:00,15.63,15.63,14.45,14.62,256000
2021-12-06 07:00:00,14.62,14.62,13.66,13.75,219900
2021-12-07 07:00:00,14.18,14.45,13.83,14.45,101000
2021-12-08 07:00:00,14.97,14.97,14.27,14.54,62000
2021-12-09 07:00:00,14.54,14.8,14.54,14.8,73100
2021-12-10 07:00:00,14.8,14.97,14.75,14.88,189900
2021-12-13 07:00:00,14.88,15.32,14.88,15.06,293200
2021-12-14 07:00:00,15.32,15.32,15.02,15.15,372400
2021-12-15 07:00:00,15.15,15.24,14.88,15.06,189200
2021-12-16 07:00:00,14.97,15.15,14.97,15.06,137800
2021-12-17 07:00:00,15.02,15.24,14.88,15.06,203800
2021-12-20 07:00:00,15.32,16.11,15.32,16.11,891400
2021-12-21 07:00:00,16.9,16.9,16.2,16.29,503100
2021-12-22 07:00:00,16.64,17.07,16.2,17.07,256700
2021-12-23 07:00:00,17.16,17.16,15.99,16.58,520600
2021-12-24 07:00:00,16.58,16.67,15.81,16.4,247000
2021-12-27 07:00:00,16.71,17.07,16.26,16.62,138700
2021-12-28 07:00:00,16.71,16.71,16.35,16.35,171800
2021-12-29 07:00:00,16.17,16.53,15.22,16.26,218300
2021-12-30 07:00:00,16.26,16.26,15.99,16.26,75800
2021-12-31 07:00:00,16.22,16.67,16.08,16.31,109300
2022-01-04 07:00:00,16.08,16.4,16.08,16.22,173200
2022-01-05 07:00:00,16.31,17.07,15.99,16.71,489900
2022-01-06 07:00:00,16.71,17.71,16.71,16.85,194800
2022-01-07 07:00:00,17.16,17.16,16.44,16.49,166100
2022-01-10 07:00:00,16.49,16.8,15.81,16.49,364700
2022-01-11 07:00:00,16.49,16.89,16.49,16.58,288500
2022-01-12 07:00:00,16.67,16.67,15.81,16.53,173100
2022-01-13 07:00:00,15.99,16.67,15.99,16.12,139700
2022-01-14 07:00:00,16.04,16.17,15.45,15.99,185700
2022-01-17 07:00:00,16.08,16.08,14.91,14.91,125700
2022-01-18 07:00:00,14.77,15.27,14.77,15.0,65900
2022-01-19 07:00:00,15.0,15.36,14.91,15.36,41200
2022-01-20 07:00:00,15.31,15.63,14.82,15.63,89900
2022-01-21 07:00:00,15.9,15.9,15.22,15.58,47600
2022-01-24 07:00:00,15.31,15.31,14.5,14.54,82000
2022-01-25 07:00:00,14.54,14.77,14.27,14.77,51500
2022-01-26 07:00:00,14.77,14.82,14.64,14.77,42700
2022-01-27 07:00:00,15.18,15.18,14.54,14.54,30600
2022-01-28 07:00:00,15.0,15.0,14.45,14.77,19700
2022-02-07 07:00:00,15.63,15.63,14.45,15.18,30400
2022-02-08 07:00:00,15.18,15.81,15.09,15.58,52400
2022-02-09 07:00:00,15.58,15.72,15.18,15.63,20500
2022-02-10 07:00:00,15.09,15.58,15.09,15.09,56200
2022-02-11 07:00:00,15.0,15.27,15.0,15.22,31800
2022-02-14 07:00:00,15.22,16.26,15.22,16.08,275700
2022-02-15 07:00:00,16.17,16.17,15.99,16.12,110500
2022-02-16 07:00:00,16.17,16.44,15.76,16.31,131800
2022-02-17 07:00:00,16.22,17.07,15.81,16.85,378200
2022-02-18 07:00:00,17.16,17.53,16.85,17.43,452400
2022-02-21 07:00:00,17.89,18.16,17.48,18.07,260400
2022-02-22 07:00:00,17.89,18.02,17.62,17.8,224100
2022-02-23 07:00:00,17.8,18.43,17.71,17.89,290300
2022-02-24 07:00:00,17.89,17.98,16.8,17.3,263200
2022-02-25 07:00:00,17.3,17.71,17.26,17.3,92800
2022-02-28 07:00:00,17.3,18.07,16.98,17.89,228000
2022-03-01 07:00:00,17.89,19.11,17.89,19.11,310200
2022-03-02 07:00:00,19.96,20.24,19.15,19.96,389900
2022-03-03 07:00:00,19.6,21.0,19.42,19.96,412700
2022-03-04 07:00:00,19.69,20.33,19.69,19.87,270200
2022-03-07 07:00:00,20.14,20.78,19.78,20.78,250400
2022-03-08 07:00:00,20.82,20.82,19.33,19.33,415600
2022-03-09 07:00:00,19.29,20.33,18.43,20.24,405400
2022-03-10 07:00:00,21.23,21.59,20.33,21.55,320000
2022-03-11 07:00:00,22.13,22.13,20.51,20.78,209400
2022-03-14 07:00:00,20.78,20.78,19.96,20.78,195700
2022-03-15 07:00:00,20.78,21.68,19.69,20.87,223100
2022-03-16 07:00:00,20.78,21.59,20.42,20.78,96500
2022-03-17 07:00:00,20.96,20.96,20.24,20.69,123500
2022-03-18 07:00:00,20.33,20.69,20.14,20.28,92300
2022-03-21 07:00:00,20.01,20.78,20.01,20.6,127700
2022-03-22 07:00:00,20.96,20.96,20.06,20.6,107500
2022-03-23 07:00:00,20.64,21.5,20.64,21.18,246600
2022-03-24 07:00:00,20.87,22.13,20.87,21.41,172700
2022-03-25 07:00:00,21.59,21.73,21.18,21.28,143300
2022-03-28 07:00:00,22.13,22.72,21.32,22.72,563500
2022-03-29 07:00:00,24.3,24.3,23.26,23.4,812300
2022-03-30 07:00:00,22.68,24.39,22.68,23.67,233200
2022-03-31 07:00:00,23.67,23.85,22.76,23.31,118800
2022-04-01 07:00:00,22.68,24.12,22.58,24.12,220400
2022-04-04 07:00:00,23.85,24.12,23.04,23.4,133900
2022-04-05 07:00:00,23.22,24.21,23.04,23.76,212100
2022-04-06 07:00:00,23.71,23.94,22.58,22.99,234500
2022-04-07 07:00:00,22.86,22.95,21.77,22.13,212900
2022-04-08 07:00:00,21.95,22.09,20.6,20.6,257100
2022-04-12 07:00:00,20.51,22.0,19.78,22.0,226500
2022-04-13 07:00:00,22.86,22.86,22.04,22.86,183600
2022-04-14 07:00:00,22.49,23.4,22.49,22.86,106900
2022-04-15 07:00:00,22.58,24.21,22.13,23.49,258900
2022-04-18 07:00:00,25.11,25.11,25.11,25.11,236600
2022-04-19 07:00:00,26.83,26.83,25.75,26.2,1576600
2022-04-20 07:00:00,25.75,28.0,25.11,28.0,1210400
2022-04-21 07:00:00,28.0,29.95,26.83,29.95,1043700
2022-04-22 07:00:00,28.95,29.81,27.87,27.87,514000
2022-04-25 07:00:00,25.93,26.29,25.93,25.93,335200
2022-04-26 07:00:00,24.12,24.12,24.12,24.12,236900
2022-04-27 07:00:00,24.12,25.79,23.04,25.79,822100
2022-04-28 07:00:00,26.65,26.92,25.34,25.93,283500
2022-04-29 07:00:00,25.84,27.73,25.52,27.73,470600
2022-05-04 07:00:00,28.0,29.36,27.73,29.09,445800
2022-05-05 07:00:00,29.18,29.81,27.06,27.06,786900
2022-05-06 07:00:00,25.7,28.91,25.57,27.69,711300
2022-05-09 07:00:00,27.1,28.46,25.79,25.79,581200
2022-05-10 07:00:00,24.21,25.75,24.03,25.75,661600
2022-05-11 07:00:00,26.29,26.51,24.39,25.02,344200
2022-05-12 07:00:00,24.48,25.2,23.31,23.31,334000
2022-05-13 07:00:00,23.04,23.04,21.68,21.68,283600
2022-05-16 07:00:00,22.58,22.58,20.19,20.19,742200
2022-05-17 07:00:00,18.79,21.41,18.79,21.23,490100
2022-05-18 07:00:00,21.5,22.22,20.78,21.41,359600
2022-05-19 07:00:00,20.51,21.14,20.33,20.96,373400
2022-05-20 07:00:00,20.6,21.32,20.6,20.64,333200
2022-05-23 07:00:00,20.78,22.04,20.51,21.23,450300
2022-05-24 07:00:00,21.73,22.13,21.05,21.86,317000
2022-05-25 07:00:00,21.91,23.35,21.91,23.35,446700
2022-05-26 07:00:00,23.49,23.49,22.63,23.31,319100
2022-05-27 07:00:00,23.31,24.75,23.04,24.12,589600
2022-05-30 07:00:00,24.12,24.75,23.49,24.12,442000
2022-05-31 07:00:00,24.12,24.48,23.67,24.03,366900
2022-06-01 07:00:00,23.98,25.7,23.08,25.7,992800
2022-06-02 07:00:00,26.15,27.01,25.57,25.7,442000
2022-06-03 07:00:00,25.66,26.65,24.84,26.2,474200
2022-06-06 07:00:00,25.93,26.51,25.16,25.75,786000
2022-06-07 07:00:00,25.3,26.47,24.84,26.47,928500
2022-06-08 07:00:00,26.97,27.06,25.75,25.75,613500
2022-06-09 07:00:00,25.57,26.15,25.3,25.88,346900
2022-06-10 07:00:00,25.43,25.88,24.08,24.08,605300
2022-06-13 07:00:00,22.4,23.04,22.4,22.4,445600
2022-06-14 07:00:00,21.05,23.31,21.05,22.54,514900
2022-06-15 07:00:00,22.58,22.95,21.0,21.86,395600
2022-06-16 07:00:00,22.54,23.04,21.86,22.4,370500
2022-06-17 07:00:00,22.13,22.86,21.28,22.31,377800
2022-06-20 07:00:00,22.45,23.85,22.31,23.85,770400
2022-06-21 07:00:00,23.85,24.3,22.22,22.22,476200
2022-06-22 07:00:00,22.58,22.58,20.73,20.78,433400
2022-06-23 07:00:00,20.01,22.22,20.01,22.04,385400
2022-06-24 07:00:00,22.04,22.4,21.41,21.41,231800
2022-06-27 07:00:00,22.13,22.22,21.46,21.77,134500
2022-06-28 07:00:00,21.68,22.58,20.73,21.41,529000
2022-06-29 07:00:00,21.41,22.31,21.32,22.04,249300
2022-06-30 07:00:00,22.13,22.58,21.5,21.95,260600
2022-07-01 07:00:00,21.95,22.27,20.87,22.04,253500
2022-07-04 07:00:00,22.22,22.31,21.05,21.41,287500
2022-07-05 07:00:00,21.05,21.41,19.92,19.92,552100
2022-07-06 07:00:00,18.88,20.33,18.79,18.79,391900
2022-07-07 07:00:00,18.79,19.29,17.48,17.48,222800
2022-07-08 07:00:00,18.11,18.34,17.62,17.71,146400
2022-07-11 07:00:00,17.71,17.98,16.53,17.07,190400
2022-07-12 07:00:00,17.03,18.25,16.98,18.25,252400
2022-07-13 07:00:00,18.52,19.06,18.25,18.61,172600
2022-07-14 07:00:00,18.11,18.88,18.11,18.61,126500
2022-07-15 07:00:00,18.52,19.24,18.52,18.7,187300
2022-07-18 07:00:00,19.15,19.42,18.74,19.11,166500
2022-07-19 07:00:00,19.11,19.33,18.79,18.97,115100
2022-07-20 07:00:00,19.33,19.69,18.97,19.29,262000
2022-07-21 07:00:00,19.65,19.65,18.74,18.97,170900
2022-07-22 07:00:00,18.93,19.24,18.52,18.52,164200
2022-07-25 07:00:00,18.43,18.43,17.93,17.98,185700
2022-07-26 07:00:00,17.8,18.07,16.76,16.76,725200
2022-07-27 07:00:00,16.62,17.53,15.9,17.48,278600
2022-07-28 07:00:00,18.07,18.29,17.62,17.75,142500
2022-07-29 07:00:00,17.66,17.66,16.89,16.94,239600
2022-08-01 07:00:00,16.94,17.07,16.12,17.07,468000
2022-08-02 07:00:00,17.16,17.3,17.03,17.07,220900
2022-08-03 07:00:00,17.07,18.02,16.98,17.71,369500
2022-08-04 07:00:00,17.89,17.89,17.34,17.53,270600
2022-08-05 07:00:00,17.48,17.8,17.26,17.53,193800
2022-08-08 07:00:00,17.62,18.74,17.53,18.74,840600
2022-08-09 07:00:00,19.15,19.15,18.43,18.61,381200
2022-08-10 07:00:00,18.47,18.7,18.43,18.52,188200
2022-08-11 07:00:00,18.61,19.42,18.34,18.38,491300
2022-08-12 07:00:00,18.25,18.97,18.02,18.47,302900
2022-08-15 07:00:00,18.97,18.97,18.38,18.43,206500
2022-08-16 07:00:00,18.34,18.61,18.07,18.25,215000
2022-08-17 07:00:00,18.34,18.84,18.07,18.34,421300
2022-08-18 07:00:00,18.07,18.43,17.93,17.98,249500
2022-08-19 07:00:00,17.93,17.98,17.16,17.43,346000
2022-08-22 07:00:00,17.16,17.34,16.98,16.98,316900
2022-08-23 07:00:00,16.89,17.43,16.71,17.43,161100
2022-08-24 07:00:00,17.57,17.75,17.43,17.66,170800
2022-08-25 07:00:00,17.89,18.56,17.62,18.43,505500
2022-08-26 07:00:00,18.43,18.74,18.07,18.11,367400
2022-08-29 07:00:00,17.34,17.89,17.07,17.48,308100
2022-08-30 07:00:00,17.75,17.89,17.43,17.53,229000
2022-08-31 07:00:00,17.53,18.34,17.34,18.16,345700
2022-09-05 07:00:00,18.47,18.47,17.98,18.11,231700
2022-09-06 07:00:00,18.11,18.34,17.8,17.89,225300
2022-09-07 07:00:00,17.84,17.84,17.16,17.16,311900
2022-09-08 07:00:00,17.16,17.34,16.98,17.03,194700
2022-09-09 07:00:00,16.98,17.43,16.98,17.43,129700
2022-09-12 07:00:00,17.34,17.71,17.34,17.34,136500
2022-09-13 07:00:00,17.3,17.62,17.3,17.53,66300
2022-09-14 07:00:00,16.98,17.53,16.98,17.53,121500
2022-09-15 07:00:00,17.53,17.62,17.43,17.48,194800
2022-09-16 07:00:00,17.48,17.48,17.03,17.03,118500
2022-09-19 07:00:00,17.03,17.16,15.85,15.85,276600
2022-09-20 07:00:00,15.9,16.08,15.58,15.94,128900
2022-09-21 07:00:00,15.94,15.94,15.31,15.45,167200
2022-09-22 07:00:00,15.18,15.81,15.18,15.81,114900
2022-09-23 07:00:00,16.12,16.12,15.81,15.94,108400
2022-09-26 07:00:00,15.54,15.54,14.86,15.18,238700
2022-09-27 07:00:00,14.82,15.18,14.82,15.18,54300
2022-09-28 07:00:00,14.77,14.91,14.45,14.45,104800
2022-09-29 07:00:00,14.91,14.91,13.82,13.82,65700
2022-09-30 07:00:00,13.55,13.6,12.92,13.37,205600
2022-10-03 07:00:00,13.55,13.55,12.47,12.47,133000
2022-10-04 07:00:00,12.65,12.65,11.88,11.88,148600
2022-10-05 07:00:00,12.2,12.47,11.79,12.42,274800
2022-10-06 07:00:00,12.56,12.56,11.61,11.61,121500
2022-10-07 07:00:00,11.61,11.61,10.84,10.84,284200
2022-10-10 07:00:00,10.25,11.25,10.25,11.16,140400
2022-10-11 07:00:00,11.16,11.25,10.48,10.48,113100
2022-10-12 07:00:00,10.25,11.2,10.25,11.02,100000
2022-10-13 07:00:00,11.29,11.56,10.84,11.56,88300
2022-10-14 07:00:00,11.97,12.29,11.61,12.15,248700
2022-10-17 07:00:00,12.24,12.38,11.97,12.15,154500
2022-10-18 07:00:00,12.2,12.65,12.06,12.15,62200
2022-10-19 07:00:00,12.1,12.33,12.1,12.29,59400
2022-10-20 07:00:00,12.2,12.33,12.02,12.06,54500
2022-10-21 07:00:00,12.06,12.56,11.25,11.74,144400
2022-10-24 07:00:00,11.83,11.83,10.93,11.29,77000
2022-10-25 07:00:00,10.84,11.34,10.57,11.16,75800
2022-10-26 07:00:00,11.11,11.2,10.7,10.75,55400
2022-10-27 07:00:00,10.75,11.25,10.66,11.25,49300
2022-10-28 07:00:00,11.29,11.47,11.11,11.11,76400
2022-10-31 07:00:00,11.29,11.29,10.75,10.93,54400
2022-11-01 07:00:00,10.8,10.93,10.66,10.8,90800
2022-11-02 07:00:00,10.66,10.93,10.66,10.75,60400
2022-11-03 07:00:00,10.48,10.7,10.48,10.48,61700
2022-11-04 07:00:00,10.66,10.66,9.89,10.39,79700
2022-11-07 07:00:00,10.25,10.25,9.85,9.89,94400
2022-11-08 07:00:00,9.58,9.89,9.21,9.76,136800
2022-11-09 07:00:00,9.76,10.03,9.76,9.85,78500
2022-11-10 07:00:00,9.85,9.85,9.17,9.17,78700
2022-11-11 07:00:00,9.3,9.48,8.87,9.02,61400
2022-11-14 07:00:00,8.99,8.99,8.39,8.39,59400
2022-11-15 07:00:00,8.13,8.47,7.8,7.8,112100
2022-11-16 07:00:00,7.26,8.3,7.26,8.3,139300
2022-11-17 07:00:00,8.41,8.49,8.3,8.3,48900
2022-11-18 07:00:00,8.13,8.88,8.13,8.88,130800
2022-11-21 07:00:00,9.21,9.48,8.99,9.44,122500
2022-11-22 07:00:00,9.58,9.76,8.85,9.35,90000
2022-11-23 07:00:00,9.4,9.44,8.95,8.95,48200
2022-11-24 07:00:00,8.49,9.02,8.49,8.94,40200
2022-11-25 07:00:00,9.4,9.4,8.94,9.17,65200
2022-11-28 07:00:00,9.44,9.8,9.03,9.8,142400
2022-11-29 07:00:00,10.12,10.3,9.67,10.21,61500
2022-11-30 07:00:00,10.7,10.7,10.12,10.3,57000
2022-12-01 07:00:00,10.48,10.8,10.21,10.57,152000
2022-12-02 07:00:00,10.57,10.66,10.03,10.66,61800
2022-12-05 07:00:00,10.66,11.02,10.57,10.8,230300
2022-12-06 07:00:00,10.75,11.52,10.39,11.52,384000
2022-12-07 07:00:00,11.38,11.38,10.75,10.75,202900
2022-12-08 07:00:00,10.84,11.11,10.43,10.43,179600
2022-12-09 07:00:00,10.66,10.66,10.21,10.3,148200
2022-12-12 07:00:00,10.57,10.98,10.3,10.98,245600
2022-12-13 07:00:00,10.7,11.38,10.66,10.98,94800
2022-12-14 07:00:00,11.16,11.29,10.75,10.84,99200
2022-12-15 07:00:00,10.8,10.89,10.62,10.62,125100
2022-12-16 07:00:00,10.52,10.8,10.39,10.62,92500
2022-12-19 07:00:00,10.8,11.34,10.62,11.02,189600
2022-12-20 07:00:00,10.93,11.02,10.39,10.57,88300
2022-12-21 07:00:00,10.48,10.66,9.94,10.39,197700
2022-12-22 07:00:00,10.57,10.57,9.67,9.67,175500
2022-12-23 07:00:00,9.53,9.85,9.53,9.53,68300
2022-12-26 07:00:00,9.67,9.67,9.03,9.03,124700
2022-12-27 07:00:00,9.03,9.48,9.02,9.48,47900
2022-12-28 07:00:00,9.62,9.85,9.48,9.71,70700
2022-12-29 07:00:00,9.71,9.85,9.53,9.58,26900
2022-12-30 07:00:00,9.53,9.71,9.3,9.53,37500
2023-01-03 07:00:00,9.62,10.16,9.62,10.16,145100
2023-01-04 07:00:00,10.48,10.48,10.16,10.16,72900
2023-01-05 07:00:00,10.16,10.21,9.89,10.21,67000
2023-01-06 07:00:00,10.21,10.48,10.03,10.25,93200
2023-01-09 07:00:00,10.43,10.57,10.12,10.34,153200
2023-01-10 07:00:00,9.98,10.3,9.76,10.07,58100
2023-01-11 07:00:00,10.07,10.34,10.07,10.3,79200
2023-01-12 07:00:00,10.3,10.84,10.07,10.62,128000
2023-01-13 07:00:00,10.7,10.8,10.34,10.57,85500
2023-01-16 07:00:00,10.66,10.75,10.12,10.34,43100
2023-01-17 07:00:00,10.48,10.48,10.21,10.48,94500
2023-01-18 07:00:00,10.48,10.93,10.3,10.93,161600
2023-01-19 07:00:00,10.62,11.02,10.62,10.93,38900
2023-01-27 07:00:00,10.93,11.2,10.66,10.8,100300
2023-01-30 07:00:00,10.89,11.11,10.66,11.11,120600
2023-01-31 07:00:00,10.66,11.16,10.66,10.98,100200
2023-02-01 07:00:00,11.11,11.2,10.66,10.66,62300
2023-02-02 07:00:00,10.62,10.8,10.52,10.66,62800
2023-02-03 07:00:00,10.75,10.75,10.39,10.57,51100
2023-02-06 07:00:00,10.43,10.62,10.34,10.39,76500
2023-02-07 07:00:00,10.48,11.02,10.39,10.52,122000
2023-02-08 07:00:00,10.52,10.75,10.21,10.66,56400
2023-02-09 07:00:00,10.57,11.38,10.57,11.38,368900
2023-02-10 07:00:00,11.79,11.88,11.38,11.74,165600
2023-02-13 07:00:00,11.74,11.74,10.93,10.93,172700
2023-02-14 07:00:00,10.84,10.93,10.43,10.75,149400
2023-02-15 07:00:00,10.57,11.07,10.3,11.07,107800
2023-02-16 07:00:00,11.29,11.29,10.93,11.07,69100
2023-02-17 07:00:00,11.25,11.25,10.84,11.02,68100
2023-02-20 07:00:00,11.25,11.47,11.02,11.47,135900
2023-02-21 07:00:00,11.83,11.88,11.56,11.74,204000
2023-02-22 07:00:00,11.65,11.65,10.98,10.98,118800
2023-02-23 07:00:00,10.84,11.34,10.48,11.34,176900
2023-02-24 07:00:00,11.11,11.43,10.7,11.43,40700
2023-02-27 07:00:00,11.34,11.34,10.75,10.98,57900
2023-02-28 07:00:00,10.66,10.93,10.66,10.93,68700
2023-03-01 07:00:00,10.93,11.11,10.7,11.11,51000
2023-03-02 07:00:00,10.84,11.11,10.8,10.98,27300
2023-03-03 07:00:00,10.8,10.98,10.75,10.98,36100
2023-03-06 07:00:00,10.84,11.02,10.8,10.8,37200
2023-03-07 07:00:00,10.93,10.93,10.66,10.75,19100
2023-03-08 07:00:00,10.57,11.02,10.57,10.93,36400
2023-03-09 07:00:00,10.93,11.11,10.89,11.11,44300
2023-03-10 07:00:00,11.11,11.38,10.98,11.11,48500
2023-03-13 07:00:00,10.84,11.11,10.84,10.93,14300
2023-03-14 07:00:00,11.2,11.2,10.52,10.66,41400
2023-03-15 07:00:00,10.84,11.25,10.7,11.2,95700
2023-03-16 07:00:00,11.16,11.16,10.8,11.16,45900
2023-03-17 07:00:00,11.38,11.38,10.98,11.2,42200
2023-03-20 07:00:00,11.2,11.2,10.75,10.75,45200
2023-03-21 07:00:00,11.02,11.02,10.75,10.84,21800
2023-03-22 07:00:00,10.93,10.98,10.84,10.93,17100
2023-03-23 07:00:00,10.84,10.98,10.84,10.98,18900
2023-03-24 07:00:00,10.98,11.11,10.75,11.11,91400
2023-03-27 07:00:00,11.5,11.59,11.21,11.59,81000
2023-03-28 07:00:00,11.59,11.59,11.35,11.4,36100
2023-03-29 07:00:00,11.4,11.54,11.11,11.5,52500
2023-03-30 07:00:00,11.5,11.5,11.3,11.3,44500
2023-03-31 07:00:00,11.35,11.35,11.21,11.21,8300
2023-04-03 07:00:00,11.5,11.5,11.21,11.26,27300
2023-04-04 07:00:00,11.3,11.59,11.26,11.59,121900
2023-04-05 07:00:00,11.69,11.69,11.21,11.59,68000
2023-04-06 07:00:00,11.59,11.69,11.45,11.45,73600
2023-04-07 07:00:00,11.45,11.45,11.26,11.45,27400
2023-04-10 07:00:00,11.45,11.45,11.3,11.35,37000
2023-04-11 07:00:00,11.3,11.59,11.3,11.5,33200
2023-04-12 07:00:00,11.54,11.54,11.3,11.35,32000
2023-04-13 07:00:00,11.5,11.5,11.3,11.35,32600
2023-04-14 07:00:00,11.35,12.02,11.35,11.5,91700
2023-04-17 07:00:00,11.5,11.69,11.4,11.5,18400
2023-04-18 07:00:00,11.64,11.64,11.4,11.54,68800
2023-04-19 07:00:00,11.59,11.64,11.5,11.5,54000
2023-04-20 07:00:00,11.5,11.59,11.4,11.5,36100
2023-04-21 07:00:00,11.59,11.59,11.02,11.5,80700
2023-04-24 07:00:00,11.45,11.45,11.21,11.4,29500
2023-04-25 07:00:00,11.35,11.35,11.16,11.16,49900
2023-04-26 07:00:00,11.3,11.3,11.02,11.3,22800
2023-04-27 07:00:00,11.3,11.35,11.06,11.06,58600
2023-04-28 07:00:00,11.06,11.3,11.06,11.16,20600
2023-05-04 07:00:00,11.11,11.16,10.97,11.11,51700
2023-05-05 07:00:00,11.11,11.11,10.92,11.06,29800
2023-05-08 07:00:00,11.06,11.06,10.82,10.87,52100
2023-05-09 07:00:00,10.92,10.92,10.78,10.87,53300
2023-05-10 07:00:00,10.92,11.02,10.78,10.92,70600
2023-05-11 07:00:00,11.06,11.16,10.82,10.92,49600
2023-05-12 07:00:00,11.02,11.02,10.87,10.92,19200
2023-05-15 07:00:00,10.87,11.11,10.87,10.92,48800
2023-05-16 07:00:00,10.92,10.97,10.82,10.92,20400
2023-05-17 07:00:00,10.97,11.3,10.92,11.02,53000
2023-05-18 07:00:00,11.06,11.06,10.87,10.92,12800
2023-05-19 07:00:00,11.02,11.02,10.87,10.97,33400
2023-05-22 07:00:00,10.97,10.97,10.87,10.97,11700
2023-05-23 07:00:00,11.02,11.02,10.82,10.92,57100
2023-05-24 07:00:00,10.82,10.92,10.78,10.92,30500
2023-05-25 07:00:00,10.92,10.92,10.78,10.87,62800
2023-05-26 07:00:00,10.78,10.97,10.78,10.97,57200
2023-05-29 07:00:00,10.92,11.4,10.82,11.26,153500
2023-05-30 07:00:00,11.26,11.26,11.06,11.11,40400
2023-05-31 07:00:00,11.11,11.35,11.11,11.21,134000
2023-06-01 07:00:00,11.26,11.97,11.26,11.97,346100
2023-06-02 07:00:00,12.79,12.79,12.07,12.4,315400
2023-06-05 07:00:00,12.45,12.74,12.12,12.16,180200
2023-06-06 07:00:00,12.64,12.74,12.16,12.31,177300
2023-06-07 07:00:00,12.16,12.36,12.16,12.26,172300
2023-06-08 07:00:00,12.26,13.08,12.16,13.08,503300
2023-06-09 07:00:00,13.08,13.08,12.69,13.03,107000
2023-06-12 07:00:00,13.03,13.27,12.45,12.79,180900
2023-06-13 07:00:00,13.17,13.17,12.36,12.84,147900
2023-06-14 07:00:00,12.93,12.93,11.97,11.97,234300
2023-06-15 07:00:00,12.07,12.26,11.97,12.12,123800
2023-06-16 07:00:00,12.16,12.4,12.07,12.16,127300
2023-06-19 07:00:00,12.12,12.16,12.02,12.16,65900
2023-06-20 07:00:00,12.16,12.4,12.16,12.36,67500
2023-06-21 07:00:00,12.36,12.6,12.31,12.45,74100
2023-06-22 07:00:00,12.69,12.88,12.45,12.74,147500
2023-06-23 07:00:00,12.74,12.74,12.45,12.6,92400
2023-06-26 07:00:00,12.64,12.69,12.31,12.45,110400
2023-06-27 07:00:00,12.45,12.69,12.45,12.69,80200
2023-06-28 07:00:00,12.79,13.17,12.79,12.93,162700
2023-06-29 07:00:00,12.93,12.93,12.5,12.74,77700
2023-06-30 07:00:00,12.74,12.74,12.45,12.74,59200
2023-07-03 07:00:00,12.79,13.55,12.55,13.36,386800
2023-07-04 07:00:00,13.51,13.7,13.27,13.27,79100
2023-07-05 07:00:00,13.22,13.51,12.93,13.17,208300
2023-07-06 07:00:00,13.17,13.17,12.79,12.79,75600
2023-07-07 07:00:00,13.32,13.32,12.64,12.88,53600
2023-07-10 07:00:00,12.45,13.32,12.45,12.64,231400
2023-07-11 07:00:00,12.64,12.88,12.64,12.84,60700
2023-07-12 07:00:00,12.84,12.84,12.6,12.74,95100
2023-07-13 07:00:00,12.79,13.08,12.79,12.98,70600
2023-07-14 07:00:00,12.84,13.08,12.84,12.98,89900
2023-07-17 07:00:00,13.36,13.36,12.93,13.03,98000
2023-07-18 07:00:00,12.98,13.03,12.64,12.88,89800
2023-07-19 07:00:00,12.74,13.41,12.69,13.32,224600
2023-07-20 07:00:00,13.46,13.46,13.08,13.32,135300
2023-07-21 07:00:00,13.32,13.32,13.08,13.27,110000
2023-07-24 07:00:00,13.27,13.36,13.08,13.36,133200
2023-07-25 07:00:00,13.41,13.6,13.36,13.6,218100
2023-07-26 07:00:00,13.46,13.51,13.32,13.32,143900
2023-07-27 07:00:00,13.36,13.36,12.79,13.32,213800
2023-07-28 07:00:00,13.32,13.32,12.98,13.03,99600
2023-07-31 07:00:00,13.08,13.08,12.79,12.93,159200
2023-08-01 07:00:00,13.08,13.08,12.74,12.74,235300
2023-08-02 07:00:00,12.88,12.88,12.69,12.74,114900
2023-08-03 07:00:00,12.74,12.88,12.55,12.79,115500
2023-08-04 07:00:00,12.74,12.84,12.74,12.84,51500
2023-08-07 07:00:00,12.88,13.12,12.84,13.12,186900
2023-08-08 07:00:00,13.22,13.32,13.12,13.27,124800
2023-08-09 07:00:00,13.27,13.27,12.93,12.98,121400
2023-08-10 07:00:00,12.98,13.12,12.69,12.98,81400
2023-08-11 07:00:00,13.03,13.03,12.69,12.79,101800
2023-08-14 07:00:00,13.03,13.03,12.79,12.84,55100
2023-08-15 07:00:00,12.93,12.93,12.69,12.88,58800
2023-08-16 07:00:00,12.93,13.03,12.84,12.93,70300
2023-08-17 07:00:00,12.93,12.93,12.79,12.88,106300
2023-08-18 07:00:00,12.64,12.84,12.02,12.16,128600
2023-08-21 07:00:00,12.16,12.45,11.69,12.45,153300
2023-08-22 07:00:00,12.45,12.84,12.26,12.55,184900
2023-08-23 07:00:00,12.69,12.69,12.36,12.45,12300
2023-08-24 07:00:00,12.45,12.74,12.26,12.74,68400
2023-08-25 07:00:00,12.88,13.6,12.74,13.6,852700
2023-08-28 07:00:00,13.7,14.37,13.7,14.18,315100
2023-08-29 07:00:00,14.66,14.66,13.6,13.75,480000
2023-08-30 07:00:00,13.98,14.08,13.75,13.94,213400
2023-08-31 07:00:00,13.94,14.13,13.7,13.7,227300
2023-09-05 07:00:00,13.79,14.08,13.55,14.08,178600
2023-09-06 07:00:00,14.27,14.32,13.79,14.08,190400
2023-09-07 07:00:00,14.27,14.27,13.89,14.13,226200
2023-09-08 07:00:00,14.13,14.13,13.89,13.94,144800
2023-09-11 07:00:00,14.08,14.9,13.98,14.9,1035200
2023-09-12 07:00:00,15.28,15.28,14.37,14.85,166800
2023-09-13 07:00:00,14.85,15.04,13.84,14.85,650200
2023-09-14 07:00:00,14.66,14.66,13.89,14.08,250600
2023-09-15 07:00:00,14.37,14.37,13.79,14.08,146200
2023-09-18 07:00:00,14.08,14.22,13.84,14.13,118300
2023-09-19 07:00:00,14.18,14.18,13.51,13.84,172600
2023-09-20 07:00:00,13.89,14.61,13.89,14.22,205500
2023-09-21 07:00:00,14.18,14.9,14.18,14.51,278600
2023-09-22 07:00:00,14.32,14.9,14.08,14.7,367500
2023-09-25 07:00:00,14.66,14.75,13.7,13.7,205500
2023-09-26 07:00:00,13.7,13.7,12.74,13.12,369200
2023-09-27 07:00:00,12.55,13.12,12.4,13.12,160400
2023-09-28 07:00:00,13.12,13.36,12.79,13.22,105400
2023-09-29 07:00:00,12.93,13.36,12.88,13.03,74100
2023-10-02 07:00:00,13.08,13.6,13.08,13.6,172900
2023-10-03 07:00:00,13.32,13.6,12.88,13.41,136300
2023-10-04 07:00:00,13.22,13.32,12.69,13.32,64800
2023-10-05 07:00:00,13.22,13.41,12.93,12.93,63100
2023-10-06 07:00:00,12.36,13.36,12.36,13.36,61900
2023-10-09 07:00:00,13.32,13.32,13.12,13.27,51900
2023-10-10 07:00:00,13.51,13.7,13.22,13.46,183200
2023-10-11 07:00:00,13.55,13.6,13.22,13.32,56100
2023-10-12 07:00:00,13.32,13.41,13.03,13.03,86500
2023-10-13 07:00:00,12.74,13.22,12.74,13.22,40400
2023-10-16 07:00:00,13.17,13.17,12.84,12.93,41500
2023-10-17 07:00:00,12.84,13.03,12.74,12.74,40600
2023-10-18 07:00:00,12.55,12.74,11.88,12.02,131600
2023-10-19 07:00:00,12.07,12.07,11.59,11.97,115200
2023-10-20 07:00:00,11.97,11.97,11.59,11.93,34200
2023-10-23 07:00:00,11.97,12.02,11.59,11.93,22400
2023-10-24 07:00:00,11.93,11.97,11.78,11.78,26000
2023-10-25 07:00:00,12.12,12.12,11.69,11.69,21000
2023-10-26 07:00:00,11.78,11.78,10.92,11.54,65200
2023-10-27 07:00:00,11.54,11.93,11.02,11.93,50900
2023-10-30 07:00:00,11.21,11.88,11.21,11.88,41100
2023-10-31 07:00:00,11.59,11.59,11.26,11.35,5400
2023-11-01 07:00:00,10.92,11.73,10.92,11.73,35400
2023-11-02 07:00:00,11.5,11.97,11.02,11.93,37100
2023-11-03 07:00:00,12.21,12.21,11.78,12.16,25100
2023-11-06 07:00:00,12.16,12.16,11.78,11.88,18400
2023-11-07 07:00:00,11.97,11.97,11.69,11.88,6300
2023-11-08 07:00:00,11.69,12.07,11.5,12.02,48300
2023-11-09 07:00:00,12.26,12.26,11.97,12.12,25500
2023-11-10 07:00:00,12.12,12.12,11.59,11.97,37500
2023-11-13 07:00:00,11.97,12.02,11.5,11.88,33000
2023-11-14 07:00:00,11.88,11.88,11.73,11.78,24800
2023-11-15 07:00:00,11.97,12.07,11.93,12.07,51200
2023-11-16 07:00:00,11.97,12.07,11.69,12.07,27000
2023-11-17 07:00:00,12.07,12.07,11.83,11.88,28600
2023-11-20 07:00:00,11.88,11.88,11.73,11.88,14900
2023-11-21 07:00:00,11.93,12.16,11.88,12.07,72800
2023-11-22 07:00:00,12.07,12.16,12.02,12.12,11500
2023-11-23 07:00:00,12.12,12.16,11.97,11.97,11500
2023-11-24 07:00:00,11.73,11.88,11.64,11.73,18700
2023-11-27 07:00:00,11.73,11.73,11.69,11.73,8200
2023-11-28 07:00:00,11.73,11.73,11.3,11.5,15800
2023-11-29 07:00:00,11.5,12.26,11.45,12.26,58700
2023-11-30 07:00:00,12.21,12.21,11.78,12.16,17100
2023-12-01 07:00:00,11.88,12.07,11.78,12.07,28200
2023-12-04 07:00:00,11.97,12.21,11.88,12.16,32200
2023-12-05 07:00:00,12.16,12.16,11.54,11.64,31400
2023-12-06 07:00:00,11.64,12.12,11.64,11.97,50000
2023-12-07 07:00:00,11.97,11.97,11.64,11.78,34500
2023-12-08 07:00:00,11.88,11.97,11.78,11.78,18300
2023-12-11 07:00:00,11.83,11.97,11.21,11.93,50900
2023-12-12 07:00:00,11.93,11.97,11.64,11.78,36800
2023-12-13 07:00:00,11.69,11.78,11.69,11.69,18000
2023-12-14 07:00:00,11.69,11.73,11.3,11.64,36500
2023-12-15 07:00:00,11.64,11.64,11.3,11.45,15700
2023-12-18 07:00:00,11.45,11.5,11.3,11.35,22300
2023-12-19 07:00:00,11.35,11.4,11.21,11.35,17200
2023-12-20 07:00:00,11.21,11.35,10.92,11.35,72300
2023-12-21 07:00:00,11.45,11.59,11.4,11.59,20900
2023-12-22 07:00:00,11.59,11.69,11.4,11.5,20700
2023-12-25 07:00:00,11.54,11.69,11.4,11.4,53700
2023-12-26 07:00:00,11.5,11.54,11.35,11.5,26500
2023-12-27 07:00:00,11.35,11.5,11.35,11.45,52000
2023-12-28 07:00:00,11.4,11.45,11.26,11.4,37600
2023-12-29 07:00:00,11.35,11.4,11.3,11.35,27800
2024-01-02 07:00:00,11.35,11.5,11.3,11.4,19800
2024-01-03 07:00:00,11.45,11.59,11.45,11.59,51400
2024-01-04 07:00:00,11.64,11.64,11.4,11.5,46300
2024-01-05 07:00:00,11.5,11.5,11.3,11.5,38200
2024-01-08 07:00:00,11.5,11.5,11.35,11.4,17100
2024-01-09 07:00:00,11.4,11.45,11.26,11.35,37400
2024-01-10 07:00:00,11.35,11.35,11.21,11.3,42200
2024-01-11 07:00:00,11.35,11.5,11.21,11.4,77800
2024-01-12 07:00:00,11.4,11.45,11.3,11.3,8900
2024-01-15 07:00:00,11.21,11.45,11.21,11.4,43400
2024-01-16 07:00:00,11.4,11.5,11.4,11.5,35600
2024-01-17 07:00:00,11.5,11.5,11.3,11.45,14300
2024-01-18 07:00:00,11.26,11.45,11.26,11.45,16000
2024-01-19 07:00:00,11.4,11.5,11.3,11.4,36300
2024-01-22 07:00:00,11.45,11.59,11.4,11.59,39500
2024-01-23 07:00:00,11.5,11.69,11.5,11.64,27600
2024-01-24 07:00:00,11.59,11.64,11.45,11.45,16900
2024-01-25 07:00:00,11.69,11.69,11.45,11.45,14900
2024-01-26 07:00:00,11.45,11.5,11.45,11.45,20400
2024-01-29 07:00:00,11.45,11.64,11.26,11.59,48700
2024-01-30 07:00:00,11.5,11.59,11.26,11.59,30600
2024-01-31 07:00:00,11.4,11.59,11.35,11.5,23300
2024-02-01 07:00:00,11.21,11.5,11.21,11.5,5000
2024-02-02 07:00:00,11.54,11.54,11.3,11.35,17100
2024-02-05 07:00:00,11.35,11.5,11.3,11.5,9500
2024-02-06 07:00:00,11.5,11.5,11.4,11.5,13000
2024-02-07 07:00:00,11.5,11.54,11.3,11.5,27900
2024-02-15 07:00:00,11.5,11.64,11.5,11.59,11100
2024-02-16 07:00:00,11.59,11.64,11.5,11.64,39600
2024-02-19 07:00:00,11.69,11.78,11.5,11.73,28100
2024-02-20 07:00:00,11.83,11.83,11.69,11.78,8800
2024-02-21 07:00:00,11.78,11.78,11.59,11.73,9400
2024-02-22 07:00:00,11.78,11.78,11.59,11.78,31600
2024-02-23 07:00:00,11.78,12.07,11.78,12.02,104400
2024-02-26 07:00:00,11.88,12.84,11.88,12.84,235700
2024-02-27 07:00:00,12.93,12.98,12.55,12.93,56200
2024-02-28 07:00:00,12.93,12.93,12.31,12.74,89700
2024-02-29 07:00:00,12.64,12.64,12.45,12.64,26400
2024-03-01 07:00:00,12.74,12.74,12.36,12.64,17700
2024-03-04 07:00:00,12.64,12.93,12.4,12.88,54200
2024-03-05 07:00:00,12.88,12.88,12.45,12.84,56200
2024-03-06 07:00:00,12.45,12.74,12.45,12.64,26600
2024-03-07 07:00:00,12.45,12.74,12.45,12.64,45600
2024-03-08 07:00:00,12.64,12.64,12.45,12.55,9200
2024-03-11 07:00:00,12.79,12.93,12.45,12.45,60400
2024-03-12 07:00:00,12.36,12.45,11.97,12.45,65600
2024-03-13 07:00:00,12.31,12.5,12.31,12.36,56000
2024-03-14 07:00:00,12.26,12.5,12.16,12.36,85800
2024-03-15 07:00:00,12.36,12.45,12.31,12.36,11900
2024-03-18 07:00:00,12.45,12.45,11.88,12.36,41000
2024-03-19 07:00:00,12.02,12.36,11.97,12.36,11900
2024-03-20 07:00:00,12.26,12.36,12.07,12.31,10800
2024-03-21 07:00:00,12.16,12.5,12.16,12.4,41700
2024-03-22 07:00:00,12.26,12.5,12.26,12.45,23800
2024-03-25 07:00:00,12.45,12.5,12.36,12.5,38600
2024-03-26 07:00:00,12.45,12.55,12.36,12.45,31900
2024-03-27 07:00:00,12.45,12.5,12.26,12.45,14200
2024-03-28 07:00:00,12.45,12.45,12.36,12.45,8800
2024-03-29 07:00:00,12.45,12.45,12.16,12.45,19600
2024-04-01 07:00:00,12.4,12.45,12.16,12.45,15200
2024-04-02 07:00:00,12.84,12.84,12.45,12.45,13000
2024-04-03 07:00:00,12.45,12.55,12.36,12.45,15200
2024-04-04 07:00:00,12.4,12.4,12.16,12.21,23200
2024-04-05 07:00:00,12.4,12.4,12.21,12.26,8300
2024-04-08 07:00:00,12.21,12.26,12.07,12.26,26700
2024-04-09 07:00:00,12.26,12.26,12.12,12.21,700
2024-04-10 07:00:00,12.21,12.21,11.97,12.02,20700
2024-04-11 07:00:00,11.97,12.84,11.97,12.21,13800
2024-04-12 07:00:00,12.31,12.31,12.02,12.26,21400
2024-04-15 07:00:00,12.02,12.26,11.97,12.02,78200
2024-04-16 07:00:00,11.97,11.97,11.3,11.88,29200
2024-04-17 07:00:00,12.12,12.16,11.69,11.83,5500
2024-04-19 07:00:00,11.5,11.83,11.5,11.78,19700
2024-04-22 07:00:00,11.78,11.93,11.54,11.93,3900
2024-04-23 07:00:00,11.93,11.93,11.83,11.88,8200
2024-04-24 07:00:00,11.88,11.88,11.83,11.83,11000
2024-04-25 07:00:00,11.69,11.88,11.3,11.83,5300
2024-04-26 07:00:00,11.78,11.78,11.64,11.78,4700
2024-05-02 07:00:00,11.59,11.93,11.59,11.88,53200
2024-05-03 07:00:00,11.88,11.88,11.73,11.88,9200
2024-05-06 07:00:00,11.78,11.97,11.78,11.93,8000
2024-05-07 07:00:00,11.78,11.93,11.73,11.93,5800
2024-05-08 07:00:00,11.93,11.93,11.83,11.83,10200
2024-05-09 07:00:00,11.83,12.64,11.83,12.31,85500
2024-05-10 07:00:00,12.31,12.31,11.97,12.16,12600
2024-05-13 07:00:00,12.16,12.16,11.5,12.07,37300
2024-05-14 07:00:00,12.07,12.36,11.93,12.12,50300
2024-05-15 07:00:00,12.16,12.16,11.97,12.12,57100
2024-05-16 07:00:00,12.12,12.12,11.93,11.97,20700
2024-05-17 07:00:00,12.02,12.12,11.88,12.02,34500
2024-05-20 07:00:00,12.02,12.12,11.93,12.02,41500
2024-05-21 07:00:00,12.07,12.07,11.88,11.97,21800
2024-05-22 07:00:00,12.16,12.16,11.88,11.97,28900
2024-05-23 07:00:00,12.02,12.02,11.88,11.97,14400
2024-05-24 07:00:00,11.97,11.97,11.88,11.97,19700
2024-05-27 07:00:00,11.97,12.02,11.88,11.97,30800
2024-05-28 07:00:00,12.02,12.02,11.83,11.83,32900
2024-05-29 07:00:00,11.97,12.07,11.83,11.97,120800
2024-05-30 07:00:00,11.97,12.02,11.83,11.97,14600
2024-05-31 07:00:00,11.97,12.02,11.88,12.02,38800
2024-06-03 07:00:00,11.97,12.07,11.93,12.02,73500
2024-06-04 07:00:00,11.97,12.07,11.93,12.02,27300
2024-06-05 07:00:00,11.97,12.07,11.93,12.02,69700
2024-06-06 07:00:00,12.02,12.12,12.02,12.12,63100
2024-06-07 07:00:00,12.12,12.36,12.12,12.16,73500
2024-06-10 07:00:00,12.16,12.74,12.16,12.55,119700
2024-06-11 07:00:00,12.88,12.93,12.26,12.55,64000
2024-06-12 07:00:00,12.55,12.55,12.31,12.31,37800
2024-06-13 07:00:00,12.31,12.45,12.31,12.31,28600
2024-06-14 07:00:00,12.4,12.4,12.26,12.26,46500
2024-06-17 07:00:00,12.16,12.4,12.12,12.36,62300
2024-06-18 07:00:00,12.26,12.45,12.26,12.36,11600
2024-06-19 07:00:00,12.36,12.74,12.36,12.64,147100
2024-06-20 07:00:00,12.64,12.69,12.6,12.69,49300
2024-06-21 07:00:00,12.69,13.32,12.69,13.17,166800
2024-06-24 07:00:00,13.27,13.27,12.64,12.93,85900
2024-06-25 07:00:00,13.08,13.08,12.84,13.08,50600
2024-06-26 07:00:00,12.93,12.98,12.45,12.5,75900
2024-06-27 07:00:00,12.55,12.64,12.4,12.4,55500
2024-06-28 07:00:00,12.4,12.4,12.16,12.21,51000
2024-07-01 07:00:00,12.21,12.45,11.69,12.16,34600
2024-07-02 07:00:00,12.84,12.84,12.07,12.26,17000
2024-07-03 07:00:00,12.26,12.36,12.16,12.31,38100
2024-07-04 07:00:00,12.36,12.45,12.12,12.45,22500
2024-07-05 07:00:00,12.45,12.55,12.36,12.4,10700
2024-07-08 07:00:00,12.36,12.4,12.16,12.4,14500
2024-07-09 07:00:00,12.26,12.6,12.26,12.5,72200
2024-07-10 07:00:00,12.5,12.69,12.4,12.45,31100
2024-07-11 07:00:00,12.36,12.6,12.36,12.55,25900
2024-07-12 07:00:00,12.45,12.55,12.36,12.5,28700
2024-07-15 07:00:00,12.55,12.84,12.45,12.5,18700
2024-07-16 07:00:00,12.5,12.55,12.4,12.5,18600
2024-07-17 07:00:00,12.45,12.45,12.26,12.26,10100
2024-07-18 07:00:00,12.45,12.5,12.07,12.36,20400
2024-07-19 07:00:00,12.02,12.45,12.02,12.31,7800
2024-07-22 07:00:00,12.31,12.36,12.07,12.36,23700
2024-07-23 07:00:00,12.26,12.45,12.16,12.45,17800
2024-07-24 07:00:00,12.02,12.36,11.78,12.07,11400
2024-07-25 07:00:00,12.07,12.26,12.02,12.07,21600
2024-07-26 07:00:00,12.26,12.26,12.02,12.16,16700
2024-07-29 07:00:00,12.21,12.31,11.97,12.16,28300
2024-07-30 07:00:00,12.02,12.12,11.78,12.07,54200
2024-07-31 07:00:00,11.97,11.97,11.59,11.97,70200
2024-08-01 07:00:00,11.88,11.88,11.4,11.64,69300
2024-08-02 07:00:00,11.69,11.88,11.35,11.88,15700
2024-08-05 07:00:00,11.59,11.83,11.16,11.54,42900
2024-08-06 07:00:00,11.5,11.69,11.21,11.26,11800
2024-08-07 07:00:00,11.45,11.45,11.21,11.26,14300
2024-08-08 07:00:00,11.35,11.5,11.02,11.5,21700
2024-08-09 07:00:00,11.45,11.5,11.11,11.5,11200
2024-08-12 07:00:00,11.11,11.4,11.11,11.35,7600
2024-08-13 07:00:00,11.35,11.35,11.11,11.35,17600
2024-08-14 07:00:00,11.3,11.4,11.11,11.4,12800
2024-08-15 07:00:00,11.4,11.5,11.21,11.45,23200
2024-08-16 07:00:00,11.35,11.54,11.35,11.5,19600
2024-08-19 07:00:00,11.54,11.54,11.35,11.45,2000
2024-08-20 07:00:00,11.54,11.54,11.3,11.4,23200
2024-08-21 07:00:00,11.3,11.64,11.3,11.5,20900
2024-08-22 07:00:00,11.4,11.5,11.3,11.5,15600
2024-08-23 07:00:00,11.4,11.45,11.3,11.45,31400
2024-08-26 07:00:00,11.4,11.5,11.4,11.45,4800
2024-08-27 07:00:00,11.45,11.45,11.4,11.45,1200
2024-08-28 07:00:00,11.35,11.4,11.3,11.4,9000
2024-08-29 07:00:00,11.35,11.45,11.3,11.45,18100
2024-08-30 07:00:00,11.45,11.5,11.21,11.5,29400
2024-09-04 07:00:00,11.5,11.64,11.21,11.5,12900
2024-09-05 07:00:00,11.45,11.54,11.35,11.5,16700
2024-09-06 07:00:00,11.78,11.78,11.4,11.45,5200
2024-09-09 07:00:00,11.45,11.5,11.21,11.5,9600
2024-09-10 07:00:00,11.45,11.64,11.26,11.59,44500
2024-09-11 07:00:00,11.35,11.54,11.21,11.54,22500
2024-09-12 07:00:00,11.54,11.54,11.45,11.5,2300
2024-09-13 07:00:00,11.35,11.5,11.3,11.5,6100
2024-09-16 07:00:00,11.4,11.45,11.4,11.45,3000
2024-09-17 07:00:00,11.35,11.45,11.26,11.4,3000
2024-09-18 07:00:00,11.5,11.5,11.02,11.4,31000
2024-09-19 07:00:00,11.4,11.4,11.4,11.4,3000
2024-09-20 07:00:00,11.5,11.5,11.26,11.4,3900
2024-09-23 07:00:00,11.4,11.54,11.21,11.5,15700
2024-09-24 07:00:00,11.5,11.54,11.26,11.5,15600
2024-09-25 07:00:00,11.5,11.54,11.21,11.45,19900
2024-09-26 07:00:00,11.4,11.5,11.4,11.5,2600
2024-09-27 07:00:00,11.45,11.5,11.3,11.35,9900
2024-09-30 07:00:00,11.4,11.54,11.26,11.4,8700
2024-10-01 07:00:00,11.4,11.45,11.3,11.4,10600
2024-10-02 07:00:00,11.3,11.5,11.26,11.5,25400
2024-10-03 07:00:00,11.5,11.54,11.21,11.5,25400
2024-10-04 07:00:00,11.3,11.45,11.3,11.3,7700
2024-10-07 07:00:00,11.3,11.5,11.3,11.4,18700
2024-10-08 07:00:00,11.3,11.45,11.26,11.3,7300
2024-10-09 07:00:00,11.35,11.35,11.3,11.35,4600
2024-10-10 07:00:00,11.4,11.4,11.26,11.26,12900
2024-10-11 07:00:00,11.4,11.4,11.26,11.3,6700
2024-10-14 07:00:00,11.3,11.35,11.26,11.35,7500
2024-10-15 07:00:00,11.35,11.35,11.3,11.3,1200
2024-10-16 07:00:00,11.26,11.88,11.21,11.5,17900
2024-10-17 07:00:00,11.5,11.5,11.26,11.5,2800
2024-10-18 07:00:00,11.4,11.5,11.4,11.45,3600
2024-10-21 07:00:00,11.3,11.45,11.3,11.45,2700
2024-10-22 07:00:00,11.45,11.45,11.21,11.4,21300
2024-10-23 07:00:00,11.3,11.4,11.26,11.35,6000
2024-10-24 07:00:00,11.35,11.59,11.35,11.45,35000
2024-10-25 07:00:00,11.45,11.45,11.4,11.4,1300
2024-10-28 07:00:00,11.4,11.45,11.35,11.4,1700
2024-10-29 07:00:00,11.4,11.45,11.3,11.45,16200
2024-10-30 07:00:00,11.3,11.4,11.21,11.3,6700
2024-10-31 07:00:00,11.26,11.97,11.16,11.45,37200
2024-11-01 07:00:00,11.35,11.5,11.35,11.5,13100
2024-11-04 07:00:00,11.45,11.45,11.4,11.45,8300
2024-11-05 07:00:00,11.4,11.45,11.26,11.4,16700
2024-11-06 07:00:00,11.26,11.45,11.16,11.45,53500
2024-11-07 07:00:00,11.4,11.4,11.4,11.4,100
2024-11-08 07:00:00,11.26,11.4,11.11,11.35,17900
2024-11-11 07:00:00,11.4,11.4,11.26,11.35,9400
2024-11-12 07:00:00,11.35,11.35,11.26,11.35,4300
2024-11-13 07:00:00,11.26,11.35,11.21,11.35,5800
2024-11-14 07:00:00,11.4,11.4,11.26,11.35,4400
2024-11-15 07:00:00,11.21,11.3,11.16,11.3,7200
2024-11-18 07:00:00,11.3,11.3,11.02,11.02,14700
2024-11-19 07:00:00,11.02,11.26,11.02,11.21,2400
2024-11-20 07:00:00,11.02,11.21,10.78,11.06,41700
2024-11-21 07:00:00,11.02,11.02,10.68,10.97,26200
2024-11-22 07:00:00,11.02,11.02,10.68,10.82,12700
2024-11-25 07:00:00,10.82,11.11,10.68,11.06,25400
2024-11-26 07:00:00,11.06,11.16,10.73,11.16,22400
2024-11-27 07:00:00,11.16,11.21,10.97,11.11,4600
2024-11-28 07:00:00,11.16,11.16,10.63,10.73,9100
2024-11-29 07:00:00,10.97,10.97,10.63,10.87,1800
2024-12-02 07:00:00,10.82,10.87,10.63,10.82,11500
2024-12-03 07:00:00,10.82,10.82,10.63,10.78,7300
2024-12-04 07:00:00,10.68,10.78,10.54,10.78,22400
2024-12-05 07:00:00,10.73,11.21,10.73,11.11,27500
2024-12-06 07:00:00,11.11,11.21,11.06,11.16,13100
2024-12-09 07:00:00,11.16,11.21,11.16,11.16,1100
2024-12-10 07:00:00,11.16,11.21,11.06,11.16,4300
2024-12-11 07:00:00,11.21,11.5,11.21,11.4,29900
2024-12-12 07:00:00,11.5,11.5,11.3,11.5,7000
2024-12-13 07:00:00,11.5,11.5,11.45,11.5,2400
2024-12-16 07:00:00,11.02,11.45,10.97,11.45,3900
2024-12-17 07:00:00,11.06,11.4,11.02,11.4,2600
2024-12-18 07:00:00,11.11,11.5,11.02,11.5,27600
2024-12-19 07:00:00,11.06,11.4,10.92,11.3,9700
2024-12-20 07:00:00,11.4,11.45,11.11,11.35,10800
2024-12-23 07:00:00,11.06,11.4,11.06,11.4,11800
2024-12-24 07:00:00,11.06,11.4,11.06,11.35,4500
2024-12-25 07:00:00,11.35,11.35,11.16,11.3,5000
2024-12-26 07:00:00,11.3,11.5,11.3,11.4,23200
2024-12-27 07:00:00,11.11,11.45,11.11,11.4,5600
2024-12-30 07:00:00,11.11,11.4,11.11,11.4,7500
2024-12-31 07:00:00,11.11,11.4,11.11,11.4,300
2025-01-02 07:00:00,11.35,11.35,11.35,11.35,4200
2025-01-03 07:00:00,11.35,11.4,11.16,11.35,6900
2025-01-06 07:00:00,11.4,11.4,11.02,11.4,4900
2025-01-07 07:00:00,11.21,11.35,11.11,11.35,5400
2025-01-08 07:00:00,11.4,11.4,11.21,11.35,9400
2025-01-09 07:00:00,11.16,11.3,11.06,11.3,7600
2025-01-10 07:00:00,11.16,11.26,11.16,11.26,900
2025-01-13 07:00:00,11.06,11.4,11.06,11.26,2100
2025-01-14 07:00:00,11.3,11.3,11.06,11.3,4900
2025-01-15 07:00:00,11.21,11.3,11.21,11.26,5500
2025-01-16 07:00:00,11.26,11.26,11.06,11.26,2100
2025-01-20 07:00:00,11.26,11.3,11.21,11.3,3900
2025-01-21 07:00:00,11.02,11.4,10.97,11.4,4700
2025-01-23 07:00:00,11.11,11.35,11.02,11.35,5700
2025-01-24 07:00:00,11.3,11.35,11.06,11.35,800
2025-02-03 07:00:00,11.3,11.45,11.11,11.35,3900
2025-02-04 07:00:00,11.35,11.35,11.11,11.26,53100
2025-02-05 07:00:00,11.21,11.3,11.02,11.3,41900
2025-02-06 07:00:00,11.21,11.21,11.11,11.21,7800
2025-02-07 07:00:00,11.06,11.26,11.06,11.16,35200
2025-02-10 07:00:00,11.11,11.21,11.11,11.16,4500
2025-02-11 07:00:00,11.11,11.16,10.82,11.11,17200
2025-02-12 07:00:00,11.06,11.16,11.02,11.16,5400
2025-02-13 07:00:00,11.02,11.11,11.02,11.11,3800
2025-02-14 07:00:00,11.02,11.11,11.02,11.11,6800
2025-02-17 07:00:00,10.92,11.11,10.92,11.02,14100
2025-02-18 07:00:00,11.06,11.21,11.06,11.16,41400
2025-02-19 07:00:00,11.11,11.26,10.97,11.26,28000
2025-02-20 07:00:00,11.21,11.26,11.16,11.26,19600
2025-02-21 07:00:00,11.26,11.26,11.02,11.26,11200
2025-02-24 07:00:00,11.06,11.3,11.02,11.3,47800
2025-02-25 07:00:00,11.11,11.3,11.02,11.3,12200
2025-02-26 07:00:00,11.21,11.26,11.11,11.26,6600
2025-02-27 07:00:00,11.11,11.3,11.02,11.3,30000
2025-02-28 07:00:00,11.21,11.21,11.02,11.21,63100
2025-03-03 07:00:00,11.11,11.26,11.11,11.16,10000
2025-03-04 07:00:00,11.21,11.21,11.02,11.16,6000
2025-03-05 07:00:00,11.16,11.21,11.02,11.06,648300
2025-03-06 07:00:00,11.06,11.11,10.73,11.02,93300
2025-03-07 07:00:00,10.92,10.97,10.73,10.92,29400
2025-03-10 07:00:00,10.97,10.97,10.78,10.78,20500
2025-03-11 07:00:00,10.87,10.97,10.54,10.63,73500
2025-03-12 07:00:00,10.58,10.68,10.54,10.54,55900
2025-03-13 07:00:00,10.54,10.87,10.49,10.54,29200
2025-03-14 07:00:00,10.58,10.58,10.44,10.54,20300
2025-03-17 07:00:00,10.44,10.58,10.44,10.54,4000
2025-03-18 07:00:00,10.49,10.68,10.49,10.63,84000
2025-03-19 07:00:00,10.63,10.68,10.49,10.49,19900
2025-03-20 07:00:00,10.54,10.58,10.34,10.44,27100
2025-03-21 07:00:00,10.49,10.49,10.3,10.49,17100
2025-03-24 07:00:00,10.49,10.58,10.39,10.54,4000
2025-03-25 07:00:00,10.44,10.54,10.25,10.49,12700
2025-03-26 07:00:00,10.54,10.58,10.49,10.54,51000
2025-03-27 07:00:00,10.54,10.54,10.39,10.54,2500
2025-03-28 07:00:00,10.58,10.63,10.3,10.54,4000
2025-03-31 07:00:00,10.54,10.82,10.15,10.63,56300
2025-04-01 07:00:00,10.58,10.73,10.49,10.73,9700
2025-04-02 07:00:00,10.78,10.78,10.49,10.49,25700
2025-04-03 07:00:00,10.2,10.44,9.77,9.77,25000
2025-04-04 07:00:00,9.1,9.57,9.09,9.09,55100
2025-04-08 07:00:00,9.0,9.0,8.46,8.62,26200
2025-04-09 07:00:00,8.02,8.62,8.02,8.62,39200
2025-04-10 07:00:00,9.22,9.22,9.22,9.22,47600
2025-04-11 07:00:00,9.29,9.29,8.94,9.2,22100
2025-04-14 07:00:00,9.2,9.72,8.91,9.72,90100
2025-04-15 07:00:00,9.68,9.72,9.39,9.68,6700
2025-04-16 07:00:00,9.29,9.57,9.16,9.52,12000
2025-04-17 07:00:00,9.24,9.46,9.2,9.39,5300
2025-04-18 07:00:00,9.39,9.39,9.1,9.15,10100
2025-04-21 07:00:00,9.2,9.29,9.05,9.29,10200
2025-04-22 07:00:00,9.29,9.29,8.65,9.23,8700
2025-04-23 07:00:00,9.23,9.58,9.05,9.2,2500
2025-04-24 07:00:00,9.24,9.25,9.07,9.25,6700
2025-04-25 07:00:00,9.39,9.5,9.16,9.46,17400
2025-04-28 07:00:00,9.47,9.55,9.44,9.47,26600
2025-04-29 07:00:00,9.58,9.58,9.39,9.4,13000
2025-05-05 07:00:00,9.34,9.57,9.2,9.54,900
2025-05-06 07:00:00,9.54,9.54,9.24,9.48,9600
2025-05-07 07:00:00,9.5,9.5,9.0,9.45,5800
2025-05-08 07:00:00,9.47,9.47,9.17,9.47,6500
2025-05-09 07:00:00,9.48,9.58,9.43,9.47,5300
2025-05-12 07:00:00,9.46,9.47,9.2,9.45,10700
2025-05-13 07:00:00,9.46,9.49,9.39,9.44,6400
2025-05-14 07:00:00,9.44,9.57,9.44,9.57,17500
2025-05-15 07:00:00,9.57,9.68,9.46,9.63,15900
2025-05-16 07:00:00,9.63,9.68,9.49,9.68,23100
2025-05-19 07:00:00,9.29,9.63,9.29,9.63,19300
2025-05-20 07:00:00,9.58,9.68,9.44,9.63,16100
2025-05-21 07:00:00,9.63,9.63,9.63,9.63,800
2025-05-22 07:00:00,9.39,9.63,9.29,9.63,16800
2025-05-23 07:00:00,9.63,9.63,9.29,9.57,1200
2025-05-26 07:00:00,9.31,10.06,9.3,9.91,15300
2025-05-27 07:00:00,10.06,10.2,9.91,10.15,17100
2025-05-28 07:00:00,10.25,10.34,10.01,10.25,6000
2025-05-29 07:00:00,10.15,10.25,10.01,10.2,4400
2025-05-30 07:00:00,10.2,10.39,9.96,10.11,10300
2025-06-02 07:00:00,10.06,10.2,9.96,10.15,18100
2025-06-03 07:00:00,10.15,10.3,9.44,10.2,71800
2025-06-04 07:00:00,10.15,10.34,10.15,10.3,24900
2025-06-05 07:00:00,10.3,10.44,9.87,10.44,37500
2025-06-06 07:00:00,10.44,10.49,10.2,10.49,5800
2025-06-09 07:00:00,10.49,10.49,10.11,10.44,31700
2025-06-10 07:00:00,10.2,10.44,10.2,10.44,11800
2025-06-11 07:00:00,10.44,10.44,10.34,10.44,3800
2025-06-12 07:00:00,10.34,10.44,10.3,10.44,3400
2025-06-13 07:00:00,10.25,10.44,10.06,10.25,63600
2025-06-16 07:00:00,10.25,10.49,10.15,10.39,68000
2025-06-17 07:00:00,10.34,10.39,10.15,10.3,9800
2025-06-18 07:00:00,10.3,10.39,10.11,10.34,3100
2025-06-19 07:00:00,10.2,10.3,10.2,10.3,2000
2025-06-20 07:00:00,10.39,10.39,10.15,10.34,2900
2025-06-23 07:00:00,10.34,10.34,10.25,10.25,1100
2025-06-24 07:00:00,10.34,10.39,10.06,10.25,5200
2025-06-25 07:00:00,10.2,10.49,10.06,10.49,56600
2025-06-26 07:00:00,10.49,10.54,10.06,10.49,140500
2025-06-27 07:00:00,10.49,10.54,10.06,10.39,226500
2025-06-30 07:00:00,10.44,10.63,10.2,10.58,424700
2025-07-01 07:00:00,10.63,10.92,10.63,10.92,171400
2025-07-02 07:00:00,10.97,11.26,10.92,11.26,333700
2025-07-03 07:00:00,11.3,11.4,11.21,11.4,296100
2025-07-04 07:00:00,11.4,11.45,11.3,11.4,230800
2025-07-07 07:00:00,11.4,11.4,11.16,11.4,144600
2025-07-08 07:00:00,11.45,11.45,11.3,11.45,108000
2025-07-09 07:00:00,11.45,11.5,11.4,11.5,95500
2025-07-10 07:00:00,11.5,11.5,11.4,11.5,51400
2025-07-11 07:00:00,11.45,11.59,11.45,11.59,38900
2025-07-14 07:00:00,11.59,11.69,11.59,11.69,80700
2025-07-15 07:00:00,11.73,11.78,11.64,11.78,57200
2025-07-16 07:00:00,11.78,11.93,11.73,11.93,53900
2025-07-17 07:00:00,11.88,11.97,11.83,11.97,43700
2025-07-18 07:00:00,12.07,12.07,11.83,11.93,42200
2025-07-21 07:00:00,11.88,12.16,11.78,12.16,34400
2025-07-22 07:00:00,12.16,12.16,11.78,11.97,7300
2025-07-23 07:00:00,11.78,12.12,11.59,12.12,12600
2025-07-24 07:00:00,11.64,11.88,11.59,11.88,82200
2025-07-25 07:00:00,11.54,11.93,11.5,11.93,26000
2025-07-28 07:00:00,11.93,11.97,11.5,11.83,53200
2025-07-29 07:00:00,11.3,11.83,11.21,11.5,68500
2025-07-30 07:00:00,11.02,11.5,10.92,11.45,20000
2025-07-31 07:00:00,11.4,11.4,11.02,11.4,20500
2025-08-01 07:00:00,10.92,11.21,10.92,11.11,1200
2025-08-04 07:00:00,11.11,11.88,11.11,11.88,20400
2025-08-05 07:00:00,11.5,11.83,11.45,11.83,134700
2025-08-06 07:00:00,11.64,11.78,11.64,11.78,32100
2025-08-07 07:00:00,11.78,11.78,11.5,11.78,50800
2025-08-08 07:00:00,11.59,11.97,11.5,11.97,54500
2025-08-11 07:00:00,11.59,11.97,11.5,11.78,28900
2025-08-12 07:00:00,11.78,11.78,11.45,11.69,21600
2025-08-13 07:00:00,11.45,11.5,11.45,11.45,30900
2025-08-14 07:00:00,11.5,11.5,11.45,11.5,21500
2025-08-15 07:00:00,11.97,11.97,11.5,11.69,114800
2025-08-18 07:00:00,11.69,11.88,11.5,11.59,38100
2025-08-19 07:00:00,11.59,11.78,11.11,11.69,38600
2025-08-20 07:00:00,11.64,11.69,11.35,11.69,46600
2025-08-21 07:00:00,11.5,11.69,11.21,11.69,44100
2025-08-22 07:00:00,11.26,11.73,11.02,11.73,32400
2025-08-25 07:00:00,11.35,11.69,11.3,11.69,4700
2025-08-26 07:00:00,11.69,11.69,11.3,11.69,12500
2025-08-27 07:00:00,11.35,11.69,11.35,11.69,26900
2025-08-28 07:00:00,11.4,11.78,11.4,11.78,112200
2025-08-29 07:00:00,12.16,12.16,11.69,11.69,19100
2025-09-03 07:00:00,11.69,11.97,11.4,11.97,18300
2025-09-04 07:00:00,11.88,11.93,11.45,11.88,57600
2025-09-05 07:00:00,12.07,12.07,11.64,11.93,14000
2025-09-08 07:00:00,11.93,11.93,11.64,11.88,37500
2025-09-09 07:00:00,11.5,11.97,11.45,11.97,56100
2025-09-10 07:00:00,11.97,11.97,11.64,11.93,41800
2025-09-11 07:00:00,11.59,11.88,11.54,11.88,35100
2025-09-12 07:00:00,11.78,11.93,11.5,11.93,38100
2025-09-15 07:00:00,11.93,11.93,11.59,11.83,6800
2025-09-16 07:00:00,11.64,11.93,11.64,11.83,13800
2025-09-17 07:00:00,11.88,11.93,11.78,11.88,54400
2025-09-18 07:00:00,11.88,12.69,11.69,12.69,172300
2025-09-19 07:00:00,13.55,13.55,12.84,13.22,40400
2025-09-22 07:00:00,13.41,13.41,12.31,12.31,23000
2025-09-23 07:00:00,11.69,12.69,11.69,12.69,82000
2025-09-24 07:00:00,12.64,12.74,12.26,12.74,37400
2025-09-25 07:00:00,12.74,13.22,12.07,12.69,30000
2025-09-26 07:00:00,12.6,12.88,11.97,12.88,23000
2025-09-29 07:00:00,12.16,12.84,12.16,12.74,5800
2025-09-30 07:00:00,12.26,12.74,12.26,12.74,19000
2025-10-01 07:00:00,12.74,12.74,12.36,12.69,11300
2025-10-02 07:00:00,12.69,12.69,12.55,12.55,900
2025-10-03 07:00:00,12.55,12.74,12.4,12.64,23200
2025-10-06 07:00:00,12.64,13.03,12.45,13.03,33500
2025-10-07 07:00:00,13.03,13.03,12.5,12.84,37000
2025-10-08 07:00:00,12.88,12.93,12.64,12.93,19700
2025-10-09 07:00:00,12.93,13.03,12.84,12.93,37900
2025-10-10 07:00:00,13.22,13.22,12.93,13.22,57200
2025-10-13 07:00:00,12.6,13.22,12.6,13.03,10900
2025-10-14 07:00:00,13.03,13.17,12.5,12.64,42500
2025-10-15 07:00:00,12.5,12.93,12.5,12.93,17600
2025-10-16 07:00:00,12.93,13.03,12.84,12.98,37500
2025-10-17 07:00:00,12.98,12.98,12.45,12.93,9800
2025-10-20 07:00:00,12.93,12.93,12.45,12.88,13900
2025-10-21 07:00:00,12.79,12.93,12.55,12.93,6600
2025-10-23 07:00:00,12.45,12.88,12.45,12.88,600
2025-10-24 07:00:00,12.74,12.93,12.5,12.93,9500
2025-10-27 07:00:00,13.22,13.22,13.03,13.03,2700
2025-10-28 07:00:00,12.93,13.03,12.36,12.36,13400
2025-10-29 07:00:00,12.26,12.93,12.26,12.88,2900
2025-10-30 07:00:00,12.88,12.88,12.02,12.79,7400
2025-10-31 07:00:00,12.64,12.93,12.26,12.79,4100
2025-11-03 07:00:00,12.6,12.74,12.6,12.74,1100
2025-11-05 07:00:00,12.36,12.69,12.31,12.64,6100
2025-11-06 07:00:00,12.64,12.64,12.45,12.45,10100
2025-11-07 07:00:00,12.45,12.64,12.26,12.64,3900
2025-11-10 07:00:00,12.6,12.6,12.6,12.6,300
2025-11-11 07:00:00,12.55,12.74,12.31,12.74,26500
2025-11-12 07:00:00,12.74,12.84,12.4,12.84,4200
2025-11-13 07:00:00,12.88,12.88,12.36,12.4,20800
2025-11-14 07:00:00,12.36,12.84,12.31,12.64,23600
2025-11-17 07:00:00,12.36,12.69,12.36,12.69,10600
2025-11-18 07:00:00,12.98,12.98,12.45,12.64,8100
2025-11-19 07:00:00,12.45,12.74,12.45,12.74,25500
2025-11-20 07:00:00,12.4,13.12,12.4,12.79,3800
2025-11-21 07:00:00,12.5,12.84,12.4,12.74,5300
2025-11-24 07:00:00,12.45,12.84,12.4,12.84,41500
2025-11-25 07:00:00,12.93,12.93,12.84,12.84,7000
2025-11-26 07:00:00,13.03,13.03,12.64,12.98,29900
2025-11-27 07:00:00,13.08,13.12,12.84,12.98,7100
2025-11-28 07:00:00,13.12,13.36,12.84,13.36,24900
2025-12-01 07:00:00,13.41,14.27,13.41,14.27,146300
2025-12-02 07:00:00,14.85,15.18,14.56,14.9,96800
2025-12-03 07:00:00,14.85,14.85,14.13,14.8,59400
2025-12-04 07:00:00,14.18,15.33,14.18,14.9,52000
2025-12-05 07:00:00,15.33,15.33,14.37,14.37,22900
2025-12-08 07:00:00,14.37,14.56,14.22,14.51,65200
2025-12-09 07:00:00,14.46,14.46,13.6,13.6,19300
2025-12-10 07:00:00,13.6,14.42,13.6,14.42,32200
2025-12-11 07:00:00,14.42,14.42,13.7,14.37,13600
2025-12-12 07:00:00,14.27,14.27,13.7,14.27,5300
2025-12-15 07:00:00,13.51,14.08,13.41,13.7,11900
2025-12-16 07:00:00,13.89,13.89,13.32,13.75,8600
2025-12-17 07:00:00,13.75,13.75,13.75,13.75,200
2025-12-18 07:00:00,13.75,14.08,13.41,14.08,13500
2025-12-19 07:00:00,14.08,14.37,13.51,13.51,14000
2025-12-22 07:00:00,13.89,14.22,13.41,14.22,22800
2025-12-23 07:00:00,13.51,14.18,13.51,14.18,6400
2025-12-24 07:00:00,14.18,14.37,13.89,14.27,25200
2025-12-25 07:00:00,13.55,14.22,13.46,14.13,21300
2025-12-26 07:00:00,14.13,14.13,14.08,14.08,1200
2025-12-29 07:00:00,14.08,14.08,13.79,13.94,16000
2025-12-30 07:00:00,13.94,14.03,12.98,13.94,63300
2025-12-31 07:00:00,14.03,14.13,13.6,13.89,13600
2026-01-05 07:00:00,13.79,13.89,13.41,13.7,14700
2026-01-06 07:00:00,13.55,13.7,12.98,12.98,7300
2026-01-07 07:00:00,12.98,13.32,12.64,12.64,14300
2026-01-08 07:00:00,12.64,12.84,12.45,12.74,18400
2026-01-09 07:00:00,12.79,12.84,12.69,12.74,7400
2026-01-12 07:00:00,12.16,13.55,12.16,12.74,19900
2026-01-13 07:00:00,12.79,13.41,12.74,13.41,21100
2026-01-14 07:00:00,13.41,13.65,13.03,13.65,8900
2026-01-15 07:00:00,13.1,13.65,12.95,13.65,15100
2026-01-16 07:00:00,13.65,13.65,13.0,13.65,13800
2026-01-19 07:00:00,13.2,13.95,13.2,13.95,10200
2026-01-20 07:00:00,13.9,13.95,13.9,13.95,1000
2026-01-21 07:00:00,13.1,13.9,13.1,13.9,1000
2026-01-22 07:00:00,13.15,13.85,13.15,13.85,5900
2026-01-23 07:00:00,13.8,13.8,13.3,13.8,900
2026-01-26 07:00:00,13.75,13.75,13.75,13.75,1000
2026-01-27 07:00:00,13.65,13.65,13.5,13.5,1300
2026-01-28 07:00:00,12.95,13.4,12.9,13.4,2700
2026-01-29 07:00:00,13.4,13.4,13.1,13.4,6200
2026-01-30 07:00:00,13.4,13.8,13.0,13.65,7300
2026-02-02 07:00:00,13.5,14.4,13.1,14.4,22400
2026-02-03 07:00:00,13.7,14.3,13.5,14.25,15200
2026-02-04 07:00:00,14.0,14.25,13.7,13.95,4800
2026-02-05 07:00:00,13.5,13.5,13.5,13.5,5300
2026-02-06 07:00:00,13.65,13.8,13.55,13.55,4500
2026-02-09 07:00:00,13.5,13.5,13.5,13.5,700
2026-02-10 07:00:00,13.0,13.45,13.0,13.45,2100
2026-02-11 07:00:00,13.05,13.4,12.9,13.4,53000
2026-02-12 07:00:00,13.1,13.5,13.0,13.5,18000
2026-02-13 07:00:00,13.5,13.5,13.5,13.5,200
2026-02-23 07:00:00,13.7,14.0,13.6,13.7,6100
2026-02-24 07:00:00,13.2,13.7,13.2,13.7,9800
2026-02-25 07:00:00,13.7,13.8,13.0,13.8,18100
2026-02-26 07:00:00,13.2,14.0,13.2,13.8,7000
2026-02-27 07:00:00,13.8,13.8,13.3,13.8,4700
2026-03-02 07:00:00,13.05,13.75,13.05,13.75,22800
2026-03-03 07:00:00,13.7,13.75,13.5,13.75,3700
2026-03-04 07:00:00,13.5,13.5,13.5,13.5,1800
2026-03-05 07:00:00,13.9,13.9,13.4,13.55,4800
2026-03-06 07:00:00,13.8,13.8,13.2,13.6,5400
2026-03-09 07:00:00,13.2,13.2,13.15,13.15,1800
2026-03-10 07:00:00,13.05,13.75,13.05,13.6,12500
2026-03-11 07:00:00,12.8,13.55,12.8,13.55,900
2026-03-12 07:00:00,13.55,13.55,13.55,13.55,2000
2026-03-16 07:00:00,13.4,14.0,13.4,13.75,3300
2026-03-17 07:00:00,13.6,13.6,13.1,13.1,1600
2026-03-18 07:00:00,13.0,13.85,13.0,13.45,2500
2026-03-19 07:00:00,14.0,14.0,13.55,13.55,300
2026-03-20 07:00:00,12.85,13.6,12.8,13.5,1100
2026-03-23 07:00:00,13.0,13.1,12.65,13.1,7300
2026-03-24 07:00:00,13.1,13.1,13.1,13.1,6000
2026-03-25 07:00:00,13.1,13.3,12.2,13.3,11300
2026-03-26 07:00:00,13.2,13.2,13.0,13.2,4000
2026-03-30 07:00:00,13.1,13.1,12.75,12.95,6300
2026-03-31 07:00:00,12.95,12.95,12.3,12.9,2700
2026-04-01 07:00:00,12.9,13.3,12.9,12.9,700
2026-04-02 07:00:00,12.3,12.8,12.3,12.75,1400
2026-04-03 07:00:00,12.75,13.25,12.75,12.8,800
2026-04-06 07:00:00,12.35,13.1,12.3,12.65,3000
2026-04-07 07:00:00,12.5,12.5,12.5,12.5,600
2026-04-08 07:00:00,12.6,12.9,12.35,12.35,5000
2026-04-09 07:00:00,12.35,12.4,12.3,12.3,3600
2026-04-10 07:00:00,12.5,12.6,12.1,12.45,18600
2026-04-13 07:00:00,12.45,12.45,12.4,12.45,11200
2026-04-14 07:00:00,12.45,12.9,12.45,12.85,10500
2026-04-15 07:00:00,12.5,13.5,12.4,12.45,10400
2026-04-16 07:00:00,13.1,13.1,12.45,13.0,11400
2026-04-17 07:00:00,12.45,13.3,12.45,13.2,3900
2026-04-20 07:00:00,13.15,13.3,13.0,13.3,2100
2026-04-21 07:00:00,13.0,13.4,12.65,13.2,2000
2026-04-22 07:00:00,12.5,13.4,12.45,13.2,2400
2026-04-24 07:00:00,12.5,13.3,12.5,13.2,3200
2026-04-28 07:00:00,13.2,13.2,13.2,13.2,100
2026-05-04 07:00:00,12.95,13.2,12.9,13.15,5900
2026-05-05 07:00:00,12.55,13.1,12.5,13.1,8800
2026-05-06 07:00:00,13.1,13.1,12.45,13.1,20700
2026-05-07 07:00:00,12.5,13.0,12.5,12.5,12800
2026-05-08 07:00:00,12.8,12.8,12.55,12.55,200
2026-05-11 07:00:00,12.7,13.0,12.55,12.95,3500
2026-05-12 07:00:00,12.8,13.2,12.8,13.2,2700
2026-05-13 07:00:00,13.2,13.2,13.2,13.2,100
2026-05-14 07:00:00,13.3,13.3,13.2,13.2,200
2026-05-15 07:00:00,12.9,13.5,12.9,13.5,3500
2026-05-18 07:00:00,12.65,13.5,12.65,13.5,3900
2026-05-19 07:00:00,13.4,13.4,12.6,13.25,2800
2026-05-20 07:00:00,13.4,13.6,12.5,13.4,2300
2026-05-21 07:00:00,12.6,13.25,12.6,13.25,3700
2026-05-25 07:00:00,13.0,13.0,13.0,13.0,300
2026-05-26 07:00:00,13.0,13.0,13.0,13.0,100
2026-05-27 07:00:00,13.0,13.9,12.65,12.65,2000
