time,open,high,low,close,volume
2018-01-04 07:00:00,35.11,35.11,35.11,35.11,12000
2018-01-05 07:00:00,37.52,37.52,37.52,37.52,8700
2018-01-08 07:00:00,40.12,40.12,40.12,40.12,150720
2018-01-09 07:00:00,42.92,42.92,42.92,42.92,223230
2018-01-10 07:00:00,45.91,45.91,45.91,45.91,173190
2018-01-11 07:00:00,44.22,45.91,42.72,42.72,203460
2018-01-12 07:00:00,42.92,44.87,42.27,42.92,234850
2018-01-15 07:00:00,42.92,43.24,41.55,41.81,63550
2018-01-16 07:00:00,41.03,41.68,40.58,41.68,126190
2018-01-17 07:00:00,42.4,43.57,42.27,42.4,106720
2018-01-18 07:00:00,42.27,42.27,40.19,42.07,118340
2018-01-19 07:00:00,42.07,42.46,40.97,42.2,159450
2018-01-22 07:00:00,42.2,43.24,42.2,43.05,295680
2018-01-25 07:00:00,43.57,43.57,42.27,43.24,278640
2018-01-26 07:00:00,43.37,43.44,42.92,43.18,163520
2018-01-29 07:00:00,40.97,43.11,40.84,42.79,269020
2018-01-30 07:00:00,41.62,42.79,41.29,42.33,354390
2018-01-31 07:00:00,43.57,43.57,42.72,42.85,116870
2018-02-01 07:00:00,43.24,44.74,42.92,44.74,471760
2018-02-02 07:00:00,45.52,45.52,44.74,45.32,322370
2018-02-05 07:00:00,45.06,45.06,44.35,44.61,193730
2018-02-06 07:00:00,42.27,43.44,41.49,41.81,280640
2018-02-07 07:00:00,43.11,43.24,42.33,43.24,252300
2018-02-08 07:00:00,43.24,43.89,42.59,43.57,186020
2018-02-09 07:00:00,42.27,42.79,41.62,42.66,175110
2018-02-12 07:00:00,43.24,45.45,43.18,43.63,135440
2018-02-13 07:00:00,44.87,44.87,43.76,44.15,122540
2018-02-21 07:00:00,44.54,46.82,44.54,46.3,179470
2018-02-22 07:00:00,46.82,46.82,45.52,46.36,161180
2018-02-23 07:00:00,46.82,46.82,46.49,46.82,172900
2018-02-26 07:00:00,46.82,47.86,46.17,46.82,145310
2018-02-27 07:00:00,46.95,46.95,46.23,46.56,159690
2018-02-28 07:00:00,46.56,46.56,46.3,46.56,198250
2018-03-01 07:00:00,46.82,46.95,46.56,46.82,422090
2018-03-02 07:00:00,46.69,50.07,46.56,49.94,377660
2018-03-05 07:00:00,50.72,52.02,50.72,51.37,186220
2018-03-06 07:00:00,51.37,51.37,50.27,51.18,123950
2018-03-07 07:00:00,51.18,53.32,50.59,50.98,166610
2018-03-08 07:00:00,51.37,52.67,50.98,52.67,187690
2018-03-09 07:00:00,53.0,55.47,53.0,55.21,219610
2018-03-12 07:00:00,55.73,55.92,54.1,54.1,125910
2018-03-13 07:00:00,53.97,54.49,52.67,53.91,155190
2018-03-14 07:00:00,54.43,54.75,53.91,54.3,138290
2018-03-15 07:00:00,54.62,54.62,50.53,50.53,321820
2018-03-16 07:00:00,50.53,53.32,50.4,53.32,228160
2018-03-19 07:00:00,53.91,53.91,52.22,52.93,124120
2018-03-20 07:00:00,53.26,53.58,52.09,53.32,152330
2018-03-21 07:00:00,52.22,53.65,49.75,49.75,245380
2018-03-22 07:00:00,51.37,51.37,48.51,50.07,173020
2018-03-23 07:00:00,47.47,50.07,47.47,49.94,116420
2018-03-26 07:00:00,49.94,50.53,49.88,50.46,128920
2018-03-27 07:00:00,51.7,53.32,51.37,53.32,154960
2018-03-28 07:00:00,53.65,53.65,51.37,52.48,143580
2018-03-29 07:00:00,52.67,52.87,51.37,52.02,118090
2018-03-30 07:00:00,52.22,52.28,50.72,52.02,112340
2018-04-02 07:00:00,52.02,52.02,51.44,51.89,139790
2018-04-03 07:00:00,52.02,53.26,52.02,52.35,185980
2018-04-04 07:00:00,53.13,53.13,52.02,52.61,175870
2018-04-05 07:00:00,53.26,53.26,52.02,52.61,146820
2018-04-06 07:00:00,52.93,53.0,52.61,52.93,160160
2018-04-09 07:00:00,53.26,53.32,52.02,52.54,135170
2018-04-10 07:00:00,52.67,52.67,52.02,52.09,115720
2018-04-11 07:00:00,52.48,52.48,50.4,50.66,228580
2018-04-12 07:00:00,50.66,50.66,50.07,50.33,138310
2018-04-13 07:00:00,49.62,51.37,49.62,50.92,353340
2018-04-16 07:00:00,51.5,51.7,51.05,51.37,104460
2018-04-17 07:00:00,51.96,52.35,51.89,52.02,257250
2018-04-18 07:00:00,52.35,52.93,52.09,52.8,225770
2018-04-19 07:00:00,53.0,54.88,52.8,53.32,238130
2018-04-20 07:00:00,54.3,54.3,53.52,53.65,106250
2018-04-23 07:00:00,53.97,54.3,52.02,53.32,164650
2018-04-24 07:00:00,53.32,53.65,52.67,53.65,149860
2018-04-26 07:00:00,54.3,54.43,53.0,53.26,122900
2018-04-27 07:00:00,53.0,53.32,52.35,53.32,140120
2018-05-02 07:00:00,53.97,53.97,52.35,53.0,101420
2018-05-03 07:00:00,53.32,53.32,52.09,53.0,103170
2018-05-04 07:00:00,53.32,53.78,52.67,52.93,83030
2018-05-07 07:00:00,52.93,53.0,50.72,51.7,85350
2018-05-08 07:00:00,51.37,51.37,49.1,49.1,118110
2018-05-09 07:00:00,48.77,48.77,47.14,47.79,140310
2018-05-10 07:00:00,46.88,47.73,46.17,46.17,111260
2018-05-11 07:00:00,46.17,46.17,44.22,45.52,72350
2018-05-14 07:00:00,45.52,46.49,45.39,46.17,75220
2018-05-15 07:00:00,45.52,46.3,45.52,45.58,90040
2018-05-16 07:00:00,45.06,45.52,44.87,44.93,91730
2018-05-17 07:00:00,45.52,45.71,45.26,45.32,43170
2018-05-18 07:00:00,45.52,45.58,45.26,45.52,53280
2018-05-21 07:00:00,44.54,45.65,44.54,45.19,65640
2018-05-22 07:00:00,45.19,45.19,43.89,43.89,70850
2018-05-23 07:00:00,43.57,43.57,42.92,43.5,57130
2018-05-24 07:00:00,42.59,43.24,42.59,42.92,60480
2018-05-25 07:00:00,42.59,42.59,41.81,42.4,84480
2018-05-28 07:00:00,41.62,41.75,40.97,40.97,93020
2018-05-29 07:00:00,40.97,41.03,38.37,38.37,171350
2018-05-30 07:00:00,38.56,41.03,38.56,41.03,62050
2018-05-31 07:00:00,41.03,43.18,41.03,42.14,52930
2018-06-01 07:00:00,40.19,45.06,40.19,45.06,91370
2018-06-04 07:00:00,45.45,45.45,44.22,45.19,80290
2018-06-05 07:00:00,44.54,45.06,44.35,44.67,140830
2018-06-06 07:00:00,44.87,44.87,43.89,44.54,80910
2018-06-07 07:00:00,44.87,45.45,44.22,44.61,68740
2018-06-08 07:00:00,44.61,44.61,43.5,43.7,96500
2018-06-11 07:00:00,44.35,44.35,42.92,43.37,73340
2018-06-12 07:00:00,42.98,43.24,42.33,42.92,81340
2018-06-13 07:00:00,44.22,44.22,42.66,43.5,71040
2018-06-14 07:00:00,43.76,44.02,42.92,43.5,116820
2018-06-15 07:00:00,43.89,44.09,43.24,43.57,51190
2018-06-18 07:00:00,44.91,44.91,41.56,43.57,59800
2018-06-19 07:00:00,43.57,43.57,40.89,41.09,57360
2018-06-20 07:00:00,41.56,42.9,41.22,42.56,60870
2018-06-21 07:00:00,43.03,43.23,40.89,42.83,90220
2018-06-22 07:00:00,42.9,42.9,41.56,42.76,57950
2018-06-25 07:00:00,42.9,42.9,42.03,42.36,53540
2018-06-26 07:00:00,42.9,42.9,41.62,42.23,62820
2018-06-27 07:00:00,42.56,42.56,42.23,42.36,63680
2018-06-28 07:00:00,42.56,42.56,41.83,42.16,58360
2018-06-29 07:00:00,42.56,42.56,41.76,42.16,60000
2018-07-02 07:00:00,42.36,42.36,41.42,41.89,71800
2018-07-03 07:00:00,41.89,41.89,40.89,41.56,92360
2018-07-04 07:00:00,41.56,41.96,40.95,41.83,68840
2018-07-05 07:00:00,41.42,41.89,41.42,41.83,59910
2018-07-06 07:00:00,41.69,41.83,41.42,41.83,68930
2018-07-09 07:00:00,41.83,42.56,41.56,42.16,68460
2018-07-10 07:00:00,42.23,42.5,42.16,42.23,60290
2018-07-11 07:00:00,41.76,42.23,41.42,41.69,54950
2018-07-12 07:00:00,42.5,42.5,39.55,40.89,126380
2018-07-13 07:00:00,40.89,42.23,38.21,41.02,55100
2018-07-16 07:00:00,41.42,41.56,41.02,41.02,51320
2018-07-17 07:00:00,41.02,41.22,40.89,41.09,55530
2018-07-18 07:00:00,41.16,41.89,41.02,41.22,51800
2018-07-19 07:00:00,41.49,41.49,40.55,40.75,54330
2018-07-20 07:00:00,41.42,41.42,40.55,40.75,64000
2018-07-23 07:00:00,40.89,41.42,40.62,41.02,50120
2018-07-24 07:00:00,40.82,41.22,40.82,41.22,51990
2018-07-25 07:00:00,41.22,41.76,41.22,41.76,61350
2018-07-26 07:00:00,41.89,42.36,41.89,42.16,57380
2018-07-27 07:00:00,42.23,42.36,41.89,42.23,70940
2018-07-30 07:00:00,42.23,42.23,41.69,42.23,54550
2018-07-31 07:00:00,41.89,42.16,41.62,42.03,53490
2018-08-01 07:00:00,41.76,42.16,41.49,42.16,70310
2018-08-02 07:00:00,41.89,42.36,41.83,42.03,52300
2018-08-03 07:00:00,42.23,42.23,41.56,42.03,51420
2018-08-06 07:00:00,41.36,42.23,41.22,42.09,80250
2018-08-07 07:00:00,42.23,44.91,42.23,44.84,255960
2018-08-08 07:00:00,44.84,45.38,43.3,43.57,109180
2018-08-09 07:00:00,43.57,44.24,43.37,43.57,102890
2018-08-10 07:00:00,43.43,43.57,42.23,43.1,102800
2018-08-13 07:00:00,43.17,43.43,41.96,42.09,88960
2018-08-14 07:00:00,42.09,42.9,41.76,42.83,80880
2018-08-15 07:00:00,43.1,43.1,41.89,42.5,86700
2018-08-16 07:00:00,43.23,43.23,41.89,42.36,69790
2018-08-17 07:00:00,42.9,42.9,42.03,42.43,74260
2018-08-20 07:00:00,42.83,42.83,42.43,42.5,71810
2018-08-21 07:00:00,42.83,42.83,41.89,42.56,69390
2018-08-22 07:00:00,42.23,42.63,41.56,42.56,96360
2018-08-23 07:00:00,42.23,42.29,41.16,41.36,61540
2018-08-24 07:00:00,41.36,41.56,41.22,41.56,56790
2018-08-27 07:00:00,41.56,41.89,41.36,41.69,58630
2018-08-28 07:00:00,42.03,42.09,41.36,41.89,71390
2018-08-29 07:00:00,42.16,42.16,41.36,41.76,62260
2018-08-30 07:00:00,41.83,42.23,41.62,42.03,61290
2018-08-31 07:00:00,42.09,42.09,41.49,41.89,59620
2018-09-04 07:00:00,42.23,42.23,41.22,41.22,54940
2018-09-05 07:00:00,41.22,41.83,41.22,41.69,50880
2018-09-06 07:00:00,41.89,41.89,41.56,41.69,50070
2018-09-07 07:00:00,41.76,41.83,41.22,41.69,56310
2018-09-10 07:00:00,41.83,41.83,41.09,41.83,51430
2018-09-11 07:00:00,41.76,41.83,41.49,41.76,52210
2018-09-12 07:00:00,41.83,41.83,41.62,41.83,59970
2018-09-13 07:00:00,41.83,41.83,41.22,41.36,55440
2018-09-14 07:00:00,41.89,41.89,41.16,41.16,59050
2018-09-17 07:00:00,41.16,41.29,40.69,41.02,51540
2018-09-18 07:00:00,41.02,41.49,40.69,41.09,55030
2018-09-19 07:00:00,40.75,41.56,40.55,41.16,52700
2018-09-20 07:00:00,41.16,41.83,40.75,41.76,60390
2018-09-21 07:00:00,41.76,41.96,41.76,41.89,51010
2018-09-24 07:00:00,41.89,42.09,41.89,42.03,56980
2018-09-25 07:00:00,42.16,42.16,41.96,42.16,55090
2018-09-26 07:00:00,42.23,42.29,41.83,42.16,55210
2018-09-27 07:00:00,42.23,42.43,42.09,42.36,69340
2018-09-28 07:00:00,42.9,43.97,42.76,43.57,139230
2018-10-01 07:00:00,44.57,45.04,43.9,44.24,120530
2018-10-02 07:00:00,44.24,44.84,44.24,44.64,130840
2018-10-03 07:00:00,45.04,45.18,44.84,45.18,111510
2018-10-04 07:00:00,45.51,45.58,44.57,44.57,130840
2018-10-05 07:00:00,44.91,44.91,44.37,44.57,108540
2018-10-08 07:00:00,44.77,44.77,43.9,43.9,120990
2018-10-09 07:00:00,43.9,43.97,43.57,43.57,100400
2018-10-10 07:00:00,43.7,44.64,43.57,44.64,133520
2018-10-11 07:00:00,44.24,44.24,43.43,44.24,92130
2018-10-12 07:00:00,43.7,44.57,43.43,44.57,104070
2018-10-15 07:00:00,44.57,45.38,44.51,45.31,108220
2018-10-16 07:00:00,45.44,46.12,45.44,46.12,121880
2018-10-17 07:00:00,46.12,46.85,46.12,46.79,115570
2018-10-18 07:00:00,46.79,46.85,46.45,46.72,91670
2018-10-19 07:00:00,46.45,46.58,45.71,46.58,106900
2018-10-22 07:00:00,46.72,47.52,46.25,47.25,123180
2018-10-23 07:00:00,47.32,47.32,45.24,45.85,87950
2018-10-24 07:00:00,45.91,46.18,45.85,46.18,104150
2018-10-25 07:00:00,44.24,45.58,44.04,45.58,110770
2018-10-26 07:00:00,45.78,45.98,45.24,45.51,90400
2018-10-29 07:00:00,45.51,45.51,44.24,44.24,113860
2018-10-30 07:00:00,44.24,44.71,43.23,43.9,131100
2018-10-31 07:00:00,43.9,44.24,43.57,44.04,98390
2018-11-01 07:00:00,44.04,44.51,43.57,43.97,92050
2018-11-02 07:00:00,43.97,44.17,43.64,44.1,97960
2018-11-05 07:00:00,44.1,44.64,44.1,44.44,108180
2018-11-06 07:00:00,44.77,45.04,43.57,43.57,118370
2018-11-07 07:00:00,43.57,44.24,43.43,43.57,165730
2018-11-08 07:00:00,43.57,43.9,43.43,43.84,149090
2018-11-09 07:00:00,43.84,44.1,43.64,43.97,102960
2018-11-12 07:00:00,43.97,44.1,43.64,44.1,94610
2018-11-13 07:00:00,44.1,44.17,43.5,43.57,113280
2018-11-14 07:00:00,43.7,43.97,43.43,43.57,86660
2018-11-15 07:00:00,43.9,44.31,42.76,43.23,143950
2018-11-16 07:00:00,43.23,43.57,42.56,42.56,87730
2018-11-19 07:00:00,42.56,43.43,42.36,43.17,90840
2018-11-20 07:00:00,43.5,43.5,43.03,43.37,170840
2018-11-21 07:00:00,43.43,43.7,43.37,43.64,209300
2018-11-22 07:00:00,43.77,44.04,43.57,43.9,230270
2018-11-23 07:00:00,43.97,43.97,43.64,43.9,128840
2018-11-26 07:00:00,43.9,44.24,43.7,44.1,179400
2018-11-27 07:00:00,44.24,44.37,43.97,44.24,126980
2018-11-28 07:00:00,44.24,45.58,44.24,45.58,247600
2018-11-29 07:00:00,45.65,47.05,45.65,46.52,232830
2018-11-30 07:00:00,46.52,46.92,46.25,46.72,138610
2018-12-03 07:00:00,46.85,46.85,46.32,46.58,111250
2018-12-04 07:00:00,46.58,46.72,45.58,46.18,110330
2018-12-05 07:00:00,46.18,46.18,45.58,45.91,101470
2018-12-06 07:00:00,45.91,46.72,45.91,46.45,97850
2018-12-07 07:00:00,46.45,46.58,46.38,46.52,96270
2018-12-10 07:00:00,46.32,46.38,46.18,46.32,106390
2018-12-11 07:00:00,46.32,46.38,46.18,46.38,105660
2018-12-12 07:00:00,46.38,46.72,46.25,46.65,103150
2018-12-13 07:00:00,46.65,46.79,46.58,46.79,121840
2018-12-14 07:00:00,46.92,47.59,46.92,47.05,132460
2018-12-17 07:00:00,47.05,47.05,46.65,46.85,111770
2018-12-18 07:00:00,46.85,47.52,46.45,47.52,330390
2018-12-19 07:00:00,47.72,47.79,46.92,47.12,124100
2018-12-20 07:00:00,47.12,47.32,46.92,47.32,115790
2018-12-21 07:00:00,47.32,47.46,47.19,47.32,92430
2018-12-24 07:00:00,47.39,47.39,46.85,46.92,185200
2018-12-25 07:00:00,46.92,47.19,46.25,46.25,141370
2018-12-26 07:00:00,46.25,46.45,46.12,46.38,85070
2018-12-27 07:00:00,46.38,46.58,45.71,46.18,77100
2018-12-28 07:00:00,46.18,46.38,45.78,46.38,85050
2019-01-02 07:00:00,46.25,46.58,45.91,46.38,75820
2019-01-03 07:00:00,46.38,46.52,45.98,46.25,70010
2019-01-04 07:00:00,46.25,46.25,45.58,46.25,74020
2019-01-07 07:00:00,46.25,46.52,46.25,46.45,69760
2019-01-08 07:00:00,46.45,47.19,46.45,47.12,102510
2019-01-09 07:00:00,47.12,48.06,47.12,47.93,103950
2019-01-10 07:00:00,47.93,48.13,47.79,48.06,72150
2019-01-11 07:00:00,48.06,48.06,47.39,47.79,71750
2019-01-14 07:00:00,47.86,47.86,47.12,47.25,59650
2019-01-15 07:00:00,47.25,47.39,46.25,46.38,69580
2019-01-16 07:00:00,46.25,46.32,43.37,43.9,121340
2019-01-17 07:00:00,43.97,43.97,41.69,41.76,105300
2019-01-18 07:00:00,42.23,42.9,41.69,41.96,75880
2019-01-21 07:00:00,41.96,42.36,41.96,42.09,71890
2019-01-22 07:00:00,42.09,42.29,41.96,42.09,62850
2019-01-23 07:00:00,42.09,42.36,41.96,42.16,69100
2019-01-24 07:00:00,42.09,42.23,41.89,42.09,61220
2019-01-25 07:00:00,42.09,42.9,42.09,42.23,62660
2019-01-28 07:00:00,42.23,42.23,41.96,42.23,66260
2019-01-29 07:00:00,42.23,42.23,42.03,42.23,60350
2019-01-30 07:00:00,42.09,42.63,42.09,42.56,61020
2019-01-31 07:00:00,42.56,43.23,42.56,43.1,72230
2019-02-01 07:00:00,43.23,43.9,43.23,43.57,63300
2019-02-11 07:00:00,43.9,43.9,43.5,43.9,62740
2019-02-12 07:00:00,43.9,44.37,43.77,44.37,69770
2019-02-13 07:00:00,44.51,44.91,44.51,44.91,67320
2019-02-14 07:00:00,45.11,45.58,44.91,45.58,78080
2019-02-15 07:00:00,45.71,45.91,45.31,45.31,60550
2019-02-18 07:00:00,45.31,45.91,45.31,45.91,81500
2019-02-19 07:00:00,46.18,46.25,45.98,46.25,73590
2019-02-20 07:00:00,46.45,46.58,46.32,46.45,66000
2019-02-21 07:00:00,46.58,46.58,46.18,46.45,59010
2019-02-22 07:00:00,46.58,46.58,46.25,46.52,55070
2019-02-25 07:00:00,46.38,46.92,46.38,46.92,77160
2019-02-26 07:00:00,46.92,47.25,46.92,47.25,65230
2019-02-27 07:00:00,47.25,47.59,47.25,47.59,65040
2019-02-28 07:00:00,47.59,47.72,46.92,47.05,64940
2019-03-01 07:00:00,47.12,47.46,46.92,47.25,61050
2019-03-04 07:00:00,47.25,47.72,47.25,47.59,72170
2019-03-05 07:00:00,47.72,47.86,47.59,47.79,56580
2019-03-06 07:00:00,47.79,47.93,47.59,47.59,57230
2019-03-07 07:00:00,47.59,47.79,47.39,47.59,56610
2019-03-08 07:00:00,47.46,47.59,46.99,47.12,58960
2019-03-11 07:00:00,47.25,47.25,46.92,47.25,55580
2019-03-12 07:00:00,47.25,47.46,47.25,47.46,77190
2019-03-13 07:00:00,47.46,47.72,47.46,47.52,54290
2019-03-14 07:00:00,47.52,47.52,47.25,47.52,58020
2019-03-15 07:00:00,48.55,48.55,48.07,48.28,60260
2019-03-18 07:00:00,48.28,48.28,46.98,47.59,61390
2019-03-19 07:00:00,47.87,48.55,47.87,48.48,57290
2019-03-20 07:00:00,48.48,48.62,48.07,48.55,61770
2019-03-21 07:00:00,48.55,48.82,48.55,48.76,60540
2019-03-22 07:00:00,48.76,48.76,48.48,48.69,55320
2019-03-25 07:00:00,48.14,48.55,48.14,48.41,51910
2019-03-26 07:00:00,48.41,48.55,48.41,48.41,55780
2019-03-27 07:00:00,48.41,48.41,48.07,48.07,69940
2019-03-28 07:00:00,48.07,48.34,47.93,48.34,73100
2019-03-29 07:00:00,48.34,48.48,48.34,48.41,69240
2019-04-01 07:00:00,48.41,48.41,48.0,48.28,60910
2019-04-02 07:00:00,48.41,48.41,48.28,48.41,70360
2019-04-03 07:00:00,48.28,48.41,48.14,48.34,56780
2019-04-04 07:00:00,48.34,48.41,48.21,48.21,61900
2019-04-05 07:00:00,48.21,48.34,48.21,48.34,72110
2019-04-08 07:00:00,48.34,48.62,48.21,48.48,67330
2019-04-09 07:00:00,48.62,48.62,47.8,47.8,70790
2019-04-10 07:00:00,47.8,48.28,47.8,48.21,72660
2019-04-11 07:00:00,48.21,48.76,48.21,48.62,78760
2019-04-12 07:00:00,48.76,49.44,48.69,49.44,100640
2019-04-16 07:00:00,49.51,49.85,48.96,49.3,65050
2019-04-17 07:00:00,49.51,51.36,49.51,51.36,132770
2019-04-18 07:00:00,51.49,51.49,50.67,51.08,71220
2019-04-19 07:00:00,51.08,51.49,51.08,51.29,92170
2019-04-22 07:00:00,51.15,51.84,51.02,51.56,141740
2019-04-23 07:00:00,51.56,51.63,51.29,51.56,108310
2019-04-24 07:00:00,51.56,51.7,51.29,51.63,100950
2019-04-25 07:00:00,51.63,51.63,51.22,51.36,106620
2019-04-26 07:00:00,51.36,51.63,51.36,51.63,85950
2019-05-02 07:00:00,51.63,51.7,51.36,51.63,106840
2019-05-03 07:00:00,51.77,51.77,51.29,51.49,90470
2019-05-06 07:00:00,51.49,51.49,51.36,51.36,108120
2019-05-07 07:00:00,51.49,51.77,51.36,51.77,96700
2019-05-08 07:00:00,51.77,51.77,51.36,51.56,82610
2019-05-09 07:00:00,51.63,51.77,51.22,51.36,93830
2019-05-10 07:00:00,51.49,51.49,51.22,51.43,80310
2019-05-13 07:00:00,51.63,51.63,51.15,51.36,91590
2019-05-14 07:00:00,51.49,51.49,50.67,50.67,80370
2019-05-15 07:00:00,50.81,51.15,50.81,50.88,80790
2019-05-16 07:00:00,50.95,50.95,50.67,50.81,72720
2019-05-17 07:00:00,50.81,50.88,50.67,50.81,80290
2019-05-20 07:00:00,51.32,51.58,50.9,51.49,91700
2019-05-21 07:00:00,51.58,54.23,51.58,54.06,140480
2019-05-22 07:00:00,54.15,54.49,53.89,54.15,91810
2019-05-23 07:00:00,54.15,54.15,53.8,53.89,70050
2019-05-24 07:00:00,53.8,53.89,53.29,53.46,70800
2019-05-27 07:00:00,53.46,53.63,52.35,52.61,95230
2019-05-28 07:00:00,52.61,52.78,52.35,52.78,148090
2019-05-29 07:00:00,52.78,52.78,52.26,52.52,80430
2019-05-30 07:00:00,52.52,52.52,52.09,52.18,94940
2019-05-31 07:00:00,52.01,52.18,51.92,52.18,163950
2019-06-03 07:00:00,52.18,52.43,51.92,52.43,99340
2019-06-04 07:00:00,52.61,53.89,52.35,53.89,96920
2019-06-05 07:00:00,54.06,54.32,53.72,53.97,104370
2019-06-06 07:00:00,53.97,53.97,53.63,53.97,90190
2019-06-07 07:00:00,54.06,54.06,53.72,53.97,80070
2019-06-10 07:00:00,54.15,54.66,54.06,54.66,240910
2019-06-11 07:00:00,54.74,55.17,54.74,54.74,82150
2019-06-12 07:00:00,54.92,55.6,54.92,55.6,155660
2019-06-13 07:00:00,55.77,57.48,55.77,57.48,213970
2019-06-14 07:00:00,57.48,57.48,56.46,57.48,97410
2019-06-17 07:00:00,57.48,57.57,55.86,56.28,60540
2019-06-18 07:00:00,56.28,56.46,55.94,55.94,73660
2019-06-19 07:00:00,55.6,56.11,55.6,55.6,65840
2019-06-20 07:00:00,55.69,57.31,55.6,56.97,73020
2019-06-21 07:00:00,56.97,57.31,56.37,56.8,63700
2019-06-24 07:00:00,56.88,56.88,56.46,56.46,64260
2019-06-25 07:00:00,56.46,56.46,54.74,54.74,74990
2019-06-26 07:00:00,55.09,55.09,54.57,54.57,67920
2019-06-27 07:00:00,54.57,54.92,54.57,54.74,60840
2019-06-28 07:00:00,54.92,55.17,54.66,54.74,62300
2019-07-01 07:00:00,54.92,54.92,54.66,54.83,66490
2019-07-02 07:00:00,54.83,54.92,54.57,54.66,61520
2019-07-03 07:00:00,54.66,54.74,54.49,54.49,63340
2019-07-04 07:00:00,54.49,54.74,54.49,54.74,74580
2019-07-05 07:00:00,54.74,55.0,54.66,54.92,97330
2019-07-08 07:00:00,54.92,55.26,54.4,54.57,62700
2019-07-09 07:00:00,54.92,54.92,53.89,54.15,76720
2019-07-10 07:00:00,54.4,54.4,53.8,54.32,65710
2019-07-11 07:00:00,54.57,54.57,53.03,53.2,76080
2019-07-12 07:00:00,53.2,53.72,52.61,53.55,65550
2019-07-15 07:00:00,53.72,53.89,53.38,53.55,58150
2019-07-16 07:00:00,53.55,53.97,53.46,53.72,60530
2019-07-17 07:00:00,53.89,53.97,53.63,53.8,62800
2019-07-18 07:00:00,53.8,53.89,53.63,53.72,60090
2019-07-19 07:00:00,53.72,53.72,53.2,53.38,61590
2019-07-22 07:00:00,53.38,53.46,52.35,52.35,71400
2019-07-23 07:00:00,52.35,52.69,52.18,52.69,62000
2019-07-24 07:00:00,52.69,52.86,52.35,52.52,59860
2019-07-25 07:00:00,52.52,52.78,52.43,52.69,53540
2019-07-26 07:00:00,52.69,52.86,52.69,52.78,56710
2019-07-29 07:00:00,52.78,52.78,52.01,52.18,56150
2019-07-30 07:00:00,52.18,52.35,52.01,52.18,72530
2019-07-31 07:00:00,52.35,53.8,52.01,53.2,67200
2019-08-01 07:00:00,53.2,55.0,53.2,54.92,102440
2019-08-02 07:00:00,55.0,55.6,54.57,55.17,64580
2019-08-05 07:00:00,55.17,55.26,54.57,55.09,58040
2019-08-06 07:00:00,54.92,54.92,53.89,54.74,77220
2019-08-07 07:00:00,54.74,56.97,54.57,56.54,185220
2019-08-08 07:00:00,56.46,57.65,56.03,57.4,133810
2019-08-09 07:00:00,57.57,57.57,56.46,57.31,116390
2019-08-12 07:00:00,57.31,58.68,57.14,58.17,142120
2019-08-13 07:00:00,58.17,58.34,57.74,58.25,74440
2019-08-14 07:00:00,58.25,58.25,57.65,57.91,55130
2019-08-15 07:00:00,57.74,57.74,55.77,56.46,53090
2019-08-16 07:00:00,56.46,56.8,56.03,56.11,59470
2019-08-19 07:00:00,56.28,56.63,56.03,56.63,57840
2019-08-20 07:00:00,56.88,57.31,56.71,57.05,50270
2019-08-21 07:00:00,57.05,57.65,57.05,57.65,62200
2019-08-22 07:00:00,58.51,58.51,57.57,58.34,87120
2019-08-23 07:00:00,58.34,58.51,57.57,57.91,53770
2019-08-26 07:00:00,57.91,57.91,57.31,57.65,53510
2019-08-27 07:00:00,57.74,57.74,57.23,57.23,68210
2019-08-28 07:00:00,57.23,57.31,55.94,56.46,72770
2019-08-29 07:00:00,56.46,56.46,55.86,56.03,52410
2019-08-30 07:00:00,56.03,56.03,54.83,55.94,140620
2019-09-03 07:00:00,56.03,56.63,56.03,56.2,94200
2019-09-04 07:00:00,56.46,58.17,56.37,57.57,137010
2019-09-05 07:00:00,57.99,57.99,57.74,57.99,67290
2019-09-06 07:00:00,58.34,58.34,57.99,58.17,60020
2019-09-09 07:00:00,58.17,58.17,57.23,57.65,51650
2019-09-10 07:00:00,57.65,57.99,56.11,56.63,82670
2019-09-11 07:00:00,56.63,56.97,56.63,56.8,54980
2019-09-12 07:00:00,56.8,57.14,56.46,57.14,67060
2019-09-13 07:00:00,57.31,57.4,57.14,57.4,62280
2019-09-16 07:00:00,57.4,57.99,57.4,57.82,90580
2019-09-17 07:00:00,58.17,58.17,57.65,57.99,60770
2019-09-18 07:00:00,58.17,61.42,58.17,61.42,148530
2019-09-19 07:00:00,61.76,61.93,60.13,60.73,66070
2019-09-20 07:00:00,60.9,61.59,60.73,60.82,58310
2019-09-23 07:00:00,60.82,60.82,58.25,58.25,146180
2019-09-24 07:00:00,58.42,58.42,55.77,56.88,86400
2019-09-25 07:00:00,56.88,57.23,56.28,56.46,67200
2019-09-26 07:00:00,56.46,56.54,55.77,55.77,75250
2019-09-27 07:00:00,55.77,56.54,55.6,55.77,66720
2019-09-30 07:00:00,55.77,56.8,55.6,56.8,60440
2019-10-01 07:00:00,56.8,57.4,56.8,57.05,52160
2019-10-02 07:00:00,57.05,57.23,56.71,56.97,54050
2019-10-03 07:00:00,56.97,57.14,56.28,56.63,62800
2019-10-04 07:00:00,56.88,57.4,56.88,57.14,48570
2019-10-07 07:00:00,57.65,59.79,57.57,59.19,144180
2019-10-08 07:00:00,59.36,59.36,57.48,57.48,60270
2019-10-09 07:00:00,57.48,57.99,57.14,57.23,41930
2019-10-10 07:00:00,57.31,57.31,57.05,57.31,46630
2019-10-11 07:00:00,57.48,58.42,57.48,58.25,103490
2019-10-14 07:00:00,58.34,58.85,57.99,58.25,48740
2019-10-15 07:00:00,58.42,58.59,58.08,58.17,69210
2019-10-16 07:00:00,58.51,58.94,58.51,58.59,75990
2019-10-17 07:00:00,58.68,59.11,58.68,58.94,66480
2019-10-18 07:00:00,58.94,59.53,58.94,59.45,58210
2019-10-21 07:00:00,59.45,59.88,59.19,59.88,45610
2019-10-22 07:00:00,59.88,59.96,59.62,59.88,41700
2019-10-23 07:00:00,59.88,60.73,59.19,60.73,51580
2019-10-24 07:00:00,60.73,60.9,60.3,60.82,48710
2019-10-25 07:00:00,61.16,62.44,61.16,62.02,55780
2019-10-28 07:00:00,62.1,63.3,62.1,63.3,46180
2019-10-29 07:00:00,63.3,63.81,61.42,62.19,111250
2019-10-30 07:00:00,62.19,62.19,61.16,61.93,62370
2019-10-31 07:00:00,62.02,62.87,61.84,62.02,44510
2019-11-01 07:00:00,61.76,62.61,61.76,62.44,52710
2019-11-04 07:00:00,62.87,63.13,62.36,62.96,47610
2019-11-05 07:00:00,63.13,63.3,62.61,63.3,52340
2019-11-06 07:00:00,63.47,63.64,62.87,62.87,62730
2019-11-07 07:00:00,62.87,63.3,61.76,62.02,43250
2019-11-08 07:00:00,61.76,62.27,61.76,61.93,47110
2019-11-11 07:00:00,61.59,62.44,61.16,61.76,46400
2019-11-12 07:00:00,61.93,62.79,61.42,62.79,44130
2019-11-13 07:00:00,62.87,62.96,62.02,62.79,40690
2019-11-14 07:00:00,64.54,64.54,62.7,62.87,41240
2019-11-15 07:00:00,62.87,64.54,62.87,64.02,43730
2019-11-18 07:00:00,64.19,64.9,64.19,64.9,41040
2019-11-19 07:00:00,64.9,66.13,64.9,66.13,43000
2019-11-20 07:00:00,66.39,66.74,65.95,66.74,42580
2019-11-21 07:00:00,66.83,68.59,66.83,68.59,48170
2019-11-22 07:00:00,68.59,68.59,66.57,67.62,53530
2019-11-25 07:00:00,67.27,67.27,65.95,66.39,40730
2019-11-26 07:00:00,66.13,66.39,65.6,66.13,42210
2019-11-27 07:00:00,66.13,68.15,66.13,68.15,46200
2019-11-28 07:00:00,68.41,68.76,67.89,68.76,44220
2019-11-29 07:00:00,69.03,69.47,68.41,68.76,40720
2019-12-02 07:00:00,69.29,70.17,68.76,70.17,41150
2019-12-03 07:00:00,70.17,72.28,67.71,69.47,65690
2019-12-04 07:00:00,70.17,72.55,68.15,72.11,42190
2019-12-05 07:00:00,73.86,75.62,73.86,75.01,41750
2019-12-06 07:00:00,75.27,75.27,72.11,74.3,40610
2019-12-09 07:00:00,74.74,79.05,74.74,79.05,40920
2019-12-10 07:00:00,78.35,79.05,75.62,75.89,62100
2019-12-11 07:00:00,75.62,77.38,73.78,73.86,34480
2019-12-12 07:00:00,76.41,76.41,70.44,72.55,40860
2019-12-13 07:00:00,71.23,73.43,70.35,72.55,39720
2019-12-16 07:00:00,73.86,74.74,70.26,72.55,69140
2019-12-17 07:00:00,73.16,73.16,69.64,70.0,40430
2019-12-18 07:00:00,70.0,71.93,69.47,70.35,41710
2019-12-19 07:00:00,71.23,72.02,69.64,70.35,37090
2019-12-20 07:00:00,70.35,71.23,70.35,70.79,31590
2019-12-23 07:00:00,70.79,73.34,70.79,72.11,42140
2019-12-24 07:00:00,71.67,73.69,71.67,73.6,38340
2019-12-25 07:00:00,75.54,75.54,74.74,74.74,38360
2019-12-26 07:00:00,75.18,75.27,74.3,74.57,38130
2019-12-27 07:00:00,74.3,74.74,73.86,74.74,32190
2019-12-30 07:00:00,75.62,76.24,74.66,74.92,34310
2019-12-31 07:00:00,74.92,75.1,74.3,74.74,33730
2020-01-02 07:00:00,75.62,75.62,74.74,74.74,32590
2020-01-03 07:00:00,75.54,75.54,74.04,74.04,34810
2020-01-06 07:00:00,74.3,78.26,73.95,78.26,44450
2020-01-07 07:00:00,78.26,78.44,77.21,77.38,31160
2020-01-08 07:00:00,76.5,76.5,73.43,73.78,37740
2020-01-09 07:00:00,74.74,75.18,72.72,74.3,37960
2020-01-10 07:00:00,74.74,74.74,72.11,72.99,124870
2020-01-13 07:00:00,72.19,72.55,72.11,72.55,34670
2020-01-14 07:00:00,72.55,75.01,72.55,74.48,58030
2020-01-15 07:00:00,74.74,74.74,73.86,74.74,33340
2020-01-16 07:00:00,74.74,74.74,74.22,74.39,32970
2020-01-17 07:00:00,74.39,74.74,74.39,74.57,32110
2020-01-20 07:00:00,74.74,75.18,74.3,75.18,32600
2020-01-21 07:00:00,76.5,76.94,75.62,75.89,36980
2020-01-22 07:00:00,75.89,76.77,75.89,76.5,22560
2020-01-30 07:00:00,72.11,75.62,71.58,73.86,61500
2020-01-31 07:00:00,73.86,73.86,71.67,71.67,23900
2020-02-03 07:00:00,68.59,72.11,66.65,72.11,43980
2020-02-04 07:00:00,71.23,72.99,69.2,69.47,31560
2020-02-05 07:00:00,71.23,71.23,69.29,69.47,31530
2020-02-06 07:00:00,71.23,71.23,68.41,68.59,38850
2020-02-07 07:00:00,68.59,68.59,67.97,67.97,35550
2020-02-10 07:00:00,67.97,67.97,65.95,66.65,41820
2020-02-11 07:00:00,66.65,67.27,66.65,67.27,31080
2020-02-12 07:00:00,67.71,68.41,66.65,67.71,29010
2020-02-13 07:00:00,67.97,68.41,67.71,68.41,34390
2020-02-14 07:00:00,68.76,69.91,68.5,69.38,31140
2020-02-17 07:00:00,70.26,70.26,68.5,68.5,27870
2020-02-18 07:00:00,68.59,69.03,65.86,66.3,33180
2020-02-19 07:00:00,65.95,66.57,63.75,64.1,41180
2020-02-20 07:00:00,64.54,64.54,63.75,63.75,31630
2020-02-21 07:00:00,63.75,63.75,61.11,61.11,39540
2020-02-24 07:00:00,61.11,61.55,58.92,58.92,45410
2020-02-25 07:00:00,58.92,58.92,54.87,55.22,57150
2020-02-26 07:00:00,54.52,54.96,51.44,52.15,57210
2020-02-27 07:00:00,51.88,51.88,48.54,48.54,210730
2020-02-28 07:00:00,48.36,51.88,45.29,51.88,38940
2020-03-02 07:00:00,49.07,55.49,49.07,54.52,40310
2020-03-03 07:00:00,55.4,55.66,54.52,55.4,41740
2020-03-04 07:00:00,55.4,55.4,52.76,53.64,22360
2020-03-05 07:00:00,53.64,55.4,53.64,54.78,45770
2020-03-06 07:00:00,55.31,55.31,52.58,52.76,46940
2020-03-09 07:00:00,49.24,49.68,49.07,49.07,73910
2020-03-10 07:00:00,46.17,49.07,46.17,48.36,39660
2020-03-11 07:00:00,49.68,49.68,46.61,47.48,28580
2020-03-12 07:00:00,45.73,46.17,44.23,44.67,32140
2020-03-13 07:00:00,41.59,44.67,41.55,44.67,43410
2020-03-16 07:00:00,44.67,44.76,41.55,43.0,62890
2020-03-17 07:00:00,43.0,43.97,41.72,41.77,57980
2020-03-18 07:00:00,41.77,43.53,41.77,42.65,62230
2020-03-19 07:00:00,41.33,41.42,40.63,40.85,20500
2020-03-20 07:00:00,40.85,41.68,40.58,40.63,14360
2020-03-23 07:00:00,40.63,40.63,37.81,37.81,21980
2020-03-24 07:00:00,36.05,38.69,36.05,37.81,20310
2020-03-25 07:00:00,37.81,40.45,37.81,40.41,19560
2020-03-26 07:00:00,40.8,40.8,37.59,37.59,62510
2020-03-27 07:00:00,39.53,39.53,37.59,37.81,12330
2020-03-30 07:00:00,37.46,38.69,36.05,36.05,21220
2020-03-31 07:00:00,36.93,38.52,35.61,36.05,29510
2020-04-01 07:00:00,36.05,37.81,35.7,36.49,68450
2020-04-03 07:00:00,36.49,38.6,36.49,38.25,118550
2020-04-06 07:00:00,39.31,40.89,38.78,40.89,41100
2020-04-07 07:00:00,41.24,41.24,38.87,39.48,38020
2020-04-08 07:00:00,39.48,39.48,36.93,37.81,60310
2020-04-09 07:00:00,39.39,39.57,38.16,39.57,65800
2020-04-10 07:00:00,39.57,42.03,39.13,41.55,170570
2020-04-13 07:00:00,43.09,44.41,42.65,44.23,161750
2020-04-14 07:00:00,44.23,44.23,41.72,41.77,105100
2020-04-15 07:00:00,41.77,43.97,40.1,43.09,95620
2020-04-16 07:00:00,43.18,45.73,43.0,44.85,103580
2020-04-17 07:00:00,45.99,46.61,45.37,46.61,177690
2020-04-20 07:00:00,47.92,49.68,46.34,49.51,185960
2020-04-21 07:00:00,49.51,51.0,46.08,47.66,131690
2020-04-22 07:00:00,44.67,48.01,44.67,47.92,75950
2020-04-23 07:00:00,48.01,50.12,48.01,48.28,73930
2020-04-24 07:00:00,48.36,48.36,46.78,47.31,44750
2020-04-27 07:00:00,47.31,47.48,44.76,44.85,147330
2020-04-28 07:00:00,44.85,46.17,44.85,45.46,43340
2020-04-29 07:00:00,47.13,47.48,45.46,47.13,103160
2020-05-04 07:00:00,47.92,47.92,46.17,46.17,55690
2020-05-05 07:00:00,46.08,46.08,44.93,45.55,38120
2020-05-06 07:00:00,45.64,45.64,44.41,44.85,79470
2020-05-07 07:00:00,44.85,46.17,44.85,45.46,80480
2020-05-08 07:00:00,46.52,46.52,45.55,45.99,98220
2020-05-11 07:00:00,45.55,45.9,45.02,45.55,85170
2020-05-12 07:00:00,46.61,48.36,45.99,48.36,361010
2020-05-13 07:00:00,50.12,50.56,49.24,49.59,170600
2020-05-14 07:00:00,49.59,49.77,47.48,49.24,86950
2020-05-15 07:00:00,49.24,49.24,47.13,47.4,170140
2020-05-18 07:00:00,47.04,47.66,45.99,47.31,71850
2020-05-19 07:00:00,48.28,48.63,47.57,48.36,155370
2020-05-20 07:00:00,48.36,49.77,48.36,48.54,136000
2020-05-21 07:00:00,48.45,48.98,47.66,47.75,86650
2020-05-22 07:00:00,47.75,47.84,46.61,46.61,109550
2020-05-25 07:00:00,46.61,47.57,46.61,47.31,88430
2020-05-26 07:00:00,47.31,47.66,47.13,47.31,77370
2020-05-27 07:00:00,48.01,49.07,47.75,48.01,166790
2020-05-28 07:00:00,48.01,48.01,47.04,47.48,52340
2020-05-29 07:00:00,47.48,48.28,47.31,47.57,38700
2020-06-01 07:00:00,47.92,48.19,47.4,47.66,118920
2020-06-02 07:00:00,47.66,48.54,47.4,48.19,103360
2020-06-03 07:00:00,48.19,48.19,47.13,47.31,132530
2020-06-04 07:00:00,47.48,49.24,47.31,48.8,239040
2020-06-05 07:00:00,49.07,49.07,47.92,48.54,101400
2020-06-08 07:00:00,48.8,51.27,48.8,51.0,299060
2020-06-09 07:00:00,51.0,52.67,50.91,51.44,294600
2020-06-10 07:00:00,51.18,51.44,50.21,50.65,143290
2020-06-11 07:00:00,50.74,51.0,47.13,47.13,201660
2020-06-12 07:00:00,43.88,46.61,43.88,46.61,272650
2020-06-15 07:00:00,46.61,47.48,44.41,44.93,137070
2020-06-16 07:00:00,45.29,45.73,45.29,45.73,75930
2020-06-17 07:00:00,45.73,46.25,45.55,45.99,36440
2020-06-18 07:00:00,45.73,45.99,45.11,45.99,58660
2020-06-19 07:00:00,46.17,46.61,45.99,46.17,44950
2020-06-22 07:00:00,45.99,46.17,44.85,45.55,110190
2020-06-23 07:00:00,45.55,46.25,45.55,45.81,37390
2020-06-24 07:00:00,45.81,46.52,45.29,45.29,47700
2020-06-25 07:00:00,45.11,45.2,44.67,44.93,46420
2020-06-26 07:00:00,45.29,45.73,44.76,45.02,37790
2020-06-29 07:00:00,45.02,45.02,43.35,44.32,143950
2020-06-30 07:00:00,44.32,44.67,43.09,43.35,34130
2020-07-01 07:00:00,43.35,44.06,43.26,43.97,16390
2020-07-02 07:00:00,42.65,44.23,42.65,43.88,24520
2020-07-03 07:00:00,43.79,45.73,43.79,44.14,31170
2020-07-06 07:00:00,45.37,45.64,44.41,45.64,45400
2020-07-07 07:00:00,45.73,46.43,45.11,45.11,27840
2020-07-08 07:00:00,44.41,45.46,44.41,44.58,11600
2020-07-09 07:00:00,44.58,45.11,44.58,44.85,32890
2020-07-10 07:00:00,44.67,44.93,44.41,44.76,22920
2020-07-13 07:00:00,44.76,45.02,44.58,44.85,24680
2020-07-14 07:00:00,44.85,44.85,44.41,44.85,68190
2020-07-15 07:00:00,44.85,44.93,44.41,44.85,75700
2020-07-16 07:00:00,44.93,44.93,44.67,44.76,33630
2020-07-17 07:00:00,44.93,44.93,44.49,44.67,55000
2020-07-20 07:00:00,44.58,44.67,44.49,44.49,24540
2020-07-21 07:00:00,44.41,44.58,44.32,44.41,27590
2020-07-22 07:00:00,44.14,44.32,43.79,43.79,44040
2020-07-23 07:00:00,43.97,43.97,43.09,43.79,45880
2020-07-24 07:00:00,43.79,43.79,40.76,40.89,97540
2020-07-27 07:00:00,38.16,38.25,38.03,38.03,241860
2020-07-28 07:00:00,35.88,40.67,35.88,40.41,109280
2020-07-29 07:00:00,39.57,39.57,37.59,37.81,67990
2020-07-30 07:00:00,38.76,38.76,36.91,37.77,96800
2020-07-31 07:00:00,37.77,37.9,36.46,37.36,46900
2020-08-03 07:00:00,37.36,39.16,37.18,39.07,63610
2020-08-04 07:00:00,39.16,39.61,38.71,39.16,63700
2020-08-05 07:00:00,39.16,40.06,38.71,40.06,99840
2020-08-06 07:00:00,40.06,40.06,39.34,39.34,66220
2020-08-07 07:00:00,38.26,39.16,38.26,38.53,42620
2020-08-10 07:00:00,39.97,39.97,38.62,38.62,77220
2020-08-11 07:00:00,39.52,39.61,39.03,39.39,57560
2020-08-12 07:00:00,39.39,39.88,39.25,39.79,73330
2020-08-13 07:00:00,39.88,41.14,39.79,41.1,67670
2020-08-14 07:00:00,41.1,42.76,41.1,41.95,136160
2020-08-17 07:00:00,40.78,41.77,40.6,40.96,59560
2020-08-18 07:00:00,40.96,40.96,40.51,40.87,18520
2020-08-19 07:00:00,40.06,40.92,40.06,40.42,56780
2020-08-20 07:00:00,40.51,40.51,39.88,40.51,21740
2020-08-21 07:00:00,40.87,40.96,40.06,40.78,31920
2020-08-24 07:00:00,41.41,42.13,41.19,41.86,56850
2020-08-25 07:00:00,42.31,42.31,41.41,41.5,57350
2020-08-26 07:00:00,41.5,41.5,40.78,40.87,83920
2020-08-27 07:00:00,40.87,41.23,40.78,41.1,25610
2020-08-28 07:00:00,41.1,41.41,40.87,41.14,45340
2020-08-31 07:00:00,41.86,42.76,41.41,42.76,238700
2020-09-01 07:00:00,43.21,44.56,43.21,44.29,156850
2020-09-03 07:00:00,44.74,44.74,43.12,43.75,191620
2020-09-04 07:00:00,43.12,44.11,42.4,44.11,120250
2020-09-07 07:00:00,44.11,44.83,44.11,44.2,226500
2020-09-08 07:00:00,44.2,44.2,43.39,44.11,171510
2020-09-09 07:00:00,43.03,44.2,43.03,44.11,52200
2020-09-10 07:00:00,44.56,44.56,43.3,43.93,209290
2020-09-11 07:00:00,43.93,43.93,43.39,43.48,60750
2020-09-14 07:00:00,43.93,44.92,43.84,44.56,115400
2020-09-15 07:00:00,44.56,44.56,44.16,44.29,111630
2020-09-16 07:00:00,44.38,46.18,44.38,46.18,255940
2020-09-17 07:00:00,46.18,46.54,45.28,46.09,178790
2020-09-18 07:00:00,45.91,46.09,45.64,45.82,51230
2020-09-21 07:00:00,45.91,47.26,45.91,46.81,185380
2020-09-22 07:00:00,46.81,47.71,46.36,47.44,172970
2020-09-23 07:00:00,47.44,47.89,47.44,47.62,108620
2020-09-24 07:00:00,47.44,47.8,46.36,46.36,200900
2020-09-25 07:00:00,46.81,46.81,46.0,46.36,137420
2020-09-28 07:00:00,46.36,46.72,46.0,46.27,87350
2020-09-29 07:00:00,46.27,46.36,45.55,45.55,127440
2020-09-30 07:00:00,45.55,45.73,45.19,45.55,66980
2020-10-01 07:00:00,45.64,46.36,45.64,45.82,113440
2020-10-02 07:00:00,46.09,46.09,43.21,45.19,106570
2020-10-05 07:00:00,45.91,45.91,45.28,45.82,59300
2020-10-06 07:00:00,46.36,46.36,45.82,45.82,86010
2020-10-07 07:00:00,45.55,45.82,45.19,45.46,58480
2020-10-08 07:00:00,45.46,45.46,44.74,45.28,77450
2020-10-09 07:00:00,45.1,45.1,44.56,44.74,111120
2020-10-12 07:00:00,44.56,45.01,44.56,44.74,103590
2020-10-13 07:00:00,44.74,45.01,44.47,44.65,29770
2020-10-14 07:00:00,44.65,45.28,44.65,44.74,46090
2020-10-15 07:00:00,44.74,45.46,44.74,45.46,121660
2020-10-16 07:00:00,45.46,45.64,45.1,45.64,99640
2020-10-19 07:00:00,45.64,45.73,45.01,45.01,82490
2020-10-20 07:00:00,45.37,45.37,44.47,44.65,69960
2020-10-21 07:00:00,44.47,44.92,44.47,44.56,81430
2020-10-22 07:00:00,44.38,44.79,44.38,44.65,67020
2020-10-23 07:00:00,45.19,45.19,44.61,44.74,78600
2020-10-26 07:00:00,44.74,44.88,44.52,44.61,155140
2020-10-27 07:00:00,44.61,44.61,43.39,43.39,103720
2020-10-28 07:00:00,43.21,43.21,40.51,40.69,217940
2020-10-29 07:00:00,40.69,42.31,40.65,42.13,63740
2020-10-30 07:00:00,42.85,42.85,41.86,41.95,17180
2020-11-02 07:00:00,41.5,42.31,41.5,42.22,21840
2020-11-03 07:00:00,42.22,42.67,42.22,42.49,53610
2020-11-04 07:00:00,42.49,43.21,42.49,42.72,38840
2020-11-05 07:00:00,42.9,42.9,42.67,42.76,48130
2020-11-06 07:00:00,42.76,42.94,42.76,42.76,19750
2020-11-09 07:00:00,43.17,43.35,42.81,43.21,31160
2020-11-10 07:00:00,44.52,46.18,44.52,46.18,464250
2020-11-11 07:00:00,48.16,48.16,46.27,46.54,138810
2020-11-12 07:00:00,46.54,46.54,45.46,46.09,53520
2020-11-13 07:00:00,45.28,46.18,45.28,46.18,119470
2020-11-16 07:00:00,46.18,46.18,45.46,45.64,175700
2020-11-17 07:00:00,45.91,46.18,45.46,46.09,83650
2020-11-18 07:00:00,46.09,46.09,45.64,45.73,103410
2020-11-19 07:00:00,45.82,46.9,45.73,46.72,120590
2020-11-20 07:00:00,46.99,48.62,46.72,48.62,215730
2020-11-23 07:00:00,48.62,49.25,48.44,48.98,205320
2020-11-24 07:00:00,49.25,49.25,47.71,47.71,130970
2020-11-25 07:00:00,48.62,48.62,46.99,47.71,73760
2020-11-26 07:00:00,47.71,47.71,46.72,47.71,46430
2020-11-27 07:00:00,47.98,47.98,47.26,47.89,59490
2020-11-30 07:00:00,47.53,48.25,47.53,47.98,76650
2020-12-01 07:00:00,46.9,49.34,46.9,49.07,229580
2020-12-02 07:00:00,48.34,49.07,48.16,48.62,64760
2020-12-03 07:00:00,48.71,49.07,48.07,48.71,113570
2020-12-04 07:00:00,48.62,48.8,48.25,48.62,99320
2020-12-07 07:00:00,48.62,49.25,48.53,49.25,152470
2020-12-08 07:00:00,49.52,50.87,49.43,49.79,141930
2020-12-09 07:00:00,50.42,51.23,50.42,50.6,109230
2020-12-10 07:00:00,50.6,50.87,49.88,49.88,97550
2020-12-11 07:00:00,49.79,50.33,49.52,50.24,96820
2020-12-14 07:00:00,49.79,50.96,49.79,50.33,66620
2020-12-15 07:00:00,50.42,51.32,50.42,50.69,111940
2020-12-16 07:00:00,50.69,51.14,50.6,50.96,103890
2020-12-17 07:00:00,50.96,50.96,50.06,50.06,120740
2020-12-18 07:00:00,49.97,50.42,49.97,50.24,65370
2020-12-21 07:00:00,50.24,50.6,49.79,49.79,147680
2020-12-22 07:00:00,49.52,50.06,49.25,49.79,119020
2020-12-23 07:00:00,49.88,50.33,49.43,49.52,98200
2020-12-24 07:00:00,49.52,49.88,48.8,49.52,88060
2020-12-25 07:00:00,49.16,49.79,49.16,49.79,40370
2020-12-28 07:00:00,50.24,50.24,49.61,49.7,43910
2020-12-29 07:00:00,49.7,50.87,49.43,50.69,112050
2020-12-30 07:00:00,52.13,52.22,51.14,51.77,131870
2020-12-31 07:00:00,51.77,51.77,50.96,51.68,28860
2021-01-04 07:00:00,51.41,51.95,51.41,51.59,55500
2021-01-05 07:00:00,51.59,51.59,51.23,51.5,44700
2021-01-06 07:00:00,51.14,51.59,51.05,51.5,92100
2021-01-07 07:00:00,51.32,51.5,50.33,51.32,33100
2021-01-08 07:00:00,51.68,52.13,51.41,51.5,106400
2021-01-11 07:00:00,51.5,52.13,51.5,52.04,62300
2021-01-12 07:00:00,52.13,53.75,52.04,53.75,133600
2021-01-13 07:00:00,53.57,53.93,52.67,52.76,130600
2021-01-14 07:00:00,52.94,54.02,52.58,54.02,82900
2021-01-15 07:00:00,54.02,54.02,52.76,53.39,137900
2021-01-18 07:00:00,53.48,53.84,52.67,53.57,144000
2021-01-19 07:00:00,53.57,54.2,53.12,53.48,220200
2021-01-20 07:00:00,53.48,57.17,52.85,56.63,192600
2021-01-21 07:00:00,57.08,57.08,56.0,56.27,46100
2021-01-22 07:00:00,56.27,57.98,55.82,57.62,81100
2021-01-25 07:00:00,57.62,57.62,56.36,57.08,64200
2021-01-26 07:00:00,55.82,56.27,55.28,55.28,47800
2021-01-27 07:00:00,53.75,56.27,53.75,54.92,62000
2021-01-28 07:00:00,51.23,52.22,51.14,51.14,56100
2021-01-29 07:00:00,47.62,53.39,47.62,52.67,167900
2021-02-01 07:00:00,51.77,52.67,49.79,50.42,105900
2021-02-02 07:00:00,48.8,51.77,48.8,51.05,47300
2021-02-03 07:00:00,51.59,51.59,49.97,51.32,55800
2021-02-04 07:00:00,51.32,52.4,51.32,52.22,76000
2021-02-05 07:00:00,52.22,52.76,52.22,52.76,30500
2021-02-08 07:00:00,51.32,52.13,51.32,51.77,54700
2021-02-09 07:00:00,51.77,52.67,51.23,52.67,105500
2021-02-17 07:00:00,52.22,53.66,52.04,53.57,48500
2021-02-18 07:00:00,53.93,54.92,52.67,54.2,45300
2021-02-19 07:00:00,54.2,54.38,52.85,54.38,62000
2021-02-22 07:00:00,54.02,55.46,53.03,55.37,90800
2021-02-23 07:00:00,55.82,58.52,55.82,56.99,208000
2021-02-24 07:00:00,58.52,58.52,55.82,55.82,117400
2021-02-25 07:00:00,56.72,57.53,55.91,56.72,56300
2021-02-26 07:00:00,56.27,58.07,56.27,57.53,51300
2021-03-01 07:00:00,57.53,58.97,57.53,57.53,89900
2021-03-02 07:00:00,57.62,58.79,57.62,57.62,156000
2021-03-03 07:00:00,57.62,59.15,57.62,58.7,151700
2021-03-04 07:00:00,58.52,60.05,58.52,59.06,127900
2021-03-05 07:00:00,57.71,58.88,57.62,58.16,56000
2021-03-08 07:00:00,59.87,59.87,57.71,57.71,63700
2021-03-09 07:00:00,57.71,57.71,57.08,57.17,38900
2021-03-10 07:00:00,57.17,57.44,56.27,57.26,162100
2021-03-11 07:00:00,57.26,57.71,56.81,56.81,69400
2021-03-12 07:00:00,56.81,56.99,56.27,56.45,46300
2021-03-15 07:00:00,56.72,57.17,55.91,55.91,82000
2021-03-16 07:00:00,55.82,56.72,55.55,56.18,137800
2021-03-17 07:00:00,57.17,57.17,55.82,56.09,39400
2021-03-18 07:00:00,56.18,56.81,56.09,56.09,23600
2021-03-19 07:00:00,56.09,56.9,55.82,55.82,51400
2021-03-22 07:00:00,56.36,56.63,55.82,55.82,49800
2021-03-23 07:00:00,55.91,55.91,54.92,54.92,42400
2021-03-24 07:00:00,54.47,54.92,54.02,54.74,42100
2021-03-25 07:00:00,54.74,54.74,53.12,54.02,42200
2021-03-26 07:00:00,53.21,53.93,52.67,53.39,55200
2021-03-29 07:00:00,53.57,54.47,53.57,54.02,37600
2021-03-30 07:00:00,54.02,55.82,54.02,55.46,35200
2021-03-31 07:00:00,56.27,56.27,54.83,55.37,26600
2021-04-01 07:00:00,54.47,55.82,54.47,55.82,37800
2021-04-02 07:00:00,55.82,56.27,55.46,56.0,28800
2021-04-05 07:00:00,56.09,56.09,54.47,54.47,34300
2021-04-06 07:00:00,54.47,54.74,54.02,54.47,28900
2021-04-07 07:00:00,54.83,55.82,54.47,55.37,17500
2021-04-08 07:00:00,55.82,55.82,55.37,55.64,22800
2021-04-09 07:00:00,55.64,55.64,54.47,55.55,14900
2021-04-12 07:00:00,55.37,55.37,54.29,54.38,42100
2021-04-13 07:00:00,54.38,54.56,53.57,53.93,34700
2021-04-14 07:00:00,53.3,53.66,53.21,53.66,52900
2021-04-15 07:00:00,53.21,53.66,52.94,53.03,54500
2021-04-16 07:00:00,53.03,53.3,51.23,51.77,48700
2021-04-19 07:00:00,51.77,52.67,51.32,51.32,49600
2021-04-20 07:00:00,51.32,53.12,51.32,51.5,47200
2021-04-22 07:00:00,51.5,51.68,49.97,49.97,62900
2021-04-23 07:00:00,50.42,50.42,49.52,50.42,31000
2021-04-26 07:00:00,50.42,50.51,49.07,49.16,27900
2021-04-27 07:00:00,49.16,49.16,47.71,48.62,37900
2021-04-28 07:00:00,48.16,49.34,47.89,48.62,74100
2021-04-29 07:00:00,48.71,49.97,48.62,49.88,27200
2021-05-04 07:00:00,46.81,49.61,46.81,49.52,100800
2021-05-05 07:00:00,49.52,49.52,48.62,48.8,15300
2021-05-06 07:00:00,48.44,48.62,48.16,48.16,25700
2021-05-07 07:00:00,47.8,48.07,45.91,46.72,37700
2021-05-10 07:00:00,46.72,46.72,45.1,45.55,52900
2021-05-11 07:00:00,45.28,46.09,45.28,45.91,20000
2021-05-12 07:00:00,45.91,46.63,45.82,46.63,30200
2021-05-13 07:00:00,46.54,46.54,45.91,46.09,9000
2021-05-14 07:00:00,46.81,46.81,45.91,45.91,22800
2021-05-17 07:00:00,45.73,45.82,43.21,43.39,117900
2021-05-18 07:00:00,43.39,43.57,41.23,41.41,168000
2021-05-19 07:00:00,41.05,44.11,41.05,43.66,43600
2021-05-20 07:00:00,43.84,45.91,43.75,44.92,165200
2021-05-21 07:00:00,44.92,45.19,44.11,44.92,77900
2021-05-24 07:00:00,43.21,45.01,43.21,45.01,101800
2021-05-25 07:00:00,45.01,45.01,43.75,43.75,34200
2021-05-26 07:00:00,43.66,43.66,43.08,43.12,61800
2021-05-27 07:00:00,43.12,43.3,41.86,41.86,59700
2021-05-28 07:00:00,41.86,43.66,41.86,42.31,43600
2021-05-31 07:00:00,42.27,42.27,41.41,42.0,33400
2021-06-01 07:00:00,41.95,41.95,41.46,41.73,17100
2021-06-02 07:00:00,41.73,41.73,41.41,41.59,74200
2021-06-03 07:00:00,42.31,43.21,42.31,42.63,91300
2021-06-04 07:00:00,42.63,43.89,42.58,42.76,86100
2021-06-07 07:00:00,42.76,43.21,41.68,42.49,117000
2021-06-08 07:00:00,43.21,43.21,42.31,42.45,180000
2021-06-09 07:00:00,42.45,44.29,42.45,44.11,106100
2021-06-10 07:00:00,43.39,46.36,43.39,45.82,117300
2021-06-11 07:00:00,46.36,46.36,45.1,45.28,48100
2021-06-14 07:00:00,45.19,46.09,44.74,46.09,102600
2021-06-15 07:00:00,46.36,46.36,45.01,45.91,47100
2021-06-16 07:00:00,46.27,46.81,45.91,46.27,32000
2021-06-17 07:00:00,44.83,46.27,44.83,46.09,31900
2021-06-18 07:00:00,45.82,46.36,45.82,46.36,18100
2021-06-21 07:00:00,46.72,47.53,46.36,46.99,58200
2021-06-22 07:00:00,47.26,47.44,46.36,47.17,45700
2021-06-23 07:00:00,47.26,47.53,46.63,46.72,30300
2021-06-24 07:00:00,46.09,46.54,45.1,46.09,58700
2021-06-25 07:00:00,46.09,46.18,45.01,45.01,22200
2021-06-28 07:00:00,45.01,46.27,45.01,45.64,34200
2021-06-29 07:00:00,46.63,46.63,45.82,45.91,48900
2021-06-30 07:00:00,45.19,46.63,45.19,45.91,39500
2021-07-01 07:00:00,45.91,46.63,45.91,46.63,34000
2021-07-02 07:00:00,46.63,46.72,46.18,46.27,26400
2021-07-05 07:00:00,46.0,46.99,45.91,46.45,91100
2021-07-06 07:00:00,47.08,47.08,45.91,45.91,45100
2021-07-07 07:00:00,45.91,45.91,44.11,45.91,78300
2021-07-08 07:00:00,45.91,45.91,45.19,45.28,19200
2021-07-09 07:00:00,45.19,45.91,45.01,45.19,39100
2021-07-12 07:00:00,45.01,45.01,42.13,43.3,117300
2021-07-13 07:00:00,43.3,44.02,43.3,43.44,15400
2021-07-14 07:00:00,44.02,44.02,43.21,43.75,30700
2021-07-15 07:00:00,44.07,44.07,42.94,43.93,21200
2021-07-16 07:00:00,43.57,45.01,43.57,44.02,6200
2021-07-19 07:00:00,43.98,45.37,42.04,45.37,52400
2021-07-20 07:00:00,44.56,44.88,42.49,44.11,41900
2021-07-21 07:00:00,44.11,45.37,43.21,45.01,35600
2021-07-22 07:00:00,45.01,45.01,43.93,44.11,15400
2021-07-23 07:00:00,43.75,43.75,43.39,43.66,38900
2021-07-26 07:00:00,43.71,43.71,43.3,43.66,12200
2021-07-27 07:00:00,43.35,43.71,42.31,43.21,39000
2021-07-28 07:00:00,43.21,44.11,42.76,43.17,26000
2021-07-29 07:00:00,43.21,43.26,42.04,43.21,32000
2021-07-30 07:00:00,43.21,43.66,42.76,43.21,34300
2021-08-02 07:00:00,43.21,44.2,43.21,43.66,34500
2021-08-03 07:00:00,43.75,43.89,43.48,43.71,18700
2021-08-04 07:00:00,43.71,44.65,43.71,44.2,68800
2021-08-05 07:00:00,43.98,45.01,43.98,44.83,28700
2021-08-06 07:00:00,45.01,45.01,44.56,44.88,19700
2021-08-09 07:00:00,44.11,44.79,44.11,44.29,20500
2021-08-10 07:00:00,44.56,44.74,44.2,44.29,22000
2021-08-11 07:00:00,44.34,44.97,44.34,44.74,36600
2021-08-12 07:00:00,44.65,44.83,44.47,44.7,31600
2021-08-13 07:00:00,44.7,44.7,44.34,44.52,39100
2021-08-16 07:00:00,44.52,44.52,44.11,44.29,31500
2021-08-17 07:00:00,44.29,44.29,43.66,44.11,31900
2021-08-18 07:00:00,44.11,44.11,43.66,43.66,23600
2021-08-19 07:00:00,43.75,44.11,43.57,43.98,23900
2021-08-20 07:00:00,43.66,43.66,43.21,43.21,35300
2021-08-23 07:00:00,43.48,43.62,42.81,42.94,22600
2021-08-24 07:00:00,42.76,44.07,42.76,42.94,8800
2021-08-25 07:00:00,43.8,43.8,42.4,42.85,28800
2021-08-26 07:00:00,42.85,44.11,42.85,43.44,18000
2021-08-27 07:00:00,43.21,43.89,43.21,43.89,20600
2021-08-30 07:00:00,44.07,44.83,44.07,44.83,39700
2021-08-31 07:00:00,44.65,44.7,44.29,44.56,33600
2021-09-01 07:00:00,44.34,44.43,44.11,44.43,17800
2021-09-06 07:00:00,44.38,44.56,44.11,44.38,41300
2021-09-07 07:00:00,44.65,44.65,44.2,44.47,23500
2021-09-08 07:00:00,44.47,44.47,43.66,43.66,29800
2021-09-09 07:00:00,44.47,46.63,44.47,46.63,97300
2021-09-10 07:00:00,49.88,49.88,49.7,49.88,104500
2021-09-13 07:00:00,53.3,53.3,49.88,50.33,155300
2021-09-14 07:00:00,49.61,49.79,48.62,48.89,67000
2021-09-15 07:00:00,48.89,49.88,48.07,48.71,29600
2021-09-16 07:00:00,48.07,48.71,47.98,48.71,39700
2021-09-17 07:00:00,48.71,49.52,47.89,49.07,22500
2021-09-20 07:00:00,49.16,50.33,48.62,48.89,44500
2021-09-21 07:00:00,48.8,49.97,48.25,48.34,37600
2021-09-22 07:00:00,48.34,49.61,48.34,48.62,14500
2021-09-23 07:00:00,48.71,49.88,48.71,48.89,13000
2021-09-24 07:00:00,48.89,49.97,47.98,48.89,30200
2021-09-27 07:00:00,50.24,50.24,48.62,48.8,31200
2021-09-28 07:00:00,48.8,51.32,48.8,51.32,68700
2021-09-29 07:00:00,49.97,51.23,49.97,50.87,14900
2021-09-30 07:00:00,50.87,50.87,50.24,50.87,11700
2021-10-01 07:00:00,50.87,50.87,50.06,50.06,23600
2021-10-04 07:00:00,50.15,50.15,49.88,49.97,16000
2021-10-05 07:00:00,49.97,50.24,49.52,49.97,15200
2021-10-06 07:00:00,50.42,51.14,50.06,50.78,16100
2021-10-07 07:00:00,50.87,51.32,50.42,50.96,11100
2021-10-08 07:00:00,50.96,51.23,50.87,51.23,9900
2021-10-11 07:00:00,50.24,53.12,50.24,52.13,47800
2021-10-12 07:00:00,52.22,52.22,51.59,51.86,16900
2021-10-13 07:00:00,52.22,52.22,51.59,51.95,9400
2021-10-14 07:00:00,52.22,52.67,51.77,52.04,22500
2021-10-15 07:00:00,52.22,52.58,51.77,52.13,15200
2021-10-18 07:00:00,52.13,52.67,52.04,52.04,16900
2021-10-19 07:00:00,52.04,52.04,51.5,51.77,15900
2021-10-20 07:00:00,52.58,52.58,51.23,51.77,15900
2021-10-21 07:00:00,52.13,52.13,50.87,51.23,32500
2021-10-22 07:00:00,51.23,51.23,50.51,50.51,18000
2021-10-25 07:00:00,50.51,50.51,49.52,50.24,35700
2021-10-26 07:00:00,50.06,50.15,49.16,49.79,31500
2021-10-27 07:00:00,48.62,50.24,48.62,50.24,27400
2021-10-28 07:00:00,50.24,50.24,49.25,49.61,14800
2021-10-29 07:00:00,48.8,49.61,48.8,49.07,26700
2021-11-01 07:00:00,50.42,50.42,49.16,50.06,32000
2021-11-02 07:00:00,49.52,49.79,49.16,49.43,22700
2021-11-03 07:00:00,49.52,49.52,48.62,49.07,36400
2021-11-04 07:00:00,49.07,49.07,48.16,48.44,28900
2021-11-05 07:00:00,48.44,49.43,48.44,48.89,51600
2021-11-08 07:00:00,48.89,50.42,48.89,49.43,42500
2021-11-09 07:00:00,49.07,49.7,48.89,49.07,25500
2021-11-10 07:00:00,49.07,49.52,48.62,49.34,33300
2021-11-11 07:00:00,49.34,49.34,48.44,48.98,45000
2021-11-12 07:00:00,48.16,48.98,48.07,48.98,36600
2021-11-15 07:00:00,48.62,50.42,48.62,50.42,37500
2021-11-16 07:00:00,50.42,50.42,49.07,49.07,46200
2021-11-17 07:00:00,49.16,49.97,49.16,49.16,17700
2021-11-18 07:00:00,49.52,50.42,49.16,49.88,67100
2021-11-19 07:00:00,49.52,49.7,48.62,48.62,40200
2021-11-22 07:00:00,49.52,49.52,48.25,48.25,13800
2021-11-23 07:00:00,48.62,49.52,48.62,48.62,14700
2021-11-24 07:00:00,48.44,48.62,48.07,48.07,64900
2021-11-25 07:00:00,49.16,49.16,48.44,48.62,34700
2021-11-26 07:00:00,48.53,49.43,48.16,49.07,13100
2021-11-29 07:00:00,47.89,48.53,47.71,47.8,45200
2021-11-30 07:00:00,47.8,48.62,47.8,47.8,16400
2021-12-01 07:00:00,47.89,48.16,47.44,47.62,15800
2021-12-02 07:00:00,50.96,50.96,48.34,49.52,100800
2021-12-03 07:00:00,49.52,50.06,48.34,48.53,10300
2021-12-06 07:00:00,47.8,48.62,47.08,47.17,20700
2021-12-07 07:00:00,47.71,48.16,47.35,48.07,5700
2021-12-08 07:00:00,48.34,49.7,48.25,49.52,35000
2021-12-09 07:00:00,48.34,49.43,48.34,48.62,12900
2021-12-10 07:00:00,48.34,49.43,48.16,48.16,37600
2021-12-13 07:00:00,48.34,48.44,47.71,48.44,25500
2021-12-14 07:00:00,48.62,48.71,47.71,47.71,22400
2021-12-15 07:00:00,48.44,48.44,46.36,47.26,48200
2021-12-16 07:00:00,48.16,49.52,47.44,48.53,16300
2021-12-17 07:00:00,48.89,48.89,46.99,48.25,23900
2021-12-20 07:00:00,47.62,48.89,46.99,47.44,42200
2021-12-21 07:00:00,48.34,48.34,45.91,45.91,39500
2021-12-22 07:00:00,48.62,48.98,46.09,47.62,52400
2021-12-23 07:00:00,47.62,47.8,46.81,46.9,29700
2021-12-24 07:00:00,46.9,47.98,46.9,47.53,9200
2021-12-27 07:00:00,47.89,47.89,46.99,47.26,12200
2021-12-28 07:00:00,47.44,47.98,47.26,47.62,13600
2021-12-29 07:00:00,48.07,48.07,47.62,47.62,21200
2021-12-30 07:00:00,48.07,48.16,47.89,47.89,3800
2021-12-31 07:00:00,47.98,47.98,47.44,47.53,5400
2022-01-04 07:00:00,47.71,48.62,47.71,47.89,26000
2022-01-05 07:00:00,47.98,48.44,47.98,48.16,26100
2022-01-06 07:00:00,47.35,48.16,47.08,48.16,45000
2022-01-07 07:00:00,47.89,48.07,47.17,47.71,7300
2022-01-10 07:00:00,47.44,47.98,47.17,47.98,17600
2022-01-11 07:00:00,47.98,48.16,47.26,47.44,17900
2022-01-12 07:00:00,47.44,47.44,46.81,47.26,8400
2022-01-13 07:00:00,47.71,47.71,47.17,47.53,6700
2022-01-14 07:00:00,46.81,47.26,46.36,46.36,20100
2022-01-17 07:00:00,46.72,47.53,46.45,46.99,34600
2022-01-18 07:00:00,46.81,47.8,46.63,46.99,26400
2022-01-19 07:00:00,47.17,47.62,46.81,46.9,13400
2022-01-20 07:00:00,46.9,46.9,46.36,46.72,15200
2022-01-21 07:00:00,46.99,46.99,45.73,46.63,23200
2022-01-24 07:00:00,47.08,47.08,46.18,46.18,16400
2022-01-25 07:00:00,46.36,46.81,46.36,46.45,14700
2022-01-26 07:00:00,46.81,47.89,46.81,46.9,26100
2022-01-27 07:00:00,46.9,47.62,46.9,47.62,8700
2022-01-28 07:00:00,46.99,47.89,46.99,47.62,24200
2022-02-07 07:00:00,48.89,50.96,48.62,50.96,102900
2022-02-08 07:00:00,53.3,53.3,51.77,52.58,47200
2022-02-09 07:00:00,53.93,53.93,50.6,51.86,23500
2022-02-10 07:00:00,50.78,51.86,50.78,51.5,28400
2022-02-11 07:00:00,51.5,51.5,50.87,51.14,39800
2022-02-14 07:00:00,53.12,53.12,52.04,52.22,36500
2022-02-15 07:00:00,52.4,52.58,51.86,52.58,12600
2022-02-16 07:00:00,53.12,53.12,52.58,52.76,20100
2022-02-17 07:00:00,52.22,54.02,52.22,54.02,71800
2022-02-18 07:00:00,54.02,56.72,54.02,56.63,93100
2022-02-21 07:00:00,57.62,58.07,55.91,57.71,74400
2022-02-22 07:00:00,56.63,58.16,56.27,57.62,47200
2022-02-23 07:00:00,57.62,57.8,56.63,56.63,39700
2022-02-24 07:00:00,57.44,57.44,53.21,54.65,87000
2022-02-25 07:00:00,56.63,56.63,54.83,56.27,76100
2022-02-28 07:00:00,56.27,56.27,54.47,54.92,18000
2022-03-01 07:00:00,54.92,56.09,54.11,54.47,58100
2022-03-02 07:00:00,55.1,55.1,53.21,53.3,52400
2022-03-03 07:00:00,52.67,54.02,52.67,53.57,24100
2022-03-04 07:00:00,53.57,54.47,52.76,54.02,41200
2022-03-07 07:00:00,54.02,54.02,52.76,53.48,26300
2022-03-08 07:00:00,53.12,53.39,52.85,52.94,26100
2022-03-09 07:00:00,52.76,55.37,52.67,54.02,25500
2022-03-10 07:00:00,54.47,55.37,54.02,55.37,27300
2022-03-11 07:00:00,55.28,56.81,55.1,55.46,37500
2022-03-14 07:00:00,55.82,55.82,55.37,55.64,18400
2022-03-15 07:00:00,56.27,56.54,54.92,55.64,23600
2022-03-16 07:00:00,55.82,56.0,54.74,54.74,14500
2022-03-17 07:00:00,54.92,55.1,53.84,54.74,22200
2022-03-18 07:00:00,54.83,54.83,53.84,53.84,24900
2022-03-21 07:00:00,54.02,54.92,53.84,53.84,18700
2022-03-22 07:00:00,54.2,54.56,53.12,54.02,18200
2022-03-23 07:00:00,53.75,54.92,53.75,54.02,15400
2022-03-24 07:00:00,54.02,54.47,54.02,54.11,15600
2022-03-25 07:00:00,54.11,54.47,53.93,54.02,18000
2022-03-28 07:00:00,54.02,54.2,53.66,53.75,20400
2022-03-29 07:00:00,54.02,54.47,53.75,54.02,15500
2022-03-30 07:00:00,54.11,54.38,53.66,53.75,5900
2022-03-31 07:00:00,54.02,54.29,53.66,54.2,36100
2022-04-01 07:00:00,54.65,54.65,53.93,54.47,23100
2022-04-04 07:00:00,55.01,57.62,55.01,57.26,92400
2022-04-05 07:00:00,59.33,59.33,57.35,58.07,47300
2022-04-06 07:00:00,57.98,58.88,57.62,58.88,48900
2022-04-07 07:00:00,58.07,58.79,57.53,57.62,40000
2022-04-08 07:00:00,57.62,58.88,57.62,58.7,31100
2022-04-12 07:00:00,58.97,61.22,58.34,59.42,135800
2022-04-13 07:00:00,60.5,60.77,58.97,60.77,35400
2022-04-14 07:00:00,60.86,61.22,59.33,59.33,38100
2022-04-15 07:00:00,59.33,59.69,57.71,58.34,42400
2022-04-18 07:00:00,57.62,61.31,56.81,61.22,108900
2022-04-19 07:00:00,61.22,61.31,59.42,59.42,34100
2022-04-20 07:00:00,58.52,59.33,58.07,58.07,40600
2022-04-21 07:00:00,57.53,57.53,54.92,56.27,63300
2022-04-22 07:00:00,56.36,58.07,54.92,55.55,34000
2022-04-25 07:00:00,55.46,56.72,53.12,53.12,105400
2022-04-26 07:00:00,50.06,55.55,50.06,55.55,34900
2022-04-27 07:00:00,55.46,55.55,51.68,55.1,33700
2022-04-28 07:00:00,57.62,57.62,54.74,54.92,65800
2022-04-29 07:00:00,54.47,56.27,54.47,56.18,25100
2022-05-04 07:00:00,55.82,58.07,55.82,55.91,15500
2022-05-05 07:00:00,56.0,56.54,54.92,55.82,13500
2022-05-06 07:00:00,54.11,55.82,54.11,55.19,11200
2022-05-09 07:00:00,54.92,55.01,51.41,51.41,51200
2022-05-10 07:00:00,51.23,51.77,49.52,51.77,26800
2022-05-11 07:00:00,51.77,52.22,51.32,51.86,11600
2022-05-12 07:00:00,50.42,51.32,49.07,49.07,61600
2022-05-13 07:00:00,46.9,48.98,45.64,45.64,65900
2022-05-16 07:00:00,45.46,48.62,45.46,47.71,50500
2022-05-17 07:00:00,46.99,50.78,46.54,50.42,31600
2022-05-18 07:00:00,50.33,50.33,49.43,49.52,23700
2022-05-19 07:00:00,47.71,49.97,46.81,49.61,15700
2022-05-20 07:00:00,48.62,50.42,47.71,48.16,64800
2022-05-23 07:00:00,49.52,49.97,49.25,49.52,43500
2022-05-24 07:00:00,49.52,49.7,49.34,49.52,38300
2022-05-25 07:00:00,49.52,50.15,49.25,49.52,10900
2022-05-26 07:00:00,49.97,51.23,49.97,49.97,6800
2022-05-27 07:00:00,49.97,50.42,49.52,50.06,4700
2022-05-30 07:00:00,50.33,50.69,49.52,49.52,14300
2022-05-31 07:00:00,49.52,50.87,49.52,50.15,20800
2022-06-01 07:00:00,49.61,50.33,49.61,49.79,4300
2022-06-02 07:00:00,49.79,50.06,49.61,49.61,10300
2022-06-03 07:00:00,49.7,50.78,49.7,49.88,9800
2022-06-06 07:00:00,49.88,50.78,49.61,49.88,15500
2022-06-07 07:00:00,49.97,50.33,49.7,50.15,10900
2022-06-08 07:00:00,50.15,52.94,49.88,50.06,98100
2022-06-09 07:00:00,50.69,52.22,50.42,52.22,7800
2022-06-10 07:00:00,52.13,52.76,51.23,52.22,42700
2022-06-13 07:00:00,50.51,51.32,49.7,50.15,53900
2022-06-14 07:00:00,50.33,51.23,50.24,50.87,34200
2022-06-15 07:00:00,50.15,51.23,50.15,51.23,23600
2022-06-16 07:00:00,51.59,51.77,50.87,51.5,20500
2022-06-17 07:00:00,50.6,52.22,50.6,52.13,35300
2022-06-20 07:00:00,52.13,52.22,51.32,51.95,32300
2022-06-21 07:00:00,51.95,51.95,50.42,50.42,24900
2022-06-22 07:00:00,52.67,52.67,50.42,50.42,29900
2022-06-23 07:00:00,50.51,51.32,50.42,51.05,15400
2022-06-24 07:00:00,50.96,51.77,50.51,50.51,16300
2022-06-27 07:00:00,50.87,52.94,50.87,52.67,34300
2022-06-28 07:00:00,52.67,52.85,52.22,52.85,6900
2022-06-29 07:00:00,52.67,52.67,51.77,52.49,29600
2022-06-30 07:00:00,51.86,52.67,51.86,52.13,15200
2022-07-01 07:00:00,51.23,52.22,51.05,52.13,9800
2022-07-04 07:00:00,52.22,53.48,51.41,51.41,27300
2022-07-05 07:00:00,51.23,51.59,51.05,51.41,20800
2022-07-06 07:00:00,51.77,52.67,51.41,51.41,15100
2022-07-07 07:00:00,51.41,51.68,50.42,51.68,10400
2022-07-08 07:00:00,51.68,52.4,50.42,51.59,21100
2022-07-11 07:00:00,50.78,51.32,50.69,51.05,17100
2022-07-12 07:00:00,51.41,51.41,50.69,51.05,5800
2022-07-13 07:00:00,51.05,51.32,50.42,51.32,15200
2022-07-14 07:00:00,51.32,52.13,50.78,51.05,15000
2022-07-15 07:00:00,51.32,52.04,50.6,51.05,12200
2022-07-18 07:00:00,51.77,52.13,51.14,51.14,6800
2022-07-19 07:00:00,51.14,51.68,51.05,51.68,10600
2022-07-20 07:00:00,51.68,52.67,51.68,52.04,32000
2022-07-21 07:00:00,52.04,52.04,51.05,51.41,17500
2022-07-22 07:00:00,51.32,52.04,51.32,51.32,7500
2022-07-25 07:00:00,51.14,52.22,51.14,51.59,23400
2022-07-26 07:00:00,52.04,52.04,50.87,51.59,23200
2022-07-27 07:00:00,50.96,51.5,50.96,51.41,6700
2022-07-28 07:00:00,51.5,52.94,51.23,52.31,76500
2022-07-29 07:00:00,52.67,55.37,52.67,54.74,65600
2022-08-01 07:00:00,54.74,56.27,54.47,55.37,41500
2022-08-02 07:00:00,55.1,55.1,54.11,54.29,22800
2022-08-03 07:00:00,54.29,54.29,53.57,54.02,30000
2022-08-04 07:00:00,54.02,54.02,53.21,53.57,11400
2022-08-05 07:00:00,54.02,54.02,53.12,53.21,20500
2022-08-08 07:00:00,53.12,53.84,53.12,53.84,20000
2022-08-09 07:00:00,54.02,54.2,53.57,53.57,19600
2022-08-10 07:00:00,53.39,54.02,53.3,53.57,15200
2022-08-11 07:00:00,53.84,54.2,53.57,53.75,34800
2022-08-12 07:00:00,53.66,53.84,53.12,53.66,17700
2022-08-15 07:00:00,53.66,53.93,53.21,53.3,23600
2022-08-16 07:00:00,53.3,53.84,53.3,53.57,13900
2022-08-17 07:00:00,53.39,53.75,53.3,53.75,30300
2022-08-18 07:00:00,53.75,53.75,53.12,53.75,48900
2022-08-19 07:00:00,53.75,54.74,53.75,54.47,38900
2022-08-22 07:00:00,54.74,54.74,53.12,53.66,11600
2022-08-23 07:00:00,53.66,53.84,53.48,53.84,6300
2022-08-24 07:00:00,53.84,54.2,53.39,53.93,36000
2022-08-25 07:00:00,53.48,54.02,53.48,54.02,60800
2022-08-26 07:00:00,53.75,54.47,53.66,54.02,22300
2022-08-29 07:00:00,53.21,54.02,53.21,54.02,39400
2022-08-30 07:00:00,54.02,54.02,53.48,53.93,16200
2022-08-31 07:00:00,53.93,53.93,53.48,53.75,4400
2022-09-05 07:00:00,53.84,54.47,53.75,54.47,31000
2022-09-06 07:00:00,55.37,55.37,54.02,54.65,10100
2022-09-07 07:00:00,54.02,54.02,53.03,53.03,39800
2022-09-08 07:00:00,53.03,53.12,51.77,53.03,55300
2022-09-09 07:00:00,51.77,52.85,51.77,52.58,23100
2022-09-12 07:00:00,52.58,52.67,51.86,52.22,13000
2022-09-13 07:00:00,52.22,52.31,52.04,52.22,7700
2022-09-14 07:00:00,52.22,52.67,51.41,52.04,17700
2022-09-15 07:00:00,53.03,53.03,51.77,51.77,7700
2022-09-16 07:00:00,52.13,52.13,51.41,51.5,8900
2022-09-19 07:00:00,51.23,51.32,50.6,50.69,25400
2022-09-20 07:00:00,50.78,51.14,50.6,51.14,7300
2022-09-21 07:00:00,50.87,51.77,50.6,51.68,16400
2022-09-22 07:00:00,51.59,51.59,50.6,51.23,19000
2022-09-23 07:00:00,51.59,51.59,51.32,51.41,3700
2022-09-26 07:00:00,50.78,51.32,50.6,50.96,36500
2022-09-27 07:00:00,50.96,50.96,50.6,50.6,36600
2022-09-28 07:00:00,50.69,50.87,50.6,50.69,10100
2022-09-29 07:00:00,51.68,51.68,50.6,50.78,8800
2022-09-30 07:00:00,50.69,51.32,50.69,51.32,48800
2022-10-03 07:00:00,51.32,51.32,50.6,50.69,52300
2022-10-04 07:00:00,50.69,50.96,50.69,50.69,14100
2022-10-05 07:00:00,50.78,51.23,50.69,50.69,4400
2022-10-06 07:00:00,50.69,51.14,50.69,51.14,20400
2022-10-07 07:00:00,50.78,51.05,50.6,50.87,67200
2022-10-10 07:00:00,50.87,50.87,50.69,50.87,40300
2022-10-11 07:00:00,50.87,50.87,50.69,50.78,77200
2022-10-12 07:00:00,50.42,50.42,49.97,49.97,3600
2022-10-13 07:00:00,50.33,50.78,50.06,50.78,37200
2022-10-14 07:00:00,50.87,50.87,50.87,50.87,14700
2022-10-17 07:00:00,50.69,50.78,50.6,50.69,29500
2022-10-18 07:00:00,50.78,51.05,50.78,51.05,20300
2022-10-19 07:00:00,50.87,51.14,49.7,49.7,102000
2022-10-20 07:00:00,49.97,50.06,48.62,49.52,101700
2022-10-21 07:00:00,49.52,49.61,48.62,48.62,39800
2022-10-24 07:00:00,48.62,48.62,45.91,46.99,21000
2022-10-25 07:00:00,46.81,47.62,46.72,47.26,30200
2022-10-26 07:00:00,47.17,47.71,47.17,47.53,9300
2022-10-27 07:00:00,47.35,49.52,44.25,48.62,11800
2022-10-28 07:00:00,48.62,48.8,46.81,48.62,48900
2022-10-31 07:00:00,48.53,48.62,47.26,47.26,37500
2022-11-01 07:00:00,47.44,47.44,45.91,46.36,4100
2022-11-02 07:00:00,46.45,46.63,46.45,46.63,3600
2022-11-03 07:00:00,46.81,46.81,45.82,45.82,8000
2022-11-04 07:00:00,48.16,48.16,45.01,45.01,37400
2022-11-07 07:00:00,45.01,45.01,41.86,41.86,15900
2022-11-08 07:00:00,43.75,43.75,41.59,43.03,16800
2022-11-09 07:00:00,42.4,44.56,42.4,43.84,8800
2022-11-10 07:00:00,41.32,43.12,41.23,43.12,12200
2022-11-11 07:00:00,40.51,44.11,40.51,43.93,6000
2022-11-14 07:00:00,42.49,42.49,41.77,41.86,22600
2022-11-15 07:00:00,41.5,42.31,40.96,41.41,47900
2022-11-16 07:00:00,40.24,42.22,40.2,42.04,32600
2022-11-17 07:00:00,42.04,43.3,41.86,43.21,24000
2022-11-18 07:00:00,43.21,43.75,43.21,43.75,1900
2022-11-21 07:00:00,45.01,45.01,44.92,44.92,7600
2022-11-22 07:00:00,45.01,46.63,43.66,46.63,11500
2022-11-24 07:00:00,46.63,46.63,44.88,46.63,4100
2022-11-25 07:00:00,46.63,46.63,45.91,46.63,3800
2022-11-28 07:00:00,46.63,46.63,44.11,45.91,5300
2022-11-29 07:00:00,46.72,46.72,45.55,45.82,4900
2022-11-30 07:00:00,45.01,45.73,44.74,45.64,2000
2022-12-01 07:00:00,45.91,45.91,42.49,45.55,21500
2022-12-02 07:00:00,45.01,45.01,44.11,45.01,6700
2022-12-05 07:00:00,44.92,46.27,44.92,45.82,13100
2022-12-06 07:00:00,45.46,46.36,44.92,45.1,6000
2022-12-07 07:00:00,45.46,45.46,45.01,45.19,13600
2022-12-08 07:00:00,45.55,46.36,45.19,45.37,6500
2022-12-09 07:00:00,45.55,48.53,45.46,48.44,6300
2022-12-12 07:00:00,48.8,50.06,48.8,49.25,11700
2022-12-13 07:00:00,49.52,49.52,48.62,49.52,8100
2022-12-14 07:00:00,48.71,49.52,48.62,49.52,8400
2022-12-15 07:00:00,50.33,50.33,48.89,49.07,1500
2022-12-16 07:00:00,49.52,49.97,49.16,49.97,14000
2022-12-19 07:00:00,49.43,50.42,49.16,49.16,14500
2022-12-20 07:00:00,49.16,49.16,47.71,47.71,6000
2022-12-21 07:00:00,47.8,49.07,47.71,47.71,1900
2022-12-22 07:00:00,49.97,49.97,49.97,49.97,100
2022-12-23 07:00:00,47.71,48.62,47.26,48.62,4000
2022-12-26 07:00:00,47.26,47.26,46.9,46.9,5300
2022-12-27 07:00:00,46.9,48.16,46.9,48.07,2100
2022-12-28 07:00:00,47.62,48.62,47.62,48.62,4900
2022-12-29 07:00:00,48.62,51.32,47.98,48.16,5700
2022-12-30 07:00:00,49.52,51.32,48.44,51.32,8200
2023-01-03 07:00:00,51.32,52.22,50.96,51.14,8600
2023-01-04 07:00:00,51.32,51.32,50.42,51.05,1500
2023-01-05 07:00:00,50.42,51.32,50.42,50.78,1300
2023-01-06 07:00:00,50.78,51.68,50.42,51.32,20100
2023-01-09 07:00:00,51.32,51.68,50.69,51.32,2300
2023-01-10 07:00:00,49.7,50.87,49.7,50.42,7800
2023-01-11 07:00:00,50.51,50.51,50.42,50.51,1100
2023-01-12 07:00:00,52.22,52.22,50.6,51.05,2800
2023-01-13 07:00:00,49.79,50.96,49.79,50.96,7500
2023-01-16 07:00:00,50.51,50.87,50.24,50.24,2000
2023-01-17 07:00:00,51.14,51.14,50.24,50.87,2700
2023-01-18 07:00:00,50.87,51.5,50.87,51.32,14500
2023-01-19 07:00:00,51.32,52.49,51.32,52.49,21000
2023-01-27 07:00:00,52.22,54.02,50.87,51.59,59600
2023-01-30 07:00:00,51.59,51.59,51.32,51.32,42200
2023-01-31 07:00:00,51.68,51.68,50.96,51.32,78800
2023-02-01 07:00:00,50.96,51.68,49.97,49.97,53300
2023-02-02 07:00:00,49.97,49.97,49.7,49.79,51300
2023-02-03 07:00:00,51.14,51.14,50.24,50.42,25200
2023-02-06 07:00:00,53.03,53.03,50.42,51.32,72600
2023-02-07 07:00:00,50.87,51.32,50.42,50.42,73300
2023-02-08 07:00:00,51.32,51.32,49.61,51.23,24500
2023-02-09 07:00:00,50.42,51.14,50.42,51.14,69800
2023-02-10 07:00:00,50.42,50.78,49.97,50.06,103400
2023-02-13 07:00:00,49.52,50.42,49.52,50.42,21000
2023-02-14 07:00:00,49.97,51.32,49.97,51.32,5400
2023-02-15 07:00:00,50.06,51.23,50.06,51.14,300
2023-02-16 07:00:00,51.32,51.32,51.14,51.32,4900
2023-02-17 07:00:00,50.6,50.6,50.6,50.6,500
2023-02-20 07:00:00,50.69,51.41,50.6,51.41,14300
2023-02-21 07:00:00,50.51,51.68,50.51,51.41,16300
2023-02-22 07:00:00,51.14,51.41,51.14,51.14,6200
2023-02-23 07:00:00,51.14,51.14,50.87,51.14,11100
2023-02-24 07:00:00,50.42,51.14,50.42,51.14,13800
2023-02-27 07:00:00,51.59,51.59,50.87,50.87,6600
2023-02-28 07:00:00,50.87,51.32,50.87,51.32,12200
2023-03-01 07:00:00,51.59,51.86,51.5,51.86,4700
2023-03-02 07:00:00,52.13,52.22,52.04,52.22,8500
2023-03-03 07:00:00,52.22,52.58,51.5,51.5,2000
2023-03-06 07:00:00,51.59,51.59,51.5,51.59,1300
2023-03-07 07:00:00,51.59,53.03,50.96,50.96,800
2023-03-08 07:00:00,50.42,51.23,47.8,47.8,67500
2023-03-09 07:00:00,51.14,51.14,50.42,50.42,87500
2023-03-10 07:00:00,49.7,51.05,49.7,50.87,6900
2023-03-13 07:00:00,50.42,50.87,50.42,50.42,14700
2023-03-14 07:00:00,50.42,50.42,49.97,50.06,11600
2023-03-15 07:00:00,50.15,51.23,50.06,50.24,3300
2023-03-16 07:00:00,50.42,51.23,50.42,50.51,1000
2023-03-17 07:00:00,50.51,50.78,50.06,50.15,2500
2023-03-20 07:00:00,50.96,50.96,50.15,50.78,300
2023-03-21 07:00:00,49.97,50.87,49.97,50.87,7600
2023-03-22 07:00:00,50.24,51.05,50.15,50.24,1300
2023-03-24 07:00:00,50.24,50.24,50.15,50.15,900
2023-03-27 07:00:00,50.24,50.24,50.15,50.15,1400
2023-03-28 07:00:00,50.15,50.42,50.15,50.42,600
2023-03-29 07:00:00,50.42,50.6,50.42,50.6,2200
2023-03-30 07:00:00,50.24,51.05,50.15,50.42,1600
2023-03-31 07:00:00,50.42,50.87,49.97,49.97,4400
2023-04-03 07:00:00,49.97,50.42,49.97,50.15,5600
2023-04-04 07:00:00,50.24,50.24,49.7,49.79,125000
2023-04-05 07:00:00,49.97,51.05,49.88,49.88,6000
2023-04-06 07:00:00,50.42,50.78,49.97,50.06,5000
2023-04-07 07:00:00,50.15,50.15,49.7,49.7,1700
2023-04-10 07:00:00,51.23,51.23,49.7,50.15,1700
2023-04-11 07:00:00,50.15,50.24,49.7,49.7,6600
2023-04-12 07:00:00,50.06,50.33,49.61,49.61,12200
2023-04-13 07:00:00,48.62,50.42,48.16,49.97,3600
2023-04-14 07:00:00,49.7,50.42,49.7,50.06,3400
2023-04-17 07:00:00,50.15,50.51,49.52,49.52,6900
2023-04-18 07:00:00,50.24,50.51,49.79,49.97,6800
2023-04-19 07:00:00,50.15,50.42,50.15,50.42,2600
2023-04-20 07:00:00,51.32,53.12,50.69,51.32,4100
2023-04-21 07:00:00,51.77,53.12,51.77,53.03,33900
2023-04-24 07:00:00,53.48,53.48,52.67,52.94,14400
2023-04-25 07:00:00,52.76,53.21,52.76,53.21,7600
2023-04-26 07:00:00,53.48,54.02,52.76,52.85,3500
2023-04-27 07:00:00,52.76,53.21,52.13,52.13,12400
2023-04-28 07:00:00,52.22,53.57,52.22,52.67,6100
2023-05-04 07:00:00,52.67,54.02,52.67,53.21,8800
2023-05-05 07:00:00,52.49,53.84,52.4,53.84,2200
2023-05-08 07:00:00,54.47,55.82,53.03,54.02,26700
2023-05-09 07:00:00,54.02,54.47,53.21,53.21,18300
2023-05-10 07:00:00,54.92,54.92,53.21,54.65,2900
2023-05-11 07:00:00,54.56,56.27,54.02,56.27,8800
2023-05-12 07:00:00,54.92,56.18,54.92,56.18,1800
2023-05-15 07:00:00,55.82,56.09,54.92,56.0,3500
2023-05-16 07:00:00,53.3,56.72,53.3,56.36,5900
2023-05-17 07:00:00,56.36,56.54,54.47,56.09,1600
2023-05-18 07:00:00,55.91,55.91,55.91,55.91,100
2023-05-19 07:00:00,55.01,55.73,54.92,55.55,3200
2023-05-22 07:00:00,54.92,54.92,53.66,54.92,1900
2023-05-23 07:00:00,54.92,55.46,53.48,54.92,2100
2023-05-24 07:00:00,54.02,54.65,54.02,54.65,5500
2023-05-25 07:00:00,54.92,54.92,53.48,53.48,5800
2023-05-26 07:00:00,53.12,54.92,53.12,54.92,2500
2023-05-29 07:00:00,54.02,54.02,53.93,54.02,10900
2023-05-30 07:00:00,53.3,54.65,53.3,54.65,6400
2023-05-31 07:00:00,53.66,54.56,53.12,54.38,5400
2023-06-01 07:00:00,53.3,54.38,53.3,54.38,1600
2023-06-02 07:00:00,54.47,54.47,53.3,53.3,2400
2023-06-05 07:00:00,54.02,54.02,53.12,53.93,4100
2023-06-06 07:00:00,54.29,54.29,53.3,53.84,2700
2023-06-07 07:00:00,53.3,53.93,53.21,53.93,2000
2023-06-08 07:00:00,53.3,53.93,53.12,53.75,8200
2023-06-09 07:00:00,53.75,54.11,53.75,54.02,20900
2023-06-12 07:00:00,53.48,53.93,53.48,53.93,4600
2023-06-13 07:00:00,55.82,55.82,53.12,54.02,11400
2023-06-14 07:00:00,53.21,54.2,53.21,54.2,7900
2023-06-15 07:00:00,53.57,53.57,53.57,53.57,100
2023-06-16 07:00:00,54.11,54.11,53.57,53.66,2600
2023-06-19 07:00:00,54.02,54.02,53.39,53.93,3000
2023-06-20 07:00:00,53.75,53.75,53.12,53.12,35400
2023-06-21 07:00:00,53.03,53.93,51.32,53.57,11500
2023-06-22 07:00:00,53.12,53.57,52.13,53.3,20200
2023-06-23 07:00:00,53.84,53.84,53.3,53.84,5300
2023-06-26 07:00:00,53.84,53.84,53.12,53.48,11700
2023-06-27 07:00:00,52.67,53.75,52.67,53.12,18200
2023-06-28 07:00:00,52.67,53.48,52.67,53.03,2700
2023-06-29 07:00:00,52.94,53.12,52.4,53.12,7400
2023-06-30 07:00:00,52.31,53.3,52.22,53.3,3800
2023-07-03 07:00:00,52.67,53.3,52.67,53.12,26500
2023-07-04 07:00:00,52.85,53.21,52.85,53.12,32100
2023-07-05 07:00:00,53.3,54.02,53.12,53.39,94600
2023-07-06 07:00:00,54.02,54.2,53.93,53.93,9900
2023-07-07 07:00:00,53.84,53.93,53.57,53.93,4700
2023-07-10 07:00:00,53.66,54.47,53.66,54.47,28200
2023-07-11 07:00:00,54.92,54.92,54.2,54.38,2700
2023-07-12 07:00:00,54.38,54.38,54.2,54.38,3600
2023-07-13 07:00:00,54.2,54.47,54.02,54.29,7200
2023-07-14 07:00:00,54.29,54.29,54.02,54.11,4700
2023-07-17 07:00:00,54.11,54.56,54.11,54.29,13800
2023-07-18 07:00:00,54.29,54.83,54.29,54.65,7200
2023-07-19 07:00:00,54.65,54.65,54.56,54.65,400
2023-07-20 07:00:00,54.2,54.47,53.93,53.93,2300
2023-07-21 07:00:00,54.02,54.11,54.02,54.11,2400
2023-07-24 07:00:00,54.02,54.11,53.93,54.11,4400
2023-07-25 07:00:00,54.02,54.11,54.02,54.11,5400
2023-07-26 07:00:00,54.11,54.11,54.02,54.02,1900
2023-07-27 07:00:00,54.02,54.02,54.02,54.02,1700
2023-07-28 07:00:00,54.02,54.47,54.02,54.47,3800
2023-07-31 07:00:00,54.47,55.37,54.02,54.74,31500
2023-08-01 07:00:00,55.01,55.19,54.74,54.74,4100
2023-08-02 07:00:00,54.11,54.92,54.11,54.83,5200
2023-08-03 07:00:00,54.92,54.92,54.38,54.83,1900
2023-08-04 07:00:00,55.01,56.27,54.47,54.47,43600
2023-08-07 07:00:00,56.18,56.18,54.47,55.64,23600
2023-08-08 07:00:00,54.47,55.1,54.47,55.1,300
2023-08-09 07:00:00,54.92,55.37,54.74,55.19,8900
2023-08-10 07:00:00,54.56,54.56,54.47,54.47,9500
2023-08-11 07:00:00,54.47,54.92,53.84,54.02,30900
2023-08-14 07:00:00,54.02,55.46,54.02,54.92,12500
2023-08-15 07:00:00,55.28,55.55,54.92,55.01,11000
2023-08-16 07:00:00,54.92,55.01,54.92,55.01,7200
2023-08-17 07:00:00,55.01,55.01,54.02,54.92,5800
2023-08-18 07:00:00,54.92,54.92,53.21,54.65,2500
2023-08-21 07:00:00,52.31,54.29,52.31,54.29,4900
2023-08-22 07:00:00,53.21,54.47,52.49,54.02,8500
2023-08-23 07:00:00,53.12,54.02,53.12,54.02,7900
2023-08-24 07:00:00,53.12,53.12,53.12,53.12,200
2023-08-25 07:00:00,54.02,54.02,53.12,53.93,4900
2023-08-28 07:00:00,53.84,53.84,53.84,53.84,2000
2023-08-29 07:00:00,53.84,53.84,52.67,53.75,400
2023-08-30 07:00:00,53.57,53.75,53.12,53.75,3500
2023-08-31 07:00:00,51.5,53.66,51.5,53.48,4000
2023-09-05 07:00:00,53.12,53.3,52.85,53.3,5000
2023-09-06 07:00:00,53.21,53.3,52.94,52.94,4400
2023-09-07 07:00:00,52.85,53.3,52.76,53.12,7100
2023-09-08 07:00:00,54.38,54.38,54.02,54.38,8200
2023-09-11 07:00:00,54.92,54.92,52.94,54.02,5000
2023-09-12 07:00:00,54.02,54.02,54.02,54.02,500
2023-09-13 07:00:00,52.85,53.84,52.85,53.84,1700
2023-09-14 07:00:00,53.57,53.57,53.57,53.57,200
2023-09-15 07:00:00,52.85,52.94,50.15,52.22,35200
2023-09-18 07:00:00,51.77,52.22,51.77,51.77,11800
2023-09-19 07:00:00,51.77,53.12,51.5,52.85,5700
2023-09-20 07:00:00,52.85,53.03,52.85,53.03,800
2023-09-21 07:00:00,53.03,53.03,51.77,51.77,11500
2023-09-22 07:00:00,51.77,52.04,50.51,52.04,9900
2023-09-25 07:00:00,50.6,52.67,50.6,52.67,700
2023-09-26 07:00:00,50.42,52.31,50.42,52.31,2400
2023-09-27 07:00:00,52.67,52.67,50.24,51.95,5400
2023-09-28 07:00:00,51.77,52.13,50.42,52.13,3000
2023-09-29 07:00:00,52.13,52.13,51.77,52.13,1700
2023-10-02 07:00:00,51.32,52.22,51.32,52.22,1100
2023-10-03 07:00:00,50.42,51.95,50.24,51.32,7200
2023-10-04 07:00:00,51.23,51.23,50.42,50.51,3900
2023-10-05 07:00:00,51.77,51.77,50.42,50.87,3200
2023-10-06 07:00:00,50.87,50.87,50.42,50.87,1300
2023-10-09 07:00:00,50.87,51.14,50.42,50.87,1300
2023-10-10 07:00:00,50.15,51.23,50.15,51.14,400
2023-10-11 07:00:00,51.05,52.22,51.05,52.22,15000
2023-10-12 07:00:00,53.12,54.02,53.12,53.57,35600
2023-10-13 07:00:00,51.32,53.75,51.32,53.75,300
2023-10-16 07:00:00,50.96,53.66,50.96,53.66,300
2023-10-17 07:00:00,53.66,53.66,50.96,53.66,500
2023-10-18 07:00:00,53.21,53.39,53.12,53.12,900
2023-10-19 07:00:00,52.22,52.94,50.96,52.94,300
2023-10-20 07:00:00,52.94,54.02,50.96,53.12,1900
2023-10-24 07:00:00,51.05,52.58,50.87,51.5,2600
2023-10-25 07:00:00,51.5,52.94,51.5,52.76,3000
2023-10-26 07:00:00,50.96,50.96,49.97,49.97,10200
2023-10-27 07:00:00,49.97,49.97,49.79,49.79,7100
2023-10-30 07:00:00,49.79,52.94,49.79,52.94,200
2023-10-31 07:00:00,50.15,51.68,49.25,51.68,4500
2023-11-01 07:00:00,48.71,51.05,48.71,51.05,300
2023-11-02 07:00:00,51.05,51.41,48.62,50.78,2700
2023-11-03 07:00:00,50.78,50.78,48.71,50.33,9300
2023-11-06 07:00:00,50.33,51.32,50.33,51.32,200
2023-11-08 07:00:00,49.52,49.52,48.62,49.25,7300
2023-11-09 07:00:00,49.25,49.25,47.62,47.71,42900
2023-11-10 07:00:00,47.71,48.44,47.35,48.44,6300
2023-11-13 07:00:00,48.07,48.07,46.81,48.07,2700
2023-11-14 07:00:00,48.34,48.34,45.1,46.9,18500
2023-11-15 07:00:00,46.9,46.9,45.01,45.19,57300
2023-11-16 07:00:00,45.91,46.9,45.91,46.9,6200
2023-11-17 07:00:00,46.81,46.81,44.83,45.1,18000
2023-11-20 07:00:00,45.1,45.73,44.56,45.73,15900
2023-11-21 07:00:00,45.73,45.73,45.28,45.28,5200
2023-11-22 07:00:00,44.56,46.36,44.56,45.46,114600
2023-11-23 07:00:00,45.46,46.54,45.46,46.09,7900
2023-11-24 07:00:00,45.46,46.0,44.92,45.73,7300
2023-11-27 07:00:00,45.01,46.63,45.01,46.27,2400
2023-11-28 07:00:00,45.19,45.73,44.47,44.47,19400
2023-11-29 07:00:00,44.83,45.46,44.83,45.1,5400
2023-11-30 07:00:00,45.1,45.1,45.01,45.01,3100
2023-12-01 07:00:00,45.01,45.01,44.74,44.74,2600
2023-12-04 07:00:00,45.01,45.91,44.65,45.91,25000
2023-12-05 07:00:00,45.91,46.54,45.55,46.45,14600
2023-12-06 07:00:00,45.91,46.0,45.91,45.91,4400
2023-12-07 07:00:00,45.46,45.55,44.65,45.01,17100
2023-12-08 07:00:00,45.46,46.45,45.1,45.91,12100
2023-12-11 07:00:00,45.64,45.73,45.64,45.73,22300
2023-12-12 07:00:00,45.82,45.91,45.46,45.73,20400
2023-12-13 07:00:00,46.36,46.36,45.01,45.73,7100
2023-12-14 07:00:00,45.73,46.81,45.46,45.46,17700
2023-12-15 07:00:00,45.01,45.46,45.01,45.46,400
2023-12-18 07:00:00,45.37,45.46,44.11,44.11,29600
2023-12-19 07:00:00,43.75,44.47,43.21,44.11,13800
2023-12-20 07:00:00,44.11,44.83,44.11,44.83,5900
2023-12-21 07:00:00,44.83,45.01,44.61,45.01,3700
2023-12-22 07:00:00,45.46,47.26,44.83,45.01,10500
2023-12-25 07:00:00,48.16,48.16,44.2,45.91,27300
2023-12-26 07:00:00,45.1,45.46,45.1,45.46,37300
2023-12-27 07:00:00,46.63,46.63,45.19,45.19,5700
2023-12-28 07:00:00,45.19,45.46,45.19,45.19,8300
2023-12-29 07:00:00,45.28,45.46,45.28,45.46,3400
2024-01-02 07:00:00,45.46,45.73,45.46,45.46,2500
2024-01-03 07:00:00,45.46,45.46,45.01,45.01,5400
2024-01-04 07:00:00,45.55,45.55,45.28,45.46,14700
2024-01-05 07:00:00,45.82,45.82,45.46,45.73,13400
2024-01-08 07:00:00,45.55,46.18,45.55,45.91,12700
2024-01-09 07:00:00,45.64,48.62,45.37,48.44,34000
2024-01-10 07:00:00,48.62,49.52,48.25,49.52,39200
2024-01-11 07:00:00,49.52,52.94,49.52,51.32,175900
2024-01-12 07:00:00,51.95,51.95,51.05,51.23,50000
2024-01-15 07:00:00,51.32,51.59,50.87,50.87,94300
2024-01-16 07:00:00,50.42,51.23,50.24,51.14,32700
2024-01-17 07:00:00,51.14,51.32,50.78,51.32,13200
2024-01-18 07:00:00,52.94,52.94,50.78,51.23,30000
2024-01-19 07:00:00,51.23,51.77,51.05,51.23,35400
2024-01-22 07:00:00,53.03,53.03,50.78,50.87,90100
2024-01-23 07:00:00,52.04,52.04,50.96,51.68,6500
2024-01-24 07:00:00,51.41,51.41,50.87,51.23,38200
2024-01-25 07:00:00,51.32,51.32,50.96,51.23,5700
2024-01-26 07:00:00,51.14,51.32,50.96,51.32,8200
2024-01-29 07:00:00,51.32,51.32,50.96,51.23,10500
2024-01-30 07:00:00,51.32,52.31,50.78,52.31,127300
2024-01-31 07:00:00,54.02,54.02,51.68,51.77,88100
2024-02-01 07:00:00,51.77,51.77,51.05,51.05,93700
2024-02-02 07:00:00,51.05,51.41,50.87,51.41,32400
2024-02-05 07:00:00,51.32,51.32,51.05,51.14,6500
2024-02-06 07:00:00,51.77,51.77,50.96,51.68,26900
2024-02-07 07:00:00,51.32,51.68,51.14,51.32,10300
2024-02-15 07:00:00,51.5,52.31,51.5,51.95,52500
2024-02-16 07:00:00,52.04,52.49,52.04,52.49,19200
2024-02-19 07:00:00,52.67,53.12,52.4,53.12,153100
2024-02-20 07:00:00,52.67,52.67,52.13,52.4,83100
2024-02-21 07:00:00,52.22,52.22,51.77,51.95,92000
2024-02-22 07:00:00,52.22,52.58,51.86,51.86,67500
2024-02-23 07:00:00,51.86,52.94,51.86,52.22,55500
2024-02-26 07:00:00,51.95,52.22,51.77,52.22,44600
2024-02-27 07:00:00,51.95,52.58,51.77,52.58,25200
2024-02-28 07:00:00,52.76,52.76,52.22,52.67,22400
2024-02-29 07:00:00,51.95,52.22,51.77,52.22,25600
2024-03-01 07:00:00,52.49,52.49,51.68,51.95,41900
2024-03-04 07:00:00,52.13,52.58,51.77,52.13,38400
2024-03-05 07:00:00,52.22,52.67,52.22,52.67,34000
2024-03-06 07:00:00,52.67,52.67,52.31,52.49,13700
2024-03-07 07:00:00,52.31,52.4,52.22,52.22,18800
2024-03-08 07:00:00,52.04,52.22,51.95,51.95,17900
2024-03-11 07:00:00,51.95,51.95,51.32,51.41,23000
2024-03-12 07:00:00,51.5,51.59,51.14,51.32,28200
2024-03-13 07:00:00,51.95,52.13,50.96,51.95,6000
2024-03-14 07:00:00,51.95,51.95,51.5,51.95,19600
2024-03-15 07:00:00,51.95,52.22,51.77,51.77,25900
2024-03-18 07:00:00,51.41,51.77,51.23,51.23,41800
2024-03-19 07:00:00,51.32,52.22,51.23,52.04,14900
2024-03-20 07:00:00,52.04,52.04,52.04,52.04,10100
2024-03-21 07:00:00,52.04,52.22,51.86,52.04,27100
2024-03-22 07:00:00,52.04,52.22,51.86,51.95,26500
2024-03-25 07:00:00,51.95,52.04,51.77,51.77,18500
2024-03-26 07:00:00,51.77,51.77,51.41,51.5,19300
2024-03-27 07:00:00,51.5,51.77,51.5,51.77,14200
2024-03-28 07:00:00,51.86,51.86,51.5,51.5,13500
2024-03-29 07:00:00,51.5,51.59,51.41,51.41,15600
2024-04-01 07:00:00,51.41,51.77,51.32,51.32,30900
2024-04-02 07:00:00,51.32,51.77,51.05,51.68,14700
2024-04-03 07:00:00,51.68,51.68,50.96,51.23,29000
2024-04-04 07:00:00,51.23,51.23,49.61,50.51,39800
2024-04-05 07:00:00,50.51,51.23,49.52,51.14,41600
2024-04-08 07:00:00,51.14,51.14,50.42,50.69,21800
2024-04-09 07:00:00,50.69,51.59,50.42,51.23,29000
2024-04-10 07:00:00,50.78,51.23,50.42,51.14,26900
2024-04-11 07:00:00,49.61,51.05,49.61,50.87,10200
2024-04-12 07:00:00,51.05,51.05,50.24,50.51,26100
2024-04-15 07:00:00,50.51,50.87,50.51,50.6,27400
2024-04-16 07:00:00,50.51,50.6,49.97,50.24,36700
2024-04-17 07:00:00,50.33,50.42,50.24,50.24,7300
2024-04-19 07:00:00,50.24,50.24,48.62,49.52,69500
2024-04-22 07:00:00,49.52,49.79,49.52,49.7,17200
2024-04-23 07:00:00,49.7,49.7,48.71,48.8,14500
2024-04-24 07:00:00,48.8,49.43,48.62,49.16,6900
2024-04-25 07:00:00,49.16,49.16,48.8,48.98,2700
2024-04-26 07:00:00,48.98,49.34,48.98,49.34,6400
2024-05-02 07:00:00,49.61,50.87,49.61,50.87,23700
2024-05-03 07:00:00,50.87,51.14,50.42,51.05,32700
2024-05-06 07:00:00,51.05,53.03,51.05,53.03,119200
2024-05-07 07:00:00,53.21,56.72,53.03,56.72,145100
2024-05-08 07:00:00,56.72,56.72,53.12,56.18,39800
2024-05-09 07:00:00,56.72,56.72,54.92,55.28,40000
2024-05-10 07:00:00,55.28,55.28,53.75,54.02,31900
2024-05-13 07:00:00,54.92,54.92,53.3,53.57,60600
2024-05-14 07:00:00,53.66,54.02,53.3,53.57,60400
2024-05-15 07:00:00,53.66,55.37,53.21,55.37,82300
2024-05-16 07:00:00,55.82,55.82,54.83,55.55,34600
2024-05-17 07:00:00,55.55,56.09,54.74,54.92,30700
2024-05-20 07:00:00,54.92,54.92,53.93,53.93,34900
2024-05-21 07:00:00,54.92,54.92,53.3,53.3,27700
2024-05-22 07:00:00,53.57,54.92,53.12,53.57,33100
2024-05-23 07:00:00,53.3,54.2,53.3,54.11,16800
2024-05-24 07:00:00,54.2,54.2,52.67,53.75,62700
2024-05-27 07:00:00,53.3,53.93,53.12,53.93,14800
2024-05-28 07:00:00,54.02,54.92,53.84,54.92,62600
2024-05-29 07:00:00,54.83,55.19,54.56,55.19,23900
2024-05-30 07:00:00,55.37,55.37,54.29,55.19,28400
2024-05-31 07:00:00,56.01,56.01,54.45,54.45,8400
2024-06-03 07:00:00,54.54,56.01,54.54,55.92,24500
2024-06-04 07:00:00,55.83,55.92,54.64,55.55,11300
2024-06-05 07:00:00,55.55,56.38,54.82,55.55,29900
2024-06-06 07:00:00,55.37,55.37,54.82,54.82,14600
2024-06-07 07:00:00,55.83,55.83,54.36,55.0,10100
2024-06-10 07:00:00,55.0,55.1,54.36,55.0,27000
2024-06-11 07:00:00,55.37,58.77,55.1,58.77,115000
2024-06-12 07:00:00,58.95,62.44,58.95,60.33,33200
2024-06-13 07:00:00,60.33,60.79,58.13,60.79,35900
2024-06-14 07:00:00,60.51,60.6,56.84,56.84,34500
2024-06-17 07:00:00,57.21,57.39,56.01,56.93,16800
2024-06-18 07:00:00,57.12,57.85,56.56,57.85,13400
2024-06-19 07:00:00,59.23,60.6,57.85,59.14,33800
2024-06-20 07:00:00,58.68,59.41,58.31,59.14,22700
2024-06-21 07:00:00,59.23,62.44,59.23,61.61,82300
2024-06-24 07:00:00,61.61,61.61,58.31,58.95,60400
2024-06-25 07:00:00,59.04,59.59,57.48,57.57,30000
2024-06-26 07:00:00,57.57,58.58,57.3,58.49,20000
2024-06-27 07:00:00,58.49,58.77,57.67,58.68,9200
2024-06-28 07:00:00,58.31,58.31,57.39,57.39,28100
2024-07-01 07:00:00,56.93,56.93,56.29,56.47,22600
2024-07-02 07:00:00,56.66,57.67,56.47,57.57,10300
2024-07-03 07:00:00,57.57,57.57,56.93,56.93,6500
2024-07-04 07:00:00,56.93,57.12,56.93,57.02,12800
2024-07-05 07:00:00,58.13,58.13,56.84,57.39,11200
2024-07-08 07:00:00,57.39,57.94,56.93,57.39,9600
2024-07-09 07:00:00,57.39,57.48,56.75,56.84,29400
2024-07-10 07:00:00,56.2,56.84,56.01,56.01,27000
2024-07-11 07:00:00,56.11,59.41,55.74,59.41,24800
2024-07-12 07:00:00,59.41,59.41,57.3,58.22,13100
2024-07-15 07:00:00,58.22,58.22,57.21,57.21,8300
2024-07-16 07:00:00,57.21,58.77,57.12,58.03,5000
2024-07-17 07:00:00,57.3,58.77,57.12,58.13,11400
2024-07-18 07:00:00,58.58,58.58,57.02,58.13,8500
2024-07-19 07:00:00,56.93,58.49,56.01,57.21,15200
2024-07-22 07:00:00,57.21,57.21,54.73,55.1,35400
2024-07-23 07:00:00,55.1,56.01,55.1,55.28,20500
2024-07-24 07:00:00,56.01,56.01,54.45,54.73,17700
2024-07-25 07:00:00,54.73,55.19,54.64,55.1,22000
2024-07-26 07:00:00,53.81,55.1,53.81,55.0,2200
2024-07-29 07:00:00,55.28,55.28,54.45,55.0,13700
2024-07-30 07:00:00,54.64,55.0,54.18,54.82,13200
2024-07-31 07:00:00,53.63,54.82,53.63,54.36,17600
2024-08-01 07:00:00,54.36,54.64,53.72,54.36,39600
2024-08-02 07:00:00,53.99,54.36,53.26,54.36,17200
2024-08-05 07:00:00,54.18,54.18,52.71,54.18,33700
2024-08-06 07:00:00,54.18,54.45,53.35,54.45,6500
2024-08-07 07:00:00,55.1,55.1,54.91,54.91,2100
2024-08-08 07:00:00,53.72,54.91,51.88,53.63,11100
2024-08-09 07:00:00,53.81,53.99,53.63,53.99,3100
2024-08-12 07:00:00,54.18,54.18,53.26,54.09,8800
2024-08-13 07:00:00,53.81,53.9,53.26,53.35,16300
2024-08-14 07:00:00,53.35,53.35,53.08,53.35,8500
2024-08-15 07:00:00,52.98,53.26,52.98,53.17,3300
2024-08-16 07:00:00,53.08,54.18,53.08,54.18,14600
2024-08-19 07:00:00,53.44,54.09,53.44,54.09,4300
2024-08-20 07:00:00,54.09,54.09,53.35,53.63,5900
2024-08-21 07:00:00,53.63,53.99,53.53,53.53,4800
2024-08-22 07:00:00,53.53,53.63,53.26,53.63,13700
2024-08-23 07:00:00,56.93,56.93,53.99,55.1,7100
2024-08-26 07:00:00,55.1,55.1,53.9,53.9,6100
2024-08-27 07:00:00,53.26,53.81,52.89,52.89,17900
2024-08-28 07:00:00,53.17,53.26,52.8,53.17,10200
2024-08-29 07:00:00,53.17,53.72,52.89,52.89,2400
2024-08-30 07:00:00,53.17,53.17,52.71,52.89,5700
2024-09-04 07:00:00,52.89,52.89,52.34,52.89,7800
2024-09-05 07:00:00,52.8,52.89,52.34,52.89,9300
2024-09-06 07:00:00,52.34,53.17,52.34,52.43,7000
2024-09-09 07:00:00,52.43,52.43,51.88,51.88,22400
2024-09-10 07:00:00,51.88,51.88,51.42,51.42,23700
2024-09-11 07:00:00,50.96,51.42,50.87,51.33,7400
2024-09-12 07:00:00,50.96,52.34,50.96,52.25,17400
2024-09-13 07:00:00,52.25,52.25,51.42,51.97,4600
2024-09-16 07:00:00,51.88,51.97,51.15,51.51,27400
2024-09-17 07:00:00,51.51,51.7,51.15,51.51,5600
2024-09-18 07:00:00,51.51,51.51,50.96,51.33,10700
2024-09-19 07:00:00,51.33,51.88,51.24,51.88,13100
2024-09-20 07:00:00,51.97,52.34,51.61,51.79,5300
2024-09-23 07:00:00,51.88,51.88,51.61,51.88,8300
2024-09-24 07:00:00,52.34,52.34,51.79,51.88,11300
2024-09-25 07:00:00,51.88,52.52,51.61,52.43,20500
2024-09-26 07:00:00,52.43,52.43,52.25,52.43,16900
2024-09-27 07:00:00,52.43,52.62,52.16,52.34,26500
2024-09-30 07:00:00,51.51,52.34,49.03,52.34,14300
2024-10-01 07:00:00,52.34,52.34,51.42,51.42,12700
2024-10-02 07:00:00,51.42,52.34,51.24,52.34,10500
2024-10-03 07:00:00,51.42,51.88,51.42,51.42,10000
2024-10-04 07:00:00,51.42,52.25,51.42,51.51,1800
2024-10-07 07:00:00,50.96,52.25,49.59,51.97,7600
2024-10-08 07:00:00,51.42,52.07,50.5,50.69,6900
2024-10-09 07:00:00,50.78,52.25,50.69,51.88,16400
2024-10-10 07:00:00,51.88,52.16,51.24,52.07,3700
2024-10-11 07:00:00,52.07,52.07,51.79,51.88,1200
2024-10-14 07:00:00,51.88,52.16,50.96,51.42,5700
2024-10-15 07:00:00,51.42,51.42,50.96,51.15,6000
2024-10-16 07:00:00,50.5,51.61,50.5,50.6,3100
2024-10-17 07:00:00,50.87,50.87,50.6,50.87,2300
2024-10-18 07:00:00,51.42,51.42,50.5,50.5,4300
2024-10-21 07:00:00,52.34,52.34,50.32,50.5,7400
2024-10-22 07:00:00,50.5,50.5,49.95,50.41,13500
2024-10-23 07:00:00,50.41,50.5,50.14,50.14,3300
2024-10-24 07:00:00,50.14,50.32,50.14,50.32,1800
2024-10-25 07:00:00,49.68,50.96,49.59,50.96,9500
2024-10-28 07:00:00,49.68,50.78,49.68,50.78,800
2024-10-29 07:00:00,50.5,50.5,50.14,50.41,4900
2024-10-30 07:00:00,50.41,50.41,49.59,49.59,14300
2024-10-31 07:00:00,50.14,50.14,49.68,49.77,4100
2024-11-01 07:00:00,49.77,50.14,49.59,49.95,8300
2024-11-04 07:00:00,49.59,49.95,49.59,49.86,4000
2024-11-05 07:00:00,49.86,50.04,49.4,50.04,10900
2024-11-06 07:00:00,49.77,50.78,46.92,50.23,7600
2024-11-07 07:00:00,50.41,50.41,50.32,50.32,2400
2024-11-08 07:00:00,50.5,50.96,50.04,50.69,2900
2024-11-11 07:00:00,50.69,50.87,49.68,50.78,7900
2024-11-12 07:00:00,50.5,50.5,49.95,50.5,800
2024-11-13 07:00:00,50.69,50.69,49.77,50.23,4000
2024-11-14 07:00:00,50.5,50.5,50.14,50.23,5700
2024-11-15 07:00:00,49.68,50.23,49.59,50.23,4200
2024-11-18 07:00:00,50.04,50.04,49.4,50.04,4700
2024-11-19 07:00:00,50.04,50.04,49.59,50.04,800
2024-11-20 07:00:00,49.86,50.41,49.86,50.04,8200
2024-11-21 07:00:00,50.04,50.41,50.04,50.41,12000
2024-11-22 07:00:00,50.98,51.26,50.98,51.26,1400
2024-11-25 07:00:00,50.22,50.41,50.13,50.13,6600
2024-11-26 07:00:00,50.22,50.88,50.22,50.22,1500
2024-11-27 07:00:00,50.22,52.58,50.22,51.45,1800
2024-11-28 07:00:00,50.7,51.45,50.51,50.79,3900
2024-11-29 07:00:00,50.79,50.88,50.41,50.41,11900
2024-12-02 07:00:00,49.37,50.51,49.37,50.51,3900
2024-12-03 07:00:00,49.28,50.6,49.28,49.66,3400
2024-12-04 07:00:00,49.66,50.41,49.66,50.41,2700
2024-12-05 07:00:00,50.51,50.51,49.56,50.41,18500
2024-12-06 07:00:00,50.7,50.98,50.41,50.98,7000
2024-12-09 07:00:00,51.55,51.55,50.98,50.98,5700
2024-12-10 07:00:00,50.98,50.98,50.51,50.98,8000
2024-12-11 07:00:00,50.98,50.98,50.51,50.79,4000
2024-12-12 07:00:00,50.79,50.88,50.51,50.51,8900
2024-12-13 07:00:00,50.6,50.79,50.6,50.79,7000
2024-12-16 07:00:00,50.51,50.79,50.51,50.51,6600
2024-12-17 07:00:00,50.51,50.98,50.41,50.51,7600
2024-12-18 07:00:00,50.51,50.88,50.51,50.79,11400
2024-12-19 07:00:00,50.51,50.79,50.22,50.79,26100
2024-12-20 07:00:00,50.88,50.98,50.6,50.6,3300
2024-12-23 07:00:00,50.6,50.88,50.6,50.6,3600
2024-12-24 07:00:00,50.6,51.64,50.6,51.64,13600
2024-12-25 07:00:00,51.83,53.81,51.83,53.06,24500
2024-12-26 07:00:00,52.87,52.87,52.02,52.58,7800
2024-12-27 07:00:00,52.68,52.68,51.92,51.92,14800
2024-12-30 07:00:00,51.92,52.3,51.45,52.3,5700
2024-12-31 07:00:00,51.92,51.92,51.45,51.45,7400
2025-01-02 07:00:00,50.98,51.45,50.88,51.36,1000
2025-01-03 07:00:00,51.36,51.92,50.98,51.45,7600
2025-01-06 07:00:00,50.98,51.36,50.79,51.36,7200
2025-01-07 07:00:00,51.36,51.36,50.7,51.36,7000
2025-01-08 07:00:00,51.17,51.36,50.32,51.26,3700
2025-01-09 07:00:00,50.88,50.88,50.7,50.79,3100
2025-01-10 07:00:00,50.7,50.7,50.51,50.51,13400
2025-01-13 07:00:00,50.03,50.51,49.66,49.66,21100
2025-01-14 07:00:00,49.75,49.75,49.56,49.66,3000
2025-01-15 07:00:00,49.56,50.51,49.37,50.51,8400
2025-01-16 07:00:00,49.75,50.13,49.75,50.03,2200
2025-01-17 07:00:00,50.03,50.22,49.94,49.94,2500
2025-01-20 07:00:00,50.03,50.51,49.94,50.51,3400
2025-01-21 07:00:00,50.51,50.51,50.32,50.32,4900
2025-01-22 07:00:00,50.51,50.98,49.09,50.41,11800
2025-01-23 07:00:00,50.41,51.64,50.41,50.98,1600
2025-01-24 07:00:00,50.98,50.98,50.03,50.51,9400
2025-02-03 07:00:00,50.6,50.88,50.03,50.51,3400
2025-02-04 07:00:00,50.51,51.83,50.51,51.36,30100
2025-02-05 07:00:00,50.98,51.73,50.98,51.36,12700
2025-02-06 07:00:00,51.36,54.75,51.36,54.38,38100
2025-02-07 07:00:00,54.57,54.57,53.34,53.72,8600
2025-02-10 07:00:00,52.96,53.72,52.96,53.24,37200
2025-02-11 07:00:00,52.87,53.72,52.87,53.15,7900
2025-02-12 07:00:00,53.15,53.91,53.15,53.15,9900
2025-02-13 07:00:00,52.96,53.24,52.87,53.24,12900
2025-02-14 07:00:00,53.34,53.43,53.06,53.43,10900
2025-02-17 07:00:00,53.53,53.62,52.77,52.96,56400
2025-02-18 07:00:00,53.62,53.62,52.39,52.87,22900
2025-02-19 07:00:00,52.87,52.87,51.92,52.39,18800
2025-02-20 07:00:00,52.87,52.87,52.49,52.49,11100
2025-02-21 07:00:00,52.68,54.0,52.68,54.0,40000
2025-02-24 07:00:00,52.87,54.0,52.87,53.34,26600
2025-02-25 07:00:00,53.34,54.09,53.34,53.91,50600
2025-02-26 07:00:00,53.91,55.04,53.91,54.38,37400
2025-02-27 07:00:00,54.38,54.66,54.19,54.38,26300
2025-02-28 07:00:00,53.81,55.13,53.81,54.47,19200
2025-03-03 07:00:00,54.47,54.47,52.87,53.72,18300
2025-03-04 07:00:00,53.81,54.0,53.34,53.91,31800
2025-03-05 07:00:00,53.81,54.38,53.81,53.91,16200
2025-03-06 07:00:00,54.0,54.28,53.53,53.72,4800
2025-03-07 07:00:00,53.53,54.28,53.53,53.62,8700
2025-03-10 07:00:00,55.23,55.23,53.81,54.28,33900
2025-03-11 07:00:00,53.81,54.09,53.81,54.0,11000
2025-03-12 07:00:00,54.09,54.75,53.91,54.38,36500
2025-03-13 07:00:00,54.38,54.75,53.91,54.09,10900
2025-03-14 07:00:00,53.81,53.91,53.72,53.81,11300
2025-03-17 07:00:00,53.81,53.81,52.87,53.34,16000
2025-03-18 07:00:00,53.34,53.43,52.87,52.87,7900
2025-03-19 07:00:00,52.96,52.96,52.87,52.87,15500
2025-03-20 07:00:00,52.68,52.77,51.73,51.73,8200
2025-03-21 07:00:00,51.83,52.39,51.73,51.73,2800
2025-03-24 07:00:00,50.7,52.3,50.7,52.02,8700
2025-03-25 07:00:00,51.92,51.92,51.92,51.92,1200
2025-03-26 07:00:00,51.92,52.02,51.92,52.02,7700
2025-03-27 07:00:00,51.92,52.11,51.92,52.02,9600
2025-03-28 07:00:00,52.02,52.11,51.73,51.73,19400
2025-03-31 07:00:00,51.73,51.92,51.55,51.73,13900
2025-04-01 07:00:00,52.02,52.21,51.92,51.92,10300
2025-04-02 07:00:00,51.55,52.3,51.55,52.21,2700
2025-04-03 07:00:00,51.07,51.92,48.62,49.09,63900
2025-04-04 07:00:00,45.79,49.0,45.79,48.62,30600
2025-04-08 07:00:00,46.16,46.26,45.22,45.83,208900
2025-04-09 07:00:00,45.79,48.81,43.43,47.11,63400
2025-04-10 07:00:00,50.32,50.32,50.32,50.32,5100
2025-04-11 07:00:00,47.86,52.58,47.86,52.3,63100
2025-04-14 07:00:00,52.3,52.3,49.09,51.36,37500
2025-04-15 07:00:00,50.98,50.98,48.15,49.85,24300
2025-04-16 07:00:00,48.71,49.85,48.71,49.56,23300
2025-04-17 07:00:00,48.71,50.03,48.71,49.75,5700
2025-04-18 07:00:00,49.94,50.98,49.75,50.13,6400
2025-04-21 07:00:00,50.98,51.92,50.98,51.92,38800
2025-04-22 07:00:00,51.92,51.92,49.56,51.64,25600
2025-04-23 07:00:00,51.92,53.24,51.83,52.87,70100
2025-04-24 07:00:00,53.72,53.72,52.39,53.06,11500
2025-04-25 07:00:00,53.72,53.81,53.34,53.62,31500
2025-04-28 07:00:00,53.81,54.28,53.81,54.19,92900
2025-04-29 07:00:00,54.47,54.57,54.0,54.47,38600
2025-05-05 07:00:00,54.47,58.25,54.47,58.25,111900
2025-05-06 07:00:00,58.63,60.42,58.53,60.42,64700
2025-05-07 07:00:00,60.23,60.32,59.66,60.32,28100
2025-05-08 07:00:00,58.63,59.57,58.63,59.0,41000
2025-05-09 07:00:00,59.48,60.42,58.63,59.85,30900
2025-05-12 07:00:00,59.95,59.95,58.91,58.91,8000
2025-05-13 07:00:00,59.38,59.38,57.59,58.34,25900
2025-05-14 07:00:00,59.29,59.29,58.34,58.44,12700
2025-05-15 07:00:00,58.53,59.48,58.06,58.34,50000
2025-05-16 07:00:00,58.92,59.02,57.28,58.05,7500
2025-05-19 07:00:00,57.18,57.18,56.6,56.99,19600
2025-05-20 07:00:00,56.7,57.66,56.7,57.57,15900
2025-05-21 07:00:00,57.66,57.66,57.37,57.57,20300
2025-05-22 07:00:00,56.7,58.44,56.7,58.05,45500
2025-05-23 07:00:00,57.66,58.63,57.66,58.44,40100
2025-05-26 07:00:00,58.44,58.63,54.76,57.86,23100
2025-05-27 07:00:00,57.86,58.34,57.28,58.05,34000
2025-05-28 07:00:00,58.73,58.73,57.66,58.05,53600
2025-05-29 07:00:00,58.34,58.34,57.57,57.57,16900
2025-05-30 07:00:00,57.57,58.05,57.57,57.96,19200
2025-06-02 07:00:00,57.66,61.73,57.66,61.73,55700
2025-06-03 07:00:00,61.54,61.92,60.95,61.73,19500
2025-06-04 07:00:00,61.73,61.73,60.08,60.47,21200
2025-06-05 07:00:00,60.47,60.47,59.41,60.47,20500
2025-06-06 07:00:00,61.63,61.63,59.31,59.31,2000
2025-06-09 07:00:00,59.41,61.73,59.21,61.54,21600
2025-06-10 07:00:00,61.54,61.54,60.08,60.47,10100
2025-06-11 07:00:00,60.57,61.83,60.57,61.83,36200
2025-06-12 07:00:00,61.92,64.34,61.92,62.89,144000
2025-06-13 07:00:00,62.89,62.89,61.44,62.31,22200
2025-06-16 07:00:00,62.31,64.73,61.44,62.31,11100
2025-06-17 07:00:00,61.92,63.86,60.95,63.08,76000
2025-06-18 07:00:00,63.08,63.76,62.5,63.37,17400
2025-06-19 07:00:00,62.89,62.89,61.63,62.6,4800
2025-06-20 07:00:00,61.54,62.89,61.44,61.63,45000
2025-06-23 07:00:00,61.63,62.6,61.63,61.92,16000
2025-06-24 07:00:00,61.63,62.7,61.15,61.15,13600
2025-06-25 07:00:00,62.31,62.41,61.24,61.92,10500
2025-06-26 07:00:00,62.79,63.47,62.6,62.89,29300
2025-06-27 07:00:00,63.66,63.66,62.21,62.5,8500
2025-06-30 07:00:00,62.5,64.34,62.5,63.86,27500
2025-07-01 07:00:00,63.86,63.86,63.57,63.86,18500
2025-07-02 07:00:00,64.53,64.73,63.95,64.34,15000
2025-07-03 07:00:00,66.08,66.08,62.7,63.86,17300
2025-07-04 07:00:00,63.37,64.73,63.37,64.24,3400
2025-07-07 07:00:00,64.63,64.63,63.37,63.66,8700
2025-07-08 07:00:00,63.66,63.95,63.08,63.76,21500
2025-07-09 07:00:00,63.95,63.95,62.99,63.37,16700
2025-07-10 07:00:00,64.63,64.63,63.08,63.86,4900
2025-07-11 07:00:00,63.86,63.86,63.08,63.76,2500
2025-07-14 07:00:00,62.89,63.37,62.7,63.08,12400
2025-07-15 07:00:00,63.08,64.73,62.12,62.12,27900
2025-07-16 07:00:00,62.12,62.31,61.44,62.21,18300
2025-07-17 07:00:00,62.21,62.41,61.44,61.73,12700
2025-07-18 07:00:00,61.73,61.73,61.44,61.73,7700
2025-07-21 07:00:00,62.41,62.41,61.15,61.73,17900
2025-07-22 07:00:00,61.34,62.12,61.24,62.12,5300
2025-07-23 07:00:00,62.7,62.7,61.44,61.92,12200
2025-07-24 07:00:00,61.73,61.73,60.95,61.34,37000
2025-07-25 07:00:00,61.34,61.92,61.34,61.73,11400
2025-07-28 07:00:00,62.21,63.28,61.44,62.89,44500
2025-07-29 07:00:00,62.99,62.99,60.95,61.83,11100
2025-07-30 07:00:00,62.02,64.24,62.02,63.95,70500
2025-07-31 07:00:00,64.63,64.63,62.89,63.37,34900
2025-08-01 07:00:00,65.7,65.7,62.89,63.28,22700
2025-08-04 07:00:00,62.12,67.63,62.12,67.63,71400
2025-08-05 07:00:00,67.73,70.44,66.76,66.95,113200
2025-08-06 07:00:00,66.76,68.69,65.5,65.79,26600
2025-08-07 07:00:00,67.44,67.44,65.21,67.24,39300
2025-08-08 07:00:00,65.21,66.76,65.21,65.41,24500
2025-08-11 07:00:00,65.41,67.63,64.82,66.57,56300
2025-08-12 07:00:00,65.89,67.24,65.89,67.05,39900
2025-08-13 07:00:00,68.21,68.21,65.31,65.31,25800
2025-08-14 07:00:00,65.11,67.15,65.11,67.05,12700
2025-08-15 07:00:00,66.37,67.63,65.02,65.89,21200
2025-08-18 07:00:00,64.92,66.76,64.92,65.99,14000
2025-08-19 07:00:00,64.82,66.47,64.82,65.41,14700
2025-08-20 07:00:00,65.41,65.41,63.37,64.73,33200
2025-08-21 07:00:00,65.7,67.73,65.7,66.57,24000
2025-08-22 07:00:00,64.15,66.57,64.15,65.79,35700
2025-08-25 07:00:00,67.24,67.24,65.79,66.28,27100
2025-08-26 07:00:00,65.89,67.24,65.79,67.24,15900
2025-08-27 07:00:00,67.24,69.66,66.76,69.18,35800
2025-08-28 07:00:00,69.66,69.66,68.69,69.08,3800
2025-08-29 07:00:00,69.08,69.08,67.24,67.73,5700
2025-09-03 07:00:00,67.73,67.73,66.76,67.73,21400
2025-09-04 07:00:00,67.63,67.63,66.37,66.76,9800
2025-09-05 07:00:00,67.24,67.73,66.95,67.05,7800
2025-09-08 07:00:00,66.86,67.05,66.28,66.28,11600
2025-09-09 07:00:00,67.15,67.15,66.86,66.86,300
2025-09-10 07:00:00,65.79,66.76,65.79,66.66,8400
2025-09-11 07:00:00,66.66,66.76,64.92,66.76,10000
2025-09-12 07:00:00,66.76,68.69,66.57,68.6,18200
2025-09-15 07:00:00,67.63,70.63,67.63,70.63,22400
2025-09-16 07:00:00,70.63,70.63,68.89,68.89,1800
2025-09-17 07:00:00,68.89,69.66,68.89,69.66,1900
2025-09-18 07:00:00,69.66,69.66,68.69,68.69,2700
2025-09-19 07:00:00,69.57,69.57,67.92,67.92,2200
2025-09-22 07:00:00,67.73,68.5,66.57,68.4,12700
2025-09-23 07:00:00,68.4,68.4,66.86,67.73,6300
2025-09-24 07:00:00,67.63,68.21,67.34,67.73,6000
2025-09-25 07:00:00,68.21,68.79,67.73,68.6,13100
2025-09-26 07:00:00,68.31,69.47,68.11,69.47,2900
2025-09-29 07:00:00,69.47,73.05,69.47,71.5,12500
2025-09-30 07:00:00,70.24,71.21,69.18,70.34,9600
2025-10-01 07:00:00,70.34,71.4,67.73,71.4,11500
2025-10-02 07:00:00,72.47,72.47,69.37,72.18,12600
2025-10-03 07:00:00,69.66,71.6,68.69,71.6,1100
2025-10-06 07:00:00,71.6,71.6,69.66,71.4,2600
2025-10-07 07:00:00,66.86,71.98,66.86,71.4,21200
2025-10-08 07:00:00,71.6,72.56,67.73,72.08,5500
2025-10-09 07:00:00,71.98,72.18,71.6,72.08,17600
2025-10-10 07:00:00,71.89,72.08,70.15,71.89,8700
2025-10-13 07:00:00,68.69,76.34,68.69,71.6,3700
2025-10-14 07:00:00,71.89,72.56,71.89,72.56,2900
2025-10-15 07:00:00,72.56,74.5,72.56,74.5,8900
2025-10-16 07:00:00,75.0,77.0,73.0,75.8,13300
2025-10-17 07:00:00,75.9,75.9,71.1,75.4,2700
2025-10-20 07:00:00,75.4,75.4,70.2,70.4,44300
2025-10-21 07:00:00,70.4,74.9,70.4,73.9,5000
2025-10-22 07:00:00,73.9,75.8,72.0,74.2,2700
2025-10-23 07:00:00,74.1,75.8,71.7,75.0,3500
2025-10-24 07:00:00,74.0,74.0,73.5,74.0,11900
2025-10-27 07:00:00,73.1,73.9,71.0,73.9,3200
2025-10-28 07:00:00,73.8,73.9,71.3,73.9,2600
2025-10-29 07:00:00,74.0,74.0,72.3,73.1,9900
2025-10-30 07:00:00,73.0,77.0,73.0,75.2,15100
2025-10-31 07:00:00,75.3,76.8,75.0,75.0,7900
2025-11-03 07:00:00,75.0,75.0,73.2,73.3,16100
2025-11-04 07:00:00,73.1,73.1,70.2,72.0,16800
2025-11-05 07:00:00,74.5,74.5,72.0,72.0,23800
2025-11-06 07:00:00,72.0,75.0,72.0,74.5,43200
2025-11-07 07:00:00,73.2,74.4,70.9,72.7,1300
2025-11-10 07:00:00,72.7,72.7,72.5,72.7,5400
2025-11-11 07:00:00,72.8,74.3,72.8,73.0,18400
2025-11-12 07:00:00,74.0,74.0,73.1,73.1,13500
2025-11-13 07:00:00,73.3,74.9,73.2,74.9,16400
2025-11-14 07:00:00,74.9,74.9,73.6,73.6,700
2025-11-17 07:00:00,73.6,73.6,72.5,73.5,57400
2025-11-18 07:00:00,72.5,73.0,71.6,73.0,600
2025-11-19 07:00:00,72.0,74.0,72.0,73.4,12300
2025-11-20 07:00:00,73.4,73.4,73.4,73.4,400
2025-11-21 07:00:00,72.6,74.3,72.6,74.3,1700
2025-11-24 07:00:00,74.3,74.3,73.0,74.2,2900
2025-11-25 07:00:00,73.6,74.3,73.1,73.1,1700
2025-11-26 07:00:00,73.1,74.2,73.1,74.0,4100
2025-11-27 07:00:00,74.3,74.3,74.0,74.0,2500
2025-11-28 07:00:00,73.3,74.4,73.3,74.4,500
2025-12-01 07:00:00,74.4,74.4,72.9,74.2,3200
2025-12-02 07:00:00,73.6,74.2,73.0,74.2,700
2025-12-03 07:00:00,74.2,75.0,74.0,74.9,9300
2025-12-04 07:00:00,75.1,76.9,74.9,75.9,29400
2025-12-05 07:00:00,75.9,77.0,75.9,76.8,24000
2025-12-08 07:00:00,74.0,77.8,74.0,75.2,8800
2025-12-09 07:00:00,75.3,77.0,70.8,77.0,13500
2025-12-10 07:00:00,77.0,77.9,77.0,77.0,5900
2025-12-11 07:00:00,77.0,77.0,73.1,77.0,6400
2025-12-12 07:00:00,76.9,77.5,75.2,76.7,1900
2025-12-15 07:00:00,77.4,77.9,76.0,77.0,1800
2025-12-16 07:00:00,77.0,77.0,76.5,77.0,3400
2025-12-17 07:00:00,76.0,76.9,76.0,76.9,5700
2025-12-18 07:00:00,76.8,77.4,76.8,77.4,1600
2025-12-19 07:00:00,76.9,77.8,76.1,77.0,12800
2025-12-22 07:00:00,76.7,77.0,75.3,76.3,12600
2025-12-23 07:00:00,76.3,76.7,72.0,76.2,7300
2025-12-24 07:00:00,76.0,76.8,75.0,75.8,23200
2025-12-25 07:00:00,75.8,77.7,75.8,77.4,1700
2025-12-26 07:00:00,77.4,77.4,74.0,76.4,1000
2025-12-29 07:00:00,76.4,77.9,76.1,76.3,19000
2025-12-30 07:00:00,77.6,77.6,74.5,75.7,8300
2025-12-31 07:00:00,75.3,77.4,75.3,77.0,2100
2026-01-05 07:00:00,77.0,77.0,75.0,75.0,24100
2026-01-06 07:00:00,75.0,76.7,72.1,74.3,4300
2026-01-07 07:00:00,77.3,77.3,74.6,76.3,400
2026-01-08 07:00:00,77.1,77.1,72.1,76.0,44200
2026-01-09 07:00:00,74.7,74.7,74.7,74.7,3700
2026-01-12 07:00:00,75.1,76.0,74.7,74.7,29400
2026-01-13 07:00:00,74.2,74.5,73.0,74.0,12100
2026-01-14 07:00:00,73.8,73.8,71.9,72.0,40400
2026-01-15 07:00:00,72.2,76.7,72.0,73.0,15400
2026-01-16 07:00:00,73.0,73.0,71.9,72.0,29000
2026-01-19 07:00:00,73.8,73.8,72.0,72.7,75200
2026-01-20 07:00:00,72.7,73.5,72.0,72.6,17900
2026-01-21 07:00:00,72.6,73.9,72.6,73.5,28000
2026-01-22 07:00:00,74.9,74.9,72.6,73.7,21600
2026-01-23 07:00:00,73.7,73.7,72.2,73.7,3500
2026-01-26 07:00:00,75.0,75.0,72.1,73.7,3400
2026-01-27 07:00:00,72.0,73.5,68.7,71.1,29400
2026-01-28 07:00:00,75.4,75.4,72.5,72.5,400
2026-01-29 07:00:00,74.0,76.8,72.2,75.7,26700
2026-01-30 07:00:00,75.9,78.0,72.2,73.0,49500
2026-02-02 07:00:00,73.0,75.0,72.0,72.0,37400
2026-02-03 07:00:00,72.0,72.0,70.1,72.0,24500
2026-02-04 07:00:00,71.6,72.4,71.5,72.4,16900
2026-02-05 07:00:00,71.0,73.9,71.0,72.0,12900
2026-02-06 07:00:00,71.0,71.1,70.3,71.0,22800
2026-02-09 07:00:00,71.1,71.5,71.1,71.5,3700
2026-02-10 07:00:00,73.4,73.4,71.2,71.2,3300
2026-02-11 07:00:00,72.0,72.8,72.0,72.8,21000
2026-02-12 07:00:00,73.5,73.5,71.2,73.0,1100
2026-02-13 07:00:00,73.0,74.0,71.8,74.0,5800
2026-02-23 07:00:00,74.0,75.0,74.0,74.5,13500
2026-02-24 07:00:00,74.5,75.8,74.5,75.8,42100
2026-02-25 07:00:00,75.9,76.0,74.0,75.9,8200
2026-02-26 07:00:00,75.5,75.9,74.5,75.8,9100
2026-02-27 07:00:00,76.5,77.9,75.5,75.5,5000
2026-03-02 07:00:00,72.0,75.4,72.0,74.4,8300
2026-03-03 07:00:00,74.3,76.0,74.3,75.5,15400
2026-03-04 07:00:00,74.0,74.4,74.0,74.4,8600
2026-03-05 07:00:00,73.1,75.5,73.1,75.0,27800
2026-03-06 07:00:00,74.9,74.9,74.5,74.9,2000
2026-03-09 07:00:00,71.0,71.1,69.7,69.7,144900
2026-03-10 07:00:00,73.0,73.0,70.0,72.6,7000
2026-03-11 07:00:00,72.3,73.7,71.2,73.0,5500
2026-03-12 07:00:00,73.8,73.8,71.5,73.7,1600
2026-03-13 07:00:00,74.4,74.4,74.4,74.4,100
2026-03-16 07:00:00,73.0,73.0,72.9,73.0,7700
2026-03-17 07:00:00,73.0,73.0,72.1,72.1,16000
2026-03-18 07:00:00,72.1,72.4,71.8,71.9,9100
2026-03-19 07:00:00,71.0,71.5,70.5,70.5,7300
2026-03-20 07:00:00,70.5,70.5,70.0,70.0,15400
2026-03-23 07:00:00,69.1,69.9,67.2,69.9,14200
2026-03-24 07:00:00,71.0,71.0,70.5,71.0,19200
2026-03-25 07:00:00,71.0,71.0,71.0,71.0,300
2026-03-26 07:00:00,72.9,72.9,68.9,70.0,1000
2026-03-27 07:00:00,69.8,70.9,68.6,70.9,2900
2026-03-30 07:00:00,69.5,70.0,69.5,69.8,4200
2026-04-01 07:00:00,69.5,70.0,69.5,69.8,7500
2026-04-02 07:00:00,69.0,70.0,68.9,68.9,3400
2026-04-03 07:00:00,70.0,71.0,68.0,70.0,1100
2026-04-06 07:00:00,70.0,70.0,70.0,70.0,2000
2026-04-07 07:00:00,66.2,66.2,66.2,66.2,100
2026-04-08 07:00:00,69.5,69.9,69.0,69.9,1600
2026-04-09 07:00:00,69.5,70.0,69.5,70.0,300
2026-04-10 07:00:00,69.9,70.0,69.9,70.0,1200
2026-04-14 07:00:00,69.9,70.0,69.9,70.0,1500
2026-04-15 07:00:00,70.0,70.0,69.0,69.0,2900
2026-04-16 07:00:00,69.0,69.8,65.0,69.8,4200
2026-04-17 07:00:00,69.0,69.9,69.0,69.0,4600
2026-04-20 07:00:00,68.9,69.0,68.9,69.0,200
2026-04-21 07:00:00,65.4,68.9,65.3,68.8,10500
2026-04-22 07:00:00,66.0,68.7,65.3,68.7,6200
2026-04-23 07:00:00,69.0,69.0,68.0,68.0,3900
2026-04-24 07:00:00,70.9,70.9,69.7,69.7,1600
2026-04-28 07:00:00,69.9,71.9,69.7,71.2,1500
2026-04-29 07:00:00,71.2,72.6,69.1,70.8,14600
2026-05-04 07:00:00,73.5,73.5,70.8,70.8,7800
2026-05-05 07:00:00,70.8,72.9,70.2,70.3,3400
2026-05-06 07:00:00,70.3,72.0,70.3,70.9,20800
2026-05-07 07:00:00,72.0,73.9,71.8,71.9,61900
2026-05-08 07:00:00,72.7,72.7,71.8,71.8,3300
2026-05-11 07:00:00,71.5,72.0,71.5,72.0,4900
2026-05-12 07:00:00,73.5,73.8,72.0,72.0,4300
2026-05-13 07:00:00,72.1,72.1,71.2,72.0,11500
2026-05-14 07:00:00,72.0,72.7,72.0,72.3,2800
2026-05-15 07:00:00,73.0,73.0,71.0,72.0,11500
2026-05-18 07:00:00,72.0,72.0,71.5,72.0,1400
2026-05-19 07:00:00,71.8,72.1,71.8,71.9,1900
2026-05-20 07:00:00,71.9,71.9,71.4,71.6,1700
2026-05-21 07:00:00,71.6,71.6,71.6,71.6,1100
2026-05-22 07:00:00,71.8,71.8,71.6,71.7,1000
2026-05-25 07:00:00,71.7,71.9,71.5,71.9,3700
2026-05-26 07:00:00,71.5,72.0,71.5,72.0,3900
2026-05-27 07:00:00,72.0,72.0,72.0,72.0,2300
