time,open,high,low,close,volume
2018-01-02 07:00:00,17.58,17.58,17.24,17.24,182570
2018-01-03 07:00:00,17.24,17.24,16.93,17.06,445620
2018-01-04 07:00:00,17.06,17.24,17.01,17.09,153380
2018-01-05 07:00:00,17.19,17.86,17.19,17.71,299510
2018-01-08 07:00:00,17.71,18.38,17.6,18.02,284520
2018-01-09 07:00:00,18.28,18.36,18.02,18.25,247820
2018-01-10 07:00:00,18.12,18.33,18.07,18.23,192790
2018-01-11 07:00:00,18.23,18.74,17.91,18.74,439110
2018-01-12 07:00:00,18.48,18.87,18.43,18.48,302360
2018-01-15 07:00:00,18.51,19.0,18.23,18.9,159170
2018-01-16 07:00:00,18.82,18.9,18.38,18.64,192470
2018-01-17 07:00:00,18.07,18.64,18.07,18.07,199400
2018-01-18 07:00:00,18.07,18.12,17.5,17.91,217440
2018-01-19 07:00:00,17.91,18.1,17.5,17.6,276800
2018-01-22 07:00:00,17.6,17.86,17.29,17.45,151180
2018-01-25 07:00:00,17.68,17.68,16.98,17.03,361490
2018-01-26 07:00:00,17.06,17.55,17.03,17.35,231630
2018-01-29 07:00:00,17.14,17.24,16.31,16.31,605370
2018-01-30 07:00:00,16.57,16.75,16.34,16.57,280640
2018-01-31 07:00:00,16.78,17.14,16.65,16.93,263870
2018-02-01 07:00:00,17.03,17.09,16.78,16.93,251780
2018-02-02 07:00:00,16.93,16.98,16.72,16.83,182880
2018-02-05 07:00:00,16.83,16.83,16.31,16.52,231250
2018-02-06 07:00:00,15.95,15.95,15.38,15.58,486810
2018-02-07 07:00:00,15.92,16.36,15.9,16.05,136960
2018-02-08 07:00:00,16.26,16.31,15.53,16.0,53360
2018-02-09 07:00:00,16.0,16.15,15.22,16.0,64520
2018-02-12 07:00:00,15.95,16.31,15.95,16.28,68970
2018-02-13 07:00:00,16.47,16.47,16.23,16.39,158730
2018-02-21 07:00:00,16.57,16.67,16.44,16.67,46950
2018-02-22 07:00:00,16.67,17.09,16.52,16.98,251220
2018-02-23 07:00:00,17.19,17.29,16.98,17.14,99920
2018-02-26 07:00:00,17.19,17.24,16.98,17.06,71230
2018-02-27 07:00:00,17.03,17.06,16.47,16.57,133820
2018-02-28 07:00:00,16.52,16.83,16.31,16.78,127950
2018-03-01 07:00:00,16.57,16.83,16.47,16.57,135060
2018-03-02 07:00:00,16.57,17.71,16.57,17.71,604270
2018-03-05 07:00:00,17.91,18.38,17.6,17.76,313970
2018-03-06 07:00:00,17.76,18.12,17.5,17.89,309120
2018-03-07 07:00:00,18.12,18.12,17.71,17.91,127640
2018-03-08 07:00:00,17.91,18.23,17.71,17.73,352640
2018-03-09 07:00:00,18.07,18.59,17.66,18.12,489120
2018-03-12 07:00:00,18.38,18.38,17.94,17.94,71420
2018-03-13 07:00:00,17.91,18.28,17.91,18.23,308300
2018-03-14 07:00:00,18.25,18.51,18.23,18.46,169580
2018-03-15 07:00:00,18.54,19.05,18.46,18.64,306090
2018-03-16 07:00:00,18.8,18.9,18.43,18.64,191520
2018-03-19 07:00:00,18.92,18.92,18.46,18.64,105060
2018-03-20 07:00:00,18.38,18.59,18.07,18.07,120830
2018-03-21 07:00:00,18.07,18.12,17.86,18.12,99990
2018-03-22 07:00:00,18.38,18.38,17.99,18.07,32180
2018-03-23 07:00:00,17.09,17.97,17.09,17.97,76530
2018-03-26 07:00:00,17.84,17.91,17.76,17.89,45450
2018-03-27 07:00:00,18.12,18.64,17.84,17.84,129000
2018-03-28 07:00:00,17.84,18.38,17.84,18.23,61390
2018-03-29 07:00:00,18.23,18.38,18.12,18.12,53270
2018-03-30 07:00:00,18.38,18.38,18.12,18.17,73250
2018-04-02 07:00:00,18.36,18.38,17.86,17.86,84890
2018-04-03 07:00:00,17.86,18.2,17.86,17.97,12070
2018-04-04 07:00:00,17.91,18.1,17.81,17.86,64450
2018-04-05 07:00:00,18.1,18.12,17.71,18.02,86270
2018-04-06 07:00:00,18.02,18.23,17.89,18.2,37120
2018-04-09 07:00:00,18.2,18.2,17.89,18.02,36180
2018-04-10 07:00:00,18.07,18.07,17.71,17.86,32800
2018-04-11 07:00:00,17.86,17.86,17.4,17.6,73450
2018-04-12 07:00:00,17.35,17.81,17.35,17.5,10980
2018-04-13 07:00:00,17.81,17.81,17.4,17.5,32080
2018-04-16 07:00:00,17.5,17.5,17.14,17.4,22190
2018-04-17 07:00:00,17.6,17.6,17.19,17.4,12680
2018-04-18 07:00:00,17.35,17.4,17.09,17.09,28790
2018-04-19 07:00:00,17.03,17.03,16.67,16.8,67420
2018-04-20 07:00:00,16.83,17.03,16.72,16.8,20150
2018-04-23 07:00:00,16.67,17.22,16.05,16.75,50610
2018-04-24 07:00:00,16.15,16.85,16.15,16.78,15230
2018-04-26 07:00:00,16.72,16.72,15.92,15.92,29950
2018-04-27 07:00:00,15.74,16.57,15.74,16.31,41830
2018-05-02 07:00:00,16.31,16.31,15.9,15.9,21890
2018-05-03 07:00:00,16.78,16.78,15.9,16.57,48190
2018-05-04 07:00:00,16.78,16.78,16.57,16.57,24300
2018-05-07 07:00:00,16.78,16.78,16.05,16.05,17610
2018-05-08 07:00:00,16.72,16.72,16.05,16.31,27080
2018-05-09 07:00:00,16.57,16.57,16.05,16.44,5220
2018-05-10 07:00:00,16.57,16.57,16.1,16.26,4660
2018-05-11 07:00:00,16.44,16.44,16.1,16.31,8430
2018-05-14 07:00:00,16.15,16.52,16.13,16.34,9150
2018-05-15 07:00:00,16.39,16.41,16.28,16.34,15360
2018-05-16 07:00:00,16.31,16.31,16.26,16.26,23350
2018-05-17 07:00:00,16.31,16.31,16.26,16.26,12590
2018-05-18 07:00:00,16.41,16.41,16.15,16.21,1420
2018-05-21 07:00:00,16.15,16.31,16.13,16.21,4620
2018-05-22 07:00:00,16.36,16.36,15.27,16.05,13110
2018-05-23 07:00:00,16.0,16.05,15.53,16.05,13040
2018-05-24 07:00:00,16.0,16.05,15.79,16.0,5040
2018-05-25 07:00:00,15.97,16.0,15.84,15.95,2720
2018-05-28 07:00:00,15.79,16.05,15.27,15.48,38030
2018-05-29 07:00:00,14.76,15.48,14.76,15.48,33990
2018-05-30 07:00:00,15.33,15.48,15.02,15.02,45100
2018-05-31 07:00:00,15.48,15.48,14.96,15.27,33880
2018-06-01 07:00:00,15.53,15.53,15.27,15.27,19780
2018-06-04 07:00:00,15.27,15.48,15.27,15.33,23050
2018-06-05 07:00:00,15.53,15.64,15.4,15.64,20290
2018-06-06 07:00:00,15.79,15.82,15.3,15.74,8940
2018-06-07 07:00:00,15.74,16.47,15.74,16.41,93140
2018-06-08 07:00:00,16.52,16.54,16.05,16.26,11490
2018-06-11 07:00:00,16.26,16.52,15.87,15.95,5810
2018-06-12 07:00:00,16.05,16.05,15.48,15.48,29790
2018-06-13 07:00:00,15.53,15.53,15.43,15.48,13780
2018-06-14 07:00:00,15.48,15.58,15.46,15.46,23860
2018-06-15 07:00:00,15.12,15.64,15.12,15.48,10240
2018-06-18 07:00:00,15.53,15.71,15.17,15.46,12550
2018-06-19 07:00:00,16.08,16.08,14.72,15.26,22720
2018-06-20 07:00:00,15.7,15.7,14.72,15.48,15940
2018-06-21 07:00:00,15.48,15.48,14.99,15.21,3610
2018-06-22 07:00:00,15.21,15.26,15.02,15.02,5330
2018-06-25 07:00:00,15.24,15.26,15.1,15.24,5240
2018-06-26 07:00:00,15.21,15.21,14.88,15.16,3340
2018-06-27 07:00:00,15.13,15.18,14.99,15.02,32020
2018-06-28 07:00:00,15.16,15.16,14.72,15.05,5210
2018-06-29 07:00:00,14.77,14.77,14.72,14.72,12030
2018-07-02 07:00:00,14.72,14.72,13.9,14.07,24790
2018-07-03 07:00:00,14.07,14.72,13.63,14.07,18040
2018-07-04 07:00:00,13.9,14.01,13.63,14.01,610
2018-07-05 07:00:00,14.01,14.01,13.47,13.47,32590
2018-07-06 07:00:00,13.47,13.63,13.08,13.49,64400
2018-07-09 07:00:00,13.38,14.09,13.38,13.74,14020
2018-07-10 07:00:00,14.01,14.01,13.63,13.74,8450
2018-07-11 07:00:00,13.68,13.68,13.52,13.52,21340
2018-07-12 07:00:00,13.55,13.6,13.41,13.57,11560
2018-07-13 07:00:00,13.63,13.63,13.19,13.57,53160
2018-07-16 07:00:00,13.79,13.79,13.47,13.74,23370
2018-07-17 07:00:00,13.47,13.79,13.47,13.74,7920
2018-07-18 07:00:00,13.74,14.12,13.74,14.12,25000
2018-07-19 07:00:00,14.15,14.15,13.96,14.07,6120
2018-07-20 07:00:00,13.71,14.01,13.63,13.9,8080
2018-07-23 07:00:00,13.9,14.86,13.82,14.72,77060
2018-07-24 07:00:00,14.07,14.75,14.07,14.12,460
2018-07-25 07:00:00,14.12,14.61,14.12,14.28,2830
2018-07-26 07:00:00,14.28,14.28,13.9,14.17,5940
2018-07-27 07:00:00,14.67,14.67,13.74,14.12,27300
2018-07-30 07:00:00,14.17,14.17,14.01,14.17,17610
2018-07-31 07:00:00,14.39,14.39,14.07,14.17,45920
2018-08-01 07:00:00,14.17,14.67,14.01,14.07,9480
2018-08-02 07:00:00,14.07,14.17,14.07,14.07,40750
2018-08-03 07:00:00,14.07,14.17,13.98,14.12,10080
2018-08-06 07:00:00,14.15,14.34,14.15,14.17,40090
2018-08-07 07:00:00,14.17,14.34,14.12,14.17,7400
2018-08-08 07:00:00,14.17,14.34,14.12,14.23,3490
2018-08-09 07:00:00,14.17,14.28,14.12,14.12,5540
2018-08-10 07:00:00,14.17,14.17,14.09,14.12,2280
2018-08-13 07:00:00,14.09,14.17,14.07,14.12,28040
2018-08-14 07:00:00,14.12,14.23,14.12,14.23,24870
2018-08-15 07:00:00,14.15,14.28,14.07,14.12,22490
2018-08-16 07:00:00,14.17,14.23,14.07,14.23,13180
2018-08-17 07:00:00,14.23,14.31,14.17,14.23,10590
2018-08-20 07:00:00,14.28,14.28,14.12,14.12,9990
2018-08-21 07:00:00,14.12,14.23,14.07,14.23,21980
2018-08-22 07:00:00,14.17,14.34,14.07,14.07,26180
2018-08-23 07:00:00,13.79,14.34,13.79,14.17,59100
2018-08-24 07:00:00,14.34,14.34,14.12,14.12,10150
2018-08-27 07:00:00,14.12,14.61,14.12,14.61,42680
2018-08-28 07:00:00,14.23,14.61,14.23,14.61,14540
2018-08-29 07:00:00,14.61,14.99,14.61,14.86,44760
2018-08-30 07:00:00,14.86,15.76,14.86,15.7,69840
2018-08-31 07:00:00,15.7,16.0,15.59,15.59,43490
2018-09-04 07:00:00,15.59,15.59,14.94,14.99,15450
2018-09-05 07:00:00,15.21,15.21,14.5,14.88,16960
2018-09-06 07:00:00,14.88,14.88,14.45,14.72,10620
2018-09-07 07:00:00,14.45,14.88,14.31,14.47,21630
2018-09-10 07:00:00,15.24,15.24,14.28,14.28,7930
2018-09-11 07:00:00,14.28,14.39,14.2,14.39,23310
2018-09-12 07:00:00,14.64,14.64,14.17,14.34,35630
2018-09-13 07:00:00,14.34,14.45,14.28,14.34,35870
2018-09-14 07:00:00,14.28,14.83,14.28,14.58,76910
2018-09-17 07:00:00,14.69,15.1,14.61,15.07,58520
2018-09-18 07:00:00,15.07,15.18,14.72,14.99,23030
2018-09-19 07:00:00,15.07,15.07,14.67,14.67,30670
2018-09-20 07:00:00,14.72,14.88,14.45,14.88,46000
2018-09-21 07:00:00,14.96,14.96,14.64,14.64,65780
2018-09-24 07:00:00,14.64,14.77,14.64,14.72,17630
2018-09-25 07:00:00,14.72,14.86,14.72,14.83,32920
2018-09-26 07:00:00,14.83,15.1,14.77,15.1,70590
2018-09-27 07:00:00,15.43,15.43,15.1,15.16,32360
2018-09-28 07:00:00,15.16,15.16,14.94,14.94,58220
2018-10-01 07:00:00,14.94,15.24,14.94,15.05,63500
2018-10-02 07:00:00,15.05,15.05,14.88,14.88,29200
2018-10-03 07:00:00,15.16,15.16,14.96,14.99,35400
2018-10-04 07:00:00,14.99,15.21,14.99,15.21,45480
2018-10-05 07:00:00,15.05,15.24,14.72,14.99,75030
2018-10-08 07:00:00,14.99,14.99,14.8,14.83,16230
2018-10-09 07:00:00,14.96,14.96,14.77,14.83,21410
2018-10-10 07:00:00,14.77,14.94,14.72,14.72,29850
2018-10-11 07:00:00,14.01,14.72,13.9,14.07,92920
2018-10-12 07:00:00,13.96,14.34,13.96,14.34,21640
2018-10-15 07:00:00,14.34,14.34,14.2,14.34,42670
2018-10-16 07:00:00,14.17,14.39,14.17,14.28,19320
2018-10-17 07:00:00,14.28,14.67,14.28,14.56,10050
2018-10-18 07:00:00,14.67,14.67,14.28,14.28,7180
2018-10-19 07:00:00,14.17,14.45,14.17,14.45,26620
2018-10-22 07:00:00,14.45,14.45,14.2,14.2,20840
2018-10-23 07:00:00,14.17,14.45,14.01,14.23,12040
2018-10-24 07:00:00,14.23,14.28,14.07,14.07,52570
2018-10-25 07:00:00,13.25,14.07,13.25,14.07,59960
2018-10-26 07:00:00,14.07,14.12,13.98,14.07,38290
2018-10-29 07:00:00,14.07,14.12,13.63,14.07,39060
2018-10-30 07:00:00,13.96,14.07,13.85,13.87,30950
2018-10-31 07:00:00,14.01,14.42,13.96,14.42,19990
2018-11-01 07:00:00,14.2,14.2,14.01,14.17,13210
2018-11-02 07:00:00,14.17,14.45,14.17,14.45,32290
2018-11-05 07:00:00,14.31,14.5,13.96,14.5,21070
2018-11-06 07:00:00,14.28,14.45,13.96,14.2,24120
2018-11-07 07:00:00,14.37,14.61,14.37,14.45,34780
2018-11-08 07:00:00,14.53,14.61,14.45,14.45,24450
2018-11-09 07:00:00,14.45,14.61,14.39,14.45,38290
2018-11-12 07:00:00,14.45,14.5,14.17,14.39,49630
2018-11-13 07:00:00,14.23,14.39,14.17,14.17,42040
2018-11-14 07:00:00,14.39,14.39,14.17,14.17,5470
2018-11-15 07:00:00,14.28,14.61,14.15,14.17,12560
2018-11-16 07:00:00,14.37,14.45,14.23,14.23,40580
2018-11-19 07:00:00,14.34,14.34,14.23,14.23,26540
2018-11-20 07:00:00,14.23,14.99,14.23,14.5,100520
2018-11-21 07:00:00,14.64,15.35,14.56,15.26,196230
2018-11-22 07:00:00,15.54,15.54,14.99,15.24,39190
2018-11-23 07:00:00,14.99,15.43,14.91,15.26,55750
2018-11-26 07:00:00,15.26,15.26,14.99,15.07,90150
2018-11-27 07:00:00,15.32,15.32,14.99,15.16,77490
2018-11-28 07:00:00,14.72,15.29,14.72,15.29,33360
2018-11-29 07:00:00,15.26,15.32,15.16,15.18,45350
2018-11-30 07:00:00,15.18,15.56,15.18,15.48,215600
2018-12-03 07:00:00,15.78,15.86,15.37,15.48,106970
2018-12-04 07:00:00,15.48,15.81,15.26,15.65,47640
2018-12-05 07:00:00,15.51,15.59,15.32,15.59,57160
2018-12-06 07:00:00,15.54,15.54,15.26,15.51,69530
2018-12-07 07:00:00,15.51,15.54,15.37,15.54,44340
2018-12-10 07:00:00,15.83,15.83,15.54,15.65,45430
2018-12-11 07:00:00,15.45,15.63,15.3,15.3,12230
2018-12-12 07:00:00,15.24,15.48,15.01,15.16,35200
2018-12-13 07:00:00,14.95,15.24,14.66,15.19,24460
2018-12-14 07:00:00,15.07,15.54,15.01,15.39,52800
2018-12-17 07:00:00,15.24,15.24,15.19,15.24,25360
2018-12-18 07:00:00,14.54,15.27,14.54,15.27,50710
2018-12-19 07:00:00,14.69,15.19,14.69,14.78,38040
2018-12-20 07:00:00,15.21,15.21,14.83,15.13,10270
2018-12-21 07:00:00,15.01,15.13,15.01,15.01,21190
2018-12-24 07:00:00,14.95,15.07,14.95,15.01,19310
2018-12-25 07:00:00,14.83,15.1,14.66,14.75,27570
2018-12-26 07:00:00,14.8,15.01,14.66,14.75,17500
2018-12-27 07:00:00,14.78,15.01,14.75,14.95,15280
2018-12-28 07:00:00,14.95,15.01,14.69,15.01,3330
2019-01-02 07:00:00,15.01,15.04,14.54,15.04,16930
2019-01-03 07:00:00,15.01,15.01,14.66,14.95,23670
2019-01-04 07:00:00,14.66,14.83,14.66,14.66,20480
2019-01-07 07:00:00,15.13,15.13,14.78,14.95,21000
2019-01-08 07:00:00,14.95,14.98,14.78,14.92,34700
2019-01-09 07:00:00,14.95,15.01,14.95,15.01,9800
2019-01-10 07:00:00,14.78,15.04,14.66,15.01,19060
2019-01-11 07:00:00,15.01,15.51,15.01,15.24,101530
2019-01-14 07:00:00,15.71,15.71,15.19,15.36,12820
2019-01-15 07:00:00,15.19,15.42,15.19,15.39,27280
2019-01-16 07:00:00,15.13,15.3,15.13,15.3,14250
2019-01-17 07:00:00,15.13,15.3,15.01,15.3,10800
2019-01-18 07:00:00,15.3,15.3,15.07,15.1,101260
2019-01-21 07:00:00,14.83,15.07,14.83,15.01,30600
2019-01-22 07:00:00,15.01,15.01,14.75,14.75,16430
2019-01-23 07:00:00,14.75,14.75,14.07,14.07,58260
2019-01-24 07:00:00,14.19,14.31,13.87,14.07,49380
2019-01-25 07:00:00,14.07,14.07,13.1,13.1,283190
2019-01-28 07:00:00,13.1,13.43,13.1,13.37,37430
2019-01-29 07:00:00,13.4,13.4,13.13,13.13,35930
2019-01-30 07:00:00,13.13,13.13,12.9,13.02,37270
2019-01-31 07:00:00,13.02,13.13,12.43,12.96,71220
2019-02-01 07:00:00,12.99,12.99,12.87,12.9,30740
2019-02-11 07:00:00,12.9,12.96,12.81,12.9,17060
2019-02-12 07:00:00,12.9,13.07,12.84,12.9,44830
2019-02-13 07:00:00,13.19,13.63,13.07,13.4,248370
2019-02-14 07:00:00,13.49,13.49,13.31,13.31,74780
2019-02-15 07:00:00,13.28,13.43,13.19,13.37,43900
2019-02-18 07:00:00,13.37,13.37,12.84,13.28,531210
2019-02-19 07:00:00,13.46,13.46,12.9,12.9,389290
2019-02-20 07:00:00,12.9,13.1,12.78,13.07,72500
2019-02-21 07:00:00,13.07,13.07,12.84,12.9,610840
2019-02-22 07:00:00,12.9,12.9,12.49,12.49,143060
2019-02-25 07:00:00,12.49,12.72,12.49,12.58,84410
2019-02-26 07:00:00,12.58,12.64,12.55,12.58,36310
2019-02-27 07:00:00,12.58,12.64,12.52,12.55,701520
2019-02-28 07:00:00,12.66,12.66,12.46,12.49,83030
2019-03-01 07:00:00,12.58,12.81,12.52,12.69,65160
2019-03-04 07:00:00,12.69,12.9,12.66,12.72,94310
2019-03-05 07:00:00,12.72,13.19,12.66,13.02,157120
2019-03-06 07:00:00,13.02,13.22,13.02,13.07,114280
2019-03-07 07:00:00,13.13,13.13,12.81,12.81,196480
2019-03-08 07:00:00,12.78,12.9,12.66,12.78,46470
2019-03-11 07:00:00,12.78,12.81,12.46,12.49,180190
2019-03-12 07:00:00,12.49,12.64,12.49,12.61,248410
2019-03-13 07:00:00,12.66,13.25,12.58,13.25,544710
2019-03-14 07:00:00,13.25,13.25,13.07,13.13,127350
2019-03-15 07:00:00,13.13,13.28,13.07,13.13,122280
2019-03-18 07:00:00,13.19,14.04,13.07,14.04,780620
2019-03-19 07:00:00,14.42,15.01,14.36,14.72,426770
2019-03-20 07:00:00,14.72,14.72,14.16,14.72,100130
2019-03-21 07:00:00,14.66,14.66,14.07,14.07,215490
2019-03-22 07:00:00,14.07,14.42,13.72,13.72,88070
2019-03-25 07:00:00,13.54,14.13,13.54,14.01,161950
2019-03-26 07:00:00,14.19,14.42,14.01,14.39,145600
2019-03-27 07:00:00,14.13,14.63,14.13,14.63,91930
2019-03-28 07:00:00,14.66,14.66,14.31,14.36,97410
2019-03-29 07:00:00,14.25,14.36,14.07,14.25,65600
2019-04-01 07:00:00,14.25,14.25,13.95,13.95,47500
2019-04-02 07:00:00,13.95,14.1,13.95,13.95,52460
2019-04-03 07:00:00,13.84,14.92,13.84,14.66,352500
2019-04-04 07:00:00,14.36,14.72,14.36,14.66,68080
2019-04-05 07:00:00,14.66,15.01,14.42,14.66,144720
2019-04-08 07:00:00,14.66,14.95,14.6,14.86,116390
2019-04-09 07:00:00,14.69,14.83,14.36,14.36,176160
2019-04-10 07:00:00,14.36,14.42,14.07,14.07,118980
2019-04-11 07:00:00,14.07,14.36,14.04,14.28,80830
2019-04-12 07:00:00,14.07,14.07,13.69,13.72,131540
2019-04-16 07:00:00,13.25,13.6,13.25,13.4,246060
2019-04-17 07:00:00,13.4,13.78,13.13,13.13,109530
2019-04-18 07:00:00,12.9,13.49,12.9,13.02,171680
2019-04-19 07:00:00,13.02,13.43,13.02,13.43,15610
2019-04-22 07:00:00,13.6,13.6,13.34,13.54,163030
2019-04-23 07:00:00,13.54,13.57,13.07,13.13,209930
2019-04-24 07:00:00,13.13,13.34,13.07,13.13,51630
2019-04-25 07:00:00,13.02,13.19,13.02,13.05,30930
2019-04-26 07:00:00,13.19,13.51,13.02,13.43,249020
2019-05-02 07:00:00,13.43,13.49,13.02,13.07,39850
2019-05-03 07:00:00,12.99,13.07,12.84,13.07,109400
2019-05-06 07:00:00,12.9,12.9,12.31,12.31,124290
2019-05-07 07:00:00,12.61,12.61,12.02,12.2,141030
2019-05-08 07:00:00,12.14,12.14,11.9,11.93,52110
2019-05-09 07:00:00,12.02,12.2,11.93,11.96,36510
2019-05-10 07:00:00,11.96,12.2,11.93,12.02,29640
2019-05-13 07:00:00,11.96,12.49,11.93,12.02,36910
2019-05-14 07:00:00,11.96,12.02,11.73,12.02,70240
2019-05-15 07:00:00,12.22,12.49,12.02,12.37,56200
2019-05-16 07:00:00,12.37,12.61,12.28,12.46,64380
2019-05-17 07:00:00,12.46,12.72,12.31,12.49,75720
2019-05-20 07:00:00,12.61,12.61,12.46,12.58,37640
2019-05-21 07:00:00,12.66,12.78,12.55,12.78,40350
2019-05-22 07:00:00,12.43,12.78,12.43,12.43,32890
2019-05-23 07:00:00,12.43,12.43,12.25,12.43,28070
2019-05-24 07:00:00,12.43,12.49,12.28,12.28,36000
2019-05-27 07:00:00,12.31,12.4,12.2,12.25,38210
2019-05-28 07:00:00,12.37,12.37,12.02,12.14,41680
2019-05-29 07:00:00,12.14,12.28,12.08,12.14,22350
2019-05-30 07:00:00,12.28,12.28,12.02,12.05,42370
2019-05-31 07:00:00,12.02,12.2,11.84,11.84,41610
2019-06-03 07:00:00,11.73,11.99,11.7,11.73,44900
2019-06-04 07:00:00,11.73,12.02,11.73,11.73,32130
2019-06-05 07:00:00,11.73,11.96,11.73,11.76,35300
2019-06-06 07:00:00,11.84,12.02,11.73,11.84,19080
2019-06-07 07:00:00,11.84,11.96,11.81,11.96,23250
2019-06-10 07:00:00,12.02,12.05,11.96,12.02,29460
2019-06-11 07:00:00,12.02,12.02,11.87,11.87,29600
2019-06-12 07:00:00,11.87,11.93,11.84,11.84,23660
2019-06-13 07:00:00,11.84,11.96,11.78,11.84,31410
2019-06-14 07:00:00,12.02,12.08,11.9,11.9,41260
2019-06-17 07:00:00,11.96,12.2,11.9,12.14,21010
2019-06-18 07:00:00,12.02,12.2,12.02,12.02,13820
2019-06-19 07:00:00,12.02,12.14,11.96,12.02,26470
2019-06-20 07:00:00,11.96,11.96,11.84,11.9,59080
2019-06-21 07:00:00,11.81,11.99,11.78,11.99,51640
2019-06-24 07:00:00,11.99,11.99,11.84,11.93,16620
2019-06-25 07:00:00,11.9,11.93,11.84,11.84,22020
2019-06-26 07:00:00,11.84,11.84,11.69,11.72,30330
2019-06-27 07:00:00,11.66,11.72,11.3,11.66,92890
2019-06-28 07:00:00,11.42,11.66,11.42,11.63,8460
2019-07-01 07:00:00,11.9,11.9,11.54,11.69,10990
2019-07-02 07:00:00,11.6,11.6,11.27,11.27,35760
2019-07-03 07:00:00,11.27,11.39,11.27,11.36,17500
2019-07-04 07:00:00,11.42,11.42,11.24,11.24,35030
2019-07-05 07:00:00,11.06,11.27,10.91,10.94,67630
2019-07-08 07:00:00,10.94,11.06,10.79,10.94,60620
2019-07-09 07:00:00,10.88,10.94,10.82,10.82,48300
2019-07-10 07:00:00,10.82,10.91,10.82,10.82,75210
2019-07-11 07:00:00,10.94,11.03,10.82,10.97,25910
2019-07-12 07:00:00,10.97,11.03,10.82,10.94,29970
2019-07-15 07:00:00,11.03,11.03,10.88,10.94,29060
2019-07-16 07:00:00,10.85,11.06,10.82,10.88,21930
2019-07-17 07:00:00,10.82,10.94,10.76,10.82,46090
2019-07-18 07:00:00,10.76,10.91,10.64,10.76,68870
2019-07-19 07:00:00,10.76,10.82,10.64,10.76,26790
2019-07-22 07:00:00,10.76,10.79,10.55,10.76,25000
2019-07-23 07:00:00,10.55,10.79,10.52,10.58,44320
2019-07-24 07:00:00,10.58,10.58,10.1,10.22,112440
2019-07-25 07:00:00,10.22,10.34,9.62,9.92,78710
2019-07-26 07:00:00,10.04,10.22,9.98,10.04,85470
2019-07-29 07:00:00,10.07,10.37,10.07,10.16,593150
2019-07-30 07:00:00,9.68,9.86,9.5,9.74,191080
2019-07-31 07:00:00,9.74,9.83,9.62,9.83,25960
2019-08-01 07:00:00,9.83,9.83,9.62,9.65,53490
2019-08-02 07:00:00,9.62,9.71,9.62,9.68,46280
2019-08-05 07:00:00,9.71,9.71,9.32,9.35,106920
2019-08-06 07:00:00,9.35,9.35,8.75,9.02,133390
2019-08-07 07:00:00,9.02,9.05,8.66,8.84,75640
2019-08-08 07:00:00,8.84,8.99,8.78,8.96,28800
2019-08-09 07:00:00,8.99,9.56,8.99,9.56,66420
2019-08-12 07:00:00,9.47,9.62,9.38,9.59,46360
2019-08-13 07:00:00,9.56,9.56,9.47,9.5,30300
2019-08-14 07:00:00,9.5,9.71,9.47,9.47,40670
2019-08-15 07:00:00,9.47,9.53,9.44,9.53,50830
2019-08-16 07:00:00,9.53,9.62,9.47,9.5,33710
2019-08-19 07:00:00,9.68,9.68,9.47,9.5,35520
2019-08-20 07:00:00,9.47,9.53,9.44,9.44,24150
2019-08-21 07:00:00,9.44,9.56,9.32,9.44,25860
2019-08-22 07:00:00,9.47,9.5,9.32,9.44,15850
2019-08-23 07:00:00,9.32,9.44,9.02,9.35,23550
2019-08-26 07:00:00,9.35,9.35,8.93,9.02,52640
2019-08-27 07:00:00,9.02,9.32,8.99,9.32,54870
2019-08-28 07:00:00,9.32,9.32,8.84,8.96,24860
2019-08-29 07:00:00,9.08,9.17,8.99,9.14,46860
2019-08-30 07:00:00,9.14,9.2,9.05,9.08,36040
2019-09-03 07:00:00,9.08,9.14,9.05,9.05,20010
2019-09-04 07:00:00,9.05,9.14,8.99,9.14,680930
2019-09-05 07:00:00,9.08,9.29,9.02,9.2,27620
2019-09-06 07:00:00,9.14,9.23,9.08,9.08,23440
2019-09-09 07:00:00,9.08,9.17,8.96,9.08,7570
2019-09-10 07:00:00,8.93,8.96,8.84,8.96,11080
2019-09-11 07:00:00,9.02,9.02,8.66,8.75,23810
2019-09-12 07:00:00,8.84,9.02,8.66,8.72,20970
2019-09-13 07:00:00,8.72,8.78,8.72,8.78,96630
2019-09-16 07:00:00,8.78,8.84,8.75,8.75,33070
2019-09-17 07:00:00,8.78,8.9,8.72,8.81,26890
2019-09-18 07:00:00,8.9,8.93,8.78,8.84,23630
2019-09-19 07:00:00,8.93,8.93,8.84,8.87,15650
2019-09-20 07:00:00,8.9,8.96,8.87,8.96,8680
2019-09-23 07:00:00,8.96,8.96,8.9,8.9,34240
2019-09-24 07:00:00,8.93,8.93,8.84,8.9,56310
2019-09-25 07:00:00,8.9,8.9,8.81,8.81,34640
2019-09-26 07:00:00,8.81,8.9,8.81,8.9,17620
2019-09-27 07:00:00,8.84,8.93,8.84,8.9,20960
2019-09-30 07:00:00,9.02,9.02,8.9,8.96,14520
2019-10-01 07:00:00,8.96,9.05,8.96,9.02,17320
2019-10-02 07:00:00,9.02,9.02,8.96,8.96,30570
2019-10-03 07:00:00,9.02,9.02,8.87,8.87,5870
2019-10-04 07:00:00,8.87,9.2,8.87,9.08,63260
2019-10-07 07:00:00,9.14,9.23,8.99,8.99,63340
2019-10-08 07:00:00,9.2,9.2,9.08,9.08,14610
2019-10-09 07:00:00,9.11,9.14,8.99,9.14,320940
2019-10-10 07:00:00,9.14,9.2,8.99,9.02,29890
2019-10-11 07:00:00,9.02,9.08,8.96,9.02,19160
2019-10-14 07:00:00,9.02,9.14,8.99,9.02,33670
2019-10-15 07:00:00,9.02,9.26,9.02,9.23,38150
2019-10-16 07:00:00,9.23,9.26,9.2,9.23,14430
2019-10-17 07:00:00,9.23,9.32,9.23,9.32,49300
2019-10-18 07:00:00,9.38,9.38,9.32,9.38,24570
2019-10-21 07:00:00,9.38,9.68,9.38,9.5,32650
2019-10-22 07:00:00,9.56,9.56,9.08,9.08,15560
2019-10-23 07:00:00,9.23,9.32,9.17,9.17,7890
2019-10-24 07:00:00,9.17,9.29,9.17,9.2,11920
2019-10-25 07:00:00,9.2,9.2,9.02,9.2,20060
2019-10-28 07:00:00,9.2,9.26,9.05,9.05,16160
2019-10-29 07:00:00,9.14,9.14,8.96,9.05,53170
2019-10-30 07:00:00,9.14,9.14,9.02,9.14,18410
2019-10-31 07:00:00,9.2,9.2,9.08,9.08,6210
2019-11-01 07:00:00,9.08,9.14,9.05,9.14,415900
2019-11-04 07:00:00,9.17,9.17,8.9,8.96,44710
2019-11-05 07:00:00,9.08,9.08,8.96,8.96,30340
2019-11-06 07:00:00,8.96,9.08,8.93,9.02,9820
2019-11-07 07:00:00,9.08,9.08,8.72,8.81,89200
2019-11-08 07:00:00,8.84,8.9,8.81,8.9,9770
2019-11-11 07:00:00,8.9,8.9,8.78,8.9,4900
2019-11-12 07:00:00,8.81,8.87,8.72,8.87,6240
2019-11-13 07:00:00,8.84,8.87,8.66,8.66,41730
2019-11-14 07:00:00,8.72,8.75,8.63,8.69,76520
2019-11-15 07:00:00,8.66,8.9,8.66,8.87,17210
2019-11-18 07:00:00,8.93,8.96,8.87,8.9,19670
2019-11-19 07:00:00,8.93,8.96,8.87,8.93,5990
2019-11-20 07:00:00,8.93,8.93,8.81,8.9,13020
2019-11-21 07:00:00,8.9,8.93,8.9,8.93,4040
2019-11-22 07:00:00,8.96,8.99,8.93,8.96,92760
2019-11-25 07:00:00,8.99,9.02,8.93,9.02,49410
2019-11-26 07:00:00,9.02,9.02,8.84,8.84,21170
2019-11-27 07:00:00,8.84,8.84,8.57,8.57,69760
2019-11-28 07:00:00,8.57,8.84,8.57,8.84,8280
2019-11-29 07:00:00,8.93,8.96,8.75,8.84,6580
2019-12-02 07:00:00,8.96,8.96,8.75,8.78,8580
2019-12-03 07:00:00,8.9,8.9,8.75,8.81,10000
2019-12-04 07:00:00,8.78,8.81,8.78,8.81,3920
2019-12-05 07:00:00,8.81,8.81,8.54,8.54,47780
2019-12-06 07:00:00,8.6,8.72,8.54,8.54,69970
2019-12-09 07:00:00,8.57,8.69,8.06,8.12,212620
2019-12-10 07:00:00,8.12,8.15,7.58,7.58,389630
2019-12-11 07:00:00,7.61,7.73,7.06,7.48,229400
2019-12-12 07:00:00,7.51,7.73,7.15,7.7,763380
2019-12-13 07:00:00,7.7,7.7,7.21,7.21,131260
2019-12-16 07:00:00,7.45,7.45,7.3,7.36,18880
2019-12-17 07:00:00,7.4,7.62,7.4,7.43,30640
2019-12-18 07:00:00,7.46,7.58,7.46,7.46,36750
2019-12-19 07:00:00,7.58,7.58,7.43,7.43,14480
2019-12-20 07:00:00,7.46,7.46,7.33,7.43,14190
2019-12-23 07:00:00,7.58,7.58,7.36,7.49,19760
2019-12-24 07:00:00,7.46,7.49,7.36,7.49,21810
2019-12-25 07:00:00,7.4,7.52,7.4,7.52,4350
2019-12-26 07:00:00,7.52,7.52,7.46,7.46,28040
2019-12-27 07:00:00,7.52,7.52,7.43,7.43,50600
2019-12-30 07:00:00,7.43,7.52,7.33,7.33,196760
2019-12-31 07:00:00,7.33,7.33,7.05,7.05,102550
2020-01-02 07:00:00,7.21,7.3,7.15,7.27,25720
2020-01-03 07:00:00,7.27,7.33,7.24,7.24,11670
2020-01-06 07:00:00,7.33,7.33,7.21,7.21,24300
2020-01-07 07:00:00,7.3,7.3,7.24,7.27,14960
2020-01-08 07:00:00,7.33,7.33,7.11,7.11,45200
2020-01-09 07:00:00,7.21,7.24,7.08,7.11,41110
2020-01-10 07:00:00,7.11,7.21,7.11,7.15,43790
2020-01-13 07:00:00,7.15,7.18,7.15,7.18,213010
2020-01-14 07:00:00,7.21,7.24,7.15,7.24,15910
2020-01-15 07:00:00,7.24,7.27,7.21,7.21,14930
2020-01-16 07:00:00,7.33,7.33,7.21,7.33,20160
2020-01-17 07:00:00,7.3,7.36,7.3,7.36,394980
2020-01-20 07:00:00,7.36,7.46,7.33,7.43,48810
2020-01-21 07:00:00,7.49,7.55,7.4,7.49,130970
2020-01-22 07:00:00,7.52,7.71,7.46,7.58,10650
2020-01-30 07:00:00,7.58,7.58,7.46,7.46,35610
2020-01-31 07:00:00,7.46,7.46,7.15,7.15,42230
2020-02-03 07:00:00,7.15,7.15,6.68,6.68,97780
2020-02-04 07:00:00,6.68,6.89,6.21,6.39,161570
2020-02-05 07:00:00,6.39,6.61,6.22,6.27,170960
2020-02-06 07:00:00,6.27,6.58,6.27,6.58,80340
2020-02-07 07:00:00,6.58,6.58,6.3,6.52,22040
2020-02-10 07:00:00,6.58,6.58,6.46,6.52,11340
2020-02-11 07:00:00,6.58,6.68,6.52,6.68,42070
2020-02-12 07:00:00,6.74,6.89,6.68,6.89,45350
2020-02-13 07:00:00,6.89,7.08,6.89,7.02,127880
2020-02-14 07:00:00,7.02,7.27,7.02,7.18,34370
2020-02-17 07:00:00,7.21,7.43,7.21,7.36,39880
2020-02-18 07:00:00,7.52,7.52,7.46,7.52,22480
2020-02-19 07:00:00,7.58,7.58,7.4,7.4,32140
2020-02-20 07:00:00,7.43,7.58,7.43,7.52,56110
2020-02-21 07:00:00,7.52,7.77,7.49,7.52,53870
2020-02-24 07:00:00,7.49,7.49,7.3,7.33,54230
2020-02-25 07:00:00,7.33,7.52,7.33,7.52,15990
2020-02-26 07:00:00,7.52,7.52,7.43,7.52,52790
2020-02-27 07:00:00,7.52,7.62,7.52,7.62,92290
2020-02-28 07:00:00,7.58,7.58,7.36,7.58,52010
2020-03-02 07:00:00,7.58,7.58,7.52,7.58,610
2020-03-03 07:00:00,7.65,7.71,7.49,7.49,14600
2020-03-04 07:00:00,7.49,7.52,7.46,7.52,25420
2020-03-05 07:00:00,7.52,7.62,7.52,7.55,73970
2020-03-06 07:00:00,7.55,7.68,7.55,7.68,29450
2020-03-09 07:00:00,7.62,7.62,7.33,7.4,70420
2020-03-10 07:00:00,7.58,7.58,6.89,7.52,74040
2020-03-11 07:00:00,7.58,7.58,7.33,7.33,88590
2020-03-12 07:00:00,7.33,7.4,7.05,7.15,47600
2020-03-13 07:00:00,7.08,7.15,6.68,7.15,56790
2020-03-16 07:00:00,7.15,7.15,6.71,7.02,4740
2020-03-17 07:00:00,6.71,7.18,6.71,6.99,25850
2020-03-18 07:00:00,7.02,7.21,7.02,7.02,23920
2020-03-19 07:00:00,7.18,7.18,6.99,7.02,14120
2020-03-20 07:00:00,7.08,7.08,6.89,7.02,4910
2020-03-23 07:00:00,7.02,7.02,6.55,6.55,197480
2020-03-24 07:00:00,6.55,6.68,6.36,6.39,32150
2020-03-25 07:00:00,6.39,6.71,6.39,6.71,17410
2020-03-26 07:00:00,6.71,6.83,6.58,6.58,6200
2020-03-27 07:00:00,6.58,6.58,6.39,6.39,18260
2020-03-30 07:00:00,6.39,6.39,6.26,6.26,31490
2020-03-31 07:00:00,6.27,6.39,5.84,6.27,338320
2020-04-01 07:00:00,6.27,6.46,6.14,6.39,59250
2020-04-03 07:00:00,6.46,6.46,6.27,6.46,57460
2020-04-06 07:00:00,6.46,6.71,6.46,6.71,14230
2020-04-07 07:00:00,6.71,6.83,6.64,6.83,4150
2020-04-08 07:00:00,6.71,6.89,6.71,6.71,86630
2020-04-09 07:00:00,7.15,7.15,6.77,6.77,305970
2020-04-10 07:00:00,6.83,6.83,6.58,6.68,256030
2020-04-13 07:00:00,6.68,6.68,6.39,6.39,280650
2020-04-14 07:00:00,6.39,6.83,6.39,6.83,515940
2020-04-15 07:00:00,6.89,7.15,6.89,7.02,504800
2020-04-16 07:00:00,7.02,7.49,6.89,7.49,605660
2020-04-17 07:00:00,7.71,7.99,7.49,7.68,655570
2020-04-20 07:00:00,7.71,8.21,7.49,8.15,1005050
2020-04-21 07:00:00,8.02,8.34,7.58,7.58,693270
2020-04-22 07:00:00,7.24,7.83,7.18,7.83,563130
2020-04-23 07:00:00,8.02,8.09,7.58,7.58,272160
2020-04-24 07:00:00,7.65,7.65,7.3,7.49,343540
2020-04-27 07:00:00,7.49,7.74,7.46,7.68,249230
2020-04-28 07:00:00,7.71,8.09,7.65,8.09,384940
2020-04-29 07:00:00,7.9,8.15,7.87,7.9,356070
2020-05-04 07:00:00,7.87,7.93,7.4,7.4,278160
2020-05-05 07:00:00,7.4,7.49,7.33,7.4,223280
2020-05-06 07:00:00,7.4,7.65,7.36,7.52,287510
2020-05-07 07:00:00,7.58,7.58,7.3,7.36,367750
2020-05-08 07:00:00,7.36,7.58,7.21,7.24,728330
2020-05-11 07:00:00,7.24,7.33,7.18,7.24,432920
2020-05-12 07:00:00,7.3,7.71,7.24,7.49,431530
2020-05-13 07:00:00,7.49,7.65,7.4,7.49,535900
2020-05-14 07:00:00,7.46,7.52,7.4,7.52,302030
2020-05-15 07:00:00,7.52,7.52,7.3,7.33,241480
2020-05-18 07:00:00,7.36,7.36,7.21,7.3,353080
2020-05-19 07:00:00,7.33,7.68,7.27,7.3,948660
2020-05-20 07:00:00,7.4,7.8,7.33,7.8,1836780
2020-05-21 07:00:00,8.12,8.15,7.77,7.96,1219720
2020-05-22 07:00:00,7.83,8.12,7.71,7.87,804480
2020-05-25 07:00:00,7.83,8.4,7.77,8.4,1447990
2020-05-26 07:00:00,8.46,8.52,8.21,8.34,745540
2020-05-27 07:00:00,8.37,8.52,7.96,7.96,772150
2020-05-28 07:00:00,8.12,8.37,8.09,8.3,968160
2020-05-29 07:00:00,8.4,8.43,8.15,8.27,384580
2020-06-01 07:00:00,8.27,8.84,8.21,8.68,1218630
2020-06-02 07:00:00,8.65,8.74,8.15,8.21,798670
2020-06-03 07:00:00,8.21,8.4,8.21,8.4,357390
2020-06-04 07:00:00,8.4,8.49,8.27,8.34,450620
2020-06-05 07:00:00,8.27,8.46,8.21,8.46,350860
2020-06-08 07:00:00,8.59,8.68,8.4,8.49,690940
2020-06-09 07:00:00,8.52,8.74,8.43,8.59,562380
2020-06-10 07:00:00,8.59,8.65,8.46,8.52,503770
2020-06-11 07:00:00,8.52,8.62,7.93,7.93,1355710
2020-06-12 07:00:00,7.46,7.83,7.46,7.77,681510
2020-06-15 07:00:00,7.77,7.87,7.46,7.46,531600
2020-06-16 07:00:00,7.65,7.74,7.46,7.71,337480
2020-06-17 07:00:00,7.71,7.9,7.68,7.8,285180
2020-06-18 07:00:00,7.65,7.8,7.65,7.74,156750
2020-06-19 07:00:00,7.74,7.93,7.74,7.93,384570
2020-06-22 07:00:00,7.96,8.46,7.96,8.43,727130
2020-06-23 07:00:00,8.4,8.49,8.02,8.21,289050
2020-06-24 07:00:00,8.21,8.24,7.9,7.96,436590
2020-06-25 07:00:00,8.13,8.32,7.96,8.29,802150
2020-06-26 07:00:00,8.29,8.42,8.03,8.06,303240
2020-06-29 07:00:00,7.96,7.96,7.69,7.76,347630
2020-06-30 07:00:00,7.76,7.89,7.63,7.63,264510
2020-07-01 07:00:00,7.79,7.89,7.63,7.83,186260
2020-07-02 07:00:00,7.83,7.83,7.69,7.73,161720
2020-07-03 07:00:00,7.79,7.79,7.69,7.76,190910
2020-07-06 07:00:00,7.89,8.09,7.79,7.89,188430
2020-07-07 07:00:00,7.89,7.96,7.73,7.73,180130
2020-07-08 07:00:00,7.73,7.93,7.73,7.79,124220
2020-07-09 07:00:00,7.79,7.93,7.79,7.86,175020
2020-07-10 07:00:00,7.83,7.93,7.79,7.83,194440
2020-07-13 07:00:00,7.79,7.96,7.79,7.79,132360
2020-07-14 07:00:00,7.79,7.86,7.76,7.86,123220
2020-07-15 07:00:00,7.96,7.99,7.86,7.96,173520
2020-07-16 07:00:00,7.99,8.06,7.89,7.93,230510
2020-07-17 07:00:00,7.96,8.36,7.93,8.29,927160
2020-07-20 07:00:00,8.32,8.32,8.09,8.16,469650
2020-07-21 07:00:00,8.16,8.32,8.13,8.26,226670
2020-07-22 07:00:00,8.19,8.42,8.19,8.19,394350
2020-07-23 07:00:00,8.23,8.23,8.03,8.03,184560
2020-07-24 07:00:00,7.96,8.03,7.5,7.63,662630
2020-07-27 07:00:00,7.3,7.63,7.13,7.13,632080
2020-07-28 07:00:00,7.3,7.63,7.3,7.63,238410
2020-07-29 07:00:00,7.69,7.69,7.36,7.5,493620
2020-07-30 07:00:00,7.5,7.69,7.5,7.56,165250
2020-07-31 07:00:00,7.56,7.63,7.3,7.5,251340
2020-08-03 07:00:00,7.5,7.86,7.5,7.86,230180
2020-08-04 07:00:00,7.96,8.09,7.86,8.09,295120
2020-08-05 07:00:00,8.09,8.16,7.96,8.09,375830
2020-08-06 07:00:00,8.09,8.13,7.99,8.09,292650
2020-08-07 07:00:00,8.06,8.49,8.03,8.36,917980
2020-08-10 07:00:00,8.42,8.92,8.42,8.82,1300500
2020-08-11 07:00:00,8.82,9.12,8.66,9.02,589310
2020-08-12 07:00:00,8.89,9.02,8.82,8.89,591130
2020-08-13 07:00:00,8.89,9.22,8.82,9.02,582730
2020-08-14 07:00:00,9.09,9.12,8.72,8.82,544460
2020-08-17 07:00:00,8.79,8.89,8.69,8.86,272070
2020-08-18 07:00:00,8.86,9.22,8.86,9.19,890370
2020-08-19 07:00:00,9.12,9.62,9.12,9.49,1244880
2020-08-20 07:00:00,9.49,9.62,9.22,9.35,555690
2020-08-21 07:00:00,9.45,9.75,9.42,9.68,771910
2020-08-24 07:00:00,9.95,10.35,9.82,10.35,947590
2020-08-25 07:00:00,10.55,10.61,10.25,10.25,958550
2020-08-26 07:00:00,10.05,10.75,10.05,10.45,595740
2020-08-27 07:00:00,10.45,10.75,10.31,10.31,530470
2020-08-28 07:00:00,10.35,10.41,10.02,10.12,726960
2020-08-31 07:00:00,10.15,10.78,9.88,10.48,772200
2020-09-01 07:00:00,10.58,10.61,10.35,10.38,224770
2020-09-03 07:00:00,10.41,10.48,10.18,10.38,355500
2020-09-04 07:00:00,10.08,10.28,9.95,10.08,756420
2020-09-07 07:00:00,10.08,10.28,9.82,9.82,649770
2020-09-08 07:00:00,9.95,10.12,9.82,9.95,387070
2020-09-09 07:00:00,9.88,10.61,9.82,10.58,1334750
2020-09-10 07:00:00,10.61,10.65,10.38,10.58,548110
2020-09-11 07:00:00,10.48,11.24,10.41,11.18,1236080
2020-09-14 07:00:00,11.18,11.51,11.14,11.24,961130
2020-09-15 07:00:00,11.28,11.38,11.11,11.18,602990
2020-09-16 07:00:00,11.11,11.18,10.98,11.08,375020
2020-09-17 07:00:00,11.08,11.28,10.81,11.24,619660
2020-09-18 07:00:00,11.24,11.24,11.08,11.14,287060
2020-09-21 07:00:00,11.14,11.18,10.75,10.78,814990
2020-09-22 07:00:00,10.68,11.01,10.61,10.85,783320
2020-09-23 07:00:00,10.85,10.98,10.78,10.81,821140
2020-09-24 07:00:00,10.71,11.01,10.71,10.91,792030
2020-09-25 07:00:00,10.88,10.88,10.71,10.81,710440
2020-09-28 07:00:00,10.81,11.41,10.81,11.41,1286860
2020-09-29 07:00:00,11.41,11.74,11.01,11.14,1278670
2020-09-30 07:00:00,11.14,11.34,10.88,11.28,542720
2020-10-01 07:00:00,11.28,11.54,11.14,11.54,892600
2020-10-02 07:00:00,11.54,11.54,10.81,11.28,825490
2020-10-05 07:00:00,11.41,11.48,11.21,11.28,462520
2020-10-06 07:00:00,11.38,11.38,11.14,11.18,484990
2020-10-07 07:00:00,11.08,11.24,10.98,11.04,425950
2020-10-08 07:00:00,11.14,11.48,11.01,11.38,1425380
2020-10-09 07:00:00,11.34,11.58,11.34,11.34,414690
2020-10-12 07:00:00,11.34,11.34,11.01,11.01,448130
2020-10-13 07:00:00,10.91,11.08,10.75,10.81,532830
2020-10-14 07:00:00,10.81,10.88,10.75,10.78,411740
2020-10-15 07:00:00,10.68,11.01,10.68,10.91,417970
2020-10-16 07:00:00,10.95,11.14,10.75,10.95,734490
2020-10-19 07:00:00,11.08,11.14,10.81,10.95,236810
2020-10-20 07:00:00,10.88,11.11,10.85,11.08,422490
2020-10-21 07:00:00,11.14,11.34,10.95,10.95,510450
2020-10-22 07:00:00,11.01,11.21,11.01,11.11,370410
2020-10-23 07:00:00,11.11,11.34,11.11,11.14,335860
2020-10-26 07:00:00,11.14,11.21,10.81,10.81,416740
2020-10-27 07:00:00,10.81,10.81,10.55,10.55,333120
2020-10-28 07:00:00,10.48,10.48,9.88,9.88,554730
2020-10-29 07:00:00,9.88,10.15,9.62,10.05,415830
2020-10-30 07:00:00,10.08,10.15,9.88,10.05,177940
2020-11-02 07:00:00,10.05,10.58,10.05,10.55,402070
2020-11-03 07:00:00,10.55,10.55,10.35,10.41,169510
2020-11-04 07:00:00,10.45,10.58,10.28,10.45,168400
2020-11-05 07:00:00,10.45,10.58,10.38,10.38,355950
2020-11-06 07:00:00,10.51,10.51,10.31,10.38,144910
2020-11-09 07:00:00,10.45,10.71,10.41,10.71,387910
2020-11-10 07:00:00,10.71,10.81,10.55,10.71,390460
2020-11-11 07:00:00,10.71,10.78,10.65,10.68,197840
2020-11-12 07:00:00,10.65,10.91,10.55,10.78,398870
2020-11-13 07:00:00,10.71,10.88,10.71,10.75,272290
2020-11-16 07:00:00,10.88,10.88,10.55,10.58,350870
2020-11-17 07:00:00,10.68,10.68,10.48,10.58,200220
2020-11-18 07:00:00,10.61,10.65,10.28,10.38,412620
2020-11-19 07:00:00,10.55,10.69,10.42,10.69,450520
2020-11-20 07:00:00,10.83,10.83,10.55,10.55,210590
2020-11-23 07:00:00,10.52,10.52,10.38,10.45,291390
2020-11-24 07:00:00,10.45,10.93,10.45,10.83,1029180
2020-11-25 07:00:00,10.86,10.9,10.62,10.62,215040
2020-11-26 07:00:00,10.55,10.69,10.55,10.59,169030
2020-11-27 07:00:00,10.59,10.83,10.59,10.72,410930
2020-11-30 07:00:00,10.79,10.79,10.66,10.66,233110
2020-12-01 07:00:00,10.45,10.66,10.42,10.62,276240
2020-12-02 07:00:00,10.62,10.69,10.52,10.59,324070
2020-12-03 07:00:00,10.62,10.69,10.59,10.66,298250
2020-12-04 07:00:00,10.66,11.24,10.66,11.03,982830
2020-12-07 07:00:00,11.31,11.31,10.96,11.17,585030
2020-12-08 07:00:00,11.17,11.58,11.03,11.31,818830
2020-12-09 07:00:00,11.31,11.34,11.2,11.24,350920
2020-12-10 07:00:00,11.24,11.24,10.9,10.9,598140
2020-12-11 07:00:00,10.9,10.93,10.72,10.93,430540
2020-12-14 07:00:00,10.96,11.14,10.96,11.07,283950
2020-12-15 07:00:00,11.1,11.51,10.96,11.2,891280
2020-12-16 07:00:00,11.2,11.2,11.1,11.1,341450
2020-12-17 07:00:00,11.1,11.17,11.07,11.14,482140
2020-12-18 07:00:00,11.14,11.34,11.1,11.1,344680
2020-12-21 07:00:00,11.24,11.24,11.0,11.03,603650
2020-12-22 07:00:00,11.07,11.79,10.93,11.68,1478330
2020-12-23 07:00:00,11.92,11.92,11.51,11.51,646990
2020-12-24 07:00:00,11.51,11.55,10.72,11.2,469180
2020-12-25 07:00:00,11.03,11.48,10.96,11.37,673100
2020-12-28 07:00:00,11.44,11.44,11.24,11.27,703820
2020-12-29 07:00:00,11.24,11.55,11.17,11.34,730260
2020-12-30 07:00:00,11.44,11.79,11.34,11.55,1158630
2020-12-31 07:00:00,11.58,11.96,11.58,11.96,918180
2021-01-04 07:00:00,12.2,12.23,11.96,11.99,699800
2021-01-05 07:00:00,11.99,12.16,11.72,12.03,617400
2021-01-06 07:00:00,12.06,12.09,11.82,11.99,782000
2021-01-07 07:00:00,12.06,12.16,11.41,12.06,740800
2021-01-08 07:00:00,12.4,12.54,12.06,12.27,659500
2021-01-11 07:00:00,12.47,12.47,12.23,12.3,406100
2021-01-12 07:00:00,12.33,12.33,11.96,12.13,363100
2021-01-13 07:00:00,12.13,12.27,11.99,12.03,533300
2021-01-14 07:00:00,11.92,12.06,11.89,12.03,323100
2021-01-15 07:00:00,12.2,12.2,11.92,12.03,395300
2021-01-18 07:00:00,11.99,12.75,11.96,12.3,564200
2021-01-19 07:00:00,12.47,12.47,11.44,11.79,682500
2021-01-20 07:00:00,11.79,11.79,11.14,11.44,408700
2021-01-21 07:00:00,11.65,11.92,11.51,11.85,332900
2021-01-22 07:00:00,11.85,11.89,11.44,11.82,308900
2021-01-25 07:00:00,11.58,11.99,11.58,11.79,316900
2021-01-26 07:00:00,11.79,11.79,11.0,11.41,308000
2021-01-27 07:00:00,10.96,11.51,10.96,11.27,468700
2021-01-28 07:00:00,10.96,10.96,10.48,10.48,417400
2021-01-29 07:00:00,10.48,10.83,10.35,10.62,219200
2021-02-01 07:00:00,10.83,10.96,9.9,10.07,261700
2021-02-02 07:00:00,10.07,10.59,9.83,10.59,711200
2021-02-03 07:00:00,10.76,11.03,10.38,11.03,264900
2021-02-04 07:00:00,11.03,11.14,10.83,10.96,157200
2021-02-05 07:00:00,10.83,11.17,10.76,11.17,667400
2021-02-08 07:00:00,11.17,11.27,10.79,10.79,225200
2021-02-09 07:00:00,10.79,11.07,10.79,10.96,303300
2021-02-17 07:00:00,10.96,11.31,10.96,11.31,125400
2021-02-18 07:00:00,11.31,11.85,11.24,11.75,284100
2021-02-19 07:00:00,11.65,12.09,11.48,12.06,547900
2021-02-22 07:00:00,12.06,12.44,12.06,12.16,1000000
2021-02-23 07:00:00,12.16,12.37,12.09,12.3,344800
2021-02-24 07:00:00,12.3,12.37,11.79,11.92,270100
2021-02-25 07:00:00,11.92,12.06,11.85,12.06,154400
2021-02-26 07:00:00,11.92,12.16,11.79,12.16,185600
2021-03-01 07:00:00,12.2,12.99,12.2,12.95,1080300
2021-03-02 07:00:00,13.16,13.7,13.16,13.64,585900
2021-03-03 07:00:00,13.64,14.05,13.43,13.91,450300
2021-03-04 07:00:00,13.98,14.25,13.64,13.64,941800
2021-03-05 07:00:00,13.7,13.84,13.19,13.77,379100
2021-03-08 07:00:00,13.77,14.32,13.7,14.12,460300
2021-03-09 07:00:00,13.98,14.12,13.57,13.77,410800
2021-03-10 07:00:00,14.73,14.73,14.39,14.73,906900
2021-03-11 07:00:00,15.76,15.76,15.14,15.42,660700
2021-03-12 07:00:00,16.03,16.03,15.28,15.28,532600
2021-03-15 07:00:00,15.08,15.14,14.73,15.01,1085300
2021-03-16 07:00:00,15.01,15.42,14.87,15.01,301100
2021-03-17 07:00:00,14.87,15.69,14.87,15.52,434900
2021-03-18 07:00:00,15.76,15.76,15.52,15.52,283800
2021-03-19 07:00:00,15.42,15.52,15.01,15.28,275500
2021-03-22 07:00:00,15.31,15.31,14.87,14.94,309100
2021-03-23 07:00:00,14.87,15.35,14.8,14.9,240300
2021-03-24 07:00:00,14.73,14.9,14.39,14.6,289500
2021-03-25 07:00:00,14.66,14.87,14.25,14.66,170600
2021-03-26 07:00:00,14.39,14.73,13.98,14.6,232700
2021-03-29 07:00:00,14.8,14.8,14.53,14.7,238600
2021-03-30 07:00:00,14.94,14.94,14.63,14.7,259600
2021-03-31 07:00:00,14.66,15.08,14.66,15.08,395000
2021-04-01 07:00:00,15.08,15.45,14.97,15.31,474200
2021-04-02 07:00:00,15.45,15.9,15.28,15.9,703900
2021-04-05 07:00:00,15.93,15.97,15.35,15.45,649200
2021-04-06 07:00:00,15.28,15.55,15.28,15.38,337300
2021-04-07 07:00:00,15.35,15.42,15.21,15.31,142300
2021-04-08 07:00:00,15.28,15.42,14.94,15.14,233000
2021-04-09 07:00:00,15.14,15.35,15.08,15.21,107700
2021-04-12 07:00:00,15.11,15.69,15.11,15.69,470500
2021-04-13 07:00:00,15.69,15.69,15.21,15.28,259000
2021-04-14 07:00:00,15.28,15.42,15.08,15.38,188100
2021-04-15 07:00:00,15.14,15.38,14.94,15.21,265100
2021-04-16 07:00:00,15.14,15.28,14.73,14.8,202700
2021-04-19 07:00:00,14.73,14.8,14.12,14.66,123100
2021-04-20 07:00:00,14.66,15.35,14.66,15.35,194600
2021-04-22 07:00:00,15.28,15.28,14.8,14.8,77500
2021-04-23 07:00:00,14.39,15.01,14.18,14.87,89100
2021-04-26 07:00:00,14.9,14.9,14.25,14.25,103500
2021-04-27 07:00:00,14.25,14.49,13.84,14.39,90500
2021-04-28 07:00:00,14.18,15.38,14.18,15.35,271300
2021-04-29 07:00:00,15.35,15.62,15.08,15.08,207100
2021-05-04 07:00:00,14.32,14.94,14.32,14.6,145500
2021-05-05 07:00:00,14.6,14.9,14.6,14.87,260100
2021-05-06 07:00:00,14.87,14.94,14.6,14.6,172800
2021-05-07 07:00:00,14.12,14.6,14.12,14.32,168000
2021-05-10 07:00:00,14.18,14.29,14.05,14.22,109300
2021-05-11 07:00:00,14.18,14.73,14.18,14.66,180500
2021-05-12 07:00:00,14.53,15.42,14.53,15.21,262800
2021-05-13 07:00:00,15.21,15.55,15.14,15.49,387100
2021-05-14 07:00:00,15.9,16.55,15.73,16.55,1564500
2021-05-17 07:00:00,16.93,17.47,16.86,17.1,391700
2021-05-18 07:00:00,16.93,16.99,16.45,16.45,253600
2021-05-19 07:00:00,16.24,17.13,15.42,16.79,648200
2021-05-20 07:00:00,16.79,16.93,16.38,16.79,351900
2021-05-21 07:00:00,16.99,17.82,16.86,17.68,1004400
2021-05-24 07:00:00,17.82,18.4,17.75,18.02,536100
2021-05-25 07:00:00,17.95,18.36,17.27,18.33,489300
2021-05-26 07:00:00,18.23,18.78,17.82,18.5,703500
2021-05-27 07:00:00,18.57,18.57,17.51,17.54,343000
2021-05-28 07:00:00,17.54,17.78,17.27,17.61,455700
2021-05-31 07:00:00,17.61,17.61,17.27,17.44,221500
2021-06-01 07:00:00,17.13,17.54,17.13,17.34,275900
2021-06-02 07:00:00,17.2,18.3,17.13,18.3,293700
2021-06-03 07:00:00,18.5,19.32,18.36,18.95,432900
2021-06-04 07:00:00,18.98,19.32,18.95,19.12,362800
2021-06-07 07:00:00,19.12,19.19,17.82,18.36,204200
2021-06-08 07:00:00,18.36,18.98,17.92,18.16,289600
2021-06-09 07:00:00,17.88,18.43,17.88,18.26,159500
2021-06-10 07:00:00,18.26,19.19,18.23,19.19,490400
2021-06-11 07:00:00,19.73,19.84,18.91,19.05,246500
2021-06-14 07:00:00,19.53,19.53,19.05,19.19,198800
2021-06-15 07:00:00,19.05,19.46,18.98,19.19,366000
2021-06-16 07:00:00,18.98,19.53,18.91,19.26,377500
2021-06-17 07:00:00,20.27,20.27,19.44,19.73,216500
2021-06-18 07:00:00,19.69,20.63,19.69,20.27,317500
2021-06-21 07:00:00,20.27,20.85,20.27,20.41,366700
2021-06-22 07:00:00,20.41,20.45,19.69,20.12,260500
2021-06-23 07:00:00,19.83,20.85,19.69,20.59,634400
2021-06-24 07:00:00,20.59,20.59,20.2,20.45,144100
2021-06-25 07:00:00,19.98,20.34,19.98,20.27,82800
2021-06-28 07:00:00,20.27,20.49,19.98,20.38,219700
2021-06-29 07:00:00,20.41,20.85,20.41,20.41,518200
2021-06-30 07:00:00,20.41,21.57,20.3,20.78,367100
2021-07-01 07:00:00,20.99,20.99,20.41,20.74,225900
2021-07-02 07:00:00,20.85,21.32,20.52,20.78,525900
2021-07-05 07:00:00,20.34,20.7,19.91,19.91,414100
2021-07-06 07:00:00,19.69,19.76,18.89,19.04,467900
2021-07-07 07:00:00,18.97,19.4,18.1,19.04,157800
2021-07-08 07:00:00,19.18,19.18,18.46,19.04,107700
2021-07-09 07:00:00,18.17,18.82,17.73,17.95,174500
2021-07-12 07:00:00,17.99,18.24,16.87,17.88,244200
2021-07-13 07:00:00,17.88,18.82,17.88,18.68,77400
2021-07-14 07:00:00,18.31,18.6,17.88,18.17,29500
2021-07-15 07:00:00,17.73,18.46,17.73,18.42,49800
2021-07-16 07:00:00,18.42,18.97,18.42,18.82,93200
2021-07-19 07:00:00,18.53,18.53,18.1,18.1,110600
2021-07-20 07:00:00,18.31,18.93,18.1,18.93,77500
2021-07-21 07:00:00,18.97,19.26,18.75,18.93,97400
2021-07-22 07:00:00,18.97,19.26,18.97,19.26,84400
2021-07-23 07:00:00,19.26,20.02,19.26,19.83,214700
2021-07-26 07:00:00,20.05,20.63,19.91,20.41,243600
2021-07-27 07:00:00,20.99,21.14,20.12,20.27,223200
2021-07-28 07:00:00,19.94,20.49,19.62,19.73,196900
2021-07-29 07:00:00,19.18,20.3,19.18,19.76,169100
2021-07-30 07:00:00,20.41,20.78,19.94,20.38,367500
2021-08-02 07:00:00,20.34,21.79,20.34,21.79,951900
2021-08-03 07:00:00,22.44,22.58,21.9,22.33,524300
2021-08-04 07:00:00,21.93,23.16,21.93,22.66,492700
2021-08-05 07:00:00,22.22,24.21,22.22,24.21,1196000
2021-08-06 07:00:00,24.47,25.77,24.32,25.7,1035200
2021-08-09 07:00:00,25.34,26.78,24.21,26.57,1247100
2021-08-10 07:00:00,26.64,27.15,26.57,26.75,1053900
2021-08-11 07:00:00,26.64,28.52,26.64,28.16,1046000
2021-08-12 07:00:00,28.45,29.68,26.2,26.2,1309600
2021-08-13 07:00:00,25.91,27.87,24.97,27.58,460300
2021-08-16 07:00:00,28.59,28.59,26.67,26.67,404300
2021-08-17 07:00:00,26.42,26.42,25.34,26.2,532000
2021-08-18 07:00:00,25.52,26.02,24.97,24.97,397600
2021-08-19 07:00:00,25.05,25.77,25.05,25.7,183900
2021-08-20 07:00:00,25.99,26.35,25.12,25.99,474100
2021-08-23 07:00:00,25.99,27.07,25.91,26.42,805100
2021-08-24 07:00:00,26.42,26.6,24.61,25.26,223300
2021-08-25 07:00:00,25.34,25.34,23.74,24.29,242000
2021-08-26 07:00:00,23.89,25.91,23.89,24.94,354000
2021-08-27 07:00:00,25.05,25.91,24.25,25.91,304900
2021-08-30 07:00:00,26.2,26.75,25.63,25.99,1338600
2021-08-31 07:00:00,25.99,26.67,25.77,26.35,529700
2021-09-01 07:00:00,26.35,27.62,26.28,27.11,2022800
2021-09-06 07:00:00,27.87,27.87,26.82,26.93,1781200
2021-09-07 07:00:00,26.93,26.93,25.7,25.7,799100
2021-09-08 07:00:00,24.97,25.7,24.61,24.72,794200
2021-09-09 07:00:00,24.61,25.41,24.14,25.26,741200
2021-09-10 07:00:00,25.26,25.34,24.65,24.9,252600
2021-09-13 07:00:00,24.68,24.83,24.18,24.32,567700
2021-09-14 07:00:00,24.11,25.05,24.11,24.32,402500
2021-09-15 07:00:00,24.61,24.61,23.38,23.38,714100
2021-09-16 07:00:00,23.16,23.6,22.48,22.87,767400
2021-09-17 07:00:00,22.8,24.18,22.15,23.92,686400
2021-09-20 07:00:00,24.32,24.83,23.82,23.82,675900
2021-09-21 07:00:00,23.45,23.82,23.16,23.78,285800
2021-09-22 07:00:00,24.11,24.18,23.6,23.89,297500
2021-09-23 07:00:00,23.89,24.21,23.74,23.74,674600
2021-09-24 07:00:00,23.31,23.71,22.95,23.06,243400
2021-09-27 07:00:00,23.06,23.09,22.08,22.08,421600
2021-09-28 07:00:00,21.72,22.44,21.35,22.3,358800
2021-09-29 07:00:00,22.3,23.85,21.72,23.85,798900
2021-09-30 07:00:00,24.25,25.23,23.89,24.79,821300
2021-10-01 07:00:00,24.54,26.42,24.32,26.06,1538900
2021-10-04 07:00:00,26.17,26.78,25.7,26.06,924900
2021-10-05 07:00:00,25.73,26.35,25.55,25.77,546100
2021-10-06 07:00:00,25.41,26.06,25.23,25.34,957100
2021-10-07 07:00:00,25.37,26.06,25.19,25.26,703800
2021-10-08 07:00:00,25.7,25.7,24.76,24.76,644500
2021-10-11 07:00:00,25.01,25.48,24.61,25.19,402400
2021-10-12 07:00:00,25.34,25.7,25.15,25.15,525700
2021-10-13 07:00:00,25.19,26.78,24.76,26.35,1077000
2021-10-14 07:00:00,26.35,27.36,26.24,26.57,860300
2021-10-15 07:00:00,26.6,26.96,26.06,26.24,647300
2021-10-18 07:00:00,26.28,26.49,25.41,25.55,1056600
2021-10-19 07:00:00,25.55,26.6,25.41,26.49,883100
2021-10-20 07:00:00,26.78,27.07,26.49,26.64,836400
2021-10-21 07:00:00,26.93,27.43,26.49,27.22,696300
2021-10-22 07:00:00,27.47,27.72,27.15,27.43,642200
2021-10-25 07:00:00,27.43,27.47,25.84,25.91,951000
2021-10-26 07:00:00,25.91,26.49,25.34,26.49,490000
2021-10-27 07:00:00,26.42,26.93,25.99,26.24,378300
2021-10-28 07:00:00,26.64,27.36,26.46,26.96,882100
2021-10-29 07:00:00,26.67,26.78,26.2,26.35,1021400
2021-11-01 07:00:00,26.35,26.78,26.02,26.13,561500
2021-11-02 07:00:00,25.99,26.06,25.34,25.55,1194500
2021-11-03 07:00:00,25.55,25.73,23.89,24.03,841200
2021-11-04 07:00:00,24.39,24.39,23.89,24.39,469700
2021-11-05 07:00:00,24.39,26.1,24.39,26.1,875000
2021-11-08 07:00:00,26.42,26.71,25.99,26.06,1148800
2021-11-09 07:00:00,26.06,26.67,25.84,26.1,451800
2021-11-10 07:00:00,26.2,27.15,26.2,26.67,1945800
2021-11-11 07:00:00,27.11,27.4,26.06,26.75,856800
2021-11-12 07:00:00,26.75,26.86,26.35,26.86,645500
2021-11-15 07:00:00,27.36,28.7,27.36,28.7,2514900
2021-11-16 07:00:00,29.32,30.4,28.81,29.9,1235500
2021-11-17 07:00:00,29.82,29.82,29.03,29.03,722700
2021-11-18 07:00:00,29.03,30.4,28.67,29.24,1428600
2021-11-19 07:00:00,28.95,28.95,27.22,27.22,1735200
2021-11-22 07:00:00,27.15,27.22,25.7,25.7,848200
2021-11-23 07:00:00,24.61,26.78,24.61,26.57,574800
2021-11-24 07:00:00,26.67,27.15,25.7,26.02,574800
2021-11-25 07:00:00,26.67,26.67,25.34,25.99,554800
2021-11-26 07:00:00,25.99,26.78,25.81,26.13,601000
2021-11-29 07:00:00,25.12,26.28,25.12,26.17,360400
2021-11-30 07:00:00,26.2,27.15,26.2,26.57,751000
2021-12-01 07:00:00,26.57,27.83,26.57,27.4,1075100
2021-12-02 07:00:00,27.87,27.87,27.47,27.51,694100
2021-12-03 07:00:00,27.72,27.72,25.77,26.06,513000
2021-12-06 07:00:00,25.48,26.02,24.25,24.25,699100
2021-12-07 07:00:00,24.83,25.05,24.11,25.05,404800
2021-12-08 07:00:00,25.26,25.26,24.47,24.94,176900
2021-12-09 07:00:00,24.94,25.34,24.83,25.12,179300
2021-12-10 07:00:00,25.12,25.77,25.12,25.44,207700
2021-12-13 07:00:00,25.55,25.99,25.55,25.66,240400
2021-12-14 07:00:00,25.7,26.42,24.97,26.06,444700
2021-12-15 07:00:00,26.06,26.57,26.06,26.13,425000
2021-12-16 07:00:00,26.13,26.17,25.73,25.91,204700
2021-12-17 07:00:00,25.7,26.42,25.34,25.77,391200
2021-12-20 07:00:00,25.7,26.02,25.34,25.37,284500
2021-12-21 07:00:00,25.41,26.93,25.41,26.2,564300
2021-12-22 07:00:00,27.15,27.15,25.55,25.55,309600
2021-12-23 07:00:00,25.55,25.88,24.11,24.94,364200
2021-12-24 07:00:00,24.76,25.12,24.47,24.5,393300
2021-12-27 07:00:00,24.54,25.01,24.32,24.61,209300
2021-12-28 07:00:00,24.65,24.72,24.29,24.32,290400
2021-12-29 07:00:00,24.32,24.58,23.82,23.89,514200
2021-12-30 07:00:00,23.96,24.0,22.87,23.31,585500
2021-12-31 07:00:00,23.82,23.89,23.45,23.67,199800
2022-01-04 07:00:00,23.74,24.54,23.74,24.21,189500
2022-01-05 07:00:00,24.54,24.61,24.07,24.18,330200
2022-01-06 07:00:00,23.71,24.18,23.71,23.74,290400
2022-01-07 07:00:00,23.53,23.74,23.24,23.24,349000
2022-01-10 07:00:00,23.24,23.27,21.86,22.22,635000
2022-01-11 07:00:00,22.15,22.37,21.72,21.75,261700
2022-01-12 07:00:00,21.14,22.44,20.99,22.08,219900
2022-01-13 07:00:00,22.3,22.3,21.5,21.57,168500
2022-01-14 07:00:00,21.35,21.5,20.99,20.99,156600
2022-01-17 07:00:00,20.99,21.03,19.54,19.54,349600
2022-01-18 07:00:00,19.47,19.47,18.21,19.33,351100
2022-01-19 07:00:00,20.59,20.59,19.62,19.91,172300
2022-01-20 07:00:00,19.94,20.45,19.54,20.34,85100
2022-01-21 07:00:00,20.34,20.34,19.76,19.83,92000
2022-01-24 07:00:00,19.83,19.83,18.49,18.6,130700
2022-01-25 07:00:00,18.64,19.04,18.1,18.89,131900
2022-01-26 07:00:00,18.89,19.65,18.89,19.4,253700
2022-01-27 07:00:00,19.76,20.12,19.51,20.02,140400
2022-01-28 07:00:00,20.05,20.12,19.58,19.58,74200
2022-02-07 07:00:00,20.27,20.63,20.16,20.56,167200
2022-02-08 07:00:00,20.56,21.32,20.49,21.1,204200
2022-02-09 07:00:00,21.35,21.72,21.14,21.54,151300
2022-02-10 07:00:00,21.57,22.15,21.35,22.01,276800
2022-02-11 07:00:00,22.01,22.55,22.01,22.3,310000
2022-02-14 07:00:00,21.43,22.19,21.43,22.04,144600
2022-02-15 07:00:00,22.01,22.8,21.43,22.26,136400
2022-02-16 07:00:00,22.26,22.58,21.97,22.48,130300
2022-02-17 07:00:00,22.08,22.58,21.9,22.44,116500
2022-02-18 07:00:00,21.93,22.51,21.93,22.37,152700
2022-02-21 07:00:00,22.37,22.44,22.19,22.37,169300
2022-02-22 07:00:00,22.37,22.37,21.9,22.01,116900
2022-02-23 07:00:00,21.97,22.55,21.97,22.51,342400
2022-02-24 07:00:00,22.77,23.89,22.44,23.74,941700
2022-02-25 07:00:00,24.25,24.76,24.03,24.36,441500
2022-02-28 07:00:00,24.32,25.7,24.32,25.19,903500
2022-03-01 07:00:00,25.63,25.66,24.25,24.25,655000
2022-03-02 07:00:00,24.39,25.26,24.36,24.97,513500
2022-03-03 07:00:00,25.01,25.7,25.01,25.48,678600
2022-03-04 07:00:00,25.41,25.81,24.76,25.41,563300
2022-03-07 07:00:00,26.42,27.18,26.02,27.18,1506500
2022-03-08 07:00:00,27.94,28.59,26.42,26.42,942300
2022-03-09 07:00:00,27.04,28.27,26.67,28.27,1247000
2022-03-10 07:00:00,27.87,29.1,27.0,28.45,926000
2022-03-11 07:00:00,29.24,30.4,28.95,30.33,1972500
2022-03-14 07:00:00,30.33,31.85,28.23,28.23,1503600
2022-03-15 07:00:00,28.23,28.88,27.51,28.67,841600
2022-03-16 07:00:00,29.03,30.33,28.67,28.74,728600
2022-03-17 07:00:00,28.81,28.95,26.75,26.78,1653200
2022-03-18 07:00:00,26.89,27.87,26.2,27.87,755500
2022-03-21 07:00:00,28.23,28.45,26.06,27.51,428000
2022-03-22 07:00:00,27.8,28.81,27.04,28.23,969700
2022-03-23 07:00:00,28.45,30.19,28.45,30.19,2072600
2022-03-24 07:00:00,31.49,31.6,30.48,30.98,1175800
2022-03-25 07:00:00,30.4,32.94,30.26,32.57,1733700
2022-03-28 07:00:00,31.52,34.6,31.52,34.31,1642800
2022-03-29 07:00:00,34.31,35.18,33.37,34.46,1032300
2022-03-30 07:00:00,34.46,34.46,32.07,32.07,1650800
2022-03-31 07:00:00,32.57,32.79,31.56,32.21,743700
2022-04-01 07:00:00,32.14,33.62,31.85,33.59,715700
2022-04-04 07:00:00,33.59,33.59,31.27,31.27,1402300
2022-04-05 07:00:00,30.55,31.85,30.55,31.27,525900
2022-04-06 07:00:00,30.55,31.71,29.1,29.1,980500
2022-04-07 07:00:00,29.68,30.04,27.87,29.97,730900
2022-04-08 07:00:00,29.97,30.0,27.94,27.94,347000
2022-04-12 07:00:00,28.59,29.32,27.58,28.74,550500
2022-04-13 07:00:00,28.59,29.5,27.51,29.32,573900
2022-04-14 07:00:00,28.59,31.13,28.59,30.48,814100
2022-04-15 07:00:00,30.4,30.91,28.88,29.61,476100
2022-04-18 07:00:00,28.95,30.4,28.67,29.75,690300
2022-04-19 07:00:00,30.19,31.78,29.61,30.33,948000
2022-04-20 07:00:00,30.19,30.33,28.23,28.23,458100
2022-04-21 07:00:00,26.86,29.17,26.28,28.23,789800
2022-04-22 07:00:00,28.77,28.77,26.28,26.28,778100
2022-04-25 07:00:00,24.47,25.05,24.47,24.47,390000
2022-04-26 07:00:00,22.77,24.18,22.77,24.18,1296600
2022-04-27 07:00:00,24.18,24.18,22.51,23.16,714700
2022-04-28 07:00:00,23.16,24.25,22.73,23.53,1342500
2022-04-29 07:00:00,23.71,24.76,23.71,24.54,765200
2022-05-04 07:00:00,24.54,24.54,22.84,22.84,853500
2022-05-05 07:00:00,22.84,23.53,21.25,21.25,717400
2022-05-06 07:00:00,20.27,20.99,19.76,19.76,1659900
2022-05-09 07:00:00,19.04,19.69,18.39,18.39,1155600
2022-05-10 07:00:00,17.37,19.54,17.37,19.54,710200
2022-05-11 07:00:00,19.76,19.91,19.47,19.69,398100
2022-05-12 07:00:00,19.11,19.51,18.31,18.31,506900
2022-05-13 07:00:00,18.1,18.17,17.05,17.05,591900
2022-05-16 07:00:00,18.06,18.1,16.0,17.34,491300
2022-05-17 07:00:00,16.32,18.53,16.32,18.53,530400
2022-05-18 07:00:00,18.82,19.62,18.57,19.26,670300
2022-05-19 07:00:00,18.75,19.73,18.13,19.54,515700
2022-05-20 07:00:00,19.62,20.23,19.29,20.05,697000
2022-05-23 07:00:00,20.2,20.2,19.18,19.54,791200
2022-05-24 07:00:00,18.86,19.76,18.86,19.54,560100
2022-05-25 07:00:00,19.36,20.7,19.36,20.7,523400
2022-05-26 07:00:00,20.99,21.14,20.34,20.59,473000
2022-05-27 07:00:00,20.52,20.85,20.27,20.85,424500
2022-05-30 07:00:00,21.35,22.3,21.35,21.54,851500
2022-05-31 07:00:00,21.57,23.02,21.1,22.44,1250700
2022-06-01 07:00:00,22.77,23.42,21.82,22.8,697600
2022-06-02 07:00:00,22.87,23.16,22.4,22.4,457600
2022-06-03 07:00:00,22.48,23.27,22.37,23.02,769800
2022-06-06 07:00:00,23.16,24.58,22.73,24.25,969800
2022-06-07 07:00:00,23.89,24.61,22.98,24.18,666200
2022-06-08 07:00:00,24.76,24.76,23.67,24.03,538300
2022-06-09 07:00:00,23.89,23.89,23.31,23.38,645700
2022-06-10 07:00:00,22.58,23.45,22.04,22.04,693700
2022-06-13 07:00:00,20.52,21.35,20.52,20.52,811900
2022-06-14 07:00:00,19.54,21.28,19.54,21.28,565400
2022-06-15 07:00:00,21.5,21.54,20.41,21.21,314000
2022-06-16 07:00:00,21.35,22.01,20.99,22.01,516700
2022-06-17 07:00:00,20.92,21.62,20.49,20.92,492900
2022-06-20 07:00:00,20.92,20.92,19.49,19.49,465600
2022-06-21 07:00:00,18.64,18.98,18.13,18.13,457900
2022-06-22 07:00:00,18.13,18.44,16.89,16.89,696200
2022-06-23 07:00:00,16.27,17.09,15.88,17.05,481700
2022-06-24 07:00:00,17.82,17.94,17.43,17.94,234000
2022-06-27 07:00:00,18.36,18.4,16.85,17.12,527200
2022-06-28 07:00:00,16.7,17.59,16.27,16.74,583300
2022-06-29 07:00:00,16.74,17.9,16.74,17.9,512500
2022-06-30 07:00:00,18.52,18.52,17.9,17.9,402400
2022-07-01 07:00:00,17.51,17.86,17.05,17.74,355900
2022-07-04 07:00:00,17.9,18.05,17.67,17.78,271800
2022-07-05 07:00:00,17.74,17.98,17.28,17.67,380800
2022-07-06 07:00:00,17.12,17.67,16.5,16.5,294700
2022-07-07 07:00:00,17.2,17.2,16.27,16.81,178000
2022-07-08 07:00:00,16.89,17.59,16.89,17.28,182300
2022-07-11 07:00:00,17.28,17.74,16.81,17.28,186000
2022-07-12 07:00:00,17.4,17.74,17.05,17.71,149400
2022-07-13 07:00:00,17.9,18.21,17.71,17.74,250300
2022-07-14 07:00:00,17.71,18.83,17.55,18.6,317800
2022-07-15 07:00:00,18.6,18.87,18.6,18.6,295100
2022-07-18 07:00:00,18.67,18.67,17.82,18.21,220200
2022-07-19 07:00:00,18.21,18.21,17.55,17.94,184600
2022-07-20 07:00:00,18.21,18.29,17.94,18.13,168000
2022-07-21 07:00:00,18.21,18.6,17.94,18.44,188700
2022-07-22 07:00:00,18.44,18.56,18.09,18.09,194100
2022-07-25 07:00:00,17.98,18.05,17.43,17.59,178400
2022-07-26 07:00:00,17.43,17.82,17.43,17.55,102900
2022-07-27 07:00:00,17.2,17.74,17.2,17.71,52800
2022-07-28 07:00:00,17.82,18.21,17.82,17.82,178200
2022-07-29 07:00:00,17.82,17.94,17.43,17.43,226000
2022-08-01 07:00:00,17.43,17.71,17.4,17.71,174500
2022-08-02 07:00:00,17.59,18.13,17.59,18.13,280100
2022-08-03 07:00:00,18.17,18.87,18.17,18.83,489300
2022-08-04 07:00:00,18.91,19.14,18.4,18.52,186100
2022-08-05 07:00:00,18.52,18.75,18.29,18.67,149900
2022-08-08 07:00:00,18.87,19.33,18.6,19.18,462400
2022-08-09 07:00:00,19.45,19.56,19.18,19.26,271700
2022-08-10 07:00:00,19.26,19.26,18.87,19.06,208900
2022-08-11 07:00:00,19.22,19.29,18.44,18.67,320700
2022-08-12 07:00:00,18.48,18.75,18.36,18.6,185100
2022-08-15 07:00:00,18.95,18.95,18.6,18.79,231900
2022-08-16 07:00:00,18.75,19.22,18.71,18.98,240600
2022-08-17 07:00:00,18.98,19.22,18.98,18.98,311100
2022-08-18 07:00:00,18.6,19.14,18.6,18.75,172400
2022-08-19 07:00:00,18.75,18.79,18.36,18.36,332000
2022-08-22 07:00:00,17.94,18.33,17.94,17.98,211900
2022-08-23 07:00:00,17.86,18.25,17.82,18.25,158200
2022-08-24 07:00:00,18.56,19.14,18.25,18.75,247600
2022-08-25 07:00:00,19.14,20.03,18.95,20.03,975700
2022-08-26 07:00:00,20.46,20.73,19.76,20.03,403300
2022-08-29 07:00:00,19.56,21.19,19.56,20.92,1186400
2022-08-30 07:00:00,21.31,21.46,20.53,20.65,528300
2022-08-31 07:00:00,20.65,20.69,20.18,20.26,286500
2022-09-05 07:00:00,20.38,20.92,20.07,20.65,341300
2022-09-06 07:00:00,20.46,20.61,19.76,19.76,487900
2022-09-07 07:00:00,19.76,19.95,18.95,18.95,324800
2022-09-08 07:00:00,18.71,19.37,18.44,19.06,400400
2022-09-09 07:00:00,19.06,19.26,18.67,19.22,192900
2022-09-12 07:00:00,19.41,19.6,19.18,19.33,377400
2022-09-13 07:00:00,19.56,19.56,19.18,19.33,165900
2022-09-14 07:00:00,19.02,19.18,18.79,19.18,192700
2022-09-15 07:00:00,19.18,19.91,19.18,19.87,450200
2022-09-16 07:00:00,19.87,19.99,19.02,19.1,189900
2022-09-19 07:00:00,19.1,19.1,17.78,17.78,452200
2022-09-20 07:00:00,18.13,18.29,17.32,18.29,237600
2022-09-21 07:00:00,18.05,18.29,17.05,18.29,291400
2022-09-22 07:00:00,18.09,18.64,18.05,18.6,169400
2022-09-23 07:00:00,18.6,18.64,18.4,18.44,144500
2022-09-26 07:00:00,17.86,18.36,17.32,17.63,163000
2022-09-27 07:00:00,17.43,17.86,17.43,17.59,67800
2022-09-28 07:00:00,17.43,17.74,17.43,17.63,141900
2022-09-29 07:00:00,17.82,17.94,17.43,17.63,100400
2022-09-30 07:00:00,17.24,17.9,17.24,17.9,221000
2022-10-03 07:00:00,17.71,17.71,16.66,16.66,172500
2022-10-04 07:00:00,17.32,17.32,15.65,15.65,190400
2022-10-05 07:00:00,15.88,16.23,15.81,16.19,155700
2022-10-06 07:00:00,16.08,16.19,15.11,15.11,243500
2022-10-07 07:00:00,14.92,15.11,14.06,14.06,426400
2022-10-10 07:00:00,13.25,14.49,13.25,14.37,398500
2022-10-11 07:00:00,14.68,14.68,13.64,13.83,251200
2022-10-12 07:00:00,13.87,14.41,13.83,14.26,192100
2022-10-13 07:00:00,14.33,14.33,13.75,14.06,212900
2022-10-14 07:00:00,14.22,14.57,14.22,14.41,231400
2022-10-17 07:00:00,14.26,14.41,13.71,13.99,382400
2022-10-18 07:00:00,14.41,14.45,13.99,13.99,238200
2022-10-19 07:00:00,14.1,14.33,14.02,14.33,170400
2022-10-20 07:00:00,14.33,14.41,13.95,14.06,118500
2022-10-21 07:00:00,14.1,14.1,13.21,13.21,262500
2022-10-24 07:00:00,13.17,13.48,12.36,12.48,276200
2022-10-25 07:00:00,12.48,13.21,12.17,12.75,221500
2022-10-26 07:00:00,12.51,12.94,12.4,12.63,65900
2022-10-27 07:00:00,12.48,13.48,12.48,13.48,201200
2022-10-28 07:00:00,13.48,13.91,13.48,13.64,139400
2022-10-31 07:00:00,13.64,13.79,12.71,13.25,153600
2022-11-01 07:00:00,13.4,13.4,13.13,13.17,67200
2022-11-02 07:00:00,13.17,13.4,12.86,12.86,82800
2022-11-03 07:00:00,12.86,13.25,12.55,13.17,261800
2022-11-04 07:00:00,12.94,13.37,12.71,13.02,144500
2022-11-07 07:00:00,13.17,13.17,12.51,13.02,85600
2022-11-08 07:00:00,12.51,13.06,12.51,13.02,69200
2022-11-09 07:00:00,13.21,13.21,12.86,12.98,82200
2022-11-10 07:00:00,12.48,12.9,12.09,12.09,304200
2022-11-11 07:00:00,12.36,12.4,11.86,12.09,154100
2022-11-14 07:00:00,12.17,12.17,11.27,11.7,259400
2022-11-15 07:00:00,10.93,10.96,10.89,10.89,131200
2022-11-16 07:00:00,10.23,11.62,10.15,11.58,178900
2022-11-17 07:00:00,12.01,12.01,11.62,11.93,84000
2022-11-18 07:00:00,11.27,12.13,11.27,11.93,63100
2022-11-21 07:00:00,11.93,12.24,11.93,12.01,60300
2022-11-22 07:00:00,12.01,12.55,12.01,12.24,110500
2022-11-23 07:00:00,12.24,12.32,12.13,12.2,41300
2022-11-24 07:00:00,11.86,12.24,11.86,12.2,57900
2022-11-25 07:00:00,12.09,12.4,12.09,12.4,58300
2022-11-28 07:00:00,12.4,13.02,12.4,12.98,127100
2022-11-29 07:00:00,13.25,13.4,12.59,13.17,111000
2022-11-30 07:00:00,13.17,13.64,13.17,13.64,196100
2022-12-01 07:00:00,14.02,14.02,13.33,13.64,204500
2022-12-02 07:00:00,13.21,13.75,13.21,13.75,89400
2022-12-05 07:00:00,14.06,14.1,13.87,13.99,174700
2022-12-06 07:00:00,13.95,14.95,13.56,14.95,431100
2022-12-07 07:00:00,14.72,15.11,14.26,14.57,90700
2022-12-08 07:00:00,14.8,14.92,14.33,14.84,177400
2022-12-09 07:00:00,14.64,14.72,14.64,14.68,125100
2022-12-12 07:00:00,14.68,15.07,14.68,14.72,122500
2022-12-13 07:00:00,14.84,14.88,14.18,14.3,146700
2022-12-14 07:00:00,14.88,14.88,14.3,14.57,57900
2022-12-15 07:00:00,14.64,14.64,14.26,14.45,59400
2022-12-16 07:00:00,14.22,14.57,13.99,14.33,119200
2022-12-19 07:00:00,14.41,14.64,14.41,14.53,87000
2022-12-20 07:00:00,14.41,14.49,13.71,14.26,185600
2022-12-21 07:00:00,14.02,14.18,13.64,13.79,48400
2022-12-22 07:00:00,13.79,14.02,13.64,13.87,51700
2022-12-23 07:00:00,13.68,13.95,13.6,13.6,34100
2022-12-26 07:00:00,13.71,13.71,13.02,13.09,33200
2022-12-27 07:00:00,13.44,13.44,12.71,12.79,203500
2022-12-28 07:00:00,13.13,13.17,12.9,13.17,11500
2022-12-29 07:00:00,13.17,13.29,13.06,13.06,22500
2022-12-30 07:00:00,13.17,13.17,12.94,12.98,37900
2023-01-03 07:00:00,13.25,13.83,13.17,13.79,63300
2023-01-04 07:00:00,13.79,14.22,13.6,13.75,122700
2023-01-05 07:00:00,13.91,13.95,13.37,13.64,74300
2023-01-06 07:00:00,13.75,13.79,13.44,13.56,26100
2023-01-09 07:00:00,13.4,13.56,13.33,13.37,72100
2023-01-10 07:00:00,13.37,13.52,13.37,13.48,24200
2023-01-11 07:00:00,13.64,14.02,13.33,13.64,122000
2023-01-12 07:00:00,13.79,13.79,13.33,13.56,44300
2023-01-13 07:00:00,13.56,13.64,13.25,13.4,115900
2023-01-16 07:00:00,13.48,13.56,13.33,13.56,54900
2023-01-17 07:00:00,13.68,13.68,13.44,13.56,109500
2023-01-18 07:00:00,13.76,13.76,13.6,13.76,89200
2023-01-19 07:00:00,13.88,14.0,13.88,13.92,95300
2023-01-27 07:00:00,14.28,14.28,14.04,14.28,56000
2023-01-30 07:00:00,14.28,14.44,14.16,14.28,113400
2023-01-31 07:00:00,14.08,14.6,14.0,14.28,283500
2023-02-01 07:00:00,14.36,14.52,13.96,13.96,107200
2023-02-02 07:00:00,13.96,13.96,13.08,13.44,100600
2023-02-03 07:00:00,13.44,13.64,13.36,13.48,64700
2023-02-06 07:00:00,13.48,13.6,13.4,13.52,35800
2023-02-07 07:00:00,13.4,13.64,13.28,13.28,46200
2023-02-08 07:00:00,13.08,13.44,13.0,13.36,21100
2023-02-09 07:00:00,13.44,13.68,13.4,13.64,36600
2023-02-10 07:00:00,13.72,13.76,13.44,13.64,10400
2023-02-13 07:00:00,13.64,13.64,13.0,13.0,76200
2023-02-14 07:00:00,13.04,13.28,13.04,13.28,16700
2023-02-15 07:00:00,13.32,13.56,13.32,13.56,12300
2023-02-16 07:00:00,13.64,13.64,13.28,13.6,37700
2023-02-17 07:00:00,13.72,13.96,13.72,13.92,334700
2023-02-20 07:00:00,14.0,14.04,13.8,14.04,66100
2023-02-21 07:00:00,13.96,14.12,13.72,13.84,73100
2023-02-22 07:00:00,13.8,13.8,13.52,13.56,58100
2023-02-23 07:00:00,13.36,13.56,13.32,13.56,40600
2023-02-24 07:00:00,13.56,13.56,13.24,13.24,60400
2023-02-27 07:00:00,13.0,13.16,12.96,12.96,40800
2023-02-28 07:00:00,12.92,13.12,12.92,13.0,68800
2023-03-01 07:00:00,13.0,13.28,13.0,13.24,17300
2023-03-02 07:00:00,13.24,13.4,12.96,13.32,27800
2023-03-03 07:00:00,13.32,13.48,13.08,13.4,26500
2023-03-06 07:00:00,13.56,13.56,13.28,13.4,16600
2023-03-07 07:00:00,13.48,13.56,12.92,12.92,179300
2023-03-08 07:00:00,12.96,13.16,12.96,13.12,8600
2023-03-09 07:00:00,13.16,13.28,13.12,13.12,19600
2023-03-10 07:00:00,13.2,13.24,13.12,13.16,30300
2023-03-13 07:00:00,13.0,13.2,13.0,13.2,23100
2023-03-14 07:00:00,13.2,13.2,12.88,13.08,20500
2023-03-15 07:00:00,13.12,13.4,13.12,13.28,158500
2023-03-16 07:00:00,13.08,13.2,13.08,13.2,15000
2023-03-17 07:00:00,13.08,13.16,13.0,13.12,34600
2023-03-20 07:00:00,12.96,13.12,12.88,13.08,52900
2023-03-21 07:00:00,13.12,13.24,13.12,13.2,36500
2023-03-22 07:00:00,13.0,13.2,13.0,13.12,8700
2023-03-23 07:00:00,13.12,13.12,13.04,13.12,11100
2023-03-24 07:00:00,13.08,13.12,13.08,13.08,15300
2023-03-27 07:00:00,13.04,13.12,13.0,13.12,27200
2023-03-28 07:00:00,13.24,13.24,13.12,13.16,20800
2023-03-29 07:00:00,13.16,13.16,13.08,13.12,12700
2023-03-30 07:00:00,13.04,13.32,13.04,13.2,71400
2023-03-31 07:00:00,13.28,13.28,13.2,13.2,13300
2023-04-03 07:00:00,13.2,13.32,13.2,13.28,25500
2023-04-04 07:00:00,13.4,13.48,13.24,13.4,62100
2023-04-05 07:00:00,13.44,13.52,13.44,13.52,50500
2023-04-06 07:00:00,13.52,14.04,13.52,13.84,199900
2023-04-07 07:00:00,13.8,13.92,13.64,13.84,84700
2023-04-10 07:00:00,13.72,13.72,13.44,13.48,61800
2023-04-11 07:00:00,13.6,13.64,13.48,13.52,11600
2023-04-12 07:00:00,13.84,13.84,13.56,13.72,31700
2023-04-13 07:00:00,13.72,13.8,13.64,13.76,66300
2023-04-14 07:00:00,13.88,13.88,12.84,12.84,107000
2023-04-17 07:00:00,13.64,13.64,13.04,13.16,33100
2023-04-18 07:00:00,13.16,13.32,13.16,13.16,29800
2023-04-19 07:00:00,13.24,13.36,13.16,13.16,21600
2023-04-20 07:00:00,13.16,13.2,13.16,13.16,28100
2023-04-21 07:00:00,13.12,13.4,13.08,13.12,34900
2023-04-24 07:00:00,13.0,13.32,12.92,13.2,19500
2023-04-25 07:00:00,13.16,13.28,13.04,13.04,23100
2023-04-26 07:00:00,13.04,13.08,12.92,13.08,16800
2023-04-27 07:00:00,13.08,13.2,13.08,13.16,19700
2023-04-28 07:00:00,13.24,13.28,13.16,13.16,30800
2023-05-04 07:00:00,13.04,13.52,12.92,13.4,201500
2023-05-05 07:00:00,13.24,14.28,13.04,14.28,678500
2023-05-08 07:00:00,14.2,14.2,13.84,13.84,112500
2023-05-09 07:00:00,13.84,14.04,13.64,13.64,84700
2023-05-10 07:00:00,13.64,13.88,13.52,13.72,110100
2023-05-11 07:00:00,13.96,14.16,13.76,13.96,191800
2023-05-12 07:00:00,14.12,14.12,13.84,13.92,81700
2023-05-15 07:00:00,14.2,14.4,13.96,13.96,314000
2023-05-16 07:00:00,13.96,14.04,13.92,13.92,71300
2023-05-17 07:00:00,13.96,13.96,13.64,13.72,214200
2023-05-18 07:00:00,13.96,14.0,13.64,13.88,60000
2023-05-19 07:00:00,13.88,14.08,13.72,13.88,91800
2023-05-22 07:00:00,13.92,14.12,13.92,14.04,194300
2023-05-23 07:00:00,14.76,14.76,14.0,14.24,93400
2023-05-24 07:00:00,14.24,14.28,13.72,13.84,143900
2023-05-25 07:00:00,14.12,14.12,13.72,13.76,97400
2023-05-26 07:00:00,13.76,13.76,13.6,13.76,82500
2023-05-29 07:00:00,14.04,14.04,13.76,13.96,79900
2023-05-30 07:00:00,14.12,14.64,14.12,14.32,391200
2023-05-31 07:00:00,14.36,14.6,14.24,14.44,210100
2023-06-01 07:00:00,14.44,14.6,14.36,14.4,165400
2023-06-02 07:00:00,14.6,14.6,14.36,14.52,265900
2023-06-05 07:00:00,14.76,15.24,14.56,15.08,396200
2023-06-06 07:00:00,15.04,15.08,14.92,15.0,106400
2023-06-07 07:00:00,15.0,15.08,14.88,15.0,125000
2023-06-08 07:00:00,15.0,15.08,14.76,14.76,255300
2023-06-09 07:00:00,14.84,14.84,14.6,14.68,189600
2023-06-12 07:00:00,14.68,15.04,14.68,14.96,267500
2023-06-13 07:00:00,15.04,15.12,14.96,15.0,454400
2023-06-14 07:00:00,15.08,15.16,14.92,14.96,298600
2023-06-15 07:00:00,14.96,14.96,14.66,14.75,180800
2023-06-16 07:00:00,14.92,14.92,14.4,14.4,296500
2023-06-19 07:00:00,14.14,14.31,13.84,13.92,605100
2023-06-20 07:00:00,14.23,14.27,13.88,14.1,148200
2023-06-21 07:00:00,14.31,14.31,13.97,14.14,236800
2023-06-22 07:00:00,14.36,14.66,14.18,14.57,303800
2023-06-23 07:00:00,14.49,14.62,14.4,14.49,129700
2023-06-26 07:00:00,14.53,14.62,14.36,14.49,360400
2023-06-27 07:00:00,14.57,14.92,14.44,14.92,1073800
2023-06-28 07:00:00,14.92,15.96,14.92,15.96,1641900
2023-06-29 07:00:00,16.31,16.31,15.48,16.05,621900
2023-06-30 07:00:00,15.96,15.96,15.35,15.57,542700
2023-07-03 07:00:00,16.48,16.53,15.96,16.09,971600
2023-07-04 07:00:00,16.09,16.14,15.61,15.61,330900
2023-07-05 07:00:00,15.61,16.48,15.61,16.44,933400
2023-07-06 07:00:00,16.48,16.53,15.96,16.0,617800
2023-07-07 07:00:00,16.4,16.57,16.05,16.18,603600
2023-07-10 07:00:00,16.4,16.83,16.22,16.74,822200
2023-07-11 07:00:00,16.92,16.96,16.44,16.53,644400
2023-07-12 07:00:00,16.66,16.96,16.53,16.66,396000
2023-07-13 07:00:00,16.79,17.18,16.66,16.96,680700
2023-07-14 07:00:00,17.22,17.22,16.74,16.96,496000
2023-07-17 07:00:00,16.87,16.87,16.53,16.83,443100
2023-07-18 07:00:00,16.83,17.13,16.57,16.57,366900
2023-07-19 07:00:00,16.74,16.74,16.53,16.53,292100
2023-07-20 07:00:00,16.53,16.79,16.48,16.66,256900
2023-07-21 07:00:00,16.66,16.79,16.61,16.7,343400
2023-07-24 07:00:00,16.7,16.83,16.4,16.83,464600
2023-07-25 07:00:00,17.0,17.26,16.74,16.96,565900
2023-07-26 07:00:00,16.96,17.09,16.61,16.66,242800
2023-07-27 07:00:00,16.66,16.83,16.44,16.83,459900
2023-07-28 07:00:00,16.87,17.31,16.83,17.05,539300
2023-07-31 07:00:00,17.61,17.74,17.13,17.61,763300
2023-08-01 07:00:00,17.78,17.91,16.83,16.92,493700
2023-08-02 07:00:00,17.22,17.22,16.7,16.83,280200
2023-08-03 07:00:00,16.87,17.0,16.57,16.66,307000
2023-08-04 07:00:00,16.66,17.0,16.48,17.0,455100
2023-08-07 07:00:00,17.31,17.52,17.13,17.44,682600
2023-08-08 07:00:00,17.52,17.65,17.26,17.48,585200
2023-08-09 07:00:00,17.48,17.48,16.92,17.13,479900
2023-08-10 07:00:00,17.09,17.35,17.0,17.05,188400
2023-08-11 07:00:00,17.0,17.0,16.57,16.92,356000
2023-08-14 07:00:00,17.35,17.35,16.79,17.09,300100
2023-08-15 07:00:00,17.09,17.39,17.09,17.09,229700
2023-08-16 07:00:00,17.09,17.09,16.87,16.92,175300
2023-08-17 07:00:00,16.83,17.05,16.83,16.87,304800
2023-08-18 07:00:00,16.79,16.83,15.7,15.87,681400
2023-08-21 07:00:00,15.87,16.22,15.4,16.05,220400
2023-08-22 07:00:00,16.05,16.14,15.22,16.05,200100
2023-08-23 07:00:00,16.05,16.18,15.83,15.92,90700
2023-08-24 07:00:00,15.96,16.14,15.83,16.14,88400
2023-08-25 07:00:00,16.14,16.27,16.05,16.14,112400
2023-08-28 07:00:00,16.22,16.79,16.14,16.53,204300
2023-08-29 07:00:00,16.48,16.74,16.35,16.35,240900
2023-08-30 07:00:00,16.57,16.57,16.27,16.31,138700
2023-08-31 07:00:00,16.35,16.74,16.22,16.74,203900
2023-09-05 07:00:00,16.96,17.0,16.66,16.83,290100
2023-09-06 07:00:00,16.92,17.09,16.83,17.0,336000
2023-09-07 07:00:00,17.05,17.05,16.83,16.87,211300
2023-09-08 07:00:00,17.7,18.04,17.61,18.04,739100
2023-09-11 07:00:00,18.48,18.82,18.04,18.04,752700
2023-09-12 07:00:00,17.61,18.09,17.52,17.78,741100
2023-09-13 07:00:00,17.78,18.22,17.31,17.7,288800
2023-09-14 07:00:00,17.87,17.87,17.22,17.35,323000
2023-09-15 07:00:00,17.39,17.61,17.18,17.18,236500
2023-09-18 07:00:00,17.18,17.26,16.92,16.96,206000
2023-09-19 07:00:00,16.96,17.35,16.79,17.26,271100
2023-09-20 07:00:00,17.26,17.57,17.26,17.52,180900
2023-09-21 07:00:00,17.52,17.78,17.26,17.52,138600
2023-09-22 07:00:00,17.05,17.52,16.66,17.22,371000
2023-09-25 07:00:00,17.18,17.26,16.09,16.09,237100
2023-09-26 07:00:00,16.05,16.44,15.7,16.0,208400
2023-09-27 07:00:00,16.0,16.22,15.92,16.22,87300
2023-09-28 07:00:00,16.44,16.44,16.22,16.31,83300
2023-09-29 07:00:00,16.27,16.44,16.22,16.4,57700
2023-10-02 07:00:00,16.57,16.87,16.22,16.79,181000
2023-10-03 07:00:00,16.48,16.61,16.14,16.14,70900
2023-10-04 07:00:00,15.96,17.13,15.96,16.83,215900
2023-10-05 07:00:00,17.09,17.35,16.66,16.74,112300
2023-10-06 07:00:00,16.74,17.0,16.4,16.74,128600
2023-10-09 07:00:00,16.79,17.61,16.74,17.22,186700
2023-10-10 07:00:00,17.74,17.74,17.22,17.26,344900
2023-10-11 07:00:00,17.44,18.17,17.35,17.78,702600
2023-10-12 07:00:00,17.78,17.91,17.65,17.87,230000
2023-10-13 07:00:00,17.48,18.13,17.35,18.04,389400
2023-10-16 07:00:00,18.13,18.74,18.09,18.39,771200
2023-10-17 07:00:00,18.39,18.48,17.52,17.52,288300
2023-10-18 07:00:00,17.7,18.04,16.66,17.52,654500
2023-10-19 07:00:00,17.52,17.52,17.09,17.35,146700
2023-10-20 07:00:00,16.83,17.78,16.83,17.78,213900
2023-10-23 07:00:00,17.74,17.74,16.66,17.35,423800
2023-10-24 07:00:00,17.35,18.17,16.92,18.17,321500
2023-10-25 07:00:00,17.78,18.04,17.26,17.57,292800
2023-10-26 07:00:00,17.35,17.35,16.35,17.26,1287800
2023-10-27 07:00:00,16.53,17.35,16.4,17.18,224700
2023-10-30 07:00:00,16.83,17.13,16.35,16.61,143800
2023-10-31 07:00:00,16.57,16.74,15.48,16.4,160700
2023-11-01 07:00:00,16.09,16.61,15.96,16.44,70100
2023-11-02 07:00:00,16.4,17.26,16.31,17.05,490600
2023-11-03 07:00:00,17.09,17.18,16.66,17.13,244000
2023-11-06 07:00:00,17.13,17.13,16.79,17.09,131100
2023-11-07 07:00:00,16.83,17.18,16.83,17.05,223400
2023-11-08 07:00:00,17.05,17.78,16.74,17.78,684800
2023-11-09 07:00:00,17.96,18.26,17.78,17.96,614600
2023-11-10 07:00:00,17.78,18.04,17.52,17.57,523700
2023-11-13 07:00:00,17.61,17.61,17.13,17.26,395900
2023-11-14 07:00:00,17.57,17.65,17.39,17.52,544300
2023-11-15 07:00:00,17.87,17.87,17.44,17.52,166500
2023-11-16 07:00:00,17.52,18.74,17.39,18.74,1070000
2023-11-17 07:00:00,19.52,19.78,18.95,19.0,928000
2023-11-20 07:00:00,18.69,19.91,18.69,19.82,989900
2023-11-21 07:00:00,19.95,20.52,19.69,20.21,533800
2023-11-22 07:00:00,20.47,20.47,19.82,20.0,303800
2023-11-23 07:00:00,19.87,20.47,19.08,19.08,543900
2023-11-24 07:00:00,19.34,20.13,18.87,20.13,659300
2023-11-27 07:00:00,20.47,20.65,20.13,20.47,503200
2023-11-28 07:00:00,20.47,20.65,20.04,20.39,381300
2023-11-29 07:00:00,20.39,20.56,20.13,20.34,221900
2023-11-30 07:00:00,20.26,21.12,20.26,20.95,510700
2023-12-01 07:00:00,20.95,21.08,20.6,20.95,181700
2023-12-04 07:00:00,20.95,21.08,20.6,21.04,506000
2023-12-05 07:00:00,21.04,21.17,20.65,21.04,296800
2023-12-06 07:00:00,20.99,21.21,20.04,20.47,500200
2023-12-07 07:00:00,20.47,21.64,20.04,21.64,1049400
2023-12-08 07:00:00,21.64,22.25,21.17,21.64,544800
2023-12-11 07:00:00,21.64,21.69,20.99,21.38,237700
2023-12-12 07:00:00,21.38,22.08,21.12,22.03,652300
2023-12-13 07:00:00,22.03,22.03,21.47,21.73,232300
2023-12-14 07:00:00,21.95,21.95,21.25,21.51,221500
2023-12-15 07:00:00,21.25,21.6,20.99,21.3,142500
2023-12-18 07:00:00,20.99,21.3,19.95,19.95,319100
2023-12-19 07:00:00,19.91,20.56,19.87,20.56,251300
2023-12-20 07:00:00,20.39,20.73,20.26,20.47,111900
2023-12-21 07:00:00,20.39,21.17,20.13,21.12,334100
2023-12-22 07:00:00,21.12,21.47,20.82,21.12,98700
2023-12-25 07:00:00,20.99,21.86,20.86,21.73,600700
2023-12-26 07:00:00,21.73,21.99,21.08,21.77,681200
2023-12-27 07:00:00,22.04,22.3,21.91,22.22,501600
2023-12-28 07:00:00,22.22,22.57,21.95,22.3,224600
2023-12-29 07:00:00,22.3,22.3,21.69,21.86,161900
2024-01-02 07:00:00,21.86,22.35,21.64,21.91,280300
2024-01-03 07:00:00,21.95,22.26,21.86,22.26,129500
2024-01-04 07:00:00,22.22,22.92,21.86,21.86,844100
2024-01-05 07:00:00,21.91,22.44,21.91,22.26,409600
2024-01-08 07:00:00,22.3,23.01,22.13,22.75,324800
2024-01-09 07:00:00,22.97,23.72,22.66,23.72,358300
2024-01-10 07:00:00,23.85,23.85,23.23,23.28,177700
2024-01-11 07:00:00,23.37,23.81,22.92,23.63,146000
2024-01-12 07:00:00,23.68,23.68,22.84,23.1,156100
2024-01-15 07:00:00,23.01,23.41,22.84,23.28,133100
2024-01-16 07:00:00,22.97,23.28,22.57,22.57,227900
2024-01-17 07:00:00,22.92,23.46,22.61,22.61,123500
2024-01-18 07:00:00,22.66,23.19,22.48,23.01,85200
2024-01-19 07:00:00,23.23,23.41,22.84,23.1,108100
2024-01-22 07:00:00,23.1,23.54,22.7,23.54,236700
2024-01-23 07:00:00,23.19,24.08,23.19,23.54,82300
2024-01-24 07:00:00,23.54,23.72,23.28,23.28,191700
2024-01-25 07:00:00,23.28,23.54,23.06,23.46,178300
2024-01-26 07:00:00,23.5,24.25,23.46,23.72,125900
2024-01-29 07:00:00,23.77,24.43,23.77,24.08,291700
2024-01-30 07:00:00,23.81,24.03,23.19,24.03,241800
2024-01-31 07:00:00,24.03,24.03,22.75,22.75,543900
2024-02-01 07:00:00,22.84,23.19,22.84,22.92,157800
2024-02-02 07:00:00,22.75,23.01,22.48,22.48,350500
2024-02-05 07:00:00,22.39,22.79,22.39,22.66,96000
2024-02-06 07:00:00,22.57,22.79,22.48,22.75,138800
2024-02-07 07:00:00,22.75,23.19,22.75,22.75,124200
2024-02-15 07:00:00,22.79,22.88,22.3,22.79,102200
2024-02-16 07:00:00,22.79,23.28,22.13,23.23,237100
2024-02-19 07:00:00,23.37,23.63,23.15,23.37,350600
2024-02-20 07:00:00,23.5,23.9,23.28,23.72,629500
2024-02-21 07:00:00,23.68,24.08,23.23,23.63,436800
2024-02-22 07:00:00,23.63,23.85,23.28,23.32,179000
2024-02-23 07:00:00,23.32,23.59,22.66,22.75,238600
2024-02-26 07:00:00,22.79,23.01,22.75,22.88,151800
2024-02-27 07:00:00,23.19,23.72,23.01,23.46,194800
2024-02-28 07:00:00,23.72,24.65,23.46,24.16,623300
2024-02-29 07:00:00,24.16,24.3,23.81,23.9,187500
2024-03-01 07:00:00,23.94,24.34,23.63,24.08,352700
2024-03-04 07:00:00,24.08,24.08,23.63,23.72,451200
2024-03-05 07:00:00,23.72,24.25,23.63,24.25,390600
2024-03-06 07:00:00,24.25,24.34,23.99,24.16,291900
2024-03-07 07:00:00,24.12,25.85,24.12,25.85,2021800
2024-03-08 07:00:00,25.93,26.51,25.58,25.93,651200
2024-03-11 07:00:00,26.46,27.75,26.07,27.53,1034800
2024-03-12 07:00:00,27.44,28.15,27.17,27.17,849900
2024-03-13 07:00:00,27.48,29.03,27.22,28.63,711600
2024-03-14 07:00:00,28.63,28.94,27.88,28.41,382400
2024-03-15 07:00:00,28.41,28.41,27.53,28.24,291000
2024-03-18 07:00:00,27.97,29.21,26.29,26.29,991200
2024-03-19 07:00:00,26.2,27.0,25.76,26.55,239400
2024-03-20 07:00:00,26.42,27.17,26.42,26.82,198300
2024-03-21 07:00:00,27.0,27.39,26.64,27.26,394500
2024-03-22 07:00:00,27.7,27.7,26.38,26.55,494000
2024-03-25 07:00:00,26.91,27.0,25.98,25.98,511500
2024-03-26 07:00:00,26.02,26.82,25.93,26.11,239700
2024-03-27 07:00:00,26.11,26.6,26.11,26.55,261200
2024-03-28 07:00:00,27.0,27.0,26.55,26.95,319800
2024-03-29 07:00:00,27.08,27.62,26.95,26.95,521400
2024-04-01 07:00:00,26.95,26.95,26.51,26.51,193500
2024-04-02 07:00:00,26.38,27.35,26.38,27.35,412100
2024-04-03 07:00:00,27.66,29.25,27.66,29.03,1094000
2024-04-04 07:00:00,29.39,29.39,28.01,28.59,244700
2024-04-05 07:00:00,27.88,28.72,26.82,26.82,1023700
2024-04-08 07:00:00,26.82,26.82,25.85,25.85,506700
2024-04-09 07:00:00,25.93,26.42,25.93,26.38,182700
2024-04-10 07:00:00,26.38,26.73,26.02,26.2,156500
2024-04-11 07:00:00,25.67,26.46,25.67,26.33,214600
2024-04-12 07:00:00,26.69,26.69,26.07,26.33,144900
2024-04-15 07:00:00,26.33,26.95,24.52,25.67,357200
2024-04-16 07:00:00,25.49,25.67,24.43,25.23,278100
2024-04-17 07:00:00,24.69,25.62,24.47,25.31,214500
2024-04-19 07:00:00,24.08,24.78,23.72,23.72,239100
2024-04-22 07:00:00,24.61,24.61,23.9,24.21,109400
2024-04-23 07:00:00,24.21,24.34,23.81,24.21,61100
2024-04-24 07:00:00,24.78,25.14,24.34,24.87,166400
2024-04-25 07:00:00,25.27,25.27,24.56,24.96,101800
2024-04-26 07:00:00,24.61,25.14,24.08,24.08,84100
2024-05-02 07:00:00,25.31,25.31,24.78,25.23,188300
2024-05-03 07:00:00,25.54,26.55,25.23,26.29,423100
2024-05-06 07:00:00,26.29,28.1,26.29,28.1,915400
2024-05-07 07:00:00,28.15,28.77,27.7,28.24,415600
2024-05-08 07:00:00,27.88,30.01,27.88,29.92,1239000
2024-05-09 07:00:00,30.09,30.89,30.01,30.36,1168600
2024-05-10 07:00:00,30.36,30.8,29.65,29.92,1036700
2024-05-13 07:00:00,29.92,30.54,29.21,30.54,717800
2024-05-14 07:00:00,30.71,30.71,30.14,30.62,537800
2024-05-15 07:00:00,31.33,31.33,30.71,31.16,726600
2024-05-16 07:00:00,31.42,31.86,30.8,30.98,617400
2024-05-17 07:00:00,30.62,30.89,30.23,30.32,408100
2024-05-20 07:00:00,30.89,31.69,30.54,31.64,1008300
2024-05-21 07:00:00,31.69,32.93,31.24,32.93,858600
2024-05-22 07:00:00,33.46,34.52,33.46,34.17,922700
2024-05-23 07:00:00,34.34,34.34,32.97,33.86,449100
2024-05-24 07:00:00,33.86,34.52,32.57,34.43,345700
2024-05-27 07:00:00,34.43,35.05,33.37,34.08,408200
2024-05-28 07:00:00,34.25,34.43,33.46,34.03,395200
2024-05-29 07:00:00,34.03,35.4,34.03,34.78,502300
2024-05-30 07:00:00,34.78,34.78,33.55,34.43,338800
2024-05-31 07:00:00,34.43,34.65,33.37,33.63,330100
2024-06-03 07:00:00,33.77,35.4,33.77,33.9,467400
2024-06-04 07:00:00,34.48,34.65,34.03,34.03,320500
2024-06-05 07:00:00,34.52,34.52,33.55,33.81,439200
2024-06-06 07:00:00,33.81,34.52,33.81,33.9,640300
2024-06-07 07:00:00,33.99,35.85,33.99,34.83,802700
2024-06-10 07:00:00,35.05,35.14,34.21,34.78,513600
2024-06-11 07:00:00,35.01,35.36,34.08,34.21,1032200
2024-06-12 07:00:00,34.03,34.52,33.63,34.52,478300
2024-06-13 07:00:00,34.99,35.45,34.33,34.52,402800
2024-06-14 07:00:00,34.52,34.85,33.12,33.12,745100
2024-06-17 07:00:00,32.75,33.17,32.19,32.47,518200
2024-06-18 07:00:00,32.65,33.91,32.65,33.82,461300
2024-06-19 07:00:00,34.24,36.15,34.05,36.15,1888800
2024-06-20 07:00:00,36.53,37.32,36.43,37.32,981000
2024-06-21 07:00:00,37.36,38.62,37.13,37.36,795100
2024-06-24 07:00:00,37.18,37.32,34.99,35.03,1054600
2024-06-25 07:00:00,35.08,35.64,34.38,35.03,672400
2024-06-26 07:00:00,34.99,36.29,34.99,36.29,1157900
2024-06-27 07:00:00,36.39,37.13,35.45,35.5,770500
2024-06-28 07:00:00,35.45,35.73,34.15,34.15,575200
2024-07-01 07:00:00,33.96,35.22,33.21,34.05,388400
2024-07-02 07:00:00,34.05,34.94,34.05,34.66,460100
2024-07-03 07:00:00,35.22,36.29,34.71,35.64,831200
2024-07-04 07:00:00,35.92,36.11,35.17,35.64,506900
2024-07-05 07:00:00,35.92,36.71,35.64,35.87,805300
2024-07-08 07:00:00,36.85,38.34,36.57,38.34,900700
2024-07-09 07:00:00,41.0,41.0,41.0,41.0,885200
2024-07-10 07:00:00,43.01,43.85,41.94,42.36,2130200
2024-07-11 07:00:00,43.85,43.85,40.58,41.89,951700
2024-07-12 07:00:00,41.98,41.98,41.1,41.52,548700
2024-07-15 07:00:00,41.8,42.82,41.47,41.61,642700
2024-07-16 07:00:00,41.61,43.06,41.61,42.22,1041900
2024-07-17 07:00:00,42.08,42.82,39.28,39.28,2315400
2024-07-18 07:00:00,39.32,41.52,39.09,41.33,1086800
2024-07-19 07:00:00,41.8,42.26,40.49,41.47,689700
2024-07-22 07:00:00,41.42,41.42,39.37,40.3,388900
2024-07-23 07:00:00,40.96,41.24,40.16,40.16,776600
2024-07-24 07:00:00,39.56,40.44,37.41,39.65,721600
2024-07-25 07:00:00,38.62,41.24,38.62,41.0,956600
2024-07-26 07:00:00,41.14,41.98,40.54,41.52,365200
2024-07-29 07:00:00,42.82,44.41,42.82,44.41,1726800
2024-07-30 07:00:00,45.99,46.74,44.97,45.43,1319500
2024-07-31 07:00:00,45.43,45.43,44.6,45.06,659000
2024-08-01 07:00:00,45.06,45.2,41.94,41.94,1435800
2024-08-02 07:00:00,41.1,43.66,40.16,43.57,1637100
2024-08-05 07:00:00,41.7,42.92,40.54,40.54,1213400
2024-08-06 07:00:00,41.61,41.61,39.84,41.33,657300
2024-08-07 07:00:00,41.38,41.61,40.16,41.19,663500
2024-08-08 07:00:00,40.77,41.42,38.81,39.0,702900
2024-08-09 07:00:00,39.88,41.0,39.37,41.0,779300
2024-08-12 07:00:00,41.33,42.92,40.68,41.8,820700
2024-08-13 07:00:00,42.03,42.68,41.38,42.31,754600
2024-08-14 07:00:00,43.1,45.25,42.59,42.59,1918000
2024-08-15 07:00:00,42.92,42.92,40.4,41.61,850000
2024-08-16 07:00:00,41.89,43.1,41.05,43.1,904900
2024-08-19 07:00:00,43.62,43.85,42.54,43.66,999600
2024-08-20 07:00:00,43.66,44.18,42.96,43.48,744400
2024-08-21 07:00:00,43.2,44.78,43.15,43.85,1512800
2024-08-22 07:00:00,44.41,44.41,43.38,43.38,498600
2024-08-23 07:00:00,43.71,43.71,41.75,41.98,1426700
2024-08-26 07:00:00,42.36,42.36,40.26,40.96,1163900
2024-08-27 07:00:00,40.58,41.42,40.58,41.24,582200
2024-08-28 07:00:00,41.61,41.61,40.58,41.42,412700
2024-08-29 07:00:00,41.42,41.42,40.86,41.1,242900
2024-08-30 07:00:00,41.1,41.61,41.05,41.38,447400
2024-09-04 07:00:00,40.86,41.38,40.68,40.86,295200
2024-09-05 07:00:00,40.96,41.66,40.91,41.24,603500
2024-09-06 07:00:00,41.42,41.89,40.58,41.89,504700
2024-09-09 07:00:00,41.7,42.03,41.42,41.89,442300
2024-09-10 07:00:00,42.08,42.26,40.58,40.91,368400
2024-09-11 07:00:00,40.91,41.38,40.16,40.96,431600
2024-09-12 07:00:00,41.52,42.92,41.05,41.66,1492000
2024-09-13 07:00:00,41.98,42.17,41.38,42.03,368400
2024-09-16 07:00:00,42.03,43.38,41.61,41.61,1925700
2024-09-17 07:00:00,41.28,42.17,40.91,41.8,499200
2024-09-18 07:00:00,41.84,41.98,41.05,41.33,447700
2024-09-19 07:00:00,41.52,41.8,40.82,40.91,795900
2024-09-20 07:00:00,41.52,41.66,40.44,40.49,1010100
2024-09-23 07:00:00,40.49,41.28,40.49,40.86,243300
2024-09-24 07:00:00,40.86,41.1,40.3,40.63,380400
2024-09-25 07:00:00,40.68,41.05,40.58,40.68,692200
2024-09-26 07:00:00,40.86,40.91,39.28,39.56,1864100
2024-09-27 07:00:00,39.65,39.93,38.72,38.9,1154200
2024-09-30 07:00:00,39.09,39.65,38.9,39.28,428500
2024-10-01 07:00:00,39.65,39.84,39.23,39.46,334200
2024-10-02 07:00:00,39.51,39.51,38.76,38.95,398000
2024-10-03 07:00:00,38.95,39.04,37.6,37.78,670800
2024-10-04 07:00:00,38.67,38.67,37.32,38.06,256800
2024-10-07 07:00:00,38.06,38.11,37.36,37.46,247600
2024-10-08 07:00:00,37.41,37.69,37.13,37.5,253300
2024-10-09 07:00:00,37.5,38.53,37.32,38.3,480700
2024-10-10 07:00:00,38.3,38.67,38.06,38.11,168000
2024-10-11 07:00:00,38.16,38.44,37.41,38.06,113300
2024-10-14 07:00:00,38.34,38.34,38.06,38.11,234100
2024-10-15 07:00:00,38.3,38.3,37.41,37.78,148300
2024-10-16 07:00:00,37.41,37.92,37.22,37.22,334600
2024-10-17 07:00:00,37.22,37.41,36.81,36.99,402900
2024-10-18 07:00:00,37.32,37.6,36.95,36.95,242700
2024-10-21 07:00:00,36.95,36.95,35.92,35.92,349800
2024-10-22 07:00:00,35.92,37.27,35.45,37.27,1061500
2024-10-23 07:00:00,36.95,37.88,36.95,37.78,368100
2024-10-24 07:00:00,37.78,37.92,36.9,36.9,300400
2024-10-25 07:00:00,36.85,37.08,36.39,36.67,208900
2024-10-28 07:00:00,36.67,37.74,36.57,37.64,722900
2024-10-29 07:00:00,37.64,38.81,37.64,38.34,1048200
2024-10-30 07:00:00,38.34,38.72,37.04,37.04,1612200
2024-10-31 07:00:00,37.08,37.32,36.76,37.08,406900
2024-11-01 07:00:00,37.13,37.13,35.55,35.55,1159700
2024-11-04 07:00:00,35.64,35.64,34.05,34.52,1173300
2024-11-05 07:00:00,34.52,34.89,34.24,34.38,236500
2024-11-06 07:00:00,34.57,35.03,34.47,35.03,458300
2024-11-07 07:00:00,35.27,35.41,34.57,34.85,374300
2024-11-08 07:00:00,34.94,35.13,34.66,34.66,314400
2024-11-11 07:00:00,34.52,35.73,34.52,35.22,549900
2024-11-12 07:00:00,35.27,36.01,35.27,35.69,1052300
2024-11-13 07:00:00,35.69,36.76,35.13,36.76,755800
2024-11-14 07:00:00,36.71,37.32,36.62,36.67,818000
2024-11-15 07:00:00,36.67,36.67,34.8,35.45,783800
2024-11-18 07:00:00,35.55,35.64,34.52,35.03,485600
2024-11-19 07:00:00,34.85,35.36,34.52,34.52,363800
2024-11-20 07:00:00,34.85,35.41,34.29,34.85,231400
2024-11-21 07:00:00,35.36,35.64,34.85,35.64,300700
2024-11-22 07:00:00,35.83,36.81,35.73,36.62,1339800
2024-11-25 07:00:00,36.95,37.41,36.48,36.9,646000
2024-11-26 07:00:00,36.99,37.97,36.48,37.6,978200
2024-11-27 07:00:00,37.83,37.97,36.15,36.2,1216500
2024-11-28 07:00:00,36.15,36.48,35.64,36.15,838800
2024-11-29 07:00:00,36.39,36.39,35.64,35.83,517900
2024-12-02 07:00:00,35.83,36.06,35.64,36.01,513200
2024-12-03 07:00:00,36.01,36.43,35.73,36.29,538400
2024-12-04 07:00:00,36.67,36.81,36.11,36.11,633500
2024-12-05 07:00:00,36.11,36.62,35.83,36.62,561200
2024-12-06 07:00:00,36.71,38.16,36.53,36.85,1867300
2024-12-09 07:00:00,36.85,37.22,36.62,36.95,612500
2024-12-10 07:00:00,37.18,37.22,36.43,36.43,632800
2024-12-11 07:00:00,36.48,36.48,36.01,36.2,832700
2024-12-12 07:00:00,36.29,36.76,36.01,36.11,503400
2024-12-13 07:00:00,36.01,36.15,35.36,35.55,654000
2024-12-16 07:00:00,35.45,36.34,35.45,35.73,420900
2024-12-17 07:00:00,36.02,36.11,35.54,35.92,322800
2024-12-18 07:00:00,35.92,36.02,35.64,35.92,193500
2024-12-19 07:00:00,35.73,36.63,33.51,35.92,568900
2024-12-20 07:00:00,36.02,36.63,35.73,36.2,432000
2024-12-23 07:00:00,36.49,37.72,36.06,37.58,1166000
2024-12-24 07:00:00,37.76,39.04,37.58,38.85,1934000
2024-12-25 07:00:00,39.23,39.37,37.86,38.28,1029100
2024-12-26 07:00:00,38.1,39.04,37.91,38.43,932000
2024-12-27 07:00:00,38.43,38.71,37.76,38.0,856900
2024-12-30 07:00:00,38.24,38.24,37.86,37.95,359300
2024-12-31 07:00:00,37.95,38.66,37.81,38.05,531200
2025-01-02 07:00:00,38.19,38.66,38.19,38.43,528000
2025-01-03 07:00:00,38.28,39.18,38.28,38.43,1432400
2025-01-06 07:00:00,38.0,38.47,36.39,36.87,1332800
2025-01-07 07:00:00,36.91,37.1,34.98,35.5,861500
2025-01-08 07:00:00,35.16,35.73,35.12,35.35,310900
2025-01-09 07:00:00,35.4,35.64,34.74,34.83,365500
2025-01-10 07:00:00,34.88,34.93,33.65,33.65,736800
2025-01-13 07:00:00,32.9,33.84,32.71,33.84,343300
2025-01-14 07:00:00,33.84,34.5,33.84,34.31,351200
2025-01-15 07:00:00,34.41,34.65,34.13,34.55,332300
2025-01-16 07:00:00,34.98,35.92,34.74,35.83,749700
2025-01-17 07:00:00,35.87,37.15,35.87,36.39,761400
2025-01-20 07:00:00,36.44,37.81,36.44,37.15,572000
2025-01-21 07:00:00,37.1,37.34,36.44,37.06,292900
2025-01-22 07:00:00,37.06,38.19,36.91,37.95,1006700
2025-01-23 07:00:00,38.24,38.66,37.72,38.05,731900
2025-01-24 07:00:00,38.43,38.43,37.95,38.1,616100
2025-02-03 07:00:00,38.0,38.66,37.34,38.19,582900
2025-02-04 07:00:00,38.62,40.18,38.33,39.61,609600
2025-02-05 07:00:00,39.89,40.55,39.28,40.36,1280700
2025-02-06 07:00:00,40.65,41.12,40.27,40.46,784800
2025-02-07 07:00:00,40.79,40.79,39.94,40.36,588500
2025-02-10 07:00:00,40.18,40.55,39.84,40.36,764000
2025-02-11 07:00:00,40.41,40.6,39.99,40.41,485100
2025-02-12 07:00:00,40.79,41.03,40.27,40.55,346500
2025-02-13 07:00:00,40.69,41.59,40.41,41.31,911000
2025-02-14 07:00:00,41.59,41.59,40.27,40.36,750300
2025-02-17 07:00:00,40.36,40.36,39.37,39.7,1080800
2025-02-18 07:00:00,39.37,39.66,39.23,39.61,645800
2025-02-19 07:00:00,39.7,40.6,39.7,40.27,517900
2025-02-20 07:00:00,40.27,41.12,40.08,40.27,767200
2025-02-21 07:00:00,40.18,40.98,40.13,40.88,762000
2025-02-24 07:00:00,40.88,41.31,39.89,40.51,557000
2025-02-25 07:00:00,40.84,41.17,40.27,40.51,482800
2025-02-26 07:00:00,41.03,41.97,40.27,40.32,1504000
2025-02-27 07:00:00,40.36,40.6,40.08,40.36,499500
2025-02-28 07:00:00,40.36,40.55,40.18,40.22,549500
2025-03-03 07:00:00,40.32,40.88,39.8,40.88,844200
2025-03-04 07:00:00,41.12,41.45,40.88,41.12,797700
2025-03-05 07:00:00,41.4,41.4,40.69,40.69,644200
2025-03-06 07:00:00,40.51,40.84,39.7,40.32,806500
2025-03-07 07:00:00,40.36,40.93,40.32,40.46,380000
2025-03-10 07:00:00,40.6,40.65,39.8,39.89,429400
2025-03-11 07:00:00,39.51,40.22,39.51,40.22,317700
2025-03-12 07:00:00,40.27,40.27,39.51,39.66,344300
2025-03-13 07:00:00,39.66,39.66,37.86,38.28,1043400
2025-03-14 07:00:00,38.0,38.28,37.76,37.81,252400
2025-03-17 07:00:00,38.57,38.57,37.81,37.91,249000
2025-03-18 07:00:00,37.62,38.33,37.62,38.14,215400
2025-03-19 07:00:00,38.1,38.38,37.95,38.19,121800
2025-03-20 07:00:00,38.28,38.76,38.0,38.76,176800
2025-03-21 07:00:00,37.81,38.62,37.62,38.19,303400
2025-03-24 07:00:00,38.19,38.19,37.39,38.1,213200
2025-03-25 07:00:00,38.0,38.76,37.86,38.57,221300
2025-03-26 07:00:00,38.66,38.71,38.05,38.1,143000
2025-03-27 07:00:00,38.1,39.04,38.1,38.62,299600
2025-03-28 07:00:00,38.99,39.23,38.62,38.71,275400
2025-03-31 07:00:00,38.62,38.62,38.1,38.24,286000
2025-04-01 07:00:00,38.24,39.14,38.24,39.14,332200
2025-04-02 07:00:00,39.14,39.23,38.85,38.95,150300
2025-04-03 07:00:00,36.25,37.29,36.25,36.25,550200
2025-04-04 07:00:00,33.75,35.64,33.75,35.64,753400
2025-04-08 07:00:00,33.18,35.16,33.18,33.18,237900
2025-04-09 07:00:00,30.86,33.37,30.86,32.61,485100
2025-04-10 07:00:00,34.88,34.88,34.83,34.88,192200
2025-04-11 07:00:00,36.54,36.58,35.12,35.92,526500
2025-04-14 07:00:00,36.11,37.72,36.11,37.53,716300
2025-04-15 07:00:00,37.48,38.24,37.1,38.1,624000
2025-04-16 07:00:00,38.1,38.76,37.58,37.81,261600
2025-04-17 07:00:00,37.06,38.19,37.06,37.91,249900
2025-04-18 07:00:00,37.91,38.52,37.67,37.76,326000
2025-04-21 07:00:00,38.47,38.76,38.0,38.57,313800
2025-04-22 07:00:00,39.04,39.04,37.06,38.57,933800
2025-04-23 07:00:00,39.04,39.51,38.85,39.32,544900
2025-04-24 07:00:00,39.7,40.18,39.32,39.75,518800
2025-04-25 07:00:00,40.08,40.08,38.8,38.8,229200
2025-04-28 07:00:00,38.8,39.18,38.47,38.57,154500
2025-04-29 07:00:00,38.76,39.61,38.57,38.62,481900
2025-05-05 07:00:00,39.23,41.31,38.66,41.31,3200400
2025-05-06 07:00:00,42.07,44.05,41.59,42.35,1354700
2025-05-07 07:00:00,42.96,43.48,42.16,43.15,1137000
2025-05-08 07:00:00,43.15,43.77,42.54,42.54,719600
2025-05-09 07:00:00,42.54,43.11,42.16,42.44,699300
2025-05-12 07:00:00,42.73,42.73,41.59,42.25,817900
2025-05-13 07:00:00,42.68,43.86,41.59,43.01,1870000
2025-05-14 07:00:00,43.29,43.29,41.69,41.92,1213200
2025-05-15 07:00:00,41.92,42.87,41.69,42.07,724100
2025-05-16 07:00:00,42.11,42.92,42.07,42.25,718500
2025-05-19 07:00:00,42.11,43.67,41.59,41.83,1324500
2025-05-20 07:00:00,41.64,42.21,41.64,41.83,540300
2025-05-21 07:00:00,42.07,42.54,41.83,42.49,739300
2025-05-22 07:00:00,42.87,45.28,42.68,44.05,3405200
2025-05-23 07:00:00,44.1,44.9,43.58,44.43,755000
2025-05-26 07:00:00,44.43,46.22,43.48,45.42,1688600
2025-05-27 07:00:00,45.89,45.89,44.1,44.38,1411200
2025-05-28 07:00:00,45.09,45.33,44.43,45.19,1138000
2025-05-29 07:00:00,45.0,45.37,44.62,45.0,712600
2025-05-30 07:00:00,45.0,45.14,44.15,44.15,1039600
2025-06-02 07:00:00,43.96,46.79,43.58,46.37,2099400
2025-06-03 07:00:00,46.98,46.98,45.85,45.85,1062500
2025-06-04 07:00:00,45.89,46.32,44.24,44.52,1681300
2025-06-05 07:00:00,44.67,44.9,44.24,44.48,851300
2025-06-06 07:00:00,44.24,44.9,44.24,44.38,679800
2025-06-09 07:00:00,44.43,44.52,42.16,42.68,1300000
2025-06-10 07:00:00,42.54,43.53,42.54,43.2,1014900
2025-06-11 07:00:00,43.2,43.75,43.15,43.3,502500
2025-06-12 07:00:00,43.3,43.75,43.3,43.35,544400
2025-06-13 07:00:00,42.6,44.15,42.5,43.9,998600
2025-06-16 07:00:00,44.5,46.0,44.5,44.8,1201000
2025-06-17 07:00:00,44.8,45.5,44.5,45.5,1070800
2025-06-18 07:00:00,46.0,46.5,45.65,45.7,1404000
2025-06-19 07:00:00,45.7,48.0,45.15,47.7,2887600
2025-06-20 07:00:00,48.0,48.9,47.35,47.6,1010400
2025-06-23 07:00:00,47.5,49.0,47.35,47.5,1117400
2025-06-24 07:00:00,47.0,47.0,45.0,46.15,2085900
2025-06-25 07:00:00,46.45,46.45,45.5,45.5,859900
2025-06-26 07:00:00,45.6,46.3,45.6,45.6,1173500
2025-06-27 07:00:00,45.6,46.0,45.35,45.7,533700
2025-06-30 07:00:00,45.95,46.85,45.8,46.65,943000
2025-07-01 07:00:00,46.7,46.7,45.9,46.5,498200
2025-07-02 07:00:00,46.5,47.9,46.4,47.5,1254000
2025-07-03 07:00:00,47.5,47.5,46.5,46.6,959000
2025-07-04 07:00:00,46.6,46.75,45.8,46.05,630100
2025-07-07 07:00:00,46.3,46.8,46.05,46.75,551300
2025-07-08 07:00:00,47.25,47.45,46.75,47.4,799100
2025-07-09 07:00:00,47.7,48.5,46.6,46.9,1067100
2025-07-10 07:00:00,46.8,47.4,46.6,46.7,830700
2025-07-11 07:00:00,46.9,46.9,43.5,45.0,1328500
2025-07-14 07:00:00,45.4,45.75,44.65,45.7,566900
2025-07-15 07:00:00,45.85,46.4,45.5,45.65,801800
2025-07-16 07:00:00,45.65,45.8,45.1,45.3,495600
2025-07-17 07:00:00,45.45,45.6,45.05,45.15,443300
2025-07-18 07:00:00,45.1,45.45,44.15,44.75,1029900
2025-07-21 07:00:00,44.45,45.4,44.45,45.1,364500
2025-07-22 07:00:00,45.1,45.8,45.0,45.1,507900
2025-07-23 07:00:00,45.15,47.1,44.6,47.1,1980000
2025-07-24 07:00:00,48.0,48.0,47.3,47.4,1122600
2025-07-25 07:00:00,47.75,47.8,46.5,46.55,1754800
2025-07-28 07:00:00,46.6,46.8,46.0,46.1,1033400
2025-07-29 07:00:00,46.6,47.5,43.1,43.1,1429800
2025-07-30 07:00:00,43.6,44.25,43.0,43.05,910900
2025-07-31 07:00:00,43.15,44.0,42.55,42.8,735800
2025-08-01 07:00:00,42.85,43.4,42.7,43.3,642400
2025-08-04 07:00:00,43.4,44.0,43.0,43.65,300600
2025-08-05 07:00:00,43.65,44.0,43.25,43.35,1111200
2025-08-06 07:00:00,43.75,44.85,43.35,44.1,1285900
2025-08-07 07:00:00,45.0,45.1,44.1,44.4,462300
2025-08-08 07:00:00,44.8,46.0,44.25,45.95,2325000
2025-08-11 07:00:00,46.5,46.5,45.35,46.0,1227200
2025-08-12 07:00:00,46.0,46.95,45.95,46.6,1659800
2025-08-13 07:00:00,46.5,46.5,44.7,46.5,1091700
2025-08-14 07:00:00,46.75,46.75,45.8,46.0,705800
2025-08-15 07:00:00,46.0,48.0,45.5,47.2,1878600
2025-08-18 07:00:00,48.0,49.5,47.0,47.5,1962500
2025-08-19 07:00:00,47.5,48.25,46.5,47.25,976000
2025-08-20 07:00:00,47.05,48.5,46.8,47.8,1564500
2025-08-21 07:00:00,48.3,51.1,48.3,50.8,3301000
2025-08-22 07:00:00,49.8,50.2,47.25,47.25,1568300
2025-08-25 07:00:00,46.0,46.1,43.95,43.95,1923900
2025-08-26 07:00:00,42.5,45.45,42.45,45.45,1045800
2025-08-27 07:00:00,45.0,45.45,44.0,44.0,1095800
2025-08-28 07:00:00,44.3,44.45,43.75,44.0,220500
2025-08-29 07:00:00,43.85,44.45,43.8,44.05,484900
2025-09-03 07:00:00,44.05,44.1,43.55,43.55,223700
2025-09-04 07:00:00,43.9,44.35,43.7,43.85,243900
2025-09-05 07:00:00,44.45,45.0,43.85,43.95,555400
2025-09-08 07:00:00,43.9,43.9,41.7,42.0,466900
2025-09-09 07:00:00,42.0,43.0,41.95,42.35,108000
2025-09-10 07:00:00,43.0,43.0,41.0,42.8,125200
2025-09-11 07:00:00,42.95,42.95,41.8,42.35,150000
2025-09-12 07:00:00,42.8,43.4,42.45,43.2,152200
2025-09-15 07:00:00,43.6,44.65,43.4,44.3,356300
2025-09-16 07:00:00,44.5,45.0,43.7,44.4,777200
2025-09-17 07:00:00,44.8,44.8,43.5,44.15,196800
2025-09-18 07:00:00,44.4,44.4,43.2,43.9,230800
2025-09-19 07:00:00,43.9,43.95,43.4,43.4,93800
2025-09-22 07:00:00,43.5,43.5,41.7,41.95,562500
2025-09-23 07:00:00,42.0,42.4,41.95,42.25,31300
2025-09-24 07:00:00,41.75,43.2,41.6,43.2,115400
2025-09-25 07:00:00,43.0,43.0,42.65,42.7,32900
2025-09-26 07:00:00,42.9,43.2,41.95,42.2,79900
2025-09-29 07:00:00,42.2,42.3,41.4,41.75,150500
2025-09-30 07:00:00,42.0,42.0,41.2,41.75,69400
2025-10-01 07:00:00,41.75,42.0,41.5,41.5,48600
2025-10-02 07:00:00,41.5,42.25,41.3,41.3,48300
2025-10-03 07:00:00,41.45,41.45,39.85,41.0,109200
2025-10-06 07:00:00,41.1,41.7,41.1,41.55,77000
2025-10-07 07:00:00,41.85,41.85,41.45,41.5,59100
2025-10-08 07:00:00,41.7,42.35,41.0,42.25,192900
2025-10-09 07:00:00,42.3,43.5,41.75,43.2,383500
2025-10-10 07:00:00,43.45,44.4,43.3,44.0,403300
2025-10-13 07:00:00,43.5,44.0,43.1,43.3,269000
2025-10-14 07:00:00,43.3,43.3,42.0,42.05,90000
2025-10-15 07:00:00,41.65,42.3,41.65,41.7,108900
2025-10-16 07:00:00,41.7,42.0,41.2,42.0,169800
2025-10-17 07:00:00,42.2,42.7,41.55,42.4,152000
2025-10-20 07:00:00,42.4,43.55,41.05,42.4,728900
2025-10-21 07:00:00,42.45,42.9,42.0,42.05,97300
2025-10-22 07:00:00,42.15,43.45,42.1,43.0,206000
2025-10-23 07:00:00,44.1,44.1,42.9,43.1,96100
2025-10-24 07:00:00,43.1,43.1,42.25,42.8,112600
2025-10-27 07:00:00,42.1,43.0,42.1,42.8,45800
2025-10-28 07:00:00,42.8,42.95,42.55,42.85,73600
2025-10-29 07:00:00,42.85,44.75,42.85,44.45,612900
2025-10-30 07:00:00,44.7,46.0,44.7,45.75,508600
2025-10-31 07:00:00,46.0,46.5,45.35,45.7,450400
2025-11-03 07:00:00,45.0,45.7,44.0,44.0,283000
2025-11-04 07:00:00,42.45,44.0,42.0,43.95,363100
2025-11-05 07:00:00,43.95,44.5,43.35,44.35,309700
2025-11-06 07:00:00,44.45,45.0,44.25,45.0,233000
2025-11-07 07:00:00,44.0,44.5,44.0,44.0,156600
2025-11-10 07:00:00,43.05,44.35,43.05,44.1,96500
2025-11-11 07:00:00,44.1,45.95,43.65,45.95,562800
2025-11-12 07:00:00,46.5,46.5,45.1,45.8,574900
2025-11-13 07:00:00,45.8,47.0,45.5,45.7,823900
2025-11-14 07:00:00,45.8,46.0,45.1,46.0,311500
2025-11-17 07:00:00,45.9,46.2,45.0,45.4,138100
2025-11-18 07:00:00,45.4,45.5,44.0,44.9,261500
2025-11-19 07:00:00,45.0,45.85,44.8,45.15,176800
2025-11-20 07:00:00,45.15,45.55,42.0,44.65,327200
2025-11-21 07:00:00,44.65,44.65,43.6,44.2,53400
2025-11-24 07:00:00,44.2,44.5,43.5,44.05,183100
2025-11-25 07:00:00,43.65,44.3,43.5,43.65,187600
2025-11-26 07:00:00,43.25,43.8,43.25,43.5,117100
2025-11-27 07:00:00,43.95,44.05,42.7,44.0,125100
2025-11-28 07:00:00,43.6,43.9,43.2,43.2,54700
2025-12-01 07:00:00,42.9,44.4,42.9,44.2,131100
2025-12-02 07:00:00,44.2,44.2,43.25,43.9,89000
2025-12-03 07:00:00,43.5,43.9,43.2,43.85,81700
2025-12-04 07:00:00,43.85,43.9,43.3,43.8,63700
2025-12-05 07:00:00,43.8,43.95,43.45,43.45,76700
2025-12-08 07:00:00,43.45,43.45,43.05,43.1,80100
2025-12-09 07:00:00,43.0,43.0,42.35,42.85,101600
2025-12-10 07:00:00,42.8,43.7,42.7,43.25,149600
2025-12-11 07:00:00,43.25,43.7,43.2,43.25,12700
2025-12-12 07:00:00,43.1,43.2,42.6,42.6,40300
2025-12-15 07:00:00,42.6,42.9,42.3,42.4,102700
2025-12-16 07:00:00,42.0,42.75,42.0,42.75,56100
2025-12-17 07:00:00,42.85,43.4,42.3,43.0,112800
2025-12-18 07:00:00,43.25,43.25,42.65,42.8,12600
2025-12-19 07:00:00,42.4,42.95,42.4,42.75,15600
2025-12-22 07:00:00,42.75,42.9,42.7,42.8,11000
2025-12-23 07:00:00,42.0,43.0,42.0,42.55,108300
2025-12-24 07:00:00,42.3,43.0,42.3,42.65,27800
2025-12-25 07:00:00,42.55,42.9,42.5,42.7,76500
2025-12-26 07:00:00,42.5,42.65,42.3,42.45,52000
2025-12-29 07:00:00,42.1,43.0,42.1,42.7,140500
2025-12-30 07:00:00,42.5,42.75,42.3,42.5,27800
2025-12-31 07:00:00,42.35,43.0,42.35,42.7,99200
2026-01-05 07:00:00,42.7,43.3,42.3,42.8,141300
2026-01-06 07:00:00,42.85,43.6,42.5,43.6,289600
2026-01-07 07:00:00,43.6,44.8,43.3,44.3,266200
2026-01-08 07:00:00,44.95,46.0,44.4,45.65,720900
2026-01-09 07:00:00,45.5,46.3,45.15,45.8,425800
2026-01-12 07:00:00,46.2,47.2,46.0,46.2,457200
2026-01-13 07:00:00,46.5,46.75,45.4,46.75,141000
2026-01-14 07:00:00,47.0,49.3,46.4,48.9,990800
2026-01-15 07:00:00,49.95,50.8,48.25,50.1,474500
2026-01-16 07:00:00,50.1,50.1,49.0,49.1,284400
2026-01-19 07:00:00,48.5,48.5,46.5,47.7,160400
2026-01-20 07:00:00,46.5,47.5,46.45,46.45,281500
2026-01-21 07:00:00,46.95,46.95,46.2,46.95,137100
2026-01-22 07:00:00,46.95,49.9,46.95,48.8,343100
2026-01-23 07:00:00,47.45,48.3,46.75,46.8,73300
2026-01-26 07:00:00,45.1,46.7,44.6,46.2,248900
2026-01-27 07:00:00,45.7,46.8,45.7,46.0,12100
2026-01-28 07:00:00,46.0,46.7,46.0,46.0,84900
2026-01-29 07:00:00,46.0,47.0,45.6,46.7,41700
2026-01-30 07:00:00,47.35,47.9,46.7,47.7,146800
2026-02-02 07:00:00,47.2,49.0,47.2,48.8,392600
2026-02-03 07:00:00,48.9,49.8,48.9,49.1,288900
2026-02-04 07:00:00,48.55,49.9,48.55,49.4,324700
2026-02-05 07:00:00,49.45,52.8,49.45,52.8,798200
2026-02-06 07:00:00,53.0,55.4,52.0,54.2,391900
2026-02-09 07:00:00,55.0,55.0,53.0,53.3,206400
2026-02-10 07:00:00,52.1,54.4,52.1,52.9,142100
2026-02-11 07:00:00,51.2,56.6,50.3,56.6,1110600
2026-02-12 07:00:00,57.9,60.5,57.2,60.5,371400
2026-02-13 07:00:00,61.9,62.3,58.0,60.5,318400
2026-02-23 07:00:00,60.3,63.2,59.1,61.5,389700
2026-02-24 07:00:00,62.2,65.8,61.5,65.8,446800
2026-02-25 07:00:00,67.8,70.0,66.5,70.0,736900
2026-02-26 07:00:00,74.5,74.5,67.5,68.8,191700
2026-02-27 07:00:00,71.4,73.6,68.0,73.6,318500
2026-03-02 07:00:00,76.0,77.3,68.5,71.0,826500
2026-03-03 07:00:00,72.8,75.9,69.1,75.9,491800
2026-03-04 07:00:00,76.3,77.9,73.4,76.1,570700
2026-03-05 07:00:00,76.8,76.8,70.8,75.1,243200
2026-03-06 07:00:00,70.5,73.5,69.9,69.9,202600
2026-03-09 07:00:00,69.9,72.5,65.3,67.9,492100
2026-03-10 07:00:00,67.5,71.8,67.5,71.0,160800
2026-03-11 07:00:00,66.5,70.7,66.5,68.7,84400
2026-03-12 07:00:00,68.4,71.5,67.3,71.0,452000
2026-03-13 07:00:00,71.0,71.9,66.5,67.1,527300
2026-03-16 07:00:00,66.1,66.1,62.5,62.5,86800
2026-03-17 07:00:00,58.2,62.2,58.2,58.2,332100
2026-03-18 07:00:00,58.2,62.2,56.0,62.2,219700
2026-03-19 07:00:00,60.5,62.1,58.4,59.5,111200
2026-03-20 07:00:00,58.1,58.6,55.4,55.4,125100
2026-03-23 07:00:00,52.1,54.0,51.6,53.7,297300
2026-03-24 07:00:00,54.0,54.1,50.3,52.0,189800
2026-03-25 07:00:00,53.0,54.7,52.2,53.5,126800
2026-03-26 07:00:00,53.7,57.2,51.6,57.2,454800
2026-03-27 07:00:00,57.1,58.1,55.7,56.5,235600
2026-03-30 07:00:00,56.5,58.4,55.8,57.2,118100
2026-03-31 07:00:00,57.2,57.3,54.1,55.3,105000
2026-04-01 07:00:00,55.5,56.8,54.6,55.5,145400
2026-04-02 07:00:00,55.5,57.5,55.0,57.2,197100
2026-04-03 07:00:00,57.2,57.2,55.4,55.4,79400
2026-04-06 07:00:00,55.5,56.4,52.0,54.9,100400
2026-04-07 07:00:00,54.9,55.9,54.8,55.5,147300
2026-04-08 07:00:00,57.4,57.4,55.0,56.2,61800
2026-04-09 07:00:00,56.2,56.2,55.1,55.5,85900
2026-04-10 07:00:00,55.5,59.2,55.3,57.9,243500
2026-04-13 07:00:00,57.8,59.5,57.8,57.9,87100
2026-04-14 07:00:00,58.0,58.4,56.9,58.3,65500
2026-04-15 07:00:00,58.3,58.8,57.4,58.3,189500
2026-04-16 07:00:00,58.4,62.3,58.2,62.3,789500
2026-04-17 07:00:00,64.0,66.6,62.6,66.6,232000
2026-04-20 07:00:00,66.6,69.4,63.6,64.0,221200
2026-04-21 07:00:00,64.0,66.2,63.6,65.3,287200
2026-04-22 07:00:00,65.0,66.6,65.0,66.0,337900
2026-04-23 07:00:00,67.5,67.5,62.2,64.2,211700
2026-04-24 07:00:00,64.5,64.6,61.3,62.1,134700
2026-04-28 07:00:00,61.6,64.2,60.3,63.2,124000
2026-04-29 07:00:00,63.2,67.6,63.2,67.6,794200
2026-05-04 07:00:00,64.3,71.6,64.3,71.6,711400
2026-05-05 07:00:00,71.3,71.5,68.0,68.0,293700
2026-05-06 07:00:00,68.0,68.2,65.6,66.9,220500
2026-05-07 07:00:00,67.8,67.8,63.5,64.5,400000
2026-05-08 07:00:00,64.6,66.9,64.6,65.2,707500
2026-05-11 07:00:00,65.0,66.2,62.7,63.4,554000
2026-05-12 07:00:00,63.7,64.3,61.2,63.8,177100
2026-05-13 07:00:00,64.9,65.0,62.6,63.8,260800
2026-05-14 07:00:00,63.8,64.3,62.0,62.0,171800
2026-05-15 07:00:00,62.2,62.9,61.8,62.7,79100
2026-05-18 07:00:00,62.7,64.0,62.7,63.2,532400
2026-05-19 07:00:00,63.2,63.3,60.8,60.9,178800
2026-05-20 07:00:00,60.9,61.3,57.7,58.0,211700
2026-05-21 07:00:00,58.5,58.7,57.0,57.0,89100
2026-05-22 07:00:00,57.0,59.6,57.0,58.9,190700
2026-05-25 07:00:00,60.8,60.8,58.0,58.1,139800
2026-05-26 07:00:00,58.7,58.7,57.0,57.0,95500
2026-05-27 07:00:00,57.2,58.0,57.2,57.6,53300
