time,open,high,low,close,volume
2018-01-02 07:00:00,9.53,9.56,9.44,9.56,12840
2018-01-03 07:00:00,9.56,10.14,9.56,10.01,76780
2018-01-04 07:00:00,10.01,10.01,9.56,9.88,13960
2018-01-05 07:00:00,9.88,9.88,9.56,9.69,12040
2018-01-08 07:00:00,9.69,9.69,9.44,9.69,27870
2018-01-09 07:00:00,9.56,9.69,9.02,9.63,67760
2018-01-10 07:00:00,9.5,9.56,9.31,9.56,20580
2018-01-11 07:00:00,9.12,9.56,9.12,9.56,6510
2018-01-12 07:00:00,9.56,9.56,9.24,9.56,34760
2018-01-15 07:00:00,9.5,9.5,9.47,9.5,5100
2018-01-16 07:00:00,9.31,9.5,9.24,9.44,14230
2018-01-17 07:00:00,9.44,9.47,9.18,9.44,14600
2018-01-18 07:00:00,9.37,9.37,9.24,9.37,1040
2018-01-19 07:00:00,9.37,9.47,9.18,9.37,7760
2018-01-22 07:00:00,9.31,9.37,9.18,9.37,31750
2018-01-25 07:00:00,9.31,9.31,9.12,9.12,54690
2018-01-26 07:00:00,9.18,9.24,9.18,9.18,3710
2018-01-29 07:00:00,9.05,9.05,8.99,9.02,44600
2018-01-30 07:00:00,9.02,9.02,8.8,8.89,17960
2018-01-31 07:00:00,8.86,9.44,8.86,9.31,21110
2018-02-01 07:00:00,9.24,9.24,8.99,9.24,58570
2018-02-02 07:00:00,9.24,9.31,9.05,9.31,16500
2018-02-05 07:00:00,9.31,9.31,8.99,9.18,24760
2018-02-06 07:00:00,8.67,9.12,8.54,9.12,13950
2018-02-07 07:00:00,9.12,9.12,8.86,9.09,11420
2018-02-08 07:00:00,8.73,9.05,8.73,9.05,25010
2018-02-09 07:00:00,8.67,8.99,8.67,8.99,19670
2018-02-12 07:00:00,8.99,9.15,8.67,9.15,14840
2018-02-13 07:00:00,8.93,9.79,8.93,9.79,16130
2018-02-21 07:00:00,9.88,10.01,9.56,9.75,10110
2018-02-22 07:00:00,9.28,9.63,9.28,9.56,1310
2018-02-23 07:00:00,9.69,9.75,9.63,9.75,2900
2018-02-26 07:00:00,9.75,9.75,9.24,9.56,4430
2018-02-27 07:00:00,9.24,9.56,9.24,9.56,3730
2018-02-28 07:00:00,9.24,9.5,9.24,9.44,5640
2018-03-01 07:00:00,9.44,9.53,9.44,9.44,3410
2018-03-02 07:00:00,9.37,9.37,9.05,9.05,13490
2018-03-05 07:00:00,9.24,9.37,9.05,9.37,10880
2018-03-06 07:00:00,9.37,9.5,8.99,9.5,15320
2018-03-07 07:00:00,9.18,9.47,9.05,9.47,8950
2018-03-08 07:00:00,9.37,9.44,9.18,9.44,8410
2018-03-09 07:00:00,9.53,9.53,9.12,9.37,4670
2018-03-12 07:00:00,9.37,9.37,9.05,9.31,21530
2018-03-13 07:00:00,9.18,9.24,8.93,8.93,8630
2018-03-14 07:00:00,8.93,9.24,8.93,9.24,12420
2018-03-15 07:00:00,9.31,9.37,9.24,9.24,4530
2018-03-16 07:00:00,9.24,9.31,9.12,9.24,13680
2018-03-19 07:00:00,9.12,9.12,8.86,9.05,23290
2018-03-20 07:00:00,8.93,9.24,8.86,9.24,14550
2018-03-21 07:00:00,9.12,9.18,8.93,9.12,7880
2018-03-22 07:00:00,9.09,9.09,9.09,9.09,2800
2018-03-23 07:00:00,8.93,9.12,8.86,9.02,9560
2018-03-26 07:00:00,8.99,9.24,8.86,9.18,9060
2018-03-27 07:00:00,9.24,9.24,8.83,9.05,8930
2018-03-28 07:00:00,8.93,8.99,8.93,8.99,1920
2018-03-29 07:00:00,8.99,8.99,8.93,8.96,5020
2018-03-30 07:00:00,8.86,8.93,8.73,8.86,16240
2018-04-02 07:00:00,8.8,8.89,8.61,8.67,15260
2018-04-03 07:00:00,8.51,8.67,8.29,8.67,9760
2018-04-04 07:00:00,8.54,8.54,8.16,8.38,37560
2018-04-05 07:00:00,8.42,8.42,8.29,8.42,12010
2018-04-06 07:00:00,8.42,8.54,8.35,8.54,4010
2018-04-09 07:00:00,8.61,8.73,8.61,8.73,12590
2018-04-10 07:00:00,8.67,8.89,8.67,8.73,12310
2018-04-11 07:00:00,8.93,8.93,8.42,8.42,3560
2018-04-12 07:00:00,8.61,8.61,8.42,8.54,2290
2018-04-13 07:00:00,8.54,8.77,8.54,8.67,28110
2018-04-16 07:00:00,8.67,8.73,8.67,8.67,1890
2018-04-17 07:00:00,8.48,8.64,8.48,8.61,1500
2018-04-18 07:00:00,8.38,8.73,8.38,8.61,5350
2018-04-19 07:00:00,8.7,8.7,8.67,8.7,720
2018-04-20 07:00:00,8.7,8.73,8.7,8.7,1850
2018-04-23 07:00:00,8.7,8.7,8.29,8.29,1780
2018-04-24 07:00:00,8.29,8.64,8.29,8.64,2520
2018-04-26 07:00:00,8.86,9.18,8.64,8.86,4090
2018-04-27 07:00:00,9.05,9.05,8.35,8.86,3500
2018-05-02 07:00:00,9.47,9.47,8.86,9.12,2890
2018-05-03 07:00:00,9.44,9.44,9.12,9.15,2060
2018-05-04 07:00:00,9.37,9.37,9.02,9.02,4180
2018-05-07 07:00:00,8.93,9.12,8.48,9.05,1370
2018-05-08 07:00:00,9.05,9.05,8.54,9.05,2170
2018-05-09 07:00:00,8.48,9.05,8.48,8.99,640
2018-05-10 07:00:00,9.18,9.18,8.77,8.8,60
2018-05-11 07:00:00,9.24,9.24,9.05,9.24,2810
2018-05-14 07:00:00,8.61,9.18,8.61,9.18,5670
2018-05-15 07:00:00,9.18,9.31,9.12,9.31,8520
2018-05-16 07:00:00,9.31,9.31,9.24,9.24,1000
2018-05-17 07:00:00,9.71,9.71,9.71,9.71,100
2018-05-18 07:00:00,9.38,9.65,9.11,9.51,5460
2018-05-21 07:00:00,9.31,9.38,8.88,9.38,4490
2018-05-22 07:00:00,9.65,9.71,9.65,9.71,30
2018-05-23 07:00:00,9.35,9.38,9.35,9.38,660
2018-05-24 07:00:00,8.91,9.24,8.74,9.24,3730
2018-05-25 07:00:00,9.11,9.24,8.91,9.24,2510
2018-05-28 07:00:00,9.04,9.11,8.71,9.11,9510
2018-05-29 07:00:00,8.98,9.11,8.98,9.11,900
2018-05-30 07:00:00,8.84,9.24,8.84,9.24,4530
2018-05-31 07:00:00,9.85,9.85,8.98,9.24,1110
2018-06-01 07:00:00,9.04,9.24,8.91,9.24,5750
2018-06-04 07:00:00,8.91,9.24,8.84,8.84,4030
2018-06-05 07:00:00,8.84,9.24,8.84,9.18,2020
2018-06-06 07:00:00,9.24,9.24,9.24,9.24,1450
2018-06-07 07:00:00,8.91,9.24,8.91,9.24,4030
2018-06-08 07:00:00,8.91,9.18,8.91,9.18,3020
2018-06-11 07:00:00,9.18,9.18,9.04,9.04,1960
2018-06-12 07:00:00,8.84,8.84,8.44,8.71,26950
2018-06-13 07:00:00,8.64,9.04,8.37,9.04,13710
2018-06-14 07:00:00,9.04,9.04,9.04,9.04,300
2018-06-15 07:00:00,8.71,9.04,8.57,9.04,9920
2018-06-18 07:00:00,8.98,9.38,8.57,9.38,12820
2018-06-19 07:00:00,8.78,9.18,8.74,9.18,1610
2018-06-20 07:00:00,8.57,9.11,8.57,8.84,17120
2018-06-21 07:00:00,9.24,9.24,8.51,8.78,10330
2018-06-22 07:00:00,8.78,8.78,8.57,8.71,1780
2018-06-25 07:00:00,8.71,9.04,8.71,9.04,3330
2018-06-26 07:00:00,8.71,9.58,8.71,9.58,5010
2018-06-27 07:00:00,9.58,9.58,9.58,9.58,1610
2018-06-28 07:00:00,9.04,9.31,9.04,9.31,5720
2018-06-29 07:00:00,9.04,9.04,8.84,8.91,7860
2018-07-02 07:00:00,8.91,8.91,8.41,8.91,5480
2018-07-03 07:00:00,8.51,8.64,8.34,8.34,8220
2018-07-04 07:00:00,8.57,8.78,8.37,8.78,2830
2018-07-05 07:00:00,8.27,8.64,8.17,8.17,4840
2018-07-06 07:00:00,8.11,8.37,7.77,8.24,7980
2018-07-09 07:00:00,7.67,8.37,7.67,8.24,1510
2018-07-10 07:00:00,8.37,8.37,8.37,8.37,2010
2018-07-11 07:00:00,8.37,8.51,7.97,8.51,10900
2018-07-12 07:00:00,7.97,8.24,7.94,8.17,12240
2018-07-13 07:00:00,8.17,8.71,8.17,8.71,3660
2018-07-16 07:00:00,8.71,8.98,8.11,8.84,1240
2018-07-17 07:00:00,8.44,8.44,8.37,8.37,1210
2018-07-18 07:00:00,8.37,8.57,8.37,8.57,3460
2018-07-19 07:00:00,8.98,8.98,8.44,8.57,6240
2018-07-20 07:00:00,8.57,8.57,8.17,8.51,12480
2018-07-23 07:00:00,8.37,8.71,8.24,8.61,12860
2018-07-24 07:00:00,8.71,8.71,8.64,8.64,220
2018-07-25 07:00:00,8.31,8.54,8.24,8.24,10990
2018-07-26 07:00:00,8.27,8.44,8.27,8.37,13480
2018-07-27 07:00:00,8.51,8.57,8.34,8.57,8130
2018-07-30 07:00:00,8.64,8.71,8.34,8.57,24960
2018-07-31 07:00:00,8.37,8.51,8.37,8.51,33130
2018-08-01 07:00:00,9.04,9.04,9.04,9.04,20
2018-08-02 07:00:00,9.04,9.04,8.51,8.98,3190
2018-08-03 07:00:00,8.54,8.91,8.37,8.37,12240
2018-08-06 07:00:00,8.57,8.57,8.37,8.37,6010
2018-08-07 07:00:00,8.37,8.64,8.37,8.64,510
2018-08-08 07:00:00,8.37,8.64,8.31,8.64,6550
2018-08-09 07:00:00,8.61,8.61,8.41,8.47,16760
2018-08-10 07:00:00,8.47,8.51,8.41,8.51,9150
2018-08-13 07:00:00,8.31,8.47,8.31,8.47,1810
2018-08-14 07:00:00,8.31,8.54,8.31,8.54,480
2018-08-15 07:00:00,8.37,8.54,8.37,8.54,2220
2018-08-16 07:00:00,8.54,8.71,8.37,8.37,14890
2018-08-17 07:00:00,8.37,8.91,8.37,8.54,6220
2018-08-20 07:00:00,8.57,8.64,8.54,8.64,8380
2018-08-21 07:00:00,8.71,8.71,8.54,8.64,5990
2018-08-22 07:00:00,8.98,9.04,8.71,8.71,550
2018-08-23 07:00:00,8.84,9.28,8.71,8.71,10350
2018-08-24 07:00:00,8.57,8.71,8.54,8.71,8750
2018-08-27 07:00:00,8.71,9.04,8.54,9.04,68920
2018-08-28 07:00:00,9.38,9.38,9.04,9.04,150
2018-08-29 07:00:00,8.84,9.04,8.44,9.04,6960
2018-08-30 07:00:00,8.84,8.94,8.64,8.94,7980
2018-08-31 07:00:00,8.84,8.84,8.68,8.71,16710
2018-09-04 07:00:00,8.71,8.71,8.68,8.71,9110
2018-09-05 07:00:00,8.71,8.91,8.54,8.91,4640
2018-09-06 07:00:00,8.91,8.98,8.88,8.98,4990
2018-09-07 07:00:00,8.88,8.88,8.84,8.88,6400
2018-09-10 07:00:00,8.88,9.24,8.84,8.84,4140
2018-09-11 07:00:00,8.84,9.01,8.51,8.98,6100
2018-09-12 07:00:00,8.84,8.98,8.71,8.98,9650
2018-09-13 07:00:00,8.98,9.04,8.78,8.98,16290
2018-09-14 07:00:00,8.98,9.38,8.94,8.98,3970
2018-09-17 07:00:00,9.04,9.04,8.98,8.98,2970
2018-09-18 07:00:00,8.98,9.24,8.98,9.24,13030
2018-09-19 07:00:00,9.24,9.24,8.71,9.11,15740
2018-09-20 07:00:00,8.98,9.24,8.98,9.21,7200
2018-09-21 07:00:00,9.24,9.71,8.98,9.71,11310
2018-09-24 07:00:00,9.71,9.71,9.38,9.71,6710
2018-09-25 07:00:00,9.65,9.78,9.11,9.58,43180
2018-09-26 07:00:00,9.58,9.58,9.45,9.45,850
2018-09-27 07:00:00,9.45,9.45,9.14,9.45,7680
2018-09-28 07:00:00,9.38,9.71,9.38,9.71,12640
2018-10-01 07:00:00,9.45,9.68,9.38,9.65,17850
2018-10-02 07:00:00,9.38,9.71,9.04,9.58,18770
2018-10-03 07:00:00,9.58,9.58,9.31,9.58,14250
2018-10-04 07:00:00,9.38,9.71,9.38,9.71,5320
2018-10-05 07:00:00,9.71,9.71,9.45,9.71,12050
2018-10-08 07:00:00,10.05,10.05,9.65,9.91,19550
2018-10-09 07:00:00,9.91,9.91,9.55,9.71,23970
2018-10-10 07:00:00,9.85,9.85,9.71,9.71,910
2018-10-11 07:00:00,9.58,9.58,9.11,9.45,5550
2018-10-12 07:00:00,9.65,9.65,8.84,9.65,9150
2018-10-15 07:00:00,9.85,9.85,9.38,9.45,5660
2018-10-16 07:00:00,9.65,9.65,9.45,9.58,2600
2018-10-17 07:00:00,9.58,9.58,9.38,9.58,9140
2018-10-18 07:00:00,9.55,9.55,9.45,9.55,6720
2018-10-19 07:00:00,9.55,9.55,9.31,9.51,4510
2018-10-22 07:00:00,9.51,9.51,9.31,9.41,5190
2018-10-23 07:00:00,9.38,9.45,9.31,9.38,7080
2018-10-24 07:00:00,9.28,9.71,9.28,9.38,6510
2018-10-25 07:00:00,9.28,9.38,8.74,9.04,25150
2018-10-26 07:00:00,9.38,9.38,8.44,8.44,26010
2018-10-29 07:00:00,8.64,8.71,8.44,8.71,10480
2018-10-30 07:00:00,8.44,8.71,8.44,8.44,7410
2018-10-31 07:00:00,8.44,8.64,8.44,8.51,10810
2018-11-01 07:00:00,8.78,8.78,8.57,8.57,970
2018-11-02 07:00:00,8.98,8.98,8.98,8.98,10
2018-11-05 07:00:00,8.98,9.35,8.91,9.35,2420
2018-11-06 07:00:00,9.35,9.35,9.24,9.24,2000
2018-11-07 07:00:00,9.24,9.38,9.11,9.24,3410
2018-11-08 07:00:00,9.24,9.24,9.24,9.24,2800
2018-11-09 07:00:00,9.11,9.24,9.11,9.24,1030
2018-11-12 07:00:00,9.31,9.85,9.11,9.51,11450
2018-11-14 07:00:00,9.61,9.61,9.61,9.61,10
2018-11-15 07:00:00,9.61,9.61,9.61,9.61,20
2018-11-16 07:00:00,9.31,9.58,9.01,9.48,5350
2018-11-19 07:00:00,9.48,9.48,9.31,9.45,3740
2018-11-20 07:00:00,9.38,9.41,9.38,9.41,510
2018-11-21 07:00:00,9.35,9.35,9.31,9.35,2520
2018-11-22 07:00:00,9.31,9.51,8.98,9.45,2960
2018-11-23 07:00:00,9.35,9.38,9.35,9.38,1250
2018-11-26 07:00:00,9.38,9.48,9.31,9.31,1420
2018-11-27 07:00:00,9.28,9.48,9.28,9.48,2010
2018-11-28 07:00:00,9.35,9.45,9.11,9.38,3830
2018-11-29 07:00:00,9.18,9.35,9.11,9.35,5120
2018-11-30 07:00:00,9.14,9.38,9.11,9.38,3440
2018-12-03 07:00:00,9.38,9.38,9.38,9.38,30
2018-12-04 07:00:00,9.38,9.45,9.31,9.38,2210
2018-12-05 07:00:00,9.38,9.38,9.28,9.38,2730
2018-12-06 07:00:00,9.35,9.38,9.35,9.38,1030
2018-12-07 07:00:00,9.35,9.38,9.35,9.35,1090
2018-12-10 07:00:00,9.31,9.45,9.24,9.35,1780
2018-12-11 07:00:00,9.28,9.28,9.11,9.28,2830
2018-12-12 07:00:00,9.24,9.28,9.11,9.28,3340
2018-12-13 07:00:00,9.24,9.51,9.24,9.38,2570
2018-12-14 07:00:00,9.11,9.51,9.11,9.51,5180
2018-12-17 07:00:00,9.58,9.58,9.58,9.58,10
2018-12-18 07:00:00,9.58,9.58,9.18,9.58,5840
2018-12-19 07:00:00,9.31,9.38,9.11,9.38,11200
2018-12-20 07:00:00,9.18,9.38,9.18,9.38,8510
2018-12-21 07:00:00,9.18,9.24,9.18,9.24,8610
2018-12-24 07:00:00,9.18,9.31,8.71,9.28,5930
2018-12-25 07:00:00,9.18,9.71,9.18,9.31,1040
2018-12-26 07:00:00,9.18,9.31,9.11,9.31,3010
2018-12-27 07:00:00,9.45,9.45,9.04,9.24,3750
2018-12-28 07:00:00,9.18,9.24,9.04,9.04,4940
2019-01-02 07:00:00,9.04,9.11,8.78,9.11,6660
2019-01-03 07:00:00,9.04,9.18,8.98,9.18,11140
2019-01-04 07:00:00,9.18,9.38,8.84,9.24,12220
2019-01-07 07:00:00,9.04,9.18,8.98,9.18,6250
2019-01-08 07:00:00,9.45,9.45,8.91,9.45,8930
2019-01-09 07:00:00,9.14,9.14,9.14,9.14,390
2019-01-10 07:00:00,8.91,9.14,8.91,9.04,2360
2019-01-11 07:00:00,8.91,9.11,8.71,8.84,6100
2019-01-14 07:00:00,8.91,8.98,8.84,8.98,2820
2019-01-15 07:00:00,8.91,8.91,8.57,8.84,13770
2019-01-16 07:00:00,8.57,8.78,8.57,8.57,15030
2019-01-17 07:00:00,8.57,8.84,8.57,8.84,7000
2019-01-18 07:00:00,8.84,8.84,8.71,8.71,1060
2019-01-21 07:00:00,8.71,9.11,8.71,9.11,5220
2019-01-22 07:00:00,9.11,9.11,8.91,8.98,5560
2019-01-23 07:00:00,8.91,9.11,8.91,9.11,3370
2019-01-24 07:00:00,8.94,9.04,8.91,9.04,6690
2019-01-25 07:00:00,8.91,9.04,8.91,9.04,5910
2019-01-28 07:00:00,9.04,9.08,9.04,9.08,330
2019-01-29 07:00:00,9.11,9.11,9.11,9.11,460
2019-01-30 07:00:00,9.11,9.11,8.84,9.11,2230
2019-01-31 07:00:00,8.91,9.04,8.91,9.04,6700
2019-02-01 07:00:00,9.04,9.65,8.91,9.51,17490
2019-02-11 07:00:00,9.51,10.15,9.24,10.05,22310
2019-02-12 07:00:00,9.58,9.98,9.38,9.91,19320
2019-02-13 07:00:00,9.71,9.71,9.58,9.71,6530
2019-02-14 07:00:00,9.38,9.65,9.38,9.65,15490
2019-02-15 07:00:00,9.38,9.71,9.38,9.71,17700
2019-02-18 07:00:00,9.68,9.85,9.58,9.71,21430
2019-02-19 07:00:00,9.81,9.81,9.65,9.71,13070
2019-02-20 07:00:00,9.71,9.98,9.65,9.98,17740
2019-02-21 07:00:00,9.78,9.95,9.65,9.78,27150
2019-02-22 07:00:00,9.78,9.78,9.65,9.78,17040
2019-02-25 07:00:00,9.91,9.91,9.65,9.65,14460
2019-02-26 07:00:00,9.65,9.85,9.38,9.85,15010
2019-02-27 07:00:00,9.58,10.05,9.48,9.81,25370
2019-02-28 07:00:00,9.58,9.78,9.58,9.75,8770
2019-03-01 07:00:00,9.58,9.91,9.51,9.78,56950
2019-03-04 07:00:00,9.51,9.71,9.45,9.71,32680
2019-03-05 07:00:00,9.65,9.71,9.48,9.71,4590
2019-03-06 07:00:00,9.65,9.71,9.51,9.68,6020
2019-03-07 07:00:00,9.68,9.68,9.38,9.65,35970
2019-03-08 07:00:00,9.45,10.32,9.41,10.32,19500
2019-03-11 07:00:00,9.61,9.78,9.61,9.71,50740
2019-03-12 07:00:00,9.78,9.78,9.38,9.78,53740
2019-03-13 07:00:00,9.78,9.78,9.68,9.68,10010
2019-03-14 07:00:00,9.68,9.71,9.58,9.71,13250
2019-03-15 07:00:00,9.71,9.71,9.58,9.68,10210
2019-03-18 07:00:00,9.65,9.71,9.51,9.68,18900
2019-03-19 07:00:00,9.61,9.61,9.58,9.61,5220
2019-03-20 07:00:00,9.58,9.58,9.41,9.58,12010
2019-03-21 07:00:00,9.65,9.65,9.45,9.48,21630
2019-03-22 07:00:00,9.55,9.58,9.48,9.55,6040
2019-03-25 07:00:00,9.65,10.05,9.38,9.58,14570
2019-03-26 07:00:00,9.58,9.58,9.41,9.58,35980
2019-03-27 07:00:00,9.38,9.45,9.38,9.45,15940
2019-03-28 07:00:00,9.38,9.58,9.31,9.38,11680
2019-03-29 07:00:00,9.38,9.45,9.35,9.45,5040
2019-04-01 07:00:00,9.45,9.45,9.18,9.41,14270
2019-04-02 07:00:00,9.31,9.45,9.31,9.45,20
2019-04-03 07:00:00,9.31,9.45,9.31,9.45,830
2019-04-04 07:00:00,9.45,10.08,9.38,9.71,18260
2019-04-05 07:00:00,9.51,9.78,9.45,9.78,3810
2019-04-08 07:00:00,9.78,9.78,9.45,9.71,8200
2019-04-09 07:00:00,9.65,9.65,9.38,9.58,12850
2019-04-10 07:00:00,9.45,9.51,9.38,9.51,9920
2019-04-11 07:00:00,9.38,9.58,9.38,9.58,4180
2019-04-12 07:00:00,9.48,9.58,9.48,9.58,7010
2019-04-16 07:00:00,9.55,9.58,9.41,9.58,12960
2019-04-17 07:00:00,9.41,9.51,9.41,9.51,14440
2019-04-18 07:00:00,9.41,9.51,9.41,9.51,7710
2019-04-19 07:00:00,9.45,9.48,9.45,9.45,3510
2019-04-22 07:00:00,9.45,9.45,9.38,9.45,7410
2019-04-23 07:00:00,9.38,9.38,9.04,9.38,12330
2019-04-24 07:00:00,9.38,9.38,9.38,9.38,2700
2019-04-25 07:00:00,9.38,9.58,9.11,9.45,12550
2019-04-26 07:00:00,9.35,9.38,9.11,9.35,14410
2019-05-02 07:00:00,9.51,9.55,9.14,9.45,2060
2019-05-03 07:00:00,9.48,9.48,9.48,9.48,20
2019-05-06 07:00:00,9.35,9.45,9.35,9.45,2470
2019-05-07 07:00:00,9.41,9.41,9.35,9.41,6350
2019-05-08 07:00:00,9.35,9.71,9.31,9.71,12880
2019-05-09 07:00:00,9.71,9.78,9.38,9.65,12050
2019-05-10 07:00:00,9.45,9.71,9.08,9.61,8750
2019-05-13 07:00:00,9.41,9.58,9.38,9.58,2880
2019-05-14 07:00:00,9.38,9.71,9.38,9.71,6830
2019-05-15 07:00:00,9.71,9.71,9.38,9.58,21140
2019-05-16 07:00:00,9.38,9.58,9.38,9.58,9400
2019-05-17 07:00:00,9.44,9.93,9.44,9.93,4580
2019-05-20 07:00:00,9.9,9.93,9.79,9.93,4290
2019-05-21 07:00:00,9.79,9.9,9.79,9.86,3730
2019-05-22 07:00:00,9.9,9.97,9.79,9.9,9550
2019-05-23 07:00:00,9.9,9.93,9.83,9.83,4870
2019-05-24 07:00:00,9.86,9.86,9.79,9.86,7310
2019-05-27 07:00:00,9.83,9.86,9.79,9.86,4920
2019-05-28 07:00:00,9.93,10.01,9.79,9.86,5190
2019-05-29 07:00:00,9.93,10.43,9.86,10.25,137420
2019-05-30 07:00:00,10.5,10.93,10.5,10.64,106270
2019-05-31 07:00:00,10.86,10.93,10.57,10.64,81190
2019-06-03 07:00:00,10.64,11.39,10.57,11.39,244270
2019-06-04 07:00:00,11.71,12.17,11.67,11.99,169710
2019-06-05 07:00:00,12.24,12.63,11.99,12.03,29180
2019-06-06 07:00:00,11.99,11.99,11.5,11.99,76090
2019-06-07 07:00:00,11.81,12.81,11.78,12.7,123970
2019-06-10 07:00:00,12.7,12.77,12.06,12.31,24540
2019-06-11 07:00:00,12.31,12.52,11.78,11.78,54290
2019-06-12 07:00:00,11.78,11.99,11.07,11.5,86160
2019-06-13 07:00:00,11.42,12.06,11.42,12.06,36110
2019-06-14 07:00:00,12.35,12.35,11.6,11.6,38030
2019-06-17 07:00:00,11.6,11.71,11.28,11.35,21650
2019-06-18 07:00:00,11.35,11.35,10.93,11.28,29380
2019-06-19 07:00:00,11.35,11.53,11.21,11.35,30490
2019-06-20 07:00:00,11.21,11.71,10.86,11.0,57750
2019-06-21 07:00:00,11.21,11.21,10.5,10.57,64760
2019-06-24 07:00:00,10.57,10.96,10.57,10.64,29700
2019-06-25 07:00:00,10.64,10.64,10.29,10.29,47410
2019-06-26 07:00:00,10.5,10.64,10.29,10.43,21460
2019-06-27 07:00:00,10.57,10.86,10.36,10.57,29750
2019-06-28 07:00:00,10.54,10.61,10.25,10.5,27990
2019-07-01 07:00:00,10.32,10.64,10.29,10.5,32060
2019-07-02 07:00:00,10.5,10.64,10.08,10.57,28330
2019-07-03 07:00:00,10.64,10.64,10.36,10.64,16330
2019-07-04 07:00:00,10.57,10.64,10.5,10.57,14240
2019-07-05 07:00:00,10.57,10.93,10.57,10.79,22680
2019-07-08 07:00:00,10.72,11.35,10.57,11.35,39650
2019-07-09 07:00:00,11.35,11.57,11.21,11.5,10350
2019-07-10 07:00:00,11.67,11.67,11.21,11.32,21340
2019-07-11 07:00:00,11.28,11.28,10.68,11.18,22540
2019-07-12 07:00:00,11.14,11.14,10.89,11.07,7090
2019-07-15 07:00:00,11.07,11.21,10.79,11.14,47460
2019-07-16 07:00:00,11.14,11.14,10.86,11.0,23040
2019-07-17 07:00:00,11.03,11.03,10.64,10.86,36080
2019-07-18 07:00:00,11.03,11.21,10.64,11.14,84590
2019-07-19 07:00:00,11.5,11.5,11.0,11.21,38740
2019-07-22 07:00:00,11.21,11.32,11.11,11.21,36330
2019-07-23 07:00:00,11.21,11.21,11.14,11.21,14770
2019-07-24 07:00:00,11.14,11.21,10.79,11.0,31820
2019-07-25 07:00:00,10.93,11.0,10.86,11.0,24590
2019-07-26 07:00:00,11.07,11.07,10.86,11.0,19010
2019-07-29 07:00:00,10.89,11.71,10.86,11.5,50390
2019-07-30 07:00:00,11.5,11.57,11.21,11.32,18620
2019-07-31 07:00:00,11.35,11.35,11.07,11.28,11890
2019-08-01 07:00:00,11.07,11.64,11.0,11.57,64080
2019-08-02 07:00:00,11.64,12.21,11.35,12.13,77510
2019-08-05 07:00:00,12.13,12.21,11.64,12.13,43720
2019-08-06 07:00:00,11.78,11.85,11.5,11.78,84930
2019-08-07 07:00:00,11.78,12.38,11.78,12.38,140760
2019-08-08 07:00:00,12.28,12.7,12.28,12.49,91290
2019-08-09 07:00:00,12.49,12.49,12.13,12.38,41570
2019-08-12 07:00:00,12.42,12.42,12.13,12.28,12180
2019-08-13 07:00:00,11.99,12.24,11.64,12.21,55640
2019-08-14 07:00:00,12.06,12.42,11.78,12.42,34540
2019-08-15 07:00:00,12.06,12.77,12.06,12.7,74760
2019-08-16 07:00:00,12.88,13.06,12.7,12.77,53450
2019-08-19 07:00:00,13.13,13.13,12.56,12.91,18250
2019-08-20 07:00:00,12.91,12.91,12.63,12.77,20160
2019-08-21 07:00:00,12.77,12.77,12.28,12.7,21730
2019-08-22 07:00:00,12.67,12.81,12.28,12.63,25190
2019-08-23 07:00:00,12.63,12.63,12.28,12.56,12270
2019-08-26 07:00:00,12.35,12.52,12.06,12.49,19870
2019-08-27 07:00:00,12.21,12.49,12.21,12.42,16670
2019-08-28 07:00:00,12.42,12.42,11.92,12.21,16890
2019-08-29 07:00:00,12.06,12.13,11.92,12.06,27250
2019-08-30 07:00:00,12.13,12.21,11.99,12.13,21850
2019-09-03 07:00:00,12.06,12.1,11.92,11.99,14390
2019-09-04 07:00:00,12.03,12.49,11.92,12.49,40510
2019-09-05 07:00:00,12.49,12.77,12.49,12.74,15660
2019-09-06 07:00:00,12.63,12.63,12.28,12.42,9350
2019-09-09 07:00:00,12.7,12.7,12.06,12.35,8480
2019-09-10 07:00:00,12.21,12.28,12.06,12.06,7880
2019-09-11 07:00:00,11.85,12.42,11.85,12.17,25800
2019-09-12 07:00:00,12.42,12.42,11.92,12.21,7350
2019-09-13 07:00:00,12.13,12.21,11.85,12.13,9450
2019-09-16 07:00:00,11.92,12.06,11.85,12.06,11850
2019-09-17 07:00:00,11.92,12.06,11.71,12.06,19390
2019-09-18 07:00:00,11.85,11.96,11.78,11.96,16850
2019-09-19 07:00:00,11.96,11.96,11.92,11.96,2790
2019-09-20 07:00:00,11.96,11.96,11.67,11.67,11800
2019-09-23 07:00:00,11.99,11.99,11.64,11.78,74140
2019-09-24 07:00:00,11.85,11.85,10.96,11.5,34960
2019-09-25 07:00:00,11.21,11.46,11.0,11.35,4230
2019-09-26 07:00:00,11.21,11.28,10.64,11.28,12270
2019-09-27 07:00:00,10.79,11.14,10.64,11.0,27270
2019-09-30 07:00:00,11.0,11.11,10.89,11.07,6270
2019-10-01 07:00:00,11.07,11.14,10.79,11.11,6850
2019-10-02 07:00:00,11.07,11.07,10.79,10.96,10910
2019-10-03 07:00:00,11.14,11.42,10.93,10.93,6940
2019-10-04 07:00:00,10.93,10.93,10.72,10.93,15320
2019-10-07 07:00:00,11.07,11.07,10.79,11.0,2570
2019-10-08 07:00:00,10.86,10.96,10.75,10.75,4680
2019-10-09 07:00:00,10.86,11.07,10.79,10.93,7500
2019-10-10 07:00:00,11.0,11.0,10.64,10.86,5030
2019-10-11 07:00:00,10.64,11.6,10.57,10.89,11490
2019-10-14 07:00:00,10.54,10.93,10.54,10.89,13900
2019-10-15 07:00:00,10.93,10.93,10.64,10.93,27550
2019-10-16 07:00:00,10.64,11.03,10.64,11.0,8290
2019-10-17 07:00:00,10.79,11.03,10.72,10.72,13610
2019-10-18 07:00:00,10.96,10.96,10.64,10.89,8490
2019-10-21 07:00:00,10.96,10.96,10.64,10.86,5400
2019-10-22 07:00:00,10.64,10.86,10.64,10.82,34230
2019-10-23 07:00:00,10.57,10.86,10.57,10.82,5140
2019-10-24 07:00:00,10.57,10.72,10.57,10.72,4720
2019-10-25 07:00:00,10.64,10.64,10.36,10.64,8150
2019-10-28 07:00:00,10.64,11.0,10.43,11.0,10630
2019-10-29 07:00:00,11.21,11.21,10.32,10.86,5760
2019-10-30 07:00:00,10.72,10.93,10.57,10.93,8250
2019-10-31 07:00:00,10.86,10.86,10.57,10.57,1640
2019-11-01 07:00:00,10.57,10.82,10.5,10.82,5820
2019-11-04 07:00:00,10.57,10.86,10.43,10.43,13470
2019-11-05 07:00:00,10.43,10.79,10.43,10.79,4330
2019-11-06 07:00:00,10.64,10.79,10.29,10.64,19820
2019-11-07 07:00:00,10.57,10.57,10.5,10.5,2220
2019-11-08 07:00:00,10.15,10.64,10.15,10.64,7180
2019-11-11 07:00:00,10.64,10.64,10.29,10.29,9010
2019-11-12 07:00:00,10.29,10.5,10.15,10.5,7170
2019-11-13 07:00:00,10.5,10.5,10.22,10.43,7430
2019-11-14 07:00:00,10.43,10.43,10.01,10.36,13250
2019-11-15 07:00:00,10.08,10.4,10.08,10.36,5240
2019-11-18 07:00:00,10.29,10.4,10.11,10.36,5220
2019-11-19 07:00:00,10.29,10.64,10.29,10.5,5050
2019-11-20 07:00:00,10.29,10.5,10.29,10.5,6430
2019-11-21 07:00:00,10.29,10.5,10.29,10.4,6390
2019-11-22 07:00:00,10.29,10.5,10.29,10.5,4320
2019-11-25 07:00:00,10.36,10.5,10.29,10.5,12520
2019-11-26 07:00:00,10.32,10.47,10.25,10.47,3470
2019-11-27 07:00:00,10.43,10.43,10.01,10.4,8120
2019-11-28 07:00:00,10.29,10.4,10.29,10.4,4420
2019-11-29 07:00:00,10.29,10.29,10.29,10.29,4710
2019-12-02 07:00:00,10.15,10.5,10.01,10.4,10420
2019-12-03 07:00:00,10.08,10.36,10.08,10.32,1930
2019-12-04 07:00:00,10.08,10.4,10.08,10.4,3550
2019-12-05 07:00:00,10.32,10.32,10.15,10.32,2660
2019-12-06 07:00:00,10.15,10.32,10.15,10.32,8040
2019-12-09 07:00:00,10.08,10.25,10.08,10.25,4460
2019-12-10 07:00:00,10.22,10.22,10.22,10.22,950
2019-12-11 07:00:00,10.04,10.04,10.04,10.04,1270
2019-12-12 07:00:00,10.36,10.36,10.01,10.11,13950
2019-12-13 07:00:00,10.01,10.29,10.01,10.22,2120
2019-12-16 07:00:00,10.22,10.22,10.01,10.18,3940
2019-12-17 07:00:00,10.29,10.29,9.79,10.25,4620
2019-12-18 07:00:00,10.15,10.22,10.15,10.22,1200
2019-12-19 07:00:00,10.01,10.22,10.01,10.22,3530
2019-12-20 07:00:00,10.01,10.29,10.01,10.29,12970
2019-12-23 07:00:00,10.29,10.64,10.22,10.32,6860
2019-12-24 07:00:00,10.15,10.25,10.01,10.01,3660
2019-12-25 07:00:00,10.29,10.29,10.08,10.15,3660
2019-12-26 07:00:00,10.08,10.15,10.08,10.15,1930
2019-12-27 07:00:00,10.22,10.22,9.65,9.65,25250
2019-12-30 07:00:00,9.93,10.15,9.65,9.93,32910
2019-12-31 07:00:00,9.93,9.93,9.65,9.86,26270
2020-01-02 07:00:00,9.72,9.72,9.65,9.65,37850
2020-01-03 07:00:00,9.86,9.86,9.65,9.86,23040
2020-01-06 07:00:00,9.9,9.9,9.76,9.86,3330
2020-01-07 07:00:00,10.08,10.08,9.58,9.83,12300
2020-01-08 07:00:00,9.79,9.79,9.22,9.58,13620
2020-01-09 07:00:00,9.58,9.79,9.58,9.79,3380
2020-01-10 07:00:00,9.79,9.86,9.65,9.86,5760
2020-01-13 07:00:00,9.79,9.79,9.65,9.79,7010
2020-01-14 07:00:00,9.72,9.86,9.65,9.79,10000
2020-01-15 07:00:00,9.72,9.86,9.72,9.72,7080
2020-01-16 07:00:00,9.72,9.93,9.72,9.83,6660
2020-01-17 07:00:00,9.79,9.93,9.79,9.93,100170
2020-01-20 07:00:00,9.93,10.29,9.79,9.86,35770
2020-01-21 07:00:00,10.15,10.15,9.69,9.86,7410
2020-01-22 07:00:00,9.79,9.86,9.72,9.86,8010
2020-01-30 07:00:00,9.19,9.9,9.19,9.19,38660
2020-01-31 07:00:00,8.73,9.22,8.55,8.55,45020
2020-02-03 07:00:00,8.59,8.73,7.98,8.44,80160
2020-02-04 07:00:00,8.41,8.41,7.98,8.37,39520
2020-02-05 07:00:00,8.37,8.48,8.16,8.34,6520
2020-02-06 07:00:00,8.34,8.52,8.23,8.44,10200
2020-02-07 07:00:00,8.44,8.52,8.44,8.52,8500
2020-02-10 07:00:00,8.52,8.62,8.44,8.62,15140
2020-02-11 07:00:00,8.62,9.22,8.62,9.08,11820
2020-02-12 07:00:00,9.44,9.44,9.08,9.26,5400
2020-02-13 07:00:00,9.26,9.26,9.08,9.12,14090
2020-02-14 07:00:00,9.08,9.3,8.87,9.19,18540
2020-02-17 07:00:00,8.94,9.19,8.94,9.15,5070
2020-02-18 07:00:00,9.3,9.3,8.94,9.15,14570
2020-02-19 07:00:00,8.94,9.15,8.94,9.15,17990
2020-02-20 07:00:00,9.01,9.3,8.94,9.15,25700
2020-02-21 07:00:00,9.15,9.19,9.15,9.19,2410
2020-02-24 07:00:00,9.05,9.19,8.94,8.94,16710
2020-02-25 07:00:00,8.94,8.94,8.73,8.73,12510
2020-02-26 07:00:00,8.94,8.94,8.73,8.8,10350
2020-02-27 07:00:00,8.73,9.22,8.66,9.22,19800
2020-02-28 07:00:00,8.76,8.8,8.66,8.8,20970
2020-03-02 07:00:00,8.73,9.15,8.66,8.87,15070
2020-03-03 07:00:00,9.01,9.01,8.73,8.87,4280
2020-03-04 07:00:00,8.8,9.01,8.73,9.01,11480
2020-03-05 07:00:00,8.8,8.94,8.76,8.94,13390
2020-03-06 07:00:00,8.8,9.08,8.8,9.08,6640
2020-03-09 07:00:00,8.8,8.8,8.48,8.48,10420
2020-03-10 07:00:00,7.95,8.59,7.91,7.95,73190
2020-03-11 07:00:00,8.37,8.37,7.45,7.95,45700
2020-03-12 07:00:00,7.91,8.44,7.42,8.44,20760
2020-03-13 07:00:00,8.44,8.44,7.88,8.16,12410
2020-03-16 07:00:00,7.95,8.37,7.88,8.13,9840
2020-03-17 07:00:00,7.95,8.66,7.88,8.66,12710
2020-03-18 07:00:00,8.62,8.66,8.05,8.05,22160
2020-03-19 07:00:00,7.59,8.02,7.56,8.02,6570
2020-03-20 07:00:00,7.73,8.02,7.59,8.02,17170
2020-03-23 07:00:00,7.66,7.66,7.49,7.63,18490
2020-03-24 07:00:00,7.49,7.81,7.31,7.81,17550
2020-03-25 07:00:00,8.02,8.02,7.34,7.66,39710
2020-03-26 07:00:00,7.45,7.45,7.2,7.38,46780
2020-03-27 07:00:00,7.31,7.31,6.99,7.24,32320
2020-03-30 07:00:00,6.99,6.99,6.73,6.73,27530
2020-03-31 07:00:00,6.99,6.99,6.28,6.6,25440
2020-04-01 07:00:00,6.53,6.81,6.39,6.39,25720
2020-04-03 07:00:00,6.6,6.81,6.6,6.81,7860
2020-04-06 07:00:00,6.74,7.27,6.74,7.24,16460
2020-04-07 07:00:00,7.66,7.66,7.03,7.38,10670
2020-04-08 07:00:00,7.24,7.45,7.1,7.45,17560
2020-04-09 07:00:00,7.63,7.81,7.49,7.77,8600
2020-04-10 07:00:00,7.95,8.02,7.24,7.45,19910
2020-04-13 07:00:00,7.81,7.81,7.59,7.59,6790
2020-04-14 07:00:00,7.66,7.95,7.52,7.73,17550
2020-04-15 07:00:00,7.73,7.81,7.52,7.63,20410
2020-04-16 07:00:00,7.59,7.77,7.52,7.73,16600
2020-04-17 07:00:00,7.73,8.23,7.63,7.73,39550
2020-04-20 07:00:00,8.09,8.09,7.73,8.02,38030
2020-04-21 07:00:00,7.81,8.02,7.73,7.88,20320
2020-04-22 07:00:00,7.88,7.88,7.73,7.77,21330
2020-04-23 07:00:00,7.81,8.02,7.77,8.02,12900
2020-04-24 07:00:00,7.81,7.84,7.81,7.81,11670
2020-04-27 07:00:00,7.81,8.09,7.81,7.81,11400
2020-04-28 07:00:00,7.81,8.02,7.81,7.95,11560
2020-04-29 07:00:00,7.88,7.95,7.81,7.88,9450
2020-05-04 07:00:00,7.84,7.84,7.73,7.81,27260
2020-05-05 07:00:00,7.81,7.95,7.73,7.95,29930
2020-05-06 07:00:00,7.95,7.98,7.81,7.81,2640
2020-05-07 07:00:00,7.91,7.91,7.81,7.84,15380
2020-05-08 07:00:00,7.88,8.37,7.88,8.37,46220
2020-05-11 07:00:00,8.94,8.94,8.8,8.94,41980
2020-05-12 07:00:00,9.37,9.54,9.15,9.54,63750
2020-05-13 07:00:00,9.37,9.76,8.91,8.91,46900
2020-05-14 07:00:00,8.91,8.91,8.52,8.59,21430
2020-05-15 07:00:00,8.59,9.15,8.59,9.01,10970
2020-05-18 07:00:00,9.01,9.01,8.52,8.94,9710
2020-05-19 07:00:00,8.59,9.22,8.59,8.87,19810
2020-05-20 07:00:00,8.73,9.01,8.59,8.59,15400
2020-05-21 07:00:00,8.8,9.05,8.52,9.05,16070
2020-05-22 07:00:00,8.69,8.87,8.69,8.87,6620
2020-05-25 07:00:00,8.73,8.87,8.66,8.83,10790
2020-05-26 07:00:00,8.8,8.83,8.59,8.83,13190
2020-05-27 07:00:00,8.83,8.83,8.66,8.66,12310
2020-05-28 07:00:00,8.52,8.8,8.52,8.73,14610
2020-05-29 07:00:00,8.69,8.73,8.37,8.73,9810
2020-06-01 07:00:00,8.55,8.8,8.55,8.8,14590
2020-06-02 07:00:00,8.73,8.8,8.66,8.8,2680
2020-06-03 07:00:00,8.73,8.73,8.52,8.73,2550
2020-06-04 07:00:00,8.69,9.33,8.59,9.22,49660
2020-06-05 07:00:00,9.05,9.05,8.59,9.05,17500
2020-06-08 07:00:00,8.73,9.01,8.66,8.8,25240
2020-06-09 07:00:00,8.8,9.3,8.8,9.05,96260
2020-06-10 07:00:00,9.01,9.05,8.94,9.01,29570
2020-06-11 07:00:00,8.94,9.01,8.87,8.98,28150
2020-06-12 07:00:00,8.76,8.91,8.44,8.73,28350
2020-06-15 07:00:00,8.59,8.59,8.16,8.27,33300
2020-06-16 07:00:00,8.23,8.27,8.09,8.16,32080
2020-06-17 07:00:00,8.13,8.13,8.02,8.13,7610
2020-06-18 07:00:00,7.95,8.09,7.95,8.09,7930
2020-06-19 07:00:00,7.91,8.52,7.91,8.52,18920
2020-06-22 07:00:00,8.16,8.41,8.09,8.13,16610
2020-06-23 07:00:00,8.13,8.27,8.13,8.27,20070
2020-06-24 07:00:00,8.27,8.27,8.09,8.23,2950
2020-06-25 07:00:00,8.16,8.16,7.95,8.16,3860
2020-06-26 07:00:00,8.16,8.34,8.16,8.27,31720
2020-06-29 07:00:00,8.23,8.23,8.09,8.23,8640
2020-06-30 07:00:00,8.09,8.16,8.09,8.16,10550
2020-07-01 07:00:00,8.09,8.16,8.02,8.09,6060
2020-07-02 07:00:00,8.09,8.23,8.02,8.23,8260
2020-07-03 07:00:00,8.23,8.23,8.09,8.23,13000
2020-07-06 07:00:00,8.16,8.16,8.09,8.16,10900
2020-07-07 07:00:00,8.16,8.23,8.16,8.2,22300
2020-07-08 07:00:00,8.16,8.2,8.16,8.2,7220
2020-07-09 07:00:00,8.16,8.44,8.09,8.44,30220
2020-07-10 07:00:00,8.16,8.3,8.16,8.3,17700
2020-07-13 07:00:00,8.3,8.45,7.85,8.45,21970
2020-07-14 07:00:00,8.07,8.34,8.07,8.34,1320
2020-07-15 07:00:00,8.45,8.53,8.34,8.53,7040
2020-07-16 07:00:00,8.23,8.49,8.23,8.45,1410
2020-07-17 07:00:00,8.3,8.45,8.3,8.3,2880
2020-07-20 07:00:00,8.3,8.3,8.15,8.23,6680
2020-07-21 07:00:00,8.07,8.07,7.92,8.07,1840
2020-07-22 07:00:00,7.92,8.04,7.54,8.04,5030
2020-07-23 07:00:00,7.92,7.92,7.85,7.92,5310
2020-07-24 07:00:00,7.62,7.77,7.4,7.4,24520
2020-07-27 07:00:00,7.4,7.46,6.93,7.14,31140
2020-07-28 07:00:00,7.14,7.43,7.14,7.24,9710
2020-07-29 07:00:00,7.24,7.24,6.86,6.86,8140
2020-07-30 07:00:00,7.01,7.05,7.01,7.01,8010
2020-07-31 07:00:00,7.01,7.05,6.93,6.93,2770
2020-08-03 07:00:00,6.86,7.13,6.86,7.13,23510
2020-08-04 07:00:00,7.13,7.62,7.13,7.39,8440
2020-08-05 07:00:00,7.39,7.62,7.39,7.54,2840
2020-08-06 07:00:00,7.54,7.54,7.39,7.46,8800
2020-08-07 07:00:00,7.16,7.45,7.08,7.39,15140
2020-08-10 07:00:00,7.39,7.62,7.31,7.62,5870
2020-08-11 07:00:00,7.62,7.88,7.46,7.46,3090
2020-08-12 07:00:00,7.46,7.52,7.39,7.52,5450
2020-08-13 07:00:00,7.47,7.5,7.43,7.43,13020
2020-08-14 07:00:00,7.43,7.43,7.4,7.42,14450
2020-08-17 07:00:00,7.42,7.42,7.34,7.4,9190
2020-08-18 07:00:00,7.24,7.35,7.24,7.32,1230
2020-08-19 07:00:00,7.34,7.69,7.33,7.52,9610
2020-08-20 07:00:00,7.52,7.58,7.46,7.54,3160
2020-08-21 07:00:00,7.46,7.53,7.46,7.53,11650
2020-08-24 07:00:00,7.53,7.77,7.49,7.77,17510
2020-08-25 07:00:00,7.77,7.77,7.58,7.77,24340
2020-08-26 07:00:00,7.69,7.77,7.58,7.77,9360
2020-08-27 07:00:00,7.5,7.69,7.5,7.62,25020
2020-08-28 07:00:00,7.54,7.61,7.54,7.58,18230
2020-08-31 07:00:00,7.5,7.59,7.5,7.59,3540
2020-09-01 07:00:00,7.59,7.88,7.56,7.88,28860
2020-09-03 07:00:00,7.92,7.96,7.77,7.96,27160
2020-09-04 07:00:00,7.81,7.81,7.62,7.81,7400
2020-09-07 07:00:00,7.81,7.92,7.77,7.92,8450
2020-09-08 07:00:00,7.81,7.81,7.62,7.81,10190
2020-09-09 07:00:00,7.77,7.85,7.77,7.85,20120
2020-09-10 07:00:00,8.15,8.38,7.92,8.38,39060
2020-09-11 07:00:00,8.38,8.76,8.3,8.45,20750
2020-09-14 07:00:00,8.45,8.57,8.45,8.57,19560
2020-09-15 07:00:00,8.3,8.53,8.3,8.49,15460
2020-09-16 07:00:00,8.49,8.49,8.3,8.45,17250
2020-09-17 07:00:00,8.3,8.38,8.0,8.34,12980
2020-09-18 07:00:00,8.07,8.53,8.07,8.38,16470
2020-09-21 07:00:00,8.38,8.38,8.15,8.38,8110
2020-09-22 07:00:00,8.3,8.38,8.23,8.38,9680
2020-09-23 07:00:00,8.26,8.26,8.19,8.26,10640
2020-09-24 07:00:00,8.15,8.23,7.88,8.19,31580
2020-09-25 07:00:00,8.04,8.15,8.0,8.15,10990
2020-09-28 07:00:00,8.0,8.45,8.0,8.45,23030
2020-09-29 07:00:00,8.45,8.45,8.26,8.26,16720
2020-09-30 07:00:00,8.23,8.34,8.23,8.34,3150
2020-10-01 07:00:00,8.34,8.38,8.23,8.34,14480
2020-10-02 07:00:00,8.23,8.38,8.07,8.26,16570
2020-10-05 07:00:00,8.38,8.38,8.23,8.38,14020
2020-10-06 07:00:00,8.23,8.38,8.23,8.38,4630
2020-10-07 07:00:00,8.38,8.38,8.23,8.23,10260
2020-10-08 07:00:00,8.23,8.26,8.23,8.26,3260
2020-10-09 07:00:00,8.26,8.26,8.19,8.26,5110
2020-10-12 07:00:00,8.23,8.42,8.11,8.38,25410
2020-10-13 07:00:00,8.23,8.34,8.23,8.23,2670
2020-10-14 07:00:00,8.3,8.3,8.15,8.26,2760
2020-10-15 07:00:00,8.07,8.26,8.07,8.26,1100
2020-10-16 07:00:00,8.07,8.23,8.07,8.19,4060
2020-10-19 07:00:00,8.15,8.19,8.11,8.19,14810
2020-10-20 07:00:00,8.11,8.19,8.11,8.19,12210
2020-10-21 07:00:00,8.15,8.26,8.15,8.15,18360
2020-10-22 07:00:00,8.15,8.19,8.15,8.19,3370
2020-10-23 07:00:00,8.15,8.3,8.11,8.3,13300
2020-10-26 07:00:00,8.15,8.23,8.11,8.23,5350
2020-10-27 07:00:00,8.23,8.23,8.07,8.15,3650
2020-10-28 07:00:00,8.0,8.04,7.96,8.04,5070
2020-10-29 07:00:00,7.77,7.92,7.77,7.85,5250
2020-10-30 07:00:00,7.85,7.92,7.69,7.69,12060
2020-11-02 07:00:00,7.69,7.81,7.62,7.77,13200
2020-11-03 07:00:00,7.73,7.81,7.69,7.81,17420
2020-11-04 07:00:00,7.77,7.92,7.69,7.92,19210
2020-11-05 07:00:00,7.77,7.88,7.73,7.88,4190
2020-11-06 07:00:00,7.73,7.81,7.69,7.81,9110
2020-11-09 07:00:00,7.73,7.73,7.62,7.73,13590
2020-11-10 07:00:00,7.73,7.73,7.69,7.69,8190
2020-11-11 07:00:00,7.54,7.73,7.54,7.73,7580
2020-11-12 07:00:00,7.73,8.26,7.69,8.0,13310
2020-11-13 07:00:00,7.65,7.92,7.65,7.92,21120
2020-11-16 07:00:00,7.88,7.88,7.77,7.77,8480
2020-11-17 07:00:00,7.73,7.77,7.69,7.77,7780
2020-11-18 07:00:00,7.73,7.77,7.62,7.77,6870
2020-11-19 07:00:00,7.77,7.85,7.77,7.77,15890
2020-11-20 07:00:00,7.77,7.85,7.73,7.81,18940
2020-11-23 07:00:00,7.77,7.81,7.73,7.73,25100
2020-11-24 07:00:00,7.73,7.77,7.69,7.73,22390
2020-11-25 07:00:00,7.73,7.77,7.69,7.73,8620
2020-11-26 07:00:00,7.73,7.73,7.62,7.73,23050
2020-11-27 07:00:00,7.65,7.96,7.65,7.96,27520
2020-11-30 07:00:00,7.96,7.96,7.77,7.88,7710
2020-12-01 07:00:00,7.77,7.88,7.77,7.88,9760
2020-12-02 07:00:00,7.81,7.81,7.77,7.81,9050
2020-12-03 07:00:00,7.77,8.0,7.77,8.0,41890
2020-12-04 07:00:00,8.0,8.23,7.88,8.15,59480
2020-12-07 07:00:00,8.0,8.61,8.0,8.53,77810
2020-12-08 07:00:00,8.49,8.49,8.34,8.34,27690
2020-12-09 07:00:00,8.3,8.34,8.11,8.23,45560
2020-12-10 07:00:00,8.26,8.3,8.19,8.19,30250
2020-12-11 07:00:00,8.19,8.53,8.15,8.53,81650
2020-12-14 07:00:00,8.38,8.61,8.34,8.61,60880
2020-12-15 07:00:00,8.61,9.18,8.53,9.18,214630
2020-12-16 07:00:00,9.14,9.18,8.99,9.1,74350
2020-12-17 07:00:00,9.1,9.1,8.99,9.06,72100
2020-12-18 07:00:00,8.84,8.99,8.68,8.95,100840
2020-12-21 07:00:00,8.99,9.56,8.99,9.56,709460
2020-12-22 07:00:00,9.56,10.21,9.56,10.21,508160
2020-12-23 07:00:00,10.66,10.89,10.59,10.89,179500
2020-12-24 07:00:00,10.89,11.04,10.13,10.17,319600
2020-12-25 07:00:00,10.17,10.74,10.17,10.66,205850
2020-12-28 07:00:00,10.97,11.39,10.66,11.27,302540
2020-12-29 07:00:00,11.27,11.65,11.04,11.04,167850
2020-12-30 07:00:00,10.97,11.04,10.74,10.82,259160
2020-12-31 07:00:00,10.82,11.35,10.82,10.82,104810
2021-01-04 07:00:00,10.59,10.82,10.55,10.82,133000
2021-01-05 07:00:00,10.82,11.54,10.51,11.5,336400
2021-01-06 07:00:00,11.5,11.5,11.04,11.23,106400
2021-01-07 07:00:00,11.2,11.23,10.82,11.04,100700
2021-01-08 07:00:00,10.51,11.12,10.47,11.04,87200
2021-01-11 07:00:00,11.04,11.35,10.89,10.89,144400
2021-01-12 07:00:00,10.89,10.93,10.7,10.74,140200
2021-01-13 07:00:00,10.82,11.12,10.78,10.93,188600
2021-01-14 07:00:00,10.93,11.65,10.93,11.58,200200
2021-01-15 07:00:00,12.11,12.19,11.84,12.19,238600
2021-01-18 07:00:00,12.19,12.95,11.65,12.57,267800
2021-01-19 07:00:00,12.57,12.72,11.69,11.69,203600
2021-01-20 07:00:00,11.65,11.65,10.89,11.08,181500
2021-01-21 07:00:00,11.43,11.62,10.97,11.43,231900
2021-01-22 07:00:00,11.46,12.23,11.43,12.23,526200
2021-01-25 07:00:00,12.72,12.87,12.64,12.72,258100
2021-01-26 07:00:00,12.8,12.8,11.88,12.19,213200
2021-01-27 07:00:00,12.19,12.45,11.35,11.35,225800
2021-01-28 07:00:00,10.59,10.82,10.59,10.59,174800
2021-01-29 07:00:00,9.86,10.59,9.86,10.59,235900
2021-02-01 07:00:00,10.59,10.59,9.86,9.86,86900
2021-02-02 07:00:00,9.25,9.83,9.18,9.83,243300
2021-02-03 07:00:00,9.83,10.36,9.75,10.05,141600
2021-02-04 07:00:00,10.36,10.51,9.9,10.05,119200
2021-02-05 07:00:00,10.05,10.05,9.64,9.98,65300
2021-02-08 07:00:00,9.83,9.98,9.37,9.75,163200
2021-02-09 07:00:00,9.52,9.83,9.44,9.75,57000
2021-02-17 07:00:00,9.9,10.36,9.75,10.32,115000
2021-02-18 07:00:00,10.36,10.4,10.13,10.24,105100
2021-02-19 07:00:00,10.21,10.59,9.75,10.36,118900
2021-02-22 07:00:00,10.59,11.08,10.47,11.08,281300
2021-02-23 07:00:00,11.08,11.58,11.08,11.31,126900
2021-02-24 07:00:00,11.31,11.31,10.66,10.89,98700
2021-02-25 07:00:00,11.2,11.2,10.63,10.97,233100
2021-02-26 07:00:00,10.82,11.43,10.74,11.39,227900
2021-03-01 07:00:00,11.5,12.15,11.46,12.15,178200
2021-03-02 07:00:00,12.99,12.99,12.61,12.95,463400
2021-03-03 07:00:00,13.22,13.82,12.64,13.82,388400
2021-03-04 07:00:00,14.78,14.78,14.09,14.78,399300
2021-03-05 07:00:00,14.24,15.81,14.24,15.77,446600
2021-03-08 07:00:00,15.77,16.0,14.7,14.7,428000
2021-03-09 07:00:00,13.86,15.39,13.79,15.23,291000
2021-03-10 07:00:00,14.47,14.89,14.36,14.7,111200
2021-03-11 07:00:00,14.55,14.93,14.4,14.55,121400
2021-03-12 07:00:00,14.55,14.74,14.09,14.32,135900
2021-03-15 07:00:00,14.36,15.31,14.09,15.31,207100
2021-03-16 07:00:00,15.39,15.69,14.85,15.12,162300
2021-03-17 07:00:00,14.78,15.08,14.78,15.08,98700
2021-03-18 07:00:00,14.81,15.12,14.62,14.62,139400
2021-03-19 07:00:00,14.62,14.62,14.32,14.55,101100
2021-03-22 07:00:00,14.32,15.31,14.32,14.93,137300
2021-03-23 07:00:00,14.55,15.01,14.47,14.7,78400
2021-03-24 07:00:00,14.32,14.47,13.67,13.94,130300
2021-03-25 07:00:00,13.94,14.47,13.9,14.32,110100
2021-03-26 07:00:00,14.32,14.32,13.33,13.98,171900
2021-03-29 07:00:00,13.98,14.47,13.71,14.32,142300
2021-03-30 07:00:00,14.43,14.47,13.94,14.09,82600
2021-03-31 07:00:00,13.82,14.36,13.71,13.71,118800
2021-04-01 07:00:00,13.79,14.17,13.67,13.67,213300
2021-04-02 07:00:00,13.86,14.17,13.86,13.94,69000
2021-04-05 07:00:00,13.94,14.21,13.94,14.05,52400
2021-04-06 07:00:00,14.05,15.01,14.05,14.7,238900
2021-04-07 07:00:00,14.81,15.16,14.7,14.78,98600
2021-04-08 07:00:00,14.85,14.85,14.17,14.4,114500
2021-04-09 07:00:00,14.09,14.32,13.86,14.24,68300
2021-04-12 07:00:00,14.24,14.55,13.94,14.24,95600
2021-04-13 07:00:00,14.02,14.09,13.56,13.56,119100
2021-04-14 07:00:00,13.56,13.71,13.33,13.63,193600
2021-04-15 07:00:00,14.09,14.09,13.29,13.41,140300
2021-04-16 07:00:00,13.1,13.41,12.49,12.64,189700
2021-04-19 07:00:00,12.42,12.87,11.88,12.87,220600
2021-04-20 07:00:00,12.95,13.25,12.64,12.8,79200
2021-04-22 07:00:00,12.57,12.72,12.03,12.03,153100
2021-04-23 07:00:00,12.03,12.42,11.88,12.38,89500
2021-04-26 07:00:00,12.38,12.38,11.54,11.62,90700
2021-04-27 07:00:00,11.62,11.62,11.12,11.43,129500
2021-04-28 07:00:00,11.04,11.58,11.04,11.5,79800
2021-04-29 07:00:00,11.5,11.84,11.5,11.65,49900
2021-05-04 07:00:00,11.65,11.65,11.12,11.43,43900
2021-05-05 07:00:00,11.5,11.88,11.35,11.65,54200
2021-05-06 07:00:00,11.81,11.81,11.5,11.65,63500
2021-05-07 07:00:00,11.43,11.77,11.43,11.65,34600
2021-05-10 07:00:00,11.46,11.73,11.43,11.73,63400
2021-05-11 07:00:00,11.73,12.42,11.73,12.34,82400
2021-05-12 07:00:00,12.34,12.68,12.23,12.49,30500
2021-05-13 07:00:00,12.57,12.57,12.19,12.19,39500
2021-05-14 07:00:00,12.11,12.26,11.96,12.19,52600
2021-05-17 07:00:00,12.19,12.19,11.73,11.88,87800
2021-05-18 07:00:00,11.77,11.88,11.65,11.69,29000
2021-05-19 07:00:00,11.69,11.69,11.27,11.27,77800
2021-05-20 07:00:00,11.27,11.43,11.04,11.04,34800
2021-05-21 07:00:00,11.04,11.81,10.78,11.43,108500
2021-05-24 07:00:00,11.39,11.77,11.39,11.65,40500
2021-05-25 07:00:00,11.62,11.65,11.46,11.62,15600
2021-05-26 07:00:00,11.58,11.58,11.12,11.27,81700
2021-05-27 07:00:00,11.31,11.58,11.27,11.27,44200
2021-05-28 07:00:00,11.27,11.5,11.2,11.5,72800
2021-05-31 07:00:00,11.5,11.5,11.12,11.35,51500
2021-06-01 07:00:00,11.35,11.35,11.01,11.01,65500
2021-06-02 07:00:00,10.93,11.35,10.89,11.35,24500
2021-06-03 07:00:00,11.5,11.81,11.16,11.62,152400
2021-06-04 07:00:00,11.62,12.11,11.62,11.81,131300
2021-06-07 07:00:00,12.15,12.61,12.07,12.61,197800
2021-06-08 07:00:00,12.87,12.91,11.96,12.19,86200
2021-06-09 07:00:00,12.19,12.19,11.5,12.19,102500
2021-06-10 07:00:00,11.88,12.03,11.69,11.88,104900
2021-06-11 07:00:00,11.88,12.11,11.73,12.11,62700
2021-06-14 07:00:00,12.11,12.87,12.11,12.53,220800
2021-06-15 07:00:00,12.53,13.1,12.3,12.87,218700
2021-06-16 07:00:00,12.87,13.33,12.87,12.91,149600
2021-06-17 07:00:00,12.87,13.22,12.64,13.18,103700
2021-06-18 07:00:00,12.95,13.25,12.87,13.02,194100
2021-06-21 07:00:00,13.02,13.18,12.8,12.8,131200
2021-06-22 07:00:00,12.8,13.63,12.8,13.25,198700
2021-06-23 07:00:00,13.1,13.25,12.8,12.83,112200
2021-06-24 07:00:00,12.83,12.95,12.45,12.57,78800
2021-06-25 07:00:00,12.57,12.57,12.19,12.19,161600
2021-06-28 07:00:00,12.15,12.87,12.15,12.61,120300
2021-06-29 07:00:00,12.64,12.64,12.19,12.49,98800
2021-06-30 07:00:00,12.26,12.49,12.19,12.3,103000
2021-07-01 07:00:00,12.23,12.42,12.19,12.26,55200
2021-07-02 07:00:00,12.26,12.42,12.11,12.19,46000
2021-07-05 07:00:00,12.19,12.19,11.73,11.81,75300
2021-07-06 07:00:00,11.62,11.84,11.04,11.04,150100
2021-07-07 07:00:00,11.04,11.35,10.97,11.08,57600
2021-07-08 07:00:00,11.08,11.31,11.08,11.2,59900
2021-07-09 07:00:00,11.08,11.2,10.82,10.82,29600
2021-07-12 07:00:00,10.89,10.89,10.09,10.09,99500
2021-07-13 07:00:00,10.09,10.78,9.9,10.78,113000
2021-07-14 07:00:00,10.82,10.89,10.59,10.78,9500
2021-07-15 07:00:00,10.74,10.89,10.59,10.78,18200
2021-07-16 07:00:00,10.78,10.89,10.63,10.74,36000
2021-07-19 07:00:00,10.7,10.7,10.24,10.47,44000
2021-07-20 07:00:00,10.36,10.63,10.21,10.59,14200
2021-07-21 07:00:00,10.59,10.82,10.51,10.82,56200
2021-07-22 07:00:00,10.74,10.89,10.66,10.74,53500
2021-07-23 07:00:00,10.74,10.74,10.55,10.66,60900
2021-07-26 07:00:00,10.59,10.74,10.59,10.74,17700
2021-07-27 07:00:00,10.82,11.46,10.66,11.31,95200
2021-07-28 07:00:00,11.27,11.31,11.04,11.2,16200
2021-07-29 07:00:00,11.2,11.27,11.04,11.23,16600
2021-07-30 07:00:00,11.12,11.27,11.04,11.2,25200
2021-08-02 07:00:00,11.12,11.12,10.97,10.97,58800
2021-08-03 07:00:00,10.97,11.04,10.82,11.01,20600
2021-08-04 07:00:00,11.04,11.08,10.89,11.04,33400
2021-08-05 07:00:00,11.01,11.12,10.89,10.97,101700
2021-08-06 07:00:00,11.01,11.27,11.01,11.04,66900
2021-08-09 07:00:00,11.12,11.69,11.04,11.69,187400
2021-08-10 07:00:00,11.69,11.77,11.58,11.77,97300
2021-08-11 07:00:00,11.77,11.77,11.46,11.5,104600
2021-08-12 07:00:00,11.43,11.73,11.35,11.73,136200
2021-08-13 07:00:00,11.73,12.53,11.73,12.53,358000
2021-08-16 07:00:00,13.02,13.29,12.8,12.95,188800
2021-08-17 07:00:00,12.91,12.91,12.49,12.57,147500
2021-08-18 07:00:00,12.45,12.8,12.34,12.45,155200
2021-08-19 07:00:00,12.34,12.42,11.81,12.19,173900
2021-08-20 07:00:00,12.26,12.61,12.03,12.19,321200
2021-08-23 07:00:00,12.23,12.64,12.19,12.57,175000
2021-08-24 07:00:00,12.53,13.44,12.53,13.44,726600
2021-08-25 07:00:00,14.02,14.36,13.71,14.36,394300
2021-08-26 07:00:00,14.89,14.89,13.63,13.79,276800
2021-08-27 07:00:00,13.63,14.32,13.25,14.24,328000
2021-08-30 07:00:00,14.24,15.23,14.13,15.23,287600
2021-08-31 07:00:00,15.46,16.3,15.46,16.3,391800
2021-09-01 07:00:00,16.3,17.4,15.69,17.4,601500
2021-09-06 07:00:00,17.9,18.59,17.52,18.59,468700
2021-09-07 07:00:00,18.59,19.58,17.29,17.37,521000
2021-09-08 07:00:00,17.37,17.52,16.19,16.19,389700
2021-09-09 07:00:00,16.3,17.14,16.19,16.91,264300
2021-09-10 07:00:00,16.99,17.6,16.8,17.33,174200
2021-09-13 07:00:00,17.52,18.51,17.44,18.51,414300
2021-09-14 07:00:00,19.35,19.73,19.27,19.65,346600
2021-09-15 07:00:00,20.41,20.57,19.04,19.12,354500
2021-09-16 07:00:00,19.04,20.45,18.74,20.45,391200
2021-09-17 07:00:00,21.71,21.86,20.72,21.86,206500
2021-09-20 07:00:00,23.38,23.38,23.38,23.38,144100
2021-09-21 07:00:00,24.98,24.98,23.84,24.98,521800
2021-09-22 07:00:00,26.7,26.7,26.7,26.7,52200
2021-09-23 07:00:00,28.56,28.56,24.83,24.83,752600
2021-09-24 07:00:00,23.61,25.21,23.12,23.12,463700
2021-09-27 07:00:00,22.85,22.85,21.52,21.52,289900
2021-09-28 07:00:00,20.03,23.0,20.03,23.0,548600
2021-09-29 07:00:00,22.96,24.6,22.09,24.22,261700
2021-09-30 07:00:00,25.86,25.86,23.99,23.99,394500
2021-10-01 07:00:00,22.85,24.79,22.32,22.55,316400
2021-10-04 07:00:00,23.04,24.11,21.71,23.84,208100
2021-10-05 07:00:00,23.99,23.99,22.2,22.2,381800
2021-10-06 07:00:00,21.86,22.36,20.95,22.24,245800
2021-10-07 07:00:00,22.39,22.39,21.56,22.09,105100
2021-10-08 07:00:00,21.86,22.43,21.21,21.21,144700
2021-10-11 07:00:00,20.95,21.33,19.88,20.41,270300
2021-10-12 07:00:00,20.41,21.63,19.88,21.4,185600
2021-10-13 07:00:00,21.33,21.33,20.49,20.49,166100
2021-10-14 07:00:00,20.57,21.48,20.26,21.33,215300
2021-10-15 07:00:00,21.33,21.37,20.68,20.72,183100
2021-10-18 07:00:00,20.72,21.25,20.57,20.91,127500
2021-10-19 07:00:00,20.91,20.91,20.49,20.72,109100
2021-10-20 07:00:00,20.49,20.68,19.96,20.57,145200
2021-10-21 07:00:00,20.18,20.53,19.84,19.96,130700
2021-10-22 07:00:00,19.69,21.25,19.65,21.02,174300
2021-10-25 07:00:00,21.02,21.06,20.38,20.38,108000
2021-10-26 07:00:00,20.3,20.38,19.12,20.18,160600
2021-10-27 07:00:00,20.18,20.64,19.96,20.57,132000
2021-10-28 07:00:00,20.72,20.72,19.96,20.18,103700
2021-10-29 07:00:00,20.18,20.18,19.96,20.15,91100
2021-11-01 07:00:00,20.15,20.26,19.58,20.26,207700
2021-11-02 07:00:00,20.26,21.67,19.65,21.67,370300
2021-11-03 07:00:00,22.47,22.85,21.33,22.43,394000
2021-11-04 07:00:00,22.17,22.93,21.48,22.24,180000
2021-11-05 07:00:00,22.39,22.7,21.71,22.28,169700
2021-11-08 07:00:00,22.28,22.39,21.75,21.82,248500
2021-11-09 07:00:00,21.82,21.82,21.17,21.63,219400
2021-11-10 07:00:00,21.59,21.59,20.72,20.76,209500
2021-11-11 07:00:00,20.95,21.48,20.79,21.4,146200
2021-11-12 07:00:00,21.17,21.56,21.06,21.4,173200
2021-11-15 07:00:00,21.4,22.89,21.4,22.89,684800
2021-11-16 07:00:00,23.61,23.61,22.58,23.08,245300
2021-11-17 07:00:00,22.89,24.68,22.47,24.68,410200
2021-11-18 07:00:00,24.6,25.06,23.46,24.15,326400
2021-11-19 07:00:00,23.61,24.75,22.47,22.47,331900
2021-11-22 07:00:00,21.82,22.17,20.91,20.91,354100
2021-11-23 07:00:00,20.57,20.91,19.8,20.91,192000
2021-11-24 07:00:00,21.71,21.71,19.8,20.57,168200
2021-11-25 07:00:00,20.79,20.79,20.11,20.72,110600
2021-11-26 07:00:00,20.79,21.1,20.41,20.41,143700
2021-11-29 07:00:00,19.19,20.41,19.19,20.41,144800
2021-11-30 07:00:00,20.57,20.98,20.26,20.57,119900
2021-12-01 07:00:00,20.3,20.64,20.3,20.57,53800
2021-12-02 07:00:00,20.41,21.97,20.15,21.97,265300
2021-12-03 07:00:00,22.36,22.36,20.83,20.83,207300
2021-12-06 07:00:00,20.53,21.21,20.18,20.64,70200
2021-12-07 07:00:00,20.64,20.64,19.8,20.57,62700
2021-12-08 07:00:00,20.57,20.57,19.96,20.57,36800
2021-12-09 07:00:00,20.57,20.57,19.8,19.8,65800
2021-12-10 07:00:00,19.92,20.45,19.8,19.96,104000
2021-12-13 07:00:00,19.99,20.41,19.8,19.96,114900
2021-12-14 07:00:00,20.76,20.83,20.3,20.57,116900
2021-12-15 07:00:00,20.57,20.57,19.8,20.03,67400
2021-12-16 07:00:00,20.11,20.11,19.8,19.88,139800
2021-12-17 07:00:00,19.8,20.18,19.58,19.8,141300
2021-12-20 07:00:00,19.5,19.58,19.12,19.38,152400
2021-12-21 07:00:00,19.35,19.38,18.28,19.0,137700
2021-12-22 07:00:00,19.19,19.42,18.59,19.0,107500
2021-12-23 07:00:00,19.0,19.0,18.28,18.89,120100
2021-12-24 07:00:00,18.66,18.89,18.43,18.89,44200
2021-12-27 07:00:00,19.19,20.03,19.04,19.19,77900
2021-12-28 07:00:00,19.46,19.5,19.12,19.27,57400
2021-12-29 07:00:00,19.27,19.42,19.08,19.42,45400
2021-12-30 07:00:00,19.42,19.8,19.04,19.73,69400
2021-12-31 07:00:00,19.77,19.8,19.27,19.5,47600
2022-01-04 07:00:00,19.46,19.65,19.31,19.58,62200
2022-01-05 07:00:00,19.61,19.69,19.42,19.58,73100
2022-01-06 07:00:00,19.46,19.58,19.27,19.31,54200
2022-01-07 07:00:00,19.19,19.5,19.16,19.23,70100
2022-01-10 07:00:00,19.12,19.23,18.81,18.81,93700
2022-01-11 07:00:00,18.81,18.81,18.43,18.7,88500
2022-01-12 07:00:00,18.81,19.8,17.52,19.8,78300
2022-01-13 07:00:00,20.03,20.03,18.43,19.19,102500
2022-01-14 07:00:00,17.86,19.42,17.86,19.42,92400
2022-01-17 07:00:00,18.2,19.38,18.09,18.39,136400
2022-01-18 07:00:00,18.28,18.32,17.33,17.73,67300
2022-01-19 07:00:00,17.61,17.61,16.5,16.5,58400
2022-01-20 07:00:00,15.76,16.54,15.76,16.46,30200
2022-01-21 07:00:00,16.39,17.17,16.23,16.9,37200
2022-01-24 07:00:00,16.54,16.94,15.83,15.83,18900
2022-01-25 07:00:00,15.76,15.99,15.13,15.8,39400
2022-01-26 07:00:00,16.03,16.03,15.76,15.76,30100
2022-01-27 07:00:00,15.6,15.76,15.44,15.52,40400
2022-01-28 07:00:00,15.52,15.68,15.2,15.4,57200
2022-02-07 07:00:00,15.6,16.31,15.44,15.8,78200
2022-02-08 07:00:00,15.76,16.74,15.76,16.62,41600
2022-02-09 07:00:00,16.9,17.76,16.66,17.76,39400
2022-02-10 07:00:00,18.16,18.59,17.8,18.12,37800
2022-02-11 07:00:00,17.65,17.96,17.65,17.73,17100
2022-02-14 07:00:00,17.61,18.12,17.61,17.73,25300
2022-02-15 07:00:00,18.08,18.08,17.53,17.88,25100
2022-02-16 07:00:00,17.73,17.96,17.57,17.73,25900
2022-02-17 07:00:00,17.33,17.84,17.33,17.57,13900
2022-02-18 07:00:00,17.73,17.88,17.41,17.84,22500
2022-02-21 07:00:00,18.04,18.36,18.0,18.12,71100
2022-02-22 07:00:00,17.33,18.12,17.33,17.65,54500
2022-02-23 07:00:00,17.73,18.12,17.49,18.08,37100
2022-02-24 07:00:00,19.26,19.34,18.55,19.34,347100
2022-02-25 07:00:00,20.68,20.68,20.21,20.68,387500
2022-02-28 07:00:00,21.15,22.06,21.11,21.55,209400
2022-03-01 07:00:00,21.59,22.06,20.52,21.74,270900
2022-03-02 07:00:00,21.74,21.74,20.25,20.88,240600
2022-03-03 07:00:00,20.96,22.33,20.88,22.33,342300
2022-03-04 07:00:00,23.4,23.87,22.85,22.85,354000
2022-03-07 07:00:00,23.24,24.42,23.04,24.42,404600
2022-03-08 07:00:00,24.58,26.0,23.28,24.03,314900
2022-03-09 07:00:00,24.11,25.52,22.53,24.5,536100
2022-03-10 07:00:00,24.5,25.48,23.59,24.82,213100
2022-03-11 07:00:00,24.42,24.82,23.08,23.63,263800
2022-03-14 07:00:00,23.08,23.24,21.98,21.98,276300
2022-03-15 07:00:00,21.9,21.9,20.44,20.64,328600
2022-03-16 07:00:00,20.64,21.51,20.64,20.96,62400
2022-03-17 07:00:00,21.39,21.59,20.25,20.4,166200
2022-03-18 07:00:00,20.52,21.27,20.4,20.48,171000
2022-03-21 07:00:00,20.52,21.66,20.48,21.66,148800
2022-03-22 07:00:00,21.59,21.59,20.88,20.88,124800
2022-03-23 07:00:00,20.88,21.31,20.56,20.64,158900
2022-03-24 07:00:00,20.4,20.84,19.97,20.4,245600
2022-03-25 07:00:00,20.36,20.48,19.89,19.89,230800
2022-03-28 07:00:00,19.66,20.4,19.62,20.05,160100
2022-03-29 07:00:00,20.05,21.19,19.69,20.96,260900
2022-03-30 07:00:00,20.48,20.8,20.09,20.36,128300
2022-03-31 07:00:00,20.36,20.36,19.77,19.93,94100
2022-04-01 07:00:00,19.69,19.69,18.87,18.99,198800
2022-04-04 07:00:00,18.99,19.62,18.91,19.46,111400
2022-04-05 07:00:00,19.54,19.81,19.34,19.66,47700
2022-04-06 07:00:00,19.46,19.62,19.22,19.3,67600
2022-04-07 07:00:00,19.38,19.38,18.83,18.83,80700
2022-04-08 07:00:00,18.55,19.18,18.51,18.51,51100
2022-04-12 07:00:00,18.51,18.51,17.33,17.33,144100
2022-04-13 07:00:00,17.17,18.12,16.66,18.04,145300
2022-04-14 07:00:00,17.65,19.14,17.65,18.67,87900
2022-04-15 07:00:00,18.2,18.67,17.92,18.39,48100
2022-04-18 07:00:00,17.88,17.92,17.17,17.65,78500
2022-04-19 07:00:00,18.08,18.08,16.78,16.86,65700
2022-04-20 07:00:00,16.78,16.78,15.76,15.76,95700
2022-04-21 07:00:00,15.44,15.44,14.65,14.65,169800
2022-04-22 07:00:00,14.65,15.6,14.34,15.6,69200
2022-04-25 07:00:00,15.6,15.6,14.57,14.57,82900
2022-04-26 07:00:00,13.87,15.4,13.87,15.4,40100
2022-04-27 07:00:00,14.81,15.36,14.73,15.09,76100
2022-04-28 07:00:00,15.32,15.56,15.01,15.28,28800
2022-04-29 07:00:00,14.97,15.48,14.97,15.36,42700
2022-05-04 07:00:00,15.13,15.52,15.13,15.16,31000
2022-05-05 07:00:00,15.52,15.56,15.01,15.28,29200
2022-05-06 07:00:00,15.01,15.2,14.26,14.61,21200
2022-05-09 07:00:00,14.61,14.65,13.63,13.63,62100
2022-05-10 07:00:00,13.63,13.87,13.55,13.79,21300
2022-05-11 07:00:00,13.79,13.87,13.39,13.79,21900
2022-05-12 07:00:00,13.79,13.79,12.84,12.84,62400
2022-05-13 07:00:00,12.76,12.76,11.97,11.97,61100
2022-05-16 07:00:00,11.82,12.64,11.82,11.82,38000
2022-05-17 07:00:00,11.82,12.6,11.66,12.33,17600
2022-05-18 07:00:00,12.29,12.57,12.09,12.17,27300
2022-05-19 07:00:00,11.42,12.17,11.42,12.01,22800
2022-05-20 07:00:00,11.82,12.57,11.82,12.25,23300
2022-05-23 07:00:00,12.29,12.76,12.29,12.57,42100
2022-05-24 07:00:00,12.29,12.37,12.13,12.13,30800
2022-05-25 07:00:00,12.13,12.72,12.13,12.68,39800
2022-05-26 07:00:00,12.72,13.47,12.68,13.12,48400
2022-05-27 07:00:00,13.16,13.39,13.0,13.12,22100
2022-05-30 07:00:00,13.16,13.63,13.12,13.23,46500
2022-05-31 07:00:00,13.51,13.51,13.08,13.23,21600
2022-06-01 07:00:00,12.88,13.79,12.88,13.55,61300
2022-06-02 07:00:00,13.55,13.55,12.92,12.92,37700
2022-06-03 07:00:00,13.16,13.16,12.6,13.08,32900
2022-06-06 07:00:00,13.04,13.2,12.64,12.84,44400
2022-06-07 07:00:00,12.6,12.76,12.05,12.37,51800
2022-06-08 07:00:00,12.37,13.0,12.21,12.6,32900
2022-06-09 07:00:00,12.76,12.76,12.49,12.53,13100
2022-06-10 07:00:00,12.53,12.72,12.09,12.49,14900
2022-06-13 07:00:00,11.9,12.33,11.62,11.62,77100
2022-06-14 07:00:00,11.66,11.74,11.42,11.58,17300
2022-06-15 07:00:00,11.19,11.42,10.79,11.03,42200
2022-06-16 07:00:00,11.42,11.42,11.03,11.3,37800
2022-06-17 07:00:00,10.71,11.03,10.52,10.64,50100
2022-06-20 07:00:00,10.28,10.79,9.97,10.0,30900
2022-06-21 07:00:00,9.69,10.08,9.65,9.65,43700
2022-06-22 07:00:00,10.0,10.24,9.69,9.81,25600
2022-06-23 07:00:00,9.85,9.85,9.73,9.77,42800
2022-06-24 07:00:00,9.85,10.16,9.77,10.16,65400
2022-06-27 07:00:00,10.24,10.75,10.16,10.75,51800
2022-06-28 07:00:00,10.56,10.83,10.44,10.83,27800
2022-06-29 07:00:00,10.4,10.71,10.4,10.6,21100
2022-06-30 07:00:00,10.64,10.67,10.32,10.6,31700
2022-07-01 07:00:00,10.64,10.64,10.04,10.16,28000
2022-07-04 07:00:00,10.24,10.56,10.2,10.56,35500
2022-07-05 07:00:00,10.6,10.71,10.24,10.4,23300
2022-07-06 07:00:00,10.4,10.44,10.12,10.12,6600
2022-07-07 07:00:00,10.2,10.4,9.65,10.24,22000
2022-07-08 07:00:00,10.44,10.48,10.12,10.32,22200
2022-07-11 07:00:00,10.4,10.4,10.08,10.32,26900
2022-07-12 07:00:00,10.08,10.56,10.04,10.56,8900
2022-07-13 07:00:00,10.56,10.87,10.32,10.75,39200
2022-07-14 07:00:00,10.36,10.79,10.36,10.79,24300
2022-07-15 07:00:00,10.56,10.79,10.48,10.67,27400
2022-07-18 07:00:00,10.67,11.38,10.67,11.38,74900
2022-07-19 07:00:00,11.9,12.17,11.58,12.17,176300
2022-07-20 07:00:00,12.6,12.96,12.53,12.76,117400
2022-07-21 07:00:00,13.27,13.27,12.25,12.76,58700
2022-07-22 07:00:00,12.76,13.0,12.13,12.29,54100
2022-07-25 07:00:00,11.97,12.29,11.78,12.13,59000
2022-07-26 07:00:00,12.21,12.96,12.17,12.96,65700
2022-07-27 07:00:00,13.39,13.87,13.27,13.87,168700
2022-07-28 07:00:00,13.94,14.57,13.87,13.87,116900
2022-07-29 07:00:00,13.55,13.9,13.31,13.59,47200
2022-08-01 07:00:00,14.06,14.06,13.59,13.71,60600
2022-08-02 07:00:00,13.71,14.18,13.63,14.1,78000
2022-08-03 07:00:00,14.14,14.14,13.71,13.87,37200
2022-08-04 07:00:00,14.1,14.1,12.96,13.83,74200
2022-08-05 07:00:00,13.23,13.63,13.23,13.39,75800
2022-08-08 07:00:00,13.39,13.47,13.08,13.35,74600
2022-08-09 07:00:00,13.35,13.39,13.0,13.23,45800
2022-08-10 07:00:00,13.35,14.14,12.68,14.14,125500
2022-08-11 07:00:00,14.42,14.93,14.22,14.61,130700
2022-08-12 07:00:00,14.5,14.69,14.26,14.69,39500
2022-08-15 07:00:00,14.65,14.65,14.18,14.3,71700
2022-08-16 07:00:00,14.18,14.42,14.06,14.34,50200
2022-08-17 07:00:00,14.3,14.3,13.94,13.94,57700
2022-08-18 07:00:00,13.67,14.02,13.67,13.94,49100
2022-08-19 07:00:00,13.79,13.94,13.47,13.63,33000
2022-08-22 07:00:00,13.67,13.67,13.23,13.31,110500
2022-08-23 07:00:00,13.08,13.47,13.08,13.39,34200
2022-08-24 07:00:00,13.47,13.63,13.23,13.47,37400
2022-08-25 07:00:00,13.71,14.02,13.47,13.63,60900
2022-08-26 07:00:00,13.71,13.71,13.39,13.55,58400
2022-08-29 07:00:00,13.23,13.39,13.16,13.35,76800
2022-08-30 07:00:00,13.27,14.26,13.27,14.26,139900
2022-08-31 07:00:00,14.84,14.84,14.22,14.46,76100
2022-09-05 07:00:00,14.42,14.51,13.97,13.97,55300
2022-09-06 07:00:00,13.97,14.38,13.89,13.89,63000
2022-09-07 07:00:00,13.85,14.18,13.76,14.01,40500
2022-09-08 07:00:00,14.01,14.01,13.6,13.64,31300
2022-09-09 07:00:00,13.6,14.01,13.6,13.85,17300
2022-09-12 07:00:00,14.26,14.79,14.18,14.79,107300
2022-09-13 07:00:00,15.82,15.82,15.25,15.37,211100
2022-09-14 07:00:00,15.25,15.54,14.88,15.29,45000
2022-09-15 07:00:00,15.25,15.25,14.84,14.92,93400
2022-09-16 07:00:00,15.12,15.95,15.08,15.95,190200
2022-09-19 07:00:00,16.36,17.06,16.2,16.69,367700
2022-09-20 07:00:00,16.65,17.18,15.7,15.99,156100
2022-09-21 07:00:00,16.28,16.73,15.82,15.87,115800
2022-09-22 07:00:00,16.03,16.03,15.33,15.87,138000
2022-09-23 07:00:00,15.95,16.94,15.91,16.94,195600
2022-09-26 07:00:00,16.73,17.72,16.15,17.18,236700
2022-09-27 07:00:00,17.31,17.47,16.24,16.24,135800
2022-09-28 07:00:00,16.32,16.69,15.21,15.21,150800
2022-09-29 07:00:00,15.82,15.82,14.18,14.18,215400
2022-09-30 07:00:00,13.93,14.01,13.19,13.97,163400
2022-10-03 07:00:00,13.97,13.97,13.02,13.02,73800
2022-10-04 07:00:00,13.15,13.27,12.36,12.36,80200
2022-10-05 07:00:00,12.98,12.98,12.28,12.61,59400
2022-10-06 07:00:00,12.78,12.78,11.99,11.99,48100
2022-10-07 07:00:00,11.62,11.7,11.21,11.37,63000
2022-10-10 07:00:00,11.33,11.79,11.13,11.79,52100
2022-10-11 07:00:00,11.62,11.62,11.13,11.37,72700
2022-10-12 07:00:00,10.96,11.7,10.96,11.7,32700
2022-10-13 07:00:00,11.83,12.49,11.54,11.95,54100
2022-10-14 07:00:00,11.95,12.78,11.95,12.78,113300
2022-10-17 07:00:00,12.94,13.31,12.78,13.19,41400
2022-10-18 07:00:00,13.31,13.31,12.9,12.98,45900
2022-10-19 07:00:00,13.19,13.19,12.57,12.57,38900
2022-10-20 07:00:00,12.12,12.78,11.87,11.95,66000
2022-10-21 07:00:00,12.36,12.65,11.37,11.79,52200
2022-10-24 07:00:00,11.79,12.45,11.21,11.46,27300
2022-10-25 07:00:00,11.33,11.79,11.04,11.37,61100
2022-10-26 07:00:00,11.37,11.62,11.13,11.13,78500
2022-10-27 07:00:00,11.33,11.7,11.13,11.7,70000
2022-10-28 07:00:00,11.7,12.03,11.54,11.54,59000
2022-10-31 07:00:00,11.37,11.62,11.04,11.46,51800
2022-11-01 07:00:00,11.54,11.7,11.29,11.29,92900
2022-11-02 07:00:00,11.37,11.46,11.29,11.29,27200
2022-11-03 07:00:00,11.29,11.33,11.21,11.33,24500
2022-11-04 07:00:00,11.29,11.29,10.55,10.55,117400
2022-11-07 07:00:00,10.01,10.3,9.97,9.97,28800
2022-11-08 07:00:00,9.4,9.97,9.4,9.89,27700
2022-11-09 07:00:00,9.89,10.51,9.89,9.97,28100
2022-11-10 07:00:00,10.06,10.06,9.31,9.31,51100
2022-11-11 07:00:00,9.4,9.44,8.9,8.98,34900
2022-11-14 07:00:00,8.98,8.98,8.37,8.37,71200
2022-11-15 07:00:00,7.91,7.91,7.78,7.78,44500
2022-11-16 07:00:00,7.25,8.32,7.24,8.32,108800
2022-11-17 07:00:00,8.37,8.9,8.24,8.9,105700
2022-11-18 07:00:00,9.19,9.19,8.65,8.82,63700
2022-11-21 07:00:00,8.98,9.23,8.86,8.94,24300
2022-11-22 07:00:00,9.11,9.56,9.07,9.52,55500
2022-11-23 07:00:00,9.23,9.52,8.86,8.86,28500
2022-11-24 07:00:00,8.86,8.86,8.28,8.61,60500
2022-11-25 07:00:00,9.15,9.19,8.65,9.19,67000
2022-11-28 07:00:00,9.48,9.81,9.48,9.81,115200
2022-11-29 07:00:00,9.89,10.06,9.44,9.64,93200
2022-11-30 07:00:00,9.73,10.26,9.73,10.06,64600
2022-12-01 07:00:00,10.43,10.47,10.06,10.1,146100
2022-12-02 07:00:00,10.1,10.71,10.1,10.71,51300
2022-12-05 07:00:00,10.96,11.13,10.71,10.88,137300
2022-12-06 07:00:00,10.39,10.84,10.3,10.3,49300
2022-12-07 07:00:00,9.89,9.97,9.73,9.89,57900
2022-12-08 07:00:00,9.85,10.39,9.85,10.26,15700
2022-12-09 07:00:00,10.39,10.39,9.97,10.06,23100
2022-12-12 07:00:00,10.14,10.3,10.06,10.26,50300
2022-12-13 07:00:00,10.01,10.22,9.89,10.22,41200
2022-12-14 07:00:00,10.26,10.3,10.1,10.1,16800
2022-12-15 07:00:00,10.06,10.8,10.06,10.63,99300
2022-12-16 07:00:00,10.3,10.67,10.14,10.14,60600
2022-12-19 07:00:00,10.47,10.71,10.47,10.47,33100
2022-12-20 07:00:00,10.67,10.67,10.06,10.22,51700
2022-12-21 07:00:00,10.22,10.22,10.06,10.06,7700
2022-12-22 07:00:00,10.39,10.39,10.06,10.3,10000
2022-12-23 07:00:00,10.39,10.39,10.34,10.34,2600
2022-12-26 07:00:00,10.34,10.39,9.89,9.89,5400
2022-12-27 07:00:00,9.89,10.3,9.23,9.93,35400
2022-12-28 07:00:00,9.73,10.22,9.73,9.93,11400
2022-12-29 07:00:00,9.93,10.22,9.89,10.06,21600
2022-12-30 07:00:00,10.06,10.1,9.85,10.1,23200
2023-01-03 07:00:00,10.1,10.51,10.1,10.3,22200
2023-01-04 07:00:00,10.59,10.71,10.34,10.55,33800
2023-01-05 07:00:00,10.63,10.88,10.47,10.59,25500
2023-01-06 07:00:00,10.59,10.71,10.43,10.63,45300
2023-01-09 07:00:00,10.8,10.8,10.51,10.51,15800
2023-01-10 07:00:00,10.63,10.63,10.47,10.55,7900
2023-01-11 07:00:00,10.55,10.71,10.55,10.55,26700
2023-01-12 07:00:00,10.63,10.84,10.59,10.84,42000
2023-01-13 07:00:00,10.96,10.96,10.71,10.8,20700
2023-01-16 07:00:00,10.71,10.71,10.55,10.67,7600
2023-01-17 07:00:00,10.67,10.96,10.67,10.8,66300
2023-01-18 07:00:00,11.0,11.54,11.0,11.54,122200
2023-01-19 07:00:00,11.99,12.07,11.54,11.54,44400
2023-01-27 07:00:00,11.7,11.7,11.13,11.25,63600
2023-01-30 07:00:00,11.46,12.03,11.37,12.03,88000
2023-01-31 07:00:00,11.58,12.03,11.58,11.87,54500
2023-02-01 07:00:00,11.95,11.95,11.13,11.13,99300
2023-02-02 07:00:00,11.13,11.46,10.55,10.96,28500
2023-02-03 07:00:00,11.13,11.13,10.76,10.96,18700
2023-02-06 07:00:00,10.55,11.29,10.55,11.04,22300
2023-02-07 07:00:00,10.8,11.04,10.55,10.59,19900
2023-02-08 07:00:00,10.59,11.09,10.59,10.8,19800
2023-02-09 07:00:00,11.09,11.09,10.8,10.96,22400
2023-02-10 07:00:00,10.67,11.0,10.67,10.92,22400
2023-02-13 07:00:00,10.84,11.0,10.22,10.88,29700
2023-02-14 07:00:00,10.88,10.88,10.71,10.71,7900
2023-02-15 07:00:00,11.04,11.04,10.71,10.71,13700
2023-02-16 07:00:00,10.71,11.21,10.71,11.21,38400
2023-02-17 07:00:00,11.37,11.37,10.92,11.13,11600
2023-02-20 07:00:00,11.29,11.5,11.09,11.42,55200
2023-02-21 07:00:00,11.46,11.54,11.29,11.37,22400
2023-02-22 07:00:00,11.0,11.37,11.0,11.13,15400
2023-02-23 07:00:00,11.17,11.17,10.92,11.0,18400
2023-02-24 07:00:00,11.04,11.13,10.92,11.0,41400
2023-02-27 07:00:00,10.96,11.25,10.96,11.04,31800
2023-02-28 07:00:00,11.09,11.09,10.96,10.96,5900
2023-03-01 07:00:00,11.0,11.04,10.71,10.96,7200
2023-03-02 07:00:00,10.92,11.04,10.8,10.92,38500
2023-03-03 07:00:00,10.8,11.0,10.8,11.0,6900
2023-03-06 07:00:00,11.0,11.7,10.96,11.0,61700
2023-03-07 07:00:00,10.88,11.0,10.84,10.84,21500
2023-03-08 07:00:00,10.96,10.96,10.63,10.96,6300
2023-03-09 07:00:00,11.0,11.17,11.0,11.09,11400
2023-03-10 07:00:00,11.13,11.13,10.96,11.04,8400
2023-03-13 07:00:00,10.71,10.88,10.67,10.76,32700
2023-03-14 07:00:00,10.76,10.84,10.51,10.71,28200
2023-03-15 07:00:00,11.04,11.04,10.76,10.76,1900
2023-03-16 07:00:00,10.76,10.76,10.59,10.67,11200
2023-03-17 07:00:00,10.63,10.71,10.63,10.71,12100
2023-03-20 07:00:00,10.51,10.63,10.51,10.55,16300
2023-03-21 07:00:00,10.55,10.71,10.51,10.59,4400
2023-03-22 07:00:00,10.55,10.67,10.55,10.55,13300
2023-03-23 07:00:00,10.55,10.59,10.47,10.59,13000
2023-03-24 07:00:00,10.67,10.71,10.55,10.55,17200
2023-03-27 07:00:00,10.55,10.8,10.55,10.71,11500
2023-03-28 07:00:00,10.63,10.96,10.63,10.76,16400
2023-03-29 07:00:00,10.76,10.8,10.63,10.8,4900
2023-03-30 07:00:00,10.76,10.84,10.76,10.8,14500
2023-03-31 07:00:00,10.71,10.8,10.71,10.8,23000
2023-04-03 07:00:00,10.84,10.96,10.71,10.84,38300
2023-04-04 07:00:00,10.88,10.88,10.76,10.84,12000
2023-04-05 07:00:00,10.8,10.96,10.63,10.96,105400
2023-04-06 07:00:00,11.04,11.54,11.04,11.25,98500
2023-04-07 07:00:00,11.29,11.37,11.04,11.09,27000
2023-04-10 07:00:00,11.13,11.29,11.09,11.29,26900
2023-04-11 07:00:00,11.17,11.46,11.13,11.33,19900
2023-04-12 07:00:00,11.33,11.33,11.0,11.04,28400
2023-04-13 07:00:00,11.04,11.17,10.96,11.17,19600
2023-04-14 07:00:00,11.29,11.29,11.0,11.13,14500
2023-04-17 07:00:00,11.04,11.13,10.88,11.13,11800
2023-04-18 07:00:00,10.96,11.17,10.96,10.96,22200
2023-04-19 07:00:00,10.96,11.17,10.96,11.17,42000
2023-04-20 07:00:00,11.17,11.29,10.71,11.17,101700
2023-04-21 07:00:00,11.17,11.17,11.0,11.13,22900
2023-04-24 07:00:00,11.13,11.13,10.92,10.92,29300
2023-04-25 07:00:00,10.88,11.0,10.88,10.88,31600
2023-04-26 07:00:00,10.96,11.13,10.8,11.13,16800
2023-04-27 07:00:00,10.88,11.04,10.8,11.04,22600
2023-04-28 07:00:00,10.88,11.09,10.88,10.88,18600
2023-05-04 07:00:00,10.88,10.96,10.8,10.88,23400
2023-05-05 07:00:00,10.88,10.88,10.8,10.88,47100
2023-05-08 07:00:00,10.88,11.13,10.71,10.92,61800
2023-05-09 07:00:00,10.84,10.92,10.84,10.92,13400
2023-05-10 07:00:00,10.88,11.13,10.88,10.96,54400
2023-05-11 07:00:00,11.13,11.21,11.04,11.21,37600
2023-05-12 07:00:00,11.29,11.37,11.17,11.21,23000
2023-05-15 07:00:00,11.21,11.95,11.17,11.42,108500
2023-05-16 07:00:00,11.62,11.62,11.25,11.29,47700
2023-05-17 07:00:00,11.37,11.5,11.29,11.29,53600
2023-05-18 07:00:00,11.29,11.33,11.25,11.33,25400
2023-05-19 07:00:00,11.29,11.33,11.21,11.33,33900
2023-05-22 07:00:00,11.87,11.87,11.46,11.54,38300
2023-05-23 07:00:00,11.7,11.79,11.54,11.7,76500
2023-05-24 07:00:00,11.66,11.7,11.54,11.54,38800
2023-05-25 07:00:00,11.42,11.46,11.33,11.46,44200
2023-05-26 07:00:00,11.46,11.54,11.46,11.54,20000
2023-05-29 07:00:00,11.54,11.87,11.54,11.83,54500
2023-05-30 07:00:00,12.22,12.22,11.83,11.96,56400
2023-05-31 07:00:00,11.96,12.0,11.92,11.96,41600
2023-06-01 07:00:00,11.96,12.0,11.83,11.96,33900
2023-06-02 07:00:00,11.92,12.27,11.87,12.27,127600
2023-06-05 07:00:00,12.36,12.36,12.09,12.27,44100
2023-06-06 07:00:00,12.0,12.27,11.96,12.05,65800
2023-06-07 07:00:00,12.18,12.22,12.09,12.22,23700
2023-06-08 07:00:00,12.22,12.93,12.18,12.44,154700
2023-06-09 07:00:00,12.4,12.71,12.4,12.44,42400
2023-06-12 07:00:00,12.4,12.49,12.31,12.36,37300
2023-06-13 07:00:00,12.36,12.49,12.05,12.44,69500
2023-06-14 07:00:00,12.44,12.49,12.09,12.09,45300
2023-06-15 07:00:00,12.14,12.18,11.96,12.05,33600
2023-06-16 07:00:00,12.05,12.22,12.0,12.05,41100
2023-06-19 07:00:00,12.09,12.09,11.87,11.87,20500
2023-06-20 07:00:00,11.87,12.14,11.87,12.05,18500
2023-06-21 07:00:00,12.09,12.53,12.0,12.4,65300
2023-06-22 07:00:00,12.4,12.44,12.36,12.44,35200
2023-06-23 07:00:00,12.36,12.4,12.22,12.36,52200
2023-06-26 07:00:00,12.31,12.31,12.14,12.22,27100
2023-06-27 07:00:00,12.31,12.36,12.05,12.22,28200
2023-06-28 07:00:00,12.31,12.31,12.22,12.22,56100
2023-06-29 07:00:00,12.49,12.49,12.18,12.18,17100
2023-06-30 07:00:00,12.18,12.22,12.09,12.09,13400
2023-07-03 07:00:00,12.18,12.22,12.09,12.14,19900
2023-07-04 07:00:00,12.22,12.22,12.18,12.18,17900
2023-07-05 07:00:00,12.27,12.27,12.05,12.18,14000
2023-07-06 07:00:00,12.18,12.18,11.96,12.18,29300
2023-07-07 07:00:00,12.0,12.14,11.96,12.0,47600
2023-07-10 07:00:00,12.05,12.18,12.0,12.18,35000
2023-07-11 07:00:00,12.22,12.31,12.18,12.27,28400
2023-07-12 07:00:00,12.27,12.27,12.14,12.22,23500
2023-07-13 07:00:00,12.22,12.84,12.18,12.4,70100
2023-07-14 07:00:00,12.4,12.4,12.14,12.36,50400
2023-07-17 07:00:00,12.31,12.31,12.14,12.18,32400
2023-07-18 07:00:00,12.14,12.44,12.14,12.44,50800
2023-07-19 07:00:00,12.36,12.71,12.22,12.22,45300
2023-07-20 07:00:00,12.22,13.06,12.22,13.06,275700
2023-07-21 07:00:00,13.89,13.89,13.15,13.19,176500
2023-07-24 07:00:00,13.19,13.85,13.19,13.45,162700
2023-07-25 07:00:00,13.41,13.54,13.28,13.37,102700
2023-07-26 07:00:00,13.5,13.85,13.45,13.54,74700
2023-07-27 07:00:00,13.63,13.63,13.06,13.1,76800
2023-07-28 07:00:00,13.19,13.23,12.88,12.93,118100
2023-07-31 07:00:00,12.84,13.01,12.84,12.93,54400
2023-08-01 07:00:00,12.93,13.19,12.88,12.93,37900
2023-08-02 07:00:00,12.75,12.97,12.4,12.93,37100
2023-08-03 07:00:00,12.75,13.01,12.75,12.88,55300
2023-08-04 07:00:00,12.93,13.72,12.93,13.23,125300
2023-08-07 07:00:00,13.32,13.5,13.19,13.19,36900
2023-08-08 07:00:00,13.19,13.28,13.01,13.1,126600
2023-08-09 07:00:00,13.06,13.45,13.01,13.37,119000
2023-08-10 07:00:00,13.41,14.29,13.37,13.89,243600
2023-08-11 07:00:00,13.94,13.98,12.93,13.37,69900
2023-08-14 07:00:00,13.41,13.67,13.37,13.54,51600
2023-08-15 07:00:00,13.63,13.76,13.5,13.67,81800
2023-08-16 07:00:00,13.67,13.67,13.19,13.54,43600
2023-08-17 07:00:00,13.41,13.54,13.37,13.37,60900
2023-08-18 07:00:00,13.28,13.32,12.71,12.71,97000
2023-08-21 07:00:00,12.66,12.93,12.53,12.71,11200
2023-08-22 07:00:00,12.84,12.84,12.57,12.57,30700
2023-08-23 07:00:00,12.66,12.84,12.62,12.84,27600
2023-08-24 07:00:00,12.79,12.84,12.62,12.84,22600
2023-08-25 07:00:00,12.66,12.84,12.66,12.75,36300
2023-08-28 07:00:00,12.71,12.79,12.66,12.79,33700
2023-08-29 07:00:00,12.84,12.93,12.71,12.75,13900
2023-08-30 07:00:00,12.71,13.19,12.57,12.97,43500
2023-08-31 07:00:00,13.01,13.28,13.01,13.23,65400
2023-09-05 07:00:00,13.37,13.37,13.06,13.19,10700
2023-09-06 07:00:00,13.1,13.15,13.01,13.1,15100
2023-09-07 07:00:00,13.1,13.19,12.93,13.19,49700
2023-09-08 07:00:00,13.15,13.37,13.01,13.19,34000
2023-09-11 07:00:00,13.28,13.32,13.06,13.15,59900
2023-09-12 07:00:00,13.19,13.28,13.1,13.19,11500
2023-09-13 07:00:00,13.19,13.85,13.19,13.41,195900
2023-09-14 07:00:00,13.54,14.33,13.54,14.33,301500
2023-09-15 07:00:00,14.77,14.91,14.07,14.33,191000
2023-09-18 07:00:00,14.33,14.33,13.72,13.76,111500
2023-09-19 07:00:00,13.81,13.98,13.67,13.89,51800
2023-09-20 07:00:00,13.89,14.11,13.72,13.89,135400
2023-09-21 07:00:00,14.11,14.25,13.72,13.98,73500
2023-09-22 07:00:00,13.72,13.81,13.54,13.81,37400
2023-09-25 07:00:00,13.81,14.47,13.67,13.67,69800
2023-09-26 07:00:00,13.67,13.67,13.23,13.45,67300
2023-09-27 07:00:00,13.45,13.45,12.75,13.01,87300
2023-09-28 07:00:00,13.06,13.19,12.75,13.19,34700
2023-09-29 07:00:00,13.01,13.19,13.01,13.19,15600
2023-10-02 07:00:00,13.19,13.28,12.97,12.97,29700
2023-10-03 07:00:00,12.93,12.93,12.62,12.62,28600
2023-10-04 07:00:00,12.57,12.88,12.49,12.88,8800
2023-10-05 07:00:00,13.1,13.1,12.71,12.71,20000
2023-10-06 07:00:00,12.71,12.93,12.66,12.75,20500
2023-10-09 07:00:00,12.75,13.06,12.71,12.93,37200
2023-10-10 07:00:00,12.84,13.15,12.79,13.15,25100
2023-10-11 07:00:00,13.19,13.23,12.88,13.1,26800
2023-10-12 07:00:00,13.1,13.15,13.01,13.1,13600
2023-10-13 07:00:00,12.93,13.01,12.84,12.97,19700
2023-10-16 07:00:00,13.01,13.06,12.93,12.93,5400
2023-10-17 07:00:00,12.93,12.93,12.75,12.75,12700
2023-10-18 07:00:00,12.57,13.63,12.4,13.1,139000
2023-10-19 07:00:00,13.37,13.37,12.93,12.93,17300
2023-10-20 07:00:00,13.1,13.1,12.57,12.79,43600
2023-10-23 07:00:00,12.62,12.84,12.49,12.62,26200
2023-10-24 07:00:00,12.62,12.71,12.57,12.66,8000
2023-10-25 07:00:00,12.66,12.75,12.62,12.66,17600
2023-10-26 07:00:00,12.57,12.57,11.78,11.83,47100
2023-10-27 07:00:00,12.05,12.05,11.61,11.74,15900
2023-10-30 07:00:00,11.74,11.83,11.7,11.7,16700
2023-10-31 07:00:00,11.7,11.74,11.39,11.43,26700
2023-11-01 07:00:00,11.3,11.92,11.12,11.92,31000
2023-11-02 07:00:00,12.27,12.31,11.96,12.18,32300
2023-11-03 07:00:00,12.22,12.27,12.05,12.14,38700
2023-11-06 07:00:00,12.14,12.22,12.09,12.14,25500
2023-11-07 07:00:00,12.14,12.31,12.14,12.18,18300
2023-11-08 07:00:00,12.27,12.75,12.18,12.75,22900
2023-11-09 07:00:00,12.88,12.88,12.36,12.4,34400
2023-11-10 07:00:00,12.22,12.4,12.14,12.22,35600
2023-11-13 07:00:00,12.22,12.31,12.22,12.27,10300
2023-11-14 07:00:00,12.62,12.62,12.27,12.4,13700
2023-11-15 07:00:00,12.44,13.23,12.44,13.23,78000
2023-11-16 07:00:00,14.07,14.07,13.72,13.85,233400
2023-11-17 07:00:00,13.85,13.94,13.01,13.45,70200
2023-11-20 07:00:00,13.45,13.5,13.15,13.19,38100
2023-11-21 07:00:00,13.45,13.45,13.19,13.45,22600
2023-11-22 07:00:00,13.45,13.98,13.45,13.5,55200
2023-11-23 07:00:00,13.5,13.5,13.01,13.01,36300
2023-11-24 07:00:00,13.01,13.01,12.79,12.93,22300
2023-11-27 07:00:00,12.49,12.84,12.49,12.84,14200
2023-11-28 07:00:00,12.84,12.93,12.75,12.93,13700
2023-11-29 07:00:00,13.19,13.19,12.79,13.1,16500
2023-11-30 07:00:00,13.06,13.06,12.75,12.75,21500
2023-12-01 07:00:00,12.75,12.97,12.66,12.97,11400
2023-12-04 07:00:00,12.84,13.19,12.84,13.1,30400
2023-12-05 07:00:00,13.19,13.63,13.19,13.41,38100
2023-12-06 07:00:00,13.45,13.72,13.32,13.45,35000
2023-12-07 07:00:00,13.45,13.54,13.01,13.19,43500
2023-12-08 07:00:00,13.54,13.54,13.1,13.41,34200
2023-12-11 07:00:00,13.41,13.41,13.19,13.19,21100
2023-12-12 07:00:00,13.1,13.32,13.1,13.19,7900
2023-12-13 07:00:00,13.15,13.19,13.01,13.15,34600
2023-12-14 07:00:00,13.15,13.28,13.15,13.15,22100
2023-12-15 07:00:00,13.19,13.23,13.01,13.06,47000
2023-12-18 07:00:00,13.06,13.15,13.01,13.01,17500
2023-12-19 07:00:00,13.01,13.01,12.93,13.01,4000
2023-12-20 07:00:00,13.06,13.19,12.88,13.06,24600
2023-12-21 07:00:00,13.06,13.1,13.01,13.1,7800
2023-12-22 07:00:00,13.1,13.19,13.1,13.19,18100
2023-12-25 07:00:00,13.01,13.19,13.01,13.15,46300
2023-12-26 07:00:00,13.15,13.19,13.01,13.19,9500
2023-12-27 07:00:00,13.19,13.28,13.01,13.06,24700
2023-12-28 07:00:00,12.84,13.15,12.84,13.01,8800
2023-12-29 07:00:00,13.01,13.01,12.97,13.01,12000
2024-01-02 07:00:00,13.1,13.67,13.01,13.67,98800
2024-01-03 07:00:00,13.67,13.72,13.37,13.72,24200
2024-01-04 07:00:00,13.72,14.29,13.72,14.25,157600
2024-01-05 07:00:00,14.33,14.77,14.07,14.77,235500
2024-01-08 07:00:00,15.17,15.43,14.95,15.43,118500
2024-01-09 07:00:00,15.78,15.78,15.17,15.65,226400
2024-01-10 07:00:00,15.65,15.65,15.26,15.26,99100
2024-01-11 07:00:00,15.26,15.39,14.95,15.3,92800
2024-01-12 07:00:00,15.3,15.48,14.77,15.48,66100
2024-01-15 07:00:00,15.48,16.53,15.48,16.27,74500
2024-01-16 07:00:00,16.27,16.71,15.83,16.18,22100
2024-01-17 07:00:00,15.83,16.18,15.7,15.92,48500
2024-01-18 07:00:00,15.92,16.0,15.65,16.0,15900
2024-01-19 07:00:00,16.05,17.1,15.92,16.88,254300
2024-01-22 07:00:00,16.88,17.59,16.71,17.46,77900
2024-01-23 07:00:00,17.5,17.54,17.15,17.5,168600
2024-01-24 07:00:00,17.5,17.63,17.15,17.41,141500
2024-01-25 07:00:00,17.41,17.54,17.24,17.28,51900
2024-01-26 07:00:00,17.28,17.41,17.06,17.19,48700
2024-01-29 07:00:00,17.19,18.03,17.19,17.41,57700
2024-01-30 07:00:00,17.59,17.59,16.97,17.37,42600
2024-01-31 07:00:00,17.46,17.59,17.06,17.37,40000
2024-02-01 07:00:00,17.02,17.32,16.71,17.24,40200
2024-02-02 07:00:00,16.75,17.37,16.71,17.15,90500
2024-02-05 07:00:00,17.37,17.37,16.62,17.1,37800
2024-02-06 07:00:00,16.66,17.5,16.44,17.15,117200
2024-02-07 07:00:00,16.71,17.41,16.71,17.37,77600
2024-02-15 07:00:00,17.19,17.5,17.15,17.41,37400
2024-02-16 07:00:00,17.02,17.41,17.02,17.37,17600
2024-02-19 07:00:00,17.37,17.37,16.8,17.32,39700
2024-02-20 07:00:00,17.32,17.32,17.06,17.32,22400
2024-02-21 07:00:00,17.02,17.32,16.84,17.19,33300
2024-02-22 07:00:00,16.88,17.24,16.84,17.24,47100
2024-02-23 07:00:00,17.1,17.41,16.88,17.19,59600
2024-02-26 07:00:00,16.75,17.24,16.71,17.02,25400
2024-02-27 07:00:00,16.88,17.15,16.71,17.15,62800
2024-02-28 07:00:00,17.24,17.24,16.97,17.24,19000
2024-02-29 07:00:00,17.24,17.32,17.02,17.24,8200
2024-03-01 07:00:00,17.24,17.24,17.02,17.24,18000
2024-03-04 07:00:00,17.28,17.41,17.06,17.41,196100
2024-03-05 07:00:00,17.76,18.6,17.76,18.6,353600
2024-03-06 07:00:00,19.52,19.52,18.6,19.08,144200
2024-03-07 07:00:00,19.17,19.35,17.76,17.76,182100
2024-03-08 07:00:00,17.32,18.03,16.88,17.72,159200
2024-03-11 07:00:00,17.32,17.81,16.75,16.8,81600
2024-03-12 07:00:00,16.75,17.28,16.53,16.97,94200
2024-03-13 07:00:00,16.93,17.1,16.71,17.06,41600
2024-03-14 07:00:00,16.88,17.1,16.8,16.88,59300
2024-03-15 07:00:00,16.88,17.1,16.8,17.06,52200
2024-03-18 07:00:00,17.1,17.19,16.71,16.84,64800
2024-03-19 07:00:00,16.97,17.06,16.53,16.62,98800
2024-03-20 07:00:00,16.71,16.71,16.62,16.66,24100
2024-03-21 07:00:00,16.66,17.06,16.66,16.88,37500
2024-03-22 07:00:00,16.93,16.97,16.75,16.97,25500
2024-03-25 07:00:00,16.75,16.97,16.66,16.8,35500
2024-03-26 07:00:00,16.71,17.15,16.66,17.15,75600
2024-03-27 07:00:00,17.24,17.72,17.02,17.24,26800
2024-03-28 07:00:00,17.24,17.41,16.97,17.37,24400
2024-03-29 07:00:00,17.37,17.37,16.97,17.32,13200
2024-04-01 07:00:00,17.02,17.24,16.8,17.1,7200
2024-04-02 07:00:00,17.1,17.1,16.66,16.8,58900
2024-04-03 07:00:00,16.75,17.15,16.71,16.71,86000
2024-04-04 07:00:00,17.1,17.1,16.62,16.8,14400
2024-04-05 07:00:00,16.53,16.88,16.53,16.8,10300
2024-04-08 07:00:00,16.88,16.88,16.71,16.8,5900
2024-04-09 07:00:00,16.88,17.15,16.8,17.1,102400
2024-04-10 07:00:00,17.1,17.24,16.71,17.02,31600
2024-04-11 07:00:00,16.97,17.02,16.8,17.02,3800
2024-04-12 07:00:00,17.1,17.1,16.75,17.02,7500
2024-04-15 07:00:00,17.1,17.1,16.0,16.18,25000
2024-04-16 07:00:00,15.92,16.27,15.65,15.78,20900
2024-04-17 07:00:00,16.05,16.22,15.65,15.65,25800
2024-04-19 07:00:00,15.56,16.71,15.21,16.22,61700
2024-04-22 07:00:00,16.18,16.18,15.39,15.96,60500
2024-04-23 07:00:00,15.83,15.83,15.21,15.21,24300
2024-04-24 07:00:00,15.21,15.78,14.95,15.04,57400
2024-04-25 07:00:00,15.04,15.34,14.95,15.17,24500
2024-04-26 07:00:00,15.17,15.17,14.86,14.95,53200
2024-05-02 07:00:00,14.95,15.26,14.95,15.26,7200
2024-05-03 07:00:00,15.04,15.26,14.86,15.04,44300
2024-05-06 07:00:00,15.04,15.21,14.95,15.17,61900
2024-05-07 07:00:00,15.39,15.78,15.34,15.52,134800
2024-05-08 07:00:00,15.52,16.14,15.52,15.83,85400
2024-05-09 07:00:00,16.27,16.27,15.65,15.78,38200
2024-05-10 07:00:00,15.56,15.78,15.43,15.74,94000
2024-05-13 07:00:00,15.83,16.05,15.65,15.78,108400
2024-05-14 07:00:00,15.78,15.96,15.61,15.7,74600
2024-05-15 07:00:00,15.7,16.05,15.7,15.92,98500
2024-05-16 07:00:00,16.0,16.0,15.83,15.92,123800
2024-05-17 07:00:00,16.0,16.0,15.87,16.0,122100
2024-05-20 07:00:00,16.61,16.61,16.0,16.24,54800
2024-05-21 07:00:00,16.24,16.47,15.96,16.19,61600
2024-05-22 07:00:00,16.15,16.19,15.77,16.0,49700
2024-05-23 07:00:00,15.91,15.91,15.58,15.77,62000
2024-05-24 07:00:00,15.68,15.77,15.35,15.39,101600
2024-05-27 07:00:00,15.49,15.68,15.44,15.58,7600
2024-05-28 07:00:00,15.58,15.91,15.58,15.82,83200
2024-05-29 07:00:00,15.77,15.82,15.68,15.77,40900
2024-05-30 07:00:00,15.3,15.68,15.3,15.68,52600
2024-05-31 07:00:00,15.68,15.72,15.58,15.68,10500
2024-06-03 07:00:00,15.96,15.96,15.77,15.77,32900
2024-06-04 07:00:00,15.82,16.85,15.82,16.85,101900
2024-06-05 07:00:00,17.27,17.65,17.04,17.37,167200
2024-06-06 07:00:00,17.41,17.83,17.08,17.46,35200
2024-06-07 07:00:00,17.08,17.51,17.08,17.41,63100
2024-06-10 07:00:00,17.46,17.46,17.08,17.32,80200
2024-06-11 07:00:00,17.27,17.27,16.61,17.13,137000
2024-06-12 07:00:00,17.22,17.22,16.76,17.08,17200
2024-06-13 07:00:00,16.94,17.41,15.91,17.04,117600
2024-06-14 07:00:00,17.04,17.04,16.33,16.33,51400
2024-06-17 07:00:00,16.33,17.04,16.15,16.15,37600
2024-06-18 07:00:00,16.61,16.61,16.0,16.33,25400
2024-06-19 07:00:00,16.19,16.52,16.0,16.52,30800
2024-06-20 07:00:00,16.29,16.52,16.29,16.52,13100
2024-06-21 07:00:00,16.15,16.43,16.15,16.43,28000
2024-06-24 07:00:00,16.43,16.43,16.05,16.43,21100
2024-06-25 07:00:00,16.43,16.43,16.15,16.43,15000
2024-06-26 07:00:00,16.43,16.43,16.19,16.33,29400
2024-06-27 07:00:00,16.24,16.38,15.96,16.29,32500
2024-06-28 07:00:00,16.29,16.29,16.15,16.24,20700
2024-07-01 07:00:00,16.19,16.38,16.1,16.15,8500
2024-07-02 07:00:00,16.15,16.15,16.05,16.15,22900
2024-07-03 07:00:00,16.1,16.24,16.0,16.1,31300
2024-07-04 07:00:00,16.1,16.15,15.96,16.0,13100
2024-07-05 07:00:00,16.0,16.38,15.96,16.15,23200
2024-07-08 07:00:00,16.15,16.52,16.15,16.43,44300
2024-07-09 07:00:00,16.43,16.52,16.33,16.33,25800
2024-07-10 07:00:00,16.43,16.47,16.24,16.24,13000
2024-07-11 07:00:00,16.24,16.43,16.15,16.38,19200
2024-07-12 07:00:00,16.33,16.38,16.29,16.38,36400
2024-07-15 07:00:00,16.38,16.9,16.38,16.76,61100
2024-07-16 07:00:00,16.9,17.13,16.9,17.08,67200
2024-07-17 07:00:00,17.08,17.74,17.08,17.18,208900
2024-07-18 07:00:00,17.22,17.37,17.04,17.27,83100
2024-07-19 07:00:00,17.22,17.37,17.04,17.27,42900
2024-07-22 07:00:00,17.18,17.41,16.99,17.18,81700
2024-07-23 07:00:00,17.46,17.46,17.08,17.08,125200
2024-07-24 07:00:00,17.04,17.08,16.9,17.04,19000
2024-07-25 07:00:00,17.04,17.04,15.96,16.76,53900
2024-07-26 07:00:00,16.52,16.9,16.52,16.9,20900
2024-07-29 07:00:00,16.85,16.99,16.71,16.85,21900
2024-07-30 07:00:00,16.8,16.9,16.8,16.9,23400
2024-07-31 07:00:00,17.04,18.07,17.04,18.07,342900
2024-08-01 07:00:00,18.54,19.01,17.65,17.83,119600
2024-08-02 07:00:00,17.83,18.12,17.27,17.98,175900
2024-08-05 07:00:00,17.88,18.26,16.76,17.46,199000
2024-08-06 07:00:00,17.46,17.93,16.9,17.74,110700
2024-08-07 07:00:00,17.22,18.96,17.22,18.96,343000
2024-08-08 07:00:00,19.52,20.28,19.38,20.28,440500
2024-08-09 07:00:00,20.46,20.65,19.67,19.67,171000
2024-08-12 07:00:00,19.34,19.67,18.4,19.34,355800
2024-08-13 07:00:00,19.1,20.09,18.68,19.99,127600
2024-08-14 07:00:00,20.28,20.28,19.57,19.71,115100
2024-08-15 07:00:00,19.38,19.81,19.1,19.34,51900
2024-08-16 07:00:00,19.38,20.65,19.06,19.71,191000
2024-08-19 07:00:00,19.71,19.95,19.62,19.62,76700
2024-08-20 07:00:00,19.52,20.93,19.15,19.15,226700
2024-08-21 07:00:00,19.15,19.24,18.77,19.24,98200
2024-08-22 07:00:00,19.24,19.71,18.68,19.24,82100
2024-08-23 07:00:00,19.24,19.24,18.87,19.2,33900
2024-08-26 07:00:00,18.87,19.2,18.68,18.68,43500
2024-08-27 07:00:00,18.4,18.68,18.4,18.4,69000
2024-08-28 07:00:00,18.4,18.4,18.02,18.16,52000
2024-08-29 07:00:00,18.4,19.01,18.21,19.01,83300
2024-08-30 07:00:00,19.01,19.01,18.49,18.96,58200
2024-09-04 07:00:00,18.4,19.15,18.4,19.15,56500
2024-09-05 07:00:00,19.24,19.24,18.59,19.2,51200
2024-09-06 07:00:00,19.24,19.24,18.77,19.06,35500
2024-09-09 07:00:00,19.2,19.2,18.59,18.59,14600
2024-09-10 07:00:00,18.77,18.82,18.3,18.3,45500
2024-09-11 07:00:00,18.3,19.57,17.83,19.57,169500
2024-09-12 07:00:00,19.99,20.18,19.52,19.9,79300
2024-09-13 07:00:00,19.62,20.18,19.52,20.09,103300
2024-09-16 07:00:00,20.18,20.23,19.52,19.95,58000
2024-09-17 07:00:00,19.34,20.18,19.34,19.95,52800
2024-09-18 07:00:00,19.95,19.99,19.24,19.29,57500
2024-09-19 07:00:00,19.29,19.43,19.2,19.24,111700
2024-09-20 07:00:00,19.34,19.67,19.24,19.67,49500
2024-09-23 07:00:00,19.52,19.81,19.06,19.43,54100
2024-09-24 07:00:00,19.1,19.43,19.06,19.34,50400
2024-09-25 07:00:00,19.24,19.99,19.06,19.99,144000
2024-09-26 07:00:00,19.99,20.56,19.52,19.99,99300
2024-09-27 07:00:00,19.99,19.99,19.62,19.85,52600
2024-09-30 07:00:00,19.34,19.52,19.15,19.15,105100
2024-10-01 07:00:00,19.24,19.52,19.15,19.24,104800
2024-10-02 07:00:00,19.24,19.48,19.15,19.34,22300
2024-10-03 07:00:00,19.43,19.76,19.29,19.43,36000
2024-10-04 07:00:00,19.43,19.48,19.2,19.2,36600
2024-10-07 07:00:00,19.2,19.57,19.2,19.24,42200
2024-10-08 07:00:00,19.52,20.56,19.24,20.56,274500
2024-10-09 07:00:00,21.31,21.4,20.56,20.93,191600
2024-10-10 07:00:00,21.07,21.07,20.56,20.84,94500
2024-10-11 07:00:00,20.93,20.98,20.51,20.84,54000
2024-10-14 07:00:00,20.98,21.12,20.51,21.12,72800
2024-10-15 07:00:00,21.12,22.43,20.7,21.97,162100
2024-10-16 07:00:00,22.25,22.25,21.4,21.78,40400
2024-10-17 07:00:00,21.45,22.11,21.12,22.11,38600
2024-10-18 07:00:00,22.11,22.11,21.59,21.73,42500
2024-10-21 07:00:00,21.5,21.73,21.31,21.59,41300
2024-10-22 07:00:00,21.31,21.45,20.93,20.93,77800
2024-10-23 07:00:00,21.45,21.45,20.74,20.93,27500
2024-10-24 07:00:00,20.65,20.84,20.04,20.04,115500
2024-10-25 07:00:00,19.99,20.56,19.99,20.51,58100
2024-10-28 07:00:00,20.7,20.84,20.32,20.56,29800
2024-10-29 07:00:00,20.56,20.79,20.09,20.7,59600
2024-10-30 07:00:00,20.84,20.84,19.99,20.6,35100
2024-10-31 07:00:00,20.04,20.46,20.04,20.04,43300
2024-11-01 07:00:00,20.79,20.79,19.71,19.71,47900
2024-11-04 07:00:00,19.67,20.93,19.48,19.71,35700
2024-11-05 07:00:00,19.71,20.09,19.62,20.04,16500
2024-11-06 07:00:00,20.18,20.18,19.57,19.99,54900
2024-11-07 07:00:00,19.81,19.9,19.52,19.9,16600
2024-11-08 07:00:00,19.57,19.9,18.87,19.06,53700
2024-11-11 07:00:00,19.81,20.28,19.06,20.23,226200
2024-11-12 07:00:00,20.79,20.79,19.71,19.99,45200
2024-11-13 07:00:00,19.71,20.13,19.15,19.62,103200
2024-11-14 07:00:00,19.43,19.62,19.06,19.06,108100
2024-11-15 07:00:00,19.71,20.13,18.3,18.77,25500
2024-11-18 07:00:00,18.59,18.82,18.02,18.77,148300
2024-11-19 07:00:00,18.68,18.96,18.16,18.3,21000
2024-11-20 07:00:00,18.3,18.63,18.07,18.59,50500
2024-11-21 07:00:00,18.59,18.73,17.32,18.68,39000
2024-11-22 07:00:00,18.59,18.59,17.93,18.35,27700
2024-11-25 07:00:00,18.35,18.4,18.02,18.3,42400
2024-11-26 07:00:00,18.21,18.63,18.12,18.3,67100
2024-11-27 07:00:00,18.35,19.34,18.35,18.59,41700
2024-11-28 07:00:00,18.59,18.59,18.3,18.3,46400
2024-11-29 07:00:00,18.3,18.63,18.12,18.54,17700
2024-12-02 07:00:00,18.35,18.68,18.35,18.49,44700
2024-12-03 07:00:00,18.54,18.68,18.49,18.63,21300
2024-12-04 07:00:00,18.59,18.59,18.07,18.35,60500
2024-12-05 07:00:00,18.49,18.49,18.07,18.49,36700
2024-12-06 07:00:00,18.54,18.59,18.4,18.49,42500
2024-12-09 07:00:00,18.59,19.48,18.49,19.2,116300
2024-12-10 07:00:00,19.52,19.52,18.77,19.2,25300
2024-12-11 07:00:00,18.87,19.38,18.82,19.15,37600
2024-12-12 07:00:00,18.77,19.15,18.68,18.91,35300
2024-12-13 07:00:00,18.77,18.77,18.4,18.4,90400
2024-12-16 07:00:00,18.77,18.77,18.4,18.63,60700
2024-12-17 07:00:00,18.63,19.52,18.4,19.15,64700
2024-12-18 07:00:00,19.15,19.15,18.59,18.77,44000
2024-12-19 07:00:00,18.77,18.77,18.12,18.21,82400
2024-12-20 07:00:00,18.49,18.63,18.35,18.35,32600
2024-12-23 07:00:00,18.35,18.49,18.3,18.45,30700
2024-12-24 07:00:00,18.59,19.71,18.59,19.71,372700
2024-12-25 07:00:00,21.07,21.07,20.37,21.07,345900
2024-12-26 07:00:00,22.53,22.53,22.06,22.53,397100
2024-12-27 07:00:00,23.09,23.51,21.31,21.31,677900
2024-12-30 07:00:00,21.59,22.06,19.99,20.65,176100
2024-12-31 07:00:00,21.03,21.03,19.76,19.81,146400
2025-01-02 07:00:00,20.18,21.12,20.18,21.03,111800
2025-01-03 07:00:00,20.74,21.73,20.18,21.21,188100
2025-01-06 07:00:00,21.5,22.67,20.04,21.21,277700
2025-01-07 07:00:00,21.4,22.06,20.18,20.79,83300
2025-01-08 07:00:00,20.79,20.93,20.18,20.84,129400
2025-01-09 07:00:00,20.46,20.74,19.9,19.9,91700
2025-01-10 07:00:00,19.99,21.12,19.99,20.28,130700
2025-01-13 07:00:00,20.37,21.26,20.18,20.93,114400
2025-01-14 07:00:00,20.84,21.31,20.42,20.84,62900
2025-01-15 07:00:00,20.74,20.84,20.23,20.56,88300
2025-01-16 07:00:00,21.12,21.21,20.23,20.84,113500
2025-01-17 07:00:00,20.89,21.07,20.46,20.6,107700
2025-01-20 07:00:00,21.07,21.07,20.04,20.13,138100
2025-01-21 07:00:00,19.67,20.13,19.67,19.67,113700
2025-01-22 07:00:00,19.85,21.03,19.81,21.03,129700
2025-01-23 07:00:00,22.34,22.48,20.46,20.46,322700
2025-01-24 07:00:00,20.56,20.89,20.18,20.28,161200
2025-02-03 07:00:00,20.28,20.51,19.81,20.18,135600
2025-02-04 07:00:00,20.18,20.56,19.99,20.51,134800
2025-02-05 07:00:00,20.51,21.59,20.51,21.21,256300
2025-02-06 07:00:00,21.59,22.67,21.4,22.67,513500
2025-02-07 07:00:00,24.22,24.22,24.12,24.22,592300
2025-02-10 07:00:00,24.83,25.91,24.5,25.63,920900
2025-02-11 07:00:00,25.81,25.95,23.84,24.26,445000
2025-02-12 07:00:00,23.94,24.78,23.51,23.94,290900
2025-02-13 07:00:00,23.94,25.58,23.94,25.58,542000
2025-02-14 07:00:00,27.36,27.36,27.13,27.36,898500
2025-02-17 07:00:00,29.24,29.24,29.15,29.24,619300
2025-02-18 07:00:00,30.98,31.26,27.22,27.88,1271800
2025-02-19 07:00:00,27.32,28.63,26.75,28.63,520400
2025-02-20 07:00:00,30.41,30.6,28.96,30.41,559000
2025-02-21 07:00:00,30.98,30.98,29.1,29.57,371600
2025-02-24 07:00:00,29.1,29.24,27.5,27.5,484900
2025-02-25 07:00:00,26.1,27.03,25.58,26.75,678700
2025-02-26 07:00:00,26.28,27.22,25.06,26.56,237200
2025-02-27 07:00:00,26.66,27.5,26.28,27.03,290000
2025-02-28 07:00:00,27.22,27.22,25.25,25.77,451400
2025-03-03 07:00:00,26.28,26.28,24.78,25.77,347000
2025-03-04 07:00:00,25.72,25.72,23.98,24.41,346900
2025-03-05 07:00:00,24.41,25.16,24.41,24.64,169000
2025-03-06 07:00:00,24.87,24.87,24.22,24.5,383600
2025-03-07 07:00:00,24.55,24.83,23.75,23.84,329900
2025-03-10 07:00:00,23.94,25.34,23.84,24.97,460900
2025-03-11 07:00:00,25.02,25.16,24.59,24.64,254600
2025-03-12 07:00:00,24.97,25.25,24.03,24.22,313400
2025-03-13 07:00:00,24.5,24.5,22.53,23.0,485500
2025-03-14 07:00:00,22.95,23.65,22.25,22.67,201000
2025-03-17 07:00:00,23.0,23.42,22.72,22.81,162800
2025-03-18 07:00:00,22.86,23.14,21.68,22.53,192900
2025-03-19 07:00:00,22.53,22.58,21.45,21.45,230600
2025-03-20 07:00:00,21.45,22.29,21.45,22.01,181100
2025-03-21 07:00:00,22.25,22.25,21.87,21.92,53800
2025-03-24 07:00:00,21.68,21.92,20.65,20.65,314900
2025-03-25 07:00:00,20.56,21.31,20.56,21.03,145900
2025-03-26 07:00:00,21.26,21.82,21.03,21.03,127300
2025-03-27 07:00:00,21.31,21.31,20.98,21.12,60500
2025-03-28 07:00:00,21.12,21.12,20.46,20.65,147000
2025-03-31 07:00:00,20.18,20.93,20.18,20.6,97900
2025-04-01 07:00:00,20.74,22.01,20.65,22.01,353000
2025-04-02 07:00:00,23.28,23.28,22.25,22.48,285700
2025-04-03 07:00:00,20.93,22.29,20.93,20.93,419900
2025-04-04 07:00:00,19.81,20.84,19.57,20.18,308300
2025-04-08 07:00:00,20.13,20.13,18.77,18.77,178400
2025-04-09 07:00:00,17.46,18.45,17.46,17.46,220600
2025-04-10 07:00:00,18.68,18.68,18.68,18.68,97000
2025-04-11 07:00:00,18.73,19.43,18.16,19.06,335600
2025-04-14 07:00:00,20.18,20.18,19.57,19.95,155600
2025-04-15 07:00:00,20.04,20.04,18.82,19.34,147200
2025-04-16 07:00:00,19.34,19.67,18.77,19.15,189700
2025-04-17 07:00:00,19.1,19.76,18.87,19.52,95000
2025-04-18 07:00:00,19.52,19.81,19.2,19.43,103100
2025-04-21 07:00:00,19.2,19.24,18.68,18.77,216700
2025-04-22 07:00:00,18.68,18.77,17.46,18.12,205300
2025-04-23 07:00:00,18.35,18.77,17.79,18.3,115700
2025-04-24 07:00:00,18.4,18.73,18.12,18.49,90800
2025-04-25 07:00:00,18.54,19.76,18.54,19.76,295100
2025-04-28 07:00:00,19.81,20.28,19.43,19.95,83300
2025-04-29 07:00:00,19.24,19.81,19.24,19.43,79600
2025-05-05 07:00:00,19.43,20.09,19.43,19.71,131600
2025-05-06 07:00:00,19.99,20.28,19.81,19.85,162200
2025-05-07 07:00:00,19.81,20.18,19.62,19.81,32600
2025-05-08 07:00:00,19.81,19.95,19.48,19.71,80200
2025-05-09 07:00:00,19.85,20.37,19.62,19.71,108200
2025-05-12 07:00:00,19.76,19.81,19.57,19.57,73200
2025-05-13 07:00:00,19.67,19.76,19.34,19.57,126500
2025-05-14 07:00:00,19.57,19.71,19.52,19.71,123100
2025-05-15 07:00:00,19.76,20.28,19.76,20.18,144800
2025-05-16 07:00:00,20.18,20.18,19.38,19.57,180400
2025-05-19 07:00:00,19.48,19.57,18.77,18.77,287200
2025-05-20 07:00:00,19.01,19.71,18.82,19.2,203900
2025-05-21 07:00:00,19.62,19.71,19.06,19.43,116800
2025-05-22 07:00:00,19.38,19.38,18.77,19.2,186200
2025-05-23 07:00:00,18.82,19.06,18.54,18.54,169300
2025-05-26 07:00:00,18.54,18.77,18.12,18.77,74200
2025-05-27 07:00:00,18.77,19.15,18.59,18.59,108200
2025-05-28 07:00:00,18.73,19.2,18.68,19.06,115800
2025-05-29 07:00:00,19.06,19.06,18.68,18.87,58400
2025-05-30 07:00:00,18.68,18.73,18.4,18.4,148500
2025-06-02 07:00:00,18.4,19.1,17.98,18.4,119800
2025-06-03 07:00:00,18.87,18.87,18.4,18.59,50000
2025-06-04 07:00:00,18.35,18.73,18.35,18.49,64300
2025-06-05 07:00:00,18.26,19.24,18.26,19.2,246700
2025-06-06 07:00:00,19.34,19.34,18.54,18.59,99400
2025-06-09 07:00:00,18.59,18.59,17.83,17.83,104300
2025-06-10 07:00:00,18.12,18.77,18.07,18.16,101500
2025-06-11 07:00:00,18.59,18.59,18.16,18.3,34200
2025-06-12 07:00:00,18.3,18.4,18.02,18.26,50000
2025-06-13 07:00:00,18.3,18.3,17.83,18.12,64600
2025-06-16 07:00:00,18.16,18.16,17.46,17.83,105900
2025-06-17 07:00:00,18.16,18.35,17.83,17.93,84100
2025-06-18 07:00:00,18.3,18.3,17.79,18.02,208100
2025-06-19 07:00:00,18.07,18.07,17.83,17.98,66100
2025-06-20 07:00:00,17.83,18.02,17.79,17.83,65600
2025-06-23 07:00:00,17.83,17.83,17.55,17.69,79800
2025-06-24 07:00:00,17.83,17.93,17.74,17.83,45100
2025-06-25 07:00:00,17.98,17.98,17.51,17.51,66500
2025-06-26 07:00:00,17.79,17.88,17.6,17.6,29100
2025-06-27 07:00:00,17.83,17.88,17.6,17.6,55500
2025-06-30 07:00:00,17.65,17.83,17.6,17.69,49400
2025-07-01 07:00:00,17.55,17.74,17.41,17.65,109900
2025-07-02 07:00:00,17.51,17.65,17.37,17.55,103800
2025-07-03 07:00:00,17.69,18.12,17.6,17.83,138300
2025-07-04 07:00:00,17.98,17.98,17.65,17.83,42700
2025-07-07 07:00:00,17.88,17.88,17.6,17.79,96300
2025-07-08 07:00:00,17.83,17.83,17.65,17.79,61800
2025-07-09 07:00:00,17.98,18.49,17.98,18.45,243400
2025-07-10 07:00:00,18.96,19.01,18.4,18.77,146000
2025-07-11 07:00:00,18.96,19.1,18.49,18.59,161900
2025-07-14 07:00:00,18.68,18.77,18.49,18.77,119900
2025-07-15 07:00:00,19.01,19.06,18.68,18.73,178600
2025-07-16 07:00:00,19.24,19.24,18.91,18.96,119100
2025-07-17 07:00:00,19.15,19.34,19.06,19.2,182800
2025-07-18 07:00:00,19.38,19.62,19.38,19.48,156100
2025-07-21 07:00:00,19.71,19.95,19.62,19.71,293700
2025-07-22 07:00:00,19.81,19.85,19.43,19.71,253100
2025-07-23 07:00:00,19.9,19.9,19.62,19.9,266300
2025-07-24 07:00:00,19.55,19.8,19.45,19.5,203400
2025-07-25 07:00:00,19.5,19.6,19.0,19.0,265300
2025-07-28 07:00:00,19.0,19.0,18.6,18.75,285400
2025-07-29 07:00:00,18.75,19.2,17.6,17.6,222100
2025-07-30 07:00:00,17.9,18.5,17.7,18.15,94600
2025-07-31 07:00:00,18.15,18.25,17.9,17.95,80000
2025-08-01 07:00:00,17.95,18.0,17.8,17.85,77600
2025-08-04 07:00:00,17.85,18.1,17.65,17.85,151700
2025-08-05 07:00:00,17.85,18.2,17.8,18.05,132700
2025-08-06 07:00:00,17.75,18.1,17.75,17.85,101800
2025-08-07 07:00:00,17.9,18.45,17.9,18.25,123300
2025-08-08 07:00:00,18.3,18.35,18.05,18.2,86100
2025-08-11 07:00:00,18.25,18.35,18.0,18.05,152500
2025-08-12 07:00:00,18.2,18.25,17.95,18.05,116700
2025-08-13 07:00:00,18.1,18.2,17.95,18.1,92000
2025-08-14 07:00:00,18.1,18.1,17.8,17.85,193100
2025-08-15 07:00:00,18.15,18.15,17.6,17.65,147400
2025-08-18 07:00:00,17.7,18.05,17.65,17.8,96500
2025-08-19 07:00:00,17.9,17.95,17.65,17.7,84100
2025-08-20 07:00:00,17.75,17.8,17.3,17.45,138800
2025-08-21 07:00:00,17.25,17.45,17.25,17.25,72300
2025-08-22 07:00:00,17.3,17.3,16.8,16.85,93500
2025-08-25 07:00:00,16.85,17.35,16.65,16.65,38300
2025-08-26 07:00:00,16.6,17.1,16.6,17.1,38900
2025-08-27 07:00:00,17.1,17.15,17.0,17.1,41800
2025-08-28 07:00:00,17.1,17.1,16.9,17.1,34900
2025-08-29 07:00:00,17.15,17.25,17.0,17.1,47600
2025-09-03 07:00:00,17.2,17.65,17.2,17.55,33600
2025-09-04 07:00:00,17.6,17.9,17.6,17.7,46100
2025-09-05 07:00:00,17.9,17.9,17.5,17.7,61000
2025-09-08 07:00:00,17.65,17.7,17.15,17.3,43800
2025-09-09 07:00:00,17.3,17.3,16.8,17.1,8900
2025-09-10 07:00:00,17.5,17.6,17.2,17.4,37300
2025-09-11 07:00:00,17.4,17.5,17.2,17.4,17100
2025-09-12 07:00:00,17.55,17.55,17.2,17.2,24900
2025-09-15 07:00:00,17.2,17.55,17.2,17.55,88500
2025-09-16 07:00:00,17.55,17.6,17.35,17.35,55600
2025-09-17 07:00:00,17.55,17.6,17.35,17.5,58800
2025-09-18 07:00:00,17.8,17.8,17.35,17.45,26000
2025-09-19 07:00:00,17.5,17.5,17.25,17.35,61900
2025-09-22 07:00:00,17.4,17.4,17.0,17.15,31600
2025-09-23 07:00:00,17.0,17.15,16.3,17.15,54600
2025-09-24 07:00:00,17.15,17.35,17.15,17.3,34300
2025-09-25 07:00:00,17.45,17.55,17.35,17.35,30100
2025-09-26 07:00:00,17.5,18.55,17.35,18.55,400600
2025-09-29 07:00:00,19.55,19.55,18.5,18.65,358300
2025-09-30 07:00:00,18.1,18.7,17.35,17.45,209600
2025-10-01 07:00:00,17.8,17.8,16.95,17.3,122200
2025-10-02 07:00:00,17.3,17.85,17.0,17.0,64000
2025-10-03 07:00:00,17.3,17.3,16.75,17.15,102900
2025-10-06 07:00:00,17.35,17.4,17.0,17.2,69300
2025-10-07 07:00:00,17.3,17.3,17.0,17.1,41600
2025-10-08 07:00:00,17.1,17.5,17.1,17.1,39900
2025-10-09 07:00:00,17.2,17.3,16.95,17.15,40300
2025-10-10 07:00:00,17.2,17.2,17.0,17.05,32100
2025-10-13 07:00:00,17.25,18.15,17.2,17.9,376700
2025-10-14 07:00:00,18.0,18.05,17.5,17.55,70900
2025-10-15 07:00:00,17.6,17.6,16.7,16.95,95500
2025-10-16 07:00:00,16.95,17.15,16.85,17.05,76200
2025-10-17 07:00:00,17.1,17.5,16.8,17.05,71800
2025-10-20 07:00:00,17.0,17.45,16.0,16.6,62000
2025-10-21 07:00:00,16.6,17.0,16.5,16.8,75300
2025-10-22 07:00:00,16.8,16.95,16.6,16.85,46200
2025-10-23 07:00:00,16.9,16.9,16.75,16.75,20700
2025-10-24 07:00:00,16.85,16.85,16.55,16.65,37500
2025-10-27 07:00:00,16.85,16.95,16.65,16.75,71700
2025-10-28 07:00:00,16.75,16.75,16.4,16.65,41600
2025-10-29 07:00:00,16.8,16.8,16.4,16.7,17000
2025-10-30 07:00:00,16.9,16.9,16.7,16.75,18200
2025-10-31 07:00:00,16.65,16.9,16.6,16.75,29500
2025-11-03 07:00:00,16.85,16.95,16.65,16.85,35000
2025-11-04 07:00:00,17.0,17.3,16.7,17.0,35600
2025-11-05 07:00:00,17.0,17.15,16.6,16.8,34100
2025-11-06 07:00:00,17.15,17.15,16.75,16.9,10100
2025-11-07 07:00:00,16.9,16.9,16.5,16.75,42400
2025-11-10 07:00:00,16.2,17.1,16.2,16.55,21000
2025-11-11 07:00:00,17.1,17.1,16.3,16.6,23500
2025-11-12 07:00:00,16.85,16.85,16.35,16.55,15000
2025-11-13 07:00:00,16.55,16.6,16.25,16.45,44600
2025-11-14 07:00:00,16.75,16.75,16.35,16.35,78600
2025-11-17 07:00:00,16.75,16.75,16.4,16.45,13500
2025-11-18 07:00:00,16.6,16.6,16.35,16.4,25400
2025-11-19 07:00:00,16.35,16.35,16.3,16.35,15900
2025-11-20 07:00:00,16.3,16.35,16.2,16.35,16800
2025-11-21 07:00:00,16.2,16.35,16.0,16.35,25000
2025-11-24 07:00:00,16.3,16.3,16.2,16.2,13400
2025-11-25 07:00:00,16.2,16.2,16.0,16.1,36600
2025-11-26 07:00:00,16.1,16.1,15.9,16.1,18100
2025-11-27 07:00:00,16.1,16.1,16.0,16.1,15500
2025-11-28 07:00:00,16.1,16.1,15.5,15.95,124900
2025-12-01 07:00:00,16.0,16.15,16.0,16.0,19900
2025-12-02 07:00:00,15.8,15.85,15.5,15.8,31700
2025-12-03 07:00:00,15.8,16.0,15.8,15.9,11000
2025-12-04 07:00:00,15.7,16.1,15.7,16.1,29100
2025-12-05 07:00:00,16.15,16.15,15.9,15.95,11800
2025-12-08 07:00:00,15.6,15.8,15.6,15.8,31800
2025-12-09 07:00:00,15.6,15.8,15.35,15.8,30700
2025-12-10 07:00:00,15.75,15.75,15.4,15.45,14000
2025-12-11 07:00:00,15.45,15.6,15.4,15.55,9400
2025-12-12 07:00:00,15.55,15.55,15.3,15.3,8500
2025-12-15 07:00:00,15.3,15.3,14.3,15.15,18400
2025-12-16 07:00:00,15.35,15.5,15.2,15.2,29500
2025-12-17 07:00:00,15.35,15.5,15.15,15.3,6100
2025-12-18 07:00:00,15.35,15.35,15.2,15.35,18800
2025-12-19 07:00:00,15.35,15.35,15.2,15.2,8200
2025-12-22 07:00:00,15.35,15.5,15.2,15.45,34000
2025-12-23 07:00:00,15.5,15.5,15.25,15.3,12700
2025-12-24 07:00:00,15.4,15.4,15.15,15.25,22500
2025-12-25 07:00:00,15.35,15.45,15.2,15.25,10700
2025-12-26 07:00:00,15.25,15.35,15.0,15.1,23800
2025-12-29 07:00:00,15.25,15.25,15.05,15.1,9300
2025-12-30 07:00:00,15.05,15.05,14.7,14.85,62800
2025-12-31 07:00:00,14.8,15.0,14.75,14.75,16700
2026-01-05 07:00:00,14.9,15.5,14.9,14.9,18500
2026-01-06 07:00:00,14.9,15.3,14.9,15.25,42900
2026-01-07 07:00:00,15.3,16.3,15.3,16.3,111800
2026-01-08 07:00:00,17.4,17.4,16.55,16.6,265000
2026-01-09 07:00:00,16.9,16.9,16.0,16.45,37000
2026-01-12 07:00:00,17.45,17.45,15.8,16.25,121800
2026-01-13 07:00:00,16.7,16.7,15.9,16.2,22500
2026-01-14 07:00:00,15.85,16.55,15.7,16.35,102700
2026-01-15 07:00:00,16.3,16.3,16.0,16.1,21700
2026-01-16 07:00:00,16.1,16.3,15.9,15.9,24700
2026-01-19 07:00:00,16.05,16.1,15.85,15.9,31900
2026-01-20 07:00:00,15.85,16.7,15.85,16.6,108800
2026-01-21 07:00:00,16.0,16.5,15.95,16.3,41600
2026-01-22 07:00:00,16.3,16.3,15.95,15.95,18200
2026-01-23 07:00:00,15.95,15.95,15.45,15.8,62900
2026-01-26 07:00:00,15.7,16.3,15.3,16.3,41500
2026-01-27 07:00:00,16.2,16.2,15.7,15.85,15500
2026-01-28 07:00:00,15.7,16.35,15.7,16.1,91400
2026-01-29 07:00:00,16.7,17.2,16.7,17.2,319700
2026-01-30 07:00:00,18.4,18.4,17.5,17.8,366000
2026-02-02 07:00:00,17.6,17.6,16.6,16.6,196400
2026-02-03 07:00:00,16.8,16.8,15.5,16.0,240600
2026-02-04 07:00:00,16.15,16.2,15.8,16.0,75000
2026-02-05 07:00:00,16.05,16.05,15.6,15.6,72100
2026-02-06 07:00:00,15.8,15.8,15.35,15.4,39400
2026-02-09 07:00:00,15.4,15.5,15.2,15.25,21400
2026-02-10 07:00:00,15.25,15.4,14.9,14.95,87100
2026-02-11 07:00:00,15.45,15.45,14.85,15.3,38900
2026-02-12 07:00:00,15.5,15.6,15.0,15.35,86300
2026-02-13 07:00:00,15.3,15.35,15.0,15.25,77300
2026-02-23 07:00:00,15.3,16.0,15.3,15.45,38800
2026-02-24 07:00:00,15.15,15.45,15.1,15.25,39600
2026-02-25 07:00:00,15.25,15.5,15.25,15.3,42800
2026-02-26 07:00:00,15.4,15.7,15.3,15.4,84800
2026-02-27 07:00:00,15.45,15.7,15.45,15.5,79300
2026-03-02 07:00:00,15.05,16.35,15.05,16.0,166000
2026-03-03 07:00:00,16.25,16.25,15.6,15.7,58000
2026-03-04 07:00:00,15.7,15.7,14.8,15.1,109200
2026-03-05 07:00:00,15.25,15.35,15.1,15.1,28500
2026-03-06 07:00:00,15.2,15.3,14.85,14.85,39100
2026-03-09 07:00:00,14.55,14.55,13.85,13.85,112400
2026-03-10 07:00:00,13.1,14.8,13.1,14.1,105500
2026-03-11 07:00:00,14.5,14.5,14.1,14.15,30300
2026-03-12 07:00:00,14.1,14.3,14.05,14.25,13300
2026-03-13 07:00:00,14.1,14.4,14.0,14.2,36000
2026-03-16 07:00:00,14.6,14.6,14.1,14.2,22100
2026-03-17 07:00:00,14.2,14.35,14.15,14.3,13200
2026-03-18 07:00:00,14.25,14.65,14.2,14.2,45900
2026-03-19 07:00:00,14.3,14.3,14.0,14.0,16900
2026-03-20 07:00:00,14.25,14.25,13.1,13.9,40300
2026-03-23 07:00:00,14.1,14.1,12.95,13.0,56900
2026-03-24 07:00:00,13.35,13.8,13.15,13.2,24500
2026-03-25 07:00:00,13.4,13.45,13.3,13.4,25400
2026-03-26 07:00:00,13.5,13.5,13.3,13.35,5500
2026-03-27 07:00:00,13.4,13.45,13.3,13.45,23500
2026-03-30 07:00:00,13.45,13.8,13.2,13.65,43200
2026-03-31 07:00:00,13.75,13.75,13.4,13.4,19800
2026-04-01 07:00:00,13.5,13.6,13.4,13.5,16700
2026-04-02 07:00:00,13.3,13.55,13.3,13.3,28800
2026-04-03 07:00:00,13.6,13.6,13.3,13.3,2600
2026-04-06 07:00:00,13.3,13.6,13.3,13.5,29200
2026-04-07 07:00:00,13.3,13.5,13.3,13.5,15100
2026-04-08 07:00:00,13.55,13.65,13.45,13.65,51800
2026-04-09 07:00:00,13.5,13.65,12.7,13.4,50500
2026-04-10 07:00:00,13.4,13.5,13.4,13.45,11600
2026-04-13 07:00:00,13.45,13.5,13.3,13.45,28000
2026-04-14 07:00:00,13.6,13.6,13.45,13.45,14700
2026-04-15 07:00:00,13.5,13.5,13.4,13.45,6600
2026-04-16 07:00:00,13.45,13.5,13.2,13.45,41600
2026-04-17 07:00:00,13.8,13.8,13.2,13.5,92800
2026-04-20 07:00:00,13.65,13.65,13.35,13.5,8300
2026-04-21 07:00:00,13.2,13.5,13.2,13.3,38500
2026-04-22 07:00:00,13.3,13.45,13.2,13.3,15600
2026-04-23 07:00:00,13.35,13.5,13.15,13.35,22200
2026-04-24 07:00:00,13.3,13.45,13.2,13.3,20200
2026-04-28 07:00:00,13.45,13.45,13.2,13.2,16100
2026-04-29 07:00:00,13.25,13.3,13.15,13.2,24700
2026-05-04 07:00:00,13.25,13.25,13.0,13.15,10600
2026-05-05 07:00:00,13.15,13.25,13.0,13.25,38300
2026-05-06 07:00:00,13.2,13.5,13.0,13.35,27700
2026-05-07 07:00:00,13.1,13.35,13.05,13.35,16200
2026-05-08 07:00:00,13.4,13.4,13.0,13.1,18200
2026-05-11 07:00:00,13.5,13.5,12.7,13.0,28200
2026-05-12 07:00:00,13.0,13.15,12.85,13.05,16200
2026-05-13 07:00:00,13.05,13.15,12.8,13.0,19100
2026-05-14 07:00:00,13.0,13.2,12.8,12.95,13600
2026-05-15 07:00:00,13.05,13.4,12.85,12.9,11400
2026-05-18 07:00:00,12.85,12.95,12.75,12.95,7400
2026-05-19 07:00:00,13.35,13.35,12.9,12.95,6600
2026-05-20 07:00:00,13.15,13.15,12.65,12.8,21700
2026-05-21 07:00:00,12.8,13.0,12.75,12.85,11100
2026-05-22 07:00:00,13.0,13.0,12.65,12.95,2000
2026-05-25 07:00:00,13.15,13.15,12.2,12.9,23900
2026-05-26 07:00:00,12.6,12.95,12.6,12.95,4200
2026-05-27 07:00:00,12.7,13.0,12.7,12.9,9000
