time,open,high,low,close,volume
2018-01-02 07:00:00,10.58,10.58,10.41,10.41,776560
2018-01-03 07:00:00,10.41,11.13,10.41,11.11,139770
2018-01-04 07:00:00,11.32,11.32,10.79,10.83,92050
2018-01-05 07:00:00,10.62,10.77,10.62,10.66,172260
2018-01-08 07:00:00,10.92,11.0,10.87,11.0,141150
2018-01-09 07:00:00,11.0,11.06,11.0,11.04,183940
2018-01-10 07:00:00,11.17,11.3,11.13,11.19,90710
2018-01-11 07:00:00,11.13,11.68,11.09,11.62,130220
2018-01-12 07:00:00,11.42,11.68,11.42,11.42,42180
2018-01-15 07:00:00,11.21,11.47,11.21,11.42,84100
2018-01-16 07:00:00,11.34,11.38,11.26,11.34,35550
2018-01-17 07:00:00,11.34,11.4,11.3,11.34,49710
2018-01-18 07:00:00,11.21,11.38,11.21,11.34,183780
2018-01-19 07:00:00,11.38,11.51,11.34,11.42,141610
2018-01-22 07:00:00,11.42,11.62,11.42,11.55,56140
2018-01-25 07:00:00,11.78,11.78,11.34,11.38,63230
2018-01-26 07:00:00,11.21,11.3,11.21,11.21,63160
2018-01-29 07:00:00,11.65,11.65,11.48,11.48,54370
2018-01-30 07:00:00,11.43,11.43,11.12,11.37,39000
2018-01-31 07:00:00,11.21,11.41,11.21,11.21,10510
2018-02-01 07:00:00,11.21,11.21,11.08,11.12,19390
2018-02-02 07:00:00,11.08,11.08,10.77,10.9,132830
2018-02-05 07:00:00,10.9,10.9,10.6,10.6,107070
2018-02-06 07:00:00,10.46,10.55,10.38,10.4,80480
2018-02-07 07:00:00,11.12,11.12,10.99,10.99,18300
2018-02-08 07:00:00,11.04,11.3,10.99,11.26,31930
2018-02-09 07:00:00,11.74,11.74,11.26,11.3,67780
2018-02-12 07:00:00,11.48,11.48,11.34,11.43,80520
2018-02-13 07:00:00,11.45,11.52,11.45,11.5,86330
2018-02-21 07:00:00,11.43,11.56,11.43,11.56,4400
2018-02-22 07:00:00,11.43,11.56,11.39,11.43,73130
2018-02-23 07:00:00,11.56,11.56,11.3,11.43,11880
2018-02-26 07:00:00,11.39,11.48,11.32,11.32,52580
2018-02-27 07:00:00,11.32,11.48,11.26,11.32,156420
2018-02-28 07:00:00,11.43,11.43,11.32,11.32,54270
2018-03-01 07:00:00,11.3,11.43,11.26,11.43,14500
2018-03-02 07:00:00,11.34,11.39,11.3,11.3,9970
2018-03-05 07:00:00,11.19,11.3,11.19,11.21,17700
2018-03-06 07:00:00,11.08,11.17,11.08,11.12,77840
2018-03-07 07:00:00,11.41,11.43,11.17,11.17,9810
2018-03-08 07:00:00,11.19,11.19,11.12,11.12,13730
2018-03-09 07:00:00,11.12,11.17,11.12,11.17,19450
2018-03-12 07:00:00,11.17,11.17,11.06,11.12,8510
2018-03-13 07:00:00,11.12,11.12,10.99,11.04,42220
2018-03-14 07:00:00,11.04,11.26,11.04,11.08,7980
2018-03-15 07:00:00,11.12,11.12,10.99,10.99,38120
2018-03-16 07:00:00,10.8,10.95,10.55,10.82,105740
2018-03-19 07:00:00,10.82,10.99,10.82,10.99,106280
2018-03-20 07:00:00,10.86,10.9,10.86,10.9,2340
2018-03-21 07:00:00,10.95,10.95,10.86,10.9,105970
2018-03-22 07:00:00,10.86,10.9,10.86,10.9,23820
2018-03-23 07:00:00,10.88,10.9,10.88,10.88,20940
2018-03-26 07:00:00,10.88,10.9,10.86,10.9,101610
2018-03-27 07:00:00,10.9,10.9,10.86,10.86,32310
2018-03-28 07:00:00,10.86,10.86,10.77,10.77,2120
2018-03-29 07:00:00,10.68,10.73,10.64,10.73,6800
2018-03-30 07:00:00,10.68,10.82,10.64,10.64,63350
2018-04-02 07:00:00,10.64,10.71,10.64,10.66,35680
2018-04-03 07:00:00,10.58,10.58,10.33,10.58,16270
2018-04-04 07:00:00,10.68,10.68,10.6,10.68,22820
2018-04-05 07:00:00,10.68,10.84,10.68,10.84,21560
2018-04-06 07:00:00,10.84,10.93,10.84,10.88,29160
2018-04-09 07:00:00,10.95,10.95,10.64,10.82,66300
2018-04-10 07:00:00,10.82,10.82,10.77,10.82,38180
2018-04-11 07:00:00,10.77,10.8,10.73,10.73,49190
2018-04-12 07:00:00,10.75,10.75,10.71,10.73,82680
2018-04-13 07:00:00,10.73,10.73,10.55,10.68,9660
2018-04-16 07:00:00,10.73,10.77,10.68,10.71,39040
2018-04-17 07:00:00,10.73,10.75,10.71,10.73,19700
2018-04-18 07:00:00,10.77,10.77,10.73,10.73,45400
2018-04-19 07:00:00,10.73,10.73,10.64,10.71,58120
2018-04-20 07:00:00,10.68,10.71,10.68,10.71,26440
2018-04-23 07:00:00,10.68,10.73,10.64,10.66,50800
2018-04-24 07:00:00,10.66,10.66,10.55,10.66,42370
2018-04-26 07:00:00,10.68,10.73,10.66,10.73,53960
2018-04-27 07:00:00,10.73,10.75,10.71,10.75,10680
2018-05-02 07:00:00,10.77,11.21,10.77,10.9,20690
2018-05-03 07:00:00,10.9,10.99,10.82,10.99,34280
2018-05-04 07:00:00,10.88,10.99,10.88,10.97,27290
2018-05-07 07:00:00,10.99,11.02,10.97,10.97,19940
2018-05-08 07:00:00,10.99,10.99,10.77,10.97,11020
2018-05-09 07:00:00,11.02,11.17,10.97,11.04,9870
2018-05-10 07:00:00,11.04,11.08,11.04,11.08,31150
2018-05-11 07:00:00,11.08,11.08,10.97,10.97,48610
2018-05-14 07:00:00,10.99,11.04,10.9,11.04,30290
2018-05-15 07:00:00,10.97,10.99,10.97,10.97,10330
2018-05-16 07:00:00,10.97,11.17,10.97,11.08,51620
2018-05-17 07:00:00,11.12,11.19,11.08,11.19,8050
2018-05-18 07:00:00,11.19,11.3,11.08,11.24,15910
2018-05-21 07:00:00,11.24,11.24,11.15,11.24,16210
2018-05-22 07:00:00,11.19,11.19,10.99,10.99,18890
2018-05-23 07:00:00,11.12,11.12,10.9,10.99,7290
2018-05-24 07:00:00,10.99,11.21,10.99,10.99,26320
2018-05-25 07:00:00,11.04,11.17,11.04,11.04,14080
2018-05-28 07:00:00,11.04,11.04,10.99,10.99,127700
2018-05-29 07:00:00,11.06,11.21,11.04,11.17,65280
2018-05-30 07:00:00,11.39,11.39,11.08,11.08,20140
2018-05-31 07:00:00,11.39,11.39,11.08,11.17,3030
2018-06-01 07:00:00,11.26,11.26,11.08,11.21,9180
2018-06-04 07:00:00,11.19,11.21,10.99,11.21,38030
2018-06-05 07:00:00,10.99,11.08,10.99,11.08,4490
2018-06-06 07:00:00,11.04,11.26,11.04,11.26,52590
2018-06-07 07:00:00,11.12,11.26,11.08,11.12,14180
2018-06-08 07:00:00,11.12,11.21,11.08,11.21,6130
2018-06-11 07:00:00,11.1,11.26,11.08,11.26,9220
2018-06-12 07:00:00,11.28,11.28,11.12,11.17,17860
2018-06-13 07:00:00,10.99,11.26,10.99,11.26,8820
2018-06-14 07:00:00,11.17,11.3,11.17,11.3,12310
2018-06-15 07:00:00,11.3,11.3,11.21,11.3,27160
2018-06-18 07:00:00,11.3,11.3,11.12,11.12,12480
2018-06-19 07:00:00,11.12,11.12,10.95,11.06,43810
2018-06-20 07:00:00,11.04,11.26,10.99,11.21,41050
2018-06-21 07:00:00,11.98,11.98,11.21,11.21,71720
2018-06-22 07:00:00,11.24,11.44,11.24,11.44,1780
2018-06-25 07:00:00,11.63,11.78,11.39,11.78,20570
2018-06-26 07:00:00,11.73,11.73,11.63,11.68,33920
2018-06-27 07:00:00,11.44,11.68,11.14,11.53,7420
2018-06-28 07:00:00,11.53,11.53,11.39,11.39,5310
2018-06-29 07:00:00,11.39,11.39,11.34,11.39,37730
2018-07-02 07:00:00,11.39,11.44,11.39,11.39,43360
2018-07-03 07:00:00,11.34,11.39,11.29,11.29,13900
2018-07-04 07:00:00,11.34,11.39,11.34,11.39,33170
2018-07-05 07:00:00,11.39,11.39,11.24,11.29,33410
2018-07-06 07:00:00,11.29,11.29,11.14,11.29,61810
2018-07-09 07:00:00,11.44,11.63,11.29,11.29,133440
2018-07-10 07:00:00,11.29,11.34,11.29,11.29,37710
2018-07-11 07:00:00,11.19,11.19,11.19,11.19,10
2018-07-12 07:00:00,11.14,11.29,11.14,11.24,22400
2018-07-13 07:00:00,11.34,11.39,11.26,11.39,10060
2018-07-16 07:00:00,11.39,11.44,11.39,11.39,176050
2018-07-17 07:00:00,11.44,11.44,11.39,11.39,50490
2018-07-18 07:00:00,11.63,11.63,11.44,11.44,4200
2018-07-19 07:00:00,11.63,11.63,11.46,11.63,23020
2018-07-20 07:00:00,11.44,11.63,11.39,11.63,13430
2018-07-23 07:00:00,11.78,11.78,11.44,11.44,8370
2018-07-24 07:00:00,11.48,11.61,11.44,11.44,59330
2018-07-25 07:00:00,11.63,11.63,11.51,11.51,79300
2018-07-26 07:00:00,11.41,11.53,11.41,11.51,42360
2018-07-27 07:00:00,11.51,11.61,11.51,11.61,5790
2018-07-30 07:00:00,11.56,11.61,11.56,11.61,7280
2018-07-31 07:00:00,11.58,11.66,11.58,11.66,83580
2018-08-01 07:00:00,11.48,11.53,11.48,11.53,9600
2018-08-02 07:00:00,11.44,11.63,11.44,11.63,10470
2018-08-03 07:00:00,11.58,11.73,11.58,11.68,11940
2018-08-06 07:00:00,11.78,11.78,11.63,11.73,48260
2018-08-07 07:00:00,11.73,11.73,11.63,11.73,26020
2018-08-08 07:00:00,11.68,11.73,11.68,11.73,12230
2018-08-09 07:00:00,11.73,11.78,11.63,11.73,76910
2018-08-10 07:00:00,11.73,11.78,11.73,11.76,16310
2018-08-13 07:00:00,11.68,11.78,11.68,11.78,30420
2018-08-14 07:00:00,11.78,11.78,11.53,11.53,66550
2018-08-15 07:00:00,11.53,11.58,11.14,11.14,24770
2018-08-16 07:00:00,11.14,11.78,11.14,11.58,171260
2018-08-17 07:00:00,11.48,11.63,11.48,11.48,33830
2018-08-20 07:00:00,11.48,11.63,11.14,11.19,1069060
2018-08-21 07:00:00,11.19,11.39,11.19,11.21,12490
2018-08-22 07:00:00,11.21,11.21,11.14,11.19,11800
2018-08-23 07:00:00,11.14,11.39,11.14,11.39,19650
2018-08-24 07:00:00,11.29,11.39,11.29,11.39,18460
2018-08-27 07:00:00,11.44,11.44,11.24,11.39,28170
2018-08-28 07:00:00,11.29,11.34,11.29,11.29,49710
2018-08-29 07:00:00,11.29,11.39,11.29,11.29,10040
2018-08-30 07:00:00,11.29,11.39,11.29,11.39,35760
2018-08-31 07:00:00,11.39,11.39,11.29,11.29,11430
2018-09-04 07:00:00,11.39,11.39,11.29,11.29,27310
2018-09-05 07:00:00,11.29,11.34,10.79,10.79,38650
2018-09-06 07:00:00,10.94,11.29,10.94,11.29,19900
2018-09-07 07:00:00,11.26,11.29,11.26,11.29,5110
2018-09-10 07:00:00,11.29,11.29,11.29,11.29,15440
2018-09-11 07:00:00,11.29,11.34,11.24,11.24,30070
2018-09-12 07:00:00,11.21,11.21,11.14,11.19,21100
2018-09-13 07:00:00,11.24,11.24,11.14,11.24,22290
2018-09-14 07:00:00,11.24,11.24,11.16,11.24,36510
2018-09-17 07:00:00,11.24,11.34,11.24,11.24,28090
2018-09-18 07:00:00,11.19,11.24,11.19,11.24,28870
2018-09-19 07:00:00,11.29,11.29,11.24,11.29,16470
2018-09-20 07:00:00,11.29,11.34,11.19,11.29,1250
2018-09-21 07:00:00,11.31,11.31,11.29,11.29,15930
2018-09-24 07:00:00,11.29,11.31,11.26,11.29,23170
2018-09-25 07:00:00,11.29,11.29,11.19,11.29,37100
2018-09-26 07:00:00,11.29,11.36,11.29,11.31,20150
2018-09-27 07:00:00,11.31,11.34,11.29,11.29,31900
2018-09-28 07:00:00,11.29,11.34,11.29,11.29,34820
2018-10-01 07:00:00,11.26,11.29,11.24,11.29,33630
2018-10-02 07:00:00,11.29,11.29,10.89,11.29,40470
2018-10-03 07:00:00,11.16,11.29,11.16,11.19,5730
2018-10-04 07:00:00,11.19,11.29,11.19,11.24,9280
2018-10-05 07:00:00,11.24,11.24,11.19,11.24,19720
2018-10-08 07:00:00,11.24,11.29,11.24,11.29,25540
2018-10-09 07:00:00,11.29,11.29,11.24,11.24,29400
2018-10-10 07:00:00,11.19,11.19,11.19,11.19,10
2018-10-11 07:00:00,11.19,11.19,11.14,11.14,25800
2018-10-12 07:00:00,11.24,11.29,11.24,11.29,4880
2018-10-15 07:00:00,11.24,11.29,11.24,11.24,14690
2018-10-16 07:00:00,11.21,11.24,11.21,11.24,4600
2018-10-17 07:00:00,11.24,11.29,11.24,11.29,8980
2018-10-18 07:00:00,11.29,11.29,11.19,11.29,39900
2018-10-19 07:00:00,11.29,11.29,11.29,11.29,8400
2018-10-22 07:00:00,11.19,11.29,11.14,11.14,29730
2018-10-23 07:00:00,11.26,11.26,11.11,11.11,43130
2018-10-24 07:00:00,11.09,11.09,11.04,11.04,16670
2018-10-25 07:00:00,11.09,11.09,10.99,11.09,5260
2018-10-26 07:00:00,10.99,11.21,10.99,11.21,110
2018-10-29 07:00:00,11.09,11.21,11.09,11.14,21750
2018-10-30 07:00:00,11.14,11.19,10.94,10.94,9660
2018-10-31 07:00:00,11.14,11.14,11.14,11.14,550
2018-11-01 07:00:00,10.96,11.14,10.94,10.94,430
2018-11-02 07:00:00,10.94,10.99,10.94,10.99,740
2018-11-05 07:00:00,10.89,10.89,10.87,10.89,20710
2018-11-06 07:00:00,10.87,10.89,10.44,10.44,5970
2018-11-07 07:00:00,10.5,10.64,10.5,10.64,1200
2018-11-08 07:00:00,10.64,10.64,10.64,10.64,1050
2018-11-09 07:00:00,10.64,10.64,10.64,10.64,2120
2018-11-12 07:00:00,10.64,10.64,10.5,10.64,42390
2018-11-13 07:00:00,10.44,10.44,10.15,10.25,18280
2018-11-14 07:00:00,10.25,10.35,10.25,10.35,9580
2018-11-15 07:00:00,10.4,10.64,10.4,10.64,8130
2018-11-16 07:00:00,10.59,11.02,10.59,10.79,13310
2018-11-19 07:00:00,10.79,10.89,10.79,10.79,7840
2018-11-20 07:00:00,10.64,10.79,10.64,10.79,16000
2018-11-21 07:00:00,10.79,10.79,10.64,10.74,18730
2018-11-22 07:00:00,10.74,10.74,10.64,10.74,5310
2018-11-23 07:00:00,10.69,10.79,10.69,10.74,9160
2018-11-26 07:00:00,10.64,10.74,10.64,10.74,10920
2018-11-27 07:00:00,10.74,10.89,10.74,10.89,8100
2018-11-28 07:00:00,10.89,10.89,10.79,10.89,6650
2018-11-29 07:00:00,10.89,11.06,10.89,11.06,3460
2018-11-30 07:00:00,11.04,11.06,11.04,11.06,10500
2018-12-03 07:00:00,10.82,11.06,10.64,10.89,15420
2018-12-04 07:00:00,11.04,11.06,10.89,10.89,16580
2018-12-05 07:00:00,10.89,10.89,10.79,10.79,8570
2018-12-07 07:00:00,10.74,10.74,10.69,10.69,8950
2018-12-10 07:00:00,10.69,10.69,10.69,10.69,15230
2018-12-11 07:00:00,10.69,10.69,10.64,10.64,3000
2018-12-12 07:00:00,10.69,10.69,10.05,10.4,37820
2018-12-13 07:00:00,10.5,10.5,10.4,10.4,11650
2018-12-14 07:00:00,10.4,10.4,10.4,10.4,14820
2018-12-18 07:00:00,10.4,10.4,10.3,10.37,1010
2018-12-19 07:00:00,10.37,10.4,10.37,10.4,48460
2018-12-20 07:00:00,10.64,10.64,10.4,10.5,16450
2018-12-21 07:00:00,10.35,10.5,10.3,10.5,1730
2018-12-24 07:00:00,10.5,10.5,10.35,10.35,7530
2018-12-25 07:00:00,10.35,10.4,10.27,10.4,4740
2018-12-26 07:00:00,10.67,10.67,10.4,10.4,8120
2018-12-27 07:00:00,10.5,10.5,10.4,10.4,530
2018-12-28 07:00:00,10.3,10.44,10.3,10.44,8300
2019-01-02 07:00:00,10.4,10.42,10.35,10.35,12250
2019-01-03 07:00:00,10.4,10.4,10.3,10.4,1810
2019-01-04 07:00:00,10.27,10.4,10.27,10.4,7350
2019-01-07 07:00:00,10.4,10.4,10.35,10.37,13670
2019-01-08 07:00:00,10.35,10.4,10.35,10.4,18880
2019-01-09 07:00:00,10.4,10.4,10.35,10.35,11530
2019-01-10 07:00:00,10.35,10.54,10.3,10.54,10490
2019-01-11 07:00:00,10.4,10.54,10.4,10.54,4010
2019-01-14 07:00:00,10.52,10.54,10.4,10.4,17310
2019-01-15 07:00:00,10.4,10.4,10.35,10.4,31440
2019-01-16 07:00:00,10.4,10.4,10.35,10.35,21000
2019-01-17 07:00:00,10.4,10.4,10.32,10.32,22490
2019-01-18 07:00:00,10.4,10.4,10.32,10.32,74210
2019-01-21 07:00:00,10.32,10.4,10.32,10.37,125650
2019-01-22 07:00:00,10.37,10.4,10.37,10.4,27210
2019-01-23 07:00:00,10.35,10.35,10.35,10.35,40
2019-01-24 07:00:00,10.4,10.4,10.4,10.4,23600
2019-01-25 07:00:00,10.4,10.42,10.4,10.42,59940
2019-01-28 07:00:00,10.4,10.44,10.4,10.42,40110
2019-01-29 07:00:00,10.4,10.4,10.4,10.4,27900
2019-01-30 07:00:00,10.4,10.4,10.4,10.4,5870
2019-01-31 07:00:00,10.5,10.5,10.4,10.4,3390
2019-02-01 07:00:00,10.35,10.47,10.35,10.47,11400
2019-02-11 07:00:00,10.47,10.57,10.47,10.5,5730
2019-02-12 07:00:00,10.5,10.62,10.5,10.62,18540
2019-02-13 07:00:00,10.74,10.99,10.74,10.94,27550
2019-02-14 07:00:00,10.84,11.39,10.84,11.39,26710
2019-02-15 07:00:00,11.39,11.39,11.29,11.39,18700
2019-02-18 07:00:00,11.19,11.39,11.14,11.39,15720
2019-02-19 07:00:00,11.39,11.39,11.29,11.29,17900
2019-02-20 07:00:00,11.29,11.39,11.29,11.39,13780
2019-02-21 07:00:00,10.77,11.39,10.77,11.34,73310
2019-02-22 07:00:00,11.29,11.44,11.29,11.44,19060
2019-02-25 07:00:00,11.39,11.39,11.29,11.39,7210
2019-02-26 07:00:00,11.39,11.39,11.34,11.39,20000
2019-02-27 07:00:00,11.34,11.39,10.74,11.39,11020
2019-02-28 07:00:00,11.39,11.39,11.39,11.39,22390
2019-03-01 07:00:00,10.59,11.39,10.59,11.39,17600
2019-03-04 07:00:00,11.39,11.44,10.96,11.44,52790
2019-03-05 07:00:00,11.39,11.39,11.14,11.39,5180
2019-03-06 07:00:00,11.39,11.44,11.39,11.44,91800
2019-03-07 07:00:00,11.39,11.39,11.19,11.39,4540
2019-03-08 07:00:00,11.39,11.39,11.39,11.39,30
2019-03-11 07:00:00,11.39,11.39,10.87,10.87,4850
2019-03-12 07:00:00,10.89,11.14,10.89,11.14,6470
2019-03-13 07:00:00,11.14,11.39,11.14,11.29,2300
2019-03-14 07:00:00,11.29,11.39,11.29,11.29,86660
2019-03-15 07:00:00,11.04,11.04,11.04,11.04,100
2019-03-19 07:00:00,11.14,11.14,11.14,11.14,11500
2019-03-20 07:00:00,11.36,11.36,11.36,11.36,2010
2019-03-21 07:00:00,11.36,11.36,11.29,11.29,8500
2019-03-22 07:00:00,11.34,11.34,11.31,11.34,570
2019-03-25 07:00:00,11.14,11.14,11.14,11.14,10
2019-03-28 07:00:00,10.99,10.99,10.99,10.99,1150
2019-03-29 07:00:00,10.99,10.99,10.99,10.99,6350
2019-04-01 07:00:00,11.06,11.06,11.04,11.04,2780
2019-04-02 07:00:00,11.26,11.29,11.19,11.24,20820
2019-04-03 07:00:00,11.24,11.39,11.24,11.39,8490
2019-04-04 07:00:00,11.39,11.39,11.39,11.39,2000
2019-04-05 07:00:00,11.14,11.29,10.84,10.84,6330
2019-04-08 07:00:00,10.99,11.02,10.99,11.02,3200
2019-04-09 07:00:00,11.14,11.26,11.04,11.24,17010
2019-04-10 07:00:00,11.04,11.04,11.04,11.04,5000
2019-04-11 07:00:00,11.04,11.14,11.02,11.02,12280
2019-04-12 07:00:00,11.19,11.19,11.14,11.14,17830
2019-04-16 07:00:00,11.14,11.14,11.14,11.14,6640
2019-04-17 07:00:00,11.14,11.14,11.04,11.04,1330
2019-04-18 07:00:00,11.04,11.04,10.94,10.99,8180
2019-04-19 07:00:00,10.89,10.89,10.89,10.89,4510
2019-04-22 07:00:00,11.14,11.14,10.96,11.04,6660
2019-04-23 07:00:00,10.96,11.31,10.96,11.31,3540
2019-04-24 07:00:00,11.39,11.39,11.19,11.36,14030
2019-04-25 07:00:00,11.39,11.46,11.39,11.46,40680
2019-04-26 07:00:00,11.46,11.46,11.39,11.39,7710
2019-05-02 07:00:00,11.39,11.39,11.29,11.34,20920
2019-05-03 07:00:00,11.29,11.29,11.26,11.29,5900
2019-05-06 07:00:00,11.29,11.29,11.29,11.29,7260
2019-05-07 07:00:00,11.29,11.29,11.29,11.29,5000
2019-05-08 07:00:00,11.29,11.29,11.29,11.29,4000
2019-05-09 07:00:00,11.04,11.29,11.04,11.29,3050
2019-05-10 07:00:00,11.29,11.29,11.29,11.29,14730
2019-05-13 07:00:00,11.31,11.41,11.31,11.34,26690
2019-05-14 07:00:00,11.29,11.34,11.29,11.31,18580
2019-05-15 07:00:00,11.29,11.39,11.29,11.39,18940
2019-05-16 07:00:00,11.39,11.39,11.34,11.39,15730
2019-05-17 07:00:00,11.34,11.39,11.34,11.39,480
2019-05-20 07:00:00,11.39,11.39,11.39,11.39,18410
2019-05-21 07:00:00,11.39,11.39,11.29,11.39,7000
2019-05-22 07:00:00,11.53,11.63,11.44,11.53,17960
2019-05-23 07:00:00,11.61,11.63,11.53,11.63,21220
2019-05-24 07:00:00,11.63,11.88,11.48,11.63,10730
2019-05-27 07:00:00,11.63,11.83,11.14,11.78,2400
2019-05-28 07:00:00,11.53,11.53,11.53,11.53,5000
2019-05-29 07:00:00,11.63,11.88,11.56,11.56,17030
2019-05-30 07:00:00,11.63,11.63,11.39,11.63,23870
2019-05-31 07:00:00,11.34,11.63,11.24,11.63,3390
2019-06-03 07:00:00,11.39,11.39,11.39,11.39,1130
2019-06-04 07:00:00,11.39,11.48,11.39,11.39,3010
2019-06-05 07:00:00,11.39,11.44,11.39,11.44,3800
2019-06-06 07:00:00,11.39,11.39,11.34,11.34,8040
2019-06-07 07:00:00,11.39,11.39,11.36,11.39,31740
2019-06-10 07:00:00,11.39,11.44,11.39,11.39,10890
2019-06-11 07:00:00,11.39,11.48,11.39,11.48,13850
2019-06-12 07:00:00,11.44,11.44,11.02,11.24,7950
2019-06-13 07:00:00,11.29,11.34,11.29,11.29,2210
2019-06-14 07:00:00,11.29,11.39,11.29,11.39,7870
2019-06-17 07:00:00,11.36,11.39,11.24,11.24,19540
2019-06-18 07:00:00,11.19,11.24,11.19,11.19,5530
2019-06-19 07:00:00,11.24,11.29,11.19,11.24,5570
2019-06-20 07:00:00,11.39,11.39,11.24,11.24,3170
2019-06-21 07:00:00,11.24,11.39,11.24,11.24,11350
2019-06-24 07:00:00,11.24,11.39,11.24,11.24,23210
2019-06-25 07:00:00,11.29,11.29,11.24,11.24,8420
2019-06-26 07:00:00,11.19,11.24,11.14,11.16,9840
2019-06-27 07:00:00,11.29,11.29,11.11,11.11,3420
2019-06-28 07:00:00,11.19,11.19,11.16,11.16,1170
2019-07-01 07:00:00,11.24,11.34,11.24,11.34,5920
2019-07-02 07:00:00,11.34,11.34,11.09,11.09,11610
2019-07-03 07:00:00,11.14,11.31,11.06,11.06,7110
2019-07-04 07:00:00,11.29,11.29,10.89,10.99,9370
2019-07-05 07:00:00,11.14,11.14,11.02,11.02,580
2019-07-08 07:00:00,11.02,11.11,11.02,11.11,6340
2019-07-09 07:00:00,11.11,11.14,11.02,11.02,4290
2019-07-10 07:00:00,11.04,11.11,11.04,11.11,2010
2019-07-11 07:00:00,10.82,10.89,10.82,10.84,11470
2019-07-12 07:00:00,10.87,10.87,10.79,10.79,7860
2019-07-15 07:00:00,10.77,10.77,10.44,10.77,5360
2019-07-16 07:00:00,10.74,10.74,10.59,10.74,3050
2019-07-17 07:00:00,10.74,10.74,10.74,10.74,270
2019-07-18 07:00:00,10.79,10.79,10.69,10.69,600
2019-07-19 07:00:00,10.69,10.89,10.64,10.89,2150
2019-07-22 07:00:00,10.94,10.94,10.79,10.89,2010
2019-07-23 07:00:00,10.74,10.77,10.69,10.69,10470
2019-07-24 07:00:00,10.74,10.74,10.4,10.4,61400
2019-07-25 07:00:00,10.44,10.54,10.4,10.4,32030
2019-07-26 07:00:00,10.4,10.64,10.4,10.44,25650
2019-07-29 07:00:00,10.5,10.64,10.44,10.64,20980
2019-07-30 07:00:00,10.74,11.02,10.72,10.89,16200
2019-07-31 07:00:00,10.89,10.89,10.67,10.67,5500
2019-08-01 07:00:00,10.67,10.77,10.67,10.77,800
2019-08-02 07:00:00,10.84,10.89,10.79,10.79,7270
2019-08-05 07:00:00,11.16,11.16,11.0,11.06,10160
2019-08-06 07:00:00,11.16,11.16,11.06,11.06,5040
2019-08-07 07:00:00,11.06,11.06,11.0,11.06,10320
2019-08-08 07:00:00,11.0,11.06,11.0,11.06,5250
2019-08-09 07:00:00,11.06,11.11,11.06,11.11,1750
2019-08-12 07:00:00,11.06,11.08,10.92,11.0,23620
2019-08-13 07:00:00,10.95,10.95,10.9,10.92,22220
2019-08-14 07:00:00,10.66,10.92,10.66,10.9,970
2019-08-15 07:00:00,10.79,10.9,10.74,10.9,5760
2019-08-16 07:00:00,10.9,10.9,10.63,10.63,2400
2019-08-19 07:00:00,10.63,10.9,10.63,10.76,7010
2019-08-20 07:00:00,10.9,11.14,10.9,11.03,7330
2019-08-21 07:00:00,10.95,11.0,10.95,11.0,35630
2019-08-22 07:00:00,11.0,11.03,11.0,11.0,73620
2019-08-23 07:00:00,11.11,11.14,10.84,10.84,22430
2019-08-26 07:00:00,10.84,11.03,10.84,11.0,590
2019-08-27 07:00:00,10.98,11.0,10.95,10.95,13210
2019-08-28 07:00:00,10.95,11.0,10.9,10.9,15410
2019-08-29 07:00:00,10.9,10.92,10.9,10.9,14680
2019-08-30 07:00:00,11.32,11.32,11.22,11.22,3410
2019-09-03 07:00:00,11.16,11.16,10.79,10.84,18360
2019-09-04 07:00:00,10.87,10.95,10.53,10.95,11020
2019-09-05 07:00:00,10.95,10.95,10.9,10.9,4340
2019-09-06 07:00:00,10.95,10.98,10.95,10.98,10660
2019-09-09 07:00:00,10.98,11.03,10.98,10.98,16640
2019-09-10 07:00:00,10.98,10.98,10.98,10.98,3630
2019-09-11 07:00:00,10.98,11.0,10.98,10.98,11680
2019-09-12 07:00:00,11.0,11.03,10.98,10.98,20830
2019-09-13 07:00:00,10.98,11.0,10.98,10.98,18910
2019-09-16 07:00:00,10.98,10.98,10.95,10.95,2200
2019-09-17 07:00:00,10.9,10.9,10.9,10.9,1000
2019-09-18 07:00:00,10.95,10.95,10.55,10.9,17300
2019-09-19 07:00:00,10.9,10.9,10.87,10.87,2370
2019-09-20 07:00:00,10.95,10.95,10.9,10.9,2400
2019-09-23 07:00:00,11.03,11.16,10.9,10.9,19350
2019-09-24 07:00:00,10.9,10.9,10.9,10.9,10850
2019-09-25 07:00:00,10.9,10.9,10.9,10.9,100
2019-09-26 07:00:00,10.87,10.87,10.87,10.87,460
2019-09-27 07:00:00,10.9,10.9,10.84,10.84,14160
2019-09-30 07:00:00,10.87,10.9,10.84,10.9,28360
2019-10-01 07:00:00,10.95,10.95,10.95,10.95,13220
2019-10-02 07:00:00,10.95,10.95,10.92,10.92,21210
2019-10-03 07:00:00,10.9,10.95,10.9,10.95,11050
2019-10-04 07:00:00,10.95,11.0,10.84,10.84,18040
2019-10-07 07:00:00,10.87,10.87,10.84,10.84,18420
2019-10-08 07:00:00,10.87,10.87,10.84,10.84,25830
2019-10-09 07:00:00,10.84,10.87,10.84,10.84,18900
2019-10-10 07:00:00,10.9,10.9,10.79,10.79,3520
2019-10-11 07:00:00,10.82,10.82,10.79,10.79,12840
2019-10-14 07:00:00,10.66,10.87,10.66,10.87,1110
2019-10-15 07:00:00,10.71,10.82,10.63,10.82,8360
2019-10-16 07:00:00,10.79,10.79,10.79,10.79,2080
2019-10-17 07:00:00,10.76,10.76,10.63,10.66,3210
2019-10-18 07:00:00,10.79,10.79,10.76,10.79,25660
2019-10-21 07:00:00,10.74,10.95,10.74,10.74,8670
2019-10-22 07:00:00,10.79,10.79,10.74,10.74,28170
2019-10-23 07:00:00,10.74,10.74,10.74,10.74,10
2019-10-24 07:00:00,10.74,10.74,10.68,10.68,1100
2019-10-25 07:00:00,10.74,10.74,10.68,10.68,3400
2019-10-28 07:00:00,10.66,10.66,10.63,10.63,7570
2019-10-29 07:00:00,10.63,10.63,10.63,10.63,1200
2019-10-30 07:00:00,10.63,10.63,10.63,10.63,6350
2019-10-31 07:00:00,10.63,10.68,10.63,10.63,20500
2019-11-01 07:00:00,10.63,10.9,10.63,10.63,1110
2019-11-04 07:00:00,10.63,10.63,10.63,10.63,5000
2019-11-05 07:00:00,10.74,10.87,10.74,10.87,2010
2019-11-06 07:00:00,10.68,10.68,10.68,10.68,2400
2019-11-07 07:00:00,10.68,10.9,10.68,10.68,9100
2019-11-08 07:00:00,10.68,10.68,10.68,10.68,10
2019-11-11 07:00:00,10.68,10.74,10.68,10.74,16780
2019-11-12 07:00:00,10.74,10.79,10.74,10.79,17200
2019-11-13 07:00:00,10.74,10.82,10.74,10.79,4020
2019-11-14 07:00:00,10.84,10.84,10.84,10.84,4730
2019-11-15 07:00:00,10.76,10.76,10.76,10.76,2900
2019-11-18 07:00:00,10.95,10.95,10.9,10.9,17550
2019-11-19 07:00:00,10.79,10.79,10.79,10.79,2310
2019-11-20 07:00:00,10.79,10.79,10.74,10.74,12790
2019-11-21 07:00:00,10.68,10.68,10.68,10.68,1000
2019-11-22 07:00:00,10.63,10.63,10.63,10.63,16020
2019-11-25 07:00:00,10.63,10.74,10.63,10.63,18410
2019-11-26 07:00:00,10.63,10.68,10.63,10.66,5800
2019-11-27 07:00:00,10.68,10.79,10.68,10.74,2070
2019-11-28 07:00:00,10.68,10.74,10.68,10.74,500
2019-11-29 07:00:00,10.76,10.79,10.74,10.74,7220
2019-12-02 07:00:00,10.74,10.79,10.74,10.79,14790
2019-12-03 07:00:00,10.76,10.79,10.76,10.79,9450
2019-12-04 07:00:00,10.79,10.82,10.79,10.82,10950
2019-12-05 07:00:00,10.84,10.9,10.84,10.9,4510
2019-12-06 07:00:00,10.95,10.95,10.84,10.9,9390
2019-12-09 07:00:00,10.9,11.06,10.9,11.06,2050
2019-12-10 07:00:00,10.9,10.9,10.84,10.84,14430
2019-12-11 07:00:00,10.74,10.92,10.74,10.92,510
2019-12-12 07:00:00,10.84,10.9,10.84,10.84,7760
2019-12-13 07:00:00,10.74,10.74,10.74,10.74,1000
2019-12-16 07:00:00,10.79,10.9,10.76,10.84,6700
2019-12-17 07:00:00,10.84,10.95,10.84,10.9,1610
2019-12-18 07:00:00,10.9,10.9,10.84,10.9,16750
2019-12-19 07:00:00,10.9,10.9,10.9,10.9,1520
2019-12-20 07:00:00,10.74,10.79,10.74,10.79,1920
2019-12-23 07:00:00,10.92,11.06,10.79,10.79,16450
2019-12-24 07:00:00,10.79,10.9,10.79,10.9,3500
2019-12-25 07:00:00,10.76,10.79,10.76,10.79,140
2019-12-26 07:00:00,10.84,10.9,10.76,10.76,25550
2019-12-27 07:00:00,10.76,10.76,10.76,10.76,1650
2019-12-30 07:00:00,10.84,10.84,10.84,10.84,3480
2019-12-31 07:00:00,10.68,10.68,10.68,10.68,3870
2020-01-02 07:00:00,10.79,10.79,10.76,10.76,1500
2020-01-03 07:00:00,10.79,10.79,10.76,10.76,20970
2020-01-06 07:00:00,10.74,10.79,10.74,10.79,12050
2020-01-07 07:00:00,10.74,10.74,10.74,10.74,5000
2020-01-08 07:00:00,10.76,10.79,10.76,10.76,10000
2020-01-09 07:00:00,10.74,10.74,10.74,10.74,500
2020-01-10 07:00:00,10.82,10.82,10.76,10.76,720
2020-01-13 07:00:00,10.84,10.9,10.84,10.84,8160
2020-01-14 07:00:00,10.84,10.84,10.76,10.76,16520
2020-01-15 07:00:00,10.84,10.84,10.74,10.82,9300
2020-01-16 07:00:00,10.79,10.84,10.76,10.79,2200
2020-01-17 07:00:00,10.79,10.79,10.76,10.76,5000
2020-01-20 07:00:00,10.76,10.79,10.76,10.79,1930
2020-01-21 07:00:00,10.79,10.82,10.79,10.82,1730
2020-01-22 07:00:00,10.84,10.9,10.84,10.84,5100
2020-01-30 07:00:00,10.87,10.9,10.79,10.79,2200
2020-01-31 07:00:00,10.79,10.79,10.79,10.79,3500
2020-02-03 07:00:00,10.79,10.79,10.66,10.66,15000
2020-02-04 07:00:00,10.76,10.76,10.66,10.76,4600
2020-02-05 07:00:00,10.68,10.74,10.66,10.74,10990
2020-02-06 07:00:00,10.74,10.74,10.74,10.74,30
2020-02-07 07:00:00,10.79,10.79,10.79,10.79,4120
2020-02-11 07:00:00,10.79,10.79,10.71,10.71,3100
2020-02-13 07:00:00,10.74,10.82,10.74,10.74,7280
2020-02-14 07:00:00,10.79,10.79,10.76,10.79,4200
2020-02-17 07:00:00,10.74,10.74,10.74,10.74,10540
2020-02-18 07:00:00,10.79,10.79,10.79,10.79,20
2020-02-19 07:00:00,10.79,10.79,10.74,10.76,10700
2020-02-20 07:00:00,10.76,10.79,10.74,10.74,27250
2020-02-21 07:00:00,10.82,10.82,10.63,10.63,27950
2020-02-24 07:00:00,10.63,10.63,10.63,10.63,2140
2020-02-25 07:00:00,10.63,10.63,10.63,10.63,8860
2020-02-26 07:00:00,10.63,10.63,10.53,10.53,12870
2020-02-27 07:00:00,10.53,10.53,10.5,10.5,11200
2020-02-28 07:00:00,10.5,10.5,10.47,10.5,1850
2020-03-02 07:00:00,10.5,10.63,10.5,10.63,1730
2020-03-03 07:00:00,10.84,10.84,10.63,10.63,24810
2020-03-04 07:00:00,10.63,10.74,10.63,10.74,12100
2020-03-05 07:00:00,10.74,10.74,10.74,10.74,7200
2020-03-06 07:00:00,10.76,10.76,10.63,10.74,8600
2020-03-09 07:00:00,10.5,10.5,10.1,10.1,53870
2020-03-10 07:00:00,10.71,10.71,10.66,10.66,40
2020-03-11 07:00:00,10.26,10.26,10.21,10.21,19100
2020-03-12 07:00:00,10.13,10.15,9.99,9.99,40280
2020-03-13 07:00:00,9.62,9.99,9.62,9.99,7200
2020-03-16 07:00:00,9.57,9.99,9.57,9.57,17620
2020-03-17 07:00:00,10.21,10.21,10.05,10.05,3160
2020-03-18 07:00:00,10.1,10.1,9.94,9.94,24750
2020-03-19 07:00:00,9.94,9.94,9.86,9.86,20790
2020-03-20 07:00:00,9.84,9.84,9.84,9.84,17900
2020-03-23 07:00:00,9.57,10.05,9.38,9.41,50750
2020-03-24 07:00:00,9.14,9.57,9.04,9.57,10020
2020-03-25 07:00:00,9.3,9.84,9.28,9.84,13820
2020-03-26 07:00:00,9.73,9.73,9.36,9.57,2960
2020-03-27 07:00:00,9.73,9.73,9.52,9.57,860
2020-03-30 07:00:00,9.52,9.84,9.52,9.57,6710
2020-03-31 07:00:00,9.57,9.57,9.36,9.36,1110
2020-04-01 07:00:00,9.14,9.57,9.14,9.2,5010
2020-04-03 07:00:00,9.33,9.52,9.33,9.46,18510
2020-04-06 07:00:00,9.38,9.57,9.38,9.57,12730
2020-04-07 07:00:00,9.38,9.57,9.38,9.57,20490
2020-04-08 07:00:00,9.7,9.73,9.7,9.73,170
2020-04-09 07:00:00,9.78,9.78,9.62,9.76,3000
2020-04-10 07:00:00,9.76,9.76,9.76,9.76,680
2020-04-13 07:00:00,9.81,9.81,9.81,9.81,1300
2020-04-14 07:00:00,9.89,9.89,9.89,9.89,3240
2020-04-15 07:00:00,9.78,10.1,9.76,10.1,6430
2020-04-16 07:00:00,10.74,10.74,9.65,10.26,1600
2020-04-17 07:00:00,10.26,10.26,10.26,10.26,2310
2020-04-20 07:00:00,10.13,10.21,10.1,10.1,10400
2020-04-21 07:00:00,10.1,10.1,9.84,10.1,28410
2020-04-22 07:00:00,10.07,10.1,10.05,10.1,21380
2020-04-23 07:00:00,9.84,10.1,9.84,9.99,370
2020-04-24 07:00:00,10.1,10.1,9.99,10.1,16760
2020-04-27 07:00:00,10.1,10.1,9.99,10.05,5450
2020-04-28 07:00:00,9.94,10.1,9.94,10.1,10100
2020-05-04 07:00:00,10.1,10.1,10.1,10.1,11300
2020-05-05 07:00:00,10.1,10.37,10.1,10.37,1800
2020-05-06 07:00:00,9.94,10.47,9.89,10.47,560
2020-05-07 07:00:00,10.1,10.37,10.1,10.37,7010
2020-05-08 07:00:00,10.9,10.9,9.99,9.99,50
2020-05-11 07:00:00,9.99,10.1,10.1,10.1,13700
2020-05-12 07:00:00,10.42,10.42,10.1,10.1,3460
2020-05-13 07:00:00,10.15,10.15,10.15,10.15,7590
2020-05-14 07:00:00,10.15,10.15,9.94,10.15,340
2020-05-15 07:00:00,10.15,10.15,10.15,10.15,30
2020-05-18 07:00:00,10.47,10.47,10.47,10.47,10
2020-05-19 07:00:00,10.47,10.47,10.13,10.37,10380
2020-05-20 07:00:00,10.13,10.26,10.1,10.26,14560
2020-05-21 07:00:00,10.13,10.31,10.13,10.26,9250
2020-05-22 07:00:00,10.15,10.23,10.15,10.23,7510
2020-05-25 07:00:00,10.15,10.37,10.1,10.15,6900
2020-05-27 07:00:00,10.15,10.21,10.15,10.21,800
2020-05-28 07:00:00,10.21,10.21,10.21,10.21,2610
2020-05-29 07:00:00,10.21,10.21,10.15,10.15,9190
2020-06-01 07:00:00,10.15,10.15,10.1,10.1,18240
2020-06-02 07:00:00,10.1,10.15,10.1,10.15,19810
2020-06-03 07:00:00,10.1,10.29,10.1,10.29,52460
2020-06-08 07:00:00,10.1,10.26,10.1,10.26,2500
2020-06-09 07:00:00,9.73,10.26,9.68,10.26,5480
2020-06-10 07:00:00,10.15,10.15,10.13,10.13,5400
2020-06-11 07:00:00,10.55,10.55,10.1,10.1,19000
2020-06-12 07:00:00,9.89,10.13,9.86,10.13,12000
2020-06-15 07:00:00,10.1,10.18,10.1,10.1,40000
2020-06-16 07:00:00,10.42,10.42,10.15,10.15,2910
2020-06-18 07:00:00,10.15,10.15,10.15,10.15,130
2020-06-22 07:00:00,10.15,10.15,10.1,10.1,10200
2020-06-23 07:00:00,10.1,10.1,10.1,10.1,90
2020-06-24 07:00:00,10.18,10.31,10.1,10.18,18410
2020-06-25 07:00:00,10.18,10.21,10.1,10.21,23860
2020-06-26 07:00:00,10.18,10.21,10.18,10.21,2890
2020-06-29 07:00:00,10.21,10.21,9.94,10.1,80080
2020-06-30 07:00:00,10.1,10.13,9.94,10.13,21310
2020-07-01 07:00:00,9.94,10.1,9.94,9.97,71160
2020-07-02 07:00:00,9.84,9.94,9.84,9.94,21230
2020-07-03 07:00:00,9.94,9.97,9.94,9.97,20700
2020-07-06 07:00:00,10.5,10.5,9.94,10.25,66730
2020-07-07 07:00:00,9.97,10.19,9.94,10.19,11170
2020-07-08 07:00:00,10.11,10.11,9.94,10.11,4870
2020-07-09 07:00:00,9.94,10.14,9.94,10.08,2260
2020-07-10 07:00:00,10.08,10.3,10.0,10.14,2730
2020-07-13 07:00:00,10.11,10.14,10.11,10.14,14440
2020-07-14 07:00:00,10.11,10.16,10.11,10.16,1580
2020-07-15 07:00:00,10.11,10.22,10.11,10.14,37240
2020-07-16 07:00:00,10.11,10.16,10.11,10.14,6310
2020-07-17 07:00:00,10.14,10.59,10.14,10.59,52090
2020-07-20 07:00:00,10.59,10.59,10.36,10.36,10820
2020-07-21 07:00:00,10.36,10.36,10.22,10.25,5050
2020-07-22 07:00:00,10.25,10.44,10.25,10.25,12590
2020-07-23 07:00:00,10.33,10.33,10.22,10.22,2600
2020-07-24 07:00:00,10.22,10.28,10.11,10.22,12020
2020-07-27 07:00:00,10.11,10.11,9.77,10.11,25760
2020-07-28 07:00:00,10.05,10.16,10.05,10.16,26070
2020-07-29 07:00:00,10.16,10.16,10.0,10.11,36340
2020-07-30 07:00:00,10.11,10.22,10.05,10.19,4100
2020-07-31 07:00:00,10.22,10.22,10.11,10.11,14300
2020-08-03 07:00:00,10.16,10.16,10.11,10.16,12350
2020-08-04 07:00:00,10.39,10.39,10.33,10.33,4230
2020-08-05 07:00:00,10.11,10.33,10.11,10.3,5440
2020-08-06 07:00:00,10.3,10.44,10.3,10.42,4130
2020-08-07 07:00:00,10.42,10.42,10.42,10.42,650
2020-08-10 07:00:00,10.56,10.56,10.39,10.44,14530
2020-08-11 07:00:00,10.5,10.5,10.44,10.44,11560
2020-08-12 07:00:00,10.44,10.67,10.42,10.67,78860
2020-08-13 07:00:00,10.85,11.29,10.82,11.29,144340
2020-08-14 07:00:00,11.29,11.29,11.06,11.06,19270
2020-08-17 07:00:00,11.0,11.29,10.88,11.29,33380
2020-08-18 07:00:00,11.18,11.18,11.18,11.18,100
2020-08-19 07:00:00,11.23,11.23,10.82,11.14,25700
2020-08-20 07:00:00,10.79,11.12,10.79,10.94,42430
2020-08-21 07:00:00,11.06,11.14,10.94,11.12,52960
2020-08-24 07:00:00,11.09,11.18,11.09,11.12,3060
2020-08-25 07:00:00,11.12,11.18,11.12,11.12,23930
2020-08-26 07:00:00,11.23,11.23,11.12,11.12,29850
2020-08-27 07:00:00,11.12,11.14,11.12,11.14,10480
2020-08-28 07:00:00,11.2,11.2,11.14,11.18,6070
2020-08-31 07:00:00,11.18,11.26,11.0,11.2,21450
2020-09-01 07:00:00,11.23,11.23,11.18,11.2,790
2020-09-03 07:00:00,11.18,11.18,11.0,11.06,1840
2020-09-04 07:00:00,11.12,11.12,10.94,11.03,1750
2020-09-07 07:00:00,11.0,11.06,10.94,11.06,26730
2020-09-08 07:00:00,11.0,11.06,11.0,11.03,8960
2020-09-09 07:00:00,11.0,11.03,11.0,11.03,1900
2020-09-10 07:00:00,11.06,11.06,11.06,11.06,1510
2020-09-11 07:00:00,11.06,11.12,11.0,11.12,19580
2020-09-14 07:00:00,11.14,11.56,11.12,11.56,39860
2020-09-15 07:00:00,11.56,11.77,11.38,11.56,12630
2020-09-16 07:00:00,11.47,11.56,11.47,11.56,1400
2020-09-17 07:00:00,11.89,11.89,11.47,11.47,25930
2020-09-18 07:00:00,11.74,11.77,11.47,11.77,320
2020-09-21 07:00:00,11.77,11.77,11.29,11.62,13390
2020-09-22 07:00:00,11.35,11.59,11.29,11.59,33820
2020-09-23 07:00:00,11.23,11.56,11.23,11.47,4950
2020-09-24 07:00:00,11.47,11.53,11.41,11.41,5160
2020-09-25 07:00:00,11.47,11.47,11.32,11.47,7890
2020-09-28 07:00:00,11.38,11.47,11.29,11.44,9450
2020-09-29 07:00:00,11.41,11.41,11.29,11.35,4430
2020-09-30 07:00:00,11.41,11.5,11.35,11.47,8430
2020-10-01 07:00:00,11.41,11.53,11.35,11.47,42430
2020-10-02 07:00:00,11.47,11.68,11.41,11.5,40820
2020-10-05 07:00:00,11.5,11.83,11.5,11.8,23330
2020-10-06 07:00:00,11.59,11.77,11.47,11.56,23880
2020-10-07 07:00:00,11.8,11.83,11.53,11.53,33210
2020-10-08 07:00:00,11.53,11.53,11.41,11.41,4290
2020-10-09 07:00:00,11.56,11.65,11.56,11.59,22080
2020-10-12 07:00:00,11.56,11.59,11.53,11.53,30420
2020-10-13 07:00:00,11.56,11.71,11.47,11.71,22260
2020-10-14 07:00:00,11.77,11.77,11.65,11.71,13330
2020-10-15 07:00:00,11.89,12.18,11.89,11.89,36060
2020-10-16 07:00:00,11.89,11.95,11.77,11.86,9560
2020-10-19 07:00:00,11.86,11.86,11.71,11.71,5300
2020-10-20 07:00:00,11.71,11.71,11.59,11.68,19790
2020-10-21 07:00:00,11.62,11.65,11.56,11.56,23190
2020-10-22 07:00:00,11.53,11.59,11.47,11.47,18830
2020-10-23 07:00:00,11.47,11.56,11.41,11.5,14000
2020-10-26 07:00:00,11.56,11.59,11.5,11.5,11150
2020-10-27 07:00:00,11.5,11.59,11.41,11.41,31780
2020-10-28 07:00:00,11.35,11.5,11.35,11.35,10900
2020-10-29 07:00:00,11.29,11.47,11.29,11.47,12680
2020-10-30 07:00:00,11.56,11.59,11.47,11.56,10920
2020-11-02 07:00:00,11.59,11.71,11.56,11.59,23710
2020-11-03 07:00:00,11.59,11.68,11.59,11.65,8510
2020-11-04 07:00:00,11.68,11.74,11.68,11.74,12160
2020-11-05 07:00:00,11.62,11.77,11.56,11.71,28230
2020-11-06 07:00:00,11.71,11.83,11.59,11.74,25150
2020-11-09 07:00:00,11.71,11.83,11.71,11.8,8990
2020-11-10 07:00:00,11.8,11.8,11.65,11.74,9300
2020-11-11 07:00:00,11.62,11.68,11.56,11.68,12430
2020-11-12 07:00:00,11.71,11.74,11.65,11.71,26960
2020-11-13 07:00:00,11.71,11.71,11.62,11.65,20670
2020-11-16 07:00:00,11.65,11.65,11.5,11.53,37660
2020-11-17 07:00:00,11.5,11.59,11.47,11.53,20620
2020-11-18 07:00:00,11.53,11.53,11.47,11.47,14740
2020-11-19 07:00:00,11.44,11.53,11.44,11.5,17480
2020-11-20 07:00:00,11.5,11.53,11.5,11.5,26210
2020-11-23 07:00:00,11.53,11.56,11.47,11.5,80080
2020-11-24 07:00:00,11.44,11.5,11.44,11.5,7580
2020-11-25 07:00:00,11.53,11.65,11.53,11.65,71640
2020-11-26 07:00:00,11.62,11.62,11.53,11.56,11350
2020-11-27 07:00:00,11.53,11.62,11.53,11.59,23370
2020-11-30 07:00:00,11.59,11.65,11.59,11.59,17460
2020-12-01 07:00:00,11.53,11.59,11.53,11.59,3470
2020-12-02 07:00:00,11.62,11.68,11.62,11.68,11380
2020-12-03 07:00:00,11.68,11.71,11.59,11.71,13400
2020-12-04 07:00:00,11.59,11.71,11.59,11.65,7220
2020-12-07 07:00:00,11.65,11.68,11.59,11.65,16870
2020-12-08 07:00:00,11.71,11.71,11.59,11.62,21340
2020-12-09 07:00:00,11.65,11.65,11.59,11.62,54060
2020-12-10 07:00:00,11.62,11.65,11.53,11.59,16100
2020-12-11 07:00:00,11.59,11.65,11.53,11.65,12150
2020-12-14 07:00:00,11.74,11.74,11.62,11.68,30900
2020-12-15 07:00:00,11.65,11.71,11.59,11.71,23490
2020-12-16 07:00:00,11.68,11.71,11.59,11.71,19140
2020-12-17 07:00:00,11.68,11.71,11.62,11.65,10010
2020-12-18 07:00:00,11.65,11.71,11.65,11.68,12660
2020-12-21 07:00:00,11.68,11.8,11.68,11.77,32790
2020-12-22 07:00:00,11.68,11.74,11.68,11.68,16580
2020-12-23 07:00:00,11.77,11.77,11.68,11.77,16780
2020-12-24 07:00:00,11.68,11.83,11.65,11.68,33940
2020-12-25 07:00:00,11.71,11.83,11.71,11.71,11850
2020-12-28 07:00:00,11.89,11.89,11.71,11.71,23770
2020-12-29 07:00:00,11.71,11.83,11.71,11.74,23430
2020-12-30 07:00:00,11.74,11.8,11.71,11.77,15040
2020-12-31 07:00:00,11.77,11.77,11.74,11.77,33760
2021-01-04 07:00:00,10.97,11.23,10.97,11.06,352400
2021-01-05 07:00:00,11.12,11.12,11.03,11.09,68600
2021-01-06 07:00:00,11.09,11.47,11.09,11.41,18200
2021-01-07 07:00:00,11.29,11.29,11.09,11.18,62800
2021-01-08 07:00:00,11.06,11.18,11.06,11.12,63700
2021-01-11 07:00:00,11.06,11.23,11.06,11.23,41600
2021-01-12 07:00:00,11.26,11.26,11.18,11.23,19600
2021-01-13 07:00:00,11.12,11.23,11.12,11.14,25100
2021-01-14 07:00:00,11.09,11.23,11.09,11.14,36700
2021-01-15 07:00:00,11.03,11.14,11.03,11.14,44700
2021-01-18 07:00:00,11.06,11.23,11.06,11.23,59300
2021-01-19 07:00:00,11.14,11.23,11.0,11.03,101600
2021-01-20 07:00:00,11.0,11.03,10.97,11.03,32500
2021-01-21 07:00:00,11.03,11.29,11.03,11.23,141300
2021-01-22 07:00:00,11.29,11.35,11.18,11.35,39300
2021-01-25 07:00:00,11.35,11.35,11.18,11.29,30700
2021-01-26 07:00:00,11.29,11.29,11.18,11.23,59100
2021-01-27 07:00:00,11.41,11.41,11.23,11.23,60300
2021-01-28 07:00:00,11.2,11.2,10.46,10.94,91000
2021-01-29 07:00:00,10.82,11.03,10.82,11.03,12700
2021-02-01 07:00:00,11.03,11.03,10.82,10.97,15700
2021-02-02 07:00:00,10.97,11.0,10.7,11.0,9400
2021-02-03 07:00:00,10.76,11.41,10.76,11.23,19700
2021-02-04 07:00:00,11.0,11.0,11.0,11.0,4700
2021-02-05 07:00:00,11.06,11.06,11.0,11.03,46400
2021-02-08 07:00:00,11.03,11.06,11.0,11.0,38700
2021-02-09 07:00:00,11.0,11.06,11.0,11.0,7000
2021-02-17 07:00:00,11.09,11.41,11.0,11.12,9700
2021-02-18 07:00:00,11.06,11.23,11.0,11.06,16200
2021-02-19 07:00:00,11.0,11.23,10.94,10.94,43500
2021-02-22 07:00:00,11.06,11.12,11.03,11.12,8500
2021-02-23 07:00:00,11.12,11.23,11.12,11.18,18600
2021-02-24 07:00:00,11.09,11.18,11.0,11.18,8100
2021-02-25 07:00:00,11.12,11.12,11.12,11.12,200
2021-02-26 07:00:00,11.0,11.06,11.0,11.06,14800
2021-03-01 07:00:00,11.06,11.14,11.03,11.06,23000
2021-03-02 07:00:00,11.06,11.18,11.06,11.18,9600
2021-03-03 07:00:00,11.18,11.18,11.12,11.18,27900
2021-03-04 07:00:00,11.18,11.18,11.0,11.14,14500
2021-03-05 07:00:00,11.12,11.12,11.0,11.0,8900
2021-03-08 07:00:00,11.0,11.14,11.0,11.12,43800
2021-03-09 07:00:00,11.0,11.09,11.0,11.09,21900
2021-03-10 07:00:00,11.09,11.12,11.06,11.06,44200
2021-03-11 07:00:00,11.12,11.12,11.06,11.09,11600
2021-03-12 07:00:00,11.18,11.18,11.12,11.12,16400
2021-03-15 07:00:00,11.12,11.18,11.12,11.18,22800
2021-03-16 07:00:00,11.18,11.18,11.06,11.09,13100
2021-03-17 07:00:00,11.06,11.18,11.06,11.12,13300
2021-03-18 07:00:00,11.18,11.18,11.12,11.12,11900
2021-03-19 07:00:00,11.14,11.14,11.09,11.09,20900
2021-03-22 07:00:00,11.18,11.18,11.09,11.14,5400
2021-03-23 07:00:00,11.06,11.18,11.06,11.12,6700
2021-03-24 07:00:00,11.14,11.14,11.06,11.09,15500
2021-03-25 07:00:00,11.14,11.14,11.06,11.09,17800
2021-03-26 07:00:00,11.12,11.12,11.06,11.06,16100
2021-03-29 07:00:00,11.09,11.09,11.06,11.09,15800
2021-03-30 07:00:00,11.12,11.12,11.03,11.06,13600
2021-03-31 07:00:00,11.06,11.18,11.06,11.06,21000
2021-04-01 07:00:00,11.06,11.12,11.06,11.12,39200
2021-04-02 07:00:00,11.12,11.14,11.09,11.12,30200
2021-04-05 07:00:00,11.12,11.18,11.12,11.18,23700
2021-04-06 07:00:00,11.14,11.14,11.06,11.14,23300
2021-04-07 07:00:00,11.06,11.18,11.06,11.18,21400
2021-04-08 07:00:00,11.18,11.35,11.18,11.35,62200
2021-04-09 07:00:00,11.35,11.35,11.12,11.29,53300
2021-04-12 07:00:00,11.29,11.32,11.29,11.32,48000
2021-04-13 07:00:00,11.32,11.59,11.29,11.59,57300
2021-04-14 07:00:00,11.47,11.59,11.35,11.35,9500
2021-04-15 07:00:00,11.35,11.41,11.29,11.29,29100
2021-04-16 07:00:00,11.06,11.29,11.06,11.29,53700
2021-04-19 07:00:00,11.29,11.35,11.23,11.29,28900
2021-04-20 07:00:00,11.29,11.29,11.09,11.09,12500
2021-04-22 07:00:00,11.09,11.29,11.09,11.18,119000
2021-04-23 07:00:00,11.09,11.12,10.4,11.12,23100
2021-04-26 07:00:00,11.06,11.23,11.0,11.23,21800
2021-04-27 07:00:00,11.12,11.18,11.0,11.18,3800
2021-04-28 07:00:00,10.97,11.18,10.97,11.18,18700
2021-04-29 07:00:00,11.09,11.18,11.09,11.18,8400
2021-05-04 07:00:00,11.26,11.26,11.18,11.23,600
2021-05-05 07:00:00,11.23,11.23,11.0,11.12,28300
2021-05-06 07:00:00,11.12,11.12,11.06,11.12,12200
2021-05-07 07:00:00,11.09,11.09,11.0,11.06,28800
2021-05-10 07:00:00,11.12,11.18,11.09,11.18,28900
2021-05-11 07:00:00,10.88,11.18,10.88,11.12,8100
2021-05-12 07:00:00,11.23,11.23,10.94,11.12,18800
2021-05-13 07:00:00,11.06,11.06,11.06,11.06,1000
2021-05-14 07:00:00,11.12,11.12,11.0,11.03,9400
2021-05-17 07:00:00,10.85,11.03,10.85,11.03,800
2021-05-18 07:00:00,11.06,11.06,11.0,11.0,3800
2021-05-19 07:00:00,10.91,11.06,10.76,10.94,7800
2021-05-20 07:00:00,10.88,11.0,10.88,11.0,11400
2021-05-21 07:00:00,11.0,11.0,10.88,10.94,10600
2021-05-24 07:00:00,10.94,11.0,10.91,10.91,38300
2021-05-25 07:00:00,11.0,11.0,11.0,11.0,10400
2021-05-26 07:00:00,10.94,10.94,10.94,10.94,23200
2021-05-27 07:00:00,10.94,11.0,10.91,11.0,13900
2021-05-28 07:00:00,11.03,11.03,10.91,11.0,22900
2021-05-31 07:00:00,10.4,11.0,10.4,11.0,53800
2021-06-01 07:00:00,11.0,11.06,11.0,11.06,7500
2021-06-02 07:00:00,10.94,11.03,10.91,11.0,10400
2021-06-03 07:00:00,11.0,11.0,10.94,11.0,9900
2021-06-04 07:00:00,11.0,11.03,11.0,11.03,4900
2021-06-07 07:00:00,10.94,11.0,10.94,11.0,29900
2021-06-08 07:00:00,10.94,11.06,10.94,10.94,11700
2021-06-09 07:00:00,10.94,11.0,10.94,11.0,3600
2021-06-10 07:00:00,10.94,11.0,10.94,10.94,13200
2021-06-11 07:00:00,10.97,10.97,10.94,10.97,30900
2021-06-14 07:00:00,11.0,11.06,10.94,10.97,6900
2021-06-15 07:00:00,10.97,11.03,10.97,11.0,13100
2021-06-16 07:00:00,11.0,11.0,10.97,10.97,21600
2021-06-17 07:00:00,11.0,11.03,11.0,11.03,200
2021-06-18 07:00:00,11.0,11.06,10.94,11.03,20100
2021-06-21 07:00:00,11.06,11.29,11.03,11.14,20000
2021-06-22 07:00:00,11.14,11.14,11.12,11.14,5600
2021-06-23 07:00:00,11.09,11.14,11.09,11.12,2300
2021-06-24 07:00:00,11.0,11.18,11.0,11.18,10300
2021-06-25 07:00:00,11.14,11.18,11.0,11.18,7300
2021-06-28 07:00:00,11.18,11.35,11.14,11.35,21200
2021-06-29 07:00:00,11.35,11.35,11.18,11.18,13500
2021-06-30 07:00:00,11.23,11.38,11.23,11.32,21700
2021-07-01 07:00:00,11.32,11.59,11.29,11.53,43200
2021-07-02 07:00:00,11.53,11.59,11.47,11.47,31400
2021-07-05 07:00:00,11.59,11.59,11.41,11.47,45300
2021-07-06 07:00:00,11.53,11.83,11.53,11.77,99400
2021-07-07 07:00:00,11.77,11.83,11.12,11.77,56000
2021-07-08 07:00:00,11.77,11.83,11.62,11.77,52100
2021-07-09 07:00:00,11.77,11.83,11.47,11.47,41400
2021-07-12 07:00:00,11.83,11.83,11.41,11.41,44000
2021-07-13 07:00:00,11.77,11.83,11.77,11.83,58800
2021-07-14 07:00:00,11.83,11.83,11.83,11.83,84700
2021-07-15 07:00:00,12.02,12.02,11.7,11.7,20800
2021-07-16 07:00:00,11.76,11.83,11.7,11.83,60600
2021-07-19 07:00:00,11.83,11.83,11.02,11.73,31900
2021-07-20 07:00:00,11.12,11.25,10.92,11.18,56100
2021-07-21 07:00:00,11.25,11.38,11.18,11.38,8500
2021-07-22 07:00:00,11.47,11.54,11.47,11.51,2100
2021-07-23 07:00:00,11.6,11.6,11.44,11.44,6300
2021-07-26 07:00:00,11.44,11.44,11.31,11.38,14600
2021-07-27 07:00:00,11.38,11.44,11.38,11.44,6500
2021-07-28 07:00:00,11.44,11.57,11.44,11.51,7800
2021-07-29 07:00:00,11.51,11.7,11.51,11.7,29500
2021-07-30 07:00:00,11.7,11.7,11.64,11.64,9000
2021-08-02 07:00:00,11.64,11.7,11.64,11.64,60300
2021-08-03 07:00:00,11.64,11.96,11.64,11.93,86200
2021-08-04 07:00:00,11.83,11.83,11.83,11.83,7000
2021-08-05 07:00:00,11.83,12.09,11.83,12.09,84700
2021-08-06 07:00:00,11.96,12.09,11.96,12.09,47500
2021-08-09 07:00:00,12.09,12.15,12.09,12.15,20300
2021-08-10 07:00:00,12.15,12.25,12.15,12.18,25000
2021-08-11 07:00:00,12.18,12.22,12.18,12.18,50900
2021-08-12 07:00:00,12.18,12.28,12.18,12.28,50800
2021-08-13 07:00:00,12.28,12.31,12.28,12.31,32800
2021-08-16 07:00:00,12.31,12.35,12.31,12.31,40800
2021-08-17 07:00:00,12.35,12.35,11.96,12.31,46700
2021-08-18 07:00:00,12.31,12.41,12.31,12.35,20300
2021-08-19 07:00:00,12.35,12.48,12.35,12.48,10600
2021-08-20 07:00:00,12.48,12.51,12.28,12.48,30900
2021-08-23 07:00:00,12.35,12.48,12.35,12.38,52800
2021-08-24 07:00:00,12.22,12.35,12.22,12.35,2100
2021-08-25 07:00:00,12.15,12.28,12.15,12.28,7600
2021-08-26 07:00:00,12.02,12.35,12.02,12.35,15100
2021-08-27 07:00:00,12.35,12.35,12.28,12.28,62900
2021-08-30 07:00:00,12.28,12.41,12.15,12.28,28300
2021-08-31 07:00:00,12.28,12.35,12.25,12.28,27600
2021-09-01 07:00:00,12.28,12.35,12.06,12.28,86700
2021-09-06 07:00:00,12.28,12.48,12.28,12.28,28300
2021-09-07 07:00:00,12.35,12.48,12.28,12.41,57800
2021-09-08 07:00:00,12.41,12.44,12.41,12.41,9300
2021-09-09 07:00:00,12.38,12.44,12.38,12.44,31000
2021-09-10 07:00:00,12.28,12.44,12.28,12.35,35500
2021-09-13 07:00:00,12.28,12.41,12.28,12.41,8100
2021-09-14 07:00:00,12.38,12.41,12.22,12.41,11700
2021-09-15 07:00:00,12.41,12.44,12.41,12.44,19400
2021-09-16 07:00:00,12.28,12.41,12.28,12.41,2000
2021-09-17 07:00:00,12.31,12.41,12.31,12.41,2600
2021-09-20 07:00:00,12.44,12.44,12.44,12.44,22800
2021-09-21 07:00:00,12.41,12.44,12.41,12.41,12800
2021-09-22 07:00:00,12.41,12.48,12.41,12.44,28800
2021-09-23 07:00:00,12.35,12.48,12.35,12.41,30000
2021-09-24 07:00:00,12.41,12.41,12.31,12.41,31000
2021-09-27 07:00:00,12.35,12.35,12.35,12.35,5400
2021-09-28 07:00:00,12.44,12.44,12.35,12.35,13400
2021-09-29 07:00:00,12.35,12.41,12.35,12.41,11500
2021-09-30 07:00:00,12.28,12.44,12.28,12.41,18200
2021-10-01 07:00:00,12.41,12.51,12.41,12.51,25500
2021-10-04 07:00:00,12.57,13.38,12.57,13.38,127500
2021-10-05 07:00:00,13.38,13.9,13.38,13.54,63900
2021-10-06 07:00:00,14.19,14.19,13.64,13.83,9600
2021-10-07 07:00:00,13.38,13.7,13.25,13.32,36000
2021-10-08 07:00:00,13.12,13.15,12.93,12.99,39600
2021-10-11 07:00:00,12.99,13.57,12.99,13.12,21800
2021-10-12 07:00:00,12.93,13.12,12.93,13.12,21000
2021-10-13 07:00:00,12.99,13.06,12.93,13.06,32100
2021-10-14 07:00:00,13.06,13.12,12.93,13.06,18700
2021-10-15 07:00:00,13.06,13.51,13.06,13.25,17000
2021-10-18 07:00:00,13.44,13.54,13.32,13.38,21300
2021-10-19 07:00:00,13.44,13.64,13.32,13.57,20600
2021-10-20 07:00:00,13.57,13.7,13.38,13.44,32200
2021-10-21 07:00:00,13.38,13.44,13.38,13.38,20200
2021-10-22 07:00:00,13.64,13.64,13.41,13.41,12400
2021-10-25 07:00:00,13.44,13.44,13.28,13.41,32500
2021-10-26 07:00:00,13.06,13.41,13.06,13.41,15000
2021-10-27 07:00:00,13.61,13.64,13.48,13.64,47400
2021-10-28 07:00:00,13.57,13.77,13.25,13.7,63100
2021-10-29 07:00:00,13.96,13.96,13.41,13.7,12700
2021-11-01 07:00:00,13.57,13.96,13.41,13.83,54600
2021-11-02 07:00:00,13.74,13.83,13.7,13.8,21000
2021-11-03 07:00:00,13.8,13.83,13.74,13.8,68000
2021-11-04 07:00:00,13.77,14.03,13.74,13.8,47900
2021-11-05 07:00:00,13.8,13.83,13.77,13.8,19500
2021-11-08 07:00:00,13.8,13.96,13.8,13.9,10900
2021-11-09 07:00:00,13.57,13.9,13.57,13.9,19500
2021-11-10 07:00:00,13.74,13.86,13.7,13.83,16500
2021-11-11 07:00:00,13.77,13.83,13.77,13.8,24500
2021-11-12 07:00:00,13.96,13.96,13.77,13.86,22500
2021-11-15 07:00:00,13.86,13.9,13.8,13.86,53300
2021-11-16 07:00:00,13.83,14.03,13.83,13.9,74600
2021-11-17 07:00:00,13.9,13.9,13.9,13.9,31700
2021-11-18 07:00:00,13.83,13.9,13.8,13.9,39600
2021-11-19 07:00:00,13.96,14.03,13.9,13.9,57600
2021-11-22 07:00:00,13.9,13.9,13.83,13.83,39800
2021-11-23 07:00:00,13.96,13.96,13.77,13.96,60000
2021-11-24 07:00:00,13.9,13.93,13.86,13.9,53900
2021-11-25 07:00:00,13.9,13.93,13.9,13.9,59700
2021-11-26 07:00:00,13.9,13.9,13.83,13.83,52300
2021-11-29 07:00:00,13.83,13.86,13.77,13.83,62000
2021-11-30 07:00:00,13.83,13.9,13.7,13.83,86500
2021-12-01 07:00:00,13.9,13.9,13.8,13.8,38400
2021-12-02 07:00:00,13.9,14.48,13.9,14.41,104300
2021-12-03 07:00:00,14.61,14.61,14.22,14.22,24200
2021-12-06 07:00:00,14.51,14.51,13.9,14.09,15600
2021-12-07 07:00:00,13.96,14.12,13.96,14.09,43800
2021-12-08 07:00:00,14.09,14.61,14.09,14.54,83400
2021-12-09 07:00:00,14.84,14.84,14.54,14.67,66700
2021-12-10 07:00:00,14.61,14.67,14.61,14.64,41400
2021-12-13 07:00:00,14.48,14.67,14.48,14.67,69200
2021-12-14 07:00:00,14.67,14.74,14.61,14.67,31800
2021-12-15 07:00:00,14.61,14.8,14.61,14.74,30400
2021-12-16 07:00:00,14.84,14.93,14.84,14.87,29200
2021-12-17 07:00:00,14.87,14.87,14.74,14.77,61400
2021-12-20 07:00:00,14.87,14.93,14.61,14.8,56600
2021-12-21 07:00:00,14.8,14.8,14.61,14.8,40900
2021-12-22 07:00:00,14.8,14.87,14.67,14.87,121300
2021-12-23 07:00:00,14.8,14.87,14.67,14.67,29200
2021-12-24 07:00:00,14.74,14.8,14.74,14.74,17000
2021-12-27 07:00:00,14.67,14.74,14.67,14.67,6400
2021-12-28 07:00:00,14.67,14.74,14.61,14.74,29000
2021-12-29 07:00:00,14.64,14.8,14.64,14.8,9100
2021-12-30 07:00:00,14.8,14.8,14.67,14.8,33500
2021-12-31 07:00:00,14.8,14.8,14.7,14.7,1200
2022-01-04 07:00:00,14.8,14.84,14.54,14.84,30300
2022-01-05 07:00:00,14.84,14.87,14.61,14.84,74400
2022-01-06 07:00:00,14.8,14.8,14.61,14.64,12100
2022-01-07 07:00:00,14.64,14.67,14.54,14.61,20900
2022-01-10 07:00:00,14.8,14.87,14.54,14.64,18400
2022-01-11 07:00:00,14.32,14.41,14.09,14.35,30300
2022-01-12 07:00:00,14.32,14.54,13.96,14.41,77200
2022-01-13 07:00:00,14.35,14.54,13.93,14.38,120400
2022-01-14 07:00:00,14.48,14.48,13.99,14.28,5700
2022-01-17 07:00:00,13.99,14.22,13.99,14.09,8100
2022-01-18 07:00:00,14.09,14.54,13.96,14.16,33000
2022-01-19 07:00:00,14.22,14.22,14.22,14.22,300
2022-01-20 07:00:00,14.35,14.48,14.16,14.41,13000
2022-01-21 07:00:00,14.35,14.48,14.32,14.48,9200
2022-01-24 07:00:00,13.51,14.45,13.51,14.09,28400
2022-01-25 07:00:00,13.83,14.28,13.77,14.28,12000
2022-01-26 07:00:00,14.35,14.35,13.9,14.22,35200
2022-01-27 07:00:00,14.22,14.22,13.96,14.22,15300
2022-01-28 07:00:00,14.22,14.22,14.22,14.22,12700
2022-02-07 07:00:00,14.22,14.22,14.22,14.22,300
2022-02-08 07:00:00,14.22,14.22,14.22,14.22,17500
2022-02-09 07:00:00,14.16,14.16,14.09,14.09,5500
2022-02-10 07:00:00,14.09,14.54,14.09,14.45,8200
2022-02-11 07:00:00,14.41,14.41,14.41,14.41,17600
2022-02-14 07:00:00,14.35,14.35,14.22,14.35,4800
2022-02-15 07:00:00,13.96,14.64,13.96,14.35,15900
2022-02-16 07:00:00,14.16,14.54,14.16,14.25,37300
2022-02-17 07:00:00,14.28,14.54,14.25,14.54,5400
2022-02-18 07:00:00,14.54,14.58,14.28,14.54,28200
2022-02-21 07:00:00,14.38,14.54,14.28,14.38,13000
2022-02-22 07:00:00,14.28,14.35,14.28,14.28,25500
2022-02-23 07:00:00,14.25,14.32,14.25,14.32,9600
2022-02-24 07:00:00,14.38,14.51,14.32,14.32,19500
2022-02-25 07:00:00,14.35,14.35,14.32,14.32,9900
2022-02-28 07:00:00,14.25,14.32,14.25,14.32,26900
2022-03-01 07:00:00,14.25,14.51,14.22,14.35,43700
2022-03-02 07:00:00,14.35,14.45,14.35,14.45,12300
2022-03-03 07:00:00,14.48,14.48,14.32,14.32,16500
2022-03-04 07:00:00,14.32,14.45,14.32,14.35,19500
2022-03-07 07:00:00,14.35,14.48,14.35,14.41,19000
2022-03-08 07:00:00,14.45,14.45,14.22,14.28,47800
2022-03-09 07:00:00,14.28,14.32,14.28,14.32,3100
2022-03-10 07:00:00,14.35,14.48,14.35,14.35,8600
2022-03-11 07:00:00,14.41,14.41,14.22,14.35,5000
2022-03-14 07:00:00,14.28,14.41,14.28,14.41,6700
2022-03-15 07:00:00,14.22,14.45,14.22,14.41,32900
2022-03-16 07:00:00,14.41,14.51,14.41,14.51,17000
2022-03-17 07:00:00,14.54,14.54,14.48,14.48,4500
2022-03-18 07:00:00,14.48,14.54,14.48,14.54,10700
2022-03-21 07:00:00,14.54,14.67,14.54,14.54,11900
2022-03-22 07:00:00,14.54,14.67,14.48,14.58,17700
2022-03-23 07:00:00,14.64,14.74,14.61,14.64,21900
2022-03-24 07:00:00,14.67,14.7,14.61,14.64,12200
2022-03-25 07:00:00,14.61,14.67,14.61,14.67,900
2022-03-28 07:00:00,14.67,14.87,14.67,14.84,21200
2022-03-29 07:00:00,14.8,14.8,14.61,14.7,37300
2022-03-30 07:00:00,14.67,14.67,14.64,14.67,12400
2022-03-31 07:00:00,14.67,14.87,14.64,14.87,2900
2022-04-01 07:00:00,14.87,15.19,14.87,15.16,26700
2022-04-04 07:00:00,15.42,15.51,15.38,15.45,42900
2022-04-05 07:00:00,15.45,15.51,15.38,15.48,42400
2022-04-06 07:00:00,15.48,15.48,15.35,15.42,12100
2022-04-07 07:00:00,15.42,15.45,15.38,15.38,21300
2022-04-08 07:00:00,15.45,15.45,15.32,15.35,14200
2022-04-12 07:00:00,15.35,15.35,15.19,15.19,21200
2022-04-13 07:00:00,15.22,15.22,14.96,14.96,40400
2022-04-14 07:00:00,15.48,15.48,14.87,14.87,12800
2022-04-15 07:00:00,14.87,15.51,14.87,15.19,12500
2022-04-18 07:00:00,15.19,15.19,14.54,14.74,40700
2022-04-19 07:00:00,14.54,14.87,14.54,14.61,6400
2022-04-20 07:00:00,14.54,14.74,14.51,14.7,36200
2022-04-21 07:00:00,14.7,14.8,14.61,14.7,34800
2022-04-22 07:00:00,14.87,14.87,14.7,14.7,10200
2022-04-25 07:00:00,14.54,14.8,14.54,14.61,20900
2022-04-26 07:00:00,14.41,14.61,14.41,14.61,10000
2022-04-27 07:00:00,14.84,14.84,14.28,14.61,8000
2022-04-28 07:00:00,14.64,15.19,14.64,14.93,26500
2022-04-29 07:00:00,15.16,15.19,15.0,15.0,36200
2022-05-04 07:00:00,15.09,15.38,15.06,15.38,32800
2022-05-05 07:00:00,15.35,15.35,15.16,15.35,32300
2022-05-06 07:00:00,15.32,16.22,15.32,16.16,131300
2022-05-09 07:00:00,16.16,16.71,15.9,16.16,132400
2022-05-10 07:00:00,15.84,16.48,15.77,16.48,35300
2022-05-11 07:00:00,16.68,16.87,16.52,16.81,93500
2022-05-12 07:00:00,16.87,16.87,16.16,16.74,33800
2022-05-13 07:00:00,16.74,17.12,15.58,16.33,40000
2022-05-16 07:00:00,15.78,16.74,15.78,16.47,20000
2022-05-17 07:00:00,16.47,16.47,16.12,16.47,9500
2022-05-18 07:00:00,16.47,16.81,16.4,16.74,31600
2022-05-19 07:00:00,16.71,16.71,15.88,16.67,6500
2022-05-20 07:00:00,16.84,16.84,15.92,16.67,5800
2022-05-23 07:00:00,16.19,16.78,16.12,16.47,13100
2022-05-24 07:00:00,16.47,16.47,15.78,16.26,50700
2022-05-25 07:00:00,16.4,16.4,16.12,16.36,325100
2022-05-26 07:00:00,16.19,16.47,16.19,16.4,17800
2022-05-27 07:00:00,16.43,16.43,16.26,16.3,15200
2022-05-30 07:00:00,16.4,16.54,16.4,16.47,33100
2022-05-31 07:00:00,16.88,17.36,16.67,17.29,78600
2022-06-01 07:00:00,17.15,17.15,16.98,17.02,10400
2022-06-02 07:00:00,16.88,17.43,16.81,17.02,37200
2022-06-03 07:00:00,16.88,17.08,16.33,16.4,50800
2022-06-06 07:00:00,16.4,16.88,15.99,16.6,35000
2022-06-07 07:00:00,16.54,17.29,16.43,17.29,96400
2022-06-08 07:00:00,17.26,17.84,17.15,17.36,105200
2022-06-09 07:00:00,17.36,17.7,16.16,17.29,60200
2022-06-10 07:00:00,17.15,17.22,16.54,16.78,74500
2022-06-13 07:00:00,16.47,16.78,16.19,16.67,65600
2022-06-14 07:00:00,16.19,16.67,15.85,16.67,31000
2022-06-15 07:00:00,16.3,16.6,16.12,16.6,85000
2022-06-16 07:00:00,16.5,17.29,16.5,17.08,45900
2022-06-17 07:00:00,17.02,17.15,16.26,17.08,46600
2022-06-20 07:00:00,17.15,17.46,16.47,17.15,53400
2022-06-21 07:00:00,16.5,17.15,16.5,16.95,107900
2022-06-22 07:00:00,16.3,17.08,16.19,16.19,24900
2022-06-23 07:00:00,16.19,16.26,15.92,16.19,28500
2022-06-24 07:00:00,16.26,16.47,16.26,16.47,3500
2022-06-27 07:00:00,16.12,16.64,16.12,16.64,22000
2022-06-28 07:00:00,16.6,16.64,16.26,16.47,26200
2022-06-29 07:00:00,16.26,16.6,16.12,16.6,26100
2022-06-30 07:00:00,16.54,16.6,15.82,16.12,26400
2022-07-01 07:00:00,16.12,16.6,16.12,16.16,6000
2022-07-04 07:00:00,16.19,16.19,16.16,16.16,3200
2022-07-05 07:00:00,16.26,16.26,16.12,16.16,22200
2022-07-06 07:00:00,15.85,16.16,15.85,16.16,10200
2022-07-07 07:00:00,16.12,16.12,15.44,15.75,71500
2022-07-08 07:00:00,15.75,15.75,15.47,15.47,4100
2022-07-11 07:00:00,15.44,15.58,15.1,15.1,55200
2022-07-12 07:00:00,15.78,15.78,15.54,15.58,5200
2022-07-13 07:00:00,15.47,15.58,15.44,15.58,15100
2022-07-14 07:00:00,15.64,15.71,15.54,15.71,6800
2022-07-15 07:00:00,15.95,15.95,15.85,15.85,6100
2022-07-18 07:00:00,15.85,16.12,15.85,15.88,13300
2022-07-19 07:00:00,15.92,16.06,15.78,15.85,5900
2022-07-20 07:00:00,15.78,16.06,15.78,15.99,2600
2022-07-21 07:00:00,15.78,16.33,15.78,16.16,30400
2022-07-22 07:00:00,16.12,16.3,15.78,16.12,22300
2022-07-25 07:00:00,16.3,16.3,16.06,16.12,27600
2022-07-26 07:00:00,16.06,16.19,16.06,16.19,800
2022-07-27 07:00:00,16.19,16.19,16.02,16.16,5900
2022-07-28 07:00:00,16.33,16.33,16.02,16.26,17300
2022-07-29 07:00:00,15.85,16.26,15.85,16.12,24800
2022-08-01 07:00:00,16.23,16.23,15.92,16.19,17400
2022-08-02 07:00:00,15.99,16.19,15.99,16.19,31200
2022-08-03 07:00:00,16.12,16.19,16.12,16.19,23600
2022-08-04 07:00:00,15.95,16.26,15.95,16.26,47400
2022-08-05 07:00:00,16.33,16.33,16.12,16.33,10600
2022-08-08 07:00:00,16.4,16.4,16.23,16.4,9800
2022-08-09 07:00:00,16.43,16.6,16.19,16.57,13900
2022-08-10 07:00:00,16.6,17.36,16.57,17.15,68800
2022-08-11 07:00:00,17.57,17.57,17.02,17.02,19500
2022-08-12 07:00:00,17.02,17.12,16.81,16.95,12000
2022-08-15 07:00:00,16.88,17.08,16.47,17.08,17600
2022-08-16 07:00:00,17.08,17.36,17.02,17.15,42700
2022-08-17 07:00:00,16.95,16.95,16.95,16.95,1400
2022-08-18 07:00:00,16.64,16.95,16.64,16.95,11100
2022-08-19 07:00:00,16.81,17.12,16.81,16.81,1800
2022-08-22 07:00:00,16.81,16.81,16.47,16.6,13300
2022-08-23 07:00:00,16.64,16.81,16.54,16.81,4700
2022-08-24 07:00:00,16.81,16.81,16.78,16.78,8900
2022-08-25 07:00:00,16.81,16.81,16.6,16.67,7600
2022-08-26 07:00:00,16.81,16.95,16.47,16.57,14100
2022-08-29 07:00:00,16.57,16.57,16.57,16.57,3500
2022-08-30 07:00:00,16.57,16.67,16.57,16.67,1000
2022-08-31 07:00:00,16.54,16.81,16.47,16.6,4300
2022-09-05 07:00:00,16.6,16.74,16.54,16.74,7300
2022-09-06 07:00:00,17.05,17.05,16.74,16.74,9300
2022-09-07 07:00:00,16.74,17.12,16.67,16.67,9500
2022-09-08 07:00:00,16.67,16.81,16.5,16.67,14700
2022-09-09 07:00:00,16.67,17.57,16.67,17.57,131100
2022-09-12 07:00:00,17.57,18.39,17.57,18.15,117300
2022-09-13 07:00:00,18.18,18.18,17.94,17.98,65400
2022-09-14 07:00:00,17.8,17.98,17.15,17.84,21900
2022-09-15 07:00:00,17.84,17.84,17.29,17.84,28800
2022-09-16 07:00:00,17.8,18.52,17.8,18.39,107400
2022-09-19 07:00:00,18.39,18.87,18.32,18.39,94800
2022-09-20 07:00:00,17.91,18.39,17.29,18.39,62400
2022-09-21 07:00:00,18.11,18.46,18.11,18.35,23500
2022-09-22 07:00:00,17.84,18.32,17.84,18.25,16800
2022-09-23 07:00:00,18.66,18.66,18.01,18.11,18600
2022-09-26 07:00:00,17.43,18.28,17.43,18.08,33600
2022-09-27 07:00:00,18.08,18.08,17.67,18.05,9400
2022-09-28 07:00:00,17.5,17.84,17.43,17.43,15600
2022-09-29 07:00:00,17.84,17.84,17.19,17.19,49200
2022-09-30 07:00:00,17.15,17.19,16.88,17.19,29200
2022-10-03 07:00:00,17.5,17.5,16.74,16.74,31300
2022-10-04 07:00:00,16.4,17.39,16.4,16.78,23100
2022-10-05 07:00:00,17.74,17.74,17.15,17.63,17700
2022-10-06 07:00:00,17.5,17.57,17.26,17.26,16100
2022-10-07 07:00:00,17.22,17.29,16.67,17.15,16300
2022-10-10 07:00:00,16.71,17.39,16.71,17.19,9000
2022-10-11 07:00:00,16.91,17.19,16.81,17.19,28300
2022-10-12 07:00:00,17.19,17.19,16.88,17.19,35900
2022-10-13 07:00:00,17.8,17.8,17.15,17.39,2000
2022-10-14 07:00:00,17.63,17.63,17.22,17.22,4500
2022-10-17 07:00:00,17.22,17.5,17.22,17.5,17500
2022-10-18 07:00:00,17.7,17.7,17.36,17.5,23600
2022-10-19 07:00:00,17.26,17.5,17.22,17.32,6300
2022-10-20 07:00:00,17.36,17.7,17.22,17.22,10500
2022-10-21 07:00:00,17.29,17.5,17.08,17.08,35100
2022-10-24 07:00:00,17.05,17.15,16.67,16.67,25800
2022-10-25 07:00:00,16.47,17.15,16.26,16.81,25000
2022-10-26 07:00:00,16.81,17.15,16.81,16.98,18100
2022-10-27 07:00:00,16.71,17.12,16.71,17.12,5400
2022-10-28 07:00:00,17.12,17.15,16.95,17.15,59000
2022-10-31 07:00:00,17.08,17.08,16.81,17.05,12900
2022-11-01 07:00:00,17.05,17.6,17.05,17.43,18600
2022-11-02 07:00:00,16.64,17.5,16.64,17.15,62400
2022-11-03 07:00:00,17.15,17.15,17.12,17.12,600
2022-11-04 07:00:00,16.81,16.98,16.64,16.98,12700
2022-11-07 07:00:00,16.33,17.15,16.33,16.78,47100
2022-11-08 07:00:00,16.19,16.81,16.19,16.81,1200
2022-11-09 07:00:00,16.78,16.78,16.57,16.71,6000
2022-11-10 07:00:00,16.23,16.26,15.95,16.12,32300
2022-11-11 07:00:00,16.6,16.6,16.06,16.12,21400
2022-11-14 07:00:00,15.78,16.12,15.16,16.06,24100
2022-11-15 07:00:00,15.99,15.99,14.96,15.51,40400
2022-11-16 07:00:00,14.44,15.75,14.44,15.27,83200
2022-11-17 07:00:00,15.44,15.64,14.96,15.1,45300
2022-11-18 07:00:00,15.1,15.44,14.96,15.34,35200
2022-11-21 07:00:00,15.34,15.37,14.82,15.37,36400
2022-11-22 07:00:00,15.13,15.44,15.13,15.37,56100
2022-11-23 07:00:00,15.23,15.4,15.23,15.34,112100
2022-11-24 07:00:00,15.3,15.37,15.23,15.37,25000
2022-11-25 07:00:00,15.68,15.68,15.47,15.64,9300
2022-11-28 07:00:00,15.64,16.12,15.64,16.12,23800
2022-11-29 07:00:00,16.4,16.4,15.82,15.92,38900
2022-11-30 07:00:00,15.92,16.06,15.92,15.92,21100
2022-12-01 07:00:00,16.06,16.06,15.85,16.06,35000
2022-12-02 07:00:00,16.12,16.19,15.99,15.99,31000
2022-12-05 07:00:00,16.4,16.4,16.12,16.26,22300
2022-12-06 07:00:00,16.16,16.26,16.09,16.16,61000
2022-12-07 07:00:00,16.56,16.56,16.34,16.56,9000
2022-12-08 07:00:00,16.16,16.63,16.16,16.34,14800
2022-12-09 07:00:00,16.27,16.45,16.01,16.45,11900
2022-12-12 07:00:00,16.34,16.45,16.19,16.19,21400
2022-12-13 07:00:00,16.23,16.34,16.05,16.34,6900
2022-12-14 07:00:00,16.27,16.27,16.05,16.27,24000
2022-12-15 07:00:00,16.12,16.3,16.01,16.3,20100
2022-12-16 07:00:00,16.19,16.3,15.98,16.27,21900
2022-12-19 07:00:00,15.83,16.19,15.83,16.16,15800
2022-12-20 07:00:00,15.94,16.23,15.9,16.23,86000
2022-12-21 07:00:00,16.19,16.19,15.9,16.16,39600
2022-12-22 07:00:00,15.94,15.94,15.94,15.94,1600
2022-12-23 07:00:00,15.94,16.19,15.94,16.19,7600
2022-12-26 07:00:00,15.98,16.05,15.98,15.98,16300
2022-12-27 07:00:00,15.9,16.12,15.9,16.12,15700
2022-12-28 07:00:00,15.94,15.94,15.9,15.94,7800
2022-12-29 07:00:00,15.94,16.19,15.94,16.19,24100
2022-12-30 07:00:00,16.19,16.34,15.94,16.34,15100
2023-01-03 07:00:00,16.05,16.48,16.05,16.48,24100
2023-01-04 07:00:00,16.41,16.48,16.27,16.3,6400
2023-01-05 07:00:00,16.56,16.56,16.27,16.27,13400
2023-01-06 07:00:00,16.3,16.45,16.19,16.45,33900
2023-01-09 07:00:00,16.52,16.52,16.3,16.48,46100
2023-01-10 07:00:00,16.48,16.63,16.41,16.63,13700
2023-01-11 07:00:00,16.41,16.84,16.41,16.66,19900
2023-01-12 07:00:00,16.66,16.77,16.66,16.7,14400
2023-01-13 07:00:00,16.77,16.88,16.56,16.56,10300
2023-01-16 07:00:00,16.63,16.7,16.09,16.7,7200
2023-01-17 07:00:00,16.41,16.81,16.34,16.77,5800
2023-01-18 07:00:00,16.77,16.95,16.7,16.88,55400
2023-01-19 07:00:00,16.66,17.06,16.66,17.06,18300
2023-01-27 07:00:00,17.06,17.06,16.99,17.06,8700
2023-01-30 07:00:00,16.99,17.35,16.99,17.21,40500
2023-01-31 07:00:00,17.06,17.5,16.99,17.5,38200
2023-02-01 07:00:00,17.57,17.64,17.35,17.53,15400
2023-02-02 07:00:00,17.35,17.6,17.35,17.6,11200
2023-02-03 07:00:00,17.57,17.57,17.35,17.35,4200
2023-02-06 07:00:00,17.35,17.64,17.35,17.53,10500
2023-02-07 07:00:00,17.6,17.6,17.06,17.21,10600
2023-02-08 07:00:00,17.21,17.28,17.21,17.21,19300
2023-02-09 07:00:00,17.13,17.21,17.13,17.21,3000
2023-02-10 07:00:00,17.21,17.28,17.21,17.21,11100
2023-02-13 07:00:00,17.5,17.5,17.1,17.1,1200
2023-02-14 07:00:00,16.88,17.35,16.88,17.35,9800
2023-02-15 07:00:00,17.42,17.42,17.42,17.42,100
2023-02-16 07:00:00,17.35,17.35,17.21,17.28,12700
2023-02-17 07:00:00,17.28,17.28,17.28,17.28,6400
2023-02-20 07:00:00,17.28,17.5,17.21,17.35,16100
2023-02-21 07:00:00,17.35,17.57,17.21,17.57,5600
2023-02-22 07:00:00,17.42,17.53,17.21,17.53,4700
2023-02-23 07:00:00,17.53,17.78,16.84,16.84,28800
2023-02-24 07:00:00,16.99,17.5,16.95,17.5,4400
2023-02-27 07:00:00,16.99,17.46,16.99,17.46,3900
2023-02-28 07:00:00,17.35,17.64,17.35,17.64,26300
2023-03-01 07:00:00,17.64,17.64,17.35,17.42,4600
2023-03-02 07:00:00,18.0,18.0,17.46,17.46,5300
2023-03-03 07:00:00,17.82,17.86,17.42,17.64,4300
2023-03-06 07:00:00,17.35,17.78,17.35,17.6,11800
2023-03-07 07:00:00,17.6,17.64,17.57,17.6,10200
2023-03-08 07:00:00,17.64,17.71,17.6,17.71,20300
2023-03-09 07:00:00,17.71,17.86,17.64,17.82,35400
2023-03-10 07:00:00,17.82,17.86,17.82,17.86,33900
2023-03-13 07:00:00,17.86,17.86,17.68,17.71,15000
2023-03-14 07:00:00,17.86,17.86,17.57,17.86,12600
2023-03-15 07:00:00,17.86,17.93,17.71,17.93,8400
2023-03-16 07:00:00,17.97,18.07,17.93,18.07,33700
2023-03-17 07:00:00,17.39,18.26,17.39,18.07,6400
2023-03-20 07:00:00,17.82,18.07,17.82,18.07,7500
2023-03-21 07:00:00,17.86,18.04,17.78,18.04,9500
2023-03-22 07:00:00,17.82,18.04,17.82,18.04,2100
2023-03-23 07:00:00,17.86,18.04,17.86,18.0,7300
2023-03-24 07:00:00,17.64,18.0,17.64,17.93,1400
2023-03-27 07:00:00,17.89,17.93,17.86,17.93,8600
2023-03-28 07:00:00,17.86,17.93,17.86,17.86,28300
2023-03-29 07:00:00,17.86,17.86,17.64,17.75,6100
2023-03-30 07:00:00,17.71,17.97,17.71,17.97,8200
2023-03-31 07:00:00,17.93,17.93,17.57,17.86,13500
2023-04-03 07:00:00,17.42,17.86,17.42,17.86,9700
2023-04-04 07:00:00,17.71,17.82,17.68,17.68,7200
2023-04-05 07:00:00,17.68,17.78,17.68,17.78,8200
2023-04-06 07:00:00,17.71,18.0,17.71,18.0,8500
2023-04-07 07:00:00,17.82,18.04,17.78,17.78,10900
2023-04-10 07:00:00,17.78,17.89,17.53,17.89,9900
2023-04-11 07:00:00,17.57,17.89,17.42,17.64,9100
2023-04-12 07:00:00,17.97,18.15,17.78,17.78,32100
2023-04-13 07:00:00,18.0,18.07,17.93,18.07,27400
2023-04-14 07:00:00,18.07,18.29,18.0,18.22,15600
2023-04-17 07:00:00,18.11,18.11,18.0,18.04,10800
2023-04-18 07:00:00,18.04,18.04,17.93,18.04,7400
2023-04-19 07:00:00,18.04,18.04,17.97,18.04,4800
2023-04-20 07:00:00,18.04,18.07,18.0,18.0,14800
2023-04-21 07:00:00,18.11,18.15,16.99,18.07,18600
2023-04-24 07:00:00,18.07,18.07,17.93,17.93,8300
2023-04-25 07:00:00,18.0,18.0,17.78,17.93,9100
2023-04-26 07:00:00,17.93,17.93,17.71,17.93,2900
2023-04-27 07:00:00,17.75,17.75,17.5,17.71,48900
2023-04-28 07:00:00,17.71,17.71,17.64,17.64,14800
2023-05-04 07:00:00,17.6,17.78,17.6,17.78,19600
2023-05-05 07:00:00,17.57,18.0,17.57,17.86,11500
2023-05-08 07:00:00,17.93,17.93,17.57,17.64,11100
2023-05-09 07:00:00,17.71,17.71,17.5,17.64,28200
2023-05-10 07:00:00,17.78,17.86,17.5,17.71,11400
2023-05-11 07:00:00,17.57,17.78,17.57,17.78,8000
2023-05-12 07:00:00,17.78,17.78,17.42,17.71,20500
2023-05-15 07:00:00,17.71,17.75,17.64,17.71,6600
2023-05-16 07:00:00,17.71,17.78,17.64,17.78,26200
2023-05-17 07:00:00,17.57,17.71,17.53,17.6,25400
2023-05-18 07:00:00,17.64,17.64,17.42,17.5,12000
2023-05-19 07:00:00,17.6,17.6,17.53,17.53,2800
2023-05-22 07:00:00,18.0,18.0,17.89,17.93,39500
2023-05-23 07:00:00,17.93,17.93,17.71,17.86,20400
2023-05-24 07:00:00,17.78,17.86,17.75,17.78,21100
2023-05-25 07:00:00,17.93,18.0,17.86,17.89,20800
2023-05-26 07:00:00,17.89,17.97,17.89,17.93,11600
2023-05-29 07:00:00,17.93,18.22,17.89,18.22,36400
2023-05-30 07:00:00,18.26,18.51,17.89,18.22,12600
2023-05-31 07:00:00,18.07,18.33,18.07,18.22,3700
2023-06-01 07:00:00,18.0,18.29,17.97,18.22,9100
2023-06-02 07:00:00,18.18,18.29,17.93,18.22,24900
2023-06-05 07:00:00,18.26,18.51,18.15,18.29,28400
2023-06-06 07:00:00,18.36,18.36,18.29,18.29,102000
2023-06-07 07:00:00,18.41,18.52,18.29,18.33,40000
2023-06-08 07:00:00,18.29,18.29,17.94,18.21,16900
2023-06-09 07:00:00,18.99,18.99,18.1,18.29,2400
2023-06-12 07:00:00,19.07,19.07,18.14,18.21,12700
2023-06-13 07:00:00,18.14,18.21,18.02,18.1,29100
2023-06-14 07:00:00,18.06,18.1,18.06,18.06,8700
2023-06-15 07:00:00,18.06,18.06,17.82,17.9,23000
2023-06-16 07:00:00,17.98,17.98,17.86,17.86,32600
2023-06-19 07:00:00,17.86,17.86,17.67,17.82,16300
2023-06-20 07:00:00,17.78,17.86,17.75,17.75,11300
2023-06-21 07:00:00,18.88,18.88,17.82,17.86,7500
2023-06-22 07:00:00,17.9,17.9,17.82,17.9,45400
2023-06-23 07:00:00,17.9,18.14,17.9,18.14,1400
2023-06-26 07:00:00,17.9,18.6,17.9,18.29,30800
2023-06-27 07:00:00,18.37,18.37,18.21,18.21,18000
2023-06-28 07:00:00,18.21,18.37,18.21,18.33,16800
2023-06-29 07:00:00,18.21,18.29,18.21,18.21,10900
2023-06-30 07:00:00,18.1,18.29,18.1,18.14,15900
2023-07-03 07:00:00,18.21,18.45,18.14,18.14,10400
2023-07-04 07:00:00,18.14,18.14,17.9,18.06,46200
2023-07-05 07:00:00,17.94,18.06,17.9,18.06,141000
2023-07-06 07:00:00,18.14,18.14,17.98,17.98,9700
2023-07-07 07:00:00,18.02,18.06,17.9,18.06,31100
2023-07-10 07:00:00,18.06,18.06,17.9,17.98,31000
2023-07-11 07:00:00,17.82,17.98,17.82,17.98,15000
2023-07-12 07:00:00,17.98,17.98,17.9,17.9,23700
2023-07-13 07:00:00,17.9,18.06,17.86,17.9,312300
2023-07-14 07:00:00,17.9,18.21,17.9,18.21,4900
2023-07-17 07:00:00,18.17,18.17,18.06,18.14,27800
2023-07-18 07:00:00,17.94,18.21,17.94,18.14,8900
2023-07-19 07:00:00,17.98,18.06,17.98,17.98,21700
2023-07-20 07:00:00,17.9,18.06,17.9,18.06,19500
2023-07-21 07:00:00,18.06,18.06,17.9,17.98,36000
2023-07-24 07:00:00,17.98,18.02,17.9,17.94,16100
2023-07-25 07:00:00,17.98,18.02,17.9,17.94,23100
2023-07-26 07:00:00,17.94,18.02,17.94,18.02,1700
2023-07-27 07:00:00,17.98,18.06,17.9,18.06,29500
2023-07-28 07:00:00,17.9,18.1,17.9,18.1,14100
2023-07-31 07:00:00,18.02,18.06,18.02,18.02,2800
2023-08-01 07:00:00,18.02,18.02,17.94,18.02,73700
2023-08-02 07:00:00,17.9,17.98,17.9,17.98,19800
2023-08-03 07:00:00,17.98,18.02,17.9,17.9,68400
2023-08-04 07:00:00,17.86,17.9,17.82,17.9,102800
2023-08-07 07:00:00,17.9,17.9,17.78,17.9,56900
2023-08-08 07:00:00,17.9,17.9,17.9,17.9,14000
2023-08-09 07:00:00,17.9,17.9,17.86,17.86,26900
2023-08-10 07:00:00,17.86,17.98,17.86,17.98,57100
2023-08-11 07:00:00,17.98,17.98,17.94,17.98,5200
2023-08-14 07:00:00,17.98,18.06,17.98,18.02,107400
2023-08-15 07:00:00,18.02,18.29,18.02,18.29,39700
2023-08-16 07:00:00,18.29,18.45,18.06,18.33,23900
2023-08-17 07:00:00,18.33,18.33,18.25,18.33,62900
2023-08-18 07:00:00,18.33,18.33,18.06,18.06,45200
2023-08-21 07:00:00,17.9,18.52,16.81,18.25,63300
2023-08-22 07:00:00,17.9,18.25,17.9,18.06,6800
2023-08-23 07:00:00,18.06,18.25,17.9,18.17,5400
2023-08-24 07:00:00,18.06,18.14,18.02,18.14,700
2023-08-25 07:00:00,18.14,18.21,17.98,17.98,8100
2023-08-28 07:00:00,18.17,18.25,17.98,18.25,11100
2023-08-29 07:00:00,18.14,18.21,18.02,18.02,23500
2023-08-30 07:00:00,18.21,18.21,18.06,18.14,8400
2023-08-31 07:00:00,18.06,18.14,18.06,18.14,38400
2023-09-05 07:00:00,18.14,18.37,17.9,18.37,60900
2023-09-06 07:00:00,18.37,18.41,17.98,18.37,16900
2023-09-07 07:00:00,18.37,18.45,18.37,18.37,13300
2023-09-08 07:00:00,18.14,18.41,18.14,18.29,35400
2023-09-11 07:00:00,18.14,18.29,18.14,18.29,2000
2023-09-12 07:00:00,18.29,18.29,18.14,18.21,11300
2023-09-13 07:00:00,18.06,18.25,17.98,18.06,4300
2023-09-14 07:00:00,18.1,18.29,17.98,18.06,4500
2023-09-15 07:00:00,18.25,18.29,18.06,18.06,4000
2023-09-18 07:00:00,18.25,18.25,18.14,18.14,10500
2023-09-19 07:00:00,18.25,18.29,18.06,18.06,6400
2023-09-20 07:00:00,18.06,18.25,18.06,18.25,5300
2023-09-21 07:00:00,18.21,18.21,18.02,18.06,10100
2023-09-22 07:00:00,18.06,18.14,18.02,18.06,12300
2023-09-25 07:00:00,18.06,18.21,18.06,18.21,13900
2023-09-26 07:00:00,18.17,18.17,18.06,18.06,24100
2023-09-27 07:00:00,17.98,18.1,17.98,18.06,6200
2023-09-28 07:00:00,18.06,18.14,18.06,18.14,11200
2023-09-29 07:00:00,18.17,18.17,18.14,18.14,400
2023-10-02 07:00:00,18.14,18.17,18.14,18.17,2200
2023-10-03 07:00:00,18.14,18.17,18.1,18.14,10600
2023-10-04 07:00:00,18.14,18.14,18.06,18.14,12700
2023-10-05 07:00:00,18.14,18.17,18.14,18.17,14500
2023-10-06 07:00:00,18.14,18.25,18.14,18.25,21100
2023-10-09 07:00:00,18.25,18.33,18.1,18.33,3600
2023-10-10 07:00:00,18.33,18.33,18.33,18.33,100
2023-10-11 07:00:00,18.33,18.45,18.33,18.45,9000
2023-10-12 07:00:00,18.45,18.45,18.45,18.45,1400
2023-10-13 07:00:00,18.45,18.45,18.41,18.45,1900
2023-10-16 07:00:00,18.68,18.68,18.48,18.48,3200
2023-10-17 07:00:00,18.48,18.64,18.48,18.56,12800
2023-10-18 07:00:00,18.6,18.64,18.6,18.64,7100
2023-10-19 07:00:00,18.6,18.6,18.29,18.37,12900
2023-10-20 07:00:00,18.37,18.37,18.37,18.37,3500
2023-10-23 07:00:00,18.37,18.37,18.29,18.29,16100
2023-10-24 07:00:00,18.37,18.68,18.33,18.68,7500
2023-10-25 07:00:00,18.68,18.99,18.68,18.68,11300
2023-10-26 07:00:00,18.37,18.6,18.37,18.6,6100
2023-10-27 07:00:00,18.76,18.76,18.29,18.6,42400
2023-10-30 07:00:00,18.68,18.68,18.68,18.68,1500
2023-10-31 07:00:00,18.68,18.72,18.41,18.6,5900
2023-11-01 07:00:00,18.6,18.6,18.21,18.37,22900
2023-11-02 07:00:00,18.37,18.68,18.37,18.68,19300
2023-11-03 07:00:00,18.45,18.45,18.37,18.37,4000
2023-11-06 07:00:00,18.45,18.84,18.45,18.8,11400
2023-11-07 07:00:00,18.52,18.52,18.52,18.52,700
2023-11-08 07:00:00,18.91,18.91,18.6,18.68,9300
2023-11-09 07:00:00,18.68,18.68,18.56,18.68,900
2023-11-10 07:00:00,18.68,18.91,18.68,18.68,4300
2023-11-13 07:00:00,18.68,18.84,18.68,18.68,16800
2023-11-14 07:00:00,18.76,18.99,18.76,18.84,5500
2023-11-15 07:00:00,18.99,19.07,18.52,18.84,27300
2023-11-16 07:00:00,19.03,19.03,18.88,18.91,11600
2023-11-17 07:00:00,18.91,18.91,18.76,18.84,30400
2023-11-20 07:00:00,18.99,18.99,18.68,18.84,19400
2023-11-21 07:00:00,18.84,18.88,18.84,18.84,21500
2023-11-22 07:00:00,18.91,19.03,18.91,18.91,1800
2023-11-23 07:00:00,18.99,18.99,18.91,18.91,2600
2023-11-24 07:00:00,18.84,19.15,18.84,18.84,13000
2023-11-27 07:00:00,19.42,19.42,18.76,18.76,15600
2023-11-28 07:00:00,18.76,18.76,18.68,18.68,15300
2023-11-29 07:00:00,18.76,18.8,18.76,18.8,2500
2023-11-30 07:00:00,18.8,18.84,18.76,18.84,22000
2023-12-01 07:00:00,18.99,19.07,18.99,19.07,8900
2023-12-04 07:00:00,19.07,19.19,19.07,19.19,5900
2023-12-05 07:00:00,19.19,19.3,19.19,19.26,34200
2023-12-06 07:00:00,19.23,19.23,19.23,19.23,1800
2023-12-07 07:00:00,19.15,19.19,19.07,19.19,5500
2023-12-08 07:00:00,19.3,19.3,19.07,19.07,7700
2023-12-11 07:00:00,19.15,19.15,19.07,19.15,12900
2023-12-12 07:00:00,19.15,19.15,19.07,19.11,6400
2023-12-13 07:00:00,19.11,19.3,19.11,19.11,8500
2023-12-14 07:00:00,19.3,19.46,19.3,19.46,10700
2023-12-15 07:00:00,19.46,19.61,19.46,19.61,21800
2023-12-18 07:00:00,19.61,19.81,19.61,19.69,74900
2023-12-19 07:00:00,19.61,21.02,19.61,19.85,19100
2023-12-20 07:00:00,19.85,19.85,19.38,19.58,45400
2023-12-21 07:00:00,19.61,19.92,19.61,19.92,15800
2023-12-22 07:00:00,19.54,20.2,19.46,20.08,24700
2023-12-25 07:00:00,20.08,20.24,19.46,19.85,23100
2023-12-26 07:00:00,20.49,20.49,19.73,20.01,24900
2023-12-27 07:00:00,20.77,20.77,19.97,19.97,4700
2023-12-28 07:00:00,20.25,20.25,19.97,20.09,15200
2023-12-29 07:00:00,20.09,20.33,20.09,20.33,9700
2024-01-02 07:00:00,20.33,20.33,20.25,20.33,11600
2024-01-03 07:00:00,20.73,20.73,20.33,20.41,15400
2024-01-04 07:00:00,20.41,20.57,20.37,20.49,22500
2024-01-05 07:00:00,20.41,20.49,20.41,20.41,6100
2024-01-08 07:00:00,20.41,20.73,20.41,20.65,9500
2024-01-09 07:00:00,20.57,20.73,20.57,20.73,31500
2024-01-10 07:00:00,20.69,20.89,20.69,20.89,25400
2024-01-11 07:00:00,20.89,20.89,20.65,20.85,30600
2024-01-12 07:00:00,20.81,20.97,20.81,20.89,8100
2024-01-15 07:00:00,20.89,20.97,20.81,20.81,24700
2024-01-16 07:00:00,20.73,20.97,20.73,20.81,52000
2024-01-17 07:00:00,21.25,21.25,20.33,20.89,10900
2024-01-18 07:00:00,20.73,20.97,20.73,20.85,10200
2024-01-19 07:00:00,20.85,20.93,20.81,20.81,34100
2024-01-22 07:00:00,20.49,20.89,20.49,20.89,12300
2024-01-23 07:00:00,20.69,21.01,20.69,20.89,3300
2024-01-24 07:00:00,20.77,21.13,20.77,20.89,94900
2024-01-25 07:00:00,20.49,20.97,20.49,20.97,12900
2024-01-26 07:00:00,20.89,21.05,20.89,21.05,34500
2024-01-29 07:00:00,21.05,21.29,20.89,21.29,73600
2024-01-30 07:00:00,21.21,21.25,21.13,21.25,1900
2024-01-31 07:00:00,21.17,21.17,20.89,20.93,101300
2024-02-01 07:00:00,20.57,20.97,20.57,20.89,18300
2024-02-02 07:00:00,20.89,21.21,20.89,21.21,7800
2024-02-05 07:00:00,21.21,21.66,20.85,20.89,84200
2024-02-06 07:00:00,21.62,21.62,20.89,20.89,29900
2024-02-07 07:00:00,21.37,21.37,20.89,21.21,61400
2024-02-15 07:00:00,21.21,21.33,21.21,21.21,4700
2024-02-16 07:00:00,21.21,21.29,21.13,21.21,36800
2024-02-19 07:00:00,21.21,21.7,21.21,21.62,46500
2024-02-20 07:00:00,21.46,21.7,21.46,21.7,23900
2024-02-21 07:00:00,21.7,22.26,21.7,22.1,34100
2024-02-22 07:00:00,22.18,22.5,22.1,22.42,47600
2024-02-23 07:00:00,22.42,22.54,22.1,22.38,60400
2024-02-26 07:00:00,22.5,22.62,22.34,22.58,46500
2024-02-27 07:00:00,22.82,22.9,22.58,22.82,21200
2024-02-28 07:00:00,22.82,22.9,22.82,22.9,19700
2024-02-29 07:00:00,23.46,23.46,23.06,23.26,23300
2024-03-01 07:00:00,22.9,23.38,22.9,23.38,73700
2024-03-04 07:00:00,23.5,23.62,23.3,23.38,32800
2024-03-05 07:00:00,23.38,23.46,23.3,23.38,24000
2024-03-06 07:00:00,23.38,23.46,23.3,23.38,51100
2024-03-07 07:00:00,23.54,23.86,23.54,23.7,22100
2024-03-08 07:00:00,23.7,23.7,23.54,23.54,11400
2024-03-11 07:00:00,23.54,23.66,23.54,23.54,20600
2024-03-12 07:00:00,23.62,23.62,23.5,23.54,7400
2024-03-13 07:00:00,23.54,23.62,23.38,23.62,65600
2024-03-14 07:00:00,23.42,23.62,23.42,23.62,76000
2024-03-15 07:00:00,23.46,23.7,23.46,23.7,22800
2024-03-18 07:00:00,23.7,23.7,23.54,23.54,20200
2024-03-19 07:00:00,23.3,23.7,23.3,23.7,15100
2024-03-20 07:00:00,23.86,24.11,23.58,23.82,2400
2024-03-21 07:00:00,23.82,23.86,23.66,23.86,9800
2024-03-22 07:00:00,23.7,23.78,23.66,23.78,25100
2024-03-25 07:00:00,23.3,23.86,23.3,23.7,12200
2024-03-26 07:00:00,23.54,23.7,23.22,23.66,75900
2024-03-27 07:00:00,23.3,23.66,23.3,23.62,900
2024-03-28 07:00:00,23.62,23.62,23.38,23.58,8300
2024-03-29 07:00:00,23.38,23.7,23.38,23.7,22100
2024-04-01 07:00:00,23.7,23.78,23.62,23.78,47400
2024-04-02 07:00:00,23.7,24.11,23.7,23.86,23900
2024-04-03 07:00:00,23.86,23.95,23.86,23.95,17000
2024-04-04 07:00:00,24.03,24.07,23.38,23.86,13600
2024-04-05 07:00:00,23.86,24.07,23.38,24.03,10000
2024-04-08 07:00:00,24.03,24.03,23.7,23.9,3300
2024-04-09 07:00:00,23.9,23.9,23.7,23.82,17900
2024-04-10 07:00:00,23.82,23.95,23.82,23.86,17500
2024-04-11 07:00:00,23.86,23.95,23.86,23.95,44700
2024-04-12 07:00:00,23.95,24.23,23.95,24.19,18200
2024-04-15 07:00:00,24.31,24.31,23.86,24.07,8600
2024-04-16 07:00:00,23.86,23.99,23.7,23.99,11000
2024-04-17 07:00:00,23.7,23.78,23.7,23.78,69900
2024-04-19 07:00:00,23.54,23.95,23.38,23.86,30500
2024-04-22 07:00:00,23.7,23.86,23.62,23.86,22500
2024-04-23 07:00:00,23.86,23.9,23.66,23.86,75000
2024-04-24 07:00:00,23.86,23.86,23.74,23.74,31000
2024-04-25 07:00:00,23.7,23.74,23.5,23.74,9400
2024-04-26 07:00:00,23.78,23.86,23.78,23.78,5800
2024-05-02 07:00:00,23.95,24.07,23.82,23.86,7000
2024-05-03 07:00:00,24.19,24.19,23.9,24.11,23700
2024-05-06 07:00:00,24.11,24.51,24.11,24.39,10800
2024-05-07 07:00:00,24.39,24.39,24.35,24.39,24400
2024-05-08 07:00:00,24.35,24.67,24.35,24.67,22400
2024-05-09 07:00:00,24.43,24.87,24.43,24.87,13900
2024-05-10 07:00:00,24.83,25.71,24.83,25.71,37900
2024-05-13 07:00:00,25.71,25.87,25.47,25.87,6700
2024-05-14 07:00:00,25.71,26.52,25.71,26.16,34700
2024-05-15 07:00:00,26.16,26.6,26.16,26.6,13000
2024-05-16 07:00:00,26.6,26.6,26.36,26.52,18000
2024-05-17 07:00:00,26.6,26.68,26.52,26.68,81500
2024-05-20 07:00:00,26.84,26.92,26.68,26.84,13800
2024-05-21 07:00:00,27.0,27.08,26.92,27.08,18100
2024-05-22 07:00:00,26.96,27.32,26.96,27.16,13000
2024-05-23 07:00:00,27.28,27.32,27.08,27.2,7200
2024-05-24 07:00:00,26.2,27.48,26.2,27.28,22400
2024-05-27 07:00:00,27.32,27.64,27.32,27.64,30000
2024-05-28 07:00:00,27.8,27.88,27.72,27.8,17800
2024-05-29 07:00:00,27.76,27.88,27.48,27.8,30300
2024-05-30 07:00:00,27.88,27.88,27.56,27.8,33600
2024-05-31 07:00:00,27.52,27.92,27.52,27.92,18200
2024-06-03 07:00:00,27.72,28.04,27.72,28.04,34700
2024-06-04 07:00:00,28.04,28.28,27.96,28.12,45800
2024-06-05 07:00:00,28.12,28.2,27.96,28.2,7700
2024-06-06 07:00:00,28.2,28.36,28.2,28.36,13400
2024-06-07 07:00:00,28.2,28.36,28.12,28.28,14900
2024-06-10 07:00:00,27.72,28.28,27.72,27.92,39400
2024-06-11 07:00:00,27.92,28.04,27.56,27.64,41400
2024-06-12 07:00:00,27.64,27.64,27.36,27.64,32200
2024-06-13 07:00:00,27.64,27.96,27.56,27.6,5900
2024-06-14 07:00:00,27.52,27.76,27.52,27.68,10400
2024-06-17 07:00:00,27.48,27.72,27.48,27.48,35800
2024-06-18 07:00:00,27.48,27.64,27.36,27.64,7300
2024-06-19 07:00:00,27.64,27.64,27.4,27.64,3500
2024-06-20 07:00:00,27.48,27.64,27.48,27.56,22700
2024-06-21 07:00:00,27.32,27.48,27.32,27.48,32000
2024-06-24 07:00:00,27.48,27.48,26.84,26.92,49400
2024-06-25 07:00:00,26.52,26.84,26.52,26.84,32300
2024-06-26 07:00:00,26.6,26.84,26.6,26.8,19700
2024-06-27 07:00:00,26.76,27.2,26.76,27.08,4300
2024-06-28 07:00:00,27.08,27.68,27.08,27.68,9700
2024-07-01 07:00:00,27.68,27.68,27.32,27.6,3000
2024-07-02 07:00:00,27.68,27.68,27.32,27.36,9200
2024-07-03 07:00:00,27.36,27.72,27.32,27.72,17000
2024-07-04 07:00:00,27.72,27.72,27.72,27.72,1000
2024-07-05 07:00:00,27.88,27.88,27.56,27.8,12300
2024-07-08 07:00:00,27.8,27.96,27.72,27.88,48700
2024-07-09 07:00:00,27.96,28.12,27.8,28.04,29600
2024-07-10 07:00:00,27.76,28.12,27.76,28.12,9700
2024-07-11 07:00:00,28.04,28.16,28.0,28.16,43000
2024-07-12 07:00:00,28.12,28.12,27.92,28.04,27100
2024-07-15 07:00:00,28.28,28.28,27.32,28.24,20800
2024-07-16 07:00:00,28.24,28.36,28.0,28.36,9700
2024-07-17 07:00:00,28.4,28.4,27.96,28.2,37400
2024-07-18 07:00:00,28.12,28.2,28.04,28.2,33800
2024-07-19 07:00:00,28.28,28.28,28.08,28.16,11900
2024-07-22 07:00:00,28.16,28.16,28.04,28.16,8600
2024-07-23 07:00:00,28.12,28.16,28.08,28.12,15400
2024-07-24 07:00:00,28.08,28.08,27.64,28.04,53000
2024-07-25 07:00:00,27.96,28.08,27.72,28.04,8500
2024-07-26 07:00:00,28.04,28.04,27.8,28.04,3200
2024-07-29 07:00:00,27.8,27.96,27.8,27.96,5700
2024-07-30 07:00:00,27.96,27.96,27.72,27.96,13100
2024-07-31 07:00:00,28.04,28.04,27.32,27.72,10400
2024-08-01 07:00:00,27.72,27.72,27.48,27.72,7500
2024-08-02 07:00:00,27.4,27.72,27.4,27.68,12800
2024-08-05 07:00:00,27.64,27.64,27.32,27.32,7200
2024-08-06 07:00:00,27.16,27.6,27.16,27.6,26700
2024-08-07 07:00:00,27.56,27.6,27.56,27.6,2900
2024-08-08 07:00:00,27.56,28.04,27.56,28.04,30000
2024-08-09 07:00:00,28.08,28.08,27.64,27.88,16800
2024-08-12 07:00:00,28.04,28.04,27.72,27.88,17500
2024-08-13 07:00:00,27.8,27.96,27.72,27.8,8900
2024-08-14 07:00:00,28.0,28.0,27.52,27.52,3200
2024-08-15 07:00:00,27.6,27.76,27.6,27.72,6100
2024-08-16 07:00:00,27.8,27.88,27.72,27.72,10900
2024-08-19 07:00:00,27.96,28.12,27.96,28.04,8600
2024-08-20 07:00:00,28.12,28.12,27.72,27.88,50300
2024-08-21 07:00:00,27.88,27.96,27.84,27.96,8300
2024-08-22 07:00:00,27.92,27.92,27.72,27.84,9300
2024-08-23 07:00:00,27.72,27.84,27.72,27.84,9700
2024-08-26 07:00:00,27.84,28.12,27.84,28.12,40500
2024-08-27 07:00:00,28.08,28.08,28.0,28.0,4500
2024-08-28 07:00:00,28.0,28.12,28.0,28.12,35200
2024-08-29 07:00:00,27.88,28.12,27.84,28.12,9200
2024-08-30 07:00:00,28.12,28.12,28.04,28.12,36900
2024-09-04 07:00:00,28.21,28.72,28.21,28.59,33000
2024-09-05 07:00:00,28.59,28.67,28.12,28.59,8500
2024-09-06 07:00:00,28.59,28.59,28.42,28.59,13400
2024-09-09 07:00:00,28.59,28.59,28.42,28.42,32500
2024-09-10 07:00:00,28.42,28.42,28.21,28.29,67300
2024-09-11 07:00:00,28.29,28.29,27.87,28.21,24900
2024-09-12 07:00:00,28.21,28.21,27.96,28.04,3600
2024-09-13 07:00:00,28.04,28.04,27.96,28.04,11900
2024-09-16 07:00:00,28.38,28.38,27.45,27.62,38400
2024-09-17 07:00:00,27.62,27.66,27.53,27.58,96900
2024-09-18 07:00:00,27.58,27.87,27.58,27.87,25500
2024-09-19 07:00:00,27.53,27.7,27.53,27.7,50200
2024-09-20 07:00:00,28.55,28.55,27.7,27.74,19500
2024-09-23 07:00:00,27.87,27.87,27.87,27.87,11700
2024-09-24 07:00:00,27.87,27.96,27.87,27.87,29900
2024-09-25 07:00:00,27.87,28.12,27.87,27.96,30600
2024-09-26 07:00:00,28.21,28.21,27.87,27.87,7600
2024-09-27 07:00:00,27.7,27.87,27.45,27.87,33500
2024-09-30 07:00:00,28.04,28.04,27.58,27.58,1400
2024-10-01 07:00:00,27.62,27.87,27.58,27.58,4500
2024-10-02 07:00:00,27.62,27.62,27.45,27.45,14200
2024-10-03 07:00:00,27.58,27.62,27.53,27.62,16300
2024-10-04 07:00:00,27.62,27.62,27.62,27.62,4000
2024-10-07 07:00:00,27.62,27.91,27.62,27.79,9200
2024-10-08 07:00:00,27.7,27.7,27.58,27.7,14300
2024-10-09 07:00:00,27.62,27.62,27.62,27.62,200
2024-10-10 07:00:00,27.62,27.7,27.62,27.7,26200
2024-10-11 07:00:00,27.62,27.7,27.53,27.7,8500
2024-10-14 07:00:00,27.74,27.87,27.62,27.74,19900
2024-10-15 07:00:00,27.74,27.79,27.7,27.7,23900
2024-10-16 07:00:00,27.74,27.87,27.66,27.7,18300
2024-10-17 07:00:00,27.7,27.7,27.62,27.7,17400
2024-10-18 07:00:00,27.7,27.79,27.7,27.7,5700
2024-10-21 07:00:00,27.87,27.87,27.66,27.87,48800
2024-10-22 07:00:00,27.79,27.87,27.79,27.83,16800
2024-10-23 07:00:00,27.79,27.83,27.79,27.83,8300
2024-10-24 07:00:00,27.87,27.87,27.74,27.79,11200
2024-10-25 07:00:00,27.79,27.79,27.79,27.79,5000
2024-10-28 07:00:00,27.66,27.79,27.66,27.74,44100
2024-10-29 07:00:00,27.74,27.79,27.74,27.79,2600
2024-10-30 07:00:00,27.62,27.87,27.62,27.79,13300
2024-10-31 07:00:00,27.83,27.87,27.79,27.83,5600
2024-11-01 07:00:00,27.87,27.96,27.79,27.96,17700
2024-11-04 07:00:00,27.96,28.29,27.96,28.12,12700
2024-11-05 07:00:00,28.29,28.46,28.21,28.46,34400
2024-11-06 07:00:00,28.46,28.46,28.46,28.46,5900
2024-11-07 07:00:00,28.46,28.46,28.38,28.38,2800
2024-11-08 07:00:00,28.04,28.46,27.96,28.21,10700
2024-11-11 07:00:00,28.04,28.21,27.91,28.21,2100
2024-11-12 07:00:00,27.96,27.96,27.91,27.91,7900
2024-11-13 07:00:00,27.87,28.25,27.87,28.21,15100
2024-11-14 07:00:00,27.96,28.17,27.87,28.17,46900
2024-11-15 07:00:00,27.79,28.29,27.79,28.04,15700
2024-11-18 07:00:00,28.04,28.04,27.79,27.96,1300
2024-11-19 07:00:00,27.96,28.04,27.96,28.04,1200
2024-11-20 07:00:00,28.04,28.04,27.79,27.87,58500
2024-11-21 07:00:00,27.96,27.96,27.79,27.87,9500
2024-11-22 07:00:00,27.87,27.96,27.87,27.96,5700
2024-11-25 07:00:00,27.96,27.96,27.79,27.96,41400
2024-11-26 07:00:00,27.87,27.96,27.87,27.96,26000
2024-11-27 07:00:00,28.04,28.04,27.87,27.87,8900
2024-11-28 07:00:00,27.87,27.87,27.87,27.87,5700
2024-11-29 07:00:00,28.04,28.04,27.7,28.04,3200
2024-12-02 07:00:00,27.7,28.17,27.7,28.08,68600
2024-12-03 07:00:00,28.25,28.25,28.04,28.08,6300
2024-12-04 07:00:00,28.12,28.12,28.04,28.08,51600
2024-12-05 07:00:00,28.12,28.21,28.08,28.12,56900
2024-12-06 07:00:00,28.29,28.38,28.12,28.38,6900
2024-12-09 07:00:00,27.79,28.29,27.79,28.25,52300
2024-12-10 07:00:00,28.25,28.29,28.21,28.29,55900
2024-12-11 07:00:00,28.29,28.29,27.79,27.91,14800
2024-12-12 07:00:00,27.91,28.0,27.49,27.96,85000
2024-12-13 07:00:00,28.0,28.0,27.96,28.0,1500
2024-12-16 07:00:00,27.58,27.96,27.58,27.87,84200
2024-12-17 07:00:00,27.96,28.08,27.87,28.08,12100
2024-12-18 07:00:00,28.0,28.12,28.0,28.08,4300
2024-12-19 07:00:00,28.08,28.08,27.87,27.87,2800
2024-12-20 07:00:00,27.96,28.12,27.87,28.12,3100
2024-12-23 07:00:00,28.12,28.12,27.96,28.04,3300
2024-12-24 07:00:00,28.04,28.72,28.04,28.21,20000
2024-12-25 07:00:00,28.12,28.38,28.12,28.38,5700
2024-12-26 07:00:00,28.12,28.38,28.08,28.38,20400
2024-12-27 07:00:00,28.46,28.46,28.38,28.42,6300
2024-12-30 07:00:00,28.42,28.42,28.21,28.42,2600
2024-12-31 07:00:00,28.38,28.46,28.25,28.46,26800
2025-01-02 07:00:00,28.29,28.46,28.29,28.46,5500
2025-01-03 07:00:00,28.46,28.46,27.96,28.42,7800
2025-01-06 07:00:00,28.46,28.46,28.42,28.42,8900
2025-01-07 07:00:00,28.46,28.55,28.42,28.42,5300
2025-01-08 07:00:00,28.55,28.55,28.38,28.46,33800
2025-01-09 07:00:00,28.38,28.63,28.38,28.63,9900
2025-01-10 07:00:00,28.59,28.67,28.42,28.42,2500
2025-01-13 07:00:00,28.42,28.42,28.21,28.38,9400
2025-01-14 07:00:00,28.21,28.38,28.21,28.29,9800
2025-01-15 07:00:00,28.29,28.38,28.25,28.25,20400
2025-01-16 07:00:00,28.29,28.38,28.29,28.29,2400
2025-01-17 07:00:00,28.63,28.63,28.38,28.38,12200
2025-01-20 07:00:00,28.38,28.42,28.38,28.38,11100
2025-01-21 07:00:00,28.38,28.38,28.38,28.38,32100
2025-01-22 07:00:00,28.5,28.5,28.38,28.38,4500
2025-01-23 07:00:00,28.55,28.55,28.38,28.42,20600
2025-01-24 07:00:00,28.55,28.55,28.12,28.55,23100
2025-02-03 07:00:00,28.55,28.63,27.96,28.55,29900
2025-02-04 07:00:00,28.55,28.59,28.55,28.55,12600
2025-02-05 07:00:00,28.55,28.72,28.55,28.72,14100
2025-02-06 07:00:00,28.63,28.63,28.55,28.55,5900
2025-02-07 07:00:00,28.63,28.63,28.55,28.55,9000
2025-02-10 07:00:00,28.55,28.72,28.38,28.38,18600
2025-02-11 07:00:00,28.46,28.59,28.46,28.59,1000
2025-02-12 07:00:00,28.72,28.72,28.63,28.63,4400
2025-02-13 07:00:00,28.63,28.88,28.5,28.88,47000
2025-02-14 07:00:00,28.88,30.83,28.88,30.24,81500
2025-02-17 07:00:00,30.36,30.83,30.24,30.24,15700
2025-02-18 07:00:00,29.9,30.4,29.31,29.31,24100
2025-02-19 07:00:00,29.1,29.52,29.05,29.52,21800
2025-02-20 07:00:00,29.98,29.98,29.31,29.86,14900
2025-02-21 07:00:00,29.86,29.86,29.26,29.73,4600
2025-02-24 07:00:00,29.86,29.86,29.56,29.56,14200
2025-02-25 07:00:00,29.56,29.77,29.39,29.56,28400
2025-02-26 07:00:00,29.56,29.56,29.22,29.48,23600
2025-02-27 07:00:00,29.48,29.48,29.31,29.48,11200
2025-02-28 07:00:00,29.48,29.64,29.39,29.64,2400
2025-03-03 07:00:00,29.64,29.64,29.52,29.52,23000
2025-03-04 07:00:00,29.56,29.73,29.39,29.73,14100
2025-03-05 07:00:00,31.8,31.8,31.38,31.8,330700
2025-03-06 07:00:00,33.99,33.99,32.52,33.28,105200
2025-03-07 07:00:00,33.36,33.36,30.95,30.95,93800
2025-03-10 07:00:00,31.42,31.42,29.98,30.57,64100
2025-03-11 07:00:00,30.4,31.0,30.07,30.4,65400
2025-03-12 07:00:00,30.57,30.62,30.4,30.49,34700
2025-03-13 07:00:00,30.49,31.84,30.49,30.83,27700
2025-03-14 07:00:00,30.95,30.95,30.32,30.57,26200
2025-03-17 07:00:00,30.57,31.0,30.32,30.7,9000
2025-03-18 07:00:00,30.4,30.66,30.4,30.66,24000
2025-03-19 07:00:00,30.66,30.66,30.11,30.49,40500
2025-03-20 07:00:00,30.49,30.57,30.32,30.49,20200
2025-03-21 07:00:00,30.49,30.57,30.4,30.45,37900
2025-03-24 07:00:00,31.01,31.01,29.97,30.58,20800
2025-03-25 07:00:00,30.58,30.75,30.4,30.66,19900
2025-03-26 07:00:00,30.71,30.71,30.4,30.58,24900
2025-03-27 07:00:00,30.71,30.71,30.58,30.71,3800
2025-03-28 07:00:00,30.71,30.71,30.4,30.4,12700
2025-03-31 07:00:00,30.4,30.4,29.97,29.97,13300
2025-04-01 07:00:00,29.88,30.06,29.71,29.88,10300
2025-04-02 07:00:00,29.71,29.71,29.49,29.54,36500
2025-04-03 07:00:00,29.4,29.4,28.19,28.67,51100
2025-04-04 07:00:00,27.41,28.49,27.41,28.49,28100
2025-04-08 07:00:00,28.49,28.49,26.54,26.54,51500
2025-04-09 07:00:00,25.28,26.84,25.19,26.54,49600
2025-04-10 07:00:00,27.8,28.36,27.8,28.36,5300
2025-04-11 07:00:00,29.97,29.97,28.4,29.06,59300
2025-04-14 07:00:00,28.23,29.27,28.23,29.01,11200
2025-04-15 07:00:00,28.93,28.93,28.06,28.67,33100
2025-04-16 07:00:00,27.88,28.71,27.88,28.71,16800
2025-04-17 07:00:00,27.97,28.75,27.8,28.67,38500
2025-04-18 07:00:00,28.49,28.67,28.45,28.49,51900
2025-04-21 07:00:00,28.67,28.8,28.49,28.8,7500
2025-04-22 07:00:00,28.84,29.01,27.88,28.36,16100
2025-04-23 07:00:00,28.84,29.4,28.84,29.4,17200
2025-04-24 07:00:00,29.4,29.8,29.4,29.8,2400
2025-04-25 07:00:00,29.8,29.97,29.8,29.8,6300
2025-04-28 07:00:00,29.8,29.88,29.71,29.88,4400
2025-04-29 07:00:00,29.88,30.62,29.88,30.27,16600
2025-05-05 07:00:00,30.4,30.4,29.54,30.4,16200
2025-05-06 07:00:00,30.4,30.84,29.88,29.92,3900
2025-05-07 07:00:00,29.97,30.01,29.75,30.01,8400
2025-05-08 07:00:00,29.71,30.01,29.71,29.97,1100
2025-05-09 07:00:00,29.97,29.97,29.01,29.01,13700
2025-05-12 07:00:00,29.54,29.54,29.1,29.54,5000
2025-05-13 07:00:00,29.32,29.88,29.32,29.62,9500
2025-05-14 07:00:00,29.92,29.92,29.84,29.88,5900
2025-05-15 07:00:00,29.54,29.71,29.54,29.54,15600
2025-05-16 07:00:00,29.4,29.54,29.4,29.54,24500
2025-05-19 07:00:00,29.54,29.62,29.36,29.62,25400
2025-05-20 07:00:00,29.54,29.54,29.54,29.54,1300
2025-05-21 07:00:00,29.54,29.62,29.19,29.54,8200
2025-05-22 07:00:00,29.23,29.62,29.23,29.62,23500
2025-05-23 07:00:00,29.27,29.54,29.27,29.54,5500
2025-05-26 07:00:00,29.4,29.92,29.27,29.36,1700
2025-05-27 07:00:00,29.36,29.54,29.19,29.54,9100
2025-05-28 07:00:00,29.54,29.54,29.54,29.54,4000
2025-05-29 07:00:00,29.54,29.54,29.27,29.27,2200
2025-05-30 07:00:00,30.27,30.27,29.23,29.23,14000
2025-06-02 07:00:00,29.54,29.8,29.19,29.8,6600
2025-06-03 07:00:00,29.71,29.8,29.54,29.8,3500
2025-06-04 07:00:00,29.88,29.88,29.8,29.8,3800
2025-06-05 07:00:00,29.8,29.88,29.8,29.8,12300
2025-06-06 07:00:00,29.8,29.88,29.8,29.8,7900
2025-06-09 07:00:00,29.8,29.8,29.58,29.75,5500
2025-06-10 07:00:00,29.75,29.8,29.75,29.8,5700
2025-06-11 07:00:00,29.8,29.8,29.75,29.8,2900
2025-06-12 07:00:00,29.88,29.88,29.45,29.88,2800
2025-06-13 07:00:00,29.8,29.8,29.54,29.8,11800
2025-06-16 07:00:00,29.8,29.84,29.8,29.8,8100
2025-06-17 07:00:00,29.8,29.97,29.8,29.84,15400
2025-06-18 07:00:00,29.71,29.84,29.62,29.8,16400
2025-06-19 07:00:00,29.58,29.8,29.58,29.66,25900
2025-06-20 07:00:00,29.71,29.88,29.62,29.84,3600
2025-06-23 07:00:00,29.8,29.88,29.54,29.88,40100
2025-06-24 07:00:00,29.8,29.88,29.8,29.8,16100
2025-06-25 07:00:00,29.88,30.06,29.8,29.8,6500
2025-06-26 07:00:00,30.23,30.23,29.84,29.84,2800
2025-06-27 07:00:00,29.84,30.14,29.84,29.84,4100
2025-06-30 07:00:00,29.97,29.97,29.84,29.97,22800
2025-07-01 07:00:00,30.01,30.01,29.8,29.8,27400
2025-07-02 07:00:00,29.88,30.14,29.8,29.97,11900
2025-07-03 07:00:00,29.84,30.4,29.84,30.14,26300
2025-07-04 07:00:00,30.14,30.32,30.14,30.32,6900
2025-07-07 07:00:00,30.4,30.58,30.4,30.49,27700
2025-07-08 07:00:00,30.58,30.66,30.4,30.58,17100
2025-07-09 07:00:00,30.58,30.58,30.53,30.58,6000
2025-07-10 07:00:00,30.58,30.71,30.53,30.58,15700
2025-07-11 07:00:00,30.66,30.75,30.53,30.58,24000
2025-07-14 07:00:00,30.58,30.62,30.53,30.58,10700
2025-07-15 07:00:00,30.88,30.88,30.58,30.58,20900
2025-07-16 07:00:00,30.58,30.58,30.4,30.49,23900
2025-07-17 07:00:00,30.49,30.58,30.4,30.49,8400
2025-07-18 07:00:00,30.58,30.58,30.49,30.53,20400
2025-07-21 07:00:00,30.88,30.97,30.49,30.49,19300
2025-07-22 07:00:00,30.49,30.66,30.45,30.62,46400
2025-07-23 07:00:00,30.62,30.62,30.32,30.4,40500
2025-07-24 07:00:00,30.53,30.53,30.4,30.4,45000
2025-07-25 07:00:00,30.45,30.49,30.23,30.23,33700
2025-07-28 07:00:00,30.14,30.23,29.97,30.1,106500
2025-07-29 07:00:00,30.06,30.32,29.8,29.8,33600
2025-07-30 07:00:00,29.8,29.97,29.8,29.92,58300
2025-07-31 07:00:00,29.92,30.01,29.84,29.92,47500
2025-08-01 07:00:00,30.32,30.32,29.8,29.8,98500
2025-08-04 07:00:00,29.8,29.88,29.36,29.8,71400
2025-08-05 07:00:00,29.62,29.8,29.32,29.45,50500
2025-08-06 07:00:00,29.45,29.54,29.36,29.54,48300
2025-08-07 07:00:00,29.36,29.66,29.32,29.36,98600
2025-08-08 07:00:00,29.54,29.54,29.32,29.49,15400
2025-08-11 07:00:00,29.54,29.8,29.4,29.62,29100
2025-08-12 07:00:00,29.54,29.62,29.45,29.54,22600
2025-08-13 07:00:00,29.54,29.71,29.54,29.54,64200
2025-08-14 07:00:00,29.66,29.66,29.54,29.62,132400
2025-08-15 07:00:00,29.62,29.71,29.36,29.62,157500
2025-08-18 07:00:00,29.62,29.62,29.54,29.62,70200
2025-08-19 07:00:00,29.75,29.75,29.49,29.58,72200
2025-08-20 07:00:00,29.58,29.66,29.4,29.4,40800
2025-08-21 07:00:00,29.54,29.62,29.36,29.54,26500
2025-08-22 07:00:00,29.58,29.62,29.45,29.54,99400
2025-08-25 07:00:00,29.58,29.58,29.4,29.54,113400
2025-08-26 07:00:00,29.76,30.34,29.62,29.72,224500
2025-08-27 07:00:00,29.9,29.9,29.54,29.62,113500
2025-08-28 07:00:00,29.62,29.62,29.44,29.44,31400
2025-08-29 07:00:00,29.44,29.44,28.99,29.26,174800
2025-09-03 07:00:00,29.26,29.31,28.99,29.26,46800
2025-09-04 07:00:00,29.26,29.44,28.99,29.35,23900
2025-09-05 07:00:00,29.17,29.4,29.17,29.22,55900
2025-09-08 07:00:00,30.39,30.39,29.13,29.35,10100
2025-09-09 07:00:00,29.26,29.35,29.26,29.35,5100
2025-09-10 07:00:00,29.35,29.35,29.17,29.35,34900
2025-09-11 07:00:00,29.35,29.35,29.22,29.31,4500
2025-09-12 07:00:00,29.31,29.31,29.22,29.26,43800
2025-09-15 07:00:00,29.26,29.35,29.26,29.31,22000
2025-09-16 07:00:00,29.17,29.35,29.17,29.31,14500
2025-09-17 07:00:00,29.31,29.31,29.26,29.31,11900
2025-09-18 07:00:00,29.31,29.35,29.31,29.35,14300
2025-09-19 07:00:00,29.26,29.35,29.22,29.26,19000
2025-09-22 07:00:00,29.26,29.26,29.08,29.26,25700
2025-09-23 07:00:00,29.26,29.26,29.26,29.26,2000
2025-09-24 07:00:00,29.26,29.26,28.99,28.99,54000
2025-09-25 07:00:00,29.04,29.26,29.04,29.26,6200
2025-09-26 07:00:00,29.08,29.35,28.95,28.95,83400
2025-09-29 07:00:00,28.99,29.08,28.95,29.08,36900
2025-09-30 07:00:00,28.99,29.08,28.95,28.99,25600
2025-10-01 07:00:00,28.99,28.99,28.81,28.99,31700
2025-10-02 07:00:00,28.99,28.99,28.86,28.9,19100
2025-10-03 07:00:00,28.9,28.95,28.81,28.9,89300
2025-10-06 07:00:00,28.9,28.99,28.81,28.81,58400
2025-10-07 07:00:00,28.81,28.9,28.81,28.81,21500
2025-10-08 07:00:00,28.81,28.86,28.77,28.86,20100
2025-10-09 07:00:00,28.86,28.86,28.81,28.81,39400
2025-10-10 07:00:00,28.81,28.86,28.81,28.86,40500
2025-10-13 07:00:00,28.86,28.86,28.86,28.86,63600
2025-10-14 07:00:00,28.9,28.9,28.81,28.86,78100
2025-10-15 07:00:00,28.86,28.86,28.72,28.81,22000
2025-10-16 07:00:00,28.72,28.86,28.72,28.77,2000
2025-10-17 07:00:00,28.72,28.81,28.72,28.81,38000
2025-10-20 07:00:00,28.81,28.81,28.63,28.63,28300
2025-10-21 07:00:00,28.81,28.81,28.54,28.63,11500
2025-10-22 07:00:00,28.81,28.81,28.63,28.77,14000
2025-10-23 07:00:00,28.68,28.81,28.68,28.81,57400
2025-10-24 07:00:00,28.81,28.81,28.81,28.81,52200
2025-10-27 07:00:00,28.9,28.9,28.77,28.81,155900
2025-10-28 07:00:00,28.81,28.81,28.68,28.81,35000
2025-10-29 07:00:00,28.81,28.81,28.68,28.81,38300
2025-10-30 07:00:00,28.72,28.81,28.68,28.72,40200
2025-10-31 07:00:00,28.72,28.77,28.68,28.77,52100
2025-11-03 07:00:00,28.81,28.81,28.68,28.77,19000
2025-11-04 07:00:00,28.77,28.81,28.54,28.77,47900
2025-11-05 07:00:00,28.72,28.81,28.63,28.77,5500
2025-11-06 07:00:00,28.81,28.81,28.5,28.77,4000
2025-11-07 07:00:00,28.81,28.81,28.63,28.63,23500
2025-11-10 07:00:00,28.63,28.81,28.63,28.72,4800
2025-11-11 07:00:00,28.77,28.81,28.77,28.81,36500
2025-11-12 07:00:00,28.81,28.81,28.72,28.77,44700
2025-11-13 07:00:00,28.81,28.81,28.77,28.81,7000
2025-11-14 07:00:00,28.77,28.77,28.59,28.59,20000
2025-11-17 07:00:00,28.63,28.81,28.63,28.81,165800
2025-11-18 07:00:00,28.59,28.81,28.59,28.59,120000
2025-11-19 07:00:00,28.68,28.68,28.63,28.63,4600
2025-11-20 07:00:00,28.81,28.81,28.72,28.72,130900
2025-11-21 07:00:00,28.72,28.81,28.68,28.68,1000
2025-11-24 07:00:00,28.68,28.68,28.54,28.54,90100
2025-11-25 07:00:00,28.5,28.54,28.41,28.54,14300
2025-11-26 07:00:00,28.77,28.77,28.54,28.59,27600
2025-11-27 07:00:00,28.45,28.77,28.36,28.63,36300
2025-11-28 07:00:00,28.72,28.72,28.54,28.63,13000
2025-12-01 07:00:00,28.63,28.77,28.45,28.63,25400
2025-12-02 07:00:00,28.59,28.59,28.36,28.5,28600
2025-12-03 07:00:00,28.54,28.54,28.45,28.45,15400
2025-12-04 07:00:00,28.45,28.72,28.36,28.72,52200
2025-12-05 07:00:00,28.72,28.72,28.36,28.63,21800
2025-12-08 07:00:00,28.63,28.63,28.36,28.63,27500
2025-12-09 07:00:00,28.45,28.77,28.41,28.72,17900
2025-12-10 07:00:00,28.77,28.77,28.45,28.72,9900
2025-12-11 07:00:00,28.82,28.82,28.24,28.77,19800
2025-12-12 07:00:00,28.53,28.68,28.53,28.58,8000
2025-12-15 07:00:00,28.77,28.77,28.53,28.58,17200
2025-12-16 07:00:00,28.68,28.68,28.63,28.63,3900
2025-12-17 07:00:00,28.39,28.72,28.39,28.72,6600
2025-12-18 07:00:00,28.48,28.58,28.48,28.53,10200
2025-12-19 07:00:00,28.48,28.68,28.43,28.43,17400
2025-12-22 07:00:00,28.48,28.48,28.24,28.39,38400
2025-12-23 07:00:00,28.24,28.43,28.19,28.43,38400
2025-12-24 07:00:00,28.48,28.48,28.34,28.48,2600
2025-12-25 07:00:00,28.48,28.48,28.29,28.34,7300
2025-12-26 07:00:00,28.34,28.39,28.19,28.39,5800
2025-12-29 07:00:00,28.39,28.43,28.29,28.43,61400
2025-12-30 07:00:00,28.39,28.39,28.19,28.39,53000
2025-12-31 07:00:00,28.19,28.58,28.19,28.58,12800
2026-01-05 07:00:00,28.48,28.53,28.29,28.29,145000
2026-01-06 07:00:00,28.29,28.29,28.19,28.29,11300
2026-01-07 07:00:00,28.19,28.39,28.0,28.0,60500
2026-01-08 07:00:00,28.05,28.19,27.9,27.9,30000
2026-01-09 07:00:00,27.95,28.24,27.71,28.05,64300
2026-01-12 07:00:00,28.0,28.0,27.71,28.0,46500
2026-01-13 07:00:00,27.9,28.05,27.86,27.9,30400
2026-01-14 07:00:00,27.9,27.9,27.42,27.81,133100
2026-01-15 07:00:00,27.95,27.95,27.52,27.86,14500
2026-01-16 07:00:00,27.61,27.95,27.52,27.95,67800
2026-01-19 07:00:00,28.0,28.05,27.52,27.66,37700
2026-01-20 07:00:00,27.57,27.9,27.23,27.23,122400
2026-01-21 07:00:00,27.32,27.9,27.03,27.71,120100
2026-01-22 07:00:00,27.66,27.76,27.03,27.03,103100
2026-01-23 07:00:00,27.13,27.37,27.03,27.37,18500
2026-01-26 07:00:00,27.03,27.23,26.94,27.03,62500
2026-01-27 07:00:00,27.03,27.13,26.84,27.13,46800
2026-01-28 07:00:00,27.03,27.18,26.74,27.03,84000
2026-01-29 07:00:00,26.99,27.13,26.55,26.94,82200
2026-01-30 07:00:00,26.94,26.94,26.46,26.46,95900
2026-02-02 07:00:00,26.94,27.03,26.36,26.46,159800
2026-02-03 07:00:00,26.65,26.65,26.36,26.46,52900
2026-02-04 07:00:00,26.79,26.79,26.07,26.36,76300
2026-02-05 07:00:00,26.6,26.6,25.59,25.59,137100
2026-02-06 07:00:00,26.36,26.36,26.17,26.21,16500
2026-02-09 07:00:00,26.21,26.31,26.07,26.26,29300
2026-02-10 07:00:00,26.46,26.74,26.31,26.74,42200
2026-02-11 07:00:00,27.03,27.03,26.07,26.65,190200
2026-02-12 07:00:00,26.65,26.99,26.65,26.94,21000
2026-02-13 07:00:00,27.37,27.57,27.03,27.47,73600
2026-02-23 07:00:00,27.52,27.71,27.08,27.32,10400
2026-02-24 07:00:00,27.52,27.52,27.13,27.42,8500
2026-02-25 07:00:00,27.42,27.81,27.23,27.76,47400
2026-02-26 07:00:00,27.81,28.0,27.81,28.0,85100
2026-02-27 07:00:00,28.0,28.1,27.61,28.0,62100
2026-03-02 07:00:00,28.29,28.29,27.52,27.71,36000
2026-03-03 07:00:00,27.71,27.81,27.52,27.81,51200
2026-03-04 07:00:00,28.0,28.0,27.52,27.71,25600
2026-03-05 07:00:00,27.9,27.9,27.37,27.81,36500
2026-03-06 07:00:00,27.81,27.9,27.61,27.9,71000
2026-03-09 07:00:00,27.52,27.52,26.46,27.03,114600
2026-03-10 07:00:00,27.47,27.61,27.08,27.61,30000
2026-03-11 07:00:00,27.9,28.0,27.66,27.9,29700
2026-03-12 07:00:00,27.9,28.14,27.76,28.0,70300
2026-03-13 07:00:00,28.0,28.5,27.85,28.5,25600
2026-03-16 07:00:00,28.5,28.65,28.35,28.45,8100
2026-03-17 07:00:00,28.75,28.75,28.55,28.7,33900
2026-03-18 07:00:00,28.7,28.7,28.3,28.3,16800
2026-03-19 07:00:00,28.3,28.3,28.15,28.3,11900
2026-03-20 07:00:00,28.5,28.5,28.3,28.45,6500
2026-03-23 07:00:00,28.4,28.4,28.0,28.15,26500
2026-03-24 07:00:00,28.15,28.15,27.85,28.15,20400
2026-03-25 07:00:00,27.55,28.3,27.55,28.25,24200
2026-03-26 07:00:00,28.7,28.7,28.1,28.3,12100
2026-03-27 07:00:00,28.1,28.3,28.1,28.2,23800
2026-03-30 07:00:00,28.2,28.5,28.05,28.2,8600
2026-03-31 07:00:00,28.2,28.55,28.2,28.5,66700
2026-04-01 07:00:00,28.55,28.55,28.4,28.5,18400
2026-04-02 07:00:00,28.5,28.55,28.35,28.55,5500
2026-04-03 07:00:00,28.55,28.55,28.1,28.4,23400
2026-04-06 07:00:00,28.4,28.7,28.0,28.2,29300
2026-04-07 07:00:00,28.4,28.5,28.4,28.4,300
2026-04-08 07:00:00,28.0,28.45,28.0,28.45,24000
2026-04-09 07:00:00,28.2,28.45,28.2,28.45,9700
2026-04-10 07:00:00,28.4,28.5,28.35,28.5,14200
2026-04-13 07:00:00,28.5,28.5,28.0,28.45,4300
2026-04-14 07:00:00,28.45,28.45,28.0,28.0,23400
2026-04-15 07:00:00,28.1,28.3,28.0,28.3,9100
2026-04-16 07:00:00,28.4,28.4,28.0,28.25,23900
2026-04-17 07:00:00,28.3,28.5,28.15,28.2,66800
2026-04-20 07:00:00,28.05,28.4,28.05,28.4,19500
2026-04-21 07:00:00,28.2,28.3,28.2,28.2,35100
2026-04-22 07:00:00,28.1,28.2,28.0,28.2,10700
2026-04-23 07:00:00,28.2,28.2,27.6,27.7,30000
2026-04-24 07:00:00,27.9,27.9,27.8,27.9,8600
2026-04-28 07:00:00,27.9,28.0,27.9,28.0,5900
2026-04-29 07:00:00,27.95,28.3,27.95,28.3,15000
2026-05-04 07:00:00,28.3,28.3,28.0,28.1,61600
2026-05-05 07:00:00,28.1,28.1,27.35,28.1,11200
2026-05-06 07:00:00,28.1,28.1,27.45,28.1,11100
2026-05-07 07:00:00,28.1,28.1,28.1,28.1,600
2026-05-08 07:00:00,27.6,28.05,27.55,28.0,3400
2026-05-11 07:00:00,28.0,28.1,27.7,28.1,5700
2026-05-12 07:00:00,28.0,28.1,27.8,27.85,6600
2026-05-13 07:00:00,28.0,28.0,27.9,27.9,3200
2026-05-14 07:00:00,28.1,28.1,27.9,27.9,18300
2026-05-15 07:00:00,28.2,28.2,27.95,27.95,1800
2026-05-18 07:00:00,28.0,28.0,27.45,28.0,17300
2026-05-19 07:00:00,27.75,28.0,27.7,28.0,15300
2026-05-20 07:00:00,28.0,28.0,27.5,27.85,16800
2026-05-21 07:00:00,27.7,27.95,27.7,27.95,1300
2026-05-22 07:00:00,27.95,27.95,27.9,27.95,2700
2026-05-25 07:00:00,27.7,27.95,27.55,27.75,6100
2026-05-26 07:00:00,27.75,27.75,27.7,27.75,4900
2026-05-27 07:00:00,27.8,28.0,27.8,28.0,9300
