time,open,high,low,close,volume
2018-01-02 07:00:00,7.05,7.1,7.05,7.07,22300
2018-01-03 07:00:00,7.07,7.12,7.07,7.1,23200
2018-01-04 07:00:00,7.1,7.16,7.1,7.16,32609
2018-01-05 07:00:00,7.16,7.21,7.14,7.16,34300
2018-01-08 07:00:00,7.16,7.16,6.91,6.94,35800
2018-01-09 07:00:00,6.94,6.96,6.91,6.91,17500
2018-01-10 07:00:00,6.91,6.94,6.91,6.91,18200
2018-01-11 07:00:00,6.91,6.91,6.85,6.85,18100
2018-01-12 07:00:00,6.82,6.82,6.78,6.78,16300
2018-01-15 07:00:00,6.78,6.78,6.76,6.76,17400
2018-01-16 07:00:00,6.76,6.76,6.71,6.76,21600
2018-01-17 07:00:00,6.73,6.73,6.4,6.4,37100
2018-01-18 07:00:00,6.4,6.4,6.17,6.19,23500
2018-01-19 07:00:00,6.19,6.22,6.19,6.19,17000
2018-01-22 07:00:00,6.19,6.28,6.19,6.26,26800
2018-01-23 07:00:00,6.22,6.31,6.22,6.31,29100
2018-01-24 07:00:00,6.31,6.35,6.31,6.35,32511
2018-01-25 07:00:00,6.33,6.35,6.31,6.33,28345
2018-01-26 07:00:00,6.31,6.31,6.22,6.24,27900
2018-01-29 07:00:00,6.24,6.24,6.19,6.19,21600
2018-01-30 07:00:00,6.17,6.24,6.13,6.15,37800
2018-01-31 07:00:00,6.15,6.15,6.13,6.15,22806
2018-02-01 07:00:00,6.13,6.15,6.13,6.15,23039
2018-02-02 07:00:00,6.15,6.17,6.15,6.17,21300
2018-02-05 07:00:00,6.17,6.17,6.08,6.1,23300
2018-02-06 07:00:00,6.1,6.1,5.99,5.99,12907
2018-02-07 07:00:00,5.97,6.04,5.88,5.92,58300
2018-02-08 07:00:00,5.92,5.95,5.92,5.92,17800
2018-02-09 07:00:00,5.88,5.88,5.86,5.86,17800
2018-02-12 07:00:00,5.86,5.86,5.81,5.86,16901
2018-02-13 07:00:00,5.81,5.86,5.81,5.86,14500
2018-02-21 07:00:00,5.81,5.86,5.81,5.83,17600
2018-02-22 07:00:00,5.81,5.81,5.79,5.81,16500
2018-02-23 07:00:00,5.77,5.81,5.77,5.79,18600
2018-02-26 07:00:00,5.74,5.77,5.59,5.65,20547
2018-02-27 07:00:00,5.65,5.68,5.65,5.68,17400
2018-02-28 07:00:00,5.65,5.74,5.65,5.74,16601
2018-03-01 07:00:00,5.74,5.79,5.74,5.79,21153
2018-03-02 07:00:00,5.79,5.83,5.79,5.83,18830
2018-03-05 07:00:00,5.81,5.88,5.81,5.86,28828
2018-03-06 07:00:00,5.86,5.86,5.83,5.86,16300
2018-03-07 07:00:00,5.83,5.86,5.81,5.86,17500
2018-03-08 07:00:00,5.83,5.86,5.83,5.83,19935
2018-03-09 07:00:00,5.83,5.86,5.83,5.86,20472
2018-03-12 07:00:00,5.86,5.88,5.81,5.86,22400
2018-03-13 07:00:00,5.83,5.86,5.83,5.86,18400
2018-03-14 07:00:00,5.86,5.88,5.83,5.88,17600
2018-03-15 07:00:00,5.86,5.86,5.74,5.79,23700
2018-03-16 07:00:00,5.79,5.79,5.63,5.63,13810
2018-03-19 07:00:00,5.63,5.63,5.59,5.61,18000
2018-03-20 07:00:00,5.63,5.63,5.59,5.61,16200
2018-03-21 07:00:00,5.59,5.61,5.45,5.45,18600
2018-03-22 07:00:00,5.54,5.54,5.52,5.52,15900
2018-03-23 07:00:00,5.5,5.54,5.5,5.5,16700
2018-03-26 07:00:00,5.52,5.52,5.41,5.43,15400
2018-03-27 07:00:00,5.47,5.5,5.41,5.47,18000
2018-03-28 07:00:00,5.47,5.47,5.41,5.43,17800
2018-03-29 07:00:00,5.43,5.5,4.89,4.93,210500
2018-03-30 07:00:00,4.93,5.41,4.93,5.41,63100
2018-04-02 07:00:00,5.45,5.47,5.34,5.38,40500
2018-04-03 07:00:00,5.36,5.36,5.29,5.29,27610
2018-04-04 07:00:00,5.32,5.36,5.29,5.34,28900
2018-04-05 07:00:00,5.29,5.36,5.23,5.34,24500
2018-04-06 07:00:00,5.34,5.36,5.29,5.36,20810
2018-04-09 07:00:00,5.34,5.38,5.29,5.34,23700
2018-04-10 07:00:00,5.29,5.32,5.18,5.27,19800
2018-04-11 07:00:00,5.25,5.32,5.18,5.27,21800
2018-04-12 07:00:00,5.2,5.27,5.18,5.27,27800
2018-04-13 07:00:00,5.2,5.25,5.16,5.18,117577
2018-04-16 07:00:00,5.18,5.23,5.16,5.18,24400
2018-04-17 07:00:00,5.16,5.2,5.16,5.18,23000
2018-04-18 07:00:00,5.18,5.18,5.16,5.18,23477
2018-04-19 07:00:00,5.41,5.41,5.11,5.16,22800
2018-04-20 07:00:00,5.16,5.16,5.14,5.16,40100
2018-04-23 07:00:00,5.16,5.16,5.02,5.02,23500
2018-04-24 07:00:00,5.05,5.09,5.02,5.07,19500
2018-04-26 07:00:00,5.05,5.09,5.0,5.05,21800
2018-04-27 07:00:00,5.02,5.14,5.02,5.14,87400
2018-05-02 07:00:00,5.14,5.63,5.14,5.63,45510
2018-05-03 07:00:00,5.68,6.06,5.68,5.92,20220
2018-05-04 07:00:00,5.97,5.99,5.88,5.88,24200
2018-05-07 07:00:00,5.88,5.88,5.65,5.68,20000
2018-05-08 07:00:00,5.74,5.74,5.14,5.41,46500
2018-05-09 07:00:00,5.41,5.56,5.41,5.54,23200
2018-05-10 07:00:00,5.56,5.63,5.56,5.59,26700
2018-05-11 07:00:00,5.59,5.61,5.59,5.61,23300
2018-05-14 07:00:00,5.59,5.63,5.59,5.63,26000
2018-05-15 07:00:00,5.68,5.77,5.68,5.77,27700
2018-05-16 07:00:00,5.81,5.81,5.29,5.29,51000
2018-05-17 07:00:00,5.34,5.54,5.34,5.5,23000
2018-05-18 07:00:00,5.54,5.61,5.54,5.56,27700
2018-05-21 07:00:00,5.59,5.59,5.56,5.59,24100
2018-05-22 07:00:00,5.61,5.63,5.59,5.63,24900
2018-05-23 07:00:00,5.66,5.66,5.35,5.38,50300
2018-05-24 07:00:00,5.49,5.49,5.4,5.45,25200
2018-05-25 07:00:00,5.45,5.45,5.45,5.45,21500
2018-05-28 07:00:00,5.45,5.52,5.4,5.45,20500
2018-05-29 07:00:00,5.49,5.49,5.45,5.45,24500
2018-05-30 07:00:00,5.45,5.45,5.45,5.45,30400
2018-05-31 07:00:00,5.45,5.45,5.19,5.21,41900
2018-06-01 07:00:00,5.26,5.49,5.16,5.45,25800
2018-06-04 07:00:00,5.47,5.54,5.45,5.54,26800
2018-06-05 07:00:00,5.54,5.68,5.49,5.63,26800
2018-06-06 07:00:00,5.63,5.63,5.38,5.38,67700
2018-06-07 07:00:00,5.45,5.66,5.45,5.56,40700
2018-06-08 07:00:00,5.38,5.82,5.38,5.82,200
2018-06-11 07:00:00,5.63,5.63,5.63,5.63,200
2018-06-12 07:00:00,5.38,5.45,5.31,5.42,14200
2018-06-13 07:00:00,5.45,5.49,5.45,5.49,23000
2018-06-14 07:00:00,5.49,5.49,5.47,5.49,11300
2018-06-18 07:00:00,5.47,5.49,5.47,5.49,8600
2018-06-19 07:00:00,5.49,5.49,5.19,5.49,6000
2018-06-20 07:00:00,5.49,5.52,5.47,5.47,6700
2018-06-21 07:00:00,5.49,5.52,5.49,5.49,17000
2018-06-22 07:00:00,5.52,5.52,5.49,5.49,15100
2018-06-25 07:00:00,5.52,5.52,5.52,5.52,3000
2018-06-26 07:00:00,5.52,5.52,5.52,5.52,700
2018-06-27 07:00:00,5.52,5.54,5.52,5.54,3500
2018-06-28 07:00:00,5.54,5.63,5.54,5.63,5700
2018-06-29 07:00:00,5.52,5.52,5.21,5.21,19700
2018-07-02 07:00:00,5.33,5.4,5.33,5.4,6000
2018-07-03 07:00:00,5.4,5.52,5.4,5.52,1400
2018-07-04 07:00:00,5.49,5.54,5.49,5.54,4100
2018-07-06 07:00:00,5.54,5.59,5.54,5.59,10900
2018-07-09 07:00:00,5.59,5.8,5.59,5.8,1500
2018-07-10 07:00:00,5.63,5.8,5.63,5.7,13500
2018-07-11 07:00:00,5.8,5.8,5.8,5.8,300
2018-07-16 07:00:00,5.59,5.59,5.59,5.59,3000
2018-07-18 07:00:00,5.66,5.66,5.63,5.63,200
2018-07-19 07:00:00,5.31,5.61,5.31,5.61,200
2018-07-20 07:00:00,5.31,5.31,5.31,5.31,170
2018-07-23 07:00:00,5.16,5.16,5.16,5.16,430
2018-07-24 07:00:00,5.56,5.56,5.56,5.56,100
2018-07-25 07:00:00,5.38,5.4,5.38,5.38,9200
2018-07-26 07:00:00,5.35,5.35,5.23,5.23,4230
2018-07-27 07:00:00,5.56,5.56,5.56,5.56,100
2018-07-30 07:00:00,5.59,5.99,5.47,5.61,96200
2018-07-31 07:00:00,5.75,5.75,5.47,5.63,28900
2018-08-01 07:00:00,5.87,5.99,5.63,5.8,105077
2018-08-02 07:00:00,5.82,5.85,5.56,5.63,40200
2018-08-03 07:00:00,5.63,5.63,5.47,5.47,20100
2018-08-06 07:00:00,5.47,5.47,5.4,5.47,17900
2018-08-07 07:00:00,5.4,5.54,5.4,5.47,23200
2018-08-08 07:00:00,5.35,5.4,5.05,5.09,62000
2018-08-09 07:00:00,5.09,5.26,5.07,5.09,5100
2018-08-10 07:00:00,5.07,5.09,5.05,5.09,7690
2018-08-13 07:00:00,5.21,5.21,5.09,5.21,9000
2018-08-14 07:00:00,5.16,5.16,5.0,5.14,13000
2018-08-15 07:00:00,5.12,5.12,4.72,4.84,40499
2018-08-16 07:00:00,4.81,4.95,4.81,4.95,4700
2018-08-17 07:00:00,4.81,5.0,4.81,5.0,5900
2018-08-20 07:00:00,5.0,5.02,4.74,5.02,33670
2018-08-21 07:00:00,5.05,5.09,5.0,5.05,11577
2018-08-22 07:00:00,5.14,5.54,5.05,5.4,89875
2018-08-23 07:00:00,5.54,5.94,5.4,5.63,141445
2018-08-24 07:00:00,5.73,5.89,5.73,5.82,81285
2018-08-27 07:00:00,5.82,5.82,5.52,5.77,19500
2018-08-28 07:00:00,5.63,5.77,5.42,5.52,36070
2018-08-29 07:00:00,5.28,5.56,5.19,5.52,45932
2018-08-30 07:00:00,5.35,5.92,5.35,5.87,56930
2018-08-31 07:00:00,5.94,6.03,5.73,5.8,57065
2018-09-04 07:00:00,5.8,5.85,5.59,5.66,36570
2018-09-05 07:00:00,5.56,5.75,5.52,5.61,35905
2018-09-06 07:00:00,5.7,6.1,5.61,5.87,287337
2018-09-07 07:00:00,5.87,5.87,5.7,5.85,32500
2018-09-10 07:00:00,5.82,5.82,5.52,5.56,47600
2018-09-11 07:00:00,5.4,5.52,5.33,5.38,93180
2018-09-12 07:00:00,5.42,5.42,5.28,5.31,51137
2018-09-13 07:00:00,5.38,5.38,5.21,5.23,13000
2018-09-14 07:00:00,5.35,5.61,5.26,5.47,75510
2018-09-17 07:00:00,5.47,5.54,5.38,5.4,45400
2018-09-18 07:00:00,5.31,5.52,5.31,5.47,82600
2018-09-19 07:00:00,5.52,5.56,5.4,5.4,109600
2018-09-20 07:00:00,5.33,5.59,5.33,5.45,93810
2018-09-21 07:00:00,5.61,5.61,5.4,5.45,21420
2018-09-24 07:00:00,5.35,5.54,5.35,5.54,4150
2018-09-25 07:00:00,5.45,5.63,5.45,5.63,105891
2018-09-26 07:00:00,5.54,5.63,5.52,5.63,25700
2018-09-27 07:00:00,5.66,5.94,5.63,5.75,242000
2018-09-28 07:00:00,5.75,6.15,5.75,6.1,116454
2018-10-01 07:00:00,6.22,6.29,6.1,6.24,27890
2018-10-02 07:00:00,6.24,6.39,6.24,6.39,66821
2018-10-03 07:00:00,6.39,6.39,6.17,6.31,100050
2018-10-04 07:00:00,6.31,6.36,6.13,6.36,23700
2018-10-05 07:00:00,6.24,6.46,6.24,6.24,10200
2018-10-08 07:00:00,6.24,6.24,6.13,6.24,13210
2018-10-09 07:00:00,6.31,6.81,6.31,6.78,41534
2018-10-10 07:00:00,6.62,7.16,6.57,7.0,26710
2018-10-11 07:00:00,6.81,6.81,6.34,6.57,15261
2018-10-12 07:00:00,6.57,7.23,6.57,7.23,73314
2018-10-15 07:00:00,7.93,7.93,7.28,7.93,84606
2018-10-16 07:00:00,8.71,8.71,8.22,8.71,98000
2018-10-17 07:00:00,9.58,9.58,9.39,9.58,79695
2018-10-18 07:00:00,10.52,10.52,8.73,8.73,91116
2018-10-19 07:00:00,8.73,9.6,8.45,9.44,44610
2018-10-22 07:00:00,9.44,10.12,9.04,9.16,46310
2018-10-23 07:00:00,8.73,8.92,8.24,8.26,68400
2018-10-24 07:00:00,7.75,8.66,7.75,7.91,17010
2018-10-25 07:00:00,7.75,8.15,7.23,8.1,39805
2018-10-26 07:00:00,8.1,8.45,7.51,7.51,32700
2018-10-29 07:00:00,7.3,8.26,7.28,8.26,23100
2018-10-30 07:00:00,8.45,8.66,7.44,7.44,55820
2018-10-31 07:00:00,7.28,7.61,6.74,7.39,46950
2018-11-01 07:00:00,7.14,7.39,6.85,6.85,12300
2018-11-02 07:00:00,6.81,6.95,6.48,6.64,18650
2018-11-05 07:00:00,6.85,6.85,6.46,6.83,9010
2018-11-06 07:00:00,6.83,6.88,6.81,6.81,3400
2018-11-07 07:00:00,6.76,6.93,6.57,6.93,10300
2018-11-08 07:00:00,6.81,7.09,6.81,7.04,15000
2018-11-09 07:00:00,6.93,7.04,6.93,6.95,3810
2018-11-12 07:00:00,6.93,7.04,6.57,7.04,26500
2018-11-13 07:00:00,7.04,7.04,6.88,7.04,38900
2018-11-14 07:00:00,6.74,7.04,6.69,7.04,25016
2018-11-15 07:00:00,7.02,7.04,6.81,7.04,16300
2018-11-16 07:00:00,6.93,6.97,6.85,6.93,16000
2018-11-19 07:00:00,6.62,6.93,6.62,6.81,21713
2018-11-20 07:00:00,6.81,6.93,6.36,6.71,18700
2018-11-21 07:00:00,6.74,6.9,6.6,6.71,5500
2018-11-22 07:00:00,6.78,7.37,6.76,7.37,15516
2018-11-23 07:00:00,8.1,8.1,7.75,8.1,34020
2018-11-26 07:00:00,8.9,8.9,8.45,8.69,15700
2018-11-27 07:00:00,8.69,8.71,7.86,8.59,40600
2018-11-28 07:00:00,8.45,8.45,7.86,8.45,22040
2018-11-29 07:00:00,8.22,8.33,7.7,7.7,10906
2018-11-30 07:00:00,7.51,7.51,6.95,6.95,11740
2018-12-03 07:00:00,6.81,7.63,6.69,7.46,41975
2018-12-04 07:00:00,8.17,8.17,8.17,8.17,81100
2018-12-05 07:00:00,8.97,8.97,8.92,8.97,96400
2018-12-06 07:00:00,9.77,9.86,8.54,8.97,53500
2018-12-07 07:00:00,9.01,9.01,8.26,8.97,33800
2018-12-10 07:00:00,8.45,8.78,8.45,8.54,11670
2018-12-11 07:00:00,8.54,8.69,8.45,8.54,7200
2018-12-12 07:00:00,8.54,8.54,8.4,8.5,5810
2018-12-13 07:00:00,8.54,8.54,8.26,8.26,7600
2018-12-14 07:00:00,8.22,8.45,7.93,7.93,26400
2018-12-17 07:00:00,7.98,7.98,7.56,7.65,10810
2018-12-18 07:00:00,7.56,7.65,7.42,7.42,6400
2018-12-19 07:00:00,7.04,7.51,7.04,7.18,14850
2018-12-20 07:00:00,7.23,7.7,7.23,7.7,5800
2018-12-21 07:00:00,7.51,7.98,7.51,7.98,3970
2018-12-24 07:00:00,7.93,7.93,7.7,7.89,7130
2018-12-25 07:00:00,7.89,8.5,7.51,8.45,23410
2018-12-26 07:00:00,8.36,8.73,7.98,8.59,10867
2018-12-27 07:00:00,8.54,8.73,8.45,8.5,6300
2018-12-28 07:00:00,7.75,8.59,7.75,8.36,720
2019-01-02 07:00:00,8.36,8.36,7.65,7.65,3800
2019-01-03 07:00:00,8.26,8.36,7.65,8.03,5430
2019-01-04 07:00:00,8.03,8.4,7.65,7.65,1400
2019-01-07 07:00:00,7.98,7.98,7.84,7.89,726
2019-01-08 07:00:00,7.98,7.98,7.89,7.98,3700
2019-01-09 07:00:00,7.98,8.03,7.51,7.89,4800
2019-01-10 07:00:00,7.75,7.84,7.75,7.79,1200
2019-01-11 07:00:00,7.93,7.93,7.89,7.89,400
2019-01-14 07:00:00,7.79,7.79,7.65,7.65,3330
2019-01-15 07:00:00,7.7,7.7,7.32,7.37,16724
2019-01-16 07:00:00,7.51,7.7,7.51,7.7,1700
2019-01-17 07:00:00,7.75,7.75,7.56,7.56,1146
2019-01-18 07:00:00,7.65,7.7,7.56,7.7,400
2019-01-21 07:00:00,8.4,8.4,7.61,7.61,1300
2019-01-22 07:00:00,7.61,7.79,7.56,7.61,1500
2019-01-23 07:00:00,7.65,7.65,7.56,7.56,1500
2019-01-24 07:00:00,7.7,7.84,7.61,7.61,2510
2019-01-25 07:00:00,7.79,7.79,7.61,7.61,2310
2019-01-28 07:00:00,7.61,7.7,7.56,7.56,700
2019-01-30 07:00:00,7.7,7.7,7.56,7.56,400
2019-01-31 07:00:00,7.56,7.84,7.56,7.56,3915
2019-02-01 07:00:00,7.56,7.56,7.56,7.56,400
2019-02-11 07:00:00,7.51,7.51,7.37,7.37,8710
2019-02-12 07:00:00,7.42,7.61,7.42,7.61,2800
2019-02-13 07:00:00,7.65,7.7,7.61,7.7,12500
2019-02-14 07:00:00,7.61,7.65,7.51,7.61,4201
2019-02-15 07:00:00,7.65,7.93,7.65,7.93,22000
2019-02-18 07:00:00,7.93,7.98,7.93,7.93,810
2019-02-19 07:00:00,7.75,7.79,7.42,7.7,24626
2019-02-20 07:00:00,7.7,7.7,7.47,7.51,1300
2019-02-21 07:00:00,7.42,7.51,7.37,7.51,11025
2019-02-22 07:00:00,7.42,7.42,7.37,7.42,6400
2019-02-25 07:00:00,7.42,7.56,7.37,7.42,4626
2019-02-26 07:00:00,7.42,7.42,7.18,7.18,4200
2019-02-27 07:00:00,7.37,7.47,7.37,7.47,2125
2019-02-28 07:00:00,7.65,7.65,7.65,7.65,100
2019-03-01 07:00:00,7.51,7.56,7.51,7.51,6500
2019-03-04 07:00:00,7.28,7.56,7.28,7.51,5300
2019-03-05 07:00:00,7.42,7.47,7.37,7.47,8900
2019-03-06 07:00:00,7.42,7.42,7.32,7.42,10621
2019-03-07 07:00:00,7.42,7.47,7.42,7.42,3000
2019-03-11 07:00:00,7.37,7.51,7.37,7.51,300
2019-03-12 07:00:00,7.42,7.47,7.32,7.37,8000
2019-03-13 07:00:00,7.32,7.37,7.28,7.37,5300
2019-03-14 07:00:00,7.37,7.37,7.37,7.37,100
2019-03-15 07:00:00,7.37,7.37,7.37,7.37,1600
2019-03-18 07:00:00,7.42,7.51,7.42,7.42,4712
2019-03-19 07:00:00,7.47,7.61,7.42,7.56,25400
2019-03-20 07:00:00,7.56,8.31,7.56,8.31,63519
2019-03-21 07:00:00,8.69,8.92,8.31,8.54,38612
2019-03-22 07:00:00,8.5,8.5,7.93,8.26,15200
2019-03-25 07:00:00,7.61,7.93,7.56,7.7,12510
2019-03-26 07:00:00,7.7,8.03,7.65,8.03,3200
2019-03-27 07:00:00,7.79,8.31,7.79,7.89,4400
2019-03-28 07:00:00,7.89,7.89,7.84,7.89,3010
2019-03-29 07:00:00,7.89,7.93,7.75,7.84,1500
2019-04-01 07:00:00,7.61,7.93,7.61,7.93,800
2019-04-02 07:00:00,7.75,7.84,7.7,7.7,1500
2019-04-03 07:00:00,7.61,7.7,7.51,7.7,9700
2019-04-04 07:00:00,7.56,7.7,7.47,7.7,13002
2019-04-05 07:00:00,8.36,8.36,8.36,8.36,200
2019-04-08 07:00:00,7.65,7.84,7.65,7.75,6521
2019-04-09 07:00:00,7.75,7.75,7.75,7.75,502
2019-04-10 07:00:00,7.56,7.75,7.51,7.75,2000
2019-04-12 07:00:00,7.51,7.75,7.51,7.56,1600
2019-04-16 07:00:00,7.56,7.61,7.56,7.61,10710
2019-04-17 07:00:00,7.75,7.75,7.56,7.56,1400
2019-04-18 07:00:00,7.61,7.7,7.56,7.56,4550
2019-04-19 07:00:00,7.56,7.65,7.51,7.65,3500
2019-04-22 07:00:00,7.65,7.65,7.61,7.65,6300
2019-04-23 07:00:00,8.03,8.36,7.61,7.65,2000
2019-04-24 07:00:00,7.56,7.65,7.51,7.65,600
2019-04-25 07:00:00,7.98,7.98,7.51,7.65,400
2019-04-26 07:00:00,7.56,7.65,7.51,7.65,1900
2019-05-02 07:00:00,7.51,7.56,7.47,7.56,3400
2019-05-03 07:00:00,7.7,7.7,7.7,7.7,100
2019-05-06 07:00:00,7.7,7.7,7.7,7.7,11
2019-05-07 07:00:00,7.51,7.61,7.51,7.56,4000
2019-05-08 07:00:00,7.56,7.56,7.56,7.56,200
2019-05-09 07:00:00,7.42,7.47,7.42,7.47,200
2019-05-10 07:00:00,7.42,7.51,7.04,7.42,1707
2019-05-13 07:00:00,7.37,7.42,7.37,7.42,600
2019-05-14 07:00:00,7.42,7.42,7.37,7.42,500
2019-05-15 07:00:00,7.42,7.98,7.42,7.98,1320
2019-05-17 07:00:00,7.98,7.98,7.28,7.51,7100
2019-05-20 07:00:00,7.89,7.89,7.28,7.75,36300
2019-05-21 07:00:00,7.61,7.75,7.51,7.75,2600
2019-05-22 07:00:00,7.51,7.51,7.51,7.51,4800
2019-05-23 07:00:00,7.51,7.51,7.42,7.51,6000
2019-05-24 07:00:00,7.51,7.84,7.51,7.51,3740
2019-05-27 07:00:00,7.65,7.65,7.65,7.65,1700
2019-05-28 07:00:00,7.65,7.84,7.65,7.7,10200
2019-05-29 07:00:00,7.7,7.7,7.7,7.7,230
2019-05-30 07:00:00,7.84,8.26,7.51,7.89,133000
2019-05-31 07:00:00,7.98,8.54,7.98,8.17,29210
2019-06-03 07:00:00,8.67,8.67,7.77,8.07,4107
2019-06-04 07:00:00,7.72,7.97,7.67,7.77,9800
2019-06-05 07:00:00,8.12,8.27,7.62,8.02,67510
2019-06-06 07:00:00,8.22,8.52,8.02,8.02,109723
2019-06-07 07:00:00,8.42,8.42,8.12,8.32,900
2019-06-10 07:00:00,8.32,9.12,8.32,9.12,54771
2019-06-11 07:00:00,9.36,10.01,9.36,10.01,127855
2019-06-12 07:00:00,10.21,10.96,9.71,10.06,40600
2019-06-13 07:00:00,9.81,9.96,9.27,9.86,47672
2019-06-14 07:00:00,9.96,9.96,9.27,9.46,244500
2019-06-17 07:00:00,9.27,9.27,8.77,8.77,31800
2019-06-18 07:00:00,8.77,8.97,8.42,8.67,26158
2019-06-19 07:00:00,7.82,9.36,7.82,9.31,15900
2019-06-20 07:00:00,9.22,9.22,8.77,9.12,28259
2019-06-21 07:00:00,8.97,9.22,8.87,9.12,14600
2019-06-24 07:00:00,8.67,9.02,8.52,8.97,247500
2019-06-25 07:00:00,8.57,8.72,8.37,8.37,98600
2019-06-26 07:00:00,8.72,8.72,8.37,8.67,17600
2019-06-27 07:00:00,8.67,8.87,8.22,8.37,30600
2019-06-28 07:00:00,8.52,8.62,8.22,8.62,15300
2019-07-01 07:00:00,8.67,8.67,8.27,8.47,7000
2019-07-02 07:00:00,8.22,8.47,8.22,8.42,2400
2019-07-03 07:00:00,8.37,8.42,8.22,8.37,9200
2019-07-04 07:00:00,8.17,8.32,7.97,8.22,26183
2019-07-05 07:00:00,8.12,8.97,7.97,8.52,28505
2019-07-08 07:00:00,8.17,8.47,8.07,8.42,23110
2019-07-09 07:00:00,8.42,8.87,8.42,8.82,53353
2019-07-10 07:00:00,8.72,9.22,8.57,9.22,22305
2019-07-11 07:00:00,8.97,9.22,8.87,8.87,15715
2019-07-12 07:00:00,8.92,8.92,8.52,8.72,26305
2019-07-15 07:00:00,8.57,8.87,8.27,8.32,80300
2019-07-16 07:00:00,8.22,8.42,8.07,8.27,14310
2019-07-17 07:00:00,8.22,8.37,8.17,8.37,12110
2019-07-18 07:00:00,8.27,8.37,8.17,8.27,46200
2019-07-19 07:00:00,8.27,8.47,8.27,8.32,262100
2019-07-22 07:00:00,8.37,8.47,8.27,8.42,172226
2019-07-23 07:00:00,8.27,8.47,8.22,8.37,12300
2019-07-24 07:00:00,8.27,8.42,8.22,8.37,62400
2019-07-25 07:00:00,8.27,8.92,8.27,8.82,396100
2019-07-26 07:00:00,8.87,8.97,8.72,8.77,28300
2019-07-29 07:00:00,8.72,8.72,8.42,8.42,14000
2019-07-30 07:00:00,8.42,8.47,8.32,8.47,211600
2019-07-31 07:00:00,8.37,8.47,8.22,8.42,216000
2019-08-01 07:00:00,8.27,8.42,8.02,8.22,51000
2019-08-02 07:00:00,8.17,8.42,8.12,8.42,212200
2019-08-05 07:00:00,8.42,8.42,8.32,8.42,9600
2019-08-06 07:00:00,8.07,8.37,8.07,8.22,31300
2019-08-07 07:00:00,8.22,9.02,8.22,9.02,458416
2019-08-08 07:00:00,9.02,9.12,8.82,8.82,38500
2019-08-09 07:00:00,8.92,9.27,8.87,8.87,39510
2019-08-12 07:00:00,8.42,8.87,8.42,8.62,8416
2019-08-13 07:00:00,8.47,8.62,8.27,8.27,32780
2019-08-14 07:00:00,8.47,8.92,8.37,8.92,12600
2019-08-15 07:00:00,8.92,8.92,8.72,8.77,12300
2019-08-16 07:00:00,8.92,8.92,8.67,8.87,30310
2019-08-19 07:00:00,8.87,9.71,8.72,9.51,144815
2019-08-20 07:00:00,9.66,9.71,9.46,9.46,32000
2019-08-21 07:00:00,9.86,9.86,9.22,9.22,11730
2019-08-22 07:00:00,9.17,9.61,9.02,9.61,39800
2019-08-23 07:00:00,9.61,9.61,9.17,9.22,15710
2019-08-26 07:00:00,9.22,9.46,9.12,9.41,31100
2019-08-27 07:00:00,9.51,9.66,9.41,9.46,14970
2019-08-28 07:00:00,9.31,9.41,9.22,9.22,17700
2019-08-29 07:00:00,9.22,9.22,9.07,9.12,24949
2019-08-30 07:00:00,9.12,9.12,8.72,8.97,12000
2019-09-03 07:00:00,8.97,9.02,8.72,8.77,9880
2019-09-04 07:00:00,8.57,8.57,8.32,8.32,25411
2019-09-05 07:00:00,8.32,8.47,8.27,8.27,18700
2019-09-06 07:00:00,8.32,8.32,8.22,8.27,12201
2019-09-09 07:00:00,8.42,8.42,8.17,8.17,17305
2019-09-10 07:00:00,8.17,8.17,8.12,8.12,21500
2019-09-11 07:00:00,8.12,8.22,8.07,8.17,9700
2019-09-12 07:00:00,8.22,8.47,8.22,8.47,10471
2019-09-13 07:00:00,8.47,8.47,8.02,8.22,8000
2019-09-16 07:00:00,8.47,8.47,8.22,8.32,6100
2019-09-17 07:00:00,8.22,8.22,8.22,8.22,10300
2019-09-18 07:00:00,8.22,8.37,8.17,8.32,5300
2019-09-20 07:00:00,8.22,8.27,8.02,8.27,187000
2019-09-23 07:00:00,8.22,8.32,8.17,8.22,4100
2019-09-24 07:00:00,8.22,8.22,8.22,8.22,5370
2019-09-25 07:00:00,8.27,8.32,8.22,8.22,7800
2019-09-26 07:00:00,8.22,8.27,8.22,8.27,4800
2019-09-27 07:00:00,8.12,8.32,8.12,8.32,11600
2019-09-30 07:00:00,8.32,8.32,8.32,8.32,2800
2019-10-01 07:00:00,8.32,8.32,8.17,8.22,2700
2019-10-02 07:00:00,8.22,8.27,8.17,8.27,800
2019-10-03 07:00:00,8.02,8.32,7.97,8.02,19801
2019-10-04 07:00:00,8.17,8.17,8.02,8.07,14000
2019-10-07 07:00:00,8.12,8.17,8.12,8.17,1400
2019-10-08 07:00:00,8.17,8.17,7.97,8.17,3700
2019-10-09 07:00:00,8.07,8.32,8.07,8.22,9600
2019-10-10 07:00:00,8.22,8.22,8.12,8.22,7200
2019-10-11 07:00:00,8.17,8.22,8.17,8.22,51900
2019-10-14 07:00:00,8.17,8.32,8.17,8.22,14000
2019-10-15 07:00:00,8.12,8.37,8.07,8.32,11200
2019-10-16 07:00:00,8.22,8.37,8.22,8.37,4600
2019-10-17 07:00:00,8.37,8.47,8.37,8.47,5300
2019-10-18 07:00:00,8.47,8.52,8.47,8.47,12000
2019-10-21 07:00:00,8.47,8.47,8.27,8.27,310
2019-10-22 07:00:00,8.17,8.27,8.07,8.22,7700
2019-10-23 07:00:00,8.17,8.27,8.07,8.12,18300
2019-10-24 07:00:00,8.12,8.27,8.07,8.12,12811
2019-10-25 07:00:00,8.22,8.27,8.07,8.27,15900
2019-10-28 07:00:00,8.27,8.37,8.27,8.37,2700
2019-10-29 07:00:00,8.32,8.32,8.27,8.27,4100
2019-10-30 07:00:00,8.37,8.72,8.37,8.72,24200
2019-10-31 07:00:00,8.67,9.22,8.67,9.02,57000
2019-11-01 07:00:00,9.07,9.22,8.82,9.02,28200
2019-11-04 07:00:00,9.46,9.46,9.02,9.07,14840
2019-11-05 07:00:00,8.52,9.17,8.47,8.92,39830
2019-11-06 07:00:00,8.92,9.17,8.92,9.17,67800
2019-11-07 07:00:00,9.17,9.17,9.07,9.17,6700
2019-11-08 07:00:00,9.02,9.07,9.02,9.02,1200
2019-11-11 07:00:00,9.02,9.02,8.52,9.02,10400
2019-11-12 07:00:00,8.57,9.07,8.57,9.02,16200
2019-11-13 07:00:00,9.12,9.12,8.97,8.97,8400
2019-11-14 07:00:00,8.92,9.02,8.82,8.92,20001
2019-11-15 07:00:00,8.92,9.07,8.92,9.02,22500
2019-11-18 07:00:00,8.82,9.02,8.82,9.02,3300
2019-11-19 07:00:00,9.02,9.02,8.87,9.02,12501
2019-11-20 07:00:00,9.02,9.31,9.02,9.17,43200
2019-11-21 07:00:00,9.41,9.96,9.12,9.61,41450
2019-11-22 07:00:00,9.61,9.86,9.22,9.22,16960
2019-11-25 07:00:00,9.66,9.66,9.46,9.46,8600
2019-11-26 07:00:00,9.46,9.61,9.22,9.61,17600
2019-11-27 07:00:00,9.46,9.61,9.41,9.61,9900
2019-11-28 07:00:00,9.41,10.46,9.41,10.11,70830
2019-11-29 07:00:00,10.11,10.96,10.11,10.76,126360
2019-12-02 07:00:00,11.46,11.81,11.06,11.81,77060
2019-12-03 07:00:00,12.2,12.95,12.2,12.85,159479
2019-12-04 07:00:00,13.95,13.95,12.85,13.85,29679
2019-12-05 07:00:00,13.7,14.94,12.5,14.64,68611
2019-12-06 07:00:00,14.45,15.19,13.9,13.9,107706
2019-12-09 07:00:00,13.2,14.94,12.85,14.94,103300
2019-12-10 07:00:00,14.94,16.44,14.94,16.44,75010
2019-12-11 07:00:00,18.03,18.08,16.44,18.08,40960
2019-12-12 07:00:00,18.08,19.88,18.08,19.88,81705
2019-12-13 07:00:00,21.77,21.82,19.58,21.37,53930
2019-12-16 07:00:00,21.37,23.16,20.87,21.42,51450
2019-12-17 07:00:00,20.07,21.42,19.28,21.42,118720
2019-12-18 07:00:00,19.43,21.12,19.28,19.28,4732
2019-12-19 07:00:00,17.38,17.38,17.38,17.38,71920
2019-12-20 07:00:00,15.69,18.23,15.69,18.23,181920
2019-12-23 07:00:00,17.43,17.43,16.44,17.43,45531
2019-12-24 07:00:00,17.93,18.93,17.43,18.43,27000
2019-12-25 07:00:00,16.94,18.53,16.59,18.53,66900
2019-12-26 07:00:00,17.88,17.88,16.69,16.69,97715
2019-12-27 07:00:00,15.04,16.44,15.04,15.04,62734
2019-12-30 07:00:00,14.69,16.04,13.55,15.34,60300
2019-12-31 07:00:00,15.34,15.94,14.94,15.94,22110
2020-01-02 07:00:00,14.99,16.39,14.35,15.14,27700
2020-01-03 07:00:00,14.1,14.89,13.65,13.65,130400
2020-01-06 07:00:00,12.45,13.55,12.3,12.3,84250
2020-01-07 07:00:00,11.81,13.5,11.81,13.5,45012
2020-01-08 07:00:00,14.5,14.5,12.5,13.6,36600
2020-01-09 07:00:00,12.95,13.7,12.65,12.95,32850
2020-01-10 07:00:00,12.75,13.9,12.75,12.95,93720
2020-01-13 07:00:00,12.8,13.8,12.7,13.8,28400
2020-01-14 07:00:00,13.1,14.69,12.95,14.64,64700
2020-01-15 07:00:00,14.1,14.79,14.05,14.74,23500
2020-01-16 07:00:00,14.6,15.44,14.15,15.14,23300
2020-01-17 07:00:00,14.4,15.29,14.4,15.29,6100
2020-01-20 07:00:00,14.69,14.94,14.2,14.94,18700
2020-01-21 07:00:00,13.95,15.29,13.9,15.09,60931
2020-01-22 07:00:00,15.09,16.59,15.09,16.59,64400
2020-01-30 07:00:00,15.69,16.44,14.94,14.94,52300
2020-01-31 07:00:00,13.55,15.44,13.45,14.45,136000
2020-02-03 07:00:00,13.2,15.89,13.0,14.94,48600
2020-02-04 07:00:00,13.55,15.94,13.45,15.94,97900
2020-02-05 07:00:00,14.5,17.33,14.35,16.49,156410
2020-02-06 07:00:00,15.44,17.68,15.44,17.68,139031
2020-02-07 07:00:00,16.49,18.38,16.49,17.68,129000
2020-02-10 07:00:00,16.49,18.83,15.94,17.09,202030
2020-02-11 07:00:00,16.84,17.93,15.94,17.24,95900
2020-02-12 07:00:00,17.24,17.33,15.94,17.04,71910
2020-02-13 07:00:00,16.84,17.19,16.44,16.59,35400
2020-02-14 07:00:00,16.69,17.43,16.24,16.74,93300
2020-02-17 07:00:00,16.44,16.79,16.19,16.74,57000
2020-02-18 07:00:00,16.24,17.43,16.19,17.43,55500
2020-02-19 07:00:00,16.94,19.18,16.54,18.83,165020
2020-02-20 07:00:00,18.83,19.43,18.43,18.98,37427
2020-02-21 07:00:00,18.53,19.18,17.09,17.09,93764
2020-02-24 07:00:00,17.38,17.38,15.39,15.39,124710
2020-02-25 07:00:00,14.2,16.89,14.1,16.39,42800
2020-02-26 07:00:00,16.44,16.44,14.94,14.94,32400
2020-02-27 07:00:00,15.34,15.84,14.64,15.69,36610
2020-02-28 07:00:00,15.14,15.69,14.25,15.14,40800
2020-03-02 07:00:00,14.45,14.84,13.65,13.65,47600
2020-03-03 07:00:00,14.05,14.2,13.2,13.3,37100
2020-03-04 07:00:00,13.35,14.6,12.0,14.6,149600
2020-03-05 07:00:00,14.2,15.19,13.5,14.5,29300
2020-03-06 07:00:00,13.75,14.4,13.65,14.3,12400
2020-03-09 07:00:00,13.0,13.0,12.9,12.9,11210
2020-03-10 07:00:00,11.66,12.85,11.66,12.05,18110
2020-03-11 07:00:00,12.75,12.75,10.91,11.71,47885
2020-03-12 07:00:00,10.96,10.96,10.56,10.56,77600
2020-03-13 07:00:00,9.56,10.91,9.56,10.91,40900
2020-03-16 07:00:00,10.11,11.96,10.06,11.76,52000
2020-03-17 07:00:00,11.76,12.9,11.76,12.9,57400
2020-03-18 07:00:00,13.7,13.7,12.3,12.75,11500
2020-03-19 07:00:00,12.65,13.95,12.65,12.9,28210
2020-03-20 07:00:00,12.6,13.05,12.3,12.8,34000
2020-03-23 07:00:00,11.76,12.65,11.56,11.56,43700
2020-03-24 07:00:00,11.56,11.91,11.46,11.46,30800
2020-03-25 07:00:00,11.46,12.2,10.96,12.2,6100
2020-03-26 07:00:00,12.15,12.2,11.46,11.46,1100
2020-03-27 07:00:00,11.46,11.91,11.46,11.91,5600
2020-03-30 07:00:00,11.76,11.96,10.96,11.81,13400
2020-03-31 07:00:00,11.46,11.81,11.31,11.41,22600
2020-04-01 07:00:00,11.21,11.71,11.21,11.46,8500
2020-04-03 07:00:00,11.66,12.2,11.66,12.2,21800
2020-04-06 07:00:00,12.2,12.45,12.2,12.45,5100
2020-04-07 07:00:00,12.45,12.6,12.45,12.45,2900
2020-04-08 07:00:00,12.0,12.4,11.96,12.4,2500
2020-04-09 07:00:00,12.0,12.15,11.96,12.15,1000
2020-04-10 07:00:00,11.96,11.96,11.96,11.96,4000
2020-04-13 07:00:00,12.1,12.1,11.96,11.96,1800
2020-04-14 07:00:00,11.01,11.96,11.01,11.76,7900
2020-04-15 07:00:00,11.76,11.91,11.76,11.91,9220
2020-04-16 07:00:00,11.86,11.91,11.66,11.86,3635
2020-04-17 07:00:00,11.96,12.9,11.96,12.85,11000
2020-04-20 07:00:00,12.85,12.95,12.45,12.45,2500
2020-04-21 07:00:00,12.0,12.0,11.96,11.96,4700
2020-04-22 07:00:00,11.96,11.96,11.96,11.96,700
2020-04-23 07:00:00,12.15,12.25,12.15,12.25,10220
2020-04-24 07:00:00,12.0,12.0,11.86,11.96,9470
2020-04-27 07:00:00,11.96,11.96,11.91,11.91,4600
2020-04-28 07:00:00,11.86,11.91,11.46,11.91,10000
2020-04-29 07:00:00,11.51,12.0,11.51,12.0,3220
2020-05-04 07:00:00,11.56,11.56,11.56,11.56,100
2020-05-05 07:00:00,11.56,11.71,11.46,11.46,2600
2020-05-06 07:00:00,11.46,11.46,11.41,11.41,5200
2020-05-07 07:00:00,11.46,11.46,11.16,11.41,1630
2020-05-08 07:00:00,11.41,11.51,11.21,11.51,2900
2020-05-11 07:00:00,11.46,11.56,11.46,11.46,3100
2020-05-12 07:00:00,11.46,11.46,11.31,11.46,6860
2020-05-13 07:00:00,11.46,11.51,11.46,11.46,1400
2020-05-14 07:00:00,11.51,12.2,11.51,11.51,14300
2020-05-15 07:00:00,11.61,11.61,11.41,11.41,6500
2020-05-18 07:00:00,11.41,11.41,11.41,11.41,1900
2020-05-19 07:00:00,11.56,11.56,11.31,11.41,12510
2020-05-20 07:00:00,11.31,11.41,11.31,11.41,3900
2020-05-21 07:00:00,10.51,11.36,10.51,11.11,5600
2020-05-22 07:00:00,11.01,11.01,10.96,11.01,1300
2020-05-25 07:00:00,10.26,11.21,9.96,11.01,10000
2020-05-26 07:00:00,10.96,11.56,10.96,11.56,6900
2020-05-27 07:00:00,11.16,11.81,11.16,11.41,800
2020-05-28 07:00:00,11.01,11.46,11.01,11.01,17900
2020-06-01 07:00:00,11.01,11.36,11.01,11.26,1780
2020-06-02 07:00:00,10.96,11.21,10.76,11.21,5400
2020-06-03 07:00:00,11.01,11.46,11.01,11.11,1501
2020-06-04 07:00:00,11.21,11.21,10.96,10.96,3700
2020-06-05 07:00:00,11.31,11.31,10.96,11.26,2100
2020-06-08 07:00:00,11.26,11.26,11.11,11.11,4210
2020-06-09 07:00:00,11.01,11.11,11.01,11.11,1922
2020-06-10 07:00:00,11.11,12.2,11.06,12.2,20400
2020-06-11 07:00:00,12.95,13.3,12.2,12.2,8710
2020-06-12 07:00:00,11.96,12.05,11.96,12.0,13400
2020-06-15 07:00:00,11.96,12.0,11.91,11.96,22300
2020-06-16 07:00:00,12.2,13.15,11.96,13.15,49352
2020-06-17 07:00:00,13.35,14.45,13.35,14.45,81930
2020-06-18 07:00:00,15.44,15.64,14.45,14.69,19011
2020-06-19 07:00:00,14.69,14.69,13.75,13.95,29900
2020-06-22 07:00:00,13.95,13.95,13.3,13.9,23000
2020-06-23 07:00:00,12.95,13.45,12.85,13.1,29331
2020-06-24 07:00:00,12.75,12.8,12.45,12.6,5000
2020-06-25 07:00:00,12.25,12.6,12.2,12.6,8500
2020-06-26 07:00:00,12.35,12.35,12.1,12.1,4100
2020-06-29 07:00:00,12.0,12.25,10.91,12.25,11700
2020-06-30 07:00:00,12.45,12.45,11.26,12.25,6300
2020-07-01 07:00:00,11.51,11.91,11.31,11.91,21430
2020-07-02 07:00:00,11.46,11.46,11.36,11.36,3200
2020-07-03 07:00:00,11.01,11.46,11.01,11.46,4484
2020-07-06 07:00:00,11.51,12.15,11.46,12.15,4530
2020-07-07 07:00:00,12.4,12.4,11.66,11.66,6500
2020-07-08 07:00:00,11.96,11.96,11.96,11.96,1700
2020-07-09 07:00:00,11.71,11.96,11.46,11.96,2030
2020-07-10 07:00:00,11.96,11.96,11.56,11.91,800
2020-07-13 07:00:00,11.91,11.91,11.91,11.91,300
2020-07-14 07:00:00,11.71,11.71,11.66,11.66,4000
2020-07-15 07:00:00,11.56,11.66,11.46,11.46,7910
2020-07-16 07:00:00,11.56,11.56,11.56,11.56,1400
2020-07-17 07:00:00,11.71,12.4,11.71,11.96,5022
2020-07-20 07:00:00,12.05,12.05,11.76,11.76,2200
2020-07-21 07:00:00,11.71,11.86,11.51,11.86,4200
2020-07-22 07:00:00,11.86,11.86,11.46,11.71,7600
2020-07-23 07:00:00,11.46,11.46,11.21,11.41,4600
2020-07-24 07:00:00,11.21,11.46,10.96,11.46,3300
2020-07-27 07:00:00,10.56,10.86,10.36,10.86,12700
2020-07-28 07:00:00,9.81,11.46,9.81,11.46,4410
2020-07-29 07:00:00,10.51,11.26,10.31,11.21,10420
2020-07-30 07:00:00,11.01,11.01,10.96,10.96,1200
2020-07-31 07:00:00,11.21,11.21,10.76,10.76,4505
2020-08-03 07:00:00,10.71,11.41,10.71,11.41,1200
2020-08-04 07:00:00,11.26,11.56,11.26,11.56,300
2020-08-05 07:00:00,11.26,11.51,11.21,11.51,5000
2020-08-06 07:00:00,11.06,11.66,11.01,11.66,2100
2020-08-07 07:00:00,11.26,11.26,11.16,11.16,4000
2020-08-10 07:00:00,11.11,11.26,11.01,11.26,2200
2020-08-11 07:00:00,11.21,11.36,11.21,11.36,1014
2020-08-12 07:00:00,11.46,11.71,11.46,11.71,1700
2020-08-13 07:00:00,11.71,11.96,11.71,11.76,4800
2020-08-14 07:00:00,11.71,11.86,11.71,11.86,2610
2020-08-17 07:00:00,12.01,12.01,12.01,12.01,1600
2020-08-18 07:00:00,12.22,12.22,12.22,12.22,100
2020-08-19 07:00:00,12.48,12.48,12.38,12.38,3030
2020-08-20 07:00:00,12.38,12.38,12.38,12.38,2000
2020-08-21 07:00:00,12.27,12.27,11.54,12.27,600
2020-08-24 07:00:00,11.8,12.22,11.8,12.22,2500
2020-08-25 07:00:00,11.8,11.86,11.8,11.86,910
2020-08-26 07:00:00,11.86,11.86,11.59,11.59,6300
2020-08-27 07:00:00,11.65,11.8,11.59,11.59,5100
2020-08-28 07:00:00,11.96,11.96,11.39,11.8,9900
2020-08-31 07:00:00,11.65,11.96,11.54,11.96,7600
2020-09-01 07:00:00,11.91,11.96,11.65,11.91,1400
2020-09-03 07:00:00,11.91,11.91,11.86,11.86,200
2020-09-04 07:00:00,11.65,12.95,11.65,12.74,14611
2020-09-07 07:00:00,12.53,12.74,12.27,12.27,7020
2020-09-08 07:00:00,12.48,12.48,11.86,12.01,5600
2020-09-09 07:00:00,12.38,12.38,11.96,12.01,7000
2020-09-10 07:00:00,12.01,12.01,11.96,12.01,9523
2020-09-11 07:00:00,11.8,11.96,11.75,11.96,4600
2020-09-14 07:00:00,12.22,12.53,12.06,12.53,10700
2020-09-15 07:00:00,12.33,12.69,12.27,12.59,2300
2020-09-16 07:00:00,12.33,12.59,12.33,12.59,1200
2020-09-17 07:00:00,12.53,12.69,12.06,12.53,12300
2020-09-18 07:00:00,12.53,12.53,12.27,12.53,3600
2020-09-21 07:00:00,12.27,12.43,12.27,12.27,1100
2020-09-22 07:00:00,12.17,12.17,12.01,12.01,6100
2020-09-23 07:00:00,12.01,12.22,11.91,12.22,6473
2020-09-24 07:00:00,12.01,12.01,11.96,11.96,2010
2020-09-25 07:00:00,11.96,12.17,11.91,11.96,4100
2020-09-28 07:00:00,12.27,12.27,11.91,12.01,4860
2020-09-29 07:00:00,11.8,12.17,11.8,12.17,1700
2020-09-30 07:00:00,11.86,11.86,11.75,11.8,8000
2020-10-01 07:00:00,11.49,11.59,11.49,11.59,2810
2020-10-02 07:00:00,11.96,11.96,11.59,11.59,2412
2020-10-05 07:00:00,11.65,11.96,11.49,11.96,2733
2020-10-06 07:00:00,11.91,11.96,11.86,11.86,700
2020-10-07 07:00:00,11.75,11.75,11.65,11.65,1100
2020-10-08 07:00:00,11.65,11.7,11.65,11.65,4100
2020-10-09 07:00:00,11.65,11.91,11.65,11.7,9600
2020-10-12 07:00:00,11.65,11.65,11.65,11.65,2027
2020-10-13 07:00:00,11.65,11.65,11.49,11.65,1800
2020-10-14 07:00:00,11.49,11.59,11.49,11.59,4351
2020-10-15 07:00:00,11.49,11.49,11.49,11.49,2150
2020-10-16 07:00:00,11.49,11.49,11.39,11.39,3200
2020-10-19 07:00:00,11.59,11.59,11.02,11.02,4135
2020-10-20 07:00:00,11.02,11.23,10.81,11.23,1611
2020-10-21 07:00:00,11.02,11.23,11.02,11.23,930
2020-10-22 07:00:00,11.02,11.33,11.02,11.33,700
2020-10-23 07:00:00,11.49,11.49,11.07,11.39,905
2020-10-26 07:00:00,11.33,11.33,10.81,11.28,6810
2020-10-28 07:00:00,11.33,11.33,10.65,10.65,410
2020-10-29 07:00:00,10.5,10.92,10.5,10.92,3200
2020-10-30 07:00:00,10.6,10.97,10.6,10.97,420
2020-11-02 07:00:00,11.07,11.12,10.97,11.12,1360
2020-11-03 07:00:00,11.12,11.39,11.12,11.39,5015
2020-11-04 07:00:00,11.02,11.18,10.97,11.18,6900
2020-11-05 07:00:00,10.97,11.23,10.97,11.23,2100
2020-11-06 07:00:00,10.97,11.39,10.97,11.39,2100
2020-11-10 07:00:00,11.39,11.39,11.39,11.39,10
2020-11-11 07:00:00,11.33,11.33,11.33,11.33,141
2020-11-12 07:00:00,10.55,11.23,10.55,11.23,4459
2020-11-13 07:00:00,10.6,10.86,10.6,10.86,3870
2020-11-16 07:00:00,10.71,10.86,10.6,10.76,12271
2020-11-17 07:00:00,10.71,10.71,10.71,10.71,11425
2020-11-18 07:00:00,10.45,10.71,10.39,10.6,5920
2020-11-19 07:00:00,10.5,10.6,10.5,10.6,4955
2020-11-20 07:00:00,10.55,10.71,10.55,10.71,13250
2020-11-23 07:00:00,10.71,11.07,10.55,11.07,3014
2020-11-24 07:00:00,10.71,10.86,10.71,10.86,3545
2020-11-25 07:00:00,10.86,10.86,10.86,10.86,35
2020-11-26 07:00:00,10.55,10.92,10.5,10.92,1500
2020-11-27 07:00:00,10.92,10.92,10.86,10.86,14659
2020-11-30 07:00:00,10.92,10.92,10.92,10.92,9060
2020-12-01 07:00:00,10.92,10.92,10.55,10.92,4310
2020-12-02 07:00:00,10.92,11.23,10.65,10.97,8414
2020-12-03 07:00:00,10.97,11.12,10.92,11.12,10109
2020-12-04 07:00:00,11.12,11.23,10.97,11.23,4501
2020-12-07 07:00:00,11.23,11.23,11.12,11.12,7444
2020-12-08 07:00:00,10.97,11.07,10.97,11.07,3100
2020-12-09 07:00:00,10.97,11.12,10.97,11.12,1761
2020-12-10 07:00:00,11.07,11.07,10.71,10.71,3225
2020-12-11 07:00:00,10.65,10.92,10.6,10.92,2600
2020-12-14 07:00:00,10.55,10.92,10.55,10.92,8051
2020-12-15 07:00:00,10.45,11.02,10.45,10.97,8480
2020-12-16 07:00:00,10.86,10.86,10.86,10.86,200
2020-12-17 07:00:00,10.86,11.54,10.45,11.54,21570
2020-12-18 07:00:00,11.18,12.01,10.55,12.01,48608
2020-12-21 07:00:00,11.59,13.06,11.54,12.74,79582
2020-12-22 07:00:00,12.74,13.58,12.74,13.06,69491
2020-12-23 07:00:00,13.0,13.06,12.74,12.85,42950
2020-12-24 07:00:00,12.85,13.0,12.01,12.53,71635
2020-12-25 07:00:00,12.06,12.59,12.01,12.53,35491
2020-12-28 07:00:00,12.53,12.53,12.33,12.33,20215
2020-12-29 07:00:00,12.33,12.85,12.12,12.69,56930
2020-12-30 07:00:00,12.69,13.94,12.69,13.84,89480
2020-12-31 07:00:00,13.58,14.05,13.32,14.05,38735
2021-01-04 07:00:00,14.05,14.36,14.05,14.15,41500
2021-01-05 07:00:00,13.89,14.1,13.89,14.0,34800
2021-01-06 07:00:00,13.94,14.62,13.79,13.79,42952
2021-01-07 07:00:00,13.79,14.05,13.68,13.68,33265
2021-01-08 07:00:00,13.68,13.79,13.47,13.58,48040
2021-01-11 07:00:00,13.53,13.58,13.06,13.58,29222
2021-01-12 07:00:00,13.58,14.36,13.58,14.31,28148
2021-01-13 07:00:00,14.31,14.41,13.53,13.58,48360
2021-01-14 07:00:00,13.68,13.68,13.37,13.68,9715
2021-01-15 07:00:00,13.42,13.63,13.37,13.63,17700
2021-01-18 07:00:00,13.68,13.68,13.32,13.58,27100
2021-01-19 07:00:00,13.58,13.58,12.33,13.06,46405
2021-01-20 07:00:00,12.8,12.8,12.27,12.53,15910
2021-01-21 07:00:00,12.64,13.16,12.64,13.16,29900
2021-01-22 07:00:00,13.16,13.16,12.53,13.06,14000
2021-01-25 07:00:00,13.06,13.84,13.06,13.58,41600
2021-01-26 07:00:00,13.58,13.58,13.06,13.32,14292
2021-01-27 07:00:00,13.11,13.58,13.11,13.58,5074
2021-01-28 07:00:00,12.8,13.58,12.22,12.22,22200
2021-01-29 07:00:00,12.22,13.0,11.8,12.59,17900
2021-02-01 07:00:00,12.8,13.32,12.53,12.59,19600
2021-02-02 07:00:00,12.8,12.8,11.75,12.69,18690
2021-02-03 07:00:00,12.69,13.27,12.53,13.27,17350
2021-02-04 07:00:00,13.42,13.42,13.06,13.16,17500
2021-02-05 07:00:00,13.16,14.1,13.06,14.1,36301
2021-02-08 07:00:00,14.1,14.36,13.42,14.0,76481
2021-02-09 07:00:00,14.0,14.05,13.47,13.68,58354
2021-02-17 07:00:00,13.68,13.68,13.32,13.37,104204
2021-02-18 07:00:00,13.32,14.1,13.27,13.42,125600
2021-02-19 07:00:00,13.58,14.73,13.58,14.73,166400
2021-02-22 07:00:00,15.15,16.19,14.94,16.19,337889
2021-02-23 07:00:00,16.24,16.76,15.41,15.62,155900
2021-02-24 07:00:00,15.62,15.72,15.15,15.3,109932
2021-02-25 07:00:00,15.3,16.82,15.15,16.82,393760
2021-02-26 07:00:00,17.23,18.17,16.71,17.76,216074
2021-03-01 07:00:00,17.86,18.28,17.23,17.29,130366
2021-03-02 07:00:00,17.23,17.7,16.61,17.7,326271
2021-03-03 07:00:00,17.7,18.28,16.97,17.29,153624
2021-03-04 07:00:00,17.5,17.5,15.67,16.66,231805
2021-03-05 07:00:00,16.66,17.7,15.98,17.5,171987
2021-03-08 07:00:00,17.18,18.07,16.71,18.07,180901
2021-03-09 07:00:00,18.07,18.07,17.03,17.6,106105
2021-03-10 07:00:00,17.34,18.02,17.13,17.44,108290
2021-03-11 07:00:00,17.44,18.28,17.18,17.86,200751
2021-03-12 07:00:00,17.86,18.02,17.34,17.7,87810
2021-03-15 07:00:00,17.65,18.07,17.65,18.02,156400
2021-03-16 07:00:00,18.28,19.06,18.02,18.75,330143
2021-03-17 07:00:00,18.91,18.91,18.59,18.85,124022
2021-03-18 07:00:00,18.91,19.11,18.54,19.01,132216
2021-03-19 07:00:00,18.7,19.58,18.7,19.32,123020
2021-03-22 07:00:00,19.32,20.63,19.32,20.58,262640
2021-03-23 07:00:00,20.58,20.58,19.32,19.32,216348
2021-03-24 07:00:00,19.27,19.69,18.38,18.8,141755
2021-03-25 07:00:00,18.8,18.8,18.02,18.28,168010
2021-03-26 07:00:00,17.76,19.11,17.5,18.64,141850
2021-03-29 07:00:00,18.75,18.8,18.38,18.44,63740
2021-03-30 07:00:00,18.44,18.44,17.76,17.81,91500
2021-03-31 07:00:00,17.76,18.8,17.76,18.07,162210
2021-04-01 07:00:00,18.12,18.54,18.07,18.17,48226
2021-04-02 07:00:00,18.49,18.75,18.23,18.33,94679
2021-04-05 07:00:00,18.7,18.7,17.76,18.23,131800
2021-04-06 07:00:00,18.54,20.0,18.54,20.0,338659
2021-04-07 07:00:00,21.15,21.41,20.05,20.26,78840
2021-04-08 07:00:00,20.26,20.73,19.85,20.26,106910
2021-04-09 07:00:00,20.79,21.67,19.85,20.84,292291
2021-04-12 07:00:00,20.84,21.2,20.42,20.63,85259
2021-04-13 07:00:00,20.63,20.84,19.85,19.95,67501
2021-04-14 07:00:00,19.95,20.21,19.58,20.11,51646
2021-04-15 07:00:00,20.11,20.63,19.95,20.16,58234
2021-04-16 07:00:00,20.26,20.26,18.8,20.05,70701
2021-04-19 07:00:00,20.89,20.89,20.0,20.37,79145
2021-04-20 07:00:00,20.16,20.47,19.85,20.32,80165
2021-04-22 07:00:00,20.32,20.32,19.38,19.43,89316
2021-04-23 07:00:00,19.43,19.79,18.85,19.79,68130
2021-04-26 07:00:00,20.11,20.16,19.58,19.58,59156
2021-04-27 07:00:00,19.85,20.11,19.58,19.79,53300
2021-04-28 07:00:00,19.85,19.95,19.69,19.9,35400
2021-04-29 07:00:00,20.37,20.37,18.02,19.85,47693
2021-05-04 07:00:00,19.85,20.89,19.01,20.52,162500
2021-05-05 07:00:00,20.58,20.89,20.37,20.58,52310
2021-05-06 07:00:00,20.58,21.67,20.58,21.15,192300
2021-05-07 07:00:00,21.15,21.57,20.63,21.41,142523
2021-05-10 07:00:00,21.41,21.67,21.15,21.62,78745
2021-05-11 07:00:00,21.78,22.2,21.15,21.88,160500
2021-05-12 07:00:00,22.04,22.04,21.41,21.94,102373
2021-05-13 07:00:00,22.04,22.09,20.94,21.67,55800
2021-05-14 07:00:00,21.67,21.83,21.1,21.41,72065
2021-05-17 07:00:00,21.41,23.5,21.41,23.08,170219
2021-05-18 07:00:00,23.08,24.55,23.08,24.29,120370
2021-05-19 07:00:00,24.29,25.02,24.02,24.81,124290
2021-05-20 07:00:00,25.07,25.07,23.71,23.71,70490
2021-05-21 07:00:00,23.71,25.07,22.98,25.07,59500
2021-05-24 07:00:00,24.7,24.7,24.18,24.49,72447
2021-05-25 07:00:00,24.49,24.76,23.92,23.97,84910
2021-05-26 07:00:00,23.97,24.29,23.5,23.97,108100
2021-05-27 07:00:00,24.02,24.29,22.98,23.45,124800
2021-05-28 07:00:00,23.03,23.35,22.82,23.08,175800
2021-05-31 07:00:00,23.03,24.02,23.03,23.29,56720
2021-06-01 07:00:00,23.5,23.76,23.08,23.71,70220
2021-06-02 07:00:00,23.71,24.55,23.71,24.39,79540
2021-06-03 07:00:00,24.44,24.55,24.13,24.44,157600
2021-06-04 07:00:00,24.44,24.49,23.61,23.92,136519
2021-06-07 07:00:00,23.92,23.92,23.03,23.76,80665
2021-06-08 07:00:00,23.76,23.76,23.29,23.61,61615
2021-06-09 07:00:00,23.76,24.18,23.5,23.76,96300
2021-06-10 07:00:00,23.92,25.07,23.5,24.76,333925
2021-06-11 07:00:00,25.07,25.64,24.91,25.38,78095
2021-06-14 07:00:00,25.59,27.89,25.59,27.84,115260
2021-06-15 07:00:00,27.68,27.84,26.9,27.37,274025
2021-06-16 07:00:00,27.37,27.73,26.37,26.64,50433
2021-06-17 07:00:00,26.58,29.25,26.53,28.72,73531
2021-06-18 07:00:00,28.72,31.34,28.72,30.6,131950
2021-06-21 07:00:00,30.6,31.6,30.6,31.28,114863
2021-06-22 07:00:00,31.28,32.9,30.29,30.81,110587
2021-06-23 07:00:00,30.81,31.07,30.29,30.81,24880
2021-06-24 07:00:00,30.55,30.66,30.03,30.5,38730
2021-06-25 07:00:00,30.5,30.55,29.77,30.5,38495
2021-06-28 07:00:00,30.55,31.86,30.55,30.97,108796
2021-06-29 07:00:00,32.41,34.02,32.02,32.41,30358
2021-06-30 07:00:00,32.58,33.24,32.36,32.69,50054
2021-07-01 07:00:00,32.63,33.52,32.13,32.24,60944
2021-07-02 07:00:00,32.69,32.69,32.02,32.13,56283
2021-07-05 07:00:00,32.36,32.69,31.64,32.36,38394
2021-07-06 07:00:00,32.47,32.63,31.91,31.91,50511
2021-07-07 07:00:00,31.91,32.19,30.53,32.08,234535
2021-07-08 07:00:00,32.08,32.24,31.3,32.08,81645
2021-07-09 07:00:00,32.19,32.41,31.69,31.91,41200
2021-07-12 07:00:00,31.91,31.91,30.08,30.53,279410
2021-07-13 07:00:00,30.47,30.75,30.47,30.53,25045
2021-07-14 07:00:00,29.7,30.64,27.59,30.47,53800
2021-07-15 07:00:00,30.47,30.47,27.81,30.36,86305
2021-07-16 07:00:00,30.36,31.3,29.92,31.03,65638
2021-07-19 07:00:00,30.47,30.53,30.03,30.31,22900
2021-07-20 07:00:00,30.31,30.47,30.25,30.47,19533
2021-07-21 07:00:00,30.47,31.86,30.47,30.86,84400
2021-07-22 07:00:00,30.86,32.69,30.64,32.24,171437
2021-07-23 07:00:00,32.13,33.02,32.13,32.41,56093
2021-07-26 07:00:00,32.36,34.63,32.36,34.57,107158
2021-07-27 07:00:00,34.46,34.74,34.07,34.41,63940
2021-07-28 07:00:00,34.57,37.84,34.52,37.01,139671
2021-07-29 07:00:00,37.67,39.89,37.67,39.89,129535
2021-07-30 07:00:00,40.17,40.17,39.06,39.89,91127
2021-08-02 07:00:00,39.5,39.89,38.78,39.06,101382
2021-08-03 07:00:00,39.06,39.39,38.78,39.34,68983
2021-08-04 07:00:00,39.34,43.16,38.78,42.66,208050
2021-08-05 07:00:00,42.66,43.77,42.6,43.21,35324
2021-08-06 07:00:00,43.21,47.09,43.21,44.32,206440
2021-08-09 07:00:00,44.32,46.54,44.32,45.15,93547
2021-08-10 07:00:00,45.65,45.65,44.05,44.82,94426
2021-08-11 07:00:00,44.82,44.82,43.49,44.27,68510
2021-08-12 07:00:00,43.77,45.43,42.66,44.88,80236
2021-08-13 07:00:00,43.99,45.43,43.93,45.04,61856
2021-08-16 07:00:00,44.99,45.15,43.77,45.15,43886
2021-08-17 07:00:00,45.37,45.37,44.1,44.32,41183
2021-08-18 07:00:00,44.05,44.32,43.82,44.21,32455
2021-08-19 07:00:00,44.21,44.21,43.33,43.49,67166
2021-08-20 07:00:00,43.55,43.77,41.55,41.61,157860
2021-08-23 07:00:00,38.78,42.11,38.78,39.34,89357
2021-08-24 07:00:00,39.28,39.34,35.46,35.46,300314
2021-08-25 07:00:00,35.18,37.67,35.18,36.79,112923
2021-08-26 07:00:00,36.79,38.28,36.79,37.67,103810
2021-08-27 07:00:00,37.67,37.67,36.84,37.67,110954
2021-08-30 07:00:00,37.67,38.23,36.46,37.78,122556
2021-08-31 07:00:00,37.51,39.89,37.4,39.83,52890
2021-09-01 07:00:00,39.34,40.44,38.78,39.39,58197
2021-09-06 07:00:00,39.34,39.34,37.67,37.67,90766
2021-09-07 07:00:00,37.4,37.4,35.46,36.18,130095
2021-09-08 07:00:00,36.01,36.95,36.01,36.29,51640
2021-09-09 07:00:00,36.29,36.84,35.73,36.4,53723
2021-09-10 07:00:00,36.01,36.46,35.79,36.46,59044
2021-09-13 07:00:00,37.06,37.12,35.9,36.12,50880
2021-09-14 07:00:00,36.07,36.07,35.68,35.9,72770
2021-09-15 07:00:00,36.01,36.01,35.68,36.01,43106
2021-09-16 07:00:00,36.01,36.01,35.46,35.68,31494
2021-09-17 07:00:00,35.73,35.85,35.24,35.62,48188
2021-09-20 07:00:00,35.68,35.79,35.46,35.57,57123
2021-09-21 07:00:00,35.46,35.46,34.35,34.68,67340
2021-09-22 07:00:00,34.68,37.67,34.57,37.06,45472
2021-09-23 07:00:00,37.56,37.56,36.29,36.46,44130
2021-09-24 07:00:00,36.29,36.29,35.18,35.46,17362
2021-09-27 07:00:00,35.46,36.51,34.35,34.35,76979
2021-09-28 07:00:00,34.35,34.35,33.8,34.35,39523
2021-09-29 07:00:00,34.35,36.4,33.8,36.4,76251
2021-09-30 07:00:00,36.01,40.0,35.46,40.0,206427
2021-10-01 07:00:00,41.28,43.99,41.28,43.99,315384
2021-10-04 07:00:00,45.43,46.82,43.99,44.32,104425
2021-10-05 07:00:00,44.32,45.43,42.11,45.43,235604
2021-10-06 07:00:00,45.43,45.54,44.54,45.26,104925
2021-10-07 07:00:00,49.75,49.75,44.32,44.88,95479
2021-10-08 07:00:00,44.88,44.88,43.55,44.6,113355
2021-10-11 07:00:00,44.6,44.88,43.82,44.6,78485
2021-10-12 07:00:00,44.6,48.75,44.32,48.15,249623
2021-10-13 07:00:00,48.15,48.48,47.09,48.15,81051
2021-10-14 07:00:00,48.2,48.2,47.09,48.09,55792
2021-10-15 07:00:00,47.26,48.09,46.98,47.59,89104
2021-10-18 07:00:00,47.59,50.42,47.15,49.31,158995
2021-10-19 07:00:00,49.31,50.69,48.26,50.69,96980
2021-10-20 07:00:00,50.69,50.69,49.03,50.69,48903
2021-10-21 07:00:00,50.69,51.8,50.69,51.69,101627
2021-10-22 07:00:00,51.8,55.4,51.8,55.4,157791
2021-10-25 07:00:00,55.4,59.84,55.4,58.17,83574
2021-10-26 07:00:00,60.33,60.94,55.96,58.45,90939
2021-10-27 07:00:00,58.73,63.16,58.12,60.94,159965
2021-10-28 07:00:00,64.21,64.27,58.28,58.45,136154
2021-10-29 07:00:00,58.56,60.39,57.95,60.33,119618
2021-11-01 07:00:00,60.33,63.71,58.12,63.71,274947
2021-11-02 07:00:00,65.93,66.43,64.38,65.93,216344
2021-11-03 07:00:00,66.48,72.02,61.0,68.15,299610
2021-11-04 07:00:00,68.15,74.96,65.65,74.96,331641
2021-11-05 07:00:00,82.44,82.44,75.35,81.28,168161
2021-11-08 07:00:00,80.89,81.44,77.56,78.67,161226
2021-11-09 07:00:00,78.67,81.44,75.9,78.89,202219
2021-11-10 07:00:00,79.23,79.72,77.62,79.5,102568
2021-11-11 07:00:00,79.72,80.89,78.95,80.33,133906
2021-11-12 07:00:00,79.78,80.89,78.12,79.72,118778
2021-11-15 07:00:00,78.67,78.67,76.84,78.67,142080
2021-11-16 07:00:00,78.4,78.45,74.74,76.46,134072
2021-11-17 07:00:00,76.46,77.45,74.9,74.96,131606
2021-11-18 07:00:00,75.62,75.62,69.25,72.25,234877
2021-11-19 07:00:00,72.25,73.69,70.92,70.92,159434
2021-11-22 07:00:00,72.02,74.79,68.15,68.7,186334
2021-11-23 07:00:00,68.42,70.36,63.71,70.36,111036
2021-11-24 07:00:00,71.47,74.79,71.47,74.52,126732
2021-11-25 07:00:00,74.52,76.12,72.58,75.79,102347
2021-11-26 07:00:00,76.4,78.67,73.13,73.13,85132
2021-11-29 07:00:00,69.25,73.69,68.15,73.35,101357
2021-11-30 07:00:00,73.35,73.35,71.47,72.02,33861
2021-12-01 07:00:00,72.02,72.02,69.86,70.2,53137
2021-12-02 07:00:00,70.92,72.85,70.92,72.02,80210
2021-12-03 07:00:00,73.13,73.13,70.47,70.92,56952
2021-12-06 07:00:00,70.92,71.47,68.15,69.14,113711
2021-12-07 07:00:00,68.7,69.92,68.42,69.2,54441
2021-12-08 07:00:00,69.25,69.81,68.87,69.2,25735
2021-12-09 07:00:00,69.14,72.3,69.14,69.92,40075
2021-12-10 07:00:00,71.86,72.02,69.97,72.02,79998
2021-12-13 07:00:00,72.02,78.67,72.02,77.56,132435
2021-12-14 07:00:00,77.56,77.62,74.46,74.46,99643
2021-12-15 07:00:00,74.46,74.46,71.8,72.19,41243
2021-12-16 07:00:00,72.19,74.79,72.02,73.13,108313
2021-12-17 07:00:00,73.13,73.69,70.36,72.02,70456
2021-12-20 07:00:00,72.58,72.58,71.47,71.97,47038
2021-12-21 07:00:00,71.53,72.02,70.92,71.53,35982
2021-12-22 07:00:00,71.08,71.47,69.25,69.25,87288
2021-12-23 07:00:00,69.25,72.3,69.25,69.81,80363
2021-12-24 07:00:00,69.81,70.92,69.81,70.92,17136
2021-12-27 07:00:00,71.47,72.02,71.08,71.47,44283
2021-12-28 07:00:00,71.47,71.91,71.19,71.36,23284
2021-12-29 07:00:00,70.36,71.47,64.27,69.81,32749
2021-12-30 07:00:00,69.81,70.86,68.7,69.92,21660
2021-12-31 07:00:00,69.97,70.36,68.98,69.75,21320
2022-01-04 07:00:00,69.81,70.36,68.15,69.81,73540
2022-01-05 07:00:00,70.31,70.36,68.2,69.53,40042
2022-01-06 07:00:00,68.75,70.86,68.7,70.08,59130
2022-01-07 07:00:00,69.81,70.31,68.75,70.31,51335
2022-01-10 07:00:00,69.81,76.46,69.81,73.63,159980
2022-01-11 07:00:00,73.58,73.58,71.19,72.58,27643
2022-01-12 07:00:00,72.52,72.58,69.86,70.8,33812
2022-01-13 07:00:00,66.48,71.47,66.48,69.25,43736
2022-01-14 07:00:00,67.09,70.36,67.04,69.81,29412
2022-01-17 07:00:00,69.81,70.36,63.16,63.16,61977
2022-01-18 07:00:00,63.16,65.87,56.84,56.84,80664
2022-01-19 07:00:00,56.84,59.28,51.52,58.73,95665
2022-01-20 07:00:00,59.28,64.6,59.28,63.16,33079
2022-01-21 07:00:00,63.16,66.48,61.05,66.48,34811
2022-01-24 07:00:00,63.77,66.76,59.84,61.22,77241
2022-01-25 07:00:00,62.05,63.71,60.67,61.5,30737
2022-01-26 07:00:00,62.05,62.05,55.35,55.68,82957
2022-01-27 07:00:00,55.96,57.62,53.74,55.4,51302
2022-01-28 07:00:00,55.46,60.39,52.69,60.39,42985
2022-02-07 07:00:00,60.5,60.94,56.01,58.17,40867
2022-02-08 07:00:00,58.12,58.17,55.13,55.13,52481
2022-02-09 07:00:00,55.13,57.84,52.08,57.51,62153
2022-02-10 07:00:00,57.51,57.9,56.07,57.51,17623
2022-02-11 07:00:00,57.06,57.51,55.96,57.45,29757
2022-02-14 07:00:00,57.45,57.45,54.85,56.46,91881
2022-02-15 07:00:00,56.46,56.46,54.29,55.35,41949
2022-02-16 07:00:00,55.4,55.96,54.85,55.4,30407
2022-02-17 07:00:00,56.46,56.46,55.13,55.79,24279
2022-02-18 07:00:00,55.4,55.96,54.9,55.96,35042
2022-02-21 07:00:00,55.96,59.84,55.96,58.67,55501
2022-02-22 07:00:00,58.17,58.17,56.79,58.01,44522
2022-02-23 07:00:00,57.95,60.39,57.4,58.73,29239
2022-02-24 07:00:00,57.62,58.73,55.02,56.51,64165
2022-02-25 07:00:00,56.79,57.06,55.96,56.18,26374
2022-02-28 07:00:00,55.51,56.46,55.4,55.46,28326
2022-03-01 07:00:00,55.96,58.17,54.96,57.34,41110
2022-03-02 07:00:00,56.01,56.79,55.51,56.29,9954
2022-03-03 07:00:00,56.29,57.56,55.62,55.96,47422
2022-03-04 07:00:00,55.96,56.51,55.68,55.96,30670
2022-03-07 07:00:00,55.96,57.62,55.46,55.68,52461
2022-03-08 07:00:00,55.68,56.23,55.29,55.29,57267
2022-03-09 07:00:00,55.35,56.23,54.79,55.68,68700
2022-03-10 07:00:00,56.23,61.22,56.23,61.22,145708
2022-03-11 07:00:00,66.76,67.31,63.71,63.71,120635
2022-03-14 07:00:00,66.37,66.37,61.5,63.71,53465
2022-03-15 07:00:00,61.55,63.66,61.55,62.05,47050
2022-03-16 07:00:00,61.77,62.88,61.55,61.77,43537
2022-03-17 07:00:00,61.77,63.38,61.77,62.77,35020
2022-03-18 07:00:00,62.77,63.1,62.05,62.88,40226
2022-03-21 07:00:00,62.83,64.82,62.83,63.44,45457
2022-03-22 07:00:00,63.44,64.21,62.66,62.66,43053
2022-03-23 07:00:00,62.88,62.88,61.5,61.5,67116
2022-03-24 07:00:00,61.5,63.16,61.22,62.49,32262
2022-03-25 07:00:00,62.49,62.49,61.5,62.11,43418
2022-03-28 07:00:00,62.66,67.59,62.61,64.71,158682
2022-03-29 07:00:00,65.38,67.04,63.99,66.93,110281
2022-03-30 07:00:00,66.76,67.04,63.66,63.99,54472
2022-03-31 07:00:00,63.99,64.82,62.61,63.38,27850
2022-04-01 07:00:00,62.61,62.61,61.83,62.27,93786
2022-04-04 07:00:00,62.27,62.88,61.77,62.22,68050
2022-04-05 07:00:00,62.22,62.22,61.39,61.55,82108
2022-04-06 07:00:00,61.55,61.77,59.28,59.84,101006
2022-04-07 07:00:00,59.84,60.39,57.06,57.06,78725
2022-04-08 07:00:00,56.01,57.34,56.01,57.06,30503
2022-04-12 07:00:00,58.17,58.17,54.85,55.35,43602
2022-04-13 07:00:00,54.85,58.17,54.85,58.17,38839
2022-04-14 07:00:00,58.17,58.17,55.96,55.96,25423
2022-04-15 07:00:00,55.96,55.96,50.42,53.74,65912
2022-04-18 07:00:00,53.74,53.74,48.42,49.2,85722
2022-04-19 07:00:00,49.86,51.52,47.09,47.09,45324
2022-04-20 07:00:00,47.09,48.2,45.54,45.71,66637
2022-04-21 07:00:00,45.71,45.76,41.16,41.16,118043
2022-04-22 07:00:00,41.55,44.88,38.78,41.5,97687
2022-04-25 07:00:00,42.66,42.66,37.4,37.4,99354
2022-04-26 07:00:00,37.4,41.0,34.63,41.0,67474
2022-04-27 07:00:00,41.05,45.1,39.34,45.1,123800
2022-04-28 07:00:00,46.26,48.42,46.26,47.37,65219
2022-04-29 07:00:00,47.65,47.92,46.54,46.54,43250
2022-05-04 07:00:00,49.86,51.14,47.09,47.54,35442
2022-05-05 07:00:00,47.65,49.25,45.15,46.32,51770
2022-05-06 07:00:00,46.1,46.26,44.32,44.32,26406
2022-05-09 07:00:00,44.32,44.32,39.89,39.89,71021
2022-05-10 07:00:00,38.78,41.55,37.12,41.55,54700
2022-05-11 07:00:00,42.11,42.72,41.55,42.66,24720
2022-05-12 07:00:00,42.11,42.16,38.78,38.78,44443
2022-05-13 07:00:00,38.78,38.78,34.9,35.46,117135
2022-05-16 07:00:00,35.46,38.78,34.9,36.51,71406
2022-05-17 07:00:00,36.01,40.0,36.01,39.78,31400
2022-05-18 07:00:00,40.44,41.44,38.89,38.89,52410
2022-05-19 07:00:00,37.12,39.34,37.12,38.84,32800
2022-05-20 07:00:00,39.34,39.61,38.95,39.5,16000
2022-05-23 07:00:00,39.45,39.61,37.78,37.78,26650
2022-05-24 07:00:00,37.95,38.78,37.12,38.23,12800
2022-05-25 07:00:00,38.12,39.89,37.95,39.06,28700
2022-05-26 07:00:00,39.11,40.11,39.06,39.17,25705
2022-05-27 07:00:00,39.23,39.61,39.23,39.28,18280
2022-05-30 07:00:00,39.34,40.11,39.34,40.11,22250
2022-05-31 07:00:00,40.11,43.77,39.61,42.72,69074
2022-06-01 07:00:00,42.72,42.72,41.28,42.05,37690
2022-06-02 07:00:00,42.05,42.66,41.11,41.44,20631
2022-06-03 07:00:00,41.5,41.66,40.06,40.67,66191
2022-06-06 07:00:00,40.72,41.0,39.28,39.28,27981
2022-06-07 07:00:00,39.34,39.34,36.57,37.95,42473
2022-06-08 07:00:00,38.01,39.89,37.95,39.28,20767
2022-06-09 07:00:00,39.06,40.44,39.06,39.56,41624
2022-06-10 07:00:00,39.56,40.44,39.45,39.56,38464
2022-06-13 07:00:00,38.84,39.34,36.01,36.57,83025
2022-06-14 07:00:00,36.57,37.9,34.35,37.4,49014
2022-06-15 07:00:00,37.4,38.23,34.79,35.73,40559
2022-06-16 07:00:00,36.46,36.57,34.35,36.57,83608
2022-06-17 07:00:00,36.57,36.57,33.24,36.29,49947
2022-06-20 07:00:00,36.29,36.29,33.46,33.8,51549
2022-06-21 07:00:00,33.8,35.79,30.42,30.42,74551
2022-06-22 07:00:00,30.58,33.41,30.53,31.58,58557
2022-06-23 07:00:00,31.86,33.74,31.86,32.85,81110
2022-06-24 07:00:00,32.8,35.35,32.19,33.3,56816
2022-06-27 07:00:00,35.96,35.96,33.48,35.22,14048
2022-06-28 07:00:00,36.4,36.4,34.72,35.53,25126
2022-06-29 07:00:00,35.34,35.34,34.72,35.03,13996
2022-06-30 07:00:00,34.72,35.34,33.17,34.29,29246
2022-07-01 07:00:00,33.36,34.29,30.88,33.79,81825
2022-07-04 07:00:00,33.79,34.66,32.86,32.93,15630
2022-07-05 07:00:00,32.24,33.17,31.0,31.31,31100
2022-07-06 07:00:00,29.82,31.62,29.76,30.88,44773
2022-07-07 07:00:00,30.88,30.88,29.45,29.76,41528
2022-07-08 07:00:00,29.76,30.75,29.76,30.38,35535
2022-07-11 07:00:00,31.62,31.62,29.76,30.2,30875
2022-07-12 07:00:00,30.44,31.0,30.01,31.0,25490
2022-07-13 07:00:00,31.0,32.24,31.0,31.0,62676
2022-07-14 07:00:00,30.26,31.44,30.26,31.44,10926
2022-07-15 07:00:00,31.62,31.93,31.37,31.37,24703
2022-07-18 07:00:00,31.62,31.93,31.19,31.31,24862
2022-07-19 07:00:00,30.75,31.56,30.38,31.0,11908
2022-07-20 07:00:00,31.56,32.86,31.0,32.55,46010
2022-07-21 07:00:00,32.55,33.79,32.55,33.24,22304
2022-07-22 07:00:00,32.99,34.41,32.99,33.61,40103
2022-07-25 07:00:00,33.67,33.67,32.43,33.05,23315
2022-07-26 07:00:00,32.86,33.05,32.24,32.74,20975
2022-07-27 07:00:00,32.68,33.3,32.62,33.3,13615
2022-07-28 07:00:00,33.42,35.03,33.42,35.03,102572
2022-07-29 07:00:00,36.15,37.02,35.96,36.27,57463
2022-08-01 07:00:00,37.76,37.76,37.14,37.51,27610
2022-08-02 07:00:00,38.51,41.23,38.13,41.23,86320
2022-08-03 07:00:00,42.16,44.33,41.85,43.4,143310
2022-08-04 07:00:00,43.96,45.2,42.54,43.28,82402
2022-08-05 07:00:00,43.53,43.53,42.78,43.4,67810
2022-08-08 07:00:00,43.4,46.38,42.78,44.64,70030
2022-08-09 07:00:00,45.26,45.39,44.02,44.27,59815
2022-08-10 07:00:00,44.02,44.95,44.02,44.27,44522
2022-08-11 07:00:00,45.26,45.57,42.78,42.85,120751
2022-08-12 07:00:00,42.78,43.4,42.78,42.91,35950
2022-08-15 07:00:00,44.58,45.88,43.9,45.26,141401
2022-08-16 07:00:00,45.33,45.45,44.58,44.64,58277
2022-08-17 07:00:00,44.64,45.26,43.09,43.16,262189
2022-08-18 07:00:00,43.16,43.9,42.85,43.34,21645
2022-08-19 07:00:00,43.4,43.96,43.09,43.47,65542
2022-08-22 07:00:00,43.65,43.65,42.23,42.29,53727
2022-08-23 07:00:00,42.78,42.78,42.16,42.72,32703
2022-08-24 07:00:00,42.78,44.33,42.78,43.34,48300
2022-08-25 07:00:00,43.4,44.64,42.54,44.33,124304
2022-08-26 07:00:00,44.33,44.58,43.47,43.47,51950
2022-08-29 07:00:00,42.54,43.71,41.85,43.71,133413
2022-08-30 07:00:00,43.96,45.02,43.71,44.02,88907
2022-08-31 07:00:00,44.58,48.43,44.02,48.43,423484
2022-09-05 07:00:00,48.98,50.22,48.49,49.54,122112
2022-09-06 07:00:00,49.54,50.16,47.87,48.18,89317
2022-09-07 07:00:00,48.3,52.39,45.88,51.46,353325
2022-09-08 07:00:00,51.46,51.53,49.79,49.79,106510
2022-09-09 07:00:00,50.72,50.72,46.5,49.79,262972
2022-09-12 07:00:00,49.79,49.79,48.18,48.24,167916
2022-09-13 07:00:00,48.24,49.6,46.81,49.6,169288
2022-09-14 07:00:00,48.86,50.29,48.24,49.6,109604
2022-09-15 07:00:00,48.92,50.22,48.55,48.67,98448
2022-09-16 07:00:00,48.74,48.8,47.12,47.12,111665
2022-09-19 07:00:00,46.5,46.81,42.41,42.41,281527
2022-09-20 07:00:00,42.78,44.64,39.68,42.16,200582
2022-09-21 07:00:00,43.4,43.4,41.54,42.91,54685
2022-09-22 07:00:00,41.54,43.4,41.54,42.35,61316
2022-09-23 07:00:00,42.16,43.16,42.16,42.78,49784
2022-09-26 07:00:00,42.29,42.29,38.75,39.37,118863
2022-09-27 07:00:00,39.56,39.93,37.76,37.76,132397
2022-09-28 07:00:00,37.76,38.13,35.96,37.2,159343
2022-09-29 07:00:00,37.7,38.94,36.77,37.76,60980
2022-09-30 07:00:00,37.7,38.44,36.65,38.44,83286
2022-10-03 07:00:00,37.27,38.44,35.96,36.58,44105
2022-10-04 07:00:00,37.51,37.51,35.65,35.84,48509
2022-10-05 07:00:00,36.58,37.51,35.84,37.45,84536
2022-10-06 07:00:00,37.2,37.2,34.72,34.72,60161
2022-10-07 07:00:00,35.22,35.22,31.62,32.24,96930
2022-10-10 07:00:00,31.62,33.42,31.62,33.17,44198
2022-10-11 07:00:00,33.48,33.48,29.89,29.89,87500
2022-10-12 07:00:00,30.38,31.31,29.51,31.0,36839
2022-10-13 07:00:00,31.06,31.31,30.38,30.69,60027
2022-10-14 07:00:00,31.62,31.87,30.44,31.25,47245
2022-10-17 07:00:00,31.25,31.25,30.07,30.38,33106
2022-10-18 07:00:00,31.0,32.86,31.0,31.37,52254
2022-10-19 07:00:00,31.62,31.62,30.69,31.0,35530
2022-10-20 07:00:00,31.0,31.56,30.13,30.75,44325
2022-10-21 07:00:00,31.0,31.0,27.72,27.72,117519
2022-10-24 07:00:00,27.78,27.78,24.99,24.99,93149
2022-10-25 07:00:00,23.87,25.42,22.51,22.51,121794
2022-10-26 07:00:00,22.94,23.5,20.65,21.7,69443
2022-10-27 07:00:00,23.25,23.87,21.76,23.87,71254
2022-10-28 07:00:00,25.11,26.23,25.11,26.23,117883
2022-10-31 07:00:00,26.66,28.4,25.11,26.72,257803
2022-11-01 07:00:00,28.21,29.14,27.28,27.72,129513
2022-11-02 07:00:00,27.9,27.9,26.41,27.1,89157
2022-11-03 07:00:00,26.1,27.59,26.04,26.6,53705
2022-11-04 07:00:00,26.04,26.04,24.0,24.06,154883
2022-11-07 07:00:00,24.37,24.37,21.7,21.7,113443
2022-11-08 07:00:00,21.7,23.56,19.9,23.19,71980
2022-11-09 07:00:00,24.37,24.55,23.19,23.19,31486
2022-11-10 07:00:00,22.38,23.19,20.9,20.9,113535
2022-11-11 07:00:00,21.7,21.83,18.85,18.85,112606
2022-11-14 07:00:00,17.49,18.54,16.99,16.99,109241
2022-11-15 07:00:00,15.38,16.12,15.32,15.32,82462
2022-11-16 07:00:00,13.83,16.8,13.83,16.8,304603
2022-11-17 07:00:00,17.36,18.48,17.36,18.48,43906
2022-11-18 07:00:00,18.66,20.28,18.17,20.28,352427
2022-11-21 07:00:00,21.08,22.26,21.08,22.26,101830
2022-11-22 07:00:00,22.63,24.43,22.32,24.31,323330
2022-11-23 07:00:00,24.74,25.55,22.38,23.56,201764
2022-11-24 07:00:00,23.25,25.92,22.32,25.92,198148
2022-11-25 07:00:00,28.21,28.46,27.34,28.46,203642
2022-11-28 07:00:00,30.07,31.25,30.07,31.25,75267
2022-11-29 07:00:00,34.1,34.29,28.52,31.0,371883
2022-11-30 07:00:00,27.9,31.68,27.9,29.76,165942
2022-12-01 07:00:00,30.88,32.62,29.64,30.38,311275
2022-12-02 07:00:00,29.76,31.87,28.52,30.94,169853
2022-12-05 07:00:00,31.0,32.12,28.52,28.52,262211
2022-12-06 07:00:00,28.83,29.7,25.67,25.67,473688
2022-12-07 07:00:00,25.67,25.67,23.56,23.56,178017
2022-12-08 07:00:00,22.32,25.92,22.32,25.92,113994
2022-12-09 07:00:00,26.66,28.46,26.04,27.22,212465
2022-12-12 07:00:00,27.22,28.52,24.55,25.11,103583
2022-12-13 07:00:00,25.11,25.42,23.69,25.42,121562
2022-12-14 07:00:00,27.28,27.9,26.48,26.48,137368
2022-12-15 07:00:00,26.48,27.28,26.04,26.79,85103
2022-12-16 07:00:00,26.66,27.28,26.04,26.04,74787
2022-12-19 07:00:00,26.54,26.66,23.87,24.24,156939
2022-12-20 07:00:00,24.18,25.36,22.57,23.44,156002
2022-12-21 07:00:00,21.14,24.18,21.14,22.94,83522
2022-12-22 07:00:00,22.94,23.75,22.88,23.56,83321
2022-12-23 07:00:00,24.18,24.24,23.31,24.24,48810
2022-12-26 07:00:00,25.11,25.11,22.32,22.32,121826
2022-12-27 07:00:00,22.32,23.87,21.89,23.75,82315
2022-12-28 07:00:00,24.18,24.37,23.31,23.38,52033
2022-12-29 07:00:00,23.75,23.75,22.82,22.94,45569
2022-12-30 07:00:00,23.44,23.44,22.38,22.63,47050
2023-01-03 07:00:00,22.63,24.62,22.32,24.12,108316
2023-01-04 07:00:00,25.42,25.42,23.87,24.37,57647
2023-01-05 07:00:00,23.87,24.37,23.69,24.0,35863
2023-01-06 07:00:00,25.42,25.42,22.94,23.0,67032
2023-01-09 07:00:00,23.87,23.87,22.69,22.76,55379
2023-01-10 07:00:00,20.65,23.31,20.65,23.31,29326
2023-01-11 07:00:00,23.56,24.0,23.19,23.87,60000
2023-01-12 07:00:00,24.06,24.18,23.38,23.5,41123
2023-01-13 07:00:00,23.87,24.12,23.25,23.25,30332
2023-01-16 07:00:00,23.25,23.25,22.69,22.69,59270
2023-01-17 07:00:00,22.94,23.56,22.63,23.25,56855
2023-01-18 07:00:00,23.44,24.68,23.44,24.43,123785
2023-01-19 07:00:00,24.49,25.17,24.18,24.62,102679
2023-01-27 07:00:00,24.8,25.48,24.24,24.24,55403
2023-01-30 07:00:00,24.31,26.66,24.12,25.98,218421
2023-01-31 07:00:00,25.98,26.04,24.24,25.79,144218
2023-02-01 07:00:00,25.86,26.35,23.75,23.75,161368
2023-02-02 07:00:00,23.75,24.37,22.94,23.38,137456
2023-02-03 07:00:00,23.44,24.0,22.63,23.13,82861
2023-02-06 07:00:00,23.07,23.56,22.82,23.25,58122
2023-02-07 07:00:00,23.44,23.56,22.38,22.38,116746
2023-02-08 07:00:00,22.38,22.88,21.58,22.32,99467
2023-02-09 07:00:00,22.32,22.51,22.2,22.2,30443
2023-02-10 07:00:00,22.2,22.38,21.58,22.14,84122
2023-02-13 07:00:00,21.58,22.07,19.97,19.97,197312
2023-02-14 07:00:00,19.97,20.77,19.84,20.46,63811
2023-02-15 07:00:00,22.01,22.01,20.46,21.14,42449
2023-02-16 07:00:00,21.7,21.7,20.77,21.27,34120
2023-02-17 07:00:00,20.46,22.2,20.46,21.27,41040
2023-02-20 07:00:00,21.27,22.69,21.27,22.63,124778
2023-02-21 07:00:00,22.88,23.25,22.01,22.01,99404
2023-02-22 07:00:00,21.21,21.95,20.77,20.77,81084
2023-02-23 07:00:00,20.59,21.08,19.9,21.08,91773
2023-02-24 07:00:00,21.21,21.21,20.46,20.59,20126
2023-02-27 07:00:00,20.21,20.4,19.53,19.53,60668
2023-02-28 07:00:00,20.28,20.28,19.22,19.28,57951
2023-03-01 07:00:00,19.1,19.53,18.42,19.35,125024
2023-03-02 07:00:00,19.35,19.78,19.35,19.66,19709
2023-03-03 07:00:00,19.97,19.97,18.97,18.97,27971
2023-03-06 07:00:00,19.35,20.34,19.35,19.35,62822
2023-03-07 07:00:00,18.66,19.78,17.86,19.35,27940
2023-03-08 07:00:00,19.22,19.66,18.97,19.53,52919
2023-03-09 07:00:00,17.61,20.71,17.61,20.03,65256
2023-03-10 07:00:00,20.03,20.15,19.59,19.59,32233
2023-03-13 07:00:00,19.28,19.78,19.22,19.35,26242
2023-03-14 07:00:00,19.35,19.53,18.79,19.1,31631
2023-03-15 07:00:00,19.22,20.46,19.22,19.97,62666
2023-03-16 07:00:00,20.03,20.03,19.28,19.47,34277
2023-03-17 07:00:00,19.66,19.84,19.35,19.35,44600
2023-03-20 07:00:00,19.35,19.66,17.42,18.6,70624
2023-03-21 07:00:00,18.91,19.16,18.54,18.79,44425
2023-03-22 07:00:00,19.1,19.28,18.79,18.79,38830
2023-03-23 07:00:00,18.79,18.97,18.66,18.97,14429
2023-03-24 07:00:00,19.22,19.41,18.91,19.22,47868
2023-03-27 07:00:00,19.28,19.53,19.22,19.53,33958
2023-03-28 07:00:00,17.98,20.09,17.98,19.84,68644
2023-03-29 07:00:00,19.53,19.72,19.47,19.72,33925
2023-03-30 07:00:00,19.72,20.34,19.72,19.78,84228
2023-03-31 07:00:00,20.15,20.34,19.66,20.15,77179
2023-04-03 07:00:00,20.15,22.14,20.15,22.14,204397
2023-04-04 07:00:00,22.94,23.56,22.63,23.07,138542
2023-04-05 07:00:00,23.07,23.38,22.51,22.88,117071
2023-04-06 07:00:00,22.57,24.06,22.38,23.0,139626
2023-04-07 07:00:00,23.56,23.56,22.51,23.13,68577
2023-04-10 07:00:00,22.76,24.06,20.83,23.31,228930
2023-04-11 07:00:00,23.31,24.06,22.63,24.06,127890
2023-04-12 07:00:00,24.18,24.43,23.44,23.56,93225
2023-04-13 07:00:00,23.75,23.75,22.88,23.0,71238
2023-04-14 07:00:00,23.13,23.13,21.7,21.7,96720
2023-04-17 07:00:00,21.7,22.2,21.08,22.14,64325
2023-04-18 07:00:00,22.14,22.82,21.89,22.82,20297
2023-04-19 07:00:00,22.82,22.82,22.07,22.07,55104
2023-04-20 07:00:00,22.07,22.32,21.95,22.32,29444
2023-04-21 07:00:00,22.26,22.88,22.14,22.57,71957
2023-04-24 07:00:00,22.57,22.57,22.26,22.32,69057
2023-04-25 07:00:00,22.57,22.63,21.89,22.2,44532
2023-04-26 07:00:00,22.2,22.51,21.89,22.45,33900
2023-04-27 07:00:00,22.63,23.07,22.51,22.76,69730
2023-04-28 07:00:00,23.13,23.38,22.94,23.07,112644
2023-05-04 07:00:00,23.0,23.31,22.88,23.0,82278
2023-05-05 07:00:00,22.63,22.82,22.45,22.45,73353
2023-05-08 07:00:00,22.51,23.56,22.51,23.25,83819
2023-05-09 07:00:00,23.25,23.25,22.69,22.94,30611
2023-05-10 07:00:00,23.0,24.49,23.0,24.18,254974
2023-05-11 07:00:00,24.49,25.36,24.49,24.55,119914
2023-05-12 07:00:00,24.74,24.74,23.93,24.49,74253
2023-05-15 07:00:00,24.62,25.3,24.43,24.43,127696
2023-05-16 07:00:00,24.24,24.62,24.06,24.18,131440
2023-05-17 07:00:00,24.18,25.24,24.06,24.24,127456
2023-05-18 07:00:00,24.24,24.68,24.18,24.49,45090
2023-05-19 07:00:00,24.37,24.68,23.87,24.24,96842
2023-05-22 07:00:00,24.62,24.68,24.18,24.49,66197
2023-05-23 07:00:00,24.68,24.86,24.43,24.55,79376
2023-05-24 07:00:00,24.93,25.98,24.62,25.05,164417
2023-05-25 07:00:00,26.11,26.64,25.66,26.26,123239
2023-05-26 07:00:00,26.41,26.49,25.96,26.19,46748
2023-05-29 07:00:00,26.41,26.49,25.88,26.19,122174
2023-05-30 07:00:00,26.19,26.56,26.11,26.34,86044
2023-05-31 07:00:00,26.41,27.85,26.26,27.09,103777
2023-06-01 07:00:00,26.72,27.17,26.11,26.94,61455
2023-06-02 07:00:00,27.17,27.17,26.49,26.56,121845
2023-06-05 07:00:00,26.64,27.17,25.96,26.11,95900
2023-06-06 07:00:00,26.19,26.34,26.03,26.19,39201
2023-06-07 07:00:00,26.19,26.79,25.73,26.49,81396
2023-06-08 07:00:00,26.49,26.94,25.96,25.96,87686
2023-06-09 07:00:00,25.73,26.11,25.66,25.73,74476
2023-06-12 07:00:00,25.73,26.41,25.66,26.34,87849
2023-06-13 07:00:00,26.49,26.49,25.96,26.34,55529
2023-06-14 07:00:00,26.49,26.87,25.73,26.26,52826
2023-06-15 07:00:00,25.88,26.41,25.88,26.11,29905
2023-06-16 07:00:00,26.41,26.72,25.73,25.73,92517
2023-06-19 07:00:00,25.73,25.88,24.6,25.28,172613
2023-06-20 07:00:00,25.73,25.73,25.13,25.58,53816
2023-06-21 07:00:00,25.5,25.81,25.5,25.66,36375
2023-06-22 07:00:00,25.73,26.34,25.73,26.19,106950
2023-06-23 07:00:00,26.41,26.49,26.11,26.19,82454
2023-06-26 07:00:00,25.81,25.88,24.97,25.35,156890
2023-06-27 07:00:00,25.35,25.88,25.2,25.66,30450
2023-06-28 07:00:00,23.16,25.73,23.16,24.97,124239
2023-06-29 07:00:00,24.9,24.9,24.22,24.22,117097
2023-06-30 07:00:00,24.22,24.6,23.76,23.76,44601
2023-07-03 07:00:00,24.22,24.22,22.93,22.93,93446
2023-07-04 07:00:00,22.93,24.22,22.93,23.99,39025
2023-07-05 07:00:00,24.22,24.52,23.23,23.61,93660
2023-07-06 07:00:00,23.61,23.84,23.16,23.54,61093
2023-07-07 07:00:00,23.46,23.84,23.16,23.84,38030
2023-07-10 07:00:00,23.39,24.14,23.39,23.92,42141
2023-07-11 07:00:00,23.99,24.14,23.69,23.92,38764
2023-07-12 07:00:00,23.69,23.99,23.54,23.54,35308
2023-07-13 07:00:00,23.76,25.58,23.61,25.5,146241
2023-07-14 07:00:00,25.58,25.88,24.82,25.35,107726
2023-07-17 07:00:00,25.35,26.41,25.35,26.03,163196
2023-07-18 07:00:00,26.03,26.19,25.58,25.73,79923
2023-07-19 07:00:00,25.73,25.96,25.35,25.43,97582
2023-07-20 07:00:00,25.43,26.34,25.28,26.11,109611
2023-07-21 07:00:00,26.11,28.68,26.11,28.68,575404
2023-07-24 07:00:00,28.68,30.2,28.68,29.21,338012
2023-07-25 07:00:00,29.14,29.14,28.08,28.3,334148
2023-07-26 07:00:00,28.3,29.36,28.15,28.99,181902
2023-07-27 07:00:00,28.99,29.82,28.61,29.14,198238
2023-07-28 07:00:00,28.76,29.52,28.53,29.29,187714
2023-07-31 07:00:00,29.29,29.52,28.53,28.83,255252
2023-08-01 07:00:00,28.83,30.2,28.68,29.21,453769
2023-08-02 07:00:00,29.21,29.97,29.14,29.52,125509
2023-08-03 07:00:00,29.52,29.97,28.91,29.52,223854
2023-08-04 07:00:00,29.52,31.33,29.52,31.18,408859
2023-08-07 07:00:00,31.33,31.79,30.58,30.65,131511
2023-08-08 07:00:00,30.65,30.65,29.21,29.21,342973
2023-08-09 07:00:00,28.83,29.52,28.83,29.06,154141
2023-08-10 07:00:00,29.06,29.44,28.83,28.91,169860
2023-08-11 07:00:00,28.91,29.52,28.76,29.44,161539
2023-08-14 07:00:00,30.2,30.65,29.74,29.89,237728
2023-08-15 07:00:00,30.2,30.58,29.74,29.97,101778
2023-08-16 07:00:00,29.97,30.35,29.21,29.36,143528
2023-08-17 07:00:00,29.52,29.52,29.06,29.06,120683
2023-08-18 07:00:00,28.68,28.99,26.19,26.19,586570
2023-08-21 07:00:00,25.73,27.17,25.73,26.72,112557
2023-08-22 07:00:00,27.09,27.25,25.96,26.94,93063
2023-08-23 07:00:00,27.25,27.25,26.72,26.72,41309
2023-08-24 07:00:00,26.72,27.55,26.49,27.32,97380
2023-08-25 07:00:00,27.4,27.62,26.64,26.64,93096
2023-08-28 07:00:00,26.64,26.72,25.88,26.72,176474
2023-08-29 07:00:00,26.72,27.62,26.49,26.49,116088
2023-08-30 07:00:00,27.02,27.09,26.34,26.72,90772
2023-08-31 07:00:00,26.72,27.09,26.64,26.79,110071
2023-09-05 07:00:00,26.72,28.0,26.72,28.0,170097
2023-09-06 07:00:00,28.38,28.38,27.77,28.0,84338
2023-09-07 07:00:00,28.0,28.76,27.93,28.15,189327
2023-09-08 07:00:00,28.08,28.68,27.93,28.53,133938
2023-09-11 07:00:00,28.53,28.91,27.7,27.7,182171
2023-09-12 07:00:00,27.7,28.3,27.47,28.3,79842
2023-09-13 07:00:00,28.46,28.76,27.7,27.7,116248
2023-09-14 07:00:00,28.0,28.0,26.79,26.94,170382
2023-09-15 07:00:00,26.94,27.4,26.72,26.87,54838
2023-09-18 07:00:00,26.87,26.87,25.96,26.26,63964
2023-09-19 07:00:00,26.26,26.49,25.66,26.11,84559
2023-09-20 07:00:00,26.34,26.87,25.96,26.64,84443
2023-09-21 07:00:00,26.64,27.02,26.64,26.72,46249
2023-09-22 07:00:00,26.49,26.49,25.35,25.35,150966
2023-09-25 07:00:00,25.35,25.66,23.08,23.23,114510
2023-09-26 07:00:00,23.23,23.61,22.33,22.33,104357
2023-09-27 07:00:00,22.33,23.39,22.33,23.39,96915
2023-09-28 07:00:00,23.46,23.99,23.08,23.69,53109
2023-09-29 07:00:00,23.76,24.07,23.46,23.46,36592
2023-10-02 07:00:00,23.99,23.99,23.31,23.39,18551
2023-10-03 07:00:00,23.31,23.61,22.02,22.17,109888
2023-10-04 07:00:00,22.17,22.63,21.95,22.4,42787
2023-10-05 07:00:00,22.48,23.23,22.33,22.33,37634
2023-10-06 07:00:00,22.33,23.01,22.33,22.7,26375
2023-10-09 07:00:00,22.7,23.31,22.7,23.23,49911
2023-10-10 07:00:00,23.54,23.61,23.23,23.39,39396
2023-10-11 07:00:00,23.61,23.61,22.7,23.23,29659
2023-10-12 07:00:00,23.39,23.61,23.16,23.16,42200
2023-10-13 07:00:00,23.16,23.39,22.7,23.39,42580
2023-10-16 07:00:00,23.46,23.46,22.93,22.93,33244
2023-10-17 07:00:00,22.93,23.16,22.7,22.7,30893
2023-10-18 07:00:00,22.7,22.7,20.74,20.81,121025
2023-10-19 07:00:00,19.68,22.17,18.92,21.04,33117
2023-10-20 07:00:00,21.72,22.17,20.81,22.1,40150
2023-10-23 07:00:00,22.63,22.63,21.27,21.57,39076
2023-10-24 07:00:00,22.25,22.25,21.19,21.57,25538
2023-10-25 07:00:00,21.95,21.95,21.57,21.57,25728
2023-10-26 07:00:00,21.57,21.57,20.28,20.66,85799
2023-10-27 07:00:00,21.19,21.19,20.28,21.11,58485
2023-10-30 07:00:00,22.4,22.4,20.74,20.81,17194
2023-10-31 07:00:00,21.42,21.42,20.13,20.13,85920
2023-11-01 07:00:00,20.81,20.81,20.06,20.43,31715
2023-11-02 07:00:00,20.81,21.64,20.51,21.49,53813
2023-11-03 07:00:00,21.64,21.64,21.19,21.57,32798
2023-11-06 07:00:00,21.95,21.95,21.04,21.19,36661
2023-11-07 07:00:00,21.64,21.64,21.04,21.27,25211
2023-11-08 07:00:00,21.72,22.4,21.11,22.1,101404
2023-11-09 07:00:00,22.25,23.08,22.25,22.7,146636
2023-11-10 07:00:00,23.01,23.01,22.17,22.55,64815
2023-11-13 07:00:00,22.78,22.78,20.96,21.87,61819
2023-11-14 07:00:00,22.25,22.63,21.57,21.64,67749
2023-11-15 07:00:00,22.02,22.4,21.49,21.8,92174
2023-11-16 07:00:00,21.8,21.95,21.57,21.95,16548
2023-11-17 07:00:00,22.02,22.33,21.19,21.34,112103
2023-11-20 07:00:00,21.19,21.64,20.89,21.57,47226
2023-11-21 07:00:00,21.57,21.95,21.19,21.64,22839
2023-11-22 07:00:00,21.64,21.95,21.49,21.95,61752
2023-11-23 07:00:00,21.8,23.31,21.8,22.25,115578
2023-11-24 07:00:00,22.25,22.25,21.64,21.87,73626
2023-11-27 07:00:00,22.63,22.63,21.19,21.19,63700
2023-11-28 07:00:00,22.17,22.17,21.04,21.34,32920
2023-11-29 07:00:00,21.34,21.8,21.34,21.57,12841
2023-11-30 07:00:00,21.95,21.95,21.34,21.64,23921
2023-12-01 07:00:00,21.72,21.72,21.34,21.64,18353
2023-12-04 07:00:00,21.64,22.63,21.34,22.63,127352
2023-12-05 07:00:00,22.86,22.93,22.48,22.7,79913
2023-12-06 07:00:00,22.7,22.86,22.4,22.86,50047
2023-12-07 07:00:00,23.16,23.31,22.17,22.7,82566
2023-12-08 07:00:00,22.7,23.01,22.33,22.33,24703
2023-12-11 07:00:00,22.4,22.4,22.1,22.1,24394
2023-12-12 07:00:00,22.1,22.63,22.1,22.33,37598
2023-12-13 07:00:00,22.63,22.63,21.64,21.64,40789
2023-12-14 07:00:00,22.1,22.1,21.64,21.87,67202
2023-12-15 07:00:00,22.1,22.1,21.8,21.87,23451
2023-12-18 07:00:00,21.87,21.95,21.34,21.34,36119
2023-12-19 07:00:00,21.95,21.95,21.19,21.8,21531
2023-12-20 07:00:00,21.72,21.72,21.34,21.64,7119
2023-12-21 07:00:00,21.34,21.57,21.34,21.49,18732
2023-12-22 07:00:00,21.64,21.72,21.42,21.72,32600
2023-12-25 07:00:00,19.6,21.64,19.6,21.49,40380
2023-12-26 07:00:00,21.95,21.95,21.49,21.49,67852
2023-12-27 07:00:00,21.49,21.8,21.42,21.49,20120
2023-12-28 07:00:00,21.49,21.64,21.42,21.57,32833
2023-12-29 07:00:00,21.42,21.64,21.42,21.49,14967
2024-01-02 07:00:00,21.87,21.87,21.42,21.49,12992
2024-01-03 07:00:00,21.34,21.72,21.34,21.57,10755
2024-01-04 07:00:00,21.57,21.72,21.42,21.57,25866
2024-01-05 07:00:00,21.64,21.72,21.49,21.49,22839
2024-01-08 07:00:00,21.64,22.33,21.57,21.95,58714
2024-01-09 07:00:00,21.87,22.02,21.72,21.8,25403
2024-01-10 07:00:00,21.95,21.95,21.49,21.64,50803
2024-01-11 07:00:00,21.95,22.17,21.49,21.49,25565
2024-01-12 07:00:00,21.49,21.49,21.11,21.27,52754
2024-01-15 07:00:00,21.34,21.49,21.19,21.19,63346
2024-01-16 07:00:00,21.19,21.34,21.19,21.27,22310
2024-01-17 07:00:00,21.27,21.42,21.19,21.27,27759
2024-01-18 07:00:00,21.27,21.49,21.27,21.34,27883
2024-01-19 07:00:00,21.57,21.57,21.19,21.27,21953
2024-01-22 07:00:00,21.42,21.42,21.04,21.19,20533
2024-01-23 07:00:00,21.27,21.27,20.96,21.27,32975
2024-01-24 07:00:00,21.27,21.34,21.19,21.27,58203
2024-01-25 07:00:00,21.11,21.34,21.11,21.27,19264
2024-01-26 07:00:00,21.27,21.49,21.27,21.34,17700
2024-01-29 07:00:00,21.34,21.57,21.34,21.49,15555
2024-01-30 07:00:00,21.49,21.64,21.34,21.49,73174
2024-01-31 07:00:00,21.57,21.57,21.34,21.42,37719
2024-02-01 07:00:00,21.49,21.72,21.42,21.72,70342
2024-02-02 07:00:00,21.87,22.63,21.8,22.02,88935
2024-02-05 07:00:00,22.1,22.33,21.95,21.95,24947
2024-02-06 07:00:00,21.95,21.95,21.57,21.72,44991
2024-02-07 07:00:00,21.72,22.33,21.64,21.8,37033
2024-02-15 07:00:00,22.02,22.02,21.57,21.64,27336
2024-02-16 07:00:00,21.64,22.02,21.49,21.72,68754
2024-02-19 07:00:00,21.64,22.1,21.64,21.87,58003
2024-02-20 07:00:00,22.33,22.33,21.8,21.87,86475
2024-02-21 07:00:00,21.95,21.95,21.57,21.64,55833
2024-02-22 07:00:00,19.53,21.8,19.53,21.8,20318
2024-02-23 07:00:00,21.72,21.95,21.34,21.49,48342
2024-02-26 07:00:00,21.19,21.57,21.19,21.57,25748
2024-02-27 07:00:00,21.27,21.64,21.19,21.64,81369
2024-02-28 07:00:00,21.64,21.72,21.19,21.57,63866
2024-02-29 07:00:00,21.57,21.57,21.19,21.42,31901
2024-03-01 07:00:00,21.42,21.64,21.34,21.49,62721
2024-03-04 07:00:00,21.49,23.23,21.49,22.7,252750
2024-03-05 07:00:00,22.63,23.08,22.17,22.17,89664
2024-03-06 07:00:00,22.17,22.4,21.95,22.1,59895
2024-03-07 07:00:00,22.4,22.4,21.57,21.87,74631
2024-03-08 07:00:00,21.95,21.95,21.57,21.64,118924
2024-03-11 07:00:00,21.57,22.17,21.57,21.64,27543
2024-03-12 07:00:00,21.64,21.8,21.42,21.8,42053
2024-03-13 07:00:00,21.8,21.87,21.57,21.8,101355
2024-03-14 07:00:00,21.95,23.01,21.8,22.33,247688
2024-03-15 07:00:00,22.63,23.46,22.33,23.46,263218
2024-03-18 07:00:00,23.61,25.28,23.46,24.22,226144
2024-03-19 07:00:00,24.29,24.75,23.16,23.46,108195
2024-03-20 07:00:00,23.46,23.84,22.93,23.46,78017
2024-03-21 07:00:00,24.14,24.14,23.54,23.92,120303
2024-03-22 07:00:00,24.52,24.52,23.69,23.92,109220
2024-03-25 07:00:00,23.92,23.92,23.46,23.61,100287
2024-03-26 07:00:00,23.46,23.84,23.16,23.76,61461
2024-03-27 07:00:00,23.76,23.76,23.39,23.54,46129
2024-03-28 07:00:00,23.84,23.84,23.39,23.39,62199
2024-03-29 07:00:00,23.31,23.31,22.93,23.01,91867
2024-04-01 07:00:00,22.93,23.54,22.86,23.46,126903
2024-04-02 07:00:00,23.46,23.69,23.01,23.69,75001
2024-04-03 07:00:00,23.69,23.69,23.01,23.01,65866
2024-04-04 07:00:00,23.16,23.31,22.4,23.16,128450
2024-04-05 07:00:00,23.08,23.39,22.55,23.01,76501
2024-04-08 07:00:00,22.63,23.08,22.55,22.86,54461
2024-04-09 07:00:00,22.86,23.01,22.55,22.7,39150
2024-04-10 07:00:00,22.93,22.93,22.55,22.55,42120
2024-04-11 07:00:00,22.4,22.63,22.1,22.55,83657
2024-04-12 07:00:00,22.55,23.08,22.55,23.01,58931
2024-04-15 07:00:00,23.01,23.01,21.19,21.8,100755
2024-04-16 07:00:00,21.87,21.87,20.96,21.49,108153
2024-04-17 07:00:00,21.49,21.49,21.19,21.34,45873
2024-04-19 07:00:00,20.81,21.42,20.81,20.89,55907
2024-04-22 07:00:00,20.89,21.27,20.89,21.04,31816
2024-04-23 07:00:00,21.04,21.04,20.81,20.96,65360
2024-04-24 07:00:00,21.04,21.64,21.04,21.57,34803
2024-04-25 07:00:00,21.27,21.57,21.27,21.49,22300
2024-04-26 07:00:00,21.49,21.64,21.42,21.49,31716
2024-05-02 07:00:00,21.42,21.42,21.19,21.19,13237
2024-05-03 07:00:00,21.42,21.42,21.11,21.11,53314
2024-05-06 07:00:00,21.57,21.64,21.42,21.64,58318
2024-05-07 07:00:00,21.87,21.95,21.49,21.72,29517
2024-05-08 07:00:00,21.72,21.72,21.42,21.57,49055
2024-05-09 07:00:00,21.57,21.8,21.42,21.64,16902
2024-05-10 07:00:00,21.8,21.8,21.42,21.49,47745
2024-05-13 07:00:00,21.8,22.7,21.8,22.25,74700
2024-05-14 07:00:00,22.25,22.33,21.95,22.25,36902
2024-05-15 07:00:00,22.48,22.55,21.95,21.95,41410
2024-05-16 07:00:00,22.02,22.48,21.95,22.33,39701
2024-05-17 07:00:00,22.17,22.48,22.17,22.48,54467
2024-05-20 07:00:00,22.55,22.7,22.25,22.25,82148
2024-05-21 07:00:00,22.25,22.7,22.1,22.4,74079
2024-05-22 07:00:00,22.63,24.6,22.55,24.6,432994
2024-05-23 07:00:00,24.97,27.02,24.97,27.02,327301
2024-05-24 07:00:00,27.62,29.67,26.56,27.4,536176
2024-05-27 07:00:00,27.62,29.36,27.62,28.53,157799
2024-05-28 07:00:00,25.73,28.76,25.73,27.7,129995
2024-05-29 07:00:00,27.7,28.0,26.41,26.49,269258
2024-05-30 07:00:00,26.56,26.56,24.9,25.66,214427
2024-05-31 07:00:00,25.96,28.08,25.73,26.72,99584
2024-06-03 07:00:00,28.15,28.68,26.64,26.64,85303
2024-06-04 07:00:00,26.72,27.09,26.34,26.34,62773
2024-06-05 07:00:00,26.34,27.85,26.34,27.62,161525
2024-06-06 07:00:00,27.62,28.68,27.09,27.62,194421
2024-06-07 07:00:00,27.85,28.38,26.94,27.4,108184
2024-06-10 07:00:00,26.19,27.85,26.19,27.09,77302
2024-06-11 07:00:00,26.94,28.38,26.87,27.77,91329
2024-06-12 07:00:00,27.77,27.77,27.02,27.17,135769
2024-06-13 07:00:00,28.99,29.53,27.71,27.71,100667
2024-06-14 07:00:00,27.81,27.81,26.17,26.17,94707
2024-06-17 07:00:00,26.17,26.72,25.44,26.35,64337
2024-06-18 07:00:00,26.72,26.81,26.17,26.17,67008
2024-06-19 07:00:00,26.44,26.44,25.9,26.17,92157
2024-06-20 07:00:00,26.26,26.26,25.35,25.99,78531
2024-06-21 07:00:00,26.08,26.08,25.44,25.9,92981
2024-06-24 07:00:00,26.08,26.53,25.44,25.44,107700
2024-06-25 07:00:00,25.53,25.9,25.44,25.53,31351
2024-06-26 07:00:00,26.35,26.35,25.35,25.44,57210
2024-06-27 07:00:00,25.53,25.81,25.44,25.62,24380
2024-06-28 07:00:00,25.72,25.72,25.17,25.17,57442
2024-07-01 07:00:00,26.26,26.26,25.17,25.53,25776
2024-07-02 07:00:00,25.62,25.9,25.44,25.72,46895
2024-07-03 07:00:00,25.9,25.9,25.44,25.81,39600
2024-07-04 07:00:00,25.99,26.17,25.62,26.08,58020
2024-07-05 07:00:00,26.26,28.62,26.26,28.62,278905
2024-07-08 07:00:00,28.99,30.89,28.99,29.17,135186
2024-07-09 07:00:00,29.17,29.53,27.9,27.9,198024
2024-07-10 07:00:00,28.53,29.44,27.99,28.99,173798
2024-07-11 07:00:00,29.08,29.9,28.71,29.35,170318
2024-07-12 07:00:00,29.53,32.26,29.53,32.26,625967
2024-07-15 07:00:00,32.26,32.44,31.08,31.8,84716
2024-07-16 07:00:00,31.71,31.71,30.08,30.17,187723
2024-07-17 07:00:00,30.17,31.62,27.81,29.26,254894
2024-07-18 07:00:00,29.8,30.26,28.81,30.08,65771
2024-07-19 07:00:00,30.17,30.26,28.08,28.08,163898
2024-07-22 07:00:00,27.99,28.08,26.08,26.99,218792
2024-07-23 07:00:00,26.99,27.26,25.9,25.99,205723
2024-07-24 07:00:00,25.99,26.99,25.44,26.99,83536
2024-07-25 07:00:00,26.81,26.9,26.17,26.72,48503
2024-07-26 07:00:00,26.72,26.99,26.53,26.99,30743
2024-07-29 07:00:00,26.99,28.53,26.99,28.35,90664
2024-07-30 07:00:00,28.53,29.26,27.62,28.9,78544
2024-07-31 07:00:00,28.44,28.44,27.17,27.17,89001
2024-08-01 07:00:00,27.17,27.26,25.44,25.72,111938
2024-08-02 07:00:00,25.72,26.17,24.99,25.9,61829
2024-08-05 07:00:00,25.9,25.9,24.9,25.17,160945
2024-08-06 07:00:00,25.17,25.81,24.99,25.44,63718
2024-08-07 07:00:00,25.81,26.17,25.35,25.44,29506
2024-08-08 07:00:00,25.35,25.53,24.99,25.17,77622
2024-08-09 07:00:00,25.62,25.62,24.81,25.62,86601
2024-08-12 07:00:00,25.81,25.81,25.17,25.53,33076
2024-08-13 07:00:00,25.72,26.81,25.72,26.44,138753
2024-08-14 07:00:00,26.81,26.81,25.9,25.9,39025
2024-08-15 07:00:00,26.62,26.62,25.44,25.9,17021
2024-08-16 07:00:00,26.26,27.62,25.9,27.26,146776
2024-08-19 07:00:00,27.81,27.9,26.9,27.26,67673
2024-08-20 07:00:00,27.99,27.99,26.44,26.99,161301
2024-08-21 07:00:00,26.99,26.99,26.62,26.62,76170
2024-08-22 07:00:00,26.62,27.99,26.26,27.71,138814
2024-08-23 07:00:00,28.17,28.17,27.26,27.35,68320
2024-08-26 07:00:00,27.35,27.53,26.53,26.53,52268
2024-08-27 07:00:00,26.35,26.72,25.9,25.99,114052
2024-08-28 07:00:00,25.53,26.26,25.44,25.99,92774
2024-08-29 07:00:00,25.99,26.26,25.62,25.72,53007
2024-08-30 07:00:00,25.72,26.08,25.44,25.53,69842
2024-09-04 07:00:00,25.53,25.72,25.17,25.53,56030
2024-09-05 07:00:00,25.44,25.99,25.44,25.81,73586
2024-09-06 07:00:00,25.81,25.81,25.44,25.62,14122
2024-09-09 07:00:00,25.62,25.72,25.44,25.62,64153
2024-09-10 07:00:00,25.72,25.81,25.53,25.72,86225
2024-09-11 07:00:00,25.72,25.72,25.44,25.44,53140
2024-09-12 07:00:00,25.9,25.9,25.35,25.53,26712
2024-09-13 07:00:00,25.9,25.9,25.44,25.62,50176
2024-09-16 07:00:00,25.81,25.81,25.44,25.53,99720
2024-09-17 07:00:00,25.44,25.81,25.44,25.81,45870
2024-09-18 07:00:00,26.08,26.08,25.62,25.72,12525
2024-09-19 07:00:00,25.9,25.9,25.62,25.72,25316
2024-09-20 07:00:00,25.72,25.99,25.53,25.53,50464
2024-09-23 07:00:00,25.53,25.72,25.35,25.44,71743
2024-09-24 07:00:00,25.44,25.81,25.44,25.62,42472
2024-09-25 07:00:00,25.81,26.17,25.44,25.9,52650
2024-09-26 07:00:00,25.9,25.99,25.81,25.99,72687
2024-09-27 07:00:00,26.17,26.35,25.62,25.72,85111
2024-09-30 07:00:00,25.81,25.9,25.53,25.53,40641
2024-10-01 07:00:00,25.44,25.9,25.44,25.72,30371
2024-10-02 07:00:00,25.62,25.99,25.44,25.72,30217
2024-10-03 07:00:00,25.72,25.9,25.53,25.72,95824
2024-10-04 07:00:00,25.44,25.72,25.44,25.62,63730
2024-10-07 07:00:00,25.62,25.9,25.62,25.62,43627
2024-10-08 07:00:00,25.62,25.62,25.44,25.53,85921
2024-10-09 07:00:00,25.53,25.72,25.44,25.62,20034
2024-10-10 07:00:00,25.62,25.62,25.44,25.44,32800
2024-10-11 07:00:00,25.44,25.62,25.26,25.35,36147
2024-10-14 07:00:00,27.17,27.17,25.35,25.44,30426
2024-10-15 07:00:00,25.44,25.81,25.35,25.44,14517
2024-10-16 07:00:00,25.08,25.72,25.08,25.44,10780
2024-10-17 07:00:00,25.44,25.62,25.26,25.62,18240
2024-10-18 07:00:00,25.62,25.9,25.35,25.35,33740
2024-10-21 07:00:00,25.44,25.62,24.99,24.99,37840
2024-10-22 07:00:00,25.17,25.35,24.99,25.26,27180
2024-10-23 07:00:00,24.99,25.72,24.99,25.26,25943
2024-10-24 07:00:00,25.26,25.44,25.26,25.35,12151
2024-10-25 07:00:00,25.62,25.62,25.26,25.26,5963
2024-10-28 07:00:00,25.26,25.35,25.08,25.08,15334
2024-10-29 07:00:00,25.62,25.62,24.99,25.08,44486
2024-10-30 07:00:00,25.08,25.26,24.72,24.72,55540
2024-10-31 07:00:00,24.72,24.72,23.9,23.9,77862
2024-11-01 07:00:00,23.9,23.99,22.99,23.17,74549
2024-11-04 07:00:00,22.99,23.44,22.63,22.81,43585
2024-11-05 07:00:00,22.72,23.26,22.72,22.9,4896
2024-11-06 07:00:00,22.81,24.26,22.72,24.26,33200
2024-11-07 07:00:00,23.99,24.17,23.53,24.17,61947
2024-11-08 07:00:00,24.08,24.17,23.26,23.35,16486
2024-11-11 07:00:00,23.44,23.63,22.99,23.63,29486
2024-11-12 07:00:00,23.63,23.63,22.9,22.9,91158
2024-11-13 07:00:00,22.9,23.53,22.9,23.35,16994
2024-11-14 07:00:00,23.17,23.44,23.08,23.08,32553
2024-11-15 07:00:00,23.08,23.53,22.81,23.17,49504
2024-11-18 07:00:00,23.17,23.17,22.72,23.17,26499
2024-11-19 07:00:00,20.9,23.63,20.9,22.9,23803
2024-11-20 07:00:00,22.08,23.35,22.08,23.08,21036
2024-11-21 07:00:00,22.9,23.26,22.81,22.9,10005
2024-11-22 07:00:00,22.9,23.35,22.9,23.17,8818
2024-11-25 07:00:00,23.17,23.9,22.9,23.35,32967
2024-11-26 07:00:00,23.35,23.9,22.99,23.26,13400
2024-11-27 07:00:00,23.08,23.35,22.99,23.35,22460
2024-11-28 07:00:00,23.08,23.53,23.08,23.35,20040
2024-11-29 07:00:00,23.35,23.35,23.17,23.26,14864
2024-12-02 07:00:00,23.08,23.81,23.08,23.72,59530
2024-12-03 07:00:00,23.63,26.08,23.63,26.08,329173
2024-12-04 07:00:00,26.35,28.17,26.35,26.53,295834
2024-12-05 07:00:00,25.53,26.99,25.53,26.81,81833
2024-12-06 07:00:00,26.9,26.9,25.35,25.9,192932
2024-12-09 07:00:00,25.99,26.72,25.99,26.35,198587
2024-12-10 07:00:00,25.9,26.17,25.53,25.62,56427
2024-12-11 07:00:00,25.62,25.9,25.44,25.9,93456
2024-12-12 07:00:00,25.99,26.08,25.53,25.9,50470
2024-12-13 07:00:00,25.9,25.9,24.99,24.99,47366
2024-12-16 07:00:00,25.08,26.17,25.08,25.44,41167
2024-12-17 07:00:00,25.44,25.72,24.81,25.44,79628
2024-12-18 07:00:00,25.44,25.81,24.99,25.44,42049
2024-12-19 07:00:00,24.99,25.17,24.72,24.99,62981
2024-12-20 07:00:00,24.99,25.9,24.81,25.9,75681
2024-12-23 07:00:00,25.62,27.17,25.62,26.53,290971
2024-12-24 07:00:00,26.72,26.72,25.72,25.72,92562
2024-12-25 07:00:00,26.08,26.53,25.72,26.53,89808
2024-12-26 07:00:00,26.53,26.72,25.99,25.99,62038
2024-12-27 07:00:00,26.44,26.44,25.81,25.99,60604
2024-12-30 07:00:00,25.99,25.99,25.26,25.53,59852
2024-12-31 07:00:00,25.53,25.53,24.53,24.72,64798
2025-01-02 07:00:00,24.72,24.99,24.53,24.72,28980
2025-01-03 07:00:00,24.72,24.72,24.08,24.08,84237
2025-01-06 07:00:00,24.08,24.35,23.63,23.63,55015
2025-01-07 07:00:00,23.53,23.9,23.26,23.81,74527
2025-01-08 07:00:00,23.63,23.99,23.44,23.63,35047
2025-01-09 07:00:00,23.63,24.08,22.35,23.63,12600
2025-01-10 07:00:00,22.17,24.9,22.17,23.63,14399
2025-01-13 07:00:00,23.63,23.99,22.99,23.53,38342
2025-01-14 07:00:00,23.17,23.53,22.9,22.9,25266
2025-01-15 07:00:00,22.99,23.17,22.72,22.72,133556
2025-01-16 07:00:00,22.81,23.53,22.72,22.72,49866
2025-01-17 07:00:00,22.81,23.17,22.81,22.99,19300
2025-01-20 07:00:00,22.99,23.63,22.9,23.53,40279
2025-01-21 07:00:00,23.44,23.53,22.72,22.9,25400
2025-01-22 07:00:00,22.9,22.99,22.81,22.81,21134
2025-01-23 07:00:00,22.9,23.08,22.9,22.9,10980
2025-01-24 07:00:00,22.9,23.9,22.72,22.99,60884
2025-02-03 07:00:00,22.9,22.99,22.63,22.81,32000
2025-02-04 07:00:00,22.99,23.99,22.9,23.35,26613
2025-02-05 07:00:00,23.35,24.26,23.35,23.81,29946
2025-02-06 07:00:00,23.26,23.63,22.54,22.63,366373
2025-02-07 07:00:00,23.26,23.63,22.63,22.63,47200
2025-02-10 07:00:00,22.63,22.81,22.63,22.72,87212
2025-02-11 07:00:00,20.45,23.53,20.45,22.81,17370
2025-02-12 07:00:00,22.81,22.99,22.72,22.9,38379
2025-02-13 07:00:00,23.08,23.08,22.72,22.81,42633
2025-02-14 07:00:00,22.9,23.08,22.81,22.99,38741
2025-02-17 07:00:00,22.99,23.08,22.72,22.9,61090
2025-02-18 07:00:00,22.81,23.17,22.81,23.17,80260
2025-02-19 07:00:00,23.17,23.63,22.9,23.63,96974
2025-02-20 07:00:00,23.72,23.72,23.17,23.35,50442
2025-02-21 07:00:00,23.26,23.53,22.99,23.26,32434
2025-02-24 07:00:00,23.44,23.44,22.81,22.99,18701
2025-02-25 07:00:00,22.99,23.63,22.99,23.35,38074
2025-02-26 07:00:00,23.35,23.44,22.9,23.17,40089
2025-02-27 07:00:00,22.9,23.35,22.81,23.35,21422
2025-02-28 07:00:00,23.35,23.44,22.99,23.26,62592
2025-03-03 07:00:00,23.44,23.44,22.9,23.17,17609
2025-03-04 07:00:00,20.9,23.17,20.9,22.9,50627
2025-03-05 07:00:00,22.9,23.17,22.81,22.99,60069
2025-03-06 07:00:00,23.08,23.26,22.9,23.08,32045
2025-03-07 07:00:00,22.99,23.35,22.81,22.99,106810
2025-03-10 07:00:00,23.08,23.08,22.81,22.9,18535
2025-03-11 07:00:00,22.99,23.26,22.9,23.17,41234
2025-03-12 07:00:00,23.17,23.35,22.99,23.17,25421
2025-03-13 07:00:00,22.99,23.17,22.81,22.81,37901
2025-03-14 07:00:00,22.9,23.08,22.81,22.81,31352
2025-03-17 07:00:00,22.81,22.99,22.81,22.99,32130
2025-03-18 07:00:00,23.08,23.26,23.08,23.08,52952
2025-03-19 07:00:00,23.08,23.17,22.81,23.08,42639
2025-03-20 07:00:00,23.08,23.08,22.72,22.81,34425
2025-03-21 07:00:00,22.99,22.99,22.63,22.72,42829
2025-03-24 07:00:00,22.54,22.81,22.26,22.81,31974
2025-03-25 07:00:00,22.81,22.99,22.72,22.99,42542
2025-03-26 07:00:00,22.9,22.99,22.72,22.9,44296
2025-03-27 07:00:00,22.99,22.99,22.63,22.81,59122
2025-03-28 07:00:00,22.81,23.17,22.72,22.99,48863
2025-03-31 07:00:00,22.9,22.99,22.63,22.9,36835
2025-04-01 07:00:00,22.9,22.99,22.72,22.99,12562
2025-04-02 07:00:00,22.9,22.99,22.72,22.99,31508
2025-04-03 07:00:00,22.72,22.72,20.72,20.72,150992
2025-04-04 07:00:00,19.99,20.54,18.72,19.08,169762
2025-04-08 07:00:00,17.17,19.08,17.17,17.17,138491
2025-04-09 07:00:00,15.54,16.27,15.54,15.54,220799
2025-04-10 07:00:00,17.08,17.08,17.08,17.08,10646
2025-04-11 07:00:00,18.45,18.72,17.63,17.81,206869
2025-04-14 07:00:00,17.99,18.17,17.81,17.9,42090
2025-04-15 07:00:00,16.17,17.81,16.17,16.99,77730
2025-04-16 07:00:00,16.99,17.63,16.9,17.63,42217
2025-04-17 07:00:00,17.26,18.36,17.26,17.54,33611
2025-04-18 07:00:00,17.81,18.17,17.26,17.63,57301
2025-04-21 07:00:00,17.17,17.63,17.08,17.54,12501
2025-04-22 07:00:00,17.26,17.45,16.27,17.08,45850
2025-04-23 07:00:00,17.9,17.99,17.08,17.63,22804
2025-04-24 07:00:00,18.08,18.08,16.36,17.72,60601
2025-04-25 07:00:00,17.72,18.17,17.45,17.81,4802
2025-04-28 07:00:00,17.81,17.9,17.36,17.81,14370
2025-04-29 07:00:00,17.45,17.81,17.45,17.72,15187
2025-05-05 07:00:00,17.72,17.72,17.17,17.63,19000
2025-05-06 07:00:00,16.36,17.99,16.36,17.54,7000
2025-05-07 07:00:00,17.45,17.99,17.36,17.72,13500
2025-05-08 07:00:00,17.63,17.72,17.26,17.63,24200
2025-05-09 07:00:00,17.63,18.08,17.63,18.08,50700
2025-05-12 07:00:00,18.08,19.81,18.08,19.81,198200
2025-05-13 07:00:00,20.9,21.35,19.99,20.08,43000
2025-05-14 07:00:00,19.99,20.35,18.54,19.54,160800
2025-05-15 07:00:00,19.9,19.9,18.26,19.35,49000
2025-05-16 07:00:00,19.35,19.9,18.72,19.72,41400
2025-05-19 07:00:00,19.72,19.72,19.08,19.63,23900
2025-05-20 07:00:00,19.54,19.63,19.35,19.54,16300
2025-05-21 07:00:00,19.54,19.54,19.08,19.45,22700
2025-05-22 07:00:00,19.17,19.45,18.9,19.26,24100
2025-05-23 07:00:00,19.26,19.54,18.54,19.08,31600
2025-05-26 07:00:00,19.45,19.81,18.26,19.72,43300
2025-05-27 07:00:00,19.72,20.72,19.72,20.72,96600
2025-05-28 07:00:00,20.72,21.26,20.45,20.81,101100
2025-05-29 07:00:00,20.81,20.81,19.9,20.72,15600
2025-05-30 07:00:00,20.9,21.26,20.08,20.72,21600
2025-06-02 07:00:00,20.26,21.35,20.26,20.81,41200
2025-06-03 07:00:00,20.9,21.54,20.54,21.17,124700
2025-06-04 07:00:00,20.99,21.08,20.35,20.63,19000
2025-06-05 07:00:00,20.9,21.08,20.45,20.81,33700
2025-06-06 07:00:00,18.81,21.72,18.81,21.26,93400
2025-06-09 07:00:00,21.08,21.72,20.45,20.63,70800
2025-06-10 07:00:00,20.9,21.26,20.35,20.63,16900
2025-06-11 07:00:00,20.9,21.17,20.08,20.63,4300
2025-06-12 07:00:00,20.81,21.17,20.35,20.63,13400
2025-06-13 07:00:00,19.99,20.63,19.99,20.54,17700
2025-06-16 07:00:00,19.54,20.54,19.54,19.63,84100
2025-06-17 07:00:00,20.45,20.45,19.54,20.26,7500
2025-06-18 07:00:00,20.45,20.99,20.26,20.54,24600
2025-06-19 07:00:00,20.63,20.72,20.45,20.72,22300
2025-06-20 07:00:00,20.54,20.81,20.35,20.63,6400
2025-06-23 07:00:00,19.99,20.9,19.9,19.9,59500
2025-06-24 07:00:00,21.5,21.6,20.8,21.2,29700
2025-06-25 07:00:00,21.2,21.3,20.8,21.2,8300
2025-06-26 07:00:00,21.0,21.0,20.7,21.0,10900
2025-06-27 07:00:00,20.6,20.9,20.5,20.6,9800
2025-06-30 07:00:00,21.0,21.2,20.7,20.7,16300
2025-07-01 07:00:00,20.9,20.9,20.0,20.7,26200
2025-07-02 07:00:00,20.5,20.7,20.2,20.6,4800
2025-07-03 07:00:00,20.6,21.0,20.1,20.4,31500
2025-07-04 07:00:00,20.7,21.0,20.3,20.8,40400
2025-07-07 07:00:00,20.8,21.4,20.8,21.1,36200
2025-07-08 07:00:00,21.3,21.3,20.8,21.1,49000
2025-07-09 07:00:00,21.4,22.0,20.8,21.4,45300
2025-07-10 07:00:00,21.4,21.8,21.3,21.5,51700
2025-07-11 07:00:00,21.8,22.9,21.6,21.9,59800
2025-07-14 07:00:00,21.9,21.9,21.1,21.7,21200
2025-07-15 07:00:00,22.1,22.1,21.1,21.1,70400
2025-07-16 07:00:00,21.5,21.5,21.1,21.4,24200
2025-07-17 07:00:00,21.0,22.6,21.0,22.3,151200
2025-07-18 07:00:00,22.4,23.0,22.2,22.4,102300
2025-07-21 07:00:00,23.0,23.4,21.9,22.7,95800
2025-07-22 07:00:00,22.0,22.8,21.8,22.8,52200
2025-07-23 07:00:00,23.0,23.0,22.0,22.0,55200
2025-07-24 07:00:00,22.0,22.3,21.7,22.0,45800
2025-07-25 07:00:00,22.0,22.0,21.5,21.8,68900
2025-07-28 07:00:00,21.8,22.7,21.7,22.4,179800
2025-07-29 07:00:00,22.4,22.8,21.6,21.6,120600
2025-07-30 07:00:00,21.6,22.3,21.4,22.3,59400
2025-07-31 07:00:00,22.5,22.9,22.0,22.7,223800
2025-08-01 07:00:00,23.0,24.9,22.9,24.9,390700
2025-08-04 07:00:00,24.9,26.9,24.4,24.9,193200
2025-08-05 07:00:00,24.9,25.5,22.6,23.7,224300
2025-08-06 07:00:00,23.7,24.3,22.8,23.9,80900
2025-08-07 07:00:00,24.3,24.3,23.0,23.8,57200
2025-08-08 07:00:00,23.7,24.5,23.0,24.3,170100
2025-08-11 07:00:00,24.5,25.0,24.0,24.4,79800
2025-08-12 07:00:00,24.1,24.4,23.0,24.2,98500
2025-08-13 07:00:00,24.2,24.6,23.1,24.6,187100
2025-08-14 07:00:00,24.7,24.7,23.7,24.3,140200
2025-08-15 07:00:00,24.3,24.3,22.9,23.1,164700
2025-08-18 07:00:00,23.1,23.7,22.8,23.6,61300
2025-08-19 07:00:00,23.7,25.2,23.4,24.1,271000
2025-08-20 07:00:00,24.1,24.7,22.9,23.3,148500
2025-08-21 07:00:00,24.4,24.4,22.1,23.3,153200
2025-08-22 07:00:00,23.4,23.4,22.2,22.8,59200
2025-08-25 07:00:00,22.8,23.1,21.0,22.0,53800
2025-08-26 07:00:00,22.0,22.5,21.6,22.3,44200
2025-08-27 07:00:00,22.4,22.8,22.1,22.2,31400
2025-08-28 07:00:00,22.2,22.3,21.6,21.8,31600
2025-08-29 07:00:00,21.8,22.8,21.7,22.6,89100
2025-09-03 07:00:00,22.6,22.9,22.0,22.2,87600
2025-09-04 07:00:00,22.7,23.9,22.0,22.7,90700
2025-09-05 07:00:00,22.7,23.0,22.1,22.1,57000
2025-09-08 07:00:00,22.1,22.7,21.1,21.6,58700
2025-09-09 07:00:00,21.5,21.6,21.0,21.1,40800
2025-09-10 07:00:00,21.4,21.7,20.8,20.8,45800
2025-09-11 07:00:00,20.8,21.3,20.5,21.3,38700
2025-09-12 07:00:00,21.6,21.7,21.1,21.5,15700
2025-09-15 07:00:00,21.7,21.7,21.0,21.1,41400
2025-09-16 07:00:00,21.7,21.7,20.9,20.9,21800
2025-09-17 07:00:00,21.3,21.4,20.9,20.9,23300
2025-09-18 07:00:00,21.0,21.2,20.8,21.2,11200
2025-09-19 07:00:00,21.2,21.3,20.7,21.3,16700
2025-09-22 07:00:00,21.1,21.2,20.8,20.8,31800
2025-09-23 07:00:00,21.0,21.0,20.5,21.0,27500
2025-09-24 07:00:00,21.0,21.3,20.7,21.2,11000
2025-09-25 07:00:00,21.2,21.7,21.2,21.5,27300
2025-09-26 07:00:00,21.5,21.5,21.0,21.1,26400
2025-09-29 07:00:00,21.8,21.8,21.0,21.0,10500
2025-09-30 07:00:00,21.0,21.5,20.4,20.9,39500
2025-10-01 07:00:00,20.7,21.0,20.5,21.0,1100
2025-10-02 07:00:00,21.0,21.0,20.4,20.9,14000
2025-10-03 07:00:00,20.5,20.5,20.0,20.2,42200
2025-10-06 07:00:00,20.0,21.4,19.5,20.7,13700
2025-10-07 07:00:00,20.7,20.7,20.0,20.1,32400
2025-10-08 07:00:00,20.4,20.9,20.1,20.8,14700
2025-10-09 07:00:00,21.2,21.2,20.7,20.7,3600
2025-10-10 07:00:00,20.4,20.8,20.2,20.2,21800
2025-10-13 07:00:00,19.5,20.8,18.6,20.5,82900
2025-10-14 07:00:00,20.9,20.9,20.0,20.0,13100
2025-10-15 07:00:00,20.5,20.5,19.6,20.0,25500
2025-10-16 07:00:00,20.1,20.4,19.7,20.3,47300
2025-10-17 07:00:00,20.5,20.5,19.0,19.5,38700
2025-10-20 07:00:00,20.3,20.3,18.1,18.1,47900
2025-10-21 07:00:00,18.1,19.0,18.1,18.6,43800
2025-10-22 07:00:00,18.7,18.9,18.3,18.9,7100
2025-10-23 07:00:00,19.0,19.1,18.9,19.1,8200
2025-10-24 07:00:00,19.0,19.0,18.3,18.4,15700
2025-10-27 07:00:00,18.7,19.0,18.4,19.0,10000
2025-10-28 07:00:00,18.9,19.0,18.2,19.0,11300
2025-10-29 07:00:00,19.0,19.7,18.7,19.6,21200
2025-10-30 07:00:00,19.6,19.6,19.0,19.6,17000
2025-10-31 07:00:00,19.5,19.5,19.0,19.5,2000
2025-11-03 07:00:00,19.3,19.3,19.0,19.2,4900
2025-11-04 07:00:00,19.0,19.4,19.0,19.4,14400
2025-11-05 07:00:00,19.4,19.4,19.0,19.0,17700
2025-11-06 07:00:00,19.0,19.0,18.2,18.9,5000
2025-11-07 07:00:00,20.7,20.7,18.5,18.9,10800
2025-11-10 07:00:00,18.7,18.7,18.1,18.6,7800
2025-11-11 07:00:00,18.6,19.0,18.3,19.0,17300
2025-11-12 07:00:00,19.0,19.0,18.0,18.3,29000
2025-11-13 07:00:00,18.5,18.6,18.0,18.4,34000
2025-11-14 07:00:00,18.2,18.4,18.1,18.1,12600
2025-11-17 07:00:00,18.7,18.7,17.9,18.3,32000
2025-11-18 07:00:00,18.1,18.3,18.1,18.3,3100
2025-11-19 07:00:00,18.2,18.3,18.0,18.0,19400
2025-11-20 07:00:00,18.0,18.2,17.5,18.0,36700
2025-11-21 07:00:00,18.0,18.1,18.0,18.1,3300
2025-11-24 07:00:00,17.0,18.3,16.3,17.7,138900
2025-11-25 07:00:00,18.0,18.0,17.2,17.2,21100
2025-11-26 07:00:00,17.8,18.9,17.2,17.6,20900
2025-11-27 07:00:00,17.5,17.9,16.0,17.5,34700
2025-11-28 07:00:00,17.5,17.7,17.3,17.3,10300
2025-12-01 07:00:00,17.7,17.7,17.0,17.5,12900
2025-12-02 07:00:00,17.2,17.7,17.2,17.7,4000
2025-12-03 07:00:00,17.2,17.9,17.2,17.9,27700
2025-12-04 07:00:00,17.4,18.0,17.4,18.0,6300
2025-12-05 07:00:00,17.8,18.1,17.8,18.1,19800
2025-12-08 07:00:00,18.0,18.1,17.9,18.1,14900
2025-12-09 07:00:00,18.0,18.0,17.8,18.0,11200
2025-12-10 07:00:00,16.6,19.0,16.6,18.2,8500
2025-12-11 07:00:00,17.8,18.1,16.9,18.0,18000
2025-12-12 07:00:00,18.0,18.0,17.8,18.0,3000
2025-12-15 07:00:00,17.9,18.0,16.7,17.7,11800
2025-12-16 07:00:00,17.6,18.3,17.5,18.1,17900
2025-12-17 07:00:00,17.6,18.0,17.5,18.0,10000
2025-12-18 07:00:00,17.8,17.9,17.0,17.9,7700
2025-12-19 07:00:00,17.9,17.9,17.2,17.8,10300
2025-12-22 07:00:00,17.8,18.2,17.8,18.0,14700
2025-12-23 07:00:00,18.0,18.0,17.5,17.8,7700
2025-12-24 07:00:00,17.5,17.9,17.0,17.9,12600
2025-12-25 07:00:00,17.9,19.1,17.9,18.0,6500
2025-12-26 07:00:00,17.9,17.9,17.2,17.8,13400
2025-12-29 07:00:00,17.8,17.8,17.4,17.7,33500
2025-12-30 07:00:00,17.6,17.7,17.4,17.7,6200
2025-12-31 07:00:00,17.6,17.6,17.5,17.6,19600
2026-01-05 07:00:00,17.2,17.5,17.0,17.4,7800
2026-01-06 07:00:00,17.4,17.5,16.9,17.4,19600
2026-01-07 07:00:00,17.4,17.5,17.2,17.5,39200
2026-01-08 07:00:00,17.2,17.4,15.8,17.4,110500
2026-01-09 07:00:00,16.4,17.2,16.0,16.6,48300
2026-01-12 07:00:00,17.4,17.7,16.6,17.0,74900
2026-01-13 07:00:00,16.9,17.3,16.8,16.9,23000
2026-01-14 07:00:00,16.8,17.0,16.6,17.0,26900
2026-01-15 07:00:00,17.4,17.4,16.8,17.1,44300
2026-01-16 07:00:00,17.1,17.3,16.9,17.3,35200
2026-01-19 07:00:00,17.2,17.3,16.9,17.3,28100
2026-01-20 07:00:00,17.0,17.2,16.9,17.0,25800
2026-01-21 07:00:00,17.0,17.0,16.8,17.0,11100
2026-01-22 07:00:00,17.0,17.4,16.8,17.4,49000
2026-01-23 07:00:00,17.0,17.0,16.8,16.8,17500
2026-01-26 07:00:00,16.8,16.9,16.2,16.3,27300
2026-01-27 07:00:00,16.3,16.4,15.3,16.4,46300
2026-01-28 07:00:00,16.5,16.5,16.3,16.3,1900
2026-01-29 07:00:00,16.3,16.6,15.5,16.4,17700
2026-01-30 07:00:00,16.5,16.9,16.2,16.3,51000
2026-02-02 07:00:00,16.4,16.5,16.0,16.4,27600
2026-02-03 07:00:00,16.4,16.4,16.0,16.2,39500
2026-02-04 07:00:00,16.2,16.5,15.6,16.0,54600
2026-02-05 07:00:00,16.0,16.2,15.8,15.9,17900
2026-02-06 07:00:00,15.9,15.9,15.5,15.8,18400
2026-02-09 07:00:00,15.7,16.0,15.7,15.8,26900
2026-02-10 07:00:00,15.5,15.6,15.2,15.6,34200
2026-02-11 07:00:00,15.6,16.0,15.0,15.8,38300
2026-02-12 07:00:00,15.8,16.0,15.5,16.0,23200
2026-02-13 07:00:00,15.8,16.5,15.6,16.5,16700
2026-02-23 07:00:00,17.2,17.7,16.8,17.4,24200
2026-02-24 07:00:00,17.5,17.5,16.7,17.1,7600
2026-02-25 07:00:00,17.4,17.4,16.8,17.2,20500
2026-02-26 07:00:00,17.4,17.4,17.0,17.3,2000
2026-02-27 07:00:00,17.3,17.5,16.9,17.1,5000
2026-03-02 07:00:00,17.1,17.3,15.4,16.5,44800
2026-03-03 07:00:00,16.4,16.4,15.9,16.0,33300
2026-03-04 07:00:00,16.4,16.4,15.1,16.3,35400
2026-03-05 07:00:00,16.0,16.3,15.9,16.2,21300
2026-03-06 07:00:00,16.0,16.0,15.4,15.5,6000
2026-03-09 07:00:00,15.5,15.5,14.0,14.0,161900
2026-03-10 07:00:00,14.5,14.6,14.0,14.4,37700
2026-03-11 07:00:00,14.4,15.0,14.2,14.9,27300
2026-03-12 07:00:00,14.4,15.8,14.4,15.8,13200
2026-03-13 07:00:00,15.5,15.5,14.8,15.4,12200
2026-03-16 07:00:00,15.4,15.6,15.0,15.3,11200
2026-03-17 07:00:00,15.2,15.9,15.2,15.6,30100
2026-03-18 07:00:00,15.6,16.0,14.2,15.6,22400
2026-03-19 07:00:00,14.5,15.7,14.5,15.5,14500
2026-03-20 07:00:00,15.5,15.8,15.1,15.1,17400
2026-03-23 07:00:00,14.4,15.1,14.4,15.1,26000
2026-03-24 07:00:00,15.1,15.8,15.1,15.7,13800
2026-03-25 07:00:00,15.7,15.9,14.4,15.5,9200
2026-03-26 07:00:00,14.8,15.5,14.0,15.4,57900
2026-03-27 07:00:00,15.3,16.0,15.1,16.0,22000
2026-03-30 07:00:00,16.0,16.0,14.4,15.8,23600
2026-03-31 07:00:00,15.7,15.7,14.6,14.9,8600
2026-04-01 07:00:00,15.4,15.4,14.9,15.4,20200
2026-04-02 07:00:00,15.2,15.2,15.0,15.0,8400
2026-04-03 07:00:00,15.0,15.0,14.8,14.9,6400
2026-04-06 07:00:00,15.0,15.0,14.7,14.8,18400
2026-04-07 07:00:00,14.9,14.9,14.7,14.8,3000
2026-04-08 07:00:00,15.0,15.3,15.0,15.3,13400
2026-04-09 07:00:00,15.3,15.3,14.4,15.3,24100
2026-04-10 07:00:00,15.7,15.7,14.8,15.3,25100
2026-04-13 07:00:00,15.3,15.3,14.9,15.2,9200
2026-04-14 07:00:00,15.2,15.3,14.8,15.0,4500
2026-04-15 07:00:00,15.2,15.8,15.0,15.2,6200
2026-04-16 07:00:00,14.9,15.1,14.6,14.7,11600
2026-04-17 07:00:00,15.0,15.0,14.5,15.0,9000
2026-04-20 07:00:00,14.8,15.0,14.4,14.9,20200
2026-04-21 07:00:00,14.8,14.8,14.5,14.7,11900
2026-04-22 07:00:00,14.9,15.0,14.6,14.8,2500
2026-04-23 07:00:00,14.5,14.9,14.0,14.7,26300
2026-04-24 07:00:00,14.7,14.7,14.4,14.7,11400
2026-04-28 07:00:00,14.7,14.7,13.6,14.6,10600
2026-04-29 07:00:00,14.5,14.5,14.5,14.5,5200
2026-05-04 07:00:00,14.5,14.8,14.3,14.8,22500
2026-05-05 07:00:00,14.5,14.8,14.5,14.7,2800
2026-05-06 07:00:00,14.5,14.7,13.9,14.6,13000
2026-05-07 07:00:00,14.6,14.7,14.5,14.7,4600
2026-05-08 07:00:00,14.5,14.6,14.3,14.5,11300
2026-05-11 07:00:00,14.6,15.0,14.2,14.2,15100
2026-05-12 07:00:00,14.3,14.7,14.1,14.6,10800
2026-05-13 07:00:00,14.6,14.6,13.9,14.5,23300
2026-05-14 07:00:00,14.4,14.5,14.0,14.5,9000
2026-05-15 07:00:00,14.0,14.5,14.0,14.4,18900
2026-05-18 07:00:00,14.1,14.4,14.0,14.3,7300
2026-05-19 07:00:00,14.2,14.4,14.1,14.4,9600
2026-05-20 07:00:00,14.3,14.3,13.4,14.3,18000
2026-05-21 07:00:00,13.8,14.2,13.6,14.2,15700
2026-05-22 07:00:00,13.7,14.1,13.6,14.0,15700
2026-05-25 07:00:00,13.9,14.0,13.7,13.9,9100
2026-05-26 07:00:00,14.0,14.0,13.6,13.9,10800
2026-05-27 07:00:00,13.9,13.9,13.5,13.9,23000
