time,open,high,low,close,volume
2018-01-02 07:00:00,8.29,8.29,7.81,7.95,13660
2018-01-03 07:00:00,7.95,7.95,7.44,7.95,20330
2018-01-04 07:00:00,7.95,7.95,7.81,7.95,1410
2018-01-05 07:00:00,7.95,7.95,7.64,7.95,5800
2018-01-08 07:00:00,7.98,7.98,7.68,7.68,8410
2018-01-09 07:00:00,7.71,7.74,7.3,7.68,14040
2018-01-10 07:00:00,7.68,7.68,7.3,7.34,1340
2018-01-11 07:00:00,7.4,7.4,7.37,7.4,1250
2018-01-12 07:00:00,7.23,7.44,7.23,7.23,12860
2018-01-15 07:00:00,7.23,7.3,6.96,7.13,5770
2018-01-16 07:00:00,7.06,7.1,6.69,7.06,8680
2018-01-17 07:00:00,6.57,7.03,6.57,6.57,9370
2018-01-18 07:00:00,6.57,6.59,6.18,6.59,17990
2018-01-19 07:00:00,6.62,6.69,6.56,6.69,10830
2018-01-22 07:00:00,6.72,6.83,6.66,6.76,13310
2018-01-25 07:00:00,6.79,6.89,6.69,6.86,9860
2018-01-26 07:00:00,6.83,6.89,6.76,6.89,4820
2018-01-29 07:00:00,6.89,6.93,6.79,6.86,3300
2018-01-30 07:00:00,6.83,6.86,6.72,6.86,1800
2018-01-31 07:00:00,6.86,6.89,6.76,6.79,7310
2018-02-01 07:00:00,6.79,6.79,6.45,6.79,5550
2018-02-02 07:00:00,6.79,6.79,6.42,6.79,8940
2018-02-05 07:00:00,6.79,6.79,6.62,6.79,13360
2018-02-06 07:00:00,6.76,6.76,6.62,6.66,16730
2018-02-07 07:00:00,6.66,6.66,6.62,6.62,550
2018-02-08 07:00:00,6.62,6.62,6.59,6.59,700
2018-02-09 07:00:00,6.59,6.59,6.45,6.45,1880
2018-02-12 07:00:00,6.45,6.45,6.45,6.45,110
2018-02-13 07:00:00,6.45,6.45,6.28,6.28,880
2018-02-21 07:00:00,6.32,6.32,6.25,6.25,490
2018-02-22 07:00:00,6.28,6.28,6.25,6.25,3430
2018-02-23 07:00:00,6.28,6.28,6.28,6.28,5050
2018-02-26 07:00:00,6.28,6.28,6.25,6.28,1130
2018-02-27 07:00:00,6.28,6.28,6.28,6.28,50
2018-02-28 07:00:00,6.28,6.28,5.94,5.94,1620
2018-03-01 07:00:00,6.01,6.11,5.94,5.94,47810
2018-03-02 07:00:00,6.05,6.15,5.94,5.94,40770
2018-03-05 07:00:00,6.05,6.11,5.94,5.94,34230
2018-03-06 07:00:00,5.94,6.01,5.91,5.91,18380
2018-03-07 07:00:00,5.94,5.98,5.89,5.98,13790
2018-03-08 07:00:00,6.01,6.05,5.93,6.05,17100
2018-03-09 07:00:00,6.05,6.15,5.91,5.94,35750
2018-03-12 07:00:00,5.98,6.35,5.93,6.35,26940
2018-03-13 07:00:00,6.39,6.45,6.11,6.18,36930
2018-03-14 07:00:00,6.22,6.59,6.05,6.59,19860
2018-03-15 07:00:00,6.59,6.79,6.59,6.79,20890
2018-03-16 07:00:00,6.83,6.96,6.83,6.96,25980
2018-03-19 07:00:00,7.03,7.3,7.0,7.13,45540
2018-03-20 07:00:00,7.2,7.23,6.96,7.1,36130
2018-03-21 07:00:00,7.13,7.13,6.79,7.13,74470
2018-03-22 07:00:00,7.17,7.61,7.13,7.61,65070
2018-03-23 07:00:00,7.64,8.12,7.1,8.12,51040
2018-03-26 07:00:00,8.12,8.49,8.12,8.49,49310
2018-03-27 07:00:00,8.15,8.46,7.9,8.46,21450
2018-03-28 07:00:00,8.32,8.32,8.02,8.32,3030
2018-03-29 07:00:00,8.25,8.25,7.98,8.19,5120
2018-03-30 07:00:00,8.25,8.25,7.95,7.95,6220
2018-04-02 07:00:00,7.98,7.98,7.4,7.47,16100
2018-04-03 07:00:00,7.81,7.81,7.54,7.81,1570
2018-04-04 07:00:00,7.85,7.85,7.64,7.64,2010
2018-04-05 07:00:00,7.81,7.81,7.79,7.79,160
2018-04-06 07:00:00,7.81,7.81,7.79,7.79,360
2018-04-09 07:00:00,7.79,7.79,7.27,7.27,1790
2018-04-10 07:00:00,7.47,7.47,7.3,7.3,490
2018-04-11 07:00:00,7.47,7.51,7.3,7.3,3530
2018-04-12 07:00:00,7.47,7.47,7.4,7.4,90
2018-04-13 07:00:00,7.47,7.47,7.34,7.34,120
2018-04-16 07:00:00,7.4,7.4,7.2,7.2,990
2018-04-17 07:00:00,7.27,7.27,7.23,7.27,3000
2018-04-18 07:00:00,7.37,7.37,6.79,6.79,400
2018-04-19 07:00:00,6.95,7.03,6.95,7.03,3330
2018-04-20 07:00:00,7.1,7.1,6.57,6.57,1480
2018-04-23 07:00:00,6.56,6.66,6.45,6.45,3620
2018-04-24 07:00:00,6.56,6.56,6.03,6.03,890
2018-04-26 07:00:00,6.11,6.39,5.94,5.94,4380
2018-04-27 07:00:00,6.11,6.35,6.11,6.32,5080
2018-05-02 07:00:00,6.39,6.72,6.35,6.35,7710
2018-05-03 07:00:00,6.42,6.79,6.35,6.35,12910
2018-05-04 07:00:00,6.45,6.72,6.39,6.39,5580
2018-05-07 07:00:00,6.52,6.62,6.45,6.45,5490
2018-05-08 07:00:00,6.62,6.79,6.39,6.39,1240
2018-05-09 07:00:00,6.18,6.18,6.18,6.18,20
2018-05-10 07:00:00,6.45,6.56,5.94,6.56,520
2018-05-11 07:00:00,6.23,6.23,6.23,6.23,120
2018-05-14 07:00:00,6.45,6.52,6.28,6.28,360
2018-05-15 07:00:00,6.11,6.11,6.11,6.11,100
2018-05-16 07:00:00,6.45,6.45,6.18,6.18,990
2018-05-17 07:00:00,6.52,6.59,6.52,6.59,270
2018-05-18 07:00:00,6.79,6.79,6.32,6.32,90
2018-05-21 07:00:00,6.76,6.76,6.76,6.76,100
2018-05-22 07:00:00,7.22,7.22,7.13,7.22,3010
2018-05-23 07:00:00,7.44,7.71,7.44,7.68,920
2018-05-24 07:00:00,8.15,8.2,7.68,7.71,1250
2018-05-25 07:00:00,7.64,7.64,7.64,7.64,1100
2018-05-28 07:00:00,7.64,7.64,7.64,7.64,10
2018-05-31 07:00:00,7.12,7.64,7.12,7.64,20
2018-06-05 07:00:00,7.12,7.12,7.12,7.12,3260
2018-06-06 07:00:00,6.79,7.12,6.79,6.79,6430
2018-06-07 07:00:00,6.79,6.79,6.79,6.79,50
2018-06-13 07:00:00,7.23,7.23,6.79,6.79,100
2018-06-14 07:00:00,6.35,6.79,6.32,6.79,23620
2018-06-15 07:00:00,6.35,6.35,6.35,6.35,500
2018-06-19 07:00:00,6.05,6.05,6.05,6.05,10
2018-06-20 07:00:00,5.81,6.45,5.81,5.84,220
2018-06-22 07:00:00,5.84,6.18,5.77,6.18,520
2018-06-25 07:00:00,5.84,6.18,5.84,5.88,920
2018-06-26 07:00:00,5.88,5.88,5.88,5.88,100
2018-06-27 07:00:00,6.28,6.28,5.84,5.84,330
2018-06-28 07:00:00,5.88,5.88,5.88,5.88,2500
2018-06-29 07:00:00,5.88,5.88,5.81,5.81,2010
2018-07-02 07:00:00,5.77,5.77,5.77,5.77,1050
2018-07-03 07:00:00,5.77,5.77,5.74,5.74,6020
2018-07-04 07:00:00,5.77,5.77,5.6,5.77,6290
2018-07-05 07:00:00,5.77,5.77,5.67,5.77,17690
2018-07-06 07:00:00,5.88,6.11,5.79,6.11,6000
2018-07-09 07:00:00,5.86,6.11,5.84,6.11,5110
2018-07-10 07:00:00,5.82,5.82,5.82,5.82,1000
2018-07-12 07:00:00,5.82,5.82,5.82,5.82,20
2018-07-13 07:00:00,6.23,6.23,6.08,6.08,310
2018-07-16 07:00:00,6.08,6.45,6.08,6.45,170
2018-07-17 07:00:00,6.45,6.45,6.45,6.45,300
2018-07-18 07:00:00,6.45,6.45,6.42,6.42,120
2018-07-19 07:00:00,6.11,6.62,6.11,6.62,2170
2018-07-20 07:00:00,6.59,7.06,6.25,6.25,1190
2018-07-23 07:00:00,6.45,6.45,6.45,6.45,220
2018-07-24 07:00:00,6.86,6.88,6.86,6.88,2500
2018-07-25 07:00:00,6.88,7.34,6.88,7.34,230
2018-07-26 07:00:00,7.34,7.79,7.34,7.79,700
2018-07-27 07:00:00,7.78,7.81,7.78,7.81,2020
2018-07-30 07:00:00,7.78,7.81,7.27,7.76,2060
2018-07-31 07:00:00,7.4,7.76,7.4,7.76,570
2018-08-01 07:00:00,7.47,7.47,7.47,7.47,1710
2018-08-02 07:00:00,7.47,7.47,7.47,7.47,10
2018-08-03 07:00:00,7.81,7.81,7.81,7.81,330
2018-08-06 07:00:00,7.3,7.47,7.29,7.47,300
2018-08-07 07:00:00,7.47,7.47,7.46,7.47,3010
2018-08-08 07:00:00,7.47,7.47,7.47,7.47,10
2018-08-09 07:00:00,6.96,7.47,6.96,7.47,4650
2018-08-10 07:00:00,7.34,7.4,6.96,7.4,1580
2018-08-13 07:00:00,7.81,7.81,7.81,7.81,10
2018-08-14 07:00:00,7.81,7.81,7.27,7.27,40
2018-08-15 07:00:00,7.74,7.74,7.74,7.74,100
2018-08-17 07:00:00,7.81,7.81,7.22,7.22,40
2018-08-20 07:00:00,7.22,7.22,7.22,7.22,10
2018-08-21 07:00:00,7.06,7.71,6.72,7.71,26070
2018-08-22 07:00:00,7.2,8.24,7.2,7.71,15900
2018-08-23 07:00:00,7.71,7.74,7.71,7.74,15100
2018-08-24 07:00:00,8.15,8.15,7.74,7.74,15110
2018-08-27 07:00:00,7.23,8.15,7.23,7.98,11330
2018-08-28 07:00:00,7.74,7.81,7.74,7.81,13240
2018-08-29 07:00:00,7.99,8.17,7.95,7.99,14200
2018-08-30 07:00:00,7.81,7.99,7.81,7.99,18000
2018-08-31 07:00:00,7.99,7.99,7.99,7.99,100
2018-09-04 07:00:00,7.99,8.38,7.99,8.31,13120
2018-09-05 07:00:00,8.2,8.2,8.2,8.2,100
2018-09-06 07:00:00,7.63,7.99,7.63,7.85,21030
2018-09-07 07:00:00,7.81,8.17,7.81,8.02,18100
2018-09-10 07:00:00,7.88,7.92,7.88,7.92,14000
2018-09-11 07:00:00,7.81,7.81,7.81,7.81,8100
2018-09-12 07:00:00,7.74,7.81,7.74,7.81,31000
2018-09-13 07:00:00,7.81,8.17,7.81,8.17,10200
2018-09-14 07:00:00,7.99,7.99,7.6,7.95,16210
2018-09-17 07:00:00,7.74,7.95,7.74,7.95,21000
2018-09-18 07:00:00,7.95,7.99,7.92,7.95,26100
2018-09-19 07:00:00,7.95,8.27,7.95,8.27,36100
2018-09-20 07:00:00,8.27,8.52,7.71,8.52,43700
2018-09-21 07:00:00,8.45,9.02,8.45,9.02,10510
2018-09-24 07:00:00,8.88,9.62,8.4,8.66,17660
2018-09-25 07:00:00,8.06,8.52,8.06,8.52,16260
2018-09-26 07:00:00,8.7,8.7,7.94,8.27,20350
2018-09-27 07:00:00,7.72,8.34,7.72,8.34,1080
2018-09-28 07:00:00,8.45,8.7,7.78,8.7,14510
2018-10-01 07:00:00,8.7,8.7,8.7,8.7,1000
2018-10-02 07:00:00,8.11,8.86,8.1,8.7,10650
2018-10-03 07:00:00,8.11,8.52,8.1,8.52,7030
2018-10-04 07:00:00,8.5,8.52,7.99,8.49,15660
2018-10-05 07:00:00,8.45,8.49,7.95,7.95,20210
2018-10-08 07:00:00,8.47,8.47,7.47,8.47,19080
2018-10-09 07:00:00,7.99,8.49,7.99,8.49,1710
2018-10-10 07:00:00,8.45,8.52,8.45,8.52,41100
2018-10-11 07:00:00,8.52,8.52,7.95,8.36,14110
2018-10-12 07:00:00,8.36,8.36,8.36,8.36,10
2018-10-15 07:00:00,8.34,8.49,8.34,8.49,25000
2018-10-16 07:00:00,8.49,8.49,8.45,8.49,25650
2018-10-17 07:00:00,8.45,8.5,7.94,8.49,22120
2018-10-18 07:00:00,8.52,8.52,7.99,7.99,7010
2018-10-19 07:00:00,8.17,8.5,8.17,8.5,21100
2018-10-22 07:00:00,8.38,8.49,8.36,8.49,26100
2018-10-23 07:00:00,8.45,8.5,8.01,8.5,15680
2018-10-24 07:00:00,8.34,8.52,8.34,8.52,20000
2018-10-26 07:00:00,7.95,8.52,7.95,8.52,510
2018-10-29 07:00:00,8.49,8.49,8.49,8.49,22030
2018-10-31 07:00:00,7.92,8.33,7.92,8.33,130
2018-11-01 07:00:00,8.31,8.33,8.31,8.33,21000
2018-11-02 07:00:00,8.33,8.49,8.33,8.49,20000
2018-11-06 07:00:00,8.49,8.59,8.49,8.59,50000
2018-11-07 07:00:00,8.49,8.49,8.49,8.49,27000
2018-11-08 07:00:00,8.26,8.88,8.26,8.88,46500
2018-11-09 07:00:00,9.05,9.05,8.27,8.27,40
2018-11-12 07:00:00,8.27,8.52,8.27,8.52,22030
2018-11-13 07:00:00,7.95,8.45,7.95,8.45,7560
2018-11-14 07:00:00,8.42,8.45,8.42,8.45,25500
2018-11-16 07:00:00,8.7,8.7,8.49,8.52,17500
2018-11-20 07:00:00,8.45,8.52,8.45,8.52,25700
2018-11-21 07:00:00,8.7,9.05,8.34,8.34,18110
2018-11-22 07:00:00,8.7,8.88,8.17,8.81,23730
2018-11-23 07:00:00,8.88,8.88,8.7,8.82,20160
2018-11-26 07:00:00,8.52,8.81,8.34,8.34,18220
2018-11-27 07:00:00,8.27,8.52,8.27,8.42,26300
2018-11-28 07:00:00,8.34,8.52,8.31,8.52,34140
2018-11-29 07:00:00,8.34,8.34,8.34,8.34,190
2018-11-30 07:00:00,8.42,8.42,7.81,8.42,360
2018-12-03 07:00:00,8.98,8.98,8.98,8.98,20000
2018-12-04 07:00:00,9.61,9.61,9.61,9.61,20000
2018-12-05 07:00:00,10.1,10.25,9.84,10.1,61810
2018-12-06 07:00:00,10.36,10.36,10.15,10.25,29530
2018-12-07 07:00:00,10.36,10.62,10.36,10.62,27300
2018-12-10 07:00:00,10.62,11.03,10.62,10.88,22470
2018-12-11 07:00:00,10.88,11.63,10.88,11.63,25580
2018-12-12 07:00:00,11.39,11.76,11.39,11.76,31000
2018-12-13 07:00:00,10.95,12.17,10.95,12.17,15250
2018-12-14 07:00:00,11.91,11.91,11.34,11.86,42240
2018-12-17 07:00:00,11.96,11.96,11.03,11.76,40200
2018-12-18 07:00:00,11.65,11.68,11.65,11.68,31330
2018-12-19 07:00:00,11.68,12.07,11.68,12.07,4080
2018-12-20 07:00:00,12.69,12.69,12.38,12.43,20120
2018-12-21 07:00:00,11.91,12.35,11.91,12.35,20100
2018-12-24 07:00:00,12.17,12.17,12.17,12.17,12000
2018-12-25 07:00:00,11.34,12.17,11.34,12.17,110
2018-12-26 07:00:00,11.34,12.17,11.34,12.17,36210
2018-12-27 07:00:00,12.17,12.17,12.17,12.17,100
2018-12-28 07:00:00,12.17,12.17,12.17,12.17,1000
2019-01-03 07:00:00,11.91,11.96,11.91,11.96,38100
2019-01-04 07:00:00,11.91,12.79,11.86,11.86,28120
2019-01-07 07:00:00,12.07,12.07,11.65,11.91,1690
2019-01-08 07:00:00,12.17,12.38,11.13,11.91,40110
2019-01-09 07:00:00,11.86,11.91,11.86,11.91,34100
2019-01-10 07:00:00,11.65,11.91,11.39,11.86,39250
2019-01-11 07:00:00,11.86,11.91,11.86,11.91,32900
2019-01-14 07:00:00,11.65,11.91,11.39,11.91,36660
2019-01-15 07:00:00,11.83,11.91,11.39,11.65,34090
2019-01-16 07:00:00,11.81,11.81,11.81,11.81,300
2019-01-17 07:00:00,11.86,11.91,11.86,11.91,26030
2019-01-18 07:00:00,11.86,11.89,11.86,11.89,20000
2019-01-21 07:00:00,11.91,11.91,11.91,11.91,100
2019-01-22 07:00:00,11.86,11.91,11.86,11.91,42100
2019-01-23 07:00:00,11.08,11.91,11.08,11.91,42220
2019-01-24 07:00:00,11.86,11.91,11.13,11.13,25100
2019-01-25 07:00:00,11.65,11.91,11.65,11.91,31400
2019-02-11 07:00:00,12.17,12.43,12.17,12.38,35030
2019-02-12 07:00:00,12.33,13.23,12.33,13.23,27900
2019-02-13 07:00:00,13.41,13.98,12.95,13.98,26260
2019-02-14 07:00:00,13.02,13.46,13.02,13.46,40190
2019-02-15 07:00:00,13.46,13.46,13.46,13.46,100
2019-02-18 07:00:00,13.46,13.98,13.46,13.46,370
2019-02-19 07:00:00,12.95,13.46,12.95,13.46,40010
2019-02-20 07:00:00,12.95,13.46,12.95,13.46,33120
2019-02-21 07:00:00,13.15,13.46,13.15,13.46,22010
2019-02-25 07:00:00,13.15,13.46,13.15,13.46,25010
2019-02-26 07:00:00,13.41,13.46,13.41,13.46,20020
2019-02-28 07:00:00,13.46,13.98,13.46,13.46,25020
2019-03-04 07:00:00,13.21,13.46,13.21,13.46,26010
2019-03-05 07:00:00,12.69,12.95,12.69,12.95,25050
2019-03-06 07:00:00,12.43,12.95,12.04,12.95,32300
2019-03-07 07:00:00,12.69,12.95,12.04,12.95,32310
2019-03-11 07:00:00,12.04,12.84,12.04,12.84,22020
2019-03-12 07:00:00,12.69,12.95,12.01,12.43,30020
2019-03-13 07:00:00,12.43,12.43,12.17,12.43,18120
2019-03-14 07:00:00,12.43,12.43,12.43,12.43,10
2019-03-15 07:00:00,12.3,12.43,12.3,12.4,22120
2019-03-18 07:00:00,12.33,12.43,11.57,12.4,21740
2019-03-19 07:00:00,11.55,12.43,11.55,12.43,31660
2019-03-20 07:00:00,12.43,12.43,12.43,12.43,100
2019-03-21 07:00:00,12.33,12.43,12.33,12.43,15100
2019-03-22 07:00:00,12.33,12.4,11.57,12.4,32200
2019-03-25 07:00:00,11.57,12.38,11.57,12.38,110
2019-03-26 07:00:00,12.27,12.35,12.22,12.35,15420
2019-03-27 07:00:00,11.5,12.35,11.5,12.35,21010
2019-03-28 07:00:00,12.35,12.35,11.65,12.35,270
2019-03-29 07:00:00,12.35,12.35,12.35,12.35,20
2019-04-01 07:00:00,12.35,12.4,12.35,12.4,21000
2019-04-02 07:00:00,12.4,13.26,12.4,12.43,44860
2019-04-03 07:00:00,12.33,12.43,12.33,12.43,15010
2019-04-04 07:00:00,12.95,13.28,12.43,12.43,21100
2019-04-05 07:00:00,12.43,12.43,12.43,12.43,10
2019-04-08 07:00:00,12.95,12.95,12.43,12.43,30160
2019-04-09 07:00:00,12.17,12.17,11.7,12.17,28750
2019-04-10 07:00:00,11.47,12.4,11.44,12.4,210
2019-04-11 07:00:00,12.17,12.43,12.17,12.43,10200
2019-04-12 07:00:00,11.91,12.38,11.91,11.91,27360
2019-04-16 07:00:00,12.33,12.33,12.3,12.33,20000
2019-04-17 07:00:00,12.33,12.43,12.33,12.4,39000
2019-04-18 07:00:00,12.07,12.4,12.07,12.4,20010
2019-04-19 07:00:00,12.4,12.4,11.65,11.65,16110
2019-04-22 07:00:00,12.33,12.33,11.76,11.86,33200
2019-04-23 07:00:00,11.91,12.4,11.89,12.04,76140
2019-04-24 07:00:00,11.65,11.76,11.6,11.7,24100
2019-04-25 07:00:00,11.76,11.91,11.76,11.91,26000
2019-04-26 07:00:00,11.91,11.91,11.91,11.91,20
2019-05-02 07:00:00,12.17,12.43,12.17,12.4,50210
2019-05-03 07:00:00,12.43,12.69,12.33,12.38,44100
2019-05-06 07:00:00,12.17,12.43,11.91,12.07,40100
2019-05-07 07:00:00,12.17,12.17,11.65,12.14,52010
2019-05-08 07:00:00,12.69,12.95,12.07,12.38,41120
2019-05-10 07:00:00,12.35,12.38,11.86,11.91,35600
2019-05-13 07:00:00,12.33,12.4,11.91,12.4,51100
2019-05-14 07:00:00,12.33,12.4,11.68,12.17,25120
2019-05-15 07:00:00,12.17,12.43,12.17,12.43,30300
2019-05-16 07:00:00,11.6,11.6,11.6,11.6,20
2019-05-17 07:00:00,12.12,12.12,12.12,12.12,50
2019-05-20 07:00:00,12.17,12.38,11.39,11.39,15210
2019-05-21 07:00:00,11.91,11.91,10.93,11.89,16160
2019-05-22 07:00:00,11.65,11.65,11.39,11.65,12030
2019-05-23 07:00:00,10.88,11.39,10.88,11.39,120
2019-05-24 07:00:00,11.91,11.91,11.91,11.91,28000
2019-05-27 07:00:00,11.63,12.17,11.63,12.17,18820
2019-05-29 07:00:00,12.43,12.43,12.33,12.33,15000
2019-05-30 07:00:00,12.95,12.95,12.95,12.95,10
2019-06-03 07:00:00,12.43,12.95,12.17,12.17,30040
2019-06-04 07:00:00,11.91,12.01,11.81,11.86,40010
2019-06-05 07:00:00,12.01,12.66,11.21,11.86,25090
2019-06-06 07:00:00,11.86,11.86,11.86,11.86,810
2019-06-07 07:00:00,11.81,11.86,11.76,11.86,23800
2019-06-10 07:00:00,11.91,11.91,11.13,11.76,108020
2019-06-11 07:00:00,12.17,12.17,11.11,11.65,140240
2019-06-12 07:00:00,11.65,11.7,11.5,11.7,244000
2019-06-13 07:00:00,11.81,11.91,11.7,11.91,182170
2019-06-14 07:00:00,11.91,12.74,11.65,12.74,113440
2019-06-17 07:00:00,13.6,13.6,13.57,13.6,2830
2019-06-18 07:00:00,13.69,13.75,13.6,13.63,82200
2019-06-19 07:00:00,13.63,13.69,13.63,13.63,71140
2019-06-20 07:00:00,13.99,13.99,13.69,13.75,165040
2019-06-21 07:00:00,12.92,13.51,12.92,13.39,163000
2019-06-24 07:00:00,13.45,13.45,12.47,13.1,221050
2019-06-25 07:00:00,12.2,13.22,12.2,13.22,63630
2019-06-26 07:00:00,13.1,13.1,12.32,13.07,99290
2019-06-27 07:00:00,13.04,13.07,12.38,13.07,76420
2019-06-28 07:00:00,13.04,13.28,13.04,13.28,88120
2019-07-01 07:00:00,13.39,13.57,13.28,13.28,112150
2019-07-02 07:00:00,13.33,13.45,13.28,13.33,100230
2019-07-03 07:00:00,13.1,13.39,13.1,13.39,90010
2019-07-04 07:00:00,13.39,13.39,12.47,12.5,85470
2019-07-05 07:00:00,12.68,13.1,12.62,13.1,53560
2019-07-08 07:00:00,13.45,13.45,13.39,13.39,85080
2019-07-09 07:00:00,13.39,13.45,13.1,13.39,47710
2019-07-10 07:00:00,13.63,13.69,13.33,13.57,90140
2019-07-11 07:00:00,13.69,14.41,13.63,13.69,109020
2019-07-12 07:00:00,13.69,13.81,13.69,13.81,144200
2019-07-15 07:00:00,13.63,14.76,13.57,14.7,153000
2019-07-16 07:00:00,14.23,14.23,13.69,13.69,17670
2019-07-17 07:00:00,13.75,13.75,13.39,13.69,41510
2019-07-18 07:00:00,13.57,13.57,12.74,13.1,52650
2019-07-19 07:00:00,12.98,13.93,12.23,13.93,58820
2019-07-22 07:00:00,12.98,13.93,12.98,13.63,102150
2019-07-23 07:00:00,13.63,13.69,13.22,13.39,51830
2019-07-24 07:00:00,12.68,13.39,12.5,13.04,122050
2019-07-25 07:00:00,12.95,13.1,12.95,13.1,50020
2019-07-26 07:00:00,12.2,13.39,12.2,13.39,38550
2019-07-29 07:00:00,13.28,13.28,13.28,13.28,10
2019-07-30 07:00:00,12.35,13.1,12.35,13.01,560
2019-07-31 07:00:00,13.22,13.22,12.14,12.14,420
2019-08-01 07:00:00,12.47,12.98,12.47,12.5,68180
2019-08-02 07:00:00,12.26,12.56,12.26,12.41,68590
2019-08-05 07:00:00,12.44,12.56,12.44,12.53,71100
2019-08-06 07:00:00,12.26,13.07,12.26,13.07,57720
2019-08-07 07:00:00,13.04,13.07,12.74,13.07,99150
2019-08-08 07:00:00,13.1,13.1,12.92,13.07,83760
2019-08-09 07:00:00,12.8,13.1,12.53,13.07,81450
2019-08-12 07:00:00,13.07,13.25,12.5,12.8,179590
2019-08-13 07:00:00,12.8,12.98,12.8,12.98,88550
2019-08-14 07:00:00,13.04,13.04,12.5,12.98,69640
2019-08-15 07:00:00,12.62,12.68,12.62,12.68,80100
2019-08-16 07:00:00,12.8,12.92,11.91,11.91,63940
2019-08-19 07:00:00,12.03,12.74,12.03,12.23,170530
2019-08-20 07:00:00,12.74,12.74,12.23,12.65,94010
2019-08-21 07:00:00,12.5,12.92,12.5,12.68,101090
2019-08-22 07:00:00,12.5,12.86,12.44,12.71,58420
2019-08-23 07:00:00,12.44,12.71,12.38,12.68,63370
2019-08-26 07:00:00,12.2,12.56,11.94,12.5,66190
2019-08-27 07:00:00,12.68,13.04,12.32,12.44,35360
2019-08-28 07:00:00,12.74,12.8,12.05,12.44,72910
2019-08-29 07:00:00,12.38,12.44,12.26,12.44,31080
2019-08-30 07:00:00,12.38,12.41,12.32,12.32,58300
2019-09-03 07:00:00,12.32,12.44,11.94,12.08,128820
2019-09-04 07:00:00,12.29,12.38,11.91,12.08,71300
2019-09-05 07:00:00,12.32,12.44,12.32,12.38,40910
2019-09-06 07:00:00,12.29,12.35,11.91,12.14,54520
2019-09-09 07:00:00,12.08,12.38,12.08,12.2,62020
2019-09-10 07:00:00,12.32,12.32,11.91,12.14,71550
2019-09-11 07:00:00,12.08,12.2,12.08,12.14,70220
2019-09-12 07:00:00,12.11,12.2,12.08,12.14,84010
2019-09-13 07:00:00,12.32,12.32,11.91,12.14,75360
2019-09-16 07:00:00,12.17,12.32,12.17,12.32,44510
2019-09-17 07:00:00,12.26,12.38,12.23,12.26,73130
2019-09-18 07:00:00,12.2,12.38,12.2,12.26,55210
2019-09-19 07:00:00,12.14,12.2,12.11,12.2,42010
2019-09-20 07:00:00,12.17,12.17,11.91,12.17,72120
2019-09-23 07:00:00,12.2,12.26,12.14,12.17,80020
2019-09-24 07:00:00,12.14,12.17,11.91,12.17,41540
2019-09-25 07:00:00,12.14,13.01,12.08,12.98,92100
2019-09-26 07:00:00,12.77,12.77,12.17,12.71,95940
2019-09-27 07:00:00,12.62,13.39,12.5,13.39,52120
2019-09-30 07:00:00,13.31,13.33,12.53,13.33,98220
2019-10-01 07:00:00,13.33,14.26,13.31,14.26,54520
2019-10-02 07:00:00,14.26,14.26,13.31,14.11,126900
2019-10-03 07:00:00,14.08,14.11,13.16,14.11,142070
2019-10-04 07:00:00,14.08,14.11,13.99,14.11,131260
2019-10-07 07:00:00,14.08,14.08,13.19,13.69,154890
2019-10-08 07:00:00,13.39,14.05,13.39,13.93,118060
2019-10-09 07:00:00,13.93,14.17,13.93,14.11,165500
2019-10-10 07:00:00,13.69,14.2,13.69,14.2,121030
2019-10-11 07:00:00,14.17,14.17,13.25,13.28,160940
2019-10-14 07:00:00,13.28,13.39,13.28,13.39,107030
2019-10-15 07:00:00,13.63,14.05,13.51,13.87,119700
2019-10-16 07:00:00,14.05,14.11,13.66,13.69,131570
2019-10-17 07:00:00,14.58,14.64,13.13,13.13,148190
2019-10-18 07:00:00,13.22,13.69,13.1,13.69,155810
2019-10-21 07:00:00,13.63,13.69,13.28,13.69,170950
2019-10-22 07:00:00,13.6,13.63,12.86,13.39,204540
2019-10-23 07:00:00,13.33,13.51,13.22,13.39,201340
2019-10-24 07:00:00,13.45,13.48,12.59,13.39,156270
2019-10-25 07:00:00,13.33,13.39,13.1,13.39,162970
2019-10-28 07:00:00,13.1,13.36,12.71,13.33,175420
2019-10-29 07:00:00,13.39,13.45,12.62,13.04,144810
2019-10-30 07:00:00,13.57,13.57,12.5,13.07,100130
2019-10-31 07:00:00,13.16,13.25,12.32,13.25,186800
2019-11-01 07:00:00,13.25,13.28,13.07,13.28,142870
2019-11-04 07:00:00,13.28,13.39,13.1,13.39,173510
2019-11-05 07:00:00,13.45,13.69,13.16,13.69,171430
2019-11-06 07:00:00,13.16,13.75,13.16,13.75,126040
2019-11-07 07:00:00,14.29,14.29,13.16,13.75,102590
2019-11-08 07:00:00,13.75,13.84,13.33,13.84,189720
2019-11-11 07:00:00,13.57,14.29,12.89,14.29,156590
2019-11-12 07:00:00,14.17,14.29,13.42,13.69,126550
2019-11-13 07:00:00,14.17,14.17,13.39,13.9,115310
2019-11-14 07:00:00,13.69,13.69,13.1,13.13,164510
2019-11-15 07:00:00,13.63,13.69,13.1,13.1,145820
2019-11-18 07:00:00,13.63,13.63,13.1,13.51,117010
2019-11-19 07:00:00,13.33,13.57,13.28,13.57,195990
2019-11-20 07:00:00,13.48,13.69,13.13,13.57,172020
2019-11-21 07:00:00,13.04,13.39,12.98,13.39,173370
2019-11-22 07:00:00,13.51,13.69,13.04,13.04,165400
2019-11-25 07:00:00,13.04,13.45,12.59,13.07,176400
2019-11-26 07:00:00,13.19,13.19,12.74,13.07,165860
2019-11-27 07:00:00,13.39,13.39,12.89,13.39,189050
2019-11-28 07:00:00,13.25,13.25,12.92,13.04,153720
2019-11-29 07:00:00,12.86,13.07,12.71,13.07,128200
2019-12-02 07:00:00,13.28,13.69,12.77,13.51,214660
2019-12-03 07:00:00,13.75,14.2,13.45,13.87,220030
2019-12-04 07:00:00,13.69,13.96,13.69,13.96,188060
2019-12-05 07:00:00,13.16,13.69,13.16,13.69,149610
2019-12-06 07:00:00,13.33,13.69,13.28,13.69,140830
2019-12-09 07:00:00,13.69,14.23,13.1,14.23,236340
2019-12-10 07:00:00,13.99,14.17,13.42,14.17,114020
2019-12-11 07:00:00,13.28,14.23,13.28,14.23,200750
2019-12-12 07:00:00,13.45,14.35,13.39,13.54,154350
2019-12-13 07:00:00,13.48,13.81,13.48,13.66,106200
2019-12-16 07:00:00,14.17,14.58,13.36,13.51,137570
2019-12-17 07:00:00,13.57,13.81,13.16,13.66,156800
2019-12-18 07:00:00,13.45,13.69,13.1,13.57,179690
2019-12-19 07:00:00,13.57,13.69,13.22,13.63,159290
2019-12-20 07:00:00,13.45,13.63,13.28,13.51,177820
2019-12-23 07:00:00,13.48,13.48,13.04,13.16,152860
2019-12-24 07:00:00,13.39,13.51,12.86,13.22,137350
2019-12-25 07:00:00,13.16,13.66,13.16,13.39,156140
2019-12-26 07:00:00,13.63,13.81,13.22,13.81,173410
2019-12-27 07:00:00,13.78,14.05,13.39,13.9,150250
2019-12-30 07:00:00,13.57,13.96,13.39,13.93,165460
2019-12-31 07:00:00,13.99,13.99,13.39,13.87,162100
2020-01-02 07:00:00,13.99,14.02,13.28,13.99,181600
2020-01-03 07:00:00,13.39,13.87,13.25,13.25,164370
2020-01-06 07:00:00,13.69,13.81,13.1,13.25,182260
2020-01-07 07:00:00,13.22,13.25,12.89,12.92,106950
2020-01-08 07:00:00,13.16,13.45,12.38,13.39,156300
2020-01-09 07:00:00,13.54,13.57,13.04,13.45,156550
2020-01-10 07:00:00,13.54,13.63,13.01,13.63,173070
2020-01-13 07:00:00,13.69,13.69,13.33,13.66,150920
2020-01-14 07:00:00,13.78,13.78,13.39,13.78,127770
2020-01-15 07:00:00,13.81,13.81,13.39,13.57,150180
2020-01-16 07:00:00,13.39,13.63,13.39,13.6,158810
2020-01-17 07:00:00,13.81,13.81,13.45,13.54,135820
2020-01-20 07:00:00,13.42,13.69,13.42,13.63,154800
2020-01-21 07:00:00,13.69,13.69,13.42,13.57,137390
2020-01-22 07:00:00,13.39,13.81,13.39,13.81,185540
2020-01-30 07:00:00,13.69,13.93,13.51,13.6,157890
2020-01-31 07:00:00,13.22,13.6,13.19,13.54,140210
2020-02-03 07:00:00,13.54,13.75,12.89,13.75,154810
2020-02-04 07:00:00,13.87,13.87,12.98,13.45,150460
2020-02-05 07:00:00,13.63,13.99,13.07,13.99,151280
2020-02-06 07:00:00,14.11,14.17,13.04,14.02,91480
2020-02-07 07:00:00,14.02,14.02,13.1,13.36,137830
2020-02-10 07:00:00,13.63,13.63,12.8,13.57,148240
2020-02-11 07:00:00,13.36,13.39,13.13,13.28,142150
2020-02-12 07:00:00,13.1,13.28,12.89,13.22,164420
2020-02-13 07:00:00,13.22,13.69,12.86,13.69,155220
2020-02-14 07:00:00,13.51,13.57,13.22,13.22,228500
2020-02-17 07:00:00,13.57,13.57,12.29,13.01,172440
2020-02-18 07:00:00,13.01,13.51,12.8,13.51,182200
2020-02-19 07:00:00,13.28,13.87,13.16,13.87,164240
2020-02-20 07:00:00,13.45,13.51,13.16,13.39,131600
2020-02-21 07:00:00,13.1,13.51,13.1,13.51,153270
2020-02-24 07:00:00,13.39,13.39,12.86,13.1,146980
2020-02-25 07:00:00,13.1,13.45,12.8,13.45,157680
2020-02-26 07:00:00,13.04,13.51,13.04,13.45,148030
2020-02-27 07:00:00,13.22,13.57,13.13,13.45,152850
2020-02-28 07:00:00,13.39,13.51,13.1,13.51,143090
2020-03-02 07:00:00,13.16,13.51,13.13,13.51,156220
2020-03-03 07:00:00,13.45,13.51,13.1,13.45,153730
2020-03-04 07:00:00,13.1,13.48,13.1,13.48,146100
2020-03-05 07:00:00,13.22,13.51,13.13,13.13,145950
2020-03-06 07:00:00,13.04,13.04,12.77,12.98,166460
2020-03-09 07:00:00,13.1,13.51,12.17,13.51,126490
2020-03-10 07:00:00,13.28,13.31,13.1,13.28,149770
2020-03-11 07:00:00,13.01,13.28,12.95,13.28,147450
2020-03-12 07:00:00,12.98,13.13,12.92,12.95,129200
2020-03-13 07:00:00,12.8,12.8,12.2,12.35,139710
2020-03-16 07:00:00,12.03,12.62,11.91,12.62,150060
2020-03-17 07:00:00,12.26,12.8,12.2,12.8,157090
2020-03-18 07:00:00,12.74,12.86,12.68,12.86,144010
2020-03-19 07:00:00,12.86,13.16,12.56,13.04,144250
2020-03-20 07:00:00,12.86,13.22,12.77,13.22,144680
2020-03-23 07:00:00,12.98,13.33,12.95,13.22,142220
2020-03-24 07:00:00,12.86,13.31,12.86,13.31,154830
2020-03-25 07:00:00,13.33,13.42,12.86,13.42,143620
2020-03-26 07:00:00,13.33,13.57,12.98,13.42,148590
2020-03-27 07:00:00,13.16,13.42,13.1,13.1,143720
2020-03-30 07:00:00,13.1,13.1,12.8,13.01,146370
2020-03-31 07:00:00,13.22,13.25,12.71,13.01,148940
2020-04-01 07:00:00,13.28,13.33,12.77,13.1,134950
2020-04-03 07:00:00,12.92,13.16,12.86,13.1,151000
2020-04-06 07:00:00,13.04,13.39,12.8,13.28,141460
2020-04-07 07:00:00,13.1,13.33,12.98,13.33,151330
2020-04-08 07:00:00,13.51,13.54,12.89,13.1,141270
2020-04-09 07:00:00,12.98,13.22,12.8,13.13,145610
2020-04-10 07:00:00,13.04,13.39,12.89,13.39,155650
2020-04-13 07:00:00,12.68,13.63,12.5,13.39,142960
2020-04-14 07:00:00,13.04,13.51,12.47,13.51,136360
2020-04-15 07:00:00,13.1,13.63,12.89,12.95,151470
2020-04-16 07:00:00,12.98,13.22,12.71,13.1,158230
2020-04-17 07:00:00,12.86,12.98,12.77,12.92,129360
2020-04-20 07:00:00,12.92,12.92,12.5,12.74,153460
2020-04-21 07:00:00,12.95,13.45,11.91,13.45,147090
2020-04-22 07:00:00,13.22,13.54,12.71,13.45,146070
2020-04-23 07:00:00,13.51,13.51,12.68,13.39,179170
2020-04-24 07:00:00,13.33,13.51,12.47,13.51,138120
2020-04-27 07:00:00,13.04,13.45,13.04,13.22,155530
2020-04-28 07:00:00,13.28,13.31,12.98,13.19,146030
2020-04-29 07:00:00,13.33,13.33,12.26,13.33,143120
2020-05-04 07:00:00,13.33,13.57,12.41,13.57,150760
2020-05-05 07:00:00,13.45,13.48,13.04,13.33,144220
2020-05-06 07:00:00,12.41,13.16,12.41,13.01,39770
2020-05-07 07:00:00,12.8,13.39,12.11,13.39,188860
2020-05-08 07:00:00,12.8,13.25,12.56,13.25,157660
2020-05-11 07:00:00,12.68,13.1,12.68,12.68,148960
2020-05-12 07:00:00,12.5,12.68,12.03,12.38,149220
2020-05-13 07:00:00,12.74,12.74,12.32,12.35,161340
2020-05-14 07:00:00,12.35,12.62,12.2,12.59,138010
2020-05-15 07:00:00,12.56,12.86,12.2,12.8,165890
2020-05-18 07:00:00,12.8,12.8,12.38,12.71,165920
2020-05-19 07:00:00,12.44,12.74,12.44,12.65,144440
2020-05-20 07:00:00,12.65,12.68,12.29,12.68,159190
2020-05-21 07:00:00,12.68,12.68,12.35,12.68,152430
2020-05-22 07:00:00,12.26,12.71,12.23,12.5,142100
2020-05-25 07:00:00,12.74,12.74,12.38,12.65,166530
2020-05-26 07:00:00,12.65,12.71,12.38,12.68,149940
2020-05-27 07:00:00,12.68,12.77,12.5,12.62,157980
2020-05-28 07:00:00,12.68,12.68,12.5,12.65,142110
2020-05-29 07:00:00,12.62,12.65,12.2,12.65,151320
2020-06-01 07:00:00,12.8,12.8,12.32,12.65,142660
2020-06-02 07:00:00,12.74,12.74,12.26,12.68,149590
2020-06-03 07:00:00,12.71,12.71,12.29,12.65,140930
2020-06-04 07:00:00,12.65,12.74,12.35,12.65,140210
2020-06-05 07:00:00,12.65,12.68,12.26,12.68,148210
2020-06-08 07:00:00,12.2,12.8,12.14,12.74,170160
2020-06-09 07:00:00,12.5,12.74,12.29,12.68,161900
2020-06-10 07:00:00,12.62,12.74,12.29,12.74,153400
2020-06-11 07:00:00,12.71,12.8,12.35,12.35,141650
2020-06-12 07:00:00,12.5,12.5,12.0,12.5,145590
2020-06-15 07:00:00,12.44,12.62,12.11,12.14,142310
2020-06-16 07:00:00,12.56,12.74,12.26,12.32,157410
2020-06-17 07:00:00,12.62,12.62,12.2,12.2,173410
2020-06-18 07:00:00,12.5,12.59,11.91,12.56,160040
2020-06-19 07:00:00,12.5,12.62,12.35,12.59,135200
2020-06-22 07:00:00,12.59,12.74,12.32,12.65,131920
2020-06-23 07:00:00,12.68,12.74,12.5,12.74,143480
2020-06-24 07:00:00,12.8,12.8,12.38,12.74,135930
2020-06-25 07:00:00,12.8,12.8,12.44,12.71,159580
2020-06-26 07:00:00,12.8,12.8,12.32,12.65,168210
2020-06-29 07:00:00,12.65,12.8,12.26,12.53,136470
2020-06-30 07:00:00,12.62,12.62,12.29,12.5,141420
2020-07-01 07:00:00,12.53,12.53,12.41,12.5,134070
2020-07-02 07:00:00,12.5,12.5,12.38,12.5,155720
2020-07-03 07:00:00,12.5,12.5,12.32,12.5,183410
2020-07-06 07:00:00,12.5,12.53,12.44,12.53,170940
2020-07-07 07:00:00,12.53,12.62,12.32,12.32,154980
2020-07-08 07:00:00,12.53,12.53,12.32,12.5,163690
2020-07-09 07:00:00,12.5,12.86,12.35,12.8,173170
2020-07-10 07:00:00,12.89,12.89,12.68,12.71,193120
2020-07-13 07:00:00,12.8,12.8,12.47,12.8,193310
2020-07-14 07:00:00,12.86,12.89,12.38,12.68,183100
2020-07-15 07:00:00,12.77,12.77,12.5,12.71,190990
2020-07-16 07:00:00,12.77,12.83,12.62,12.8,167200
2020-07-17 07:00:00,12.8,12.83,12.5,12.77,157430
2020-07-20 07:00:00,12.77,12.77,12.5,12.65,171930
2020-07-21 07:00:00,12.8,12.8,12.41,12.71,171490
2020-07-22 07:00:00,12.77,12.77,12.5,12.62,170980
2020-07-23 07:00:00,12.68,12.71,12.38,12.71,160840
2020-07-24 07:00:00,12.77,12.77,12.44,12.53,200940
2020-07-27 07:00:00,12.38,12.74,12.38,12.53,183470
2020-07-28 07:00:00,12.62,12.71,12.53,12.71,211030
2020-07-29 07:00:00,12.56,12.68,12.38,12.62,237700
2020-07-30 07:00:00,12.62,12.74,12.44,12.74,210600
2020-07-31 07:00:00,12.71,12.77,12.5,12.77,192430
2020-08-03 07:00:00,12.77,13.1,12.44,12.8,196410
2020-08-04 07:00:00,12.8,12.95,12.74,12.74,206970
2020-08-05 07:00:00,12.83,13.01,12.74,12.86,203530
2020-08-06 07:00:00,12.92,12.95,12.5,12.95,203350
2020-08-07 07:00:00,12.95,13.01,12.68,12.98,201070
2020-08-10 07:00:00,13.39,13.45,12.98,13.22,220770
2020-08-11 07:00:00,13.22,13.69,13.04,13.69,218160
2020-08-12 07:00:00,13.69,13.99,12.83,12.98,191840
2020-08-13 07:00:00,13.1,13.28,12.77,13.04,233090
2020-08-14 07:00:00,12.68,12.86,12.62,12.68,189590
2020-08-17 07:00:00,13.04,13.04,12.53,13.04,188880
2020-08-18 07:00:00,12.98,12.98,12.83,12.83,181330
2020-08-19 07:00:00,12.83,12.95,12.74,12.89,199650
2020-08-20 07:00:00,12.95,12.98,12.62,12.62,183500
2020-08-21 07:00:00,12.98,13.48,12.32,13.1,203760
2020-08-24 07:00:00,12.8,13.19,12.35,12.53,229040
2020-08-25 07:00:00,13.04,13.04,12.56,12.8,191230
2020-08-26 07:00:00,12.86,12.86,12.62,12.8,203270
2020-08-27 07:00:00,12.86,12.86,12.68,12.8,194880
2020-08-28 07:00:00,12.74,12.77,12.65,12.74,194340
2020-08-31 07:00:00,12.74,12.74,12.53,12.71,190350
2020-09-01 07:00:00,12.5,12.68,12.5,12.68,189290
2020-09-03 07:00:00,12.65,12.77,12.53,12.71,224180
2020-09-04 07:00:00,12.71,12.71,12.5,12.65,186160
2020-09-07 07:00:00,12.65,12.65,12.53,12.62,207470
2020-09-08 07:00:00,12.62,12.65,12.53,12.65,201020
2020-09-09 07:00:00,12.65,12.68,12.5,12.68,195890
2020-09-10 07:00:00,12.68,13.04,12.56,12.8,238670
2020-09-11 07:00:00,12.53,12.98,12.5,12.86,229600
2020-09-14 07:00:00,12.92,12.92,12.56,12.56,201840
2020-09-15 07:00:00,12.8,12.8,12.5,12.74,219880
2020-09-16 07:00:00,12.53,12.77,12.53,12.77,215940
2020-09-17 07:00:00,12.8,12.83,12.53,12.74,202140
2020-09-18 07:00:00,12.71,12.74,12.5,12.71,207710
2020-09-21 07:00:00,12.68,12.77,12.5,12.68,214120
2020-09-22 07:00:00,12.68,12.71,12.47,12.71,206850
2020-09-23 07:00:00,12.62,12.65,12.5,12.65,204820
2020-09-24 07:00:00,12.65,12.68,12.44,12.68,205250
2020-09-25 07:00:00,12.56,12.62,12.44,12.62,192300
2020-09-28 07:00:00,12.59,12.59,12.41,12.56,209710
2020-09-29 07:00:00,12.56,12.56,12.2,12.56,156250
2020-09-30 07:00:00,12.5,12.62,12.26,12.56,195930
2020-10-01 07:00:00,12.5,12.65,12.35,12.62,220070
2020-10-02 07:00:00,12.56,12.56,12.35,12.56,183190
2020-10-05 07:00:00,12.5,12.53,12.44,12.5,202330
2020-10-06 07:00:00,12.44,12.5,12.29,12.5,208400
2020-10-07 07:00:00,12.44,12.5,12.29,12.44,232550
2020-10-08 07:00:00,12.44,13.1,12.32,13.1,201200
2020-10-09 07:00:00,12.8,12.8,12.29,12.29,188720
2020-10-12 07:00:00,12.53,12.53,12.2,12.32,193010
2020-10-13 07:00:00,12.32,12.44,12.23,12.23,208950
2020-10-14 07:00:00,12.38,12.56,12.17,12.56,217650
2020-10-15 07:00:00,12.32,12.5,12.14,12.5,207390
2020-10-16 07:00:00,12.44,12.53,12.17,12.53,200440
2020-10-19 07:00:00,12.53,12.53,12.17,12.32,206620
2020-10-20 07:00:00,12.38,12.38,12.14,12.38,229080
2020-10-21 07:00:00,12.38,12.38,12.14,12.38,213330
2020-10-22 07:00:00,12.32,12.38,12.14,12.38,214190
2020-10-23 07:00:00,12.38,12.38,12.11,12.38,216910
2020-10-26 07:00:00,12.32,12.38,12.14,12.38,212310
2020-10-27 07:00:00,12.26,12.38,12.14,12.38,198460
2020-10-28 07:00:00,12.26,12.38,12.14,12.38,209070
2020-10-29 07:00:00,12.14,12.35,12.14,12.35,217550
2020-10-30 07:00:00,12.26,12.35,12.17,12.35,220210
2020-11-02 07:00:00,12.26,12.35,12.14,12.35,215130
2020-11-03 07:00:00,12.35,12.35,12.14,12.35,213750
2020-11-04 07:00:00,12.26,12.35,12.05,12.35,215150
2020-11-05 07:00:00,12.29,12.29,11.85,12.29,203150
2020-11-06 07:00:00,12.2,12.23,11.91,12.23,212970
2020-11-09 07:00:00,12.2,12.23,11.97,12.23,230670
2020-11-10 07:00:00,12.17,12.23,11.97,12.23,221330
2020-11-11 07:00:00,12.2,12.23,11.94,12.23,202670
2020-11-12 07:00:00,12.14,12.23,11.97,12.23,213300
2020-11-13 07:00:00,12.2,12.23,11.97,12.23,210550
2020-11-16 07:00:00,12.14,12.23,11.97,12.23,209460
2020-11-17 07:00:00,12.14,12.2,12.03,12.2,209670
2020-11-18 07:00:00,12.14,12.2,12.0,12.2,207390
2020-11-19 07:00:00,12.2,12.2,11.97,12.2,199410
2020-11-20 07:00:00,12.11,12.2,11.97,12.2,188500
2020-11-23 07:00:00,12.14,12.2,12.0,12.2,216720
2020-11-24 07:00:00,12.2,12.2,11.97,12.2,183980
2020-11-25 07:00:00,12.14,12.2,11.97,12.2,186970
2020-11-26 07:00:00,12.2,12.23,11.97,12.23,187770
2020-11-27 07:00:00,12.2,12.23,11.97,12.2,171170
2020-11-30 07:00:00,12.14,12.2,12.03,12.2,194800
2020-12-01 07:00:00,12.17,12.2,12.0,12.2,178110
2020-12-02 07:00:00,12.11,12.14,12.03,12.14,75780
2020-12-03 07:00:00,12.05,12.14,12.03,12.14,74600
2020-12-04 07:00:00,12.03,12.11,12.03,12.08,73020
2020-12-07 07:00:00,12.08,12.08,11.97,11.97,66360
2020-12-08 07:00:00,12.03,12.2,12.03,12.2,62390
2020-12-09 07:00:00,12.2,12.68,12.14,12.5,66220
2020-12-10 07:00:00,12.5,12.8,12.38,12.62,80830
2020-12-11 07:00:00,12.71,12.71,12.56,12.68,68220
2020-12-14 07:00:00,12.68,12.77,12.62,12.77,75180
2020-12-15 07:00:00,12.8,12.8,12.5,12.77,66350
2020-12-16 07:00:00,12.77,12.8,12.62,12.74,81120
2020-12-17 07:00:00,13.57,13.57,12.8,13.01,98140
2020-12-18 07:00:00,13.01,13.63,12.92,13.1,81290
2020-12-21 07:00:00,13.04,13.1,12.23,12.89,86870
2020-12-22 07:00:00,12.86,13.1,12.08,13.1,96140
2020-12-23 07:00:00,12.98,13.99,12.92,13.1,73640
2020-12-24 07:00:00,13.04,13.63,12.26,13.63,95770
2020-12-25 07:00:00,14.59,14.59,12.72,14.59,119210
2020-12-28 07:00:00,14.99,14.99,14.66,14.73,95400
2020-12-29 07:00:00,14.73,14.73,14.59,14.66,95470
2020-12-30 07:00:00,14.48,14.51,14.22,14.22,44290
2020-12-31 07:00:00,14.11,14.51,14.11,14.51,5440
2021-01-04 07:00:00,14.37,14.62,14.26,14.62,111000
2021-01-05 07:00:00,14.51,14.62,14.07,14.4,131900
2021-01-06 07:00:00,14.44,14.66,13.78,14.66,122400
2021-01-07 07:00:00,14.66,14.7,14.44,14.66,74400
2021-01-08 07:00:00,14.73,14.73,14.44,14.66,111600
2021-01-11 07:00:00,14.73,14.73,14.51,14.66,84300
2021-01-12 07:00:00,14.66,14.66,14.29,14.66,98800
2021-01-13 07:00:00,14.66,14.73,14.29,14.73,91800
2021-01-14 07:00:00,14.73,14.95,14.44,14.7,92900
2021-01-15 07:00:00,14.81,14.81,14.4,14.66,118400
2021-01-18 07:00:00,14.66,14.88,14.44,14.88,143000
2021-01-19 07:00:00,14.88,14.88,14.51,14.73,95900
2021-01-20 07:00:00,14.73,14.73,14.51,14.66,115500
2021-01-21 07:00:00,14.66,14.66,14.55,14.66,91900
2021-01-22 07:00:00,14.73,14.73,14.11,14.66,102300
2021-01-25 07:00:00,14.66,14.66,14.18,14.66,128800
2021-01-26 07:00:00,14.66,14.66,14.48,14.66,112700
2021-01-27 07:00:00,14.66,14.66,14.44,14.66,111900
2021-01-28 07:00:00,14.66,14.66,14.33,14.66,72700
2021-01-29 07:00:00,14.66,14.66,14.51,14.66,2600
2021-02-01 07:00:00,14.29,14.66,14.11,14.66,113800
2021-02-02 07:00:00,14.66,14.66,14.51,14.66,91400
2021-02-03 07:00:00,14.66,15.61,14.44,15.24,147600
2021-02-04 07:00:00,14.66,15.65,14.59,15.39,95900
2021-02-05 07:00:00,14.66,15.32,14.55,15.32,130600
2021-02-08 07:00:00,16.27,16.27,14.26,14.81,118900
2021-02-09 07:00:00,15.54,15.65,14.44,14.88,131700
2021-02-17 07:00:00,14.84,14.92,14.66,14.84,165500
2021-02-18 07:00:00,14.88,14.88,14.81,14.84,146700
2021-02-19 07:00:00,15.28,15.28,14.59,14.73,113300
2021-02-22 07:00:00,14.66,15.39,14.29,14.66,105400
2021-02-23 07:00:00,14.18,14.99,14.18,14.99,104300
2021-02-24 07:00:00,14.99,15.39,14.33,15.03,129700
2021-02-25 07:00:00,15.03,15.32,14.4,15.32,169800
2021-02-26 07:00:00,15.32,15.32,14.44,15.1,70700
2021-03-01 07:00:00,15.1,15.1,14.59,14.99,135400
2021-03-02 07:00:00,14.99,14.99,14.55,14.88,143800
2021-03-03 07:00:00,14.88,15.03,14.84,14.95,112100
2021-03-04 07:00:00,15.03,15.1,14.88,14.95,89700
2021-03-05 07:00:00,14.95,14.95,14.73,14.95,115400
2021-03-08 07:00:00,14.95,15.03,14.7,15.03,122700
2021-03-09 07:00:00,15.03,15.39,14.48,15.39,127100
2021-03-10 07:00:00,15.39,15.39,14.66,15.35,48500
2021-03-11 07:00:00,15.32,15.32,14.7,14.99,140900
2021-03-12 07:00:00,14.99,14.99,14.66,14.92,148000
2021-03-15 07:00:00,14.88,14.95,14.59,14.95,138100
2021-03-16 07:00:00,14.95,14.95,14.59,14.88,186300
2021-03-17 07:00:00,14.88,14.88,14.59,14.81,161100
2021-03-18 07:00:00,14.81,14.95,14.66,14.92,133800
2021-03-19 07:00:00,14.92,14.92,14.7,14.92,86200
2021-03-22 07:00:00,14.66,14.84,14.66,14.84,128100
2021-03-23 07:00:00,14.84,14.84,13.96,14.51,96400
2021-03-24 07:00:00,14.62,14.81,14.0,14.81,89100
2021-03-25 07:00:00,14.81,14.81,14.0,14.73,133300
2021-03-26 07:00:00,14.15,14.66,13.71,14.66,171400
2021-03-29 07:00:00,14.51,14.59,13.78,14.59,146500
2021-03-30 07:00:00,14.59,15.54,13.78,15.54,110400
2021-03-31 07:00:00,15.54,15.54,14.48,15.03,66400
2021-04-01 07:00:00,14.95,14.95,14.04,14.92,162500
2021-04-02 07:00:00,14.18,14.73,13.93,14.73,131200
2021-04-05 07:00:00,13.96,14.81,13.96,14.81,130900
2021-04-06 07:00:00,14.81,14.81,14.0,14.81,155000
2021-04-07 07:00:00,14.07,14.66,14.07,14.66,141200
2021-04-08 07:00:00,14.66,14.66,14.07,14.59,112800
2021-04-09 07:00:00,14.04,14.59,14.04,14.59,146100
2021-04-12 07:00:00,14.44,14.59,14.07,14.59,140000
2021-04-13 07:00:00,14.18,14.59,14.15,14.59,112300
2021-04-14 07:00:00,14.18,14.59,14.18,14.59,135200
2021-04-15 07:00:00,14.59,14.59,14.22,14.59,128100
2021-04-16 07:00:00,14.22,14.59,14.22,14.59,116500
2021-04-19 07:00:00,14.22,14.59,14.22,14.59,177500
2021-04-20 07:00:00,14.51,14.66,14.26,14.66,174700
2021-04-22 07:00:00,14.59,14.73,14.26,14.7,159400
2021-04-23 07:00:00,14.59,14.66,14.18,14.66,150700
2021-04-26 07:00:00,14.26,14.62,14.22,14.62,109300
2021-04-27 07:00:00,14.29,14.51,14.18,14.51,113300
2021-04-28 07:00:00,14.18,14.44,13.93,14.44,159400
2021-04-29 07:00:00,14.37,14.66,14.0,14.66,139400
2021-05-04 07:00:00,14.37,14.55,14.07,14.55,154900
2021-05-05 07:00:00,14.18,14.55,14.11,14.55,138400
2021-05-06 07:00:00,14.22,14.51,14.18,14.51,153000
2021-05-07 07:00:00,14.18,14.48,14.18,14.48,180800
2021-05-10 07:00:00,14.29,14.4,14.18,14.4,179300
2021-05-11 07:00:00,14.18,14.33,13.96,13.96,187100
2021-05-12 07:00:00,14.18,14.29,14.04,14.29,200200
2021-05-13 07:00:00,14.29,14.44,14.04,14.44,210300
2021-05-14 07:00:00,14.0,14.37,14.0,14.37,213400
2021-05-17 07:00:00,14.37,14.37,14.07,14.29,152800
2021-05-18 07:00:00,14.29,14.33,14.07,14.22,167200
2021-05-19 07:00:00,14.22,14.66,14.11,14.66,241200
2021-05-20 07:00:00,14.66,14.73,14.29,14.73,190800
2021-05-21 07:00:00,14.29,14.73,14.29,14.73,143600
2021-05-24 07:00:00,14.73,14.73,14.44,14.66,158400
2021-05-25 07:00:00,14.66,14.66,14.51,14.66,191000
2021-05-26 07:00:00,14.66,14.73,14.48,14.73,163000
2021-05-27 07:00:00,14.73,14.73,14.4,14.62,195400
2021-05-28 07:00:00,14.62,14.88,14.4,14.88,240600
2021-05-31 07:00:00,14.88,14.88,14.55,14.88,153400
2021-06-01 07:00:00,14.88,14.92,14.59,14.7,89000
2021-06-02 07:00:00,14.37,14.73,14.37,14.73,222200
2021-06-03 07:00:00,14.81,15.03,14.81,15.03,208600
2021-06-04 07:00:00,15.03,15.03,14.88,15.03,186500
2021-06-07 07:00:00,15.06,15.1,14.73,14.95,204300
2021-06-08 07:00:00,14.95,15.03,14.88,14.95,209400
2021-06-09 07:00:00,14.95,15.03,14.88,14.99,208300
2021-06-10 07:00:00,15.03,15.35,14.99,14.99,221600
2021-06-11 07:00:00,14.99,15.1,14.95,15.03,203600
2021-06-14 07:00:00,15.03,15.13,15.03,15.03,220000
2021-06-15 07:00:00,15.24,15.76,15.03,15.03,202200
2021-06-16 07:00:00,15.03,15.1,14.88,14.95,218600
2021-06-17 07:00:00,14.88,15.1,14.88,14.95,205400
2021-06-18 07:00:00,14.88,15.03,14.88,15.03,203000
2021-06-21 07:00:00,15.03,15.24,14.88,14.88,209300
2021-06-22 07:00:00,14.95,15.06,14.73,14.95,224000
2021-06-23 07:00:00,15.03,15.1,14.73,14.88,209100
2021-06-24 07:00:00,14.88,15.21,14.55,15.21,213100
2021-06-25 07:00:00,15.24,15.28,14.95,15.24,203400
2021-06-28 07:00:00,15.1,15.32,15.1,15.32,208300
2021-06-29 07:00:00,15.28,15.28,15.03,15.1,205000
2021-06-30 07:00:00,15.03,15.1,14.73,14.99,208600
2021-07-01 07:00:00,14.88,15.1,14.66,15.1,225900
2021-07-02 07:00:00,15.1,15.17,14.99,15.1,251200
2021-07-05 07:00:00,15.1,15.21,14.88,15.1,226500
2021-07-06 07:00:00,15.1,15.1,14.88,14.99,231300
2021-07-07 07:00:00,14.99,15.13,14.81,15.06,240300
2021-07-08 07:00:00,15.06,15.06,14.66,14.95,249700
2021-07-09 07:00:00,14.95,14.95,14.66,14.88,276000
2021-07-12 07:00:00,14.92,14.95,14.77,14.84,283900
2021-07-13 07:00:00,14.84,14.92,14.81,14.84,284500
2021-07-14 07:00:00,14.84,14.88,14.77,14.81,288400
2021-07-15 07:00:00,14.81,14.88,14.7,14.88,284500
2021-07-16 07:00:00,14.84,14.95,14.84,14.95,280600
2021-07-19 07:00:00,14.92,14.92,14.77,14.81,282200
2021-07-20 07:00:00,14.81,14.88,14.81,14.84,286800
2021-07-21 07:00:00,14.84,14.88,14.73,14.88,298400
2021-07-22 07:00:00,14.84,14.88,14.7,14.84,281200
2021-07-23 07:00:00,14.88,14.88,14.4,14.88,282900
2021-07-26 07:00:00,14.88,14.95,14.73,14.95,282900
2021-07-27 07:00:00,14.99,15.24,14.88,15.17,311900
2021-07-28 07:00:00,15.13,15.21,15.06,15.17,281100
2021-07-29 07:00:00,15.1,15.21,14.95,15.21,311700
2021-07-30 07:00:00,15.13,15.13,14.88,14.92,257400
2021-08-02 07:00:00,14.88,14.99,14.07,14.92,334100
2021-08-03 07:00:00,14.88,14.92,14.84,14.88,284700
2021-08-04 07:00:00,14.88,14.95,14.73,14.84,280000
2021-08-05 07:00:00,14.81,14.81,14.51,14.73,335100
2021-08-06 07:00:00,14.7,14.7,14.44,14.7,287600
2021-08-09 07:00:00,14.84,14.84,14.44,14.7,299600
2021-08-10 07:00:00,14.66,14.7,14.29,14.7,292800
2021-08-11 07:00:00,14.73,14.73,14.37,14.66,304500
2021-08-12 07:00:00,14.66,14.66,14.51,14.66,308300
2021-08-13 07:00:00,14.4,14.66,14.29,14.66,241900
2021-08-16 07:00:00,14.62,14.66,14.37,14.66,331100
2021-08-17 07:00:00,14.66,14.73,14.37,14.73,293200
2021-08-18 07:00:00,14.66,14.66,14.51,14.66,290200
2021-08-19 07:00:00,14.66,14.73,14.48,14.73,281200
2021-08-20 07:00:00,14.73,14.73,14.37,14.62,294800
2021-08-23 07:00:00,14.62,14.73,14.37,14.73,280000
2021-08-24 07:00:00,14.66,14.73,14.4,14.73,295600
2021-08-25 07:00:00,14.66,14.77,14.55,14.7,296000
2021-08-26 07:00:00,14.66,14.73,14.44,14.7,297800
2021-08-27 07:00:00,14.7,14.73,14.51,14.73,297500
2021-08-30 07:00:00,14.7,14.81,14.66,14.77,334900
2021-08-31 07:00:00,14.81,14.81,14.59,14.73,319200
2021-09-01 07:00:00,14.73,14.77,14.48,14.73,314500
2021-09-06 07:00:00,14.7,14.81,14.59,14.81,352600
2021-09-07 07:00:00,14.81,14.81,14.59,14.81,336000
2021-09-08 07:00:00,14.73,14.73,14.62,14.73,324100
2021-09-09 07:00:00,14.7,14.73,14.62,14.7,332300
2021-09-10 07:00:00,14.73,14.73,14.55,14.7,324800
2021-09-13 07:00:00,14.7,14.7,14.51,14.7,319300
2021-09-14 07:00:00,14.7,14.73,14.59,14.73,319200
2021-09-15 07:00:00,14.66,14.73,14.59,14.73,302700
2021-09-16 07:00:00,14.73,14.73,14.59,14.73,316100
2021-09-17 07:00:00,14.73,14.73,14.48,14.73,301500
2021-09-20 07:00:00,14.73,14.81,14.48,14.77,326300
2021-09-21 07:00:00,14.77,14.77,14.59,14.73,308200
2021-09-22 07:00:00,14.73,14.77,14.55,14.77,311400
2021-09-23 07:00:00,14.73,14.77,14.51,14.73,306300
2021-09-24 07:00:00,14.73,14.73,14.48,14.7,310100
2021-09-27 07:00:00,14.44,14.66,14.07,14.66,214900
2021-09-28 07:00:00,14.48,14.51,14.29,14.33,307100
2021-09-29 07:00:00,14.48,14.59,13.71,14.59,360300
2021-09-30 07:00:00,14.51,14.62,14.51,14.62,320100
2021-10-01 07:00:00,14.62,14.62,14.44,14.62,325800
2021-10-04 07:00:00,14.59,14.59,14.4,14.59,317400
2021-10-05 07:00:00,14.55,14.59,14.33,14.59,369200
2021-10-06 07:00:00,14.59,14.62,14.44,14.59,320900
2021-10-07 07:00:00,14.59,14.62,14.51,14.59,332100
2021-10-08 07:00:00,14.55,14.62,14.51,14.59,340500
2021-10-11 07:00:00,14.62,14.66,14.44,14.66,321000
2021-10-12 07:00:00,14.66,14.7,14.59,14.7,339100
2021-10-13 07:00:00,14.7,14.73,14.7,14.73,308300
2021-10-14 07:00:00,14.73,14.77,14.66,14.73,318000
2021-10-15 07:00:00,14.73,14.73,14.44,14.73,306000
2021-10-18 07:00:00,14.73,14.73,14.66,14.73,322300
2021-10-19 07:00:00,14.73,14.73,14.62,14.73,311600
2021-10-20 07:00:00,14.73,14.73,14.66,14.73,302600
2021-10-21 07:00:00,14.73,14.73,14.55,14.7,308500
2021-10-22 07:00:00,14.7,14.7,14.55,14.7,333100
2021-10-25 07:00:00,14.7,14.7,14.51,14.7,336400
2021-10-26 07:00:00,14.7,14.7,14.62,14.7,317400
2021-10-27 07:00:00,14.7,14.81,14.62,14.81,315900
2021-10-28 07:00:00,14.81,14.92,14.81,14.92,316300
2021-10-29 07:00:00,14.92,15.03,14.84,14.99,321000
2021-11-01 07:00:00,14.99,15.03,14.92,15.03,324300
2021-11-02 07:00:00,14.81,15.06,14.81,15.03,318900
2021-11-03 07:00:00,14.99,14.99,14.66,14.99,353600
2021-11-04 07:00:00,14.95,14.99,14.44,14.95,348200
2021-11-05 07:00:00,14.95,14.95,14.66,14.95,363200
2021-11-08 07:00:00,14.88,14.95,14.77,14.95,314700
2021-11-09 07:00:00,14.92,14.95,14.73,14.81,322300
2021-11-10 07:00:00,14.84,14.99,14.84,14.88,322200
2021-11-11 07:00:00,14.88,14.88,14.81,14.88,328300
2021-11-12 07:00:00,14.84,14.92,14.77,14.92,325800
2021-11-15 07:00:00,14.88,14.95,14.66,14.92,323800
2021-11-16 07:00:00,14.92,15.94,14.66,15.9,379800
2021-11-17 07:00:00,15.9,15.94,15.13,15.87,311800
2021-11-18 07:00:00,15.76,15.76,15.13,15.54,308400
2021-11-19 07:00:00,15.39,15.46,14.55,15.24,321200
2021-11-22 07:00:00,15.21,15.24,14.66,15.24,349600
2021-11-23 07:00:00,15.24,15.24,14.88,15.24,310300
2021-11-24 07:00:00,15.03,15.43,14.73,15.32,346300
2021-11-25 07:00:00,15.17,15.35,15.03,15.35,313800
2021-11-26 07:00:00,15.35,15.39,15.03,15.39,315100
2021-11-29 07:00:00,15.17,15.24,14.99,15.24,317100
2021-11-30 07:00:00,15.32,15.72,14.84,15.32,383200
2021-12-01 07:00:00,15.46,15.46,15.03,15.24,399100
2021-12-02 07:00:00,15.28,15.39,15.03,15.39,330500
2021-12-03 07:00:00,15.35,15.79,14.99,15.79,345800
2021-12-06 07:00:00,15.79,16.26,15.52,15.83,312600
2021-12-07 07:00:00,16.07,16.07,15.21,15.83,345000
2021-12-08 07:00:00,15.76,15.76,15.52,15.72,310700
2021-12-09 07:00:00,15.25,15.64,15.25,15.6,336600
2021-12-10 07:00:00,15.6,15.68,15.29,15.52,328200
2021-12-13 07:00:00,15.52,15.6,15.33,15.52,370200
2021-12-14 07:00:00,15.48,15.52,15.29,15.52,331100
2021-12-15 07:00:00,15.52,15.52,15.13,15.52,346300
2021-12-16 07:00:00,15.45,15.45,15.17,15.37,348900
2021-12-17 07:00:00,15.29,15.52,15.13,15.52,354100
2021-12-20 07:00:00,15.45,15.52,15.02,15.52,370100
2021-12-21 07:00:00,15.48,15.48,15.06,15.37,353700
2021-12-22 07:00:00,15.29,15.52,15.13,15.52,347000
2021-12-23 07:00:00,15.41,15.6,15.17,15.6,406500
2021-12-24 07:00:00,15.48,15.91,15.37,15.76,342100
2021-12-27 07:00:00,15.56,15.91,15.52,15.87,373700
2021-12-28 07:00:00,15.87,16.03,15.87,15.95,415500
2021-12-29 07:00:00,16.07,16.07,15.56,15.95,363800
2021-12-30 07:00:00,15.79,16.03,15.68,16.03,464700
2021-12-31 07:00:00,16.07,16.11,15.68,15.68,423000
2022-01-04 07:00:00,15.83,16.3,15.52,16.3,496200
2022-01-05 07:00:00,16.38,16.49,15.95,16.49,469300
2022-01-06 07:00:00,16.49,16.57,16.07,16.26,460400
2022-01-07 07:00:00,16.45,16.49,15.91,15.91,430300
2022-01-10 07:00:00,15.87,15.99,15.52,15.95,396200
2022-01-11 07:00:00,15.99,16.11,15.83,15.87,452000
2022-01-12 07:00:00,16.07,16.07,15.68,15.68,452600
2022-01-13 07:00:00,15.68,15.83,15.52,15.68,447000
2022-01-14 07:00:00,15.68,16.22,15.56,15.68,447200
2022-01-17 07:00:00,15.68,15.68,15.21,15.68,441500
2022-01-18 07:00:00,15.79,15.79,15.33,15.68,457700
2022-01-19 07:00:00,15.64,15.87,15.37,15.87,463900
2022-01-20 07:00:00,15.83,15.91,15.33,15.87,462500
2022-01-21 07:00:00,15.76,15.95,15.68,15.76,462700
2022-01-24 07:00:00,15.76,15.83,15.45,15.76,430300
2022-01-25 07:00:00,15.76,15.83,15.6,15.79,457700
2022-01-26 07:00:00,15.79,15.91,15.79,15.87,477500
2022-01-27 07:00:00,15.87,15.99,15.68,15.91,459300
2022-01-28 07:00:00,15.91,16.07,15.83,15.95,459100
2022-02-07 07:00:00,16.07,17.04,15.95,17.04,422500
2022-02-08 07:00:00,17.08,17.54,15.91,17.5,508300
2022-02-09 07:00:00,17.54,17.85,17.31,17.81,526300
2022-02-10 07:00:00,18.08,18.08,17.81,17.81,547300
2022-02-11 07:00:00,17.81,18.16,17.46,17.46,488200
2022-02-14 07:00:00,17.08,17.7,17.08,17.62,512000
2022-02-15 07:00:00,17.31,18.59,17.31,18.59,549600
2022-02-16 07:00:00,18.63,18.63,17.77,17.77,520000
2022-02-17 07:00:00,17.85,18.05,17.77,17.85,540800
2022-02-18 07:00:00,17.85,18.24,17.54,18.01,528400
2022-02-21 07:00:00,18.16,19.17,18.01,18.08,567800
2022-02-22 07:00:00,18.39,18.39,17.08,17.08,511700
2022-02-23 07:00:00,17.08,17.46,16.22,17.11,487000
2022-02-24 07:00:00,17.11,17.62,16.57,16.92,563900
2022-02-25 07:00:00,17.11,17.66,17.08,17.11,568000
2022-02-28 07:00:00,16.88,17.54,16.84,17.15,524500
2022-03-01 07:00:00,17.15,17.46,16.61,16.88,500700
2022-03-02 07:00:00,17.08,17.08,16.69,16.88,520400
2022-03-03 07:00:00,16.92,17.0,16.57,16.92,565200
2022-03-04 07:00:00,17.08,17.54,16.92,17.5,544900
2022-03-07 07:00:00,17.5,17.54,17.08,17.42,540400
2022-03-08 07:00:00,17.31,17.46,16.8,17.46,530600
2022-03-09 07:00:00,17.46,17.46,16.84,17.08,524000
2022-03-10 07:00:00,17.31,17.31,16.53,17.08,562900
2022-03-11 07:00:00,17.35,17.35,16.76,17.08,549900
2022-03-14 07:00:00,17.0,17.15,16.8,16.8,521500
2022-03-15 07:00:00,17.23,17.23,16.76,16.92,538800
2022-03-16 07:00:00,17.08,17.46,16.88,17.42,517300
2022-03-17 07:00:00,17.42,17.77,17.42,17.77,540500
2022-03-18 07:00:00,17.73,17.93,17.7,17.77,561400
2022-03-21 07:00:00,17.81,18.24,17.81,17.81,549800
2022-03-22 07:00:00,17.85,19.05,16.61,19.05,658000
2022-03-23 07:00:00,19.05,19.05,18.08,18.63,468700
2022-03-24 07:00:00,18.63,19.64,17.39,19.64,356200
2022-03-25 07:00:00,19.4,20.18,19.05,20.02,383000
2022-03-28 07:00:00,20.02,20.18,19.29,20.06,395900
2022-03-29 07:00:00,20.02,20.88,19.91,20.34,405100
2022-03-30 07:00:00,20.37,20.72,20.37,20.65,156000
2022-03-31 07:00:00,20.61,20.88,19.99,20.88,306800
2022-04-01 07:00:00,20.88,21.27,20.88,21.11,327200
2022-04-04 07:00:00,21.11,21.27,19.79,19.83,325600
2022-04-05 07:00:00,19.83,19.95,19.4,19.71,335200
2022-04-06 07:00:00,19.71,19.91,19.36,19.91,313600
2022-04-07 07:00:00,19.91,19.91,19.09,19.48,313800
2022-04-08 07:00:00,19.48,19.6,18.36,19.29,300100
2022-04-12 07:00:00,19.25,19.36,18.08,19.29,318200
2022-04-13 07:00:00,19.29,19.52,18.05,19.44,391000
2022-04-14 07:00:00,19.71,19.79,18.2,19.33,402300
2022-04-15 07:00:00,19.02,19.87,18.12,19.48,393000
2022-04-18 07:00:00,19.09,19.68,18.2,19.44,310100
2022-04-19 07:00:00,19.33,19.71,18.12,19.09,432400
2022-04-20 07:00:00,18.98,19.52,18.01,19.48,396000
2022-04-21 07:00:00,18.94,19.4,18.71,19.17,330500
2022-04-22 07:00:00,19.17,19.44,18.63,19.44,475000
2022-04-25 07:00:00,19.33,19.44,18.59,19.17,505800
2022-04-26 07:00:00,18.86,19.29,18.47,19.09,363000
2022-04-27 07:00:00,19.09,19.09,18.78,18.78,350200
2022-04-28 07:00:00,18.78,19.4,18.63,19.4,387400
2022-04-29 07:00:00,19.4,20.18,18.63,19.83,522200
2022-05-04 07:00:00,19.83,19.83,19.17,19.79,351300
2022-05-05 07:00:00,19.83,19.87,19.6,19.87,434600
2022-05-06 07:00:00,19.79,19.83,19.25,19.83,371800
2022-05-09 07:00:00,19.83,19.83,19.17,19.17,327100
2022-05-10 07:00:00,18.9,19.17,18.39,19.02,324400
2022-05-11 07:00:00,19.02,19.33,18.63,19.13,411700
2022-05-12 07:00:00,19.36,19.36,18.71,19.21,399300
2022-05-13 07:00:00,19.21,19.29,18.74,19.21,357600
2022-05-16 07:00:00,19.25,19.48,18.78,19.48,400300
2022-05-17 07:00:00,19.09,19.95,18.86,19.91,371000
2022-05-18 07:00:00,20.02,21.19,19.64,19.95,427400
2022-05-19 07:00:00,20.1,20.1,19.4,20.1,400600
2022-05-20 07:00:00,20.1,20.41,19.52,20.37,410900
2022-05-23 07:00:00,20.22,20.41,19.79,19.83,400300
2022-05-24 07:00:00,19.83,20.34,19.44,19.83,421900
2022-05-25 07:00:00,19.71,20.18,19.71,19.87,407000
2022-05-26 07:00:00,19.87,20.37,19.25,19.95,407300
2022-05-27 07:00:00,19.87,20.26,19.87,20.1,395800
2022-05-30 07:00:00,19.52,20.41,19.52,20.34,439000
2022-05-31 07:00:00,20.3,20.41,19.21,19.79,401300
2022-06-01 07:00:00,19.4,20.02,19.4,19.71,397600
2022-06-02 07:00:00,19.71,19.71,19.25,19.68,375000
2022-06-03 07:00:00,19.64,19.64,19.05,19.36,380400
2022-06-06 07:00:00,19.36,20.18,19.02,19.44,303500
2022-06-07 07:00:00,19.09,19.48,18.82,19.48,340400
2022-06-08 07:00:00,18.86,19.6,18.86,19.56,412800
2022-06-09 07:00:00,19.56,19.64,19.21,19.56,271400
2022-06-10 07:00:00,19.56,19.56,19.02,19.48,334000
2022-06-13 07:00:00,19.4,19.48,18.86,19.48,259000
2022-06-14 07:00:00,18.98,19.56,18.9,19.56,304100
2022-06-15 07:00:00,19.48,19.56,19.05,19.56,419600
2022-06-16 07:00:00,19.56,19.95,19.05,19.87,399600
2022-06-17 07:00:00,19.87,19.87,19.21,19.48,311200
2022-06-20 07:00:00,19.44,19.6,19.17,19.48,410900
2022-06-21 07:00:00,19.56,19.68,19.25,19.48,504700
2022-06-22 07:00:00,19.4,19.4,19.09,19.4,289700
2022-06-23 07:00:00,19.48,19.48,18.98,19.4,636000
2022-06-24 07:00:00,19.4,19.71,18.98,19.71,349400
2022-06-27 07:00:00,19.6,20.34,19.56,20.34,331800
2022-06-28 07:00:00,20.3,20.57,19.56,20.57,518700
2022-06-29 07:00:00,20.34,20.76,20.18,20.49,402900
2022-06-30 07:00:00,20.34,21.11,19.09,21.11,386800
2022-07-01 07:00:00,20.96,22.59,19.64,22.12,832400
2022-07-04 07:00:00,22.51,23.63,20.61,22.12,1285900
2022-07-05 07:00:00,21.34,21.89,20.8,20.96,262100
2022-07-06 07:00:00,20.18,20.76,19.52,19.52,254700
2022-07-07 07:00:00,19.02,20.18,18.16,19.68,758000
2022-07-08 07:00:00,19.68,19.87,18.39,19.68,405500
2022-07-11 07:00:00,19.64,19.83,18.32,19.68,369700
2022-07-12 07:00:00,19.8,19.8,18.33,19.55,458200
2022-07-13 07:00:00,19.39,20.53,18.21,20.45,898400
2022-07-14 07:00:00,20.12,20.69,19.02,20.49,598600
2022-07-15 07:00:00,20.33,21.92,19.06,21.92,925000
2022-07-18 07:00:00,22.16,23.06,20.41,22.65,959300
2022-07-19 07:00:00,22.81,22.93,21.1,21.51,687500
2022-07-20 07:00:00,20.82,21.96,20.04,20.78,880000
2022-07-21 07:00:00,19.39,19.88,19.39,19.59,352500
2022-07-22 07:00:00,19.84,19.84,18.25,18.25,944300
2022-07-25 07:00:00,17.11,18.66,16.99,18.66,1239400
2022-07-26 07:00:00,18.29,18.29,17.35,17.72,1059400
2022-07-27 07:00:00,17.31,17.31,16.5,16.5,688000
2022-07-28 07:00:00,16.25,16.99,16.21,16.95,718900
2022-07-29 07:00:00,16.95,17.15,15.81,16.58,1679600
2022-08-01 07:00:00,16.34,16.86,15.89,16.86,467200
2022-08-02 07:00:00,16.7,17.11,16.29,16.95,953700
2022-08-03 07:00:00,16.62,16.95,16.29,16.62,791700
2022-08-04 07:00:00,16.62,16.86,16.29,16.7,1328100
2022-08-05 07:00:00,16.7,16.95,16.25,16.78,812100
2022-08-08 07:00:00,16.58,16.78,16.21,16.78,815000
2022-08-09 07:00:00,16.7,16.78,16.34,16.38,515000
2022-08-10 07:00:00,16.34,16.58,16.34,16.58,791700
2022-08-11 07:00:00,16.54,16.62,16.34,16.58,527600
2022-08-12 07:00:00,16.42,16.62,16.38,16.62,588500
2022-08-15 07:00:00,16.54,16.62,16.42,16.62,427800
2022-08-16 07:00:00,16.62,16.62,16.46,16.62,421500
2022-08-17 07:00:00,16.62,16.66,16.5,16.66,390500
2022-08-18 07:00:00,16.66,16.78,16.5,16.78,494100
2022-08-19 07:00:00,16.78,17.52,16.78,17.03,443000
2022-08-22 07:00:00,17.03,17.03,16.74,17.03,456000
2022-08-23 07:00:00,16.95,16.99,16.78,16.99,308900
2022-08-24 07:00:00,16.86,17.03,16.74,17.03,435600
2022-08-25 07:00:00,16.99,17.07,16.86,17.03,309800
2022-08-26 07:00:00,16.99,17.03,16.7,16.82,354000
2022-08-29 07:00:00,16.54,16.62,16.17,16.21,285900
2022-08-30 07:00:00,16.21,16.29,15.81,16.29,381700
2022-08-31 07:00:00,15.97,16.29,15.97,16.29,237800
2022-09-05 07:00:00,16.29,16.38,16.13,16.21,245100
2022-09-06 07:00:00,16.25,16.25,15.97,15.97,297800
2022-09-07 07:00:00,15.97,15.97,15.4,15.56,359500
2022-09-08 07:00:00,15.56,15.56,14.5,15.56,191100
2022-09-09 07:00:00,15.76,15.76,15.24,15.48,130500
2022-09-12 07:00:00,15.11,15.48,15.07,15.44,212500
2022-09-13 07:00:00,15.03,15.24,14.91,14.99,210900
2022-09-14 07:00:00,14.91,15.15,14.75,15.15,284400
2022-09-15 07:00:00,15.11,15.11,14.87,15.07,279500
2022-09-16 07:00:00,15.03,15.07,14.83,14.99,254600
2022-09-19 07:00:00,15.11,15.24,14.91,15.19,371100
2022-09-20 07:00:00,15.19,15.48,15.15,15.4,379700
2022-09-21 07:00:00,15.32,15.56,15.15,15.56,256400
2022-09-22 07:00:00,15.6,15.81,15.48,15.72,304600
2022-09-23 07:00:00,15.68,16.42,15.64,16.38,320000
2022-09-26 07:00:00,16.34,17.35,15.89,17.35,511000
2022-09-27 07:00:00,17.76,17.84,17.19,17.72,507700
2022-09-28 07:00:00,17.43,18.58,17.43,18.33,629100
2022-09-29 07:00:00,18.62,18.9,18.33,18.74,617500
2022-09-30 07:00:00,18.74,18.78,18.41,18.78,305600
2022-10-03 07:00:00,18.74,18.74,18.09,18.13,750300
2022-10-04 07:00:00,18.21,18.49,18.13,18.13,397300
2022-10-05 07:00:00,18.25,19.39,18.17,19.39,588000
2022-10-06 07:00:00,19.55,20.0,19.55,19.88,555800
2022-10-07 07:00:00,20.04,20.12,19.59,19.72,731200
2022-10-10 07:00:00,19.88,19.96,19.47,19.96,301300
2022-10-11 07:00:00,20.29,20.29,19.39,19.39,386700
2022-10-12 07:00:00,19.88,19.88,19.19,19.19,277600
2022-10-13 07:00:00,19.23,19.23,18.82,19.15,350200
2022-10-14 07:00:00,18.98,19.63,18.98,19.55,439800
2022-10-17 07:00:00,19.51,19.84,19.51,19.63,448300
2022-10-18 07:00:00,19.76,19.8,19.51,19.55,589500
2022-10-19 07:00:00,19.55,19.68,19.51,19.59,479600
2022-10-20 07:00:00,19.59,20.12,19.59,20.0,723500
2022-10-21 07:00:00,20.2,20.25,19.96,20.0,729600
2022-10-24 07:00:00,20.0,20.2,19.63,19.8,699200
2022-10-25 07:00:00,19.8,21.18,19.72,20.04,688200
2022-10-26 07:00:00,19.96,20.04,19.76,19.8,425500
2022-10-27 07:00:00,19.84,20.37,19.8,20.37,448800
2022-10-28 07:00:00,20.45,20.61,20.41,20.45,558000
2022-10-31 07:00:00,20.45,21.02,20.45,21.02,619500
2022-11-01 07:00:00,21.18,21.22,21.02,21.18,483400
2022-11-02 07:00:00,21.35,21.35,20.9,20.94,347000
2022-11-03 07:00:00,20.94,20.94,20.82,20.94,357800
2022-11-04 07:00:00,20.86,20.9,20.73,20.9,379000
2022-11-07 07:00:00,20.86,20.86,20.41,20.65,458600
2022-11-08 07:00:00,20.37,20.86,20.33,20.82,440400
2022-11-09 07:00:00,20.69,21.02,20.53,20.9,389600
2022-11-10 07:00:00,20.94,20.94,20.53,20.78,406600
2022-11-11 07:00:00,20.57,20.86,20.57,20.78,356800
2022-11-14 07:00:00,20.86,21.3,20.65,21.3,434000
2022-11-15 07:00:00,21.06,21.3,21.06,21.14,360800
2022-11-16 07:00:00,21.18,21.67,21.02,21.67,654300
2022-11-17 07:00:00,21.75,21.75,21.55,21.67,443400
2022-11-18 07:00:00,21.55,21.63,21.43,21.59,368200
2022-11-21 07:00:00,21.59,21.59,21.18,21.18,364700
2022-11-22 07:00:00,21.18,21.47,21.02,21.35,432100
2022-11-23 07:00:00,21.18,21.59,21.18,21.59,478400
2022-11-24 07:00:00,21.51,22.28,21.51,22.24,619500
2022-11-25 07:00:00,22.0,22.4,22.0,22.36,665400
2022-11-28 07:00:00,22.36,22.57,22.08,22.08,519900
2022-11-29 07:00:00,22.4,23.14,22.0,23.14,657700
2022-11-30 07:00:00,23.22,23.22,22.61,22.97,610700
2022-12-01 07:00:00,22.81,22.85,22.61,22.65,504200
2022-12-02 07:00:00,22.4,22.89,22.4,22.69,504500
2022-12-05 07:00:00,23.14,23.14,22.49,22.57,627500
2022-12-06 07:00:00,22.57,22.65,22.28,22.57,528600
2022-12-07 07:00:00,22.57,22.57,22.24,22.36,567100
2022-12-08 07:00:00,22.49,22.89,22.24,22.32,459400
2022-12-09 07:00:00,22.24,22.65,22.08,22.57,454600
2022-12-12 07:00:00,22.24,22.61,22.24,22.49,414000
2022-12-13 07:00:00,22.2,22.73,22.2,22.53,409000
2022-12-14 07:00:00,22.53,22.73,22.4,22.49,463100
2022-12-15 07:00:00,22.32,22.65,22.32,22.49,460000
2022-12-16 07:00:00,22.49,22.73,22.45,22.69,502000
2022-12-19 07:00:00,22.57,23.38,22.57,23.26,525100
2022-12-20 07:00:00,23.46,23.46,22.97,23.02,479600
2022-12-21 07:00:00,23.06,23.06,22.81,22.93,518200
2022-12-22 07:00:00,22.93,23.95,22.81,23.87,1053500
2022-12-23 07:00:00,23.87,24.44,23.63,24.44,830100
2022-12-26 07:00:00,24.44,24.48,24.16,24.28,692200
2022-12-27 07:00:00,24.28,24.85,24.16,24.85,933700
2022-12-28 07:00:00,24.93,24.93,24.56,24.69,751900
2022-12-29 07:00:00,24.6,25.66,24.52,25.66,1110600
2022-12-30 07:00:00,25.91,26.8,25.66,26.8,1487700
2023-01-03 07:00:00,26.72,26.72,26.36,26.44,774400
2023-01-04 07:00:00,26.32,26.56,25.99,25.99,815300
2023-01-05 07:00:00,25.91,26.15,25.7,25.95,687300
2023-01-06 07:00:00,25.91,25.95,25.62,25.79,690400
2023-01-09 07:00:00,25.79,25.79,23.99,23.99,1251400
2023-01-10 07:00:00,23.87,25.05,23.87,25.01,974900
2023-01-11 07:00:00,25.01,25.42,24.85,25.17,868600
2023-01-12 07:00:00,25.13,25.26,24.93,25.01,790400
2023-01-13 07:00:00,25.01,25.22,24.85,25.05,683500
2023-01-16 07:00:00,25.09,25.26,24.81,25.26,730300
2023-01-17 07:00:00,25.26,26.11,25.26,25.95,801800
2023-01-18 07:00:00,25.91,26.07,25.83,25.95,783900
2023-01-19 07:00:00,25.83,26.11,25.66,25.99,721700
2023-01-27 07:00:00,26.03,26.52,25.99,26.4,644800
2023-01-30 07:00:00,26.48,26.56,25.99,26.36,579600
2023-01-31 07:00:00,26.32,26.52,26.07,26.48,665600
2023-02-01 07:00:00,26.32,27.29,26.23,27.29,1247900
2023-02-02 07:00:00,27.29,27.46,27.21,27.37,587300
2023-02-03 07:00:00,27.54,28.11,27.33,28.11,812800
2023-02-06 07:00:00,27.94,28.47,27.54,28.43,1070500
2023-02-07 07:00:00,28.27,28.31,27.9,28.03,756700
2023-02-08 07:00:00,27.86,27.99,27.7,27.86,597800
2023-02-09 07:00:00,27.78,27.82,27.62,27.78,580900
2023-02-10 07:00:00,27.78,28.07,27.78,27.99,380100
2023-02-13 07:00:00,28.11,28.11,27.7,28.07,454100
2023-02-14 07:00:00,28.03,28.43,27.9,28.15,777600
2023-02-15 07:00:00,28.11,28.96,27.82,28.96,956600
2023-02-16 07:00:00,28.92,29.09,28.8,28.8,698000
2023-02-17 07:00:00,28.8,28.96,28.68,28.84,558200
2023-02-20 07:00:00,28.8,28.8,28.39,28.51,697000
2023-02-21 07:00:00,28.35,28.35,27.7,28.07,557500
2023-02-22 07:00:00,27.86,28.07,27.7,28.03,536700
2023-02-23 07:00:00,27.94,27.99,27.82,27.9,545600
2023-02-24 07:00:00,27.9,28.11,27.82,28.07,604300
2023-02-27 07:00:00,28.11,28.11,27.62,27.7,748700
2023-02-28 07:00:00,27.7,27.9,27.54,27.86,463400
2023-03-01 07:00:00,27.86,27.94,27.7,27.9,534900
2023-03-02 07:00:00,27.9,28.03,27.7,28.03,543600
2023-03-03 07:00:00,28.03,28.68,27.94,28.68,721300
2023-03-06 07:00:00,28.51,29.09,28.51,28.76,819700
2023-03-07 07:00:00,28.76,28.8,28.27,28.27,474500
2023-03-08 07:00:00,28.11,28.31,28.07,28.27,517900
2023-03-09 07:00:00,28.11,28.27,28.03,28.27,600500
2023-03-10 07:00:00,28.11,28.56,28.11,28.56,623200
2023-03-13 07:00:00,28.35,28.64,28.35,28.39,506900
2023-03-14 07:00:00,28.27,28.27,28.03,28.11,518100
2023-03-15 07:00:00,28.03,28.31,28.03,28.23,525800
2023-03-16 07:00:00,28.11,28.19,27.94,28.11,520900
2023-03-17 07:00:00,28.11,28.31,27.7,28.31,582200
2023-03-20 07:00:00,28.23,28.35,28.15,28.27,378600
2023-03-21 07:00:00,28.27,28.43,28.23,28.43,375800
2023-03-22 07:00:00,28.27,28.76,28.23,28.68,560900
2023-03-23 07:00:00,28.76,29.0,28.51,28.92,570600
2023-03-24 07:00:00,29.09,29.74,28.84,29.57,867200
2023-03-27 07:00:00,29.61,29.74,29.41,29.41,531600
2023-03-28 07:00:00,29.33,29.33,29.04,29.25,599000
2023-03-29 07:00:00,29.33,29.33,28.88,28.96,544800
2023-03-30 07:00:00,28.92,28.96,28.76,28.84,483100
2023-03-31 07:00:00,28.76,28.76,28.51,28.51,572600
2023-04-03 07:00:00,28.51,28.56,28.19,28.51,579800
2023-04-04 07:00:00,28.43,28.51,28.35,28.51,540600
2023-04-05 07:00:00,28.43,28.8,28.35,28.8,506700
2023-04-06 07:00:00,28.68,28.84,28.51,28.76,479200
2023-04-07 07:00:00,28.76,28.76,28.51,28.76,484900
2023-04-10 07:00:00,28.47,28.84,28.47,28.51,388200
2023-04-11 07:00:00,28.35,28.35,28.07,28.27,476500
2023-04-12 07:00:00,28.11,28.19,27.94,27.99,563700
2023-04-13 07:00:00,28.11,28.68,27.66,28.64,1350100
2023-04-14 07:00:00,28.64,30.14,28.56,30.14,1651100
2023-04-17 07:00:00,30.14,30.96,29.9,30.88,1121100
2023-04-18 07:00:00,30.71,30.92,30.51,30.55,1124900
2023-04-19 07:00:00,30.55,30.63,30.35,30.55,945100
2023-04-20 07:00:00,30.47,30.63,30.43,30.63,450200
2023-04-21 07:00:00,30.47,32.59,30.47,31.33,988600
2023-04-24 07:00:00,31.2,31.2,30.63,30.63,574300
2023-04-25 07:00:00,30.55,30.55,29.74,29.9,750700
2023-04-26 07:00:00,29.7,29.7,29.25,29.57,554400
2023-04-27 07:00:00,29.41,29.82,29.25,29.82,573500
2023-04-28 07:00:00,29.57,29.78,29.45,29.57,504800
2023-05-04 07:00:00,29.49,29.57,28.92,28.92,440700
2023-05-05 07:00:00,28.84,29.04,28.76,28.92,491500
2023-05-08 07:00:00,28.76,28.92,28.56,28.56,383200
2023-05-09 07:00:00,28.56,28.92,28.56,28.92,369600
2023-05-10 07:00:00,28.92,29.29,28.8,29.17,474400
2023-05-11 07:00:00,29.09,29.33,28.92,29.17,439600
2023-05-12 07:00:00,29.17,29.41,28.96,29.0,492500
2023-05-15 07:00:00,28.92,29.13,28.56,28.88,556100
2023-05-16 07:00:00,28.88,28.92,28.72,28.8,426100
2023-05-17 07:00:00,28.76,28.92,28.64,28.68,451200
2023-05-18 07:00:00,28.68,28.84,28.51,28.76,406500
2023-05-19 07:00:00,28.68,28.8,28.51,28.8,459400
2023-05-22 07:00:00,28.84,29.09,28.76,29.0,410400
2023-05-23 07:00:00,29.0,29.13,28.76,28.76,425800
2023-05-24 07:00:00,28.68,28.88,28.64,28.8,323800
2023-05-25 07:00:00,28.8,28.84,28.64,28.76,323400
2023-05-26 07:00:00,28.72,28.8,28.64,28.76,310500
2023-05-29 07:00:00,28.76,28.84,28.64,28.84,352100
2023-05-30 07:00:00,28.84,28.92,28.64,28.76,339900
2023-05-31 07:00:00,28.76,29.0,28.68,28.92,374900
2023-06-01 07:00:00,28.76,28.92,28.68,28.88,378300
2023-06-02 07:00:00,28.88,29.0,28.72,28.76,371600
2023-06-05 07:00:00,28.84,28.92,28.6,28.68,312400
2023-06-06 07:00:00,28.68,28.72,28.51,28.64,322400
2023-06-07 07:00:00,28.64,29.13,28.51,29.09,951500
2023-06-08 07:00:00,29.09,29.66,28.96,29.57,971900
2023-06-09 07:00:00,29.61,29.82,29.45,29.74,847200
2023-06-12 07:00:00,29.66,29.82,29.33,29.49,786600
2023-06-13 07:00:00,29.41,29.7,29.33,29.57,535100
2023-06-14 07:00:00,29.57,29.57,29.41,29.45,459100
2023-06-15 07:00:00,29.45,29.57,29.33,29.57,541200
2023-06-16 07:00:00,29.9,30.55,29.53,30.51,1128500
2023-06-19 07:00:00,30.51,30.71,30.43,30.71,673500
2023-06-20 07:00:00,30.63,30.76,30.14,30.76,809300
2023-06-21 07:00:00,30.63,31.12,30.47,31.04,988500
2023-06-22 07:00:00,31.12,31.24,30.76,30.8,526800
2023-06-23 07:00:00,30.8,30.88,30.67,30.88,683700
2023-06-26 07:00:00,30.96,31.04,30.35,30.51,441800
2023-06-27 07:00:00,30.39,30.39,29.94,30.23,646100
2023-06-28 07:00:00,30.31,30.31,29.98,30.27,438300
2023-06-29 07:00:00,30.23,30.35,29.98,30.14,463700
2023-06-30 07:00:00,30.14,30.8,30.06,30.8,297200
2023-07-03 07:00:00,30.88,30.88,30.63,30.76,309700
2023-07-04 07:00:00,30.8,30.8,29.57,29.82,422300
2023-07-05 07:00:00,29.9,29.9,29.37,29.37,302800
2023-07-06 07:00:00,29.49,29.49,29.17,29.41,261700
2023-07-07 07:00:00,29.41,29.49,29.21,29.41,140600
2023-07-10 07:00:00,29.41,29.41,27.7,27.78,454700
2023-07-11 07:00:00,25.87,27.21,25.87,25.87,359500
2023-07-12 07:00:00,24.07,24.69,24.07,24.52,2509100
2023-07-13 07:00:00,24.52,24.85,24.48,24.65,629900
2023-07-14 07:00:00,24.69,24.85,24.4,24.44,633800
2023-07-17 07:00:00,24.52,24.6,24.4,24.48,379000
2023-07-18 07:00:00,24.36,24.52,24.36,24.44,352400
2023-07-19 07:00:00,24.48,24.52,24.4,24.48,206800
2023-07-20 07:00:00,24.56,24.56,24.4,24.48,369700
2023-07-21 07:00:00,24.44,24.6,24.4,24.6,333900
2023-07-24 07:00:00,24.52,24.52,24.28,24.44,383800
2023-07-25 07:00:00,24.52,24.52,24.36,24.44,447800
2023-07-26 07:00:00,24.52,24.52,24.4,24.44,314800
2023-07-27 07:00:00,24.36,24.44,24.36,24.4,243900
2023-07-28 07:00:00,24.44,24.48,24.36,24.44,345200
2023-07-31 07:00:00,24.44,24.44,24.36,24.44,175800
2023-08-01 07:00:00,24.44,24.44,24.36,24.44,183600
2023-08-02 07:00:00,24.44,24.44,24.36,24.44,171000
2023-08-03 07:00:00,24.44,26.07,24.36,26.07,723700
2023-08-04 07:00:00,26.27,26.56,26.03,26.23,547900
2023-08-07 07:00:00,26.27,26.27,25.58,25.58,442300
2023-08-08 07:00:00,25.58,25.66,25.34,25.5,498900
2023-08-09 07:00:00,25.54,26.36,25.46,26.36,534000
2023-08-10 07:00:00,26.4,26.48,26.03,26.15,334100
2023-08-11 07:00:00,26.23,26.23,25.99,26.07,257400
2023-08-14 07:00:00,25.99,26.07,25.83,25.87,304900
2023-08-15 07:00:00,25.87,25.95,25.79,25.87,213500
2023-08-16 07:00:00,25.99,26.07,25.58,25.62,303000
2023-08-17 07:00:00,25.66,25.66,25.26,25.54,318000
2023-08-18 07:00:00,25.5,25.5,25.09,25.26,365300
2023-08-21 07:00:00,25.09,25.26,25.05,25.17,228600
2023-08-22 07:00:00,25.09,25.17,25.01,25.05,242400
2023-08-23 07:00:00,24.85,25.17,24.81,25.09,333200
2023-08-24 07:00:00,25.34,25.34,24.93,25.26,250800
2023-08-25 07:00:00,25.42,25.42,25.09,25.26,290600
2023-08-28 07:00:00,25.42,25.58,25.17,25.58,347000
2023-08-29 07:00:00,25.66,25.66,25.46,25.5,426300
2023-08-30 07:00:00,25.42,25.54,25.34,25.5,241500
2023-08-31 07:00:00,25.42,25.5,25.3,25.5,200300
2023-09-05 07:00:00,25.42,25.79,25.34,25.79,324000
2023-09-06 07:00:00,25.83,26.44,25.79,26.44,298600
2023-09-07 07:00:00,26.52,26.6,26.23,26.27,283400
2023-09-08 07:00:00,26.23,26.27,25.99,26.27,313200
2023-09-11 07:00:00,26.32,26.56,26.27,26.56,230900
2023-09-12 07:00:00,26.64,26.64,26.32,26.36,283400
2023-09-13 07:00:00,26.23,26.23,26.07,26.15,192800
2023-09-14 07:00:00,26.15,26.6,26.11,26.6,418000
2023-09-15 07:00:00,26.56,27.05,26.52,27.05,350300
2023-09-18 07:00:00,27.25,27.25,26.89,26.97,321600
2023-09-19 07:00:00,27.01,27.01,26.84,26.97,180300
2023-09-20 07:00:00,26.97,27.05,26.8,27.05,354900
2023-09-21 07:00:00,27.13,27.13,26.8,26.8,302800
2023-09-22 07:00:00,26.64,26.89,26.44,26.8,375300
2023-09-25 07:00:00,26.84,26.89,26.56,26.8,412200
2023-09-26 07:00:00,26.8,26.84,26.56,26.72,201900
2023-09-27 07:00:00,26.64,26.72,26.6,26.72,220100
2023-09-28 07:00:00,26.64,26.72,26.6,26.68,186400
2023-09-29 07:00:00,26.72,26.72,26.48,26.64,212000
2023-10-02 07:00:00,26.76,26.89,26.6,26.64,147000
2023-10-03 07:00:00,26.72,26.76,26.48,26.68,161200
2023-10-04 07:00:00,26.64,26.72,26.48,26.68,179600
2023-10-05 07:00:00,26.56,26.64,26.52,26.64,169900
2023-10-06 07:00:00,26.64,26.72,26.48,26.64,84000
2023-10-09 07:00:00,26.64,26.64,26.52,26.6,205000
2023-10-10 07:00:00,26.6,26.64,26.4,26.48,206200
2023-10-11 07:00:00,26.48,26.48,26.11,26.4,219200
2023-10-12 07:00:00,26.4,27.45,26.4,27.35,380400
2023-10-13 07:00:00,27.35,27.72,27.26,27.45,199300
2023-10-16 07:00:00,27.49,27.49,26.99,27.26,129200
2023-10-17 07:00:00,27.26,27.26,26.94,27.17,101000
2023-10-18 07:00:00,27.17,27.17,26.53,26.53,137300
2023-10-19 07:00:00,26.72,26.9,26.35,26.9,124200
2023-10-20 07:00:00,26.94,26.94,26.44,26.81,79500
2023-10-23 07:00:00,26.9,26.9,26.62,26.81,90000
2023-10-24 07:00:00,26.9,26.9,26.76,26.9,81700
2023-10-25 07:00:00,26.99,26.99,26.76,26.76,138800
2023-10-26 07:00:00,26.76,26.81,26.35,26.81,154800
2023-10-27 07:00:00,26.81,26.9,26.72,26.9,185600
2023-10-30 07:00:00,26.76,27.13,26.67,27.13,148900
2023-10-31 07:00:00,27.17,27.22,27.03,27.08,271100
2023-11-01 07:00:00,27.08,27.17,26.99,27.17,174500
2023-11-02 07:00:00,27.17,27.22,27.03,27.17,290000
2023-11-03 07:00:00,27.17,27.17,26.99,27.17,183000
2023-11-06 07:00:00,27.17,27.17,26.99,27.03,188600
2023-11-07 07:00:00,27.03,27.03,26.9,26.99,147800
2023-11-08 07:00:00,26.94,26.99,26.85,26.94,95800
2023-11-09 07:00:00,26.9,26.9,26.62,26.9,215400
2023-11-10 07:00:00,26.9,26.9,26.62,26.81,206100
2023-11-13 07:00:00,26.72,26.72,26.58,26.67,112600
2023-11-14 07:00:00,26.53,26.67,26.44,26.62,144400
2023-11-15 07:00:00,26.62,26.99,26.62,26.81,158100
2023-11-16 07:00:00,26.81,26.94,26.62,26.9,463700
2023-11-17 07:00:00,26.9,27.08,26.72,26.99,463800
2023-11-20 07:00:00,26.85,26.9,26.67,26.85,260100
2023-11-21 07:00:00,26.85,26.85,26.72,26.85,187000
2023-11-22 07:00:00,26.81,26.85,26.62,26.81,146900
2023-11-23 07:00:00,26.81,26.85,26.67,26.72,152000
2023-11-24 07:00:00,26.72,26.81,26.62,26.76,173100
2023-11-27 07:00:00,26.76,26.81,26.62,26.72,108800
2023-11-28 07:00:00,26.76,26.76,26.58,26.67,82600
2023-11-29 07:00:00,26.62,26.81,26.26,26.81,194200
2023-11-30 07:00:00,26.76,26.76,26.53,26.58,139500
2023-12-01 07:00:00,26.67,26.67,26.53,26.53,79200
2023-12-04 07:00:00,26.08,27.45,25.53,27.45,1974100
2023-12-05 07:00:00,27.49,28.54,26.99,28.36,1212600
2023-12-06 07:00:00,28.45,28.54,27.45,28.54,2111500
2023-12-07 07:00:00,28.54,28.72,27.9,28.27,1506200
2023-12-08 07:00:00,28.27,28.45,27.72,28.45,1484300
2023-12-11 07:00:00,28.54,28.63,28.08,28.36,1262300
2023-12-12 07:00:00,28.36,28.4,28.08,28.31,947000
2023-12-13 07:00:00,28.27,28.45,28.08,28.27,772900
2023-12-14 07:00:00,28.27,28.36,28.13,28.31,601200
2023-12-15 07:00:00,28.31,28.45,27.9,28.45,975900
2023-12-18 07:00:00,28.49,28.72,28.27,28.72,661400
2023-12-19 07:00:00,28.72,28.72,28.27,28.49,944900
2023-12-20 07:00:00,28.49,28.54,28.08,28.27,1022500
2023-12-21 07:00:00,28.27,28.31,27.81,27.99,1181400
2023-12-22 07:00:00,28.04,28.63,27.86,28.63,725200
2023-12-25 07:00:00,28.54,28.9,28.22,28.9,1118900
2023-12-26 07:00:00,28.9,29.13,28.72,29.13,869800
2023-12-27 07:00:00,29.18,29.36,29.13,29.27,738200
2023-12-28 07:00:00,29.27,29.45,29.18,29.36,600000
2023-12-29 07:00:00,29.31,29.41,29.18,29.27,676900
2024-01-02 07:00:00,29.31,29.41,29.13,29.18,670400
2024-01-03 07:00:00,29.18,29.22,28.68,29.09,1215000
2024-01-04 07:00:00,29.09,29.36,29.09,29.36,695400
2024-01-05 07:00:00,29.27,29.5,29.18,29.36,742100
2024-01-08 07:00:00,29.36,29.41,29.13,29.36,639700
2024-01-09 07:00:00,29.27,29.36,29.13,29.22,686000
2024-01-10 07:00:00,29.18,29.36,29.0,29.27,927100
2024-01-11 07:00:00,29.27,29.36,29.22,29.27,267300
2024-01-12 07:00:00,29.27,29.45,29.18,29.31,571300
2024-01-15 07:00:00,29.31,29.41,29.18,29.27,448700
2024-01-16 07:00:00,29.27,29.27,28.54,28.59,546600
2024-01-17 07:00:00,28.63,28.72,28.27,28.63,405200
2024-01-18 07:00:00,28.81,28.81,28.4,28.68,517300
2024-01-19 07:00:00,28.68,28.72,28.4,28.54,718700
2024-01-22 07:00:00,28.54,28.63,28.27,28.59,451900
2024-01-23 07:00:00,28.54,28.63,28.27,28.54,452500
2024-01-24 07:00:00,28.54,28.59,28.27,28.49,235600
2024-01-25 07:00:00,28.49,28.49,28.31,28.4,172900
2024-01-26 07:00:00,28.4,28.45,28.08,28.27,148200
2024-01-29 07:00:00,28.54,28.54,27.76,28.27,202800
2024-01-30 07:00:00,28.13,28.13,27.76,27.9,226200
2024-01-31 07:00:00,27.9,27.99,27.81,27.95,209800
2024-02-01 07:00:00,27.95,27.99,27.76,27.81,140000
2024-02-02 07:00:00,27.76,27.86,27.63,27.81,178600
2024-02-05 07:00:00,27.81,27.81,27.58,27.63,133200
2024-02-06 07:00:00,27.63,27.72,27.58,27.72,45900
2024-02-07 07:00:00,27.76,28.22,27.54,28.22,164300
2024-02-15 07:00:00,28.22,28.22,28.04,28.13,31500
2024-02-16 07:00:00,28.08,28.13,27.81,28.04,117700
2024-02-19 07:00:00,28.04,28.04,27.54,27.86,115400
2024-02-20 07:00:00,27.72,27.81,27.63,27.81,46800
2024-02-21 07:00:00,27.76,27.76,27.35,27.63,163800
2024-02-22 07:00:00,27.58,27.58,27.22,27.35,159800
2024-02-23 07:00:00,27.35,27.35,27.22,27.35,61300
2024-02-26 07:00:00,27.35,27.35,27.17,27.35,37600
2024-02-27 07:00:00,27.31,27.4,27.26,27.35,33000
2024-02-28 07:00:00,27.31,27.35,27.22,27.35,28200
2024-02-29 07:00:00,27.17,27.35,27.08,27.35,82500
2024-03-01 07:00:00,27.35,27.35,27.13,27.13,118100
2024-03-04 07:00:00,27.13,27.13,26.9,27.13,102100
2024-03-05 07:00:00,26.99,27.35,26.99,27.17,16700
2024-03-06 07:00:00,27.22,27.35,26.99,27.22,26200
2024-03-07 07:00:00,27.76,27.76,26.99,27.13,41100
2024-03-08 07:00:00,27.17,27.26,26.76,27.13,62100
2024-03-11 07:00:00,27.03,27.17,26.85,27.13,152800
2024-03-12 07:00:00,26.99,27.13,26.94,27.13,377400
2024-03-13 07:00:00,27.03,27.35,26.9,26.9,159500
2024-03-14 07:00:00,26.72,27.03,26.62,26.85,56600
2024-03-15 07:00:00,26.72,26.9,26.4,26.9,63600
2024-03-18 07:00:00,26.9,26.9,26.67,26.81,106200
2024-03-19 07:00:00,26.76,26.85,26.58,26.81,146100
2024-03-20 07:00:00,26.85,26.85,26.62,26.76,72100
2024-03-21 07:00:00,26.58,27.35,26.58,27.35,117700
2024-03-22 07:00:00,27.31,27.31,26.99,27.03,73800
2024-03-25 07:00:00,27.13,27.26,26.94,27.03,111200
2024-03-26 07:00:00,27.35,27.35,26.99,27.13,81200
2024-03-27 07:00:00,27.13,27.4,27.13,27.31,59300
2024-03-28 07:00:00,27.45,27.45,26.99,27.31,52400
2024-03-29 07:00:00,27.26,27.35,26.94,27.35,82400
2024-04-01 07:00:00,27.26,27.26,26.9,26.9,66100
2024-04-02 07:00:00,26.9,27.22,26.85,26.99,38200
2024-04-03 07:00:00,26.99,26.99,26.67,26.9,55500
2024-04-04 07:00:00,26.62,26.72,26.49,26.49,68300
2024-04-05 07:00:00,26.62,26.62,26.35,26.35,176100
2024-04-08 07:00:00,26.35,26.72,26.35,26.72,68200
2024-04-09 07:00:00,26.72,26.9,26.62,26.81,48200
2024-04-10 07:00:00,26.81,26.9,26.62,26.9,74300
2024-04-11 07:00:00,26.9,26.9,26.62,26.9,57600
2024-04-12 07:00:00,26.81,26.99,26.72,26.9,72500
2024-04-15 07:00:00,26.9,26.99,26.53,26.81,109500
2024-04-16 07:00:00,26.62,26.9,26.35,26.9,71400
2024-04-17 07:00:00,26.9,27.26,26.81,26.9,89200
2024-04-19 07:00:00,26.9,26.9,26.62,26.81,30600
2024-04-22 07:00:00,26.81,28.22,26.67,27.26,141300
2024-04-23 07:00:00,27.17,27.26,26.9,27.26,92000
2024-04-24 07:00:00,27.26,27.35,26.9,27.26,81100
2024-04-25 07:00:00,27.26,27.72,26.99,27.72,143700
2024-04-26 07:00:00,27.72,27.81,27.26,27.67,99600
2024-05-02 07:00:00,27.72,28.45,27.72,27.99,165700
2024-05-03 07:00:00,27.99,28.17,27.63,27.95,363200
2024-05-06 07:00:00,27.95,27.99,27.63,27.9,340500
2024-05-07 07:00:00,27.9,27.99,27.63,27.81,308700
2024-05-08 07:00:00,27.81,27.81,27.58,27.81,228200
2024-05-09 07:00:00,27.81,27.99,27.58,27.99,258400
2024-05-10 07:00:00,27.95,27.95,27.67,27.95,179200
2024-05-13 07:00:00,27.86,27.86,27.63,27.72,247400
2024-05-14 07:00:00,27.72,27.99,27.58,27.58,280300
2024-05-15 07:00:00,27.58,28.17,27.49,27.49,163600
2024-05-16 07:00:00,27.49,27.81,27.49,27.81,292000
2024-05-17 07:00:00,27.81,27.81,27.45,27.81,300000
2024-05-20 07:00:00,27.81,27.99,27.58,27.81,344400
2024-05-21 07:00:00,27.81,27.9,27.63,27.9,376300
2024-05-22 07:00:00,27.9,28.27,27.54,27.76,161800
2024-05-23 07:00:00,27.76,27.9,27.45,27.45,148000
2024-05-24 07:00:00,27.45,27.63,27.35,27.58,144000
2024-05-27 07:00:00,27.58,27.58,27.4,27.54,95800
2024-05-28 07:00:00,27.45,27.63,27.4,27.63,73300
2024-05-29 07:00:00,27.63,27.72,27.45,27.72,121400
2024-05-30 07:00:00,27.72,27.72,27.45,27.72,142600
2024-05-31 07:00:00,27.72,27.72,27.4,27.67,149400
2024-06-03 07:00:00,27.67,27.67,27.4,27.63,144000
2024-06-04 07:00:00,27.63,27.63,27.35,27.49,85100
2024-06-05 07:00:00,27.49,27.58,27.31,27.45,88700
2024-06-06 07:00:00,27.49,27.49,27.08,27.26,105800
2024-06-07 07:00:00,27.35,27.45,27.17,27.26,50400
2024-06-10 07:00:00,27.35,27.35,27.17,27.35,49100
2024-06-11 07:00:00,27.26,27.54,27.03,27.54,84600
2024-06-12 07:00:00,27.45,27.9,27.35,27.9,208500
2024-06-13 07:00:00,27.95,29.18,27.95,29.18,459400
2024-06-14 07:00:00,29.36,29.36,29.04,29.27,340800
2024-06-17 07:00:00,29.27,29.59,29.09,29.59,309300
2024-06-18 07:00:00,29.59,29.95,29.59,29.95,260300
2024-06-19 07:00:00,29.95,29.95,29.63,29.86,216800
2024-06-20 07:00:00,30.0,30.18,29.68,29.86,224300
2024-06-21 07:00:00,29.91,30.55,29.86,30.45,266400
2024-06-24 07:00:00,30.45,30.45,30.32,30.41,253300
2024-06-25 07:00:00,30.41,30.73,30.32,30.68,165200
2024-06-26 07:00:00,30.68,31.09,30.27,30.41,147200
2024-06-27 07:00:00,30.36,30.5,30.18,30.36,180700
2024-06-28 07:00:00,30.36,30.5,30.14,30.32,174300
2024-07-01 07:00:00,30.32,30.55,30.27,30.55,204600
2024-07-02 07:00:00,30.64,31.0,30.45,31.0,161900
2024-07-03 07:00:00,30.91,31.23,30.82,31.18,159300
2024-07-04 07:00:00,31.18,31.46,31.09,31.37,195000
2024-07-05 07:00:00,31.55,31.55,31.09,31.09,344500
2024-07-08 07:00:00,30.91,31.23,30.77,31.09,330200
2024-07-09 07:00:00,31.0,31.0,30.73,31.0,449900
2024-07-10 07:00:00,31.0,31.18,30.91,31.18,266600
2024-07-11 07:00:00,31.18,33.33,31.18,31.32,178500
2024-07-12 07:00:00,31.32,31.37,31.09,31.27,166400
2024-07-15 07:00:00,31.27,31.27,30.68,31.0,200400
2024-07-16 07:00:00,30.73,30.73,28.86,29.09,778500
2024-07-17 07:00:00,28.81,28.81,27.81,28.36,115100
2024-07-18 07:00:00,28.08,28.54,27.63,28.54,240300
2024-07-19 07:00:00,28.27,29.0,28.08,29.0,108600
2024-07-22 07:00:00,28.86,29.0,28.27,28.95,44600
2024-07-23 07:00:00,28.81,28.81,28.17,28.81,202000
2024-07-24 07:00:00,28.72,28.72,27.95,28.45,63700
2024-07-25 07:00:00,28.54,28.54,28.04,28.45,24600
2024-07-26 07:00:00,28.45,28.49,27.99,28.45,116000
2024-07-29 07:00:00,28.45,28.81,28.27,28.45,24500
2024-07-30 07:00:00,28.45,28.45,27.99,28.45,89600
2024-07-31 07:00:00,28.54,28.54,27.99,28.4,54800
2024-08-01 07:00:00,28.4,28.4,27.35,28.13,118000
2024-08-02 07:00:00,27.9,28.27,27.4,27.76,111100
2024-08-05 07:00:00,27.81,27.95,26.99,27.4,170800
2024-08-06 07:00:00,27.08,27.67,26.9,27.4,114800
2024-08-07 07:00:00,27.4,27.54,26.9,27.35,173400
2024-08-08 07:00:00,27.35,27.54,26.94,27.49,45000
2024-08-09 07:00:00,27.49,27.49,26.81,27.35,239300
2024-08-12 07:00:00,27.26,27.35,26.94,27.35,79700
2024-08-13 07:00:00,27.35,27.35,26.94,27.17,107300
2024-08-14 07:00:00,27.31,27.35,27.03,27.35,31500
2024-08-15 07:00:00,27.31,27.35,27.08,27.35,30300
2024-08-16 07:00:00,27.26,27.45,27.08,27.08,35500
2024-08-19 07:00:00,27.22,27.67,27.13,27.26,46800
2024-08-20 07:00:00,27.26,27.31,27.08,27.26,26600
2024-08-21 07:00:00,27.35,27.35,27.08,27.08,92500
2024-08-22 07:00:00,27.17,27.35,26.99,27.17,112200
2024-08-23 07:00:00,27.08,27.22,26.94,27.22,225500
2024-08-26 07:00:00,27.26,27.35,26.99,27.17,109100
2024-08-27 07:00:00,27.17,27.17,26.9,26.9,111200
2024-08-28 07:00:00,27.08,27.22,26.9,27.22,132500
2024-08-29 07:00:00,27.22,27.22,26.94,27.22,89100
2024-08-30 07:00:00,27.22,27.35,27.03,27.26,132400
2024-09-04 07:00:00,27.35,27.35,27.22,27.35,33800
2024-09-05 07:00:00,27.35,27.54,27.26,27.35,132500
2024-09-06 07:00:00,27.54,27.54,27.13,27.35,113800
2024-09-09 07:00:00,27.35,27.35,27.13,27.22,38700
2024-09-10 07:00:00,27.22,27.26,26.53,26.85,182300
2024-09-11 07:00:00,26.9,27.22,26.72,27.03,213100
2024-09-12 07:00:00,27.03,27.22,26.76,27.22,66800
2024-09-13 07:00:00,27.22,27.22,26.9,27.17,43200
2024-09-16 07:00:00,27.17,27.17,26.85,27.17,76200
2024-09-17 07:00:00,27.17,27.26,26.9,27.13,62100
2024-09-18 07:00:00,27.17,27.35,27.08,27.35,75900
2024-09-19 07:00:00,27.35,27.54,26.76,27.54,264200
2024-09-20 07:00:00,27.45,27.63,27.35,27.63,142900
2024-09-23 07:00:00,27.54,27.72,27.31,27.35,50000
2024-09-24 07:00:00,27.35,27.67,27.26,27.67,326700
2024-09-25 07:00:00,27.67,27.72,27.26,27.54,203900
2024-09-26 07:00:00,27.54,27.67,27.35,27.4,149500
2024-09-27 07:00:00,27.4,27.49,27.22,27.45,161800
2024-09-30 07:00:00,27.45,27.49,27.08,27.17,314900
2024-10-01 07:00:00,27.17,27.35,26.9,27.17,99000
2024-10-02 07:00:00,27.22,27.4,26.94,27.4,208700
2024-10-03 07:00:00,27.08,27.45,26.99,27.45,194200
2024-10-04 07:00:00,27.35,27.45,27.03,27.26,552000
2024-10-07 07:00:00,27.26,27.49,26.99,27.49,96400
2024-10-08 07:00:00,27.35,27.9,27.31,27.9,234300
2024-10-09 07:00:00,27.72,28.08,27.67,28.08,104700
2024-10-10 07:00:00,27.9,28.08,27.31,27.31,177700
2024-10-11 07:00:00,27.08,27.35,27.03,27.35,99000
2024-10-14 07:00:00,27.35,27.54,27.31,27.35,71800
2024-10-15 07:00:00,27.45,27.45,27.17,27.35,176800
2024-10-16 07:00:00,27.35,27.49,27.17,27.49,213300
2024-10-17 07:00:00,27.49,27.54,27.26,27.45,142300
2024-10-18 07:00:00,27.26,27.54,27.13,27.54,159100
2024-10-21 07:00:00,27.45,27.63,27.35,27.45,215700
2024-10-22 07:00:00,27.45,27.58,27.26,27.58,209400
2024-10-23 07:00:00,27.58,27.63,27.17,27.63,231500
2024-10-24 07:00:00,27.63,27.81,27.22,27.81,227900
2024-10-25 07:00:00,27.63,27.9,27.31,27.9,308000
2024-10-28 07:00:00,27.9,27.99,27.49,27.99,216200
2024-10-29 07:00:00,27.99,27.99,27.54,27.95,185200
2024-10-30 07:00:00,27.67,27.81,27.17,27.17,201300
2024-10-31 07:00:00,27.35,27.99,26.9,27.35,365700
2024-11-01 07:00:00,27.17,27.35,25.99,27.35,125500
2024-11-04 07:00:00,27.35,27.45,27.08,27.13,63500
2024-11-05 07:00:00,27.13,27.35,26.99,27.31,108200
2024-11-06 07:00:00,27.31,27.58,27.08,27.58,104100
2024-11-07 07:00:00,27.54,29.45,26.99,29.45,685300
2024-11-08 07:00:00,29.18,29.18,28.17,29.18,318500
2024-11-11 07:00:00,29.13,29.13,27.17,27.17,981100
2024-11-12 07:00:00,25.71,27.17,25.48,25.53,248300
2024-11-13 07:00:00,25.99,26.26,24.53,26.26,172200
2024-11-14 07:00:00,26.26,26.44,24.53,24.62,175300
2024-11-15 07:00:00,24.16,25.03,24.16,25.03,55600
2024-11-18 07:00:00,23.98,25.35,23.3,23.98,230900
2024-11-19 07:00:00,23.98,23.98,22.34,22.34,251500
2024-11-20 07:00:00,20.79,20.79,20.79,20.79,141000
2024-11-21 07:00:00,19.38,21.34,19.38,20.83,1565200
2024-11-22 07:00:00,21.79,21.79,20.93,21.06,91800
2024-11-25 07:00:00,21.43,21.75,20.56,21.11,230300
2024-11-26 07:00:00,21.43,21.43,21.06,21.15,63500
2024-11-27 07:00:00,21.2,21.2,20.7,21.06,53700
2024-11-28 07:00:00,21.11,21.11,20.74,20.97,42300
2024-11-29 07:00:00,20.97,21.02,20.88,21.02,34000
2024-12-02 07:00:00,21.02,21.15,20.83,21.15,65500
2024-12-03 07:00:00,21.02,21.25,21.02,21.25,47900
2024-12-04 07:00:00,21.25,21.61,21.06,21.61,113600
2024-12-05 07:00:00,21.88,21.88,21.06,21.61,116700
2024-12-06 07:00:00,21.66,22.2,21.66,22.2,79000
2024-12-09 07:00:00,22.2,22.34,21.85,22.34,124900
2024-12-10 07:00:00,22.34,22.34,22.15,22.34,34200
2024-12-11 07:00:00,21.95,22.34,21.95,22.34,29300
2024-12-12 07:00:00,22.39,22.39,22.05,22.1,48700
2024-12-13 07:00:00,22.15,22.15,20.93,20.93,99300
2024-12-16 07:00:00,21.37,21.37,19.46,20.98,327700
2024-12-17 07:00:00,21.17,21.37,20.54,21.37,76400
2024-12-18 07:00:00,21.27,21.41,21.17,21.37,88000
2024-12-19 07:00:00,21.32,21.46,20.78,21.46,90200
2024-12-20 07:00:00,21.51,21.51,21.22,21.51,32100
2024-12-23 07:00:00,21.56,21.56,21.22,21.32,31200
2024-12-24 07:00:00,21.02,21.32,20.78,21.22,117500
2024-12-25 07:00:00,21.22,21.41,20.49,21.41,249700
2024-12-26 07:00:00,21.37,21.37,20.59,20.88,109100
2024-12-27 07:00:00,20.88,21.41,20.68,21.41,159700
2024-12-30 07:00:00,21.46,21.46,20.68,21.27,151600
2024-12-31 07:00:00,21.32,21.56,20.63,21.46,173500
2025-01-02 07:00:00,21.46,21.46,20.78,21.46,203400
2025-01-03 07:00:00,21.46,21.46,20.88,21.32,276500
2025-01-06 07:00:00,20.88,21.27,20.83,21.27,86700
2025-01-07 07:00:00,21.27,21.37,20.73,21.22,144800
2025-01-08 07:00:00,20.83,21.27,20.83,21.27,110500
2025-01-09 07:00:00,21.27,21.37,20.93,21.37,176100
2025-01-10 07:00:00,21.27,21.41,21.07,21.41,228300
2025-01-13 07:00:00,21.22,21.22,20.49,20.49,194700
2025-01-14 07:00:00,20.83,20.98,20.2,20.78,43200
2025-01-15 07:00:00,20.2,20.98,20.2,20.49,50000
2025-01-16 07:00:00,20.39,20.59,20.39,20.49,89500
2025-01-17 07:00:00,20.49,20.68,20.34,20.49,121200
2025-01-20 07:00:00,20.39,20.63,20.15,20.49,80800
2025-01-21 07:00:00,20.49,20.49,20.24,20.24,111100
2025-01-22 07:00:00,20.44,20.44,19.8,20.39,79800
2025-01-23 07:00:00,20.34,20.44,20.05,20.44,135900
2025-01-24 07:00:00,20.68,20.68,20.29,20.44,96100
2025-02-03 07:00:00,20.39,20.39,20.1,20.39,135200
2025-02-04 07:00:00,20.05,20.73,18.98,20.0,265300
2025-02-05 07:00:00,20.0,20.39,20.0,20.39,223900
2025-02-06 07:00:00,20.39,20.39,19.9,20.39,195400
2025-02-07 07:00:00,20.39,20.39,19.9,20.29,158300
2025-02-10 07:00:00,20.24,20.24,19.95,20.15,108500
2025-02-11 07:00:00,20.15,20.2,19.66,19.66,137300
2025-02-12 07:00:00,19.66,19.95,18.59,18.59,204000
2025-02-13 07:00:00,19.02,19.02,17.46,17.85,447300
2025-02-14 07:00:00,17.8,18.78,17.76,18.73,252000
2025-02-17 07:00:00,18.59,19.46,18.54,19.41,240900
2025-02-18 07:00:00,19.41,19.71,19.22,19.71,183900
2025-02-19 07:00:00,19.85,20.0,19.41,19.95,271600
2025-02-20 07:00:00,19.95,20.39,19.51,20.34,321500
2025-02-21 07:00:00,20.29,20.49,19.8,20.2,402400
2025-02-24 07:00:00,20.39,20.49,19.85,20.39,144300
2025-02-25 07:00:00,20.39,20.49,20.0,20.49,169000
2025-02-26 07:00:00,20.49,20.49,20.0,20.39,240400
2025-02-27 07:00:00,20.34,20.39,20.0,20.39,91700
2025-02-28 07:00:00,20.39,20.39,20.0,20.24,154200
2025-03-03 07:00:00,20.24,20.24,19.9,20.2,178800
2025-03-04 07:00:00,20.15,20.24,20.05,20.24,197200
2025-03-05 07:00:00,20.24,20.24,19.9,20.1,163900
2025-03-06 07:00:00,20.05,20.34,19.85,20.34,187600
2025-03-07 07:00:00,20.34,20.34,20.0,20.29,207100
2025-03-10 07:00:00,20.29,20.29,19.51,20.0,297800
2025-03-11 07:00:00,20.0,20.0,19.66,20.0,233000
2025-03-12 07:00:00,19.9,20.0,19.61,19.61,225500
2025-03-13 07:00:00,19.61,19.9,19.46,19.9,229800
2025-03-14 07:00:00,19.9,19.95,19.02,19.9,219500
2025-03-17 07:00:00,19.56,19.9,19.56,19.61,205800
2025-03-18 07:00:00,19.76,19.76,19.07,19.51,129400
2025-03-19 07:00:00,19.51,19.85,19.27,19.85,316200
2025-03-20 07:00:00,19.8,20.0,19.51,20.0,353400
2025-03-21 07:00:00,20.0,20.0,19.51,19.95,318600
2025-03-24 07:00:00,19.95,20.1,19.51,20.1,429000
2025-03-25 07:00:00,20.1,20.1,19.61,19.71,271000
2025-03-26 07:00:00,19.76,19.76,19.51,19.51,268400
2025-03-27 07:00:00,19.51,19.51,19.41,19.41,246200
2025-03-28 07:00:00,19.41,19.71,19.37,19.71,274500
2025-03-31 07:00:00,19.71,19.71,19.46,19.71,236300
2025-04-01 07:00:00,19.71,19.71,19.41,19.51,218400
2025-04-02 07:00:00,19.51,19.66,19.32,19.66,208000
2025-04-03 07:00:00,19.66,19.66,18.29,18.29,146300
2025-04-04 07:00:00,18.1,19.41,17.07,19.41,190900
2025-04-08 07:00:00,19.02,19.02,18.15,18.54,147300
2025-04-09 07:00:00,18.05,18.54,17.37,18.44,303800
2025-04-10 07:00:00,19.02,19.61,18.93,19.27,216600
2025-04-11 07:00:00,19.51,20.49,18.98,20.0,509400
2025-04-14 07:00:00,20.0,20.34,19.51,20.1,358800
2025-04-15 07:00:00,20.88,20.88,19.51,20.1,235300
2025-04-16 07:00:00,20.05,20.1,19.56,20.0,286100
2025-04-17 07:00:00,19.9,19.9,19.61,19.9,292200
2025-04-18 07:00:00,19.95,20.1,19.66,20.0,297500
2025-04-21 07:00:00,19.8,20.0,19.71,20.0,319000
2025-04-22 07:00:00,20.0,20.49,19.71,20.49,381400
2025-04-23 07:00:00,20.93,21.41,20.49,21.37,415400
2025-04-24 07:00:00,21.51,21.61,21.37,21.46,367500
2025-04-25 07:00:00,21.95,21.95,21.32,21.56,379500
2025-04-28 07:00:00,21.56,21.61,21.02,21.46,349800
2025-04-29 07:00:00,21.17,21.37,20.98,21.37,476300
2025-05-05 07:00:00,21.51,21.51,20.98,21.37,288300
2025-05-06 07:00:00,21.37,21.37,20.98,21.32,346000
2025-05-07 07:00:00,21.32,21.37,20.83,21.37,413300
2025-05-08 07:00:00,21.32,21.46,20.98,21.46,488600
2025-05-09 07:00:00,21.41,21.41,21.12,21.41,421700
2025-05-12 07:00:00,21.41,21.41,21.07,21.41,481100
2025-05-13 07:00:00,21.37,21.37,21.12,21.37,476700
2025-05-14 07:00:00,21.32,21.37,21.17,21.37,453300
2025-05-15 07:00:00,21.32,21.32,21.12,21.12,403500
2025-05-16 07:00:00,21.12,21.12,20.83,20.83,525300
2025-05-19 07:00:00,20.83,21.27,20.63,21.27,513700
2025-05-20 07:00:00,21.27,21.9,21.22,21.85,557000
2025-05-21 07:00:00,22.29,22.29,21.61,22.24,468000
2025-05-22 07:00:00,22.24,22.24,21.85,21.85,427500
2025-05-23 07:00:00,21.85,21.95,21.51,21.56,427200
2025-05-26 07:00:00,21.76,21.76,20.93,21.27,582900
2025-05-27 07:00:00,21.02,21.76,20.88,21.76,577600
2025-05-28 07:00:00,21.61,22.1,21.37,21.95,653100
2025-05-29 07:00:00,21.46,22.39,21.46,22.0,555300
2025-05-30 07:00:00,22.0,22.0,21.66,21.9,495500
2025-06-02 07:00:00,21.9,21.9,21.56,21.56,501700
2025-06-03 07:00:00,21.8,21.8,21.41,21.76,539700
2025-06-04 07:00:00,21.51,21.76,21.51,21.56,544300
2025-06-05 07:00:00,21.61,21.66,21.17,21.17,514500
2025-06-06 07:00:00,21.27,21.27,20.83,21.07,553500
2025-06-09 07:00:00,20.93,21.22,20.73,21.22,517100
2025-06-10 07:00:00,21.17,21.41,20.88,21.41,594400
2025-06-11 07:00:00,21.32,21.37,20.93,21.37,412400
2025-06-12 07:00:00,21.22,21.46,21.07,21.46,463700
2025-06-13 07:00:00,21.41,21.41,21.02,21.07,532800
2025-06-16 07:00:00,21.22,21.27,20.93,21.27,530200
2025-06-17 07:00:00,21.02,21.32,21.02,21.22,425300
2025-06-18 07:00:00,20.98,21.22,20.98,20.98,366600
2025-06-19 07:00:00,20.98,21.27,20.88,21.27,461500
2025-06-20 07:00:00,20.98,21.27,20.98,21.27,332700
2025-06-23 07:00:00,21.17,21.27,21.02,21.27,386000
2025-06-24 07:00:00,21.27,21.37,21.02,21.22,428000
2025-06-25 07:00:00,21.32,21.32,21.07,21.27,321300
2025-06-26 07:00:00,21.27,21.27,21.07,21.12,345400
2025-06-27 07:00:00,21.22,21.22,21.07,21.22,332700
2025-06-30 07:00:00,21.27,21.32,21.17,21.32,314400
2025-07-01 07:00:00,21.32,21.37,21.17,21.37,306100
2025-07-02 07:00:00,21.37,21.41,21.32,21.41,342700
2025-07-03 07:00:00,22.88,22.88,21.56,21.56,1673000
2025-07-04 07:00:00,21.66,21.95,21.66,21.76,303000
2025-07-07 07:00:00,21.85,21.85,21.17,21.37,531600
2025-07-08 07:00:00,21.41,21.41,20.88,21.27,677000
2025-07-09 07:00:00,21.32,21.76,20.88,21.76,555500
2025-07-10 07:00:00,21.66,21.9,21.07,21.56,599400
2025-07-11 07:00:00,21.56,21.8,21.07,21.8,551000
2025-07-14 07:00:00,21.9,22.2,21.76,21.95,502900
2025-07-15 07:00:00,21.95,22.1,21.76,21.8,348100
2025-07-16 07:00:00,21.37,21.9,21.37,21.41,320600
2025-07-17 07:00:00,21.76,21.76,20.88,21.71,936900
2025-07-18 07:00:00,21.76,21.76,21.27,21.41,339900
2025-07-21 07:00:00,21.46,22.05,21.41,21.46,541200
2025-07-22 07:00:00,21.37,22.0,21.22,21.85,379400
2025-07-23 07:00:00,21.85,21.85,21.41,21.66,350200
2025-07-24 07:00:00,21.71,21.71,21.37,21.51,303900
2025-07-25 07:00:00,21.46,21.56,21.37,21.46,296000
2025-07-28 07:00:00,21.46,21.56,21.37,21.56,333600
2025-07-29 07:00:00,21.46,21.51,20.98,21.41,351000
2025-07-30 07:00:00,21.41,21.41,20.98,21.27,308400
2025-07-31 07:00:00,21.41,21.41,21.17,21.27,307500
2025-08-01 07:00:00,21.37,21.37,21.12,21.22,202800
2025-08-04 07:00:00,21.32,21.32,21.02,21.22,330900
2025-08-05 07:00:00,21.27,21.27,21.02,21.17,324000
2025-08-06 07:00:00,21.22,21.22,20.98,21.12,313200
2025-08-07 07:00:00,21.12,21.12,20.98,21.02,308300
2025-08-08 07:00:00,21.02,21.02,20.78,20.88,323100
2025-08-11 07:00:00,20.93,20.98,20.83,20.83,320900
2025-08-12 07:00:00,20.83,20.83,20.68,20.83,336900
2025-08-13 07:00:00,20.93,20.98,20.68,20.68,319700
2025-08-14 07:00:00,20.83,20.88,20.49,20.49,400000
2025-08-15 07:00:00,20.49,20.49,20.15,20.2,259900
2025-08-18 07:00:00,20.39,20.73,20.2,20.73,415500
2025-08-19 07:00:00,20.78,20.78,20.34,20.34,346600
2025-08-20 07:00:00,20.68,20.68,20.0,20.39,334900
2025-08-21 07:00:00,20.49,20.59,20.39,20.49,303900
2025-08-22 07:00:00,20.05,20.49,20.05,20.49,386500
2025-08-25 07:00:00,20.49,20.49,20.1,20.49,383800
2025-08-26 07:00:00,20.39,20.49,20.2,20.39,301900
2025-08-27 07:00:00,20.39,20.39,20.15,20.39,312200
2025-08-28 07:00:00,20.39,20.39,20.15,20.34,346800
2025-08-29 07:00:00,20.49,20.49,20.29,20.44,352100
2025-09-03 07:00:00,20.44,20.44,20.29,20.39,331200
2025-09-04 07:00:00,20.39,20.39,20.15,20.39,329100
2025-09-05 07:00:00,20.34,20.39,20.05,20.39,395000
2025-09-08 07:00:00,20.29,20.29,19.95,19.95,321800
2025-09-09 07:00:00,19.95,20.15,19.71,20.15,376800
2025-09-10 07:00:00,19.95,20.1,19.76,20.1,352800
2025-09-11 07:00:00,20.05,20.05,19.71,20.0,331900
2025-09-12 07:00:00,20.2,20.39,19.8,20.39,329200
2025-09-15 07:00:00,20.44,20.44,19.95,20.15,316200
2025-09-16 07:00:00,19.95,20.24,19.95,20.24,346500
2025-09-17 07:00:00,20.1,20.2,19.8,20.1,467700
2025-09-18 07:00:00,20.1,20.15,19.85,20.0,372400
2025-09-19 07:00:00,20.15,20.15,19.9,20.0,397500
2025-09-22 07:00:00,20.05,20.29,19.71,19.9,318800
2025-09-23 07:00:00,20.0,20.0,19.85,19.95,293700
2025-09-24 07:00:00,20.0,20.0,19.76,20.0,343900
2025-09-25 07:00:00,19.85,20.05,19.85,20.05,328900
2025-09-26 07:00:00,20.05,20.1,19.85,20.0,355500
2025-09-29 07:00:00,20.0,20.24,19.85,19.9,296200
2025-09-30 07:00:00,19.9,20.1,19.61,19.61,303500
2025-10-01 07:00:00,19.76,20.24,19.66,20.24,409900
2025-10-02 07:00:00,20.24,20.24,19.9,20.24,369000
2025-10-03 07:00:00,20.2,20.2,19.95,20.1,366200
2025-10-06 07:00:00,20.05,20.15,19.95,20.15,333400
2025-10-07 07:00:00,20.1,20.1,19.66,20.05,316800
2025-10-08 07:00:00,19.9,20.15,19.85,20.15,327700
2025-10-09 07:00:00,20.15,20.2,19.85,20.2,306900
2025-10-10 07:00:00,20.15,20.2,19.95,20.2,389900
2025-10-13 07:00:00,20.2,20.2,19.9,20.2,389900
2025-10-14 07:00:00,20.2,20.2,19.95,20.1,320900
2025-10-15 07:00:00,19.95,20.15,19.9,20.0,390200
2025-10-16 07:00:00,19.8,20.0,19.8,19.85,328300
2025-10-17 07:00:00,19.8,19.9,19.51,19.66,284500
2025-10-20 07:00:00,19.66,19.66,19.12,19.56,259400
2025-10-21 07:00:00,19.56,19.71,19.41,19.71,311300
2025-10-22 07:00:00,19.8,20.0,19.51,20.0,336900
2025-10-23 07:00:00,20.0,20.45,19.9,20.15,374300
2025-10-24 07:00:00,20.15,20.25,19.95,20.25,309200
2025-10-27 07:00:00,20.2,20.25,20.05,20.2,339900
2025-10-28 07:00:00,20.2,20.2,20.0,20.2,319000
2025-10-29 07:00:00,20.15,20.25,20.05,20.2,375800
2025-10-30 07:00:00,20.1,20.35,20.1,20.2,288900
2025-10-31 07:00:00,20.1,20.3,20.05,20.15,370900
2025-11-03 07:00:00,20.25,20.3,20.05,20.1,309100
2025-11-04 07:00:00,20.15,20.15,20.0,20.1,310400
2025-11-05 07:00:00,20.1,20.1,20.0,20.1,296900
2025-11-06 07:00:00,20.1,20.1,19.9,20.1,360900
2025-11-07 07:00:00,20.0,20.05,19.95,20.0,328900
2025-11-10 07:00:00,20.2,20.2,18.7,20.15,393500
2025-11-11 07:00:00,20.2,20.2,19.85,20.1,393900
2025-11-12 07:00:00,20.1,20.15,19.95,20.15,451500
2025-11-13 07:00:00,20.15,20.2,20.05,20.15,404400
2025-11-14 07:00:00,20.15,20.15,19.9,20.15,356900
2025-11-17 07:00:00,20.15,20.15,19.5,19.5,413800
2025-11-18 07:00:00,19.95,20.0,19.45,20.0,390200
2025-11-19 07:00:00,20.05,20.05,19.5,19.9,313900
2025-11-20 07:00:00,20.0,20.05,19.6,19.75,340500
2025-11-21 07:00:00,19.5,20.0,19.5,20.0,279900
2025-11-24 07:00:00,20.0,20.0,19.65,19.95,317900
2025-11-25 07:00:00,19.9,20.0,19.6,20.0,271900
2025-11-26 07:00:00,19.95,19.95,19.7,19.95,296900
2025-11-27 07:00:00,19.95,19.95,19.6,19.8,327900
2025-11-28 07:00:00,19.8,19.8,19.55,19.55,291500
2025-12-01 07:00:00,19.85,19.85,19.5,19.6,332800
2025-12-02 07:00:00,19.65,19.65,19.4,19.5,268400
2025-12-03 07:00:00,19.45,19.65,19.35,19.65,323900
2025-12-04 07:00:00,19.7,19.7,19.55,19.7,255900
2025-12-05 07:00:00,19.75,19.75,19.5,19.6,336900
2025-12-08 07:00:00,19.7,19.7,19.3,19.5,253900
2025-12-09 07:00:00,19.5,19.7,19.1,19.7,373600
2025-12-10 07:00:00,19.65,19.7,19.5,19.7,285000
2025-12-11 07:00:00,19.7,19.8,19.65,19.7,269900
2025-12-12 07:00:00,19.75,19.75,19.4,19.65,242600
2025-12-15 07:00:00,19.7,19.7,18.8,18.8,361300
2025-12-16 07:00:00,18.9,19.7,18.5,19.7,301300
2025-12-17 07:00:00,19.7,19.7,18.35,19.7,362900
2025-12-18 07:00:00,20.4,20.4,19.5,19.7,371300
2025-12-19 07:00:00,19.7,19.7,19.0,19.55,356700
2025-12-22 07:00:00,19.5,19.5,19.05,19.4,305200
2025-12-23 07:00:00,19.45,19.45,19.2,19.25,263400
2025-12-24 07:00:00,19.25,19.3,18.95,19.0,264100
2025-12-25 07:00:00,19.2,19.6,18.95,19.6,306700
2025-12-26 07:00:00,19.4,19.4,19.1,19.2,286800
2025-12-29 07:00:00,19.35,19.35,18.65,18.65,300800
2025-12-30 07:00:00,19.1,19.3,18.85,19.3,316000
2025-12-31 07:00:00,19.3,19.3,19.0,19.0,287700
2026-01-05 07:00:00,19.0,19.05,18.9,18.95,244800
2026-01-06 07:00:00,18.95,19.0,18.8,18.8,266900
2026-01-07 07:00:00,19.0,19.35,18.8,19.25,303900
2026-01-08 07:00:00,19.25,19.3,18.9,19.25,291900
2026-01-09 07:00:00,19.25,19.6,19.1,19.6,415600
2026-01-12 07:00:00,19.6,19.6,19.4,19.6,276900
2026-01-13 07:00:00,19.8,20.35,19.45,20.35,342400
2026-01-14 07:00:00,20.35,20.4,19.9,20.35,339300
2026-01-15 07:00:00,20.15,20.25,19.75,20.25,385600
2026-01-16 07:00:00,20.45,20.45,20.0,20.3,538900
2026-01-19 07:00:00,20.25,20.4,20.25,20.25,290800
2026-01-20 07:00:00,20.1,20.35,20.1,20.35,304400
2026-01-21 07:00:00,20.25,20.25,18.95,18.95,247700
2026-01-22 07:00:00,19.6,20.0,19.6,20.0,392000
2026-01-23 07:00:00,20.0,20.25,19.9,20.1,295800
2026-01-26 07:00:00,20.1,20.1,19.0,20.05,317900
2026-01-27 07:00:00,20.1,20.1,19.75,20.1,326500
2026-01-28 07:00:00,20.1,20.15,19.75,20.05,272300
2026-01-29 07:00:00,20.1,20.1,19.65,19.95,326900
2026-01-30 07:00:00,19.95,19.95,19.4,19.9,386000
2026-02-02 07:00:00,19.8,19.95,19.65,19.85,272000
2026-02-03 07:00:00,19.9,19.9,19.4,19.8,310300
2026-02-04 07:00:00,19.8,19.8,19.1,19.25,258900
2026-02-05 07:00:00,19.8,19.8,19.3,19.6,321400
2026-02-06 07:00:00,19.25,19.9,19.2,19.6,340400
2026-02-09 07:00:00,19.75,19.75,19.4,19.6,304300
2026-02-10 07:00:00,19.6,19.6,19.0,19.5,301300
2026-02-11 07:00:00,19.5,19.6,18.55,19.4,432600
2026-02-12 07:00:00,19.5,19.5,18.35,19.0,304900
2026-02-13 07:00:00,19.0,19.5,18.7,19.5,318600
2026-02-23 07:00:00,19.45,19.45,19.0,19.45,293900
2026-02-24 07:00:00,19.4,19.4,19.05,19.3,256900
2026-02-25 07:00:00,19.3,19.3,18.6,18.95,326900
2026-02-26 07:00:00,18.95,18.95,18.4,18.4,311400
2026-02-27 07:00:00,18.75,18.75,18.3,18.5,340900
2026-03-02 07:00:00,18.45,18.6,18.1,18.6,282800
2026-03-03 07:00:00,18.45,18.65,18.2,18.65,299200
2026-03-04 07:00:00,18.6,18.6,18.3,18.55,252900
2026-03-05 07:00:00,18.55,18.75,18.35,18.75,286300
2026-03-06 07:00:00,18.75,18.75,18.55,18.65,319000
2026-03-09 07:00:00,18.45,18.45,17.35,18.25,340900
2026-03-10 07:00:00,18.35,18.6,18.1,18.6,263900
2026-03-11 07:00:00,18.75,19.0,18.35,19.0,293900
2026-03-12 07:00:00,19.1,19.1,18.8,19.0,289900
2026-03-13 07:00:00,18.95,18.95,18.7,18.85,308900
2026-03-16 07:00:00,18.75,19.0,18.6,19.0,336100
2026-03-17 07:00:00,19.0,19.15,18.6,18.95,294400
2026-03-18 07:00:00,19.2,19.2,18.2,18.7,287500
2026-03-19 07:00:00,18.65,18.9,18.3,18.5,267500
2026-03-20 07:00:00,18.85,18.85,18.3,18.35,322300
2026-03-23 07:00:00,18.5,18.5,17.75,18.35,288800
2026-03-24 07:00:00,17.8,18.6,17.8,18.6,283800
2026-03-25 07:00:00,18.55,18.6,18.2,18.6,302900
2026-03-26 07:00:00,18.6,18.6,18.05,18.35,297300
2026-03-27 07:00:00,18.7,18.7,18.1,18.35,324900
2026-03-30 07:00:00,18.4,18.4,17.95,18.35,306900
2026-03-31 07:00:00,18.35,18.4,18.1,18.3,299500
2026-04-01 07:00:00,18.5,18.5,18.05,18.5,356200
2026-04-02 07:00:00,18.4,18.5,18.05,18.5,385900
2026-04-03 07:00:00,18.45,18.7,18.35,18.6,341200
2026-04-06 07:00:00,18.6,18.6,18.15,18.6,260700
2026-04-07 07:00:00,18.5,18.65,18.15,18.65,323300
2026-04-08 07:00:00,18.65,18.7,18.3,18.7,382900
2026-04-09 07:00:00,18.75,18.75,18.3,18.6,273000
2026-04-10 07:00:00,18.85,18.85,18.4,18.65,337900
2026-04-13 07:00:00,18.7,18.7,18.4,18.65,293900
2026-04-14 07:00:00,18.85,18.85,18.1,18.1,284500
2026-04-15 07:00:00,18.15,18.5,18.1,18.5,292400
2026-04-16 07:00:00,18.5,18.5,18.25,18.4,283200
2026-04-17 07:00:00,18.4,18.45,18.0,18.45,320900
2026-04-20 07:00:00,18.4,18.6,18.05,18.6,274100
2026-04-21 07:00:00,18.25,18.65,18.15,18.15,330200
2026-04-22 07:00:00,18.4,18.4,18.0,18.0,280800
2026-04-23 07:00:00,18.1,18.15,17.9,18.1,331400
2026-04-24 07:00:00,18.25,18.6,17.9,18.6,295100
2026-04-28 07:00:00,18.5,18.8,18.0,18.8,386000
2026-04-29 07:00:00,18.55,18.55,18.25,18.35,379100
2026-05-04 07:00:00,18.4,18.5,18.1,18.3,264600
2026-05-05 07:00:00,18.35,18.35,18.05,18.2,267900
2026-05-06 07:00:00,18.3,18.3,18.05,18.3,298100
2026-05-07 07:00:00,18.35,18.35,18.1,18.3,364600
2026-05-08 07:00:00,18.3,18.3,18.05,18.25,309200
2026-05-11 07:00:00,18.3,18.3,17.9,18.1,301400
2026-05-12 07:00:00,18.2,18.2,17.5,18.0,306000
2026-05-13 07:00:00,18.05,18.05,17.5,18.05,273900
2026-05-14 07:00:00,18.0,18.1,17.75,18.05,269500
2026-05-15 07:00:00,18.05,18.05,17.75,17.9,282300
2026-05-18 07:00:00,18.05,18.05,17.6,18.0,324900
2026-05-19 07:00:00,17.8,18.0,17.8,18.0,247700
2026-05-20 07:00:00,18.0,18.0,17.7,18.0,287000
2026-05-21 07:00:00,18.0,18.05,17.7,18.05,318900
2026-05-22 07:00:00,18.1,18.15,17.8,18.15,290700
2026-05-25 07:00:00,18.15,18.25,18.05,18.2,249700
2026-05-26 07:00:00,18.25,18.25,18.15,18.2,263900
2026-05-27 07:00:00,18.2,18.2,17.85,18.2,329900
