time,open,high,low,close,volume
2018-01-02 07:00:00,23.94,24.57,23.94,24.41,219590
2018-01-03 07:00:00,24.33,25.2,24.33,25.04,257310
2018-01-04 07:00:00,24.73,25.52,24.41,25.44,245140
2018-01-05 07:00:00,24.96,25.99,24.88,25.99,228540
2018-01-08 07:00:00,25.6,26.31,25.36,26.19,301840
2018-01-09 07:00:00,25.99,26.23,25.75,25.83,197810
2018-01-10 07:00:00,25.83,25.83,25.28,25.83,164690
2018-01-11 07:00:00,25.83,25.99,25.44,25.67,236770
2018-01-12 07:00:00,26.07,26.15,25.28,26.07,191540
2018-01-15 07:00:00,25.83,26.15,25.75,25.99,192640
2018-01-16 07:00:00,25.99,27.81,25.75,27.25,481740
2018-01-17 07:00:00,28.6,28.91,26.94,28.6,550820
2018-01-18 07:00:00,28.28,29.39,28.12,28.91,962340
2018-01-19 07:00:00,28.91,29.23,28.6,29.23,684520
2018-01-22 07:00:00,28.76,29.31,28.68,28.99,377500
2018-01-25 07:00:00,28.99,29.31,28.87,29.15,387630
2018-01-26 07:00:00,29.31,29.47,29.07,29.15,171620
2018-01-29 07:00:00,29.55,30.1,28.99,29.07,416890
2018-01-30 07:00:00,29.23,29.39,28.91,29.23,307760
2018-01-31 07:00:00,30.41,30.49,28.99,30.14,465360
2018-02-01 07:00:00,30.02,30.22,29.7,29.86,141240
2018-02-02 07:00:00,29.78,29.78,29.39,29.62,972120
2018-02-05 07:00:00,29.55,30.81,29.23,30.81,974300
2018-02-06 07:00:00,29.62,32.94,29.07,30.41,455220
2018-02-07 07:00:00,28.32,30.02,28.32,29.07,551140
2018-02-08 07:00:00,28.99,29.07,27.25,27.65,252660
2018-02-09 07:00:00,25.71,26.07,25.71,25.71,278260
2018-02-12 07:00:00,25.28,25.71,24.02,25.71,261620
2018-02-13 07:00:00,25.75,25.91,25.71,25.91,119690
2018-02-21 07:00:00,25.91,27.25,25.91,26.94,749980
2018-02-22 07:00:00,26.82,27.1,26.62,26.82,594380
2018-02-23 07:00:00,26.82,27.65,26.66,27.53,757640
2018-02-26 07:00:00,27.53,27.69,27.02,27.21,541260
2018-02-27 07:00:00,27.14,27.37,26.9,27.25,664500
2018-02-28 07:00:00,27.1,28.2,27.1,27.57,705880
2018-03-01 07:00:00,27.37,27.61,26.86,27.25,675250
2018-03-02 07:00:00,27.14,27.18,26.54,27.02,667630
2018-03-05 07:00:00,27.02,27.18,26.39,26.46,663440
2018-03-06 07:00:00,26.27,27.53,26.27,27.53,1123020
2018-03-07 07:00:00,27.49,27.65,26.94,27.18,756030
2018-03-08 07:00:00,27.18,27.65,27.18,27.65,1256830
2018-03-09 07:00:00,27.89,28.48,27.89,28.36,1156570
2018-03-12 07:00:00,28.52,28.64,28.2,28.2,1128000
2018-03-13 07:00:00,27.97,28.04,27.29,27.49,938640
2018-03-14 07:00:00,27.25,27.73,26.11,27.65,963760
2018-03-15 07:00:00,27.61,27.61,26.94,27.21,801690
2018-03-16 07:00:00,27.21,28.28,27.21,28.0,947620
2018-03-19 07:00:00,27.97,28.04,27.65,27.65,617430
2018-03-20 07:00:00,27.89,27.89,27.57,27.65,600240
2018-03-21 07:00:00,27.65,28.0,27.65,27.81,835340
2018-03-22 07:00:00,27.85,28.24,27.81,28.12,1061610
2018-03-23 07:00:00,27.81,27.85,27.41,27.81,469020
2018-03-26 07:00:00,27.65,27.93,27.18,27.65,550640
2018-03-27 07:00:00,27.65,27.93,27.33,27.41,479390
2018-03-28 07:00:00,27.29,27.33,26.78,26.78,532390
2018-03-29 07:00:00,26.7,27.06,26.46,26.46,269860
2018-03-30 07:00:00,26.42,27.65,24.65,27.21,1707310
2018-04-02 07:00:00,27.25,28.44,27.02,28.16,1117180
2018-04-03 07:00:00,28.12,28.2,27.65,27.77,695400
2018-04-04 07:00:00,27.73,27.93,26.78,27.1,587310
2018-04-05 07:00:00,27.1,27.61,27.02,27.53,567420
2018-04-06 07:00:00,27.53,28.76,27.25,28.52,1399820
2018-04-09 07:00:00,28.6,28.99,28.36,28.99,826130
2018-04-10 07:00:00,28.95,29.31,28.04,28.68,938390
2018-04-11 07:00:00,28.76,28.76,27.81,27.89,711210
2018-04-12 07:00:00,28.04,28.36,27.69,28.36,419770
2018-04-13 07:00:00,28.28,28.79,26.62,26.7,503890
2018-04-16 07:00:00,26.78,26.9,26.31,26.7,331750
2018-04-17 07:00:00,26.62,26.94,26.31,26.94,219670
2018-04-18 07:00:00,26.94,27.18,26.23,26.86,240990
2018-04-19 07:00:00,26.9,26.94,25.67,26.31,166760
2018-04-20 07:00:00,26.35,26.62,25.52,26.39,132020
2018-04-23 07:00:00,26.39,26.46,24.88,25.44,139280
2018-04-24 07:00:00,25.28,26.54,25.2,26.46,171500
2018-04-26 07:00:00,26.54,26.54,25.2,25.28,141850
2018-04-27 07:00:00,25.2,25.2,23.78,25.12,507180
2018-05-02 07:00:00,25.04,25.16,24.73,24.96,129680
2018-05-03 07:00:00,24.49,24.73,23.7,24.49,88220
2018-05-04 07:00:00,24.57,25.52,24.53,25.28,237520
2018-05-07 07:00:00,25.2,25.83,25.2,25.67,156410
2018-05-08 07:00:00,25.63,26.15,25.52,26.07,130590
2018-05-09 07:00:00,25.75,25.75,24.81,25.04,95830
2018-05-10 07:00:00,24.88,24.92,23.7,24.57,88790
2018-05-11 07:00:00,24.57,25.12,24.41,25.12,156090
2018-05-14 07:00:00,25.04,26.86,24.92,26.39,230330
2018-05-15 07:00:00,26.31,27.02,25.67,26.86,169900
2018-05-16 07:00:00,26.86,26.86,25.91,26.19,132270
2018-05-17 07:00:00,25.99,26.19,25.28,25.67,189990
2018-05-18 07:00:00,25.44,25.83,25.28,25.6,146650
2018-05-21 07:00:00,25.44,25.6,24.96,25.04,126170
2018-05-22 07:00:00,24.96,25.28,24.41,24.49,98170
2018-05-23 07:00:00,24.49,25.36,24.37,24.81,174430
2018-05-24 07:00:00,24.57,25.12,23.11,25.12,97830
2018-05-25 07:00:00,24.96,25.28,24.49,24.96,121770
2018-05-28 07:00:00,24.96,24.96,23.23,23.94,140560
2018-05-29 07:00:00,23.78,24.09,23.54,23.7,74600
2018-05-30 07:00:00,23.7,23.7,22.79,23.62,73360
2018-05-31 07:00:00,23.54,24.02,23.46,23.7,132730
2018-06-01 07:00:00,23.62,23.7,23.46,23.66,118380
2018-06-04 07:00:00,23.66,23.7,23.5,23.54,107230
2018-06-05 07:00:00,23.54,23.78,23.26,23.3,134550
2018-06-06 07:00:00,23.15,23.3,22.75,22.83,168940
2018-06-07 07:00:00,22.75,24.09,21.8,23.78,277810
2018-06-08 07:00:00,23.7,23.7,22.83,23.3,223830
2018-06-11 07:00:00,23.23,23.7,22.83,23.62,199930
2018-06-12 07:00:00,23.23,23.23,22.59,22.99,82250
2018-06-13 07:00:00,22.83,23.3,22.12,22.91,171220
2018-06-14 07:00:00,22.91,22.99,22.59,22.91,660510
2018-06-15 07:00:00,22.91,23.15,22.67,22.95,650130
2018-06-18 07:00:00,22.99,22.99,22.67,22.67,386640
2018-06-19 07:00:00,22.67,22.67,21.72,22.2,93290
2018-06-20 07:00:00,22.12,22.91,22.08,22.28,161620
2018-06-21 07:00:00,22.28,22.28,21.72,22.12,152770
2018-06-22 07:00:00,21.88,22.83,21.72,22.51,207770
2018-06-25 07:00:00,22.51,22.51,21.72,22.04,140020
2018-06-26 07:00:00,22.04,22.04,20.86,22.04,334840
2018-06-27 07:00:00,22.04,22.63,21.09,22.63,434310
2018-06-28 07:00:00,22.63,23.23,21.8,22.04,127910
2018-06-29 07:00:00,21.88,22.99,21.72,22.99,101580
2018-07-02 07:00:00,22.83,22.83,21.96,22.4,315610
2018-07-03 07:00:00,22.36,22.91,22.08,22.91,117320
2018-07-04 07:00:00,22.75,22.75,22.32,22.75,62180
2018-07-05 07:00:00,22.67,22.67,22.04,22.51,88520
2018-07-06 07:00:00,21.8,22.51,21.8,22.51,86200
2018-07-09 07:00:00,22.36,22.44,22.2,22.36,71720
2018-07-10 07:00:00,22.36,22.36,22.28,22.36,100740
2018-07-11 07:00:00,22.12,22.75,21.41,22.75,155690
2018-07-12 07:00:00,22.67,23.23,22.59,23.15,189450
2018-07-13 07:00:00,23.07,23.54,23.07,23.38,156940
2018-07-16 07:00:00,23.3,23.78,23.07,23.54,147160
2018-07-17 07:00:00,23.46,23.54,23.3,23.54,138570
2018-07-18 07:00:00,23.38,24.02,23.07,24.02,182610
2018-07-19 07:00:00,24.02,24.25,23.07,24.09,205910
2018-07-20 07:00:00,23.94,24.21,23.78,24.21,124620
2018-07-23 07:00:00,24.17,24.25,23.86,24.17,148780
2018-07-24 07:00:00,24.17,24.17,23.7,23.7,201090
2018-07-25 07:00:00,23.7,24.02,23.46,23.7,163110
2018-07-26 07:00:00,23.62,24.25,23.62,23.7,78440
2018-07-27 07:00:00,23.7,23.7,23.15,23.7,125730
2018-07-30 07:00:00,23.54,23.58,23.3,23.46,116340
2018-07-31 07:00:00,23.46,23.62,23.38,23.46,309700
2018-08-01 07:00:00,23.38,23.38,23.23,23.38,100740
2018-08-02 07:00:00,23.23,23.3,23.07,23.3,130110
2018-08-03 07:00:00,23.15,23.94,23.07,23.94,138340
2018-08-06 07:00:00,23.7,24.41,23.46,23.46,239240
2018-08-07 07:00:00,23.46,23.78,22.91,23.46,148410
2018-08-08 07:00:00,23.38,23.54,22.71,23.38,154140
2018-08-09 07:00:00,23.38,23.46,22.12,22.51,587410
2018-08-10 07:00:00,22.51,22.75,22.04,22.51,245790
2018-08-13 07:00:00,22.51,23.38,22.44,22.51,74740
2018-08-14 07:00:00,22.51,23.78,22.36,23.7,223160
2018-08-15 07:00:00,23.54,24.88,23.38,24.09,164750
2018-08-16 07:00:00,23.94,24.81,23.62,24.81,239540
2018-08-17 07:00:00,24.73,25.12,23.7,25.04,248320
2018-08-20 07:00:00,24.81,24.88,24.33,24.88,237300
2018-08-21 07:00:00,24.73,25.2,23.74,25.2,291630
2018-08-22 07:00:00,25.04,25.28,24.25,24.49,219730
2018-08-23 07:00:00,24.33,24.73,24.09,24.65,199280
2018-08-24 07:00:00,24.57,25.28,24.25,25.2,262450
2018-08-27 07:00:00,25.12,25.2,24.49,24.81,192460
2018-08-28 07:00:00,24.49,24.81,24.05,24.81,247420
2018-08-29 07:00:00,24.73,24.73,24.09,24.41,275540
2018-08-30 07:00:00,24.33,24.73,24.09,24.73,209300
2018-08-31 07:00:00,24.73,24.73,24.37,24.49,201630
2018-09-04 07:00:00,24.41,24.41,22.79,24.02,273050
2018-09-05 07:00:00,23.3,23.3,22.44,22.55,270480
2018-09-06 07:00:00,22.55,22.55,22.12,22.24,190940
2018-09-07 07:00:00,22.24,22.28,22.04,22.28,58480
2018-09-10 07:00:00,22.28,22.28,21.09,22.24,473850
2018-09-11 07:00:00,22.28,22.36,20.7,20.7,1155570
2018-09-12 07:00:00,20.93,20.97,19.28,20.78,1339890
2018-09-13 07:00:00,20.54,21.33,19.75,21.25,378850
2018-09-14 07:00:00,21.09,21.17,20.14,21.01,256900
2018-09-17 07:00:00,19.91,19.91,19.55,19.67,679810
2018-09-18 07:00:00,19.67,19.99,19.43,19.99,652790
2018-09-19 07:00:00,19.99,20.07,19.63,19.75,984480
2018-09-20 07:00:00,19.67,19.75,19.51,19.59,841280
2018-09-21 07:00:00,19.55,20.46,19.55,20.14,1518930
2018-09-24 07:00:00,19.99,20.54,19.95,20.46,1273100
2018-09-25 07:00:00,19.47,20.93,19.47,20.54,1372490
2018-09-26 07:00:00,19.99,20.7,19.99,20.46,1060420
2018-09-27 07:00:00,19.99,20.54,19.99,20.46,1149210
2018-09-28 07:00:00,20.14,20.54,19.99,20.38,1248810
2018-10-01 07:00:00,20.07,20.3,19.91,20.22,925560
2018-10-02 07:00:00,20.14,20.3,19.95,20.26,807140
2018-10-03 07:00:00,20.34,20.38,20.03,20.14,907200
2018-10-04 07:00:00,20.14,20.22,19.87,20.07,764200
2018-10-05 07:00:00,19.99,20.14,19.83,20.07,814960
2018-10-08 07:00:00,19.99,20.38,19.79,20.14,446830
2018-10-09 07:00:00,20.26,20.3,20.07,20.22,819010
2018-10-10 07:00:00,20.26,21.09,20.22,20.93,1694360
2018-10-11 07:00:00,20.46,20.46,19.95,20.46,784240
2018-10-12 07:00:00,20.07,20.93,19.67,20.93,1415780
2018-10-15 07:00:00,20.74,20.93,20.22,20.22,899710
2018-10-16 07:00:00,20.22,20.58,20.22,20.26,1050080
2018-10-17 07:00:00,20.71,20.96,20.51,20.75,1041990
2018-10-18 07:00:00,20.71,20.79,20.59,20.67,745920
2018-10-19 07:00:00,20.63,21.12,20.43,21.08,1567250
2018-10-22 07:00:00,21.08,21.4,21.04,21.4,1427350
2018-10-23 07:00:00,21.4,21.45,20.83,21.0,1180080
2018-10-24 07:00:00,20.96,21.53,20.96,21.08,1850720
2018-10-25 07:00:00,20.39,20.87,20.34,20.87,2510600
2018-10-26 07:00:00,20.96,21.04,20.26,20.71,1691290
2018-10-29 07:00:00,20.63,20.67,20.3,20.39,643800
2018-10-30 07:00:00,20.34,20.34,20.14,20.14,670510
2018-10-31 07:00:00,20.22,20.55,20.06,20.55,786890
2018-11-01 07:00:00,20.59,20.63,20.1,20.1,795840
2018-11-02 07:00:00,20.14,20.47,20.06,20.3,1039430
2018-11-05 07:00:00,20.3,20.71,20.14,20.55,1447030
2018-11-06 07:00:00,20.63,21.04,20.47,20.71,796420
2018-11-07 07:00:00,20.71,20.96,20.71,20.83,1188990
2018-11-08 07:00:00,20.87,21.04,20.63,20.83,838520
2018-11-09 07:00:00,20.79,20.87,20.55,20.55,582260
2018-11-12 07:00:00,20.51,20.55,20.22,20.55,862560
2018-11-13 07:00:00,20.39,20.39,19.98,20.14,934000
2018-11-14 07:00:00,20.18,20.39,19.98,20.22,465170
2018-11-15 07:00:00,20.22,20.3,19.9,19.98,716320
2018-11-16 07:00:00,20.02,20.14,19.9,20.02,397250
2018-11-19 07:00:00,20.02,20.26,19.77,19.81,556840
2018-11-20 07:00:00,19.81,19.81,18.43,18.47,1020630
2018-11-21 07:00:00,18.51,19.0,18.51,19.0,606770
2018-11-22 07:00:00,19.0,19.53,19.0,19.16,555400
2018-11-23 07:00:00,19.08,19.08,18.59,18.63,535980
2018-11-26 07:00:00,18.63,19.04,18.63,18.92,2527540
2018-11-27 07:00:00,19.0,19.16,18.92,18.96,470420
2018-11-28 07:00:00,18.96,19.16,18.84,19.0,479970
2018-11-29 07:00:00,19.0,19.16,18.92,19.0,553040
2018-11-30 07:00:00,19.0,19.08,18.67,19.04,592470
2018-12-03 07:00:00,19.08,20.22,19.04,19.9,697880
2018-12-04 07:00:00,19.73,19.94,19.65,19.86,635550
2018-12-05 07:00:00,19.73,19.73,19.37,19.41,581790
2018-12-06 07:00:00,19.45,19.53,19.33,19.41,550160
2018-12-07 07:00:00,19.41,20.06,19.41,19.86,765930
2018-12-10 07:00:00,19.81,19.86,19.65,19.86,754450
2018-12-11 07:00:00,19.9,20.02,19.86,19.98,1443780
2018-12-12 07:00:00,20.02,20.1,19.86,19.9,618170
2018-12-13 07:00:00,19.9,19.98,19.49,19.65,688470
2018-12-14 07:00:00,19.65,19.77,19.61,19.65,648140
2018-12-17 07:00:00,19.65,19.69,19.49,19.57,697790
2018-12-18 07:00:00,19.57,19.57,19.33,19.41,693490
2018-12-19 07:00:00,19.41,19.81,19.28,19.41,599600
2018-12-20 07:00:00,19.45,19.53,19.24,19.24,516200
2018-12-21 07:00:00,19.24,19.33,19.16,19.24,664130
2018-12-24 07:00:00,19.28,19.45,19.24,19.33,2179790
2018-12-25 07:00:00,19.37,19.37,19.16,19.33,828810
2018-12-26 07:00:00,19.28,19.49,19.28,19.33,528790
2018-12-27 07:00:00,19.37,19.41,19.24,19.41,822210
2018-12-28 07:00:00,19.45,19.98,19.41,19.73,1664520
2019-01-02 07:00:00,19.77,20.06,19.73,19.94,772530
2019-01-03 07:00:00,19.9,19.98,19.57,19.65,1340530
2019-01-04 07:00:00,19.65,19.73,19.49,19.73,1890230
2019-01-07 07:00:00,19.77,20.22,19.77,19.94,712650
2019-01-08 07:00:00,19.98,20.14,19.86,20.06,883600
2019-01-09 07:00:00,20.06,20.71,20.06,20.67,1517340
2019-01-10 07:00:00,20.67,21.4,20.67,21.2,1664360
2019-01-11 07:00:00,21.2,22.02,21.2,21.89,1575560
2019-01-14 07:00:00,21.45,21.57,20.59,21.0,844150
2019-01-15 07:00:00,20.96,21.32,20.71,21.24,928900
2019-01-16 07:00:00,21.2,21.53,21.2,21.28,807030
2019-01-17 07:00:00,21.24,21.28,20.71,20.87,710460
2019-01-18 07:00:00,20.87,21.08,20.87,20.87,616770
2019-01-21 07:00:00,20.87,21.12,20.3,20.39,887730
2019-01-22 07:00:00,20.39,20.67,20.39,20.63,885390
2019-01-23 07:00:00,20.63,20.79,20.63,20.79,734300
2019-01-24 07:00:00,20.79,21.04,20.71,20.83,643010
2019-01-25 07:00:00,20.83,20.87,20.71,20.79,737720
2019-01-28 07:00:00,20.79,20.96,20.55,20.71,829760
2019-01-29 07:00:00,20.67,20.75,20.18,20.47,714500
2019-01-30 07:00:00,20.47,20.71,20.47,20.63,719410
2019-01-31 07:00:00,20.63,20.87,20.51,20.63,516530
2019-02-01 07:00:00,20.63,20.75,20.55,20.63,614920
2019-02-11 07:00:00,20.71,20.79,20.63,20.63,577510
2019-02-12 07:00:00,20.63,20.79,20.63,20.79,584840
2019-02-13 07:00:00,20.79,21.85,20.79,21.45,1445640
2019-02-14 07:00:00,21.49,21.61,21.28,21.61,1172670
2019-02-15 07:00:00,21.61,21.81,21.04,21.36,1514390
2019-02-18 07:00:00,21.04,21.2,20.67,21.12,1353070
2019-02-19 07:00:00,21.12,21.24,20.3,20.43,849130
2019-02-20 07:00:00,20.43,20.47,19.81,19.9,742300
2019-02-21 07:00:00,19.9,20.22,19.9,20.06,717100
2019-02-22 07:00:00,20.06,20.3,20.06,20.22,647220
2019-02-25 07:00:00,20.22,20.39,20.02,20.39,663510
2019-02-26 07:00:00,20.39,20.59,20.14,20.14,344970
2019-02-27 07:00:00,20.14,20.47,20.06,20.34,786390
2019-02-28 07:00:00,20.34,20.96,20.34,20.55,990580
2019-03-01 07:00:00,20.59,21.08,20.51,20.87,708480
2019-03-04 07:00:00,20.39,21.28,20.39,21.12,1283420
2019-03-05 07:00:00,21.08,21.08,20.43,20.79,754890
2019-03-06 07:00:00,20.75,20.79,20.34,20.71,721770
2019-03-07 07:00:00,20.71,20.83,20.63,20.71,639130
2019-03-08 07:00:00,20.39,20.47,20.14,20.22,497160
2019-03-11 07:00:00,20.22,20.55,20.18,20.55,653130
2019-03-12 07:00:00,20.59,20.79,20.34,20.71,831120
2019-03-13 07:00:00,20.22,20.79,20.22,20.55,949500
2019-03-14 07:00:00,20.55,20.79,20.39,20.59,972480
2019-03-15 07:00:00,20.59,20.71,20.3,20.39,633110
2019-03-18 07:00:00,20.39,20.55,20.34,20.43,909730
2019-03-19 07:00:00,20.47,20.55,20.3,20.55,899050
2019-03-20 07:00:00,20.55,20.63,20.34,20.55,584200
2019-03-21 07:00:00,20.55,20.67,20.39,20.39,567170
2019-03-22 07:00:00,20.43,20.47,20.06,20.06,554630
2019-03-25 07:00:00,20.02,20.06,19.77,19.9,616740
2019-03-26 07:00:00,19.94,20.18,19.9,20.1,1339100
2019-03-27 07:00:00,20.1,20.96,20.1,20.96,1037350
2019-03-28 07:00:00,20.43,20.63,20.39,20.55,1153300
2019-03-29 07:00:00,20.55,20.59,20.43,20.47,848850
2019-04-01 07:00:00,20.47,20.71,20.39,20.47,673340
2019-04-02 07:00:00,20.47,20.59,20.43,20.43,1366880
2019-04-03 07:00:00,20.43,20.47,20.39,20.47,1178660
2019-04-04 07:00:00,20.47,20.63,20.47,20.63,994400
2019-04-05 07:00:00,20.67,20.75,20.39,20.63,936180
2019-04-08 07:00:00,20.63,20.87,20.59,20.79,1010520
2019-04-09 07:00:00,20.83,21.36,20.83,21.04,1752120
2019-04-10 07:00:00,20.63,20.96,20.55,20.63,1387810
2019-04-11 07:00:00,20.63,21.04,20.39,20.39,1198480
2019-04-12 07:00:00,20.26,20.55,20.18,20.55,1232330
2019-04-16 07:00:00,20.51,20.63,20.06,20.63,1008850
2019-04-17 07:00:00,20.55,20.63,20.22,20.22,807700
2019-04-18 07:00:00,20.22,20.34,20.14,20.22,876290
2019-04-19 07:00:00,20.22,20.47,20.18,20.22,735850
2019-04-22 07:00:00,20.22,20.3,19.98,20.06,432450
2019-04-23 07:00:00,20.06,20.22,19.98,20.22,391300
2019-04-24 07:00:00,20.22,20.55,20.1,20.22,549130
2019-04-25 07:00:00,20.22,20.3,19.94,19.94,422970
2019-04-26 07:00:00,19.98,20.06,19.73,19.94,572130
2019-05-02 07:00:00,19.9,19.94,19.77,19.94,426390
2019-05-03 07:00:00,19.9,19.9,19.57,19.57,368110
2019-05-06 07:00:00,19.53,19.53,19.0,19.24,226720
2019-05-07 07:00:00,19.24,19.33,19.08,19.16,244940
2019-05-08 07:00:00,19.12,19.33,19.04,19.33,258860
2019-05-09 07:00:00,19.24,19.41,19.24,19.41,276070
2019-05-10 07:00:00,19.37,19.53,19.33,19.49,462200
2019-05-13 07:00:00,19.45,19.53,19.37,19.53,322440
2019-05-14 07:00:00,19.16,19.45,19.16,19.41,432310
2019-05-15 07:00:00,19.41,19.45,18.63,18.75,506130
2019-05-16 07:00:00,18.8,19.04,18.71,18.96,304170
2019-05-17 07:00:00,18.96,19.16,18.84,19.12,292760
2019-05-20 07:00:00,19.08,19.16,18.88,19.12,278210
2019-05-21 07:00:00,19.12,19.12,18.92,19.08,172520
2019-05-22 07:00:00,19.04,19.12,18.92,19.04,220840
2019-05-23 07:00:00,19.0,19.08,18.84,18.96,251350
2019-05-24 07:00:00,18.75,18.84,18.59,18.75,262040
2019-05-27 07:00:00,18.67,19.08,18.59,19.08,365390
2019-05-28 07:00:00,18.92,19.12,18.92,19.04,194440
2019-05-29 07:00:00,19.0,19.08,18.71,18.84,255920
2019-05-30 07:00:00,18.75,19.08,18.71,18.96,359060
2019-05-31 07:00:00,18.96,19.0,18.8,18.88,177750
2019-06-03 07:00:00,18.8,18.84,18.27,18.84,352120
2019-06-04 07:00:00,18.75,18.92,18.67,18.75,245970
2019-06-05 07:00:00,18.67,18.92,18.59,18.84,264230
2019-06-06 07:00:00,18.75,18.84,18.75,18.84,238920
2019-06-07 07:00:00,18.84,19.45,18.67,19.41,736640
2019-06-10 07:00:00,19.41,19.57,18.92,19.41,557910
2019-06-11 07:00:00,19.41,19.41,18.75,19.24,652030
2019-06-12 07:00:00,19.24,19.28,18.75,19.16,679910
2019-06-13 07:00:00,19.08,19.16,18.75,19.16,328560
2019-06-14 07:00:00,19.08,19.37,18.75,19.16,385150
2019-06-17 07:00:00,19.16,19.16,18.8,19.12,285290
2019-06-18 07:00:00,19.12,19.12,18.75,19.0,117510
2019-06-19 07:00:00,19.0,19.04,18.75,19.0,241420
2019-06-20 07:00:00,19.0,19.0,18.75,19.0,410860
2019-06-21 07:00:00,19.0,19.0,18.67,19.0,357810
2019-06-24 07:00:00,19.0,19.0,18.67,18.75,244080
2019-06-25 07:00:00,18.75,18.84,18.51,18.75,217350
2019-06-26 07:00:00,18.75,19.16,18.59,19.04,449390
2019-06-27 07:00:00,19.04,19.08,18.8,19.08,275900
2019-06-28 07:00:00,19.08,19.08,18.8,19.08,272960
2019-07-01 07:00:00,19.08,19.08,18.84,19.04,317440
2019-07-02 07:00:00,19.04,19.04,18.84,18.92,265160
2019-07-03 07:00:00,18.92,19.0,18.84,18.84,225920
2019-07-04 07:00:00,19.0,19.04,18.75,18.75,437340
2019-07-05 07:00:00,18.75,18.84,18.63,18.75,194200
2019-07-08 07:00:00,18.75,18.92,18.67,18.75,396610
2019-07-09 07:00:00,18.75,18.75,18.63,18.75,267430
2019-07-10 07:00:00,18.75,19.24,18.55,19.16,633730
2019-07-11 07:00:00,19.16,19.16,19.0,19.16,283770
2019-07-12 07:00:00,19.16,19.16,18.96,18.96,346740
2019-07-15 07:00:00,18.96,19.08,18.92,19.08,386170
2019-07-16 07:00:00,19.08,19.08,18.88,18.92,406170
2019-07-17 07:00:00,18.84,18.92,18.63,18.75,421150
2019-07-18 07:00:00,18.75,18.75,18.51,18.67,300590
2019-07-19 07:00:00,18.67,19.08,18.67,18.88,468900
2019-07-22 07:00:00,18.88,19.08,18.75,19.08,295080
2019-07-23 07:00:00,19.08,19.08,18.59,18.75,478950
2019-07-24 07:00:00,18.75,18.75,18.43,18.59,446220
2019-07-25 07:00:00,18.55,18.55,18.18,18.35,438400
2019-07-26 07:00:00,18.35,18.75,18.27,18.67,764110
2019-07-29 07:00:00,18.67,18.84,18.59,18.84,576990
2019-07-30 07:00:00,18.75,19.0,18.51,18.84,672040
2019-07-31 07:00:00,18.75,18.75,18.51,18.75,526700
2019-08-01 07:00:00,18.67,18.88,18.51,18.88,542590
2019-08-02 07:00:00,18.84,18.88,18.47,18.88,642670
2019-08-05 07:00:00,18.88,18.92,18.67,18.88,718350
2019-08-06 07:00:00,18.75,18.84,18.59,18.84,446770
2019-08-07 07:00:00,18.84,18.92,18.35,18.75,399600
2019-08-08 07:00:00,18.75,18.84,18.47,18.84,468900
2019-08-09 07:00:00,18.84,18.84,18.35,18.75,689770
2019-08-12 07:00:00,18.59,18.75,18.43,18.59,554050
2019-08-13 07:00:00,18.59,18.75,18.51,18.71,454550
2019-08-14 07:00:00,18.71,18.71,18.59,18.71,345940
2019-08-15 07:00:00,18.59,18.71,18.43,18.71,439140
2019-08-16 07:00:00,18.67,19.57,18.51,19.33,1094660
2019-08-19 07:00:00,19.33,19.57,18.92,19.57,493860
2019-08-20 07:00:00,19.49,19.98,19.37,19.73,1253680
2019-08-21 07:00:00,19.65,19.81,19.37,19.45,977730
2019-08-22 07:00:00,19.41,19.45,18.96,19.16,815050
2019-08-23 07:00:00,19.16,19.16,18.67,18.8,841620
2019-08-26 07:00:00,18.75,19.49,18.51,19.49,662780
2019-08-27 07:00:00,19.49,19.81,19.37,19.49,757170
2019-08-28 07:00:00,19.33,19.61,19.0,19.12,815240
2019-08-29 07:00:00,19.12,19.12,18.67,18.75,645010
2019-08-30 07:00:00,18.75,19.33,18.67,19.33,641380
2019-09-03 07:00:00,19.24,19.33,18.67,18.75,627490
2019-09-04 07:00:00,18.75,18.92,18.35,18.39,842530
2019-09-05 07:00:00,18.39,18.92,18.35,18.92,582780
2019-09-06 07:00:00,18.84,19.08,18.67,19.08,627880
2019-09-09 07:00:00,19.0,19.08,18.71,19.08,581870
2019-09-10 07:00:00,19.0,19.0,18.43,19.0,418730
2019-09-11 07:00:00,18.84,18.84,18.43,18.43,585460
2019-09-12 07:00:00,18.43,18.75,18.18,18.75,516200
2019-09-13 07:00:00,18.59,18.59,18.31,18.35,387590
2019-09-16 07:00:00,18.35,18.47,18.18,18.35,1010260
2019-09-17 07:00:00,18.35,18.75,18.31,18.67,864720
2019-09-18 07:00:00,18.59,18.71,18.22,18.31,555040
2019-09-19 07:00:00,18.31,18.59,18.18,18.59,811680
2019-09-20 07:00:00,18.55,19.57,18.55,19.57,1889400
2019-09-23 07:00:00,19.65,19.9,19.41,19.49,1578220
2019-09-24 07:00:00,19.49,19.65,19.33,19.65,590550
2019-09-25 07:00:00,19.65,19.65,19.33,19.49,696990
2019-09-26 07:00:00,19.49,19.61,19.33,19.53,948450
2019-09-27 07:00:00,19.57,19.9,19.53,19.9,2048270
2019-09-30 07:00:00,19.98,20.14,19.81,19.98,1530370
2019-10-01 07:00:00,19.98,20.06,19.81,19.94,1138010
2019-10-02 07:00:00,19.94,20.02,19.65,19.9,1051310
2019-10-03 07:00:00,19.81,20.47,19.73,20.47,1684320
2019-10-04 07:00:00,20.47,20.71,20.39,20.43,1121010
2019-10-07 07:00:00,20.39,20.47,20.1,20.1,650230
2019-10-08 07:00:00,20.1,20.14,19.81,20.14,762700
2019-10-09 07:00:00,20.14,20.22,19.65,20.14,1094950
2019-10-10 07:00:00,19.81,20.14,19.49,20.1,1090040
2019-10-11 07:00:00,19.73,20.3,19.57,20.1,955650
2019-10-14 07:00:00,20.06,20.14,19.69,19.98,813220
2019-10-15 07:00:00,19.9,20.22,19.81,20.22,665010
2019-10-16 07:00:00,20.22,20.3,19.81,20.14,912180
2019-10-17 07:00:00,20.06,21.04,19.81,20.87,1352740
2019-10-18 07:00:00,20.87,21.08,20.51,20.83,2056810
2019-10-21 07:00:00,20.83,20.96,20.47,20.83,492710
2019-10-22 07:00:00,20.79,20.79,19.65,20.06,598780
2019-10-23 07:00:00,20.06,20.14,19.77,19.86,394680
2019-10-24 07:00:00,19.86,20.39,19.77,20.06,958350
2019-10-25 07:00:00,19.98,20.06,19.77,20.06,550250
2019-10-28 07:00:00,20.06,20.14,19.73,19.73,655790
2019-10-29 07:00:00,19.57,19.9,19.49,19.81,397760
2019-10-30 07:00:00,19.81,20.55,19.73,20.55,1535550
2019-10-31 07:00:00,20.55,20.55,20.06,20.39,388950
2019-11-01 07:00:00,20.39,20.47,19.98,20.39,473610
2019-11-04 07:00:00,20.3,20.3,19.9,20.22,480550
2019-11-05 07:00:00,20.06,20.22,19.94,20.22,467800
2019-11-06 07:00:00,20.14,20.3,19.9,20.3,607210
2019-11-07 07:00:00,20.22,20.3,20.1,20.22,560550
2019-11-08 07:00:00,20.22,20.3,19.98,20.3,622580
2019-11-11 07:00:00,20.3,20.3,19.98,20.3,264270
2019-11-12 07:00:00,20.22,20.3,19.41,19.57,484610
2019-11-13 07:00:00,19.49,19.81,19.0,19.57,385600
2019-11-14 07:00:00,19.41,19.98,19.28,19.98,365150
2019-11-15 07:00:00,19.81,19.81,19.24,19.57,294050
2019-11-18 07:00:00,19.49,19.57,19.28,19.41,318130
2019-11-19 07:00:00,19.33,19.33,18.92,18.92,83990
2019-11-20 07:00:00,18.92,19.16,18.92,19.16,353880
2019-11-21 07:00:00,19.0,19.16,18.92,19.16,302170
2019-11-22 07:00:00,19.16,19.2,18.75,18.75,275550
2019-11-25 07:00:00,18.75,19.16,18.75,19.16,286540
2019-11-26 07:00:00,19.08,19.16,18.63,18.75,281920
2019-11-27 07:00:00,18.67,18.75,18.51,18.67,279050
2019-11-28 07:00:00,18.67,18.67,18.35,18.43,256130
2019-11-29 07:00:00,18.43,18.59,18.18,18.59,283900
2019-12-02 07:00:00,18.43,18.43,17.86,18.18,286130
2019-12-03 07:00:00,18.1,18.27,17.9,18.1,280330
2019-12-04 07:00:00,18.06,18.18,17.78,18.18,333000
2019-12-05 07:00:00,18.1,18.18,17.78,17.94,304280
2019-12-06 07:00:00,17.86,18.06,17.74,18.06,316880
2019-12-09 07:00:00,17.94,18.18,17.74,18.18,334130
2019-12-10 07:00:00,18.02,18.27,17.78,17.94,323010
2019-12-11 07:00:00,17.94,17.94,17.61,17.94,308960
2019-12-12 07:00:00,17.78,17.94,17.69,17.94,324780
2019-12-13 07:00:00,17.86,17.94,17.69,17.94,328290
2019-12-16 07:00:00,17.86,18.1,17.69,17.94,353720
2019-12-17 07:00:00,17.86,18.1,17.69,18.1,380380
2019-12-18 07:00:00,17.94,17.94,17.78,17.86,297290
2019-12-19 07:00:00,17.78,17.78,17.61,17.78,305400
2019-12-20 07:00:00,17.69,17.78,17.53,17.78,338970
2019-12-23 07:00:00,17.69,17.78,17.45,17.78,323460
2019-12-24 07:00:00,17.61,17.61,17.37,17.37,322540
2019-12-25 07:00:00,17.29,17.33,16.88,17.16,315580
2019-12-26 07:00:00,17.04,17.04,16.31,16.63,338820
2019-12-27 07:00:00,16.55,17.78,15.9,17.78,365870
2019-12-30 07:00:00,17.86,18.67,17.45,18.67,975900
2019-12-31 07:00:00,18.59,18.67,18.02,18.67,594860
2020-01-02 07:00:00,18.59,19.08,17.94,18.92,616790
2020-01-03 07:00:00,18.75,18.75,18.22,18.59,429140
2020-01-06 07:00:00,18.43,18.59,17.78,18.35,355170
2020-01-07 07:00:00,18.18,18.18,17.53,17.69,353620
2020-01-08 07:00:00,17.61,17.86,17.04,17.86,389040
2020-01-09 07:00:00,17.61,17.69,16.96,17.69,308350
2020-01-10 07:00:00,17.53,17.53,17.12,17.37,310490
2020-01-13 07:00:00,17.21,17.86,17.12,17.61,457870
2020-01-14 07:00:00,17.45,17.53,17.04,17.45,316060
2020-01-15 07:00:00,17.37,17.45,16.88,17.45,385490
2020-01-16 07:00:00,17.29,17.33,16.96,17.29,410700
2020-01-17 07:00:00,17.21,17.37,16.88,17.25,303570
2020-01-20 07:00:00,17.04,17.86,16.8,17.86,368980
2020-01-21 07:00:00,17.69,17.9,17.29,17.86,319720
2020-01-22 07:00:00,17.69,18.67,17.45,18.67,325270
2020-01-30 07:00:00,18.51,18.67,18.27,18.43,331440
2020-01-31 07:00:00,18.27,18.43,17.69,17.69,381800
2020-02-03 07:00:00,17.45,17.45,16.88,17.12,328380
2020-02-04 07:00:00,16.06,17.78,16.06,17.12,14620
2020-02-05 07:00:00,16.35,17.08,15.94,15.94,90400
2020-02-06 07:00:00,15.94,16.96,14.84,16.96,100340
2020-02-07 07:00:00,16.88,17.53,16.47,17.29,55640
2020-02-10 07:00:00,16.63,18.1,16.39,18.1,259400
2020-02-11 07:00:00,17.61,17.94,17.04,17.94,112570
2020-02-12 07:00:00,17.69,17.86,17.45,17.86,204080
2020-02-13 07:00:00,17.94,18.02,17.69,18.02,143370
2020-02-14 07:00:00,18.02,18.18,17.69,18.18,277010
2020-02-17 07:00:00,18.18,18.35,17.45,18.22,75150
2020-02-18 07:00:00,17.65,18.75,17.65,18.47,109240
2020-02-19 07:00:00,18.51,18.51,17.94,17.94,52150
2020-02-20 07:00:00,17.94,18.27,17.86,18.1,68210
2020-02-21 07:00:00,18.1,18.35,17.78,18.35,75930
2020-02-24 07:00:00,18.67,18.67,17.53,18.1,48260
2020-02-25 07:00:00,18.1,18.1,17.9,18.1,91800
2020-02-26 07:00:00,18.18,18.27,18.02,18.02,40700
2020-02-27 07:00:00,17.94,18.02,17.94,18.02,178120
2020-02-28 07:00:00,17.53,18.02,17.53,17.94,113280
2020-03-02 07:00:00,17.9,17.98,17.9,17.94,112880
2020-03-03 07:00:00,17.21,17.9,16.88,17.86,122320
2020-03-04 07:00:00,17.86,17.94,17.82,17.86,155550
2020-03-05 07:00:00,17.86,17.86,17.82,17.86,110520
2020-03-06 07:00:00,17.78,17.94,17.69,17.94,133570
2020-03-09 07:00:00,17.78,17.9,16.96,17.9,112080
2020-03-10 07:00:00,17.9,17.94,17.86,17.9,106150
2020-03-11 07:00:00,17.9,17.9,17.78,17.82,114150
2020-03-12 07:00:00,17.78,17.78,17.04,17.53,218400
2020-03-13 07:00:00,16.47,17.12,16.31,17.12,37640
2020-03-16 07:00:00,17.12,17.86,16.39,17.74,483680
2020-03-17 07:00:00,16.59,17.78,16.59,17.78,282830
2020-03-18 07:00:00,16.72,17.78,16.72,17.78,27130
2020-03-19 07:00:00,17.12,17.69,17.12,17.69,129310
2020-03-20 07:00:00,17.53,17.69,16.72,17.69,148030
2020-03-23 07:00:00,17.53,17.86,16.47,17.53,133310
2020-03-24 07:00:00,16.43,17.53,16.43,17.37,12130
2020-03-25 07:00:00,17.37,17.94,17.12,17.74,32480
2020-03-26 07:00:00,17.37,17.74,17.37,17.53,24440
2020-03-27 07:00:00,17.21,17.49,16.31,17.49,16370
2020-03-30 07:00:00,17.45,17.49,16.39,17.12,19660
2020-03-31 07:00:00,17.37,17.37,16.15,17.29,12740
2020-04-01 07:00:00,17.12,17.53,16.1,17.49,53470
2020-04-03 07:00:00,17.37,17.41,16.27,17.37,26060
2020-04-06 07:00:00,17.21,17.37,16.19,17.37,729110
2020-04-07 07:00:00,17.08,17.29,16.8,17.21,1004990
2020-04-08 07:00:00,17.21,17.21,16.02,16.02,214760
2020-04-09 07:00:00,16.02,16.39,15.09,16.23,28750
2020-04-10 07:00:00,16.15,16.15,15.49,15.66,62180
2020-04-13 07:00:00,15.57,16.63,14.68,15.74,22220
2020-04-14 07:00:00,15.25,15.66,14.92,15.57,52980
2020-04-15 07:00:00,15.49,15.82,15.45,15.57,47450
2020-04-16 07:00:00,15.57,16.47,15.41,16.06,45210
2020-04-17 07:00:00,15.9,16.06,15.9,15.9,553730
2020-04-20 07:00:00,15.9,16.15,15.49,15.9,100690
2020-04-21 07:00:00,15.9,16.06,15.57,15.82,841820
2020-04-22 07:00:00,15.78,15.82,15.49,15.74,24820
2020-04-23 07:00:00,15.74,15.94,15.49,15.74,27490
2020-04-24 07:00:00,15.74,15.82,15.57,15.74,91910
2020-04-27 07:00:00,15.57,15.74,15.17,15.49,58640
2020-04-28 07:00:00,15.49,15.62,15.41,15.49,11500
2020-04-29 07:00:00,15.49,15.49,15.21,15.49,63940
2020-05-04 07:00:00,15.41,15.62,14.6,15.49,33350
2020-05-05 07:00:00,15.49,15.62,15.41,15.49,521260
2020-05-06 07:00:00,15.66,16.55,15.66,16.06,753550
2020-05-07 07:00:00,16.06,17.16,16.02,16.1,588410
2020-05-08 07:00:00,16.15,16.72,16.06,16.15,209320
2020-05-11 07:00:00,15.49,16.06,15.41,15.49,412560
2020-05-12 07:00:00,15.49,16.55,15.49,16.55,926280
2020-05-13 07:00:00,16.31,17.04,16.19,16.31,633450
2020-05-14 07:00:00,16.06,16.06,15.74,15.86,567940
2020-05-15 07:00:00,15.86,15.98,15.49,15.9,942140
2020-05-18 07:00:00,15.74,15.86,15.49,15.49,937090
2020-05-19 07:00:00,15.74,15.82,15.37,15.49,590530
2020-05-20 07:00:00,15.49,15.49,15.33,15.49,511990
2020-05-21 07:00:00,15.41,15.49,15.29,15.41,589720
2020-05-22 07:00:00,15.29,16.15,15.0,15.49,1922650
2020-05-25 07:00:00,15.74,15.82,15.41,15.45,411060
2020-05-26 07:00:00,15.41,15.49,15.33,15.37,847650
2020-05-27 07:00:00,15.45,15.74,15.25,15.53,1008230
2020-05-28 07:00:00,15.49,15.53,15.25,15.41,344770
2020-05-29 07:00:00,15.41,15.45,15.09,15.33,394500
2020-06-01 07:00:00,15.29,15.41,15.09,15.33,1864500
2020-06-02 07:00:00,15.9,15.9,15.49,15.49,1406540
2020-06-03 07:00:00,15.49,15.98,15.49,15.82,1655810
2020-06-04 07:00:00,15.82,15.98,15.74,15.82,1025910
2020-06-05 07:00:00,15.82,15.86,15.57,15.66,749920
2020-06-08 07:00:00,15.66,15.86,15.66,15.66,1625000
2020-06-09 07:00:00,15.74,16.72,15.66,16.27,1791800
2020-06-10 07:00:00,16.23,16.27,15.98,16.19,1117090
2020-06-11 07:00:00,16.15,16.47,15.49,15.49,1670770
2020-06-12 07:00:00,15.17,15.37,14.92,15.33,935530
2020-06-15 07:00:00,15.33,15.53,14.76,14.76,1040650
2020-06-16 07:00:00,15.0,15.25,14.92,15.25,807650
2020-06-17 07:00:00,15.25,15.62,15.13,15.41,822740
2020-06-18 07:00:00,15.5,15.59,15.24,15.5,433290
2020-06-19 07:00:00,15.32,15.5,14.98,15.06,734040
2020-06-22 07:00:00,15.11,15.41,14.98,15.02,308190
2020-06-23 07:00:00,15.15,15.24,14.67,14.8,531830
2020-06-24 07:00:00,14.71,15.02,14.32,14.37,868470
2020-06-25 07:00:00,14.02,14.28,13.58,13.93,513310
2020-06-26 07:00:00,14.15,14.37,13.32,13.5,718390
2020-06-29 07:00:00,13.1,13.15,12.58,12.58,649360
2020-06-30 07:00:00,12.58,13.02,12.06,12.63,711410
2020-07-01 07:00:00,12.36,13.32,12.36,13.19,1349470
2020-07-02 07:00:00,13.15,13.37,12.71,12.71,299450
2020-07-03 07:00:00,12.71,12.97,12.67,12.8,159940
2020-07-06 07:00:00,13.02,13.02,12.63,12.8,396710
2020-07-07 07:00:00,12.8,12.93,12.45,12.71,442740
2020-07-08 07:00:00,12.71,12.71,12.49,12.71,150250
2020-07-09 07:00:00,12.58,13.15,12.58,13.02,796430
2020-07-10 07:00:00,12.97,13.02,12.76,12.97,340820
2020-07-13 07:00:00,13.02,13.06,12.8,12.93,249260
2020-07-14 07:00:00,12.8,12.93,12.58,12.76,559800
2020-07-15 07:00:00,12.89,12.89,12.58,12.8,678100
2020-07-16 07:00:00,12.84,12.84,12.71,12.8,367760
2020-07-17 07:00:00,12.76,12.84,12.63,12.63,334890
2020-07-20 07:00:00,12.71,12.71,12.28,12.28,565110
2020-07-21 07:00:00,12.45,12.45,12.02,12.36,477890
2020-07-22 07:00:00,12.36,12.36,12.06,12.28,230340
2020-07-23 07:00:00,12.28,12.28,11.84,11.84,507850
2020-07-24 07:00:00,11.84,12.45,11.06,11.84,899570
2020-07-27 07:00:00,11.06,11.62,11.01,11.01,461620
2020-07-28 07:00:00,11.01,11.36,10.93,11.23,337530
2020-07-29 07:00:00,11.14,11.14,10.45,10.45,544040
2020-07-30 07:00:00,10.45,10.62,10.06,10.19,270770
2020-07-31 07:00:00,10.19,10.19,9.49,9.66,976920
2020-08-03 07:00:00,9.58,10.32,9.58,10.32,546960
2020-08-04 07:00:00,10.84,10.84,10.58,10.67,955480
2020-08-05 07:00:00,10.62,10.75,10.45,10.71,635530
2020-08-06 07:00:00,10.62,10.62,10.4,10.49,477340
2020-08-07 07:00:00,10.62,10.88,10.45,10.8,806790
2020-08-10 07:00:00,11.14,11.54,10.97,11.54,629030
2020-08-11 07:00:00,12.19,12.19,11.58,11.58,1287410
2020-08-12 07:00:00,11.58,11.67,11.19,11.41,873180
2020-08-13 07:00:00,11.36,11.58,11.28,11.41,883550
2020-08-14 07:00:00,11.58,11.93,11.32,11.71,1168410
2020-08-17 07:00:00,11.67,11.71,11.49,11.67,585230
2020-08-18 07:00:00,11.88,11.88,11.62,11.67,560020
2020-08-19 07:00:00,11.67,11.71,11.32,11.32,550890
2020-08-20 07:00:00,11.41,11.58,11.14,11.14,405600
2020-08-21 07:00:00,11.32,11.32,11.1,11.23,415890
2020-08-24 07:00:00,11.49,11.49,11.36,11.36,368120
2020-08-25 07:00:00,11.49,11.54,11.36,11.36,819400
2020-08-26 07:00:00,11.41,11.49,11.32,11.45,382770
2020-08-27 07:00:00,11.41,12.23,11.41,12.23,1076430
2020-08-28 07:00:00,12.63,12.93,12.36,12.45,1638980
2020-08-31 07:00:00,12.41,12.58,12.1,12.28,1735600
2020-09-01 07:00:00,12.06,12.32,12.02,12.19,1201630
2020-09-03 07:00:00,12.45,12.54,12.06,12.1,1002680
2020-09-04 07:00:00,11.93,12.02,11.84,12.02,554930
2020-09-07 07:00:00,12.02,12.49,11.88,12.19,1197630
2020-09-08 07:00:00,12.32,12.67,12.28,12.49,669430
2020-09-09 07:00:00,12.28,12.58,12.23,12.58,957790
2020-09-10 07:00:00,12.63,12.93,12.63,12.76,644270
2020-09-11 07:00:00,12.76,12.93,12.71,12.76,460810
2020-09-14 07:00:00,12.84,13.28,12.63,13.02,983980
2020-09-15 07:00:00,13.15,13.15,12.63,12.89,468870
2020-09-16 07:00:00,12.89,12.93,12.63,12.8,462660
2020-09-17 07:00:00,12.89,12.93,12.67,12.8,514650
2020-09-18 07:00:00,12.76,12.8,12.67,12.71,348330
2020-09-21 07:00:00,12.71,12.89,12.63,12.84,751450
2020-09-22 07:00:00,12.84,13.02,12.76,12.76,561500
2020-09-23 07:00:00,12.89,12.89,12.67,12.84,329900
2020-09-24 07:00:00,12.84,12.89,12.63,12.71,358160
2020-09-25 07:00:00,12.8,12.8,12.28,12.71,629290
2020-09-28 07:00:00,12.76,12.76,12.41,12.41,885290
2020-09-29 07:00:00,12.41,12.58,12.19,12.28,649570
2020-09-30 07:00:00,12.23,12.36,11.93,12.19,435680
2020-10-01 07:00:00,12.15,12.32,12.1,12.23,392400
2020-10-02 07:00:00,12.28,12.63,12.02,12.36,562580
2020-10-05 07:00:00,12.36,12.76,12.36,12.58,1041180
2020-10-06 07:00:00,12.63,12.63,12.28,12.58,443380
2020-10-07 07:00:00,12.58,12.63,12.41,12.58,809660
2020-10-08 07:00:00,12.58,12.63,12.23,12.45,532620
2020-10-09 07:00:00,12.45,12.58,12.36,12.45,476490
2020-10-12 07:00:00,12.58,12.67,12.19,12.19,334890
2020-10-13 07:00:00,12.41,12.41,12.19,12.19,295460
2020-10-14 07:00:00,12.19,12.32,12.06,12.1,300710
2020-10-15 07:00:00,12.19,12.19,11.71,11.93,430300
2020-10-16 07:00:00,11.93,11.93,11.28,11.71,859980
2020-10-19 07:00:00,11.71,11.88,11.54,11.62,302710
2020-10-20 07:00:00,11.58,11.67,11.32,11.49,449630
2020-10-21 07:00:00,11.58,11.62,11.14,11.32,714550
2020-10-22 07:00:00,11.41,11.54,11.28,11.32,1721920
2020-10-23 07:00:00,11.41,11.45,11.28,11.41,184420
2020-10-26 07:00:00,11.54,11.54,11.14,11.28,341210
2020-10-27 07:00:00,11.23,11.32,10.67,10.97,397480
2020-10-28 07:00:00,10.97,10.97,10.45,10.97,438170
2020-10-29 07:00:00,10.8,10.97,10.58,10.97,298940
2020-10-30 07:00:00,10.93,11.14,10.84,10.97,229580
2020-11-02 07:00:00,11.14,11.23,10.97,11.14,116970
2020-11-03 07:00:00,11.19,11.23,10.97,11.19,80340
2020-11-04 07:00:00,11.23,11.23,11.06,11.23,257820
2020-11-05 07:00:00,11.23,11.23,11.06,11.14,301200
2020-11-06 07:00:00,11.06,11.23,10.88,10.97,305170
2020-11-09 07:00:00,10.97,11.14,10.93,11.01,150370
2020-11-10 07:00:00,11.14,11.14,10.88,10.88,376590
2020-11-11 07:00:00,10.97,11.06,10.84,10.97,361890
2020-11-12 07:00:00,10.97,11.01,10.88,10.88,350680
2020-11-13 07:00:00,10.84,10.97,10.8,10.88,374650
2020-11-16 07:00:00,10.84,11.01,10.8,10.88,180670
2020-11-17 07:00:00,10.75,10.93,10.71,10.88,360610
2020-11-18 07:00:00,10.84,10.88,10.75,10.88,470900
2020-11-19 07:00:00,10.97,11.62,10.88,11.62,298090
2020-11-20 07:00:00,12.41,12.41,11.84,11.84,1641070
2020-11-23 07:00:00,11.84,12.19,11.84,11.97,1029710
2020-11-24 07:00:00,12.02,12.19,11.75,12.02,496720
2020-11-25 07:00:00,12.1,12.15,11.84,11.88,563970
2020-11-26 07:00:00,11.93,12.45,11.75,12.41,928230
2020-11-27 07:00:00,12.45,12.45,12.28,12.28,441020
2020-11-30 07:00:00,12.32,12.32,12.23,12.23,323830
2020-12-01 07:00:00,11.93,12.23,11.93,12.1,534100
2020-12-02 07:00:00,12.19,12.32,12.15,12.23,659820
2020-12-03 07:00:00,12.23,12.93,12.23,12.84,696950
2020-12-04 07:00:00,12.93,13.23,12.8,12.97,757520
2020-12-07 07:00:00,13.19,13.23,13.02,13.15,1394060
2020-12-08 07:00:00,13.23,13.76,13.23,13.54,1522870
2020-12-09 07:00:00,13.68,13.87,13.54,13.59,922900
2020-12-10 07:00:00,13.4,13.68,12.93,13.21,846630
2020-12-11 07:00:00,12.97,13.59,12.74,13.21,853060
2020-12-14 07:00:00,13.21,13.59,13.21,13.3,1287470
2020-12-15 07:00:00,13.4,13.78,13.21,13.4,737440
2020-12-16 07:00:00,13.59,13.59,13.26,13.44,907360
2020-12-17 07:00:00,13.54,13.54,13.21,13.3,352370
2020-12-18 07:00:00,13.3,13.44,13.26,13.4,578280
2020-12-21 07:00:00,13.59,13.59,13.3,13.3,670080
2020-12-22 07:00:00,13.4,14.2,13.26,14.2,1298070
2020-12-23 07:00:00,14.72,14.91,14.34,14.39,1090240
2020-12-24 07:00:00,14.44,14.62,13.54,13.87,557620
2020-12-25 07:00:00,13.78,14.53,13.49,14.34,979060
2020-12-28 07:00:00,14.53,14.91,14.34,14.44,835870
2020-12-29 07:00:00,14.39,15.0,14.34,14.77,665030
2020-12-30 07:00:00,14.81,14.81,14.29,14.34,640780
2020-12-31 07:00:00,14.53,14.62,14.39,14.62,339150
2021-01-04 07:00:00,14.62,15.33,14.62,15.1,946400
2021-01-05 07:00:00,15.05,15.43,15.0,15.28,577600
2021-01-06 07:00:00,15.47,15.47,15.0,15.0,648300
2021-01-07 07:00:00,15.1,15.19,14.77,15.0,1195000
2021-01-08 07:00:00,15.1,15.33,14.95,15.28,851300
2021-01-11 07:00:00,15.38,15.47,15.14,15.28,489100
2021-01-12 07:00:00,15.24,15.76,15.1,15.57,943300
2021-01-13 07:00:00,16.28,16.32,15.24,15.47,1102100
2021-01-14 07:00:00,15.47,15.95,15.19,15.47,1361700
2021-01-15 07:00:00,15.47,15.61,15.24,15.24,837500
2021-01-18 07:00:00,15.24,15.38,15.19,15.19,752700
2021-01-19 07:00:00,15.28,16.04,14.2,15.0,1052900
2021-01-20 07:00:00,14.91,15.0,14.15,14.86,414400
2021-01-21 07:00:00,15.14,15.28,14.72,15.14,705200
2021-01-22 07:00:00,15.14,15.52,14.86,15.19,418300
2021-01-25 07:00:00,14.91,15.33,14.91,15.1,465000
2021-01-26 07:00:00,15.1,15.1,14.34,14.62,794200
2021-01-27 07:00:00,14.25,14.62,13.92,14.25,632700
2021-01-28 07:00:00,13.4,13.78,13.26,13.26,576000
2021-01-29 07:00:00,12.45,13.68,12.45,13.4,425800
2021-02-01 07:00:00,13.02,14.06,12.64,12.78,456300
2021-02-02 07:00:00,12.88,13.11,12.36,13.11,770900
2021-02-03 07:00:00,13.16,13.68,13.07,13.49,861000
2021-02-04 07:00:00,13.49,14.06,13.4,13.78,198500
2021-02-05 07:00:00,13.59,14.25,13.59,13.87,146300
2021-02-08 07:00:00,13.96,13.96,13.11,13.73,586600
2021-02-09 07:00:00,13.54,13.78,13.3,13.78,386500
2021-02-17 07:00:00,13.78,14.15,13.78,14.06,382100
2021-02-18 07:00:00,13.96,14.15,13.87,13.87,433200
2021-02-19 07:00:00,13.78,14.15,13.49,13.68,376900
2021-02-22 07:00:00,13.92,14.06,13.87,14.06,965100
2021-02-23 07:00:00,14.06,14.72,14.06,14.62,939200
2021-02-24 07:00:00,14.86,15.05,14.2,14.53,702900
2021-02-25 07:00:00,14.72,14.81,14.15,14.53,303900
2021-02-26 07:00:00,14.15,14.44,14.06,14.15,541600
2021-03-01 07:00:00,14.34,14.44,13.4,14.11,1177700
2021-03-02 07:00:00,14.15,14.44,14.06,14.29,610400
2021-03-03 07:00:00,14.44,14.53,14.29,14.39,724700
2021-03-04 07:00:00,14.44,14.62,13.78,13.96,743200
2021-03-05 07:00:00,14.01,14.2,13.87,14.15,503700
2021-03-08 07:00:00,14.34,15.14,14.34,15.14,2165000
2021-03-09 07:00:00,15.14,15.61,14.91,15.14,1567300
2021-03-10 07:00:00,15.57,16.18,15.0,16.18,2437000
2021-03-11 07:00:00,16.32,16.51,15.95,16.13,1480800
2021-03-12 07:00:00,16.13,16.51,15.85,15.85,1720600
2021-03-15 07:00:00,15.95,16.94,15.85,16.94,2747700
2021-03-16 07:00:00,17.27,17.45,16.79,17.08,1716000
2021-03-17 07:00:00,17.08,17.22,16.7,16.94,1470800
2021-03-18 07:00:00,17.12,17.12,16.65,16.75,1271100
2021-03-19 07:00:00,16.75,17.88,16.75,17.88,1976700
2021-03-22 07:00:00,17.88,18.87,17.88,18.4,1587800
2021-03-23 07:00:00,18.4,18.45,17.27,17.45,1479100
2021-03-24 07:00:00,16.98,17.83,16.79,17.45,1064500
2021-03-25 07:00:00,17.55,18.21,17.27,17.36,964400
2021-03-26 07:00:00,17.27,17.74,16.51,17.36,814000
2021-03-29 07:00:00,17.55,17.93,17.36,17.93,910100
2021-03-30 07:00:00,17.93,18.59,17.83,17.93,1101700
2021-03-31 07:00:00,18.16,18.3,17.69,17.93,495200
2021-04-01 07:00:00,17.74,18.02,17.36,17.5,1390700
2021-04-02 07:00:00,17.79,17.79,16.98,16.98,984300
2021-04-05 07:00:00,16.98,17.36,16.94,16.98,963400
2021-04-06 07:00:00,16.98,17.74,16.98,17.27,880400
2021-04-07 07:00:00,17.27,17.74,17.27,17.36,652600
2021-04-08 07:00:00,17.36,17.64,17.31,17.36,457100
2021-04-09 07:00:00,17.36,17.74,17.17,17.31,838900
2021-04-12 07:00:00,17.36,17.45,17.08,17.08,803800
2021-04-13 07:00:00,17.17,17.22,16.04,16.04,1034400
2021-04-14 07:00:00,16.04,17.12,16.04,17.12,1162500
2021-04-15 07:00:00,17.36,17.36,16.32,16.65,460800
2021-04-16 07:00:00,16.56,16.84,15.85,16.13,610000
2021-04-19 07:00:00,16.13,16.61,15.76,16.18,614000
2021-04-20 07:00:00,16.18,16.42,15.76,15.76,600300
2021-04-22 07:00:00,15.76,15.8,14.81,14.91,1092400
2021-04-23 07:00:00,14.77,15.05,14.44,14.81,887500
2021-04-26 07:00:00,15.19,15.38,14.81,15.24,1074800
2021-04-27 07:00:00,15.28,15.28,14.91,15.1,300000
2021-04-28 07:00:00,15.1,15.43,14.95,15.1,534800
2021-04-29 07:00:00,15.05,15.85,15.05,15.1,404900
2021-05-04 07:00:00,14.81,15.95,14.62,15.66,520800
2021-05-05 07:00:00,15.85,16.18,15.66,15.71,409800
2021-05-06 07:00:00,15.57,15.85,15.43,15.43,381000
2021-05-07 07:00:00,15.61,15.61,15.0,15.19,408200
2021-05-10 07:00:00,15.0,15.19,14.77,14.91,479500
2021-05-11 07:00:00,15.0,15.33,14.91,14.95,403700
2021-05-12 07:00:00,14.95,15.28,14.95,15.24,880200
2021-05-13 07:00:00,15.19,15.43,14.91,14.91,666900
2021-05-14 07:00:00,15.19,15.19,14.72,14.72,650100
2021-05-17 07:00:00,14.81,14.91,14.29,14.39,921700
2021-05-18 07:00:00,14.39,14.44,13.87,14.15,1299500
2021-05-19 07:00:00,13.96,14.06,13.59,13.63,1418900
2021-05-20 07:00:00,13.44,13.78,13.07,13.16,747000
2021-05-21 07:00:00,13.21,13.87,13.21,13.21,699800
2021-05-24 07:00:00,13.21,14.11,13.21,14.11,399900
2021-05-25 07:00:00,14.44,14.58,13.92,14.2,635000
2021-05-26 07:00:00,14.29,14.29,13.68,13.68,632400
2021-05-27 07:00:00,13.68,14.06,13.59,13.59,602400
2021-05-28 07:00:00,13.59,13.87,13.35,13.87,713800
2021-05-31 07:00:00,13.96,13.96,13.49,13.96,362800
2021-06-01 07:00:00,13.87,13.87,13.59,13.78,458100
2021-06-02 07:00:00,13.59,14.01,13.49,13.68,546400
2021-06-03 07:00:00,13.96,14.62,13.96,14.62,647300
2021-06-04 07:00:00,14.81,14.81,14.34,14.53,440900
2021-06-07 07:00:00,14.62,14.62,13.96,14.15,347500
2021-06-08 07:00:00,14.15,14.44,13.87,14.01,867400
2021-06-09 07:00:00,14.06,14.15,13.68,14.15,246500
2021-06-10 07:00:00,14.25,14.29,13.82,13.87,393900
2021-06-11 07:00:00,13.87,14.15,13.87,14.01,394400
2021-06-14 07:00:00,14.15,14.62,13.96,14.11,859400
2021-06-15 07:00:00,14.34,14.48,14.2,14.25,765300
2021-06-16 07:00:00,14.44,15.24,14.34,15.19,1968200
2021-06-17 07:00:00,15.1,15.76,14.91,15.43,1008300
2021-06-18 07:00:00,15.43,15.66,15.24,15.24,659400
2021-06-21 07:00:00,15.33,15.76,15.24,15.28,1205000
2021-06-22 07:00:00,15.57,15.76,15.38,15.47,1552700
2021-06-23 07:00:00,15.47,15.8,15.38,15.38,777200
2021-06-24 07:00:00,15.38,15.57,14.62,14.81,1123200
2021-06-25 07:00:00,14.81,14.95,14.67,14.77,455300
2021-06-28 07:00:00,14.77,15.05,14.77,14.77,298700
2021-06-29 07:00:00,15.1,15.1,14.62,14.67,319900
2021-06-30 07:00:00,14.67,14.81,14.53,14.53,441700
2021-07-01 07:00:00,14.58,14.67,14.25,14.53,408400
2021-07-02 07:00:00,14.53,14.53,14.11,14.25,561700
2021-07-05 07:00:00,14.25,14.25,13.68,13.96,487600
2021-07-06 07:00:00,13.87,14.15,13.44,13.73,538700
2021-07-07 07:00:00,13.54,13.68,13.21,13.68,419300
2021-07-08 07:00:00,13.59,14.11,13.49,14.11,348000
2021-07-09 07:00:00,13.87,13.96,13.49,13.78,646900
2021-07-12 07:00:00,13.44,13.59,12.83,13.21,644800
2021-07-13 07:00:00,12.88,13.68,12.88,13.68,217700
2021-07-14 07:00:00,13.73,13.73,13.11,13.59,618100
2021-07-15 07:00:00,13.4,13.59,13.11,13.59,187400
2021-07-16 07:00:00,13.63,13.63,13.4,13.4,156100
2021-07-19 07:00:00,13.11,13.4,12.74,12.74,297200
2021-07-20 07:00:00,12.6,13.4,12.55,13.4,789900
2021-07-21 07:00:00,13.49,13.49,13.11,13.21,110400
2021-07-22 07:00:00,13.4,13.44,13.21,13.21,438200
2021-07-23 07:00:00,13.21,13.4,13.16,13.3,405500
2021-07-26 07:00:00,13.11,13.4,13.11,13.35,282500
2021-07-27 07:00:00,13.4,13.49,13.3,13.4,286500
2021-07-28 07:00:00,13.4,13.4,13.11,13.3,472100
2021-07-29 07:00:00,13.35,13.4,13.21,13.3,441000
2021-07-30 07:00:00,13.26,13.73,13.26,13.4,832400
2021-08-02 07:00:00,13.26,13.87,13.26,13.49,750700
2021-08-03 07:00:00,13.4,13.82,13.4,13.59,247900
2021-08-04 07:00:00,13.54,13.63,13.3,13.54,585600
2021-08-05 07:00:00,13.54,13.73,13.35,13.54,455700
2021-08-06 07:00:00,13.59,14.06,13.59,13.68,543400
2021-08-09 07:00:00,13.73,14.62,13.73,14.62,1378800
2021-08-10 07:00:00,14.91,14.91,14.15,14.67,851500
2021-08-11 07:00:00,14.62,15.28,14.48,14.77,1344500
2021-08-12 07:00:00,14.81,15.57,14.44,15.47,2133900
2021-08-13 07:00:00,15.47,15.52,15.0,15.28,1219100
2021-08-16 07:00:00,15.38,15.71,15.19,15.43,991000
2021-08-17 07:00:00,15.33,16.04,15.19,15.61,1419200
2021-08-18 07:00:00,15.43,15.99,15.19,15.19,675800
2021-08-19 07:00:00,15.19,15.85,15.19,15.33,1627300
2021-08-20 07:00:00,15.38,15.61,14.34,14.44,1615100
2021-08-23 07:00:00,14.44,14.62,14.06,14.06,891900
2021-08-24 07:00:00,14.06,14.25,13.68,13.96,761100
2021-08-25 07:00:00,13.96,14.15,13.78,14.06,559400
2021-08-26 07:00:00,14.11,14.44,14.06,14.44,506200
2021-08-27 07:00:00,14.34,15.0,14.11,15.0,756600
2021-08-30 07:00:00,15.19,15.52,15.1,15.19,1194900
2021-08-31 07:00:00,15.19,15.57,15.0,15.0,1055800
2021-09-01 07:00:00,15.05,15.8,15.0,15.8,2130600
2021-09-06 07:00:00,16.51,16.89,16.37,16.79,2292100
2021-09-07 07:00:00,16.51,16.79,16.04,16.23,1594900
2021-09-08 07:00:00,16.23,16.61,15.95,16.42,1615300
2021-09-09 07:00:00,16.42,16.89,16.42,16.61,1307100
2021-09-10 07:00:00,16.89,16.89,16.46,16.46,759800
2021-09-13 07:00:00,16.42,16.42,15.76,15.95,1349200
2021-09-14 07:00:00,15.95,16.13,15.71,16.13,1031500
2021-09-15 07:00:00,16.04,16.65,15.95,16.65,1819700
2021-09-16 07:00:00,16.75,16.79,16.51,16.7,1697300
2021-09-17 07:00:00,17.1,17.15,16.4,16.4,1041000
2021-09-20 07:00:00,16.5,16.9,16.0,16.0,961700
2021-09-21 07:00:00,15.6,15.9,15.35,15.65,1060400
2021-09-22 07:00:00,15.75,16.2,15.55,16.1,1051700
2021-09-23 07:00:00,16.1,16.7,15.8,15.8,1086800
2021-09-24 07:00:00,15.7,16.0,15.35,15.6,810900
2021-09-27 07:00:00,15.45,15.75,15.0,15.0,820100
2021-09-28 07:00:00,14.9,15.3,14.85,15.25,1053100
2021-09-29 07:00:00,15.3,15.9,15.25,15.85,742400
2021-09-30 07:00:00,16.0,16.2,15.9,15.9,499300
2021-10-01 07:00:00,15.9,15.95,15.6,15.6,336400
2021-10-04 07:00:00,15.6,16.05,15.6,15.8,577200
2021-10-05 07:00:00,15.75,16.4,15.75,16.25,1636000
2021-10-06 07:00:00,16.25,16.8,16.2,16.6,2010700
2021-10-07 07:00:00,16.65,17.45,16.65,17.05,2234900
2021-10-08 07:00:00,16.95,17.4,16.55,16.55,1089100
2021-10-11 07:00:00,16.7,16.7,16.4,16.5,998500
2021-10-12 07:00:00,16.5,16.75,16.3,16.5,1207700
2021-10-13 07:00:00,16.75,16.75,16.45,16.5,758000
2021-10-14 07:00:00,16.65,17.2,16.55,16.8,1126400
2021-10-15 07:00:00,17.1,17.1,16.5,16.6,818600
2021-10-18 07:00:00,16.6,16.9,16.2,16.2,1432300
2021-10-19 07:00:00,16.2,16.5,16.05,16.4,782900
2021-10-20 07:00:00,16.3,17.2,16.3,16.9,1529200
2021-10-21 07:00:00,17.1,17.1,16.6,16.9,682200
2021-10-22 07:00:00,16.9,18.05,16.9,18.05,3762000
2021-10-25 07:00:00,18.5,18.75,18.2,18.25,1509400
2021-10-26 07:00:00,17.7,18.25,17.7,18.1,1087400
2021-10-27 07:00:00,18.2,18.75,18.0,18.3,1981300
2021-10-28 07:00:00,18.3,19.4,18.0,19.15,2274700
2021-10-29 07:00:00,19.6,19.6,18.95,19.0,1801200
2021-11-01 07:00:00,19.0,19.35,18.6,19.0,2277200
2021-11-02 07:00:00,18.8,19.2,18.8,19.0,1724500
2021-11-03 07:00:00,19.25,19.5,17.7,17.7,2419000
2021-11-04 07:00:00,17.5,18.55,17.4,18.0,1428700
2021-11-05 07:00:00,18.05,18.3,17.8,18.0,1064500
2021-11-08 07:00:00,18.2,18.8,18.1,18.35,1241700
2021-11-09 07:00:00,18.5,19.6,18.35,19.3,2098500
2021-11-10 07:00:00,19.5,19.55,19.2,19.3,1946000
2021-11-11 07:00:00,19.4,20.65,19.4,20.65,2891700
2021-11-12 07:00:00,21.5,21.8,20.7,21.6,2168900
2021-11-15 07:00:00,22.0,22.7,21.3,22.3,2394400
2021-11-16 07:00:00,21.6,22.5,21.55,21.7,2620800
2021-11-17 07:00:00,21.7,21.8,21.1,21.25,1571200
2021-11-18 07:00:00,21.3,22.7,21.3,22.6,1618200
2021-11-19 07:00:00,23.1,23.6,21.05,22.9,2348800
2021-11-22 07:00:00,22.8,22.8,21.3,21.3,1622800
2021-11-23 07:00:00,20.0,21.9,20.0,21.3,1292300
2021-11-24 07:00:00,21.6,22.0,21.2,21.25,1047100
2021-11-25 07:00:00,21.3,22.0,21.05,21.7,1025300
2021-11-26 07:00:00,22.0,22.1,21.0,21.6,1598000
2021-11-29 07:00:00,21.0,23.1,21.0,23.1,2239600
2021-11-30 07:00:00,24.7,24.7,23.2,23.65,2327900
2021-12-01 07:00:00,23.5,24.0,23.2,23.35,1075800
2021-12-02 07:00:00,23.3,24.4,23.05,23.3,1147600
2021-12-03 07:00:00,23.3,24.0,21.8,21.8,1869000
2021-12-06 07:00:00,21.9,22.0,20.3,20.4,1443000
2021-12-07 07:00:00,21.0,21.3,20.4,21.05,1093600
2021-12-08 07:00:00,21.1,21.6,20.8,20.8,507900
2021-12-09 07:00:00,21.1,21.6,20.7,21.2,568100
2021-12-10 07:00:00,21.5,22.65,21.5,22.65,1481700
2021-12-13 07:00:00,24.1,24.2,23.6,24.0,3238900
2021-12-14 07:00:00,24.0,24.2,23.05,23.35,1834900
2021-12-15 07:00:00,23.0,24.0,22.7,23.0,1617000
2021-12-16 07:00:00,22.8,23.9,22.7,23.7,1208100
2021-12-17 07:00:00,23.9,25.3,23.7,24.45,2656800
2021-12-20 07:00:00,25.2,25.8,25.0,25.25,2501400
2021-12-21 07:00:00,25.2,25.6,25.1,25.15,1224300
2021-12-22 07:00:00,24.95,26.5,24.9,25.65,1928800
2021-12-23 07:00:00,25.65,26.15,24.2,24.75,2036400
2021-12-24 07:00:00,24.9,25.75,24.2,24.4,1284000
2021-12-27 07:00:00,25.0,25.0,24.15,24.5,1104100
2021-12-28 07:00:00,24.55,26.2,24.55,26.2,2993400
2021-12-29 07:00:00,27.0,28.0,26.5,27.7,1868300
2021-12-30 07:00:00,27.5,27.9,26.8,26.8,1310300
2021-12-31 07:00:00,26.8,28.0,26.25,26.95,1449600
2022-01-04 07:00:00,26.95,28.5,26.9,27.7,2191400
2022-01-05 07:00:00,28.2,28.35,27.5,27.5,1765300
2022-01-06 07:00:00,27.8,28.3,26.9,27.3,1366500
2022-01-07 07:00:00,27.4,27.6,27.0,27.1,1796200
2022-01-10 07:00:00,27.1,28.45,26.5,27.15,2590900
2022-01-11 07:00:00,27.4,29.05,27.15,28.85,2512800
2022-01-12 07:00:00,28.6,29.9,26.9,28.4,2725900
2022-01-13 07:00:00,28.8,28.8,26.45,26.45,2206000
2022-01-14 07:00:00,24.6,27.1,24.6,25.9,1354400
2022-01-17 07:00:00,25.9,26.5,24.1,24.1,1627800
2022-01-18 07:00:00,22.8,23.4,22.45,22.45,1806600
2022-01-19 07:00:00,21.45,22.3,21.05,21.4,1278700
2022-01-20 07:00:00,21.25,22.85,21.2,22.85,502100
2022-01-21 07:00:00,23.35,24.4,23.3,23.8,1241500
2022-01-24 07:00:00,23.3,23.5,22.15,22.15,1093900
2022-01-25 07:00:00,22.0,22.95,21.3,22.65,600500
2022-01-26 07:00:00,23.0,23.0,21.1,21.1,1128300
2022-01-27 07:00:00,21.1,21.1,19.65,19.8,1193200
2022-01-28 07:00:00,19.8,20.4,18.75,20.2,779800
2022-02-07 07:00:00,20.2,21.6,20.2,21.6,626600
2022-02-08 07:00:00,21.15,21.85,21.0,21.2,429200
2022-02-09 07:00:00,20.6,21.6,20.5,21.45,679200
2022-02-10 07:00:00,21.5,21.9,21.05,21.3,679500
2022-02-11 07:00:00,21.3,21.4,21.0,21.2,395700
2022-02-14 07:00:00,20.65,22.3,20.2,21.4,935700
2022-02-15 07:00:00,21.3,21.7,20.8,21.25,395700
2022-02-16 07:00:00,21.5,22.45,21.4,22.35,769100
2022-02-17 07:00:00,22.35,22.55,22.05,22.1,512400
2022-02-18 07:00:00,22.0,22.95,21.8,22.7,814600
2022-02-21 07:00:00,22.75,23.7,22.35,23.55,1345300
2022-02-22 07:00:00,23.4,23.4,22.05,22.6,1304700
2022-02-23 07:00:00,22.7,22.95,22.4,22.6,648700
2022-02-24 07:00:00,22.35,22.4,21.05,21.5,1642800
2022-02-25 07:00:00,21.5,22.1,21.5,21.5,806600
2022-02-28 07:00:00,21.5,22.6,21.1,22.3,571600
2022-03-01 07:00:00,22.3,22.95,21.95,22.0,870800
2022-03-02 07:00:00,21.8,22.4,21.6,21.6,918400
2022-03-03 07:00:00,21.6,21.95,21.0,21.7,846500
2022-03-04 07:00:00,21.8,22.8,21.8,22.5,1217800
2022-03-07 07:00:00,22.6,22.95,22.3,22.65,1099100
2022-03-08 07:00:00,22.5,23.3,22.15,22.15,1828100
2022-03-09 07:00:00,22.25,22.5,21.55,22.2,599500
2022-03-10 07:00:00,22.8,22.8,22.4,22.6,491500
2022-03-11 07:00:00,22.55,23.5,22.3,22.7,1481500
2022-03-14 07:00:00,22.7,23.3,22.5,23.2,1435700
2022-03-15 07:00:00,23.2,24.8,23.2,24.8,2449400
2022-03-16 07:00:00,25.3,25.7,24.3,24.3,1350400
2022-03-17 07:00:00,24.4,25.0,24.25,24.4,1084100
2022-03-18 07:00:00,24.4,24.95,24.0,24.75,1671300
2022-03-21 07:00:00,25.05,25.65,24.7,25.05,1369100
2022-03-22 07:00:00,25.2,25.6,24.6,24.6,1570700
2022-03-23 07:00:00,24.25,24.9,24.2,24.2,1185400
2022-03-24 07:00:00,24.2,24.75,23.8,24.4,984100
2022-03-25 07:00:00,24.6,25.5,24.45,24.95,1320300
2022-03-28 07:00:00,24.8,26.3,24.6,25.7,2357700
2022-03-29 07:00:00,25.8,26.1,25.6,25.7,1020600
2022-03-30 07:00:00,25.6,26.2,24.4,24.7,1245500
2022-03-31 07:00:00,24.9,25.1,23.9,24.2,967100
2022-04-01 07:00:00,24.35,24.5,23.5,24.5,885900
2022-04-04 07:00:00,24.3,25.5,24.2,24.6,1502000
2022-04-05 07:00:00,24.3,25.15,24.3,24.85,1468600
2022-04-06 07:00:00,24.4,25.8,24.4,25.1,1745200
2022-04-07 07:00:00,25.5,25.5,24.5,24.5,1031600
2022-04-08 07:00:00,24.45,24.6,23.45,23.45,996500
2022-04-12 07:00:00,23.45,23.6,21.85,21.85,945700
2022-04-13 07:00:00,21.7,22.8,21.25,22.8,695300
2022-04-14 07:00:00,22.8,23.05,22.5,22.55,388000
2022-04-15 07:00:00,22.15,22.6,21.8,21.95,646000
2022-04-18 07:00:00,21.5,21.7,20.45,20.45,1331900
2022-04-19 07:00:00,20.8,20.8,19.05,19.05,747400
2022-04-20 07:00:00,18.2,18.9,17.75,17.75,785000
2022-04-21 07:00:00,16.7,18.5,16.55,17.0,738300
2022-04-22 07:00:00,17.15,17.75,16.0,16.75,504300
2022-04-25 07:00:00,16.75,17.25,15.6,15.6,682200
2022-04-26 07:00:00,15.05,16.3,14.6,16.3,621600
2022-04-27 07:00:00,16.1,16.6,16.0,16.4,361300
2022-04-28 07:00:00,16.5,16.95,16.4,16.4,242200
2022-04-29 07:00:00,16.35,17.0,16.1,16.8,440500
2022-05-04 07:00:00,17.0,17.7,17.0,17.65,553100
2022-05-05 07:00:00,18.0,18.0,17.05,17.4,367300
2022-05-06 07:00:00,16.6,17.1,16.4,16.4,399800
2022-05-09 07:00:00,16.2,16.2,15.3,15.3,511900
2022-05-10 07:00:00,14.3,15.2,14.25,14.8,541700
2022-05-11 07:00:00,15.0,15.4,14.7,15.2,337100
2022-05-12 07:00:00,14.7,15.1,14.15,14.15,242000
2022-05-13 07:00:00,13.65,14.15,13.2,13.2,501300
2022-05-16 07:00:00,13.25,14.1,13.0,13.0,240600
2022-05-17 07:00:00,13.0,13.9,13.0,13.9,303500
2022-05-18 07:00:00,14.4,14.65,14.05,14.15,260600
2022-05-19 07:00:00,13.75,14.3,13.7,14.1,269400
2022-05-20 07:00:00,14.1,14.7,14.0,14.45,294900
2022-05-23 07:00:00,14.5,14.85,13.9,14.2,158700
2022-05-24 07:00:00,14.1,14.2,13.6,13.95,198400
2022-05-25 07:00:00,14.0,14.9,14.0,14.8,482900
2022-05-26 07:00:00,15.2,15.35,14.7,14.85,268200
2022-05-27 07:00:00,14.9,15.2,14.6,14.85,229000
2022-05-30 07:00:00,14.85,15.1,14.8,14.9,220100
2022-05-31 07:00:00,14.85,15.2,14.6,14.95,284000
2022-06-01 07:00:00,14.95,15.25,14.6,14.95,460900
2022-06-02 07:00:00,15.0,15.6,14.9,15.15,464000
2022-06-03 07:00:00,15.15,15.55,14.9,15.15,597400
2022-06-06 07:00:00,15.2,15.25,14.8,14.8,253100
2022-06-07 07:00:00,14.5,14.95,14.2,14.65,343900
2022-06-08 07:00:00,14.65,15.2,14.65,14.95,361100
2022-06-09 07:00:00,15.0,15.45,15.0,15.35,343000
2022-06-10 07:00:00,15.0,15.5,15.0,15.1,441800
2022-06-13 07:00:00,14.35,14.7,14.05,14.05,484800
2022-06-14 07:00:00,13.35,14.1,13.35,13.9,375800
2022-06-15 07:00:00,13.8,13.9,12.95,13.4,411400
2022-06-16 07:00:00,13.8,13.9,13.4,13.4,228000
2022-06-17 07:00:00,13.0,13.3,12.65,12.65,448300
2022-06-20 07:00:00,12.4,12.65,11.85,12.45,613800
2022-06-21 07:00:00,12.15,12.5,11.7,12.0,280100
2022-06-22 07:00:00,12.0,12.5,12.0,12.4,176300
2022-06-23 07:00:00,12.4,12.7,12.0,12.4,114900
2022-06-24 07:00:00,12.85,13.25,12.75,13.0,169400
2022-06-27 07:00:00,13.0,13.3,13.0,13.3,113400
2022-06-28 07:00:00,13.25,13.85,13.25,13.5,213900
2022-06-29 07:00:00,13.4,13.85,13.3,13.5,175300
2022-06-30 07:00:00,13.5,13.6,12.8,12.9,129500
2022-07-01 07:00:00,13.15,13.15,12.7,13.1,193100
2022-07-04 07:00:00,13.05,13.35,13.05,13.2,92900
2022-07-05 07:00:00,13.0,13.3,12.9,12.95,125800
2022-07-06 07:00:00,12.85,13.0,12.6,12.8,193600
2022-07-07 07:00:00,12.9,13.0,12.5,13.0,135500
2022-07-08 07:00:00,13.1,13.9,13.0,13.4,190700
2022-07-11 07:00:00,13.4,13.5,12.8,13.05,106000
2022-07-12 07:00:00,13.3,13.8,13.0,13.5,245900
2022-07-13 07:00:00,13.45,13.9,13.45,13.6,242900
2022-07-14 07:00:00,13.2,13.7,13.2,13.6,210800
2022-07-15 07:00:00,13.7,14.35,13.65,14.0,316300
2022-07-18 07:00:00,14.2,14.65,14.2,14.25,453400
2022-07-19 07:00:00,14.25,14.35,14.0,14.35,163700
2022-07-20 07:00:00,14.5,14.85,14.4,14.4,297400
2022-07-21 07:00:00,14.65,14.65,14.1,14.3,202700
2022-07-22 07:00:00,14.3,14.3,14.05,14.05,104000
2022-07-25 07:00:00,14.0,14.6,13.9,14.4,185500
2022-07-26 07:00:00,14.7,14.9,14.5,14.55,253500
2022-07-27 07:00:00,14.4,14.6,14.25,14.55,131600
2022-07-28 07:00:00,14.9,15.2,14.55,14.8,549200
2022-07-29 07:00:00,14.95,14.95,14.65,14.8,208200
2022-08-01 07:00:00,14.8,15.35,14.7,15.2,281900
2022-08-02 07:00:00,15.2,15.7,15.1,15.45,786300
2022-08-03 07:00:00,15.4,15.5,15.1,15.45,882500
2022-08-04 07:00:00,15.7,16.0,15.4,15.6,398400
2022-08-05 07:00:00,15.3,15.6,15.15,15.55,343500
2022-08-08 07:00:00,15.55,15.8,15.5,15.55,346900
2022-08-09 07:00:00,15.4,15.65,15.35,15.45,241500
2022-08-10 07:00:00,15.2,15.85,15.2,15.6,436100
2022-08-11 07:00:00,15.95,15.95,15.2,15.25,412200
2022-08-12 07:00:00,15.15,15.6,15.0,15.6,257200
2022-08-15 07:00:00,15.5,15.7,15.4,15.6,374000
2022-08-16 07:00:00,15.7,15.7,15.5,15.65,214100
2022-08-17 07:00:00,15.7,15.95,15.6,15.75,502200
2022-08-18 07:00:00,15.5,15.7,15.35,15.6,235100
2022-08-19 07:00:00,15.6,15.6,15.1,15.3,292000
2022-08-22 07:00:00,15.05,15.1,14.25,14.7,670400
2022-08-23 07:00:00,14.4,15.0,14.4,15.0,201900
2022-08-24 07:00:00,15.0,15.0,14.8,14.95,183100
2022-08-25 07:00:00,14.9,15.1,14.85,14.95,190200
2022-08-26 07:00:00,15.0,15.0,14.5,14.65,299500
2022-08-29 07:00:00,14.55,14.55,14.05,14.45,395100
2022-08-30 07:00:00,14.5,14.65,14.3,14.3,188700
2022-08-31 07:00:00,14.3,14.65,14.2,14.6,217100
2022-09-05 07:00:00,14.6,14.65,14.4,14.55,233500
2022-09-06 07:00:00,14.5,14.85,14.5,14.7,243200
2022-09-07 07:00:00,14.45,14.75,14.4,14.4,226400
2022-09-08 07:00:00,14.45,14.45,14.2,14.3,130100
2022-09-09 07:00:00,14.35,14.4,14.05,14.3,155200
2022-09-12 07:00:00,14.4,14.6,14.3,14.4,90500
2022-09-13 07:00:00,14.4,14.6,14.4,14.6,159400
2022-09-14 07:00:00,14.2,15.15,14.2,14.95,319600
2022-09-15 07:00:00,15.1,15.1,14.8,14.8,126800
2022-09-16 07:00:00,14.8,14.8,14.5,14.55,229800
2022-09-19 07:00:00,14.55,14.75,13.55,14.3,364800
2022-09-20 07:00:00,14.3,14.4,14.1,14.35,129200
2022-09-21 07:00:00,14.0,14.7,14.0,14.65,263800
2022-09-22 07:00:00,14.5,15.65,14.5,15.65,1337500
2022-09-23 07:00:00,16.0,16.2,15.7,15.8,955800
2022-09-26 07:00:00,15.7,16.3,15.45,16.3,1679300
2022-09-27 07:00:00,16.7,16.7,15.9,15.95,1045400
2022-09-28 07:00:00,15.7,16.0,14.85,14.85,1349000
2022-09-29 07:00:00,15.0,15.2,13.85,13.85,1265100
2022-09-30 07:00:00,13.4,13.8,12.95,13.4,695200
2022-10-03 07:00:00,13.05,13.45,12.5,12.5,682100
2022-10-04 07:00:00,12.8,13.0,12.0,12.5,277900
2022-10-05 07:00:00,12.95,13.05,12.8,12.95,309200
2022-10-06 07:00:00,13.0,13.0,12.15,12.4,231100
2022-10-07 07:00:00,12.05,12.45,11.55,11.9,548300
2022-10-10 07:00:00,11.5,12.1,11.5,11.85,277100
2022-10-11 07:00:00,11.85,11.85,11.05,11.05,410900
2022-10-12 07:00:00,11.05,11.5,10.9,11.3,223000
2022-10-13 07:00:00,11.5,11.5,11.15,11.3,183300
2022-10-14 07:00:00,11.5,11.85,11.4,11.65,255500
2022-10-17 07:00:00,11.6,11.85,11.35,11.85,212500
2022-10-18 07:00:00,11.95,12.4,11.95,12.05,225500
2022-10-19 07:00:00,12.05,12.05,11.7,12.0,118600
2022-10-20 07:00:00,11.7,11.95,11.6,11.95,79900
2022-10-21 07:00:00,11.9,11.9,11.15,11.2,284500
2022-10-24 07:00:00,11.2,11.3,10.45,11.2,403000
2022-10-25 07:00:00,11.2,11.6,10.5,11.2,242700
2022-10-26 07:00:00,11.2,11.25,10.5,11.1,215800
2022-10-27 07:00:00,11.0,11.8,11.0,11.8,197300
2022-10-28 07:00:00,11.8,12.1,11.6,12.0,258900
2022-10-31 07:00:00,12.7,12.8,12.2,12.8,490400
2022-11-01 07:00:00,12.85,13.0,12.6,12.65,205800
2022-11-02 07:00:00,12.55,12.7,12.3,12.6,137900
2022-11-03 07:00:00,12.3,13.0,12.3,12.85,203300
2022-11-04 07:00:00,12.8,12.8,12.0,12.25,160100
2022-11-07 07:00:00,12.2,12.2,11.4,11.4,234600
2022-11-08 07:00:00,10.65,11.4,10.65,11.4,318300
2022-11-09 07:00:00,11.4,11.6,11.05,11.4,314400
2022-11-10 07:00:00,10.85,11.25,10.65,10.65,388300
2022-11-11 07:00:00,10.8,11.0,10.15,10.9,281500
2022-11-14 07:00:00,10.9,11.0,10.15,11.0,318400
2022-11-15 07:00:00,10.3,10.9,10.25,10.8,411800
2022-11-16 07:00:00,10.05,11.3,10.05,11.2,533500
2022-11-17 07:00:00,11.2,11.3,10.95,11.15,249400
2022-11-18 07:00:00,11.1,11.2,10.6,11.1,151500
2022-11-21 07:00:00,11.15,11.2,10.8,11.2,233500
2022-11-22 07:00:00,11.2,11.9,11.1,11.5,266600
2022-11-23 07:00:00,11.5,11.6,11.0,11.3,97400
2022-11-24 07:00:00,10.9,11.2,10.7,10.95,166800
2022-11-25 07:00:00,11.0,11.25,10.9,11.1,190100
2022-11-28 07:00:00,11.25,11.75,11.25,11.65,401100
2022-11-29 07:00:00,11.65,12.2,11.55,11.85,352800
2022-11-30 07:00:00,11.9,12.0,11.6,11.7,310100
2022-12-01 07:00:00,12.0,12.3,11.8,11.9,872100
2022-12-02 07:00:00,11.9,12.2,11.7,12.05,285100
2022-12-05 07:00:00,12.25,12.85,12.1,12.55,648400
2022-12-06 07:00:00,12.65,12.65,11.7,11.7,577800
2022-12-07 07:00:00,11.35,11.8,11.2,11.4,321100
2022-12-08 07:00:00,11.8,11.9,11.45,11.6,298600
2022-12-09 07:00:00,11.6,12.3,11.35,12.3,589500
2022-12-12 07:00:00,12.5,12.55,12.0,12.0,413400
2022-12-13 07:00:00,12.0,12.2,11.6,12.05,182000
2022-12-14 07:00:00,12.3,12.3,11.85,11.95,217700
2022-12-15 07:00:00,11.9,11.95,11.7,11.75,265800
2022-12-16 07:00:00,11.4,12.25,11.4,12.05,404900
2022-12-19 07:00:00,12.3,12.85,12.15,12.85,998400
2022-12-20 07:00:00,12.9,12.95,12.1,12.15,608700
2022-12-21 07:00:00,12.45,12.45,11.35,11.8,538300
2022-12-22 07:00:00,11.9,12.0,11.75,11.9,198900
2022-12-23 07:00:00,11.9,12.6,11.9,12.35,691400
2022-12-26 07:00:00,12.3,12.8,11.5,11.65,581600
2022-12-27 07:00:00,11.65,12.0,11.4,12.0,254500
2022-12-28 07:00:00,12.05,12.25,11.9,12.25,201100
2022-12-29 07:00:00,12.2,12.6,11.8,12.25,196300
2022-12-30 07:00:00,12.3,13.0,12.1,12.7,620100
2023-01-03 07:00:00,13.2,13.55,12.9,13.55,1039300
2023-01-04 07:00:00,13.9,14.3,13.4,13.4,629900
2023-01-05 07:00:00,13.4,13.6,13.15,13.55,544200
2023-01-06 07:00:00,13.8,13.8,12.9,13.0,529700
2023-01-09 07:00:00,13.15,13.3,13.05,13.1,576500
2023-01-10 07:00:00,13.05,13.85,12.95,13.75,698500
2023-01-11 07:00:00,13.6,13.85,13.15,13.15,943100
2023-01-12 07:00:00,13.1,13.8,13.0,13.65,659500
2023-01-13 07:00:00,13.7,13.9,13.15,13.15,418300
2023-01-16 07:00:00,13.2,13.6,13.1,13.3,584800
2023-01-17 07:00:00,13.3,14.2,13.3,14.2,901900
2023-01-18 07:00:00,14.4,14.45,13.95,14.1,465000
2023-01-19 07:00:00,13.4,14.1,13.4,13.95,279200
2023-01-27 07:00:00,14.2,14.45,13.85,13.9,626200
2023-01-30 07:00:00,14.0,14.4,13.9,14.0,875200
2023-01-31 07:00:00,14.0,14.1,13.55,14.0,694900
2023-02-01 07:00:00,14.0,14.2,13.05,13.05,985700
2023-02-02 07:00:00,13.05,13.2,12.7,13.15,590500
2023-02-03 07:00:00,13.1,13.7,13.05,13.35,370900
2023-02-06 07:00:00,13.35,13.45,13.0,13.2,170900
2023-02-07 07:00:00,13.35,13.35,12.5,12.5,548100
2023-02-08 07:00:00,12.05,12.8,12.05,12.6,382100
2023-02-09 07:00:00,12.65,12.9,12.4,12.5,363200
2023-02-10 07:00:00,12.5,12.7,12.45,12.5,150000
2023-02-13 07:00:00,12.45,12.45,11.9,12.3,258100
2023-02-14 07:00:00,12.2,12.45,12.2,12.3,114900
2023-02-15 07:00:00,12.05,13.1,12.05,12.75,368800
2023-02-16 07:00:00,12.8,13.0,12.75,12.85,170500
2023-02-17 07:00:00,12.85,13.05,12.65,12.65,312700
2023-02-20 07:00:00,12.95,13.2,12.9,13.15,313200
2023-02-21 07:00:00,13.35,13.5,12.85,13.1,396200
2023-02-22 07:00:00,12.8,13.3,12.7,12.8,326400
2023-02-23 07:00:00,12.7,12.9,12.4,12.8,304300
2023-02-24 07:00:00,12.9,13.0,12.75,12.9,241000
2023-02-27 07:00:00,12.55,12.7,12.0,12.05,838300
2023-02-28 07:00:00,12.05,12.4,11.95,12.2,469500
2023-03-01 07:00:00,11.9,12.55,11.9,12.55,264500
2023-03-02 07:00:00,12.4,12.6,12.35,12.5,138900
2023-03-03 07:00:00,12.5,12.65,12.35,12.5,83200
2023-03-06 07:00:00,12.6,12.85,12.35,12.35,143200
2023-03-07 07:00:00,12.5,12.6,12.35,12.35,67300
2023-03-08 07:00:00,12.25,12.5,12.25,12.5,127900
2023-03-09 07:00:00,12.5,12.7,12.45,12.6,228700
2023-03-10 07:00:00,12.4,12.6,12.3,12.3,144700
2023-03-13 07:00:00,12.3,12.3,12.05,12.2,178500
2023-03-14 07:00:00,12.15,12.15,11.75,11.9,403900
2023-03-15 07:00:00,12.4,12.5,12.15,12.3,240300
2023-03-16 07:00:00,12.0,12.2,11.9,12.15,125800
2023-03-17 07:00:00,12.3,12.3,12.0,12.15,91100
2023-03-20 07:00:00,12.1,12.25,11.85,11.85,185200
2023-03-21 07:00:00,12.1,12.1,11.7,11.95,87000
2023-03-22 07:00:00,12.15,12.15,11.85,11.9,99500
2023-03-23 07:00:00,11.85,12.0,11.8,12.0,112000
2023-03-24 07:00:00,11.9,12.1,11.9,12.05,215600
2023-03-27 07:00:00,12.05,12.1,11.95,12.05,118600
2023-03-28 07:00:00,12.2,12.4,12.05,12.25,308400
2023-03-29 07:00:00,12.25,12.3,12.1,12.3,118100
2023-03-30 07:00:00,12.35,12.45,12.25,12.35,200500
2023-03-31 07:00:00,12.3,12.35,12.2,12.35,107700
2023-04-03 07:00:00,12.45,12.65,12.4,12.65,300100
2023-04-04 07:00:00,12.65,12.65,12.3,12.5,274500
2023-04-05 07:00:00,12.4,12.9,12.4,12.9,402600
2023-04-06 07:00:00,13.0,13.1,12.6,12.6,380600
2023-04-07 07:00:00,12.6,12.8,12.5,12.7,127300
2023-04-10 07:00:00,12.6,13.2,12.6,12.6,401700
2023-04-11 07:00:00,12.7,13.0,12.5,13.0,270000
2023-04-12 07:00:00,13.15,13.15,12.8,12.9,217900
2023-04-13 07:00:00,12.9,12.95,12.6,12.65,174000
2023-04-14 07:00:00,12.65,12.8,12.4,12.4,263600
2023-04-17 07:00:00,12.4,12.6,12.2,12.5,164700
2023-04-18 07:00:00,12.75,12.75,12.45,12.65,126700
2023-04-19 07:00:00,12.65,12.65,12.1,12.25,326900
2023-04-20 07:00:00,12.35,12.35,12.0,12.25,160100
2023-04-21 07:00:00,12.2,12.3,12.0,12.15,146100
2023-04-24 07:00:00,12.15,12.25,12.0,12.2,104600
2023-04-25 07:00:00,12.25,12.25,12.05,12.2,66800
2023-04-26 07:00:00,12.1,12.2,12.0,12.2,164500
2023-04-27 07:00:00,12.2,12.45,12.1,12.3,262400
2023-04-28 07:00:00,12.35,12.5,12.2,12.35,146600
2023-05-04 07:00:00,12.25,12.25,12.0,12.05,377000
2023-05-05 07:00:00,12.1,12.1,11.9,11.95,420000
2023-05-08 07:00:00,11.95,12.15,11.9,12.05,224600
2023-05-09 07:00:00,12.15,12.15,12.0,12.1,285100
2023-05-10 07:00:00,12.1,12.3,12.05,12.3,491600
2023-05-11 07:00:00,12.4,12.45,12.25,12.3,362300
2023-05-12 07:00:00,12.25,12.6,12.2,12.55,847400
2023-05-15 07:00:00,12.55,12.65,12.4,12.5,389500
2023-05-16 07:00:00,12.55,12.6,12.4,12.45,642700
2023-05-17 07:00:00,12.45,12.75,12.4,12.6,1245200
2023-05-18 07:00:00,12.65,13.45,12.65,13.45,1910200
2023-05-19 07:00:00,13.6,13.85,13.0,13.45,1013500
2023-05-22 07:00:00,13.45,13.9,13.45,13.65,1184200
2023-05-23 07:00:00,13.7,14.45,13.55,14.4,1580800
2023-05-24 07:00:00,14.3,14.5,14.1,14.35,898300
2023-05-25 07:00:00,14.25,14.85,14.25,14.35,417100
2023-05-26 07:00:00,14.25,14.8,14.25,14.8,765600
2023-05-29 07:00:00,15.0,15.0,14.55,14.8,695100
2023-05-30 07:00:00,14.9,14.9,14.55,14.75,621100
2023-05-31 07:00:00,14.75,14.8,14.5,14.55,602400
2023-06-01 07:00:00,14.5,14.85,14.5,14.6,761700
2023-06-02 07:00:00,15.2,15.2,14.5,14.7,881100
2023-06-05 07:00:00,14.7,14.75,14.4,14.4,914400
2023-06-06 07:00:00,14.3,14.55,14.1,14.55,781800
2023-06-07 07:00:00,14.7,14.9,14.5,14.7,962900
2023-06-08 07:00:00,14.85,14.85,14.4,14.4,580900
2023-06-09 07:00:00,14.3,14.4,14.0,14.4,360600
2023-06-12 07:00:00,14.6,15.2,14.4,15.15,1094700
2023-06-13 07:00:00,15.45,15.45,14.95,15.1,538500
2023-06-14 07:00:00,15.2,15.25,14.45,14.5,550100
2023-06-15 07:00:00,14.55,14.55,14.05,14.3,368100
2023-06-16 07:00:00,14.3,14.65,14.2,14.3,612100
2023-06-19 07:00:00,14.3,14.6,14.15,14.35,308000
2023-06-20 07:00:00,14.5,14.9,14.4,14.9,361800
2023-06-21 07:00:00,14.9,15.4,14.7,15.3,1174500
2023-06-22 07:00:00,15.75,15.8,15.3,15.5,963900
2023-06-23 07:00:00,15.5,15.5,14.95,14.95,938600
2023-06-26 07:00:00,14.85,15.1,14.5,14.65,984700
2023-06-27 07:00:00,14.7,15.2,14.7,15.1,684800
2023-06-28 07:00:00,15.0,15.15,14.7,14.75,388500
2023-06-29 07:00:00,14.7,14.85,14.5,14.6,440700
2023-06-30 07:00:00,14.5,14.7,14.4,14.4,482000
2023-07-03 07:00:00,14.5,15.0,14.5,14.85,381200
2023-07-04 07:00:00,15.0,15.5,14.95,15.15,1275200
2023-07-05 07:00:00,15.25,15.3,15.0,15.05,506900
2023-07-06 07:00:00,15.05,15.05,14.5,14.65,549600
2023-07-07 07:00:00,14.65,15.4,14.5,15.2,1261500
2023-07-10 07:00:00,15.45,16.25,15.4,16.25,1611000
2023-07-11 07:00:00,16.5,16.7,16.15,16.2,1223800
2023-07-12 07:00:00,16.35,16.9,16.0,16.7,1546200
2023-07-13 07:00:00,16.7,16.85,16.4,16.5,1039400
2023-07-14 07:00:00,16.6,16.75,16.4,16.65,1105600
2023-07-17 07:00:00,16.65,16.75,16.35,16.4,970400
2023-07-18 07:00:00,16.4,16.6,16.1,16.2,1040500
2023-07-19 07:00:00,16.4,16.55,16.15,16.25,899700
2023-07-20 07:00:00,16.3,17.0,16.2,16.7,1138800
2023-07-21 07:00:00,16.7,16.95,16.55,16.8,1121500
2023-07-24 07:00:00,16.95,17.25,16.6,16.9,1138000
2023-07-25 07:00:00,17.0,17.0,16.25,16.4,933000
2023-07-26 07:00:00,16.4,16.55,16.35,16.4,712800
2023-07-27 07:00:00,16.55,16.55,16.0,16.2,1450700
2023-07-28 07:00:00,16.3,16.45,16.2,16.3,672900
2023-07-31 07:00:00,16.5,16.75,16.25,16.7,965900
2023-08-01 07:00:00,16.8,16.95,16.4,16.7,1174700
2023-08-02 07:00:00,16.7,16.95,16.55,16.95,1476900
2023-08-03 07:00:00,17.2,17.95,17.15,17.3,1505000
2023-08-04 07:00:00,17.5,17.5,17.2,17.3,686200
2023-08-07 07:00:00,17.5,17.6,17.1,17.15,1090700
2023-08-08 07:00:00,17.2,17.3,17.0,17.0,891800
2023-08-09 07:00:00,17.1,17.2,16.9,17.0,551000
2023-08-10 07:00:00,17.0,17.45,16.95,17.25,1079000
2023-08-11 07:00:00,17.25,17.3,16.1,16.4,2306900
2023-08-14 07:00:00,16.6,16.8,16.35,16.55,1100400
2023-08-15 07:00:00,16.5,16.9,16.5,16.75,781900
2023-08-16 07:00:00,16.75,16.75,16.45,16.55,638300
2023-08-17 07:00:00,16.5,16.6,16.35,16.4,707200
2023-08-18 07:00:00,16.3,16.4,15.3,15.3,1450300
2023-08-21 07:00:00,15.05,15.2,14.7,14.85,624000
2023-08-22 07:00:00,14.9,15.1,14.35,15.05,459600
2023-08-23 07:00:00,15.25,15.3,15.0,15.05,490200
2023-08-24 07:00:00,15.15,15.3,15.0,15.3,411400
2023-08-25 07:00:00,15.45,15.8,15.4,15.4,506900
2023-08-28 07:00:00,15.4,15.5,15.35,15.45,360000
2023-08-29 07:00:00,15.7,15.7,15.25,15.35,763200
2023-08-30 07:00:00,15.5,15.5,15.3,15.4,400900
2023-08-31 07:00:00,15.55,15.85,15.35,15.6,631700
2023-09-05 07:00:00,16.1,16.1,15.8,15.85,867000
2023-09-06 07:00:00,15.8,16.2,15.8,16.1,530200
2023-09-07 07:00:00,16.25,16.5,16.1,16.1,816100
2023-09-08 07:00:00,16.0,16.25,16.0,16.15,432700
2023-09-11 07:00:00,16.2,16.85,16.2,16.2,1305800
2023-09-12 07:00:00,16.15,16.7,16.15,16.7,718500
2023-09-13 07:00:00,16.75,17.4,16.75,17.0,2012800
2023-09-14 07:00:00,17.0,17.15,16.4,16.5,600100
2023-09-15 07:00:00,16.5,16.7,16.1,16.4,576500
2023-09-18 07:00:00,16.35,16.45,16.1,16.15,311900
2023-09-19 07:00:00,16.35,16.35,15.8,16.0,496600
2023-09-20 07:00:00,16.2,16.8,16.05,16.8,932400
2023-09-21 07:00:00,16.8,17.0,16.55,16.55,717400
2023-09-22 07:00:00,16.25,16.35,15.8,15.85,824900
2023-09-25 07:00:00,15.9,15.9,14.75,14.75,761600
2023-09-26 07:00:00,14.75,15.2,14.5,14.5,642000
2023-09-27 07:00:00,14.4,15.0,14.4,14.95,378800
2023-09-28 07:00:00,14.95,14.95,14.75,14.85,214400
2023-09-29 07:00:00,15.2,15.2,14.85,14.85,297700
2023-10-02 07:00:00,14.95,15.35,14.9,15.1,257400
2023-10-03 07:00:00,15.05,15.7,14.8,15.25,1060700
2023-10-04 07:00:00,15.2,15.8,14.9,15.4,359300
2023-10-05 07:00:00,15.3,15.55,15.1,15.15,248100
2023-10-06 07:00:00,15.1,15.4,15.0,15.4,399800
2023-10-09 07:00:00,15.25,15.4,15.2,15.35,244600
2023-10-10 07:00:00,15.55,15.6,15.35,15.45,272600
2023-10-11 07:00:00,15.35,15.9,15.35,15.9,325600
2023-10-12 07:00:00,16.05,16.05,15.35,15.35,570900
2023-10-13 07:00:00,15.25,15.6,15.2,15.6,504800
2023-10-16 07:00:00,15.65,15.85,15.6,15.6,440200
2023-10-17 07:00:00,15.55,15.9,15.35,15.35,373600
2023-10-18 07:00:00,15.35,15.65,14.3,14.85,640300
2023-10-19 07:00:00,14.85,15.3,14.7,14.8,309400
2023-10-20 07:00:00,15.1,15.25,14.55,15.25,230300
2023-10-23 07:00:00,15.2,15.3,15.0,15.15,247300
2023-10-24 07:00:00,15.2,15.75,15.05,15.75,590900
2023-10-25 07:00:00,15.9,15.95,15.65,15.7,442900
2023-10-26 07:00:00,15.55,15.55,14.65,15.2,609000
2023-10-27 07:00:00,15.2,15.6,14.8,15.6,318600
2023-10-30 07:00:00,15.55,15.65,15.25,15.25,339000
2023-10-31 07:00:00,14.8,15.25,14.55,14.55,331300
2023-11-01 07:00:00,14.6,14.65,13.55,14.0,832000
2023-11-02 07:00:00,14.15,14.45,13.8,14.45,415200
2023-11-03 07:00:00,14.4,14.4,13.95,14.3,266600
2023-11-06 07:00:00,14.45,14.5,14.05,14.35,291900
2023-11-07 07:00:00,14.1,14.4,14.05,14.25,294700
2023-11-08 07:00:00,14.25,14.9,14.0,14.8,374700
2023-11-09 07:00:00,14.85,14.95,14.6,14.65,378400
2023-11-10 07:00:00,14.7,14.7,14.3,14.55,279400
2023-11-13 07:00:00,14.5,14.65,14.05,14.55,305000
2023-11-14 07:00:00,14.7,14.7,14.35,14.5,313600
2023-11-15 07:00:00,14.8,14.8,14.4,14.55,543600
2023-11-16 07:00:00,14.55,14.55,14.35,14.55,165400
2023-11-17 07:00:00,14.65,15.1,14.55,14.65,920400
2023-11-20 07:00:00,14.45,14.75,14.45,14.65,241300
2023-11-21 07:00:00,14.7,14.8,14.5,14.7,515100
2023-11-22 07:00:00,14.7,15.1,14.7,15.05,858800
2023-11-23 07:00:00,15.2,15.2,14.55,14.55,748400
2023-11-24 07:00:00,14.5,14.7,14.1,14.5,345400
2023-11-27 07:00:00,14.55,14.55,14.2,14.5,486100
2023-11-28 07:00:00,14.35,14.5,14.1,14.25,616700
2023-11-29 07:00:00,14.35,14.5,14.3,14.45,414100
2023-11-30 07:00:00,14.45,14.6,14.3,14.5,532500
2023-12-01 07:00:00,14.5,14.55,14.4,14.55,934900
2023-12-04 07:00:00,14.6,15.0,14.6,14.95,468400
2023-12-05 07:00:00,14.95,15.0,14.7,14.8,246800
2023-12-06 07:00:00,14.9,15.2,14.9,15.1,593300
2023-12-07 07:00:00,15.25,15.25,14.6,14.9,453300
2023-12-08 07:00:00,14.9,15.0,14.6,14.6,357000
2023-12-11 07:00:00,14.7,14.75,14.55,14.75,178200
2023-12-12 07:00:00,14.8,14.85,14.6,14.8,115300
2023-12-13 07:00:00,14.8,14.85,14.5,14.5,412200
2023-12-14 07:00:00,14.65,14.7,14.4,14.5,256200
2023-12-15 07:00:00,14.4,14.5,14.3,14.3,205600
2023-12-18 07:00:00,14.35,14.35,14.0,14.0,193300
2023-12-19 07:00:00,14.0,14.3,13.9,14.3,231300
2023-12-20 07:00:00,14.35,14.8,14.35,14.75,630900
2023-12-21 07:00:00,14.75,14.75,14.55,14.6,238400
2023-12-22 07:00:00,14.75,14.75,14.5,14.6,289000
2023-12-25 07:00:00,14.7,14.85,14.5,14.85,381700
2023-12-26 07:00:00,14.85,15.45,14.85,15.25,721800
2023-12-27 07:00:00,15.35,15.5,15.15,15.25,336600
2023-12-28 07:00:00,15.2,15.5,15.1,15.4,763300
2023-12-29 07:00:00,15.4,15.55,15.3,15.4,361000
2024-01-02 07:00:00,15.55,15.55,15.2,15.25,320400
2024-01-03 07:00:00,15.2,16.0,15.2,15.65,734900
2024-01-04 07:00:00,15.8,15.8,15.45,15.5,399000
2024-01-05 07:00:00,15.4,15.55,15.2,15.25,414100
2024-01-08 07:00:00,15.3,15.6,15.25,15.6,308900
2024-01-09 07:00:00,15.6,15.7,15.3,15.55,384200
2024-01-10 07:00:00,15.65,15.7,15.3,15.35,718100
2024-01-11 07:00:00,15.35,15.5,15.15,15.35,330200
2024-01-12 07:00:00,15.3,15.3,14.85,15.0,437800
2024-01-15 07:00:00,14.85,15.05,14.85,14.9,339100
2024-01-16 07:00:00,14.85,15.3,14.6,15.3,162100
2024-01-17 07:00:00,15.2,15.2,14.9,15.05,337900
2024-01-18 07:00:00,15.15,15.15,15.0,15.05,76200
2024-01-19 07:00:00,15.15,15.45,15.05,15.3,358900
2024-01-22 07:00:00,15.3,15.3,15.0,15.05,181200
2024-01-23 07:00:00,15.05,15.3,14.95,14.95,557400
2024-01-24 07:00:00,14.95,15.1,14.9,15.0,221800
2024-01-25 07:00:00,14.9,15.1,14.9,15.1,168600
2024-01-26 07:00:00,15.05,15.15,14.95,14.95,263700
2024-01-29 07:00:00,14.9,15.1,14.9,15.0,568200
2024-01-30 07:00:00,15.0,15.55,15.0,15.55,944900
2024-01-31 07:00:00,15.55,15.6,15.3,15.4,490200
2024-02-01 07:00:00,15.5,16.4,15.35,16.4,1686700
2024-02-02 07:00:00,16.45,16.45,16.1,16.4,544200
2024-02-05 07:00:00,16.4,16.6,16.2,16.5,608800
2024-02-06 07:00:00,16.5,16.8,16.3,16.4,518700
2024-02-07 07:00:00,16.4,16.65,16.3,16.5,295300
2024-02-15 07:00:00,16.45,16.65,16.35,16.5,394800
2024-02-16 07:00:00,16.5,16.7,16.4,16.6,658800
2024-02-19 07:00:00,16.65,16.7,16.25,16.45,625500
2024-02-20 07:00:00,16.4,16.9,16.25,16.8,1230800
2024-02-21 07:00:00,16.8,16.85,16.5,16.55,403900
2024-02-22 07:00:00,16.5,16.65,16.45,16.5,482700
2024-02-23 07:00:00,16.6,16.6,15.7,15.85,1088600
2024-02-26 07:00:00,15.85,15.95,15.65,15.9,418000
2024-02-27 07:00:00,16.0,16.2,15.9,16.05,321700
2024-02-28 07:00:00,16.05,16.15,15.9,16.0,511100
2024-02-29 07:00:00,16.0,16.0,15.8,15.95,494000
2024-03-01 07:00:00,15.95,16.35,15.75,16.15,460400
2024-03-04 07:00:00,16.4,16.4,16.1,16.25,590900
2024-03-05 07:00:00,16.4,16.5,16.0,16.15,550900
2024-03-06 07:00:00,16.1,16.15,15.7,15.8,729100
2024-03-07 07:00:00,15.75,15.95,15.55,15.75,667200
2024-03-08 07:00:00,15.9,15.9,15.5,15.75,492200
2024-03-11 07:00:00,15.8,15.8,15.45,15.45,439300
2024-03-12 07:00:00,15.5,15.7,15.3,15.55,415600
2024-03-13 07:00:00,15.6,15.8,15.5,15.75,415100
2024-03-14 07:00:00,15.9,15.9,15.65,15.8,535100
2024-03-15 07:00:00,15.7,16.1,15.7,15.8,486100
2024-03-18 07:00:00,15.85,15.9,14.75,15.5,664000
2024-03-19 07:00:00,15.75,15.75,15.35,15.55,366300
2024-03-20 07:00:00,15.5,15.85,15.5,15.85,419100
2024-03-21 07:00:00,16.0,16.0,15.8,15.95,297400
2024-03-22 07:00:00,16.0,16.35,15.9,16.1,1048900
2024-03-25 07:00:00,16.1,16.5,15.95,16.0,1182200
2024-03-26 07:00:00,16.0,16.1,15.85,16.05,610100
2024-03-27 07:00:00,16.05,16.2,16.0,16.05,482900
2024-03-28 07:00:00,16.25,16.25,15.9,16.0,411200
2024-03-29 07:00:00,15.85,15.95,15.8,15.8,432700
2024-04-01 07:00:00,15.75,16.2,15.65,16.2,555800
2024-04-02 07:00:00,16.2,16.2,15.9,16.05,387700
2024-04-03 07:00:00,16.1,16.55,16.1,16.2,1574800
2024-04-04 07:00:00,16.1,16.3,15.95,16.2,392200
2024-04-05 07:00:00,16.1,16.1,15.8,15.8,570800
2024-04-08 07:00:00,15.8,15.9,15.65,15.75,420800
2024-04-09 07:00:00,15.75,15.9,15.65,15.9,334700
2024-04-10 07:00:00,15.9,16.0,15.65,15.65,264500
2024-04-11 07:00:00,15.65,15.65,15.4,15.65,298000
2024-04-12 07:00:00,15.65,15.8,15.55,15.75,432400
2024-04-15 07:00:00,15.8,15.8,14.65,14.65,632700
2024-04-16 07:00:00,14.6,14.65,14.05,14.4,653000
2024-04-17 07:00:00,14.65,14.65,14.15,14.15,314500
2024-04-19 07:00:00,14.0,14.15,13.5,13.6,620000
2024-04-22 07:00:00,13.75,14.05,13.75,14.0,366100
2024-04-23 07:00:00,14.05,14.05,13.75,13.85,288000
2024-04-24 07:00:00,13.95,14.45,13.85,14.35,352900
2024-04-25 07:00:00,14.35,14.4,14.15,14.35,243900
2024-04-26 07:00:00,14.05,15.35,14.0,15.35,836600
2024-05-02 07:00:00,15.65,15.65,15.3,15.55,435900
2024-05-03 07:00:00,15.65,15.8,15.45,15.5,354500
2024-05-06 07:00:00,15.45,15.9,15.45,15.8,421200
2024-05-07 07:00:00,15.9,15.9,15.6,15.8,288100
2024-05-08 07:00:00,15.7,16.45,15.6,16.15,1127300
2024-05-09 07:00:00,16.2,16.4,15.7,15.95,1207100
2024-05-10 07:00:00,16.0,16.05,15.7,15.95,344000
2024-05-13 07:00:00,15.85,16.15,15.85,16.05,912100
2024-05-14 07:00:00,16.05,16.25,15.9,16.1,616100
2024-05-15 07:00:00,16.15,16.95,15.9,16.65,1483400
2024-05-16 07:00:00,16.85,17.1,16.55,16.7,1054900
2024-05-17 07:00:00,16.7,16.8,16.45,16.55,1081300
2024-05-20 07:00:00,16.6,17.3,16.6,17.1,1497500
2024-05-21 07:00:00,17.05,17.1,16.8,17.1,683400
2024-05-22 07:00:00,17.1,18.0,17.05,17.85,2285100
2024-05-23 07:00:00,17.85,18.75,17.6,18.5,2481600
2024-05-24 07:00:00,18.35,18.55,17.45,17.85,1424700
2024-05-27 07:00:00,17.9,18.65,17.85,18.45,1454300
2024-05-28 07:00:00,18.6,18.8,17.85,18.1,1593500
2024-05-29 07:00:00,18.25,18.25,17.7,17.7,1692600
2024-05-30 07:00:00,17.4,18.3,17.3,18.3,2484500
2024-05-31 07:00:00,18.35,18.35,17.9,18.15,966000
2024-06-03 07:00:00,18.15,18.35,17.95,18.15,930200
2024-06-04 07:00:00,18.15,18.7,17.95,18.0,945200
2024-06-05 07:00:00,18.2,18.4,17.9,18.15,1239200
2024-06-06 07:00:00,18.25,19.2,18.2,18.4,1512700
2024-06-07 07:00:00,18.4,18.7,18.15,18.25,735700
2024-06-10 07:00:00,18.8,18.8,18.05,18.2,710200
2024-06-11 07:00:00,18.3,18.9,18.05,18.35,1339700
2024-06-12 07:00:00,18.4,18.85,18.3,18.8,921600
2024-06-13 07:00:00,18.95,18.95,18.45,18.45,565700
2024-06-14 07:00:00,18.35,18.6,17.2,17.2,2679700
2024-06-17 07:00:00,17.3,17.4,17.0,17.0,1215400
2024-06-18 07:00:00,17.0,17.45,17.0,17.3,550300
2024-06-19 07:00:00,17.35,17.6,17.2,17.25,547700
2024-06-20 07:00:00,17.25,17.4,17.0,17.25,581700
2024-06-21 07:00:00,17.4,17.4,17.15,17.15,523800
2024-06-24 07:00:00,17.2,17.45,16.6,16.6,1049900
2024-06-25 07:00:00,16.65,17.35,16.65,17.0,686900
2024-06-26 07:00:00,17.3,17.3,16.75,17.1,478400
2024-06-27 07:00:00,17.0,17.1,16.85,17.05,233700
2024-06-28 07:00:00,17.05,17.1,16.5,16.7,447400
2024-07-01 07:00:00,16.9,17.15,16.65,17.0,220200
2024-07-02 07:00:00,16.95,17.5,16.95,17.5,635800
2024-07-03 07:00:00,17.7,17.7,17.35,17.4,289500
2024-07-04 07:00:00,17.5,17.5,17.1,17.45,517900
2024-07-05 07:00:00,17.2,17.45,17.15,17.4,284000
2024-07-08 07:00:00,17.6,17.6,17.3,17.35,276200
2024-07-09 07:00:00,17.4,18.0,17.4,17.75,990600
2024-07-10 07:00:00,17.6,17.75,17.45,17.5,495500
2024-07-11 07:00:00,17.5,17.7,17.3,17.3,399200
2024-07-12 07:00:00,17.3,17.3,16.95,17.0,554300
2024-07-15 07:00:00,17.0,17.4,17.0,17.4,212600
2024-07-16 07:00:00,17.45,17.45,17.15,17.15,231800
2024-07-17 07:00:00,17.15,17.3,16.2,16.7,539800
2024-07-18 07:00:00,16.75,17.2,16.5,17.2,514100
2024-07-19 07:00:00,17.2,17.45,16.75,17.1,369200
2024-07-22 07:00:00,16.95,17.2,16.5,16.7,538100
2024-07-23 07:00:00,16.8,16.8,16.05,16.05,652800
2024-07-24 07:00:00,16.05,16.7,16.0,16.45,597900
2024-07-25 07:00:00,16.6,16.6,16.25,16.5,63900
2024-07-26 07:00:00,16.6,16.75,16.5,16.7,85700
2024-07-29 07:00:00,16.95,16.95,16.55,16.85,125500
2024-07-30 07:00:00,16.8,16.85,16.6,16.7,176000
2024-07-31 07:00:00,16.65,16.7,16.35,16.35,241600
2024-08-01 07:00:00,16.4,16.5,15.8,16.3,455900
2024-08-02 07:00:00,16.0,16.3,15.8,16.3,210300
2024-08-05 07:00:00,15.95,16.05,15.2,15.2,941600
2024-08-06 07:00:00,15.0,16.05,15.0,15.65,668500
2024-08-07 07:00:00,15.7,15.95,15.65,15.8,240200
2024-08-08 07:00:00,15.9,16.3,15.8,15.85,292600
2024-08-09 07:00:00,15.8,16.2,15.8,15.85,52400
2024-08-12 07:00:00,15.95,16.2,15.7,16.0,233200
2024-08-13 07:00:00,16.0,16.0,15.5,15.75,258200
2024-08-14 07:00:00,15.85,15.9,15.6,15.65,122000
2024-08-15 07:00:00,15.65,15.7,15.5,15.5,336000
2024-08-16 07:00:00,15.55,16.0,15.5,15.85,395900
2024-08-19 07:00:00,15.9,16.0,15.8,15.85,272900
2024-08-20 07:00:00,15.85,16.2,15.85,16.05,444100
2024-08-21 07:00:00,16.05,16.25,16.05,16.15,165800
2024-08-22 07:00:00,16.25,16.3,16.0,16.2,329900
2024-08-23 07:00:00,16.1,16.2,15.85,16.05,182200
2024-08-26 07:00:00,16.1,16.1,15.75,15.8,345100
2024-08-27 07:00:00,15.9,15.9,15.6,15.7,229200
2024-08-28 07:00:00,15.8,15.9,15.65,15.8,158000
2024-08-29 07:00:00,15.8,15.9,15.65,15.8,159800
2024-08-30 07:00:00,15.8,15.9,15.75,15.85,145700
2024-09-04 07:00:00,15.8,15.85,15.55,15.75,210400
2024-09-05 07:00:00,15.6,15.8,15.6,15.65,200900
2024-09-06 07:00:00,15.6,15.6,15.45,15.5,217200
2024-09-09 07:00:00,15.45,15.55,15.3,15.4,220100
2024-09-10 07:00:00,15.4,15.5,15.2,15.4,112200
2024-09-11 07:00:00,15.25,15.4,14.8,15.4,454200
2024-09-12 07:00:00,15.3,15.4,15.2,15.35,149900
2024-09-13 07:00:00,15.3,15.3,15.05,15.1,174400
2024-09-16 07:00:00,15.2,15.2,14.9,15.0,108700
2024-09-17 07:00:00,15.0,15.25,14.85,15.25,219500
2024-09-18 07:00:00,15.1,15.45,15.1,15.3,107100
2024-09-19 07:00:00,15.35,15.5,15.35,15.45,173600
2024-09-20 07:00:00,15.5,15.55,15.1,15.1,238600
2024-09-23 07:00:00,15.1,15.25,15.05,15.15,91700
2024-09-24 07:00:00,15.15,15.3,15.05,15.3,125300
2024-09-25 07:00:00,15.3,15.45,15.15,15.4,160600
2024-09-26 07:00:00,15.35,15.5,15.2,15.45,287300
2024-09-27 07:00:00,15.4,15.45,15.3,15.4,101900
2024-09-30 07:00:00,15.4,15.45,15.25,15.25,157900
2024-10-01 07:00:00,15.3,15.7,15.3,15.45,272900
2024-10-02 07:00:00,15.4,15.45,15.25,15.3,122400
2024-10-03 07:00:00,15.35,15.35,15.1,15.15,200100
2024-10-04 07:00:00,15.1,15.25,15.1,15.15,119900
2024-10-07 07:00:00,15.15,15.2,14.95,15.1,139300
2024-10-08 07:00:00,15.1,16.15,15.1,16.15,957500
2024-10-09 07:00:00,16.35,16.4,16.15,16.15,324900
2024-10-10 07:00:00,16.15,16.2,16.0,16.2,475700
2024-10-11 07:00:00,16.2,16.25,16.05,16.1,169500
2024-10-14 07:00:00,16.25,16.25,15.85,16.0,212700
2024-10-15 07:00:00,16.0,16.2,15.7,15.75,392000
2024-10-16 07:00:00,15.65,15.85,15.65,15.8,283100
2024-10-17 07:00:00,15.95,15.95,15.75,15.95,206600
2024-10-18 07:00:00,15.95,15.95,15.8,15.8,85100
2024-10-21 07:00:00,15.8,15.8,15.65,15.7,131400
2024-10-22 07:00:00,15.55,15.7,15.3,15.4,371700
2024-10-23 07:00:00,15.3,15.55,15.3,15.5,78400
2024-10-24 07:00:00,15.5,15.55,15.35,15.35,119600
2024-10-25 07:00:00,15.35,15.6,15.35,15.4,95200
2024-10-28 07:00:00,15.45,15.6,15.45,15.6,100900
2024-10-29 07:00:00,15.5,15.75,15.5,15.65,75000
2024-10-30 07:00:00,15.65,16.5,15.65,16.0,492600
2024-10-31 07:00:00,16.15,16.2,16.0,16.15,133200
2024-11-01 07:00:00,16.15,16.2,15.8,16.0,194400
2024-11-04 07:00:00,16.0,16.1,15.6,15.75,221000
2024-11-05 07:00:00,15.8,15.8,15.65,15.7,155500
2024-11-06 07:00:00,15.7,16.0,15.7,16.0,196400
2024-11-07 07:00:00,16.1,16.1,15.9,16.0,183600
2024-11-08 07:00:00,16.0,16.45,15.9,16.45,408200
2024-11-11 07:00:00,16.55,17.15,16.55,16.95,1152500
2024-11-12 07:00:00,17.0,17.15,16.7,16.85,345300
2024-11-13 07:00:00,16.7,16.85,16.35,16.55,347400
2024-11-14 07:00:00,16.75,16.75,16.25,16.25,424800
2024-11-15 07:00:00,16.25,16.4,15.9,16.4,498100
2024-11-18 07:00:00,16.4,16.6,16.1,16.5,310800
2024-11-19 07:00:00,16.55,16.6,16.1,16.2,426100
2024-11-20 07:00:00,16.15,16.85,15.95,16.5,1347600
2024-11-21 07:00:00,16.7,16.7,16.4,16.65,143900
2024-11-22 07:00:00,16.6,16.9,16.4,16.55,438700
2024-11-25 07:00:00,16.55,17.15,16.45,16.85,648500
2024-11-26 07:00:00,17.0,17.15,16.7,16.75,674200
2024-11-27 07:00:00,16.8,17.25,16.8,17.0,758700
2024-11-28 07:00:00,17.05,17.2,16.85,16.95,395100
2024-11-29 07:00:00,17.15,17.5,16.95,17.0,1008600
2024-12-02 07:00:00,17.15,17.4,17.0,17.0,607800
2024-12-03 07:00:00,17.0,17.1,16.8,17.0,453800
2024-12-04 07:00:00,16.9,17.05,16.8,16.8,499700
2024-12-05 07:00:00,16.8,17.3,16.6,17.15,565900
2024-12-06 07:00:00,17.15,17.35,17.05,17.05,440800
2024-12-09 07:00:00,17.4,18.2,17.3,18.2,1643400
2024-12-10 07:00:00,18.5,19.3,18.35,19.0,1734500
2024-12-11 07:00:00,18.85,18.9,18.55,18.85,681600
2024-12-12 07:00:00,19.0,19.8,19.0,19.25,1500700
2024-12-13 07:00:00,19.35,19.35,18.85,19.0,524500
2024-12-16 07:00:00,19.0,19.2,18.7,18.8,546200
2024-12-17 07:00:00,18.85,19.8,18.85,19.15,961000
2024-12-18 07:00:00,19.1,19.35,19.0,19.25,524700
2024-12-19 07:00:00,18.9,19.8,18.7,19.6,1464100
2024-12-20 07:00:00,19.8,20.5,19.65,19.9,1107200
2024-12-23 07:00:00,20.0,20.0,19.35,19.6,916100
2024-12-24 07:00:00,19.6,20.0,19.3,19.8,871700
2024-12-25 07:00:00,20.1,20.35,19.3,19.65,1142800
2024-12-26 07:00:00,19.65,19.9,19.4,19.85,558200
2024-12-27 07:00:00,19.9,19.95,19.0,19.0,1160500
2024-12-30 07:00:00,18.9,19.25,18.8,18.95,915700
2024-12-31 07:00:00,18.95,19.2,18.9,19.1,392900
2025-01-02 07:00:00,19.3,19.3,18.65,18.65,686400
2025-01-03 07:00:00,18.7,18.9,18.7,18.75,390800
2025-01-06 07:00:00,18.75,18.95,18.35,18.55,591800
2025-01-07 07:00:00,18.6,18.85,18.45,18.55,414800
2025-01-08 07:00:00,18.55,18.75,18.4,18.75,340100
2025-01-09 07:00:00,18.25,18.8,18.25,18.5,268800
2025-01-10 07:00:00,18.55,19.2,18.4,18.7,888600
2025-01-13 07:00:00,18.5,19.1,18.5,19.05,512900
2025-01-14 07:00:00,19.05,19.35,18.75,18.95,507300
2025-01-15 07:00:00,18.8,20.25,18.8,20.25,1080200
2025-01-16 07:00:00,20.95,21.0,20.25,20.5,1373400
2025-01-17 07:00:00,20.4,21.9,20.35,21.85,2362600
2025-01-20 07:00:00,21.85,22.3,21.45,21.8,892400
2025-01-21 07:00:00,21.6,21.6,20.85,21.15,1531000
2025-01-22 07:00:00,21.1,21.75,21.0,21.25,1442600
2025-01-23 07:00:00,21.15,21.65,21.15,21.5,810400
2025-01-24 07:00:00,21.1,21.2,20.0,20.0,3131100
2025-02-03 07:00:00,19.8,20.0,19.0,19.25,1079000
2025-02-04 07:00:00,19.5,20.1,19.4,19.8,1013500
2025-02-05 07:00:00,19.95,20.6,19.6,20.5,969100
2025-02-06 07:00:00,20.6,20.6,20.1,20.3,844200
2025-02-07 07:00:00,20.6,20.95,20.2,20.3,853700
2025-02-10 07:00:00,20.3,20.4,19.9,20.05,717900
2025-02-11 07:00:00,20.0,21.1,20.0,20.85,1171100
2025-02-12 07:00:00,21.0,21.5,20.8,21.15,1213700
2025-02-13 07:00:00,21.1,21.4,20.8,21.2,967100
2025-02-14 07:00:00,21.2,21.4,20.85,21.15,1164800
2025-02-17 07:00:00,21.25,21.8,20.9,21.1,1202200
2025-02-18 07:00:00,21.2,21.7,20.9,20.95,900000
2025-02-19 07:00:00,20.95,21.6,20.9,21.5,1254300
2025-02-20 07:00:00,21.5,21.75,21.05,21.25,829500
2025-02-21 07:00:00,21.7,22.35,21.35,21.5,1755500
2025-02-24 07:00:00,21.35,21.35,20.9,21.0,1067600
2025-02-25 07:00:00,21.15,21.35,20.9,21.25,1521900
2025-02-26 07:00:00,21.3,21.35,20.95,21.0,549500
2025-02-27 07:00:00,20.85,21.25,20.6,21.25,1188900
2025-02-28 07:00:00,21.3,21.5,21.0,21.25,773500
2025-03-03 07:00:00,21.25,21.9,20.95,21.7,1340100
2025-03-04 07:00:00,21.5,22.2,21.5,21.7,1445100
2025-03-05 07:00:00,21.7,21.7,21.2,21.2,626900
2025-03-06 07:00:00,21.4,21.55,21.1,21.55,918100
2025-03-07 07:00:00,21.6,22.3,21.6,21.6,2292400
2025-03-10 07:00:00,21.6,22.1,21.45,21.6,908000
2025-03-11 07:00:00,21.45,23.1,21.15,23.1,2429400
2025-03-12 07:00:00,23.45,23.45,22.75,23.4,1367700
2025-03-13 07:00:00,23.1,23.1,22.05,22.1,1608400
2025-03-14 07:00:00,22.2,22.2,21.2,21.55,1982900
2025-03-17 07:00:00,21.8,21.9,21.5,21.85,676100
2025-03-18 07:00:00,21.8,21.9,21.5,21.5,632300
2025-03-19 07:00:00,21.4,21.55,21.25,21.25,1016500
2025-03-20 07:00:00,21.4,21.65,20.65,21.55,1124200
2025-03-21 07:00:00,21.15,21.6,21.15,21.35,325400
2025-03-24 07:00:00,21.25,21.6,21.2,21.45,695800
2025-03-25 07:00:00,21.6,21.65,21.3,21.35,667400
2025-03-26 07:00:00,21.25,21.85,21.25,21.55,878000
2025-03-27 07:00:00,21.45,21.6,21.25,21.25,678500
2025-03-28 07:00:00,21.3,21.7,21.25,21.4,1280500
2025-03-31 07:00:00,21.3,21.7,21.0,21.4,1729400
2025-04-01 07:00:00,21.65,21.65,21.35,21.45,601300
2025-04-02 07:00:00,21.7,22.3,21.7,21.95,1934200
2025-04-03 07:00:00,21.3,21.3,20.45,20.45,2249600
2025-04-04 07:00:00,19.05,20.2,19.05,19.8,2003300
2025-04-08 07:00:00,18.45,19.3,18.45,18.45,1587400
2025-04-09 07:00:00,17.2,17.95,17.2,17.2,1335200
2025-04-10 07:00:00,18.4,18.4,18.4,18.4,103100
2025-04-11 07:00:00,18.5,18.8,17.6,18.6,2195500
2025-04-14 07:00:00,18.75,19.3,18.6,19.2,1186300
2025-04-15 07:00:00,18.95,19.9,18.55,19.2,1752300
2025-04-16 07:00:00,19.25,19.45,18.6,18.8,776800
2025-04-17 07:00:00,18.4,19.2,18.4,19.15,576200
2025-04-18 07:00:00,19.2,19.4,19.0,19.0,903900
2025-04-21 07:00:00,19.05,19.1,18.7,18.8,442300
2025-04-22 07:00:00,18.5,18.95,17.5,18.4,1552500
2025-04-23 07:00:00,18.75,19.65,18.55,19.65,1702200
2025-04-24 07:00:00,20.0,20.5,19.9,20.2,1626400
2025-04-25 07:00:00,20.25,20.6,20.1,20.1,779500
2025-04-28 07:00:00,20.5,20.5,20.1,20.1,826500
2025-04-29 07:00:00,20.1,20.3,19.8,19.8,1112800
2025-05-05 07:00:00,20.0,20.5,19.8,20.45,1024500
2025-05-06 07:00:00,20.45,20.5,20.1,20.1,806500
2025-05-07 07:00:00,20.05,20.35,20.05,20.3,871700
2025-05-08 07:00:00,20.55,21.1,20.3,20.3,1514400
2025-05-09 07:00:00,20.4,20.75,19.95,19.95,1109900
2025-05-12 07:00:00,20.15,20.15,19.8,19.95,783600
2025-05-13 07:00:00,20.1,20.35,19.95,20.15,985900
2025-05-14 07:00:00,20.15,20.6,20.0,20.05,1206200
2025-05-15 07:00:00,20.1,20.35,19.9,20.35,1160300
2025-05-16 07:00:00,20.35,20.9,20.25,20.45,2335700
2025-05-19 07:00:00,20.5,20.75,20.25,20.25,1175900
2025-05-20 07:00:00,20.2,20.55,20.1,20.15,1071400
2025-05-21 07:00:00,20.3,21.35,19.85,21.1,3422100
2025-05-22 07:00:00,21.1,21.1,20.3,20.35,1428400
2025-05-23 07:00:00,20.45,20.9,20.3,20.4,1381400
2025-05-26 07:00:00,20.5,20.55,19.8,20.55,1204700
2025-05-27 07:00:00,20.65,21.4,20.6,20.85,2704700
2025-05-28 07:00:00,20.9,21.15,20.45,20.55,1383100
2025-05-29 07:00:00,20.55,20.9,20.4,20.45,1066700
2025-05-30 07:00:00,20.5,20.5,19.95,19.95,1665900
2025-06-02 07:00:00,19.9,20.4,19.9,20.05,1502800
2025-06-03 07:00:00,20.3,20.9,20.15,20.6,2534200
2025-06-04 07:00:00,20.75,22.0,20.6,21.85,4868300
2025-06-05 07:00:00,22.1,22.15,21.45,21.45,1932200
2025-06-06 07:00:00,21.6,22.3,21.45,21.55,2575500
2025-06-09 07:00:00,21.6,22.3,21.6,21.75,2309900
2025-06-10 07:00:00,22.2,23.05,22.2,22.4,2543900
2025-06-11 07:00:00,22.65,23.95,22.1,23.95,3513000
2025-06-12 07:00:00,24.25,25.5,24.0,24.4,4221600
2025-06-13 07:00:00,24.3,24.95,23.5,23.7,4121100
2025-06-16 07:00:00,23.7,24.4,23.35,23.7,2773700
2025-06-17 07:00:00,23.8,24.45,23.6,24.15,2492500
2025-06-18 07:00:00,24.05,24.55,23.3,23.55,2727200
2025-06-19 07:00:00,23.8,23.8,22.95,23.3,1766100
2025-06-20 07:00:00,23.7,23.9,23.35,23.6,1383700
2025-06-23 07:00:00,23.4,25.25,23.4,25.1,4849700
2025-06-24 07:00:00,25.1,25.2,24.55,24.7,1597700
2025-06-25 07:00:00,25.25,25.3,24.2,24.35,2952200
2025-06-26 07:00:00,24.6,24.7,24.2,24.5,1289900
2025-06-27 07:00:00,24.7,24.7,24.3,24.45,1092700
2025-06-30 07:00:00,24.45,24.85,24.2,24.45,1195700
2025-07-01 07:00:00,24.55,24.95,24.0,24.35,1767900
2025-07-02 07:00:00,24.35,24.55,24.05,24.35,1183500
2025-07-03 07:00:00,24.3,25.1,24.15,24.4,1969700
2025-07-04 07:00:00,24.7,25.3,24.25,25.2,3019200
2025-07-07 07:00:00,25.3,26.15,25.3,25.3,1354200
2025-07-08 07:00:00,25.3,25.3,24.8,25.0,1895600
2025-07-09 07:00:00,25.1,25.1,24.6,24.65,2660100
2025-07-10 07:00:00,24.6,24.9,24.55,24.9,1319500
2025-07-11 07:00:00,25.0,25.1,24.2,24.2,1920600
2025-07-14 07:00:00,24.2,24.55,23.5,24.4,2147600
2025-07-15 07:00:00,24.4,24.55,23.9,24.0,1312400
2025-07-16 07:00:00,24.0,24.9,23.85,24.5,2046500
2025-07-17 07:00:00,24.6,25.6,24.45,24.9,3389000
2025-07-18 07:00:00,25.3,25.85,24.5,25.45,3401500
2025-07-21 07:00:00,25.95,25.95,24.8,24.9,1942000
2025-07-22 07:00:00,24.9,24.95,24.55,24.65,2217800
2025-07-23 07:00:00,24.65,25.6,24.65,25.05,3881000
2025-07-24 07:00:00,25.1,25.4,24.95,25.4,2267200
2025-07-25 07:00:00,25.65,26.65,25.65,25.85,3177900
2025-07-28 07:00:00,26.0,26.0,25.2,25.55,3385200
2025-07-29 07:00:00,26.0,27.15,25.45,25.8,5450900
2025-07-30 07:00:00,25.95,26.35,24.0,25.25,2781500
2025-07-31 07:00:00,25.5,25.5,24.6,25.1,1642000
2025-08-01 07:00:00,25.0,26.1,24.9,25.7,2997600
2025-08-04 07:00:00,25.7,27.45,25.7,27.45,3545000
2025-08-05 07:00:00,28.0,28.05,25.55,26.4,3445800
2025-08-06 07:00:00,26.55,26.95,25.95,26.9,2152500
2025-08-07 07:00:00,26.9,27.65,26.5,27.65,2608200
2025-08-08 07:00:00,27.85,27.85,26.8,27.15,1990100
2025-08-11 07:00:00,27.4,28.1,27.1,27.2,1870900
2025-08-12 07:00:00,27.25,27.7,26.4,27.3,2863600
2025-08-13 07:00:00,27.4,27.75,26.8,27.4,2259900
2025-08-14 07:00:00,27.6,28.95,27.4,27.6,2555500
2025-08-15 07:00:00,27.75,27.9,26.8,27.0,2490600
2025-08-18 07:00:00,27.1,27.9,27.0,27.3,2255100
2025-08-19 07:00:00,27.6,27.7,27.15,27.25,1561100
2025-08-20 07:00:00,27.25,27.4,25.4,25.85,4280200
2025-08-21 07:00:00,26.0,26.0,25.0,25.0,2587100
2025-08-22 07:00:00,24.6,24.95,23.6,24.05,2608200
2025-08-25 07:00:00,24.05,24.45,23.8,23.85,1374800
2025-08-26 07:00:00,24.0,24.75,23.9,24.75,785900
2025-08-27 07:00:00,24.9,25.0,24.3,24.35,928500
2025-08-28 07:00:00,24.45,24.6,24.25,24.45,553400
2025-08-29 07:00:00,24.6,24.95,24.45,24.5,1126900
2025-09-03 07:00:00,24.35,25.1,24.35,25.0,990600
2025-09-04 07:00:00,25.0,25.4,24.8,25.25,1721700
2025-09-05 07:00:00,25.5,26.4,25.4,25.6,2525900
2025-09-08 07:00:00,25.6,25.95,25.1,25.25,1236900
2025-09-09 07:00:00,25.15,25.3,24.8,25.05,747100
2025-09-10 07:00:00,25.1,25.65,25.1,25.3,822000
2025-09-11 07:00:00,25.3,25.9,24.65,25.9,1629900
2025-09-12 07:00:00,26.0,27.1,25.85,26.55,2624900
2025-09-15 07:00:00,26.7,27.0,26.1,26.9,1363400
2025-09-16 07:00:00,27.0,27.1,26.0,26.3,1222000
2025-09-17 07:00:00,25.9,26.3,25.4,25.4,1432100
2025-09-18 07:00:00,25.45,25.75,25.15,25.4,614900
2025-09-19 07:00:00,25.5,25.7,25.05,25.15,585800
2025-09-22 07:00:00,25.2,25.3,24.55,24.7,933300
2025-09-23 07:00:00,24.95,24.95,24.45,24.45,354200
2025-09-24 07:00:00,24.45,25.45,24.35,25.45,447500
2025-09-25 07:00:00,25.4,26.0,25.1,25.7,1065400
2025-09-26 07:00:00,25.8,26.4,25.7,25.85,1612500
2025-09-29 07:00:00,25.7,26.15,25.15,25.15,605300
2025-09-30 07:00:00,25.1,25.8,24.35,25.15,887900
2025-10-01 07:00:00,25.15,25.6,25.0,25.55,371700
2025-10-02 07:00:00,25.5,25.85,25.1,25.65,977000
2025-10-03 07:00:00,25.5,25.6,24.9,24.9,430500
2025-10-06 07:00:00,25.1,25.6,25.1,25.5,460400
2025-10-07 07:00:00,25.45,26.3,25.3,25.95,1343700
2025-10-08 07:00:00,26.0,26.1,25.55,25.9,556400
2025-10-09 07:00:00,26.0,26.2,25.7,25.75,1033200
2025-10-10 07:00:00,25.75,26.55,25.75,26.0,1527700
2025-10-13 07:00:00,25.6,25.95,25.5,25.75,579200
2025-10-14 07:00:00,26.0,26.2,25.05,25.05,1230800
2025-10-15 07:00:00,25.05,25.3,24.6,24.65,1144100
2025-10-16 07:00:00,24.7,24.95,24.4,24.9,767100
2025-10-17 07:00:00,24.9,25.3,24.5,24.5,1045100
2025-10-20 07:00:00,24.5,25.1,23.05,23.05,2299400
2025-10-21 07:00:00,23.05,23.9,23.05,23.9,1374600
2025-10-22 07:00:00,24.1,24.1,23.3,24.0,686800
2025-10-23 07:00:00,24.2,24.2,23.7,24.0,513000
2025-10-24 07:00:00,23.75,23.95,23.2,23.95,563100
2025-10-27 07:00:00,23.95,24.05,23.45,23.45,466500
2025-10-28 07:00:00,23.45,23.7,23.05,23.7,664300
2025-10-29 07:00:00,23.7,24.5,23.7,24.45,539500
2025-10-30 07:00:00,24.4,24.4,23.8,23.9,487300
2025-10-31 07:00:00,24.1,24.1,23.45,23.45,774100
2025-11-03 07:00:00,23.25,23.7,21.85,21.85,945700
2025-11-04 07:00:00,22.6,23.2,21.95,23.05,737200
2025-11-05 07:00:00,22.95,22.95,22.5,22.75,322200
2025-11-06 07:00:00,22.85,22.9,22.6,22.7,290800
2025-11-07 07:00:00,22.7,22.75,22.45,22.55,409100
2025-11-10 07:00:00,22.6,22.75,22.4,22.45,422400
2025-11-11 07:00:00,22.45,22.55,22.25,22.4,483300
2025-11-12 07:00:00,22.55,23.25,22.45,22.9,365600
2025-11-13 07:00:00,23.0,23.7,22.7,23.2,467600
2025-11-14 07:00:00,23.2,23.55,23.2,23.3,329000
2025-11-17 07:00:00,23.5,23.9,23.4,23.7,250100
2025-11-18 07:00:00,23.7,23.7,23.35,23.5,219800
2025-11-19 07:00:00,23.4,23.75,23.35,23.75,196300
2025-11-20 07:00:00,23.5,23.7,23.45,23.7,154800
2025-11-21 07:00:00,23.7,23.7,23.4,23.65,241800
2025-11-24 07:00:00,23.65,24.0,23.1,23.6,127600
2025-11-25 07:00:00,23.45,23.5,22.95,23.0,648900
2025-11-26 07:00:00,23.1,23.6,23.0,23.6,148100
2025-11-27 07:00:00,23.6,23.6,23.2,23.2,122400
2025-11-28 07:00:00,23.2,23.5,23.15,23.5,229300
2025-12-01 07:00:00,23.2,24.2,23.2,23.55,790300
2025-12-02 07:00:00,23.55,23.9,23.3,23.85,268800
2025-12-03 07:00:00,23.95,24.0,23.6,23.85,273800
2025-12-04 07:00:00,23.8,24.0,23.65,23.9,230300
2025-12-05 07:00:00,24.0,24.0,23.55,23.55,295100
2025-12-08 07:00:00,23.55,23.7,23.2,23.3,311100
2025-12-09 07:00:00,23.3,23.3,22.7,23.0,392700
2025-12-10 07:00:00,23.0,23.4,22.8,22.95,150500
2025-12-11 07:00:00,23.0,23.4,22.9,23.0,145500
2025-12-12 07:00:00,22.95,23.0,21.4,21.9,457900
2025-12-15 07:00:00,22.05,22.2,21.9,21.9,331100
2025-12-16 07:00:00,22.05,23.0,21.9,22.9,485200
2025-12-17 07:00:00,22.7,22.9,22.0,22.6,125100
2025-12-18 07:00:00,22.55,22.6,22.35,22.6,229100
2025-12-19 07:00:00,22.6,22.7,22.4,22.7,154100
2025-12-22 07:00:00,22.55,22.9,22.55,22.8,138200
2025-12-23 07:00:00,22.8,23.6,22.75,22.85,397600
2025-12-24 07:00:00,22.85,22.85,22.5,22.7,255500
2025-12-25 07:00:00,22.55,22.8,22.3,22.4,264500
2025-12-26 07:00:00,22.15,22.4,21.8,22.05,430100
2025-12-29 07:00:00,22.05,22.1,21.9,22.0,169300
2025-12-30 07:00:00,22.0,22.2,21.9,22.0,204100
2025-12-31 07:00:00,22.05,22.5,22.05,22.25,193200
2026-01-05 07:00:00,22.25,22.25,21.8,22.1,195100
2026-01-06 07:00:00,22.1,22.2,21.7,22.2,218800
2026-01-07 07:00:00,22.2,22.45,22.15,22.4,207300
2026-01-08 07:00:00,22.5,22.55,22.05,22.2,173200
2026-01-09 07:00:00,22.25,22.4,21.95,22.05,450100
2026-01-12 07:00:00,22.05,22.65,21.7,22.5,484200
2026-01-13 07:00:00,22.5,22.8,22.5,22.5,313000
2026-01-14 07:00:00,22.6,23.0,22.4,22.6,370700
2026-01-15 07:00:00,22.65,23.0,22.65,22.65,291200
2026-01-16 07:00:00,22.9,23.35,22.7,23.0,532200
2026-01-19 07:00:00,23.2,23.8,23.1,23.65,1205000
2026-01-20 07:00:00,23.95,24.1,23.65,23.65,1094400
2026-01-21 07:00:00,23.5,23.65,23.0,23.25,486100
2026-01-22 07:00:00,23.25,24.3,23.2,23.75,642600
2026-01-23 07:00:00,24.0,24.05,23.4,23.45,240800
2026-01-26 07:00:00,23.55,23.8,22.9,23.05,449000
2026-01-27 07:00:00,23.1,23.15,22.05,22.55,270200
2026-01-28 07:00:00,23.6,23.6,22.75,23.25,476700
2026-01-29 07:00:00,23.1,23.6,23.05,23.45,244500
2026-01-30 07:00:00,23.7,24.65,23.6,24.05,961600
2026-02-02 07:00:00,24.05,24.2,23.5,23.85,630500
2026-02-03 07:00:00,23.85,24.2,23.5,24.0,878300
2026-02-04 07:00:00,24.35,25.65,24.0,25.65,3048700
2026-02-05 07:00:00,25.7,25.8,24.65,24.65,696300
2026-02-06 07:00:00,24.5,24.7,23.35,23.35,1723100
2026-02-09 07:00:00,23.55,23.8,23.3,23.4,444900
2026-02-10 07:00:00,23.4,23.65,22.8,23.45,595800
2026-02-11 07:00:00,23.45,23.9,23.35,23.7,426200
2026-02-12 07:00:00,23.6,23.85,23.35,23.65,254700
2026-02-13 07:00:00,23.65,23.8,23.35,23.6,286300
2026-02-23 07:00:00,24.1,24.1,23.6,23.8,399700
2026-02-24 07:00:00,23.7,24.6,23.7,24.3,601100
2026-02-25 07:00:00,24.3,24.9,24.15,24.45,700900
2026-02-26 07:00:00,24.45,24.45,23.95,24.2,353500
2026-02-27 07:00:00,24.2,24.45,23.9,24.25,550500
2026-03-02 07:00:00,23.8,25.0,23.6,24.5,1117600
2026-03-03 07:00:00,24.5,25.4,24.35,25.2,1778200
2026-03-04 07:00:00,25.35,25.85,24.85,25.7,2007700
2026-03-05 07:00:00,25.95,26.4,25.0,25.2,1205400
2026-03-06 07:00:00,25.0,25.05,24.1,24.3,1654500
2026-03-09 07:00:00,22.6,23.5,22.6,22.6,709100
2026-03-10 07:00:00,22.7,23.35,22.6,22.8,1026900
2026-03-11 07:00:00,22.85,23.6,22.75,23.55,513200
2026-03-12 07:00:00,23.3,24.1,23.3,23.45,571100
2026-03-13 07:00:00,23.35,24.6,21.85,24.2,1171300
2026-03-16 07:00:00,24.0,24.1,23.4,23.8,525300
2026-03-17 07:00:00,23.8,23.85,23.2,23.2,504600
2026-03-18 07:00:00,23.5,23.5,22.6,22.9,543100
2026-03-19 07:00:00,22.65,23.2,22.5,22.9,475900
2026-03-20 07:00:00,22.9,23.0,22.5,22.6,450500
2026-03-23 07:00:00,22.4,22.4,21.5,21.5,746400
2026-03-24 07:00:00,22.0,22.4,21.6,22.2,472400
2026-03-25 07:00:00,22.25,22.9,22.25,22.7,326500
2026-03-26 07:00:00,22.8,22.9,22.05,22.7,154800
2026-03-27 07:00:00,22.8,23.15,22.65,23.05,438400
2026-03-30 07:00:00,22.6,23.0,22.6,22.8,157800
2026-03-31 07:00:00,23.0,23.1,22.7,22.95,328300
2026-04-01 07:00:00,23.0,23.2,22.8,22.9,527500
2026-04-02 07:00:00,22.7,22.75,22.4,22.65,438200
2026-04-03 07:00:00,22.65,22.85,22.5,22.55,250000
2026-04-06 07:00:00,23.0,23.5,22.4,22.8,1254800
2026-04-07 07:00:00,22.95,23.05,22.7,22.9,593200
2026-04-08 07:00:00,23.35,23.4,23.05,23.05,882800
2026-04-09 07:00:00,23.1,23.7,22.6,23.3,719900
2026-04-10 07:00:00,23.35,23.55,22.8,22.85,623600
2026-04-13 07:00:00,22.8,23.2,22.7,22.8,450200
2026-04-14 07:00:00,22.8,23.0,22.7,22.85,628000
2026-04-15 07:00:00,22.9,23.1,22.7,22.75,358900
2026-04-16 07:00:00,22.85,22.85,22.25,22.25,667700
2026-04-17 07:00:00,22.55,22.55,22.25,22.35,599800
2026-04-20 07:00:00,22.35,22.5,22.15,22.2,849900
2026-04-21 07:00:00,22.2,22.4,22.05,22.2,247900
2026-04-22 07:00:00,22.15,22.2,21.85,22.0,561200
2026-04-23 07:00:00,22.1,22.15,21.6,22.05,1081500
2026-04-24 07:00:00,22.1,22.15,21.6,22.0,191400
2026-04-28 07:00:00,21.9,22.0,21.45,21.45,842200
2026-04-29 07:00:00,21.3,21.6,21.15,21.5,192400
2026-05-04 07:00:00,21.5,21.8,21.2,21.5,266800
2026-05-05 07:00:00,21.45,21.65,21.2,21.6,130400
2026-05-06 07:00:00,21.35,21.7,21.35,21.6,98600
2026-05-07 07:00:00,21.7,21.95,21.55,21.6,258900
2026-05-08 07:00:00,21.55,21.9,21.55,21.7,372500
2026-05-11 07:00:00,21.75,21.8,21.3,21.5,230100
2026-05-12 07:00:00,21.5,21.6,21.05,21.35,386600
2026-05-13 07:00:00,21.2,21.3,20.9,21.0,340400
2026-05-14 07:00:00,21.1,21.95,21.1,21.6,361600
2026-05-15 07:00:00,21.7,21.7,21.35,21.45,136100
2026-05-18 07:00:00,21.3,21.45,20.9,21.35,263900
2026-05-19 07:00:00,21.35,21.4,20.95,21.3,358500
2026-05-20 07:00:00,21.3,21.3,20.5,20.8,405300
2026-05-21 07:00:00,20.8,20.9,20.55,20.55,254000
2026-05-22 07:00:00,20.55,20.65,20.2,20.6,289900
2026-05-25 07:00:00,20.55,20.65,20.3,20.35,311500
2026-05-26 07:00:00,20.3,20.45,20.25,20.45,452500
2026-05-27 07:00:00,20.3,20.55,20.3,20.4,174100
