time,open,high,low,close,volume
2018-01-02 07:00:00,9.09,9.36,8.91,8.95,16660
2018-01-03 07:00:00,9.09,9.19,8.95,9.02,20836
2018-01-04 07:00:00,9.02,9.19,9.02,9.16,6600
2018-01-05 07:00:00,9.19,9.36,8.84,9.09,4235
2018-01-08 07:00:00,8.88,9.02,8.74,9.02,7600
2018-01-09 07:00:00,8.95,8.95,8.67,8.88,10143
2018-01-10 07:00:00,9.16,9.71,8.71,8.78,44600
2018-01-11 07:00:00,9.36,9.47,8.74,9.36,8300
2018-01-12 07:00:00,8.78,9.09,8.71,8.74,13400
2018-01-15 07:00:00,8.67,8.91,8.53,8.91,10700
2018-01-16 07:00:00,9.09,9.09,8.88,8.88,350
2018-01-17 07:00:00,8.98,8.98,8.57,8.88,5733
2018-01-18 07:00:00,8.84,8.84,8.32,8.67,22510
2018-01-19 07:00:00,8.64,8.74,8.46,8.74,26300
2018-01-22 07:00:00,8.98,9.09,8.57,8.95,38150
2018-01-23 07:00:00,8.74,9.02,8.74,8.84,13600
2018-01-24 07:00:00,8.91,8.91,8.67,8.84,16600
2018-01-25 07:00:00,8.78,8.84,8.57,8.78,53700
2018-01-26 07:00:00,8.84,8.98,8.78,8.98,68410
2018-01-29 07:00:00,8.98,8.98,8.67,8.95,10281
2018-01-30 07:00:00,8.6,8.91,8.53,8.84,13436
2018-01-31 07:00:00,8.6,8.81,8.6,8.81,54100
2018-02-01 07:00:00,8.6,8.67,8.5,8.67,19100
2018-02-02 07:00:00,8.5,8.64,8.12,8.64,25100
2018-02-05 07:00:00,8.15,8.67,8.15,8.67,1800
2018-02-06 07:00:00,8.64,8.64,8.64,8.64,105
2018-02-07 07:00:00,8.64,8.64,8.64,8.64,120
2018-02-08 07:00:00,7.67,8.57,7.67,8.57,2788
2018-02-09 07:00:00,8.6,8.6,7.87,8.57,4266
2018-02-12 07:00:00,8.39,8.39,8.39,8.39,5200
2018-02-13 07:00:00,8.5,8.98,8.5,8.98,8608
2018-02-21 07:00:00,8.67,8.81,8.67,8.81,14050
2018-02-22 07:00:00,8.15,8.74,8.15,8.67,4255
2018-02-23 07:00:00,8.15,8.74,8.15,8.74,6600
2018-02-26 07:00:00,8.57,8.78,8.57,8.78,36600
2018-02-27 07:00:00,8.74,8.78,8.5,8.78,22300
2018-02-28 07:00:00,8.74,8.95,8.74,8.95,2243
2018-03-01 07:00:00,8.84,8.95,8.81,8.95,8455
2018-03-02 07:00:00,8.84,8.84,8.6,8.84,47100
2018-03-05 07:00:00,8.67,8.67,8.6,8.6,6905
2018-03-06 07:00:00,8.67,8.67,8.67,8.67,300
2018-03-07 07:00:00,8.6,8.67,8.5,8.67,2040
2018-03-08 07:00:00,8.74,8.74,8.32,8.64,6610
2018-03-09 07:00:00,8.5,8.64,8.32,8.64,4800
2018-03-12 07:00:00,8.57,8.64,8.57,8.64,905
2018-03-13 07:00:00,8.6,8.6,8.32,8.57,8700
2018-03-14 07:00:00,8.67,8.67,8.6,8.6,339
2018-03-15 07:00:00,8.64,8.64,8.64,8.64,5
2018-03-16 07:00:00,8.64,8.67,8.15,8.57,7286
2018-03-19 07:00:00,8.5,8.5,8.5,8.5,100
2018-03-20 07:00:00,8.32,8.5,8.32,8.5,2100
2018-03-21 07:00:00,8.5,8.53,8.43,8.53,10300
2018-03-22 07:00:00,8.32,8.53,8.32,8.5,4200
2018-03-23 07:00:00,8.5,8.5,8.5,8.5,100
2018-03-26 07:00:00,8.53,8.53,8.39,8.39,1700
2018-03-27 07:00:00,8.39,8.39,8.39,8.39,2304
2018-03-28 07:00:00,8.39,8.39,8.32,8.39,1000
2018-03-29 07:00:00,8.32,8.53,8.32,8.53,50421
2018-03-30 07:00:00,8.53,8.84,8.36,8.36,759
2018-04-02 07:00:00,8.78,8.78,8.78,8.78,4050
2018-04-03 07:00:00,8.5,8.5,8.32,8.32,3620
2018-04-04 07:00:00,8.32,8.43,8.32,8.32,875
2018-04-05 07:00:00,8.32,8.39,8.32,8.32,4900
2018-04-06 07:00:00,8.19,8.32,8.15,8.29,2254
2018-04-09 07:00:00,8.46,8.46,7.98,8.32,8294
2018-04-10 07:00:00,8.32,8.32,8.15,8.15,5050
2018-04-11 07:00:00,8.19,8.36,8.08,8.32,9242
2018-04-12 07:00:00,8.32,8.32,7.98,8.29,8300
2018-04-13 07:00:00,8.19,8.29,8.15,8.19,5300
2018-04-16 07:00:00,8.32,8.32,8.15,8.15,4150
2018-04-17 07:00:00,8.32,8.32,8.32,8.32,5600
2018-04-18 07:00:00,8.39,8.43,8.29,8.43,12956
2018-04-19 07:00:00,8.32,8.39,8.05,8.32,14500
2018-04-20 07:00:00,7.98,8.67,7.63,8.36,14306
2018-04-23 07:00:00,8.67,8.67,8.32,8.32,2800
2018-04-24 07:00:00,7.98,8.5,7.98,8.32,6520
2018-04-26 07:00:00,7.98,8.6,7.98,8.5,5590
2018-04-27 07:00:00,7.98,8.5,7.98,8.5,1200
2018-05-02 07:00:00,8.5,8.6,8.15,8.19,5300
2018-05-03 07:00:00,8.43,8.43,8.05,8.25,6600
2018-05-04 07:00:00,8.15,8.36,7.98,8.36,5350
2018-05-07 07:00:00,8.32,8.32,7.98,8.29,23820
2018-05-08 07:00:00,8.29,8.29,7.98,8.08,43818
2018-05-09 07:00:00,8.25,8.25,7.98,7.98,2300
2018-05-10 07:00:00,8.32,8.32,7.98,8.25,9423
2018-05-11 07:00:00,8.29,8.29,7.98,7.98,2000
2018-05-14 07:00:00,7.98,7.98,7.98,7.98,1093
2018-05-15 07:00:00,7.98,8.39,7.98,8.39,3550
2018-05-16 07:00:00,8.32,8.32,8.12,8.12,2909
2018-05-17 07:00:00,7.98,8.29,6.97,8.29,37311
2018-05-18 07:00:00,8.32,8.32,7.98,7.98,12800
2018-05-21 07:00:00,7.98,7.98,7.98,7.98,5900
2018-05-22 07:00:00,7.98,7.98,7.8,7.8,4900
2018-05-23 07:00:00,8.12,8.12,8.05,8.12,2600
2018-05-24 07:00:00,8.12,8.12,7.98,7.98,600
2018-05-25 07:00:00,7.84,7.91,7.84,7.84,645
2018-05-28 07:00:00,8.22,8.22,7.7,8.15,1998
2018-05-29 07:00:00,8.15,8.15,8.15,8.15,100
2018-05-31 07:00:00,7.98,8.29,7.28,8.29,8800
2018-06-01 07:00:00,8.32,8.32,7.91,7.91,3056
2018-06-04 07:00:00,8.64,9.02,8.64,8.67,12958
2018-06-05 07:00:00,8.64,8.67,7.98,8.15,10800
2018-06-06 07:00:00,8.32,8.32,8.01,8.01,1410
2018-06-07 07:00:00,8.05,8.05,7.98,7.98,6236
2018-06-08 07:00:00,8.12,8.25,7.98,8.25,7620
2018-06-11 07:00:00,8.32,9.19,8.32,8.67,24800
2018-06-12 07:00:00,8.25,8.71,8.25,8.67,22294
2018-06-13 07:00:00,8.5,9.95,8.5,9.54,125850
2018-06-14 07:00:00,9.02,9.95,9.02,9.57,23613
2018-06-15 07:00:00,9.23,9.71,9.02,9.54,27117
2018-06-18 07:00:00,9.33,9.36,8.84,9.02,31138
2018-06-19 07:00:00,8.84,9.3,8.67,8.84,45533
2018-06-20 07:00:00,8.71,10.23,8.71,9.02,45303
2018-06-21 07:00:00,9.02,9.33,9.02,9.19,43010
2018-06-22 07:00:00,9.09,9.68,8.95,9.33,34960
2018-06-25 07:00:00,9.16,9.33,9.12,9.23,47300
2018-06-26 07:00:00,9.05,9.4,9.02,9.19,37803
2018-06-27 07:00:00,8.95,9.33,8.95,9.09,13415
2018-06-28 07:00:00,9.02,9.05,8.81,8.84,19100
2018-06-29 07:00:00,8.84,9.02,8.84,9.02,3100
2018-07-02 07:00:00,9.02,9.3,8.67,9.16,24200
2018-07-03 07:00:00,8.88,9.09,8.53,8.67,38609
2018-07-04 07:00:00,9.3,9.68,8.6,8.6,9880
2018-07-05 07:00:00,8.88,9.26,8.6,8.67,15200
2018-07-06 07:00:00,8.67,8.74,8.67,8.74,2100
2018-07-09 07:00:00,9.02,9.02,8.67,8.78,3200
2018-07-10 07:00:00,9.09,9.09,8.39,8.78,2516
2018-07-11 07:00:00,8.32,8.6,8.25,8.6,22500
2018-07-12 07:00:00,8.91,8.91,8.91,8.91,100
2018-07-13 07:00:00,9.02,9.02,8.67,8.71,1300
2018-07-16 07:00:00,8.25,8.71,8.19,8.71,16600
2018-07-17 07:00:00,8.5,8.64,8.29,8.64,9800
2018-07-18 07:00:00,8.64,8.67,8.43,8.53,39530
2018-07-19 07:00:00,8.6,9.02,8.32,8.78,19300
2018-07-20 07:00:00,8.91,8.91,8.29,8.32,6223
2018-07-23 07:00:00,8.32,8.6,8.15,8.5,2012
2018-07-24 07:00:00,8.22,8.39,8.22,8.32,8909
2018-07-25 07:00:00,8.46,8.46,7.98,8.01,9900
2018-07-26 07:00:00,8.64,8.64,8.12,8.12,3300
2018-07-27 07:00:00,8.39,8.39,7.91,8.25,11210
2018-07-30 07:00:00,7.98,8.25,7.98,8.25,9400
2018-07-31 07:00:00,8.19,8.84,8.05,8.67,31398
2018-08-01 07:00:00,8.39,8.78,8.39,8.46,24710
2018-08-02 07:00:00,8.67,8.67,8.36,8.36,2117
2018-08-03 07:00:00,8.6,8.67,8.53,8.53,3388
2018-08-06 07:00:00,9.82,9.82,8.57,8.64,1430
2018-08-07 07:00:00,8.64,8.64,8.43,8.64,1700
2018-08-08 07:00:00,8.64,8.64,8.19,8.32,7534
2018-08-09 07:00:00,8.32,8.64,8.32,8.64,1925
2018-08-10 07:00:00,8.46,8.67,8.32,8.39,2700
2018-08-13 07:00:00,8.57,8.64,8.36,8.43,6450
2018-08-14 07:00:00,8.6,9.88,8.36,8.84,40031
2018-08-15 07:00:00,9.36,9.61,8.36,8.43,13950
2018-08-16 07:00:00,8.29,8.6,8.29,8.39,6022
2018-08-17 07:00:00,8.64,8.84,8.43,8.64,51400
2018-08-20 07:00:00,8.64,8.81,8.43,8.67,9671
2018-08-21 07:00:00,8.81,8.81,8.46,8.64,16022
2018-08-22 07:00:00,8.71,8.71,8.71,8.71,700
2018-08-23 07:00:00,8.67,8.67,8.67,8.67,1054
2018-08-24 07:00:00,8.67,8.67,8.36,8.53,9400
2018-08-27 07:00:00,8.64,8.74,8.43,8.6,19930
2018-08-28 07:00:00,8.71,8.74,8.43,8.74,26900
2018-08-29 07:00:00,8.67,8.67,8.5,8.64,9400
2018-08-30 07:00:00,8.67,9.23,8.64,9.19,11200
2018-08-31 07:00:00,8.71,9.02,8.57,8.57,11136
2018-09-04 07:00:00,8.71,8.84,8.32,8.64,43500
2018-09-05 07:00:00,8.64,8.64,8.43,8.43,2100
2018-09-06 07:00:00,8.6,8.67,8.36,8.57,51100
2018-09-07 07:00:00,8.53,8.53,8.53,8.53,1120
2018-09-10 07:00:00,8.6,8.6,8.32,8.36,13630
2018-09-11 07:00:00,8.5,8.5,8.5,8.5,10000
2018-09-12 07:00:00,8.53,8.6,8.32,8.53,12200
2018-09-14 07:00:00,8.32,8.57,8.32,8.36,25500
2018-09-17 07:00:00,8.53,8.53,8.32,8.5,19200
2018-09-18 07:00:00,8.5,8.5,8.15,8.32,13434
2018-09-19 07:00:00,8.46,9.33,8.39,8.88,112049
2018-09-20 07:00:00,8.78,9.02,8.5,8.78,51740
2018-09-21 07:00:00,8.78,9.09,8.6,8.88,170926
2018-09-24 07:00:00,8.95,10.02,8.67,8.95,67227
2018-09-25 07:00:00,9.09,9.09,8.67,8.88,94900
2018-09-26 07:00:00,8.91,9.71,8.91,9.4,409147
2018-09-27 07:00:00,9.54,10.06,9.4,9.54,411912
2018-09-28 07:00:00,9.88,9.88,9.36,9.54,74419
2018-10-01 07:00:00,9.36,9.47,9.19,9.36,133611
2018-10-02 07:00:00,8.88,9.54,8.88,9.33,90401
2018-10-03 07:00:00,9.43,9.78,9.12,9.12,38712
2018-10-04 07:00:00,9.05,9.36,9.05,9.12,28992
2018-10-05 07:00:00,9.36,9.43,9.05,9.3,39821
2018-10-08 07:00:00,9.54,9.78,9.19,9.19,59813
2018-10-09 07:00:00,9.57,9.88,8.95,9.12,71297
2018-10-10 07:00:00,9.3,9.33,8.67,9.16,126643
2018-10-11 07:00:00,8.95,9.16,8.5,8.78,103310
2018-10-12 07:00:00,8.78,8.95,8.32,8.81,88168
2018-10-15 07:00:00,8.74,8.84,8.46,8.81,10580
2018-10-16 07:00:00,8.78,8.81,8.5,8.5,41129
2018-10-17 07:00:00,8.81,9.36,8.53,8.84,127000
2018-10-18 07:00:00,8.67,8.71,8.53,8.67,13400
2018-10-19 07:00:00,8.74,8.88,8.43,8.53,71160
2018-10-22 07:00:00,8.57,8.81,8.5,8.64,5900
2018-10-23 07:00:00,8.74,8.91,8.36,8.6,83413
2018-10-24 07:00:00,8.64,8.67,7.98,7.98,68740
2018-10-25 07:00:00,8.29,8.29,7.98,8.19,19400
2018-10-26 07:00:00,8.32,8.32,8.15,8.15,12922
2018-10-29 07:00:00,8.22,8.22,7.8,7.8,22700
2018-10-30 07:00:00,7.98,8.01,7.73,7.98,15600
2018-10-31 07:00:00,7.98,7.98,7.28,7.28,248114
2018-11-01 07:00:00,7.63,8.39,7.63,8.32,165020
2018-11-02 07:00:00,8.25,8.32,7.98,8.08,48000
2018-11-05 07:00:00,8.32,8.67,7.98,7.98,154321
2018-11-06 07:00:00,7.98,8.12,7.8,7.94,45926
2018-11-07 07:00:00,8.01,8.15,7.6,7.6,75410
2018-11-08 07:00:00,7.87,7.98,7.77,7.77,15151
2018-11-09 07:00:00,7.8,7.91,7.8,7.87,9000
2018-11-12 07:00:00,7.91,8.05,7.7,7.98,62830
2018-11-13 07:00:00,7.94,8.01,7.94,8.01,6279
2018-11-14 07:00:00,7.84,8.32,7.84,7.91,13500
2018-11-15 07:00:00,7.98,7.98,7.7,7.77,21500
2018-11-16 07:00:00,7.99,8.31,7.83,7.99,19785
2018-11-19 07:00:00,8.39,8.43,7.95,7.99,15400
2018-11-20 07:00:00,7.79,7.91,7.71,7.75,13912
2018-11-21 07:00:00,7.99,7.99,7.71,7.75,16100
2018-11-22 07:00:00,7.79,8.07,7.79,7.83,22710
2018-11-23 07:00:00,7.91,8.03,7.87,8.03,37520
2018-11-26 07:00:00,7.91,7.99,7.83,7.83,15000
2018-11-27 07:00:00,7.99,7.99,7.71,7.91,54848
2018-11-28 07:00:00,7.99,7.99,7.79,7.79,34185
2018-11-29 07:00:00,7.95,7.95,7.75,7.79,10734
2018-11-30 07:00:00,7.79,7.91,7.75,7.79,22310
2018-12-03 07:00:00,7.79,8.75,7.71,8.15,148450
2018-12-04 07:00:00,7.95,8.31,7.95,8.31,176388
2018-12-05 07:00:00,8.07,8.31,8.07,8.23,30329
2018-12-06 07:00:00,8.23,8.27,8.15,8.23,26300
2018-12-07 07:00:00,8.19,8.59,8.19,8.47,83038
2018-12-10 07:00:00,8.71,8.87,8.59,8.79,101010
2018-12-11 07:00:00,8.99,9.15,8.67,8.87,74043
2018-12-12 07:00:00,9.11,9.39,8.79,8.83,36300
2018-12-13 07:00:00,8.79,8.99,8.43,8.63,32100
2018-12-14 07:00:00,8.71,8.79,8.59,8.71,14382
2018-12-17 07:00:00,8.59,8.95,8.59,8.75,17200
2018-12-18 07:00:00,8.59,8.79,8.47,8.67,25340
2018-12-19 07:00:00,8.75,8.83,8.43,8.63,77157
2018-12-20 07:00:00,8.79,8.79,8.39,8.59,35400
2018-12-21 07:00:00,8.39,8.59,8.19,8.39,4400
2018-12-24 07:00:00,8.19,8.51,8.07,8.39,74100
2018-12-25 07:00:00,8.39,8.39,7.99,8.27,24058
2018-12-26 07:00:00,8.31,8.39,8.15,8.27,51410
2018-12-27 07:00:00,8.35,8.35,8.07,8.23,55800
2018-12-28 07:00:00,8.19,8.19,8.15,8.19,22010
2019-01-02 07:00:00,8.27,8.39,8.03,8.23,61408
2019-01-03 07:00:00,8.39,8.39,7.99,8.19,74301
2019-01-04 07:00:00,8.15,8.15,7.95,8.07,11200
2019-01-07 07:00:00,8.15,8.19,8.11,8.19,6181
2019-01-08 07:00:00,8.11,8.15,8.03,8.15,32600
2019-01-09 07:00:00,8.15,8.15,7.99,8.11,6720
2019-01-10 07:00:00,8.07,8.27,7.91,7.99,98120
2019-01-11 07:00:00,8.15,8.23,7.99,8.15,24500
2019-01-14 07:00:00,8.15,8.23,8.15,8.23,11100
2019-01-15 07:00:00,7.99,8.31,7.99,8.19,11007
2019-01-16 07:00:00,8.35,8.35,8.19,8.27,28500
2019-01-17 07:00:00,8.23,8.27,8.19,8.27,12547
2019-01-18 07:00:00,8.27,8.27,8.07,8.23,6000
2019-01-21 07:00:00,8.07,8.07,7.67,7.95,21940
2019-01-22 07:00:00,8.23,8.99,7.71,8.07,4584
2019-01-23 07:00:00,7.99,8.07,7.83,8.07,13180
2019-01-24 07:00:00,7.99,8.03,7.91,7.91,8400
2019-01-25 07:00:00,7.99,8.15,7.87,7.99,31655
2019-01-28 07:00:00,8.07,8.11,7.83,8.03,54934
2019-01-29 07:00:00,8.19,8.19,7.79,8.11,112600
2019-01-30 07:00:00,8.11,8.15,7.91,8.15,24380
2019-01-31 07:00:00,8.03,8.07,7.91,7.99,4600
2019-02-01 07:00:00,8.11,8.11,7.83,7.99,39360
2019-02-11 07:00:00,8.03,8.03,7.79,7.91,123420
2019-02-12 07:00:00,7.87,7.95,7.67,7.83,74919
2019-02-13 07:00:00,7.79,7.87,7.67,7.75,74455
2019-02-14 07:00:00,7.95,7.99,7.67,7.79,21561
2019-02-15 07:00:00,7.83,7.83,7.67,7.75,13550
2019-02-18 07:00:00,7.87,7.95,7.59,7.71,22840
2019-02-19 07:00:00,7.79,7.79,7.71,7.79,25930
2019-02-20 07:00:00,7.87,7.91,7.71,7.75,36320
2019-02-21 07:00:00,7.75,7.87,7.51,7.67,64408
2019-02-22 07:00:00,7.75,7.79,7.51,7.59,150120
2019-02-25 07:00:00,7.63,7.75,7.59,7.63,83872
2019-02-26 07:00:00,7.63,7.67,7.59,7.59,118398
2019-02-27 07:00:00,7.67,7.71,7.59,7.59,46883
2019-02-28 07:00:00,7.63,7.67,7.59,7.63,34340
2019-03-01 07:00:00,7.63,8.15,7.63,8.11,77655
2019-03-04 07:00:00,7.99,8.63,7.99,8.47,148326
2019-03-05 07:00:00,8.47,8.71,8.39,8.55,116172
2019-03-06 07:00:00,8.47,8.59,8.39,8.55,92917
2019-03-07 07:00:00,8.51,8.51,8.43,8.47,83448
2019-03-08 07:00:00,8.39,8.55,8.35,8.55,67135
2019-03-11 07:00:00,8.55,9.19,8.55,8.91,68927
2019-03-12 07:00:00,8.95,8.99,8.79,8.95,74400
2019-03-13 07:00:00,9.11,9.11,8.91,8.95,96289
2019-03-14 07:00:00,8.95,9.03,8.75,8.95,102260
2019-03-15 07:00:00,8.87,9.55,8.79,9.51,100454
2019-03-18 07:00:00,9.27,10.47,9.27,10.47,508490
2019-03-19 07:00:00,10.99,11.71,10.87,11.23,613367
2019-03-20 07:00:00,11.39,11.59,10.91,11.19,181308
2019-03-21 07:00:00,11.19,11.47,10.75,10.79,332579
2019-03-22 07:00:00,10.83,10.91,10.19,10.31,271300
2019-03-25 07:00:00,10.19,10.35,9.43,9.67,210362
2019-03-26 07:00:00,9.67,10.15,9.59,9.95,89910
2019-03-27 07:00:00,10.11,10.43,10.07,10.43,122283
2019-03-28 07:00:00,10.19,10.59,10.19,10.39,167820
2019-03-29 07:00:00,10.39,10.51,10.19,10.23,138012
2019-04-01 07:00:00,10.23,10.51,10.19,10.27,61754
2019-04-02 07:00:00,10.11,10.35,10.11,10.15,135531
2019-04-03 07:00:00,10.15,10.79,10.03,10.67,249554
2019-04-04 07:00:00,10.63,10.79,10.39,10.39,147638
2019-04-05 07:00:00,10.55,10.55,10.27,10.43,78503
2019-04-08 07:00:00,10.43,10.63,10.19,10.47,128876
2019-04-09 07:00:00,10.43,10.43,10.19,10.19,93201
2019-04-10 07:00:00,10.19,10.23,10.03,10.19,61023
2019-04-11 07:00:00,9.59,10.15,9.59,10.15,41983
2019-04-12 07:00:00,10.03,10.07,9.83,9.99,73512
2019-04-16 07:00:00,9.79,9.91,9.63,9.87,64130
2019-04-17 07:00:00,9.87,10.23,9.87,9.91,128759
2019-04-18 07:00:00,10.19,10.23,9.95,9.99,71353
2019-04-19 07:00:00,10.19,10.31,9.99,10.27,60792
2019-04-22 07:00:00,10.19,10.55,9.99,10.07,70932
2019-04-23 07:00:00,9.91,10.15,9.91,10.15,37000
2019-04-24 07:00:00,10.27,10.27,10.07,10.19,48880
2019-04-25 07:00:00,10.39,10.67,10.15,10.35,171601
2019-04-26 07:00:00,10.35,10.55,10.31,10.55,44113
2019-05-02 07:00:00,10.47,10.59,10.39,10.47,62026
2019-05-03 07:00:00,10.47,10.47,10.11,10.19,72697
2019-05-06 07:00:00,9.99,10.35,9.99,10.19,58973
2019-05-07 07:00:00,10.19,10.47,10.19,10.35,24271
2019-05-08 07:00:00,10.31,11.07,10.31,11.03,437234
2019-05-09 07:00:00,11.03,11.35,10.91,10.99,205118
2019-05-10 07:00:00,11.07,11.11,10.87,10.95,128518
2019-05-13 07:00:00,11.03,11.55,11.03,11.35,347148
2019-05-14 07:00:00,11.15,11.47,11.15,11.23,171011
2019-05-15 07:00:00,11.31,11.67,11.27,11.55,263867
2019-05-16 07:00:00,11.59,11.59,11.11,11.23,201080
2019-05-17 07:00:00,11.27,11.43,11.15,11.19,222827
2019-05-20 07:00:00,11.39,11.39,10.91,11.11,299920
2019-05-21 07:00:00,11.11,11.35,11.07,11.15,258804
2019-05-22 07:00:00,11.35,11.35,10.95,11.03,114355
2019-05-23 07:00:00,10.99,11.11,10.67,10.67,169460
2019-05-24 07:00:00,10.71,11.11,10.55,10.87,328040
2019-05-27 07:00:00,11.07,11.11,10.83,10.95,52140
2019-05-28 07:00:00,10.99,11.63,10.99,11.63,1026589
2019-05-29 07:00:00,11.43,11.99,11.43,11.63,520363
2019-05-30 07:00:00,11.63,11.63,11.35,11.47,123120
2019-05-31 07:00:00,11.47,11.47,10.71,10.75,505552
2019-06-03 07:00:00,10.67,10.75,10.31,10.51,403586
2019-06-04 07:00:00,10.59,10.67,10.39,10.55,88360
2019-06-05 07:00:00,10.63,10.91,10.51,10.63,129329
2019-06-06 07:00:00,10.63,10.71,10.51,10.67,105790
2019-06-07 07:00:00,10.63,10.95,10.63,10.87,379519
2019-06-10 07:00:00,10.91,11.23,10.91,11.03,710845
2019-06-11 07:00:00,11.11,11.15,10.99,11.07,228594
2019-06-12 07:00:00,11.11,11.11,10.91,10.91,181340
2019-06-13 07:00:00,10.79,10.99,10.71,10.99,235356
2019-06-14 07:00:00,10.83,11.11,10.83,10.87,76111
2019-06-17 07:00:00,10.99,11.03,10.83,10.91,73893
2019-06-18 07:00:00,10.99,11.15,10.95,11.11,282000
2019-06-19 07:00:00,11.19,11.35,11.11,11.15,328362
2019-06-20 07:00:00,11.19,11.31,11.03,11.15,470222
2019-06-21 07:00:00,11.11,11.15,10.99,11.11,159500
2019-06-24 07:00:00,11.07,11.11,10.95,11.07,119330
2019-06-25 07:00:00,11.03,11.03,10.91,10.99,114068
2019-06-26 07:00:00,10.87,11.35,10.87,11.11,256060
2019-06-27 07:00:00,11.11,11.19,10.99,10.99,130210
2019-06-28 07:00:00,10.95,11.19,10.95,11.15,312687
2019-07-01 07:00:00,11.19,11.39,11.07,11.39,447651
2019-07-02 07:00:00,11.31,11.55,11.27,11.51,376120
2019-07-03 07:00:00,11.59,11.59,11.27,11.43,230500
2019-07-04 07:00:00,11.43,11.55,11.35,11.55,290230
2019-07-05 07:00:00,11.55,11.79,11.39,11.71,627370
2019-07-08 07:00:00,11.67,11.71,11.55,11.71,432736
2019-07-09 07:00:00,11.67,12.7,11.67,12.54,1003613
2019-07-10 07:00:00,12.46,12.74,12.46,12.66,435035
2019-07-11 07:00:00,12.58,13.06,12.38,13.02,804621
2019-07-12 07:00:00,12.94,13.3,12.62,12.86,1181956
2019-07-15 07:00:00,12.82,12.98,12.62,12.86,333283
2019-07-16 07:00:00,12.86,13.22,12.86,13.1,304574
2019-07-17 07:00:00,13.14,13.54,13.1,13.46,253544
2019-07-18 07:00:00,13.54,13.9,13.26,13.78,393508
2019-07-19 07:00:00,13.98,14.38,13.18,13.66,305819
2019-07-22 07:00:00,13.66,14.46,13.42,14.46,318792
2019-07-23 07:00:00,14.38,15.22,14.38,15.18,245166
2019-07-24 07:00:00,15.26,16.06,15.22,15.98,429230
2019-07-25 07:00:00,15.98,16.78,15.74,16.38,531424
2019-07-26 07:00:00,16.38,17.18,15.1,16.98,595802
2019-07-29 07:00:00,16.98,17.42,16.58,17.1,393152
2019-07-30 07:00:00,17.18,17.74,16.38,17.26,339042
2019-07-31 07:00:00,17.26,17.66,17.02,17.66,378674
2019-08-01 07:00:00,17.66,18.54,17.46,18.38,297242
2019-08-02 07:00:00,18.38,20.85,18.14,20.85,495508
2019-08-05 07:00:00,20.77,23.05,20.77,23.05,422859
2019-08-06 07:00:00,22.85,25.17,19.98,21.97,654302
2019-08-07 07:00:00,21.97,22.37,20.81,21.17,357562
2019-08-08 07:00:00,21.25,23.97,21.25,22.69,282356
2019-08-09 07:00:00,22.77,23.57,22.49,22.81,232630
2019-08-12 07:00:00,22.85,22.89,22.29,22.69,189635
2019-08-13 07:00:00,22.69,22.69,21.77,21.93,288423
2019-08-14 07:00:00,21.93,22.73,21.93,22.65,116583
2019-08-15 07:00:00,22.33,25.37,22.33,25.09,684685
2019-08-16 07:00:00,25.17,26.37,24.77,24.77,320054
2019-08-19 07:00:00,24.97,25.41,24.41,24.81,176681
2019-08-20 07:00:00,24.93,26.21,24.85,25.97,262752
2019-08-21 07:00:00,26.01,26.97,25.33,25.97,618986
2019-08-22 07:00:00,26.17,26.61,25.53,25.97,257276
2019-08-23 07:00:00,25.93,26.37,25.41,26.13,229806
2019-08-26 07:00:00,25.77,26.13,25.65,26.05,153888
2019-08-27 07:00:00,26.09,26.21,25.53,25.85,206231
2019-08-28 07:00:00,25.97,26.37,23.97,24.29,412655
2019-08-29 07:00:00,24.29,24.97,23.13,24.33,445124
2019-08-30 07:00:00,23.89,24.37,23.57,23.97,188949
2019-09-03 07:00:00,23.93,24.13,21.21,22.29,312206
2019-09-04 07:00:00,22.29,22.29,19.26,19.58,818643
2019-09-05 07:00:00,19.18,20.18,19.18,19.38,298130
2019-09-06 07:00:00,20.02,22.65,19.83,20.41,353220
2019-09-09 07:00:00,22.94,22.94,17.63,18.3,283343
2019-09-10 07:00:00,18.64,19.07,16.92,17.68,543359
2019-09-11 07:00:00,17.59,20.21,14.96,20.21,389697
2019-09-12 07:00:00,20.98,22.36,16.73,21.84,771845
2019-09-13 07:00:00,20.26,22.94,20.26,22.22,480088
2019-09-16 07:00:00,22.32,22.84,21.84,22.41,251064
2019-09-17 07:00:00,22.46,22.7,18.97,21.84,385988
2019-09-18 07:00:00,21.5,22.22,21.36,21.88,229528
2019-09-19 07:00:00,21.93,21.98,18.64,21.89,248133
2019-09-20 07:00:00,21.74,21.89,18.45,21.74,235804
2019-09-23 07:00:00,21.79,21.89,21.22,21.5,276963
2019-09-24 07:00:00,21.5,21.74,18.45,20.93,371676
2019-09-25 07:00:00,20.84,21.03,20.17,20.41,223580
2019-09-26 07:00:00,20.5,21.5,20.5,21.36,307876
2019-09-27 07:00:00,21.31,22.41,21.22,22.22,391511
2019-09-30 07:00:00,22.46,22.84,18.83,22.36,365845
2019-10-01 07:00:00,22.46,23.46,22.41,23.32,604413
2019-10-02 07:00:00,23.42,23.51,22.84,22.84,336306
2019-10-03 07:00:00,22.94,23.18,22.46,23.13,359256
2019-10-04 07:00:00,22.84,26.14,19.35,23.08,191490
2019-10-07 07:00:00,23.13,23.42,22.27,22.79,216286
2019-10-08 07:00:00,22.79,22.94,22.46,22.84,267245
2019-10-09 07:00:00,22.7,24.37,19.31,24.28,790482
2019-10-10 07:00:00,24.37,27.48,20.31,24.42,358870
2019-10-11 07:00:00,24.51,24.61,20.88,24.32,359209
2019-10-14 07:00:00,24.37,24.85,24.37,24.23,178811
2019-10-15 07:00:00,24.32,24.85,23.89,24.18,872310
2019-10-16 07:00:00,24.28,27.96,23.32,23.46,410265
2019-10-17 07:00:00,23.42,27.38,23.03,23.18,502355
2019-10-18 07:00:00,23.27,23.94,23.18,23.51,195624
2019-10-21 07:00:00,23.89,24.37,23.08,23.37,222450
2019-10-22 07:00:00,23.46,26.86,22.99,23.03,190066
2019-10-23 07:00:00,23.03,23.61,23.03,23.22,138536
2019-10-24 07:00:00,23.27,24.18,23.27,24.08,281499
2019-10-25 07:00:00,23.89,24.8,23.89,24.37,383931
2019-10-28 07:00:00,24.37,24.8,24.04,24.18,199205
2019-10-29 07:00:00,24.37,27.86,23.8,23.99,81513
2019-10-30 07:00:00,23.8,27.62,23.42,23.65,208344
2019-10-31 07:00:00,23.65,24.13,23.51,23.8,416203
2019-11-01 07:00:00,23.8,23.89,23.27,23.56,240042
2019-11-04 07:00:00,23.51,23.7,19.98,23.32,173217
2019-11-05 07:00:00,23.37,23.94,23.22,23.89,320777
2019-11-06 07:00:00,23.94,24.42,23.89,24.13,397602
2019-11-07 07:00:00,24.28,24.37,23.61,23.8,243439
2019-11-08 07:00:00,23.85,24.04,23.46,23.85,166203
2019-11-11 07:00:00,23.65,23.75,23.32,23.46,265267
2019-11-12 07:00:00,23.51,23.56,23.18,23.51,147993
2019-11-13 07:00:00,22.94,23.51,22.94,23.42,119853
2019-11-14 07:00:00,23.51,23.51,22.79,23.03,243373
2019-11-15 07:00:00,23.03,23.37,22.56,23.08,290446
2019-11-18 07:00:00,23.13,23.27,22.94,23.22,108369
2019-11-19 07:00:00,23.18,23.75,23.13,23.65,246206
2019-11-20 07:00:00,23.8,23.89,19.98,23.61,113637
2019-11-21 07:00:00,23.61,23.65,23.37,23.65,159958
2019-11-22 07:00:00,23.65,23.7,19.98,23.32,206548
2019-11-25 07:00:00,23.03,23.13,19.88,22.94,217406
2019-11-26 07:00:00,22.94,23.08,19.45,22.79,183954
2019-11-27 07:00:00,22.36,22.89,19.31,22.27,253642
2019-11-28 07:00:00,22.41,22.46,21.98,22.27,285322
2019-11-29 07:00:00,22.27,22.46,21.79,21.84,209233
2019-12-02 07:00:00,21.74,21.93,19.02,19.78,710881
2019-12-03 07:00:00,20.02,20.07,18.64,19.11,440820
2019-12-04 07:00:00,19.11,22.08,19.11,19.59,261884
2019-12-05 07:00:00,19.93,20.02,19.5,19.4,304874
2019-12-06 07:00:00,19.54,19.59,18.88,19.21,247015
2019-12-09 07:00:00,19.16,19.35,18.97,19.31,113697
2019-12-10 07:00:00,19.31,19.4,18.25,18.83,166285
2019-12-11 07:00:00,19.35,21.12,19.11,20.69,737336
2019-12-12 07:00:00,21.22,21.27,20.79,20.93,234300
2019-12-13 07:00:00,21.03,21.22,20.74,20.98,263250
2019-12-16 07:00:00,20.98,21.07,20.26,20.93,385542
2019-12-17 07:00:00,20.88,21.22,20.69,20.74,235072
2019-12-18 07:00:00,20.79,20.88,19.83,20.02,237537
2019-12-19 07:00:00,19.59,20.31,19.02,19.16,432790
2019-12-20 07:00:00,19.5,19.5,19.02,19.35,209062
2019-12-23 07:00:00,19.4,19.93,19.35,19.59,290222
2019-12-24 07:00:00,19.59,19.83,19.16,19.4,215469
2019-12-25 07:00:00,19.59,19.59,19.07,19.5,195282
2019-12-26 07:00:00,19.59,19.78,19.11,19.45,181178
2019-12-27 07:00:00,19.5,19.5,19.11,19.4,121257
2019-12-30 07:00:00,19.4,19.5,19.11,18.68,310108
2019-12-31 07:00:00,19.11,19.26,18.83,19.11,155347
2020-01-02 07:00:00,19.11,19.26,18.92,19.11,96534
2020-01-03 07:00:00,19.07,19.26,18.54,18.97,251105
2020-01-06 07:00:00,18.97,19.69,18.97,19.21,376550
2020-01-07 07:00:00,19.21,19.35,19.11,19.26,72216
2020-01-08 07:00:00,19.07,19.31,18.73,19.07,217703
2020-01-09 07:00:00,19.21,19.21,18.92,19.11,134065
2020-01-10 07:00:00,19.21,20.07,19.11,19.5,247367
2020-01-13 07:00:00,19.69,22.6,19.11,19.5,224006
2020-01-14 07:00:00,19.59,21.12,19.31,21.03,557623
2020-01-15 07:00:00,20.98,21.41,20.55,21.03,234063
2020-01-16 07:00:00,21.07,21.93,20.93,21.27,285577
2020-01-17 07:00:00,21.07,21.89,21.07,21.74,334146
2020-01-20 07:00:00,21.74,22.7,21.6,22.6,333783
2020-01-21 07:00:00,22.6,24.08,22.6,23.51,697771
2020-01-22 07:00:00,23.56,26.19,23.13,23.75,336423
2020-01-30 07:00:00,23.89,25.76,21.5,22.46,505430
2020-01-31 07:00:00,21.98,22.94,20.26,20.88,617229
2020-02-03 07:00:00,20.55,20.79,18.88,20.12,608742
2020-02-04 07:00:00,20.12,21.03,19.83,20.98,491446
2020-02-05 07:00:00,21.03,21.74,19.59,21.07,382910
2020-02-06 07:00:00,21.03,21.93,20.6,21.7,565024
2020-02-07 07:00:00,21.65,22.89,21.65,22.41,333490
2020-02-10 07:00:00,22.27,22.56,21.5,21.65,355073
2020-02-11 07:00:00,21.79,22.65,21.7,22.51,463990
2020-02-12 07:00:00,22.32,23.32,22.32,22.79,314895
2020-02-13 07:00:00,22.79,22.89,22.13,22.27,419349
2020-02-14 07:00:00,22.41,22.75,21.65,21.79,377468
2020-02-17 07:00:00,21.79,22.32,21.79,22.08,325628
2020-02-18 07:00:00,22.08,22.08,22.03,22.08,322641
2020-02-19 07:00:00,22.08,23.13,19.4,23.03,613805
2020-02-20 07:00:00,23.03,23.65,23.03,23.46,607443
2020-02-21 07:00:00,23.56,23.65,22.7,22.79,380087
2020-02-24 07:00:00,22.46,23.13,21.17,21.46,761280
2020-02-25 07:00:00,20.55,21.93,20.07,21.7,453228
2020-02-26 07:00:00,21.36,22.27,21.36,21.74,282659
2020-02-27 07:00:00,21.5,22.41,21.36,22.22,357183
2020-02-28 07:00:00,21.84,22.17,21.41,21.41,661130
2020-03-02 07:00:00,21.41,21.74,19.35,21.55,329187
2020-03-03 07:00:00,21.27,21.98,21.27,21.46,252579
2020-03-04 07:00:00,21.46,21.65,21.22,21.5,261024
2020-03-05 07:00:00,21.7,22.03,21.5,21.74,438718
2020-03-06 07:00:00,21.89,24.99,18.49,21.5,162391
2020-03-09 07:00:00,20.84,21.03,18.3,18.3,988682
2020-03-10 07:00:00,18.16,19.88,16.25,19.59,777452
2020-03-11 07:00:00,19.69,20.07,18.16,18.97,402722
2020-03-12 07:00:00,18.97,18.97,16.25,16.25,1125201
2020-03-13 07:00:00,16.96,16.96,14.34,15.29,1039694
2020-03-16 07:00:00,15.29,16.25,14.81,15.01,609456
2020-03-17 07:00:00,15.15,15.44,14.34,15.24,392192
2020-03-18 07:00:00,15.15,15.96,15.05,15.58,327638
2020-03-19 07:00:00,15.53,15.53,14.81,15.2,287069
2020-03-20 07:00:00,15.05,15.72,15.01,15.24,274287
2020-03-23 07:00:00,15.05,15.05,13.05,13.05,1112809
2020-03-24 07:00:00,13.05,14.24,12.42,13.86,241603
2020-03-25 07:00:00,14.34,15.01,14.05,14.96,355506
2020-03-26 07:00:00,15.29,15.29,13.86,14.24,297619
2020-03-27 07:00:00,14.14,14.43,13.86,13.95,266394
2020-03-30 07:00:00,13.81,13.81,12.42,13.0,399821
2020-03-31 07:00:00,12.95,13.76,12.71,13.19,348005
2020-04-01 07:00:00,13.38,13.91,13.38,13.71,238350
2020-04-03 07:00:00,13.71,14.72,13.71,14.62,474675
2020-04-06 07:00:00,14.81,16.58,14.81,16.49,734058
2020-04-07 07:00:00,16.63,17.11,16.2,16.39,459473
2020-04-08 07:00:00,16.44,16.44,15.29,16.3,344451
2020-04-09 07:00:00,16.34,16.92,16.06,16.44,363992
2020-04-10 07:00:00,16.49,16.58,16.01,16.25,363612
2020-04-13 07:00:00,16.25,17.16,16.25,16.77,414462
2020-04-14 07:00:00,16.73,17.82,14.19,17.78,778799
2020-04-15 07:00:00,17.78,18.25,17.68,18.16,393738
2020-04-16 07:00:00,18.11,18.11,17.59,17.92,298105
2020-04-17 07:00:00,17.87,18.59,15.2,18.25,435386
2020-04-20 07:00:00,18.25,18.88,15.53,18.64,391514
2020-04-21 07:00:00,18.59,18.59,16.82,17.2,596972
2020-04-22 07:00:00,16.96,18.45,16.87,18.35,616071
2020-04-23 07:00:00,18.4,18.88,18.21,18.3,308651
2020-04-24 07:00:00,18.3,19.16,15.67,18.64,706823
2020-04-27 07:00:00,19.02,19.07,18.4,18.64,356697
2020-04-28 07:00:00,18.49,18.64,18.4,18.59,201228
2020-04-29 07:00:00,18.64,18.88,18.45,18.73,276922
2020-05-04 07:00:00,18.68,18.88,18.4,18.64,223055
2020-05-05 07:00:00,18.68,18.78,15.82,18.59,151389
2020-05-06 07:00:00,18.64,19.07,15.82,19.07,461467
2020-05-07 07:00:00,19.07,20.26,19.07,20.07,530756
2020-05-08 07:00:00,20.07,20.41,16.92,20.07,450233
2020-05-11 07:00:00,20.07,20.5,19.69,20.45,371654
2020-05-12 07:00:00,20.02,20.41,17.06,20.21,321359
2020-05-13 07:00:00,20.12,20.41,19.98,20.21,280868
2020-05-14 07:00:00,20.21,20.98,19.93,20.5,407033
2020-05-15 07:00:00,20.36,20.88,20.07,20.41,294898
2020-05-18 07:00:00,20.36,20.88,20.17,20.74,372838
2020-05-19 07:00:00,20.69,21.89,20.69,21.5,525293
2020-05-20 07:00:00,21.5,21.98,18.25,21.93,223495
2020-05-21 07:00:00,22.41,22.41,21.74,21.89,196161
2020-05-22 07:00:00,21.84,22.27,21.6,21.84,362120
2020-05-25 07:00:00,22.13,22.13,21.7,22.08,304330
2020-05-26 07:00:00,21.65,22.17,21.65,22.08,219665
2020-05-27 07:00:00,22.08,22.36,18.78,21.84,341527
2020-05-28 07:00:00,21.98,22.22,21.7,21.89,293559
2020-05-29 07:00:00,22.08,22.17,21.93,22.13,219280
2020-06-01 07:00:00,22.17,22.7,18.73,22.7,318567
2020-06-02 07:00:00,22.7,22.94,22.46,22.65,195636
2020-06-03 07:00:00,22.7,22.75,22.32,22.46,173690
2020-06-04 07:00:00,22.7,22.94,22.36,22.51,147884
2020-06-05 07:00:00,22.7,22.7,22.08,22.46,324199
2020-06-08 07:00:00,22.46,22.7,22.41,22.51,321710
2020-06-09 07:00:00,22.6,22.75,22.22,22.46,239122
2020-06-10 07:00:00,22.56,22.56,21.74,21.79,590680
2020-06-11 07:00:00,21.98,21.98,20.41,20.74,664166
2020-06-12 07:00:00,20.69,20.69,19.35,20.93,551062
2020-06-15 07:00:00,20.93,21.46,19.88,20.31,329555
2020-06-16 07:00:00,20.41,20.98,20.41,20.98,340450
2020-06-17 07:00:00,20.74,21.17,20.74,20.88,159962
2020-06-18 07:00:00,20.55,21.03,20.55,20.93,103242
2020-06-19 07:00:00,21.03,21.5,20.79,21.5,291452
2020-06-22 07:00:00,21.5,21.74,17.97,21.7,246017
2020-06-23 07:00:00,21.6,21.7,21.36,21.6,168646
2020-06-24 07:00:00,21.7,21.7,21.07,21.31,135313
2020-06-25 07:00:00,21.12,21.46,20.69,21.22,143670
2020-06-26 07:00:00,21.17,21.7,21.12,21.65,416746
2020-06-29 07:00:00,21.55,21.6,20.98,21.27,177452
2020-06-30 07:00:00,21.31,21.5,20.98,21.27,132898
2020-07-01 07:00:00,21.27,22.22,18.11,22.08,707706
2020-07-02 07:00:00,22.08,22.7,22.08,22.22,338901
2020-07-03 07:00:00,22.36,22.41,22.08,22.27,164166
2020-07-06 07:00:00,22.22,22.79,18.92,22.46,434051
2020-07-07 07:00:00,22.51,22.65,22.17,22.36,293919
2020-07-08 07:00:00,22.22,23.42,22.17,22.89,493693
2020-07-09 07:00:00,22.94,23.18,21.03,22.94,194511
2020-07-10 07:00:00,22.99,23.13,22.65,22.94,277690
2020-07-13 07:00:00,22.94,23.32,22.94,23.03,257641
2020-07-14 07:00:00,23.03,23.08,22.75,23.08,203520
2020-07-15 07:00:00,23.08,23.13,22.89,23.03,147355
2020-07-16 07:00:00,23.18,23.18,21.98,23.03,154022
2020-07-17 07:00:00,23.03,23.56,22.94,23.51,523299
2020-07-20 07:00:00,23.51,23.8,23.37,23.61,399174
2020-07-21 07:00:00,23.51,23.56,23.27,23.56,142305
2020-07-22 07:00:00,23.56,23.61,23.18,23.22,177474
2020-07-23 07:00:00,23.27,23.27,22.22,23.22,446437
2020-07-24 07:00:00,23.22,23.51,20.55,22.08,550146
2020-07-27 07:00:00,21.89,21.98,19.93,20.36,833141
2020-07-28 07:00:00,20.31,21.7,20.07,21.6,412636
2020-07-29 07:00:00,21.22,21.41,18.06,20.64,663748
2020-07-30 07:00:00,20.41,21.22,20.41,21.12,255716
2020-07-31 07:00:00,21.03,21.22,20.55,20.98,396871
2020-08-03 07:00:00,20.96,23.8,20.96,22.27,568962
2020-08-04 07:00:00,22.32,22.89,22.32,22.83,444989
2020-08-05 07:00:00,22.66,23.17,22.38,23.12,277337
2020-08-06 07:00:00,23.06,23.06,22.66,23.0,305538
2020-08-07 07:00:00,22.89,23.06,22.83,22.89,214762
2020-08-10 07:00:00,22.95,23.57,22.95,23.4,365132
2020-08-11 07:00:00,23.4,24.02,23.4,23.74,479922
2020-08-12 07:00:00,23.74,23.85,23.46,23.68,240809
2020-08-13 07:00:00,23.68,23.68,23.4,23.46,183481
2020-08-14 07:00:00,23.51,23.63,23.17,23.4,341519
2020-08-17 07:00:00,23.23,23.23,22.72,23.06,424672
2020-08-18 07:00:00,23.23,23.46,22.95,23.34,201266
2020-08-19 07:00:00,23.29,23.68,23.12,23.63,317488
2020-08-20 07:00:00,23.63,24.02,23.51,23.68,352547
2020-08-21 07:00:00,23.68,23.91,23.51,23.8,287823
2020-08-24 07:00:00,24.02,24.25,23.68,23.91,605489
2020-08-25 07:00:00,23.91,24.08,23.68,23.8,347561
2020-08-26 07:00:00,23.8,24.19,23.57,23.97,267843
2020-08-27 07:00:00,24.14,24.65,23.68,23.97,176553
2020-08-28 07:00:00,23.97,23.97,23.68,23.68,340053
2020-08-31 07:00:00,23.68,23.85,23.23,23.51,405385
2020-09-01 07:00:00,23.51,23.68,23.23,23.68,417224
2020-09-03 07:00:00,23.68,23.97,23.46,23.68,292785
2020-09-04 07:00:00,23.51,23.63,23.23,23.63,195369
2020-09-07 07:00:00,23.57,23.74,23.34,23.51,221713
2020-09-08 07:00:00,23.46,23.63,23.23,23.46,201159
2020-09-09 07:00:00,23.4,23.4,23.0,23.23,255247
2020-09-10 07:00:00,23.34,23.46,23.23,23.4,149498
2020-09-11 07:00:00,23.17,23.46,23.17,23.46,80646
2020-09-14 07:00:00,23.46,24.25,23.46,24.14,867130
2020-09-15 07:00:00,24.14,24.36,23.97,24.02,340657
2020-09-16 07:00:00,24.08,24.08,23.85,24.02,210585
2020-09-17 07:00:00,24.02,24.08,23.63,23.91,381711
2020-09-18 07:00:00,24.08,24.08,23.85,24.02,207989
2020-09-21 07:00:00,24.08,24.76,24.08,24.42,410402
2020-09-22 07:00:00,24.31,24.53,24.14,24.36,203959
2020-09-23 07:00:00,24.36,25.5,24.36,25.5,945602
2020-09-24 07:00:00,25.5,25.67,25.04,25.16,383859
2020-09-25 07:00:00,25.21,25.33,24.82,25.04,249539
2020-09-28 07:00:00,25.33,25.33,24.65,25.21,425973
2020-09-29 07:00:00,25.1,25.55,24.36,24.82,454948
2020-09-30 07:00:00,24.87,26.35,24.87,26.06,1269767
2020-10-01 07:00:00,26.18,26.29,25.78,25.89,364481
2020-10-02 07:00:00,25.95,26.06,24.93,25.67,603723
2020-10-05 07:00:00,25.67,26.12,25.61,26.06,455537
2020-10-06 07:00:00,26.06,26.86,26.06,26.4,490492
2020-10-07 07:00:00,26.29,26.52,25.95,26.18,593474
2020-10-08 07:00:00,26.29,26.29,25.61,25.84,518245
2020-10-09 07:00:00,25.84,26.29,25.78,26.18,376892
2020-10-12 07:00:00,26.06,26.35,25.84,26.06,269393
2020-10-13 07:00:00,26.06,26.06,25.72,26.01,197450
2020-10-14 07:00:00,25.95,26.06,25.67,26.01,275440
2020-10-15 07:00:00,25.78,26.12,25.78,26.01,186798
2020-10-16 07:00:00,26.01,26.91,26.01,26.69,665910
2020-10-19 07:00:00,26.69,26.86,26.63,26.8,203370
2020-10-20 07:00:00,26.8,26.86,26.57,26.8,235138
2020-10-21 07:00:00,26.74,26.8,26.52,26.69,331874
2020-10-22 07:00:00,26.69,26.91,26.35,26.91,291313
2020-10-23 07:00:00,26.97,27.88,26.97,27.54,386067
2020-10-26 07:00:00,27.59,27.59,26.8,27.08,180618
2020-10-27 07:00:00,26.91,27.14,26.63,26.91,168982
2020-10-28 07:00:00,26.74,27.03,25.95,26.35,385631
2020-10-29 07:00:00,26.06,27.42,25.67,26.69,305937
2020-10-30 07:00:00,27.2,27.42,26.57,26.91,189954
2020-11-02 07:00:00,26.91,27.08,26.74,26.97,100893
2020-11-03 07:00:00,26.97,26.97,26.63,26.91,164117
2020-11-04 07:00:00,26.97,27.71,26.91,27.42,906017
2020-11-05 07:00:00,27.65,27.65,26.97,27.31,260302
2020-11-06 07:00:00,27.2,27.31,27.08,27.31,245077
2020-11-09 07:00:00,27.25,29.18,27.25,29.07,970727
2020-11-10 07:00:00,28.9,29.46,28.9,29.12,472465
2020-11-11 07:00:00,29.18,29.18,28.61,28.78,316761
2020-11-12 07:00:00,28.61,28.78,28.1,28.5,596334
2020-11-13 07:00:00,28.67,29.46,28.56,29.29,283825
2020-11-16 07:00:00,29.24,29.58,28.9,29.12,708744
2020-11-17 07:00:00,29.01,30.54,29.01,30.43,868731
2020-11-18 07:00:00,30.43,31.05,30.31,30.71,626281
2020-11-19 07:00:00,30.82,32.86,30.54,32.64,760102
2020-11-20 07:00:00,32.69,35.13,32.58,35.02,800125
2020-11-23 07:00:00,34.56,36.83,34.56,35.69,1391796
2020-11-24 07:00:00,36.26,36.77,34.11,35.02,1261434
2020-11-25 07:00:00,35.02,35.64,33.49,33.71,1058881
2020-11-26 07:00:00,33.71,34.0,32.01,32.75,1052325
2020-11-27 07:00:00,32.92,33.6,32.52,32.98,538560
2020-11-30 07:00:00,33.09,33.37,31.39,31.84,938310
2020-12-01 07:00:00,31.45,32.81,30.48,31.67,3308839
2020-12-02 07:00:00,31.73,33.43,30.94,33.15,1158193
2020-12-03 07:00:00,33.15,33.71,32.3,32.64,870676
2020-12-04 07:00:00,32.41,32.64,28.39,32.35,1704168
2020-12-07 07:00:00,32.3,32.86,31.73,32.86,928199
2020-12-08 07:00:00,32.86,33.43,32.58,33.26,806023
2020-12-09 07:00:00,33.43,33.43,32.35,32.98,920741
2020-12-10 07:00:00,32.98,33.09,32.41,32.81,1007082
2020-12-11 07:00:00,32.75,34.56,32.64,34.45,1311540
2020-12-14 07:00:00,34.39,35.13,34.22,35.02,951450
2020-12-15 07:00:00,34.73,35.98,34.45,35.41,963506
2020-12-16 07:00:00,35.41,35.86,34.96,35.69,1008943
2020-12-17 07:00:00,35.69,38.47,35.69,36.94,1277039
2020-12-18 07:00:00,36.94,37.9,36.94,37.34,524948
2020-12-21 07:00:00,37.39,38.53,37.39,37.96,802100
2020-12-22 07:00:00,37.96,38.3,36.83,37.79,1291271
2020-12-23 07:00:00,37.68,37.96,36.15,36.88,724406
2020-12-24 07:00:00,36.83,37.39,34.85,36.26,889252
2020-12-25 07:00:00,36.26,37.85,36.03,37.28,469586
2020-12-28 07:00:00,37.28,39.09,36.88,38.41,950054
2020-12-29 07:00:00,38.13,39.6,38.13,38.92,525161
2020-12-30 07:00:00,39.09,39.43,38.41,38.87,373131
2020-12-31 07:00:00,38.87,39.6,38.64,39.55,501543
2021-01-04 07:00:00,39.55,41.02,39.21,40.74,411102
2021-01-05 07:00:00,40.28,41.93,40.28,41.87,548126
2021-01-06 07:00:00,41.42,43.06,40.62,42.32,567446
2021-01-07 07:00:00,42.38,43.34,41.64,43.0,519305
2021-01-08 07:00:00,42.78,44.19,42.78,44.19,552745
2021-01-11 07:00:00,44.19,47.03,43.63,47.03,904211
2021-01-12 07:00:00,46.46,49.24,46.18,48.95,935134
2021-01-13 07:00:00,49.01,49.24,45.95,47.54,545589
2021-01-14 07:00:00,47.54,47.99,46.57,47.48,438422
2021-01-15 07:00:00,47.48,50.99,47.31,50.99,597430
2021-01-18 07:00:00,49.86,56.66,49.86,52.81,338632
2021-01-19 07:00:00,54.39,54.96,45.33,49.86,1257245
2021-01-20 07:00:00,48.16,53.2,47.88,52.64,598812
2021-01-21 07:00:00,52.64,54.39,51.56,53.15,334465
2021-01-22 07:00:00,53.15,53.77,50.99,52.47,483824
2021-01-25 07:00:00,52.69,52.98,51.05,52.07,288598
2021-01-26 07:00:00,52.13,52.69,47.59,49.8,512345
2021-01-27 07:00:00,49.8,50.94,42.27,44.08,969034
2021-01-28 07:00:00,44.08,44.19,38.47,38.47,917938
2021-01-29 07:00:00,38.47,45.27,34.56,44.65,1353367
2021-02-01 07:00:00,42.49,44.19,41.59,42.66,520378
2021-02-02 07:00:00,44.19,44.19,42.38,43.63,771517
2021-02-03 07:00:00,43.63,48.22,43.63,47.93,950349
2021-02-04 07:00:00,47.93,48.44,47.03,47.82,361165
2021-02-05 07:00:00,47.82,48.16,46.91,47.76,548963
2021-02-08 07:00:00,47.76,48.16,44.76,45.72,618440
2021-02-09 07:00:00,45.72,47.71,45.33,47.65,664558
2021-02-17 07:00:00,47.65,50.82,47.65,50.09,699394
2021-02-18 07:00:00,50.43,50.71,49.52,50.2,578526
2021-02-19 07:00:00,49.97,50.99,49.29,50.43,629490
2021-02-22 07:00:00,50.43,52.07,50.43,51.56,575230
2021-02-23 07:00:00,51.11,52.18,51.11,51.96,357277
2021-02-24 07:00:00,51.73,52.13,50.43,51.45,506819
2021-02-25 07:00:00,51.39,51.73,50.77,51.56,352479
2021-02-26 07:00:00,51.56,51.67,49.58,51.45,467913
2021-03-01 07:00:00,51.39,54.96,51.39,54.9,1231530
2021-03-02 07:00:00,54.39,55.53,53.77,54.85,509487
2021-03-03 07:00:00,54.39,54.73,54.05,54.39,366151
2021-03-04 07:00:00,54.39,54.79,52.13,53.83,721142
2021-03-05 07:00:00,53.26,54.68,52.35,54.39,574352
2021-03-08 07:00:00,54.39,56.66,53.71,56.09,588026
2021-03-09 07:00:00,55.81,56.09,54.96,55.81,256130
2021-03-10 07:00:00,56.09,58.47,56.09,57.4,595427
2021-03-11 07:00:00,57.17,57.51,56.66,57.4,532530
2021-03-12 07:00:00,58.02,58.13,56.94,57.79,330960
2021-03-15 07:00:00,57.68,57.96,56.66,57.34,330727
2021-03-16 07:00:00,57.11,57.23,56.04,57.11,475547
2021-03-17 07:00:00,57.11,57.17,56.38,56.77,247642
2021-03-18 07:00:00,56.66,57.79,54.96,56.49,509325
2021-03-19 07:00:00,56.26,56.6,54.96,55.13,676357
2021-03-22 07:00:00,55.41,56.09,54.39,55.7,834259
2021-03-23 07:00:00,55.7,55.81,55.19,55.53,414601
2021-03-24 07:00:00,55.47,56.09,54.39,55.7,652796
2021-03-25 07:00:00,55.81,55.81,55.02,55.53,254113
2021-03-26 07:00:00,55.36,55.47,51.73,54.68,836396
2021-03-29 07:00:00,53.88,55.41,52.52,52.64,645119
2021-03-30 07:00:00,52.64,54.34,51.56,52.07,723189
2021-03-31 07:00:00,54.0,54.0,52.13,53.15,339493
2021-04-01 07:00:00,53.54,53.77,52.18,53.54,532766
2021-04-02 07:00:00,53.49,53.77,52.47,52.98,460728
2021-04-05 07:00:00,53.26,53.26,52.18,53.2,456817
2021-04-06 07:00:00,53.26,53.54,52.47,52.86,216101
2021-04-07 07:00:00,53.26,53.26,52.18,52.86,212077
2021-04-08 07:00:00,52.58,52.58,51.67,51.96,359260
2021-04-09 07:00:00,52.13,52.58,50.99,51.39,333447
2021-04-12 07:00:00,51.56,52.13,49.46,50.31,807661
2021-04-13 07:00:00,50.43,50.43,47.88,48.27,1069242
2021-04-14 07:00:00,48.73,50.37,48.16,50.31,613118
2021-04-15 07:00:00,49.86,52.13,49.86,50.54,506699
2021-04-16 07:00:00,50.94,51.28,49.07,50.31,681106
2021-04-19 07:00:00,50.03,50.71,49.07,49.58,374939
2021-04-20 07:00:00,49.52,50.14,49.29,49.69,417807
2021-04-22 07:00:00,49.75,49.75,47.14,47.59,522893
2021-04-23 07:00:00,48.05,49.8,46.86,48.67,388581
2021-04-26 07:00:00,48.73,49.01,46.91,47.48,375598
2021-04-27 07:00:00,47.76,48.61,46.91,47.48,359633
2021-04-28 07:00:00,47.59,48.27,47.03,47.82,288726
2021-04-29 07:00:00,47.82,48.44,47.31,47.88,258941
2021-05-04 07:00:00,47.71,47.76,45.5,46.01,603231
2021-05-05 07:00:00,46.29,47.93,45.89,47.31,770587
2021-05-06 07:00:00,47.31,47.88,46.46,47.03,254508
2021-05-07 07:00:00,47.31,47.54,46.06,46.74,247100
2021-05-10 07:00:00,46.74,46.74,44.19,45.21,883993
2021-05-11 07:00:00,45.21,45.78,44.76,45.27,391760
2021-05-12 07:00:00,45.04,45.84,45.04,45.5,279983
2021-05-13 07:00:00,45.5,45.5,44.59,44.76,277581
2021-05-14 07:00:00,45.27,45.27,43.57,44.08,634946
2021-05-17 07:00:00,44.08,46.8,42.78,43.51,548121
2021-05-18 07:00:00,44.02,44.7,40.79,41.3,757194
2021-05-19 07:00:00,41.64,42.55,40.51,42.1,737457
2021-05-20 07:00:00,42.21,42.32,40.74,41.25,525958
2021-05-21 07:00:00,41.87,45.21,41.08,44.48,1072339
2021-05-24 07:00:00,44.31,45.84,44.19,45.78,955909
2021-05-25 07:00:00,45.89,46.69,45.78,46.46,432814
2021-05-26 07:00:00,46.46,47.42,45.67,47.25,776452
2021-05-27 07:00:00,47.25,48.16,46.74,47.59,583172
2021-05-28 07:00:00,47.37,49.86,47.31,49.86,802125
2021-05-31 07:00:00,49.86,50.94,49.29,50.14,605819
2021-06-01 07:00:00,49.97,50.82,48.67,49.24,574261
2021-06-02 07:00:00,49.29,49.75,48.16,49.69,673615
2021-06-03 07:00:00,49.58,49.92,48.73,49.63,561536
2021-06-04 07:00:00,49.58,49.75,48.73,49.41,439053
2021-06-07 07:00:00,49.41,49.58,48.05,49.18,532285
2021-06-08 07:00:00,49.01,49.24,48.16,48.67,475342
2021-06-09 07:00:00,48.61,49.18,47.59,48.84,348155
2021-06-10 07:00:00,48.67,49.8,48.44,48.95,340513
2021-06-11 07:00:00,48.95,52.98,48.9,52.86,1941742
2021-06-14 07:00:00,51.56,54.34,51.56,52.92,529368
2021-06-15 07:00:00,52.98,52.98,51.67,52.58,373671
2021-06-16 07:00:00,52.24,52.69,51.56,52.3,583087
2021-06-17 07:00:00,52.3,53.26,51.56,53.26,401195
2021-06-18 07:00:00,52.98,54.05,52.98,53.83,538413
2021-06-21 07:00:00,53.66,53.88,52.69,53.43,1252166
2021-06-22 07:00:00,53.43,56.55,53.2,53.54,904364
2021-06-23 07:00:00,54.02,57.8,53.94,54.69,893350
2021-06-24 07:00:00,55.35,56.17,52.61,53.35,476814
2021-06-25 07:00:00,53.43,54.54,50.46,53.28,1010171
2021-06-28 07:00:00,51.72,53.2,51.65,52.76,503449
2021-06-29 07:00:00,52.98,53.13,51.87,52.31,319170
2021-06-30 07:00:00,52.39,52.98,51.94,52.46,446304
2021-07-01 07:00:00,52.24,53.35,52.24,53.2,376299
2021-07-02 07:00:00,52.83,54.69,52.83,54.69,618649
2021-07-05 07:00:00,54.09,55.5,54.09,54.83,386765
2021-07-06 07:00:00,54.83,55.57,51.87,52.98,417384
2021-07-07 07:00:00,52.98,54.02,51.72,54.02,607859
2021-07-08 07:00:00,53.13,54.24,52.61,53.35,210098
2021-07-09 07:00:00,53.35,54.02,52.46,52.61,486024
2021-07-12 07:00:00,53.35,53.35,47.79,50.39,526010
2021-07-13 07:00:00,50.76,53.2,50.39,51.72,357017
2021-07-14 07:00:00,51.43,52.39,50.39,51.65,200638
2021-07-15 07:00:00,51.13,53.2,51.05,52.91,328196
2021-07-16 07:00:00,52.02,57.95,52.02,56.61,2666639
2021-07-19 07:00:00,55.87,56.61,53.43,55.57,620004
2021-07-20 07:00:00,55.2,55.57,54.46,55.5,394656
2021-07-21 07:00:00,55.35,58.24,55.13,57.35,1605973
2021-07-22 07:00:00,57.35,59.06,57.35,58.54,1119442
2021-07-23 07:00:00,58.54,60.02,57.5,58.17,1421556
2021-07-26 07:00:00,58.54,59.35,57.06,59.28,1357554
2021-07-27 07:00:00,58.24,60.98,58.24,60.47,801128
2021-07-28 07:00:00,60.47,60.47,59.43,59.95,608783
2021-07-29 07:00:00,60.84,60.84,59.35,60.02,602146
2021-07-30 07:00:00,59.87,60.69,58.98,59.8,962897
2021-08-02 07:00:00,59.5,61.43,59.06,60.61,1318426
2021-08-03 07:00:00,60.02,60.69,59.95,60.61,704357
2021-08-04 07:00:00,60.32,62.24,60.32,61.87,932676
2021-08-05 07:00:00,61.13,62.24,60.98,61.5,720412
2021-08-06 07:00:00,61.43,62.24,60.84,61.28,644414
2021-08-09 07:00:00,60.39,61.5,59.5,61.06,1291031
2021-08-10 07:00:00,60.76,62.24,60.76,62.1,1450803
2021-08-11 07:00:00,61.8,62.69,61.13,61.73,870221
2021-08-12 07:00:00,61.43,61.73,60.76,61.21,791438
2021-08-13 07:00:00,60.98,61.13,58.91,60.76,1369354
2021-08-16 07:00:00,60.02,61.35,60.02,60.98,910101
2021-08-17 07:00:00,60.98,61.87,60.69,61.28,734630
2021-08-18 07:00:00,61.13,62.17,60.47,61.13,887659
2021-08-19 07:00:00,60.98,63.65,60.98,62.98,2187835
2021-08-20 07:00:00,62.84,63.58,61.06,62.17,1583840
2021-08-23 07:00:00,61.87,62.17,60.02,60.76,673505
2021-08-24 07:00:00,60.76,61.5,57.06,57.95,1906678
2021-08-25 07:00:00,58.02,60.02,57.8,60.02,809947
2021-08-26 07:00:00,60.02,60.39,58.84,59.28,616700
2021-08-27 07:00:00,59.28,60.32,58.24,60.02,768580
2021-08-30 07:00:00,60.02,61.43,59.5,60.98,679900
2021-08-31 07:00:00,60.76,62.1,60.76,61.5,858773
2021-09-01 07:00:00,61.43,61.8,60.84,61.28,782076
2021-09-06 07:00:00,61.21,61.87,60.39,61.06,801611
2021-09-07 07:00:00,61.13,61.65,60.24,60.84,695691
2021-09-08 07:00:00,60.91,61.35,60.17,60.69,577275
2021-09-09 07:00:00,60.98,60.98,59.87,60.76,937008
2021-09-10 07:00:00,60.76,60.76,59.95,60.39,460630
2021-09-13 07:00:00,60.69,60.69,59.28,59.65,869319
2021-09-14 07:00:00,59.95,60.02,58.24,59.13,1030114
2021-09-15 07:00:00,58.91,59.21,58.09,58.46,829648
2021-09-16 07:00:00,58.46,59.35,57.8,58.69,1005585
2021-09-17 07:00:00,58.54,60.76,58.54,60.61,819473
2021-09-20 07:00:00,59.5,61.13,59.5,60.61,1065344
2021-09-21 07:00:00,60.17,60.17,58.91,59.8,533895
2021-09-22 07:00:00,59.43,60.47,59.13,60.17,655934
2021-09-23 07:00:00,60.39,62.24,60.02,61.5,1045163
2021-09-24 07:00:00,61.5,62.17,60.69,61.06,459459
2021-09-27 07:00:00,61.35,61.87,59.13,59.8,770662
2021-09-28 07:00:00,59.28,60.39,58.54,60.32,653405
2021-09-29 07:00:00,60.69,60.69,59.21,59.8,294862
2021-09-30 07:00:00,59.5,60.98,59.35,60.02,396433
2021-10-01 07:00:00,59.95,61.06,59.5,60.76,872760
2021-10-04 07:00:00,60.76,65.21,60.76,64.24,2195341
2021-10-05 07:00:00,64.24,64.84,63.28,64.39,423745
2021-10-06 07:00:00,64.17,64.39,63.13,64.32,573051
2021-10-07 07:00:00,64.39,64.47,63.5,64.1,580535
2021-10-08 07:00:00,64.02,64.1,62.98,63.65,714945
2021-10-11 07:00:00,63.58,64.84,63.28,63.5,490567
2021-10-12 07:00:00,63.5,64.24,63.28,63.8,580115
2021-10-13 07:00:00,63.8,64.47,63.36,63.73,361657
2021-10-14 07:00:00,63.95,66.25,63.95,65.21,902119
2021-10-15 07:00:00,65.21,65.43,64.62,65.21,683440
2021-10-18 07:00:00,65.06,66.69,65.06,66.47,1132407
2021-10-19 07:00:00,66.47,67.43,65.87,67.28,765877
2021-10-20 07:00:00,67.28,67.73,64.54,66.47,522684
2021-10-21 07:00:00,66.1,67.8,65.06,65.8,639084
2021-10-22 07:00:00,65.73,66.17,64.47,64.99,868557
2021-10-25 07:00:00,64.84,66.54,63.58,63.87,980378
2021-10-26 07:00:00,63.87,64.39,62.91,64.39,746877
2021-10-27 07:00:00,64.39,64.76,63.58,64.62,632767
2021-10-28 07:00:00,64.17,64.99,64.17,64.99,536349
2021-10-29 07:00:00,64.54,65.95,64.54,65.8,761943
2021-11-01 07:00:00,65.43,66.84,65.06,65.58,625034
2021-11-02 07:00:00,65.73,65.95,65.13,65.87,803382
2021-11-03 07:00:00,65.43,67.06,64.62,65.58,973775
2021-11-04 07:00:00,65.21,66.69,65.21,65.95,795957
2021-11-05 07:00:00,65.58,66.17,65.06,65.87,525464
2021-11-08 07:00:00,65.5,66.17,63.8,64.84,1297604
2021-11-09 07:00:00,64.84,64.84,63.43,63.95,844662
2021-11-10 07:00:00,63.95,64.39,62.69,63.5,828882
2021-11-11 07:00:00,63.5,63.5,62.02,62.61,1019258
2021-11-12 07:00:00,62.47,62.47,60.24,61.06,1976545
2021-11-15 07:00:00,61.06,61.58,58.98,59.58,2020722
2021-11-16 07:00:00,59.87,61.65,58.69,60.76,951596
2021-11-17 07:00:00,60.17,61.21,60.17,60.69,521477
2021-11-18 07:00:00,60.76,60.76,59.65,60.02,835793
2021-11-19 07:00:00,60.02,60.69,58.39,59.28,1227594
2021-11-22 07:00:00,60.02,60.98,59.5,59.95,633249
2021-11-23 07:00:00,60.39,60.39,59.65,60.24,327199
2021-11-24 07:00:00,60.39,61.65,60.32,61.5,894162
2021-11-25 07:00:00,61.5,63.87,61.13,62.84,1033141
2021-11-26 07:00:00,63.5,63.5,61.73,62.17,670527
2021-11-29 07:00:00,61.5,61.5,60.32,61.13,553112
2021-11-30 07:00:00,60.91,61.73,60.76,61.5,515198
2021-12-01 07:00:00,61.43,61.5,60.54,61.21,355828
2021-12-02 07:00:00,61.21,61.5,60.76,61.43,306171
2021-12-03 07:00:00,61.21,62.1,60.1,60.69,552474
2021-12-06 07:00:00,61.21,61.21,58.39,59.65,565133
2021-12-07 07:00:00,59.65,60.69,59.43,60.69,381289
2021-12-08 07:00:00,60.69,62.1,59.72,60.24,349979
2021-12-09 07:00:00,60.39,61.06,59.95,60.69,291715
2021-12-10 07:00:00,60.69,63.21,60.69,62.61,1361999
2021-12-13 07:00:00,62.39,63.73,62.39,63.28,774303
2021-12-14 07:00:00,63.28,63.28,62.24,62.69,406389
2021-12-15 07:00:00,62.54,62.54,61.06,61.58,528508
2021-12-16 07:00:00,61.5,61.58,61.06,61.43,309859
2021-12-17 07:00:00,61.35,61.8,60.69,61.5,513204
2021-12-20 07:00:00,61.5,61.5,60.76,61.21,506158
2021-12-21 07:00:00,60.84,61.73,60.69,60.84,293390
2021-12-22 07:00:00,60.91,60.91,60.02,60.76,375818
2021-12-23 07:00:00,60.39,60.76,59.28,60.39,551437
2021-12-24 07:00:00,60.32,61.13,59.65,60.98,447958
2021-12-27 07:00:00,60.98,62.17,60.54,62.1,669312
2021-12-28 07:00:00,62.17,63.13,61.87,62.61,1029992
2021-12-29 07:00:00,62.61,65.58,62.61,64.47,1100517
2021-12-30 07:00:00,64.47,65.06,64.47,64.91,521304
2021-12-31 07:00:00,64.84,65.43,64.1,64.91,395358
2022-01-04 07:00:00,64.39,65.21,64.39,64.91,588916
2022-01-05 07:00:00,64.76,65.21,64.39,64.91,535304
2022-01-06 07:00:00,64.62,66.62,64.62,66.1,917285
2022-01-07 07:00:00,66.62,66.62,64.69,65.58,368231
2022-01-10 07:00:00,65.13,65.58,63.73,64.24,426735
2022-01-11 07:00:00,64.39,65.13,63.5,63.95,462125
2022-01-12 07:00:00,63.73,64.76,61.58,63.36,606680
2022-01-13 07:00:00,63.36,63.58,61.28,62.24,269559
2022-01-14 07:00:00,62.39,62.39,61.06,62.17,228500
2022-01-17 07:00:00,63.73,63.73,60.39,61.8,444123
2022-01-18 07:00:00,62.17,62.91,59.65,61.13,446539
2022-01-19 07:00:00,60.69,62.1,60.61,61.35,205870
2022-01-20 07:00:00,61.13,62.84,61.13,62.39,327765
2022-01-21 07:00:00,62.39,63.58,62.02,62.84,347056
2022-01-24 07:00:00,62.24,63.5,60.69,61.65,357961
2022-01-25 07:00:00,61.95,62.69,60.84,62.02,203290
2022-01-26 07:00:00,61.73,62.24,61.5,61.73,114391
2022-01-27 07:00:00,61.8,62.47,60.24,61.43,395037
2022-01-28 07:00:00,61.13,64.39,61.13,62.61,341482
2022-02-07 07:00:00,62.61,63.5,62.61,63.21,257514
2022-02-08 07:00:00,63.13,65.13,62.84,65.06,850509
2022-02-09 07:00:00,64.17,66.69,64.17,66.69,1054860
2022-02-10 07:00:00,65.8,67.13,65.8,67.06,536849
2022-02-11 07:00:00,66.84,67.13,65.21,65.87,307333
2022-02-14 07:00:00,65.65,65.65,63.87,64.47,729829
2022-02-23 07:00:00,66.69,67.8,65.21,67.73,1029000
2022-02-24 07:00:00,67.88,67.88,63.95,66.25,629200
2022-02-25 07:00:00,66.25,66.76,65.21,66.39,327700
2022-02-28 07:00:00,66.02,66.02,64.32,65.13,366200
2022-03-01 07:00:00,64.32,65.13,63.28,63.95,440800
2022-03-02 07:00:00,63.43,63.43,61.13,63.43,851100
2022-03-03 07:00:00,63.5,65.21,62.98,65.06,297500
2022-03-04 07:00:00,65.06,65.06,63.58,64.99,425000
2022-03-07 07:00:00,63.58,64.39,62.1,63.73,702400
2022-03-08 07:00:00,62.39,64.17,62.24,63.28,410300
2022-03-09 07:00:00,63.36,64.24,61.43,64.24,731400
2022-03-10 07:00:00,64.24,68.17,64.24,68.02,2089200
2022-03-11 07:00:00,68.1,70.32,68.02,68.76,1125300
2022-03-14 07:00:00,67.06,68.76,65.95,68.17,649000
2022-03-15 07:00:00,67.13,70.25,66.32,70.1,1341000
2022-03-16 07:00:00,70.1,72.62,70.1,72.03,1137200
2022-03-17 07:00:00,72.32,73.51,71.36,72.4,733800
2022-03-18 07:00:00,72.62,73.66,70.99,72.32,1281500
2022-03-21 07:00:00,71.36,72.54,70.32,72.1,820300
2022-03-22 07:00:00,71.21,72.62,70.62,71.8,704900
2022-03-23 07:00:00,71.73,73.06,70.77,72.47,1017400
2022-03-24 07:00:00,72.03,72.54,71.14,71.8,730300
2022-03-25 07:00:00,71.51,76.32,70.62,76.32,1910800
2022-03-28 07:00:00,75.66,76.69,75.06,75.58,994000
2022-03-29 07:00:00,75.95,80.69,75.95,80.69,1436700
2022-03-30 07:00:00,79.29,81.07,77.8,79.81,809000
2022-03-31 07:00:00,80.69,84.4,79.81,80.77,1036900
2022-04-01 07:00:00,80.18,82.99,79.66,82.18,508700
2022-04-04 07:00:00,82.77,82.77,80.55,81.14,678600
2022-04-05 07:00:00,80.03,82.84,79.66,82.4,677800
2022-04-06 07:00:00,82.25,85.21,81.73,82.25,684400
2022-04-07 07:00:00,82.25,82.25,76.55,81.14,1572100
2022-04-08 07:00:00,80.03,81.14,78.55,79.81,787200
2022-04-12 07:00:00,79.81,80.47,76.32,77.58,903200
2022-04-13 07:00:00,77.36,81.14,75.21,81.14,1043400
2022-04-14 07:00:00,81.14,86.47,81.14,86.18,1620400
2022-04-15 07:00:00,86.18,88.85,85.21,87.29,663900
2022-04-18 07:00:00,86.7,87.07,84.4,86.7,1192900
2022-04-19 07:00:00,86.99,90.77,85.29,88.92,1000700
2022-04-20 07:00:00,88.92,89.29,85.96,88.18,569200
2022-04-21 07:00:00,87.44,87.44,83.96,86.55,794200
2022-04-22 07:00:00,86.7,86.7,80.55,80.55,1419600
2022-04-25 07:00:00,75.66,76.69,74.91,74.91,516800
2022-04-26 07:00:00,69.73,71.14,69.73,69.73,795600
2022-04-27 07:00:00,69.65,72.62,69.06,72.62,1103400
2022-04-28 07:00:00,72.62,73.95,71.58,72.62,610000
2022-04-29 07:00:00,71.88,74.03,71.65,73.73,811800
2022-05-04 07:00:00,72.47,72.99,70.25,70.39,805200
2022-05-05 07:00:00,70.1,71.88,65.5,65.5,2363000
2022-05-06 07:00:00,61.5,65.13,61.5,61.5,1116900
2022-05-09 07:00:00,60.1,61.13,57.21,57.21,1612600
2022-05-10 07:00:00,53.72,60.24,53.35,59.65,1017600
2022-05-11 07:00:00,60.39,61.5,58.54,59.28,760900
2022-05-12 07:00:00,58.61,59.5,55.13,55.13,771000
2022-05-13 07:00:00,54.98,55.87,51.28,51.28,1439300
2022-05-16 07:00:00,52.69,53.65,49.13,51.28,667200
2022-05-17 07:00:00,51.87,54.83,50.98,54.83,644000
2022-05-18 07:00:00,56.02,57.43,54.83,56.24,612200
2022-05-19 07:00:00,54.17,57.43,54.17,56.98,588200
2022-05-20 07:00:00,57.13,59.06,57.06,58.39,622400
2022-05-23 07:00:00,59.21,59.21,55.57,57.43,589200
2022-05-24 07:00:00,55.95,57.8,55.5,57.8,540300
2022-05-25 07:00:00,57.8,61.35,57.8,61.35,809700
2022-05-26 07:00:00,61.35,61.5,59.95,60.69,438100
2022-05-27 07:00:00,60.69,61.58,60.02,61.06,613900
2022-05-30 07:00:00,61.06,61.13,59.87,60.69,472500
2022-05-31 07:00:00,60.54,61.06,59.43,60.54,613800
2022-06-01 07:00:00,60.39,60.39,58.98,59.58,439600
2022-06-02 07:00:00,59.58,62.17,59.58,61.87,821900
2022-06-03 07:00:00,61.8,61.87,60.47,61.43,424700
2022-06-06 07:00:00,61.43,64.99,60.76,64.39,1453900
2022-06-07 07:00:00,64.47,66.62,62.61,66.54,923600
2022-06-08 07:00:00,66.69,67.65,66.32,66.99,533700
2022-06-09 07:00:00,66.69,66.84,65.43,66.02,465700
2022-06-10 07:00:00,65.58,65.8,63.13,63.13,713200
2022-06-13 07:00:00,59.35,62.39,58.76,58.76,997300
2022-06-14 07:00:00,55.72,61.5,55.72,61.5,913800
2022-06-15 07:00:00,61.43,61.73,59.72,61.13,644800
2022-06-16 07:00:00,61.8,62.1,60.76,60.76,566800
2022-06-17 07:00:00,60.95,63.26,58.92,63.16,732100
2022-06-20 07:00:00,62.79,64.55,60.95,62.61,544100
2022-06-21 07:00:00,62.61,62.61,58.27,59.1,394200
2022-06-22 07:00:00,60.02,60.02,56.14,56.79,870500
2022-06-23 07:00:00,56.79,59.1,56.14,59.1,552300
2022-06-24 07:00:00,59.38,59.38,57.25,58.27,648800
2022-06-27 07:00:00,58.08,58.27,56.79,58.27,387100
2022-06-28 07:00:00,57.81,59.65,57.53,59.1,514100
2022-06-29 07:00:00,58.64,59.01,57.81,57.81,178600
2022-06-30 07:00:00,58.18,58.73,57.25,57.25,269800
2022-07-01 07:00:00,56.33,58.92,55.68,58.82,519900
2022-07-04 07:00:00,57.99,59.28,57.53,58.08,134900
2022-07-05 07:00:00,57.99,57.99,55.41,55.41,264300
2022-07-06 07:00:00,54.94,55.87,52.64,52.82,328100
2022-07-07 07:00:00,52.64,53.93,52.17,53.56,286600
2022-07-08 07:00:00,53.74,56.05,53.74,55.87,270300
2022-07-11 07:00:00,55.87,56.14,53.74,54.67,156100
2022-07-12 07:00:00,55.41,56.7,54.76,56.7,220600
2022-07-13 07:00:00,56.7,58.08,56.24,57.44,261100
2022-07-14 07:00:00,57.25,58.92,56.42,57.99,258200
2022-07-15 07:00:00,58.27,59.38,58.18,58.18,287700
2022-07-18 07:00:00,58.45,58.92,57.71,57.99,155400
2022-07-19 07:00:00,57.99,58.18,56.98,57.53,136400
2022-07-20 07:00:00,58.27,60.95,58.27,60.85,659600
2022-07-21 07:00:00,61.5,61.5,60.58,60.85,251300
2022-07-22 07:00:00,60.76,62.33,59.75,60.85,242200
2022-07-25 07:00:00,60.48,60.48,59.1,60.12,262200
2022-07-26 07:00:00,60.58,60.58,59.93,60.12,186200
2022-07-27 07:00:00,59.56,60.76,59.38,60.39,145400
2022-07-28 07:00:00,61.69,62.24,60.95,61.87,479000
2022-07-29 07:00:00,61.87,63.44,61.59,62.33,260200
2022-08-01 07:00:00,62.79,63.35,62.05,62.79,316400
2022-08-02 07:00:00,62.79,63.07,62.05,62.24,299800
2022-08-03 07:00:00,61.96,64.82,61.78,64.82,537000
2022-08-04 07:00:00,65.38,65.38,63.99,64.36,262200
2022-08-05 07:00:00,63.81,64.27,63.72,64.27,177800
2022-08-08 07:00:00,64.27,64.64,63.9,64.18,235200
2022-08-09 07:00:00,64.55,64.82,63.99,64.36,235600
2022-08-10 07:00:00,64.27,64.36,62.79,62.98,715100
2022-08-11 07:00:00,63.72,63.9,62.98,63.72,523400
2022-08-12 07:00:00,63.72,63.9,62.79,63.44,162500
2022-08-15 07:00:00,63.72,66.03,63.72,65.84,583100
2022-08-16 07:00:00,65.56,65.75,65.01,65.66,527700
2022-08-17 07:00:00,66.49,68.43,66.21,67.69,827400
2022-08-18 07:00:00,67.41,68.7,66.86,68.24,563900
2022-08-19 07:00:00,68.24,69.44,67.41,68.33,482200
2022-08-22 07:00:00,68.24,69.07,67.69,68.43,478000
2022-08-23 07:00:00,67.6,69.07,67.6,68.33,302700
2022-08-24 07:00:00,68.7,70.37,68.33,70.37,495900
2022-08-25 07:00:00,71.1,71.57,69.81,70.09,391100
2022-08-26 07:00:00,70.0,70.73,69.26,69.35,285800
2022-08-29 07:00:00,67.6,68.7,66.03,67.41,764900
2022-08-30 07:00:00,68.15,68.33,66.49,66.49,361100
2022-08-31 07:00:00,66.76,68.33,66.49,67.69,299800
2022-09-05 07:00:00,67.69,68.89,67.69,68.06,231600
2022-09-06 07:00:00,68.06,69.44,68.06,68.52,314500
2022-09-07 07:00:00,68.52,68.52,66.3,66.39,418700
2022-09-08 07:00:00,67.32,67.32,65.84,66.12,259000
2022-09-09 07:00:00,65.75,66.49,64.46,66.49,419200
2022-09-12 07:00:00,67.41,67.69,66.67,66.86,208600
2022-09-13 07:00:00,66.86,67.6,65.75,66.86,222700
2022-09-14 07:00:00,65.84,67.5,65.84,67.41,326200
2022-09-15 07:00:00,69.17,69.17,67.69,67.78,225300
2022-09-16 07:00:00,67.78,68.24,66.95,66.95,244500
2022-09-19 07:00:00,66.95,66.95,63.26,63.72,528700
2022-09-20 07:00:00,65.1,65.1,63.62,64.82,206700
2022-09-21 07:00:00,64.09,65.56,63.99,65.56,284800
2022-09-22 07:00:00,63.99,65.84,63.99,65.19,165700
2022-09-23 07:00:00,65.19,66.76,64.73,65.29,194000
2022-09-26 07:00:00,65.29,65.29,61.87,63.07,399800
2022-09-27 07:00:00,63.26,63.35,61.87,61.87,262900
2022-09-28 07:00:00,61.78,61.78,57.62,57.62,482000
2022-09-29 07:00:00,59.19,60.02,57.44,57.44,214500
2022-09-30 07:00:00,57.25,57.62,53.56,55.41,908800
2022-10-03 07:00:00,55.41,55.68,51.53,51.53,669800
2022-10-04 07:00:00,54.02,54.02,51.34,51.99,284700
2022-10-05 07:00:00,52.91,55.13,52.91,54.11,200200
2022-10-06 07:00:00,53.47,54.11,51.9,53.01,286300
2022-10-07 07:00:00,51.44,53.01,49.87,50.42,458500
2022-10-10 07:00:00,50.33,53.19,49.87,52.73,342200
2022-10-11 07:00:00,52.82,53.93,50.88,52.64,585200
2022-10-12 07:00:00,53.1,56.24,52.73,56.05,503100
2022-10-13 07:00:00,56.79,56.79,54.57,55.22,271500
2022-10-14 07:00:00,56.14,56.61,55.04,55.22,355100
2022-10-17 07:00:00,55.22,55.78,54.02,55.41,235100
2022-10-18 07:00:00,56.51,56.61,55.31,55.41,359100
2022-10-19 07:00:00,55.41,56.24,55.04,56.05,346000
2022-10-20 07:00:00,55.68,56.05,55.04,55.41,308100
2022-10-21 07:00:00,54.94,55.41,51.53,51.53,505300
2022-10-24 07:00:00,51.53,51.8,47.93,47.93,525300
2022-10-25 07:00:00,47.93,49.87,44.79,47.93,434500
2022-10-26 07:00:00,48.02,48.85,46.17,47.56,253000
2022-10-27 07:00:00,47.56,49.68,47.19,49.5,298300
2022-10-28 07:00:00,49.87,51.44,49.87,50.42,383600
2022-10-31 07:00:00,50.79,51.16,49.5,51.07,265500
2022-11-01 07:00:00,51.16,51.71,50.51,50.51,248000
2022-11-02 07:00:00,50.6,50.6,49.22,49.5,198000
2022-11-03 07:00:00,49.59,49.59,48.3,48.3,176000
2022-11-04 07:00:00,48.48,48.48,45.43,45.89,384900
2022-11-07 07:00:00,46.03,46.17,42.71,42.71,475700
2022-11-08 07:00:00,41.55,42.75,40.68,41.92,332800
2022-11-09 07:00:00,42.66,43.03,41.55,42.29,289400
2022-11-10 07:00:00,41.55,41.92,39.34,39.34,408800
2022-11-11 07:00:00,41.83,41.83,38.88,40.17,869000
2022-11-14 07:00:00,37.95,38.97,37.4,37.4,299900
2022-11-15 07:00:00,34.81,34.81,34.81,34.81,107700
2022-11-16 07:00:00,32.41,36.66,32.41,36.38,788500
2022-11-17 07:00:00,36.48,37.4,36.48,36.89,286600
2022-11-18 07:00:00,37.31,37.49,34.44,37.49,361600
2022-11-21 07:00:00,37.86,39.48,37.86,38.88,327500
2022-11-22 07:00:00,38.78,40.17,38.0,39.38,341900
2022-11-23 07:00:00,38.88,40.77,38.88,40.72,438700
2022-11-24 07:00:00,40.54,40.68,39.25,40.26,351600
2022-11-25 07:00:00,40.31,41.55,40.31,41.55,225000
2022-11-28 07:00:00,42.2,44.46,42.2,44.46,339600
2022-11-29 07:00:00,45.34,46.08,44.32,45.8,348400
2022-11-30 07:00:00,46.17,48.76,45.34,48.48,621600
2022-12-01 07:00:00,49.03,49.68,45.43,45.62,701600
2022-12-02 07:00:00,45.34,48.2,44.32,47.93,331700
2022-12-05 07:00:00,48.11,49.5,47.83,48.02,375600
2022-12-06 07:00:00,47.56,49.03,45.8,46.45,562000
2022-12-07 07:00:00,45.94,47.1,44.23,44.23,489900
2022-12-08 07:00:00,45.06,47.28,45.02,46.54,514900
2022-12-09 07:00:00,46.63,47.74,46.45,47.28,233300
2022-12-12 07:00:00,47.28,49.31,47.28,48.48,363400
2022-12-13 07:00:00,48.57,48.94,47.28,48.94,272700
2022-12-14 07:00:00,49.87,50.51,48.94,50.14,337500
2022-12-15 07:00:00,49.87,51.53,49.87,51.07,289200
2022-12-16 07:00:00,50.7,52.64,50.05,52.54,364900
2022-12-19 07:00:00,52.54,52.82,50.7,50.7,212300
2022-12-20 07:00:00,49.31,50.6,48.3,48.94,324000
2022-12-21 07:00:00,49.03,49.77,45.8,47.65,222900
2022-12-22 07:00:00,48.76,49.03,47.56,48.02,252200
2022-12-23 07:00:00,47.56,48.76,47.37,48.48,132200
2022-12-26 07:00:00,47.74,48.02,46.17,46.17,273900
2022-12-27 07:00:00,45.76,47.1,45.43,47.1,192500
2022-12-28 07:00:00,46.63,47.19,46.45,47.1,114400
2022-12-29 07:00:00,47.1,47.1,46.73,46.73,156700
2022-12-30 07:00:00,46.63,47.1,46.17,46.54,60600
2023-01-03 07:00:00,46.54,48.94,46.54,48.94,169400
2023-01-04 07:00:00,48.94,49.5,48.76,48.85,100100
2023-01-05 07:00:00,48.85,49.4,48.3,49.13,143900
2023-01-06 07:00:00,48.94,49.13,48.48,48.48,139700
2023-01-09 07:00:00,48.57,48.85,48.39,48.76,80500
2023-01-10 07:00:00,48.39,49.31,48.11,48.48,94400
2023-01-11 07:00:00,48.94,49.77,48.48,49.5,143000
2023-01-12 07:00:00,49.5,50.05,49.4,49.59,59200
2023-01-13 07:00:00,49.77,50.51,49.5,49.59,251700
2023-01-16 07:00:00,50.42,50.42,48.76,49.59,166900
2023-01-17 07:00:00,49.77,52.27,49.59,51.9,235000
2023-01-18 07:00:00,52.36,55.5,51.25,55.22,383700
2023-01-19 07:00:00,55.22,56.24,53.93,54.3,186800
2023-01-27 07:00:00,55.22,57.99,54.39,56.05,322500
2023-01-30 07:00:00,56.05,57.16,55.96,56.24,199700
2023-01-31 07:00:00,56.24,57.25,55.04,57.25,197600
2023-02-01 07:00:00,57.25,59.1,55.59,56.33,344500
2023-02-02 07:00:00,56.24,56.98,55.22,56.51,207200
2023-02-03 07:00:00,56.33,57.07,56.33,57.07,159300
2023-02-06 07:00:00,56.7,56.7,55.59,55.59,110700
2023-02-07 07:00:00,55.78,56.24,55.41,56.24,148600
2023-02-08 07:00:00,56.33,56.61,55.41,56.61,85800
2023-02-09 07:00:00,56.61,56.61,56.05,56.14,115300
2023-02-10 07:00:00,57.07,57.07,55.59,56.24,124200
2023-02-13 07:00:00,55.59,55.68,53.01,53.19,196700
2023-02-14 07:00:00,53.19,54.02,52.27,52.64,98500
2023-02-15 07:00:00,52.08,53.47,51.53,52.64,142600
2023-02-16 07:00:00,53.93,54.3,53.01,54.02,139100
2023-02-17 07:00:00,54.48,54.48,53.37,53.37,107200
2023-02-20 07:00:00,54.21,55.87,53.74,55.59,209600
2023-02-21 07:00:00,55.87,56.33,54.94,54.94,106600
2023-02-22 07:00:00,54.94,54.94,52.64,52.64,147000
2023-02-23 07:00:00,53.1,53.56,52.27,53.56,167200
2023-02-24 07:00:00,53.56,53.56,52.45,52.45,109100
2023-02-27 07:00:00,52.36,52.82,50.79,51.16,407200
2023-02-28 07:00:00,52.27,52.64,50.6,50.7,76800
2023-03-01 07:00:00,50.14,52.64,50.14,52.64,232600
2023-03-02 07:00:00,53.56,53.56,51.9,51.9,67700
2023-03-03 07:00:00,52.17,52.64,51.62,51.62,75300
2023-03-06 07:00:00,52.91,52.91,51.62,51.9,139900
2023-03-07 07:00:00,52.08,52.27,51.71,51.99,31900
2023-03-08 07:00:00,51.25,53.1,51.25,53.1,97400
2023-03-09 07:00:00,52.73,53.37,52.73,53.1,117200
2023-03-10 07:00:00,51.9,53.01,51.9,52.64,83900
2023-03-13 07:00:00,52.17,52.54,51.71,51.99,74600
2023-03-14 07:00:00,51.99,52.17,51.07,51.16,86900
2023-03-15 07:00:00,53.47,53.47,51.9,52.27,58800
2023-03-16 07:00:00,51.53,52.27,51.53,52.27,85900
2023-03-17 07:00:00,52.64,52.64,51.8,51.9,22200
2023-03-20 07:00:00,51.71,52.08,51.16,51.25,60100
2023-03-21 07:00:00,51.53,51.53,50.97,51.53,38600
2023-03-22 07:00:00,51.71,52.64,51.53,51.53,41500
2023-03-23 07:00:00,51.53,51.53,51.25,51.53,25700
2023-03-24 07:00:00,51.62,52.08,51.53,51.62,53000
2023-03-27 07:00:00,51.53,52.17,51.53,51.8,52000
2023-03-28 07:00:00,51.8,52.45,51.8,52.45,96400
2023-03-29 07:00:00,52.45,52.64,51.8,52.36,99600
2023-03-30 07:00:00,52.54,55.13,52.54,54.94,538700
2023-03-31 07:00:00,55.41,57.16,55.04,56.33,649500
2023-04-03 07:00:00,57.25,57.71,56.42,57.71,279800
2023-04-04 07:00:00,57.71,57.71,56.88,57.62,176700
2023-04-05 07:00:00,57.25,59.28,56.98,59.28,215400
2023-04-06 07:00:00,59.19,61.41,59.19,60.58,296900
2023-04-07 07:00:00,60.58,60.58,58.92,59.1,181200
2023-04-10 07:00:00,59.28,60.85,57.99,58.73,183900
2023-04-11 07:00:00,59.65,61.32,58.92,61.32,320900
2023-04-12 07:00:00,61.32,62.24,60.02,60.21,143900
2023-04-13 07:00:00,60.21,60.76,59.93,60.39,65100
2023-04-14 07:00:00,60.85,61.04,59.1,59.1,173000
2023-04-17 07:00:00,58.64,59.84,58.36,59.47,76200
2023-04-18 07:00:00,59.19,60.39,59.19,59.75,137600
2023-04-19 07:00:00,60.48,60.48,58.92,59.19,89600
2023-04-20 07:00:00,59.93,59.93,58.08,58.82,121000
2023-04-21 07:00:00,58.55,59.01,58.18,58.45,59000
2023-04-24 07:00:00,58.18,58.73,57.25,57.71,95300
2023-04-25 07:00:00,57.81,60.21,57.71,60.21,192700
2023-04-26 07:00:00,60.12,63.26,59.28,61.32,573400
2023-04-27 07:00:00,62.61,62.61,60.95,60.95,147900
2023-04-28 07:00:00,60.95,62.05,60.58,61.41,208800
2023-05-04 07:00:00,61.04,61.41,57.25,58.27,286200
2023-05-05 07:00:00,58.18,59.93,57.71,59.1,179900
2023-05-08 07:00:00,59.19,60.95,59.19,60.58,92200
2023-05-09 07:00:00,60.58,61.13,59.93,60.76,295500
2023-05-10 07:00:00,60.76,61.13,59.93,60.12,279900
2023-05-11 07:00:00,60.39,61.41,60.02,61.41,186800
2023-05-12 07:00:00,61.41,62.33,60.95,62.05,251000
2023-05-15 07:00:00,62.05,62.79,60.48,62.05,177800
2023-05-16 07:00:00,62.05,62.05,61.13,61.5,103500
2023-05-17 07:00:00,61.32,62.05,60.95,60.95,84000
2023-05-18 07:00:00,60.95,61.41,60.58,60.67,210400
2023-05-19 07:00:00,61.78,61.78,60.95,61.59,139500
2023-05-22 07:00:00,62.15,64.27,62.15,63.72,569000
2023-05-23 07:00:00,64.92,65.66,63.99,65.47,339700
2023-05-24 07:00:00,65.47,66.39,64.73,65.29,350900
2023-05-25 07:00:00,65.19,66.03,64.36,65.93,190300
2023-05-26 07:00:00,65.56,66.12,64.55,64.55,161500
2023-05-29 07:00:00,66.03,66.03,64.46,64.92,230600
2023-05-30 07:00:00,64.92,65.29,64.27,65.1,131500
2023-05-31 07:00:00,64.92,65.56,64.92,65.56,66900
2023-06-01 07:00:00,65.56,67.69,65.29,67.23,149300
2023-06-02 07:00:00,67.32,67.87,66.67,67.87,174800
2023-06-05 07:00:00,67.78,67.78,66.03,66.95,120500
2023-06-06 07:00:00,67.04,67.13,66.3,66.86,62700
2023-06-07 07:00:00,66.21,66.95,65.56,66.95,142700
2023-06-08 07:00:00,66.49,66.76,65.38,65.38,164000
2023-06-09 07:00:00,65.47,65.56,64.64,65.56,92200
2023-06-12 07:00:00,65.56,66.49,65.56,65.84,79400
2023-06-13 07:00:00,67.04,68.33,66.03,67.96,280200
2023-06-14 07:00:00,68.43,68.43,66.03,66.03,128500
2023-06-15 07:00:00,66.03,66.86,66.03,66.76,47400
2023-06-16 07:00:00,67.23,67.41,65.84,66.76,195800
2023-06-19 07:00:00,66.39,66.76,65.47,65.47,77100
2023-06-20 07:00:00,65.38,66.03,65.38,66.03,120500
2023-06-21 07:00:00,66.21,66.3,65.56,65.75,105000
2023-06-22 07:00:00,67.32,67.32,65.56,65.75,131900
2023-06-23 07:00:00,65.84,67.13,65.84,67.04,305200
2023-06-26 07:00:00,67.04,68.52,66.3,67.69,257200
2023-06-27 07:00:00,68.33,68.43,67.23,67.41,90600
2023-06-28 07:00:00,67.41,67.87,67.04,67.04,87200
2023-06-29 07:00:00,67.13,67.88,66.01,66.1,164900
2023-06-30 07:00:00,66.39,66.48,66.01,66.01,107000
2023-07-03 07:00:00,66.01,66.1,65.36,66.01,118700
2023-07-04 07:00:00,66.01,67.6,66.01,67.6,142100
2023-07-05 07:00:00,67.23,68.35,67.23,68.16,209100
2023-07-06 07:00:00,68.16,68.63,66.48,67.42,138500
2023-07-07 07:00:00,67.42,70.51,67.23,69.85,476000
2023-07-10 07:00:00,69.85,71.35,69.57,70.97,400900
2023-07-11 07:00:00,71.07,72.28,69.29,70.04,391900
2023-07-12 07:00:00,70.79,70.79,69.29,69.94,322100
2023-07-13 07:00:00,69.76,70.69,69.29,69.29,262800
2023-07-14 07:00:00,69.76,70.41,68.82,69.38,315500
2023-07-17 07:00:00,69.48,69.48,68.54,69.19,330300
2023-07-18 07:00:00,69.19,70.51,69.01,70.51,297200
2023-07-19 07:00:00,70.97,71.25,69.29,69.29,197800
2023-07-20 07:00:00,69.29,69.38,68.82,69.38,185200
2023-07-21 07:00:00,69.38,69.76,68.91,69.29,201700
2023-07-24 07:00:00,69.29,69.85,69.19,69.29,194400
2023-07-25 07:00:00,69.66,69.66,68.63,68.82,261100
2023-07-26 07:00:00,69.19,69.29,68.07,68.35,357400
2023-07-27 07:00:00,68.35,68.45,67.23,67.88,191300
2023-07-28 07:00:00,67.88,68.82,67.42,67.6,189800
2023-07-31 07:00:00,67.88,68.73,67.42,68.16,210000
2023-08-01 07:00:00,68.35,68.63,67.88,68.16,289100
2023-08-02 07:00:00,67.42,68.45,67.42,67.98,162700
2023-08-03 07:00:00,67.79,68.35,67.42,67.42,169800
2023-08-04 07:00:00,67.42,67.98,67.23,67.6,233400
2023-08-07 07:00:00,67.6,69.29,67.42,69.29,387000
2023-08-08 07:00:00,70.22,70.41,69.48,69.85,249400
2023-08-09 07:00:00,69.85,70.22,69.1,69.29,198700
2023-08-10 07:00:00,69.29,69.76,68.35,68.35,172100
2023-08-11 07:00:00,67.88,68.54,67.7,68.35,218100
2023-08-14 07:00:00,68.16,68.35,67.42,67.7,240800
2023-08-15 07:00:00,67.7,68.35,67.32,68.35,187700
2023-08-16 07:00:00,68.35,69.85,67.88,69.29,318300
2023-08-17 07:00:00,69.57,69.76,67.98,67.98,180900
2023-08-18 07:00:00,67.98,68.73,64.23,64.61,368100
2023-08-21 07:00:00,64.61,66.85,63.58,66.01,291400
2023-08-22 07:00:00,65.54,68.82,64.61,68.82,276900
2023-08-23 07:00:00,68.82,68.82,67.51,68.73,118600
2023-08-24 07:00:00,68.63,70.04,68.07,69.48,164200
2023-08-25 07:00:00,69.76,74.25,69.38,74.25,915300
2023-08-28 07:00:00,74.25,77.72,74.25,75.0,275100
2023-08-29 07:00:00,75.09,76.78,74.44,75.75,265700
2023-08-30 07:00:00,76.31,78.28,75.75,77.81,447400
2023-08-31 07:00:00,79.12,79.12,77.25,78.0,190300
2023-09-05 07:00:00,78.0,78.65,76.87,78.09,275200
2023-09-06 07:00:00,78.28,78.65,75.28,76.78,252000
2023-09-07 07:00:00,76.31,78.37,76.31,77.72,151800
2023-09-08 07:00:00,77.72,79.49,76.78,79.03,234500
2023-09-11 07:00:00,79.59,79.59,76.22,76.59,269300
2023-09-12 07:00:00,76.87,77.25,75.94,77.25,142300
2023-09-13 07:00:00,77.72,80.15,76.78,76.78,337500
2023-09-14 07:00:00,76.78,76.87,73.97,73.97,470200
2023-09-15 07:00:00,74.06,75.09,72.75,73.22,350300
2023-09-18 07:00:00,74.16,74.16,73.03,73.13,193900
2023-09-19 07:00:00,73.31,77.53,72.75,77.25,617700
2023-09-20 07:00:00,78.18,78.93,77.15,78.37,318100
2023-09-21 07:00:00,79.49,79.49,75.75,76.31,635700
2023-09-22 07:00:00,75.28,77.06,70.97,70.97,4436300
2023-09-25 07:00:00,71.44,73.03,69.76,69.76,596800
2023-09-26 07:00:00,69.29,72.75,69.29,70.13,512000
2023-09-27 07:00:00,70.79,71.35,68.82,71.16,371500
2023-09-28 07:00:00,71.63,72.47,71.25,71.72,625500
2023-09-29 07:00:00,72.66,73.6,71.91,72.94,362500
2023-10-02 07:00:00,73.69,74.72,73.13,73.78,289800
2023-10-03 07:00:00,72.57,73.41,71.44,71.82,413400
2023-10-04 07:00:00,70.32,73.22,70.32,72.85,255500
2023-10-05 07:00:00,73.13,73.22,72.1,72.19,140300
2023-10-06 07:00:00,72.19,73.69,71.54,73.5,206400
2023-10-09 07:00:00,73.5,74.81,73.03,74.34,440400
2023-10-10 07:00:00,74.81,76.5,74.44,74.91,406600
2023-10-11 07:00:00,75.0,75.37,73.97,75.37,170600
2023-10-12 07:00:00,75.28,75.84,75.19,75.84,222900
2023-10-13 07:00:00,75.0,75.84,74.25,75.84,253900
2023-10-16 07:00:00,76.03,76.12,74.44,74.53,187400
2023-10-17 07:00:00,74.53,75.37,70.41,70.41,241500
2023-10-18 07:00:00,70.79,71.91,70.04,70.69,533100
2023-10-19 07:00:00,70.79,72.1,69.29,70.51,207600
2023-10-20 07:00:00,71.07,71.25,69.29,71.16,185900
2023-10-23 07:00:00,70.41,71.16,69.76,70.22,166300
2023-10-24 07:00:00,69.48,72.47,69.48,72.28,322200
2023-10-25 07:00:00,71.82,72.94,71.07,71.07,104100
2023-10-26 07:00:00,70.32,70.32,68.07,69.01,415100
2023-10-27 07:00:00,70.04,70.69,67.98,70.22,139700
2023-10-30 07:00:00,69.76,69.85,67.98,67.98,64500
2023-10-31 07:00:00,67.88,68.35,66.57,66.57,272400
2023-11-01 07:00:00,66.39,68.91,66.29,68.91,194200
2023-11-02 07:00:00,68.91,70.6,68.91,70.41,119300
2023-11-03 07:00:00,70.97,72.66,70.22,72.57,284000
2023-11-06 07:00:00,73.5,73.5,71.63,72.85,130100
2023-11-07 07:00:00,72.85,73.03,72.0,72.38,129200
2023-11-08 07:00:00,72.38,74.81,72.19,74.81,277300
2023-11-09 07:00:00,74.81,76.4,74.44,75.47,256700
2023-11-10 07:00:00,74.91,75.19,74.16,74.16,217400
2023-11-13 07:00:00,74.16,74.63,73.6,73.88,66100
2023-11-14 07:00:00,75.28,75.28,74.06,74.44,130700
2023-11-15 07:00:00,75.37,75.56,74.25,74.91,175800
2023-11-16 07:00:00,74.34,80.15,74.34,80.15,1070500
2023-11-17 07:00:00,81.55,83.24,80.52,80.81,493300
2023-11-20 07:00:00,79.59,80.43,78.46,79.49,641600
2023-11-21 07:00:00,79.49,83.33,79.49,82.49,645500
2023-11-22 07:00:00,82.49,83.71,81.18,82.49,373700
2023-11-23 07:00:00,82.49,82.77,78.28,78.28,361400
2023-11-24 07:00:00,78.84,82.58,76.87,82.4,839400
2023-11-27 07:00:00,82.49,82.49,80.99,80.99,138000
2023-11-28 07:00:00,79.78,82.02,79.59,82.02,183500
2023-11-29 07:00:00,82.12,85.21,81.18,84.93,578400
2023-11-30 07:00:00,84.27,86.14,83.8,86.14,403400
2023-12-01 07:00:00,85.3,86.05,83.99,84.93,263000
2023-12-04 07:00:00,84.93,85.11,84.08,85.11,324700
2023-12-05 07:00:00,85.11,86.24,83.71,83.9,420800
2023-12-06 07:00:00,83.43,84.46,82.58,83.05,403000
2023-12-07 07:00:00,83.05,85.21,82.87,84.74,462200
2023-12-08 07:00:00,84.74,86.14,83.71,84.74,258700
2023-12-11 07:00:00,84.74,85.49,83.52,83.9,216400
2023-12-12 07:00:00,84.46,85.67,83.15,85.49,349600
2023-12-13 07:00:00,85.96,86.42,83.61,83.71,329400
2023-12-14 07:00:00,83.9,84.36,82.96,82.96,280000
2023-12-15 07:00:00,82.4,83.15,82.02,82.02,279300
2023-12-18 07:00:00,82.02,82.02,80.52,81.09,295600
2023-12-19 07:00:00,81.09,81.84,80.34,81.37,173900
2023-12-20 07:00:00,82.02,82.02,80.34,81.37,87000
2023-12-21 07:00:00,81.09,81.37,80.52,81.27,109800
2023-12-22 07:00:00,81.65,84.46,81.55,83.71,285100
2023-12-25 07:00:00,84.46,86.14,83.61,86.14,520900
2023-12-26 07:00:00,87.08,87.08,84.36,85.67,454100
2023-12-27 07:00:00,85.49,86.24,85.02,85.02,403000
2023-12-28 07:00:00,85.21,85.21,84.36,84.46,178400
2023-12-29 07:00:00,84.55,88.02,83.99,85.96,766300
2024-01-02 07:00:00,87.08,87.08,85.21,85.86,141500
2024-01-03 07:00:00,85.86,86.52,84.83,85.67,255500
2024-01-04 07:00:00,86.14,88.39,85.21,85.21,554700
2024-01-05 07:00:00,85.58,86.05,85.11,85.86,203400
2024-01-08 07:00:00,86.61,87.08,85.86,86.7,256800
2024-01-09 07:00:00,86.61,86.7,85.77,85.96,139500
2024-01-10 07:00:00,85.96,86.05,85.02,85.58,289900
2024-01-11 07:00:00,85.58,86.7,84.93,86.61,228800
2024-01-12 07:00:00,86.52,86.52,80.62,84.27,235600
2024-01-15 07:00:00,84.27,85.67,83.8,83.8,164200
2024-01-16 07:00:00,83.43,85.3,83.05,85.21,151200
2024-01-17 07:00:00,85.21,85.39,84.27,84.55,141500
2024-01-18 07:00:00,85.12,86.85,84.65,86.46,141800
2024-01-19 07:00:00,86.46,89.43,86.46,87.9,394000
2024-01-22 07:00:00,87.99,88.95,87.23,88.38,228200
2024-01-23 07:00:00,88.76,88.95,87.61,88.57,203000
2024-01-24 07:00:00,88.66,89.24,88.19,88.57,163500
2024-01-25 07:00:00,88.95,88.95,87.04,87.61,148100
2024-01-26 07:00:00,87.99,88.19,87.23,87.9,93000
2024-01-29 07:00:00,88.47,88.47,87.23,88.19,104000
2024-01-30 07:00:00,88.19,88.95,87.71,88.66,129600
2024-01-31 07:00:00,88.95,88.95,86.65,87.32,229500
2024-02-01 07:00:00,87.32,90.38,87.04,90.38,720600
2024-02-02 07:00:00,90.38,91.25,90.1,90.96,253900
2024-02-05 07:00:00,90.96,94.59,90.96,92.78,714700
2024-02-06 07:00:00,93.64,93.64,91.82,92.2,135000
2024-02-07 07:00:00,92.3,93.25,91.82,92.3,171500
2024-02-15 07:00:00,92.3,92.78,91.05,91.53,146500
2024-02-16 07:00:00,91.25,92.97,90.77,92.97,257700
2024-02-19 07:00:00,92.97,93.25,92.2,93.25,170900
2024-02-20 07:00:00,93.45,93.54,91.82,92.78,166700
2024-02-21 07:00:00,92.78,92.78,91.15,91.82,247100
2024-02-22 07:00:00,92.01,95.07,91.82,94.98,377200
2024-02-23 07:00:00,95.65,95.84,93.25,93.92,308600
2024-02-26 07:00:00,93.83,99.28,93.73,97.65,583900
2024-02-27 07:00:00,97.65,99.47,97.18,97.75,224500
2024-02-28 07:00:00,97.75,99.38,96.32,98.04,234100
2024-02-29 07:00:00,98.04,101.38,97.46,100.43,296500
2024-03-01 07:00:00,101.38,101.38,99.47,100.43,203900
2024-03-04 07:00:00,100.91,101.0,99.47,99.57,231300
2024-03-05 07:00:00,99.38,100.33,98.51,99.47,249000
2024-03-06 07:00:00,99.47,103.2,98.8,99.47,473700
2024-03-07 07:00:00,99.47,102.25,99.47,101.67,299300
2024-03-08 07:00:00,101.77,102.82,100.43,100.62,169600
2024-03-11 07:00:00,101.38,107.6,101.29,107.6,877000
2024-03-12 07:00:00,109.99,115.06,109.8,112.77,1037600
2024-03-13 07:00:00,114.77,117.64,112.57,114.39,504400
2024-03-14 07:00:00,114.39,116.21,111.43,112.38,885100
2024-03-15 07:00:00,112.38,113.63,109.32,113.34,673700
2024-03-18 07:00:00,113.34,114.77,105.69,110.66,1065900
2024-03-19 07:00:00,111.04,114.77,110.09,112.86,275400
2024-03-20 07:00:00,112.48,115.73,109.99,113.91,608100
2024-03-21 07:00:00,115.64,121.85,114.3,121.85,933100
2024-03-22 07:00:00,121.85,123.19,120.61,122.71,322400
2024-03-25 07:00:00,125.3,126.06,121.66,124.34,298300
2024-03-26 07:00:00,124.34,129.12,122.43,129.12,358700
2024-03-27 07:00:00,129.12,137.35,127.88,136.49,558300
2024-03-28 07:00:00,136.49,140.6,136.01,136.01,293900
2024-03-29 07:00:00,135.82,135.82,127.4,132.28,685200
2024-04-01 07:00:00,131.99,131.99,128.16,128.64,474700
2024-04-02 07:00:00,128.74,133.62,128.64,131.51,273300
2024-04-03 07:00:00,131.51,133.52,129.12,129.12,358000
2024-04-04 07:00:00,128.16,131.13,126.44,127.69,408300
2024-04-05 07:00:00,126.25,129.89,125.87,126.44,443900
2024-04-08 07:00:00,128.74,128.74,120.32,121.47,644400
2024-04-09 07:00:00,120.13,122.43,119.37,119.46,481500
2024-04-10 07:00:00,120.04,122.9,120.04,120.23,186600
2024-04-11 07:00:00,119.08,119.08,115.73,117.55,610700
2024-04-12 07:00:00,117.17,121.47,117.17,119.84,152500
2024-04-15 07:00:00,119.56,121.18,111.52,111.52,461600
2024-04-16 07:00:00,111.52,114.3,105.69,114.3,612600
2024-04-17 07:00:00,114.77,115.54,112.86,113.53,284700
2024-04-19 07:00:00,113.44,113.44,107.12,107.31,739600
2024-04-22 07:00:00,109.99,114.77,109.42,114.77,562800
2024-04-23 07:00:00,114.77,116.3,111.71,112.86,245100
2024-04-24 07:00:00,118.6,119.94,113.82,119.17,468800
2024-04-25 07:00:00,120.42,123.38,116.69,117.26,670100
2024-04-26 07:00:00,117.26,120.8,116.11,118.6,404900
2024-05-02 07:00:00,119.08,122.04,116.69,121.95,455900
2024-05-03 07:00:00,122.9,125.3,119.56,124.34,737400
2024-05-06 07:00:00,124.24,125.97,123.19,125.2,376100
2024-05-07 07:00:00,125.2,126.25,122.33,123.29,576500
2024-05-08 07:00:00,123.1,126.25,120.99,123.86,370500
2024-05-09 07:00:00,124.15,127.69,123.57,125.2,394500
2024-05-10 07:00:00,125.2,125.2,122.23,123.19,274000
2024-05-13 07:00:00,123.1,123.19,119.56,120.61,375800
2024-05-14 07:00:00,120.99,121.66,119.84,120.99,303300
2024-05-15 07:00:00,121.66,129.41,121.47,129.41,1125500
2024-05-16 07:00:00,134.0,134.0,128.16,128.16,548100
2024-05-17 07:00:00,130.36,130.36,127.88,128.55,499000
2024-05-20 07:00:00,130.56,130.56,125.01,125.3,816900
2024-05-21 07:00:00,125.3,127.21,122.62,123.67,634600
2024-05-22 07:00:00,126.25,126.25,123.1,123.48,386700
2024-05-23 07:00:00,123.77,125.87,122.43,125.87,414500
2024-05-24 07:00:00,125.3,125.3,119.56,120.99,421900
2024-05-27 07:00:00,121.57,124.34,120.99,123.38,305500
2024-05-28 07:00:00,124.34,127.88,124.24,127.4,693200
2024-05-29 07:00:00,128.55,128.55,124.72,124.82,284600
2024-05-30 07:00:00,123.38,124.82,122.43,124.15,284700
2024-05-31 07:00:00,124.34,126.44,123.19,125.77,207500
2024-06-03 07:00:00,126.63,130.17,126.35,128.16,578400
2024-06-04 07:00:00,129.12,129.31,127.02,127.78,338200
2024-06-05 07:00:00,128.64,131.51,127.21,127.21,582300
2024-06-06 07:00:00,127.21,129.12,125.68,125.87,245400
2024-06-07 07:00:00,126.16,127.97,125.58,127.88,236800
2024-06-10 07:00:00,127.88,128.16,125.77,126.73,446900
2024-06-11 07:00:00,126.73,126.73,124.72,126.73,355700
2024-06-12 07:00:00,126.73,127.69,125.3,127.4,257500
2024-06-13 07:00:00,128.16,136.29,127.97,136.29,2063200
2024-06-14 07:00:00,136.39,145.76,136.39,145.67,962200
2024-06-17 07:00:00,145.67,154.75,145.67,148.73,815000
2024-06-18 07:00:00,151.12,153.22,149.11,151.12,571500
2024-06-19 07:00:00,151.22,154.95,145.38,151.6,633800
2024-06-20 07:00:00,151.98,154.66,149.11,151.6,411900
2024-06-21 07:00:00,151.6,154.95,151.6,153.22,999300
2024-06-24 07:00:00,153.22,153.99,142.51,144.42,1305500
2024-06-25 07:00:00,144.42,144.9,141.46,143.85,407700
2024-06-26 07:00:00,144.04,144.9,138.69,143.09,531500
2024-06-27 07:00:00,142.32,142.99,141.56,141.75,157100
2024-06-28 07:00:00,140.12,144.33,133.9,134.48,725300
2024-07-01 07:00:00,134.48,138.69,131.42,137.35,360400
2024-07-02 07:00:00,137.44,140.12,136.77,137.44,268400
2024-07-03 07:00:00,138.69,138.69,136.68,138.11,162000
2024-07-04 07:00:00,138.11,140.12,137.25,138.88,328100
2024-07-05 07:00:00,139.64,143.85,138.97,143.47,397300
2024-07-08 07:00:00,143.47,143.95,140.69,141.17,442700
2024-07-09 07:00:00,141.17,142.03,138.69,139.16,331400
2024-07-10 07:00:00,138.69,142.51,138.69,140.89,256600
2024-07-11 07:00:00,141.75,141.75,139.83,140.03,141800
2024-07-12 07:00:00,140.12,142.8,140.12,140.69,388400
2024-07-15 07:00:00,140.79,141.56,138.69,139.16,170800
2024-07-16 07:00:00,139.16,139.45,134.38,135.82,387800
2024-07-17 07:00:00,136.1,136.68,126.35,132.37,907400
2024-07-18 07:00:00,132.18,132.28,125.01,128.55,479300
2024-07-19 07:00:00,131.03,131.03,128.07,129.31,141600
2024-07-22 07:00:00,129.12,129.12,121.57,122.52,558600
2024-07-23 07:00:00,121.47,124.15,116.59,116.69,518400
2024-07-24 07:00:00,113.91,124.82,112.38,124.82,856800
2024-07-25 07:00:00,124.72,124.72,120.51,123.38,312900
2024-07-26 07:00:00,122.43,128.07,120.9,127.21,455500
2024-07-29 07:00:00,127.21,127.97,125.2,125.77,184200
2024-07-30 07:00:00,125.77,125.97,122.43,124.82,326700
2024-07-31 07:00:00,124.34,124.34,120.51,120.51,409000
2024-08-01 07:00:00,120.61,121.66,115.06,118.12,588800
2024-08-02 07:00:00,115.44,119.08,114.01,118.6,551800
2024-08-05 07:00:00,114.87,117.64,110.37,110.57,591400
2024-08-06 07:00:00,110.66,114.77,107.6,114.11,605500
2024-08-07 07:00:00,114.11,115.54,112.86,113.82,294700
2024-08-08 07:00:00,114.2,114.2,111.14,112.77,299600
2024-08-09 07:00:00,113.82,119.08,113.24,117.55,368100
2024-08-12 07:00:00,118.31,118.6,117.26,117.64,170300
2024-08-13 07:00:00,117.84,119.94,115.16,115.73,464400
2024-08-14 07:00:00,116.78,117.55,115.73,115.73,129200
2024-08-15 07:00:00,115.83,116.02,114.3,114.39,250700
2024-08-16 07:00:00,114.77,122.33,114.77,122.33,714000
2024-08-19 07:00:00,125.3,125.3,120.51,121.95,277200
2024-08-20 07:00:00,124.05,124.05,120.99,122.52,388200
2024-08-21 07:00:00,122.52,124.34,122.52,122.9,220100
2024-08-22 07:00:00,122.9,123.77,121.28,121.66,355000
2024-08-23 07:00:00,121.76,124.34,120.7,123.0,195700
2024-08-26 07:00:00,123.19,124.82,121.37,121.37,240200
2024-08-27 07:00:00,121.09,122.33,120.04,121.47,163400
2024-08-28 07:00:00,121.47,122.33,120.61,120.61,171400
2024-08-29 07:00:00,120.7,121.28,120.13,120.23,109900
2024-08-30 07:00:00,120.42,123.1,120.42,122.52,286900
2024-09-04 07:00:00,120.8,121.76,120.61,121.66,245500
2024-09-05 07:00:00,121.66,121.76,119.56,119.56,232000
2024-09-06 07:00:00,119.56,119.56,117.64,119.08,196300
2024-09-09 07:00:00,118.98,119.84,117.64,118.98,114100
2024-09-10 07:00:00,119.84,119.84,117.74,117.74,145500
2024-09-11 07:00:00,117.64,119.08,116.69,117.64,121400
2024-09-12 07:00:00,118.6,119.27,117.84,118.98,191100
2024-09-13 07:00:00,118.79,120.32,118.6,119.56,117300
2024-09-16 07:00:00,119.56,120.23,118.6,118.6,167100
2024-09-17 07:00:00,117.84,119.17,117.36,119.17,158800
2024-09-18 07:00:00,119.65,127.5,119.65,127.5,1145300
2024-09-19 07:00:00,130.08,130.08,127.78,128.64,418200
2024-09-20 07:00:00,129.03,129.6,125.97,126.92,486400
2024-09-23 07:00:00,127.3,127.3,123.48,123.48,448700
2024-09-24 07:00:00,124.15,129.6,124.15,127.69,511000
2024-09-25 07:00:00,127.69,129.03,126.63,126.73,273000
2024-09-26 07:00:00,126.73,127.59,125.39,125.58,249600
2024-09-27 07:00:00,126.85,126.85,123.63,124.02,506300
2024-09-30 07:00:00,123.73,124.7,123.24,123.43,141300
2024-10-01 07:00:00,124.12,125.29,123.34,123.34,207900
2024-10-02 07:00:00,123.34,124.22,123.04,123.82,166200
2024-10-03 07:00:00,124.02,125.19,122.85,123.24,187800
2024-10-04 07:00:00,123.04,127.34,123.04,125.0,551800
2024-10-07 07:00:00,125.0,126.46,124.7,125.0,128000
2024-10-08 07:00:00,125.0,126.46,124.7,125.19,331300
2024-10-09 07:00:00,125.48,131.83,125.48,129.98,759600
2024-10-10 07:00:00,130.37,130.66,128.71,130.07,317600
2024-10-11 07:00:00,129.39,133.79,129.0,132.42,339500
2024-10-14 07:00:00,132.81,132.81,130.27,130.47,217300
2024-10-15 07:00:00,130.47,131.64,128.41,128.41,220400
2024-10-16 07:00:00,128.41,130.27,128.22,130.07,210200
2024-10-17 07:00:00,130.07,132.32,128.51,129.68,249200
2024-10-18 07:00:00,129.78,131.83,128.41,128.9,326000
2024-10-21 07:00:00,128.9,129.2,127.63,127.63,149600
2024-10-22 07:00:00,126.95,127.63,124.02,124.41,521700
2024-10-23 07:00:00,124.31,124.31,122.46,123.14,441900
2024-10-24 07:00:00,123.24,125.68,123.24,123.63,193900
2024-10-25 07:00:00,124.02,124.51,123.34,123.63,275600
2024-10-28 07:00:00,124.51,125.48,124.02,124.7,243000
2024-10-29 07:00:00,125.48,128.81,125.0,126.27,387800
2024-10-30 07:00:00,126.46,126.66,124.8,124.9,153500
2024-10-31 07:00:00,124.7,125.48,123.73,123.82,291700
2024-11-01 07:00:00,123.43,124.12,121.29,121.29,546600
2024-11-04 07:00:00,121.58,122.26,118.94,121.09,533200
2024-11-05 07:00:00,121.09,121.97,120.7,121.58,200100
2024-11-06 07:00:00,122.46,123.82,121.58,122.16,539500
2024-11-07 07:00:00,123.04,128.41,122.26,125.09,1117600
2024-11-08 07:00:00,125.97,130.66,124.61,128.12,1210000
2024-11-11 07:00:00,129.98,131.64,126.17,126.36,1383800
2024-11-12 07:00:00,126.36,128.41,124.02,128.12,1437200
2024-11-13 07:00:00,128.9,136.32,128.12,134.96,2650900
2024-11-14 07:00:00,135.54,135.74,129.39,129.78,1261600
2024-11-15 07:00:00,127.14,129.78,123.24,126.46,1651700
2024-11-18 07:00:00,128.9,128.9,120.6,122.07,1544400
2024-11-19 07:00:00,122.95,122.95,114.35,114.35,2222600
2024-11-20 07:00:00,115.13,119.14,108.69,113.77,1316900
2024-11-21 07:00:00,114.25,117.48,114.25,116.79,627800
2024-11-22 07:00:00,117.48,119.04,115.91,116.11,722700
2024-11-25 07:00:00,116.21,117.09,115.52,116.11,737100
2024-11-26 07:00:00,116.89,116.89,113.57,113.86,1592400
2024-11-27 07:00:00,114.25,115.72,113.86,113.96,865000
2024-11-28 07:00:00,114.45,116.5,114.45,114.84,743700
2024-11-29 07:00:00,115.72,120.11,114.84,116.7,2668200
2024-12-02 07:00:00,117.18,119.14,115.33,116.01,1272900
2024-12-03 07:00:00,116.11,122.56,115.33,122.07,2715400
2024-12-04 07:00:00,122.65,124.51,120.6,123.24,1779800
2024-12-05 07:00:00,123.53,123.53,118.16,120.02,1692400
2024-12-06 07:00:00,121.87,121.87,120.21,121.58,737600
2024-12-09 07:00:00,122.07,122.07,120.5,121.19,643400
2024-12-10 07:00:00,121.38,121.38,119.33,121.09,919600
2024-12-11 07:00:00,120.11,121.19,119.63,120.31,571200
2024-12-12 07:00:00,120.31,121.09,118.94,119.33,511700
2024-12-13 07:00:00,118.94,119.72,117.67,117.67,690200
2024-12-16 07:00:00,117.67,118.55,116.31,117.87,622900
2024-12-17 07:00:00,117.87,119.72,117.48,119.14,304200
2024-12-18 07:00:00,119.14,120.11,118.36,119.63,275700
2024-12-19 07:00:00,118.16,120.9,117.48,119.33,647300
2024-12-20 07:00:00,119.53,121.09,119.14,119.63,819600
2024-12-23 07:00:00,120.99,120.99,119.04,119.63,361800
2024-12-24 07:00:00,119.72,122.07,119.63,122.07,1274300
2024-12-25 07:00:00,122.85,123.63,120.5,122.95,1007600
2024-12-26 07:00:00,123.04,123.14,121.19,122.07,626700
2024-12-27 07:00:00,121.09,121.48,119.82,120.02,800300
2024-12-30 07:00:00,119.82,120.11,118.94,120.11,463900
2024-12-31 07:00:00,120.11,121.68,120.11,121.58,566800
2025-01-02 07:00:00,121.68,123.53,120.31,122.56,803900
2025-01-03 07:00:00,122.65,129.78,122.65,126.46,2777300
2025-01-06 07:00:00,126.95,130.17,126.17,128.41,1884500
2025-01-07 07:00:00,129.49,129.49,125.29,126.95,1327200
2025-01-08 07:00:00,126.17,126.85,123.53,125.48,1433400
2025-01-09 07:00:00,125.97,125.97,123.82,124.12,500300
2025-01-10 07:00:00,123.63,124.51,121.58,121.58,768500
2025-01-13 07:00:00,120.21,122.36,119.04,122.36,822900
2025-01-14 07:00:00,123.04,123.04,120.6,122.36,429300
2025-01-15 07:00:00,120.7,123.63,120.7,123.04,354200
2025-01-16 07:00:00,124.22,125.78,123.04,125.78,1173500
2025-01-17 07:00:00,126.56,127.73,125.78,125.97,802500
2025-01-20 07:00:00,126.17,128.41,124.51,125.88,582600
2025-01-21 07:00:00,126.56,128.22,125.0,125.39,951200
2025-01-22 07:00:00,125.09,133.1,125.09,130.66,2796100
2025-01-23 07:00:00,129.88,131.54,129.88,130.27,647700
2025-01-24 07:00:00,130.27,132.03,128.41,128.51,840100
2025-02-03 07:00:00,127.05,127.05,121.09,122.07,1644700
2025-02-04 07:00:00,122.07,124.02,121.09,124.02,787600
2025-02-05 07:00:00,124.02,126.46,124.02,125.39,511000
2025-02-06 07:00:00,126.36,126.36,123.63,125.0,621100
2025-02-07 07:00:00,125.0,125.0,122.56,123.04,756200
2025-02-10 07:00:00,121.09,121.09,118.55,118.75,1916300
2025-02-11 07:00:00,118.94,121.09,118.16,120.11,890500
2025-02-12 07:00:00,120.6,120.8,119.24,120.21,445500
2025-02-13 07:00:00,119.33,120.02,118.16,118.84,694600
2025-02-14 07:00:00,118.55,119.72,116.7,116.7,1155200
2025-02-17 07:00:00,116.89,116.89,113.77,113.86,1350300
2025-02-18 07:00:00,114.25,118.84,113.86,118.84,479300
2025-02-19 07:00:00,118.36,118.36,116.5,117.18,498700
2025-02-20 07:00:00,117.28,118.06,116.01,117.18,606800
2025-02-21 07:00:00,117.18,117.67,116.11,117.67,432000
2025-02-24 07:00:00,117.09,117.18,115.23,115.33,472200
2025-02-25 07:00:00,115.72,116.21,114.25,115.62,525200
2025-02-26 07:00:00,115.62,118.65,115.62,117.09,484100
2025-02-27 07:00:00,117.97,117.97,115.72,117.57,332500
2025-02-28 07:00:00,117.09,117.97,116.21,117.57,500300
2025-03-03 07:00:00,117.57,119.14,116.89,117.57,462200
2025-03-04 07:00:00,117.18,117.67,116.21,117.18,355500
2025-03-05 07:00:00,117.48,117.67,116.01,116.21,528900
2025-03-06 07:00:00,116.31,117.38,116.01,116.99,406800
2025-03-07 07:00:00,116.99,118.36,116.5,117.48,481000
2025-03-10 07:00:00,117.67,118.16,116.4,117.38,381200
2025-03-11 07:00:00,116.21,116.6,115.72,115.91,494900
2025-03-12 07:00:00,116.6,116.6,114.25,114.35,692800
2025-03-13 07:00:00,116.7,116.7,112.3,112.3,806400
2025-03-14 07:00:00,112.4,112.89,109.18,109.47,950100
2025-03-17 07:00:00,108.4,110.93,108.4,109.47,496200
2025-03-18 07:00:00,109.47,110.45,107.42,107.42,569800
2025-03-19 07:00:00,108.49,108.79,104.29,104.49,714400
2025-03-20 07:00:00,104.68,106.44,102.54,103.51,454700
2025-03-21 07:00:00,103.61,106.25,103.02,103.51,653100
2025-03-24 07:00:00,105.17,105.56,104.0,105.47,229900
2025-03-25 07:00:00,106.44,106.44,104.49,105.08,257400
2025-03-26 07:00:00,105.08,105.08,99.12,99.12,949800
2025-03-27 07:00:00,99.61,101.66,97.85,101.07,620200
2025-03-28 07:00:00,101.56,101.85,99.61,99.7,204900
2025-03-31 07:00:00,98.63,100.58,94.43,100.58,938400
2025-04-01 07:00:00,99.61,99.61,96.19,96.48,595000
2025-04-02 07:00:00,95.7,97.46,94.72,96.29,404800
2025-04-03 07:00:00,89.84,93.75,89.55,89.55,755600
2025-04-04 07:00:00,83.3,83.3,83.3,83.3,394200
2025-04-08 07:00:00,77.54,78.12,77.54,77.54,443200
2025-04-09 07:00:00,72.17,75.19,72.17,72.17,2002900
2025-04-10 07:00:00,77.15,77.15,77.15,77.15,114200
2025-04-11 07:00:00,82.52,82.52,80.17,82.52,1575200
2025-04-14 07:00:00,86.52,86.91,83.98,84.96,803200
2025-04-15 07:00:00,84.76,84.86,81.54,81.83,608800
2025-04-16 07:00:00,79.59,83.49,79.59,81.05,471000
2025-04-17 07:00:00,80.56,81.93,79.59,80.95,303700
2025-04-18 07:00:00,81.93,84.86,81.54,83.88,511300
2025-04-21 07:00:00,83.1,83.69,80.47,80.66,547600
2025-04-22 07:00:00,80.08,80.08,75.1,76.27,1386800
2025-04-23 07:00:00,76.37,81.54,76.37,81.54,1116500
2025-04-24 07:00:00,81.64,86.91,81.64,83.4,931900
2025-04-25 07:00:00,84.37,84.37,81.83,81.93,716200
2025-04-28 07:00:00,82.03,84.76,82.03,82.32,620500
2025-04-29 07:00:00,82.42,83.3,82.03,82.81,398000
2025-05-05 07:00:00,83.98,84.76,82.03,84.76,560200
2025-05-06 07:00:00,84.76,87.99,84.76,87.2,1115800
2025-05-07 07:00:00,86.91,86.91,85.15,86.42,466400
2025-05-08 07:00:00,86.42,87.3,85.54,87.2,602600
2025-05-09 07:00:00,87.5,92.09,87.5,91.4,1310500
2025-05-12 07:00:00,92.28,92.28,90.04,91.11,435600
2025-05-13 07:00:00,92.87,92.97,90.82,91.21,525700
2025-05-14 07:00:00,91.21,95.02,91.21,93.94,1178000
2025-05-15 07:00:00,94.92,95.21,92.67,93.75,547000
2025-05-16 07:00:00,93.75,96.19,92.87,95.7,927500
2025-05-19 07:00:00,95.41,95.41,92.38,93.06,591400
2025-05-20 07:00:00,93.06,93.75,91.79,92.09,548000
2025-05-21 07:00:00,92.67,94.43,91.79,92.28,388200
2025-05-22 07:00:00,92.28,92.77,88.38,88.57,1040200
2025-05-23 07:00:00,89.35,89.84,87.89,88.86,571700
2025-05-26 07:00:00,88.86,90.72,85.94,90.72,441800
2025-05-27 07:00:00,90.82,92.48,90.33,92.38,502100
2025-05-28 07:00:00,92.38,92.67,90.82,91.11,407300
2025-05-29 07:00:00,91.89,92.58,90.43,91.21,310800
2025-05-30 07:00:00,91.31,91.89,87.99,87.99,595200
2025-06-02 07:00:00,87.89,88.57,87.01,88.18,300100
2025-06-03 07:00:00,88.47,90.13,88.47,89.94,423700
2025-06-04 07:00:00,89.94,90.43,88.38,88.67,377500
2025-06-05 07:00:00,88.96,90.43,88.67,88.96,456100
2025-06-06 07:00:00,89.35,89.45,87.89,87.89,319500
2025-06-09 07:00:00,87.89,87.89,86.52,86.72,336400
2025-06-10 07:00:00,86.42,89.84,86.13,88.67,525500
2025-06-11 07:00:00,88.67,94.82,87.99,94.82,2202400
2025-06-12 07:00:00,95.21,95.21,93.36,93.75,508700
2025-06-13 07:00:00,92.09,94.24,90.33,94.24,1087200
2025-06-16 07:00:00,94.24,98.63,92.28,98.43,1538500
2025-06-17 07:00:00,98.43,98.63,96.29,97.65,572200
2025-06-18 07:00:00,97.46,97.65,95.7,97.46,852900
2025-06-19 07:00:00,97.46,98.43,95.7,97.17,500800
2025-06-20 07:00:00,97.17,97.17,95.41,96.19,457400
2025-06-23 07:00:00,95.21,97.75,94.04,96.68,697000
2025-06-24 07:00:00,97.65,99.51,96.29,96.68,635600
2025-06-25 07:00:00,96.77,97.65,96.29,96.29,416600
2025-06-26 07:00:00,96.97,96.97,95.21,95.6,336100
2025-06-27 07:00:00,95.6,100.0,95.6,99.9,1511400
2025-06-30 07:00:00,102.54,102.54,99.9,100.39,568700
2025-07-01 07:00:00,100.19,100.49,98.34,99.61,461100
2025-07-02 07:00:00,99.9,99.9,97.36,98.24,748900
2025-07-03 07:00:00,99.41,99.41,96.77,98.14,481600
2025-07-04 07:00:00,98.14,100.58,98.14,99.31,483500
2025-07-07 07:00:00,100.39,100.39,98.53,99.41,442400
2025-07-08 07:00:00,99.12,101.07,98.34,100.97,770100
2025-07-09 07:00:00,101.07,101.56,99.8,100.58,519900
2025-07-10 07:00:00,100.58,102.54,99.8,100.0,562900
2025-07-11 07:00:00,99.9,100.09,99.02,99.22,623600
2025-07-14 07:00:00,99.22,100.09,97.75,99.51,604300
2025-07-15 07:00:00,100.49,101.95,99.12,99.12,880700
2025-07-16 07:00:00,100.09,101.95,99.12,99.8,581200
2025-07-17 07:00:00,100.0,100.58,99.12,99.41,493200
2025-07-18 07:00:00,99.7,99.7,97.26,97.46,1346700
2025-07-21 07:00:00,97.46,98.34,95.7,95.7,779700
2025-07-22 07:00:00,95.7,97.56,95.02,97.17,456800
2025-07-23 07:00:00,97.65,97.65,96.29,96.48,746100
2025-07-24 07:00:00,96.77,97.26,95.99,96.09,478600
2025-07-25 07:00:00,96.19,97.56,96.19,96.38,781700
2025-07-28 07:00:00,96.77,97.56,95.99,97.26,967900
2025-07-29 07:00:00,98.14,98.14,92.77,92.77,1057500
2025-07-30 07:00:00,93.36,93.36,90.82,90.92,833900
2025-07-31 07:00:00,91.11,91.31,87.79,88.18,1449300
2025-08-01 07:00:00,88.38,90.23,87.6,87.89,1187400
2025-08-04 07:00:00,88.86,91.21,88.57,90.13,481600
2025-08-05 07:00:00,90.62,90.72,88.38,88.77,725800
2025-08-06 07:00:00,88.86,90.43,88.86,90.04,599400
2025-08-07 07:00:00,90.72,92.87,90.52,90.52,960100
2025-08-08 07:00:00,90.62,94.33,90.52,91.79,1706700
2025-08-11 07:00:00,92.77,93.26,91.89,92.28,563100
2025-08-12 07:00:00,93.16,93.16,91.79,92.58,731700
2025-08-13 07:00:00,92.67,93.06,90.92,92.28,703600
2025-08-14 07:00:00,92.67,92.67,91.11,91.31,580200
2025-08-15 07:00:00,91.4,92.18,89.94,89.94,696200
2025-08-18 07:00:00,89.74,90.43,88.86,89.55,602600
2025-08-19 07:00:00,89.84,90.82,89.55,90.04,441000
2025-08-20 07:00:00,89.35,89.74,85.94,87.79,969000
2025-08-21 07:00:00,87.69,87.79,85.94,87.5,678100
2025-08-22 07:00:00,87.5,87.6,83.49,84.18,901400
2025-08-25 07:00:00,84.28,85.25,81.74,81.83,639200
2025-08-26 07:00:00,81.05,84.37,81.05,84.37,423300
2025-08-27 07:00:00,84.18,87.01,84.18,86.23,453500
2025-08-28 07:00:00,86.33,87.2,85.74,86.13,174300
2025-08-29 07:00:00,87.69,87.69,85.45,87.11,381300
2025-09-03 07:00:00,87.11,87.4,86.03,87.01,238000
2025-09-04 07:00:00,87.11,90.04,87.11,89.65,671800
2025-09-05 07:00:00,90.13,90.43,88.67,88.67,419400
2025-09-08 07:00:00,88.67,88.67,85.45,85.45,479600
2025-09-09 07:00:00,85.45,86.33,84.96,85.84,195900
2025-09-10 07:00:00,86.03,86.42,84.96,85.74,148500
2025-09-11 07:00:00,85.94,85.94,83.98,85.35,276000
2025-09-12 07:00:00,86.42,87.69,86.42,87.01,429300
2025-09-15 07:00:00,88.38,90.62,88.38,90.33,782800
2025-09-16 07:00:00,90.82,90.82,88.77,88.96,498600
2025-09-17 07:00:00,88.96,90.13,88.96,89.45,439800
2025-09-18 07:00:00,90.04,90.04,88.28,88.86,258800
2025-09-19 07:00:00,89.16,89.74,88.18,88.18,288800
2025-09-22 07:00:00,89.16,89.16,86.91,87.2,266300
2025-09-23 07:00:00,87.3,87.89,86.91,87.2,220000
2025-09-24 07:00:00,87.3,87.4,86.42,87.3,200200
2025-09-25 07:00:00,87.5,88.67,87.3,88.38,208200
2025-09-26 07:00:00,88.67,88.77,87.6,87.89,249300
2025-09-29 07:00:00,88.47,88.47,87.01,87.4,222700
2025-09-30 07:00:00,88.0,88.0,84.9,85.7,394200
2025-10-01 07:00:00,85.2,85.9,84.5,84.6,223000
2025-10-02 07:00:00,84.6,85.1,83.9,83.9,173600
2025-10-03 07:00:00,83.3,83.6,82.1,82.4,274000
2025-10-06 07:00:00,82.5,84.1,82.5,82.8,347400
2025-10-07 07:00:00,83.0,83.9,83.0,83.1,133800
2025-10-08 07:00:00,84.0,84.1,83.3,83.6,108100
2025-10-09 07:00:00,83.9,83.9,82.6,82.9,233600
2025-10-10 07:00:00,82.9,84.0,82.5,84.0,249800
2025-10-13 07:00:00,82.8,83.8,82.6,83.6,187700
2025-10-14 07:00:00,83.2,84.5,82.2,82.4,341200
2025-10-15 07:00:00,82.5,82.5,80.8,81.0,411400
2025-10-16 07:00:00,80.5,82.0,80.5,81.4,207400
2025-10-17 07:00:00,81.4,81.4,79.6,80.0,314300
2025-10-20 07:00:00,80.3,85.6,79.6,83.1,1404900
2025-10-21 07:00:00,85.0,88.7,84.9,86.9,741500
2025-10-22 07:00:00,88.0,88.0,84.0,85.9,508800
2025-10-23 07:00:00,85.9,86.1,84.1,85.0,402400
2025-10-24 07:00:00,84.0,90.9,84.0,90.9,2006300
2025-10-27 07:00:00,92.2,94.0,91.0,91.0,1113400
2025-10-28 07:00:00,90.8,93.0,88.0,90.5,785500
2025-10-29 07:00:00,91.0,93.0,89.5,91.8,903800
2025-10-30 07:00:00,91.9,96.0,91.8,94.0,1672600
2025-10-31 07:00:00,95.2,95.5,92.0,92.0,848200
2025-11-03 07:00:00,92.8,94.1,89.8,89.8,1032400
2025-11-04 07:00:00,89.5,90.5,85.3,90.3,1336200
2025-11-05 07:00:00,90.5,92.9,89.2,90.5,518200
2025-11-06 07:00:00,90.8,91.4,88.3,89.3,657800
2025-11-07 07:00:00,89.4,92.2,89.0,89.3,888900
2025-11-10 07:00:00,90.3,90.5,87.0,87.0,459900
2025-11-11 07:00:00,87.0,90.1,87.0,90.0,637500
2025-11-12 07:00:00,90.0,91.4,89.4,91.4,557400
2025-11-13 07:00:00,91.5,93.4,90.6,92.9,854500
2025-11-14 07:00:00,92.5,93.6,92.0,92.6,697200
2025-11-17 07:00:00,92.7,92.7,91.0,91.2,437500
2025-11-18 07:00:00,90.7,93.7,90.7,93.0,690500
2025-11-19 07:00:00,93.7,93.7,90.2,92.5,627400
2025-11-20 07:00:00,92.5,92.5,90.2,91.5,394900
2025-11-21 07:00:00,90.6,90.6,88.5,90.3,639100
2025-11-24 07:00:00,89.9,90.1,88.6,88.6,347000
2025-11-25 07:00:00,88.6,88.6,86.0,86.2,758900
2025-11-26 07:00:00,86.1,88.0,86.1,88.0,344000
2025-11-27 07:00:00,88.0,88.4,86.3,87.8,282700
2025-11-28 07:00:00,88.0,88.0,86.4,86.4,242200
2025-12-01 07:00:00,86.5,87.5,85.5,87.5,272900
2025-12-02 07:00:00,86.2,87.0,86.0,87.0,138500
2025-12-03 07:00:00,86.8,87.8,86.6,87.6,259600
2025-12-04 07:00:00,88.0,88.0,87.1,88.0,349100
2025-12-05 07:00:00,88.0,88.0,86.5,86.5,295000
2025-12-08 07:00:00,86.5,86.5,85.5,85.5,431900
2025-12-09 07:00:00,85.6,85.6,83.3,84.9,546800
2025-12-10 07:00:00,84.9,84.9,83.5,84.0,173200
2025-12-11 07:00:00,84.0,85.5,83.4,84.4,271700
2025-12-12 07:00:00,84.4,85.1,82.8,82.8,407300
2025-12-15 07:00:00,82.8,83.5,81.8,83.0,256300
2025-12-16 07:00:00,83.4,83.8,82.0,83.8,254700
2025-12-17 07:00:00,84.0,86.4,83.8,84.8,316400
2025-12-18 07:00:00,84.6,84.6,83.8,83.8,126900
2025-12-19 07:00:00,83.4,83.8,83.3,83.7,153700
2025-12-22 07:00:00,83.6,84.8,83.5,84.6,139400
2025-12-23 07:00:00,85.2,85.2,83.5,84.0,248200
2025-12-24 07:00:00,84.5,84.5,83.0,83.5,188600
2025-12-25 07:00:00,83.5,84.0,83.0,84.0,223300
2025-12-26 07:00:00,83.8,84.0,82.9,84.0,309400
2025-12-29 07:00:00,84.0,85.2,84.0,84.7,193600
2025-12-30 07:00:00,84.0,86.0,84.0,85.3,304800
2025-12-31 07:00:00,85.5,85.5,84.8,85.3,297100
2026-01-05 07:00:00,85.3,85.3,83.3,83.3,251900
2026-01-06 07:00:00,83.5,85.1,83.3,85.0,281800
2026-01-07 07:00:00,85.0,89.9,85.0,89.1,979200
2026-01-08 07:00:00,89.5,92.0,89.5,89.7,1106300
2026-01-09 07:00:00,90.3,95.9,90.3,95.9,1878900
2026-01-12 07:00:00,102.6,102.6,102.6,102.6,667600
2026-01-13 07:00:00,109.4,109.4,98.3,101.0,3086000
2026-01-14 07:00:00,105.0,108.0,102.4,108.0,3364900
2026-01-15 07:00:00,109.5,113.0,104.0,107.0,1658300
2026-01-16 07:00:00,105.0,110.5,102.6,102.6,1925200
2026-01-19 07:00:00,102.6,104.2,100.6,102.8,1325000
2026-01-20 07:00:00,103.6,107.9,103.1,103.6,1361000
2026-01-21 07:00:00,102.0,103.0,98.9,101.4,1449600
2026-01-22 07:00:00,103.7,104.1,99.0,99.0,1169200
2026-01-23 07:00:00,98.9,99.0,96.0,96.0,1222800
2026-01-26 07:00:00,96.2,98.0,94.4,94.9,970500
2026-01-27 07:00:00,95.0,98.0,93.1,97.0,681400
2026-01-28 07:00:00,99.0,99.9,96.1,96.7,927000
2026-01-29 07:00:00,96.7,97.7,96.0,96.0,562800
2026-01-30 07:00:00,96.1,98.7,96.1,96.7,613000
2026-02-02 07:00:00,97.0,100.1,96.9,99.0,833600
2026-02-03 07:00:00,99.3,102.5,99.3,100.8,1005800
2026-02-04 07:00:00,100.9,101.7,98.9,99.0,787700
2026-02-05 07:00:00,98.2,98.6,94.8,94.8,1357800
2026-02-06 07:00:00,92.6,95.7,92.3,94.0,869700
2026-02-09 07:00:00,94.4,98.5,94.4,94.5,285500
2026-02-10 07:00:00,94.1,95.0,91.7,92.8,584500
2026-02-11 07:00:00,92.8,93.9,92.3,93.0,336900
2026-02-12 07:00:00,93.2,94.0,93.0,93.0,184300
2026-02-13 07:00:00,93.0,93.8,92.8,92.9,245100
2026-02-23 07:00:00,94.7,98.5,94.6,97.2,732500
2026-02-24 07:00:00,97.2,97.5,95.2,95.8,390300
2026-02-25 07:00:00,95.8,98.0,94.8,96.4,690600
2026-02-26 07:00:00,97.5,97.6,95.2,95.7,384500
2026-02-27 07:00:00,95.7,96.4,94.9,95.3,411300
2026-03-02 07:00:00,92.0,93.0,91.6,91.6,1028800
2026-03-03 07:00:00,91.1,91.1,87.5,88.1,1332000
2026-03-04 07:00:00,87.0,88.8,84.0,86.8,1041500
2026-03-05 07:00:00,87.6,89.0,86.9,87.0,465000
2026-03-06 07:00:00,87.3,87.3,84.5,84.5,443900
2026-03-09 07:00:00,78.7,79.7,78.6,78.6,869200
2026-03-10 07:00:00,79.6,80.1,77.9,79.6,1044700
2026-03-11 07:00:00,80.1,83.8,79.8,82.9,574100
2026-03-12 07:00:00,82.8,82.8,80.8,81.0,336600
2026-03-13 07:00:00,80.6,82.0,80.2,81.5,401100
2026-03-16 07:00:00,83.0,83.0,81.5,81.6,230000
2026-03-17 07:00:00,82.3,83.2,82.0,82.7,342600
2026-03-18 07:00:00,82.7,83.2,81.8,82.5,315400
2026-03-19 07:00:00,81.5,82.0,80.4,82.0,320900
2026-03-20 07:00:00,81.5,82.6,80.0,80.0,334400
2026-03-23 07:00:00,79.8,79.8,75.5,78.9,584700
2026-03-24 07:00:00,81.7,81.7,80.2,81.2,233200
2026-03-25 07:00:00,81.2,83.2,81.2,82.8,340400
2026-03-26 07:00:00,83.4,87.0,82.3,85.0,1122400
2026-03-27 07:00:00,86.0,87.0,84.4,85.6,389600
2026-03-30 07:00:00,85.0,86.0,83.2,86.0,551200
2026-03-31 07:00:00,86.0,86.2,84.5,86.2,408400
2026-04-01 07:00:00,86.4,88.1,85.8,86.7,522700
2026-04-02 07:00:00,85.5,86.5,84.6,84.9,210100
2026-04-03 07:00:00,84.6,85.2,82.9,84.9,411200
2026-04-06 07:00:00,84.3,85.0,83.2,83.2,118400
2026-04-07 07:00:00,82.8,86.0,82.8,84.0,126700
2026-04-08 07:00:00,85.5,87.5,84.7,87.3,423900
2026-04-09 07:00:00,86.8,86.8,85.0,85.7,179300
2026-04-10 07:00:00,86.4,86.4,85.5,85.6,190400
2026-04-13 07:00:00,85.6,85.6,84.9,85.2,141900
2026-04-14 07:00:00,86.0,87.0,85.5,87.0,277600
2026-04-15 07:00:00,87.0,87.5,85.9,87.0,308400
2026-04-16 07:00:00,86.0,86.8,85.2,86.8,304600
2026-04-17 07:00:00,86.2,87.9,86.2,87.2,404000
2026-04-20 07:00:00,87.2,87.2,86.4,87.1,200600
2026-04-21 07:00:00,87.0,88.0,86.1,86.1,385600
2026-04-22 07:00:00,86.2,86.4,84.9,85.0,179000
2026-04-23 07:00:00,85.0,86.2,83.5,86.0,310000
2026-04-24 07:00:00,87.2,89.1,85.4,87.2,918900
2026-04-28 07:00:00,87.2,87.3,86.2,87.3,175600
2026-04-29 07:00:00,87.2,87.2,85.0,85.9,293300
2026-05-04 07:00:00,85.4,86.4,85.0,85.1,179200
2026-05-05 07:00:00,85.7,85.7,83.5,84.0,238900
2026-05-06 07:00:00,84.7,84.7,83.6,84.0,198500
2026-05-07 07:00:00,84.2,85.2,84.0,85.0,200400
2026-05-08 07:00:00,84.7,84.7,81.6,83.4,193100
2026-05-11 07:00:00,82.6,83.4,82.3,82.3,255400
2026-05-12 07:00:00,82.3,82.8,82.0,82.5,163400
2026-05-13 07:00:00,82.6,86.3,82.2,85.9,401800
2026-05-14 07:00:00,85.9,86.5,85.4,85.6,290300
2026-05-15 07:00:00,85.6,85.6,83.8,84.9,175800
2026-05-18 07:00:00,84.0,87.6,83.8,87.3,717700
2026-05-19 07:00:00,88.2,93.4,88.2,93.4,1923700
2026-05-20 07:00:00,91.6,95.0,87.0,95.0,1144700
2026-05-21 07:00:00,95.3,95.4,90.0,94.9,902100
2026-05-22 07:00:00,93.0,94.0,90.6,93.0,637500
2026-05-25 07:00:00,92.7,92.8,89.6,92.0,676400
2026-05-26 07:00:00,91.5,91.5,89.8,90.5,415800
2026-05-27 07:00:00,90.7,92.5,89.6,90.0,685300
