time,open,high,low,close,volume
2018-01-02 07:00:00,6.72,6.72,6.39,6.59,6450
2018-01-03 07:00:00,6.5,6.52,6.34,6.34,10960
2018-01-04 07:00:00,6.27,6.41,6.25,6.41,74451
2018-01-05 07:00:00,6.39,6.41,6.27,6.41,39030
2018-01-08 07:00:00,6.39,6.83,6.27,6.7,42954
2018-01-09 07:00:00,6.63,6.7,6.54,6.68,26625
2018-01-10 07:00:00,6.72,6.72,6.61,6.7,37610
2018-01-11 07:00:00,6.72,6.74,6.56,6.68,20300
2018-01-12 07:00:00,6.68,6.72,6.59,6.65,30887
2018-01-15 07:00:00,6.65,6.68,6.61,6.65,9361
2018-01-16 07:00:00,6.72,6.72,6.5,6.65,28220
2018-01-17 07:00:00,6.61,6.65,6.5,6.52,39000
2018-01-18 07:00:00,6.59,6.59,6.5,6.5,1497
2018-01-19 07:00:00,6.59,6.59,6.07,6.5,19185
2018-01-22 07:00:00,6.5,6.54,6.34,6.45,24612
2018-01-23 07:00:00,6.72,6.72,6.39,6.5,6525
2018-01-24 07:00:00,6.5,6.5,6.3,6.45,8600
2018-01-25 07:00:00,6.43,6.48,6.27,6.3,57412
2018-01-26 07:00:00,6.45,6.45,5.87,6.32,32400
2018-01-29 07:00:00,6.63,6.63,6.05,6.32,10350
2018-01-30 07:00:00,6.45,6.45,6.12,6.27,6400
2018-01-31 07:00:00,6.48,6.48,6.25,6.27,12757
2018-02-01 07:00:00,6.07,6.23,6.05,6.23,7700
2018-02-02 07:00:00,6.23,6.23,6.18,6.18,1300
2018-02-05 07:00:00,6.18,6.18,6.07,6.14,5106
2018-02-06 07:00:00,6.14,6.14,5.53,5.83,16400
2018-02-07 07:00:00,6.27,6.27,6.05,6.12,2900
2018-02-08 07:00:00,6.27,6.27,6.07,6.07,1302
2018-02-09 07:00:00,6.16,6.23,5.94,6.09,4800
2018-02-12 07:00:00,6.27,6.27,6.21,6.21,2000
2018-02-13 07:00:00,6.27,6.27,5.6,6.21,9700
2018-02-21 07:00:00,6.32,6.32,6.18,6.18,1600
2018-02-22 07:00:00,6.27,6.27,6.05,6.16,18500
2018-02-23 07:00:00,6.27,6.27,5.94,6.16,15700
2018-02-26 07:00:00,6.27,6.27,5.89,6.14,53266
2018-02-27 07:00:00,6.14,6.14,6.05,6.05,1800
2018-02-28 07:00:00,6.05,6.05,5.96,5.96,11000
2018-03-01 07:00:00,5.94,5.96,5.62,5.83,24160
2018-03-02 07:00:00,5.83,5.83,5.8,5.8,1200
2018-03-05 07:00:00,5.83,5.83,5.78,5.78,1900
2018-03-06 07:00:00,6.05,6.05,5.6,5.67,14100
2018-03-07 07:00:00,5.76,5.76,5.4,5.4,19400
2018-03-08 07:00:00,5.62,5.65,5.42,5.42,21200
2018-03-09 07:00:00,5.62,5.62,5.42,5.51,12840
2018-03-12 07:00:00,5.62,5.62,5.27,5.49,59624
2018-03-13 07:00:00,5.62,5.62,5.29,5.58,32686
2018-03-14 07:00:00,5.62,5.62,5.35,5.58,5800
2018-03-15 07:00:00,5.4,5.53,5.27,5.51,44166
2018-03-16 07:00:00,5.49,5.6,5.38,5.44,43452
2018-03-19 07:00:00,5.42,5.49,5.29,5.38,32270
2018-03-20 07:00:00,5.42,5.42,5.09,5.35,143570
2018-03-21 07:00:00,5.33,5.33,5.04,5.15,139008
2018-03-22 07:00:00,5.33,5.33,5.15,5.29,32900
2018-03-23 07:00:00,5.27,5.31,5.11,5.31,44590
2018-03-26 07:00:00,5.29,5.31,5.13,5.13,24378
2018-03-27 07:00:00,5.15,5.38,5.0,5.35,158800
2018-03-28 07:00:00,5.11,5.35,5.02,5.15,70420
2018-03-29 07:00:00,5.15,5.15,5.04,5.15,18400
2018-03-30 07:00:00,5.34,5.34,5.11,5.27,17140
2018-04-02 07:00:00,5.27,5.29,5.15,5.27,12105
2018-04-03 07:00:00,5.25,5.27,5.04,5.13,65700
2018-04-04 07:00:00,5.27,5.27,4.92,4.92,46900
2018-04-05 07:00:00,5.01,5.01,4.68,4.9,190846
2018-04-06 07:00:00,4.99,5.36,4.87,5.06,185218
2018-04-09 07:00:00,5.15,5.36,5.06,5.15,114000
2018-04-10 07:00:00,5.27,5.34,5.11,5.15,73422
2018-04-11 07:00:00,5.2,5.22,5.04,5.06,22650
2018-04-12 07:00:00,5.11,5.15,4.94,5.01,85200
2018-04-13 07:00:00,5.01,5.11,5.01,5.01,55150
2018-04-16 07:00:00,5.01,5.11,4.99,5.06,29800
2018-04-17 07:00:00,5.06,5.06,4.92,5.06,104000
2018-04-18 07:00:00,5.04,5.08,5.01,5.01,3560
2018-04-19 07:00:00,4.99,4.99,4.78,4.94,56400
2018-04-20 07:00:00,4.92,4.92,4.71,4.85,46000
2018-04-23 07:00:00,4.76,4.9,4.73,4.83,88200
2018-04-24 07:00:00,4.83,4.83,4.68,4.8,23600
2018-04-26 07:00:00,4.73,4.83,4.64,4.83,61700
2018-04-27 07:00:00,4.64,4.9,4.64,4.85,23200
2018-05-02 07:00:00,4.97,4.97,4.73,4.83,6955
2018-05-03 07:00:00,4.83,4.83,4.66,4.68,27718
2018-05-04 07:00:00,4.68,4.71,4.45,4.59,46480
2018-05-07 07:00:00,4.66,4.66,4.52,4.64,9029
2018-05-08 07:00:00,4.64,4.64,4.57,4.64,35000
2018-05-09 07:00:00,4.57,4.57,4.4,4.4,26220
2018-05-10 07:00:00,4.8,4.8,4.43,4.61,65900
2018-05-11 07:00:00,4.61,4.64,4.52,4.59,32101
2018-05-14 07:00:00,4.59,4.59,4.5,4.52,5420
2018-05-15 07:00:00,4.83,4.83,4.47,4.57,41480
2018-05-16 07:00:00,4.71,4.71,4.5,4.57,55900
2018-05-17 07:00:00,4.66,4.8,4.66,4.73,32700
2018-05-18 07:00:00,4.92,5.2,4.92,5.18,138010
2018-05-21 07:00:00,5.27,5.55,5.27,5.39,201004
2018-05-22 07:00:00,5.39,5.46,5.18,5.27,42690
2018-05-23 07:00:00,5.41,5.41,5.15,5.36,77270
2018-05-24 07:00:00,5.39,5.5,5.15,5.34,24079
2018-05-25 07:00:00,5.34,5.46,5.04,5.11,39200
2018-05-28 07:00:00,4.78,5.15,4.73,4.73,21500
2018-05-29 07:00:00,4.61,5.2,4.61,5.13,38843
2018-05-30 07:00:00,5.15,5.15,4.87,5.13,18101
2018-05-31 07:00:00,5.25,5.25,5.04,5.22,27800
2018-06-01 07:00:00,5.25,5.25,5.13,5.2,29143
2018-06-04 07:00:00,4.94,5.01,4.8,4.8,35500
2018-06-05 07:00:00,5.13,5.13,4.68,4.76,70580
2018-06-06 07:00:00,4.76,4.99,4.76,4.85,72070
2018-06-07 07:00:00,4.9,5.04,4.87,5.04,46582
2018-06-08 07:00:00,4.92,5.01,4.92,4.99,12600
2018-06-11 07:00:00,4.85,5.04,4.85,4.92,36000
2018-06-12 07:00:00,5.25,5.25,4.8,5.01,31640
2018-06-13 07:00:00,4.92,4.92,4.87,4.87,18730
2018-06-14 07:00:00,4.87,5.01,4.8,5.01,32630
2018-06-15 07:00:00,5.01,5.04,4.83,4.97,34400
2018-06-18 07:00:00,4.94,4.99,4.8,4.92,28400
2018-06-19 07:00:00,4.87,4.94,4.68,4.92,102110
2018-06-20 07:00:00,4.92,4.92,4.78,4.8,28000
2018-06-21 07:00:00,4.68,4.76,4.64,4.68,153980
2018-06-22 07:00:00,4.68,5.13,4.68,4.8,26703
2018-06-25 07:00:00,4.99,4.99,4.8,4.97,4700
2018-06-26 07:00:00,4.8,4.97,4.8,4.97,15140
2018-06-27 07:00:00,4.97,5.06,4.92,5.06,66200
2018-06-28 07:00:00,5.13,5.15,5.04,5.15,125443
2018-06-29 07:00:00,5.2,5.36,5.08,5.15,86800
2018-07-02 07:00:00,5.32,5.32,5.13,5.18,28300
2018-07-03 07:00:00,5.27,5.27,5.13,5.13,47280
2018-07-04 07:00:00,5.13,5.18,4.99,5.18,7300
2018-07-05 07:00:00,5.15,5.62,5.15,5.15,54210
2018-07-06 07:00:00,5.41,5.67,5.15,5.5,195700
2018-07-09 07:00:00,5.74,5.97,5.53,5.83,85423
2018-07-10 07:00:00,5.95,6.0,5.81,5.83,107770
2018-07-11 07:00:00,5.79,5.93,5.62,5.93,89157
2018-07-12 07:00:00,5.9,5.95,5.88,5.93,16980
2018-07-13 07:00:00,5.93,5.93,5.83,5.88,15050
2018-07-16 07:00:00,5.74,5.88,5.74,5.83,12800
2018-07-17 07:00:00,5.79,5.81,5.62,5.62,78900
2018-07-18 07:00:00,5.6,5.86,5.6,5.81,45370
2018-07-19 07:00:00,5.83,5.86,5.74,5.83,16723
2018-07-20 07:00:00,5.83,5.83,5.74,5.83,13820
2018-07-23 07:00:00,5.83,5.83,5.83,5.83,45
2018-07-24 07:00:00,5.65,5.86,5.65,5.74,33460
2018-07-25 07:00:00,5.83,5.83,5.67,5.74,2600
2018-07-26 07:00:00,5.83,5.83,5.65,5.69,7000
2018-07-27 07:00:00,5.65,5.76,5.65,5.67,16727
2018-07-30 07:00:00,5.53,5.72,5.53,5.57,5910
2018-07-31 07:00:00,5.86,5.86,5.57,5.86,27819
2018-08-01 07:00:00,5.74,5.74,5.65,5.65,20300
2018-08-02 07:00:00,5.83,5.83,5.74,5.74,200
2018-08-03 07:00:00,5.81,5.81,5.57,5.74,16018
2018-08-06 07:00:00,5.69,5.79,5.62,5.62,5960
2018-08-07 07:00:00,5.65,5.67,5.6,5.6,21557
2018-08-08 07:00:00,5.41,5.55,5.41,5.43,21800
2018-08-09 07:00:00,5.67,5.67,5.48,5.48,27770
2018-08-10 07:00:00,5.67,5.67,5.5,5.5,8400
2018-08-13 07:00:00,5.5,5.62,5.5,5.62,33200
2018-08-14 07:00:00,5.62,5.62,5.62,5.62,177
2018-08-15 07:00:00,5.67,5.67,5.62,5.67,14000
2018-08-16 07:00:00,5.67,5.67,5.53,5.62,19406
2018-08-17 07:00:00,5.62,5.97,5.62,5.97,146665
2018-08-20 07:00:00,6.0,6.0,5.9,5.97,42470
2018-08-21 07:00:00,6.0,6.42,5.97,6.25,97336
2018-08-22 07:00:00,6.25,6.28,6.04,6.25,47560
2018-08-23 07:00:00,6.25,6.32,6.09,6.18,25695
2018-08-24 07:00:00,6.04,6.04,5.88,6.02,64800
2018-08-27 07:00:00,6.0,6.04,5.95,6.0,27644
2018-08-28 07:00:00,6.02,6.21,6.02,6.21,51569
2018-08-29 07:00:00,6.32,6.77,6.14,6.56,534794
2018-08-30 07:00:00,6.56,6.65,6.44,6.63,248774
2018-08-31 07:00:00,6.63,6.63,6.56,6.63,125949
2018-09-04 07:00:00,6.56,6.63,6.49,6.63,93500
2018-09-05 07:00:00,6.63,6.63,6.51,6.54,71629
2018-09-06 07:00:00,6.79,6.79,6.44,6.77,105350
2018-09-07 07:00:00,6.77,6.79,6.61,6.61,140606
2018-09-10 07:00:00,6.7,6.7,6.54,6.58,38630
2018-09-11 07:00:00,6.61,6.7,6.51,6.51,74150
2018-09-12 07:00:00,6.68,6.68,6.46,6.51,15259
2018-09-13 07:00:00,6.51,6.56,6.46,6.56,30800
2018-09-14 07:00:00,6.56,6.68,6.51,6.58,100748
2018-09-17 07:00:00,6.56,6.79,6.56,6.68,178922
2018-09-18 07:00:00,6.61,6.77,6.61,6.61,92800
2018-09-19 07:00:00,6.72,6.72,6.58,6.58,96140
2018-09-20 07:00:00,6.68,7.14,6.61,7.0,354614
2018-09-21 07:00:00,7.03,7.26,6.91,7.03,98639
2018-09-24 07:00:00,7.07,7.07,6.93,6.96,108880
2018-09-25 07:00:00,6.96,7.03,6.86,6.96,194575
2018-09-26 07:00:00,7.03,7.03,6.68,6.75,237346
2018-09-27 07:00:00,6.75,6.79,6.68,6.79,53646
2018-09-28 07:00:00,6.86,6.98,6.86,6.86,111607
2018-10-01 07:00:00,6.91,7.03,6.79,6.79,109216
2018-10-02 07:00:00,6.93,7.31,6.91,7.17,213559
2018-10-03 07:00:00,7.17,7.28,7.07,7.1,161211
2018-10-04 07:00:00,7.12,7.19,7.07,7.12,99430
2018-10-05 07:00:00,7.14,7.17,7.07,7.07,115716
2018-10-08 07:00:00,6.98,7.07,6.86,6.91,53090
2018-10-09 07:00:00,6.91,6.91,6.86,6.91,28746
2018-10-10 07:00:00,6.91,6.91,6.82,6.91,70720
2018-10-11 07:00:00,6.79,6.79,6.37,6.37,260371
2018-10-12 07:00:00,6.32,6.77,6.28,6.77,85620
2018-10-15 07:00:00,6.77,6.77,6.54,6.72,27270
2018-10-16 07:00:00,6.68,6.79,6.68,6.7,35220
2018-10-17 07:00:00,6.79,6.82,6.65,6.7,50952
2018-10-18 07:00:00,6.75,6.79,6.61,6.72,93770
2018-10-19 07:00:00,6.58,6.58,6.51,6.56,31982
2018-10-22 07:00:00,6.58,6.58,6.56,6.56,25200
2018-10-23 07:00:00,6.56,6.56,6.32,6.37,61957
2018-10-24 07:00:00,6.39,6.58,6.39,6.39,27310
2018-10-25 07:00:00,6.32,6.39,6.23,6.32,130100
2018-10-26 07:00:00,6.32,6.44,6.25,6.3,39449
2018-10-29 07:00:00,6.32,6.32,6.25,6.3,28900
2018-10-30 07:00:00,6.3,6.56,6.3,6.37,35670
2018-10-31 07:00:00,6.54,6.56,6.49,6.56,36264
2018-11-01 07:00:00,6.56,6.56,6.42,6.42,28700
2018-11-02 07:00:00,6.54,6.77,6.51,6.68,71240
2018-11-05 07:00:00,6.44,6.54,6.44,6.46,6410
2018-11-06 07:00:00,6.61,6.77,6.46,6.63,59174
2018-11-07 07:00:00,6.72,6.75,6.58,6.58,17560
2018-11-08 07:00:00,6.75,6.75,6.61,6.61,81367
2018-11-09 07:00:00,6.56,6.61,6.46,6.46,44220
2018-11-12 07:00:00,6.61,6.61,6.56,6.56,3700
2018-11-13 07:00:00,6.54,6.56,6.46,6.51,16867
2018-11-14 07:00:00,6.7,6.7,6.44,6.44,25044
2018-11-15 07:00:00,6.56,6.56,6.44,6.44,4397
2018-11-16 07:00:00,6.42,6.49,6.39,6.46,16540
2018-11-19 07:00:00,6.68,6.68,6.35,6.56,4607
2018-11-20 07:00:00,6.39,6.56,6.39,6.46,20810
2018-11-21 07:00:00,6.61,6.61,6.32,6.32,19420
2018-11-22 07:00:00,6.54,6.54,6.35,6.42,16400
2018-11-23 07:00:00,6.37,6.44,6.3,6.44,13800
2018-11-26 07:00:00,6.25,6.3,6.25,6.3,12400
2018-11-27 07:00:00,6.56,6.56,6.25,6.25,27687
2018-11-28 07:00:00,6.42,6.42,6.18,6.25,7190
2018-11-29 07:00:00,6.25,6.28,6.23,6.23,15180
2018-11-30 07:00:00,6.23,6.23,6.09,6.14,6640
2018-12-03 07:00:00,6.32,6.32,6.14,6.21,138631
2018-12-04 07:00:00,6.28,6.32,6.21,6.21,13690
2018-12-05 07:00:00,6.21,6.23,6.11,6.16,123500
2018-12-06 07:00:00,6.16,6.23,6.11,6.23,27816
2018-12-07 07:00:00,6.23,6.37,6.21,6.37,107486
2018-12-10 07:00:00,6.37,6.37,6.14,6.25,32524
2018-12-11 07:00:00,6.3,6.32,6.28,6.28,30470
2018-12-12 07:00:00,6.21,6.42,6.21,6.25,46702
2018-12-13 07:00:00,6.37,6.37,6.25,6.32,24010
2018-12-14 07:00:00,6.16,6.32,6.16,6.25,40800
2018-12-17 07:00:00,6.23,6.23,6.16,6.18,131000
2018-12-18 07:00:00,6.18,6.18,6.14,6.18,66900
2018-12-19 07:00:00,6.16,6.18,6.16,6.16,28100
2018-12-20 07:00:00,6.09,6.16,6.09,6.16,50679
2018-12-21 07:00:00,5.9,6.16,5.9,6.14,7800
2018-12-24 07:00:00,6.32,6.56,6.07,6.18,2000
2018-12-25 07:00:00,6.16,6.18,6.02,6.16,25168
2018-12-26 07:00:00,5.95,6.09,5.69,6.09,71231
2018-12-27 07:00:00,6.56,6.56,6.09,6.09,13000
2018-12-28 07:00:00,6.16,6.16,6.0,6.09,42000
2019-01-02 07:00:00,5.76,6.09,5.76,6.09,600
2019-01-03 07:00:00,5.88,5.93,5.86,5.86,8000
2019-01-04 07:00:00,5.79,5.86,5.62,5.62,42010
2019-01-07 07:00:00,5.79,5.79,5.5,5.67,7178
2019-01-08 07:00:00,5.67,5.67,5.15,5.15,7216
2019-01-09 07:00:00,5.39,5.39,5.15,5.22,20900
2019-01-10 07:00:00,5.27,5.36,5.25,5.27,4392
2019-01-11 07:00:00,5.5,5.79,5.22,5.69,15264
2019-01-14 07:00:00,5.67,5.76,5.67,5.72,18000
2019-01-15 07:00:00,5.86,5.86,5.62,5.79,29342
2019-01-16 07:00:00,5.65,5.79,5.5,5.5,12320
2019-01-17 07:00:00,5.55,5.79,5.34,5.34,50910
2019-01-18 07:00:00,5.39,5.86,5.39,5.86,42890
2019-01-21 07:00:00,5.93,6.44,5.86,6.3,70600
2019-01-22 07:00:00,6.3,6.32,5.9,6.3,25300
2019-01-23 07:00:00,6.04,6.3,6.02,6.3,18200
2019-01-24 07:00:00,6.32,6.32,6.21,6.28,17640
2019-01-25 07:00:00,6.56,6.56,6.21,6.39,28894
2019-01-28 07:00:00,6.39,6.54,6.09,6.37,17682
2019-01-29 07:00:00,6.37,6.37,6.28,6.37,14510
2019-01-30 07:00:00,6.44,6.44,6.09,6.37,47920
2019-01-31 07:00:00,6.37,6.37,6.16,6.32,20800
2019-02-01 07:00:00,6.11,6.32,6.11,6.32,5800
2019-02-11 07:00:00,6.32,6.32,6.11,6.32,7110
2019-02-12 07:00:00,6.16,6.32,6.16,6.3,2410
2019-02-13 07:00:00,6.18,6.3,6.18,6.3,11100
2019-02-14 07:00:00,6.25,6.28,6.25,6.28,700
2019-02-15 07:00:00,6.28,6.28,6.14,6.25,7300
2019-02-18 07:00:00,6.25,6.25,6.18,6.25,3200
2019-02-19 07:00:00,6.11,6.23,6.09,6.21,16338
2019-02-20 07:00:00,6.18,6.18,5.97,6.09,19466
2019-02-21 07:00:00,5.97,5.97,5.88,5.9,11562
2019-02-22 07:00:00,5.88,5.9,5.83,5.9,12000
2019-02-25 07:00:00,6.25,6.25,5.86,5.9,15100
2019-02-26 07:00:00,6.07,6.07,5.88,5.88,12416
2019-02-27 07:00:00,5.86,5.86,5.81,5.81,29200
2019-02-28 07:00:00,5.95,5.95,5.74,5.86,7790
2019-03-01 07:00:00,5.76,5.95,5.76,5.95,15710
2019-03-04 07:00:00,5.88,5.93,5.86,5.9,20823
2019-03-05 07:00:00,5.86,5.86,5.62,5.62,76966
2019-03-06 07:00:00,5.76,5.76,5.48,5.62,31060
2019-03-07 07:00:00,5.53,5.53,5.34,5.34,87379
2019-03-08 07:00:00,5.34,5.81,5.25,5.5,71020
2019-03-11 07:00:00,5.62,5.62,5.39,5.48,27790
2019-03-12 07:00:00,5.62,5.62,5.39,5.39,67058
2019-03-13 07:00:00,5.39,5.5,5.36,5.48,63692
2019-03-14 07:00:00,5.48,5.48,5.39,5.39,29900
2019-03-15 07:00:00,5.48,5.48,5.36,5.41,17858
2019-03-18 07:00:00,5.36,5.48,5.36,5.39,33120
2019-03-19 07:00:00,5.48,5.93,5.48,5.67,108757
2019-03-20 07:00:00,5.67,5.9,5.67,5.86,76280
2019-03-21 07:00:00,5.86,6.09,5.76,5.76,125413
2019-03-22 07:00:00,5.74,5.86,5.65,5.79,52982
2019-03-25 07:00:00,5.76,5.76,5.57,5.62,28890
2019-03-26 07:00:00,5.65,5.83,5.57,5.62,16940
2019-03-27 07:00:00,5.74,5.74,5.6,5.62,8817
2019-03-28 07:00:00,5.74,5.74,5.62,5.67,9416
2019-03-29 07:00:00,5.67,5.69,5.62,5.69,9560
2019-04-01 07:00:00,5.69,5.69,5.46,5.69,17100
2019-04-02 07:00:00,5.72,5.72,5.65,5.65,2300
2019-04-03 07:00:00,5.62,5.65,5.6,5.62,11660
2019-04-04 07:00:00,5.72,5.72,5.46,5.62,26520
2019-04-05 07:00:00,5.62,5.62,5.6,5.6,9000
2019-04-08 07:00:00,5.72,5.79,5.62,5.79,58547
2019-04-09 07:00:00,5.79,5.86,5.69,5.76,13236
2019-04-10 07:00:00,5.76,5.76,5.65,5.72,4000
2019-04-11 07:00:00,5.86,5.86,5.67,5.67,21522
2019-04-12 07:00:00,5.93,5.93,5.72,5.77,48906
2019-04-16 07:00:00,5.93,5.93,5.72,5.77,8400
2019-04-17 07:00:00,5.72,5.77,5.59,5.59,19140
2019-04-18 07:00:00,5.62,5.8,5.57,5.77,23600
2019-04-19 07:00:00,5.75,5.85,5.62,5.72,22100
2019-04-22 07:00:00,5.93,5.93,5.64,5.67,4150
2019-04-23 07:00:00,5.72,5.77,5.67,5.67,1300
2019-04-24 07:00:00,5.69,5.77,5.67,5.75,12740
2019-04-25 07:00:00,5.72,5.72,5.69,5.72,6810
2019-04-26 07:00:00,5.77,5.8,5.75,5.8,24400
2019-05-02 07:00:00,5.8,5.87,5.8,5.85,29100
2019-05-03 07:00:00,5.85,5.85,5.77,5.82,22550
2019-05-06 07:00:00,5.75,5.93,5.64,5.8,15540
2019-05-07 07:00:00,5.62,5.77,5.59,5.67,11602
2019-05-08 07:00:00,5.85,5.85,5.67,5.67,57900
2019-05-09 07:00:00,5.8,5.8,5.72,5.72,600
2019-05-10 07:00:00,5.72,5.72,5.69,5.69,15046
2019-05-13 07:00:00,5.67,5.69,5.67,5.67,66300
2019-05-14 07:00:00,5.82,5.82,5.64,5.67,21802
2019-05-15 07:00:00,5.64,5.64,5.54,5.59,14720
2019-05-16 07:00:00,5.59,5.62,5.51,5.59,34500
2019-05-17 07:00:00,5.59,5.59,5.36,5.44,44423
2019-05-20 07:00:00,5.41,5.49,5.41,5.44,19681
2019-05-21 07:00:00,5.49,5.49,5.26,5.36,59442
2019-05-22 07:00:00,5.28,5.31,5.23,5.28,37432
2019-05-23 07:00:00,5.23,5.33,5.23,5.31,17415
2019-05-24 07:00:00,5.28,5.33,5.23,5.28,71048
2019-05-27 07:00:00,5.28,5.28,5.2,5.23,13956
2019-05-28 07:00:00,5.26,5.26,5.15,5.23,30370
2019-05-29 07:00:00,5.2,5.2,5.15,5.2,10590
2019-05-30 07:00:00,5.15,5.2,5.1,5.15,44250
2019-05-31 07:00:00,5.18,5.31,5.15,5.28,59284
2019-06-03 07:00:00,5.28,5.28,5.2,5.26,32502
2019-06-04 07:00:00,5.18,5.23,5.18,5.2,17476
2019-06-05 07:00:00,5.15,5.28,5.15,5.18,32402
2019-06-06 07:00:00,5.26,5.69,5.18,5.67,282260
2019-06-07 07:00:00,5.67,6.24,5.62,6.18,472713
2019-06-10 07:00:00,6.44,6.78,6.18,6.24,120706
2019-06-11 07:00:00,5.62,6.26,5.62,6.16,101832
2019-06-12 07:00:00,6.16,6.21,6.08,6.08,87605
2019-06-13 07:00:00,6.08,6.08,5.9,5.9,23258
2019-06-14 07:00:00,5.9,5.93,5.87,5.9,17390
2019-06-17 07:00:00,5.95,5.95,5.67,5.67,22459
2019-06-18 07:00:00,5.57,5.77,5.54,5.67,111199
2019-06-19 07:00:00,5.67,5.67,5.54,5.62,54710
2019-06-20 07:00:00,5.62,6.16,5.41,6.13,112510
2019-06-21 07:00:00,6.08,6.13,5.62,5.64,59911
2019-06-24 07:00:00,5.57,5.62,5.54,5.57,35994
2019-06-25 07:00:00,5.57,5.62,5.46,5.54,67991
2019-06-26 07:00:00,5.54,5.67,5.49,5.67,58420
2019-06-27 07:00:00,5.54,6.06,5.54,6.06,108400
2019-06-28 07:00:00,5.67,6.34,5.64,6.34,229220
2019-07-01 07:00:00,5.85,5.98,5.75,5.75,51852
2019-07-02 07:00:00,5.72,5.98,5.62,5.72,78405
2019-07-03 07:00:00,5.87,5.87,5.69,5.8,96058
2019-07-04 07:00:00,5.8,5.8,5.62,5.62,37200
2019-07-05 07:00:00,5.85,5.87,5.64,5.67,6350
2019-07-08 07:00:00,5.64,5.77,5.64,5.67,57450
2019-07-09 07:00:00,5.67,5.85,5.67,5.82,56784
2019-07-10 07:00:00,5.85,5.87,5.77,5.82,239040
2019-07-11 07:00:00,5.82,6.03,5.82,6.03,82820
2019-07-12 07:00:00,6.18,6.18,6.03,6.03,91953
2019-07-15 07:00:00,6.0,6.13,5.98,6.03,53840
2019-07-16 07:00:00,6.03,6.13,5.98,6.06,54557
2019-07-17 07:00:00,6.06,6.13,6.03,6.11,132720
2019-07-26 07:00:00,5.9,5.93,5.75,5.78,284370
2019-07-29 07:00:00,5.78,5.85,5.78,5.82,22550
2019-07-30 07:00:00,5.82,5.93,5.82,5.9,36260
2019-07-31 07:00:00,5.89,5.89,5.75,5.77,93350
2019-08-01 07:00:00,5.81,5.89,5.75,5.8,14620
2019-08-02 07:00:00,5.8,5.87,5.8,5.85,54670
2019-08-05 07:00:00,5.85,5.93,5.8,5.85,50460
2019-08-06 07:00:00,5.9,5.9,5.77,5.85,55170
2019-08-07 07:00:00,5.9,5.85,5.77,5.85,26850
2019-08-08 07:00:00,5.85,5.85,5.72,5.72,39450
2019-08-09 07:00:00,5.75,5.75,5.59,5.64,56030
2019-08-12 07:00:00,5.67,5.77,5.64,5.64,50760
2019-08-13 07:00:00,5.64,5.77,5.64,5.72,32910
2019-08-14 07:00:00,5.77,6.03,5.77,5.93,68020
2019-08-15 07:00:00,5.8,5.95,5.8,5.95,71240
2019-08-16 07:00:00,5.98,6.0,5.93,5.95,19230
2019-08-19 07:00:00,5.84,5.95,5.84,5.93,26380
2019-08-20 07:00:00,5.93,5.98,5.85,5.85,73250
2019-08-21 07:00:00,5.98,5.98,5.85,5.87,8840
2019-08-22 07:00:00,5.93,6.11,5.85,6.08,85010
2019-08-23 07:00:00,6.06,6.06,5.96,6.03,15210
2019-08-26 07:00:00,6.03,6.18,6.02,6.04,49210
2019-08-27 07:00:00,6.04,6.15,6.02,6.11,13150
2019-08-28 07:00:00,6.03,6.13,5.98,6.0,25220
2019-08-29 07:00:00,5.93,5.95,5.8,5.84,46510
2019-08-30 07:00:00,6.16,6.16,5.8,5.93,59550
2019-09-03 07:00:00,5.82,6.0,5.72,5.8,42960
2019-09-04 07:00:00,5.82,5.99,5.67,5.67,182390
2019-09-05 07:00:00,5.67,5.82,5.67,5.82,6110
2019-09-06 07:00:00,5.75,5.85,5.75,5.85,37770
2019-09-09 07:00:00,5.85,5.93,5.85,5.93,71870
2019-09-10 07:00:00,5.93,5.93,5.82,5.87,20080
2019-09-11 07:00:00,5.8,5.86,5.73,5.85,21890
2019-09-12 07:00:00,5.82,5.93,5.82,5.93,61150
2019-09-13 07:00:00,5.93,5.93,5.85,5.93,5110
2019-09-16 07:00:00,5.93,5.93,5.84,5.91,20210
2019-09-17 07:00:00,5.85,5.91,5.85,5.85,13750
2019-09-18 07:00:00,5.9,5.9,5.8,5.8,14310
2019-09-19 07:00:00,5.8,5.82,5.8,5.8,25280
2019-09-20 07:00:00,5.82,5.85,5.8,5.85,24590
2019-09-23 07:00:00,5.8,5.85,5.8,5.85,36410
2019-09-24 07:00:00,5.91,6.2,5.87,6.06,142770
2019-09-25 07:00:00,6.06,6.06,5.85,5.89,103910
2019-09-26 07:00:00,5.85,5.95,5.77,5.87,133910
2019-09-27 07:00:00,5.93,5.93,5.77,5.77,84090
2019-09-30 07:00:00,5.72,5.9,5.72,5.87,30470
2019-10-01 07:00:00,5.9,5.9,5.78,5.78,36390
2019-10-02 07:00:00,5.78,5.89,5.75,5.8,41640
2019-10-03 07:00:00,5.8,5.85,5.75,5.77,36280
2019-10-04 07:00:00,5.77,5.84,5.75,5.8,96460
2019-10-07 07:00:00,5.8,5.89,5.77,5.77,98180
2019-10-08 07:00:00,5.84,5.96,5.82,5.93,113870
2019-10-09 07:00:00,5.9,6.16,5.9,6.16,161500
2019-10-10 07:00:00,6.18,6.57,6.18,6.42,252320
2019-10-11 07:00:00,6.44,6.52,6.34,6.44,189740
2019-10-14 07:00:00,6.44,6.49,6.36,6.36,129940
2019-10-15 07:00:00,6.4,6.54,6.36,6.45,294920
2019-10-16 07:00:00,6.45,6.49,6.4,6.42,87880
2019-10-17 07:00:00,6.42,6.78,6.36,6.56,407600
2019-10-18 07:00:00,6.57,6.62,6.36,6.44,182720
2019-10-21 07:00:00,6.18,6.43,6.08,6.11,484390
2019-10-22 07:00:00,6.11,6.27,6.11,6.18,149840
2019-10-23 07:00:00,6.25,6.25,5.98,6.06,94510
2019-10-24 07:00:00,6.02,6.08,5.95,5.95,101540
2019-10-25 07:00:00,5.94,6.13,5.93,6.03,60200
2019-10-28 07:00:00,6.03,6.11,6.03,6.07,24960
2019-10-29 07:00:00,6.03,6.07,5.94,5.96,70500
2019-10-30 07:00:00,5.95,6.03,5.95,5.98,36020
2019-10-31 07:00:00,5.98,6.06,5.96,6.0,39100
2019-11-01 07:00:00,6.06,6.16,6.0,6.11,46340
2019-11-04 07:00:00,6.13,6.18,6.03,6.03,286320
2019-11-05 07:00:00,6.06,6.08,5.99,6.0,42650
2019-11-06 07:00:00,6.06,6.16,6.0,6.06,166370
2019-11-07 07:00:00,6.08,6.21,6.06,6.21,331930
2019-11-08 07:00:00,6.36,6.36,6.18,6.31,415360
2019-11-11 07:00:00,6.38,6.42,6.26,6.34,320160
2019-11-12 07:00:00,6.31,6.34,6.18,6.29,197390
2019-11-13 07:00:00,6.29,6.34,6.21,6.29,82180
2019-11-14 07:00:00,6.29,6.42,6.29,6.3,152440
2019-11-15 07:00:00,6.36,6.36,6.3,6.3,112960
2019-11-18 07:00:00,6.34,6.54,6.31,6.4,258040
2019-11-19 07:00:00,6.44,6.49,6.34,6.4,150200
2019-11-20 07:00:00,6.44,6.44,6.26,6.31,141550
2019-11-21 07:00:00,6.29,6.35,6.22,6.31,158530
2019-11-22 07:00:00,6.36,6.36,6.21,6.21,120530
2019-11-25 07:00:00,6.21,6.3,6.18,6.26,69810
2019-11-26 07:00:00,6.26,6.3,6.17,6.17,79930
2019-11-27 07:00:00,6.17,6.22,6.13,6.18,80770
2019-11-28 07:00:00,6.13,6.26,6.09,6.09,78650
2019-11-29 07:00:00,6.08,6.16,6.08,6.16,8930
2019-12-02 07:00:00,6.24,6.31,6.16,6.24,111210
2019-12-03 07:00:00,6.24,6.29,6.13,6.26,121110
2019-12-04 07:00:00,6.26,6.26,6.18,6.24,61360
2019-12-05 07:00:00,6.18,6.26,6.18,6.24,64260
2019-12-06 07:00:00,6.29,6.29,6.18,6.24,27710
2019-12-09 07:00:00,6.24,6.25,5.93,5.99,538300
2019-12-10 07:00:00,6.04,6.04,5.87,5.91,171460
2019-12-11 07:00:00,5.95,6.06,5.8,6.0,101300
2019-12-12 07:00:00,6.02,6.02,5.95,5.99,38070
2019-12-13 07:00:00,5.99,6.06,5.94,5.96,147110
2019-12-16 07:00:00,5.98,6.13,5.98,6.11,189190
2019-12-17 07:00:00,6.18,6.29,6.11,6.12,329210
2019-12-18 07:00:00,6.17,6.17,5.98,6.11,267140
2019-12-19 07:00:00,6.06,6.15,6.06,6.15,59580
2019-12-20 07:00:00,6.17,6.18,6.06,6.06,103020
2019-12-23 07:00:00,6.08,6.24,6.08,6.24,210190
2019-12-24 07:00:00,6.33,6.34,6.25,6.26,276340
2019-12-25 07:00:00,6.31,6.4,6.31,6.36,217100
2019-12-26 07:00:00,6.36,6.42,6.26,6.31,182860
2019-12-27 07:00:00,6.31,6.33,6.21,6.21,106350
2019-12-30 07:00:00,6.18,6.24,6.08,6.17,222410
2019-12-31 07:00:00,6.18,6.26,6.16,6.26,289910
2020-01-02 07:00:00,6.26,6.52,6.25,6.44,1341610
2020-01-03 07:00:00,6.49,6.54,6.44,6.49,473160
2020-01-06 07:00:00,6.49,6.51,6.34,6.36,361470
2020-01-07 07:00:00,6.42,6.49,6.31,6.44,328270
2020-01-08 07:00:00,6.44,6.44,6.11,6.11,493950
2020-01-09 07:00:00,6.11,6.25,5.95,6.06,257070
2020-01-10 07:00:00,6.06,6.11,5.93,5.94,417550
2020-01-13 07:00:00,5.94,6.06,5.85,5.89,203810
2020-01-14 07:00:00,5.87,5.98,5.87,5.89,174710
2020-01-15 07:00:00,5.96,5.96,5.78,5.78,268220
2020-01-16 07:00:00,5.78,5.78,5.62,5.67,271320
2020-01-17 07:00:00,5.67,5.87,5.64,5.8,158030
2020-01-20 07:00:00,5.87,5.87,5.71,5.78,80080
2020-01-21 07:00:00,5.82,5.82,5.72,5.8,50780
2020-01-22 07:00:00,5.78,5.9,5.75,5.9,69040
2020-01-30 07:00:00,5.54,5.71,5.49,5.53,478230
2020-01-31 07:00:00,5.42,5.53,5.14,5.2,328930
2020-02-03 07:00:00,4.93,4.99,4.84,4.9,500080
2020-02-04 07:00:00,4.82,5.06,4.82,5.06,358860
2020-02-05 07:00:00,5.0,5.15,5.0,5.1,95190
2020-02-06 07:00:00,5.15,5.28,5.15,5.27,134690
2020-02-07 07:00:00,5.35,5.39,5.24,5.27,130260
2020-02-10 07:00:00,5.27,5.27,5.08,5.08,146660
2020-02-11 07:00:00,5.01,5.23,5.01,5.18,77340
2020-02-12 07:00:00,5.26,5.33,5.18,5.29,95780
2020-02-13 07:00:00,5.26,5.33,5.23,5.26,60700
2020-02-14 07:00:00,5.26,5.26,5.19,5.2,48820
2020-02-17 07:00:00,5.28,5.39,5.27,5.39,89360
2020-02-18 07:00:00,5.5,5.64,5.41,5.64,178040
2020-02-19 07:00:00,5.64,5.64,5.51,5.57,76700
2020-02-20 07:00:00,5.57,5.57,5.46,5.46,152580
2020-02-21 07:00:00,5.44,5.46,5.31,5.33,199250
2020-02-24 07:00:00,5.28,5.33,5.09,5.09,173950
2020-02-25 07:00:00,4.99,5.18,4.99,5.18,59830
2020-02-26 07:00:00,5.15,5.22,5.02,5.08,249660
2020-02-27 07:00:00,5.05,5.15,4.99,5.0,349000
2020-02-28 07:00:00,4.79,5.0,4.79,4.84,282410
2020-03-02 07:00:00,4.84,5.02,4.84,4.93,251960
2020-03-03 07:00:00,5.11,5.11,5.02,5.04,273630
2020-03-04 07:00:00,5.04,5.23,5.02,5.05,260360
2020-03-05 07:00:00,5.18,5.18,4.97,4.99,326480
2020-03-06 07:00:00,5.02,5.06,4.97,5.06,75450
2020-03-09 07:00:00,4.9,5.02,4.79,4.9,368040
2020-03-10 07:00:00,4.82,5.0,4.79,4.9,187840
2020-03-11 07:00:00,4.95,4.96,4.77,4.82,298020
2020-03-12 07:00:00,4.64,4.77,4.48,4.69,505910
2020-03-13 07:00:00,4.56,4.61,4.42,4.61,146380
2020-03-16 07:00:00,4.59,4.77,4.53,4.59,128100
2020-03-17 07:00:00,4.37,4.59,4.37,4.5,147560
2020-03-18 07:00:00,4.59,4.6,4.5,4.51,344460
2020-03-19 07:00:00,4.52,4.82,4.5,4.79,318430
2020-03-20 07:00:00,4.79,4.81,4.46,4.47,963920
2020-03-23 07:00:00,4.47,4.48,4.16,4.16,460440
2020-03-24 07:00:00,4.16,4.44,4.02,4.44,208810
2020-03-25 07:00:00,4.73,4.73,4.56,4.69,264440
2020-03-26 07:00:00,4.64,4.65,4.48,4.55,262110
2020-03-27 07:00:00,4.51,4.64,4.51,4.55,202850
2020-03-30 07:00:00,4.48,4.86,4.38,4.86,638140
2020-03-31 07:00:00,4.99,5.05,4.59,4.84,275860
2020-04-01 07:00:00,4.9,4.97,4.84,4.97,217860
2020-04-03 07:00:00,4.97,4.99,4.87,4.93,1449960
2020-04-06 07:00:00,5.22,5.22,5.04,5.19,839240
2020-04-07 07:00:00,5.27,5.54,5.22,5.53,1017040
2020-04-08 07:00:00,5.53,5.68,5.39,5.65,364220
2020-04-09 07:00:00,6.04,6.04,5.83,6.01,5089520
2020-04-10 07:00:00,6.19,6.42,6.07,6.33,2621760
2020-04-13 07:00:00,6.51,6.77,6.51,6.68,4029610
2020-04-14 07:00:00,6.68,7.01,6.5,7.01,3647600
2020-04-15 07:00:00,7.2,7.45,7.11,7.44,3733810
2020-04-16 07:00:00,7.35,7.96,7.3,7.96,3395130
2020-04-17 07:00:00,8.5,8.5,8.2,8.5,3746600
2020-04-20 07:00:00,8.73,9.09,7.91,7.91,7052040
2020-04-21 07:00:00,7.89,7.91,7.36,7.36,5087660
2020-04-22 07:00:00,7.04,7.86,7.0,7.86,4871430
2020-04-23 07:00:00,8.14,8.26,7.47,7.59,2939110
2020-04-24 07:00:00,7.56,7.73,7.35,7.53,1663290
2020-04-27 07:00:00,7.62,8.05,7.53,8.05,5219290
2020-04-28 07:00:00,8.5,8.61,8.26,8.61,6067880
2020-04-29 07:00:00,8.41,8.79,8.34,8.41,2439410
2020-05-04 07:00:00,8.26,8.46,7.96,8.05,2513680
2020-05-05 07:00:00,7.99,8.35,7.99,8.27,1777480
2020-05-06 07:00:00,8.34,8.64,8.26,8.38,2706020
2020-05-07 07:00:00,8.44,8.59,8.32,8.44,1412400
2020-05-08 07:00:00,8.5,8.94,8.49,8.53,5053760
2020-05-11 07:00:00,9.12,9.12,8.62,9.12,3798540
2020-05-12 07:00:00,9.37,9.76,9.29,9.53,2853920
2020-05-13 07:00:00,9.53,10.11,9.35,9.75,2884740
2020-05-14 07:00:00,9.61,10.02,9.56,9.64,2957120
2020-05-15 07:00:00,9.72,9.75,9.11,9.12,3834940
2020-05-18 07:00:00,9.2,9.76,9.12,9.76,2423380
2020-05-19 07:00:00,10.26,10.32,9.87,9.96,2437320
2020-05-20 07:00:00,9.79,10.05,9.79,9.81,2076020
2020-05-21 07:00:00,9.9,10.49,9.78,10.45,6705990
2020-05-22 07:00:00,10.45,10.7,10.41,10.57,2918830
2020-05-25 07:00:00,10.82,11.3,10.72,11.3,2556530
2020-05-26 07:00:00,11.77,11.8,11.42,11.51,3328780
2020-05-27 07:00:00,11.6,11.69,11.08,11.08,4339020
2020-05-28 07:00:00,11.39,11.86,11.11,11.86,4421370
2020-05-29 07:00:00,12.15,12.66,12.08,12.54,2988050
2020-06-01 07:00:00,12.75,13.41,12.72,13.41,3623330
2020-06-02 07:00:00,13.88,14.18,12.75,13.63,6386640
2020-06-03 07:00:00,13.66,14.57,13.6,14.57,3450550
2020-06-04 07:00:00,15.18,15.58,14.79,15.58,3661140
2020-06-05 07:00:00,15.61,16.64,15.12,16.4,3877350
2020-06-08 07:00:00,16.7,17.46,16.7,17.19,4259260
2020-06-09 07:00:00,17.31,17.34,16.37,16.76,4131850
2020-06-10 07:00:00,15.97,16.37,15.61,15.61,2812120
2020-06-11 07:00:00,14.53,14.53,14.53,14.53,495360
2020-06-12 07:00:00,13.53,13.53,13.53,13.53,116200
2020-06-15 07:00:00,12.78,14.47,12.78,12.9,10871260
2020-06-16 07:00:00,13.54,13.8,13.21,13.8,2703740
2020-06-17 07:00:00,14.61,14.67,13.97,13.97,2423950
2020-06-18 07:00:00,13.69,14.54,13.54,14.12,3627990
2020-06-19 07:00:00,14.27,15.11,14.21,15.11,2839410
2020-06-22 07:00:00,15.7,16.15,15.52,16.15,3229580
2020-06-23 07:00:00,15.79,16.15,15.03,15.03,4767660
2020-06-24 07:00:00,15.46,15.46,13.98,14.42,3705330
2020-06-25 07:00:00,14.12,15.33,14.09,14.88,1837600
2020-06-26 07:00:00,15.33,15.61,14.42,14.86,1479340
2020-06-29 07:00:00,14.45,14.68,13.83,14.27,2139430
2020-06-30 07:00:00,14.54,14.67,13.28,13.48,3886540
2020-07-01 07:00:00,13.48,14.06,13.06,13.88,2419510
2020-07-02 07:00:00,14.83,14.83,14.35,14.54,3346410
2020-07-03 07:00:00,14.54,14.57,13.88,13.91,2341010
2020-07-06 07:00:00,13.97,14.27,13.71,13.97,1506630
2020-07-07 07:00:00,14.09,14.23,13.21,13.48,3210830
2020-07-08 07:00:00,13.36,13.66,12.9,13.51,2813130
2020-07-09 07:00:00,13.65,14.16,13.27,14.03,1848500
2020-07-10 07:00:00,14.12,14.39,13.92,14.09,2053270
2020-07-13 07:00:00,14.15,14.32,13.76,13.97,1295160
2020-07-14 07:00:00,13.82,14.03,13.72,13.85,998670
2020-07-15 07:00:00,14.06,14.06,13.83,13.83,1451530
2020-07-16 07:00:00,13.91,14.79,13.82,14.79,4224910
2020-07-17 07:00:00,15.03,15.64,15.03,15.18,3029760
2020-07-20 07:00:00,15.21,15.64,14.94,15.18,2836650
2020-07-21 07:00:00,15.27,15.39,14.98,15.12,2683730
2020-07-22 07:00:00,15.24,15.94,15.11,15.64,3909780
2020-07-23 07:00:00,15.49,16.06,15.49,15.97,2689040
2020-07-24 07:00:00,15.79,16.0,14.86,14.97,6371270
2020-07-27 07:00:00,14.3,14.88,13.92,13.92,5031720
2020-07-28 07:00:00,14.21,14.88,13.97,14.79,3220110
2020-07-29 07:00:00,14.27,14.45,13.76,13.91,6026380
2020-07-30 07:00:00,14.06,14.36,13.94,13.94,1965450
2020-07-31 07:00:00,13.6,14.15,13.39,13.72,1645950
2020-08-03 07:00:00,13.79,14.54,13.79,14.48,3571870
2020-08-04 07:00:00,14.64,14.8,14.29,14.3,2366600
2020-08-05 07:00:00,14.3,14.73,14.18,14.51,2469760
2020-08-06 07:00:00,14.48,14.65,14.33,14.42,1777920
2020-08-07 07:00:00,14.45,15.0,14.42,14.88,4652070
2020-08-10 07:00:00,15.08,15.36,14.91,14.91,2749870
2020-08-11 07:00:00,15.03,15.12,14.76,14.85,2868340
2020-08-12 07:00:00,14.85,14.86,14.3,14.48,4521940
2020-08-13 07:00:00,14.57,14.67,14.36,14.48,1879240
2020-08-14 07:00:00,14.48,14.67,14.39,14.47,2386740
2020-08-17 07:00:00,14.24,14.33,13.86,14.24,4277660
2020-08-18 07:00:00,14.06,14.38,14.06,14.18,851310
2020-08-19 07:00:00,14.18,14.36,14.09,14.3,1299160
2020-08-20 07:00:00,14.27,14.3,14.07,14.12,1498820
2020-08-21 07:00:00,14.27,14.74,14.15,14.62,3111400
2020-08-24 07:00:00,14.82,14.97,14.73,14.74,2178170
2020-08-25 07:00:00,14.76,14.79,14.48,14.48,2376360
2020-08-26 07:00:00,14.32,14.39,14.12,14.16,3255610
2020-08-27 07:00:00,14.12,14.33,13.98,14.27,1507840
2020-08-28 07:00:00,14.33,14.38,14.12,14.12,1386670
2020-08-31 07:00:00,14.09,14.2,13.66,13.76,3253410
2020-09-01 07:00:00,13.85,14.16,13.82,13.94,1420560
2020-09-03 07:00:00,14.91,14.91,14.59,14.7,4908120
2020-09-04 07:00:00,14.51,14.71,14.45,14.62,1766160
2020-09-07 07:00:00,14.61,14.62,14.29,14.29,2254630
2020-09-08 07:00:00,14.33,14.45,14.2,14.42,1381570
2020-09-09 07:00:00,14.27,14.73,14.24,14.57,2135590
2020-09-10 07:00:00,14.7,14.76,14.53,14.53,1427880
2020-09-11 07:00:00,14.53,15.17,14.53,15.15,5973430
2020-09-14 07:00:00,15.43,15.49,15.08,15.08,3256630
2020-09-15 07:00:00,15.12,15.14,14.76,14.83,2972440
2020-09-16 07:00:00,14.91,15.01,14.72,14.79,2526220
2020-09-17 07:00:00,14.66,14.72,14.43,14.54,2929020
2020-09-18 07:00:00,14.49,14.79,14.49,14.69,972770
2020-09-21 07:00:00,14.82,14.82,14.5,14.52,1927880
2020-09-22 07:00:00,14.41,14.52,14.39,14.46,2406930
2020-09-23 07:00:00,14.5,14.64,14.41,14.52,1691910
2020-09-24 07:00:00,14.52,14.96,14.44,14.69,3080330
2020-09-25 07:00:00,14.72,14.88,14.57,14.64,1128550
2020-09-28 07:00:00,14.72,14.77,14.63,14.69,1150360
2020-09-29 07:00:00,14.69,15.02,14.63,14.72,3111380
2020-09-30 07:00:00,14.74,14.94,14.69,14.86,1586160
2020-10-01 07:00:00,14.97,15.62,14.86,15.26,5979140
2020-10-02 07:00:00,15.35,15.41,14.66,14.97,3239640
2020-10-05 07:00:00,15.04,15.18,14.99,15.05,1685050
2020-10-06 07:00:00,15.04,15.05,14.79,14.82,2936080
2020-10-07 07:00:00,14.72,14.74,14.47,14.6,2855720
2020-10-08 07:00:00,14.69,14.75,14.52,14.57,1644910
2020-10-09 07:00:00,14.66,14.66,14.52,14.57,1326710
2020-10-12 07:00:00,14.6,14.6,14.16,14.25,4622800
2020-10-13 07:00:00,14.21,14.25,13.97,14.02,2418020
2020-10-14 07:00:00,13.97,14.24,13.94,13.96,1482900
2020-10-15 07:00:00,13.94,13.97,12.98,12.98,5856510
2020-10-16 07:00:00,12.91,13.27,12.23,12.72,3381180
2020-10-19 07:00:00,12.59,13.16,12.51,13.0,2120970
2020-10-20 07:00:00,12.97,13.42,12.86,13.31,1863750
2020-10-21 07:00:00,13.31,13.49,13.17,13.17,1429440
2020-10-22 07:00:00,13.05,13.17,12.98,13.08,947960
2020-10-23 07:00:00,13.09,13.19,13.05,13.08,972440
2020-10-26 07:00:00,13.24,13.24,12.84,12.86,860720
2020-10-27 07:00:00,12.86,13.09,12.86,12.91,1169940
2020-10-28 07:00:00,13.03,13.31,12.97,13.11,1896860
2020-10-29 07:00:00,13.11,13.44,13.11,13.31,1511590
2020-10-30 07:00:00,13.41,13.44,13.11,13.14,936540
2020-11-02 07:00:00,13.14,13.27,13.0,13.0,644400
2020-11-03 07:00:00,13.0,13.06,12.97,13.03,998920
2020-11-04 07:00:00,13.03,13.27,12.92,13.11,974170
2020-11-05 07:00:00,13.13,13.6,13.05,13.28,2388530
2020-11-06 07:00:00,13.28,13.47,13.16,13.28,874570
2020-11-09 07:00:00,13.44,13.45,13.2,13.31,1699030
2020-11-10 07:00:00,13.34,13.41,13.13,13.13,1394490
2020-11-11 07:00:00,13.13,13.22,13.02,13.11,939860
2020-11-12 07:00:00,13.11,13.14,12.97,13.02,993760
2020-11-13 07:00:00,13.02,13.3,13.0,13.16,1075910
2020-11-16 07:00:00,13.22,13.3,12.97,12.98,1436890
2020-11-17 07:00:00,13.02,13.14,12.98,13.02,1447660
2020-11-18 07:00:00,13.02,13.06,12.89,12.95,1242250
2020-11-19 07:00:00,12.95,13.2,12.95,13.02,936110
2020-11-20 07:00:00,13.06,13.78,13.0,13.78,4085900
2020-11-23 07:00:00,13.75,13.83,13.6,13.75,1719510
2020-11-24 07:00:00,13.75,13.77,13.47,13.55,1310320
2020-11-25 07:00:00,13.55,13.63,13.34,13.38,1524090
2020-11-26 07:00:00,13.38,13.45,13.31,13.38,670650
2020-11-27 07:00:00,13.56,13.66,13.38,13.53,1111930
2020-11-30 07:00:00,13.56,13.56,13.28,13.28,977590
2020-12-01 07:00:00,13.06,13.34,13.06,13.22,1059750
2020-12-02 07:00:00,13.22,13.53,13.09,13.31,1459080
2020-12-03 07:00:00,13.31,13.53,13.31,13.41,1262480
2020-12-04 07:00:00,13.41,13.47,13.22,13.22,959160
2020-12-07 07:00:00,13.25,13.39,13.24,13.24,873380
2020-12-08 07:00:00,13.33,13.34,13.16,13.2,1108400
2020-12-09 07:00:00,13.22,13.53,13.22,13.33,1096130
2020-12-10 07:00:00,13.38,13.77,13.33,13.52,2905480
2020-12-11 07:00:00,13.56,14.46,13.52,14.46,4944900
2020-12-14 07:00:00,14.91,15.19,14.85,14.88,3845770
2020-12-15 07:00:00,14.74,15.3,14.66,15.22,3670900
2020-12-16 07:00:00,15.41,15.6,15.07,15.3,2624940
2020-12-17 07:00:00,15.1,15.44,15.05,15.05,2352030
2020-12-18 07:00:00,15.15,15.85,15.05,15.66,4032930
2020-12-21 07:00:00,16.13,16.13,15.65,15.82,2480320
2020-12-22 07:00:00,15.76,16.16,15.66,16.1,2971450
2020-12-23 07:00:00,16.2,16.82,16.1,16.29,3054320
2020-12-24 07:00:00,16.35,16.7,15.35,15.82,3737120
2020-12-25 07:00:00,15.98,16.57,15.91,16.45,2865210
2020-12-28 07:00:00,16.79,17.07,16.48,16.92,2735370
2020-12-29 07:00:00,16.88,18.08,16.63,18.08,7164020
2020-12-30 07:00:00,18.33,18.58,17.92,17.98,2509830
2020-12-31 07:00:00,17.98,18.2,17.7,17.76,1964820
2021-01-04 07:00:00,17.89,18.64,17.89,18.33,3026900
2021-01-05 07:00:00,18.33,18.61,17.73,17.98,4660500
2021-01-06 07:00:00,17.86,18.64,17.45,18.17,4911000
2021-01-07 07:00:00,18.23,18.48,18.01,18.17,2294000
2021-01-08 07:00:00,18.48,18.83,18.36,18.61,4368400
2021-01-11 07:00:00,18.61,18.7,18.08,18.14,3613100
2021-01-12 07:00:00,18.14,18.17,17.57,18.01,2446600
2021-01-13 07:00:00,18.17,19.27,18.17,18.73,5065300
2021-01-14 07:00:00,19.05,19.74,18.8,19.74,3219800
2021-01-15 07:00:00,19.74,20.42,19.64,19.89,2667600
2021-01-18 07:00:00,19.74,19.89,19.17,19.17,3339500
2021-01-19 07:00:00,19.14,19.42,17.86,18.01,3407300
2021-01-20 07:00:00,18.14,18.33,16.92,18.11,3153000
2021-01-21 07:00:00,18.23,18.42,17.95,18.36,2442700
2021-01-22 07:00:00,18.33,18.83,18.01,18.17,2946900
2021-01-25 07:00:00,18.01,18.29,17.79,17.86,2118900
2021-01-26 07:00:00,17.86,17.95,16.63,16.63,5789500
2021-01-27 07:00:00,16.35,16.88,15.57,15.66,3940700
2021-01-28 07:00:00,14.57,15.35,14.57,14.57,3023700
2021-01-29 07:00:00,13.69,15.19,13.69,14.93,2538300
2021-02-01 07:00:00,14.91,15.04,14.02,14.1,2413200
2021-02-02 07:00:00,13.97,14.82,13.94,14.71,1828900
2021-02-03 07:00:00,15.04,15.63,14.72,15.35,1736500
2021-02-04 07:00:00,15.35,15.51,15.07,15.35,1312300
2021-02-05 07:00:00,15.35,16.29,15.26,16.26,2058300
2021-02-08 07:00:00,16.29,16.29,15.19,15.35,1862600
2021-02-09 07:00:00,15.35,15.79,15.22,15.66,1328600
2021-02-17 07:00:00,15.82,16.23,15.63,16.13,1946200
2021-02-18 07:00:00,16.07,17.07,15.85,16.85,2428700
2021-02-19 07:00:00,16.76,17.23,16.6,16.92,1410500
2021-02-22 07:00:00,16.88,17.07,16.48,16.76,1429700
2021-02-23 07:00:00,16.67,16.79,16.38,16.45,1925300
2021-02-24 07:00:00,16.54,16.76,15.98,16.1,2055400
2021-02-25 07:00:00,16.16,16.29,15.85,16.04,1526800
2021-02-26 07:00:00,15.82,16.67,15.82,16.35,1296800
2021-03-01 07:00:00,16.63,16.67,16.29,16.35,1324500
2021-03-02 07:00:00,16.6,17.07,16.41,16.54,3263500
2021-03-03 07:00:00,16.79,17.04,16.67,16.88,2740500
2021-03-04 07:00:00,17.04,17.67,16.92,17.39,3687700
2021-03-05 07:00:00,17.42,17.45,16.98,17.2,1920400
2021-03-08 07:00:00,17.23,17.7,17.23,17.57,3199700
2021-03-09 07:00:00,17.57,18.17,17.26,18.11,3808100
2021-03-10 07:00:00,18.33,18.33,17.86,18.17,1535900
2021-03-11 07:00:00,18.17,18.23,17.86,18.14,2150000
2021-03-12 07:00:00,18.33,18.61,18.17,18.17,2596900
2021-03-15 07:00:00,18.45,18.8,18.33,18.61,2774400
2021-03-16 07:00:00,19.42,19.42,18.95,19.36,4820300
2021-03-17 07:00:00,19.42,19.48,19.11,19.23,3218700
2021-03-18 07:00:00,19.23,19.27,18.95,19.08,1988600
2021-03-19 07:00:00,18.95,19.33,18.92,19.08,2171700
2021-03-22 07:00:00,19.23,19.23,18.86,18.95,1726200
2021-03-23 07:00:00,18.83,18.86,18.17,18.33,3717200
2021-03-24 07:00:00,18.01,18.48,17.95,18.29,2019600
2021-03-25 07:00:00,18.48,18.67,18.17,18.23,1884300
2021-03-26 07:00:00,18.23,18.42,17.57,18.29,2519500
2021-03-29 07:00:00,18.48,18.76,18.29,18.45,1680500
2021-03-30 07:00:00,18.51,18.51,18.26,18.36,1076200
2021-03-31 07:00:00,18.26,18.39,18.08,18.2,1891900
2021-04-01 07:00:00,18.17,19.11,18.17,19.11,2111300
2021-04-02 07:00:00,19.42,19.42,18.83,18.98,1835200
2021-04-05 07:00:00,18.98,19.05,18.48,18.7,2444500
2021-04-06 07:00:00,18.64,18.64,18.33,18.42,2516400
2021-04-07 07:00:00,18.42,18.7,18.2,18.61,975400
2021-04-08 07:00:00,18.64,18.67,18.26,18.42,1306500
2021-04-09 07:00:00,18.33,18.39,18.17,18.2,1411000
2021-04-12 07:00:00,18.2,18.23,17.89,18.2,2602800
2021-04-13 07:00:00,18.36,18.36,17.79,17.82,2144900
2021-04-14 07:00:00,17.64,18.01,17.42,18.01,1675600
2021-04-15 07:00:00,18.04,18.04,17.61,17.61,1151400
2021-04-16 07:00:00,17.61,18.17,17.45,17.86,1389800
2021-04-19 07:00:00,17.98,18.17,17.67,18.17,1588600
2021-04-20 07:00:00,18.39,18.64,18.17,18.36,2776500
2021-04-22 07:00:00,18.36,18.61,17.61,17.61,1901400
2021-04-23 07:00:00,17.57,17.79,17.26,17.61,1776600
2021-04-26 07:00:00,17.61,17.61,16.82,16.85,1914000
2021-04-27 07:00:00,16.85,16.85,16.41,16.48,2142700
2021-04-28 07:00:00,16.54,17.1,16.54,16.82,1003500
2021-04-29 07:00:00,16.82,16.98,16.79,16.82,636200
2021-05-04 07:00:00,16.54,16.76,16.26,16.67,1326700
2021-05-05 07:00:00,16.67,17.61,16.67,17.54,1732200
2021-05-06 07:00:00,17.61,18.29,17.61,17.92,2699500
2021-05-07 07:00:00,17.86,18.14,17.61,17.86,2216200
2021-05-10 07:00:00,17.73,17.86,17.54,17.82,1569100
2021-05-11 07:00:00,18.01,18.39,17.92,18.08,2951000
2021-05-12 07:00:00,18.01,18.29,17.98,18.14,1199900
2021-05-13 07:00:00,18.01,18.08,17.67,17.67,1641300
2021-05-14 07:00:00,17.67,17.76,17.39,17.39,1492000
2021-05-17 07:00:00,17.32,17.39,16.85,16.85,1805100
2021-05-18 07:00:00,16.76,17.1,16.76,16.88,1138400
2021-05-19 07:00:00,16.88,17.07,16.85,16.92,871900
2021-05-20 07:00:00,16.98,16.98,16.6,16.73,1248300
2021-05-21 07:00:00,16.92,17.45,16.79,17.26,1233100
2021-05-24 07:00:00,17.29,17.54,17.17,17.54,1108000
2021-05-25 07:00:00,17.64,17.79,17.45,17.54,1315300
2021-05-26 07:00:00,17.39,17.45,17.2,17.35,1144300
2021-05-27 07:00:00,17.42,17.42,16.82,16.92,1052600
2021-05-28 07:00:00,17.23,18.08,17.17,18.08,2865700
2021-05-31 07:00:00,18.8,19.23,18.42,19.08,3783600
2021-06-01 07:00:00,19.23,19.67,19.11,19.23,3371700
2021-06-02 07:00:00,18.98,19.89,18.98,19.89,3055900
2021-06-03 07:00:00,20.36,20.42,20.11,20.24,2799600
2021-06-04 07:00:00,20.27,20.36,19.77,20.02,2546300
2021-06-07 07:00:00,20.21,20.3,19.77,20.08,2631200
2021-06-08 07:00:00,19.89,20.21,19.27,19.3,2059900
2021-06-09 07:00:00,19.3,19.92,19.23,19.7,2255100
2021-06-10 07:00:00,19.98,20.36,19.6,19.64,1794600
2021-06-11 07:00:00,19.64,19.84,19.29,19.33,1671300
2021-06-14 07:00:00,19.33,19.57,18.88,19.29,2231200
2021-06-15 07:00:00,19.22,19.46,19.08,19.29,1168000
2021-06-16 07:00:00,19.29,20.63,18.95,20.63,3408600
2021-06-17 07:00:00,20.84,21.7,20.84,21.08,2692500
2021-06-18 07:00:00,21.05,21.25,20.7,20.94,1430400
2021-06-21 07:00:00,20.74,21.77,20.7,21.43,2950700
2021-06-22 07:00:00,21.67,21.67,21.08,21.22,1235800
2021-06-23 07:00:00,21.22,21.32,20.7,20.74,2058300
2021-06-24 07:00:00,20.77,21.29,20.7,20.77,1999400
2021-06-25 07:00:00,20.77,21.84,20.77,21.81,2884200
2021-06-28 07:00:00,22.05,22.53,21.98,22.12,3534400
2021-06-29 07:00:00,22.05,22.39,21.77,21.91,1837400
2021-06-30 07:00:00,22.01,22.05,21.7,21.74,1119200
2021-07-01 07:00:00,21.7,22.39,21.53,21.84,2280500
2021-07-02 07:00:00,21.36,21.46,20.7,20.84,6384200
2021-07-05 07:00:00,20.53,20.67,19.81,19.88,3612800
2021-07-06 07:00:00,19.91,20.22,18.95,18.95,1830500
2021-07-07 07:00:00,19.29,19.29,18.6,19.08,2303100
2021-07-08 07:00:00,19.15,19.64,19.02,19.15,1411800
2021-07-09 07:00:00,19.12,19.46,18.84,19.05,1682400
2021-07-12 07:00:00,18.64,18.95,17.74,17.95,3794200
2021-07-13 07:00:00,18.05,18.26,17.88,18.12,1041700
2021-07-14 07:00:00,18.09,18.12,17.53,17.6,1667500
2021-07-15 07:00:00,17.57,18.33,17.57,18.33,1392700
2021-07-16 07:00:00,18.29,19.05,18.29,18.57,1882200
2021-07-19 07:00:00,18.09,18.26,17.5,17.5,1679500
2021-07-20 07:00:00,17.57,17.91,17.4,17.84,1126000
2021-07-21 07:00:00,17.74,18.02,17.53,17.57,1303600
2021-07-22 07:00:00,17.74,18.12,17.57,17.98,1211800
2021-07-23 07:00:00,17.91,18.09,17.74,17.74,1202600
2021-07-26 07:00:00,17.64,18.4,17.64,18.33,1836200
2021-07-27 07:00:00,18.6,18.88,18.33,18.71,1741800
2021-07-28 07:00:00,18.57,19.19,18.53,18.95,1802100
2021-07-29 07:00:00,18.95,19.19,18.88,18.98,1452200
2021-07-30 07:00:00,18.88,19.08,18.77,18.91,1245900
2021-08-02 07:00:00,18.81,18.84,18.4,18.6,1967800
2021-08-03 07:00:00,18.5,18.53,18.29,18.43,1558100
2021-08-04 07:00:00,18.43,18.74,18.36,18.5,1166800
2021-08-05 07:00:00,18.43,18.77,18.29,18.67,1063000
2021-08-06 07:00:00,18.67,19.33,18.6,19.12,2452500
2021-08-09 07:00:00,19.08,19.7,19.08,19.64,2846500
2021-08-10 07:00:00,19.84,19.84,19.5,19.7,2130000
2021-08-11 07:00:00,19.74,19.77,19.33,19.33,1755200
2021-08-12 07:00:00,19.26,19.84,19.05,19.33,3426500
2021-08-13 07:00:00,19.46,20.22,19.29,19.98,3300100
2021-08-16 07:00:00,20.5,20.67,20.22,20.39,3125500
2021-08-17 07:00:00,20.39,20.39,19.98,20.19,2077700
2021-08-18 07:00:00,20.08,20.88,20.05,20.46,3114000
2021-08-19 07:00:00,20.5,20.94,20.43,20.77,2360900
2021-08-20 07:00:00,20.67,20.98,19.46,20.15,4589600
2021-08-23 07:00:00,19.91,20.46,19.91,19.98,2835600
2021-08-24 07:00:00,20.15,20.19,19.53,19.67,2392600
2021-08-25 07:00:00,19.74,19.95,19.26,19.91,2086900
2021-08-26 07:00:00,20.12,20.46,19.91,20.15,2570600
2021-08-27 07:00:00,20.15,20.6,19.98,20.6,4025700
2021-08-30 07:00:00,20.94,21.87,20.81,21.77,6011100
2021-08-31 07:00:00,21.7,22.01,21.19,21.29,3252400
2021-09-01 07:00:00,21.19,22.05,21.08,21.91,3390600
2021-09-06 07:00:00,21.91,22.36,21.39,21.56,3020100
2021-09-07 07:00:00,21.53,21.7,21.12,21.19,2828400
2021-09-08 07:00:00,21.19,21.43,20.84,21.01,2301500
2021-09-09 07:00:00,21.01,21.43,20.98,21.19,1366500
2021-09-10 07:00:00,21.39,21.7,21.36,21.36,1714900
2021-09-13 07:00:00,21.46,21.56,20.91,21.08,1714500
2021-09-14 07:00:00,21.32,21.39,20.91,21.12,2267000
2021-09-15 07:00:00,21.12,21.7,20.98,21.67,1697600
2021-09-16 07:00:00,21.7,21.87,21.36,21.53,1202500
2021-09-17 07:00:00,21.53,22.36,21.53,22.29,4890200
2021-09-20 07:00:00,22.39,22.94,22.22,22.39,4194900
2021-09-21 07:00:00,22.08,22.32,21.43,22.05,2734400
2021-09-22 07:00:00,22.22,22.22,21.81,22.12,1598600
2021-09-23 07:00:00,22.15,22.91,22.01,22.05,2719300
2021-09-24 07:00:00,22.05,22.08,21.5,21.5,2106400
2021-09-27 07:00:00,21.29,21.5,20.05,20.12,5322100
2021-09-28 07:00:00,20.15,20.53,19.67,20.5,1934400
2021-09-29 07:00:00,20.82,20.82,20.25,20.53,1151000
2021-09-30 07:00:00,20.53,20.92,20.39,20.46,1013600
2021-10-01 07:00:00,20.32,20.43,19.96,19.96,2663000
2021-10-04 07:00:00,19.96,21.17,19.53,21.1,3899600
2021-10-05 07:00:00,21.1,21.32,20.92,20.96,1373800
2021-10-06 07:00:00,20.96,21.0,20.75,20.82,913800
2021-10-07 07:00:00,20.82,21.28,20.71,21.03,1845300
2021-10-08 07:00:00,21.03,21.21,20.85,20.89,863500
2021-10-11 07:00:00,20.67,20.75,20.21,20.25,3743000
2021-10-12 07:00:00,20.28,20.64,20.0,20.39,1487400
2021-10-13 07:00:00,20.39,20.39,20.14,20.25,1465100
2021-10-14 07:00:00,20.28,20.6,20.25,20.32,1154700
2021-10-15 07:00:00,20.32,20.57,20.25,20.25,1152900
2021-10-18 07:00:00,20.25,20.28,20.07,20.1,1594900
2021-10-19 07:00:00,20.07,20.35,19.96,20.0,1235300
2021-10-20 07:00:00,20.14,20.21,19.96,20.03,1318100
2021-10-21 07:00:00,20.1,20.28,20.0,20.25,1072800
2021-10-22 07:00:00,20.28,20.64,20.28,20.5,2011400
2021-10-25 07:00:00,21.0,21.0,20.67,20.85,1715100
2021-10-26 07:00:00,21.03,21.71,20.78,21.71,3927100
2021-10-27 07:00:00,22.03,22.1,21.78,21.89,1886700
2021-10-28 07:00:00,21.89,21.89,21.67,21.74,1661800
2021-10-29 07:00:00,21.74,21.92,21.42,21.46,1951900
2021-11-01 07:00:00,21.39,21.71,21.1,21.21,2315400
2021-11-02 07:00:00,21.1,21.78,21.1,21.67,1927000
2021-11-03 07:00:00,21.92,21.92,21.21,21.21,1397200
2021-11-04 07:00:00,21.25,21.42,21.21,21.28,1142800
2021-11-05 07:00:00,21.39,22.74,21.35,22.74,4793600
2021-11-08 07:00:00,23.88,24.17,23.17,23.6,2887100
2021-11-09 07:00:00,23.6,23.7,23.17,23.42,2088200
2021-11-10 07:00:00,23.24,24.77,23.13,24.24,5507600
2021-11-11 07:00:00,24.49,25.31,24.06,24.74,5109500
2021-11-12 07:00:00,24.92,25.06,24.67,24.77,1670200
2021-11-15 07:00:00,24.88,25.13,24.24,24.27,3084700
2021-11-16 07:00:00,23.7,24.49,23.7,24.24,2482100
2021-11-17 07:00:00,24.03,24.42,23.95,24.38,1236800
2021-11-18 07:00:00,24.38,24.42,24.06,24.17,1710600
2021-11-19 07:00:00,23.88,24.24,22.49,23.17,3438000
2021-11-22 07:00:00,22.85,24.31,22.85,23.53,2925600
2021-11-23 07:00:00,24.06,25.17,23.92,25.17,3872400
2021-11-24 07:00:00,26.02,26.91,25.91,26.91,4824800
2021-11-25 07:00:00,27.45,27.45,26.38,26.73,2235300
2021-11-26 07:00:00,26.56,27.98,26.38,27.38,2085900
2021-11-29 07:00:00,27.09,28.77,26.95,28.34,2701900
2021-11-30 07:00:00,28.8,28.8,27.48,27.91,2461700
2021-12-01 07:00:00,27.91,28.12,27.45,27.8,1378900
2021-12-02 07:00:00,28.16,28.73,27.88,27.88,2448700
2021-12-03 07:00:00,28.16,28.16,26.7,26.7,3459500
2021-12-06 07:00:00,26.73,27.23,26.02,26.34,2233600
2021-12-07 07:00:00,27.02,27.02,26.2,26.81,1415500
2021-12-08 07:00:00,27.02,27.3,26.7,27.16,1481100
2021-12-09 07:00:00,27.2,27.41,27.02,27.23,1134500
2021-12-10 07:00:00,27.02,28.52,26.88,28.34,2872300
2021-12-13 07:00:00,28.52,28.59,27.98,28.2,1037700
2021-12-14 07:00:00,28.16,28.52,27.88,27.91,1339200
2021-12-15 07:00:00,28.09,28.12,27.13,27.13,1901000
2021-12-16 07:00:00,27.45,27.45,26.95,27.27,1293500
2021-12-17 07:00:00,27.77,27.98,26.41,26.91,1922700
2021-12-20 07:00:00,26.84,26.84,25.7,25.77,2717400
2021-12-21 07:00:00,25.63,26.56,25.63,26.56,1242100
2021-12-22 07:00:00,27.06,27.06,25.84,25.84,1168100
2021-12-23 07:00:00,25.84,26.13,24.99,25.09,1560300
2021-12-24 07:00:00,25.17,25.67,25.17,25.45,699900
2021-12-27 07:00:00,25.91,25.91,25.09,25.2,722800
2021-12-28 07:00:00,25.2,26.34,25.2,26.02,1170900
2021-12-29 07:00:00,25.95,26.38,25.49,25.49,670900
2021-12-30 07:00:00,25.52,25.99,25.45,25.67,896100
2021-12-31 07:00:00,25.7,26.2,25.63,26.02,641000
2022-01-04 07:00:00,26.02,26.7,26.02,26.38,1030900
2022-01-05 07:00:00,26.63,26.7,26.2,26.56,954500
2022-01-06 07:00:00,27.06,27.16,26.41,26.41,1948900
2022-01-07 07:00:00,26.88,26.88,26.41,26.66,1632400
2022-01-10 07:00:00,26.66,26.88,25.49,25.52,1735000
2022-01-11 07:00:00,25.59,25.84,25.24,25.31,1222900
2022-01-12 07:00:00,24.95,25.67,24.31,25.67,1915900
2022-01-13 07:00:00,26.38,26.38,25.31,25.45,984800
2022-01-14 07:00:00,24.99,25.91,24.99,25.63,1620700
2022-01-17 07:00:00,25.99,26.63,25.45,25.56,1448300
2022-01-18 07:00:00,25.59,26.13,25.31,25.67,717000
2022-01-19 07:00:00,25.67,26.06,25.42,25.67,1098300
2022-01-20 07:00:00,25.67,26.38,25.34,26.38,946300
2022-01-21 07:00:00,26.45,27.8,26.41,27.23,1937400
2022-01-24 07:00:00,27.41,27.41,26.02,26.02,1095300
2022-01-25 07:00:00,25.81,26.38,25.74,26.27,623300
2022-01-26 07:00:00,26.27,26.38,25.99,26.13,889800
2022-01-27 07:00:00,25.63,26.13,25.59,25.67,1047200
2022-01-28 07:00:00,25.67,25.81,25.31,25.49,1023400
2022-02-07 07:00:00,25.7,25.74,24.99,25.06,960300
2022-02-08 07:00:00,25.09,25.59,25.09,25.49,627200
2022-02-09 07:00:00,25.59,25.63,25.17,25.31,613700
2022-02-10 07:00:00,25.34,25.91,25.34,25.7,558600
2022-02-11 07:00:00,25.77,26.38,25.49,26.38,721100
2022-02-14 07:00:00,26.2,26.81,26.2,26.38,1384700
2022-02-15 07:00:00,26.24,26.48,25.95,26.38,607500
2022-02-16 07:00:00,26.52,27.73,26.52,27.55,3022700
2022-02-17 07:00:00,27.55,27.63,27.27,27.27,898600
2022-02-18 07:00:00,27.13,28.34,26.95,27.41,1721400
2022-02-21 07:00:00,27.45,27.98,27.13,27.63,1443200
2022-02-22 07:00:00,27.41,28.41,27.3,28.3,2754400
2022-02-23 07:00:00,28.48,28.8,28.02,28.2,1900300
2022-02-24 07:00:00,28.05,28.41,26.73,27.38,2654700
2022-02-25 07:00:00,27.7,28.34,27.38,27.84,2272500
2022-02-28 07:00:00,27.73,27.98,27.34,27.38,1280800
2022-03-01 07:00:00,27.45,27.8,26.91,27.8,1595300
2022-03-02 07:00:00,27.8,27.98,27.38,27.45,1231500
2022-03-03 07:00:00,27.52,28.34,27.2,28.34,2604800
2022-03-04 07:00:00,28.8,28.8,27.8,27.8,1898000
2022-03-07 07:00:00,27.8,28.48,27.52,27.98,1765300
2022-03-08 07:00:00,27.63,27.84,26.7,26.7,2868200
2022-03-09 07:00:00,26.73,26.91,25.74,26.2,3431400
2022-03-10 07:00:00,26.24,26.56,26.06,26.09,1488100
2022-03-11 07:00:00,25.95,26.66,25.77,26.02,1719600
2022-03-14 07:00:00,26.02,26.63,25.84,26.52,1319100
2022-03-15 07:00:00,26.41,26.66,26.02,26.27,552600
2022-03-16 07:00:00,26.31,26.91,26.27,26.48,803800
2022-03-17 07:00:00,26.73,26.77,26.41,26.52,513900
2022-03-18 07:00:00,26.45,26.7,26.2,26.34,588100
2022-03-21 07:00:00,26.2,26.52,26.02,26.38,766700
2022-03-22 07:00:00,26.34,26.88,26.2,26.7,984700
2022-03-23 07:00:00,26.95,27.45,26.95,27.45,2403900
2022-03-24 07:00:00,27.95,28.34,27.7,27.84,3794800
2022-03-25 07:00:00,28.34,28.34,27.84,27.88,1389000
2022-03-28 07:00:00,27.45,27.77,26.84,27.2,1817600
2022-03-29 07:00:00,27.09,27.41,26.73,27.02,1797500
2022-03-30 07:00:00,26.77,27.27,26.45,26.77,1284000
2022-03-31 07:00:00,26.84,27.02,26.48,26.73,999300
2022-04-01 07:00:00,26.73,27.16,26.45,26.59,1847500
2022-04-04 07:00:00,26.95,26.98,26.59,26.66,3703100
2022-04-05 07:00:00,28.52,28.52,27.45,27.8,4639300
2022-04-06 07:00:00,27.8,27.8,27.38,27.41,1273200
2022-04-07 07:00:00,27.09,27.23,26.73,26.73,1583900
2022-04-08 07:00:00,26.73,27.09,25.99,25.99,1894000
2022-04-12 07:00:00,25.67,26.34,25.38,25.38,1121800
2022-04-13 07:00:00,25.67,25.67,24.74,25.52,916100
2022-04-14 07:00:00,25.45,25.95,25.45,25.56,1147900
2022-04-15 07:00:00,25.31,25.67,24.95,24.95,834800
2022-04-18 07:00:00,24.6,25.02,23.31,23.31,1993900
2022-04-19 07:00:00,23.17,23.85,22.31,22.31,1415600
2022-04-20 07:00:00,22.1,22.39,20.82,21.03,1451600
2022-04-21 07:00:00,20.32,21.89,19.61,21.32,1754100
2022-04-22 07:00:00,21.39,22.06,20.96,21.85,922800
2022-04-25 07:00:00,21.89,22.06,20.35,20.35,1772600
2022-04-26 07:00:00,19.96,20.67,19.03,20.67,1027700
2022-04-27 07:00:00,20.67,21.96,19.96,21.89,1001800
2022-04-28 07:00:00,21.89,22.53,21.82,22.1,868600
2022-04-29 07:00:00,21.78,22.46,21.78,22.17,677100
2022-05-04 07:00:00,20.75,21.32,20.64,20.64,2464400
2022-05-05 07:00:00,21.03,21.03,20.32,20.64,706100
2022-05-06 07:00:00,19.82,20.64,19.82,19.82,590100
2022-05-09 07:00:00,19.25,19.25,18.46,18.46,2119600
2022-05-10 07:00:00,17.18,17.86,17.18,17.75,1743500
2022-05-11 07:00:00,17.79,18.18,17.79,17.97,429300
2022-05-12 07:00:00,17.47,17.82,16.72,16.72,748600
2022-05-13 07:00:00,16.4,16.4,15.58,15.58,1772600
2022-05-16 07:00:00,15.4,16.33,14.97,14.97,855500
2022-05-17 07:00:00,14.01,16.01,13.97,16.01,1476300
2022-05-18 07:00:00,16.4,16.65,16.11,16.29,651100
2022-05-19 07:00:00,16.29,16.47,15.54,16.36,644900
2022-05-20 07:00:00,16.4,17.18,16.18,16.97,893500
2022-05-23 07:00:00,17.68,17.68,16.18,16.54,463600
2022-05-24 07:00:00,16.54,16.75,15.9,16.58,508100
2022-05-25 07:00:00,16.5,17.0,16.4,16.86,655400
2022-05-26 07:00:00,16.86,18.04,16.86,18.04,2072000
2022-05-27 07:00:00,19.25,19.28,18.46,18.68,4686100
2022-05-30 07:00:00,18.89,18.96,18.39,18.68,1563900
2022-05-31 07:00:00,18.54,18.64,18.18,18.54,1554400
2022-06-01 07:00:00,18.14,18.43,17.75,17.79,2658500
2022-06-02 07:00:00,18.11,18.89,17.82,18.68,2894800
2022-06-03 07:00:00,18.79,18.79,18.0,18.22,1322400
2022-06-06 07:00:00,18.22,18.54,17.82,17.82,1363100
2022-06-07 07:00:00,17.61,17.82,16.75,17.32,2346800
2022-06-08 07:00:00,17.68,18.04,17.47,17.82,1795000
2022-06-09 07:00:00,17.89,18.07,17.68,17.75,1056300
2022-06-10 07:00:00,17.4,18.22,17.36,17.54,1804000
2022-06-13 07:00:00,16.5,17.04,16.33,16.33,2562300
2022-06-14 07:00:00,15.33,15.93,15.19,15.19,4654100
2022-06-15 07:00:00,15.19,15.33,14.15,14.58,3552300
2022-06-16 07:00:00,15.11,15.11,14.65,14.69,1294000
2022-06-17 07:00:00,14.26,14.54,13.72,14.15,2705200
2022-06-20 07:00:00,14.26,14.4,13.19,13.19,2368000
2022-06-21 07:00:00,13.19,13.19,12.3,12.3,2600900
2022-06-22 07:00:00,12.15,12.71,11.59,12.41,1671000
2022-06-23 07:00:00,12.15,13.27,12.15,13.27,1241800
2022-06-24 07:00:00,13.68,13.87,13.49,13.61,1461600
2022-06-27 07:00:00,13.83,14.54,13.68,14.54,1451400
2022-06-28 07:00:00,15.1,15.55,14.95,15.55,2556000
2022-06-29 07:00:00,15.7,16.37,15.4,15.55,2960400
2022-06-30 07:00:00,15.77,16.0,14.65,14.65,1649000
2022-07-01 07:00:00,14.24,15.66,14.24,15.66,2957100
2022-07-04 07:00:00,16.37,16.75,16.07,16.75,3082400
2022-07-05 07:00:00,17.9,17.9,16.97,16.97,9442500
2022-07-06 07:00:00,16.75,18.13,16.75,18.13,6612900
2022-07-07 07:00:00,18.62,18.65,17.49,18.32,2259900
2022-07-08 07:00:00,18.69,18.99,18.05,18.39,2949000
2022-07-11 07:00:00,18.62,19.66,18.54,19.66,7885600
2022-07-12 07:00:00,20.15,20.33,19.44,19.92,3741300
2022-07-13 07:00:00,20.0,21.01,20.0,20.71,4893900
2022-07-14 07:00:00,20.63,20.71,19.29,19.7,7508900
2022-07-15 07:00:00,19.47,20.6,19.44,20.11,3649000
2022-07-18 07:00:00,20.48,21.31,19.96,20.71,6921700
2022-07-19 07:00:00,20.71,20.97,19.7,20.52,4641700
2022-07-20 07:00:00,20.75,21.01,19.44,20.15,7989300
2022-07-21 07:00:00,19.66,20.07,18.8,19.03,5618500
2022-07-22 07:00:00,19.21,20.0,19.18,19.74,4479000
2022-07-25 07:00:00,19.89,20.71,19.77,20.56,7492800
2022-07-26 07:00:00,20.48,20.48,19.74,19.74,4098000
2022-07-27 07:00:00,19.21,19.89,18.76,19.74,3782800
2022-07-28 07:00:00,19.96,20.15,18.39,18.39,12919700
2022-07-29 07:00:00,17.57,18.73,17.57,17.79,8597500
2022-08-01 07:00:00,17.79,18.91,17.76,18.91,4569500
2022-08-02 07:00:00,18.65,19.62,18.54,19.21,6016900
2022-08-03 07:00:00,18.76,19.21,18.58,19.06,5118700
2022-08-04 07:00:00,19.36,20.11,19.1,19.92,9846400
2022-08-05 07:00:00,19.7,20.56,19.7,19.96,5182500
2022-08-08 07:00:00,19.81,20.18,19.47,20.04,4794800
2022-08-09 07:00:00,20.11,20.11,19.06,19.06,6858100
2022-08-10 07:00:00,19.06,19.51,18.54,18.65,7006000
2022-08-11 07:00:00,18.95,19.51,18.43,19.21,6211800
2022-08-12 07:00:00,19.21,20.07,18.95,20.0,6561800
2022-08-15 07:00:00,20.0,21.38,20.0,21.38,13800500
2022-08-16 07:00:00,21.38,21.46,20.97,21.04,4450400
2022-08-17 07:00:00,21.04,21.9,20.48,20.71,5827400
2022-08-18 07:00:00,20.56,21.31,20.41,21.08,4792700
2022-08-19 07:00:00,21.01,21.01,20.3,20.56,5354800
2022-08-22 07:00:00,20.18,21.46,20.18,20.82,6720900
2022-08-23 07:00:00,20.67,21.49,20.67,21.23,4823300
2022-08-24 07:00:00,21.68,21.98,21.16,21.23,6080400
2022-08-25 07:00:00,21.23,21.42,20.71,20.9,6994300
2022-08-26 07:00:00,20.93,21.53,20.6,21.16,6525100
2022-08-29 07:00:00,20.82,21.12,20.15,21.08,4608000
2022-08-30 07:00:00,21.23,21.79,20.93,21.53,7440200
2022-08-31 07:00:00,21.68,22.24,21.38,21.42,10496900
2022-09-05 07:00:00,21.31,21.31,20.63,20.63,6079700
2022-09-06 07:00:00,20.63,21.08,20.0,20.0,8735900
2022-09-07 07:00:00,19.81,20.26,18.91,18.91,7800900
2022-09-08 07:00:00,19.06,19.36,18.76,18.91,3766100
2022-09-09 07:00:00,19.21,19.44,18.91,19.44,2905200
2022-09-12 07:00:00,19.77,19.77,19.29,19.4,3302900
2022-09-13 07:00:00,19.66,20.56,19.44,20.56,9297800
2022-09-14 07:00:00,20.18,21.04,20.11,20.71,6014900
2022-09-15 07:00:00,20.82,20.82,20.18,20.26,3640300
2022-09-16 07:00:00,20.18,20.56,19.66,19.66,5367600
2022-09-19 07:00:00,19.96,20.04,19.14,19.29,5190000
2022-09-20 07:00:00,19.44,19.81,19.29,19.81,2534000
2022-09-21 07:00:00,19.66,19.81,19.44,19.51,2170600
2022-09-22 07:00:00,19.29,19.81,19.29,19.7,2351700
2022-09-23 07:00:00,19.74,20.45,19.66,19.89,7081900
2022-09-26 07:00:00,19.29,19.59,18.5,18.5,6907800
2022-09-27 07:00:00,18.5,18.76,17.27,17.27,7154700
2022-09-28 07:00:00,16.9,17.19,16.07,16.07,6013200
2022-09-29 07:00:00,16.45,16.63,15.36,15.36,3278700
2022-09-30 07:00:00,15.18,16.04,14.91,15.96,4205700
2022-10-03 07:00:00,16.04,16.07,14.88,14.88,2670200
2022-10-04 07:00:00,15.25,15.25,14.24,14.95,3603300
2022-10-05 07:00:00,15.29,15.85,15.1,15.66,2478000
2022-10-06 07:00:00,15.62,15.66,14.58,14.58,4892800
2022-10-07 07:00:00,14.2,14.2,13.57,13.57,4590100
2022-10-10 07:00:00,13.46,14.35,13.16,14.05,3444600
2022-10-11 07:00:00,13.94,13.98,13.08,13.08,2252700
2022-10-12 07:00:00,12.41,13.76,12.34,12.9,3532900
2022-10-13 07:00:00,13.27,13.53,13.01,13.23,1948000
2022-10-14 07:00:00,13.64,13.91,13.38,13.79,4112200
2022-10-17 07:00:00,13.53,14.28,13.53,14.28,3129300
2022-10-18 07:00:00,14.73,14.73,13.94,13.98,3228200
2022-10-19 07:00:00,14.13,14.28,13.87,14.2,2468300
2022-10-20 07:00:00,14.09,14.17,13.53,13.68,1899000
2022-10-21 07:00:00,13.83,13.83,12.75,12.75,5456800
2022-10-24 07:00:00,12.75,12.75,11.89,11.89,5242300
2022-10-25 07:00:00,11.44,12.48,11.06,11.66,3674200
2022-10-26 07:00:00,11.96,12.04,10.91,10.91,3352100
2022-10-27 07:00:00,10.73,11.66,10.73,11.66,3291500
2022-10-28 07:00:00,11.92,12.11,11.59,11.59,2654100
2022-10-31 07:00:00,11.36,11.48,10.84,11.03,3539900
2022-11-01 07:00:00,11.21,11.77,11.14,11.77,2612900
2022-11-02 07:00:00,11.81,12.34,11.81,11.89,3045400
2022-11-03 07:00:00,11.63,12.41,11.63,11.96,4498800
2022-11-04 07:00:00,12.11,12.11,11.25,11.25,2913000
2022-11-07 07:00:00,11.21,11.36,10.47,10.47,4707400
2022-11-08 07:00:00,10.13,10.73,10.02,10.2,2179800
2022-11-09 07:00:00,10.54,10.69,10.39,10.47,2053300
2022-11-10 07:00:00,10.13,10.47,9.76,9.76,2915500
2022-11-11 07:00:00,9.72,10.02,9.08,9.08,6618800
2022-11-14 07:00:00,8.49,8.71,8.45,8.45,4013800
2022-11-15 07:00:00,7.89,8.0,7.89,7.89,3101900
2022-11-16 07:00:00,7.34,8.41,7.34,8.41,5793400
2022-11-17 07:00:00,8.71,8.9,8.45,8.45,3507800
2022-11-18 07:00:00,8.52,9.01,8.04,9.01,5170200
2022-11-21 07:00:00,9.27,9.42,8.97,9.31,2485400
2022-11-22 07:00:00,9.05,9.94,9.05,9.23,3696300
2022-11-23 07:00:00,9.23,9.34,8.6,8.6,2818800
2022-11-24 07:00:00,8.3,9.05,8.26,8.97,1999700
2022-11-25 07:00:00,9.2,9.42,8.82,9.42,3278500
2022-11-28 07:00:00,10.02,10.06,9.68,10.06,4281200
2022-11-29 07:00:00,10.35,10.73,10.2,10.73,8237000
2022-11-30 07:00:00,11.06,11.06,10.5,10.91,4589300
2022-12-01 07:00:00,11.06,11.51,10.84,10.84,5020500
2022-12-02 07:00:00,10.69,11.4,10.58,11.4,3746300
2022-12-05 07:00:00,11.81,11.81,11.29,11.48,4145500
2022-12-06 07:00:00,11.21,12.26,10.95,11.96,13003000
2022-12-07 07:00:00,12.11,12.56,11.21,11.29,5149600
2022-12-08 07:00:00,11.36,11.96,11.29,11.29,5513500
2022-12-09 07:00:00,11.25,11.74,11.21,11.74,3193500
2022-12-12 07:00:00,12.04,12.52,11.81,12.11,8262200
2022-12-13 07:00:00,12.11,12.37,11.66,12.26,3800000
2022-12-14 07:00:00,12.71,12.71,11.96,11.96,3623500
2022-12-15 07:00:00,11.81,12.11,11.66,11.74,2890400
2022-12-16 07:00:00,11.59,12.07,11.36,11.96,2395600
2022-12-19 07:00:00,12.11,12.56,11.81,12.07,5815800
2022-12-20 07:00:00,12.07,12.15,11.29,11.51,4247100
2022-12-21 07:00:00,11.51,11.7,10.73,11.14,6151700
2022-12-22 07:00:00,11.21,11.44,10.47,10.62,3305500
2022-12-23 07:00:00,10.62,10.95,10.47,10.58,2024300
2022-12-26 07:00:00,10.77,10.77,9.87,9.87,3399100
2022-12-27 07:00:00,9.57,10.54,9.57,10.54,3394000
2022-12-28 07:00:00,10.73,11.21,10.58,10.99,4065300
2022-12-29 07:00:00,10.91,11.14,10.69,10.77,1934700
2022-12-30 07:00:00,10.84,10.91,10.54,10.54,2021300
2023-01-03 07:00:00,10.62,11.25,10.62,11.25,3006200
2023-01-04 07:00:00,11.51,11.74,11.25,11.33,3498000
2023-01-05 07:00:00,11.29,11.89,11.25,11.89,5381800
2023-01-06 07:00:00,12.0,12.07,11.59,11.81,4020700
2023-01-09 07:00:00,12.04,12.3,11.29,11.29,5277800
2023-01-10 07:00:00,11.44,11.89,11.29,11.89,4135600
2023-01-11 07:00:00,11.96,12.11,11.77,11.81,3627800
2023-01-12 07:00:00,11.92,12.19,11.51,11.96,4308100
2023-01-13 07:00:00,12.19,12.19,11.63,11.63,3693200
2023-01-16 07:00:00,11.66,11.81,11.44,11.59,3435200
2023-01-17 07:00:00,11.59,11.81,11.55,11.74,2578400
2023-01-18 07:00:00,11.89,12.52,11.81,12.52,9765500
2023-01-19 07:00:00,12.67,12.9,12.52,12.6,5746400
2023-01-27 07:00:00,12.78,12.97,12.63,12.78,6006100
2023-01-30 07:00:00,12.78,12.93,12.37,12.48,10451700
2023-01-31 07:00:00,12.41,12.56,12.11,12.56,6195500
2023-02-01 07:00:00,12.56,12.75,11.7,11.7,9546400
2023-02-02 07:00:00,11.7,11.7,11.03,11.06,5324000
2023-02-03 07:00:00,11.06,11.36,11.03,11.14,3233100
2023-02-06 07:00:00,11.06,11.29,10.88,11.14,2412300
2023-02-07 07:00:00,11.21,11.29,10.39,10.47,3346200
2023-02-08 07:00:00,10.58,10.84,10.2,10.73,2300300
2023-02-09 07:00:00,10.84,11.1,10.69,10.73,1784400
2023-02-10 07:00:00,10.62,10.8,10.47,10.47,1880800
2023-02-13 07:00:00,10.47,10.5,9.94,10.17,2401100
2023-02-14 07:00:00,10.39,10.43,10.13,10.2,1146300
2023-02-15 07:00:00,10.09,10.54,10.09,10.54,1751800
2023-02-16 07:00:00,10.77,10.91,10.54,10.8,1071700
2023-02-17 07:00:00,10.73,10.99,10.58,10.69,1388500
2023-02-20 07:00:00,10.69,11.25,10.69,11.18,4060400
2023-02-21 07:00:00,11.25,11.29,10.95,10.95,2822000
2023-02-22 07:00:00,10.8,10.99,10.47,10.47,2321100
2023-02-23 07:00:00,10.35,10.47,10.02,10.43,2980700
2023-02-24 07:00:00,10.5,10.5,10.13,10.17,935000
2023-02-27 07:00:00,10.02,10.17,9.79,9.87,1474200
2023-02-28 07:00:00,10.09,10.09,9.76,9.79,1628900
2023-03-01 07:00:00,9.79,10.2,9.76,10.2,1101700
2023-03-02 07:00:00,10.2,10.32,9.98,10.09,753800
2023-03-03 07:00:00,10.17,10.17,9.98,9.98,905000
2023-03-06 07:00:00,10.13,10.24,9.98,9.98,814500
2023-03-07 07:00:00,10.02,10.09,9.68,9.94,1091200
2023-03-08 07:00:00,9.87,10.09,9.76,10.09,800100
2023-03-09 07:00:00,10.2,10.77,10.17,10.65,5840000
2023-03-10 07:00:00,10.58,10.77,10.47,10.58,2131200
2023-03-13 07:00:00,10.35,10.54,10.24,10.24,1852400
2023-03-14 07:00:00,10.24,10.35,9.83,9.94,2647600
2023-03-15 07:00:00,10.24,10.35,10.17,10.35,1650800
2023-03-16 07:00:00,10.17,10.28,9.98,10.02,1231900
2023-03-17 07:00:00,10.09,10.2,9.94,9.98,818100
2023-03-20 07:00:00,10.17,10.35,9.94,9.94,2568700
2023-03-21 07:00:00,10.2,10.24,9.98,10.2,1083500
2023-03-22 07:00:00,10.32,10.32,10.06,10.17,1099000
2023-03-23 07:00:00,10.02,10.2,10.02,10.17,802200
2023-03-24 07:00:00,10.24,10.43,10.17,10.24,1991800
2023-03-27 07:00:00,10.24,10.35,10.13,10.32,2392700
2023-03-28 07:00:00,10.39,10.58,10.32,10.32,4125500
2023-03-29 07:00:00,10.47,10.47,10.24,10.39,1276600
2023-03-30 07:00:00,10.5,10.54,10.24,10.39,3832400
2023-03-31 07:00:00,10.39,10.43,10.28,10.32,2118200
2023-04-03 07:00:00,10.32,10.39,10.2,10.39,6198900
2023-04-04 07:00:00,10.5,10.88,10.5,10.84,6517800
2023-04-05 07:00:00,10.99,11.06,10.77,10.91,4460300
2023-04-06 07:00:00,11.03,11.06,10.65,10.65,5235300
2023-04-07 07:00:00,10.62,10.77,10.58,10.65,2997100
2023-04-10 07:00:00,10.84,11.36,10.69,11.14,9983000
2023-04-11 07:00:00,11.21,11.4,11.06,11.25,4560200
2023-04-12 07:00:00,11.29,11.51,11.25,11.36,5185000
2023-04-13 07:00:00,11.4,11.55,11.14,11.14,4437200
2023-04-14 07:00:00,11.36,11.51,10.99,10.99,4357700
2023-04-17 07:00:00,11.1,11.74,11.06,11.74,8613500
2023-04-18 07:00:00,11.92,12.04,11.59,11.66,3540900
2023-04-19 07:00:00,11.81,12.07,11.66,11.74,6580300
2023-04-20 07:00:00,11.96,12.22,11.85,11.85,5976900
2023-04-21 07:00:00,12.04,12.07,11.44,11.77,5517200
2023-04-24 07:00:00,11.81,11.81,11.21,11.21,6659000
2023-04-25 07:00:00,11.25,11.59,11.18,11.44,4830600
2023-04-26 07:00:00,11.44,11.7,11.18,11.59,3021600
2023-04-27 07:00:00,11.59,11.74,11.36,11.55,3340800
2023-04-28 07:00:00,11.66,11.66,10.84,10.95,12470000
2023-05-04 07:00:00,10.77,11.14,10.69,11.06,3144700
2023-05-05 07:00:00,11.06,11.36,10.95,11.06,3139300
2023-05-08 07:00:00,11.21,11.36,10.95,11.29,4412700
2023-05-09 07:00:00,11.36,11.51,11.25,11.36,2753200
2023-05-10 07:00:00,11.51,11.59,11.4,11.44,3104200
2023-05-11 07:00:00,11.59,11.77,11.51,11.59,3720700
2023-05-12 07:00:00,11.7,12.04,11.66,12.0,6769500
2023-05-15 07:00:00,12.26,12.26,11.74,11.74,5803100
2023-05-16 07:00:00,11.81,12.52,11.77,12.52,8348200
2023-05-17 07:00:00,12.86,13.23,12.6,12.75,12174000
2023-05-18 07:00:00,12.9,13.31,12.82,12.9,7293600
2023-05-19 07:00:00,13.08,13.53,12.86,13.53,8023600
2023-05-22 07:00:00,13.94,13.94,13.49,13.64,7322400
2023-05-23 07:00:00,13.91,14.35,13.83,14.35,9215100
2023-05-24 07:00:00,14.43,14.58,14.02,14.35,6530300
2023-05-25 07:00:00,14.35,14.47,14.09,14.09,5228200
2023-05-26 07:00:00,14.09,14.43,13.91,14.43,4554000
2023-05-29 07:00:00,14.62,14.62,14.17,14.28,4085400
2023-05-30 07:00:00,14.43,14.43,13.76,14.2,6138100
2023-05-31 07:00:00,14.28,14.95,14.13,14.95,7623300
2023-06-01 07:00:00,15.03,15.1,14.62,14.65,4293700
2023-06-02 07:00:00,14.73,15.14,14.58,14.8,9046400
2023-06-05 07:00:00,14.95,14.95,14.28,14.32,6579400
2023-06-06 07:00:00,14.5,14.65,14.32,14.54,3897500
2023-06-07 07:00:00,14.54,14.99,14.5,14.69,5156500
2023-06-08 07:00:00,14.73,15.25,14.65,14.69,8991700
2023-06-09 07:00:00,14.95,14.95,14.05,14.43,6597800
2023-06-12 07:00:00,14.69,14.69,13.79,14.2,6259200
2023-06-13 07:00:00,14.43,14.62,14.32,14.32,3609700
2023-06-14 07:00:00,14.43,14.54,14.2,14.2,3938000
2023-06-15 07:00:00,14.35,15.18,14.32,15.18,12301800
2023-06-16 07:00:00,15.59,15.59,14.95,15.14,6323800
2023-06-19 07:00:00,15.18,15.66,15.18,15.59,7099900
2023-06-20 07:00:00,15.85,15.89,15.36,15.89,6954400
2023-06-21 07:00:00,16.04,16.33,15.74,15.77,10251900
2023-06-22 07:00:00,15.85,16.07,15.77,15.89,5511900
2023-06-23 07:00:00,16.07,16.19,15.66,15.74,6697900
2023-06-26 07:00:00,15.92,16.22,14.95,16.22,9213000
2023-06-27 07:00:00,16.52,16.6,16.04,16.07,6890000
2023-06-28 07:00:00,16.3,16.37,15.85,16.37,6000900
2023-06-29 07:00:00,16.45,16.45,15.7,15.7,5471700
2023-06-30 07:00:00,15.77,16.04,15.74,15.92,3909300
2023-07-03 07:00:00,16.07,16.26,15.85,15.96,3990700
2023-07-04 07:00:00,16.22,17.05,16.07,17.05,13559600
2023-07-05 07:00:00,17.38,17.53,17.08,17.38,7821100
2023-07-06 07:00:00,17.61,17.94,17.01,17.94,10973700
2023-07-07 07:00:00,18.02,18.43,17.68,18.28,7701900
2023-07-10 07:00:00,18.39,18.39,18.02,18.17,7193600
2023-07-11 07:00:00,18.2,19.44,18.09,19.21,8129900
2023-07-12 07:00:00,19.36,19.44,18.99,18.99,4735700
2023-07-13 07:00:00,19.06,19.66,18.95,19.55,6550400
2023-07-14 07:00:00,19.77,19.77,19.06,19.44,7468600
2023-07-17 07:00:00,19.44,19.59,18.76,18.91,5317700
2023-07-18 07:00:00,18.99,19.21,18.65,18.65,9146900
2023-07-19 07:00:00,18.69,19.03,18.47,18.76,6843100
2023-07-20 07:00:00,18.84,18.91,18.54,18.58,6939100
2023-07-21 07:00:00,18.69,19.62,18.62,19.47,11199000
2023-07-24 07:00:00,19.51,19.62,18.95,18.99,8011100
2023-07-25 07:00:00,19.14,19.21,18.65,18.8,8201600
2023-07-26 07:00:00,18.8,19.44,18.76,19.44,7552400
2023-07-27 07:00:00,19.59,19.62,18.84,18.99,7967800
2023-07-28 07:00:00,19.1,19.1,18.76,18.76,7185400
2023-07-31 07:00:00,18.88,18.95,18.54,18.58,6367100
2023-08-01 07:00:00,18.65,19.1,18.58,18.58,9102600
2023-08-02 07:00:00,18.69,19.06,18.65,19.06,6064300
2023-08-03 07:00:00,19.33,20.04,19.29,19.51,15005400
2023-08-04 07:00:00,19.74,19.74,19.44,19.44,6491800
2023-08-07 07:00:00,19.81,19.96,19.51,19.55,6794600
2023-08-08 07:00:00,19.77,20.9,19.66,20.9,14812500
2023-08-09 07:00:00,21.19,21.19,20.37,20.41,8190100
2023-08-10 07:00:00,20.56,20.75,19.29,19.33,15072700
2023-08-11 07:00:00,19.44,19.62,19.18,19.62,7875500
2023-08-14 07:00:00,19.74,19.74,19.36,19.51,8260500
2023-08-15 07:00:00,19.59,19.96,19.47,19.59,6255100
2023-08-16 07:00:00,19.47,19.74,19.33,19.55,6585900
2023-08-17 07:00:00,19.59,19.77,19.06,19.06,6482600
2023-08-18 07:00:00,19.06,19.29,17.76,17.76,10369500
2023-08-21 07:00:00,17.76,17.94,16.52,16.67,7644700
2023-08-22 07:00:00,16.75,17.57,15.66,17.57,9571100
2023-08-23 07:00:00,17.79,17.79,17.05,17.05,4299000
2023-08-24 07:00:00,17.05,17.49,16.78,17.27,4910200
2023-08-25 07:00:00,17.27,17.76,17.23,17.38,3818400
2023-08-28 07:00:00,17.64,17.87,17.46,17.76,3476000
2023-08-29 07:00:00,17.79,18.09,17.72,17.79,5017800
2023-08-30 07:00:00,17.76,17.87,17.57,17.57,4546700
2023-08-31 07:00:00,17.79,18.62,17.61,18.54,7606800
2023-09-05 07:00:00,18.76,19.14,18.62,19.14,7137400
2023-09-06 07:00:00,19.29,19.74,18.84,19.36,8606600
2023-09-07 07:00:00,19.44,19.66,19.14,19.36,6964600
2023-09-08 07:00:00,19.51,19.77,19.29,19.44,10682900
2023-09-11 07:00:00,19.66,19.7,18.69,18.69,9466800
2023-09-12 07:00:00,18.76,19.21,18.43,19.21,5259900
2023-09-13 07:00:00,19.29,19.29,18.5,18.62,6303600
2023-09-14 07:00:00,18.62,18.99,18.24,18.24,7459300
2023-09-15 07:00:00,18.32,18.58,18.13,18.5,4106700
2023-09-18 07:00:00,18.5,18.58,17.79,18.09,3732400
2023-09-19 07:00:00,18.47,18.47,17.83,18.17,3660600
2023-09-20 07:00:00,18.2,19.06,18.17,18.99,5667300
2023-09-21 07:00:00,18.95,19.1,18.69,18.76,4116300
2023-09-22 07:00:00,18.47,18.54,17.49,17.79,5075600
2023-09-25 07:00:00,17.42,18.02,16.56,16.56,5667800
2023-09-26 07:00:00,16.15,16.93,15.77,15.77,4569700
2023-09-27 07:00:00,15.7,16.67,15.44,16.67,3293100
2023-09-28 07:00:00,16.63,16.67,16.33,16.48,1741500
2023-09-29 07:00:00,16.48,16.71,16.37,16.37,1889100
2023-10-02 07:00:00,16.52,16.93,16.33,16.78,3424400
2023-10-03 07:00:00,16.6,16.78,15.85,15.92,4162700
2023-10-04 07:00:00,15.44,16.45,15.44,16.22,2873700
2023-10-05 07:00:00,16.45,16.75,16.22,16.37,4159400
2023-10-06 07:00:00,16.45,16.71,16.22,16.67,3168600
2023-10-09 07:00:00,16.82,16.97,16.56,16.71,3496800
2023-10-10 07:00:00,16.82,17.12,16.67,16.67,3295500
2023-10-11 07:00:00,16.71,16.78,16.52,16.75,2499000
2023-10-12 07:00:00,16.86,17.42,16.82,17.05,4810600
2023-10-13 07:00:00,16.71,17.27,16.63,17.27,3870600
2023-10-16 07:00:00,17.38,17.46,16.71,16.78,2315000
2023-10-17 07:00:00,16.93,17.01,15.7,15.7,2533000
2023-10-18 07:00:00,15.81,15.92,14.62,15.1,5311400
2023-10-19 07:00:00,15.33,15.33,14.8,14.8,2717300
2023-10-20 07:00:00,14.8,15.7,14.76,15.7,2328700
2023-10-23 07:00:00,15.77,15.81,15.25,15.48,2087900
2023-10-24 07:00:00,15.7,16.04,15.55,16.04,2813300
2023-10-25 07:00:00,16.15,16.6,16.07,16.3,5205500
2023-10-26 07:00:00,15.62,15.7,15.18,15.18,5340900
2023-10-27 07:00:00,15.25,16.19,14.43,15.4,5244100
2023-10-30 07:00:00,14.88,15.21,14.5,14.5,1921900
2023-10-31 07:00:00,14.5,14.65,13.49,13.49,3435800
2023-11-01 07:00:00,13.49,13.91,12.82,13.91,3252000
2023-11-02 07:00:00,14.05,14.88,13.98,14.8,3569100
2023-11-03 07:00:00,14.95,14.95,14.35,14.58,3175900
2023-11-06 07:00:00,14.65,14.8,14.39,14.65,2618500
2023-11-07 07:00:00,14.5,15.18,14.39,14.88,4114900
2023-11-08 07:00:00,14.95,15.89,14.76,15.89,6776900
2023-11-09 07:00:00,16.07,16.52,15.81,16.22,7518200
2023-11-10 07:00:00,16.0,16.75,15.85,16.33,6641700
2023-11-13 07:00:00,16.37,17.46,16.37,17.19,11395700
2023-11-14 07:00:00,17.49,17.49,16.9,17.27,5757500
2023-11-15 07:00:00,17.57,17.64,16.93,17.12,7266800
2023-11-16 07:00:00,17.12,17.79,16.9,17.79,8908000
2023-11-17 07:00:00,17.94,18.2,17.57,17.94,12225700
2023-11-20 07:00:00,17.64,18.09,17.53,17.9,6597500
2023-11-21 07:00:00,18.13,18.13,17.68,17.9,4301400
2023-11-22 07:00:00,17.9,18.02,17.68,17.94,5321400
2023-11-23 07:00:00,18.17,18.65,17.94,17.94,12452200
2023-11-24 07:00:00,17.94,18.05,17.08,17.94,8684000
2023-11-27 07:00:00,18.02,18.02,17.34,17.34,5367600
2023-11-28 07:00:00,17.42,17.64,16.82,17.64,6156200
2023-11-29 07:00:00,17.79,18.09,17.72,18.09,6411900
2023-11-30 07:00:00,18.2,18.47,17.9,18.47,12172700
2023-12-01 07:00:00,18.47,18.8,18.32,18.76,10828500
2023-12-04 07:00:00,19.03,19.21,18.76,19.18,11048600
2023-12-05 07:00:00,19.29,19.33,18.88,19.18,8712200
2023-12-06 07:00:00,19.18,19.36,18.91,19.33,9631000
2023-12-07 07:00:00,19.33,19.59,18.35,18.84,12794700
2023-12-08 07:00:00,19.1,19.1,18.58,19.03,7390100
2023-12-11 07:00:00,19.1,19.25,18.76,19.21,8234400
2023-12-12 07:00:00,19.29,19.62,19.21,19.55,11918400
2023-12-13 07:00:00,19.55,19.59,18.91,19.14,8378000
2023-12-14 07:00:00,18.99,19.21,18.62,18.69,7126900
2023-12-15 07:00:00,18.54,19.14,18.54,18.99,7002800
2023-12-18 07:00:00,18.91,19.03,18.73,18.84,4491200
2023-12-19 07:00:00,18.84,18.99,18.43,18.91,4866600
2023-12-20 07:00:00,18.91,19.33,18.8,19.21,7248900
2023-12-21 07:00:00,19.29,20.0,19.1,19.77,16046200
2023-12-22 07:00:00,19.62,19.81,19.33,19.59,7291400
2023-12-25 07:00:00,19.55,19.81,19.44,19.66,8390700
2023-12-26 07:00:00,19.7,20.07,19.66,20.07,13213800
2023-12-27 07:00:00,20.18,20.48,19.89,20.37,14943200
2023-12-28 07:00:00,20.37,20.63,20.18,20.41,9204400
2023-12-29 07:00:00,20.41,20.6,19.96,20.48,12237600
2024-01-02 07:00:00,20.56,20.86,20.33,20.56,10819700
2024-01-03 07:00:00,20.48,20.56,20.22,20.37,7333200
2024-01-04 07:00:00,20.37,20.48,20.15,20.18,10606800
2024-01-05 07:00:00,20.26,20.33,19.96,20.26,7905500
2024-01-08 07:00:00,20.11,20.37,19.77,19.81,9728800
2024-01-09 07:00:00,19.89,19.89,19.29,19.29,10522000
2024-01-10 07:00:00,19.21,19.81,18.84,19.7,9851100
2024-01-11 07:00:00,19.7,20.04,19.44,19.59,7109800
2024-01-12 07:00:00,19.44,19.47,18.95,19.06,9896700
2024-01-15 07:00:00,19.14,19.29,18.58,18.58,5981300
2024-01-16 07:00:00,18.58,19.55,18.58,19.55,7716700
2024-01-17 07:00:00,19.59,19.77,19.33,19.55,6179500
2024-01-18 07:00:00,19.55,19.62,19.33,19.36,6235600
2024-01-19 07:00:00,19.44,19.51,19.14,19.18,6798400
2024-01-22 07:00:00,19.21,19.66,19.21,19.66,11542100
2024-01-23 07:00:00,19.7,19.7,19.29,19.33,4494100
2024-01-24 07:00:00,19.44,19.44,19.1,19.14,3992000
2024-01-25 07:00:00,19.25,19.25,18.99,19.03,3869700
2024-01-26 07:00:00,19.14,19.14,18.91,19.14,3943500
2024-01-29 07:00:00,19.29,19.55,19.18,19.44,6627100
2024-01-30 07:00:00,19.36,20.18,19.25,20.18,13141900
2024-01-31 07:00:00,20.26,20.3,19.55,19.7,8658400
2024-02-01 07:00:00,19.77,20.18,19.7,20.18,8911600
2024-02-02 07:00:00,20.26,20.33,19.85,19.96,9519900
2024-02-05 07:00:00,20.04,20.15,19.74,19.74,6609400
2024-02-06 07:00:00,19.81,20.33,19.77,20.22,11682900
2024-02-07 07:00:00,20.3,21.34,20.22,21.34,22298800
2024-02-15 07:00:00,21.46,21.64,21.12,21.23,10244100
2024-02-16 07:00:00,21.27,21.57,21.01,21.57,11946200
2024-02-19 07:00:00,21.68,22.43,21.01,22.43,13515600
2024-02-20 07:00:00,22.24,22.28,21.87,22.2,10416500
2024-02-21 07:00:00,22.2,22.58,21.83,22.28,9116900
2024-02-22 07:00:00,22.24,22.73,22.17,22.5,11728100
2024-02-23 07:00:00,22.58,22.65,21.31,21.31,13365300
2024-02-26 07:00:00,21.49,21.9,21.19,21.83,11778000
2024-02-27 07:00:00,22.02,22.28,21.57,22.2,9889000
2024-02-28 07:00:00,22.32,22.61,22.09,22.58,12978800
2024-02-29 07:00:00,22.65,22.65,22.02,22.35,10770500
2024-03-01 07:00:00,22.43,22.5,22.05,22.2,9046900
2024-03-04 07:00:00,22.13,22.2,21.79,21.98,11732100
2024-03-05 07:00:00,22.05,22.32,21.72,22.24,11641300
2024-03-06 07:00:00,22.24,22.28,21.72,21.72,7571600
2024-03-07 07:00:00,21.83,21.98,21.64,21.75,9416000
2024-03-08 07:00:00,21.83,22.24,21.53,21.98,15214000
2024-03-11 07:00:00,22.13,22.95,22.13,22.88,24071400
2024-03-12 07:00:00,22.99,23.06,22.54,22.95,12795900
2024-03-13 07:00:00,23.06,23.92,22.84,23.92,17142300
2024-03-14 07:00:00,23.85,23.92,23.32,23.62,13441600
2024-03-15 07:00:00,23.7,23.74,23.21,23.55,9078600
2024-03-18 07:00:00,23.47,23.77,21.9,22.88,16271800
2024-03-19 07:00:00,22.95,23.18,22.5,22.88,8905600
2024-03-20 07:00:00,22.95,23.4,22.73,23.18,10101400
2024-03-21 07:00:00,23.32,23.7,23.21,23.59,11551500
2024-03-22 07:00:00,23.7,23.92,23.44,23.59,12661200
2024-03-25 07:00:00,23.62,23.62,22.76,22.91,11126200
2024-03-26 07:00:00,22.8,23.55,22.54,23.55,7957300
2024-03-27 07:00:00,23.59,23.77,23.4,23.7,7626900
2024-03-28 07:00:00,23.85,24.22,23.77,24.07,10512500
2024-03-29 07:00:00,24.26,24.41,23.85,24.22,10452500
2024-04-01 07:00:00,24.22,24.26,23.74,23.92,8168400
2024-04-02 07:00:00,23.81,24.15,23.47,24.11,8492000
2024-04-03 07:00:00,24.15,24.22,23.59,23.89,6825200
2024-04-04 07:00:00,24.26,25.08,24.07,24.22,21199800
2024-04-05 07:00:00,23.92,24.07,22.84,22.84,9486400
2024-04-08 07:00:00,22.99,23.03,22.5,22.8,9741400
2024-04-09 07:00:00,22.8,23.03,22.17,22.95,10859500
2024-04-10 07:00:00,22.91,23.36,22.8,23.03,7580800
2024-04-11 07:00:00,22.65,23.21,22.54,23.18,8387000
2024-04-12 07:00:00,23.32,23.4,22.99,23.1,5274900
2024-04-15 07:00:00,23.1,23.1,21.49,21.49,8388100
2024-04-16 07:00:00,21.38,21.42,20.15,20.48,10396600
2024-04-17 07:00:00,20.71,21.01,20.45,20.67,7648800
2024-04-19 07:00:00,20.18,20.41,19.44,19.44,10159500
2024-04-22 07:00:00,19.66,20.78,19.51,20.78,10985600
2024-04-23 07:00:00,20.71,20.78,19.59,20.18,7203400
2024-04-24 07:00:00,20.26,20.93,20.26,20.93,9206300
2024-04-25 07:00:00,20.97,20.97,20.37,20.71,6432800
2024-04-26 07:00:00,20.48,21.08,20.45,20.93,7794700
2024-05-02 07:00:00,21.16,21.49,20.97,21.19,7089200
2024-05-03 07:00:00,21.31,21.42,20.78,20.86,6654700
2024-05-06 07:00:00,21.01,21.64,20.97,21.57,9788400
2024-05-07 07:00:00,21.68,22.17,21.53,22.05,10723200
2024-05-08 07:00:00,21.75,22.02,21.57,21.9,7709500
2024-05-09 07:00:00,22.02,22.13,21.61,21.61,6852100
2024-05-10 07:00:00,21.75,22.95,21.68,22.95,16847400
2024-05-13 07:00:00,22.95,23.74,22.73,23.32,15442400
2024-05-14 07:00:00,23.55,23.55,23.06,23.14,7535800
2024-05-15 07:00:00,23.32,23.7,23.03,23.06,11524000
2024-05-16 07:00:00,23.32,23.77,23.06,23.47,12118900
2024-05-17 07:00:00,23.85,25.08,23.77,24.97,20400600
2024-05-20 07:00:00,25.57,25.9,25.38,25.83,13839800
2024-05-21 07:00:00,25.79,26.5,25.38,26.2,12220100
2024-05-22 07:00:00,26.39,26.39,25.61,25.68,11754100
2024-05-23 07:00:00,25.49,26.73,25.49,26.65,7568700
2024-05-24 07:00:00,26.39,27.06,25.16,26.02,11757600
2024-05-27 07:00:00,26.02,26.32,25.64,26.05,4239600
2024-05-28 07:00:00,26.17,26.69,26.05,26.46,5507900
2024-05-29 07:00:00,26.69,27.21,26.24,26.24,8063000
2024-05-30 07:00:00,26.02,26.91,25.34,26.76,10523300
2024-05-31 07:00:00,26.91,26.99,26.43,26.58,3415900
2024-06-03 07:00:00,26.69,26.8,26.35,26.61,4991400
2024-06-04 07:00:00,26.76,27.44,26.43,26.84,7956000
2024-06-05 07:00:00,26.91,26.91,26.32,26.32,5987800
2024-06-06 07:00:00,26.39,26.54,25.64,26.05,8213400
2024-06-07 07:00:00,26.28,26.65,26.05,26.43,3697900
2024-06-10 07:00:00,26.46,27.55,26.46,26.91,7335400
2024-06-11 07:00:00,26.91,26.99,26.46,26.65,3900800
2024-06-12 07:00:00,26.61,26.84,26.43,26.73,2697200
2024-06-13 07:00:00,26.91,27.25,26.73,27.14,5224300
2024-06-14 07:00:00,27.21,27.44,26.32,26.32,7494900
2024-06-17 07:00:00,26.24,26.39,25.83,25.87,6560900
2024-06-18 07:00:00,26.05,26.8,26.02,26.39,5215700
2024-06-19 07:00:00,26.65,27.1,26.39,26.84,6676800
2024-06-20 07:00:00,27.06,27.25,26.54,27.14,6363000
2024-06-21 07:00:00,27.36,28.07,27.03,27.51,13129100
2024-06-24 07:00:00,27.29,27.44,25.87,26.05,8312300
2024-06-25 07:00:00,26.13,26.24,25.64,25.94,5696200
2024-06-26 07:00:00,26.02,26.91,25.08,26.91,12241300
2024-06-27 07:00:00,26.76,26.84,26.28,26.32,2540600
2024-06-28 07:00:00,26.5,26.54,25.42,25.42,5162600
2024-07-01 07:00:00,25.42,25.94,25.12,25.79,3521400
2024-07-02 07:00:00,26.02,26.02,25.61,25.87,2868100
2024-07-03 07:00:00,25.98,26.2,25.75,25.75,2919400
2024-07-04 07:00:00,25.87,25.87,25.19,25.49,5670100
2024-07-05 07:00:00,25.49,26.35,25.49,26.35,8146600
2024-07-08 07:00:00,26.17,26.69,26.05,26.46,6311200
2024-07-09 07:00:00,26.65,27.29,26.46,27.29,13301600
2024-07-10 07:00:00,27.59,27.85,26.17,26.91,11184700
2024-07-11 07:00:00,26.91,26.91,25.83,25.83,10861700
2024-07-12 07:00:00,25.79,26.02,25.27,25.42,9977000
2024-07-15 07:00:00,26.37,26.81,25.94,26.24,5614800
2024-07-16 07:00:00,26.5,26.63,26.03,26.07,2843200
2024-07-17 07:00:00,26.33,26.33,24.24,24.85,5326400
2024-07-18 07:00:00,24.81,25.2,24.16,25.11,5239200
2024-07-19 07:00:00,25.03,25.03,24.46,24.46,2262800
2024-07-22 07:00:00,24.51,24.59,23.29,23.29,5150800
2024-07-23 07:00:00,23.29,23.64,21.68,21.68,6035700
2024-07-24 07:00:00,21.55,23.03,21.42,23.03,6642700
2024-07-25 07:00:00,22.68,23.33,22.46,23.12,4166600
2024-07-26 07:00:00,23.25,24.42,23.16,24.42,6916900
2024-07-29 07:00:00,24.68,24.68,23.85,24.33,3678000
2024-07-30 07:00:00,24.33,24.59,22.64,22.64,13457500
2024-07-31 07:00:00,22.72,23.2,22.2,22.29,3962400
2024-08-01 07:00:00,22.33,22.9,22.2,22.81,6557900
2024-08-02 07:00:00,22.77,24.38,22.16,24.38,10624100
2024-08-05 07:00:00,24.07,24.68,23.07,23.46,8304700
2024-08-06 07:00:00,23.81,24.38,23.12,24.24,7867600
2024-08-07 07:00:00,24.33,24.33,23.38,24.03,5271000
2024-08-08 07:00:00,23.98,24.16,22.85,23.46,6174000
2024-08-09 07:00:00,23.72,23.98,23.46,23.72,4392600
2024-08-12 07:00:00,23.81,24.16,23.55,24.07,5247900
2024-08-13 07:00:00,24.2,25.03,24.07,24.07,8491600
2024-08-14 07:00:00,24.24,24.29,23.51,23.51,4815900
2024-08-15 07:00:00,23.55,23.55,22.77,23.33,6538000
2024-08-16 07:00:00,23.42,24.2,23.33,23.81,5137500
2024-08-19 07:00:00,23.98,24.94,23.81,24.72,10195000
2024-08-20 07:00:00,24.85,24.98,24.38,24.72,4881600
2024-08-21 07:00:00,24.77,25.03,24.55,24.64,3620800
2024-08-22 07:00:00,24.77,24.77,24.24,24.29,4072900
2024-08-23 07:00:00,24.29,24.38,23.9,24.38,4714000
2024-08-26 07:00:00,24.59,24.64,23.94,23.94,2528300
2024-08-27 07:00:00,23.94,24.51,23.9,24.42,4528800
2024-08-28 07:00:00,24.51,24.85,24.24,24.72,6424300
2024-08-29 07:00:00,24.77,25.29,24.72,25.03,8353700
2024-08-30 07:00:00,25.11,25.11,24.59,24.72,3046000
2024-09-04 07:00:00,24.33,24.51,24.03,24.24,3939400
2024-09-05 07:00:00,24.51,24.72,24.2,24.46,3449200
2024-09-06 07:00:00,24.46,24.46,23.9,24.24,5575200
2024-09-09 07:00:00,24.2,25.37,24.16,25.16,6695000
2024-09-10 07:00:00,25.37,26.59,25.29,25.72,15862900
2024-09-11 07:00:00,25.85,25.9,25.2,25.33,5224900
2024-09-12 07:00:00,25.55,25.77,25.2,25.42,5512300
2024-09-13 07:00:00,25.46,25.72,25.24,25.59,5456000
2024-09-16 07:00:00,25.77,26.07,25.37,25.42,5127100
2024-09-17 07:00:00,25.42,25.81,25.24,25.81,4032100
2024-09-18 07:00:00,25.98,25.98,25.55,25.59,4210400
2024-09-19 07:00:00,25.72,26.16,25.51,26.07,7064000
2024-09-20 07:00:00,26.37,26.37,25.94,26.24,6044800
2024-09-23 07:00:00,26.16,26.33,25.64,25.81,3514200
2024-09-24 07:00:00,25.9,25.98,25.68,25.85,3540800
2024-09-25 07:00:00,25.85,26.03,25.72,25.85,4721100
2024-09-26 07:00:00,25.85,26.16,25.64,25.64,3939700
2024-09-27 07:00:00,25.81,25.81,25.2,25.2,5365600
2024-09-30 07:00:00,25.2,25.55,24.94,25.2,5814300
2024-10-01 07:00:00,25.33,25.81,25.29,25.64,9018100
2024-10-02 07:00:00,25.64,25.94,25.51,25.72,5499600
2024-10-03 07:00:00,25.72,25.77,25.07,25.2,6672200
2024-10-04 07:00:00,25.2,25.33,24.98,25.07,3765800
2024-10-07 07:00:00,25.33,25.33,24.98,25.29,3477700
2024-10-08 07:00:00,25.29,25.68,25.11,25.46,4972300
2024-10-09 07:00:00,25.68,26.24,25.42,26.24,13380200
2024-10-10 07:00:00,26.42,26.46,26.16,26.24,7234300
2024-10-11 07:00:00,26.29,26.37,26.16,26.33,3538700
2024-10-14 07:00:00,26.55,26.98,26.46,26.85,8796700
2024-10-15 07:00:00,27.2,27.37,26.24,26.42,10767400
2024-10-16 07:00:00,26.33,26.42,25.64,26.03,7613000
2024-10-17 07:00:00,26.07,26.2,25.2,25.51,9317300
2024-10-18 07:00:00,25.72,26.07,25.51,25.64,4109700
2024-10-21 07:00:00,25.59,25.59,25.29,25.29,3208100
2024-10-22 07:00:00,25.24,25.29,24.51,24.68,6094800
2024-10-23 07:00:00,24.81,25.07,24.64,25.07,4033900
2024-10-24 07:00:00,24.94,25.03,24.29,24.33,6002700
2024-10-25 07:00:00,24.51,24.55,24.07,24.07,3550600
2024-10-28 07:00:00,24.24,24.55,24.07,24.42,3082100
2024-10-29 07:00:00,24.51,24.64,24.33,24.42,2648400
2024-10-30 07:00:00,24.29,24.42,23.85,24.07,5637200
2024-10-31 07:00:00,24.07,24.64,24.07,24.33,2905900
2024-11-01 07:00:00,24.29,24.33,23.98,24.16,2477600
2024-11-04 07:00:00,24.24,24.24,23.9,23.9,2533300
2024-11-05 07:00:00,24.07,24.07,23.68,23.94,4151600
2024-11-06 07:00:00,24.07,24.29,23.85,24.29,5920000
2024-11-07 07:00:00,24.33,24.81,24.24,24.33,6467000
2024-11-08 07:00:00,24.38,24.38,23.94,23.94,4541600
2024-11-11 07:00:00,23.94,24.29,23.72,24.07,5064000
2024-11-12 07:00:00,24.07,24.77,24.07,24.46,7168300
2024-11-13 07:00:00,24.33,24.55,24.2,24.24,3275600
2024-11-14 07:00:00,24.2,24.33,23.16,23.25,7010200
2024-11-15 07:00:00,23.25,23.25,22.42,22.68,7716800
2024-11-18 07:00:00,22.72,23.12,22.46,22.9,2242300
2024-11-19 07:00:00,22.9,23.07,22.46,22.51,2186700
2024-11-20 07:00:00,22.51,23.16,22.38,22.77,3319200
2024-11-21 07:00:00,22.85,23.07,22.77,23.07,1577100
2024-11-22 07:00:00,23.16,23.2,22.77,22.81,2208700
2024-11-25 07:00:00,22.81,23.12,22.77,22.94,1784400
2024-11-26 07:00:00,22.94,23.38,22.94,23.07,3202300
2024-11-27 07:00:00,23.2,23.46,23.07,23.12,2946200
2024-11-28 07:00:00,23.29,23.29,22.9,23.03,1886900
2024-11-29 07:00:00,22.94,23.38,22.94,23.38,2509900
2024-12-02 07:00:00,23.46,23.64,23.38,23.55,2559900
2024-12-03 07:00:00,23.46,23.68,23.2,23.2,2519800
2024-12-04 07:00:00,23.12,23.29,22.77,22.77,3293100
2024-12-05 07:00:00,22.77,23.64,22.59,23.59,4296100
2024-12-06 07:00:00,23.46,24.07,23.46,23.64,5196900
2024-12-09 07:00:00,23.68,24.03,23.68,23.72,3578700
2024-12-10 07:00:00,23.72,23.94,23.64,23.68,2296400
2024-12-11 07:00:00,23.9,24.03,23.55,23.64,3340000
2024-12-12 07:00:00,23.64,23.81,23.59,23.64,1936500
2024-12-13 07:00:00,23.64,23.64,23.16,23.25,3499700
2024-12-16 07:00:00,23.46,23.55,23.2,23.29,1618600
2024-12-17 07:00:00,23.42,23.9,23.29,23.64,3651600
2024-12-18 07:00:00,23.77,24.94,23.77,24.9,12409000
2024-12-19 07:00:00,24.51,24.77,24.42,24.64,6143600
2024-12-20 07:00:00,24.38,24.85,24.38,24.68,4092500
2024-12-23 07:00:00,25.11,25.29,24.94,25.03,7842000
2024-12-24 07:00:00,25.2,25.2,24.85,25.11,5388800
2024-12-25 07:00:00,25.16,25.16,24.72,24.85,6247600
2024-12-26 07:00:00,24.94,24.94,24.51,24.77,4364400
2024-12-27 07:00:00,24.81,25.29,24.72,24.81,6642200
2024-12-30 07:00:00,24.85,24.98,24.42,24.42,2892800
2024-12-31 07:00:00,24.33,24.68,24.11,24.11,3848600
2025-01-02 07:00:00,24.42,24.9,24.29,24.59,3810600
2025-01-03 07:00:00,24.68,24.68,24.07,24.11,4662500
2025-01-06 07:00:00,24.2,24.29,22.46,23.03,6256800
2025-01-07 07:00:00,23.33,23.68,23.16,23.25,3992700
2025-01-08 07:00:00,23.25,23.55,23.2,23.42,2680700
2025-01-09 07:00:00,23.46,23.55,23.12,23.12,2130900
2025-01-10 07:00:00,23.12,23.38,22.77,23.07,3538800
2025-01-13 07:00:00,23.07,23.68,22.9,23.51,3091800
2025-01-14 07:00:00,23.64,23.64,23.12,23.12,1335900
2025-01-15 07:00:00,23.29,23.33,23.03,23.07,2943200
2025-01-16 07:00:00,23.2,23.64,23.07,23.16,4753600
2025-01-17 07:00:00,23.29,23.29,23.12,23.16,2472000
2025-01-20 07:00:00,23.29,23.55,23.12,23.12,2167500
2025-01-21 07:00:00,23.07,23.25,22.72,22.72,3987900
2025-01-22 07:00:00,22.72,22.85,22.12,22.12,6229100
2025-01-23 07:00:00,22.12,22.42,21.99,22.29,4441400
2025-01-24 07:00:00,22.29,22.33,22.07,22.07,2319400
2025-02-03 07:00:00,22.25,22.68,22.2,22.38,2251200
2025-02-04 07:00:00,22.59,23.12,22.51,23.03,4468000
2025-02-05 07:00:00,23.2,23.2,22.9,22.9,2551100
2025-02-06 07:00:00,22.98,23.07,22.77,22.81,2375900
2025-02-07 07:00:00,22.81,23.03,22.68,22.81,3363300
2025-02-10 07:00:00,22.98,23.12,22.72,22.77,3612300
2025-02-11 07:00:00,22.94,23.51,22.9,23.46,8384500
2025-02-12 07:00:00,23.64,23.64,23.25,23.25,2586500
2025-02-13 07:00:00,23.38,23.59,23.25,23.46,3255500
2025-02-14 07:00:00,23.64,24.03,23.59,23.85,7085800
2025-02-17 07:00:00,24.11,24.51,23.77,23.77,8778500
2025-02-18 07:00:00,23.72,24.03,23.59,23.64,3737900
2025-02-19 07:00:00,23.9,24.42,23.81,24.16,7428900
2025-02-20 07:00:00,24.42,24.51,24.07,24.2,3760200
2025-02-21 07:00:00,24.33,24.59,24.16,24.29,5963200
2025-02-24 07:00:00,24.42,24.98,24.38,24.68,6597600
2025-02-25 07:00:00,24.9,24.94,24.51,24.59,4526600
2025-02-26 07:00:00,24.81,25.16,24.68,24.94,8158100
2025-02-27 07:00:00,25.16,25.64,25.11,25.59,10771800
2025-02-28 07:00:00,25.64,25.9,25.37,25.72,8516900
2025-03-03 07:00:00,26.37,27.11,26.2,26.42,14440000
2025-03-04 07:00:00,26.33,26.5,25.85,26.5,7921100
2025-03-05 07:00:00,26.68,26.85,26.24,26.46,6224700
2025-03-06 07:00:00,26.77,26.94,26.59,26.94,7659100
2025-03-07 07:00:00,27.03,27.11,26.59,26.63,7448200
2025-03-10 07:00:00,26.68,26.68,26.16,26.2,10645100
2025-03-11 07:00:00,25.9,26.77,25.9,26.77,8502300
2025-03-12 07:00:00,26.72,26.81,26.2,26.2,9424700
2025-03-13 07:00:00,26.77,27.33,26.24,26.37,13817800
2025-03-14 07:00:00,26.42,26.42,25.42,25.51,15227100
2025-03-17 07:00:00,25.59,25.85,25.46,25.55,4309100
2025-03-18 07:00:00,25.55,25.9,25.46,25.55,4908100
2025-03-19 07:00:00,25.59,25.68,25.46,25.68,3385000
2025-03-20 07:00:00,25.81,25.81,24.98,25.55,7182300
2025-03-21 07:00:00,25.55,25.55,24.98,24.98,4866700
2025-03-24 07:00:00,25.51,26.07,25.37,26.07,10010800
2025-03-25 07:00:00,26.33,26.33,25.85,25.98,5636300
2025-03-26 07:00:00,25.98,25.98,25.42,25.55,5516200
2025-03-27 07:00:00,25.46,25.98,25.33,25.72,6314900
2025-03-28 07:00:00,25.9,26.03,25.55,25.9,4291200
2025-03-31 07:00:00,25.98,26.5,25.46,25.85,9196500
2025-04-01 07:00:00,25.9,25.98,25.37,25.77,8787500
2025-04-02 07:00:00,25.77,25.9,25.46,25.46,5587800
2025-04-03 07:00:00,24.16,24.51,23.68,23.68,11577000
2025-04-04 07:00:00,22.03,22.42,22.03,22.03,16623300
2025-04-08 07:00:00,21.99,22.16,20.51,20.51,8560700
2025-04-09 07:00:00,19.07,19.94,19.07,19.07,17179100
2025-04-10 07:00:00,20.38,20.38,20.38,20.38,706300
2025-04-11 07:00:00,21.77,21.77,20.77,21.77,13182300
2025-04-14 07:00:00,21.99,23.16,21.72,22.9,10034700
2025-04-15 07:00:00,22.68,22.72,22.12,22.51,5937900
2025-04-16 07:00:00,22.77,22.85,22.16,22.55,4735700
2025-04-17 07:00:00,22.33,22.77,22.2,22.77,3748400
2025-04-18 07:00:00,23.03,23.72,22.81,23.29,7971800
2025-04-21 07:00:00,23.85,23.85,23.29,23.68,5434100
2025-04-22 07:00:00,23.72,24.33,22.16,23.51,16320200
2025-04-23 07:00:00,24.11,24.85,23.9,24.46,8983500
2025-04-24 07:00:00,24.51,24.55,23.81,24.29,6529200
2025-04-25 07:00:00,24.46,24.46,23.64,23.64,7414200
2025-04-28 07:00:00,23.46,23.85,23.46,23.64,2855100
2025-04-29 07:00:00,23.68,24.2,23.64,23.85,4761200
2025-05-05 07:00:00,24.11,24.42,23.81,24.42,5337900
2025-05-06 07:00:00,24.42,24.55,23.94,23.94,5604300
2025-05-07 07:00:00,23.9,24.2,23.85,23.94,4073700
2025-05-08 07:00:00,24.11,24.11,23.72,23.98,5542700
2025-05-09 07:00:00,24.16,24.55,24.07,24.33,7269000
2025-05-12 07:00:00,24.42,24.98,24.2,24.85,9397600
2025-05-13 07:00:00,25.11,25.29,24.85,25.07,7200700
2025-05-14 07:00:00,25.11,25.29,24.9,25.24,8578700
2025-05-15 07:00:00,25.37,25.37,24.9,25.24,7064400
2025-05-16 07:00:00,25.2,25.24,24.68,24.77,6430700
2025-05-19 07:00:00,24.55,24.72,23.64,23.72,16596200
2025-05-20 07:00:00,23.81,24.2,23.64,24.07,5330600
2025-05-21 07:00:00,24.07,24.46,23.72,24.24,7898600
2025-05-22 07:00:00,24.24,24.46,23.94,23.98,7134400
2025-05-23 07:00:00,23.94,24.42,23.94,24.24,5257100
2025-05-26 07:00:00,24.42,24.77,23.81,24.77,8795200
2025-05-27 07:00:00,24.94,24.98,24.72,24.77,5526300
2025-05-28 07:00:00,24.81,25.16,24.42,24.59,8277000
2025-05-29 07:00:00,24.64,24.85,24.42,24.51,6161200
2025-05-30 07:00:00,24.42,24.46,23.81,23.81,10233800
2025-06-02 07:00:00,23.72,24.03,23.64,23.85,6064000
2025-06-03 07:00:00,24.07,24.46,24.03,24.11,4538300
2025-06-04 07:00:00,24.33,25.77,24.29,25.77,26858300
2025-06-05 07:00:00,26.16,26.2,25.55,25.55,9227600
2025-06-06 07:00:00,25.64,26.24,25.46,25.9,12864200
2025-06-09 07:00:00,26.24,26.98,26.24,26.29,12118300
2025-06-10 07:00:00,26.16,26.46,25.81,25.9,7303000
2025-06-11 07:00:00,25.94,26.81,25.64,26.68,10759300
2025-06-12 07:00:00,26.94,27.63,26.59,26.59,11456400
2025-06-13 07:00:00,26.16,26.77,26.03,26.37,12421500
2025-06-16 07:00:00,26.33,26.94,26.24,26.72,8681100
2025-06-17 07:00:00,26.72,26.98,26.37,26.46,6185500
2025-06-18 07:00:00,26.68,27.24,26.42,26.46,7643300
2025-06-19 07:00:00,26.5,26.5,25.55,26.03,12083000
2025-06-20 07:00:00,26.16,26.94,25.85,26.59,11158600
2025-06-23 07:00:00,26.5,27.89,26.42,27.68,19779500
2025-06-24 07:00:00,27.89,27.89,27.42,27.63,7282800
2025-06-25 07:00:00,27.81,28.33,27.33,27.46,9379200
2025-06-26 07:00:00,27.68,27.72,27.07,27.72,6650200
2025-06-27 07:00:00,27.94,28.2,27.55,27.81,9281700
2025-06-30 07:00:00,28.16,29.72,27.94,29.55,17772800
2025-07-01 07:00:00,29.68,30.28,29.33,30.15,11995800
2025-07-02 07:00:00,30.41,30.76,29.89,30.07,9327400
2025-07-03 07:00:00,29.89,30.68,29.72,29.81,12363400
2025-07-04 07:00:00,29.81,30.28,29.76,30.07,6785900
2025-07-07 07:00:00,30.24,30.33,29.72,30.2,8002300
2025-07-08 07:00:00,30.41,30.81,29.98,30.2,7344000
2025-07-09 07:00:00,30.41,30.5,29.29,29.55,18140300
2025-07-10 07:00:00,29.37,29.81,28.89,29.15,12854000
2025-07-11 07:00:00,29.29,29.68,28.85,29.29,7533000
2025-07-14 07:00:00,29.2,29.76,28.94,29.63,7487400
2025-07-15 07:00:00,29.85,29.94,29.2,29.2,8583200
2025-07-16 07:00:00,29.33,29.46,29.11,29.2,7084400
2025-07-17 07:00:00,29.24,30.28,28.98,29.55,18269200
2025-07-18 07:00:00,29.63,29.76,29.2,29.29,7215400
2025-07-21 07:00:00,29.46,29.76,28.5,28.59,11192300
2025-07-22 07:00:00,28.55,29.42,28.03,29.42,15282100
2025-07-23 07:00:00,29.59,30.59,29.11,30.02,18467800
2025-07-24 07:00:00,30.28,30.28,29.55,29.81,8119500
2025-07-25 07:00:00,30.11,31.67,30.02,31.15,22797900
2025-07-28 07:00:00,31.37,31.37,30.81,31.24,12233200
2025-07-29 07:00:00,32.02,32.02,29.07,29.07,24868800
2025-07-30 07:00:00,29.55,29.85,29.07,29.68,12440900
2025-07-31 07:00:00,30.07,30.07,28.68,29.2,9898800
2025-08-01 07:00:00,29.5,30.07,29.11,29.72,8686700
2025-08-04 07:00:00,29.72,30.15,29.72,29.98,7062800
2025-08-05 07:00:00,30.2,30.59,28.37,29.42,17117800
2025-08-06 07:00:00,29.59,29.98,29.29,29.85,10894000
2025-08-07 07:00:00,30.85,31.1,30.05,30.25,12180800
2025-08-08 07:00:00,30.55,31.45,30.05,30.95,12764400
2025-08-11 07:00:00,31.5,31.65,30.95,31.0,10999400
2025-08-12 07:00:00,31.25,31.4,30.6,31.25,9870500
2025-08-13 07:00:00,31.4,31.45,30.5,30.95,11014300
2025-08-14 07:00:00,31.0,32.35,30.75,31.25,14884600
2025-08-15 07:00:00,31.3,31.4,30.3,30.35,10771800
2025-08-18 07:00:00,30.35,30.35,29.35,29.45,12576500
2025-08-19 07:00:00,29.5,29.85,29.2,29.3,10969400
2025-08-20 07:00:00,29.3,29.9,28.35,28.4,11135100
2025-08-21 07:00:00,28.45,28.7,27.35,27.45,14693300
2025-08-22 07:00:00,26.95,28.3,26.9,27.5,10282700
2025-08-25 07:00:00,27.85,27.95,26.25,26.25,7302800
2025-08-26 07:00:00,26.25,27.45,26.25,27.45,5195800
2025-08-27 07:00:00,27.55,27.7,27.05,27.3,6621100
2025-08-28 07:00:00,27.5,27.85,27.25,27.6,4798100
2025-08-29 07:00:00,28.0,28.6,27.7,27.75,9002900
2025-09-03 07:00:00,28.1,28.4,27.75,28.2,4275000
2025-09-04 07:00:00,28.3,28.55,27.9,28.0,7831700
2025-09-05 07:00:00,28.35,28.45,27.75,27.75,9759200
2025-09-08 07:00:00,27.6,27.95,26.9,26.9,8359300
2025-09-09 07:00:00,27.25,28.5,27.1,28.45,12498200
2025-09-10 07:00:00,28.65,29.5,28.0,29.4,15924600
2025-09-11 07:00:00,29.45,29.55,28.7,29.4,11296100
2025-09-12 07:00:00,29.5,29.5,29.0,29.15,7358000
2025-09-15 07:00:00,29.25,29.7,29.15,29.3,7673400
2025-09-16 07:00:00,29.4,29.75,29.0,29.0,10504200
2025-09-17 07:00:00,28.85,29.15,28.2,28.2,9749800
2025-09-18 07:00:00,28.25,28.45,27.8,27.9,5996300
2025-09-19 07:00:00,28.25,28.25,27.85,27.85,4021100
2025-09-22 07:00:00,27.9,27.95,26.8,27.2,7287900
2025-09-23 07:00:00,27.25,27.65,27.2,27.2,2884500
2025-09-24 07:00:00,27.25,27.55,27.05,27.55,3879300
2025-09-25 07:00:00,27.65,27.85,27.5,27.7,3869600
2025-09-26 07:00:00,27.7,27.95,27.2,27.2,3893100
2025-09-29 07:00:00,27.5,28.1,27.3,27.8,5280600
2025-09-30 07:00:00,27.85,27.9,27.15,27.25,4761100
2025-10-01 07:00:00,27.45,27.55,27.3,27.4,2591600
2025-10-02 07:00:00,27.4,27.5,26.9,26.95,3962600
2025-10-03 07:00:00,26.65,27.4,26.65,26.9,4219200
2025-10-06 07:00:00,27.1,27.6,27.05,27.6,2752200
2025-10-07 07:00:00,27.8,27.8,27.2,27.2,3115500
2025-10-08 07:00:00,27.5,27.95,27.15,27.5,4913400
2025-10-09 07:00:00,27.7,28.15,27.6,27.8,6098400
2025-10-10 07:00:00,27.9,28.0,27.5,27.65,4753600
2025-10-13 07:00:00,27.15,27.5,27.15,27.45,4859500
2025-10-14 07:00:00,27.45,27.75,27.05,27.2,6612700
2025-10-15 07:00:00,27.25,27.35,27.0,27.0,4175300
2025-10-16 07:00:00,27.05,27.3,26.85,27.0,4034800
2025-10-17 07:00:00,27.1,27.35,26.9,26.9,4073200
2025-10-20 07:00:00,26.9,27.0,25.05,25.05,7965600
2025-10-21 07:00:00,25.1,25.9,24.9,25.7,6700100
2025-10-22 07:00:00,25.8,25.9,25.25,25.6,2619000
2025-10-23 07:00:00,25.95,26.35,25.7,25.7,2874700
2025-10-24 07:00:00,25.7,25.85,25.25,25.55,1878600
2025-10-27 07:00:00,25.8,25.9,25.4,25.55,3022200
2025-10-28 07:00:00,25.5,25.8,25.35,25.8,2196500
2025-10-29 07:00:00,25.9,26.9,25.9,26.75,4158600
2025-10-30 07:00:00,26.8,26.8,26.3,26.4,2747200
2025-10-31 07:00:00,26.55,26.95,26.45,26.55,3035300
2025-11-03 07:00:00,26.6,26.7,25.8,25.8,3479800
2025-11-04 07:00:00,25.8,26.35,25.0,26.35,5071400
2025-11-05 07:00:00,26.35,26.35,25.8,25.8,2198600
2025-11-06 07:00:00,25.8,26.0,25.55,25.75,1684600
2025-11-07 07:00:00,25.65,25.8,25.05,25.1,2769600
2025-11-10 07:00:00,25.1,25.3,25.0,25.15,1610500
2025-11-11 07:00:00,25.3,25.35,25.05,25.15,1369700
2025-11-12 07:00:00,25.3,25.55,25.15,25.4,1680100
2025-11-13 07:00:00,25.45,26.2,25.45,26.05,4028500
2025-11-14 07:00:00,25.85,26.3,25.8,26.15,2875800
2025-11-17 07:00:00,26.2,26.6,26.15,26.45,3091200
2025-11-18 07:00:00,26.5,26.9,26.3,26.55,4083900
2025-11-19 07:00:00,26.6,27.7,26.6,27.2,9044100
2025-11-20 07:00:00,27.2,27.3,26.7,26.9,2818200
2025-11-21 07:00:00,26.9,27.25,26.5,27.0,3472100
2025-11-24 07:00:00,27.3,27.65,27.05,27.2,5125000
2025-11-25 07:00:00,27.3,27.35,26.5,26.5,4237400
2025-11-26 07:00:00,26.8,27.2,26.55,27.15,2472400
2025-11-27 07:00:00,27.2,27.2,26.65,26.7,2594100
2025-11-28 07:00:00,26.75,26.9,26.5,26.65,2021000
2025-12-01 07:00:00,26.65,27.65,26.65,27.5,8047400
2025-12-02 07:00:00,27.6,27.7,27.2,27.55,3416900
2025-12-03 07:00:00,27.7,27.8,27.55,27.6,5642600
2025-12-04 07:00:00,27.7,27.9,27.4,27.4,5633900
2025-12-05 07:00:00,27.45,28.35,27.45,27.95,7561500
2025-12-08 07:00:00,28.05,28.15,27.6,27.6,3271000
2025-12-09 07:00:00,27.5,27.6,26.9,27.3,4750100
2025-12-10 07:00:00,27.15,27.3,26.8,26.8,2766000
2025-12-11 07:00:00,26.95,27.5,26.9,27.3,2435100
2025-12-12 07:00:00,27.5,27.75,26.6,26.6,4625200
2025-12-15 07:00:00,26.8,27.7,26.75,27.7,7423200
2025-12-16 07:00:00,27.85,28.2,27.2,27.95,5439400
2025-12-17 07:00:00,28.05,28.65,27.65,28.65,10725500
2025-12-18 07:00:00,28.7,28.7,28.2,28.6,3953100
2025-12-19 07:00:00,28.65,28.65,27.9,27.9,8333300
2025-12-22 07:00:00,28.15,28.35,27.95,28.2,4823100
2025-12-23 07:00:00,28.2,28.6,27.95,28.0,5236900
2025-12-24 07:00:00,28.15,28.65,28.1,28.4,7294200
2025-12-25 07:00:00,28.5,28.55,27.8,27.8,4774200
2025-12-26 07:00:00,27.8,28.05,27.1,27.55,6835800
2025-12-29 07:00:00,27.5,27.8,27.25,27.3,3197700
2025-12-30 07:00:00,27.45,27.7,27.2,27.45,3911000
2025-12-31 07:00:00,27.5,27.55,27.05,27.05,3294800
2026-01-05 07:00:00,27.15,27.3,26.4,26.5,7597100
2026-01-06 07:00:00,26.7,26.9,26.45,26.7,4233700
2026-01-07 07:00:00,26.8,27.15,26.65,26.85,4849200
2026-01-08 07:00:00,27.0,27.2,26.55,26.55,5049200
2026-01-09 07:00:00,26.75,26.8,25.75,26.0,8728200
2026-01-12 07:00:00,26.35,27.4,26.3,27.3,4728900
2026-01-13 07:00:00,27.5,27.9,27.35,27.5,5858900
2026-01-14 07:00:00,27.8,29.25,27.6,28.75,19023900
2026-01-15 07:00:00,29.05,29.05,28.1,28.3,5287000
2026-01-16 07:00:00,28.55,28.7,28.0,28.0,5276700
2026-01-19 07:00:00,28.15,28.2,27.8,28.0,3958700
2026-01-20 07:00:00,28.25,28.55,27.8,27.85,5767600
2026-01-21 07:00:00,27.95,28.25,27.55,28.25,6051000
2026-01-22 07:00:00,28.5,29.6,28.5,28.6,12470600
2026-01-23 07:00:00,28.9,28.9,28.1,28.15,5156700
2026-01-26 07:00:00,28.35,28.8,27.25,27.55,10440100
2026-01-27 07:00:00,27.7,29.2,27.5,28.55,12497000
2026-01-28 07:00:00,28.8,29.05,28.0,28.25,6870600
2026-01-29 07:00:00,28.45,29.5,28.3,28.3,12944900
2026-01-30 07:00:00,28.6,28.6,28.1,28.15,8545700
2026-02-02 07:00:00,28.35,28.45,27.75,27.9,6926600
2026-02-03 07:00:00,28.05,28.75,27.95,28.1,7586000
2026-02-04 07:00:00,28.2,29.0,28.2,29.0,13612300
2026-02-05 07:00:00,29.4,29.65,28.4,28.4,9521800
2026-02-06 07:00:00,28.15,28.3,27.15,27.15,10880500
2026-02-09 07:00:00,27.45,27.5,26.55,26.75,6501500
2026-02-10 07:00:00,26.8,26.85,26.15,26.4,5484000
2026-02-11 07:00:00,26.5,27.05,26.5,26.65,3344400
2026-02-12 07:00:00,26.7,26.95,26.7,26.8,1580400
2026-02-13 07:00:00,26.75,26.8,26.6,26.7,2657700
2026-02-23 07:00:00,26.95,27.0,26.7,26.9,3126500
2026-02-24 07:00:00,26.9,27.3,26.85,27.25,4371100
2026-02-25 07:00:00,27.3,27.55,27.05,27.05,3775400
2026-02-26 07:00:00,27.1,27.25,26.85,26.85,2735100
2026-02-27 07:00:00,26.85,26.9,26.5,26.55,6056100
2026-03-02 07:00:00,25.8,26.35,25.75,25.75,9756200
2026-03-03 07:00:00,25.7,26.2,25.05,25.1,7825500
2026-03-04 07:00:00,25.25,25.5,23.95,24.95,13217700
2026-03-05 07:00:00,25.2,25.55,25.0,25.05,4272900
2026-03-06 07:00:00,24.9,25.0,24.55,24.6,7243600
2026-03-09 07:00:00,22.95,23.5,22.9,22.9,6559000
2026-03-10 07:00:00,23.45,23.45,22.75,23.1,6104500
2026-03-11 07:00:00,23.35,24.15,23.2,24.15,4502900
2026-03-12 07:00:00,23.9,24.15,23.45,23.6,3044500
2026-03-13 07:00:00,23.3,23.75,23.3,23.5,2508600
2026-03-16 07:00:00,23.6,23.65,23.25,23.3,2522700
2026-03-17 07:00:00,23.65,24.0,23.45,23.6,2168500
2026-03-18 07:00:00,23.7,23.95,23.4,23.5,2158600
2026-03-19 07:00:00,23.45,23.45,23.0,23.2,3375000
2026-03-20 07:00:00,23.2,23.65,23.05,23.25,2945700
2026-03-23 07:00:00,23.35,23.35,21.9,22.0,4156000
2026-03-24 07:00:00,22.5,22.65,22.3,22.3,2202200
2026-03-25 07:00:00,22.6,23.4,22.55,23.3,3045100
2026-03-26 07:00:00,23.1,23.35,22.8,22.9,1442700
2026-03-27 07:00:00,23.0,23.3,22.85,23.2,1756100
2026-03-30 07:00:00,22.7,23.4,22.7,23.15,2219800
2026-03-31 07:00:00,23.3,23.35,23.0,23.2,1943800
2026-04-01 07:00:00,23.5,23.65,23.3,23.3,2944400
2026-04-02 07:00:00,23.4,23.4,23.0,23.15,1729400
2026-04-03 07:00:00,23.35,23.35,22.8,22.8,2301300
2026-04-06 07:00:00,22.7,22.9,22.3,22.3,2165200
2026-04-07 07:00:00,22.5,22.65,22.3,22.4,852100
2026-04-08 07:00:00,22.95,23.4,22.7,23.4,3170900
2026-04-09 07:00:00,23.4,23.4,23.0,23.05,3184400
2026-04-10 07:00:00,23.3,23.45,23.1,23.25,2144000
2026-04-13 07:00:00,23.0,23.15,22.9,23.05,2480500
2026-04-14 07:00:00,23.35,24.3,23.05,24.2,5644000
2026-04-15 07:00:00,24.2,24.25,23.65,23.7,3364400
2026-04-16 07:00:00,23.6,23.75,23.15,23.3,3252400
2026-04-17 07:00:00,23.4,23.8,23.2,23.3,2013800
2026-04-20 07:00:00,23.3,23.45,23.25,23.25,1595600
2026-04-21 07:00:00,23.45,23.45,23.1,23.1,1698100
2026-04-22 07:00:00,23.1,23.2,22.95,22.95,1720200
2026-04-23 07:00:00,22.95,23.15,22.75,23.1,3003800
2026-04-24 07:00:00,23.15,23.15,22.75,22.85,1521500
2026-04-28 07:00:00,22.85,22.95,22.45,22.5,1860600
2026-04-29 07:00:00,22.6,22.7,22.1,22.6,2059400
2026-05-04 07:00:00,22.8,22.85,22.55,22.55,1058800
2026-05-05 07:00:00,22.55,23.0,22.5,22.75,2321600
2026-05-06 07:00:00,22.8,22.95,22.55,22.9,1527500
2026-05-07 07:00:00,22.8,23.05,22.7,22.7,1539400
2026-05-08 07:00:00,22.7,22.75,22.45,22.5,2068300
2026-05-11 07:00:00,22.7,22.7,22.45,22.45,1611500
2026-05-12 07:00:00,22.65,22.65,22.4,22.45,1369000
2026-05-13 07:00:00,22.5,22.9,22.45,22.6,1926500
2026-05-14 07:00:00,22.8,22.85,22.5,22.6,1211100
2026-05-15 07:00:00,22.65,22.65,22.45,22.55,1222100
2026-05-18 07:00:00,22.4,22.5,22.2,22.3,2094700
2026-05-19 07:00:00,22.3,22.45,22.25,22.25,1493200
2026-05-20 07:00:00,22.15,22.3,21.25,21.8,3178800
2026-05-21 07:00:00,21.85,21.9,21.6,21.75,1430800
2026-05-22 07:00:00,21.7,21.85,21.5,21.7,1762000
2026-05-25 07:00:00,21.95,22.25,21.95,21.95,1745600
2026-05-26 07:00:00,22.1,22.1,21.9,22.05,929500
2026-05-27 07:00:00,22.05,22.15,21.9,21.95,1238400
