time,open,high,low,close,volume
2018-01-02 07:00:00,24.62,24.62,23.94,24.17,26726
2018-01-03 07:00:00,24.39,24.39,23.86,23.94,57926
2018-01-04 07:00:00,23.94,23.94,20.54,23.9,72260
2018-01-05 07:00:00,23.77,23.81,23.14,23.27,113301
2018-01-08 07:00:00,23.36,23.36,22.83,23.05,97820
2018-01-09 07:00:00,22.83,23.09,22.78,23.09,65904
2018-01-10 07:00:00,23.27,24.44,23.27,23.68,61560
2018-01-11 07:00:00,23.94,24.17,23.14,23.14,64500
2018-01-12 07:00:00,23.72,23.94,23.5,23.72,13825
2018-01-15 07:00:00,23.5,23.72,23.27,23.59,40400
2018-01-16 07:00:00,23.45,23.72,23.32,23.63,42250
2018-01-17 07:00:00,23.54,23.99,23.54,23.72,65830
2018-01-18 07:00:00,23.63,23.81,23.63,23.81,74176
2018-01-19 07:00:00,23.72,23.94,23.63,23.72,34700
2018-01-22 07:00:00,23.72,23.77,23.68,23.72,26500
2018-01-23 07:00:00,23.72,23.86,23.72,23.72,9903
2018-01-24 07:00:00,23.72,23.72,23.63,23.68,8700
2018-01-25 07:00:00,23.68,23.72,23.59,23.59,46952
2018-01-26 07:00:00,23.68,23.68,23.5,23.59,37508
2018-01-29 07:00:00,23.59,23.59,23.27,23.36,62500
2018-01-30 07:00:00,23.36,23.59,23.27,23.59,16024
2018-01-31 07:00:00,23.32,25.61,23.23,23.32,128938
2018-02-01 07:00:00,23.36,23.36,23.27,23.27,25500
2018-02-02 07:00:00,24.22,24.22,23.41,23.81,3325
2018-02-05 07:00:00,23.18,23.77,22.91,22.91,12800
2018-02-06 07:00:00,22.91,22.91,22.01,22.46,29620
2018-02-07 07:00:00,22.24,22.91,22.1,22.28,81452
2018-02-08 07:00:00,22.55,22.55,22.01,22.33,40406
2018-02-09 07:00:00,22.33,22.33,21.74,22.28,12800
2018-02-12 07:00:00,22.01,22.64,21.97,22.01,39910
2018-02-13 07:00:00,22.19,23.32,22.01,22.69,15000
2018-02-21 07:00:00,23.99,23.99,22.64,22.82,9800
2018-02-22 07:00:00,22.78,22.96,22.64,22.71,17600
2018-02-23 07:00:00,22.69,23.09,22.55,22.75,18007
2018-02-26 07:00:00,22.69,23.14,22.46,22.69,50400
2018-02-27 07:00:00,22.91,26.24,22.6,22.91,294520
2018-02-28 07:00:00,22.91,22.91,22.69,22.82,22100
2018-03-01 07:00:00,22.73,22.96,22.69,22.82,32600
2018-03-02 07:00:00,22.69,22.91,22.69,22.87,13400
2018-03-05 07:00:00,23.0,26.16,22.87,22.87,70730
2018-03-06 07:00:00,23.23,23.23,22.96,23.05,50440
2018-03-07 07:00:00,23.81,23.81,22.78,23.0,28750
2018-03-08 07:00:00,22.82,22.87,19.85,22.82,9224
2018-03-09 07:00:00,22.87,22.91,22.1,22.91,11740
2018-03-12 07:00:00,22.82,22.91,22.73,22.87,21300
2018-03-13 07:00:00,22.55,22.87,22.55,22.55,28800
2018-03-14 07:00:00,22.64,22.82,22.64,22.69,40700
2018-03-15 07:00:00,22.69,22.73,22.6,22.6,51330
2018-03-16 07:00:00,22.64,22.87,22.6,22.64,26100
2018-03-19 07:00:00,22.64,22.91,21.2,22.64,96610
2018-03-20 07:00:00,22.73,22.87,22.64,22.73,38100
2018-03-21 07:00:00,22.64,23.0,22.64,22.91,26815
2018-03-22 07:00:00,22.42,23.31,22.42,23.21,30430
2018-03-23 07:00:00,22.93,23.21,19.54,22.89,44000
2018-03-26 07:00:00,22.79,22.84,22.75,22.75,50500
2018-03-27 07:00:00,22.79,22.79,22.51,22.51,37216
2018-03-28 07:00:00,22.38,22.65,22.38,22.65,23310
2018-03-29 07:00:00,22.56,22.56,22.38,22.42,50300
2018-03-30 07:00:00,22.42,22.56,22.42,22.56,45810
2018-04-02 07:00:00,22.33,22.42,19.54,22.42,29500
2018-04-03 07:00:00,22.33,23.26,22.24,22.42,70510
2018-04-04 07:00:00,22.47,23.49,22.47,23.49,106100
2018-04-05 07:00:00,23.86,24.19,23.49,23.54,43614
2018-04-06 07:00:00,23.96,24.1,23.63,23.63,43520
2018-04-09 07:00:00,23.63,23.72,23.63,23.63,35130
2018-04-10 07:00:00,23.49,23.49,22.84,22.84,67200
2018-04-11 07:00:00,23.31,23.31,22.56,22.84,35183
2018-04-12 07:00:00,23.21,23.21,22.84,22.89,2610
2018-04-13 07:00:00,22.93,23.07,22.65,22.65,23340
2018-04-16 07:00:00,22.79,23.21,22.79,22.84,7510
2018-04-17 07:00:00,22.89,23.21,22.79,23.21,15955
2018-04-18 07:00:00,22.89,22.98,22.7,22.7,11000
2018-04-19 07:00:00,22.61,22.7,22.47,22.47,71100
2018-04-20 07:00:00,22.56,22.61,22.51,22.61,7003
2018-04-23 07:00:00,22.56,22.56,22.28,22.28,38387
2018-04-24 07:00:00,22.1,22.33,21.68,22.19,38900
2018-04-26 07:00:00,21.86,22.1,21.35,21.35,35295
2018-04-27 07:00:00,21.72,21.86,21.31,21.86,32800
2018-05-02 07:00:00,21.82,22.33,21.68,22.0,82700
2018-05-03 07:00:00,21.86,21.96,21.68,21.96,13332
2018-05-04 07:00:00,21.58,22.33,21.58,21.86,29686
2018-05-07 07:00:00,22.1,22.14,21.86,21.86,6500
2018-05-08 07:00:00,21.96,22.0,21.86,21.86,43210
2018-05-09 07:00:00,22.1,22.19,18.65,22.1,59600
2018-05-10 07:00:00,22.28,22.33,22.1,22.1,59680
2018-05-11 07:00:00,22.33,22.33,22.28,22.28,41600
2018-05-14 07:00:00,22.1,22.47,22.1,22.33,19756
2018-05-15 07:00:00,22.33,22.33,18.93,22.24,12600
2018-05-16 07:00:00,22.19,22.24,22.1,22.14,16630
2018-05-17 07:00:00,21.91,22.38,21.91,22.24,17600
2018-05-18 07:00:00,22.14,22.79,21.86,22.28,62020
2018-05-21 07:00:00,22.24,23.96,22.24,22.79,52320
2018-05-22 07:00:00,22.75,22.79,22.38,22.42,13930
2018-05-23 07:00:00,22.56,23.72,22.51,22.79,141700
2018-05-24 07:00:00,22.79,23.49,22.47,22.47,15436
2018-05-25 07:00:00,22.42,22.42,22.14,22.14,16845
2018-05-28 07:00:00,22.75,22.75,21.86,21.86,14700
2018-05-29 07:00:00,22.0,23.26,20.93,21.96,48505
2018-05-30 07:00:00,21.4,21.86,21.4,21.86,33370
2018-05-31 07:00:00,22.1,22.1,21.86,21.96,10200
2018-06-01 07:00:00,22.0,22.14,22.0,22.1,27210
2018-06-04 07:00:00,22.1,22.33,22.05,22.33,30709
2018-06-05 07:00:00,22.19,22.79,22.19,22.79,44812
2018-06-06 07:00:00,22.79,26.1,22.79,22.89,38868
2018-06-07 07:00:00,22.98,22.98,22.75,22.79,61900
2018-06-15 07:00:00,23.72,23.72,22.28,22.33,56710
2018-06-18 07:00:00,22.33,22.33,21.21,21.21,44090
2018-06-19 07:00:00,21.63,21.63,20.47,20.93,36630
2018-06-20 07:00:00,20.61,20.7,19.49,20.7,14350
2018-06-21 07:00:00,20.65,20.65,20.1,20.47,35880
2018-06-22 07:00:00,19.54,20.0,19.54,20.0,33400
2018-06-25 07:00:00,20.0,20.93,20.0,20.93,17370
2018-06-26 07:00:00,20.47,20.7,19.77,20.68,21160
2018-06-27 07:00:00,19.86,20.47,19.77,20.0,19760
2018-06-28 07:00:00,21.35,21.35,19.07,20.24,50660
2018-06-29 07:00:00,19.77,20.19,19.49,19.54,44310
2018-07-02 07:00:00,18.89,19.49,18.7,19.49,52200
2018-07-03 07:00:00,19.12,20.0,18.84,20.0,80980
2018-07-04 07:00:00,19.37,19.54,19.31,19.33,7910
2018-07-05 07:00:00,18.7,19.37,18.7,19.37,30400
2018-07-06 07:00:00,18.84,19.63,18.7,19.63,17340
2018-07-09 07:00:00,19.31,19.63,19.31,19.54,5250
2018-07-10 07:00:00,19.54,19.54,19.31,19.35,3250
2018-07-11 07:00:00,18.7,19.03,18.61,19.03,15220
2018-07-12 07:00:00,19.07,19.54,19.07,19.49,27800
2018-07-13 07:00:00,19.49,19.54,19.31,19.54,27260
2018-07-16 07:00:00,19.33,19.72,19.33,19.58,20040
2018-07-17 07:00:00,19.58,19.63,19.26,19.63,20790
2018-07-18 07:00:00,19.31,19.63,19.31,19.63,14100
2018-07-19 07:00:00,19.63,19.82,19.54,19.68,44460
2018-07-20 07:00:00,19.86,19.86,19.63,19.72,18420
2018-07-23 07:00:00,19.54,19.77,19.54,19.72,35820
2018-07-24 07:00:00,19.72,19.77,19.68,19.75,114230
2018-07-25 07:00:00,19.72,19.75,19.72,19.75,20240
2018-07-26 07:00:00,19.75,19.75,19.72,19.75,23660
2018-07-27 07:00:00,19.72,19.86,19.68,19.79,59240
2018-07-30 07:00:00,19.77,19.77,19.68,19.72,12100
2018-07-31 07:00:00,19.72,19.91,19.72,19.79,53560
2018-08-01 07:00:00,19.79,19.79,19.77,19.77,17350
2018-08-02 07:00:00,19.77,19.77,19.54,19.68,12990
2018-08-03 07:00:00,19.17,19.35,19.07,19.35,8990
2018-08-06 07:00:00,19.1,19.31,18.75,19.21,19600
2018-08-07 07:00:00,18.84,19.03,18.79,18.84,8720
2018-08-08 07:00:00,18.79,18.89,18.47,18.61,12200
2018-08-09 07:00:00,18.93,18.93,18.61,18.7,6150
2018-08-10 07:00:00,18.7,18.84,18.61,18.68,16430
2018-08-13 07:00:00,18.65,18.72,18.65,18.72,28840
2018-08-14 07:00:00,18.93,18.93,18.37,18.37,11010
2018-08-15 07:00:00,18.37,18.61,18.14,18.51,76920
2018-08-16 07:00:00,18.51,18.56,17.68,18.54,21680
2018-08-17 07:00:00,18.21,18.47,18.21,18.4,30080
2018-08-20 07:00:00,18.42,18.42,18.14,18.17,11480
2018-08-21 07:00:00,18.14,18.14,18.07,18.07,37190
2018-08-22 07:00:00,17.91,17.91,17.35,17.44,91870
2018-08-23 07:00:00,17.68,17.86,17.58,17.61,18860
2018-08-24 07:00:00,17.61,17.68,17.58,17.68,8800
2018-08-27 07:00:00,17.68,17.68,17.3,17.3,28620
2018-08-28 07:00:00,17.3,17.3,16.28,17.0,111480
2018-08-29 07:00:00,17.0,17.17,16.98,17.07,56460
2018-08-30 07:00:00,17.21,17.91,17.21,17.91,20420
2018-08-31 07:00:00,18.1,18.14,17.51,17.68,19120
2018-09-04 07:00:00,17.05,17.68,17.05,17.54,22010
2018-09-05 07:00:00,17.54,17.54,17.21,17.44,12370
2018-09-06 07:00:00,17.21,17.26,17.17,17.17,7500
2018-09-07 07:00:00,17.21,17.54,17.21,17.54,15560
2018-09-10 07:00:00,17.3,17.54,17.21,17.54,9890
2018-09-11 07:00:00,17.44,17.44,17.21,17.44,5600
2018-09-12 07:00:00,17.54,17.68,17.37,17.37,34280
2018-09-13 07:00:00,17.44,17.68,17.44,17.68,21830
2018-09-14 07:00:00,17.44,17.49,17.4,17.49,7180
2018-09-17 07:00:00,17.63,17.63,17.51,17.63,20810
2018-09-18 07:00:00,17.63,17.68,16.79,17.49,18770
2018-09-19 07:00:00,17.49,17.49,17.44,17.49,49210
2018-09-20 07:00:00,17.44,17.49,17.21,17.44,18550
2018-09-21 07:00:00,17.35,17.68,17.35,17.58,25870
2018-09-24 07:00:00,17.54,17.63,17.35,17.58,20240
2018-09-25 07:00:00,17.44,17.44,17.35,17.35,63490
2018-09-26 07:00:00,17.3,17.44,17.3,17.3,15430
2018-09-27 07:00:00,17.3,17.3,17.21,17.26,56870
2018-09-28 07:00:00,17.26,17.3,17.21,17.3,35540
2018-10-01 07:00:00,17.21,17.35,17.21,17.21,21610
2018-10-02 07:00:00,17.26,17.3,17.21,17.3,41280
2018-10-03 07:00:00,17.21,17.3,17.21,17.21,28040
2018-10-04 07:00:00,17.26,17.26,17.21,17.26,8940
2018-10-05 07:00:00,17.21,17.26,17.21,17.21,17270
2018-10-08 07:00:00,17.21,17.26,17.21,17.21,26670
2018-10-09 07:00:00,17.17,17.3,17.17,17.21,72140
2018-10-10 07:00:00,17.19,17.3,17.19,17.26,13760
2018-10-11 07:00:00,17.12,17.21,16.75,17.03,53180
2018-10-12 07:00:00,17.03,17.21,17.03,17.17,14140
2018-10-15 07:00:00,17.17,17.17,16.93,17.17,44100
2018-10-16 07:00:00,17.17,17.17,16.7,17.17,6260
2018-10-17 07:00:00,16.98,17.17,16.98,17.17,4530
2018-10-18 07:00:00,17.12,17.21,17.12,17.17,18390
2018-10-19 07:00:00,17.21,17.21,17.12,17.17,39910
2018-10-22 07:00:00,16.91,17.17,16.91,17.17,170
2018-10-23 07:00:00,17.17,17.17,16.77,17.12,27360
2018-10-24 07:00:00,17.1,17.1,16.75,16.84,9090
2018-10-25 07:00:00,16.51,16.75,16.51,16.65,40650
2018-10-26 07:00:00,16.33,17.07,16.28,16.75,10090
2018-10-29 07:00:00,16.65,16.84,16.42,16.84,9870
2018-10-30 07:00:00,16.75,16.84,16.75,16.75,3020
2018-10-31 07:00:00,16.98,16.98,16.61,16.98,15400
2018-11-01 07:00:00,16.75,17.12,16.7,16.98,7260
2018-11-02 07:00:00,16.98,16.98,16.75,16.98,82850
2018-11-05 07:00:00,17.07,18.17,17.07,18.17,112150
2018-11-06 07:00:00,19.26,19.42,19.26,19.42,102660
2018-11-07 07:00:00,20.77,20.77,19.77,19.77,296780
2018-11-08 07:00:00,19.77,19.77,18.84,18.86,122130
2018-11-09 07:00:00,18.49,19.07,18.49,18.61,53160
2018-11-12 07:00:00,18.61,19.05,18.61,18.61,128550
2018-11-13 07:00:00,19.54,19.54,18.21,18.31,33400
2018-11-14 07:00:00,18.05,18.82,18.05,18.56,22500
2018-11-15 07:00:00,18.61,18.79,18.4,18.79,22050
2018-11-16 07:00:00,18.61,18.98,18.61,18.98,23000
2018-11-19 07:00:00,18.1,19.54,18.1,18.84,19890
2018-11-20 07:00:00,18.65,18.75,18.24,18.42,26130
2018-11-21 07:00:00,18.28,18.61,18.28,18.61,36350
2018-11-22 07:00:00,18.93,19.51,18.61,18.84,4000
2018-11-23 07:00:00,19.4,19.4,18.37,18.37,27510
2018-11-26 07:00:00,19.26,19.26,18.14,18.37,34440
2018-11-27 07:00:00,18.37,18.75,18.37,18.61,71850
2018-11-28 07:00:00,18.84,18.84,18.61,18.61,20100
2018-11-29 07:00:00,19.26,19.26,18.51,18.7,50110
2018-11-30 07:00:00,18.7,18.79,18.61,18.7,44430
2018-12-03 07:00:00,18.7,18.93,18.61,18.84,27760
2018-12-04 07:00:00,18.56,18.98,18.56,18.84,50960
2018-12-05 07:00:00,18.84,19.31,18.84,19.07,44740
2018-12-06 07:00:00,19.07,19.31,19.07,19.12,23750
2018-12-07 07:00:00,19.47,19.47,19.31,19.31,17700
2018-12-10 07:00:00,18.75,19.49,18.68,19.31,10190
2018-12-11 07:00:00,18.89,19.61,18.89,19.35,34930
2018-12-12 07:00:00,19.07,19.35,19.07,19.31,1110
2018-12-13 07:00:00,19.31,19.4,19.26,19.4,16710
2018-12-14 07:00:00,18.14,19.44,18.14,19.33,30540
2018-12-17 07:00:00,18.93,19.31,18.93,19.31,1560
2018-12-18 07:00:00,19.07,19.28,19.03,19.26,31520
2018-12-19 07:00:00,18.7,19.35,18.7,19.26,36700
2018-12-20 07:00:00,19.21,19.31,19.21,19.26,21000
2018-12-21 07:00:00,19.07,19.28,19.07,19.28,16710
2018-12-24 07:00:00,19.1,19.1,18.37,19.07,21610
2018-12-25 07:00:00,19.07,19.07,18.4,18.84,8820
2018-12-26 07:00:00,18.86,19.07,18.86,18.91,1680
2018-12-27 07:00:00,18.65,18.89,18.65,18.7,7100
2018-12-28 07:00:00,18.7,18.84,18.7,18.75,10560
2019-01-02 07:00:00,18.42,18.84,18.42,18.84,6520
2019-01-03 07:00:00,18.61,18.98,18.61,18.84,20600
2019-01-04 07:00:00,18.61,18.7,18.61,18.65,10240
2019-01-07 07:00:00,18.61,18.96,18.61,18.89,14510
2019-01-08 07:00:00,18.89,19.0,18.84,18.98,19710
2019-01-09 07:00:00,18.65,19.03,18.63,18.84,9780
2019-01-10 07:00:00,19.07,19.07,18.84,18.89,4750
2019-01-11 07:00:00,18.84,18.84,18.37,18.61,71350
2019-01-14 07:00:00,18.51,18.72,18.51,18.61,14110
2019-01-15 07:00:00,18.7,18.84,18.61,18.84,67920
2019-01-16 07:00:00,18.91,18.91,18.7,18.84,6870
2019-01-17 07:00:00,18.84,18.89,18.84,18.89,45250
2019-01-18 07:00:00,18.89,18.89,18.61,18.61,10500
2019-01-21 07:00:00,18.61,18.61,18.44,18.61,16500
2019-01-22 07:00:00,18.51,18.61,18.19,18.37,31050
2019-01-23 07:00:00,18.56,18.56,18.37,18.56,5210
2019-01-24 07:00:00,18.33,18.33,18.28,18.28,13120
2019-01-25 07:00:00,18.51,18.51,18.28,18.28,1880
2019-01-28 07:00:00,18.37,18.37,18.19,18.19,9950
2019-01-29 07:00:00,18.19,18.37,18.19,18.24,30450
2019-01-30 07:00:00,18.24,18.37,18.24,18.28,21530
2019-01-31 07:00:00,18.37,18.56,18.37,18.42,6110
2019-02-01 07:00:00,18.19,18.79,18.19,18.47,19670
2019-02-11 07:00:00,19.54,19.54,18.51,18.84,7610
2019-02-12 07:00:00,19.07,19.07,18.89,18.96,7510
2019-02-13 07:00:00,18.96,19.03,18.63,19.03,15940
2019-02-14 07:00:00,18.61,19.07,18.61,18.98,8210
2019-02-15 07:00:00,18.24,18.98,18.24,18.75,23880
2019-02-18 07:00:00,18.24,19.05,18.24,19.05,9020
2019-02-19 07:00:00,19.05,19.05,18.84,18.84,5490
2019-02-20 07:00:00,18.84,18.84,18.65,18.75,1450
2019-02-21 07:00:00,19.0,19.0,18.84,18.84,4480
2019-02-22 07:00:00,18.61,18.98,18.61,18.7,6620
2019-02-25 07:00:00,18.65,18.84,18.65,18.75,12520
2019-02-26 07:00:00,18.75,18.77,18.75,18.77,7620
2019-02-27 07:00:00,19.35,19.35,18.79,19.31,37920
2019-02-28 07:00:00,19.31,19.31,19.17,19.31,14500
2019-03-01 07:00:00,19.31,19.31,19.21,19.28,4210
2019-03-04 07:00:00,19.07,19.49,19.07,19.17,29890
2019-03-05 07:00:00,19.42,20.1,19.21,20.0,63460
2019-03-06 07:00:00,20.54,20.54,19.79,20.47,67540
2019-03-07 07:00:00,20.61,21.31,20.42,20.42,69220
2019-03-08 07:00:00,19.31,20.42,19.31,20.0,34790
2019-03-11 07:00:00,20.44,20.47,20.14,20.47,52160
2019-03-12 07:00:00,20.7,21.17,20.47,21.17,146040
2019-03-13 07:00:00,21.35,21.35,20.14,21.14,16220
2019-03-14 07:00:00,20.49,21.14,20.49,21.12,84030
2019-03-15 07:00:00,20.28,21.07,20.28,21.03,33270
2019-03-18 07:00:00,20.54,20.93,20.54,20.7,24180
2019-03-19 07:00:00,21.23,21.23,20.75,20.85,14850
2019-03-20 07:00:00,19.86,20.92,19.86,20.7,2520
2019-03-21 07:00:00,20.65,20.7,19.86,20.27,8980
2019-03-22 07:00:00,19.83,20.65,19.83,20.65,11350
2019-03-25 07:00:00,20.6,20.6,19.79,20.07,9550
2019-03-26 07:00:00,20.46,20.46,18.68,18.68,5670
2019-03-27 07:00:00,19.93,19.98,19.5,19.98,21900
2019-03-28 07:00:00,19.98,21.11,19.98,20.41,4160
2019-03-29 07:00:00,21.13,21.13,20.22,20.58,14450
2019-04-01 07:00:00,20.7,20.7,20.46,20.46,13980
2019-04-02 07:00:00,20.24,20.44,20.22,20.41,5380
2019-04-03 07:00:00,20.36,20.36,20.24,20.24,10090
2019-04-04 07:00:00,20.46,20.6,20.46,20.46,20280
2019-04-05 07:00:00,20.7,20.7,20.22,20.51,32830
2019-04-08 07:00:00,20.41,20.51,20.22,20.27,51890
2019-04-09 07:00:00,20.27,20.51,20.27,20.34,19510
2019-04-10 07:00:00,20.46,20.58,20.41,20.56,54960
2019-04-11 07:00:00,20.58,20.65,20.56,20.56,59520
2019-04-12 07:00:00,20.6,20.99,20.56,20.99,73620
2019-04-16 07:00:00,20.94,21.18,20.94,21.13,56160
2019-04-17 07:00:00,21.09,21.23,20.94,21.18,41840
2019-04-18 07:00:00,20.99,20.99,20.7,20.7,19800
2019-04-19 07:00:00,20.94,20.94,20.7,20.94,21720
2019-04-22 07:00:00,20.7,20.8,20.51,20.65,52150
2019-04-23 07:00:00,20.65,20.65,20.32,20.32,13450
2019-04-24 07:00:00,20.32,20.46,20.27,20.46,6120
2019-04-25 07:00:00,20.32,20.8,20.32,20.8,14660
2019-04-26 07:00:00,20.41,20.7,20.41,20.7,16340
2019-05-02 07:00:00,20.29,20.68,20.27,20.32,7460
2019-05-03 07:00:00,20.65,20.65,20.32,20.46,20160
2019-05-06 07:00:00,20.0,20.46,20.0,20.46,12770
2019-05-07 07:00:00,20.27,20.32,19.83,20.27,44280
2019-05-08 07:00:00,20.22,20.27,20.07,20.27,49260
2019-05-09 07:00:00,20.36,20.36,20.22,20.22,36510
2019-05-10 07:00:00,20.22,20.46,20.22,20.36,25500
2019-05-13 07:00:00,20.46,20.46,20.27,20.36,24680
2019-05-14 07:00:00,19.76,20.41,19.76,20.41,9350
2019-05-15 07:00:00,20.0,20.46,20.0,20.36,36330
2019-05-16 07:00:00,20.22,20.46,20.22,20.36,13810
2019-05-17 07:00:00,20.36,20.36,20.27,20.36,13360
2019-05-20 07:00:00,19.79,20.51,19.79,20.41,25520
2019-05-21 07:00:00,20.7,20.7,20.27,20.46,22190
2019-05-22 07:00:00,20.56,20.7,20.22,20.56,67750
2019-05-23 07:00:00,20.7,20.7,20.32,20.32,20000
2019-05-24 07:00:00,20.22,20.51,20.22,20.51,47310
2019-05-27 07:00:00,20.46,20.56,20.22,20.51,43950
2019-05-28 07:00:00,20.22,20.51,20.22,20.51,52910
2019-05-29 07:00:00,20.46,20.51,20.36,20.41,29710
2019-05-30 07:00:00,20.36,20.56,20.32,20.46,133110
2019-05-31 07:00:00,20.46,21.42,20.46,21.09,98050
2019-06-03 07:00:00,21.09,21.09,20.6,20.6,39170
2019-06-04 07:00:00,20.7,21.18,20.6,21.04,62820
2019-06-05 07:00:00,20.99,21.13,20.99,21.13,32060
2019-06-06 07:00:00,21.13,21.13,20.87,21.09,37910
2019-06-07 07:00:00,20.99,21.09,20.89,21.04,40700
2019-06-10 07:00:00,21.04,21.04,20.7,20.7,51780
2019-06-11 07:00:00,20.51,20.65,20.27,20.27,28960
2019-06-12 07:00:00,20.27,20.41,19.98,19.98,28590
2019-06-13 07:00:00,20.22,20.22,20.07,20.1,36210
2019-06-14 07:00:00,20.12,20.22,20.1,20.22,20670
2019-06-17 07:00:00,20.22,20.22,20.17,20.17,12800
2019-06-18 07:00:00,20.17,20.65,20.12,20.17,16480
2019-06-19 07:00:00,20.22,20.63,20.17,20.22,29010
2019-06-20 07:00:00,20.27,20.32,20.22,20.22,4330
2019-06-21 07:00:00,20.22,20.46,20.22,20.41,20050
2019-06-24 07:00:00,20.41,20.65,20.32,20.39,30920
2019-06-25 07:00:00,20.39,20.41,20.32,20.32,10790
2019-06-26 07:00:00,20.32,20.41,20.22,20.22,28150
2019-06-27 07:00:00,20.39,20.56,20.24,20.46,25300
2019-06-28 07:00:00,20.41,20.8,20.41,20.7,95080
2019-07-01 07:00:00,20.94,21.52,20.94,21.47,217230
2019-07-02 07:00:00,21.23,21.66,21.18,21.37,87120
2019-07-03 07:00:00,21.23,21.37,21.18,21.33,13730
2019-07-04 07:00:00,20.72,21.3,20.72,21.23,29200
2019-07-05 07:00:00,21.28,21.28,21.13,21.18,34730
2019-07-08 07:00:00,21.18,21.28,21.18,21.23,47550
2019-07-09 07:00:00,20.99,21.28,20.99,20.99,13250
2019-07-10 07:00:00,20.41,21.28,20.41,21.28,101000
2019-07-11 07:00:00,21.42,22.75,21.25,21.25,138220
2019-07-12 07:00:00,21.52,21.57,20.99,21.57,16320
2019-07-15 07:00:00,21.52,21.42,21.18,21.33,3510
2019-07-16 07:00:00,21.23,21.3,20.89,20.89,22270
2019-07-17 07:00:00,20.89,21.18,20.72,21.04,30800
2019-07-18 07:00:00,21.04,21.09,20.7,20.89,11230
2019-07-19 07:00:00,20.72,20.94,20.7,20.89,13040
2019-07-22 07:00:00,20.7,20.94,20.7,20.75,20820
2019-07-23 07:00:00,20.7,20.75,20.63,20.65,14510
2019-07-24 07:00:00,20.56,20.65,20.36,20.36,14000
2019-07-25 07:00:00,20.39,20.7,20.17,20.68,115290
2019-07-26 07:00:00,20.51,20.68,20.46,20.68,20410
2019-07-29 07:00:00,20.36,20.56,20.32,20.56,3130
2019-07-30 07:00:00,20.22,20.7,20.22,20.56,20860
2019-07-31 07:00:00,20.46,20.56,20.46,20.56,5920
2019-08-01 07:00:00,20.7,20.75,20.46,20.75,31970
2019-08-02 07:00:00,20.24,20.85,20.22,20.85,59130
2019-08-05 07:00:00,20.85,20.92,20.22,20.85,42930
2019-08-06 07:00:00,20.32,20.77,20.32,20.77,10040
2019-08-07 07:00:00,20.32,20.82,20.56,20.82,630
2019-08-08 07:00:00,20.29,20.7,20.29,20.65,33820
2019-08-09 07:00:00,20.56,20.7,20.34,20.7,29030
2019-08-12 07:00:00,20.89,20.89,20.7,20.8,36350
2019-08-13 07:00:00,20.7,21.42,20.7,21.04,121310
2019-08-14 07:00:00,21.04,21.04,20.75,20.94,12010
2019-08-15 07:00:00,20.7,20.94,20.6,20.75,117800
2019-08-16 07:00:00,20.75,20.85,20.68,20.77,30390
2019-08-19 07:00:00,20.7,20.89,20.7,20.85,36290
2019-08-20 07:00:00,20.94,21.09,20.77,20.87,48740
2019-08-21 07:00:00,20.39,20.89,20.39,20.8,15830
2019-08-22 07:00:00,20.7,20.8,20.65,20.7,22750
2019-08-23 07:00:00,20.7,21.18,20.7,21.18,94180
2019-08-26 07:00:00,22.39,22.65,22.1,22.65,1056830
2019-08-27 07:00:00,22.65,24.22,22.65,23.73,551460
2019-08-28 07:00:00,23.73,23.83,23.25,23.59,116190
2019-08-29 07:00:00,23.59,23.95,23.4,23.59,89150
2019-08-30 07:00:00,23.59,23.83,23.42,23.59,54150
2019-09-03 07:00:00,23.59,23.59,23.2,23.35,80370
2019-09-04 07:00:00,23.59,23.32,22.72,22.82,202350
2019-09-05 07:00:00,22.75,23.35,22.63,23.01,128730
2019-09-06 07:00:00,23.01,23.01,22.75,23.01,41180
2019-09-09 07:00:00,22.84,23.11,22.84,23.11,25830
2019-09-10 07:00:00,23.3,24.5,23.3,23.93,211010
2019-09-11 07:00:00,24.26,24.26,23.76,23.9,30190
2019-09-12 07:00:00,24.31,25.56,24.31,25.56,1222490
2019-09-13 07:00:00,26.0,26.19,25.18,25.61,256760
2019-09-16 07:00:00,25.51,25.76,25.47,25.66,158850
2019-09-17 07:00:00,25.51,25.61,25.27,25.37,74220
2019-09-18 07:00:00,25.27,25.51,25.13,25.27,53390
2019-09-19 07:00:00,25.27,25.32,25.03,25.18,115240
2019-09-20 07:00:00,25.51,25.76,25.13,25.42,208600
2019-09-23 07:00:00,25.37,25.66,25.37,25.42,109370
2019-09-24 07:00:00,25.27,26.67,25.27,26.24,332360
2019-09-25 07:00:00,26.48,27.15,26.09,27.1,298750
2019-09-26 07:00:00,27.01,27.49,26.96,27.3,398400
2019-09-27 07:00:00,27.15,27.68,27.06,27.49,541670
2019-09-30 07:00:00,27.44,27.73,27.34,27.63,372780
2019-10-01 07:00:00,27.63,27.92,27.39,27.49,304680
2019-10-02 07:00:00,27.58,27.63,27.1,27.44,295640
2019-10-03 07:00:00,27.44,27.54,27.2,27.44,351080
2019-10-04 07:00:00,27.44,27.54,26.09,26.09,336880
2019-10-07 07:00:00,26.48,26.57,25.76,26.48,220110
2019-10-08 07:00:00,26.96,26.96,26.33,26.48,56460
2019-10-09 07:00:00,26.57,27.58,26.57,27.58,372290
2019-10-10 07:00:00,27.63,27.87,27.15,27.15,210150
2019-10-11 07:00:00,27.15,27.15,26.29,26.67,250550
2019-10-14 07:00:00,26.67,26.91,26.62,26.91,71480
2019-10-15 07:00:00,26.81,26.81,26.62,26.62,38420
2019-10-16 07:00:00,26.67,26.86,26.57,26.72,57580
2019-10-17 07:00:00,26.72,26.72,26.24,26.48,107300
2019-10-18 07:00:00,26.48,26.48,26.0,26.09,103750
2019-10-21 07:00:00,25.9,26.24,25.85,26.09,61050
2019-10-22 07:00:00,25.9,26.09,25.85,25.85,37810
2019-10-23 07:00:00,25.66,25.9,25.66,25.71,32310
2019-10-24 07:00:00,25.71,25.76,25.47,25.61,76280
2019-10-25 07:00:00,25.95,25.95,25.51,25.76,51960
2019-10-28 07:00:00,26.0,26.0,25.42,25.61,43530
2019-10-29 07:00:00,25.61,25.61,25.32,25.42,36990
2019-10-30 07:00:00,25.37,26.72,25.37,26.29,74400
2019-10-31 07:00:00,26.09,26.33,25.95,25.95,44270
2019-11-01 07:00:00,25.76,26.09,25.76,25.95,29480
2019-11-04 07:00:00,25.95,26.29,25.9,26.24,161080
2019-11-05 07:00:00,26.33,26.53,26.04,26.53,109840
2019-11-06 07:00:00,26.72,27.68,26.72,27.44,287470
2019-11-07 07:00:00,27.44,27.44,27.1,27.25,69420
2019-11-08 07:00:00,27.25,27.54,27.25,27.49,324310
2019-11-11 07:00:00,27.63,27.92,27.54,27.68,164190
2019-11-12 07:00:00,27.58,27.73,27.2,27.2,140370
2019-11-13 07:00:00,27.68,27.68,27.3,27.68,397100
2019-11-14 07:00:00,27.92,29.61,27.92,29.27,1236730
2019-11-15 07:00:00,29.41,31.05,29.41,30.81,581860
2019-11-18 07:00:00,30.81,30.91,30.33,30.33,216510
2019-11-19 07:00:00,29.99,30.38,28.74,28.74,325780
2019-11-20 07:00:00,28.4,29.61,28.26,29.61,283990
2019-11-21 07:00:00,29.61,29.61,28.55,28.79,281850
2019-11-22 07:00:00,29.32,29.32,28.55,28.84,123840
2019-11-25 07:00:00,28.84,28.84,28.31,28.36,62630
2019-11-26 07:00:00,28.74,28.74,28.21,28.31,64030
2019-11-27 07:00:00,28.31,28.36,27.92,27.92,50900
2019-11-28 07:00:00,27.73,27.83,27.54,27.54,98210
2019-11-29 07:00:00,27.63,28.55,27.63,28.26,91720
2019-12-02 07:00:00,28.21,28.26,27.68,27.97,47650
2019-12-03 07:00:00,27.97,28.64,26.96,27.78,125250
2019-12-04 07:00:00,27.78,28.07,27.39,27.92,26410
2019-12-05 07:00:00,27.92,27.92,27.44,27.49,57020
2019-12-06 07:00:00,27.92,29.13,27.68,28.84,161600
2019-12-09 07:00:00,28.69,29.85,28.69,29.08,150090
2019-12-10 07:00:00,29.66,29.66,28.64,28.84,17170
2019-12-11 07:00:00,28.88,29.03,28.16,28.21,50240
2019-12-12 07:00:00,27.97,28.79,27.97,28.4,56260
2019-12-13 07:00:00,28.4,28.84,26.96,27.44,167500
2019-12-16 07:00:00,27.25,27.68,26.96,26.96,65240
2019-12-17 07:00:00,27.34,27.34,27.06,27.25,45040
2019-12-18 07:00:00,27.44,27.44,26.96,27.01,28590
2019-12-19 07:00:00,27.25,27.44,26.96,27.01,19850
2019-12-20 07:00:00,27.39,27.39,26.57,26.96,89580
2019-12-23 07:00:00,26.91,26.91,26.09,26.29,117290
2019-12-24 07:00:00,26.24,26.48,26.14,26.43,24280
2019-12-25 07:00:00,26.09,26.43,25.76,25.76,66990
2019-12-26 07:00:00,25.51,26.38,25.51,25.95,29650
2019-12-27 07:00:00,25.9,26.48,25.9,26.29,12470
2019-12-30 07:00:00,26.48,26.96,26.29,26.43,24260
2019-12-31 07:00:00,26.48,26.67,26.38,26.38,29630
2020-01-02 07:00:00,27.1,27.1,26.0,26.72,24330
2020-01-03 07:00:00,26.72,26.86,26.19,26.86,41500
2020-01-06 07:00:00,26.24,26.86,26.24,26.43,41840
2020-01-07 07:00:00,26.48,26.48,26.19,26.48,47450
2020-01-08 07:00:00,26.14,26.48,25.66,26.24,60980
2020-01-09 07:00:00,26.0,26.43,26.0,26.33,33970
2020-01-10 07:00:00,25.76,26.14,25.76,25.85,53580
2020-01-13 07:00:00,25.51,26.0,25.51,25.85,46900
2020-01-14 07:00:00,25.47,26.43,25.47,25.8,36260
2020-01-15 07:00:00,26.24,26.24,25.66,25.76,33840
2020-01-16 07:00:00,25.71,25.95,25.66,25.71,73930
2020-01-17 07:00:00,25.27,25.95,25.27,25.66,15350
2020-01-20 07:00:00,25.66,26.48,25.66,25.95,59740
2020-01-21 07:00:00,25.66,26.19,25.66,26.19,33510
2020-01-22 07:00:00,26.0,26.48,26.0,26.48,32900
2020-01-30 07:00:00,27.2,27.2,26.24,26.72,45910
2020-01-31 07:00:00,26.91,28.36,26.72,27.92,180020
2020-02-03 07:00:00,28.84,28.84,27.01,27.44,92420
2020-02-04 07:00:00,27.44,27.44,26.29,26.29,37460
2020-02-05 07:00:00,26.29,26.29,25.9,26.29,62040
2020-02-06 07:00:00,26.0,26.48,25.76,26.48,32890
2020-02-07 07:00:00,26.0,26.67,26.0,26.33,25450
2020-02-10 07:00:00,26.24,26.38,26.0,26.38,38000
2020-02-11 07:00:00,26.09,26.24,25.85,26.19,31030
2020-02-12 07:00:00,26.33,26.38,25.85,26.19,44560
2020-02-13 07:00:00,26.0,26.0,25.56,25.9,20410
2020-02-14 07:00:00,25.66,25.66,25.42,25.51,151220
2020-02-17 07:00:00,25.51,25.56,23.73,24.02,310240
2020-02-18 07:00:00,23.97,24.17,22.63,23.59,92310
2020-02-19 07:00:00,24.05,24.05,23.11,23.57,70670
2020-02-20 07:00:00,23.16,25.13,23.11,25.13,54500
2020-02-21 07:00:00,25.03,25.03,23.49,23.59,59620
2020-02-24 07:00:00,23.11,23.59,21.95,21.95,200170
2020-02-25 07:00:00,21.95,22.87,21.9,22.34,59430
2020-02-26 07:00:00,22.34,23.25,22.14,23.11,193500
2020-02-27 07:00:00,23.4,23.4,22.89,23.25,144600
2020-02-28 07:00:00,23.35,23.35,22.63,23.25,119340
2020-03-02 07:00:00,23.59,23.59,22.63,23.11,27620
2020-03-03 07:00:00,23.59,23.59,22.87,22.87,18750
2020-03-04 07:00:00,22.87,22.92,22.63,22.72,21720
2020-03-05 07:00:00,22.96,23.11,22.63,23.01,55820
2020-03-06 07:00:00,22.77,23.01,22.48,23.01,72580
2020-03-09 07:00:00,22.63,22.96,21.42,22.53,191380
2020-03-10 07:00:00,22.39,22.63,22.39,22.63,60780
2020-03-11 07:00:00,22.14,22.63,21.47,22.63,137600
2020-03-12 07:00:00,21.71,22.39,21.47,22.1,107180
2020-03-13 07:00:00,21.81,22.14,21.13,22.14,129330
2020-03-16 07:00:00,21.62,22.14,21.42,22.1,54850
2020-03-17 07:00:00,20.99,22.05,20.99,22.05,67320
2020-03-18 07:00:00,21.66,22.24,21.57,22.1,79460
2020-03-19 07:00:00,21.71,22.14,21.66,22.05,30260
2020-03-20 07:00:00,22.1,22.53,21.71,22.53,71590
2020-03-23 07:00:00,21.98,22.88,21.98,22.88,148130
2020-03-24 07:00:00,22.63,23.13,22.63,23.13,79830
2020-03-25 07:00:00,24.37,24.37,23.13,24.27,110820
2020-03-26 07:00:00,24.27,24.27,23.52,23.87,32730
2020-03-27 07:00:00,23.38,23.82,22.98,23.6,13280
2020-03-30 07:00:00,23.6,23.62,22.98,23.33,19050
2020-03-31 07:00:00,23.38,23.62,22.83,23.38,51390
2020-04-01 07:00:00,23.38,23.57,23.18,23.38,12870
2020-04-03 07:00:00,23.38,24.52,23.38,24.52,69960
2020-04-06 07:00:00,24.52,24.82,24.37,24.82,35350
2020-04-07 07:00:00,24.87,25.37,24.77,25.37,49160
2020-04-08 07:00:00,24.92,25.32,24.87,25.27,20090
2020-04-09 07:00:00,25.37,25.56,24.87,25.37,66710
2020-04-10 07:00:00,24.87,25.32,24.72,24.92,20470
2020-04-13 07:00:00,24.62,25.07,24.37,24.92,28860
2020-04-14 07:00:00,25.07,25.07,24.57,25.02,64790
2020-04-15 07:00:00,25.02,25.07,24.62,25.02,23840
2020-04-16 07:00:00,25.12,25.27,24.97,25.27,78580
2020-04-17 07:00:00,25.27,25.61,25.27,25.56,53710
2020-04-20 07:00:00,25.76,26.01,25.56,25.76,123600
2020-04-21 07:00:00,25.37,25.51,24.62,25.12,146890
2020-04-22 07:00:00,24.62,25.81,24.47,25.81,182520
2020-04-23 07:00:00,25.81,26.36,25.81,25.91,108870
2020-04-24 07:00:00,25.51,26.11,25.46,26.11,103230
2020-04-27 07:00:00,25.86,26.11,25.61,26.11,81640
2020-04-28 07:00:00,26.11,26.11,25.71,26.01,58480
2020-04-29 07:00:00,26.11,26.11,25.86,26.11,25140
2020-05-04 07:00:00,26.11,26.11,25.41,25.86,28570
2020-05-05 07:00:00,25.56,25.81,25.41,25.41,5680
2020-05-06 07:00:00,25.37,25.37,25.07,25.37,21090
2020-05-07 07:00:00,25.41,25.41,25.02,25.37,39890
2020-05-08 07:00:00,25.07,25.91,24.92,25.37,65640
2020-05-11 07:00:00,25.46,26.11,25.37,25.46,45620
2020-05-12 07:00:00,25.46,25.71,25.41,25.51,27810
2020-05-13 07:00:00,25.46,25.61,25.37,25.41,52890
2020-05-14 07:00:00,25.51,25.51,25.32,25.37,25310
2020-05-15 07:00:00,25.32,26.36,25.32,25.32,89410
2020-05-18 07:00:00,25.61,25.61,25.41,25.41,3860
2020-05-19 07:00:00,25.37,25.56,25.32,25.46,34580
2020-05-20 07:00:00,25.81,25.81,25.37,25.46,20110
2020-05-21 07:00:00,25.37,25.46,25.37,25.46,14560
2020-05-22 07:00:00,25.61,25.71,25.37,25.37,29570
2020-05-25 07:00:00,25.17,25.37,24.97,25.37,6860
2020-05-26 07:00:00,25.12,25.32,24.87,24.87,40830
2020-05-27 07:00:00,24.87,24.97,24.67,24.87,26150
2020-05-28 07:00:00,24.87,24.87,24.72,24.87,6850
2020-05-29 07:00:00,24.67,24.87,24.67,24.72,11000
2020-06-01 07:00:00,24.57,24.72,24.02,24.37,36420
2020-06-02 07:00:00,24.37,24.87,23.87,24.87,46480
2020-06-03 07:00:00,25.17,25.17,24.35,24.87,22710
2020-06-04 07:00:00,25.12,25.12,24.22,24.37,37950
2020-06-05 07:00:00,24.37,24.62,23.87,24.37,70100
2020-06-08 07:00:00,24.37,24.4,23.82,23.82,108450
2020-06-09 07:00:00,23.28,24.07,23.28,23.77,32280
2020-06-10 07:00:00,24.35,24.35,23.77,23.87,16140
2020-06-11 07:00:00,23.87,23.9,23.38,23.38,32210
2020-06-12 07:00:00,22.93,23.77,22.93,23.77,13400
2020-06-15 07:00:00,23.77,23.87,22.98,23.57,23380
2020-06-16 07:00:00,23.13,23.72,23.13,23.62,10690
2020-06-17 07:00:00,23.72,23.72,23.48,23.48,22590
2020-06-18 07:00:00,23.43,23.62,23.38,23.62,11660
2020-06-19 07:00:00,23.62,23.62,23.2,23.6,4470
2020-06-22 07:00:00,23.62,23.62,23.45,23.55,26870
2020-06-23 07:00:00,23.62,23.62,23.38,23.38,7860
2020-06-24 07:00:00,23.38,23.43,23.33,23.33,20400
2020-06-25 07:00:00,23.33,23.38,23.28,23.38,15360
2020-06-26 07:00:00,23.38,23.38,23.13,23.35,9130
2020-06-29 07:00:00,23.35,23.48,22.88,23.48,20230
2020-06-30 07:00:00,22.88,23.6,22.88,23.6,9600
2020-07-01 07:00:00,23.62,23.87,23.57,23.87,12220
2020-07-02 07:00:00,24.1,24.1,23.43,23.87,5300
2020-07-03 07:00:00,23.95,23.95,23.52,23.87,96180
2020-07-06 07:00:00,23.13,23.8,23.13,23.8,4500
2020-07-07 07:00:00,23.25,23.57,23.23,23.33,13530
2020-07-08 07:00:00,23.05,23.35,23.05,23.35,4020
2020-07-09 07:00:00,23.33,23.62,23.18,23.62,27290
2020-07-10 07:00:00,23.48,23.5,23.18,23.5,1950
2020-07-13 07:00:00,22.88,23.82,22.88,23.28,7320
2020-07-14 07:00:00,23.13,23.77,22.93,23.77,41130
2020-07-15 07:00:00,23.77,23.77,23.23,23.75,7260
2020-07-16 07:00:00,23.15,23.62,23.15,23.62,11890
2020-07-17 07:00:00,23.23,23.52,23.23,23.52,730
2020-07-20 07:00:00,23.15,23.52,23.15,23.5,39990
2020-07-21 07:00:00,23.5,23.5,23.13,23.45,9100
2020-07-22 07:00:00,23.23,23.43,23.18,23.38,4280
2020-07-23 07:00:00,23.4,23.4,23.15,23.38,1660
2020-07-24 07:00:00,23.18,23.33,22.43,23.33,16050
2020-07-27 07:00:00,22.88,23.28,22.13,22.88,13460
2020-07-28 07:00:00,23.23,23.23,22.23,23.05,24620
2020-07-29 07:00:00,23.05,23.08,21.91,22.88,12180
2020-07-30 07:00:00,22.68,23.13,22.68,23.1,185460
2020-07-31 07:00:00,23.1,23.28,22.41,23.28,27280
2020-08-03 07:00:00,23.3,23.5,23.18,23.48,52440
2020-08-04 07:00:00,22.98,23.57,22.98,23.57,22870
2020-08-05 07:00:00,23.57,23.62,23.18,23.57,25980
2020-08-06 07:00:00,23.57,23.57,23.03,23.33,33650
2020-08-07 07:00:00,23.57,23.57,23.0,23.0,8250
2020-08-10 07:00:00,22.9,23.28,22.9,23.0,16210
2020-08-11 07:00:00,23.03,23.3,22.95,23.0,6700
2020-08-12 07:00:00,23.0,23.13,23.0,23.13,6930
2020-08-13 07:00:00,23.13,23.38,23.0,23.08,8340
2020-08-14 07:00:00,23.08,23.08,22.88,22.98,40250
2020-08-17 07:00:00,23.08,23.08,22.83,22.88,14350
2020-08-18 07:00:00,22.88,22.93,22.83,22.93,8970
2020-08-19 07:00:00,22.93,23.03,22.88,23.03,13830
2020-08-20 07:00:00,23.08,23.62,22.88,23.08,7890
2020-08-21 07:00:00,22.9,23.08,22.88,23.08,3610
2020-08-24 07:00:00,23.08,23.08,22.88,23.03,13590
2020-08-25 07:00:00,23.03,23.03,22.88,23.03,26520
2020-08-26 07:00:00,22.88,23.03,22.88,23.03,17020
2020-08-27 07:00:00,22.98,23.08,22.93,23.03,17550
2020-08-28 07:00:00,23.03,23.03,22.85,22.98,25350
2020-08-31 07:00:00,22.93,22.98,22.85,22.85,37750
2020-09-01 07:00:00,23.03,23.03,22.83,23.0,6310
2020-09-03 07:00:00,23.0,23.0,22.88,22.98,28950
2020-09-04 07:00:00,22.98,22.98,22.78,22.88,22040
2020-09-07 07:00:00,22.88,22.98,22.78,22.78,12360
2020-09-08 07:00:00,22.78,22.83,22.63,22.83,6850
2020-09-09 07:00:00,22.7,22.88,22.7,22.88,9780
2020-09-10 07:00:00,22.88,22.88,22.63,22.88,14520
2020-09-11 07:00:00,22.88,22.88,22.68,22.83,15210
2020-09-14 07:00:00,22.63,22.8,22.33,22.43,27990
2020-09-15 07:00:00,22.18,22.73,22.03,22.73,18900
2020-09-16 07:00:00,22.73,22.73,22.53,22.53,5460
2020-09-17 07:00:00,22.53,22.7,22.48,22.63,7830
2020-09-18 07:00:00,22.63,22.63,22.06,22.38,40200
2020-09-21 07:00:00,22.28,22.78,22.21,22.63,13220
2020-09-22 07:00:00,22.63,22.63,22.43,22.58,2770
2020-09-23 07:00:00,22.58,22.68,22.41,22.63,24870
2020-09-24 07:00:00,22.48,24.2,22.38,24.2,44260
2020-09-25 07:00:00,24.2,24.2,23.13,23.62,31300
2020-09-28 07:00:00,23.62,23.62,23.13,23.38,58700
2020-09-29 07:00:00,23.38,23.38,23.03,23.38,13240
2020-09-30 07:00:00,23.13,23.38,23.13,23.38,13090
2020-10-01 07:00:00,23.2,23.38,23.2,23.38,6760
2020-10-02 07:00:00,23.13,23.38,22.88,23.38,13690
2020-10-05 07:00:00,23.38,23.38,23.23,23.33,5750
2020-10-06 07:00:00,23.23,23.33,23.13,23.33,12290
2020-10-07 07:00:00,23.13,23.23,23.13,23.23,6520
2020-10-08 07:00:00,22.68,23.23,22.68,23.23,5550
2020-10-09 07:00:00,22.75,23.23,22.75,23.23,6920
2020-10-12 07:00:00,22.88,23.2,22.88,23.18,8250
2020-10-13 07:00:00,23.18,23.38,22.88,23.18,21500
2020-10-14 07:00:00,23.0,23.28,22.93,23.28,9940
2020-10-15 07:00:00,23.28,23.28,22.95,23.23,15680
2020-10-16 07:00:00,23.23,23.23,22.93,22.98,19440
2020-10-19 07:00:00,23.08,23.08,22.73,22.98,28250
2020-10-20 07:00:00,22.78,22.93,22.53,22.93,6870
2020-10-21 07:00:00,22.83,22.93,22.68,22.93,10230
2020-10-22 07:00:00,22.63,23.05,22.63,22.93,3370
2020-10-23 07:00:00,22.8,23.1,22.7,23.03,8850
2020-10-26 07:00:00,22.73,23.05,22.53,22.88,26320
2020-10-27 07:00:00,22.58,22.75,22.38,22.38,30050
2020-10-28 07:00:00,22.63,22.83,22.33,22.33,2130
2020-10-29 07:00:00,22.03,22.38,22.03,22.36,10440
2020-10-30 07:00:00,22.31,22.48,22.28,22.31,19060
2020-11-02 07:00:00,23.1,23.1,22.33,22.85,11880
2020-11-03 07:00:00,22.46,22.98,21.91,22.88,60290
2020-11-04 07:00:00,22.88,22.88,22.43,22.83,9190
2020-11-05 07:00:00,22.63,22.63,22.48,22.58,2420
2020-11-06 07:00:00,22.48,22.63,22.38,22.38,21570
2020-11-09 07:00:00,22.38,22.88,22.38,22.38,18050
2020-11-10 07:00:00,22.73,22.75,22.43,22.63,13600
2020-11-11 07:00:00,22.63,22.73,22.48,22.73,5480
2020-11-12 07:00:00,22.63,22.73,22.58,22.73,5450
2020-11-13 07:00:00,22.73,22.8,22.48,22.73,1860
2020-11-16 07:00:00,22.73,22.88,22.38,22.38,42430
2020-11-17 07:00:00,22.63,22.63,22.38,22.38,10890
2020-11-18 07:00:00,22.38,22.38,22.33,22.38,15400
2020-11-19 07:00:00,22.38,22.56,22.23,22.56,10400
2020-11-20 07:00:00,22.51,22.53,22.03,22.03,26560
2020-11-23 07:00:00,22.03,22.33,21.96,22.31,40690
2020-11-24 07:00:00,22.33,22.38,22.03,22.03,34420
2020-11-25 07:00:00,22.28,22.33,22.03,22.33,37650
2020-11-26 07:00:00,22.33,22.33,22.03,22.03,40790
2020-11-27 07:00:00,22.03,22.33,21.88,22.03,91700
2020-11-30 07:00:00,22.03,22.16,21.88,22.13,72890
2020-12-01 07:00:00,22.13,22.33,21.68,21.73,42530
2020-12-02 07:00:00,21.88,22.23,21.78,22.23,64260
2020-12-03 07:00:00,22.13,23.13,22.13,22.73,46740
2020-12-04 07:00:00,22.73,22.78,22.38,22.73,32980
2020-12-07 07:00:00,22.73,22.73,22.06,22.28,28360
2020-12-08 07:00:00,22.28,23.13,22.28,22.28,49470
2020-12-09 07:00:00,22.28,22.48,22.13,22.28,54620
2020-12-10 07:00:00,22.28,22.28,22.08,22.28,39120
2020-12-11 07:00:00,22.38,22.38,22.03,22.23,57550
2020-12-14 07:00:00,22.23,22.36,22.01,22.01,62110
2020-12-15 07:00:00,22.01,22.53,21.98,22.28,84220
2020-12-16 07:00:00,22.28,22.28,21.98,22.28,46820
2020-12-17 07:00:00,22.38,22.38,22.01,22.03,43240
2020-12-18 07:00:00,22.31,22.31,22.03,22.13,14350
2020-12-21 07:00:00,22.13,22.28,21.88,22.18,48820
2020-12-22 07:00:00,22.18,22.31,22.01,22.18,61180
2020-12-23 07:00:00,22.38,23.62,22.28,23.38,183500
2020-12-24 07:00:00,23.38,24.12,23.23,23.48,126830
2020-12-25 07:00:00,23.48,24.12,23.48,23.97,123490
2020-12-28 07:00:00,23.97,24.77,23.87,24.02,39510
2020-12-29 07:00:00,23.97,24.12,23.48,23.87,65290
2020-12-30 07:00:00,23.77,24.52,23.7,24.32,174750
2020-12-31 07:00:00,24.44,24.44,24.12,24.32,48670
2021-01-04 07:00:00,24.32,24.32,23.97,24.17,26200
2021-01-05 07:00:00,24.17,24.17,23.9,23.97,50300
2021-01-06 07:00:00,23.82,23.92,23.03,23.38,83800
2021-01-07 07:00:00,23.38,23.85,23.38,23.72,40500
2021-01-08 07:00:00,23.77,23.95,23.52,23.77,49700
2021-01-11 07:00:00,23.77,23.97,23.57,23.97,30700
2021-01-12 07:00:00,23.97,24.12,23.82,24.12,80300
2021-01-13 07:00:00,25.27,25.46,24.32,25.12,241400
2021-01-14 07:00:00,25.27,25.27,24.72,24.97,118800
2021-01-15 07:00:00,25.27,25.32,24.87,25.07,44700
2021-01-18 07:00:00,25.07,25.07,24.57,24.87,132300
2021-01-19 07:00:00,24.87,24.87,23.18,23.62,150700
2021-01-20 07:00:00,23.62,24.12,22.93,23.87,88900
2021-01-21 07:00:00,24.35,24.37,23.87,24.27,53800
2021-01-22 07:00:00,24.57,24.57,23.87,24.27,29600
2021-01-25 07:00:00,24.32,24.32,23.77,23.87,20600
2021-01-26 07:00:00,23.87,23.87,23.62,23.72,50600
2021-01-27 07:00:00,23.62,23.92,23.48,23.82,108100
2021-01-28 07:00:00,22.73,23.62,22.18,22.38,79200
2021-01-29 07:00:00,22.38,23.62,22.38,23.62,27800
2021-02-01 07:00:00,22.93,23.87,22.93,23.62,80600
2021-02-02 07:00:00,23.23,23.92,23.23,23.87,25400
2021-02-03 07:00:00,23.82,23.87,23.45,23.82,19700
2021-02-04 07:00:00,23.65,23.87,23.62,23.82,51400
2021-02-05 07:00:00,23.82,23.82,23.62,23.82,21900
2021-02-08 07:00:00,23.45,23.62,23.45,23.62,51600
2021-02-09 07:00:00,23.45,23.87,23.45,23.57,13400
2021-02-17 07:00:00,23.62,24.27,23.62,23.87,6600
2021-02-18 07:00:00,23.97,23.97,23.87,23.87,15600
2021-02-19 07:00:00,23.87,23.92,23.72,23.92,20700
2021-02-22 07:00:00,23.87,24.15,23.87,24.12,48500
2021-02-23 07:00:00,24.12,24.37,24.12,24.27,39900
2021-02-24 07:00:00,24.27,24.27,24.02,24.17,114100
2021-02-25 07:00:00,24.12,24.32,24.12,24.22,59900
2021-02-26 07:00:00,24.32,24.32,24.12,24.22,34200
2021-03-01 07:00:00,24.32,24.42,24.12,24.42,34300
2021-03-02 07:00:00,24.42,24.52,24.42,24.42,21100
2021-03-03 07:00:00,24.42,24.52,24.42,24.49,29200
2021-03-04 07:00:00,24.37,24.52,24.37,24.37,32600
2021-03-05 07:00:00,24.52,24.52,24.12,24.37,15000
2021-03-08 07:00:00,24.37,24.47,24.17,24.37,27000
2021-03-09 07:00:00,24.37,24.37,24.17,24.37,8800
2021-03-10 07:00:00,24.35,24.37,24.22,24.32,14000
2021-03-11 07:00:00,24.32,24.52,24.32,24.52,31300
2021-03-12 07:00:00,24.52,25.12,24.52,24.67,20800
2021-03-15 07:00:00,25.39,25.39,24.59,24.72,27400
2021-03-16 07:00:00,24.72,24.72,24.36,24.57,11300
2021-03-17 07:00:00,24.51,24.54,24.23,24.31,30100
2021-03-18 07:00:00,24.31,24.31,24.1,24.21,9900
2021-03-19 07:00:00,23.87,24.36,23.87,24.36,14100
2021-03-22 07:00:00,24.1,24.36,24.1,24.26,29100
2021-03-23 07:00:00,24.26,24.26,24.03,24.1,9500
2021-03-24 07:00:00,23.9,23.9,23.8,23.8,2800
2021-03-25 07:00:00,24.1,24.1,23.77,24.1,102900
2021-03-26 07:00:00,23.85,23.95,23.67,23.69,13400
2021-03-29 07:00:00,23.85,23.85,23.67,23.8,10800
2021-03-30 07:00:00,23.98,23.98,23.57,23.9,7700
2021-03-31 07:00:00,23.85,23.85,23.69,23.82,800
2021-04-01 07:00:00,23.59,23.59,23.57,23.59,7700
2021-04-02 07:00:00,23.69,23.69,23.49,23.59,51700
2021-04-05 07:00:00,23.59,23.8,23.54,23.64,11100
2021-04-06 07:00:00,23.64,23.64,23.08,23.62,8400
2021-04-07 07:00:00,23.59,23.69,23.57,23.69,37200
2021-04-08 07:00:00,23.69,23.69,23.49,23.59,13600
2021-04-09 07:00:00,23.39,23.85,23.1,23.85,31300
2021-04-12 07:00:00,23.34,23.8,23.34,23.8,4700
2021-04-13 07:00:00,23.59,23.8,23.34,23.8,42500
2021-04-14 07:00:00,23.75,23.85,23.54,23.85,53100
2021-04-15 07:00:00,23.59,24.57,23.59,23.64,25700
2021-04-16 07:00:00,23.59,23.77,23.59,23.64,111400
2021-04-19 07:00:00,23.64,23.8,23.59,23.64,17100
2021-04-20 07:00:00,23.59,23.75,23.34,23.64,19100
2021-04-22 07:00:00,23.62,23.64,23.26,23.59,59200
2021-04-23 07:00:00,23.59,23.59,23.49,23.49,25600
2021-04-26 07:00:00,23.34,23.34,23.1,23.1,9700
2021-04-27 07:00:00,23.08,23.34,23.08,23.13,20400
2021-04-28 07:00:00,23.13,23.59,23.13,23.59,1400
2021-04-29 07:00:00,23.1,23.59,23.1,23.59,11700
2021-05-04 07:00:00,23.59,23.59,23.28,23.59,22400
2021-05-05 07:00:00,23.18,23.59,23.13,23.59,73500
2021-05-06 07:00:00,23.57,23.57,23.49,23.54,33100
2021-05-07 07:00:00,23.54,23.54,23.34,23.51,11300
2021-05-10 07:00:00,22.36,23.59,22.36,23.59,13400
2021-05-11 07:00:00,23.59,23.59,23.49,23.59,9700
2021-05-12 07:00:00,23.59,23.64,23.44,23.59,17900
2021-05-13 07:00:00,23.44,23.49,23.34,23.49,6300
2021-05-14 07:00:00,23.59,23.59,23.23,23.59,600
2021-05-17 07:00:00,23.59,23.59,23.1,23.51,17400
2021-05-18 07:00:00,23.18,23.49,23.18,23.49,4100
2021-05-19 07:00:00,23.34,23.39,23.31,23.39,2300
2021-05-20 07:00:00,23.28,23.59,22.57,23.59,99200
2021-05-21 07:00:00,23.54,23.57,23.08,23.57,23400
2021-05-24 07:00:00,23.54,23.59,23.49,23.57,5000
2021-05-25 07:00:00,23.39,23.54,23.13,23.54,19700
2021-05-26 07:00:00,23.23,23.59,23.23,23.57,7500
2021-05-27 07:00:00,23.28,23.44,23.23,23.44,2500
2021-05-28 07:00:00,23.23,23.54,23.23,23.54,15800
2021-05-31 07:00:00,23.59,23.59,22.77,23.54,17000
2021-06-01 07:00:00,23.54,23.54,23.34,23.34,4800
2021-06-02 07:00:00,23.49,23.59,23.34,23.59,35100
2021-06-03 07:00:00,23.59,24.1,23.18,24.1,93700
2021-06-04 07:00:00,23.59,23.64,23.39,23.64,40100
2021-06-07 07:00:00,23.69,23.85,23.64,23.85,28100
2021-06-08 07:00:00,24.0,24.05,23.59,23.8,39200
2021-06-09 07:00:00,23.59,23.64,23.44,23.59,18100
2021-06-10 07:00:00,23.59,23.62,23.34,23.54,41900
2021-06-11 07:00:00,23.44,23.8,23.31,23.8,45600
2021-06-14 07:00:00,24.87,24.87,24.25,24.7,44600
2021-06-15 07:00:00,23.97,24.53,23.97,24.53,23400
2021-06-16 07:00:00,24.02,24.53,23.97,24.02,7600
2021-06-17 07:00:00,24.02,24.53,24.02,24.45,10800
2021-06-18 07:00:00,24.53,24.76,24.25,24.76,33000
2021-06-21 07:00:00,24.76,24.76,24.25,24.64,57900
2021-06-22 07:00:00,24.53,24.81,24.3,24.59,102500
2021-06-23 07:00:00,24.59,24.59,24.3,24.59,123100
2021-06-24 07:00:00,24.3,24.81,24.3,24.81,290400
2021-06-25 07:00:00,24.53,25.07,24.3,25.07,217500
2021-06-28 07:00:00,25.07,25.07,24.76,24.98,127200
2021-06-29 07:00:00,24.95,24.98,24.81,24.98,252700
2021-06-30 07:00:00,24.98,24.98,24.39,24.53,21400
2021-07-01 07:00:00,24.36,24.9,23.68,24.53,23700
2021-07-02 07:00:00,24.42,24.47,24.08,24.47,2900
2021-07-05 07:00:00,25.23,25.23,23.97,24.5,7500
2021-07-06 07:00:00,23.97,24.47,23.97,24.08,24200
2021-07-07 07:00:00,24.02,24.02,23.68,23.97,71000
2021-07-08 07:00:00,23.68,23.97,23.68,23.97,13800
2021-07-09 07:00:00,23.91,23.91,23.29,23.57,35800
2021-07-12 07:00:00,23.57,23.57,22.56,23.12,19200
2021-07-13 07:00:00,23.12,23.35,22.58,23.12,24700
2021-07-14 07:00:00,23.63,23.63,22.84,23.23,2500
2021-07-15 07:00:00,23.54,23.6,22.7,23.49,83900
2021-07-16 07:00:00,23.46,23.68,23.12,23.68,1700
2021-07-19 07:00:00,22.56,23.68,22.56,23.4,7600
2021-07-20 07:00:00,22.89,23.46,22.89,23.46,8700
2021-07-21 07:00:00,23.46,23.46,23.46,23.46,100
2021-07-22 07:00:00,23.12,23.46,23.12,23.46,10600
2021-07-23 07:00:00,23.6,23.63,23.57,23.57,12000
2021-07-26 07:00:00,22.92,23.51,22.92,23.51,11500
2021-07-27 07:00:00,22.98,23.4,22.98,23.12,3900
2021-07-28 07:00:00,23.01,23.4,23.01,23.4,18100
2021-07-29 07:00:00,23.12,23.4,23.04,23.4,1900
2021-07-30 07:00:00,23.29,23.6,23.29,23.6,9500
2021-08-02 07:00:00,23.4,23.54,23.4,23.46,16200
2021-08-03 07:00:00,23.12,23.37,23.12,23.37,50900
2021-08-04 07:00:00,23.12,23.4,23.12,23.4,2900
2021-08-05 07:00:00,23.18,23.49,23.12,23.46,4300
2021-08-06 07:00:00,23.51,23.68,23.12,23.68,21800
2021-08-09 07:00:00,23.68,23.68,23.18,23.68,10800
2021-08-10 07:00:00,23.63,23.97,23.63,23.97,37800
2021-08-11 07:00:00,23.97,23.97,23.68,23.97,13500
2021-08-12 07:00:00,23.68,24.08,23.68,24.08,21100
2021-08-13 07:00:00,23.68,24.08,23.68,24.05,9300
2021-08-16 07:00:00,24.05,24.22,23.8,24.22,17400
2021-08-17 07:00:00,24.22,25.09,24.14,25.09,80700
2021-08-18 07:00:00,25.49,26.84,25.49,26.84,637200
2021-08-19 07:00:00,27.86,27.86,27.29,27.29,114700
2021-08-20 07:00:00,26.95,27.29,26.22,26.95,167500
2021-08-23 07:00:00,26.62,27.86,25.94,27.15,259800
2021-08-24 07:00:00,26.79,27.63,26.79,27.07,178600
2021-08-25 07:00:00,27.07,27.07,26.53,27.01,59100
2021-08-26 07:00:00,27.01,27.07,26.64,26.73,119500
2021-08-27 07:00:00,26.67,28.31,26.67,28.2,463500
2021-08-30 07:00:00,29.32,29.94,28.76,29.44,442800
2021-08-31 07:00:00,29.32,29.66,29.04,29.15,138200
2021-09-01 07:00:00,28.59,28.76,28.14,28.31,388100
2021-09-06 07:00:00,28.36,29.94,28.36,29.38,368800
2021-09-07 07:00:00,29.38,29.89,28.76,29.89,327400
2021-09-08 07:00:00,30.45,30.96,29.89,30.17,257400
2021-09-09 07:00:00,29.89,30.62,29.61,30.45,174200
2021-09-10 07:00:00,30.45,30.45,29.94,30.28,78200
2021-09-13 07:00:00,29.89,29.89,28.48,28.82,205100
2021-09-14 07:00:00,28.76,29.1,27.69,27.91,319500
2021-09-15 07:00:00,27.91,29.27,27.35,28.87,201800
2021-09-16 07:00:00,28.76,29.15,28.2,28.76,90100
2021-09-17 07:00:00,28.76,28.76,27.63,28.65,134900
2021-09-20 07:00:00,28.76,28.76,27.63,27.69,96200
2021-09-21 07:00:00,27.63,27.63,26.5,26.9,186200
2021-09-22 07:00:00,26.9,27.35,26.67,27.35,155400
2021-09-23 07:00:00,28.98,28.98,27.63,27.63,125300
2021-09-24 07:00:00,26.9,27.52,26.9,26.95,43800
2021-09-27 07:00:00,26.95,27.07,26.28,26.28,95800
2021-09-28 07:00:00,26.28,27.01,26.28,26.62,57900
2021-09-29 07:00:00,26.67,27.07,26.5,26.93,70000
2021-09-30 07:00:00,26.93,27.04,26.79,26.98,48500
2021-10-01 07:00:00,26.98,27.18,26.79,27.07,57400
2021-10-04 07:00:00,27.07,27.18,26.56,27.07,139200
2021-10-05 07:00:00,27.04,27.04,26.7,26.95,39300
2021-10-06 07:00:00,26.79,27.07,26.67,26.7,56700
2021-10-07 07:00:00,26.73,26.98,26.5,26.62,58000
2021-10-08 07:00:00,26.87,27.35,26.87,27.35,112500
2021-10-11 07:00:00,27.46,28.2,27.24,27.86,136000
2021-10-12 07:00:00,27.91,27.97,27.46,27.46,118200
2021-10-13 07:00:00,27.46,27.52,27.07,27.12,41000
2021-10-14 07:00:00,26.81,27.12,26.79,26.95,84700
2021-10-15 07:00:00,26.84,26.9,26.67,26.79,66400
2021-10-18 07:00:00,26.81,26.81,26.53,26.62,34300
2021-10-19 07:00:00,26.53,27.01,26.53,27.01,43900
2021-10-20 07:00:00,27.01,27.01,26.5,26.73,145300
2021-10-21 07:00:00,26.95,26.95,26.53,26.73,21800
2021-10-22 07:00:00,26.59,26.84,26.56,26.62,80600
2021-10-25 07:00:00,26.67,28.2,26.62,28.2,228000
2021-10-26 07:00:00,27.07,27.97,27.07,27.74,37900
2021-10-27 07:00:00,27.77,27.77,27.52,27.74,57700
2021-10-28 07:00:00,27.74,28.03,27.58,27.63,78300
2021-10-29 07:00:00,27.63,27.74,27.21,27.35,193100
2021-11-01 07:00:00,27.18,28.17,27.18,27.91,252200
2021-11-02 07:00:00,27.91,28.76,27.91,28.2,154200
2021-11-03 07:00:00,28.2,28.2,27.58,27.8,99800
2021-11-04 07:00:00,27.52,27.69,27.35,27.69,158500
2021-11-05 07:00:00,27.69,27.94,27.41,27.69,128500
2021-11-08 07:00:00,27.69,28.59,27.49,28.53,228600
2021-11-09 07:00:00,28.59,28.76,28.36,28.65,193800
2021-11-10 07:00:00,28.65,28.76,28.42,28.59,125000
2021-11-11 07:00:00,28.76,29.89,28.2,29.38,408700
2021-11-12 07:00:00,29.94,29.94,29.1,29.27,76000
2021-11-15 07:00:00,29.27,29.89,29.04,29.77,364400
2021-11-16 07:00:00,29.15,29.89,28.98,29.89,258800
2021-11-17 07:00:00,29.83,29.83,29.32,29.44,104000
2021-11-18 07:00:00,29.32,29.61,29.15,29.32,296100
2021-11-19 07:00:00,29.49,30.0,29.32,29.77,410700
2021-11-22 07:00:00,30.0,31.18,30.0,30.17,334500
2021-11-23 07:00:00,30.17,30.39,29.44,30.39,73400
2021-11-24 07:00:00,30.45,31.97,30.28,31.75,578900
2021-11-25 07:00:00,31.64,32.37,31.3,31.41,207600
2021-11-26 07:00:00,31.47,31.64,31.13,31.13,104300
2021-11-29 07:00:00,31.18,32.65,31.18,32.37,471900
2021-11-30 07:00:00,32.71,32.71,31.86,32.26,254100
2021-12-01 07:00:00,32.14,32.65,31.58,31.86,165500
2021-12-02 07:00:00,31.58,32.14,31.01,32.14,218300
2021-12-03 07:00:00,32.14,32.2,31.69,32.14,333500
2021-12-06 07:00:00,32.03,32.03,31.01,31.58,129200
2021-12-07 07:00:00,31.18,31.69,31.13,31.58,93600
2021-12-08 07:00:00,31.58,31.58,30.96,31.13,94500
2021-12-09 07:00:00,30.96,31.13,30.51,31.01,92600
2021-12-10 07:00:00,31.01,31.01,29.94,30.06,145300
2021-12-13 07:00:00,29.89,29.89,28.53,29.38,212000
2021-12-14 07:00:00,29.38,30.11,29.38,29.94,104600
2021-12-15 07:00:00,30.17,30.39,29.83,30.0,53300
2021-12-16 07:00:00,29.94,30.0,29.61,29.61,54700
2021-12-17 07:00:00,29.32,29.49,29.04,29.49,62400
2021-12-20 07:00:00,29.44,29.44,28.76,29.44,132000
2021-12-21 07:00:00,29.44,30.0,29.44,29.49,94400
2021-12-22 07:00:00,29.89,29.89,28.93,29.61,67800
2021-12-23 07:00:00,29.77,29.77,28.98,29.49,119000
2021-12-24 07:00:00,29.04,29.32,28.7,29.04,77900
2021-12-27 07:00:00,29.15,29.21,28.93,29.15,50000
2021-12-28 07:00:00,28.76,31.18,28.7,29.27,127800
2021-12-29 07:00:00,29.27,29.83,28.93,29.77,91300
2021-12-30 07:00:00,29.72,30.17,29.04,30.17,64800
2021-12-31 07:00:00,30.11,30.11,29.27,29.27,100500
2022-01-04 07:00:00,29.32,29.32,29.04,29.21,102400
2022-01-05 07:00:00,29.21,29.21,28.93,29.04,62400
2022-01-06 07:00:00,28.87,29.04,28.48,28.65,115600
2022-01-07 07:00:00,28.76,28.76,28.17,28.31,83200
2022-01-10 07:00:00,28.31,28.48,27.74,28.0,193500
2022-01-11 07:00:00,27.6,28.08,27.6,28.08,60300
2022-01-12 07:00:00,27.91,29.32,27.91,29.21,105200
2022-01-13 07:00:00,29.04,29.83,28.2,29.49,101200
2022-01-14 07:00:00,29.04,29.83,28.31,29.55,59100
2022-01-17 07:00:00,29.44,29.44,28.53,28.65,94200
2022-01-18 07:00:00,28.53,28.76,27.94,28.76,62700
2022-01-19 07:00:00,28.25,28.87,28.25,28.87,47500
2022-01-20 07:00:00,28.87,28.87,28.53,28.82,13400
2022-01-21 07:00:00,28.31,28.93,28.31,28.7,38500
2022-01-24 07:00:00,28.7,28.7,27.8,27.91,82200
2022-01-25 07:00:00,27.63,28.2,27.63,27.91,68700
2022-01-26 07:00:00,27.66,28.65,27.66,28.08,97100
2022-01-27 07:00:00,27.69,28.65,27.63,28.03,123700
2022-01-28 07:00:00,27.91,28.65,27.91,28.2,256100
2022-02-07 07:00:00,28.76,28.76,28.25,28.59,6000
2022-02-08 07:00:00,28.59,29.32,28.59,28.82,30700
2022-02-09 07:00:00,28.82,28.87,28.76,28.87,26400
2022-02-10 07:00:00,28.87,29.21,28.76,29.21,50100
2022-02-11 07:00:00,30.11,30.11,28.87,29.27,34100
2022-02-14 07:00:00,29.27,29.27,28.76,28.98,131100
2022-02-15 07:00:00,29.1,29.27,28.76,29.1,26400
2022-02-16 07:00:00,28.87,29.49,28.76,29.38,117200
2022-02-17 07:00:00,29.38,29.55,29.21,29.55,12200
2022-02-18 07:00:00,29.49,30.34,29.15,30.28,153800
2022-02-21 07:00:00,30.45,30.45,30.23,30.23,75400
2022-02-22 07:00:00,30.17,30.23,29.77,30.17,93100
2022-02-23 07:00:00,30.06,30.73,29.89,30.17,131500
2022-02-24 07:00:00,30.45,30.45,29.55,29.83,55500
2022-02-25 07:00:00,29.83,30.17,29.66,30.17,56600
2022-02-28 07:00:00,29.89,30.39,29.61,29.61,74700
2022-03-01 07:00:00,29.61,29.94,29.61,29.89,98700
2022-03-02 07:00:00,29.61,29.89,29.49,29.77,28600
2022-03-03 07:00:00,29.77,30.06,29.72,29.77,27700
2022-03-04 07:00:00,29.77,30.45,29.61,30.28,146500
2022-03-07 07:00:00,30.28,30.39,30.06,30.28,74800
2022-03-08 07:00:00,30.0,30.23,29.66,30.17,16000
2022-03-09 07:00:00,30.34,30.39,29.77,30.34,25500
2022-03-10 07:00:00,30.45,30.45,29.89,30.28,8800
2022-03-11 07:00:00,30.62,30.68,30.17,30.51,146800
2022-03-14 07:00:00,30.51,30.56,29.89,30.06,190300
2022-03-15 07:00:00,29.94,30.17,29.89,30.11,31400
2022-03-16 07:00:00,30.06,30.34,29.89,30.28,56400
2022-03-17 07:00:00,30.28,30.28,30.17,30.28,58900
2022-03-18 07:00:00,29.94,30.28,29.94,30.17,32600
2022-03-21 07:00:00,30.17,30.45,30.11,30.45,101500
2022-03-22 07:00:00,30.51,30.68,30.45,30.56,27200
2022-03-23 07:00:00,30.39,30.45,30.28,30.45,44900
2022-03-24 07:00:00,30.39,32.03,30.17,31.97,312700
2022-03-25 07:00:00,31.69,33.89,31.69,33.89,507600
2022-03-28 07:00:00,34.68,34.68,33.72,34.12,125500
2022-03-29 07:00:00,34.12,34.29,33.55,34.12,120200
2022-03-30 07:00:00,33.67,34.12,33.33,33.83,95200
2022-03-31 07:00:00,33.89,34.85,33.67,34.74,183800
2022-04-01 07:00:00,34.79,34.91,34.51,34.51,40700
2022-04-04 07:00:00,34.79,34.85,34.29,34.29,72500
2022-04-05 07:00:00,34.29,34.4,33.72,34.23,105900
2022-04-06 07:00:00,34.29,34.29,33.27,33.27,74000
2022-04-07 07:00:00,33.04,33.83,32.54,32.54,73700
2022-04-08 07:00:00,32.59,33.1,32.14,32.14,172000
2022-04-12 07:00:00,32.42,32.42,30.79,30.79,106100
2022-04-13 07:00:00,31.35,32.42,31.07,31.92,136100
2022-04-14 07:00:00,31.97,32.71,31.92,32.14,71500
2022-04-15 07:00:00,31.75,32.54,31.75,32.14,58900
2022-04-18 07:00:00,32.14,33.44,31.86,33.44,143300
2022-04-19 07:00:00,32.93,33.83,32.71,32.71,90800
2022-04-20 07:00:00,32.71,32.71,32.03,32.59,57100
2022-04-21 07:00:00,32.59,33.21,31.58,32.99,89700
2022-04-22 07:00:00,33.21,33.27,32.14,32.99,131400
2022-04-25 07:00:00,33.16,33.16,31.01,32.09,103700
2022-04-26 07:00:00,31.86,33.78,30.96,33.04,197100
2022-04-27 07:00:00,33.04,33.04,32.54,32.88,32200
2022-04-28 07:00:00,32.65,33.16,32.59,32.88,51700
2022-04-29 07:00:00,32.65,32.71,32.42,32.54,34500
2022-05-04 07:00:00,32.48,32.54,32.09,32.09,17200
2022-05-05 07:00:00,31.86,32.14,31.58,32.09,32000
2022-05-06 07:00:00,31.35,32.09,31.35,31.92,53600
2022-05-09 07:00:00,31.86,31.86,30.73,30.73,93500
2022-05-10 07:00:00,29.61,31.58,29.61,31.52,56000
2022-05-11 07:00:00,31.52,31.69,31.3,31.69,19500
2022-05-12 07:00:00,31.64,31.64,30.68,31.01,24800
2022-05-13 07:00:00,30.73,31.86,30.62,30.62,190300
2022-05-16 07:00:00,30.45,31.58,29.38,31.01,42300
2022-05-17 07:00:00,31.01,31.01,29.89,30.96,9800
2022-05-18 07:00:00,31.01,32.14,31.01,32.03,45200
2022-05-19 07:00:00,30.79,32.03,30.79,31.3,10600
2022-05-20 07:00:00,31.58,31.75,31.35,31.75,10500
2022-05-23 07:00:00,31.58,31.86,31.01,31.86,22600
2022-05-24 07:00:00,31.86,32.09,31.24,31.86,20200
2022-05-25 07:00:00,31.86,32.71,31.86,32.71,81400
2022-05-26 07:00:00,32.65,33.55,31.58,33.55,170500
2022-05-27 07:00:00,33.55,33.55,33.16,33.55,58300
2022-05-30 07:00:00,34.4,34.4,33.27,33.27,24000
2022-05-31 07:00:00,33.27,33.27,32.71,33.21,20300
2022-06-01 07:00:00,32.2,33.44,32.2,33.16,21300
2022-06-02 07:00:00,33.27,33.27,32.59,33.1,30300
2022-06-03 07:00:00,32.26,33.04,32.26,33.04,24400
2022-06-06 07:00:00,33.27,33.5,32.71,32.71,14400
2022-06-07 07:00:00,32.71,33.89,32.65,33.5,158200
2022-06-08 07:00:00,33.5,34.29,33.5,33.78,435300
2022-06-09 07:00:00,35.76,35.76,33.85,34.44,859400
2022-06-10 07:00:00,33.7,34.29,33.7,34.22,10300
2022-06-13 07:00:00,33.7,33.7,32.61,33.27,87200
2022-06-14 07:00:00,33.16,33.16,30.96,31.51,232000
2022-06-15 07:00:00,31.51,31.87,31.43,31.87,43600
2022-06-16 07:00:00,31.87,31.87,30.77,30.96,70600
2022-06-17 07:00:00,30.99,30.99,29.31,29.53,89800
2022-06-20 07:00:00,29.75,29.97,29.38,29.38,82600
2022-06-21 07:00:00,29.46,30.63,29.46,30.52,20100
2022-06-22 07:00:00,29.67,30.04,29.67,29.97,19000
2022-06-23 07:00:00,30.99,30.99,29.67,30.55,19500
2022-06-24 07:00:00,30.55,30.55,30.33,30.52,3200
2022-06-27 07:00:00,30.52,30.7,30.48,30.52,8000
2022-06-28 07:00:00,30.77,30.77,30.41,30.63,12000
2022-06-29 07:00:00,31.14,31.14,30.41,30.41,9300
2022-06-30 07:00:00,30.63,30.63,30.04,30.33,45700
2022-07-01 07:00:00,30.33,30.74,30.11,30.19,92700
2022-07-04 07:00:00,30.19,31.14,29.86,29.86,38500
2022-07-05 07:00:00,29.71,30.66,29.71,30.52,40800
2022-07-06 07:00:00,30.19,30.77,30.0,30.3,5200
2022-07-07 07:00:00,30.04,30.04,29.82,30.04,90100
2022-07-08 07:00:00,30.04,30.74,30.0,30.41,100500
2022-07-11 07:00:00,30.37,30.66,30.11,30.66,2000
2022-07-12 07:00:00,30.48,30.63,30.04,30.59,26100
2022-07-13 07:00:00,30.04,30.55,29.89,30.55,5100
2022-07-14 07:00:00,30.77,30.77,30.41,30.52,21800
2022-07-15 07:00:00,30.41,30.41,30.04,30.41,43200
2022-07-18 07:00:00,30.41,30.41,29.97,30.37,19900
2022-07-19 07:00:00,30.04,30.33,30.0,30.33,3000
2022-07-20 07:00:00,29.75,30.26,29.75,30.26,7100
2022-07-21 07:00:00,30.26,30.26,29.82,30.15,23300
2022-07-22 07:00:00,30.04,30.33,29.67,30.33,52300
2022-07-25 07:00:00,30.26,30.26,30.08,30.11,45700
2022-07-26 07:00:00,30.26,30.26,29.93,29.97,40500
2022-07-27 07:00:00,30.04,30.41,29.93,30.19,78200
2022-07-28 07:00:00,29.35,30.19,29.35,30.04,15900
2022-07-29 07:00:00,29.67,30.19,29.53,30.0,139800
2022-08-01 07:00:00,30.04,30.04,29.71,30.04,20600
2022-08-02 07:00:00,30.08,30.08,29.89,30.04,3500
2022-08-03 07:00:00,29.75,30.22,29.75,30.04,64300
2022-08-04 07:00:00,30.11,30.11,30.04,30.04,27100
2022-08-05 07:00:00,30.04,30.04,29.89,29.89,11000
2022-08-08 07:00:00,29.71,30.33,29.71,30.08,26700
2022-08-09 07:00:00,30.19,30.19,30.04,30.11,37700
2022-08-10 07:00:00,30.04,30.3,30.0,30.04,72200
2022-08-11 07:00:00,30.7,30.7,30.04,30.15,96700
2022-08-12 07:00:00,30.04,30.04,29.97,30.0,23200
2022-08-15 07:00:00,30.0,30.15,30.0,30.15,22200
2022-08-16 07:00:00,30.15,30.41,29.97,30.41,63600
2022-08-17 07:00:00,30.41,32.24,30.41,31.54,151600
2022-08-18 07:00:00,31.54,32.24,31.43,31.47,55400
2022-08-19 07:00:00,31.14,31.51,31.14,31.51,16900
2022-08-22 07:00:00,30.77,31.14,30.77,31.03,7900
2022-08-23 07:00:00,30.77,31.54,30.63,31.14,47200
2022-08-24 07:00:00,31.14,31.87,30.81,31.51,55900
2022-08-25 07:00:00,31.51,31.54,31.18,31.43,10800
2022-08-26 07:00:00,30.77,31.51,30.41,31.43,68400
2022-08-29 07:00:00,30.41,31.21,30.41,30.96,3600
2022-08-30 07:00:00,30.48,30.74,30.48,30.74,611000
2022-08-31 07:00:00,30.48,30.85,30.48,30.77,104300
2022-09-05 07:00:00,30.77,30.77,30.59,30.77,46600
2022-09-06 07:00:00,30.77,31.14,30.7,30.77,294700
2022-09-07 07:00:00,30.77,31.14,30.63,30.7,43800
2022-09-08 07:00:00,30.7,30.77,30.55,30.77,7600
2022-09-09 07:00:00,30.55,31.14,30.44,30.77,34100
2022-09-12 07:00:00,30.77,31.4,30.44,31.4,33400
2022-09-13 07:00:00,30.85,31.51,30.85,31.51,45100
2022-09-14 07:00:00,30.63,30.92,30.63,30.92,102600
2022-09-15 07:00:00,31.14,31.4,30.77,31.14,11000
2022-09-16 07:00:00,30.77,31.07,30.77,30.81,10400
2022-09-19 07:00:00,30.52,30.81,30.52,30.63,3300
2022-09-20 07:00:00,30.63,30.77,29.82,30.77,55700
2022-09-21 07:00:00,30.08,30.74,30.08,30.74,800
2022-09-22 07:00:00,30.04,31.03,30.04,31.03,25500
2022-09-23 07:00:00,31.47,31.47,30.41,31.14,41900
2022-09-26 07:00:00,30.15,30.92,30.11,30.92,5800
2022-09-27 07:00:00,30.26,31.14,30.26,31.14,31900
2022-09-28 07:00:00,30.44,30.48,30.11,30.19,59100
2022-09-29 07:00:00,31.07,31.14,29.82,31.1,89300
2022-09-30 07:00:00,30.77,30.77,30.11,30.74,18600
2022-10-03 07:00:00,30.41,30.41,29.53,29.53,80900
2022-10-04 07:00:00,30.0,30.0,29.31,29.53,12800
2022-10-05 07:00:00,29.38,30.37,29.27,30.37,42700
2022-10-06 07:00:00,30.37,30.37,29.42,29.67,30700
2022-10-07 07:00:00,28.65,29.67,28.58,28.94,39000
2022-10-10 07:00:00,28.87,28.94,28.76,28.94,38400
2022-10-11 07:00:00,29.42,29.42,28.72,29.31,6200
2022-10-12 07:00:00,29.24,29.24,28.54,29.16,23300
2022-10-13 07:00:00,29.09,29.09,28.69,28.87,8800
2022-10-14 07:00:00,29.31,30.04,28.8,29.75,43700
2022-10-17 07:00:00,28.87,29.6,28.87,29.02,8900
2022-10-18 07:00:00,29.31,29.31,28.87,29.27,3700
2022-10-19 07:00:00,28.58,29.24,28.58,29.24,3100
2022-10-20 07:00:00,29.56,29.56,29.16,29.24,13700
2022-10-21 07:00:00,29.02,29.02,28.36,28.91,58700
2022-10-24 07:00:00,28.43,28.58,28.43,28.43,15600
2022-10-25 07:00:00,28.43,28.43,28.06,28.36,123500
2022-10-26 07:00:00,28.36,29.02,28.21,28.36,93500
2022-10-27 07:00:00,28.36,28.43,28.36,28.36,274600
2022-10-28 07:00:00,28.58,28.58,28.43,28.5,568600
2022-10-31 07:00:00,27.99,28.47,27.95,28.47,60700
2022-11-01 07:00:00,27.99,28.87,27.99,28.47,2000
2022-11-02 07:00:00,28.43,28.43,28.39,28.43,542200
2022-11-03 07:00:00,28.43,28.43,28.39,28.39,6000
2022-11-04 07:00:00,28.39,28.39,27.92,28.28,6600
2022-11-07 07:00:00,28.25,28.25,27.48,27.84,35200
2022-11-08 07:00:00,25.94,27.7,25.9,27.55,125500
2022-11-09 07:00:00,27.48,28.14,26.38,27.59,131600
2022-11-10 07:00:00,26.38,27.4,26.38,27.15,37300
2022-11-11 07:00:00,25.79,27.15,25.64,26.74,27600
2022-11-14 07:00:00,25.28,26.74,24.88,26.74,86900
2022-11-15 07:00:00,24.91,26.74,24.91,26.74,41500
2022-11-16 07:00:00,25.17,26.63,25.17,26.6,5600
2022-11-17 07:00:00,26.56,26.82,26.38,26.82,4100
2022-11-18 07:00:00,26.74,26.74,26.3,26.67,4000
2022-11-21 07:00:00,26.01,26.74,26.01,26.74,6300
2022-11-22 07:00:00,26.74,26.89,26.74,26.74,10700
2022-11-23 07:00:00,25.86,26.71,25.64,26.71,14000
2022-11-24 07:00:00,25.64,26.67,25.35,26.67,8600
2022-11-25 07:00:00,26.63,26.74,25.79,26.6,38500
2022-11-28 07:00:00,26.41,27.7,26.38,26.82,216700
2022-11-29 07:00:00,26.89,26.89,26.38,26.6,170500
2022-11-30 07:00:00,26.71,26.71,25.86,26.6,194600
2022-12-01 07:00:00,26.12,27.11,26.08,26.74,56200
2022-12-02 07:00:00,26.74,26.74,26.38,26.63,22300
2022-12-05 07:00:00,25.83,27.11,25.83,27.11,103800
2022-12-06 07:00:00,27.11,27.11,26.52,26.89,18300
2022-12-07 07:00:00,26.6,26.89,26.38,26.74,11500
2022-12-08 07:00:00,26.74,27.04,26.3,26.38,60000
2022-12-09 07:00:00,26.38,26.52,26.3,26.3,107400
2022-12-12 07:00:00,26.96,26.96,26.23,26.63,73500
2022-12-14 07:00:00,26.63,27.04,26.63,26.67,56900
2022-12-16 07:00:00,26.89,27.59,26.41,27.59,80900
2022-12-19 07:00:00,27.59,27.7,26.74,27.7,1600
2022-12-20 07:00:00,27.59,28.06,26.82,27.62,55000
2022-12-21 07:00:00,27.11,27.99,27.11,27.81,225000
2022-12-22 07:00:00,28.43,28.43,28.14,28.25,170900
2022-12-23 07:00:00,28.21,28.58,28.06,28.5,499300
2022-12-26 07:00:00,28.5,28.94,28.21,28.94,271700
2022-12-27 07:00:00,28.94,29.24,28.91,28.98,278900
2022-12-28 07:00:00,29.24,29.24,27.84,28.83,312300
2022-12-29 07:00:00,28.65,28.91,28.65,28.91,69100
2022-12-30 07:00:00,28.87,28.91,28.36,28.91,104300
2023-01-03 07:00:00,28.91,28.91,28.87,28.87,3200
2023-01-04 07:00:00,28.06,28.69,27.26,28.65,43900
2023-01-05 07:00:00,27.7,29.31,27.7,28.36,129900
2023-01-06 07:00:00,29.24,29.24,28.36,28.94,312000
2023-01-09 07:00:00,27.77,29.24,27.77,29.16,44000
2023-01-10 07:00:00,29.64,29.64,28.94,29.46,71000
2023-01-11 07:00:00,29.53,29.53,28.87,29.46,31100
2023-01-12 07:00:00,29.16,29.46,28.94,28.94,57600
2023-01-13 07:00:00,28.94,29.38,28.94,29.27,109200
2023-01-16 07:00:00,28.65,29.09,28.65,28.91,55200
2023-01-17 07:00:00,29.31,29.31,27.95,27.95,444000
2023-01-18 07:00:00,27.88,28.58,27.88,28.54,166100
2023-01-19 07:00:00,28.94,29.31,28.83,29.24,352600
2023-01-27 07:00:00,28.61,29.2,28.58,28.58,5300
2023-01-30 07:00:00,28.58,28.65,28.58,28.58,24600
2023-01-31 07:00:00,28.36,29.67,28.36,29.67,40300
2023-02-01 07:00:00,29.64,29.67,28.94,29.64,12900
2023-02-02 07:00:00,29.6,30.04,29.31,30.04,74200
2023-02-03 07:00:00,30.04,30.19,29.6,30.04,344400
2023-02-06 07:00:00,29.71,30.04,29.71,30.04,14700
2023-02-07 07:00:00,30.04,30.63,29.67,30.63,122700
2023-02-08 07:00:00,30.26,30.96,30.22,30.48,16400
2023-02-09 07:00:00,30.77,30.92,30.55,30.77,14600
2023-02-10 07:00:00,30.77,31.07,30.04,30.92,24300
2023-02-13 07:00:00,30.77,30.99,30.55,30.99,2500
2023-02-14 07:00:00,30.92,31.21,30.48,30.88,38200
2023-02-15 07:00:00,30.88,31.07,30.59,31.07,13400
2023-02-16 07:00:00,30.85,31.07,30.7,31.07,9100
2023-02-17 07:00:00,30.77,31.14,30.7,31.14,6300
2023-02-20 07:00:00,30.77,31.14,30.77,30.92,55400
2023-02-21 07:00:00,30.88,31.65,30.77,30.92,72400
2023-02-22 07:00:00,30.63,31.51,30.63,31.51,14100
2023-02-23 07:00:00,30.92,32.97,30.77,31.4,92200
2023-02-24 07:00:00,31.4,31.47,30.55,30.77,74000
2023-02-27 07:00:00,30.99,31.36,30.55,30.74,164600
2023-02-28 07:00:00,30.96,31.18,30.63,30.92,60900
2023-03-01 07:00:00,30.7,31.1,30.7,30.92,97400
2023-03-02 07:00:00,30.92,31.36,30.55,30.7,85200
2023-03-03 07:00:00,31.14,31.14,30.41,30.63,92800
2023-03-06 07:00:00,30.7,30.74,28.65,28.65,79000
2023-03-07 07:00:00,27.92,30.11,27.92,30.11,29500
2023-03-08 07:00:00,30.55,30.77,29.71,30.08,10300
2023-03-09 07:00:00,30.08,30.08,29.67,29.75,20000
2023-03-10 07:00:00,29.75,29.75,29.56,29.64,11800
2023-03-13 07:00:00,29.56,29.97,29.31,29.93,14400
2023-03-14 07:00:00,30.0,30.0,29.31,29.6,113200
2023-03-15 07:00:00,29.75,29.75,29.31,29.6,207400
2023-03-16 07:00:00,29.49,29.6,29.27,29.6,49500
2023-03-17 07:00:00,29.67,29.75,29.09,29.67,10200
2023-03-20 07:00:00,29.67,29.71,29.31,29.53,187300
2023-03-21 07:00:00,29.53,29.67,29.2,29.2,36000
2023-03-22 07:00:00,30.36,30.36,29.39,29.55,21200
2023-03-23 07:00:00,29.55,29.55,29.31,29.55,174600
2023-03-24 07:00:00,29.55,29.62,29.01,29.62,623300
2023-03-27 07:00:00,29.62,29.7,28.93,29.55,30600
2023-03-28 07:00:00,29.47,29.66,29.47,29.58,48700
2023-03-29 07:00:00,29.58,29.62,29.47,29.58,40500
2023-03-30 07:00:00,29.35,29.51,29.35,29.51,21000
2023-03-31 07:00:00,29.55,29.66,29.55,29.55,45500
2023-04-03 07:00:00,29.62,30.05,29.62,29.93,52300
2023-04-04 07:00:00,29.78,30.09,29.7,30.09,31400
2023-04-05 07:00:00,30.09,30.39,29.97,30.24,69400
2023-04-06 07:00:00,30.43,30.43,30.09,30.16,108000
2023-04-07 07:00:00,30.16,30.16,29.89,30.01,30000
2023-04-10 07:00:00,30.01,30.7,30.01,30.32,73800
2023-04-11 07:00:00,30.24,30.36,30.09,30.24,30600
2023-04-12 07:00:00,30.09,30.43,30.09,30.39,64800
2023-04-13 07:00:00,30.39,31.24,30.2,31.24,173700
2023-04-14 07:00:00,30.93,31.71,30.93,31.55,51500
2023-04-17 07:00:00,31.55,31.55,31.09,31.47,142800
2023-04-18 07:00:00,31.4,31.44,30.93,31.4,73200
2023-04-19 07:00:00,31.63,31.82,30.93,31.32,150100
2023-04-20 07:00:00,31.32,31.4,31.09,31.4,37300
2023-04-21 07:00:00,31.4,32.13,31.4,32.01,272800
2023-04-24 07:00:00,32.21,33.48,32.21,33.36,89200
2023-04-25 07:00:00,33.36,33.6,32.4,33.17,182800
2023-04-26 07:00:00,33.17,33.17,32.59,33.17,45600
2023-04-27 07:00:00,32.98,33.48,32.94,33.25,150300
2023-04-28 07:00:00,33.02,33.4,32.75,33.33,93200
2023-05-04 07:00:00,33.29,35.41,32.98,35.41,76600
2023-05-05 07:00:00,35.33,35.33,34.25,34.33,154400
2023-05-08 07:00:00,34.33,35.49,34.29,34.6,105500
2023-05-09 07:00:00,34.6,34.6,33.87,33.87,221100
2023-05-10 07:00:00,33.79,33.94,33.17,33.94,44000
2023-05-11 07:00:00,33.94,34.33,33.67,34.1,49000
2023-05-12 07:00:00,33.83,34.64,33.83,33.87,35200
2023-05-15 07:00:00,33.63,34.37,33.56,34.29,41800
2023-05-16 07:00:00,33.87,34.29,33.79,34.1,28400
2023-05-17 07:00:00,33.63,34.25,33.63,34.25,10600
2023-05-18 07:00:00,33.94,34.21,33.67,34.14,46200
2023-05-19 07:00:00,33.67,34.64,33.63,34.64,74700
2023-05-22 07:00:00,34.64,34.64,33.98,34.56,29700
2023-05-23 07:00:00,34.25,34.48,33.98,34.41,33600
2023-05-24 07:00:00,34.06,34.64,34.02,34.56,52800
2023-05-25 07:00:00,34.02,35.87,34.02,35.49,161200
2023-05-26 07:00:00,35.49,35.91,35.49,35.56,75100
2023-05-29 07:00:00,35.72,35.72,35.49,35.56,25000
2023-05-30 07:00:00,34.83,35.56,34.83,35.56,70700
2023-05-31 07:00:00,35.49,35.49,35.33,35.49,30800
2023-06-01 07:00:00,35.33,35.56,34.06,34.06,77800
2023-06-02 07:00:00,34.33,35.33,34.33,35.33,38500
2023-06-05 07:00:00,35.33,35.33,34.1,35.06,16900
2023-06-06 07:00:00,35.02,35.02,34.33,34.87,39600
2023-06-07 07:00:00,34.79,35.02,34.48,35.02,16800
2023-06-08 07:00:00,34.95,35.02,34.71,34.71,32300
2023-06-09 07:00:00,34.79,37.14,34.79,37.14,650600
2023-06-12 07:00:00,38.96,39.5,38.19,38.19,150300
2023-06-13 07:00:00,38.26,38.57,37.41,37.8,144900
2023-06-14 07:00:00,39.27,39.27,37.57,37.57,107000
2023-06-15 07:00:00,37.65,38.19,37.03,37.03,46000
2023-06-16 07:00:00,37.11,38.42,36.64,38.15,171400
2023-06-19 07:00:00,38.34,38.42,37.8,38.11,31600
2023-06-20 07:00:00,38.19,39.27,38.19,38.57,95600
2023-06-21 07:00:00,38.57,38.57,37.57,38.34,250900
2023-06-22 07:00:00,38.49,38.49,38.03,38.03,245700
2023-06-23 07:00:00,38.49,38.49,38.03,38.19,312100
2023-06-26 07:00:00,38.19,39.19,37.65,39.11,85000
2023-06-27 07:00:00,38.96,39.88,38.96,39.19,96000
2023-06-28 07:00:00,39.19,39.96,39.11,39.11,64100
2023-06-29 07:00:00,39.11,39.34,38.57,39.11,47500
2023-06-30 07:00:00,38.34,39.19,38.34,38.38,46800
2023-07-03 07:00:00,38.11,38.96,38.11,38.73,90100
2023-07-04 07:00:00,38.96,39.03,38.57,38.8,69400
2023-07-05 07:00:00,38.57,38.8,38.34,38.65,87900
2023-07-06 07:00:00,38.73,39.81,38.49,39.81,110100
2023-07-07 07:00:00,39.81,39.88,39.42,39.42,52100
2023-07-10 07:00:00,39.73,40.65,39.42,40.58,114500
2023-07-11 07:00:00,40.58,40.58,40.11,40.11,30700
2023-07-12 07:00:00,40.5,40.5,39.57,40.35,44300
2023-07-13 07:00:00,40.11,40.11,39.57,39.57,85000
2023-07-14 07:00:00,39.88,40.42,39.34,39.65,181100
2023-07-17 07:00:00,39.19,40.11,39.19,40.04,122200
2023-07-18 07:00:00,39.34,40.42,39.34,40.27,63700
2023-07-19 07:00:00,40.58,40.81,40.11,40.81,218100
2023-07-20 07:00:00,40.5,42.58,40.5,42.12,223000
2023-07-21 07:00:00,42.04,42.04,40.11,40.89,200800
2023-07-24 07:00:00,40.89,42.04,40.11,41.66,172700
2023-07-25 07:00:00,42.43,42.43,41.35,41.66,62100
2023-07-26 07:00:00,41.66,41.66,40.89,41.19,78000
2023-07-27 07:00:00,41.19,41.66,40.11,40.19,87300
2023-07-28 07:00:00,40.35,40.89,40.19,40.73,37200
2023-07-31 07:00:00,40.89,40.89,40.27,40.58,154700
2023-08-01 07:00:00,40.89,40.89,39.03,39.03,233700
2023-08-02 07:00:00,39.11,39.34,38.65,39.11,81900
2023-08-03 07:00:00,39.19,39.96,38.88,38.88,27800
2023-08-04 07:00:00,39.65,39.65,38.8,39.34,104200
2023-08-07 07:00:00,39.34,39.57,38.73,39.34,76900
2023-08-08 07:00:00,38.8,39.34,38.65,38.8,94100
2023-08-09 07:00:00,38.8,39.34,38.73,39.27,47400
2023-08-10 07:00:00,39.03,39.5,39.03,39.11,34300
2023-08-11 07:00:00,39.11,39.11,38.73,39.11,43300
2023-08-14 07:00:00,39.11,39.11,38.8,38.8,17900
2023-08-15 07:00:00,38.96,40.19,38.96,40.11,145800
2023-08-16 07:00:00,40.35,40.35,39.57,39.81,20900
2023-08-17 07:00:00,39.5,40.5,39.42,40.35,99800
2023-08-18 07:00:00,39.57,40.5,39.5,39.88,92300
2023-08-21 07:00:00,39.03,39.65,38.96,39.11,68700
2023-08-22 07:00:00,39.11,39.27,38.57,39.27,51100
2023-08-23 07:00:00,39.27,39.65,39.03,39.34,28400
2023-08-24 07:00:00,39.34,39.5,39.27,39.5,45400
2023-08-25 07:00:00,39.5,39.57,39.19,39.57,18300
2023-08-28 07:00:00,39.57,40.04,39.34,40.04,68500
2023-08-29 07:00:00,40.04,40.11,39.5,39.5,18000
2023-08-30 07:00:00,39.88,40.04,39.27,39.27,84600
2023-08-31 07:00:00,39.81,39.81,39.03,39.81,47300
2023-09-05 07:00:00,39.81,39.96,39.34,39.81,22000
2023-09-06 07:00:00,39.81,40.89,39.42,40.89,206200
2023-09-07 07:00:00,40.89,40.96,40.5,40.89,49500
2023-09-08 07:00:00,40.89,40.89,40.35,40.35,33000
2023-09-11 07:00:00,40.42,41.04,40.04,40.65,99200
2023-09-12 07:00:00,40.73,40.89,40.35,40.81,64300
2023-09-13 07:00:00,40.65,41.27,40.58,41.27,127900
2023-09-14 07:00:00,41.27,41.5,40.58,41.27,43400
2023-09-15 07:00:00,41.27,42.04,40.81,41.97,124700
2023-09-18 07:00:00,41.97,43.82,41.73,42.58,61300
2023-09-19 07:00:00,42.27,42.58,41.97,42.43,34900
2023-09-20 07:00:00,42.43,42.74,42.12,42.43,34300
2023-09-21 07:00:00,42.51,42.51,42.12,42.43,17700
2023-09-22 07:00:00,42.12,43.2,41.58,43.2,71200
2023-09-25 07:00:00,42.51,43.2,41.81,42.43,31700
2023-09-26 07:00:00,42.35,42.58,41.35,42.51,188000
2023-09-27 07:00:00,42.43,42.81,41.66,42.81,118800
2023-09-28 07:00:00,42.51,42.51,41.43,42.43,61500
2023-09-29 07:00:00,42.43,43.12,42.43,42.81,94500
2023-10-02 07:00:00,42.81,43.12,42.12,42.81,58700
2023-10-03 07:00:00,43.59,44.05,42.35,44.05,253700
2023-10-04 07:00:00,44.28,44.67,43.74,44.51,32100
2023-10-05 07:00:00,44.36,44.59,43.2,44.28,44400
2023-10-06 07:00:00,44.28,44.43,43.2,44.43,37000
2023-10-09 07:00:00,44.43,44.59,44.05,44.43,47400
2023-10-10 07:00:00,45.36,45.75,44.2,45.75,128700
2023-10-11 07:00:00,45.75,45.75,44.74,45.13,58800
2023-10-12 07:00:00,45.13,45.59,44.59,45.51,190000
2023-10-13 07:00:00,44.74,46.05,43.43,46.05,333400
2023-10-16 07:00:00,44.9,45.9,44.43,45.82,352800
2023-10-17 07:00:00,45.67,45.82,45.28,45.51,180400
2023-10-18 07:00:00,45.67,46.29,45.36,45.36,123400
2023-10-19 07:00:00,44.9,45.51,44.82,45.28,156400
2023-10-20 07:00:00,45.13,45.59,44.9,45.44,63300
2023-10-23 07:00:00,45.21,45.59,43.89,45.59,228900
2023-10-24 07:00:00,44.67,45.98,44.59,45.98,46300
2023-10-25 07:00:00,44.97,45.9,44.82,45.67,24700
2023-10-26 07:00:00,45.21,45.44,42.51,44.28,277100
2023-10-27 07:00:00,44.28,45.9,43.51,45.9,120800
2023-10-30 07:00:00,45.51,45.67,44.82,45.67,113700
2023-10-31 07:00:00,44.43,45.36,44.43,45.13,61700
2023-11-01 07:00:00,44.59,45.28,44.59,45.28,70200
2023-11-02 07:00:00,45.28,45.44,44.97,45.13,137600
2023-11-03 07:00:00,45.67,45.67,44.9,45.44,10200
2023-11-06 07:00:00,45.13,45.44,44.59,45.44,26400
2023-11-07 07:00:00,45.44,45.44,44.59,45.13,12900
2023-11-08 07:00:00,44.59,45.13,44.2,45.13,52700
2023-11-09 07:00:00,44.9,45.21,44.59,45.13,53900
2023-11-10 07:00:00,45.13,45.13,44.74,45.05,8200
2023-11-13 07:00:00,45.05,45.05,44.59,44.74,17200
2023-11-14 07:00:00,44.59,44.74,44.28,44.67,14200
2023-11-15 07:00:00,44.43,44.67,44.05,44.67,49600
2023-11-16 07:00:00,44.59,44.59,43.97,44.36,34100
2023-11-17 07:00:00,44.05,44.36,43.74,44.36,94100
2023-11-20 07:00:00,43.28,44.36,43.28,44.36,27400
2023-11-21 07:00:00,43.43,44.36,43.43,44.36,11100
2023-11-22 07:00:00,43.89,44.2,43.89,44.2,37100
2023-11-23 07:00:00,43.89,44.28,43.74,43.74,63100
2023-11-24 07:00:00,43.74,43.97,43.35,43.74,20800
2023-11-27 07:00:00,43.66,43.82,42.51,42.51,20400
2023-11-28 07:00:00,42.66,43.51,42.51,42.51,60000
2023-11-29 07:00:00,43.51,43.51,41.66,42.51,48500
2023-11-30 07:00:00,43.2,45.44,42.74,45.44,356800
2023-12-01 07:00:00,44.51,45.36,44.51,45.13,37300
2023-12-04 07:00:00,45.05,45.13,44.59,45.13,54500
2023-12-05 07:00:00,45.13,45.13,44.51,44.74,16300
2023-12-06 07:00:00,44.43,44.82,44.13,44.74,21900
2023-12-07 07:00:00,44.97,44.97,44.2,44.82,21600
2023-12-08 07:00:00,44.97,44.97,43.74,43.74,17100
2023-12-11 07:00:00,43.89,44.13,43.28,44.13,32000
2023-12-12 07:00:00,43.59,43.97,43.35,43.97,34200
2023-12-13 07:00:00,43.59,43.74,42.97,43.74,88800
2023-12-14 07:00:00,43.28,43.35,42.81,43.2,53600
2023-12-15 07:00:00,43.2,43.2,41.81,43.12,92400
2023-12-18 07:00:00,42.51,43.12,41.27,43.12,110700
2023-12-19 07:00:00,42.81,42.81,41.5,42.27,394200
2023-12-20 07:00:00,41.66,42.04,41.27,42.04,194000
2023-12-21 07:00:00,41.5,41.73,40.96,41.73,172100
2023-12-22 07:00:00,41.66,41.66,40.89,41.66,107300
2023-12-25 07:00:00,41.35,41.97,41.12,41.97,60200
2023-12-26 07:00:00,41.89,41.89,40.89,41.04,148800
2023-12-27 07:00:00,41.27,41.81,41.27,41.27,27200
2023-12-28 07:00:00,41.58,41.81,41.19,41.81,67400
2023-12-29 07:00:00,42.27,42.27,41.27,41.81,32600
2024-01-02 07:00:00,41.81,42.27,40.58,40.58,245700
2024-01-03 07:00:00,40.42,42.12,40.42,42.12,160500
2024-01-04 07:00:00,42.12,42.12,40.89,41.81,182900
2024-01-05 07:00:00,41.81,41.97,41.27,41.97,38200
2024-01-08 07:00:00,41.97,41.97,40.73,41.73,108100
2024-01-09 07:00:00,41.73,41.73,40.81,41.58,121500
2024-01-10 07:00:00,41.35,41.43,40.65,41.43,149600
2024-01-11 07:00:00,40.96,41.35,40.35,41.19,73900
2024-01-12 07:00:00,40.96,41.19,40.65,41.19,216100
2024-01-15 07:00:00,41.5,41.5,40.73,41.43,51300
2024-01-16 07:00:00,41.27,41.27,40.42,41.04,37200
2024-01-17 07:00:00,40.96,41.58,40.89,41.58,74300
2024-01-18 07:00:00,41.12,41.5,40.65,41.5,104000
2024-01-19 07:00:00,41.66,41.66,40.96,41.66,66800
2024-01-22 07:00:00,41.58,41.66,40.96,41.66,28000
2024-01-23 07:00:00,41.27,41.58,41.12,41.43,35000
2024-01-24 07:00:00,41.12,41.43,41.04,41.43,111100
2024-01-25 07:00:00,41.12,41.35,41.04,41.27,34900
2024-01-26 07:00:00,41.27,41.35,40.35,41.12,161200
2024-01-29 07:00:00,41.12,41.27,40.35,40.65,114400
2024-01-30 07:00:00,40.89,40.89,40.5,40.89,25300
2024-01-31 07:00:00,41.04,41.04,40.5,40.89,81700
2024-02-01 07:00:00,40.89,41.27,40.35,41.27,66500
2024-02-02 07:00:00,41.04,41.5,41.04,41.5,30700
2024-02-05 07:00:00,41.43,41.58,40.73,41.58,61600
2024-02-06 07:00:00,40.96,41.58,40.96,41.58,36600
2024-02-07 07:00:00,41.58,41.81,41.12,41.81,43100
2024-02-15 07:00:00,41.66,41.81,41.35,41.81,37400
2024-02-16 07:00:00,41.58,41.66,41.43,41.66,12200
2024-02-19 07:00:00,41.66,41.66,41.12,41.58,25100
2024-02-20 07:00:00,41.58,41.58,41.19,41.58,81600
2024-02-21 07:00:00,41.5,41.66,41.27,41.66,26600
2024-02-22 07:00:00,41.58,41.66,41.19,41.66,74800
2024-02-23 07:00:00,41.66,41.89,41.35,41.58,60500
2024-02-26 07:00:00,41.58,41.66,41.5,41.66,43000
2024-02-27 07:00:00,41.66,42.58,41.58,42.27,116900
2024-02-28 07:00:00,42.81,42.81,42.27,42.43,25900
2024-02-29 07:00:00,42.27,42.81,41.81,42.81,147400
2024-03-01 07:00:00,42.97,42.97,42.2,42.97,233500
2024-03-04 07:00:00,43.05,43.05,42.43,42.81,55500
2024-03-05 07:00:00,42.58,42.97,42.27,42.81,93200
2024-03-06 07:00:00,42.74,42.81,42.43,42.74,72000
2024-03-07 07:00:00,42.74,42.74,42.35,42.43,12500
2024-03-08 07:00:00,42.43,42.43,41.97,41.97,81300
2024-03-11 07:00:00,42.04,42.81,42.04,42.35,15400
2024-03-12 07:00:00,42.35,42.66,42.35,42.51,46300
2024-03-13 07:00:00,42.51,42.51,42.35,42.51,10400
2024-03-14 07:00:00,42.51,42.51,42.2,42.43,187400
2024-03-15 07:00:00,42.58,43.97,42.12,43.97,660600
2024-03-18 07:00:00,44.05,44.28,43.59,43.66,389900
2024-03-19 07:00:00,43.66,43.89,43.35,43.66,410700
2024-03-20 07:00:00,43.51,43.74,43.2,43.59,36400
2024-03-21 07:00:00,43.59,44.05,43.35,43.89,212800
2024-03-22 07:00:00,43.89,43.89,42.66,43.51,48500
2024-03-25 07:00:00,43.35,43.35,42.81,43.35,19500
2024-03-26 07:00:00,42.81,43.35,42.81,43.35,26200
2024-03-27 07:00:00,42.97,43.66,42.89,43.66,42200
2024-03-28 07:00:00,43.59,43.59,42.89,43.35,12600
2024-03-29 07:00:00,43.35,43.35,42.81,43.28,18300
2024-04-01 07:00:00,43.05,43.2,42.74,43.2,32400
2024-04-02 07:00:00,42.35,43.12,42.35,42.58,87900
2024-04-03 07:00:00,43.05,43.12,42.35,43.12,46000
2024-04-04 07:00:00,42.97,43.05,42.66,43.05,3800
2024-04-05 07:00:00,42.81,42.89,42.27,42.89,70500
2024-04-08 07:00:00,42.89,42.89,41.89,42.66,111000
2024-04-09 07:00:00,41.81,42.51,41.81,42.35,101200
2024-04-10 07:00:00,42.27,42.27,41.5,42.2,28800
2024-04-11 07:00:00,42.04,42.04,41.43,41.66,21700
2024-04-12 07:00:00,41.43,42.04,41.35,41.89,68900
2024-04-15 07:00:00,41.66,41.73,41.27,41.27,32200
2024-04-16 07:00:00,40.89,41.27,40.5,40.81,24600
2024-04-17 07:00:00,40.81,40.96,40.65,40.81,6900
2024-04-19 07:00:00,40.81,41.66,40.27,41.43,35700
2024-04-22 07:00:00,41.43,41.43,41.19,41.27,40900
2024-04-23 07:00:00,40.89,41.27,40.5,41.19,9200
2024-04-24 07:00:00,41.27,41.27,41.04,41.12,39000
2024-04-25 07:00:00,41.5,41.5,40.58,41.12,17700
2024-04-26 07:00:00,40.58,41.12,40.58,41.04,64600
2024-05-02 07:00:00,41.04,41.04,40.89,40.96,16500
2024-05-03 07:00:00,40.96,40.96,40.65,40.96,75700
2024-05-06 07:00:00,40.89,40.96,40.65,40.89,77000
2024-05-07 07:00:00,40.81,40.89,40.5,40.65,69100
2024-05-08 07:00:00,40.89,40.89,40.65,40.89,33600
2024-05-09 07:00:00,40.89,40.89,40.58,40.81,48900
2024-05-10 07:00:00,40.89,40.89,40.5,40.81,24100
2024-05-13 07:00:00,40.81,40.81,40.5,40.65,44700
2024-05-14 07:00:00,40.5,40.65,40.5,40.65,101800
2024-05-15 07:00:00,40.65,40.89,40.35,40.35,64700
2024-05-16 07:00:00,40.81,40.81,40.27,40.65,111900
2024-05-17 07:00:00,40.81,40.81,40.5,40.65,77700
2024-05-20 07:00:00,40.65,40.73,40.19,40.58,321000
2024-05-21 07:00:00,40.73,40.73,40.35,40.58,66600
2024-05-22 07:00:00,40.58,40.58,40.42,40.58,17800
2024-05-23 07:00:00,40.35,40.65,40.35,40.5,61700
2024-05-24 07:00:00,40.58,40.58,38.57,40.5,120400
2024-05-27 07:00:00,40.5,40.5,40.11,40.42,19400
2024-05-28 07:00:00,40.19,40.42,40.11,40.27,10700
2024-05-29 07:00:00,40.65,41.27,40.5,40.5,72500
2024-05-30 07:00:00,40.5,40.5,40.11,40.42,16900
2024-05-31 07:00:00,40.5,40.5,40.11,40.42,28700
2024-06-03 07:00:00,40.42,40.5,40.42,40.5,33500
2024-06-04 07:00:00,40.5,40.5,40.11,40.35,55300
2024-06-05 07:00:00,40.42,40.58,40.35,40.58,168900
2024-06-06 07:00:00,41.66,41.66,40.89,41.35,86500
2024-06-07 07:00:00,41.43,41.58,41.27,41.43,75000
2024-06-10 07:00:00,41.43,41.5,41.12,41.19,76000
2024-06-11 07:00:00,41.19,41.27,40.89,41.19,69300
2024-06-12 07:00:00,41.27,41.27,40.89,40.96,270300
2024-06-13 07:00:00,41.19,41.43,41.12,41.19,110500
2024-06-14 07:00:00,41.58,41.58,40.89,40.89,265200
2024-06-17 07:00:00,41.35,41.35,40.96,41.12,77300
2024-06-18 07:00:00,41.19,41.27,40.96,41.27,90400
2024-06-19 07:00:00,41.95,41.95,40.79,40.79,47500
2024-06-20 07:00:00,40.84,40.84,40.31,40.69,144000
2024-06-21 07:00:00,40.55,40.98,40.21,40.5,87700
2024-06-24 07:00:00,40.26,40.26,38.76,39.92,104600
2024-06-25 07:00:00,39.15,39.63,39.15,39.54,42700
2024-06-26 07:00:00,39.54,39.54,39.1,39.1,19200
2024-06-27 07:00:00,39.1,39.54,39.1,39.29,51900
2024-06-28 07:00:00,39.29,39.29,37.61,38.57,184700
2024-07-01 07:00:00,38.38,38.38,38.19,38.38,25400
2024-07-02 07:00:00,38.38,38.48,38.09,38.14,43000
2024-07-03 07:00:00,38.09,38.09,37.8,38.09,174000
2024-07-04 07:00:00,38.09,39.54,38.09,38.86,132900
2024-07-05 07:00:00,38.86,39.25,38.67,39.2,42400
2024-07-08 07:00:00,39.2,39.2,38.62,39.05,33600
2024-07-09 07:00:00,39.15,39.44,38.57,39.15,33200
2024-07-10 07:00:00,39.15,39.39,39.05,39.05,26900
2024-07-11 07:00:00,39.44,40.07,39.44,39.92,95600
2024-07-12 07:00:00,40.07,40.4,40.02,40.11,44700
2024-07-15 07:00:00,40.21,40.31,40.11,40.31,25300
2024-07-16 07:00:00,40.5,43.1,40.5,43.1,223500
2024-07-17 07:00:00,44.31,45.27,43.2,43.39,175600
2024-07-18 07:00:00,43.39,44.07,41.46,42.38,90200
2024-07-19 07:00:00,42.43,43.39,40.5,41.27,164700
2024-07-22 07:00:00,41.27,41.27,39.05,40.55,99800
2024-07-23 07:00:00,39.73,40.89,39.73,39.92,51400
2024-07-24 07:00:00,40.69,40.69,39.54,40.16,33200
2024-07-25 07:00:00,40.5,41.46,38.62,40.93,187200
2024-07-26 07:00:00,40.79,41.13,40.5,40.89,18100
2024-07-29 07:00:00,40.89,40.89,40.21,40.4,40700
2024-07-30 07:00:00,39.87,40.31,39.83,40.31,40800
2024-07-31 07:00:00,40.31,40.84,39.92,40.64,55800
2024-08-01 07:00:00,40.64,40.84,39.34,40.45,60400
2024-08-02 07:00:00,39.54,40.11,39.1,40.11,30900
2024-08-05 07:00:00,40.07,40.07,38.96,39.54,38400
2024-08-06 07:00:00,39.54,39.92,39.01,39.54,20100
2024-08-07 07:00:00,39.15,39.58,39.01,39.54,24700
2024-08-08 07:00:00,39.15,39.25,38.67,38.67,43100
2024-08-09 07:00:00,38.57,40.02,38.57,39.83,163300
2024-08-12 07:00:00,39.83,40.02,38.57,39.73,296300
2024-08-13 07:00:00,39.54,40.31,39.1,40.02,66100
2024-08-14 07:00:00,39.78,39.92,39.34,39.34,22800
2024-08-15 07:00:00,39.44,39.44,38.57,39.15,46100
2024-08-16 07:00:00,39.15,39.54,38.72,39.49,122700
2024-08-19 07:00:00,39.54,39.68,39.2,39.29,112800
2024-08-20 07:00:00,39.29,39.44,39.05,39.15,21700
2024-08-21 07:00:00,39.34,39.92,38.96,39.83,78400
2024-08-22 07:00:00,39.83,40.07,39.25,39.54,108000
2024-08-23 07:00:00,39.58,39.73,39.44,39.54,39800
2024-08-26 07:00:00,39.49,39.63,39.44,39.63,12700
2024-08-27 07:00:00,39.63,39.83,39.44,39.44,53800
2024-08-28 07:00:00,39.49,39.73,39.44,39.68,63500
2024-08-29 07:00:00,39.68,39.73,39.54,39.73,48200
2024-08-30 07:00:00,39.73,39.73,39.39,39.73,34700
2024-09-04 07:00:00,39.39,39.54,39.34,39.44,16100
2024-09-05 07:00:00,39.25,39.73,39.25,39.54,22200
2024-09-06 07:00:00,39.54,39.54,39.29,39.44,14500
2024-09-09 07:00:00,39.44,39.49,39.34,39.39,123300
2024-09-10 07:00:00,39.44,39.54,39.29,39.39,16400
2024-09-11 07:00:00,39.39,40.26,39.34,40.21,180100
2024-09-12 07:00:00,40.07,41.85,40.07,41.32,1517000
2024-09-13 07:00:00,41.32,41.75,41.13,41.32,72800
2024-09-16 07:00:00,41.08,41.32,40.16,40.16,88400
2024-09-17 07:00:00,40.55,40.55,40.02,40.5,74900
2024-09-18 07:00:00,40.98,41.03,40.21,40.21,123700
2024-09-19 07:00:00,40.26,40.5,40.02,40.21,89400
2024-09-20 07:00:00,40.5,41.32,40.5,41.13,769500
2024-09-23 07:00:00,41.42,41.46,40.98,41.46,81700
2024-09-24 07:00:00,41.42,43.39,41.42,42.67,299600
2024-09-25 07:00:00,42.67,43.1,42.24,42.72,136200
2024-09-26 07:00:00,42.57,43.25,41.51,42.53,230900
2024-09-27 07:00:00,42.43,43.39,42.43,43.25,381300
2024-09-30 07:00:00,43.59,43.59,43.15,43.39,689400
2024-10-01 07:00:00,43.39,43.83,43.2,43.68,179500
2024-10-02 07:00:00,43.63,43.92,43.25,43.88,369700
2024-10-03 07:00:00,43.97,44.16,43.39,43.39,334400
2024-10-04 07:00:00,43.39,43.63,43.2,43.2,71400
2024-10-07 07:00:00,43.59,43.63,43.34,43.54,190500
2024-10-08 07:00:00,43.54,46.58,43.1,46.58,777100
2024-10-09 07:00:00,46.58,48.99,46.33,47.25,515700
2024-10-10 07:00:00,47.15,47.78,45.32,45.32,338200
2024-10-11 07:00:00,45.32,46.19,45.32,45.8,421500
2024-10-14 07:00:00,45.9,48.99,45.9,47.73,669400
2024-10-15 07:00:00,48.02,48.02,46.86,46.96,88800
2024-10-16 07:00:00,48.07,48.21,46.77,48.21,1266600
2024-10-17 07:00:00,48.7,49.08,46.96,47.83,305900
2024-10-18 07:00:00,48.12,48.12,47.06,47.25,123500
2024-10-21 07:00:00,47.2,47.2,46.38,46.43,234000
2024-10-22 07:00:00,46.43,46.72,45.76,46.72,135400
2024-10-23 07:00:00,46.67,46.72,45.8,46.29,174800
2024-10-24 07:00:00,46.72,48.21,46.29,47.25,208500
2024-10-25 07:00:00,47.25,49.56,47.25,48.41,1331000
2024-10-28 07:00:00,48.6,49.28,48.02,48.41,232300
2024-10-29 07:00:00,48.41,48.6,47.54,47.54,105400
2024-10-30 07:00:00,47.59,47.97,47.25,47.93,89200
2024-10-31 07:00:00,47.68,48.5,47.3,47.78,229900
2024-11-01 07:00:00,47.44,48.12,47.35,48.12,139700
2024-11-04 07:00:00,48.02,48.12,46.82,47.01,151700
2024-11-05 07:00:00,46.58,48.02,46.38,47.35,225200
2024-11-06 07:00:00,47.93,48.31,47.39,47.83,122100
2024-11-07 07:00:00,48.21,48.21,47.35,47.35,98000
2024-11-08 07:00:00,47.35,47.44,46.77,46.96,443400
2024-11-11 07:00:00,46.86,46.86,46.29,46.67,225200
2024-11-12 07:00:00,46.43,47.3,46.29,46.29,122300
2024-11-13 07:00:00,46.19,47.01,46.09,46.72,143800
2024-11-14 07:00:00,46.72,46.86,46.14,46.53,76300
2024-11-15 07:00:00,46.77,46.77,45.76,46.29,146800
2024-11-18 07:00:00,45.8,46.29,45.61,46.0,83300
2024-11-19 07:00:00,45.95,46.09,45.03,45.32,92200
2024-11-20 07:00:00,45.32,45.8,44.79,45.61,73700
2024-11-21 07:00:00,45.61,45.71,45.13,45.61,31600
2024-11-22 07:00:00,45.8,47.83,45.66,47.44,389900
2024-11-25 07:00:00,47.97,47.97,47.25,47.39,53000
2024-11-26 07:00:00,47.39,48.99,47.06,47.2,363500
2024-11-27 07:00:00,47.2,48.12,46.86,47.64,167400
2024-11-28 07:00:00,48.12,50.91,48.07,50.91,1260700
2024-11-29 07:00:00,52.26,54.39,52.07,54.39,1120500
2024-12-02 07:00:00,54.39,56.31,53.61,55.54,503100
2024-12-03 07:00:00,55.83,57.86,54.58,56.89,611000
2024-12-04 07:00:00,57.18,57.76,55.35,55.93,391300
2024-12-05 07:00:00,56.31,56.89,54.96,56.51,536800
2024-12-06 07:00:00,56.51,57.66,55.16,56.6,755000
2024-12-09 07:00:00,56.22,58.15,55.93,58.05,980800
2024-12-10 07:00:00,58.05,58.34,57.38,57.76,850500
2024-12-11 07:00:00,57.57,57.86,55.74,57.28,596500
2024-12-12 07:00:00,56.89,57.09,56.22,56.31,357200
2024-12-13 07:00:00,55.93,56.31,54.0,54.68,1183800
2024-12-16 07:00:00,54.68,56.03,53.9,56.03,553500
2024-12-17 07:00:00,56.03,57.57,55.64,56.8,769500
2024-12-18 07:00:00,56.89,58.34,56.89,56.99,1073900
2024-12-19 07:00:00,56.31,56.99,55.93,56.8,710200
2024-12-20 07:00:00,56.89,57.95,56.31,57.66,997100
2024-12-23 07:00:00,57.86,59.79,57.86,58.82,765100
2024-12-24 07:00:00,58.82,58.82,58.05,58.53,660000
2024-12-25 07:00:00,58.63,58.63,55.25,56.22,2313700
2024-12-26 07:00:00,56.51,56.51,55.64,56.41,430300
2024-12-27 07:00:00,56.41,56.41,55.45,55.45,350600
2024-12-30 07:00:00,55.54,56.22,54.87,55.45,295200
2024-12-31 07:00:00,55.35,56.12,55.06,55.54,128300
2025-01-02 07:00:00,55.54,56.89,55.54,56.89,289100
2025-01-03 07:00:00,56.89,56.89,56.12,56.51,329600
2025-01-06 07:00:00,56.31,56.6,55.06,55.74,295000
2025-01-07 07:00:00,55.83,56.7,55.45,56.41,428100
2025-01-08 07:00:00,56.03,56.31,55.54,56.22,228100
2025-01-09 07:00:00,56.22,58.34,56.12,57.38,501600
2025-01-10 07:00:00,57.38,57.66,56.7,57.38,307000
2025-01-13 07:00:00,57.18,57.18,56.03,56.51,317900
2025-01-14 07:00:00,56.8,58.05,56.6,57.38,345900
2025-01-15 07:00:00,57.38,59.11,56.89,58.82,629300
2025-01-16 07:00:00,58.82,59.11,58.15,58.15,258400
2025-01-17 07:00:00,58.24,62.2,58.24,59.79,925200
2025-01-20 07:00:00,60.56,60.56,58.63,58.82,320200
2025-01-21 07:00:00,58.63,59.3,56.51,57.28,922000
2025-01-22 07:00:00,57.09,57.28,55.93,56.31,488300
2025-01-23 07:00:00,56.31,56.7,56.12,56.6,224000
2025-01-24 07:00:00,56.31,56.41,55.16,56.31,394600
2025-02-03 07:00:00,55.93,56.41,54.68,55.83,159300
2025-02-04 07:00:00,55.83,56.89,55.74,56.89,174500
2025-02-05 07:00:00,56.89,56.99,56.22,56.31,214800
2025-02-06 07:00:00,56.41,56.89,55.93,56.89,226600
2025-02-07 07:00:00,56.89,58.63,56.7,57.28,547700
2025-02-10 07:00:00,57.28,57.28,56.03,56.41,245600
2025-02-11 07:00:00,56.41,58.34,56.31,57.86,542900
2025-02-12 07:00:00,57.95,57.95,57.18,57.28,122900
2025-02-13 07:00:00,57.28,58.15,56.99,57.86,289400
2025-02-14 07:00:00,57.86,58.05,56.99,57.66,278100
2025-02-17 07:00:00,57.38,60.17,57.38,58.34,776100
2025-02-18 07:00:00,58.44,58.73,57.66,58.05,226900
2025-02-19 07:00:00,58.05,58.63,55.25,56.8,1146700
2025-02-20 07:00:00,56.41,56.6,55.93,56.6,419300
2025-02-21 07:00:00,56.6,56.8,55.93,56.6,181700
2025-02-24 07:00:00,56.22,56.6,56.12,56.51,188700
2025-02-25 07:00:00,56.03,56.41,55.93,56.22,160600
2025-02-26 07:00:00,56.22,57.18,55.93,56.89,253300
2025-02-27 07:00:00,56.99,57.18,56.22,56.6,198300
2025-02-28 07:00:00,56.7,56.7,56.12,56.12,154400
2025-03-03 07:00:00,56.12,56.31,55.93,56.31,178400
2025-03-04 07:00:00,56.31,56.6,55.93,55.93,187500
2025-03-05 07:00:00,55.83,55.83,55.06,55.74,321500
2025-03-06 07:00:00,55.74,55.93,55.16,55.93,191900
2025-03-07 07:00:00,56.31,56.31,55.35,55.74,125800
2025-03-10 07:00:00,55.74,55.74,54.68,55.16,284200
2025-03-11 07:00:00,54.96,55.35,54.48,55.16,102200
2025-03-12 07:00:00,55.35,55.54,54.77,55.54,200500
2025-03-13 07:00:00,55.54,56.31,54.96,55.54,228900
2025-03-14 07:00:00,55.74,55.74,54.68,55.16,175400
2025-03-17 07:00:00,54.77,54.96,54.0,54.96,150300
2025-03-18 07:00:00,54.96,54.96,54.19,54.87,107100
2025-03-19 07:00:00,55.16,56.89,54.96,56.31,553800
2025-03-20 07:00:00,56.31,56.31,55.64,56.12,124700
2025-03-21 07:00:00,56.41,56.41,55.64,55.93,104200
2025-03-24 07:00:00,55.93,55.93,53.81,53.81,414500
2025-03-25 07:00:00,53.9,53.9,52.26,52.84,240900
2025-03-26 07:00:00,52.17,53.71,52.17,53.52,582800
2025-03-27 07:00:00,53.52,53.81,53.04,53.52,106700
2025-03-28 07:00:00,53.52,53.71,52.46,52.94,155700
2025-03-31 07:00:00,52.94,53.04,51.3,52.07,195200
2025-04-01 07:00:00,52.17,52.84,51.59,52.07,38400
2025-04-02 07:00:00,51.98,52.26,51.59,51.59,138000
2025-04-03 07:00:00,49.28,50.43,48.02,48.02,767000
2025-04-04 07:00:00,45.03,47.54,44.84,46.29,413700
2025-04-08 07:00:00,45.32,45.42,43.06,43.06,791400
2025-04-09 07:00:00,40.5,44.16,40.5,44.16,502900
2025-04-10 07:00:00,47.25,47.25,47.2,47.25,100800
2025-04-11 07:00:00,48.02,48.21,47.2,48.21,242200
2025-04-14 07:00:00,48.99,48.99,48.21,48.41,108500
2025-04-15 07:00:00,48.21,48.7,47.88,48.31,168400
2025-04-16 07:00:00,48.21,48.41,47.35,47.59,101300
2025-04-17 07:00:00,47.25,47.59,46.86,47.39,85300
2025-04-18 07:00:00,47.39,48.12,47.25,48.02,149300
2025-04-21 07:00:00,47.54,48.02,47.06,47.73,95100
2025-04-22 07:00:00,47.68,47.68,45.51,45.8,232700
2025-04-23 07:00:00,45.95,46.38,45.9,46.19,80200
2025-04-24 07:00:00,46.19,46.48,46.19,46.19,62200
2025-04-25 07:00:00,45.95,46.29,45.61,46.14,105100
2025-04-28 07:00:00,46.91,46.96,46.29,46.38,51000
2025-04-29 07:00:00,46.43,48.07,46.43,47.73,177400
2025-05-05 07:00:00,47.97,48.7,47.88,48.6,204600
2025-05-06 07:00:00,48.6,48.99,48.41,48.79,97100
2025-05-07 07:00:00,48.79,50.05,48.5,48.7,195400
2025-05-08 07:00:00,48.7,49.28,48.5,49.28,139500
2025-05-09 07:00:00,49.28,49.28,48.41,48.79,372200
2025-05-12 07:00:00,48.79,49.18,48.12,48.5,131500
2025-05-13 07:00:00,48.5,48.89,47.49,48.07,473100
2025-05-14 07:00:00,48.02,48.7,47.93,48.12,247900
2025-05-15 07:00:00,48.07,48.31,47.83,47.97,93500
2025-05-16 07:00:00,47.73,48.7,47.44,48.6,351000
2025-05-19 07:00:00,48.99,49.56,48.6,48.99,308000
2025-05-20 07:00:00,49.28,50.24,49.28,49.56,285000
2025-05-21 07:00:00,49.76,49.85,49.08,49.47,158600
2025-05-22 07:00:00,49.18,49.28,48.79,48.99,196600
2025-05-23 07:00:00,49.28,51.01,49.18,49.66,248400
2025-05-26 07:00:00,50.05,50.05,47.3,49.95,265400
2025-05-27 07:00:00,49.95,50.34,49.85,50.14,264200
2025-05-28 07:00:00,50.34,50.34,49.76,50.14,190100
2025-05-29 07:00:00,50.43,50.43,49.95,50.34,157500
2025-05-30 07:00:00,50.34,50.34,49.76,50.14,224800
2025-06-02 07:00:00,50.24,50.72,49.76,50.72,206800
2025-06-03 07:00:00,51.49,51.88,50.63,51.78,318400
2025-06-04 07:00:00,51.88,54.48,51.49,54.0,473900
2025-06-05 07:00:00,53.33,53.81,52.26,52.26,203300
2025-06-06 07:00:00,52.26,52.94,51.69,51.78,136800
2025-06-09 07:00:00,51.4,52.84,51.11,51.88,387900
2025-06-10 07:00:00,51.88,52.75,51.88,52.07,145400
2025-06-11 07:00:00,52.07,52.46,51.88,51.88,74400
2025-06-12 07:00:00,51.88,53.04,51.88,52.17,288200
2025-06-13 07:00:00,51.78,52.65,51.78,52.65,282100
2025-06-16 07:00:00,53.33,53.52,52.75,53.23,100600
2025-06-17 07:00:00,53.9,54.0,52.65,52.94,129900
2025-06-18 07:00:00,52.94,53.04,52.36,53.04,324400
2025-06-19 07:00:00,53.04,54.29,52.75,53.23,198200
2025-06-20 07:00:00,53.9,54.48,53.04,54.48,385600
2025-06-23 07:00:00,54.58,54.87,54.0,54.68,150500
2025-06-24 07:00:00,54.68,54.68,53.9,53.9,114900
2025-06-25 07:00:00,54.29,54.29,53.52,54.19,149100
2025-06-26 07:00:00,54.19,54.29,53.9,54.1,126000
2025-06-27 07:00:00,54.1,54.48,53.71,54.0,274300
2025-06-30 07:00:00,54.9,54.9,51.2,53.7,117800
2025-07-01 07:00:00,53.9,54.2,53.4,54.2,190400
2025-07-02 07:00:00,54.2,54.8,53.8,54.3,100700
2025-07-03 07:00:00,53.5,54.5,53.5,54.5,198600
2025-07-04 07:00:00,54.6,54.6,53.9,54.5,52900
2025-07-07 07:00:00,54.5,54.5,54.0,54.3,92000
2025-07-08 07:00:00,54.0,54.3,53.9,54.2,121500
2025-07-09 07:00:00,54.2,54.5,54.1,54.4,231200
2025-07-10 07:00:00,54.5,54.9,54.1,54.7,204700
2025-07-11 07:00:00,54.7,54.7,54.2,54.6,68400
2025-07-14 07:00:00,54.6,54.8,54.5,54.8,91900
2025-07-15 07:00:00,54.9,55.9,54.6,55.9,225000
2025-07-16 07:00:00,55.8,55.8,55.2,55.3,51600
2025-07-17 07:00:00,55.1,55.4,54.9,55.1,102400
2025-07-18 07:00:00,54.9,55.9,54.8,55.3,125200
2025-07-21 07:00:00,55.3,55.4,55.0,55.0,303500
2025-07-22 07:00:00,54.6,55.2,54.6,55.1,57800
2025-07-23 07:00:00,55.7,55.7,55.0,55.3,57600
2025-07-24 07:00:00,55.1,55.4,54.8,55.1,42600
2025-07-25 07:00:00,55.1,55.5,54.9,55.0,131200
2025-07-28 07:00:00,55.5,57.0,55.4,56.3,343900
2025-07-29 07:00:00,56.8,56.8,55.2,55.2,331600
2025-07-30 07:00:00,55.2,55.5,54.8,55.5,142200
2025-07-31 07:00:00,55.2,55.4,54.9,55.3,104400
2025-08-01 07:00:00,55.0,55.4,54.8,55.3,45800
2025-08-04 07:00:00,55.3,55.3,54.6,55.2,40900
2025-08-05 07:00:00,55.2,55.6,54.6,54.8,97500
2025-08-06 07:00:00,54.9,55.3,54.8,55.2,42900
2025-08-07 07:00:00,55.2,55.2,54.6,54.9,22900
2025-08-08 07:00:00,55.0,55.0,54.7,54.8,52400
2025-08-11 07:00:00,55.1,55.1,54.6,54.8,64300
2025-08-12 07:00:00,54.6,54.9,54.6,54.7,61800
2025-08-13 07:00:00,54.6,55.5,54.5,55.5,116600
2025-08-14 07:00:00,55.5,55.5,54.8,55.0,54000
2025-08-15 07:00:00,54.7,54.9,54.3,54.9,189200
2025-08-18 07:00:00,54.8,54.8,54.2,54.7,52400
2025-08-19 07:00:00,54.7,54.8,54.4,54.8,99900
2025-08-20 07:00:00,54.8,54.8,54.2,54.7,99000
2025-08-21 07:00:00,54.6,54.8,54.3,54.7,101300
2025-08-22 07:00:00,54.6,54.6,53.9,54.5,160100
2025-08-25 07:00:00,54.4,54.4,52.2,53.5,58800
2025-08-26 07:00:00,53.5,53.5,52.3,52.6,66000
2025-08-27 07:00:00,53.0,53.0,52.6,52.8,94400
2025-08-28 07:00:00,52.5,53.0,52.5,53.0,96800
2025-08-29 07:00:00,52.8,54.1,52.8,53.0,35600
2025-09-03 07:00:00,52.9,53.0,52.4,53.0,60100
2025-09-04 07:00:00,53.0,53.3,52.7,53.3,40400
2025-09-05 07:00:00,53.3,53.6,52.3,53.4,133900
2025-09-08 07:00:00,53.1,53.4,53.0,53.3,46000
2025-09-09 07:00:00,53.3,53.3,52.6,52.9,22800
2025-09-10 07:00:00,53.3,53.8,53.0,53.5,52200
2025-09-11 07:00:00,53.1,53.8,53.0,53.8,117300
2025-09-12 07:00:00,53.8,53.9,53.6,53.8,22300
2025-09-15 07:00:00,53.5,54.0,53.5,54.0,96600
2025-09-16 07:00:00,53.9,54.4,53.9,54.2,92000
2025-09-17 07:00:00,53.7,54.4,53.7,54.1,78900
2025-09-18 07:00:00,54.1,54.1,53.7,54.1,52700
2025-09-19 07:00:00,54.1,54.3,53.8,54.1,19600
2025-09-22 07:00:00,54.1,54.1,53.3,53.9,144700
2025-09-23 07:00:00,53.8,54.0,53.8,54.0,73400
2025-09-24 07:00:00,54.0,54.1,53.8,54.0,39000
2025-09-25 07:00:00,53.9,54.4,53.8,54.4,54800
2025-09-26 07:00:00,54.2,54.2,53.6,53.6,149800
2025-09-29 07:00:00,53.7,53.8,53.5,53.8,41400
2025-09-30 07:00:00,53.9,53.9,53.7,53.9,25300
2025-10-01 07:00:00,53.9,54.0,53.6,54.0,25600
2025-10-02 07:00:00,54.0,54.0,53.5,53.8,102800
2025-10-03 07:00:00,53.8,54.0,53.6,53.9,83100
2025-10-06 07:00:00,54.2,54.5,53.9,54.1,159300
2025-10-07 07:00:00,54.1,54.2,54.0,54.1,44300
2025-10-08 07:00:00,54.0,54.3,54.0,54.2,26800
2025-10-09 07:00:00,54.2,54.2,53.9,54.0,144500
2025-10-10 07:00:00,53.9,54.1,53.8,54.0,47300
2025-10-13 07:00:00,53.8,54.1,53.5,53.9,58900
2025-10-14 07:00:00,53.8,53.9,53.8,53.9,43300
2025-10-15 07:00:00,53.9,53.9,53.8,53.9,33900
2025-10-16 07:00:00,54.0,54.0,53.7,53.9,45100
2025-10-17 07:00:00,54.2,54.2,53.7,53.7,47800
2025-10-20 07:00:00,53.7,53.8,53.3,53.3,46200
2025-10-21 07:00:00,53.3,53.4,52.5,53.4,93700
2025-10-22 07:00:00,53.0,53.4,52.5,53.4,24800
2025-10-23 07:00:00,52.6,53.0,52.6,53.0,10700
2025-10-24 07:00:00,52.9,53.1,52.5,53.1,23500
2025-10-27 07:00:00,53.2,53.2,52.8,53.0,6500
2025-10-28 07:00:00,52.5,52.9,51.8,52.9,81000
2025-10-29 07:00:00,52.7,52.8,52.1,52.8,15100
2025-10-30 07:00:00,52.2,52.7,52.0,52.7,34200
2025-10-31 07:00:00,52.7,52.7,52.0,52.6,3600
2025-11-03 07:00:00,52.5,53.2,52.3,53.2,11900
2025-11-04 07:00:00,53.0,53.0,51.6,52.2,14800
2025-11-05 07:00:00,52.2,53.0,51.8,52.6,23000
2025-11-06 07:00:00,51.3,53.0,51.1,52.5,75800
2025-11-07 07:00:00,52.5,52.8,51.4,52.8,9700
2025-11-10 07:00:00,51.9,52.3,51.5,52.2,10000
2025-11-11 07:00:00,51.2,52.0,51.2,51.9,9100
2025-11-12 07:00:00,51.9,52.0,51.5,52.0,5600
2025-11-13 07:00:00,52.5,52.5,51.3,51.9,2100
2025-11-14 07:00:00,51.3,51.8,51.3,51.5,13400
2025-11-17 07:00:00,53.2,53.8,51.5,51.5,3600
2025-11-18 07:00:00,51.5,52.0,51.3,51.8,6300
2025-11-19 07:00:00,52.0,52.0,51.2,51.7,1100
2025-11-20 07:00:00,51.5,51.9,51.2,51.9,3100
2025-11-21 07:00:00,50.7,51.7,50.7,51.7,1400
2025-11-24 07:00:00,51.7,51.7,50.6,51.5,20600
2025-11-25 07:00:00,51.4,51.4,50.5,50.5,35100
2025-11-26 07:00:00,51.3,51.3,50.6,50.6,11400
2025-11-27 07:00:00,50.5,50.9,50.2,50.7,13600
2025-11-28 07:00:00,51.7,51.7,50.2,50.8,14600
2025-12-01 07:00:00,50.8,50.8,50.0,50.5,48500
2025-12-02 07:00:00,50.5,50.5,49.8,50.4,10900
2025-12-03 07:00:00,50.4,50.5,50.0,50.4,76800
2025-12-04 07:00:00,50.4,50.4,50.0,50.3,12500
2025-12-05 07:00:00,50.3,50.8,50.1,50.3,21900
2025-12-08 07:00:00,50.4,50.4,49.9,50.0,20900
2025-12-09 07:00:00,50.0,50.4,49.8,50.4,22400
2025-12-10 07:00:00,50.4,50.4,49.8,50.1,424700
2025-12-11 07:00:00,50.1,50.1,46.6,49.5,13800
2025-12-12 07:00:00,50.0,50.0,49.0,49.0,18900
2025-12-15 07:00:00,48.2,48.95,47.5,48.05,441000
2025-12-16 07:00:00,47.1,48.8,47.1,48.45,11700
2025-12-17 07:00:00,48.45,49.9,48.0,49.9,18400
2025-12-18 07:00:00,49.9,49.9,48.6,48.95,30400
2025-12-19 07:00:00,48.5,49.0,48.0,48.5,46200
2025-12-22 07:00:00,48.4,48.45,47.9,48.45,17200
2025-12-23 07:00:00,48.45,48.45,48.25,48.3,8400
2025-12-24 07:00:00,48.3,48.3,47.6,48.3,60600
2025-12-25 07:00:00,48.1,48.85,48.0,48.85,22500
2025-12-26 07:00:00,48.1,48.75,47.95,48.45,15700
2025-12-29 07:00:00,48.75,48.75,48.05,48.45,3500
2025-12-30 07:00:00,48.5,48.8,48.1,48.8,15900
2025-12-31 07:00:00,48.65,48.8,48.25,48.8,9000
2026-01-05 07:00:00,48.8,48.8,48.0,48.65,26800
2026-01-06 07:00:00,48.6,48.6,47.95,48.45,10800
2026-01-07 07:00:00,48.8,48.8,48.0,48.5,4800
2026-01-08 07:00:00,48.5,48.5,48.05,48.5,7100
2026-01-09 07:00:00,48.4,48.6,48.3,48.4,21900
2026-01-12 07:00:00,48.5,48.5,48.0,48.5,25600
2026-01-13 07:00:00,48.0,48.75,48.0,48.4,7000
2026-01-14 07:00:00,48.45,49.65,48.1,49.5,45300
2026-01-15 07:00:00,49.75,49.8,49.5,49.5,18600
2026-01-16 07:00:00,49.5,51.9,49.4,51.7,79400
2026-01-19 07:00:00,51.7,52.2,51.4,52.0,58300
2026-01-20 07:00:00,52.0,52.9,51.2,52.0,64400
2026-01-21 07:00:00,51.6,52.0,51.0,51.7,21300
2026-01-22 07:00:00,52.0,52.3,51.8,52.0,38500
2026-01-23 07:00:00,52.0,52.0,51.2,51.9,37200
2026-01-26 07:00:00,51.7,51.9,51.3,51.6,19600
2026-01-27 07:00:00,51.6,51.6,51.2,51.6,57600
2026-01-28 07:00:00,51.6,52.2,51.0,51.8,50300
2026-01-29 07:00:00,51.8,52.0,51.4,51.9,69000
2026-01-30 07:00:00,51.9,53.0,51.9,53.0,160300
2026-02-02 07:00:00,53.7,53.7,52.3,52.9,79500
2026-02-03 07:00:00,53.1,54.5,52.8,54.3,81800
2026-02-04 07:00:00,54.3,54.5,53.6,54.1,22700
2026-02-05 07:00:00,54.1,54.1,53.0,53.0,57500
2026-02-06 07:00:00,51.8,53.0,51.8,52.8,16400
2026-02-09 07:00:00,52.5,53.9,52.5,52.7,39700
2026-02-10 07:00:00,52.7,53.3,52.5,53.0,26400
2026-02-11 07:00:00,52.7,52.9,52.6,52.7,30900
2026-02-12 07:00:00,52.7,53.9,52.7,53.8,166300
2026-02-13 07:00:00,53.8,54.3,53.5,54.2,18900
2026-02-23 07:00:00,54.3,54.3,53.1,53.2,15500
2026-02-24 07:00:00,53.2,54.4,52.7,54.4,76400
2026-02-25 07:00:00,54.0,54.0,53.3,53.9,14700
2026-02-26 07:00:00,53.8,54.3,53.2,54.3,38600
2026-02-27 07:00:00,54.3,54.4,53.7,54.3,50500
2026-03-02 07:00:00,50.9,54.3,50.9,53.9,55200
2026-03-03 07:00:00,53.8,54.4,53.8,54.4,94500
2026-03-04 07:00:00,53.8,54.4,52.6,53.9,25800
2026-03-05 07:00:00,53.2,54.3,53.1,53.3,12100
2026-03-06 07:00:00,54.0,54.0,52.5,53.4,34500
2026-03-09 07:00:00,51.7,52.7,50.0,51.0,142300
2026-03-10 07:00:00,50.7,51.5,50.7,51.4,230800
2026-03-11 07:00:00,50.2,51.4,50.1,51.3,65900
2026-03-12 07:00:00,51.5,51.5,50.3,51.0,11900
2026-03-13 07:00:00,51.3,51.3,50.3,50.4,55100
2026-03-16 07:00:00,51.7,52.9,50.1,51.5,46600
2026-03-17 07:00:00,51.8,52.2,51.3,51.4,8100
2026-03-18 07:00:00,51.3,51.4,50.5,51.3,31200
2026-03-19 07:00:00,50.0,50.9,50.0,50.2,39300
2026-03-20 07:00:00,50.0,50.8,50.0,50.7,9400
2026-03-23 07:00:00,51.0,51.0,49.5,49.85,18600
2026-03-24 07:00:00,50.6,50.6,50.0,50.3,5300
2026-03-25 07:00:00,50.2,51.4,50.2,51.4,17800
2026-03-26 07:00:00,51.4,51.4,50.5,50.9,4800
2026-03-27 07:00:00,50.9,51.5,50.3,51.5,10200
2026-03-30 07:00:00,50.4,51.8,50.1,51.8,10700
2026-03-31 07:00:00,51.0,51.9,50.6,51.7,13100
2026-04-01 07:00:00,51.7,51.7,51.0,51.4,21800
2026-04-02 07:00:00,51.4,51.4,50.6,51.1,16700
2026-04-03 07:00:00,51.0,51.0,50.6,50.8,11400
2026-04-06 07:00:00,51.0,51.0,50.3,50.9,14500
2026-04-07 07:00:00,50.9,50.9,50.2,50.9,7600
2026-04-08 07:00:00,51.0,51.0,50.5,51.0,34400
2026-04-09 07:00:00,50.7,51.0,50.5,50.9,9500
2026-04-10 07:00:00,50.5,51.7,50.5,51.7,27500
2026-04-13 07:00:00,50.6,50.8,50.0,50.0,57400
2026-04-14 07:00:00,50.4,50.8,50.4,50.5,6300
2026-04-15 07:00:00,50.1,50.8,50.1,50.4,4500
2026-04-16 07:00:00,50.4,50.5,50.3,50.5,5200
2026-04-17 07:00:00,50.0,50.5,50.0,50.3,1100
2026-04-20 07:00:00,49.6,50.3,49.4,50.2,18100
2026-04-21 07:00:00,49.6,50.2,49.6,50.2,43500
2026-04-22 07:00:00,50.0,50.0,49.6,50.0,38800
2026-04-23 07:00:00,49.95,49.95,49.55,49.85,5900
2026-04-24 07:00:00,49.6,49.8,49.25,49.75,15100
2026-04-28 07:00:00,49.2,49.75,49.2,49.75,9300
2026-04-29 07:00:00,49.6,50.0,49.6,49.9,33500
2026-05-04 07:00:00,50.0,50.2,49.8,50.0,108700
2026-05-05 07:00:00,49.9,49.95,49.8,49.95,3800
2026-05-06 07:00:00,49.95,50.0,49.8,50.0,17000
2026-05-07 07:00:00,49.5,50.5,49.5,50.0,36100
2026-05-08 07:00:00,49.9,49.95,49.45,49.85,16300
2026-05-11 07:00:00,50.0,50.0,49.4,49.4,17400
2026-05-12 07:00:00,49.5,49.8,49.5,49.8,3600
2026-05-13 07:00:00,49.9,50.1,49.8,50.1,176300
2026-05-14 07:00:00,50.2,50.2,50.0,50.2,29600
2026-05-15 07:00:00,50.0,50.5,50.0,50.1,159000
2026-05-18 07:00:00,50.3,50.3,49.0,50.3,77300
2026-05-19 07:00:00,51.0,51.0,50.0,50.2,32100
2026-05-20 07:00:00,50.0,50.2,49.85,50.1,50900
2026-05-21 07:00:00,50.7,50.7,49.9,50.2,8900
2026-05-22 07:00:00,50.5,50.5,50.0,50.3,24600
2026-05-25 07:00:00,50.5,50.5,50.0,50.2,21300
2026-05-26 07:00:00,50.3,50.5,50.1,50.4,9100
2026-05-27 07:00:00,50.4,50.4,50.0,50.0,17100
