time,open,high,low,close,volume
2018-01-02 07:00:00,12.8,12.97,12.8,12.89,70490
2018-01-03 07:00:00,12.89,12.94,12.55,12.8,71950
2018-01-04 07:00:00,12.69,13.08,12.69,12.94,77350
2018-01-05 07:00:00,12.94,13.05,12.66,12.69,35040
2018-01-08 07:00:00,12.55,13.05,12.55,13.05,41890
2018-01-09 07:00:00,12.96,13.05,12.91,12.94,150980
2018-01-10 07:00:00,13.08,13.08,12.05,13.08,153970
2018-01-11 07:00:00,13.08,13.08,12.8,13.0,50810
2018-01-12 07:00:00,12.94,13.02,12.8,12.94,96700
2018-01-15 07:00:00,12.97,13.08,12.94,12.97,124270
2018-01-16 07:00:00,13.02,13.72,12.8,13.02,58420
2018-01-17 07:00:00,12.89,13.64,12.8,12.89,107480
2018-01-18 07:00:00,12.82,12.91,12.38,12.91,30240
2018-01-19 07:00:00,12.8,13.22,12.8,13.22,133630
2018-01-22 07:00:00,13.78,13.89,13.36,13.78,100100
2018-01-25 07:00:00,13.78,13.78,13.11,13.5,70330
2018-01-26 07:00:00,13.39,13.64,13.3,13.36,28400
2018-01-29 07:00:00,13.58,13.58,12.66,13.36,41410
2018-01-30 07:00:00,12.8,13.28,12.66,13.22,143800
2018-01-31 07:00:00,12.58,13.36,12.58,12.8,71490
2018-02-01 07:00:00,12.61,12.89,12.44,12.52,182230
2018-02-02 07:00:00,12.94,12.94,12.05,12.25,51610
2018-02-05 07:00:00,12.52,13.09,11.4,11.91,101320
2018-02-06 07:00:00,11.09,11.83,11.09,11.83,195490
2018-02-07 07:00:00,12.48,12.48,11.58,11.8,52560
2018-02-08 07:00:00,11.97,11.97,11.19,11.41,63460
2018-02-09 07:00:00,11.41,11.55,10.85,11.27,29260
2018-02-12 07:00:00,11.69,11.69,10.99,11.47,12550
2018-02-13 07:00:00,11.66,11.66,11.1,11.55,32510
2018-02-21 07:00:00,11.69,11.69,11.1,11.27,56320
2018-02-22 07:00:00,11.02,11.27,10.94,10.99,11080
2018-02-23 07:00:00,10.85,11.27,10.3,11.24,22510
2018-02-26 07:00:00,10.85,11.24,10.85,10.99,75010
2018-02-27 07:00:00,10.99,11.13,10.88,11.13,127070
2018-02-28 07:00:00,10.88,11.49,10.71,11.41,152770
2018-03-01 07:00:00,11.67,11.69,11.27,11.41,86430
2018-03-02 07:00:00,11.15,11.69,11.15,11.55,50040
2018-03-05 07:00:00,11.55,11.74,11.41,11.63,154400
2018-03-06 07:00:00,11.63,11.69,11.44,11.69,137510
2018-03-07 07:00:00,11.13,11.8,11.13,11.69,16000
2018-03-08 07:00:00,12.25,12.25,11.58,12.22,88900
2018-03-09 07:00:00,12.05,12.05,11.69,12.02,28440
2018-03-12 07:00:00,11.69,11.97,11.49,11.97,20520
2018-03-13 07:00:00,11.69,11.69,11.66,11.66,13500
2018-03-14 07:00:00,11.69,11.83,11.44,11.83,42110
2018-03-15 07:00:00,11.83,12.52,11.69,11.77,20020
2018-03-16 07:00:00,12.47,12.47,11.77,11.97,58780
2018-03-19 07:00:00,12.05,12.05,11.69,11.69,33600
2018-03-20 07:00:00,11.83,11.83,11.76,11.81,340
2018-03-21 07:00:00,11.84,11.84,11.55,11.69,31010
2018-03-22 07:00:00,11.69,11.69,11.69,11.69,100
2018-03-23 07:00:00,11.69,11.69,11.41,11.55,9440
2018-03-26 07:00:00,11.66,11.66,11.44,11.66,21800
2018-03-27 07:00:00,11.66,11.97,10.99,11.63,73130
2018-03-28 07:00:00,11.81,11.83,11.19,11.77,277300
2018-03-29 07:00:00,11.94,11.94,11.66,11.91,10040
2018-03-30 07:00:00,11.97,11.97,11.65,11.65,41970
2018-04-02 07:00:00,11.88,12.05,11.86,12.05,84480
2018-04-03 07:00:00,11.83,12.02,11.69,12.02,35160
2018-04-04 07:00:00,12.11,12.38,12.11,12.37,18640
2018-04-05 07:00:00,12.38,12.66,12.38,12.61,83940
2018-04-06 07:00:00,12.29,12.8,12.27,12.66,39690
2018-04-09 07:00:00,13.53,13.53,12.36,12.8,19440
2018-04-10 07:00:00,12.04,12.8,12.04,12.75,32840
2018-04-11 07:00:00,12.72,12.8,12.22,12.22,27860
2018-04-12 07:00:00,12.66,12.75,12.25,12.25,810
2018-04-13 07:00:00,11.72,12.47,11.72,12.44,59790
2018-04-16 07:00:00,12.47,12.47,11.91,12.44,63660
2018-04-17 07:00:00,12.41,12.5,12.25,12.5,97880
2018-04-18 07:00:00,12.94,13.02,12.22,12.22,55870
2018-04-19 07:00:00,12.52,12.52,12.05,12.27,40660
2018-04-20 07:00:00,12.25,12.52,12.25,12.47,14070
2018-04-23 07:00:00,12.52,12.52,12.22,12.25,39570
2018-04-24 07:00:00,12.52,12.52,12.02,12.22,4370
2018-04-26 07:00:00,11.97,12.22,11.88,12.13,40840
2018-04-27 07:00:00,12.05,12.25,11.97,12.23,24110
2018-05-02 07:00:00,12.23,12.25,11.86,11.86,14100
2018-05-03 07:00:00,11.69,12.25,11.69,12.25,4050
2018-05-04 07:00:00,12.25,12.41,11.72,12.19,71930
2018-05-07 07:00:00,12.38,12.38,12.13,12.22,15380
2018-05-08 07:00:00,12.11,12.23,11.99,12.23,44270
2018-05-09 07:00:00,11.8,12.25,11.8,11.99,51790
2018-05-10 07:00:00,12.52,12.52,11.86,11.91,55850
2018-05-11 07:00:00,12.25,12.25,11.83,12.11,10300
2018-05-14 07:00:00,11.99,11.99,11.97,11.97,10980
2018-05-15 07:00:00,11.72,12.11,11.72,12.11,32440
2018-05-16 07:00:00,11.97,11.97,11.83,11.97,12190
2018-05-17 07:00:00,11.74,11.94,11.74,11.94,16000
2018-05-18 07:00:00,11.97,11.97,11.86,11.97,11920
2018-05-21 07:00:00,11.83,12.11,11.72,12.11,1800
2018-05-22 07:00:00,11.83,11.97,11.58,11.58,27110
2018-05-23 07:00:00,12.34,12.34,11.2,11.69,1900
2018-05-24 07:00:00,11.69,11.94,11.47,11.94,250
2018-05-25 07:00:00,11.63,12.36,11.63,11.69,24700
2018-05-28 07:00:00,11.66,11.97,11.24,11.27,30700
2018-05-29 07:00:00,11.94,11.94,11.13,11.63,17990
2018-05-30 07:00:00,11.83,11.83,11.41,11.83,700
2018-05-31 07:00:00,11.86,11.86,11.19,11.83,54310
2018-06-01 07:00:00,11.83,11.88,11.8,11.83,63690
2018-06-04 07:00:00,11.97,11.97,11.58,11.94,65610
2018-06-05 07:00:00,11.55,12.08,11.55,11.69,33220
2018-06-06 07:00:00,11.97,11.97,11.47,11.63,31830
2018-06-07 07:00:00,11.69,11.69,11.61,11.61,17460
2018-06-08 07:00:00,11.61,11.94,11.61,11.83,78270
2018-06-11 07:00:00,11.83,11.86,11.83,11.83,14220
2018-06-12 07:00:00,11.77,11.97,11.69,11.97,24220
2018-06-13 07:00:00,11.69,12.08,11.66,12.08,17480
2018-06-14 07:00:00,12.19,12.25,11.97,12.2,53400
2018-06-15 07:00:00,12.25,12.25,11.83,11.83,69400
2018-06-18 07:00:00,11.83,11.97,11.8,11.83,35300
2018-06-19 07:00:00,11.83,11.83,11.69,11.83,32260
2018-06-20 07:00:00,11.88,11.97,11.83,11.97,7800
2018-06-21 07:00:00,11.97,11.97,11.66,11.83,21090
2018-06-22 07:00:00,11.47,11.81,11.47,11.81,8000
2018-06-25 07:00:00,11.24,11.97,11.24,11.69,7460
2018-06-26 07:00:00,11.69,11.69,11.69,11.69,10890
2018-06-27 07:00:00,11.61,11.69,11.61,11.69,1660
2018-06-28 07:00:00,11.69,11.69,11.58,11.58,3800
2018-06-29 07:00:00,11.69,11.97,11.19,11.91,1230
2018-07-02 07:00:00,11.69,11.69,11.19,11.41,40800
2018-07-03 07:00:00,11.83,11.83,11.05,11.05,103320
2018-07-04 07:00:00,11.63,11.63,11.05,11.63,34020
2018-07-05 07:00:00,11.13,11.95,11.13,11.13,38320
2018-07-06 07:00:00,11.66,11.66,11.08,11.52,90130
2018-07-09 07:00:00,11.41,11.41,11.02,11.41,24490
2018-07-10 07:00:00,11.02,11.13,10.99,11.13,25110
2018-07-11 07:00:00,11.61,11.61,10.58,10.99,73620
2018-07-12 07:00:00,10.71,10.85,10.58,10.58,18700
2018-07-13 07:00:00,10.58,10.6,10.3,10.58,34770
2018-07-16 07:00:00,10.33,10.44,10.33,10.33,45100
2018-07-17 07:00:00,10.81,10.81,10.19,10.33,32830
2018-07-18 07:00:00,10.8,10.8,10.3,10.3,23410
2018-07-19 07:00:00,10.83,10.83,10.24,10.3,24050
2018-07-20 07:00:00,10.3,10.44,10.3,10.44,26200
2018-07-23 07:00:00,10.35,10.85,10.33,10.85,32240
2018-07-24 07:00:00,11.41,11.41,10.85,10.85,26310
2018-07-25 07:00:00,10.88,10.88,10.74,10.85,16480
2018-07-26 07:00:00,10.85,10.91,10.84,10.85,33600
2018-07-27 07:00:00,10.85,11.13,10.6,10.85,46700
2018-07-30 07:00:00,10.85,10.85,10.85,10.85,6570
2018-07-31 07:00:00,10.88,11.13,10.88,11.13,18370
2018-08-01 07:00:00,11.13,11.27,10.99,10.99,1690
2018-08-02 07:00:00,10.71,10.99,10.71,10.85,14150
2018-08-03 07:00:00,10.85,10.85,10.71,10.74,3600
2018-08-06 07:00:00,10.74,11.13,10.63,10.63,320
2018-08-07 07:00:00,10.85,10.85,10.63,10.74,28660
2018-08-08 07:00:00,10.85,11.06,10.71,11.06,10970
2018-08-09 07:00:00,11.55,11.55,10.58,10.85,22210
2018-08-10 07:00:00,10.6,10.85,10.58,10.85,8510
2018-08-13 07:00:00,10.71,10.99,10.52,10.85,23140
2018-08-14 07:00:00,10.94,10.94,10.94,10.94,710
2018-08-15 07:00:00,10.97,10.97,10.35,10.88,720
2018-08-16 07:00:00,10.85,10.85,10.85,10.85,500
2018-08-17 07:00:00,10.85,10.99,10.35,10.35,15280
2018-08-20 07:00:00,10.85,10.85,10.33,10.58,5280
2018-08-21 07:00:00,10.94,10.94,10.45,10.58,26360
2018-08-22 07:00:00,10.31,10.58,10.31,10.35,10150
2018-08-23 07:00:00,10.99,11.05,10.33,10.38,9000
2018-08-24 07:00:00,10.8,10.8,10.44,10.77,25040
2018-08-27 07:00:00,10.33,10.58,10.3,10.58,2020
2018-08-28 07:00:00,10.58,10.58,10.34,10.35,2800
2018-08-29 07:00:00,10.71,10.71,10.35,10.58,22670
2018-08-30 07:00:00,10.69,10.69,10.35,10.58,18530
2018-08-31 07:00:00,10.58,10.83,10.58,10.69,15610
2018-09-04 07:00:00,10.58,10.66,10.35,10.66,13340
2018-09-05 07:00:00,10.44,10.97,10.44,10.85,55930
2018-09-06 07:00:00,10.85,10.85,10.69,10.85,83400
2018-09-07 07:00:00,10.97,11.41,10.71,10.99,43940
2018-09-10 07:00:00,10.6,11.08,10.6,11.02,16310
2018-09-11 07:00:00,11.19,11.19,10.99,11.05,26960
2018-09-12 07:00:00,11.05,11.13,10.91,11.13,42910
2018-09-13 07:00:00,10.91,11.19,10.91,11.19,23750
2018-09-14 07:00:00,11.06,11.41,11.02,11.02,91270
2018-09-17 07:00:00,11.69,11.79,11.02,11.79,297180
2018-09-18 07:00:00,11.91,12.61,11.91,12.61,326310
2018-09-19 07:00:00,12.61,13.48,12.61,13.08,162770
2018-09-20 07:00:00,13.55,13.55,12.27,12.27,197730
2018-09-21 07:00:00,12.27,12.52,12.13,12.41,142360
2018-09-24 07:00:00,13.0,13.0,12.16,12.58,70440
2018-09-25 07:00:00,12.52,12.77,12.27,12.58,40000
2018-09-26 07:00:00,12.8,12.8,11.97,11.97,236890
2018-09-27 07:00:00,12.11,12.69,11.86,11.94,212640
2018-09-28 07:00:00,11.97,12.11,11.77,11.77,164700
2018-10-01 07:00:00,11.77,11.77,11.41,11.41,182420
2018-10-02 07:00:00,11.41,11.55,11.19,11.42,89780
2018-10-03 07:00:00,11.42,11.58,11.27,11.41,53670
2018-10-04 07:00:00,11.56,11.83,11.56,11.58,114450
2018-10-05 07:00:00,11.55,11.55,11.15,11.3,230160
2018-10-08 07:00:00,11.24,11.35,11.22,11.27,77790
2018-10-09 07:00:00,11.27,11.55,11.27,11.3,85500
2018-10-10 07:00:00,11.52,11.83,11.47,11.55,69310
2018-10-11 07:00:00,11.55,11.55,10.91,11.08,91370
2018-10-12 07:00:00,11.02,11.69,11.02,11.3,122960
2018-10-15 07:00:00,11.41,11.41,11.3,11.3,42920
2018-10-16 07:00:00,11.38,11.83,11.33,11.63,40970
2018-10-17 07:00:00,11.44,11.81,11.44,11.69,67070
2018-10-18 07:00:00,11.55,12.38,11.55,12.22,318840
2018-10-19 07:00:00,12.25,12.25,11.97,12.11,89550
2018-10-22 07:00:00,12.52,12.52,12.13,12.16,105110
2018-10-23 07:00:00,12.94,12.94,12.16,12.16,320600
2018-10-24 07:00:00,12.25,12.25,11.97,11.97,51520
2018-10-25 07:00:00,11.55,11.66,11.27,11.63,89720
2018-10-26 07:00:00,11.69,11.69,11.33,11.33,109070
2018-10-29 07:00:00,10.91,11.35,10.85,10.91,219160
2018-10-30 07:00:00,10.91,11.38,10.91,10.94,219910
2018-10-31 07:00:00,11.35,11.35,11.06,11.13,150820
2018-11-01 07:00:00,11.35,11.35,10.66,10.92,233740
2018-11-02 07:00:00,10.85,11.13,10.69,11.13,222440
2018-11-05 07:00:00,10.85,11.55,10.85,10.91,137570
2018-11-06 07:00:00,10.85,11.16,10.85,11.16,125970
2018-11-07 07:00:00,11.01,11.27,11.01,11.19,119060
2018-11-08 07:00:00,11.3,11.3,11.19,11.22,105570
2018-11-09 07:00:00,11.02,11.24,11.02,11.19,175580
2018-11-12 07:00:00,11.13,11.22,11.08,11.22,78800
2018-11-13 07:00:00,11.08,11.23,11.08,11.22,99480
2018-11-14 07:00:00,11.26,11.83,11.22,11.41,102560
2018-11-15 07:00:00,11.41,11.67,11.38,11.55,88980
2018-11-16 07:00:00,11.63,11.83,11.52,11.52,72160
2018-11-19 07:00:00,11.41,11.67,11.41,11.56,178240
2018-11-20 07:00:00,11.63,11.63,11.44,11.59,85080
2018-11-21 07:00:00,11.66,11.67,11.44,11.63,93220
2018-11-22 07:00:00,11.77,11.77,11.55,11.63,140490
2018-11-23 07:00:00,11.63,11.83,11.41,11.83,120090
2018-11-26 07:00:00,12.14,12.28,11.79,11.97,138020
2018-11-27 07:00:00,11.9,11.97,11.65,11.76,42990
2018-11-28 07:00:00,11.76,11.86,11.45,11.76,45500
2018-11-29 07:00:00,11.69,11.72,11.1,11.17,155380
2018-11-30 07:00:00,11.13,11.45,11.1,11.41,428930
2018-12-03 07:00:00,11.69,11.69,11.1,11.45,186310
2018-12-04 07:00:00,11.45,12.07,11.38,11.62,164190
2018-12-05 07:00:00,11.62,11.62,11.38,11.55,177500
2018-12-06 07:00:00,11.55,11.62,11.38,11.45,291050
2018-12-07 07:00:00,11.45,11.52,11.31,11.38,164970
2018-12-10 07:00:00,11.27,11.6,11.27,11.38,82900
2018-12-11 07:00:00,11.38,11.41,11.17,11.38,218110
2018-12-12 07:00:00,11.38,11.38,11.13,11.27,163850
2018-12-13 07:00:00,11.38,11.6,11.31,11.38,121880
2018-12-14 07:00:00,11.38,11.38,11.22,11.38,54950
2018-12-17 07:00:00,11.38,11.38,11.1,11.34,118040
2018-12-18 07:00:00,11.13,11.34,10.87,11.27,109540
2018-12-19 07:00:00,11.45,11.45,11.1,11.24,118550
2018-12-20 07:00:00,11.27,11.27,10.75,11.13,232450
2018-12-21 07:00:00,10.61,11.06,10.58,10.96,78620
2018-12-24 07:00:00,10.72,10.96,10.51,10.51,33890
2018-12-25 07:00:00,10.41,10.58,10.32,10.41,24820
2018-12-26 07:00:00,10.41,10.75,10.34,10.61,18600
2018-12-27 07:00:00,10.61,10.72,10.37,10.54,57260
2018-12-28 07:00:00,10.91,10.91,10.28,10.41,81900
2019-01-02 07:00:00,10.75,11.13,10.27,10.41,28770
2019-01-03 07:00:00,10.41,10.41,10.13,10.16,143720
2019-01-04 07:00:00,9.75,10.39,9.75,10.28,54350
2019-01-07 07:00:00,10.54,10.54,9.57,10.23,22450
2019-01-08 07:00:00,10.23,10.27,9.92,10.13,66520
2019-01-09 07:00:00,10.2,10.51,10.13,10.27,86450
2019-01-10 07:00:00,10.68,10.68,10.37,10.41,67890
2019-01-11 07:00:00,10.13,10.58,10.13,10.37,74230
2019-01-14 07:00:00,10.06,10.37,10.06,10.37,15050
2019-01-15 07:00:00,10.23,10.63,10.23,10.49,167320
2019-01-16 07:00:00,10.41,10.65,10.41,10.56,47030
2019-01-17 07:00:00,10.48,10.65,10.48,10.56,46890
2019-01-18 07:00:00,10.56,10.58,10.41,10.58,126070
2019-01-21 07:00:00,10.41,10.72,10.13,10.72,121140
2019-01-22 07:00:00,10.58,10.82,10.51,10.75,111470
2019-01-23 07:00:00,10.68,10.93,10.44,10.86,93200
2019-01-24 07:00:00,10.86,10.93,10.75,10.91,79110
2019-01-25 07:00:00,10.82,11.27,10.75,10.82,17730
2019-01-28 07:00:00,10.46,11.06,10.46,10.53,7690
2019-01-29 07:00:00,10.53,10.75,10.53,10.56,48230
2019-01-30 07:00:00,10.68,10.75,10.6,10.68,26370
2019-01-31 07:00:00,10.68,10.82,10.58,10.72,3860
2019-02-01 07:00:00,10.72,10.75,10.41,10.68,14250
2019-02-11 07:00:00,10.75,10.89,10.67,10.75,28100
2019-02-12 07:00:00,10.75,10.93,10.51,10.58,86040
2019-02-13 07:00:00,10.58,10.58,10.25,10.41,43280
2019-02-14 07:00:00,10.51,10.75,10.42,10.58,46130
2019-02-15 07:00:00,10.72,10.72,10.54,10.61,48540
2019-02-18 07:00:00,10.65,10.72,10.58,10.65,117490
2019-02-19 07:00:00,10.72,11.03,10.72,10.86,127370
2019-02-20 07:00:00,10.86,11.6,10.86,11.34,166430
2019-02-21 07:00:00,11.34,11.97,11.31,11.91,180820
2019-02-22 07:00:00,11.91,12.04,11.62,11.72,243320
2019-02-25 07:00:00,11.79,11.86,11.55,11.55,103230
2019-02-26 07:00:00,11.55,12.07,11.55,11.72,122050
2019-02-27 07:00:00,11.97,12.42,11.79,12.0,277040
2019-02-28 07:00:00,12.14,12.49,12.0,12.04,138510
2019-03-01 07:00:00,12.31,12.31,12.04,12.21,98370
2019-03-04 07:00:00,12.45,12.45,11.83,11.86,164350
2019-03-05 07:00:00,11.72,12.05,11.53,11.79,122050
2019-03-06 07:00:00,11.79,11.97,11.67,11.78,55950
2019-03-07 07:00:00,11.69,11.79,11.65,11.65,86360
2019-03-08 07:00:00,11.52,11.72,11.52,11.65,67810
2019-03-11 07:00:00,11.55,11.65,11.45,11.45,92960
2019-03-12 07:00:00,11.45,11.79,11.39,11.39,71920
2019-03-13 07:00:00,11.45,11.72,11.45,11.72,41980
2019-03-14 07:00:00,11.72,11.78,11.52,11.55,50860
2019-03-15 07:00:00,11.55,11.72,11.45,11.55,50560
2019-03-18 07:00:00,11.55,11.72,11.48,11.48,22900
2019-03-19 07:00:00,11.48,11.93,11.45,11.93,98370
2019-03-20 07:00:00,11.9,11.9,11.48,11.69,32230
2019-03-21 07:00:00,11.83,12.5,11.79,12.49,264550
2019-03-22 07:00:00,12.7,12.7,12.35,12.59,329820
2019-03-25 07:00:00,12.49,12.76,12.07,12.7,262310
2019-03-26 07:00:00,12.59,12.76,12.49,12.7,146520
2019-03-27 07:00:00,12.83,12.83,12.42,12.49,146280
2019-03-28 07:00:00,12.17,12.57,12.17,12.24,56830
2019-03-29 07:00:00,11.97,12.42,11.97,12.14,73340
2019-04-01 07:00:00,12.14,12.38,11.97,12.38,107800
2019-04-02 07:00:00,12.21,12.45,12.14,12.28,89440
2019-04-03 07:00:00,12.16,12.23,12.14,12.23,21560
2019-04-04 07:00:00,12.23,12.66,12.23,12.31,73730
2019-04-05 07:00:00,12.35,12.7,12.31,12.52,90580
2019-04-08 07:00:00,12.94,12.94,12.49,12.52,34330
2019-04-09 07:00:00,12.56,12.9,12.52,12.56,96030
2019-04-10 07:00:00,12.7,12.94,12.59,12.87,203730
2019-04-11 07:00:00,12.97,13.15,12.9,13.01,106270
2019-04-12 07:00:00,13.01,13.11,12.94,12.97,95180
2019-04-16 07:00:00,13.01,13.01,12.76,13.01,88840
2019-04-17 07:00:00,13.16,13.48,13.01,13.32,152410
2019-04-18 07:00:00,13.32,13.63,13.32,13.6,204530
2019-04-19 07:00:00,13.56,13.98,13.53,13.98,261280
2019-04-22 07:00:00,13.56,13.84,13.49,13.67,96340
2019-04-23 07:00:00,13.67,13.67,13.35,13.6,104070
2019-04-24 07:00:00,13.6,13.81,13.6,13.68,119580
2019-04-25 07:00:00,13.65,14.22,13.56,14.22,157910
2019-04-26 07:00:00,14.05,14.22,13.87,14.12,84370
2019-05-02 07:00:00,14.05,14.92,14.05,14.08,70160
2019-05-03 07:00:00,14.08,14.08,13.53,13.87,273940
2019-05-06 07:00:00,13.53,13.87,13.53,13.72,131220
2019-05-07 07:00:00,13.72,13.94,13.72,13.79,86850
2019-05-08 07:00:00,13.7,13.94,13.7,13.91,60810
2019-05-09 07:00:00,13.91,13.91,13.7,13.7,15740
2019-05-10 07:00:00,13.7,14.22,13.7,13.87,53230
2019-05-13 07:00:00,13.87,13.87,13.53,13.56,102850
2019-05-14 07:00:00,13.35,13.56,13.35,13.53,121890
2019-05-15 07:00:00,13.87,13.87,13.51,13.84,76080
2019-05-16 07:00:00,13.87,13.87,13.53,13.53,99130
2019-05-17 07:00:00,13.53,13.7,13.49,13.53,87920
2019-05-20 07:00:00,13.53,13.56,13.39,13.53,70880
2019-05-21 07:00:00,13.7,14.22,13.46,14.05,255840
2019-05-22 07:00:00,14.19,14.39,14.08,14.19,540750
2019-05-23 07:00:00,14.22,14.26,14.01,14.19,143920
2019-05-24 07:00:00,14.19,14.43,14.19,14.39,241210
2019-05-27 07:00:00,14.33,14.33,13.72,14.2,237370
2019-05-28 07:00:00,13.91,14.22,13.91,14.22,78880
2019-05-29 07:00:00,14.46,14.46,14.26,14.39,175990
2019-05-30 07:00:00,14.36,14.64,14.22,14.64,333640
2019-05-31 07:00:00,14.67,14.67,14.5,14.5,138190
2019-06-03 07:00:00,14.43,14.57,14.15,14.22,128540
2019-06-04 07:00:00,14.22,14.39,14.12,14.29,159570
2019-06-05 07:00:00,14.29,14.36,14.12,14.15,23500
2019-06-06 07:00:00,14.12,14.29,14.12,14.26,120990
2019-06-07 07:00:00,14.29,14.36,14.22,14.36,90230
2019-06-10 07:00:00,14.29,14.53,14.26,14.43,115710
2019-06-11 07:00:00,14.43,15.02,14.43,14.92,346950
2019-06-12 07:00:00,15.26,15.26,14.88,15.07,55770
2019-06-13 07:00:00,15.07,15.12,14.88,15.07,73960
2019-06-14 07:00:00,15.09,15.12,14.98,15.07,120350
2019-06-17 07:00:00,14.92,15.09,14.88,14.95,100040
2019-06-18 07:00:00,14.95,14.95,14.86,14.88,75630
2019-06-19 07:00:00,14.88,14.98,14.85,14.88,131820
2019-06-20 07:00:00,14.88,14.95,14.81,14.88,78400
2019-06-21 07:00:00,14.92,14.92,14.76,14.76,116040
2019-06-24 07:00:00,14.74,14.78,14.53,14.64,129470
2019-06-25 07:00:00,14.64,14.88,14.5,14.71,154530
2019-06-26 07:00:00,14.71,15.09,14.71,15.04,191850
2019-06-27 07:00:00,15.04,15.05,14.88,14.88,287990
2019-06-28 07:00:00,14.88,14.92,14.79,14.92,142880
2019-07-01 07:00:00,14.98,14.98,14.88,14.98,91900
2019-07-02 07:00:00,15.02,15.02,14.85,14.92,120930
2019-07-03 07:00:00,14.98,14.98,14.86,14.86,99000
2019-07-04 07:00:00,14.86,14.98,14.85,14.98,145950
2019-07-05 07:00:00,15.05,15.61,15.05,15.37,203700
2019-07-08 07:00:00,15.44,15.49,15.3,15.37,217370
2019-07-09 07:00:00,15.33,15.4,15.31,15.38,147280
2019-07-10 07:00:00,15.37,15.37,15.09,15.33,167950
2019-07-11 07:00:00,15.23,15.3,15.05,15.3,329160
2019-07-12 07:00:00,15.33,15.33,15.12,15.24,208900
2019-07-15 07:00:00,15.26,15.3,15.16,15.24,177840
2019-07-16 07:00:00,15.3,15.3,15.19,15.24,96010
2019-07-17 07:00:00,15.24,15.24,15.12,15.19,307690
2019-07-18 07:00:00,15.35,15.35,15.09,15.11,126770
2019-07-19 07:00:00,14.38,15.27,14.38,15.19,129690
2019-07-22 07:00:00,15.19,15.19,14.56,14.65,93740
2019-07-23 07:00:00,14.67,14.67,14.48,14.52,177890
2019-07-24 07:00:00,14.4,14.52,14.23,14.27,184240
2019-07-25 07:00:00,14.25,14.77,14.25,14.56,125870
2019-07-26 07:00:00,14.48,14.63,14.4,14.56,92660
2019-07-29 07:00:00,14.61,14.61,14.36,14.56,56750
2019-07-30 07:00:00,14.69,14.69,14.48,14.56,44070
2019-07-31 07:00:00,14.69,14.98,14.56,14.98,43740
2019-08-01 07:00:00,15.15,15.15,14.69,14.92,21420
2019-08-02 07:00:00,14.77,14.92,14.63,14.84,7230
2019-08-05 07:00:00,14.77,14.77,14.4,14.73,139260
2019-08-06 07:00:00,14.4,14.56,14.36,14.52,158360
2019-08-07 07:00:00,14.19,14.56,14.15,14.52,88700
2019-08-08 07:00:00,14.19,14.52,14.19,14.46,96410
2019-08-09 07:00:00,14.46,14.46,14.02,14.46,156010
2019-08-12 07:00:00,14.46,14.46,13.8,13.94,115160
2019-08-13 07:00:00,14.11,14.11,13.36,13.9,92140
2019-08-14 07:00:00,14.15,14.15,13.52,13.52,132090
2019-08-15 07:00:00,13.32,13.52,13.32,13.52,14730
2019-08-16 07:00:00,13.52,13.65,13.11,13.32,38710
2019-08-19 07:00:00,12.48,13.32,12.48,13.32,134330
2019-08-20 07:00:00,13.32,13.32,12.98,13.23,34320
2019-08-21 07:00:00,13.32,13.71,13.23,13.71,22820
2019-08-22 07:00:00,13.71,13.71,13.32,13.52,38730
2019-08-23 07:00:00,13.32,13.48,13.32,13.48,62520
2019-08-26 07:00:00,13.32,13.44,12.69,13.32,54050
2019-08-27 07:00:00,12.9,13.32,12.69,13.32,145820
2019-08-28 07:00:00,12.94,13.19,12.82,12.86,72560
2019-08-29 07:00:00,12.86,12.86,12.48,12.86,27450
2019-08-30 07:00:00,12.88,13.32,12.61,13.3,41270
2019-09-03 07:00:00,12.75,13.23,12.75,12.78,65350
2019-09-04 07:00:00,12.75,13.11,12.69,12.69,29500
2019-09-05 07:00:00,12.69,12.9,12.69,12.73,69060
2019-09-06 07:00:00,12.73,13.0,12.73,12.9,46640
2019-09-09 07:00:00,13.11,13.32,12.69,13.3,74700
2019-09-10 07:00:00,13.32,13.86,13.32,13.73,196680
2019-09-11 07:00:00,13.73,13.82,13.59,13.77,273060
2019-09-12 07:00:00,13.77,14.11,13.63,14.11,298700
2019-09-13 07:00:00,14.15,14.36,13.86,13.98,104810
2019-09-16 07:00:00,13.73,14.15,13.73,13.86,80640
2019-09-17 07:00:00,13.73,13.98,13.73,13.9,81450
2019-09-18 07:00:00,14.02,14.23,13.86,14.23,97480
2019-09-19 07:00:00,14.23,14.52,14.23,14.46,68030
2019-09-20 07:00:00,14.48,14.77,14.44,14.48,108950
2019-09-23 07:00:00,14.48,14.56,14.15,14.56,49430
2019-09-24 07:00:00,14.48,14.86,14.48,14.73,226590
2019-09-25 07:00:00,14.69,14.94,14.54,14.61,226370
2019-09-26 07:00:00,14.65,14.65,14.23,14.4,123680
2019-09-27 07:00:00,14.4,14.4,14.11,14.19,100120
2019-09-30 07:00:00,14.15,14.19,13.94,13.98,103420
2019-10-01 07:00:00,14.21,14.4,14.0,14.25,115350
2019-10-02 07:00:00,14.15,14.29,14.11,14.27,61010
2019-10-03 07:00:00,14.27,14.4,14.15,14.4,61720
2019-10-04 07:00:00,14.71,14.71,14.29,14.44,92000
2019-10-07 07:00:00,14.44,14.44,14.17,14.27,155720
2019-10-08 07:00:00,14.15,14.4,14.11,14.15,90380
2019-10-09 07:00:00,14.02,14.65,14.02,14.52,111760
2019-10-10 07:00:00,14.65,14.73,14.4,14.4,132320
2019-10-11 07:00:00,14.4,14.65,14.27,14.63,53060
2019-10-14 07:00:00,14.42,14.67,14.42,14.52,60930
2019-10-15 07:00:00,14.73,14.9,14.44,14.56,93850
2019-10-16 07:00:00,14.56,14.65,14.48,14.56,117470
2019-10-17 07:00:00,14.56,14.61,14.46,14.52,91640
2019-10-18 07:00:00,14.44,14.61,14.44,14.56,66820
2019-10-21 07:00:00,14.56,14.69,14.44,14.48,107560
2019-10-22 07:00:00,14.44,14.56,14.4,14.44,98060
2019-10-23 07:00:00,14.4,14.54,14.4,14.52,115630
2019-10-24 07:00:00,14.48,14.52,14.4,14.48,162110
2019-10-25 07:00:00,14.44,14.69,14.44,14.56,100790
2019-10-28 07:00:00,14.81,14.81,14.56,14.73,135340
2019-10-29 07:00:00,14.73,14.77,14.65,14.69,132800
2019-10-30 07:00:00,14.61,14.77,14.61,14.71,108590
2019-10-31 07:00:00,14.81,15.15,14.77,15.15,231420
2019-11-01 07:00:00,15.15,15.73,15.15,15.69,270790
2019-11-04 07:00:00,15.71,16.0,15.71,15.96,346490
2019-11-05 07:00:00,15.96,15.96,15.71,15.77,94350
2019-11-06 07:00:00,15.81,15.83,15.65,15.81,96390
2019-11-07 07:00:00,15.77,15.77,15.52,15.65,114890
2019-11-08 07:00:00,15.48,16.23,15.48,16.23,298340
2019-11-11 07:00:00,16.31,16.4,15.61,16.31,185570
2019-11-12 07:00:00,16.31,16.62,16.23,16.56,297840
2019-11-13 07:00:00,16.56,16.65,16.23,16.58,165970
2019-11-14 07:00:00,16.58,16.58,16.02,16.02,249020
2019-11-15 07:00:00,15.88,16.31,15.88,16.15,80600
2019-11-18 07:00:00,16.15,16.23,15.9,16.1,157100
2019-11-19 07:00:00,16.19,16.44,15.96,15.96,176810
2019-11-20 07:00:00,16.15,16.65,16.02,16.54,282070
2019-11-21 07:00:00,16.42,16.77,16.4,16.54,270370
2019-11-22 07:00:00,16.54,16.65,16.27,16.35,133490
2019-11-25 07:00:00,16.35,16.6,16.02,16.44,133740
2019-11-26 07:00:00,16.44,16.56,16.31,16.42,278160
2019-11-27 07:00:00,16.27,16.54,16.27,16.44,152830
2019-11-28 07:00:00,16.23,16.44,16.23,16.35,114170
2019-11-29 07:00:00,16.31,16.54,16.31,16.52,103420
2019-12-02 07:00:00,16.54,17.19,16.46,17.19,479370
2019-12-03 07:00:00,17.23,17.69,17.06,17.48,347870
2019-12-04 07:00:00,17.48,17.64,17.39,17.56,379560
2019-12-05 07:00:00,17.58,17.6,17.27,17.48,162080
2019-12-06 07:00:00,17.48,17.85,17.39,17.69,279910
2019-12-09 07:00:00,17.69,18.27,17.69,18.12,263420
2019-12-10 07:00:00,18.27,18.29,17.73,17.73,192480
2019-12-11 07:00:00,17.73,17.73,17.52,17.56,110840
2019-12-12 07:00:00,17.35,17.56,16.9,17.06,227800
2019-12-13 07:00:00,16.9,17.46,16.23,16.35,511560
2019-12-16 07:00:00,16.02,16.6,16.02,16.52,180280
2019-12-17 07:00:00,16.52,16.65,16.4,16.5,128800
2019-12-18 07:00:00,16.4,16.4,16.15,16.15,71280
2019-12-19 07:00:00,15.98,16.44,15.98,16.23,40980
2019-12-20 07:00:00,16.35,16.35,16.15,16.25,135150
2019-12-23 07:00:00,16.31,16.56,16.0,16.06,310800
2019-12-24 07:00:00,16.49,16.66,15.59,16.43,576130
2019-12-25 07:00:00,16.43,16.55,15.72,15.89,377390
2019-12-26 07:00:00,15.61,16.21,15.61,15.89,159060
2019-12-27 07:00:00,15.98,16.02,15.76,15.81,68010
2019-12-30 07:00:00,15.81,16.23,15.81,16.19,193840
2019-12-31 07:00:00,16.28,16.36,16.11,16.19,138000
2020-01-02 07:00:00,16.62,16.62,16.0,16.19,97330
2020-01-03 07:00:00,16.19,16.26,15.89,16.06,70660
2020-01-06 07:00:00,16.13,16.13,15.85,15.89,104050
2020-01-07 07:00:00,15.89,15.89,15.25,15.55,219780
2020-01-08 07:00:00,15.42,15.64,15.17,15.42,94930
2020-01-09 07:00:00,15.38,15.81,15.38,15.59,50480
2020-01-10 07:00:00,15.72,15.89,15.42,15.79,154280
2020-01-13 07:00:00,15.79,15.98,15.59,15.76,112980
2020-01-14 07:00:00,15.81,16.06,15.79,15.81,124010
2020-01-15 07:00:00,15.87,16.15,15.87,16.15,216920
2020-01-16 07:00:00,16.23,17.05,16.19,16.92,136100
2020-01-17 07:00:00,17.17,17.22,16.53,16.81,137220
2020-01-20 07:00:00,16.75,16.87,16.66,16.83,44560
2020-01-21 07:00:00,17.69,17.73,17.09,17.09,474030
2020-01-22 07:00:00,17.52,17.67,17.13,17.6,144700
2020-01-30 07:00:00,17.9,18.01,17.47,17.56,176570
2020-01-31 07:00:00,17.28,17.54,16.75,16.87,216530
2020-02-03 07:00:00,16.36,17.09,15.72,17.09,425750
2020-02-04 07:00:00,17.09,17.09,16.49,16.66,114680
2020-02-05 07:00:00,16.87,16.87,16.58,16.62,43640
2020-02-06 07:00:00,16.45,16.83,16.45,16.66,88290
2020-02-07 07:00:00,16.79,16.79,16.58,16.58,148760
2020-02-10 07:00:00,16.36,16.66,16.15,16.23,137660
2020-02-11 07:00:00,16.43,16.43,16.21,16.36,39330
2020-02-12 07:00:00,16.43,16.49,16.02,16.47,123330
2020-02-13 07:00:00,16.62,16.64,16.26,16.32,115520
2020-02-14 07:00:00,16.19,16.28,15.81,15.89,292850
2020-02-17 07:00:00,15.81,16.06,15.66,15.66,138750
2020-02-18 07:00:00,15.66,16.02,15.55,15.81,81470
2020-02-19 07:00:00,15.81,16.19,15.64,15.98,104560
2020-02-20 07:00:00,16.19,16.23,16.04,16.04,95810
2020-02-21 07:00:00,16.02,16.11,16.0,16.04,57090
2020-02-24 07:00:00,16.02,16.02,15.25,15.68,80220
2020-02-25 07:00:00,15.42,15.72,15.42,15.68,107660
2020-02-26 07:00:00,15.46,15.81,15.36,15.36,113700
2020-02-27 07:00:00,15.38,15.79,15.36,15.59,178850
2020-02-28 07:00:00,15.38,15.59,15.34,15.4,84910
2020-03-02 07:00:00,15.34,15.85,15.34,15.81,195200
2020-03-03 07:00:00,15.89,16.62,15.89,16.45,218930
2020-03-04 07:00:00,16.45,16.49,16.02,16.43,147300
2020-03-05 07:00:00,16.58,17.07,16.43,16.83,270810
2020-03-06 07:00:00,16.83,17.26,16.83,17.11,338140
2020-03-09 07:00:00,16.19,16.66,15.93,15.98,336290
2020-03-10 07:00:00,15.81,16.45,15.81,16.45,113690
2020-03-11 07:00:00,16.45,16.49,15.59,16.28,112890
2020-03-12 07:00:00,16.02,16.02,15.68,15.85,707890
2020-03-13 07:00:00,15.42,16.62,15.42,16.4,293160
2020-03-16 07:00:00,16.4,16.4,15.72,15.85,171790
2020-03-17 07:00:00,14.99,15.85,14.99,15.23,362460
2020-03-18 07:00:00,15.23,15.34,14.91,14.91,173800
2020-03-19 07:00:00,14.65,14.87,14.48,14.53,231220
2020-03-20 07:00:00,14.53,14.91,14.12,14.53,163550
2020-03-23 07:00:00,13.88,14.12,13.52,13.52,306020
2020-03-24 07:00:00,13.29,13.67,13.29,13.67,256860
2020-03-25 07:00:00,14.1,14.61,13.67,14.57,97280
2020-03-26 07:00:00,14.57,14.61,13.97,14.01,42310
2020-03-27 07:00:00,13.67,14.08,13.67,13.97,68250
2020-03-30 07:00:00,13.24,13.67,13.07,13.24,202290
2020-03-31 07:00:00,13.8,13.8,13.03,13.67,161750
2020-04-01 07:00:00,14.01,14.01,13.67,13.91,104260
2020-04-03 07:00:00,14.27,14.27,13.97,13.99,85730
2020-04-06 07:00:00,14.14,14.44,14.01,14.44,174340
2020-04-07 07:00:00,14.53,14.53,14.31,14.4,10090
2020-04-08 07:00:00,14.53,14.74,14.31,14.53,86830
2020-04-09 07:00:00,14.97,15.05,14.53,14.97,207010
2020-04-10 07:00:00,14.97,15.3,14.97,15.23,138650
2020-04-13 07:00:00,15.23,15.41,15.21,15.25,209370
2020-04-14 07:00:00,15.23,15.23,14.75,15.14,141290
2020-04-15 07:00:00,14.88,15.58,14.88,15.08,89060
2020-04-16 07:00:00,15.14,15.14,14.92,15.08,71670
2020-04-17 07:00:00,15.14,15.98,14.92,15.8,201320
2020-04-20 07:00:00,15.8,16.07,15.71,16.02,138120
2020-04-21 07:00:00,16.95,16.95,16.02,16.02,674930
2020-04-22 07:00:00,15.85,16.29,15.49,15.76,330230
2020-04-23 07:00:00,16.29,16.46,15.8,15.89,317350
2020-04-24 07:00:00,15.63,15.89,15.45,15.87,113720
2020-04-27 07:00:00,15.93,16.2,15.69,16.11,292260
2020-04-28 07:00:00,16.15,16.51,16.11,16.29,384100
2020-04-29 07:00:00,16.73,17.03,16.29,16.73,1209670
2020-05-04 07:00:00,16.55,16.81,16.24,16.4,289090
2020-05-05 07:00:00,16.55,16.55,16.29,16.51,87930
2020-05-06 07:00:00,16.62,16.64,16.29,16.42,261550
2020-05-07 07:00:00,16.51,16.95,16.44,16.68,567310
2020-05-08 07:00:00,16.81,16.81,16.42,16.42,304240
2020-05-11 07:00:00,16.44,16.59,16.31,16.44,254550
2020-05-12 07:00:00,16.44,16.62,16.31,16.51,370260
2020-05-13 07:00:00,16.51,16.66,16.35,16.64,283710
2020-05-14 07:00:00,16.81,17.08,16.37,16.37,1094730
2020-05-15 07:00:00,16.55,16.55,16.42,16.51,151330
2020-05-18 07:00:00,16.51,16.55,16.37,16.46,146360
2020-05-19 07:00:00,16.42,16.46,15.85,15.89,878150
2020-05-20 07:00:00,15.63,15.89,15.63,15.69,211030
2020-05-21 07:00:00,15.67,16.11,15.67,16.07,75350
2020-05-22 07:00:00,15.93,16.07,15.89,15.89,94110
2020-05-25 07:00:00,15.89,15.98,15.76,15.82,152570
2020-05-26 07:00:00,15.85,16.46,15.8,16.37,253900
2020-05-27 07:00:00,16.64,16.64,16.11,16.11,105450
2020-05-28 07:00:00,16.11,16.42,15.98,16.29,240700
2020-05-29 07:00:00,16.2,16.44,16.11,16.2,60680
2020-06-01 07:00:00,16.15,16.22,15.96,15.98,176740
2020-06-02 07:00:00,16.02,16.29,15.93,16.18,149130
2020-06-03 07:00:00,16.24,16.24,15.98,16.11,160230
2020-06-04 07:00:00,16.11,16.11,15.78,15.82,416050
2020-06-05 07:00:00,15.76,15.76,15.56,15.63,312770
2020-06-08 07:00:00,15.63,16.11,15.63,15.93,287730
2020-06-09 07:00:00,16.04,16.04,15.69,15.71,145720
2020-06-10 07:00:00,15.91,16.0,15.63,15.85,241930
2020-06-11 07:00:00,15.85,16.02,15.41,15.41,362810
2020-06-12 07:00:00,14.79,15.36,14.79,15.19,513410
2020-06-15 07:00:00,15.23,15.25,14.7,14.79,288290
2020-06-16 07:00:00,14.88,15.01,14.75,14.97,193070
2020-06-17 07:00:00,15.05,15.32,14.83,15.27,348490
2020-06-18 07:00:00,15.32,15.63,15.19,15.45,223990
2020-06-19 07:00:00,15.63,15.63,15.14,15.19,359300
2020-06-22 07:00:00,15.19,15.19,15.03,15.05,307480
2020-06-23 07:00:00,15.05,15.05,14.97,15.01,368900
2020-06-24 07:00:00,15.01,15.41,14.94,15.25,421690
2020-06-25 07:00:00,15.41,15.41,15.14,15.27,404650
2020-06-26 07:00:00,15.27,16.07,15.27,15.49,677170
2020-06-29 07:00:00,15.19,15.85,14.97,14.97,597050
2020-06-30 07:00:00,15.41,15.41,15.01,15.21,533910
2020-07-01 07:00:00,15.21,15.76,15.19,15.65,533490
2020-07-02 07:00:00,15.8,16.73,15.54,16.68,2773060
2020-07-03 07:00:00,16.86,17.39,16.24,16.29,1169170
2020-07-06 07:00:00,16.33,16.73,15.93,15.93,1445760
2020-07-07 07:00:00,16.0,16.4,15.63,15.63,1730330
2020-07-08 07:00:00,16.02,16.7,16.02,16.7,2387470
2020-07-09 07:00:00,17.87,17.87,17.69,17.87,1263310
2020-07-10 07:00:00,17.87,18.44,17.87,18.27,2380990
2020-07-13 07:00:00,18.05,18.93,18.05,18.46,1531970
2020-07-14 07:00:00,18.44,18.93,18.42,18.93,1304480
2020-07-15 07:00:00,19.15,19.19,18.27,18.27,1351200
2020-07-16 07:00:00,18.27,18.82,18.27,18.77,1019810
2020-07-17 07:00:00,18.71,19.21,18.68,18.9,975650
2020-07-20 07:00:00,18.9,19.26,18.49,18.66,1576530
2020-07-21 07:00:00,18.62,18.62,17.87,18.33,1627280
2020-07-22 07:00:00,18.31,18.66,18.27,18.38,1001600
2020-07-23 07:00:00,18.35,19.15,18.2,19.15,1283610
2020-07-24 07:00:00,18.93,19.45,17.83,18.49,2741350
2020-07-27 07:00:00,17.87,18.27,17.39,17.52,1868940
2020-07-28 07:00:00,17.8,18.53,17.54,18.33,912110
2020-07-29 07:00:00,18.0,18.2,17.25,18.05,1821910
2020-07-30 07:00:00,18.2,18.27,18.05,18.07,925680
2020-07-31 07:00:00,18.05,18.13,17.63,17.74,880480
2020-08-03 07:00:00,17.74,18.35,17.74,18.31,789560
2020-08-04 07:00:00,18.49,18.49,18.2,18.46,628220
2020-08-05 07:00:00,18.49,19.54,18.42,19.54,2154120
2020-08-06 07:00:00,19.72,19.94,19.28,19.81,1335300
2020-08-07 07:00:00,19.81,19.94,19.5,19.94,1093430
2020-08-10 07:00:00,19.89,20.0,19.41,19.41,1124990
2020-08-11 07:00:00,19.41,19.76,19.32,19.72,2103010
2020-08-12 07:00:00,19.81,19.81,19.43,19.59,687600
2020-08-13 07:00:00,19.67,20.11,19.45,20.11,1328670
2020-08-14 07:00:00,20.11,20.11,19.65,19.81,1193380
2020-08-17 07:00:00,19.63,19.78,19.45,19.72,626620
2020-08-18 07:00:00,19.63,19.81,19.5,19.5,645140
2020-08-19 07:00:00,19.59,20.11,19.48,19.98,889920
2020-08-20 07:00:00,19.94,20.29,19.67,19.94,1007340
2020-08-21 07:00:00,20.03,20.11,19.76,20.11,801060
2020-08-24 07:00:00,20.25,20.47,20.07,20.22,1319300
2020-08-25 07:00:00,20.22,20.25,19.92,19.92,651200
2020-08-26 07:00:00,19.94,20.16,19.56,20.03,733440
2020-08-27 07:00:00,20.14,20.14,19.67,19.76,682150
2020-08-28 07:00:00,19.85,20.0,19.5,19.54,1069590
2020-08-31 07:00:00,19.54,19.59,19.17,19.28,1025250
2020-09-01 07:00:00,19.28,19.63,19.23,19.61,521820
2020-09-03 07:00:00,19.59,19.76,19.41,19.59,549090
2020-09-04 07:00:00,19.37,19.85,19.34,19.76,917660
2020-09-07 07:00:00,19.76,19.76,19.45,19.54,713200
2020-09-08 07:00:00,19.54,19.74,19.45,19.63,456100
2020-09-09 07:00:00,19.54,20.69,19.5,20.56,1702340
2020-09-10 07:00:00,20.69,20.8,20.38,20.51,626270
2020-09-11 07:00:00,20.51,20.58,20.42,20.47,536060
2020-09-14 07:00:00,20.47,20.47,20.2,20.29,735880
2020-09-15 07:00:00,20.47,20.51,20.25,20.42,762630
2020-09-16 07:00:00,20.42,20.56,20.2,20.47,666130
2020-09-17 07:00:00,20.47,20.67,20.42,20.6,681800
2020-09-18 07:00:00,20.6,20.6,20.4,20.42,445270
2020-09-21 07:00:00,20.51,20.58,19.94,20.07,845270
2020-09-22 07:00:00,19.94,20.38,19.81,19.81,1042460
2020-09-23 07:00:00,19.81,19.96,19.5,19.59,1202310
2020-09-24 07:00:00,19.45,19.76,19.41,19.72,527740
2020-09-25 07:00:00,20.03,20.29,19.81,20.29,1235180
2020-09-28 07:00:00,20.4,20.4,19.83,20.2,734360
2020-09-29 07:00:00,20.2,20.2,19.81,19.85,653770
2020-09-30 07:00:00,19.85,20.11,19.81,20.03,555840
2020-10-01 07:00:00,20.2,20.2,19.94,20.07,331070
2020-10-02 07:00:00,20.16,20.16,19.67,19.81,615210
2020-10-05 07:00:00,19.85,20.05,19.81,19.96,471120
2020-10-06 07:00:00,20.0,20.45,19.98,20.25,924850
2020-10-07 07:00:00,20.25,20.34,19.92,20.16,416440
2020-10-08 07:00:00,20.29,20.29,19.92,20.16,214300
2020-10-09 07:00:00,20.16,20.25,19.98,20.11,449460
2020-10-12 07:00:00,20.25,20.25,19.94,20.05,405500
2020-10-13 07:00:00,19.92,20.07,19.83,20.05,295470
2020-10-14 07:00:00,20.11,20.11,19.98,20.03,173200
2020-10-15 07:00:00,20.11,20.11,19.81,19.81,214490
2020-10-16 07:00:00,19.7,20.14,19.7,19.94,319830
2020-10-19 07:00:00,19.85,20.03,19.85,19.89,165240
2020-10-20 07:00:00,19.89,20.31,19.89,20.31,416110
2020-10-21 07:00:00,20.47,20.51,20.25,20.25,564930
2020-10-22 07:00:00,20.16,20.51,20.16,20.51,403400
2020-10-23 07:00:00,20.69,21.48,20.6,21.48,1276810
2020-10-26 07:00:00,21.52,21.52,21.13,21.22,404730
2020-10-27 07:00:00,21.08,21.17,20.91,20.91,327830
2020-10-28 07:00:00,20.67,20.89,20.25,20.25,1159330
2020-10-29 07:00:00,20.07,20.42,19.94,20.31,464200
2020-10-30 07:00:00,20.51,20.56,20.25,20.42,245980
2020-11-02 07:00:00,20.42,20.91,20.29,20.73,363290
2020-11-03 07:00:00,20.91,21.3,20.78,21.17,594890
2020-11-04 07:00:00,21.44,21.57,21.35,21.35,418810
2020-11-05 07:00:00,21.35,21.44,21.08,21.08,449240
2020-11-06 07:00:00,21.13,21.3,21.06,21.13,178600
2020-11-09 07:00:00,21.13,21.7,21.13,21.63,278460
2020-11-10 07:00:00,21.81,21.88,21.63,21.63,240140
2020-11-11 07:00:00,21.63,22.32,21.63,22.32,962370
2020-11-12 07:00:00,22.45,22.76,22.45,22.67,477130
2020-11-13 07:00:00,22.76,22.93,22.67,22.84,335750
2020-11-16 07:00:00,22.84,23.06,22.58,22.67,443290
2020-11-17 07:00:00,22.67,23.11,22.62,23.11,557960
2020-11-18 07:00:00,23.11,23.24,22.67,23.11,315170
2020-11-19 07:00:00,23.11,23.24,22.67,23.11,442190
2020-11-20 07:00:00,22.89,23.2,22.76,23.2,409410
2020-11-23 07:00:00,23.24,23.99,23.24,23.86,548420
2020-11-24 07:00:00,24.16,24.16,23.59,23.99,273590
2020-11-25 07:00:00,24.21,24.78,24.16,24.65,492000
2020-11-26 07:00:00,24.87,25.57,24.65,25.57,810430
2020-11-27 07:00:00,25.53,25.97,25.31,25.7,443400
2020-11-30 07:00:00,25.7,26.41,25.62,26.01,542430
2020-12-01 07:00:00,25.31,26.1,25.31,25.97,311660
2020-12-02 07:00:00,25.97,25.97,25.53,25.75,464400
2020-12-03 07:00:00,25.62,25.7,25.53,25.7,261240
2020-12-04 07:00:00,25.62,27.47,25.53,27.47,314130
2020-12-07 07:00:00,27.11,27.29,25.79,26.37,317800
2020-12-08 07:00:00,26.23,26.59,25.97,26.59,165600
2020-12-09 07:00:00,26.72,26.76,26.32,26.32,220460
2020-12-10 07:00:00,26.41,26.63,26.32,26.45,320220
2020-12-11 07:00:00,26.41,27.07,26.32,26.81,392030
2020-12-14 07:00:00,26.98,26.98,26.59,26.76,437780
2020-12-15 07:00:00,26.76,26.81,26.63,26.72,236100
2020-12-16 07:00:00,26.72,26.76,26.5,26.76,553570
2020-12-17 07:00:00,26.76,26.76,25.97,26.15,589460
2020-12-18 07:00:00,26.01,26.37,26.01,26.15,255270
2020-12-21 07:00:00,26.45,26.5,26.15,26.19,174890
2020-12-22 07:00:00,26.19,27.16,26.19,27.07,608040
2020-12-23 07:00:00,27.51,27.51,26.41,26.63,180410
2020-12-24 07:00:00,26.63,26.85,26.01,26.32,203640
2020-12-25 07:00:00,26.32,26.85,26.28,26.67,635250
2020-12-28 07:00:00,26.67,26.85,26.37,26.37,492160
2020-12-29 07:00:00,26.41,26.81,26.37,26.41,386900
2020-12-30 07:00:00,27.32,27.32,26.68,26.73,141890
2020-12-31 07:00:00,26.73,28.23,26.73,27.73,429900
2021-01-04 07:00:00,27.73,27.87,27.32,27.78,246700
2021-01-05 07:00:00,27.78,27.87,27.59,27.73,151200
2021-01-06 07:00:00,27.78,27.96,27.5,27.78,366600
2021-01-07 07:00:00,27.78,29.37,27.78,29.14,581400
2021-01-08 07:00:00,29.23,30.05,29.1,29.14,268600
2021-01-11 07:00:00,29.14,29.41,29.0,29.19,684200
2021-01-12 07:00:00,29.19,29.41,28.64,29.41,496300
2021-01-13 07:00:00,29.37,29.6,29.05,29.05,545100
2021-01-14 07:00:00,29.14,29.23,28.91,29.14,348300
2021-01-15 07:00:00,29.14,31.14,29.14,31.14,1156200
2021-01-18 07:00:00,31.19,31.24,30.05,31.1,234700
2021-01-19 07:00:00,31.1,31.1,29.0,29.82,446800
2021-01-20 07:00:00,29.37,29.82,27.91,29.82,309800
2021-01-21 07:00:00,29.82,30.6,29.82,30.6,359600
2021-01-22 07:00:00,30.55,30.69,29.6,30.37,604500
2021-01-25 07:00:00,30.42,30.42,29.51,30.01,366900
2021-01-26 07:00:00,30.01,30.01,29.19,29.23,143200
2021-01-27 07:00:00,28.46,29.23,28.0,28.0,225400
2021-01-28 07:00:00,26.41,27.41,26.04,26.04,890900
2021-01-29 07:00:00,25.5,27.82,25.5,27.5,121000
2021-02-01 07:00:00,28.46,28.69,27.78,28.0,204700
2021-02-02 07:00:00,27.68,29.14,27.68,29.14,284800
2021-02-03 07:00:00,29.14,30.37,29.14,30.19,342400
2021-02-04 07:00:00,30.46,30.64,29.82,30.28,206100
2021-02-05 07:00:00,30.28,30.96,29.6,30.96,363200
2021-02-08 07:00:00,30.6,31.01,29.82,29.96,145500
2021-02-09 07:00:00,29.69,30.6,29.69,30.6,99000
2021-02-17 07:00:00,30.96,32.74,30.96,32.74,1498600
2021-02-18 07:00:00,33.38,33.6,32.33,33.42,227900
2021-02-19 07:00:00,32.78,33.56,32.78,33.15,196700
2021-02-22 07:00:00,33.19,33.51,32.92,33.28,408500
2021-02-23 07:00:00,33.24,33.38,33.1,33.19,299900
2021-02-24 07:00:00,32.97,33.88,32.97,33.24,486800
2021-02-25 07:00:00,33.24,34.7,33.24,34.7,642000
2021-02-26 07:00:00,34.7,35.97,34.61,35.29,430200
2021-03-01 07:00:00,35.29,35.29,34.38,34.97,317200
2021-03-02 07:00:00,34.83,35.06,34.65,34.97,469600
2021-03-03 07:00:00,35.29,36.88,35.01,35.88,400000
2021-03-04 07:00:00,35.88,36.84,33.69,35.52,473900
2021-03-05 07:00:00,34.83,36.43,34.7,36.34,475500
2021-03-08 07:00:00,36.43,36.65,35.52,35.97,419800
2021-03-09 07:00:00,35.74,36.43,35.52,36.15,346500
2021-03-10 07:00:00,36.11,36.65,36.11,36.65,335400
2021-03-11 07:00:00,36.88,37.34,36.65,37.34,297000
2021-03-12 07:00:00,37.34,38.52,37.34,38.25,312100
2021-03-15 07:00:00,38.25,38.48,37.79,38.29,255500
2021-03-16 07:00:00,38.29,38.93,38.29,38.75,230700
2021-03-17 07:00:00,38.75,39.02,38.48,38.93,252100
2021-03-18 07:00:00,39.16,39.16,38.48,38.93,184800
2021-03-19 07:00:00,38.93,38.93,37.79,37.97,390500
2021-03-22 07:00:00,37.84,37.93,37.11,37.79,476100
2021-03-23 07:00:00,37.56,37.79,37.34,37.75,193800
2021-03-24 07:00:00,37.11,37.52,37.11,37.25,157800
2021-03-25 07:00:00,37.25,37.47,36.43,37.15,111200
2021-03-26 07:00:00,37.15,37.15,36.43,36.88,233800
2021-03-29 07:00:00,36.88,37.29,36.88,37.2,126000
2021-03-30 07:00:00,37.2,38.25,37.2,37.79,287000
2021-03-31 07:00:00,37.79,38.02,37.34,38.02,126200
2021-04-01 07:00:00,38.02,38.25,37.79,38.11,96300
2021-04-02 07:00:00,38.25,38.25,37.38,38.11,165200
2021-04-05 07:00:00,38.11,38.11,37.75,38.11,128800
2021-04-06 07:00:00,38.11,40.34,38.07,40.07,548400
2021-04-07 07:00:00,40.48,40.8,39.61,40.43,301100
2021-04-08 07:00:00,40.43,40.8,40.3,40.43,91600
2021-04-09 07:00:00,40.11,40.48,39.39,39.84,311300
2021-04-12 07:00:00,39.7,40.3,39.39,39.98,250100
2021-04-13 07:00:00,39.98,40.62,39.98,40.07,261600
2021-04-14 07:00:00,40.07,40.66,40.07,40.62,232200
2021-04-15 07:00:00,40.43,40.75,40.43,40.52,93100
2021-04-16 07:00:00,37.79,40.52,37.79,40.16,205900
2021-04-19 07:00:00,40.07,41.89,39.61,41.89,353700
2021-04-20 07:00:00,41.89,41.94,41.12,41.89,97700
2021-04-22 07:00:00,41.89,41.89,41.07,41.25,147900
2021-04-23 07:00:00,41.25,41.84,40.52,41.66,133500
2021-04-26 07:00:00,42.57,42.57,41.66,41.89,218100
2021-04-27 07:00:00,42.3,42.3,41.07,41.21,267200
2021-04-28 07:00:00,41.21,41.62,40.52,40.89,196800
2021-04-29 07:00:00,40.89,42.57,40.89,41.53,390200
2021-05-04 07:00:00,40.98,41.66,40.98,41.53,105200
2021-05-05 07:00:00,41.66,43.12,41.66,42.57,560700
2021-05-06 07:00:00,42.8,42.98,42.35,42.94,471300
2021-05-07 07:00:00,42.89,43.71,42.39,43.58,688600
2021-05-10 07:00:00,43.62,45.76,43.39,45.76,608400
2021-05-11 07:00:00,45.99,46.76,45.72,45.9,339600
2021-05-12 07:00:00,45.53,46.35,45.53,46.35,273400
2021-05-13 07:00:00,46.12,46.35,45.62,45.99,337200
2021-05-14 07:00:00,45.99,46.44,45.44,45.53,322200
2021-05-17 07:00:00,45.53,46.53,45.53,46.31,435000
2021-05-18 07:00:00,46.49,46.53,45.67,46.17,455000
2021-05-19 07:00:00,46.31,48.54,46.17,47.22,413600
2021-05-20 07:00:00,47.76,48.17,47.22,47.76,371900
2021-05-21 07:00:00,47.35,47.9,47.35,47.76,188100
2021-05-24 07:00:00,47.63,48.04,47.35,48.04,301000
2021-05-25 07:00:00,48.26,50.04,45.53,48.22,250700
2021-05-26 07:00:00,48.22,48.22,47.08,47.35,261800
2021-05-27 07:00:00,46.9,47.13,45.53,45.9,236200
2021-05-28 07:00:00,45.62,46.67,45.62,46.31,84200
2021-05-31 07:00:00,45.76,48.63,45.76,46.4,266200
2021-06-01 07:00:00,46.31,47.81,46.31,47.35,241800
2021-06-02 07:00:00,47.81,47.81,47.35,47.58,161400
2021-06-03 07:00:00,47.58,48.22,47.45,47.58,163700
2021-06-04 07:00:00,47.58,48.49,47.54,48.45,626200
2021-06-07 07:00:00,48.95,48.95,46.9,48.4,146200
2021-06-08 07:00:00,48.45,48.49,45.99,46.9,346600
2021-06-09 07:00:00,46.9,48.26,46.72,47.35,239800
2021-06-10 07:00:00,47.35,48.22,46.9,47.95,215100
2021-06-11 07:00:00,48.26,49.18,48.22,48.22,140100
2021-06-14 07:00:00,48.22,48.72,48.22,48.54,268100
2021-06-15 07:00:00,48.26,49.18,48.26,48.45,92600
2021-06-16 07:00:00,49.13,49.13,48.36,48.45,62500
2021-06-17 07:00:00,48.45,49.63,48.4,48.63,198100
2021-06-18 07:00:00,48.63,49.59,48.63,48.67,254200
2021-06-21 07:00:00,48.67,49.59,48.67,49.13,112400
2021-06-22 07:00:00,49.18,49.18,48.54,48.81,152000
2021-06-23 07:00:00,48.54,48.72,47.35,47.81,587300
2021-06-24 07:00:00,47.81,47.95,47.31,47.81,135400
2021-06-25 07:00:00,47.35,47.76,46.58,47.35,440700
2021-06-28 07:00:00,47.35,48.63,47.35,48.58,53800
2021-06-29 07:00:00,48.58,48.58,47.9,48.36,63800
2021-06-30 07:00:00,48.26,48.36,47.81,47.81,110600
2021-07-01 07:00:00,47.81,49.22,47.4,48.22,61100
2021-07-02 07:00:00,48.31,48.4,47.81,47.9,82600
2021-07-05 07:00:00,47.72,47.9,46.94,47.17,174400
2021-07-06 07:00:00,46.94,47.31,46.22,46.22,160200
2021-07-07 07:00:00,46.4,48.58,44.67,48.31,190300
2021-07-08 07:00:00,48.31,48.4,47.58,48.26,212700
2021-07-09 07:00:00,48.72,48.72,46.67,46.72,83700
2021-07-12 07:00:00,45.62,47.35,44.39,44.62,179600
2021-07-13 07:00:00,44.39,44.85,44.17,44.62,216200
2021-07-14 07:00:00,45.53,45.53,43.76,44.08,122200
2021-07-15 07:00:00,44.62,44.62,43.8,44.17,165400
2021-07-16 07:00:00,44.21,44.26,43.94,44.08,144800
2021-07-19 07:00:00,41.94,45.44,41.94,44.08,176100
2021-07-20 07:00:00,45.49,45.49,44.08,44.26,73200
2021-07-21 07:00:00,44.3,44.39,43.71,44.26,100900
2021-07-22 07:00:00,44.26,45.58,44.08,45.44,317400
2021-07-23 07:00:00,48.32,48.32,46.25,46.48,139100
2021-07-26 07:00:00,46.59,48.2,46.02,46.36,61700
2021-07-27 07:00:00,46.13,46.94,46.02,46.82,198400
2021-07-28 07:00:00,46.99,48.32,46.82,47.17,151100
2021-07-29 07:00:00,47.57,47.74,46.99,47.57,66500
2021-07-30 07:00:00,48.15,48.15,46.99,47.74,125000
2021-08-02 07:00:00,47.74,50.96,47.34,50.96,1898200
2021-08-03 07:00:00,52.34,52.34,51.08,51.48,184200
2021-08-04 07:00:00,51.77,51.77,50.79,51.19,234700
2021-08-05 07:00:00,50.68,52.23,50.62,52.06,660700
2021-08-06 07:00:00,52.11,52.11,51.37,51.77,304400
2021-08-09 07:00:00,51.02,53.38,50.79,52.06,529700
2021-08-10 07:00:00,52.06,52.11,51.19,51.94,641800
2021-08-11 07:00:00,52.06,52.17,50.91,51.48,511500
2021-08-12 07:00:00,51.48,51.77,50.62,50.62,632100
2021-08-13 07:00:00,50.56,50.62,49.47,49.64,430800
2021-08-16 07:00:00,49.7,51.08,49.58,50.56,594300
2021-08-17 07:00:00,51.19,51.19,50.33,50.79,544700
2021-08-18 07:00:00,50.62,50.79,50.04,50.5,174500
2021-08-19 07:00:00,50.85,52.0,50.5,50.62,549000
2021-08-20 07:00:00,50.68,50.73,47.74,48.89,640200
2021-08-23 07:00:00,48.89,48.89,47.17,47.46,232800
2021-08-24 07:00:00,46.36,47.74,46.36,47.23,271300
2021-08-25 07:00:00,47.23,47.46,46.36,47.17,223400
2021-08-26 07:00:00,46.76,48.55,46.76,47.74,330500
2021-08-27 07:00:00,47.23,47.69,47.17,47.63,142700
2021-08-30 07:00:00,47.86,48.26,47.86,48.26,221600
2021-08-31 07:00:00,48.89,49.01,47.86,49.01,192200
2021-09-01 07:00:00,49.01,49.01,48.09,48.32,521200
2021-09-06 07:00:00,48.32,49.76,48.09,48.66,443500
2021-09-07 07:00:00,48.66,48.89,48.09,48.26,346400
2021-09-08 07:00:00,48.26,48.61,48.2,48.32,187600
2021-09-09 07:00:00,48.32,48.49,48.09,48.43,315900
2021-09-10 07:00:00,48.32,48.61,48.2,48.55,186700
2021-09-13 07:00:00,48.55,49.47,48.38,49.41,768700
2021-09-14 07:00:00,49.41,50.33,49.41,49.81,559800
2021-09-15 07:00:00,49.81,50.62,49.81,50.27,299300
2021-09-16 07:00:00,50.1,50.91,49.47,50.45,304500
2021-09-17 07:00:00,50.16,50.62,49.18,50.56,707100
2021-09-20 07:00:00,50.62,50.62,49.93,49.99,445600
2021-09-21 07:00:00,49.76,49.81,49.12,49.18,594400
2021-09-22 07:00:00,49.47,49.58,48.43,49.18,305500
2021-09-23 07:00:00,50.5,50.5,49.12,49.41,409800
2021-09-24 07:00:00,49.64,49.64,48.55,48.78,343900
2021-09-27 07:00:00,49.24,49.24,47.34,47.69,404800
2021-09-28 07:00:00,47.34,48.2,46.53,48.2,213800
2021-09-29 07:00:00,47.74,48.49,47.17,48.2,178600
2021-09-30 07:00:00,48.26,49.47,47.57,47.74,207500
2021-10-01 07:00:00,47.63,47.97,47.17,47.74,215200
2021-10-04 07:00:00,48.89,51.08,48.09,51.08,3321600
2021-10-05 07:00:00,53.96,54.07,52.34,52.8,1330800
2021-10-06 07:00:00,52.8,54.88,51.94,54.36,1249100
2021-10-07 07:00:00,54.42,55.51,53.55,54.65,1606700
2021-10-08 07:00:00,54.42,55.68,54.42,54.76,763100
2021-10-11 07:00:00,54.93,54.93,53.67,53.96,943600
2021-10-12 07:00:00,53.72,54.82,53.03,54.59,932500
2021-10-13 07:00:00,54.88,55.22,53.38,53.67,704800
2021-10-14 07:00:00,53.67,54.53,53.61,53.96,745600
2021-10-15 07:00:00,54.24,54.24,53.26,53.38,535400
2021-10-18 07:00:00,53.44,53.96,52.86,52.92,712600
2021-10-19 07:00:00,52.92,52.92,52.06,52.06,571000
2021-10-20 07:00:00,52.06,53.72,51.77,52.92,419200
2021-10-21 07:00:00,52.92,54.53,52.63,54.07,955900
2021-10-22 07:00:00,54.53,54.59,53.78,54.19,473200
2021-10-25 07:00:00,54.59,54.65,53.9,54.19,429400
2021-10-26 07:00:00,54.13,54.13,51.77,53.49,375200
2021-10-27 07:00:00,53.49,53.96,52.98,53.67,403100
2021-10-28 07:00:00,53.72,53.78,52.86,52.92,921600
2021-10-29 07:00:00,52.92,54.01,52.8,53.78,615700
2021-11-01 07:00:00,53.55,53.72,52.29,52.29,954000
2021-11-02 07:00:00,52.17,52.92,52.17,52.34,667500
2021-11-03 07:00:00,52.34,53.03,52.34,52.34,438400
2021-11-04 07:00:00,52.86,52.86,52.29,52.57,190200
2021-11-05 07:00:00,52.86,55.45,52.57,55.28,1573500
2021-11-08 07:00:00,55.34,55.68,54.07,54.82,368000
2021-11-09 07:00:00,54.7,55.34,54.42,55.11,609400
2021-11-10 07:00:00,54.65,55.11,53.84,54.99,638100
2021-11-11 07:00:00,54.19,55.11,54.07,54.19,530500
2021-11-12 07:00:00,53.9,54.24,53.84,54.19,438600
2021-11-15 07:00:00,54.19,54.24,52.57,52.92,372800
2021-11-16 07:00:00,52.4,52.92,52.4,52.57,171300
2021-11-17 07:00:00,52.57,53.49,52.46,52.8,103500
2021-11-18 07:00:00,53.38,53.55,52.34,52.92,198800
2021-11-19 07:00:00,52.92,53.9,52.23,53.9,370300
2021-11-22 07:00:00,53.9,54.07,53.09,53.49,212900
2021-11-23 07:00:00,53.49,53.61,52.63,53.61,178000
2021-11-24 07:00:00,53.49,54.36,53.32,54.07,441300
2021-11-25 07:00:00,55.11,55.11,53.84,54.36,474600
2021-11-26 07:00:00,54.36,54.7,53.49,53.49,260100
2021-11-29 07:00:00,52.4,53.55,52.4,53.55,269200
2021-11-30 07:00:00,53.55,53.67,52.92,53.67,199100
2021-12-01 07:00:00,54.07,54.36,52.4,53.49,106100
2021-12-02 07:00:00,54.53,54.53,53.21,53.26,181300
2021-12-03 07:00:00,53.26,53.26,52.4,52.52,161900
2021-12-06 07:00:00,52.52,52.69,48.89,50.68,284600
2021-12-07 07:00:00,50.91,51.65,49.18,50.91,207500
2021-12-08 07:00:00,51.08,51.65,50.91,50.91,144800
2021-12-09 07:00:00,50.96,52.06,50.96,51.77,208400
2021-12-10 07:00:00,51.54,51.83,50.91,50.96,150300
2021-12-13 07:00:00,50.96,51.54,50.62,50.68,221300
2021-12-14 07:00:00,50.73,50.91,49.64,49.87,135700
2021-12-15 07:00:00,49.76,50.62,49.7,50.22,51400
2021-12-16 07:00:00,50.22,50.27,48.89,49.53,163000
2021-12-17 07:00:00,49.53,49.64,48.89,49.07,241100
2021-12-20 07:00:00,49.18,49.35,48.84,48.84,210000
2021-12-21 07:00:00,48.03,48.89,48.03,48.84,115800
2021-12-22 07:00:00,48.66,48.95,48.32,48.43,174500
2021-12-23 07:00:00,48.03,48.78,47.69,48.26,189100
2021-12-24 07:00:00,48.03,48.72,48.03,48.72,136400
2021-12-27 07:00:00,48.72,49.76,48.09,49.47,47100
2021-12-28 07:00:00,49.47,49.64,49.41,49.47,51100
2021-12-29 07:00:00,48.95,49.58,48.95,49.41,44600
2021-12-30 07:00:00,49.47,50.04,49.35,50.04,25800
2021-12-31 07:00:00,49.93,51.19,49.47,51.19,58600
2022-01-04 07:00:00,51.08,51.08,50.27,50.62,136100
2022-01-05 07:00:00,50.04,50.39,49.81,50.39,143500
2022-01-06 07:00:00,50.04,50.62,49.93,50.39,47600
2022-01-07 07:00:00,50.1,50.1,49.18,49.24,112600
2022-01-10 07:00:00,49.24,49.3,48.89,48.95,141900
2022-01-11 07:00:00,48.89,49.18,47.86,47.86,157500
2022-01-12 07:00:00,47.92,49.12,47.92,48.26,64200
2022-01-13 07:00:00,48.38,49.18,46.65,47.17,123700
2022-01-14 07:00:00,47.17,47.51,47.11,47.23,178600
2022-01-17 07:00:00,47.46,48.61,46.3,46.36,103700
2022-01-18 07:00:00,46.07,46.36,45.96,45.96,121600
2022-01-19 07:00:00,46.02,46.59,45.96,45.96,73400
2022-01-20 07:00:00,45.96,46.59,45.84,46.25,88700
2022-01-21 07:00:00,46.25,46.25,45.15,45.15,123100
2022-01-24 07:00:00,45.38,45.44,43.49,43.72,124400
2022-01-25 07:00:00,43.03,43.83,41.3,41.99,202300
2022-01-26 07:00:00,41.99,43.83,41.99,43.83,52500
2022-01-27 07:00:00,45.21,45.21,42.85,43.83,133300
2022-01-28 07:00:00,43.72,44.92,43.72,44.87,86400
2022-02-07 07:00:00,44.87,44.98,43.43,43.54,236800
2022-02-08 07:00:00,43.72,44.75,43.43,44.29,107700
2022-02-09 07:00:00,44.29,44.87,44.29,44.87,48800
2022-02-10 07:00:00,44.92,44.98,44.23,44.87,264400
2022-02-11 07:00:00,44.87,45.44,44.87,45.44,49200
2022-02-14 07:00:00,45.44,45.44,44.58,45.15,137000
2022-02-15 07:00:00,45.15,45.33,44.81,45.33,46200
2022-02-16 07:00:00,45.33,45.33,44.87,44.92,70200
2022-02-17 07:00:00,44.92,45.38,44.87,44.87,62700
2022-02-18 07:00:00,44.87,44.98,43.72,44.98,330300
2022-02-21 07:00:00,44.98,46.59,44.87,46.07,177200
2022-02-22 07:00:00,45.56,46.3,45.56,46.13,88500
2022-02-23 07:00:00,46.13,47.23,45.9,46.99,224700
2022-02-24 07:00:00,46.65,47.05,45.79,46.25,263000
2022-02-25 07:00:00,46.25,46.3,45.56,45.79,198600
2022-02-28 07:00:00,45.84,47.4,45.61,46.13,69700
2022-03-01 07:00:00,46.19,46.71,46.02,46.59,80200
2022-03-02 07:00:00,46.59,46.59,45.56,45.79,231000
2022-03-03 07:00:00,45.79,45.79,45.04,45.44,289200
2022-03-04 07:00:00,45.61,46.07,45.1,45.21,292700
2022-03-07 07:00:00,45.15,45.5,44.46,45.38,257900
2022-03-08 07:00:00,45.15,45.15,44.29,44.29,261900
2022-03-09 07:00:00,44.29,44.35,43.03,43.14,219000
2022-03-10 07:00:00,45.33,45.33,41.99,42.28,243200
2022-03-11 07:00:00,43.14,43.72,42.39,42.91,147300
2022-03-14 07:00:00,43.14,43.14,41.65,41.99,85200
2022-03-15 07:00:00,41.99,42.28,40.84,42.11,152600
2022-03-16 07:00:00,42.39,42.68,42.11,42.22,165200
2022-03-17 07:00:00,43.08,43.08,40.96,42.28,267300
2022-03-18 07:00:00,42.57,42.97,42.11,42.28,275900
2022-03-21 07:00:00,42.57,42.57,41.59,42.34,156800
2022-03-22 07:00:00,42.34,42.45,41.88,42.34,220200
2022-03-23 07:00:00,42.39,43.14,42.28,42.62,307600
2022-03-24 07:00:00,43.08,43.08,42.28,42.28,156600
2022-03-25 07:00:00,42.34,42.85,42.34,42.62,188400
2022-03-28 07:00:00,43.03,43.03,41.99,42.39,289100
2022-03-29 07:00:00,42.39,43.08,42.34,42.51,195500
2022-03-30 07:00:00,42.51,45.44,42.51,45.44,1675300
2022-03-31 07:00:00,46.82,46.82,45.5,45.84,286700
2022-04-01 07:00:00,45.44,47.69,45.1,47.63,362800
2022-04-04 07:00:00,47.74,49.18,47.57,48.95,687800
2022-04-05 07:00:00,49.12,49.12,48.15,48.89,384500
2022-04-06 07:00:00,48.32,48.95,47.74,47.92,349200
2022-04-07 07:00:00,47.92,48.89,47.92,48.03,928600
2022-04-08 07:00:00,47.97,48.32,47.23,47.23,443000
2022-04-12 07:00:00,47.74,47.74,44.87,44.87,398400
2022-04-13 07:00:00,44.87,46.59,44.87,46.02,314600
2022-04-14 07:00:00,45.5,46.53,44.98,45.44,264300
2022-04-15 07:00:00,46.02,48.26,45.33,47.46,610800
2022-04-18 07:00:00,47.86,48.38,47.4,47.74,599400
2022-04-19 07:00:00,48.38,50.16,48.09,48.61,944000
2022-04-20 07:00:00,48.03,48.89,47.28,47.69,430400
2022-04-21 07:00:00,46.82,48.03,46.82,47.74,460200
2022-04-22 07:00:00,47.8,47.97,44.41,46.59,1016800
2022-04-25 07:00:00,44.92,46.3,43.37,44.58,601600
2022-04-26 07:00:00,44.06,46.59,41.99,46.59,180300
2022-04-27 07:00:00,46.59,46.59,44.87,46.02,180600
2022-04-28 07:00:00,45.44,46.3,45.44,46.02,219500
2022-04-29 07:00:00,46.02,46.36,45.44,46.36,602600
2022-05-04 07:00:00,46.02,46.13,44.35,44.81,314700
2022-05-05 07:00:00,44.81,45.04,42.34,44.81,408200
2022-05-06 07:00:00,43.14,44.58,42.8,44.35,232500
2022-05-09 07:00:00,43.14,44.23,41.47,41.47,240800
2022-05-10 07:00:00,41.36,43.14,39.63,43.14,138400
2022-05-11 07:00:00,43.14,43.43,42.85,43.31,188600
2022-05-12 07:00:00,43.14,43.26,42.28,42.85,254200
2022-05-13 07:00:00,42.27,43.03,41.03,43.03,163800
2022-05-16 07:00:00,44.03,44.03,41.74,42.85,65200
2022-05-17 07:00:00,41.86,43.38,41.68,43.09,90400
2022-05-18 07:00:00,44.03,44.03,43.03,43.44,173800
2022-05-19 07:00:00,41.74,43.44,41.74,43.32,103500
2022-05-20 07:00:00,43.32,43.44,42.56,43.44,69900
2022-05-23 07:00:00,41.86,43.79,41.5,42.33,141900
2022-05-24 07:00:00,43.15,43.15,39.39,42.21,294600
2022-05-25 07:00:00,41.74,42.56,40.8,42.27,187700
2022-05-26 07:00:00,42.27,42.27,40.97,42.27,289600
2022-05-27 07:00:00,42.27,42.27,41.09,41.97,234200
2022-05-30 07:00:00,42.21,42.21,41.62,41.91,120100
2022-05-31 07:00:00,41.74,42.09,41.56,41.56,140000
2022-06-01 07:00:00,41.56,42.21,41.5,41.74,113500
2022-06-02 07:00:00,41.74,42.03,41.09,41.68,238100
2022-06-03 07:00:00,41.74,41.8,41.09,41.62,100300
2022-06-06 07:00:00,41.56,41.68,40.8,41.09,207300
2022-06-07 07:00:00,41.09,41.09,40.21,40.56,179700
2022-06-08 07:00:00,40.56,40.92,39.62,40.56,252200
2022-06-09 07:00:00,40.21,40.62,39.33,40.21,128500
2022-06-10 07:00:00,40.21,40.21,39.62,39.8,68900
2022-06-13 07:00:00,38.22,38.86,37.04,37.28,378900
2022-06-14 07:00:00,37.04,37.28,35.22,36.45,68700
2022-06-15 07:00:00,37.51,37.51,33.93,36.98,335000
2022-06-16 07:00:00,38.04,38.69,36.87,38.69,180400
2022-06-17 07:00:00,37.57,41.39,37.51,39.86,88200
2022-06-20 07:00:00,39.92,39.92,38.92,39.8,220600
2022-06-21 07:00:00,39.74,39.74,38.16,39.33,43600
2022-06-22 07:00:00,39.33,39.33,38.16,39.33,119100
2022-06-23 07:00:00,39.92,39.92,38.16,38.16,55900
2022-06-24 07:00:00,38.16,38.45,37.28,38.45,106900
2022-06-27 07:00:00,38.16,39.33,37.57,38.45,105100
2022-06-28 07:00:00,38.74,39.92,38.16,38.45,54500
2022-06-29 07:00:00,39.04,39.92,38.16,38.16,123800
2022-06-30 07:00:00,38.74,38.74,37.98,38.16,137600
2022-07-01 07:00:00,38.16,39.62,37.1,39.33,138600
2022-07-04 07:00:00,39.33,39.92,38.57,39.33,158200
2022-07-05 07:00:00,39.33,39.92,38.63,38.86,53600
2022-07-06 07:00:00,39.27,39.8,38.16,38.16,179400
2022-07-07 07:00:00,37.04,38.98,36.69,37.75,220700
2022-07-08 07:00:00,38.22,39.86,36.69,39.86,193700
2022-07-11 07:00:00,39.33,39.33,37.1,38.39,115400
2022-07-12 07:00:00,38.33,39.86,36.98,39.39,152200
2022-07-13 07:00:00,39.33,39.33,38.16,38.16,64500
2022-07-14 07:00:00,38.04,38.39,36.98,37.63,48500
2022-07-15 07:00:00,38.45,39.92,37.57,38.74,69800
2022-07-18 07:00:00,38.8,39.86,38.45,38.74,90300
2022-07-19 07:00:00,39.1,40.17,38.33,38.74,15700
2022-07-20 07:00:00,38.8,39.88,36.96,38.74,57800
2022-07-21 07:00:00,37.91,39.88,37.91,38.74,20100
2022-07-22 07:00:00,38.68,39.88,37.97,38.74,101800
2022-07-25 07:00:00,38.68,39.94,38.03,38.74,75000
2022-07-26 07:00:00,38.68,39.7,37.85,37.85,82100
2022-07-27 07:00:00,38.45,39.88,37.55,37.85,121900
2022-07-28 07:00:00,38.45,38.45,37.67,37.79,78100
2022-07-29 07:00:00,37.55,39.58,37.19,37.55,138400
2022-08-01 07:00:00,37.55,37.61,36.36,36.96,209700
2022-08-02 07:00:00,36.96,39.04,36.96,37.55,77400
2022-08-03 07:00:00,36.78,38.03,36.78,37.25,65100
2022-08-04 07:00:00,37.25,37.25,36.72,37.13,69200
2022-08-05 07:00:00,37.08,37.25,35.76,36.6,334000
2022-08-08 07:00:00,36.12,36.36,35.76,36.24,74500
2022-08-09 07:00:00,36.24,36.66,36.0,36.66,107600
2022-08-10 07:00:00,37.08,37.55,36.6,36.78,106400
2022-08-11 07:00:00,36.78,36.9,36.42,36.42,171200
2022-08-12 07:00:00,36.42,37.25,36.18,36.18,113800
2022-08-15 07:00:00,36.18,37.25,35.82,36.24,188700
2022-08-16 07:00:00,36.36,37.19,36.36,36.84,42900
2022-08-17 07:00:00,36.96,37.67,36.9,37.37,394800
2022-08-18 07:00:00,37.37,37.97,37.31,37.55,169300
2022-08-19 07:00:00,37.61,37.61,36.96,37.13,156700
2022-08-22 07:00:00,37.02,37.49,36.18,36.66,200600
2022-08-23 07:00:00,36.36,36.96,36.36,36.66,212900
2022-08-24 07:00:00,36.42,37.25,36.36,36.66,194800
2022-08-25 07:00:00,36.72,37.25,36.72,36.9,106600
2022-08-26 07:00:00,37.13,37.13,36.48,36.72,64600
2022-08-29 07:00:00,36.66,36.66,34.27,35.59,196400
2022-08-30 07:00:00,35.76,37.25,35.47,36.36,86900
2022-08-31 07:00:00,35.82,36.24,35.82,35.94,35900
2022-09-05 07:00:00,36.0,36.9,35.76,35.94,84300
2022-09-06 07:00:00,36.24,36.84,35.76,36.0,81300
2022-09-07 07:00:00,36.36,36.36,35.53,35.53,81900
2022-09-08 07:00:00,36.06,36.24,35.23,36.0,81600
2022-09-09 07:00:00,35.88,36.6,35.53,35.76,117700
2022-09-12 07:00:00,36.12,36.12,35.76,35.82,32000
2022-09-13 07:00:00,35.76,35.94,35.64,35.94,60700
2022-09-14 07:00:00,35.23,36.48,35.17,36.36,67200
2022-09-15 07:00:00,36.36,36.66,35.94,36.24,84000
2022-09-16 07:00:00,36.12,36.12,35.64,35.76,99500
2022-09-19 07:00:00,35.53,36.36,35.17,35.94,207600
2022-09-20 07:00:00,36.0,36.6,35.59,36.18,49700
2022-09-21 07:00:00,35.47,36.12,35.47,36.06,13600
2022-09-22 07:00:00,36.06,36.48,35.17,36.06,62000
2022-09-23 07:00:00,36.3,36.3,35.76,36.06,20300
2022-09-26 07:00:00,35.41,36.36,34.45,34.51,119900
2022-09-27 07:00:00,35.11,35.11,34.51,34.57,51600
2022-09-28 07:00:00,33.2,34.45,33.2,34.45,134200
2022-09-29 07:00:00,33.98,34.57,33.98,34.45,45100
2022-09-30 07:00:00,33.62,34.45,33.62,34.45,112500
2022-10-03 07:00:00,33.74,34.57,33.26,34.39,71600
2022-10-04 07:00:00,33.2,34.51,33.08,33.86,97000
2022-10-05 07:00:00,34.21,34.21,33.02,33.98,65300
2022-10-06 07:00:00,33.98,34.51,33.38,33.8,99900
2022-10-07 07:00:00,33.74,34.04,31.65,32.78,257200
2022-10-10 07:00:00,31.05,33.38,31.05,32.78,310600
2022-10-11 07:00:00,32.78,32.78,31.41,31.89,196200
2022-10-12 07:00:00,31.59,32.13,30.94,32.13,178200
2022-10-13 07:00:00,32.13,32.13,31.41,32.13,97200
2022-10-14 07:00:00,32.13,32.78,32.13,32.49,73700
2022-10-17 07:00:00,31.41,32.72,31.41,32.13,50600
2022-10-18 07:00:00,32.19,32.78,31.65,32.37,65000
2022-10-19 07:00:00,32.31,33.08,32.13,32.55,44200
2022-10-20 07:00:00,32.6,32.6,31.95,32.6,116700
2022-10-21 07:00:00,32.6,32.6,31.29,31.89,130100
2022-10-24 07:00:00,31.59,31.59,29.68,31.59,145200
2022-10-25 07:00:00,31.29,31.47,29.45,31.0,201200
2022-10-26 07:00:00,31.0,31.0,29.21,30.4,146200
2022-10-27 07:00:00,29.8,30.4,29.09,29.8,221100
2022-10-28 07:00:00,29.51,29.8,29.45,29.74,143500
2022-10-31 07:00:00,29.8,29.8,27.75,29.21,93500
2022-11-01 07:00:00,29.21,29.77,28.73,29.77,114800
2022-11-02 07:00:00,29.86,30.34,29.51,30.1,65000
2022-11-03 07:00:00,29.86,30.1,29.51,30.04,34400
2022-11-04 07:00:00,30.04,30.04,28.37,29.77,92500
2022-11-07 07:00:00,30.04,30.04,28.31,29.45,66400
2022-11-08 07:00:00,29.45,29.45,28.43,29.21,51700
2022-11-09 07:00:00,29.21,29.45,27.18,27.18,292000
2022-11-10 07:00:00,25.33,25.54,25.3,25.3,75200
2022-11-11 07:00:00,23.54,23.54,23.54,23.54,21100
2022-11-14 07:00:00,21.92,21.92,21.92,21.92,23100
2022-11-15 07:00:00,20.4,20.4,20.4,20.4,40900
2022-11-16 07:00:00,18.99,18.99,18.99,18.99,113000
2022-11-17 07:00:00,17.67,20.18,17.67,20.06,6374600
2022-11-18 07:00:00,20.18,21.43,20.18,21.43,158300
2022-11-21 07:00:00,22.93,22.93,20.79,22.02,995300
2022-11-22 07:00:00,21.4,21.89,20.49,20.73,1525100
2022-11-23 07:00:00,20.55,21.1,19.32,19.32,659200
2022-11-24 07:00:00,18.96,20.67,18.96,20.67,480700
2022-11-25 07:00:00,21.22,21.71,21.1,21.71,340700
2022-11-28 07:00:00,22.11,22.81,21.4,22.5,580700
2022-11-29 07:00:00,22.26,22.72,20.98,22.41,1306100
2022-11-30 07:00:00,22.38,23.42,21.77,23.24,740400
2022-12-01 07:00:00,23.27,24.16,23.06,23.36,970400
2022-12-02 07:00:00,22.78,23.18,22.69,23.18,383200
2022-12-05 07:00:00,23.54,23.61,22.63,22.87,469400
2022-12-06 07:00:00,22.87,23.54,22.32,22.93,866400
2022-12-07 07:00:00,22.57,22.93,21.71,21.77,432300
2022-12-08 07:00:00,22.6,22.87,22.02,22.23,431000
2022-12-09 07:00:00,22.78,22.78,21.95,22.38,303000
2022-12-12 07:00:00,22.75,23.45,22.5,23.12,431300
2022-12-13 07:00:00,23.18,23.36,22.87,22.99,246300
2022-12-14 07:00:00,24.19,24.19,23.46,23.68,252400
2022-12-15 07:00:00,23.46,23.72,23.14,23.32,200400
2022-12-16 07:00:00,22.74,23.1,22.74,23.07,209000
2022-12-19 07:00:00,22.81,23.43,22.81,23.1,280500
2022-12-20 07:00:00,23.5,23.5,22.74,23.17,297200
2022-12-21 07:00:00,22.89,23.1,22.42,22.96,199700
2022-12-22 07:00:00,23.1,23.1,21.69,21.69,173200
2022-12-23 07:00:00,21.8,22.34,20.97,21.66,162200
2022-12-26 07:00:00,21.66,21.84,20.94,20.94,172600
2022-12-27 07:00:00,20.94,22.38,20.79,22.38,112700
2022-12-28 07:00:00,22.49,23.1,22.06,23.1,98100
2022-12-29 07:00:00,22.99,23.97,22.96,23.68,347400
2022-12-30 07:00:00,24.19,24.26,23.46,23.68,377100
2023-01-03 07:00:00,23.5,23.9,23.5,23.79,101900
2023-01-04 07:00:00,24.08,24.08,23.57,23.61,127200
2023-01-05 07:00:00,23.72,24.4,23.64,24.4,307300
2023-01-06 07:00:00,24.55,24.91,24.4,24.91,150300
2023-01-09 07:00:00,25.27,26.64,25.27,26.64,303000
2023-01-10 07:00:00,27.07,27.18,26.68,26.78,150200
2023-01-11 07:00:00,26.68,26.78,26.42,26.42,197800
2023-01-12 07:00:00,28.01,28.01,26.42,27.47,115500
2023-01-13 07:00:00,27.72,27.94,27.07,27.87,206200
2023-01-16 07:00:00,28.16,28.16,27.07,28.01,82700
2023-01-17 07:00:00,28.12,28.12,27.43,27.61,65600
2023-01-18 07:00:00,27.43,27.94,27.0,27.36,157900
2023-01-19 07:00:00,27.11,27.76,27.11,27.4,126200
2023-01-27 07:00:00,27.29,27.87,27.29,27.8,158600
2023-01-30 07:00:00,27.87,28.01,27.43,27.94,95600
2023-01-31 07:00:00,27.43,28.01,27.43,27.87,91600
2023-02-01 07:00:00,27.87,28.01,26.86,26.86,188000
2023-02-02 07:00:00,26.78,26.78,26.28,26.6,151000
2023-02-03 07:00:00,26.6,27.04,26.57,26.71,100100
2023-02-06 07:00:00,27.29,27.29,26.46,27.0,110100
2023-02-07 07:00:00,27.22,27.22,26.35,26.5,136600
2023-02-08 07:00:00,26.5,26.78,26.21,26.68,49800
2023-02-09 07:00:00,26.13,27.0,26.13,26.71,66000
2023-02-10 07:00:00,26.42,26.57,26.06,26.35,137500
2023-02-13 07:00:00,26.06,26.24,25.12,25.2,265000
2023-02-14 07:00:00,25.16,26.32,25.16,26.32,109000
2023-02-15 07:00:00,26.32,26.71,26.21,26.42,41800
2023-02-16 07:00:00,26.42,26.71,26.42,26.57,39000
2023-02-17 07:00:00,26.42,26.6,26.35,26.57,43800
2023-02-20 07:00:00,26.68,27.29,26.6,27.04,106100
2023-02-21 07:00:00,27.29,28.16,27.07,27.83,216200
2023-02-22 07:00:00,27.29,28.08,27.22,27.22,85500
2023-02-23 07:00:00,27.36,27.36,26.93,27.22,75000
2023-02-24 07:00:00,27.43,27.43,27.11,27.29,44600
2023-02-27 07:00:00,27.15,27.15,26.35,26.35,105500
2023-02-28 07:00:00,26.64,26.93,26.5,26.78,197100
2023-03-01 07:00:00,26.89,27.22,26.03,27.22,88600
2023-03-02 07:00:00,27.36,28.84,27.07,28.66,320700
2023-03-03 07:00:00,29.38,29.38,28.3,28.3,96500
2023-03-06 07:00:00,28.34,29.46,28.34,28.44,127300
2023-03-07 07:00:00,28.99,28.99,28.52,28.73,82100
2023-03-08 07:00:00,28.52,28.84,28.44,28.66,149100
2023-03-09 07:00:00,28.81,29.53,28.59,29.24,217200
2023-03-10 07:00:00,29.28,30.29,28.88,29.92,165900
2023-03-13 07:00:00,29.6,29.96,29.06,29.6,167400
2023-03-14 07:00:00,29.35,29.46,28.12,28.23,244900
2023-03-15 07:00:00,28.66,29.17,28.66,28.73,107300
2023-03-16 07:00:00,28.37,28.73,28.16,28.59,124200
2023-03-17 07:00:00,29.06,29.09,28.52,28.59,77200
2023-03-20 07:00:00,28.55,28.55,28.08,28.16,85400
2023-03-21 07:00:00,28.19,28.48,28.12,28.3,43600
2023-03-22 07:00:00,28.3,28.48,27.69,28.48,76000
2023-03-23 07:00:00,27.8,28.59,27.8,28.23,31600
2023-03-24 07:00:00,27.98,28.81,27.98,28.77,141100
2023-03-27 07:00:00,28.73,29.02,28.73,28.84,115200
2023-03-28 07:00:00,28.81,28.99,28.73,28.81,226900
2023-03-29 07:00:00,28.59,29.02,28.52,28.77,247800
2023-03-30 07:00:00,28.88,29.17,28.7,28.99,114500
2023-03-31 07:00:00,29.09,29.09,28.3,28.95,74700
2023-04-03 07:00:00,29.09,29.09,28.63,28.91,199200
2023-04-04 07:00:00,28.91,29.09,28.7,28.88,146200
2023-04-05 07:00:00,29.24,29.24,28.16,28.66,181900
2023-04-06 07:00:00,28.99,29.02,28.52,28.55,227600
2023-04-07 07:00:00,28.81,28.81,28.3,28.34,96000
2023-04-10 07:00:00,28.52,29.06,28.16,28.55,245200
2023-04-11 07:00:00,28.52,28.84,28.52,28.73,108600
2023-04-12 07:00:00,28.73,29.2,28.63,29.09,257800
2023-04-13 07:00:00,29.24,30.18,29.24,29.89,386900
2023-04-14 07:00:00,29.82,29.82,28.88,28.95,262100
2023-04-17 07:00:00,28.95,29.82,28.66,29.82,185200
2023-04-18 07:00:00,29.82,29.85,29.24,29.6,187500
2023-04-19 07:00:00,29.89,29.89,29.28,29.28,97700
2023-04-20 07:00:00,29.31,29.74,29.09,29.49,252500
2023-04-21 07:00:00,29.49,29.53,29.02,29.53,104500
2023-04-24 07:00:00,29.53,29.56,29.17,29.17,110100
2023-04-25 07:00:00,29.17,29.38,28.63,29.09,85900
2023-04-26 07:00:00,28.3,28.84,28.3,28.48,86900
2023-04-27 07:00:00,28.81,29.31,28.44,29.24,95600
2023-04-28 07:00:00,29.2,29.6,28.95,28.95,81400
2023-05-04 07:00:00,28.88,29.42,28.3,28.44,93300
2023-05-05 07:00:00,28.91,28.91,28.3,28.84,46300
2023-05-08 07:00:00,28.44,29.06,28.44,28.81,114300
2023-05-09 07:00:00,28.88,28.88,28.01,28.77,163000
2023-05-10 07:00:00,28.7,28.77,28.44,28.52,31600
2023-05-11 07:00:00,28.81,28.81,28.01,28.26,468500
2023-05-12 07:00:00,28.7,28.7,28.16,28.23,198400
2023-05-15 07:00:00,28.26,28.52,28.08,28.08,179400
2023-05-16 07:00:00,27.94,28.44,27.94,28.01,133500
2023-05-17 07:00:00,28.37,28.52,28.01,28.37,106300
2023-05-18 07:00:00,28.44,28.73,28.41,28.66,152900
2023-05-19 07:00:00,28.63,28.73,28.48,28.7,102900
2023-05-22 07:00:00,28.66,28.88,28.63,28.84,109800
2023-05-23 07:00:00,28.84,29.17,28.77,29.13,64600
2023-05-24 07:00:00,29.38,29.38,28.91,29.13,63800
2023-05-25 07:00:00,29.54,29.54,28.87,29.39,44000
2023-05-26 07:00:00,29.39,29.61,29.09,29.54,145200
2023-05-29 07:00:00,29.61,29.83,29.46,29.76,304900
2023-05-30 07:00:00,30.06,30.06,28.87,30.02,180300
2023-05-31 07:00:00,29.65,30.13,29.65,30.13,127300
2023-06-01 07:00:00,30.2,31.54,30.13,30.94,210600
2023-06-02 07:00:00,31.02,31.35,30.65,31.09,100600
2023-06-05 07:00:00,31.57,31.57,31.06,31.2,108500
2023-06-06 07:00:00,31.28,31.94,31.24,31.76,268400
2023-06-07 07:00:00,32.2,32.2,31.39,31.68,139400
2023-06-08 07:00:00,31.8,31.8,30.87,31.46,269100
2023-06-09 07:00:00,31.46,31.46,30.72,31.17,109200
2023-06-12 07:00:00,31.02,31.8,30.8,31.68,255400
2023-06-13 07:00:00,31.83,31.83,31.39,31.39,59300
2023-06-14 07:00:00,31.83,31.83,31.24,31.43,21900
2023-06-15 07:00:00,31.09,31.76,31.09,31.2,40300
2023-06-16 07:00:00,31.57,31.65,31.2,31.24,70000
2023-06-19 07:00:00,31.57,31.57,31.2,31.46,103800
2023-06-20 07:00:00,31.76,31.76,31.24,31.46,11200
2023-06-21 07:00:00,31.46,31.46,31.24,31.46,30400
2023-06-22 07:00:00,31.5,31.61,31.09,31.46,93900
2023-06-23 07:00:00,31.43,31.5,31.13,31.46,440000
2023-06-26 07:00:00,31.39,31.5,30.8,31.46,91600
2023-06-27 07:00:00,31.2,31.24,30.87,31.06,68000
2023-06-28 07:00:00,31.02,31.09,30.8,31.09,77200
2023-06-29 07:00:00,30.94,31.09,29.98,30.2,176700
2023-06-30 07:00:00,30.69,30.69,29.76,30.28,53100
2023-07-03 07:00:00,30.65,30.65,29.95,30.02,33800
2023-07-04 07:00:00,30.02,30.06,29.91,29.98,178000
2023-07-05 07:00:00,29.98,30.06,29.91,29.98,63800
2023-07-06 07:00:00,30.35,30.35,29.09,29.61,134900
2023-07-07 07:00:00,29.83,29.98,29.39,29.98,174200
2023-07-10 07:00:00,29.98,30.13,29.09,29.95,410000
2023-07-11 07:00:00,29.95,30.13,29.83,29.98,155300
2023-07-12 07:00:00,30.06,31.17,29.98,30.94,441900
2023-07-13 07:00:00,31.09,31.28,30.87,30.94,124300
2023-07-14 07:00:00,31.02,31.94,30.91,31.61,406500
2023-07-17 07:00:00,31.31,32.2,30.69,31.61,542900
2023-07-18 07:00:00,31.68,31.72,31.31,31.61,139000
2023-07-19 07:00:00,31.8,31.8,31.24,31.35,107300
2023-07-20 07:00:00,30.94,31.5,30.87,31.46,147900
2023-07-21 07:00:00,31.24,31.43,30.98,31.28,157000
2023-07-24 07:00:00,31.61,31.72,31.31,31.39,185800
2023-07-25 07:00:00,31.39,31.5,30.94,31.31,123500
2023-07-26 07:00:00,30.94,31.31,30.76,31.09,167400
2023-07-27 07:00:00,31.31,31.31,30.17,31.09,293400
2023-07-28 07:00:00,31.2,31.2,30.5,30.94,304900
2023-07-31 07:00:00,30.61,31.09,30.61,30.72,200100
2023-08-01 07:00:00,31.02,31.02,30.54,30.57,142000
2023-08-02 07:00:00,30.57,30.57,30.35,30.35,185100
2023-08-03 07:00:00,30.35,30.5,29.5,29.5,204200
2023-08-04 07:00:00,29.87,30.35,29.87,30.09,202500
2023-08-07 07:00:00,30.13,30.2,30.09,30.2,71100
2023-08-08 07:00:00,30.2,30.61,30.2,30.57,112500
2023-08-09 07:00:00,30.65,30.65,29.98,30.2,125400
2023-08-10 07:00:00,30.46,30.46,30.09,30.17,167700
2023-08-11 07:00:00,30.35,30.35,30.02,30.35,143600
2023-08-14 07:00:00,30.39,30.5,30.13,30.39,74300
2023-08-15 07:00:00,30.35,30.39,30.28,30.39,76400
2023-08-16 07:00:00,30.5,30.5,30.09,30.13,97100
2023-08-17 07:00:00,29.98,30.2,29.98,30.06,76400
2023-08-18 07:00:00,30.02,30.24,28.87,28.87,190400
2023-08-21 07:00:00,28.5,29.09,28.28,29.09,206600
2023-08-22 07:00:00,28.87,29.8,28.21,29.61,194700
2023-08-23 07:00:00,29.69,29.83,29.28,29.5,93400
2023-08-24 07:00:00,29.28,29.61,29.28,29.54,48100
2023-08-25 07:00:00,29.73,30.03,29.65,29.91,149800
2023-08-28 07:00:00,30.03,30.03,29.73,29.91,41800
2023-08-29 07:00:00,30.03,30.06,29.58,29.95,94500
2023-08-30 07:00:00,29.95,30.7,29.73,30.36,272200
2023-08-31 07:00:00,30.59,31.07,30.36,30.74,170700
2023-09-05 07:00:00,30.77,31.04,30.66,30.89,116000
2023-09-06 07:00:00,30.89,33.02,30.66,33.02,2241600
2023-09-07 07:00:00,33.74,35.31,33.36,34.97,959000
2023-09-08 07:00:00,34.97,35.99,34.15,34.49,445400
2023-09-11 07:00:00,34.49,35.54,34.11,34.11,834900
2023-09-12 07:00:00,34.49,34.79,33.62,33.81,483100
2023-09-13 07:00:00,34.15,35.84,33.92,35.05,806900
2023-09-14 07:00:00,35.05,35.24,34.26,34.71,251000
2023-09-15 07:00:00,34.86,34.86,33.96,34.56,299700
2023-09-18 07:00:00,34.71,36.7,34.19,35.54,480200
2023-09-19 07:00:00,35.69,35.84,34.56,35.54,262300
2023-09-20 07:00:00,35.61,36.7,35.61,36.17,442400
2023-09-21 07:00:00,36.25,36.29,35.24,35.27,225600
2023-09-22 07:00:00,34.56,35.16,33.77,35.09,506700
2023-09-25 07:00:00,35.09,35.09,32.69,32.84,757500
2023-09-26 07:00:00,32.61,33.74,32.61,32.69,361500
2023-09-27 07:00:00,30.89,33.66,30.85,33.59,240000
2023-09-28 07:00:00,33.02,34.26,32.99,34.26,219500
2023-09-29 07:00:00,34.3,34.94,33.77,34.04,238300
2023-10-02 07:00:00,34.86,34.86,33.14,33.96,144800
2023-10-03 07:00:00,33.36,33.44,32.31,32.99,318600
2023-10-04 07:00:00,32.35,33.74,32.35,33.74,277600
2023-10-05 07:00:00,34.15,34.15,33.21,33.36,142100
2023-10-06 07:00:00,32.99,33.32,32.61,33.14,126000
2023-10-09 07:00:00,33.02,33.55,33.02,33.36,385600
2023-10-10 07:00:00,34.11,34.11,33.29,33.4,486600
2023-10-11 07:00:00,33.36,33.89,33.36,33.74,508000
2023-10-12 07:00:00,33.89,35.16,33.81,35.09,1003100
2023-10-13 07:00:00,34.71,35.54,34.71,35.46,538000
2023-10-16 07:00:00,35.46,35.54,34.19,34.26,388500
2023-10-17 07:00:00,34.64,34.64,31.94,31.94,648400
2023-10-18 07:00:00,32.24,32.84,31.11,31.52,658900
2023-10-19 07:00:00,32.09,32.24,31.34,31.49,246500
2023-10-20 07:00:00,31.37,32.24,31.04,32.24,250900
2023-10-23 07:00:00,32.24,32.24,31.26,31.64,233000
2023-10-24 07:00:00,31.41,32.09,31.34,31.79,136800
2023-10-25 07:00:00,31.97,32.05,31.11,31.52,153500
2023-10-26 07:00:00,31.22,31.22,29.99,30.36,465900
2023-10-27 07:00:00,30.36,30.96,29.69,29.73,225200
2023-10-30 07:00:00,29.84,30.62,29.24,29.24,124900
2023-10-31 07:00:00,29.16,29.39,28.34,28.6,412300
2023-11-01 07:00:00,28.64,28.9,28.49,28.79,85500
2023-11-02 07:00:00,29.24,29.99,28.64,29.46,144300
2023-11-03 07:00:00,29.99,31.15,29.46,31.15,905600
2023-11-06 07:00:00,31.49,31.49,30.66,31.11,142100
2023-11-07 07:00:00,30.77,30.96,30.66,30.81,133500
2023-11-08 07:00:00,30.81,31.49,30.03,31.45,105900
2023-11-09 07:00:00,31.49,31.56,30.59,31.34,257000
2023-11-10 07:00:00,31.34,31.34,30.89,30.92,89600
2023-11-13 07:00:00,30.96,31.0,30.51,30.51,96600
2023-11-14 07:00:00,30.59,31.22,30.59,31.22,205000
2023-11-15 07:00:00,31.56,31.86,31.22,31.56,353400
2023-11-16 07:00:00,31.56,31.56,30.89,31.26,104600
2023-11-17 07:00:00,31.34,31.49,30.66,31.15,151300
2023-11-20 07:00:00,30.74,31.0,30.36,30.74,119300
2023-11-21 07:00:00,31.11,31.11,30.51,30.74,127900
2023-11-22 07:00:00,30.55,30.81,30.21,30.51,338600
2023-11-23 07:00:00,30.55,30.89,30.29,30.51,168100
2023-11-24 07:00:00,30.21,30.51,29.71,30.09,109800
2023-11-27 07:00:00,30.01,30.01,29.13,29.24,165000
2023-11-28 07:00:00,29.24,29.32,28.44,29.32,146900
2023-11-29 07:00:00,29.36,29.97,29.21,29.86,105300
2023-11-30 07:00:00,29.86,29.86,29.55,29.59,107500
2023-12-01 07:00:00,29.59,29.67,29.13,29.28,85300
2023-12-04 07:00:00,29.74,29.74,29.32,29.55,157600
2023-12-05 07:00:00,29.55,29.78,29.21,29.55,109700
2023-12-06 07:00:00,29.55,29.97,29.44,29.59,183600
2023-12-07 07:00:00,29.63,29.82,29.13,29.59,227000
2023-12-08 07:00:00,29.59,29.59,29.24,29.36,92700
2023-12-11 07:00:00,29.4,29.59,29.28,29.32,114600
2023-12-12 07:00:00,29.63,29.63,29.28,29.44,116500
2023-12-13 07:00:00,29.44,29.44,28.82,28.86,371900
2023-12-14 07:00:00,29.01,29.13,28.74,28.74,219800
2023-12-15 07:00:00,28.67,29.09,28.36,28.82,267400
2023-12-18 07:00:00,28.67,28.71,27.67,27.67,293300
2023-12-19 07:00:00,27.67,28.05,27.52,27.78,329800
2023-12-20 07:00:00,28.09,28.21,27.67,28.21,116400
2023-12-21 07:00:00,28.28,28.67,28.09,28.67,58300
2023-12-22 07:00:00,28.67,29.13,28.67,29.13,126600
2023-12-25 07:00:00,29.13,29.44,29.09,29.28,143600
2023-12-26 07:00:00,29.51,29.51,28.82,29.17,128200
2023-12-27 07:00:00,29.24,29.24,29.05,29.09,101700
2023-12-28 07:00:00,29.09,29.59,29.09,29.36,251300
2023-12-29 07:00:00,29.59,29.59,29.21,29.21,231200
2024-01-02 07:00:00,29.4,29.51,29.09,29.21,118200
2024-01-03 07:00:00,29.21,29.47,29.21,29.44,163100
2024-01-04 07:00:00,29.44,30.36,29.4,30.01,318900
2024-01-05 07:00:00,30.13,31.01,29.82,30.74,467300
2024-01-08 07:00:00,31.13,32.16,31.05,31.97,897500
2024-01-09 07:00:00,31.9,32.16,31.51,31.82,551000
2024-01-10 07:00:00,31.82,31.9,31.32,31.32,265700
2024-01-11 07:00:00,31.32,31.67,31.32,31.32,90500
2024-01-12 07:00:00,30.9,31.32,30.9,31.24,364000
2024-01-15 07:00:00,31.24,32.13,31.01,31.9,357100
2024-01-16 07:00:00,31.9,32.09,31.74,31.9,236900
2024-01-17 07:00:00,31.74,31.9,31.51,31.55,136000
2024-01-18 07:00:00,31.55,32.09,31.55,31.97,603600
2024-01-19 07:00:00,32.05,32.05,31.78,31.82,212600
2024-01-22 07:00:00,31.82,31.82,31.2,31.2,223500
2024-01-23 07:00:00,31.51,31.59,31.2,31.24,74900
2024-01-24 07:00:00,31.24,31.51,31.2,31.28,140500
2024-01-25 07:00:00,31.32,31.47,31.13,31.13,89200
2024-01-26 07:00:00,31.2,31.43,30.7,30.82,188400
2024-01-29 07:00:00,30.9,31.17,30.47,30.59,200900
2024-01-30 07:00:00,30.82,31.32,30.82,31.28,215600
2024-01-31 07:00:00,31.63,32.82,31.36,32.51,622700
2024-02-01 07:00:00,32.59,32.66,32.28,32.32,434200
2024-02-02 07:00:00,32.36,32.66,32.24,32.32,486300
2024-02-05 07:00:00,32.32,32.63,32.2,32.28,355100
2024-02-06 07:00:00,32.55,32.55,31.9,32.28,185000
2024-02-07 07:00:00,32.66,32.66,32.24,32.36,266400
2024-02-15 07:00:00,32.66,32.66,31.74,32.28,224700
2024-02-16 07:00:00,32.16,32.2,31.93,31.97,386400
2024-02-19 07:00:00,32.05,32.51,32.01,32.13,190200
2024-02-20 07:00:00,32.16,32.16,31.93,31.97,101600
2024-02-21 07:00:00,32.13,32.13,31.7,31.9,278400
2024-02-22 07:00:00,31.82,33.28,31.67,32.82,762600
2024-02-23 07:00:00,32.82,32.9,31.97,31.97,257400
2024-02-26 07:00:00,32.09,32.74,32.01,32.59,418900
2024-02-27 07:00:00,32.59,32.74,32.13,32.51,593500
2024-02-28 07:00:00,32.51,32.63,32.05,32.43,249200
2024-02-29 07:00:00,32.43,32.43,31.74,32.13,249700
2024-03-01 07:00:00,32.13,32.36,32.05,32.36,362000
2024-03-04 07:00:00,32.66,33.59,32.66,32.97,797500
2024-03-05 07:00:00,32.97,33.05,32.66,32.9,312700
2024-03-06 07:00:00,32.97,32.97,32.36,32.36,415000
2024-03-07 07:00:00,32.51,33.05,31.9,33.05,422300
2024-03-08 07:00:00,33.28,33.36,32.43,32.43,266900
2024-03-11 07:00:00,32.43,33.43,32.28,32.82,698000
2024-03-12 07:00:00,32.82,33.16,32.55,32.9,248600
2024-03-13 07:00:00,33.36,34.2,33.13,33.89,618500
2024-03-14 07:00:00,33.66,36.24,33.66,35.35,1161800
2024-03-15 07:00:00,35.39,35.43,34.93,35.28,630100
2024-03-18 07:00:00,35.28,35.47,33.13,33.59,646600
2024-03-19 07:00:00,33.63,34.36,33.63,33.82,306800
2024-03-20 07:00:00,33.82,34.09,33.28,33.55,224600
2024-03-21 07:00:00,33.59,34.66,33.59,34.05,825100
2024-03-22 07:00:00,33.82,34.28,33.51,33.82,474600
2024-03-25 07:00:00,33.82,33.97,33.05,33.51,479200
2024-03-26 07:00:00,33.39,33.59,33.09,33.59,210800
2024-03-27 07:00:00,33.82,33.82,33.51,33.66,370200
2024-03-28 07:00:00,33.66,34.2,33.59,33.78,469600
2024-03-29 07:00:00,33.74,33.86,33.55,33.55,181800
2024-04-01 07:00:00,33.59,33.59,33.05,33.05,466100
2024-04-02 07:00:00,33.05,33.7,32.7,33.63,232700
2024-04-03 07:00:00,33.74,34.43,33.51,33.89,717000
2024-04-04 07:00:00,33.66,33.89,33.13,33.2,349600
2024-04-05 07:00:00,33.05,33.2,32.74,32.82,332900
2024-04-08 07:00:00,32.74,32.74,32.28,32.4,269800
2024-04-09 07:00:00,32.32,32.55,32.32,32.43,162800
2024-04-10 07:00:00,32.66,32.78,31.97,31.97,206700
2024-04-11 07:00:00,31.9,32.09,31.74,31.97,134000
2024-04-12 07:00:00,32.05,32.36,31.93,32.36,168100
2024-04-15 07:00:00,32.28,32.28,30.17,30.21,388800
2024-04-16 07:00:00,30.24,30.36,29.63,30.21,387400
2024-04-17 07:00:00,30.36,30.55,29.36,29.67,234600
2024-04-19 07:00:00,29.44,29.44,28.44,29.21,424800
2024-04-22 07:00:00,30.13,30.36,29.21,29.44,155200
2024-04-23 07:00:00,29.74,29.74,29.24,29.59,80400
2024-04-24 07:00:00,29.82,30.21,29.74,30.05,44600
2024-04-25 07:00:00,30.05,30.05,29.47,29.47,237600
2024-04-26 07:00:00,29.47,29.47,28.9,29.21,403400
2024-05-02 07:00:00,29.21,29.51,29.13,29.21,122600
2024-05-03 07:00:00,29.51,29.51,29.21,29.24,177700
2024-05-06 07:00:00,29.28,30.21,29.28,29.97,489900
2024-05-07 07:00:00,30.05,30.28,29.82,29.94,389500
2024-05-08 07:00:00,29.97,30.13,29.74,29.97,370600
2024-05-09 07:00:00,30.28,31.2,30.17,30.28,626200
2024-05-10 07:00:00,30.36,30.51,29.97,29.97,388300
2024-05-13 07:00:00,30.17,30.17,29.28,29.36,776100
2024-05-14 07:00:00,29.36,29.82,29.36,29.82,146100
2024-05-15 07:00:00,29.86,30.32,29.78,29.97,449500
2024-05-16 07:00:00,30.44,30.44,30.01,30.09,322900
2024-05-17 07:00:00,30.09,31.43,30.09,31.43,1720400
2024-05-20 07:00:00,31.55,31.93,31.24,31.28,496500
2024-05-21 07:00:00,31.36,31.36,30.74,31.09,607200
2024-05-22 07:00:00,31.13,32.13,31.09,31.43,769300
2024-05-23 07:00:00,31.43,32.7,31.28,32.28,878300
2024-05-24 07:00:00,32.16,32.28,31.05,31.43,861200
2024-05-27 07:00:00,31.51,31.74,30.94,31.2,342600
2024-05-28 07:00:00,31.43,31.63,30.9,31.63,491000
2024-05-29 07:00:00,31.67,32.43,31.51,31.97,825200
2024-05-30 07:00:00,31.93,33.01,31.74,32.59,869100
2024-05-31 07:00:00,32.66,33.2,32.43,32.82,635200
2024-06-03 07:00:00,33.43,33.43,32.66,32.7,652800
2024-06-04 07:00:00,32.86,32.9,32.43,32.74,571400
2024-06-05 07:00:00,32.93,33.97,32.63,33.89,1195800
2024-06-06 07:00:00,33.82,33.97,33.43,33.82,501200
2024-06-07 07:00:00,33.66,33.89,33.24,33.74,378300
2024-06-10 07:00:00,33.74,33.82,33.03,33.27,388200
2024-06-11 07:00:00,33.27,33.43,32.52,32.64,521500
2024-06-12 07:00:00,32.64,32.99,31.77,32.95,625400
2024-06-13 07:00:00,32.95,33.03,32.25,32.99,407200
2024-06-14 07:00:00,32.68,33.03,32.4,32.56,314600
2024-06-17 07:00:00,32.84,32.84,32.01,32.17,261700
2024-06-18 07:00:00,32.25,32.8,32.25,32.48,216900
2024-06-19 07:00:00,32.48,33.58,32.44,33.43,736600
2024-06-20 07:00:00,33.58,33.58,32.99,33.23,222900
2024-06-21 07:00:00,33.62,33.62,33.23,33.35,474200
2024-06-24 07:00:00,33.35,33.35,31.73,31.73,489600
2024-06-25 07:00:00,31.7,31.89,31.46,31.89,183800
2024-06-26 07:00:00,32.13,32.13,31.34,31.5,175600
2024-06-27 07:00:00,31.54,31.85,30.67,30.83,454700
2024-06-28 07:00:00,30.75,31.07,30.67,30.75,264800
2024-07-01 07:00:00,30.75,31.62,30.75,31.62,138100
2024-07-02 07:00:00,31.73,31.77,31.38,31.62,104300
2024-07-03 07:00:00,31.81,31.85,31.42,31.62,56300
2024-07-04 07:00:00,31.5,32.05,31.46,31.81,128900
2024-07-05 07:00:00,31.77,32.05,31.7,31.89,95000
2024-07-08 07:00:00,31.85,31.85,31.38,31.77,268500
2024-07-09 07:00:00,31.77,31.85,31.42,31.77,288500
2024-07-10 07:00:00,31.97,32.64,31.62,32.01,351300
2024-07-11 07:00:00,32.05,32.6,32.05,32.25,294500
2024-07-12 07:00:00,32.32,32.32,30.99,31.77,126300
2024-07-15 07:00:00,31.77,32.13,31.62,31.85,107800
2024-07-16 07:00:00,31.77,32.13,31.5,31.5,286000
2024-07-17 07:00:00,31.62,31.62,30.28,31.22,498900
2024-07-18 07:00:00,31.15,31.22,30.71,31.22,189500
2024-07-19 07:00:00,31.22,31.22,30.75,31.03,83300
2024-07-22 07:00:00,30.75,31.07,30.16,30.28,230700
2024-07-23 07:00:00,30.28,30.67,30.28,30.28,144400
2024-07-24 07:00:00,30.2,30.52,29.93,30.36,130200
2024-07-25 07:00:00,30.59,30.59,30.04,30.32,23100
2024-07-26 07:00:00,30.32,30.52,30.28,30.44,41600
2024-07-29 07:00:00,30.67,30.71,30.48,30.48,29600
2024-07-30 07:00:00,30.87,30.87,30.52,30.75,52800
2024-07-31 07:00:00,30.28,30.75,30.24,30.75,162400
2024-08-01 07:00:00,30.67,30.67,30.04,30.36,153400
2024-08-02 07:00:00,30.0,30.28,29.89,30.04,112400
2024-08-05 07:00:00,30.0,30.0,28.71,29.3,376700
2024-08-06 07:00:00,29.14,29.49,28.31,28.79,639600
2024-08-07 07:00:00,28.79,29.1,28.79,28.94,44400
2024-08-08 07:00:00,29.26,29.41,28.63,29.02,247100
2024-08-09 07:00:00,29.06,29.57,29.06,29.41,83600
2024-08-12 07:00:00,29.81,29.85,29.34,29.85,155200
2024-08-13 07:00:00,29.89,29.97,29.65,29.89,68800
2024-08-14 07:00:00,29.81,30.28,29.81,29.89,81500
2024-08-15 07:00:00,29.89,30.16,29.49,29.89,98200
2024-08-16 07:00:00,29.81,30.28,29.81,30.24,162900
2024-08-19 07:00:00,30.52,30.52,30.2,30.28,43700
2024-08-20 07:00:00,30.04,30.28,30.04,30.24,87200
2024-08-21 07:00:00,30.24,30.44,30.16,30.28,137600
2024-08-22 07:00:00,30.28,30.36,29.89,30.24,109100
2024-08-23 07:00:00,30.24,30.24,29.89,30.2,62000
2024-08-26 07:00:00,30.2,30.36,30.04,30.12,61300
2024-08-27 07:00:00,30.08,30.12,29.89,30.0,77400
2024-08-28 07:00:00,30.0,30.04,29.77,29.97,115200
2024-08-29 07:00:00,29.89,29.97,29.53,29.97,202800
2024-08-30 07:00:00,29.85,29.93,29.65,29.93,98000
2024-09-04 07:00:00,29.93,29.93,29.49,29.49,96800
2024-09-05 07:00:00,29.49,29.69,29.14,29.14,203600
2024-09-06 07:00:00,29.14,29.26,28.98,29.1,184100
2024-09-09 07:00:00,29.06,29.49,29.06,29.41,65300
2024-09-10 07:00:00,29.65,29.65,28.98,29.02,126400
2024-09-11 07:00:00,29.02,29.41,28.94,29.26,117800
2024-09-12 07:00:00,29.34,29.38,29.1,29.18,59600
2024-09-13 07:00:00,29.18,29.26,29.06,29.18,67200
2024-09-16 07:00:00,29.22,29.22,28.98,29.06,123800
2024-09-17 07:00:00,29.1,29.18,29.06,29.1,63100
2024-09-18 07:00:00,29.34,29.34,29.1,29.22,88200
2024-09-19 07:00:00,29.22,29.73,29.22,29.57,82700
2024-09-20 07:00:00,29.53,29.65,29.49,29.57,77300
2024-09-23 07:00:00,29.93,29.93,29.41,29.49,43100
2024-09-24 07:00:00,29.49,29.49,29.34,29.45,35500
2024-09-25 07:00:00,29.61,29.65,29.1,29.34,360700
2024-09-26 07:00:00,29.34,29.41,29.26,29.3,71300
2024-09-27 07:00:00,29.3,29.34,29.18,29.3,79100
2024-09-30 07:00:00,29.1,29.49,29.1,29.22,77000
2024-10-01 07:00:00,29.22,29.77,29.22,29.57,205700
2024-10-02 07:00:00,29.49,29.57,29.34,29.34,56600
2024-10-03 07:00:00,29.34,29.89,29.02,29.49,204400
2024-10-04 07:00:00,29.49,29.57,29.34,29.34,55600
2024-10-07 07:00:00,29.22,29.53,29.22,29.3,69400
2024-10-08 07:00:00,29.3,29.34,29.22,29.26,118700
2024-10-09 07:00:00,29.26,29.41,29.26,29.3,63900
2024-10-10 07:00:00,29.45,29.45,29.22,29.26,87900
2024-10-11 07:00:00,29.3,29.3,29.1,29.14,182400
2024-10-14 07:00:00,29.3,29.3,29.06,29.14,80800
2024-10-15 07:00:00,29.14,29.18,28.94,28.98,95100
2024-10-16 07:00:00,28.82,29.02,28.79,28.9,54900
2024-10-17 07:00:00,28.86,29.02,28.79,28.79,49400
2024-10-18 07:00:00,28.98,28.98,28.59,28.59,65700
2024-10-21 07:00:00,28.63,28.9,28.63,28.79,390200
2024-10-22 07:00:00,28.75,28.94,28.31,28.59,184700
2024-10-23 07:00:00,28.59,28.63,28.43,28.43,78100
2024-10-24 07:00:00,28.47,28.55,26.82,26.82,286700
2024-10-25 07:00:00,27.13,27.41,26.74,27.09,346800
2024-10-28 07:00:00,27.17,27.17,26.94,27.09,107700
2024-10-29 07:00:00,27.09,27.45,27.02,27.29,138100
2024-10-30 07:00:00,27.45,27.76,27.37,27.76,162800
2024-10-31 07:00:00,27.84,28.08,27.76,28.0,149100
2024-11-01 07:00:00,28.0,28.0,27.57,27.61,48700
2024-11-04 07:00:00,27.61,27.68,27.45,27.49,97700
2024-11-05 07:00:00,27.49,27.57,27.45,27.53,39600
2024-11-06 07:00:00,27.53,27.92,27.53,27.92,61500
2024-11-07 07:00:00,28.31,28.31,27.57,28.12,45600
2024-11-08 07:00:00,27.92,28.12,27.72,28.04,91900
2024-11-11 07:00:00,28.08,28.31,27.76,27.84,91500
2024-11-12 07:00:00,27.84,28.16,27.65,27.68,67400
2024-11-13 07:00:00,27.53,27.68,26.5,27.37,170600
2024-11-14 07:00:00,27.61,27.61,26.98,27.21,54200
2024-11-15 07:00:00,27.21,27.45,26.9,27.13,58700
2024-11-18 07:00:00,27.41,27.41,27.02,27.13,52500
2024-11-19 07:00:00,27.25,27.25,27.09,27.09,89200
2024-11-20 07:00:00,27.02,27.13,26.9,27.09,296800
2024-11-21 07:00:00,27.13,27.21,27.06,27.09,178300
2024-11-22 07:00:00,27.17,27.53,27.09,27.17,63200
2024-11-25 07:00:00,27.17,27.41,27.13,27.17,135500
2024-11-26 07:00:00,27.21,27.37,27.13,27.13,84000
2024-11-27 07:00:00,27.17,27.29,27.06,27.13,48400
2024-11-28 07:00:00,27.13,27.37,27.06,27.06,90100
2024-11-29 07:00:00,26.94,27.17,26.94,27.13,78400
2024-12-02 07:00:00,27.21,28.12,27.21,28.08,267900
2024-12-03 07:00:00,28.24,28.47,28.08,28.31,311500
2024-12-04 07:00:00,28.31,28.39,28.08,28.16,171500
2024-12-05 07:00:00,28.16,28.82,28.08,28.47,1234800
2024-12-06 07:00:00,28.47,28.67,28.2,28.27,332300
2024-12-09 07:00:00,28.31,28.35,28.08,28.31,354300
2024-12-10 07:00:00,28.31,28.63,28.24,28.55,393800
2024-12-11 07:00:00,28.67,28.67,28.31,28.43,322500
2024-12-12 07:00:00,28.39,28.47,27.84,27.96,327500
2024-12-13 07:00:00,27.88,27.96,27.65,27.76,180800
2024-12-16 07:00:00,27.61,27.65,27.41,27.61,503300
2024-12-17 07:00:00,27.57,27.57,27.33,27.37,118500
2024-12-18 07:00:00,27.41,27.76,27.17,27.72,229300
2024-12-19 07:00:00,27.37,27.84,27.37,27.72,263600
2024-12-20 07:00:00,27.53,28.24,27.53,28.16,359700
2024-12-23 07:00:00,28.31,30.12,28.31,30.04,2404900
2024-12-24 07:00:00,30.28,30.32,29.49,30.08,762100
2024-12-25 07:00:00,30.08,31.3,30.08,30.52,1346000
2024-12-26 07:00:00,30.83,30.83,30.12,30.36,525100
2024-12-27 07:00:00,29.97,30.44,29.81,30.12,433800
2024-12-30 07:00:00,30.12,30.16,29.45,29.45,337600
2024-12-31 07:00:00,29.26,29.77,29.26,29.65,320700
2025-01-02 07:00:00,29.65,29.85,29.45,29.69,253700
2025-01-03 07:00:00,29.65,30.52,29.49,30.32,1535500
2025-01-06 07:00:00,30.24,31.07,29.69,29.89,617800
2025-01-07 07:00:00,29.69,30.12,28.86,29.06,735000
2025-01-08 07:00:00,29.02,29.1,28.24,29.1,1129400
2025-01-09 07:00:00,29.26,29.26,28.79,29.02,213400
2025-01-10 07:00:00,29.02,29.14,28.35,28.43,393900
2025-01-13 07:00:00,27.92,28.43,27.68,28.39,520800
2025-01-14 07:00:00,28.55,28.55,28.0,28.0,274600
2025-01-15 07:00:00,28.0,28.86,28.0,28.86,461300
2025-01-16 07:00:00,28.9,28.9,28.55,28.79,215200
2025-01-17 07:00:00,28.79,29.41,28.67,29.1,325800
2025-01-20 07:00:00,29.1,29.38,28.75,28.75,268800
2025-01-21 07:00:00,28.75,28.98,28.47,28.47,97500
2025-01-22 07:00:00,28.47,28.67,28.35,28.47,139200
2025-01-23 07:00:00,28.47,28.79,28.39,28.63,192300
2025-01-24 07:00:00,28.63,28.71,28.35,28.51,256100
2025-02-03 07:00:00,28.0,28.08,27.21,27.21,759600
2025-02-04 07:00:00,27.21,27.29,26.9,27.17,698900
2025-02-05 07:00:00,27.17,27.45,27.17,27.45,252600
2025-02-06 07:00:00,27.61,27.76,27.21,27.29,271200
2025-02-07 07:00:00,27.37,27.84,27.33,27.53,244600
2025-02-10 07:00:00,27.49,27.49,27.13,27.13,238400
2025-02-11 07:00:00,27.13,27.29,27.02,27.02,257100
2025-02-12 07:00:00,26.98,27.13,26.98,27.02,101200
2025-02-13 07:00:00,26.86,27.06,26.86,27.02,164900
2025-02-14 07:00:00,26.94,27.53,26.94,27.45,240000
2025-02-17 07:00:00,27.57,27.92,27.49,27.57,255700
2025-02-18 07:00:00,27.53,27.68,27.49,27.65,252100
2025-02-19 07:00:00,27.68,27.68,27.45,27.53,200300
2025-02-20 07:00:00,27.88,28.16,27.68,27.84,309200
2025-02-21 07:00:00,27.84,27.88,27.53,27.61,234900
2025-02-24 07:00:00,27.61,27.65,27.37,27.49,304300
2025-02-25 07:00:00,27.49,27.88,27.49,27.68,139900
2025-02-26 07:00:00,27.72,27.96,27.72,27.76,127100
2025-02-27 07:00:00,27.8,27.92,27.65,27.72,172400
2025-02-28 07:00:00,27.76,27.84,27.57,27.72,302200
2025-03-03 07:00:00,27.84,28.27,27.8,28.08,313700
2025-03-04 07:00:00,28.16,28.16,27.84,27.96,248700
2025-03-05 07:00:00,28.04,28.04,27.61,27.65,314700
2025-03-06 07:00:00,27.68,27.76,27.53,27.65,419100
2025-03-07 07:00:00,27.65,27.73,27.52,27.6,486100
2025-03-10 07:00:00,27.65,27.81,27.44,27.44,248100
2025-03-11 07:00:00,27.36,27.36,27.16,27.2,236300
2025-03-12 07:00:00,27.12,27.36,26.96,27.08,328300
2025-03-13 07:00:00,27.2,27.2,26.75,26.75,215100
2025-03-14 07:00:00,26.71,26.8,26.35,26.55,366100
2025-03-17 07:00:00,26.59,26.67,26.51,26.63,73500
2025-03-18 07:00:00,26.71,26.88,26.47,26.59,215300
2025-03-19 07:00:00,26.59,26.75,26.39,26.39,113200
2025-03-20 07:00:00,26.23,26.27,25.9,26.07,352500
2025-03-21 07:00:00,26.07,26.23,25.99,26.19,102200
2025-03-24 07:00:00,25.99,26.31,25.99,26.15,80200
2025-03-25 07:00:00,26.19,26.59,26.19,26.51,121400
2025-03-26 07:00:00,26.51,26.55,26.07,26.15,171800
2025-03-27 07:00:00,26.15,26.31,25.95,26.15,161600
2025-03-28 07:00:00,26.11,26.31,26.07,26.11,71000
2025-03-31 07:00:00,26.15,26.15,25.66,26.07,180000
2025-04-01 07:00:00,26.07,26.15,25.62,25.66,187000
2025-04-02 07:00:00,25.82,25.86,24.93,25.22,447100
2025-04-03 07:00:00,24.08,24.69,23.48,23.48,718300
2025-04-04 07:00:00,21.94,22.46,21.86,22.22,953600
2025-04-08 07:00:00,22.18,22.18,20.68,20.68,506300
2025-04-09 07:00:00,19.35,20.68,19.31,20.16,255400
2025-04-10 07:00:00,21.53,21.53,21.53,21.53,46800
2025-04-11 07:00:00,22.99,22.99,21.41,22.02,633800
2025-04-14 07:00:00,22.55,22.59,22.02,22.18,242400
2025-04-15 07:00:00,22.26,22.26,22.02,22.18,162300
2025-04-16 07:00:00,22.1,22.38,22.1,22.18,131500
2025-04-17 07:00:00,22.18,22.18,21.9,22.1,146300
2025-04-18 07:00:00,22.1,22.5,22.1,22.3,104600
2025-04-21 07:00:00,22.3,22.63,22.1,22.18,85500
2025-04-22 07:00:00,21.9,22.06,21.45,22.02,435000
2025-04-23 07:00:00,22.34,22.5,22.02,22.5,157300
2025-04-24 07:00:00,22.5,23.31,22.5,23.31,141100
2025-04-25 07:00:00,23.4,23.8,23.27,23.48,205000
2025-04-28 07:00:00,23.4,23.4,23.11,23.11,49100
2025-04-29 07:00:00,23.4,23.4,23.07,23.07,77500
2025-05-05 07:00:00,23.84,23.84,23.15,23.64,130100
2025-05-06 07:00:00,23.64,23.72,23.35,23.64,153200
2025-05-07 07:00:00,23.56,23.72,23.44,23.6,88100
2025-05-08 07:00:00,23.72,23.8,23.52,23.8,110100
2025-05-09 07:00:00,24.08,24.37,23.96,24.04,123400
2025-05-12 07:00:00,24.37,24.57,24.04,24.57,223900
2025-05-13 07:00:00,24.77,25.1,24.69,24.93,396900
2025-05-14 07:00:00,25.1,25.26,24.81,24.93,293700
2025-05-15 07:00:00,24.93,24.93,24.53,24.53,548100
2025-05-16 07:00:00,24.87,25.16,24.72,24.72,209000
2025-05-19 07:00:00,24.58,25.06,24.38,24.72,143900
2025-05-20 07:00:00,24.48,25.06,24.48,24.87,139600
2025-05-21 07:00:00,24.92,25.31,24.87,25.21,148700
2025-05-22 07:00:00,25.31,25.31,24.87,25.21,146500
2025-05-23 07:00:00,25.16,25.16,24.92,24.97,42100
2025-05-26 07:00:00,25.06,25.26,24.67,25.26,199800
2025-05-27 07:00:00,25.31,25.74,25.31,25.69,172400
2025-05-28 07:00:00,25.84,25.84,25.31,25.45,76600
2025-05-29 07:00:00,25.45,25.55,25.01,25.21,180400
2025-05-30 07:00:00,25.21,25.21,24.82,24.87,83600
2025-06-02 07:00:00,24.87,24.92,24.53,24.92,91700
2025-06-03 07:00:00,25.26,25.26,24.87,24.97,45200
2025-06-04 07:00:00,24.87,25.01,24.87,24.97,99500
2025-06-05 07:00:00,25.01,25.31,24.97,25.26,103200
2025-06-06 07:00:00,25.16,25.16,24.72,24.72,92300
2025-06-09 07:00:00,24.72,24.72,24.29,24.29,133700
2025-06-10 07:00:00,24.29,24.53,24.29,24.38,84600
2025-06-11 07:00:00,24.38,24.48,24.09,24.14,116500
2025-06-12 07:00:00,24.24,24.67,24.24,24.53,63400
2025-06-13 07:00:00,24.53,24.58,24.09,24.19,109500
2025-06-16 07:00:00,24.09,24.43,24.09,24.29,48100
2025-06-17 07:00:00,24.48,24.53,24.24,24.53,129600
2025-06-18 07:00:00,24.53,24.87,24.29,24.63,210700
2025-06-19 07:00:00,24.63,24.77,24.43,24.63,45800
2025-06-20 07:00:00,24.24,25.21,24.24,25.11,270900
2025-06-23 07:00:00,24.97,25.06,24.77,25.06,87000
2025-06-24 07:00:00,25.06,25.26,24.97,24.97,180700
2025-06-25 07:00:00,25.16,25.26,24.97,25.06,83300
2025-06-26 07:00:00,25.11,25.45,25.06,25.35,115100
2025-06-27 07:00:00,25.55,25.6,25.35,25.5,98300
2025-06-30 07:00:00,25.55,26.71,25.5,26.57,468800
2025-07-01 07:00:00,26.62,27.1,26.42,26.96,410800
2025-07-02 07:00:00,27.1,28.8,27.1,28.56,1113600
2025-07-03 07:00:00,28.71,28.71,27.69,27.78,530700
2025-07-04 07:00:00,27.78,28.27,27.3,27.88,519100
2025-07-07 07:00:00,28.22,28.22,27.54,27.64,279500
2025-07-08 07:00:00,28.12,28.12,27.73,28.03,366900
2025-07-09 07:00:00,28.03,28.27,27.64,28.07,292800
2025-07-10 07:00:00,27.83,28.27,27.69,28.27,501000
2025-07-11 07:00:00,28.37,28.56,27.73,28.27,438100
2025-07-14 07:00:00,28.27,28.27,27.69,28.12,327800
2025-07-15 07:00:00,27.98,28.46,27.83,27.88,735500
2025-07-16 07:00:00,27.93,28.07,27.78,27.98,176300
2025-07-17 07:00:00,27.98,28.41,27.83,28.27,304700
2025-07-18 07:00:00,28.41,28.56,28.12,28.22,311300
2025-07-21 07:00:00,28.22,28.27,27.88,28.07,185400
2025-07-22 07:00:00,28.32,29.43,28.27,29.34,1173200
2025-07-23 07:00:00,29.87,29.87,29.14,29.34,308100
2025-07-24 07:00:00,29.34,29.58,28.9,28.9,438300
2025-07-25 07:00:00,29.24,29.39,28.85,29.34,554200
2025-07-28 07:00:00,29.43,29.68,29.19,29.43,515700
2025-07-29 07:00:00,29.43,29.43,28.46,28.8,859500
2025-07-30 07:00:00,28.71,30.11,28.61,30.11,726200
2025-07-31 07:00:00,30.16,30.55,29.29,29.87,492800
2025-08-01 07:00:00,29.87,30.89,29.48,30.02,566400
2025-08-04 07:00:00,30.07,30.55,30.02,30.11,320200
2025-08-05 07:00:00,30.21,30.89,29.82,30.11,644300
2025-08-06 07:00:00,30.45,30.55,30.11,30.55,420700
2025-08-07 07:00:00,30.6,31.04,30.6,30.79,377900
2025-08-08 07:00:00,31.04,31.04,30.07,30.65,696000
2025-08-11 07:00:00,30.65,30.89,30.31,30.79,466800
2025-08-12 07:00:00,30.6,31.81,30.6,31.33,859500
2025-08-13 07:00:00,31.38,31.91,31.23,31.23,607600
2025-08-14 07:00:00,31.23,31.33,30.7,31.23,568100
2025-08-15 07:00:00,31.09,31.23,30.21,30.31,564600
2025-08-18 07:00:00,30.31,31.52,30.31,31.09,367900
2025-08-19 07:00:00,31.09,31.81,30.84,31.57,565100
2025-08-20 07:00:00,31.57,31.57,30.31,31.13,441500
2025-08-21 07:00:00,31.09,31.52,30.75,30.75,397200
2025-08-22 07:00:00,30.7,31.04,29.39,29.92,370000
2025-08-25 07:00:00,29.92,30.36,29.73,29.73,186400
2025-08-26 07:00:00,29.68,30.36,29.68,30.31,227600
2025-08-27 07:00:00,30.55,30.75,30.02,30.02,204800
2025-08-28 07:00:00,30.11,30.21,29.92,30.07,163800
2025-08-29 07:00:00,30.6,30.6,29.97,30.21,212000
2025-09-03 07:00:00,30.41,31.09,30.02,31.09,311000
2025-09-04 07:00:00,31.09,31.43,30.84,31.04,173400
2025-09-05 07:00:00,31.28,33.17,31.28,32.88,1693900
2025-09-08 07:00:00,33.03,34.0,32.25,33.03,773700
2025-09-09 07:00:00,33.51,33.51,32.15,32.98,518300
2025-09-10 07:00:00,32.98,32.98,32.11,32.35,271900
2025-09-11 07:00:00,32.4,34.49,32.15,34.1,690300
2025-09-12 07:00:00,34.49,34.49,33.61,34.0,280700
2025-09-15 07:00:00,34.0,34.39,33.37,34.0,558300
2025-09-16 07:00:00,33.42,34.0,33.42,33.71,239600
2025-09-17 07:00:00,33.71,34.19,33.42,33.71,336100
2025-09-18 07:00:00,33.81,35.41,33.71,35.17,870900
2025-09-19 07:00:00,35.6,36.87,35.21,36.77,891500
2025-09-22 07:00:00,36.77,36.77,34.39,35.51,590800
2025-09-23 07:00:00,35.07,35.51,34.73,34.78,373700
2025-09-24 07:00:00,34.34,34.92,33.32,34.87,643000
2025-09-25 07:00:00,35.46,35.46,33.42,34.83,723100
2025-09-26 07:00:00,34.05,34.39,33.71,33.71,150100
2025-09-29 07:00:00,33.85,34.0,33.22,33.22,250700
2025-09-30 07:00:00,33.08,34.15,32.54,33.9,421300
2025-10-01 07:00:00,33.9,34.49,33.56,34.0,59700
2025-10-02 07:00:00,34.15,34.29,33.56,33.61,190500
2025-10-03 07:00:00,33.51,34.24,33.51,33.71,152000
2025-10-06 07:00:00,34.0,34.58,33.95,34.29,168100
2025-10-07 07:00:00,34.34,34.34,33.71,33.71,170800
2025-10-08 07:00:00,33.76,33.95,33.03,33.56,245100
2025-10-09 07:00:00,33.56,33.81,33.22,33.27,169800
2025-10-10 07:00:00,33.32,33.9,33.32,33.37,152700
2025-10-13 07:00:00,33.03,33.76,32.93,33.51,190600
2025-10-14 07:00:00,33.71,33.71,32.64,32.64,424300
2025-10-15 07:00:00,32.83,33.17,32.01,32.01,263800
2025-10-16 07:00:00,32.15,32.45,32.01,32.25,152100
2025-10-17 07:00:00,32.35,33.17,30.6,32.64,280500
2025-10-20 07:00:00,32.69,33.37,30.41,31.09,398400
2025-10-21 07:00:00,31.09,32.49,31.09,32.45,425000
2025-10-22 07:00:00,31.72,33.27,31.72,33.17,203400
2025-10-23 07:00:00,33.17,33.66,33.08,33.37,126900
2025-10-24 07:00:00,33.37,34.34,33.13,34.15,244100
2025-10-27 07:00:00,34.58,35.36,34.19,34.34,326300
2025-10-28 07:00:00,34.34,34.83,33.61,34.0,368800
2025-10-29 07:00:00,34.5,35.75,34.0,35.2,401700
2025-10-30 07:00:00,35.5,36.4,35.25,35.25,365700
2025-10-31 07:00:00,34.8,35.55,34.55,34.55,129700
2025-11-03 07:00:00,34.2,35.8,34.2,35.0,253500
2025-11-04 07:00:00,34.8,35.45,33.75,35.1,222800
2025-11-05 07:00:00,35.0,35.0,34.0,34.05,152100
2025-11-06 07:00:00,34.0,34.3,33.25,33.65,161900
2025-11-07 07:00:00,34.0,34.0,32.6,32.85,314100
2025-11-10 07:00:00,32.8,33.1,32.7,32.85,118600
2025-11-11 07:00:00,32.7,33.4,32.7,33.25,145200
2025-11-12 07:00:00,33.35,33.6,33.0,33.25,168400
2025-11-13 07:00:00,33.4,34.15,33.35,34.0,323100
2025-11-14 07:00:00,34.0,34.45,33.7,33.8,218000
2025-11-17 07:00:00,34.0,34.2,33.5,33.5,247900
2025-11-18 07:00:00,33.5,34.0,33.25,33.65,214400
2025-11-19 07:00:00,34.0,34.15,33.5,33.9,146300
2025-11-20 07:00:00,34.0,34.7,33.9,34.05,579000
2025-11-21 07:00:00,33.9,33.9,33.2,33.55,105300
2025-11-24 07:00:00,33.5,33.55,32.8,32.8,231700
2025-11-25 07:00:00,32.7,33.2,32.7,33.0,154600
2025-11-26 07:00:00,32.6,33.45,32.6,33.35,86600
2025-11-27 07:00:00,33.4,33.95,33.15,33.35,62500
2025-11-28 07:00:00,33.25,33.6,32.85,33.5,225100
2025-12-01 07:00:00,33.5,33.5,32.7,32.75,117200
2025-12-02 07:00:00,32.95,32.95,32.0,32.05,578200
2025-12-03 07:00:00,32.1,33.1,32.1,33.0,705400
2025-12-04 07:00:00,33.0,33.75,33.0,33.5,208400
2025-12-05 07:00:00,33.75,33.75,33.1,33.1,69800
2025-12-08 07:00:00,33.55,33.55,32.75,33.3,337800
2025-12-09 07:00:00,33.4,33.4,32.65,33.1,131800
2025-12-10 07:00:00,33.05,33.05,32.4,32.8,224600
2025-12-11 07:00:00,32.5,32.9,32.5,32.55,43700
2025-12-12 07:00:00,32.55,32.75,32.0,32.05,172200
2025-12-15 07:00:00,32.15,32.6,32.0,32.5,205700
2025-12-16 07:00:00,32.7,33.0,32.2,33.0,104600
2025-12-17 07:00:00,32.9,33.0,32.75,32.9,203600
2025-12-18 07:00:00,32.85,32.9,32.65,32.65,54600
2025-12-19 07:00:00,32.55,34.2,32.55,34.1,521200
2025-12-22 07:00:00,34.1,34.45,33.5,34.1,293000
2025-12-23 07:00:00,34.15,35.4,34.1,34.1,415000
2025-12-24 07:00:00,34.1,34.1,33.4,33.9,210000
2025-12-25 07:00:00,33.9,33.9,32.8,32.8,464100
2025-12-26 07:00:00,32.65,33.25,32.3,33.0,283700
2025-12-29 07:00:00,33.0,33.4,32.95,33.3,74600
2025-12-30 07:00:00,33.3,33.9,33.3,33.5,121000
2025-12-31 07:00:00,33.6,33.65,33.35,33.35,176200
2026-01-05 07:00:00,33.3,34.1,32.8,34.0,253600
2026-01-06 07:00:00,34.0,34.45,33.65,34.1,169300
2026-01-07 07:00:00,34.4,34.75,34.05,34.2,313600
2026-01-08 07:00:00,34.15,34.5,33.8,33.9,339900
2026-01-09 07:00:00,33.9,34.35,33.6,33.6,252400
2026-01-12 07:00:00,33.5,34.1,33.5,33.95,145100
2026-01-13 07:00:00,34.2,35.95,34.2,34.95,1167300
2026-01-14 07:00:00,35.4,35.4,34.35,34.5,359500
2026-01-15 07:00:00,34.5,34.85,33.35,33.4,645800
2026-01-16 07:00:00,33.4,34.5,33.4,34.1,439900
2026-01-19 07:00:00,34.1,34.75,33.6,33.75,184900
2026-01-20 07:00:00,33.75,34.15,33.6,33.85,178500
2026-01-21 07:00:00,33.85,34.0,33.25,34.0,420900
2026-01-22 07:00:00,34.2,35.5,34.0,34.8,646000
2026-01-23 07:00:00,35.05,35.15,34.15,34.15,278400
2026-01-26 07:00:00,34.15,34.65,33.6,34.0,369700
2026-01-27 07:00:00,34.1,34.25,33.5,34.0,190700
2026-01-28 07:00:00,34.25,34.25,33.7,33.8,145500
2026-01-29 07:00:00,33.8,34.6,33.7,34.25,288200
2026-01-30 07:00:00,35.8,36.6,35.5,36.6,2240200
2026-02-02 07:00:00,38.7,38.9,37.55,38.0,1574300
2026-02-03 07:00:00,38.0,39.9,37.8,39.0,1305300
2026-02-04 07:00:00,38.9,41.65,37.9,38.0,1247500
2026-02-05 07:00:00,38.0,38.65,37.5,37.5,702000
2026-02-06 07:00:00,37.5,38.0,36.8,36.8,722900
2026-02-09 07:00:00,36.95,38.2,36.5,37.0,590000
2026-02-10 07:00:00,37.15,37.95,36.8,37.0,670100
2026-02-11 07:00:00,37.1,38.45,37.1,37.65,620100
2026-02-12 07:00:00,37.95,38.35,37.7,37.7,257400
2026-02-13 07:00:00,37.95,38.3,37.5,38.0,378100
2026-02-23 07:00:00,38.85,38.85,37.4,37.65,518300
2026-02-24 07:00:00,37.55,39.95,37.55,38.6,1005900
2026-02-25 07:00:00,38.8,38.85,37.65,38.8,570700
2026-02-26 07:00:00,38.8,40.9,38.4,39.7,1470000
2026-02-27 07:00:00,39.9,39.95,38.8,39.5,716500
2026-03-02 07:00:00,38.1,40.95,38.1,39.4,2454200
2026-03-03 07:00:00,39.4,39.85,38.65,38.75,1236300
2026-03-04 07:00:00,38.25,39.5,36.9,37.55,1287800
2026-03-05 07:00:00,38.2,38.2,36.35,36.4,935400
2026-03-06 07:00:00,36.15,37.35,36.15,36.5,784400
2026-03-09 07:00:00,33.95,34.1,33.95,33.95,1061800
2026-03-10 07:00:00,34.2,35.4,34.1,34.95,772200
2026-03-11 07:00:00,34.55,36.5,34.55,36.5,450300
2026-03-12 07:00:00,36.4,36.8,35.5,36.6,597700
2026-03-13 07:00:00,35.6,36.25,35.6,35.9,247200
2026-03-16 07:00:00,35.85,35.85,34.8,34.8,536200
2026-03-17 07:00:00,35.45,35.45,34.65,34.75,214100
2026-03-18 07:00:00,34.35,35.0,34.35,34.65,191700
2026-03-19 07:00:00,34.5,34.95,34.2,34.45,215500
2026-03-20 07:00:00,34.5,34.5,34.0,34.0,308900
2026-03-23 07:00:00,33.3,34.0,32.6,33.35,703600
2026-03-24 07:00:00,33.95,34.7,33.65,34.5,379300
2026-03-25 07:00:00,34.6,35.2,34.2,35.15,340400
2026-03-26 07:00:00,35.35,35.35,34.55,34.7,121900
2026-03-27 07:00:00,34.9,35.45,34.7,35.45,319300
2026-03-30 07:00:00,34.95,35.35,34.5,34.85,155400
2026-03-31 07:00:00,34.9,35.35,34.8,35.1,96700
2026-04-01 07:00:00,35.45,35.6,35.25,35.3,158100
2026-04-02 07:00:00,35.0,35.15,34.7,34.85,184200
2026-04-03 07:00:00,34.75,34.75,34.25,34.55,77000
2026-04-06 07:00:00,34.6,34.6,33.75,33.8,365700
2026-04-07 07:00:00,33.8,34.5,33.5,34.2,205500
2026-04-08 07:00:00,34.75,35.4,34.55,35.35,376700
2026-04-09 07:00:00,35.4,36.75,35.05,36.4,500600
2026-04-10 07:00:00,36.55,36.6,36.1,36.3,146900
2026-04-13 07:00:00,36.0,36.8,35.65,36.45,141600
2026-04-14 07:00:00,36.45,36.75,36.15,36.4,188900
2026-04-15 07:00:00,36.45,36.45,36.0,36.05,225600
2026-04-16 07:00:00,36.05,36.65,36.05,36.45,506300
2026-04-17 07:00:00,36.5,36.9,36.5,36.55,296500
2026-04-20 07:00:00,36.25,37.7,36.15,37.3,486200
2026-04-21 07:00:00,37.85,37.85,36.8,36.8,275900
2026-04-22 07:00:00,36.5,37.25,36.5,36.5,194900
2026-04-23 07:00:00,36.4,36.65,35.9,36.05,280200
2026-04-24 07:00:00,36.45,36.85,36.0,36.1,324800
2026-04-28 07:00:00,36.1,36.2,35.6,36.0,133700
2026-04-29 07:00:00,35.75,36.05,35.0,35.8,219600
2026-05-04 07:00:00,36.25,36.25,35.4,35.5,182800
2026-05-05 07:00:00,35.5,35.8,35.05,35.4,234800
2026-05-06 07:00:00,35.5,36.35,35.25,36.0,211700
2026-05-07 07:00:00,36.1,37.5,36.1,37.15,699400
2026-05-08 07:00:00,37.25,37.25,36.8,36.9,184900
2026-05-11 07:00:00,36.2,37.1,36.2,36.85,133700
2026-05-12 07:00:00,36.5,36.7,36.05,36.25,194700
2026-05-13 07:00:00,36.1,36.9,36.1,36.6,108600
2026-05-14 07:00:00,36.35,37.0,36.35,36.4,89200
2026-05-15 07:00:00,36.4,36.7,36.15,36.2,163900
2026-05-18 07:00:00,36.2,36.2,35.3,35.85,209800
2026-05-19 07:00:00,35.85,36.1,35.1,35.1,176800
2026-05-20 07:00:00,35.15,35.45,34.2,35.0,232100
2026-05-21 07:00:00,35.45,35.8,35.0,35.05,115900
2026-05-22 07:00:00,35.2,35.4,35.0,35.35,102500
2026-05-25 07:00:00,35.35,35.8,35.0,35.35,117500
2026-05-26 07:00:00,35.5,36.2,35.5,36.2,219600
2026-05-27 07:00:00,36.5,36.7,35.95,36.0,118400
