time,open,high,low,close,volume
2018-01-02 07:00:00,76.71,78.06,76.37,77.72,371870
2018-01-03 07:00:00,77.38,78.06,77.32,77.32,445800
2018-01-04 07:00:00,77.04,77.38,76.37,76.84,373480
2018-01-05 07:00:00,76.77,76.77,73.67,73.73,512310
2018-01-08 07:00:00,73.33,73.6,71.5,72.58,429150
2018-01-09 07:00:00,72.38,74.68,72.38,73.19,477610
2018-01-10 07:00:00,74.34,75.9,73.33,74.0,427590
2018-01-11 07:00:00,74.34,74.34,72.99,74.0,139270
2018-01-12 07:00:00,73.19,73.87,72.99,73.19,180410
2018-01-15 07:00:00,72.99,74.34,72.72,74.34,195130
2018-01-16 07:00:00,73.6,75.02,72.92,73.6,222240
2018-01-17 07:00:00,71.64,73.67,71.3,71.64,322600
2018-01-18 07:00:00,69.07,71.5,69.0,69.68,332450
2018-01-19 07:00:00,69.75,71.3,69.75,70.49,291080
2018-01-22 07:00:00,68.87,69.95,68.73,68.94,402700
2018-01-25 07:00:00,68.33,68.6,66.91,67.04,1018840
2018-01-26 07:00:00,68.26,69.54,67.92,68.8,223730
2018-01-29 07:00:00,69.54,69.88,68.66,68.8,260500
2018-01-30 07:00:00,68.8,68.87,67.04,67.18,457830
2018-01-31 07:00:00,67.18,67.79,66.97,67.24,318060
2018-02-01 07:00:00,67.18,67.31,65.56,65.76,340830
2018-02-02 07:00:00,65.89,65.89,64.14,64.34,295390
2018-02-05 07:00:00,64.2,64.88,60.82,60.82,197820
2018-02-06 07:00:00,56.57,60.82,56.57,58.86,308790
2018-02-07 07:00:00,62.18,62.92,60.89,62.92,126920
2018-02-08 07:00:00,63.53,67.24,63.19,64.2,194600
2018-02-09 07:00:00,64.2,65.89,61.7,65.56,112100
2018-02-12 07:00:00,66.43,66.43,64.88,66.43,88320
2018-02-13 07:00:00,66.7,69.61,66.5,69.61,189680
2018-02-21 07:00:00,70.35,71.98,70.29,71.5,147660
2018-02-22 07:00:00,71.64,71.64,69.61,70.29,147210
2018-02-23 07:00:00,70.42,70.96,69.95,70.62,133910
2018-02-26 07:00:00,70.15,72.25,70.15,70.35,276350
2018-02-27 07:00:00,70.89,71.98,70.29,71.37,286630
2018-02-28 07:00:00,70.89,71.64,70.35,70.49,140150
2018-03-01 07:00:00,70.96,71.5,70.02,70.96,110640
2018-03-02 07:00:00,70.96,70.96,69.95,70.62,183930
2018-03-05 07:00:00,70.89,70.89,67.58,67.58,224800
2018-03-06 07:00:00,67.92,68.66,67.38,67.45,283590
2018-03-07 07:00:00,66.97,67.24,65.22,65.22,225350
2018-03-08 07:00:00,65.22,66.5,65.22,65.56,246250
2018-03-09 07:00:00,65.56,65.56,64.81,64.81,314010
2018-03-12 07:00:00,64.81,66.91,64.81,66.7,56990
2018-03-13 07:00:00,66.7,66.7,64.95,66.7,111210
2018-03-14 07:00:00,66.23,67.18,66.23,66.57,373210
2018-03-15 07:00:00,66.91,69.27,66.57,68.26,350300
2018-03-16 07:00:00,69.54,71.03,69.27,70.29,360330
2018-03-19 07:00:00,70.29,72.11,70.29,70.83,377010
2018-03-20 07:00:00,69.95,75.76,69.95,75.76,634130
2018-03-21 07:00:00,76.71,78.4,72.31,76.37,548210
2018-03-22 07:00:00,76.71,77.65,73.67,73.67,288850
2018-03-23 07:00:00,70.96,77.72,70.96,77.72,887370
2018-03-26 07:00:00,78.6,79.75,78.4,79.07,426060
2018-03-27 07:00:00,79.61,79.61,77.25,78.06,393450
2018-03-28 07:00:00,78.33,78.53,75.22,75.96,624970
2018-03-29 07:00:00,75.15,76.37,72.25,73.06,530590
2018-03-30 07:00:00,72.92,76.64,72.92,75.02,220400
2018-04-02 07:00:00,76.23,76.98,75.02,75.62,191270
2018-04-03 07:00:00,75.62,78.26,74.75,77.04,407200
2018-04-04 07:00:00,77.72,78.4,76.77,77.04,480080
2018-04-05 07:00:00,77.72,78.33,76.5,77.52,275240
2018-04-06 07:00:00,77.52,77.52,75.69,75.9,265920
2018-04-09 07:00:00,75.42,76.71,73.67,74.34,480240
2018-04-10 07:00:00,74.34,75.56,73.46,75.02,373370
2018-04-11 07:00:00,76.03,76.37,74.34,75.62,435940
2018-04-12 07:00:00,75.69,76.37,75.02,75.9,242800
2018-04-13 07:00:00,76.37,76.98,75.02,76.5,387880
2018-04-16 07:00:00,76.71,76.91,76.23,76.5,221500
2018-04-17 07:00:00,76.37,76.5,75.29,76.3,229880
2018-04-18 07:00:00,76.37,77.18,75.35,75.35,266010
2018-04-19 07:00:00,73.99,75.35,72.64,73.99,306420
2018-04-20 07:00:00,73.99,74.67,73.65,73.99,94290
2018-04-23 07:00:00,73.31,75.01,72.57,72.57,212910
2018-04-24 07:00:00,72.64,72.64,71.01,71.62,118240
2018-04-26 07:00:00,71.96,71.96,67.88,68.16,189750
2018-04-27 07:00:00,67.88,68.9,66.46,67.88,186670
2018-05-02 07:00:00,67.88,67.88,65.92,67.2,229850
2018-05-03 07:00:00,66.53,67.2,65.17,66.25,216270
2018-05-04 07:00:00,66.19,67.88,66.19,67.0,50650
2018-05-07 07:00:00,66.66,70.67,66.66,69.24,86320
2018-05-08 07:00:00,69.85,71.55,69.24,70.6,161380
2018-05-09 07:00:00,70.6,70.8,67.88,70.74,109480
2018-05-10 07:00:00,70.6,70.87,69.24,70.6,110610
2018-05-11 07:00:00,70.6,70.6,68.56,70.6,49150
2018-05-14 07:00:00,71.28,71.28,70.26,71.01,46490
2018-05-15 07:00:00,71.21,73.99,71.21,73.11,100980
2018-05-16 07:00:00,73.31,73.45,70.6,70.94,53500
2018-05-17 07:00:00,70.94,71.28,70.06,70.06,44230
2018-05-18 07:00:00,68.9,70.94,68.9,69.92,178930
2018-05-21 07:00:00,71.28,71.28,70.26,70.26,119230
2018-05-22 07:00:00,69.99,71.14,65.37,69.24,116210
2018-05-23 07:00:00,67.88,70.6,67.88,69.92,90230
2018-05-24 07:00:00,69.92,69.92,68.36,68.56,73200
2018-05-25 07:00:00,68.56,69.24,67.88,67.88,60860
2018-05-28 07:00:00,67.54,68.56,65.17,65.17,146930
2018-05-29 07:00:00,64.49,69.72,64.49,68.56,153430
2018-05-30 07:00:00,68.56,69.1,67.34,67.88,56430
2018-05-31 07:00:00,67.2,71.28,67.2,70.94,166620
2018-06-01 07:00:00,69.92,71.28,69.92,70.94,160890
2018-06-04 07:00:00,73.04,73.99,71.55,73.99,209010
2018-06-05 07:00:00,74.67,78.07,74.33,78.07,377330
2018-06-06 07:00:00,76.71,76.71,74.67,74.67,342200
2018-06-07 07:00:00,73.99,76.03,72.64,74.67,441250
2018-06-08 07:00:00,74.67,74.67,73.65,73.99,252930
2018-06-11 07:00:00,73.31,73.65,72.97,73.04,64860
2018-06-12 07:00:00,73.04,73.04,68.56,71.01,210600
2018-06-13 07:00:00,71.28,71.28,69.58,71.28,70400
2018-06-14 07:00:00,71.28,71.96,70.8,71.28,69250
2018-06-15 07:00:00,70.6,71.28,69.92,71.21,22210
2018-06-18 07:00:00,71.21,71.21,68.9,69.92,89950
2018-06-19 07:00:00,69.92,69.92,66.53,67.88,225330
2018-06-20 07:00:00,67.88,69.85,67.82,68.9,109510
2018-06-21 07:00:00,68.97,70.19,67.75,67.88,315830
2018-06-22 07:00:00,67.88,71.96,67.88,71.01,298920
2018-06-25 07:00:00,70.94,72.57,69.99,70.94,92230
2018-06-26 07:00:00,70.6,70.94,69.24,70.6,47270
2018-06-27 07:00:00,69.31,70.26,69.31,70.26,143750
2018-06-28 07:00:00,67.88,70.06,67.82,69.24,275810
2018-06-29 07:00:00,69.58,69.58,68.22,69.24,129130
2018-07-02 07:00:00,69.24,69.24,66.53,67.88,133980
2018-07-03 07:00:00,67.88,68.9,66.53,66.66,154540
2018-07-04 07:00:00,66.66,68.43,66.66,67.82,630930
2018-07-05 07:00:00,69.92,72.5,69.92,71.41,681290
2018-07-06 07:00:00,71.41,71.96,70.6,70.6,198490
2018-07-09 07:00:00,69.38,69.92,67.2,67.27,181800
2018-07-10 07:00:00,67.88,69.1,67.41,68.49,95360
2018-07-11 07:00:00,68.49,68.49,66.73,67.2,319240
2018-07-12 07:00:00,67.0,67.88,66.66,67.88,69960
2018-07-13 07:00:00,68.02,68.22,67.14,67.68,156490
2018-07-16 07:00:00,69.51,69.58,68.56,69.1,291540
2018-07-17 07:00:00,68.9,70.26,68.22,69.58,90850
2018-07-18 07:00:00,69.58,69.92,68.7,69.24,127920
2018-07-19 07:00:00,69.24,70.53,68.9,69.58,377100
2018-07-20 07:00:00,69.24,69.58,67.88,68.02,155310
2018-07-23 07:00:00,67.54,68.49,67.2,67.88,174830
2018-07-24 07:00:00,67.41,67.88,66.86,67.2,152850
2018-07-25 07:00:00,67.2,68.22,67.2,67.2,138720
2018-07-26 07:00:00,67.88,68.22,67.34,67.34,93460
2018-07-27 07:00:00,67.34,67.95,67.34,67.75,92550
2018-07-30 07:00:00,68.43,68.91,68.23,68.57,192230
2018-07-31 07:00:00,68.57,69.19,68.57,68.84,151180
2018-08-01 07:00:00,68.91,68.91,68.02,68.16,161110
2018-08-02 07:00:00,68.5,68.57,67.27,68.16,134880
2018-08-03 07:00:00,68.36,68.91,68.36,68.57,213860
2018-08-06 07:00:00,68.64,70.49,68.64,69.94,328950
2018-08-07 07:00:00,68.98,70.28,68.98,69.94,260720
2018-08-08 07:00:00,70.49,70.49,69.81,69.94,376330
2018-08-09 07:00:00,70.28,70.56,68.57,68.84,384400
2018-08-10 07:00:00,69.26,70.42,68.64,70.28,270210
2018-08-13 07:00:00,70.49,73.37,69.94,73.37,235740
2018-08-14 07:00:00,73.37,74.06,72.34,72.41,135560
2018-08-15 07:00:00,72.41,72.41,70.28,70.97,99230
2018-08-16 07:00:00,69.6,69.94,68.91,69.94,60120
2018-08-17 07:00:00,69.94,70.49,68.23,68.23,101420
2018-08-20 07:00:00,68.23,68.23,65.83,65.83,432940
2018-08-21 07:00:00,65.14,65.83,63.7,65.83,401520
2018-08-22 07:00:00,66.51,66.79,66.17,66.44,186800
2018-08-23 07:00:00,66.17,66.24,65.69,65.83,146570
2018-08-24 07:00:00,65.62,65.83,65.0,65.83,174220
2018-08-27 07:00:00,65.83,65.83,64.32,64.32,221890
2018-08-28 07:00:00,64.46,64.46,63.43,63.56,238860
2018-08-29 07:00:00,63.77,63.77,62.6,62.74,245480
2018-08-30 07:00:00,62.74,63.5,62.6,63.29,360620
2018-08-31 07:00:00,64.32,64.32,63.29,63.29,166350
2018-09-04 07:00:00,63.7,64.39,63.22,63.56,339340
2018-09-05 07:00:00,63.56,63.56,62.54,62.81,250890
2018-09-06 07:00:00,62.81,63.08,62.4,62.67,144820
2018-09-07 07:00:00,62.88,63.15,62.67,63.08,191870
2018-09-10 07:00:00,63.08,63.08,62.74,63.02,163480
2018-09-11 07:00:00,62.74,63.43,62.74,63.15,128150
2018-09-12 07:00:00,63.43,63.98,63.08,63.08,130450
2018-09-13 07:00:00,63.08,64.46,63.08,63.91,356780
2018-09-14 07:00:00,63.98,64.46,63.36,63.43,214610
2018-09-17 07:00:00,63.43,64.73,63.15,64.46,239330
2018-09-18 07:00:00,64.39,64.66,63.5,64.53,344140
2018-09-19 07:00:00,64.8,65.48,64.53,65.35,390610
2018-09-20 07:00:00,65.14,66.51,65.14,66.51,216290
2018-09-21 07:00:00,66.51,66.79,65.21,66.44,363560
2018-09-24 07:00:00,65.96,66.38,65.96,66.17,217880
2018-09-25 07:00:00,66.03,66.65,65.35,66.51,338900
2018-09-26 07:00:00,66.03,67.89,66.03,67.89,335060
2018-09-27 07:00:00,68.3,69.26,67.34,69.26,466990
2018-09-28 07:00:00,69.26,69.26,68.36,68.57,184130
2018-10-01 07:00:00,68.3,68.57,66.44,68.57,567870
2018-10-02 07:00:00,67.27,68.57,66.51,66.51,259730
2018-10-03 07:00:00,66.51,67.13,66.1,66.51,163570
2018-10-04 07:00:00,66.51,66.51,64.46,64.46,167410
2018-10-05 07:00:00,64.46,65.21,64.32,64.46,180180
2018-10-08 07:00:00,64.18,65.14,64.18,64.32,79690
2018-10-09 07:00:00,64.11,64.11,62.74,62.74,457530
2018-10-10 07:00:00,62.74,63.56,62.74,63.08,89600
2018-10-11 07:00:00,62.4,62.4,60.75,61.51,147750
2018-10-12 07:00:00,59.79,62.95,59.79,62.95,143180
2018-10-15 07:00:00,63.08,63.15,61.71,62.74,101730
2018-10-16 07:00:00,62.74,63.08,62.54,62.67,45590
2018-10-17 07:00:00,62.67,63.08,62.4,62.4,95080
2018-10-18 07:00:00,62.54,62.54,61.71,61.71,56970
2018-10-19 07:00:00,61.37,62.06,60.41,60.41,101900
2018-10-22 07:00:00,60.0,60.68,60.0,60.55,73940
2018-10-23 07:00:00,61.03,61.03,59.66,59.79,36960
2018-10-24 07:00:00,60.68,60.68,59.66,59.66,42270
2018-10-25 07:00:00,58.35,58.97,57.94,58.42,62280
2018-10-26 07:00:00,58.97,59.52,58.08,58.35,63080
2018-10-29 07:00:00,58.28,58.35,56.3,57.46,76330
2018-10-30 07:00:00,57.46,57.6,57.19,57.39,50000
2018-10-31 07:00:00,57.39,58.28,57.39,57.6,49160
2018-11-01 07:00:00,57.6,58.28,57.05,57.46,35970
2018-11-02 07:00:00,57.46,58.15,57.39,57.46,145090
2018-11-05 07:00:00,56.91,56.91,56.64,56.91,65270
2018-11-06 07:00:00,56.91,58.97,56.91,58.28,253740
2018-11-07 07:00:00,58.28,58.28,56.91,57.6,149960
2018-11-08 07:00:00,56.91,58.83,56.91,58.56,182360
2018-11-09 07:00:00,58.28,58.97,57.53,58.15,119420
2018-11-12 07:00:00,57.94,58.15,57.26,58.08,54780
2018-11-13 07:00:00,56.23,57.12,56.23,56.23,108540
2018-11-14 07:00:00,56.3,56.91,56.23,56.5,92660
2018-11-15 07:00:00,56.5,56.84,56.02,56.43,47700
2018-11-16 07:00:00,56.43,56.57,55.95,56.43,83630
2018-11-19 07:00:00,56.43,57.32,56.36,56.98,70030
2018-11-20 07:00:00,56.71,58.28,56.71,57.94,91970
2018-11-21 07:00:00,57.94,57.94,57.26,57.94,47700
2018-11-22 07:00:00,57.94,58.9,57.94,58.42,157080
2018-11-23 07:00:00,58.42,58.42,57.39,57.6,71810
2018-11-26 07:00:00,58.28,58.28,57.39,57.6,25610
2018-11-27 07:00:00,57.6,57.6,56.36,56.64,100430
2018-11-28 07:00:00,56.84,56.84,56.23,56.5,47270
2018-11-29 07:00:00,56.98,57.32,56.02,56.57,119630
2018-11-30 07:00:00,55.82,56.57,55.54,56.23,57690
2018-12-03 07:00:00,56.23,57.32,56.23,57.26,165620
2018-12-04 07:00:00,57.87,58.01,57.26,57.46,205210
2018-12-05 07:00:00,57.05,57.6,56.91,57.6,69670
2018-12-06 07:00:00,57.6,58.01,57.26,57.53,95310
2018-12-07 07:00:00,57.6,58.08,57.6,57.94,118540
2018-12-10 07:00:00,57.6,57.94,57.46,57.6,80510
2018-12-11 07:00:00,56.98,57.6,56.23,56.43,149090
2018-12-12 07:00:00,56.84,56.91,56.57,56.78,61540
2018-12-13 07:00:00,56.84,56.91,56.5,56.57,135940
2018-12-14 07:00:00,56.78,56.91,56.43,56.57,102580
2018-12-17 07:00:00,56.57,57.32,56.43,57.05,97690
2018-12-18 07:00:00,56.91,56.91,56.3,56.5,64590
2018-12-19 07:00:00,56.5,56.78,55.54,56.02,175620
2018-12-20 07:00:00,55.61,56.23,54.99,55.2,143150
2018-12-21 07:00:00,53.55,54.86,53.55,54.86,90950
2018-12-24 07:00:00,54.86,54.86,53.83,53.83,53390
2018-12-25 07:00:00,50.12,53.48,50.12,53.21,100820
2018-12-26 07:00:00,53.21,53.21,51.91,51.91,85160
2018-12-27 07:00:00,51.91,52.59,51.91,51.98,109780
2018-12-28 07:00:00,52.39,54.17,51.77,54.17,74670
2019-01-02 07:00:00,53.48,54.03,52.25,52.25,46610
2019-01-03 07:00:00,52.11,52.25,50.4,50.4,183400
2019-01-04 07:00:00,50.4,50.6,49.85,50.4,53830
2019-01-07 07:00:00,50.4,51.63,50.4,51.43,70990
2019-01-08 07:00:00,52.11,52.11,51.08,51.29,75610
2019-01-09 07:00:00,51.7,52.18,51.43,51.77,103150
2019-01-10 07:00:00,51.43,53.69,51.43,53.14,82280
2019-01-11 07:00:00,53.83,54.99,52.11,54.79,139310
2019-01-14 07:00:00,54.86,56.23,53.48,55.54,211030
2019-01-15 07:00:00,55.27,56.23,54.86,55.54,101570
2019-01-16 07:00:00,55.68,56.36,55.54,56.3,102050
2019-01-17 07:00:00,55.2,57.26,55.2,56.64,117620
2019-01-18 07:00:00,56.64,57.46,56.57,57.32,76910
2019-01-21 07:00:00,57.32,57.8,56.91,57.8,96600
2019-01-22 07:00:00,57.8,58.28,56.91,58.01,105950
2019-01-23 07:00:00,57.32,58.7,57.32,57.46,135070
2019-01-24 07:00:00,57.32,57.74,57.32,57.6,29390
2019-01-25 07:00:00,57.26,58.28,57.26,58.22,64480
2019-01-28 07:00:00,58.22,58.22,57.26,57.46,49110
2019-01-29 07:00:00,57.94,57.94,57.12,57.46,58520
2019-01-30 07:00:00,57.6,57.87,57.32,57.6,15690
2019-01-31 07:00:00,57.6,58.28,57.6,58.28,26930
2019-02-01 07:00:00,58.28,58.35,57.46,58.35,44490
2019-02-11 07:00:00,58.35,58.56,57.87,58.28,20660
2019-02-12 07:00:00,58.63,58.63,58.28,58.49,51990
2019-02-13 07:00:00,58.56,59.04,58.42,59.04,96080
2019-02-14 07:00:00,59.66,60.89,59.66,60.89,167680
2019-02-15 07:00:00,60.34,63.77,60.34,63.77,446610
2019-02-18 07:00:00,64.8,66.51,62.26,66.51,982670
2019-02-19 07:00:00,66.51,67.2,64.46,67.2,883330
2019-02-20 07:00:00,66.51,66.51,65.0,65.96,341930
2019-02-21 07:00:00,65.48,66.86,64.46,66.86,557900
2019-02-22 07:00:00,65.9,69.94,65.9,69.94,601580
2019-02-25 07:00:00,70.63,74.81,70.15,74.81,1430570
2019-02-26 07:00:00,74.88,78.51,74.88,76.73,596640
2019-02-27 07:00:00,76.8,79.61,76.8,79.54,849530
2019-02-28 07:00:00,79.82,81.39,78.24,81.26,1169730
2019-03-01 07:00:00,79.54,81.6,79.54,81.6,503080
2019-03-04 07:00:00,80.91,81.81,80.91,81.6,295810
2019-03-05 07:00:00,81.6,81.81,80.98,81.32,245400
2019-03-06 07:00:00,81.26,82.01,81.26,81.6,278020
2019-03-07 07:00:00,81.6,82.01,81.6,81.6,405240
2019-03-08 07:00:00,81.74,81.87,81.6,81.6,208810
2019-03-11 07:00:00,81.67,81.81,81.53,81.67,454340
2019-03-12 07:00:00,81.67,81.81,80.43,81.26,276840
2019-03-13 07:00:00,81.74,81.95,81.54,81.6,75180
2019-03-14 07:00:00,81.6,81.6,80.91,81.4,412000
2019-03-15 07:00:00,81.4,81.81,81.19,81.33,298800
2019-03-18 07:00:00,81.33,81.81,81.33,81.68,246440
2019-03-19 07:00:00,81.6,81.68,81.54,81.6,259680
2019-03-20 07:00:00,81.54,81.95,81.54,81.74,232530
2019-03-21 07:00:00,82.3,83.0,81.88,82.51,45590
2019-03-22 07:00:00,83.0,83.0,80.91,82.93,62100
2019-03-25 07:00:00,82.93,83.0,81.74,82.86,67520
2019-03-26 07:00:00,82.86,82.86,81.81,82.3,21020
2019-03-27 07:00:00,82.23,82.51,82.02,82.3,87730
2019-03-28 07:00:00,82.09,82.65,82.09,82.44,24680
2019-03-29 07:00:00,82.3,82.65,82.16,82.51,34530
2019-04-01 07:00:00,82.51,82.51,81.95,82.3,37430
2019-04-02 07:00:00,82.3,82.51,81.95,82.51,35570
2019-04-03 07:00:00,82.65,82.65,81.95,82.51,33170
2019-04-04 07:00:00,82.3,84.4,82.3,83.7,191570
2019-04-05 07:00:00,83.7,83.7,82.3,83.0,23470
2019-04-08 07:00:00,83.0,83.0,81.68,82.58,12500
2019-04-09 07:00:00,82.58,82.58,81.95,81.95,32910
2019-04-10 07:00:00,81.74,82.65,81.74,81.95,20270
2019-04-11 07:00:00,82.09,82.65,78.47,81.26,56880
2019-04-12 07:00:00,81.26,81.26,80.14,80.91,4770
2019-04-16 07:00:00,80.21,80.21,77.42,79.44,21670
2019-04-17 07:00:00,78.82,79.51,78.12,79.44,4030
2019-04-18 07:00:00,79.51,79.79,77.77,77.77,14830
2019-04-19 07:00:00,77.77,78.12,76.03,78.12,69490
2019-04-22 07:00:00,76.72,82.72,76.72,78.47,17420
2019-04-23 07:00:00,78.47,80.14,76.37,79.51,104300
2019-04-24 07:00:00,79.79,79.86,78.19,78.61,16990
2019-04-25 07:00:00,78.12,79.86,77.07,78.82,55380
2019-04-26 07:00:00,78.12,80.91,78.12,80.84,12730
2019-05-02 07:00:00,79.51,82.65,78.82,82.65,30700
2019-05-03 07:00:00,81.6,82.3,80.98,81.33,8630
2019-05-06 07:00:00,81.33,82.16,81.33,82.16,8670
2019-05-07 07:00:00,82.16,82.16,80.91,81.26,24620
2019-05-08 07:00:00,80.63,82.65,80.0,80.0,84170
2019-05-09 07:00:00,78.89,82.3,78.89,81.6,32320
2019-05-10 07:00:00,81.6,82.51,80.91,82.3,34750
2019-05-13 07:00:00,82.65,82.65,81.6,81.74,11490
2019-05-14 07:00:00,81.74,82.3,80.91,81.95,10180
2019-05-15 07:00:00,81.95,81.95,80.91,80.98,13650
2019-05-16 07:00:00,78.82,82.3,78.82,80.98,12330
2019-05-17 07:00:00,80.07,81.54,80.07,80.21,6800
2019-05-20 07:00:00,80.21,81.4,79.86,79.86,19220
2019-05-21 07:00:00,79.86,81.26,79.51,80.7,25210
2019-05-22 07:00:00,80.84,80.91,80.28,80.84,6030
2019-05-23 07:00:00,81.26,81.6,78.82,79.51,27880
2019-05-24 07:00:00,80.21,81.12,78.82,80.98,12440
2019-05-27 07:00:00,81.6,81.6,80.98,80.98,1050
2019-05-28 07:00:00,80.28,80.98,79.37,80.84,4060
2019-05-29 07:00:00,81.26,81.26,79.16,79.86,6530
2019-05-30 07:00:00,80.35,80.91,79.51,80.56,5520
2019-05-31 07:00:00,80.56,80.98,79.51,80.56,8510
2019-06-03 07:00:00,80.21,80.84,78.82,78.96,11140
2019-06-04 07:00:00,79.51,79.51,78.47,79.02,14710
2019-06-05 07:00:00,78.96,80.21,77.98,79.86,2540
2019-06-06 07:00:00,80.14,80.49,78.47,80.14,9850
2019-06-07 07:00:00,78.82,80.77,78.82,80.14,9590
2019-06-10 07:00:00,80.14,80.21,78.19,79.37,26390
2019-06-11 07:00:00,79.37,79.65,79.37,79.44,10050
2019-06-12 07:00:00,78.82,78.89,77.98,78.12,20490
2019-06-13 07:00:00,78.82,78.82,76.17,76.17,20210
2019-06-14 07:00:00,73.93,76.17,73.79,74.35,11740
2019-06-17 07:00:00,74.35,75.33,72.4,72.75,17860
2019-06-18 07:00:00,72.75,72.75,69.33,70.79,35200
2019-06-19 07:00:00,70.79,74.07,70.44,70.79,12850
2019-06-20 07:00:00,69.75,72.47,69.75,70.79,18450
2019-06-21 07:00:00,72.05,72.19,71.77,72.19,9010
2019-06-24 07:00:00,71.84,72.89,71.84,72.89,16300
2019-06-25 07:00:00,71.98,73.51,71.98,73.24,17640
2019-06-26 07:00:00,73.24,74.28,73.24,74.07,7050
2019-06-27 07:00:00,74.07,76.03,74.07,75.33,16050
2019-06-28 07:00:00,76.23,76.23,70.1,76.03,17610
2019-07-01 07:00:00,76.1,76.17,73.38,73.38,17220
2019-07-02 07:00:00,76.39,76.46,74.29,74.36,18350
2019-07-03 07:00:00,74.36,75.69,73.31,73.66,6450
2019-07-04 07:00:00,73.66,75.34,72.95,75.34,11180
2019-07-05 07:00:00,75.27,75.27,73.58,73.94,14180
2019-07-08 07:00:00,74.92,74.92,73.23,73.38,39370
2019-07-09 07:00:00,73.38,74.14,72.88,73.72,24010
2019-07-10 07:00:00,73.72,74.29,73.58,73.58,3320
2019-07-11 07:00:00,73.58,74.29,73.58,73.72,9410
2019-07-12 07:00:00,74.92,74.92,72.88,72.95,18060
2019-07-15 07:00:00,72.95,72.95,72.18,72.95,8140
2019-07-16 07:00:00,72.95,72.95,71.41,71.83,22140
2019-07-17 07:00:00,71.83,72.18,71.13,71.83,37480
2019-07-18 07:00:00,71.27,71.83,70.08,70.08,30450
2019-07-19 07:00:00,70.08,72.18,70.08,71.83,32240
2019-07-22 07:00:00,71.83,73.16,71.2,71.34,50290
2019-07-23 07:00:00,71.34,71.83,71.2,71.2,15630
2019-07-24 07:00:00,71.2,71.34,70.43,71.13,10020
2019-07-25 07:00:00,71.69,71.69,70.78,71.13,13540
2019-07-26 07:00:00,71.55,71.55,70.78,71.13,17450
2019-07-29 07:00:00,70.78,71.13,70.43,70.5,18620
2019-07-30 07:00:00,70.71,70.71,69.8,70.01,20510
2019-07-31 07:00:00,70.01,70.22,69.17,69.38,32870
2019-08-01 07:00:00,69.52,69.52,67.63,67.63,63170
2019-08-02 07:00:00,67.56,67.98,66.51,66.58,79060
2019-08-05 07:00:00,66.58,67.98,66.58,67.98,15130
2019-08-06 07:00:00,67.98,67.98,66.58,66.65,10760
2019-08-07 07:00:00,66.3,67.28,65.88,67.07,26260
2019-08-08 07:00:00,65.6,67.28,65.6,67.0,46850
2019-08-09 07:00:00,67.98,68.68,67.28,67.98,75130
2019-08-12 07:00:00,68.33,68.33,67.28,67.28,37130
2019-08-13 07:00:00,65.88,68.47,65.18,65.88,36380
2019-08-14 07:00:00,65.88,66.23,65.74,66.02,28500
2019-08-15 07:00:00,65.74,66.58,65.04,66.58,10230
2019-08-16 07:00:00,66.93,66.93,64.82,65.88,16330
2019-08-19 07:00:00,65.6,66.93,65.6,66.93,19310
2019-08-20 07:00:00,67.14,67.14,65.88,66.93,5200
2019-08-21 07:00:00,66.93,66.93,66.09,66.16,15570
2019-08-22 07:00:00,65.88,66.23,65.88,66.23,15180
2019-08-23 07:00:00,66.23,66.23,65.81,65.88,7110
2019-08-26 07:00:00,65.53,65.53,64.76,65.32,12000
2019-08-27 07:00:00,65.18,65.53,65.18,65.39,2920
2019-08-28 07:00:00,66.16,66.23,65.18,65.32,4550
2019-08-29 07:00:00,65.18,65.18,64.47,64.47,9000
2019-08-30 07:00:00,64.54,65.53,64.47,65.53,7170
2019-09-03 07:00:00,65.53,65.53,64.82,64.9,4110
2019-09-04 07:00:00,65.53,66.93,64.82,66.93,21000
2019-09-05 07:00:00,66.93,66.93,65.53,65.53,4350
2019-09-06 07:00:00,65.53,65.53,65.18,65.24,3270
2019-09-09 07:00:00,65.24,65.24,64.54,64.82,7950
2019-09-10 07:00:00,64.54,65.18,63.42,63.77,33540
2019-09-11 07:00:00,63.77,64.47,62.93,63.0,12450
2019-09-12 07:00:00,63.0,63.77,63.0,63.0,10050
2019-09-13 07:00:00,63.07,64.47,63.07,64.26,3940
2019-09-16 07:00:00,64.33,64.33,63.77,63.98,5260
2019-09-17 07:00:00,63.14,63.91,63.14,63.91,4260
2019-09-18 07:00:00,63.91,63.91,63.42,63.77,2280
2019-09-19 07:00:00,63.91,63.91,63.63,63.77,3140
2019-09-20 07:00:00,64.12,64.12,63.91,63.91,2880
2019-09-23 07:00:00,63.77,63.98,63.42,63.98,3720
2019-09-24 07:00:00,63.77,64.4,63.77,64.05,2300
2019-09-25 07:00:00,64.05,64.12,63.77,64.05,4490
2019-09-26 07:00:00,64.12,64.47,64.05,64.4,8860
2019-09-27 07:00:00,64.47,65.53,64.47,65.53,12030
2019-09-30 07:00:00,66.44,66.44,65.53,65.74,6060
2019-10-01 07:00:00,65.74,65.88,65.18,65.88,6470
2019-10-02 07:00:00,65.6,65.6,64.47,65.18,8320
2019-10-03 07:00:00,65.18,65.18,63.77,64.82,10970
2019-10-04 07:00:00,64.19,64.47,64.19,64.33,2210
2019-10-07 07:00:00,64.47,65.04,63.42,64.33,12050
2019-10-08 07:00:00,64.26,64.47,63.77,64.12,5380
2019-10-09 07:00:00,64.12,64.12,63.7,64.05,4880
2019-10-10 07:00:00,63.77,64.12,63.49,63.77,5700
2019-10-11 07:00:00,63.77,64.4,63.77,64.4,1860
2019-10-14 07:00:00,64.47,65.18,64.4,65.18,13110
2019-10-15 07:00:00,65.18,65.18,64.33,64.33,7310
2019-10-16 07:00:00,64.47,65.53,63.84,64.47,50900
2019-10-17 07:00:00,65.04,65.04,64.12,64.12,1260
2019-10-18 07:00:00,64.4,65.74,64.4,65.53,14890
2019-10-21 07:00:00,65.18,65.18,64.4,64.47,8520
2019-10-22 07:00:00,64.33,68.68,63.91,65.88,18200
2019-10-23 07:00:00,64.12,65.88,64.12,65.67,12660
2019-10-24 07:00:00,65.18,65.67,65.18,65.53,2620
2019-10-25 07:00:00,65.53,65.53,64.47,64.61,1710
2019-10-28 07:00:00,64.61,65.53,64.47,65.53,21130
2019-10-29 07:00:00,65.53,65.88,65.18,65.24,5320
2019-10-30 07:00:00,65.24,65.53,63.07,64.9,22870
2019-10-31 07:00:00,64.9,65.39,64.54,64.9,9220
2019-11-01 07:00:00,64.54,65.39,64.54,64.82,9770
2019-11-04 07:00:00,64.82,66.02,64.82,65.88,17220
2019-11-05 07:00:00,65.88,66.09,65.88,65.88,10860
2019-11-06 07:00:00,65.88,66.09,65.74,65.81,3190
2019-11-07 07:00:00,65.18,65.95,65.1,65.18,101000
2019-11-08 07:00:00,65.88,65.88,65.32,65.88,14490
2019-11-11 07:00:00,65.88,66.02,65.81,65.81,6650
2019-11-12 07:00:00,65.53,65.88,65.39,65.88,14880
2019-11-13 07:00:00,65.1,65.88,65.1,65.88,22520
2019-11-14 07:00:00,65.88,67.98,65.18,67.84,45280
2019-11-15 07:00:00,67.84,67.84,66.93,67.28,7900
2019-11-18 07:00:00,66.93,66.93,66.23,66.58,5740
2019-11-19 07:00:00,65.88,66.58,65.39,65.6,14680
2019-11-20 07:00:00,65.6,65.88,65.24,65.24,7030
2019-11-21 07:00:00,64.96,65.88,64.96,65.88,9890
2019-11-22 07:00:00,65.88,66.58,65.53,65.88,21130
2019-11-25 07:00:00,64.47,65.88,64.47,65.39,7720
2019-11-26 07:00:00,65.39,66.23,65.39,66.23,12910
2019-11-27 07:00:00,66.23,66.3,65.6,65.88,2250
2019-11-28 07:00:00,66.16,66.16,65.39,65.46,6570
2019-11-29 07:00:00,65.88,65.88,65.32,65.32,4950
2019-12-02 07:00:00,65.32,66.16,65.32,65.88,5530
2019-12-03 07:00:00,66.09,66.16,65.32,65.88,24420
2019-12-04 07:00:00,65.88,65.88,65.6,65.6,3350
2019-12-05 07:00:00,66.09,66.09,65.53,65.88,1450
2019-12-06 07:00:00,65.67,66.16,65.53,65.6,2020
2019-12-09 07:00:00,65.6,67.14,65.6,67.14,32620
2019-12-10 07:00:00,67.14,67.14,66.58,66.93,4210
2019-12-11 07:00:00,66.93,66.93,66.23,66.79,2620
2019-12-12 07:00:00,66.79,66.79,66.37,66.79,6220
2019-12-13 07:00:00,66.79,66.79,66.58,66.58,4860
2019-12-16 07:00:00,66.58,66.58,65.88,65.88,7270
2019-12-17 07:00:00,65.88,66.3,65.67,66.3,4500
2019-12-18 07:00:00,66.02,66.3,63.0,66.23,104960
2019-12-19 07:00:00,63.91,66.16,63.91,64.96,7630
2019-12-20 07:00:00,65.74,66.23,65.18,65.53,1490
2019-12-23 07:00:00,64.54,65.46,63.84,63.84,10080
2019-12-24 07:00:00,63.77,64.05,63.07,63.91,5300
2019-12-25 07:00:00,63.84,65.1,63.84,65.04,14000
2019-12-26 07:00:00,64.54,64.96,63.77,64.47,6280
2019-12-27 07:00:00,64.47,65.46,64.33,64.82,8820
2019-12-30 07:00:00,64.47,65.81,64.47,64.47,10850
2019-12-31 07:00:00,64.47,64.47,64.12,64.12,13530
2020-01-02 07:00:00,63.91,64.47,63.77,64.47,14050
2020-01-03 07:00:00,64.47,64.47,63.63,63.91,14170
2020-01-06 07:00:00,63.14,63.91,63.07,63.91,12160
2020-01-07 07:00:00,63.77,63.77,62.51,62.51,26000
2020-01-08 07:00:00,62.51,62.51,60.2,60.27,76650
2020-01-09 07:00:00,60.27,63.07,60.27,62.37,12200
2020-01-10 07:00:00,61.67,62.37,60.48,61.67,52270
2020-01-13 07:00:00,61.67,61.67,60.97,61.04,1850
2020-01-14 07:00:00,61.67,63.07,61.67,63.07,13540
2020-01-15 07:00:00,63.07,63.28,62.23,62.37,14520
2020-01-16 07:00:00,62.37,62.37,60.97,61.25,34420
2020-01-17 07:00:00,61.25,61.67,61.25,61.67,6390
2020-01-20 07:00:00,60.97,61.95,60.83,61.95,3620
2020-01-21 07:00:00,62.02,62.02,60.27,61.88,55820
2020-01-22 07:00:00,61.67,62.37,60.41,61.67,56900
2020-01-30 07:00:00,62.79,65.18,62.37,65.18,75960
2020-01-31 07:00:00,69.73,69.73,68.75,69.73,92670
2020-02-03 07:00:00,74.57,74.57,71.48,71.9,152290
2020-02-04 07:00:00,70.08,71.9,68.12,70.78,66370
2020-02-05 07:00:00,68.33,68.33,65.88,67.63,45580
2020-02-06 07:00:00,65.18,67.28,64.33,67.21,82720
2020-02-07 07:00:00,67.21,68.33,65.53,68.26,20330
2020-02-10 07:00:00,67.35,70.78,67.35,70.78,51850
2020-02-11 07:00:00,70.78,70.78,69.17,69.38,51720
2020-02-12 07:00:00,69.38,70.01,68.68,69.73,41690
2020-02-13 07:00:00,69.73,69.87,67.28,67.28,39570
2020-02-14 07:00:00,67.77,67.77,66.58,66.93,26780
2020-02-17 07:00:00,66.86,67.98,65.88,67.98,20260
2020-02-18 07:00:00,68.33,69.1,68.33,68.75,27050
2020-02-19 07:00:00,69.38,69.38,67.28,67.98,16310
2020-02-20 07:00:00,67.98,67.98,67.07,67.63,16930
2020-02-21 07:00:00,67.63,69.03,67.63,67.84,26460
2020-02-24 07:00:00,67.98,70.36,67.98,68.68,88130
2020-02-25 07:00:00,69.94,69.94,68.68,68.68,41790
2020-02-26 07:00:00,68.96,68.96,67.98,68.05,11850
2020-02-27 07:00:00,68.05,69.03,67.56,69.03,59450
2020-02-28 07:00:00,69.03,69.03,67.28,67.28,26240
2020-03-02 07:00:00,67.28,67.63,65.1,66.58,17520
2020-03-03 07:00:00,67.84,67.84,65.67,65.74,35210
2020-03-04 07:00:00,65.18,66.23,63.77,65.74,98630
2020-03-05 07:00:00,65.74,66.58,61.18,65.81,42650
2020-03-06 07:00:00,65.95,66.93,65.81,66.58,14240
2020-03-09 07:00:00,66.58,66.58,61.95,62.16,61430
2020-03-10 07:00:00,58.31,63.63,58.31,62.72,23650
2020-03-11 07:00:00,64.47,64.47,61.67,62.65,29080
2020-03-12 07:00:00,59.57,59.85,58.31,59.5,50940
2020-03-13 07:00:00,55.36,60.97,55.36,60.27,65370
2020-03-16 07:00:00,60.27,60.27,56.06,57.47,65460
2020-03-17 07:00:00,56.06,56.06,53.96,54.66,74390
2020-03-18 07:00:00,54.66,56.06,54.66,55.57,18290
2020-03-19 07:00:00,55.43,55.43,53.96,53.96,20560
2020-03-20 07:00:00,54.31,54.94,54.03,54.66,18720
2020-03-23 07:00:00,51.16,53.96,50.88,52.91,52370
2020-03-24 07:00:00,50.74,53.12,50.74,52.98,9410
2020-03-25 07:00:00,53.89,56.62,53.89,56.62,59610
2020-03-26 07:00:00,56.42,60.2,56.06,57.82,27920
2020-03-27 07:00:00,57.89,60.27,53.96,56.76,60750
2020-03-30 07:00:00,56.7,57.47,53.33,55.29,23160
2020-03-31 07:00:00,58.17,58.17,55.01,55.36,19970
2020-04-01 07:00:00,56.06,56.42,55.36,55.36,21450
2020-04-03 07:00:00,55.36,57.47,55.36,57.33,9340
2020-04-06 07:00:00,57.19,58.87,57.19,58.87,16160
2020-04-07 07:00:00,59.57,59.57,58.17,58.17,22130
2020-04-08 07:00:00,58.17,58.87,57.47,58.52,106210
2020-04-09 07:00:00,58.52,60.97,58.52,60.97,23140
2020-04-10 07:00:00,61.67,62.86,61.53,62.51,36400
2020-04-13 07:00:00,62.58,64.4,62.44,62.51,34710
2020-04-14 07:00:00,62.37,63.07,60.97,61.53,35860
2020-04-15 07:00:00,60.97,62.72,60.97,61.74,17360
2020-04-16 07:00:00,62.02,62.51,61.32,62.37,22040
2020-04-17 07:00:00,62.37,63.07,61.81,62.37,19970
2020-04-20 07:00:00,62.37,63.14,62.23,63.14,35420
2020-04-21 07:00:00,65.88,65.88,63.07,63.14,53130
2020-04-22 07:00:00,61.04,63.98,61.04,63.77,18860
2020-04-23 07:00:00,64.12,65.1,63.77,65.1,42470
2020-04-24 07:00:00,65.53,65.53,64.12,64.26,6380
2020-04-27 07:00:00,63.77,64.47,63.42,63.84,16390
2020-04-28 07:00:00,63.84,66.23,63.14,65.81,38860
2020-04-29 07:00:00,65.39,65.88,64.82,65.39,39160
2020-05-04 07:00:00,66.44,66.51,65.88,65.95,40030
2020-05-05 07:00:00,66.23,66.23,65.74,65.74,7150
2020-05-06 07:00:00,65.88,67.0,65.6,66.65,46810
2020-05-07 07:00:00,68.68,68.68,66.93,68.05,24850
2020-05-08 07:00:00,68.68,68.68,67.21,67.28,46920
2020-05-11 07:00:00,68.0,68.72,67.28,68.0,35220
2020-05-12 07:00:00,68.0,68.0,66.92,67.71,27740
2020-05-13 07:00:00,67.28,67.71,66.26,66.99,16580
2020-05-14 07:00:00,66.26,66.92,66.26,66.55,14080
2020-05-15 07:00:00,66.7,67.13,66.55,66.63,13440
2020-05-18 07:00:00,66.55,66.63,66.19,66.26,14920
2020-05-19 07:00:00,66.26,67.64,66.26,66.55,19750
2020-05-20 07:00:00,67.57,67.57,66.55,66.63,7130
2020-05-21 07:00:00,66.63,68.0,66.55,67.64,75160
2020-05-22 07:00:00,67.71,67.71,66.55,67.2,8510
2020-05-25 07:00:00,67.2,67.35,66.92,67.35,10000
2020-05-26 07:00:00,67.35,67.64,67.28,67.28,11120
2020-05-27 07:00:00,67.64,68.15,67.28,67.42,46140
2020-05-28 07:00:00,67.42,67.71,67.13,67.13,4420
2020-05-29 07:00:00,67.13,68.65,66.77,66.77,6150
2020-06-01 07:00:00,67.78,67.93,66.84,67.13,22030
2020-06-02 07:00:00,67.64,68.0,66.92,68.0,20580
2020-06-03 07:00:00,68.0,68.0,66.92,67.28,7630
2020-06-04 07:00:00,68.0,68.36,67.35,67.35,33520
2020-06-05 07:00:00,67.35,68.0,67.06,67.06,18650
2020-06-08 07:00:00,67.06,67.64,67.06,67.28,17710
2020-06-09 07:00:00,67.28,68.07,66.92,68.0,42550
2020-06-10 07:00:00,68.0,68.29,67.42,67.42,19690
2020-06-11 07:00:00,67.42,68.0,66.55,66.55,21540
2020-06-12 07:00:00,63.08,66.55,63.08,65.47,30740
2020-06-15 07:00:00,65.47,66.41,65.25,65.25,27150
2020-06-16 07:00:00,66.48,66.48,65.32,66.19,39590
2020-06-17 07:00:00,65.54,66.77,65.54,66.55,12790
2020-06-18 07:00:00,66.55,66.7,65.83,66.55,4540
2020-06-19 07:00:00,66.55,67.28,66.55,66.63,24170
2020-06-22 07:00:00,66.63,67.13,66.63,66.84,3020
2020-06-23 07:00:00,66.55,66.55,65.83,66.12,4320
2020-06-24 07:00:00,66.19,66.55,66.12,66.26,5660
2020-06-25 07:00:00,66.26,66.26,65.25,65.47,3120
2020-06-26 07:00:00,65.47,66.05,65.47,65.9,7740
2020-06-29 07:00:00,65.83,65.83,64.89,64.96,3970
2020-06-30 07:00:00,65.69,66.19,64.96,66.19,7090
2020-07-01 07:00:00,66.19,66.19,65.11,65.47,2300
2020-07-02 07:00:00,66.05,66.05,65.47,65.83,1700
2020-07-03 07:00:00,66.19,66.55,65.32,66.55,12070
2020-07-06 07:00:00,66.55,67.13,65.83,67.06,13190
2020-07-07 07:00:00,67.5,67.64,66.99,67.57,16850
2020-07-08 07:00:00,67.28,67.64,67.28,67.64,10900
2020-07-09 07:00:00,67.28,68.15,67.28,68.15,12210
2020-07-10 07:00:00,68.0,68.15,66.55,67.28,9190
2020-07-13 07:00:00,67.28,68.0,66.55,67.93,6090
2020-07-14 07:00:00,67.86,68.66,65.81,68.51,8860
2020-07-15 07:00:00,66.98,68.51,66.47,68.15,30680
2020-07-16 07:00:00,66.69,68.15,66.69,68.15,10520
2020-07-17 07:00:00,68.15,68.15,66.54,68.0,6450
2020-07-20 07:00:00,66.9,68.0,66.9,67.2,7770
2020-07-21 07:00:00,67.2,68.0,67.05,67.86,19450
2020-07-22 07:00:00,67.27,68.0,66.98,67.86,14010
2020-07-23 07:00:00,67.86,67.86,67.27,67.86,4720
2020-07-24 07:00:00,66.76,68.29,66.54,68.29,18610
2020-07-27 07:00:00,63.62,68.0,63.62,66.54,12160
2020-07-28 07:00:00,66.54,67.27,65.81,67.27,9680
2020-07-29 07:00:00,68.0,68.0,65.74,67.86,12880
2020-07-30 07:00:00,67.86,67.86,65.81,67.78,7370
2020-07-31 07:00:00,67.71,67.71,66.61,66.61,3240
2020-08-03 07:00:00,67.64,68.0,66.54,67.05,13380
2020-08-04 07:00:00,67.05,70.93,66.98,70.93,33840
2020-08-05 07:00:00,70.93,70.93,69.54,70.93,20210
2020-08-06 07:00:00,70.19,70.93,69.76,70.85,11800
2020-08-07 07:00:00,70.71,70.78,68.73,70.78,18470
2020-08-10 07:00:00,70.78,70.93,69.32,70.71,13190
2020-08-11 07:00:00,70.71,70.71,69.54,70.71,17140
2020-08-12 07:00:00,70.71,70.71,69.61,70.63,8230
2020-08-13 07:00:00,69.76,70.93,69.76,70.78,8130
2020-08-14 07:00:00,71.29,71.29,70.19,70.19,7170
2020-08-17 07:00:00,70.19,70.19,69.68,70.12,6800
2020-08-18 07:00:00,70.12,70.56,69.83,69.98,6090
2020-08-19 07:00:00,69.98,70.49,69.83,70.42,2110
2020-08-20 07:00:00,70.56,70.93,69.54,70.93,17130
2020-08-21 07:00:00,70.56,72.39,70.19,72.39,30320
2020-08-24 07:00:00,72.39,76.63,71.66,76.63,33570
2020-08-25 07:00:00,79.63,79.63,76.63,77.51,21900
2020-08-26 07:00:00,76.78,77.51,74.58,77.07,14720
2020-08-27 07:00:00,77.07,77.07,75.31,76.78,20440
2020-08-28 07:00:00,76.78,77.51,76.41,77.51,17620
2020-08-31 07:00:00,75.68,77.51,75.68,77.14,6890
2020-09-01 07:00:00,77.07,77.07,75.31,76.63,8770
2020-09-03 07:00:00,76.04,76.41,74.95,74.95,18830
2020-09-04 07:00:00,76.78,76.78,74.58,74.66,5600
2020-09-07 07:00:00,74.58,75.31,73.12,73.12,8490
2020-09-08 07:00:00,73.12,76.78,73.12,76.78,17060
2020-09-09 07:00:00,76.63,76.78,74.8,74.88,1350
2020-09-10 07:00:00,76.04,76.04,74.58,75.24,2320
2020-09-11 07:00:00,73.85,76.7,73.85,76.41,5630
2020-09-14 07:00:00,76.41,76.41,74.66,74.66,1650
2020-09-15 07:00:00,74.73,76.48,74.73,75.31,7200
2020-09-16 07:00:00,76.78,76.78,75.31,76.34,7820
2020-09-17 07:00:00,77.51,77.65,76.78,77.51,36730
2020-09-18 07:00:00,78.53,78.53,77.14,77.22,3170
2020-09-21 07:00:00,77.22,77.51,72.17,76.26,4020
2020-09-22 07:00:00,76.78,77.51,76.04,77.51,9670
2020-09-23 07:00:00,76.41,77.51,76.41,77.51,5960
2020-09-24 07:00:00,78.24,78.24,77.22,77.65,14890
2020-09-25 07:00:00,73.56,78.17,73.56,76.85,7520
2020-09-28 07:00:00,76.04,77.51,76.04,77.51,7530
2020-09-29 07:00:00,77.58,77.87,77.07,77.43,13560
2020-09-30 07:00:00,77.43,77.43,77.07,77.14,4730
2020-10-01 07:00:00,77.14,77.51,76.92,77.43,8160
2020-10-02 07:00:00,76.7,77.51,76.7,77.43,6850
2020-10-05 07:00:00,77.43,77.43,76.04,76.12,1780
2020-10-06 07:00:00,76.12,76.78,75.68,76.63,4890
2020-10-07 07:00:00,76.85,76.85,76.12,76.78,2170
2020-10-08 07:00:00,77.51,77.51,76.78,76.78,1220
2020-10-09 07:00:00,75.61,77.43,75.61,76.63,3040
2020-10-12 07:00:00,76.63,77.43,75.53,77.22,9900
2020-10-13 07:00:00,77.22,77.22,75.75,76.04,2530
2020-10-14 07:00:00,76.04,77.14,73.56,77.14,7840
2020-10-15 07:00:00,76.41,76.78,75.61,76.34,1800
2020-10-16 07:00:00,76.34,76.34,76.04,76.04,200
2020-10-19 07:00:00,76.04,76.63,74.22,75.31,1770
2020-10-20 07:00:00,75.31,76.04,75.31,75.31,2250
2020-10-21 07:00:00,75.31,75.97,75.31,75.39,3480
2020-10-22 07:00:00,76.04,76.04,74.58,75.83,4730
2020-10-23 07:00:00,75.97,75.97,75.31,75.97,2540
2020-10-26 07:00:00,76.41,76.41,75.31,75.31,940
2020-10-27 07:00:00,75.31,75.97,74.73,75.02,2110
2020-10-28 07:00:00,74.95,75.83,74.36,74.58,3810
2020-10-29 07:00:00,74.58,74.58,74.22,74.58,4170
2020-10-30 07:00:00,73.85,74.58,73.85,74.58,2390
2020-11-02 07:00:00,74.58,75.97,74.58,75.97,4160
2020-11-03 07:00:00,75.09,76.04,75.09,76.04,4350
2020-11-04 07:00:00,76.04,76.04,74.66,75.31,2470
2020-11-05 07:00:00,72.54,75.31,72.54,75.31,20900
2020-11-06 07:00:00,75.31,75.31,75.24,75.31,4380
2020-11-09 07:00:00,74.58,76.04,74.58,76.04,9330
2020-11-10 07:00:00,74.8,75.75,74.73,75.24,6560
2020-11-11 07:00:00,75.31,76.04,75.24,76.04,8360
2020-11-12 07:00:00,76.19,76.19,75.97,75.97,3190
2020-11-13 07:00:00,75.97,75.97,74.95,74.95,3300
2020-11-16 07:00:00,74.95,75.31,74.95,75.02,1700
2020-11-17 07:00:00,75.02,75.31,74.73,74.95,3040
2020-11-18 07:00:00,74.95,75.31,74.8,75.31,3460
2020-11-19 07:00:00,75.31,75.31,75.24,75.24,2440
2020-11-20 07:00:00,75.24,75.24,74.88,75.02,3560
2020-11-23 07:00:00,75.02,75.31,75.02,75.02,1460
2020-11-24 07:00:00,75.02,75.09,74.8,75.09,2610
2020-11-25 07:00:00,75.31,76.19,75.09,75.53,8470
2020-11-26 07:00:00,76.19,76.19,75.61,75.61,3310
2020-11-27 07:00:00,75.61,76.04,75.17,75.61,2320
2020-11-30 07:00:00,74.66,75.68,74.66,75.68,3120
2020-12-01 07:00:00,75.02,75.68,75.02,75.68,2180
2020-12-02 07:00:00,75.68,75.68,75.53,75.68,4950
2020-12-03 07:00:00,75.68,75.68,75.31,75.31,3340
2020-12-04 07:00:00,75.31,77.51,75.31,77.29,25610
2020-12-07 07:00:00,77.29,78.24,77.29,77.8,10670
2020-12-08 07:00:00,77.8,77.95,76.41,77.29,7900
2020-12-09 07:00:00,78.09,78.09,77.07,77.87,17280
2020-12-10 07:00:00,78.17,78.17,77.0,77.0,9170
2020-12-11 07:00:00,77.0,77.0,76.92,76.92,5540
2020-12-14 07:00:00,76.92,77.73,76.92,76.92,6870
2020-12-15 07:00:00,77.36,77.36,76.41,77.14,6470
2020-12-16 07:00:00,77.36,77.36,76.41,76.78,7360
2020-12-17 07:00:00,75.61,76.78,75.61,76.26,4840
2020-12-18 07:00:00,75.31,76.41,75.31,76.34,5140
2020-12-21 07:00:00,76.78,76.78,76.04,76.12,6970
2020-12-22 07:00:00,76.78,76.78,75.31,75.31,9400
2020-12-23 07:00:00,76.78,76.78,75.75,76.04,1890
2020-12-24 07:00:00,76.41,76.78,75.24,76.19,5190
2020-12-25 07:00:00,76.19,76.48,75.9,76.48,3400
2020-12-28 07:00:00,75.31,76.41,75.31,76.41,4470
2020-12-29 07:00:00,76.41,76.41,75.39,75.83,3240
2020-12-30 07:00:00,75.83,76.12,75.68,75.75,9380
2020-12-31 07:00:00,75.75,76.41,75.61,76.04,9010
2021-01-04 07:00:00,76.04,76.7,76.04,76.48,3100
2021-01-05 07:00:00,76.48,76.78,76.48,76.48,800
2021-01-06 07:00:00,76.04,77.87,75.9,77.73,28200
2021-01-07 07:00:00,77.87,80.43,77.87,79.19,38400
2021-01-08 07:00:00,79.19,79.63,78.97,78.97,6300
2021-01-11 07:00:00,78.97,79.33,77.51,78.97,17900
2021-01-12 07:00:00,76.85,78.9,76.78,77.36,29000
2021-01-13 07:00:00,81.53,81.75,78.24,79.7,29300
2021-01-14 07:00:00,79.7,79.7,77.51,79.63,37400
2021-01-15 07:00:00,79.63,79.63,77.14,78.97,78200
2021-01-18 07:00:00,77.22,78.9,77.22,77.65,12200
2021-01-19 07:00:00,77.65,77.65,75.31,75.31,19200
2021-01-20 07:00:00,75.31,76.04,74.58,74.58,22500
2021-01-21 07:00:00,75.31,77.07,74.73,77.07,17000
2021-01-22 07:00:00,77.07,77.07,76.04,76.48,9700
2021-01-25 07:00:00,76.41,76.48,75.31,75.61,9800
2021-01-26 07:00:00,75.61,75.61,74.58,74.58,15000
2021-01-27 07:00:00,74.58,74.58,73.85,73.85,9000
2021-01-28 07:00:00,72.39,72.39,68.73,70.19,63200
2021-01-29 07:00:00,70.19,73.85,70.19,73.85,8000
2021-02-01 07:00:00,75.31,75.31,69.54,73.12,12900
2021-02-02 07:00:00,71.0,73.12,70.93,71.73,29200
2021-02-03 07:00:00,72.39,73.7,72.39,73.7,6300
2021-02-04 07:00:00,73.7,74.44,72.9,72.97,5800
2021-02-05 07:00:00,73.41,73.78,73.12,73.7,5200
2021-02-08 07:00:00,73.78,73.78,72.39,72.97,7900
2021-02-09 07:00:00,71.66,73.85,71.66,73.85,7700
2021-02-17 07:00:00,73.12,73.85,73.12,73.85,8700
2021-02-18 07:00:00,73.85,74.22,73.19,73.34,11500
2021-02-19 07:00:00,73.49,73.85,73.34,73.34,24500
2021-02-22 07:00:00,73.34,74.51,73.34,73.49,7200
2021-02-23 07:00:00,73.49,74.58,73.41,74.51,16200
2021-02-24 07:00:00,73.78,74.58,73.34,73.34,10400
2021-02-25 07:00:00,74.51,74.58,73.85,73.85,8300
2021-02-26 07:00:00,73.78,73.85,73.34,73.49,4700
2021-03-01 07:00:00,73.49,73.7,73.19,73.7,13600
2021-03-02 07:00:00,73.7,73.85,73.27,73.49,8200
2021-03-03 07:00:00,73.27,73.85,73.19,73.19,13300
2021-03-04 07:00:00,73.19,73.49,73.05,73.05,10900
2021-03-05 07:00:00,73.12,73.12,72.39,72.39,19900
2021-03-08 07:00:00,72.54,73.12,71.95,72.39,25400
2021-03-09 07:00:00,72.68,72.68,72.02,72.1,5200
2021-03-10 07:00:00,72.1,73.12,72.1,73.12,16600
2021-03-11 07:00:00,73.85,74.58,73.85,74.22,10400
2021-03-12 07:00:00,74.58,75.17,74.07,74.22,9400
2021-03-15 07:00:00,74.95,74.95,74.0,74.0,17900
2021-03-16 07:00:00,74.0,74.07,73.85,74.07,4700
2021-03-17 07:00:00,74.07,74.07,73.12,74.0,3300
2021-03-18 07:00:00,73.85,74.58,73.85,74.58,4700
2021-03-19 07:00:00,74.22,74.22,73.27,73.49,14300
2021-03-22 07:00:00,73.49,73.63,73.49,73.56,6400
2021-03-23 07:00:00,73.49,74.58,73.34,73.41,6500
2021-03-24 07:00:00,73.34,74.29,72.54,72.68,6100
2021-03-25 07:00:00,73.27,73.27,72.68,73.12,4100
2021-03-26 07:00:00,73.12,73.12,71.66,71.66,20200
2021-03-29 07:00:00,72.24,72.97,72.24,72.97,6600
2021-03-30 07:00:00,72.97,73.12,72.83,72.97,6700
2021-03-31 07:00:00,72.83,72.97,72.76,72.9,4100
2021-04-01 07:00:00,72.9,72.97,72.61,72.9,5600
2021-04-02 07:00:00,73.49,73.49,72.68,73.05,3800
2021-04-05 07:00:00,72.68,73.05,72.68,72.97,5000
2021-04-06 07:00:00,72.97,72.97,72.61,72.83,6600
2021-04-07 07:00:00,72.83,72.9,72.46,72.83,5200
2021-04-08 07:00:00,72.54,72.83,72.46,72.46,5100
2021-04-09 07:00:00,72.46,72.76,71.66,72.61,10300
2021-04-12 07:00:00,72.61,72.61,72.1,72.39,7100
2021-04-13 07:00:00,72.24,72.39,72.1,72.1,15200
2021-04-14 07:00:00,72.1,72.32,71.66,72.02,11800
2021-04-15 07:00:00,71.66,72.17,71.36,71.95,10600
2021-04-16 07:00:00,71.44,71.66,71.29,71.29,8500
2021-04-19 07:00:00,71.29,71.29,70.93,71.29,9700
2021-04-20 07:00:00,71.07,71.29,70.93,70.93,15000
2021-04-22 07:00:00,70.93,73.05,70.93,73.05,22900
2021-04-23 07:00:00,73.12,73.12,72.39,72.76,16900
2021-04-26 07:00:00,75.31,75.31,72.83,73.12,18000
2021-04-27 07:00:00,73.78,73.78,71.66,73.12,12900
2021-04-28 07:00:00,73.12,73.41,72.9,73.05,16800
2021-04-29 07:00:00,73.12,73.12,72.39,72.97,15200
2021-05-04 07:00:00,72.97,75.31,72.76,75.09,49600
2021-05-05 07:00:00,75.31,75.68,75.09,75.31,26800
2021-05-06 07:00:00,76.7,76.7,72.46,74.95,18000
2021-05-07 07:00:00,75.33,75.33,72.28,74.19,36600
2021-05-10 07:00:00,74.19,75.18,74.19,75.18,14100
2021-05-11 07:00:00,75.33,75.33,74.72,74.72,10700
2021-05-12 07:00:00,74.72,74.72,73.81,73.88,25400
2021-05-13 07:00:00,73.81,73.81,71.6,71.9,86600
2021-05-14 07:00:00,71.9,74.26,71.9,72.28,10600
2021-05-17 07:00:00,72.89,73.43,72.67,73.05,9200
2021-05-18 07:00:00,73.05,74.19,72.59,73.05,11700
2021-05-19 07:00:00,73.05,73.05,72.28,73.05,21700
2021-05-20 07:00:00,73.05,73.05,72.67,73.05,25300
2021-05-21 07:00:00,72.28,72.67,71.9,71.9,33600
2021-05-24 07:00:00,71.9,72.67,71.83,72.28,19300
2021-05-25 07:00:00,72.28,73.05,72.28,72.44,8300
2021-05-26 07:00:00,72.59,72.67,71.52,72.28,16400
2021-05-27 07:00:00,71.9,72.67,71.9,72.28,11300
2021-05-28 07:00:00,72.28,72.28,71.52,71.6,33700
2021-05-31 07:00:00,71.6,71.9,71.52,71.6,13400
2021-06-01 07:00:00,71.6,73.05,71.6,72.28,6900
2021-06-02 07:00:00,71.68,73.05,71.68,72.28,44400
2021-06-03 07:00:00,72.36,72.36,71.52,71.98,19800
2021-06-04 07:00:00,71.98,72.59,71.6,71.75,17900
2021-06-07 07:00:00,71.75,72.28,71.6,71.6,23900
2021-06-08 07:00:00,71.6,73.66,71.52,73.35,96700
2021-06-09 07:00:00,73.35,73.35,72.44,72.51,11200
2021-06-10 07:00:00,72.59,72.59,71.68,71.9,8300
2021-06-11 07:00:00,71.9,71.9,71.52,71.6,37800
2021-06-14 07:00:00,71.6,73.05,71.14,73.05,36200
2021-06-15 07:00:00,71.52,72.89,71.52,72.67,5400
2021-06-16 07:00:00,72.97,73.05,71.83,72.28,30400
2021-06-17 07:00:00,72.28,72.89,71.52,72.28,10300
2021-06-18 07:00:00,72.28,73.05,72.28,72.97,35900
2021-06-21 07:00:00,72.97,72.97,72.28,72.67,4400
2021-06-22 07:00:00,72.28,72.89,72.28,72.89,30000
2021-06-23 07:00:00,72.28,73.05,72.28,72.74,18900
2021-06-24 07:00:00,73.05,73.2,72.51,73.05,24700
2021-06-25 07:00:00,73.05,73.05,72.51,72.74,4600
2021-06-28 07:00:00,72.74,72.74,72.36,72.74,4600
2021-06-29 07:00:00,72.28,72.59,72.28,72.51,5800
2021-06-30 07:00:00,72.67,73.27,72.28,72.74,20200
2021-07-01 07:00:00,72.74,73.27,72.74,72.82,9900
2021-07-02 07:00:00,73.05,73.05,71.6,71.6,55100
2021-07-05 07:00:00,72.67,72.67,71.68,71.9,6900
2021-07-06 07:00:00,72.13,72.28,71.9,72.13,23800
2021-07-07 07:00:00,72.13,72.28,71.6,71.9,11200
2021-07-08 07:00:00,71.68,71.68,71.45,71.45,12300
2021-07-09 07:00:00,71.22,71.9,70.99,70.99,11500
2021-07-12 07:00:00,70.99,70.99,68.48,70.0,35000
2021-07-13 07:00:00,68.56,71.52,68.56,71.45,3200
2021-07-14 07:00:00,71.9,71.9,70.0,70.08,4600
2021-07-15 07:00:00,70.0,71.37,68.48,70.0,13200
2021-07-16 07:00:00,71.3,71.3,70.0,70.0,1900
2021-07-19 07:00:00,70.38,71.52,70.0,71.45,23800
2021-07-20 07:00:00,71.3,72.28,70.08,70.76,14300
2021-07-21 07:00:00,71.14,71.3,70.76,70.76,63800
2021-07-22 07:00:00,70.92,71.52,70.16,71.14,5600
2021-07-23 07:00:00,70.54,71.14,70.54,70.61,4900
2021-07-26 07:00:00,70.61,72.28,70.23,72.21,17100
2021-07-27 07:00:00,70.84,71.6,70.84,71.52,1800
2021-07-28 07:00:00,71.6,71.6,71.07,71.14,4000
2021-07-29 07:00:00,70.92,71.6,70.92,71.6,5800
2021-07-30 07:00:00,70.84,71.52,70.84,71.22,4200
2021-08-02 07:00:00,71.22,71.9,70.84,71.45,4600
2021-08-03 07:00:00,71.52,71.6,70.92,71.37,2400
2021-08-04 07:00:00,71.52,72.67,71.52,72.28,24100
2021-08-05 07:00:00,72.28,72.36,71.52,72.21,1500
2021-08-06 07:00:00,72.89,72.89,70.76,72.74,21100
2021-08-09 07:00:00,71.52,71.75,71.52,71.75,2400
2021-08-10 07:00:00,72.21,72.28,71.6,72.13,5500
2021-08-11 07:00:00,72.13,72.13,71.52,71.68,8100
2021-08-12 07:00:00,71.68,72.28,71.52,71.52,8900
2021-08-13 07:00:00,71.37,71.37,70.38,71.22,17300
2021-08-16 07:00:00,71.37,71.75,71.14,71.75,12600
2021-08-17 07:00:00,71.75,71.75,70.84,70.92,18600
2021-08-18 07:00:00,71.14,72.28,71.14,71.52,20800
2021-08-19 07:00:00,71.52,75.33,71.52,74.19,78000
2021-08-20 07:00:00,74.19,74.19,72.28,72.74,32600
2021-08-23 07:00:00,72.28,72.74,71.52,72.36,29200
2021-08-24 07:00:00,72.44,72.44,70.76,71.3,34300
2021-08-25 07:00:00,71.14,71.3,70.38,71.14,32000
2021-08-26 07:00:00,70.54,72.28,70.46,72.21,28800
2021-08-27 07:00:00,72.06,77.23,72.06,77.23,172400
2021-08-30 07:00:00,80.96,82.63,79.89,82.63,109300
2021-08-31 07:00:00,88.42,88.42,84.84,84.84,147500
2021-09-01 07:00:00,83.78,84.08,81.42,83.7,120600
2021-09-06 07:00:00,81.49,83.32,79.44,79.89,110400
2021-09-07 07:00:00,78.83,80.5,74.57,78.83,91000
2021-09-08 07:00:00,78.3,78.37,75.56,77.99,36300
2021-09-09 07:00:00,76.85,77.0,75.4,76.77,43800
2021-09-10 07:00:00,78.37,78.37,75.56,76.24,21100
2021-09-13 07:00:00,76.47,78.22,76.09,77.0,46000
2021-09-14 07:00:00,77.16,82.18,77.16,78.14,31800
2021-09-15 07:00:00,78.14,78.14,76.93,77.54,13900
2021-09-16 07:00:00,77.69,77.69,75.33,75.33,55100
2021-09-17 07:00:00,75.48,78.07,73.05,77.76,49000
2021-09-20 07:00:00,76.93,77.69,76.39,76.85,19500
2021-09-21 07:00:00,76.09,77.38,75.63,76.85,42300
2021-09-22 07:00:00,76.77,77.46,76.09,77.46,19600
2021-09-23 07:00:00,77.46,79.89,77.46,79.36,40100
2021-09-24 07:00:00,79.59,80.5,78.22,78.37,15800
2021-09-27 07:00:00,78.3,78.37,74.64,76.09,36500
2021-09-28 07:00:00,74.8,76.09,74.8,75.18,11000
2021-09-29 07:00:00,75.18,75.33,74.8,74.87,16400
2021-09-30 07:00:00,76.77,76.77,75.18,76.01,7800
2021-10-01 07:00:00,76.01,76.01,74.57,75.94,15400
2021-10-04 07:00:00,75.94,75.94,74.72,75.78,25100
2021-10-05 07:00:00,75.1,76.09,74.8,76.09,16200
2021-10-06 07:00:00,75.56,76.01,74.95,75.78,26100
2021-10-07 07:00:00,75.78,76.09,75.48,76.01,15300
2021-10-08 07:00:00,75.02,76.01,75.02,75.86,12300
2021-10-11 07:00:00,75.71,75.71,74.42,75.33,28500
2021-10-12 07:00:00,75.25,75.33,74.57,74.8,15800
2021-10-13 07:00:00,74.95,76.01,74.8,75.71,11000
2021-10-14 07:00:00,75.71,75.71,74.64,75.33,18300
2021-10-15 07:00:00,75.33,75.33,74.57,74.64,22300
2021-10-18 07:00:00,74.57,74.57,73.88,74.49,20500
2021-10-19 07:00:00,74.19,74.26,73.96,74.11,21800
2021-10-20 07:00:00,74.72,75.1,74.57,75.1,7900
2021-10-21 07:00:00,75.25,75.71,75.1,75.48,14900
2021-10-22 07:00:00,75.56,75.71,74.57,74.8,12900
2021-10-25 07:00:00,74.95,75.1,74.64,74.64,19100
2021-10-26 07:00:00,74.57,75.33,74.42,75.18,14800
2021-10-27 07:00:00,75.18,75.78,74.64,75.25,21300
2021-10-28 07:00:00,75.33,77.84,75.1,77.38,74200
2021-10-29 07:00:00,77.31,79.89,76.55,78.98,67900
2021-11-01 07:00:00,79.06,79.82,77.69,77.84,35500
2021-11-02 07:00:00,77.16,79.89,77.08,78.52,35200
2021-11-03 07:00:00,79.89,79.89,76.17,77.61,44900
2021-11-04 07:00:00,77.61,78.3,76.17,77.08,14900
2021-11-05 07:00:00,78.07,78.14,76.55,77.0,14400
2021-11-08 07:00:00,78.37,78.37,76.85,77.0,23100
2021-11-09 07:00:00,76.93,77.69,76.93,77.61,33400
2021-11-10 07:00:00,77.0,77.54,76.85,77.0,24400
2021-11-11 07:00:00,77.08,77.61,75.48,76.77,28000
2021-11-12 07:00:00,76.09,77.31,75.78,77.31,27400
2021-11-15 07:00:00,77.54,79.51,77.23,78.52,62100
2021-11-16 07:00:00,77.46,78.37,77.46,77.69,20900
2021-11-17 07:00:00,77.69,78.68,77.0,77.69,23100
2021-11-18 07:00:00,77.69,77.69,76.09,76.85,74600
2021-11-19 07:00:00,76.85,76.93,75.94,75.94,14400
2021-11-22 07:00:00,75.33,76.01,74.72,74.95,26300
2021-11-23 07:00:00,74.19,77.08,74.19,75.1,7600
2021-11-24 07:00:00,77.23,77.23,75.33,76.85,12200
2021-11-25 07:00:00,76.7,76.7,75.18,75.78,4200
2021-11-26 07:00:00,75.71,76.09,75.02,75.71,19400
2021-11-29 07:00:00,76.77,79.82,76.7,79.06,96500
2021-11-30 07:00:00,79.21,81.34,78.37,78.37,42300
2021-12-01 07:00:00,78.37,78.37,75.86,77.61,36300
2021-12-02 07:00:00,79.36,83.01,77.61,83.01,152100
2021-12-03 07:00:00,88.26,88.8,85.22,88.8,172700
2021-12-06 07:00:00,88.04,90.47,86.74,90.17,69100
2021-12-07 07:00:00,89.02,93.59,88.26,92.83,90100
2021-12-08 07:00:00,91.92,94.96,91.92,94.35,65700
2021-12-09 07:00:00,95.04,100.36,94.35,96.18,64600
2021-12-10 07:00:00,94.35,96.63,92.07,94.73,48900
2021-12-13 07:00:00,93.59,101.35,93.59,101.35,52200
2021-12-14 07:00:00,107.67,108.43,101.88,102.11,127400
2021-12-15 07:00:00,101.73,106.52,101.66,103.33,36400
2021-12-16 07:00:00,103.48,106.52,96.18,98.92,73300
2021-12-17 07:00:00,98.99,99.68,92.98,94.05,59400
2021-12-20 07:00:00,94.05,99.6,94.05,97.78,39300
2021-12-21 07:00:00,97.93,99.68,97.78,98.92,29500
2021-12-22 07:00:00,98.76,99.3,93.59,97.32,52600
2021-12-23 07:00:00,97.4,98.92,93.59,93.82,41800
2021-12-24 07:00:00,93.51,94.28,89.86,89.86,24400
2021-12-27 07:00:00,89.86,89.86,85.98,87.96,58900
2021-12-28 07:00:00,88.26,91.92,87.5,88.19,28400
2021-12-29 07:00:00,89.56,89.56,84.46,86.29,24100
2021-12-30 07:00:00,86.36,87.5,81.8,86.67,56000
2021-12-31 07:00:00,89.4,89.4,85.98,85.98,14600
2022-01-04 07:00:00,85.6,87.88,85.6,87.2,36800
2022-01-05 07:00:00,86.97,87.88,86.82,87.5,43400
2022-01-06 07:00:00,90.01,93.59,88.64,93.59,86900
2022-01-07 07:00:00,93.59,93.59,87.05,87.2,170400
2022-01-10 07:00:00,85.6,86.97,82.56,82.56,56200
2022-01-11 07:00:00,81.64,82.02,76.85,81.34,75800
2022-01-12 07:00:00,80.73,80.73,77.0,77.0,129600
2022-01-13 07:00:00,77.61,80.05,77.0,77.99,27500
2022-01-14 07:00:00,77.0,80.66,77.0,80.66,44100
2022-01-17 07:00:00,80.58,80.66,77.61,77.61,35300
2022-01-18 07:00:00,79.28,79.89,77.84,79.89,40800
2022-01-19 07:00:00,78.75,79.89,78.14,78.6,13400
2022-01-20 07:00:00,77.76,79.44,77.76,78.52,15300
2022-01-21 07:00:00,77.61,78.37,77.46,77.69,23200
2022-01-24 07:00:00,77.69,78.3,75.33,75.33,31900
2022-01-25 07:00:00,75.33,75.33,74.19,74.95,26200
2022-01-26 07:00:00,74.87,76.01,74.57,74.95,24400
2022-01-27 07:00:00,75.02,76.85,75.02,75.71,10500
2022-01-28 07:00:00,75.71,78.37,75.71,78.3,15000
2022-02-07 07:00:00,78.37,79.13,76.09,78.3,16500
2022-02-08 07:00:00,77.99,77.99,76.01,77.08,28400
2022-02-09 07:00:00,77.08,77.16,76.24,76.85,31900
2022-02-10 07:00:00,78.22,79.06,77.23,78.9,21000
2022-02-11 07:00:00,78.98,78.98,76.85,77.23,22400
2022-02-14 07:00:00,76.09,77.0,75.71,75.78,87900
2022-02-15 07:00:00,76.09,77.61,75.78,77.0,53200
2022-02-16 07:00:00,76.85,78.22,76.85,77.46,19100
2022-02-17 07:00:00,77.0,77.54,76.7,77.54,13300
2022-02-18 07:00:00,77.54,82.94,77.54,82.86,98300
2022-02-21 07:00:00,85.75,88.26,84.46,87.5,104000
2022-02-22 07:00:00,89.56,89.56,86.74,86.74,74000
2022-02-23 07:00:00,86.74,92.3,85.3,87.5,96200
2022-02-24 07:00:00,87.66,88.87,83.85,85.75,43700
2022-02-25 07:00:00,85.68,87.5,85.6,86.59,28600
2022-02-28 07:00:00,86.59,86.59,83.7,85.6,44600
2022-03-01 07:00:00,85.22,85.83,84.84,85.3,27400
2022-03-02 07:00:00,85.6,91.16,82.94,89.79,127100
2022-03-03 07:00:00,90.32,90.62,83.55,89.71,98500
2022-03-04 07:00:00,89.79,89.79,88.26,88.26,31600
2022-03-07 07:00:00,88.26,89.79,87.12,88.8,46500
2022-03-08 07:00:00,87.58,88.34,87.12,87.12,48200
2022-03-09 07:00:00,86.13,87.12,85.22,87.12,37200
2022-03-10 07:00:00,87.05,87.5,86.44,87.05,13500
2022-03-11 07:00:00,86.97,86.97,83.32,85.14,65700
2022-03-14 07:00:00,81.8,85.22,81.8,83.17,28000
2022-03-15 07:00:00,83.17,84.46,77.61,82.71,45500
2022-03-16 07:00:00,82.71,82.94,81.49,82.71,7600
2022-03-17 07:00:00,84.46,84.46,82.25,82.94,8900
2022-03-18 07:00:00,82.94,83.62,81.95,82.78,19700
2022-03-21 07:00:00,82.78,84.38,82.18,83.78,23200
2022-03-22 07:00:00,83.78,84.0,81.8,81.8,29800
2022-03-23 07:00:00,83.78,84.38,82.02,84.0,28600
2022-03-24 07:00:00,84.16,86.21,84.16,84.69,75000
2022-03-25 07:00:00,85.45,85.83,83.7,84.69,39100
2022-03-28 07:00:00,84.69,86.67,84.16,84.84,43100
2022-03-29 07:00:00,84.16,85.52,84.16,85.22,25200
2022-03-30 07:00:00,85.6,85.6,84.38,84.46,35200
2022-03-31 07:00:00,84.46,85.22,84.46,84.61,40600
2022-04-01 07:00:00,85.24,86.34,84.06,85.95,17700
2022-04-04 07:00:00,86.03,87.05,86.03,86.65,41100
2022-04-05 07:00:00,86.65,87.13,84.14,84.85,35800
2022-04-06 07:00:00,83.51,84.85,83.51,83.9,27900
2022-04-07 07:00:00,83.9,84.85,83.04,83.83,20600
2022-04-08 07:00:00,82.88,84.77,82.65,83.43,23200
2022-04-12 07:00:00,84.45,84.45,77.62,80.13,73500
2022-04-13 07:00:00,80.21,81.16,79.66,80.76,31500
2022-04-14 07:00:00,80.84,81.47,80.21,80.21,10900
2022-04-15 07:00:00,79.98,80.45,79.35,80.06,13800
2022-04-18 07:00:00,78.64,80.37,78.64,80.13,23700
2022-04-19 07:00:00,80.13,81.7,79.35,80.13,29000
2022-04-20 07:00:00,80.13,81.39,78.56,79.82,25300
2022-04-21 07:00:00,80.68,80.68,79.43,79.82,11900
2022-04-22 07:00:00,79.35,80.6,79.35,79.9,18200
2022-04-25 07:00:00,79.98,79.98,75.42,75.42,54300
2022-04-26 07:00:00,75.42,78.56,75.42,78.33,17700
2022-04-27 07:00:00,77.23,78.09,76.6,78.01,9500
2022-04-28 07:00:00,77.78,78.48,75.42,78.48,36600
2022-04-29 07:00:00,78.48,79.5,77.38,79.43,22200
2022-05-04 07:00:00,79.66,79.66,77.78,78.17,14300
2022-05-05 07:00:00,78.17,78.17,77.23,77.78,12900
2022-05-06 07:00:00,76.28,80.06,76.28,79.19,16000
2022-05-09 07:00:00,78.48,78.96,76.52,76.52,10500
2022-05-10 07:00:00,76.44,76.52,75.42,76.52,34000
2022-05-11 07:00:00,76.52,77.78,76.44,76.99,16100
2022-05-12 07:00:00,78.56,78.56,75.5,75.81,19000
2022-05-13 07:00:00,76.2,76.68,73.85,73.85,16800
2022-05-16 07:00:00,75.42,75.42,70.78,71.1,40500
2022-05-17 07:00:00,71.18,72.28,66.86,72.28,36100
2022-05-18 07:00:00,73.77,73.77,70.86,73.06,9200
2022-05-19 07:00:00,72.59,72.59,69.92,71.81,9000
2022-05-20 07:00:00,71.26,72.43,71.26,71.49,16500
2022-05-23 07:00:00,72.67,72.67,71.1,71.1,9100
2022-05-24 07:00:00,71.41,72.43,71.1,71.96,6200
2022-05-25 07:00:00,71.96,74.56,71.96,73.06,11700
2022-05-26 07:00:00,72.98,73.06,72.36,73.06,3800
2022-05-27 07:00:00,72.67,73.77,72.67,73.69,11600
2022-05-30 07:00:00,74.32,74.63,73.46,73.46,13600
2022-05-31 07:00:00,74.01,74.01,73.06,73.77,11500
2022-06-01 07:00:00,73.14,73.77,71.49,72.98,8000
2022-06-02 07:00:00,73.69,73.69,72.12,72.67,6300
2022-06-03 07:00:00,72.67,72.67,71.33,72.12,13600
2022-06-06 07:00:00,71.49,72.12,71.1,71.57,13100
2022-06-07 07:00:00,71.57,72.2,71.1,71.89,7900
2022-06-08 07:00:00,72.28,73.85,71.57,72.43,18900
2022-06-09 07:00:00,72.43,73.06,71.96,72.91,5800
2022-06-10 07:00:00,72.91,72.98,72.36,72.98,8200
2022-06-13 07:00:00,72.28,72.28,71.1,71.1,30900
2022-06-14 07:00:00,70.71,71.81,70.31,71.1,6100
2022-06-15 07:00:00,70.55,71.1,70.31,70.71,6900
2022-06-16 07:00:00,72.2,72.2,70.86,71.41,13200
2022-06-17 07:00:00,70.86,70.86,67.64,69.76,22900
2022-06-20 07:00:00,69.92,70.0,69.68,69.76,10500
2022-06-21 07:00:00,69.61,69.61,67.56,67.56,12700
2022-06-22 07:00:00,67.64,67.88,67.33,67.56,7200
2022-06-23 07:00:00,67.56,67.88,67.56,67.64,5900
2022-06-24 07:00:00,67.64,67.96,67.56,67.96,7800
2022-06-27 07:00:00,69.29,69.61,68.43,69.21,3300
2022-06-28 07:00:00,69.29,69.45,68.04,69.29,9700
2022-06-29 07:00:00,68.58,69.37,68.58,69.14,7700
2022-06-30 07:00:00,68.74,69.37,68.74,68.98,6600
2022-07-01 07:00:00,68.98,69.14,68.43,69.06,7500
2022-07-04 07:00:00,69.29,69.45,69.14,69.29,8600
2022-07-05 07:00:00,69.37,69.68,68.43,69.68,5400
2022-07-06 07:00:00,69.14,69.29,68.66,68.66,6800
2022-07-07 07:00:00,69.29,69.29,68.58,68.66,3900
2022-07-08 07:00:00,69.21,69.21,68.58,69.14,9700
2022-07-11 07:00:00,68.74,68.74,68.27,68.43,6700
2022-07-12 07:00:00,68.74,69.14,68.43,69.14,3900
2022-07-13 07:00:00,68.74,70.63,66.78,69.45,8400
2022-07-14 07:00:00,68.58,69.37,68.58,69.29,2400
2022-07-15 07:00:00,69.14,69.37,69.14,69.14,4500
2022-07-18 07:00:00,68.9,69.14,68.82,69.14,2400
2022-07-19 07:00:00,69.14,69.14,68.51,68.58,2600
2022-07-20 07:00:00,68.74,69.53,68.74,69.53,8900
2022-07-21 07:00:00,69.53,72.12,69.53,72.04,40700
2022-07-22 07:00:00,72.28,73.46,72.04,73.46,22200
2022-07-25 07:00:00,73.46,73.46,71.81,71.89,8100
2022-07-26 07:00:00,71.89,73.85,71.49,72.28,28600
2022-07-27 07:00:00,72.98,73.06,72.91,72.91,1900
2022-07-28 07:00:00,72.98,72.98,72.28,72.28,7200
2022-07-29 07:00:00,72.28,72.67,71.73,72.51,5300
2022-08-01 07:00:00,72.28,72.28,71.73,72.28,4200
2022-08-02 07:00:00,72.28,72.28,71.33,72.28,9700
2022-08-03 07:00:00,72.28,72.75,71.65,72.2,1400
2022-08-04 07:00:00,71.57,72.2,71.57,71.81,14800
2022-08-05 07:00:00,72.28,72.28,71.73,71.89,8200
2022-08-08 07:00:00,71.81,72.2,71.73,71.81,2800
2022-08-09 07:00:00,71.65,72.91,71.65,72.51,14800
2022-08-10 07:00:00,72.91,72.91,72.51,72.91,6600
2022-08-11 07:00:00,72.83,72.91,72.28,72.28,800
2022-08-12 07:00:00,72.28,72.91,72.28,72.75,6500
2022-08-15 07:00:00,72.28,72.83,72.28,72.36,11200
2022-08-16 07:00:00,72.36,72.36,71.89,71.96,8100
2022-08-17 07:00:00,71.96,72.75,71.96,71.96,13100
2022-08-18 07:00:00,71.96,72.28,71.96,72.12,6400
2022-08-19 07:00:00,72.28,73.46,72.28,73.38,18800
2022-08-22 07:00:00,74.24,74.48,73.38,73.85,8900
2022-08-23 07:00:00,73.85,73.85,72.83,73.06,7100
2022-08-24 07:00:00,72.98,73.85,72.83,73.61,7500
2022-08-25 07:00:00,73.61,73.69,73.06,73.3,3700
2022-08-26 07:00:00,72.43,73.61,72.43,73.3,6400
2022-08-29 07:00:00,72.04,72.67,71.96,72.28,17500
2022-08-30 07:00:00,72.28,72.67,71.57,71.57,8400
2022-08-31 07:00:00,71.73,71.89,71.49,71.49,16400
2022-09-05 07:00:00,71.49,72.28,71.49,71.81,1700
2022-09-06 07:00:00,71.57,72.28,71.57,72.28,4000
2022-09-07 07:00:00,72.28,72.28,71.49,71.49,6000
2022-09-08 07:00:00,72.28,72.28,70.71,70.94,6000
2022-09-09 07:00:00,71.02,71.02,70.71,70.94,7900
2022-09-12 07:00:00,72.83,73.22,72.28,72.28,16800
2022-09-13 07:00:00,72.04,73.06,71.18,71.33,8100
2022-09-14 07:00:00,72.12,72.12,70.94,71.1,9000
2022-09-15 07:00:00,71.1,71.57,71.1,71.57,300
2022-09-16 07:00:00,71.1,72.28,71.1,71.41,9500
2022-09-19 07:00:00,71.41,71.41,70.78,70.86,3300
2022-09-20 07:00:00,70.86,71.33,69.21,71.33,10600
2022-09-21 07:00:00,70.78,70.78,69.92,70.16,8500
2022-09-22 07:00:00,69.92,70.55,69.61,70.55,11400
2022-09-23 07:00:00,69.53,70.55,69.53,69.92,1900
2022-09-26 07:00:00,69.21,69.53,68.43,68.66,14200
2022-09-27 07:00:00,67.72,69.84,66.86,69.61,9800
2022-09-28 07:00:00,68.35,69.61,68.35,69.61,7300
2022-09-29 07:00:00,69.61,69.61,67.96,67.96,4600
2022-09-30 07:00:00,67.96,68.04,66.78,67.17,11100
2022-10-03 07:00:00,69.29,69.29,67.17,67.25,2900
2022-10-04 07:00:00,67.25,67.41,66.39,66.39,8700
2022-10-05 07:00:00,65.36,67.72,65.28,66.78,1900
2022-10-06 07:00:00,68.27,68.27,65.99,65.99,9600
2022-10-07 07:00:00,65.99,65.99,65.21,65.99,6800
2022-10-10 07:00:00,64.5,65.91,64.5,65.21,2200
2022-10-11 07:00:00,65.13,65.13,63.64,63.64,4900
2022-10-12 07:00:00,63.64,67.41,63.64,66.15,1900
2022-10-13 07:00:00,66.07,66.15,65.6,65.99,5200
2022-10-14 07:00:00,66.78,66.78,65.28,65.44,3800
2022-10-17 07:00:00,65.44,65.68,64.42,65.13,8000
2022-10-18 07:00:00,65.21,65.6,65.21,65.52,6000
2022-10-19 07:00:00,66.78,68.35,66.7,67.56,24600
2022-10-20 07:00:00,67.64,70.71,67.56,70.71,31300
2022-10-21 07:00:00,70.86,73.06,69.84,70.71,46100
2022-10-24 07:00:00,70.78,70.78,68.04,69.14,12900
2022-10-25 07:00:00,68.04,69.84,67.56,69.53,12700
2022-10-26 07:00:00,69.53,69.53,66.78,68.98,9500
2022-10-27 07:00:00,67.96,69.14,67.64,68.98,4800
2022-10-28 07:00:00,69.14,69.14,67.56,68.66,10200
2022-10-31 07:00:00,69.14,69.14,67.56,67.56,5800
2022-11-01 07:00:00,67.17,68.35,66.78,66.94,10500
2022-11-02 07:00:00,66.78,67.56,66.78,67.56,4500
2022-11-03 07:00:00,67.56,68.04,67.25,67.25,2400
2022-11-04 07:00:00,67.25,67.25,65.6,66.54,8600
2022-11-07 07:00:00,66.78,66.78,65.6,65.76,2500
2022-11-08 07:00:00,64.89,65.76,64.89,65.76,2100
2022-11-09 07:00:00,65.83,65.83,65.6,65.76,7700
2022-11-10 07:00:00,65.76,65.76,62.85,64.03,48600
2022-11-11 07:00:00,66.94,66.94,63.95,63.95,5700
2022-11-14 07:00:00,65.52,65.6,63.95,64.74,3100
2022-11-15 07:00:00,64.81,65.21,61.28,62.77,23800
2022-11-16 07:00:00,62.77,64.03,62.54,64.03,10600
2022-11-17 07:00:00,65.21,65.36,64.03,64.58,3600
2022-11-18 07:00:00,64.97,65.76,63.95,65.36,4700
2022-11-21 07:00:00,65.36,65.36,64.34,64.42,4500
2022-11-22 07:00:00,64.42,64.97,63.64,64.97,7300
2022-11-23 07:00:00,64.81,64.81,64.42,64.42,2100
2022-11-24 07:00:00,64.42,64.97,64.03,64.26,1600
2022-11-25 07:00:00,63.64,64.42,63.24,63.4,14000
2022-11-28 07:00:00,64.42,65.21,63.71,65.21,22000
2022-11-29 07:00:00,65.21,65.21,64.26,64.5,19300
2022-11-30 07:00:00,64.26,67.56,64.26,67.56,55600
2022-12-01 07:00:00,66.46,68.27,66.07,66.31,30000
2022-12-02 07:00:00,66.31,66.31,65.6,66.23,7500
2022-12-05 07:00:00,66.54,67.41,66.39,67.41,18900
2022-12-06 07:00:00,67.48,67.56,66.46,66.78,8600
2022-12-07 07:00:00,66.15,67.01,66.15,66.39,9400
2022-12-08 07:00:00,67.48,68.04,66.54,67.48,12500
2022-12-09 07:00:00,66.78,67.56,66.46,66.62,7400
2022-12-12 07:00:00,66.78,67.88,66.78,66.86,7200
2022-12-13 07:00:00,66.86,66.86,66.15,66.7,11900
2022-12-14 07:00:00,66.78,67.17,66.46,67.17,7200
2022-12-15 07:00:00,67.25,67.25,66.7,67.17,7700
2022-12-16 07:00:00,66.39,67.41,66.39,67.41,9400
2022-12-19 07:00:00,67.33,67.41,66.78,67.33,3100
2022-12-20 07:00:00,66.94,67.33,66.46,67.09,21900
2022-12-21 07:00:00,67.17,67.17,67.09,67.09,1700
2022-12-22 07:00:00,67.09,67.09,66.54,66.7,4500
2022-12-23 07:00:00,66.7,67.25,66.23,67.25,3400
2022-12-26 07:00:00,67.09,67.09,65.21,66.39,3200
2022-12-27 07:00:00,66.39,66.39,66.15,66.39,2900
2022-12-28 07:00:00,66.54,66.86,66.07,66.86,2900
2022-12-29 07:00:00,66.86,66.86,66.54,66.7,1600
2022-12-30 07:00:00,66.46,66.7,62.85,66.7,3500
2023-01-03 07:00:00,66.7,67.96,66.7,67.88,15500
2023-01-04 07:00:00,67.96,68.35,67.17,68.35,3800
2023-01-05 07:00:00,68.11,68.35,68.11,68.27,3800
2023-01-06 07:00:00,67.25,68.19,67.25,67.72,2100
2023-01-09 07:00:00,67.72,67.88,66.78,67.88,8800
2023-01-10 07:00:00,67.88,68.98,67.88,68.98,12300
2023-01-11 07:00:00,68.98,71.1,68.98,69.92,7400
2023-01-12 07:00:00,69.92,69.92,68.98,68.98,5000
2023-01-13 07:00:00,68.43,69.76,68.43,68.9,2300
2023-01-16 07:00:00,69.14,69.14,68.51,68.58,6800
2023-01-17 07:00:00,68.74,69.45,68.74,69.14,4600
2023-01-18 07:00:00,67.72,69.14,67.72,68.74,17800
2023-01-19 07:00:00,68.74,70.24,68.74,70.24,10400
2023-01-27 07:00:00,70.71,73.3,70.71,73.14,35600
2023-01-30 07:00:00,74.24,74.56,73.46,74.01,28500
2023-01-31 07:00:00,74.01,74.63,73.22,74.16,17100
2023-02-01 07:00:00,75.34,75.34,73.53,73.69,11100
2023-02-02 07:00:00,73.69,73.93,73.46,73.69,20200
2023-02-03 07:00:00,73.61,75.89,73.61,75.89,20200
2023-02-06 07:00:00,74.32,76.2,74.32,76.05,10300
2023-02-07 07:00:00,75.81,77.62,75.81,76.52,42300
2023-02-08 07:00:00,76.13,76.13,74.71,75.58,8200
2023-02-09 07:00:00,75.58,75.58,74.01,74.95,7500
2023-02-10 07:00:00,78.09,78.48,75.42,75.73,20400
2023-02-13 07:00:00,75.73,77.62,75.66,76.99,58100
2023-02-14 07:00:00,76.6,77.78,76.6,77.38,5200
2023-02-15 07:00:00,76.99,78.4,76.99,77.78,19500
2023-02-16 07:00:00,78.48,78.48,77.15,77.7,14800
2023-02-17 07:00:00,77.62,78.17,77.07,77.15,8500
2023-02-20 07:00:00,77.15,77.15,75.42,76.76,17800
2023-02-21 07:00:00,78.01,78.01,77.07,77.7,11700
2023-02-22 07:00:00,78.33,78.33,76.28,76.99,7700
2023-02-23 07:00:00,77.31,77.46,76.36,77.31,47100
2023-02-24 07:00:00,77.31,77.46,76.2,76.2,7900
2023-02-27 07:00:00,76.2,76.2,75.18,75.73,7200
2023-02-28 07:00:00,74.95,78.4,74.95,75.66,2200
2023-03-01 07:00:00,76.05,78.17,76.05,77.38,4000
2023-03-02 07:00:00,77.38,77.38,76.36,76.36,5200
2023-03-03 07:00:00,77.7,77.7,76.2,76.2,3000
2023-03-06 07:00:00,76.52,76.52,75.03,75.26,5900
2023-03-07 07:00:00,74.01,75.81,74.01,75.58,4600
2023-03-08 07:00:00,75.42,75.58,75.11,75.5,8100
2023-03-09 07:00:00,75.81,76.44,75.42,75.58,5200
2023-03-10 07:00:00,75.58,76.2,75.58,75.58,2500
2023-03-13 07:00:00,75.58,76.28,75.5,75.58,3000
2023-03-14 07:00:00,75.58,75.58,74.63,75.03,2300
2023-03-15 07:00:00,75.03,75.81,75.03,75.81,4600
2023-03-16 07:00:00,73.93,75.34,73.93,74.79,5900
2023-03-17 07:00:00,73.93,74.08,73.3,73.3,7400
2023-03-20 07:00:00,73.85,74.63,71.49,73.06,8700
2023-03-21 07:00:00,72.43,72.75,72.43,72.75,2300
2023-03-22 07:00:00,72.75,74.48,72.75,73.77,3300
2023-03-23 07:00:00,73.85,73.85,73.38,73.77,700
2023-03-24 07:00:00,72.51,73.77,72.51,73.77,200
2023-03-27 07:00:00,73.06,73.69,72.75,73.46,6000
2023-03-28 07:00:00,73.46,74.48,72.51,73.3,3800
2023-03-29 07:00:00,73.3,73.3,73.06,73.06,3300
2023-03-30 07:00:00,73.06,73.85,72.75,72.83,6000
2023-03-31 07:00:00,72.75,73.06,72.51,72.83,14100
2023-04-03 07:00:00,72.83,73.06,72.83,72.91,2600
2023-04-04 07:00:00,72.67,72.67,72.28,72.59,14200
2023-04-05 07:00:00,72.59,72.67,72.28,72.43,3200
2023-04-06 07:00:00,72.83,72.83,71.73,72.51,8600
2023-04-07 07:00:00,73.06,73.06,71.89,71.89,2100
2023-04-10 07:00:00,71.65,72.59,71.65,72.59,8400
2023-04-11 07:00:00,72.43,72.67,71.73,72.28,9200
2023-04-12 07:00:00,72.28,72.36,71.89,72.36,1300
2023-04-13 07:00:00,72.36,72.36,71.81,72.36,7500
2023-04-14 07:00:00,72.75,73.46,72.75,73.38,5500
2023-04-17 07:00:00,73.38,73.85,73.14,73.14,9900
2023-04-18 07:00:00,73.22,73.22,73.14,73.14,3100
2023-04-19 07:00:00,73.14,73.14,71.89,72.2,10600
2023-04-20 07:00:00,72.2,73.85,72.12,72.67,9600
2023-04-21 07:00:00,77.7,77.7,77.7,77.7,42500
2023-04-24 07:00:00,82.18,82.18,79.82,81.86,174800
2023-04-25 07:00:00,81.63,81.63,80.21,80.92,18800
2023-04-26 07:00:00,80.92,84.06,79.43,82.96,89800
2023-04-27 07:00:00,83.04,83.04,81.7,82.96,33100
2023-04-28 07:00:00,82.88,83.75,82.18,83.12,37300
2023-05-04 07:00:00,82.57,88.85,82.57,88.85,154500
2023-05-05 07:00:00,88.85,92.86,88.85,91.13,99100
2023-05-08 07:00:00,91.13,92.62,89.56,90.35,63000
2023-05-09 07:00:00,90.35,90.98,88.07,89.48,50800
2023-05-10 07:00:00,89.16,91.51,88.35,88.35,24200
2023-05-11 07:00:00,86.48,89.16,86.48,89.16,86700
2023-05-12 07:00:00,88.51,89.0,87.78,87.78,37000
2023-05-15 07:00:00,87.78,91.59,87.7,88.92,76900
2023-05-16 07:00:00,88.51,89.64,88.43,89.24,13000
2023-05-17 07:00:00,89.24,89.48,87.29,89.08,34100
2023-05-18 07:00:00,88.83,90.37,88.83,89.97,17300
2023-05-19 07:00:00,89.97,90.62,89.16,89.24,20800
2023-05-22 07:00:00,89.24,89.97,88.83,89.64,5500
2023-05-23 07:00:00,90.46,90.46,89.0,89.97,23900
2023-05-24 07:00:00,89.16,89.97,88.75,89.89,26100
2023-05-25 07:00:00,89.89,95.64,89.56,92.48,209800
2023-05-26 07:00:00,93.21,93.21,86.65,90.78,66200
2023-05-29 07:00:00,90.37,90.37,87.94,88.35,46800
2023-05-30 07:00:00,91.59,91.59,88.35,90.94,47700
2023-05-31 07:00:00,89.64,90.78,88.75,89.24,71500
2023-06-01 07:00:00,89.24,91.59,88.35,91.59,56200
2023-06-02 07:00:00,91.59,91.75,90.78,90.78,49600
2023-06-05 07:00:00,90.78,91.51,89.16,89.4,62800
2023-06-06 07:00:00,90.78,90.94,90.21,90.94,17800
2023-06-07 07:00:00,91.27,91.27,89.97,90.94,15900
2023-06-08 07:00:00,90.94,97.26,90.94,95.64,175300
2023-06-09 07:00:00,95.64,102.29,95.56,102.29,127700
2023-06-12 07:00:00,102.29,105.13,99.94,102.86,62800
2023-06-13 07:00:00,101.4,102.78,97.26,101.96,36900
2023-06-14 07:00:00,99.7,102.13,99.7,100.51,10700
2023-06-15 07:00:00,100.51,101.88,98.48,101.88,25800
2023-06-16 07:00:00,101.72,101.8,100.1,100.51,58900
2023-06-19 07:00:00,101.72,101.72,98.88,100.51,15200
2023-06-20 07:00:00,100.42,104.96,100.42,102.94,35000
2023-06-21 07:00:00,101.88,101.88,99.7,99.7,27100
2023-06-22 07:00:00,99.7,101.72,98.88,99.37,32100
2023-06-23 07:00:00,98.97,101.24,98.97,100.26,14000
2023-06-26 07:00:00,100.26,104.96,99.37,104.56,44700
2023-06-27 07:00:00,104.56,109.26,101.56,108.04,63800
2023-06-28 07:00:00,107.72,108.61,105.37,106.83,17100
2023-06-29 07:00:00,106.83,106.83,104.15,104.15,29800
2023-06-30 07:00:00,104.56,106.18,103.75,104.15,43700
2023-07-03 07:00:00,104.15,108.45,104.15,108.45,38400
2023-07-04 07:00:00,106.99,108.21,104.96,105.37,41100
2023-07-05 07:00:00,107.96,107.96,106.02,107.48,11400
2023-07-06 07:00:00,105.53,107.4,104.56,106.1,50300
2023-07-07 07:00:00,106.02,109.91,105.77,109.34,48700
2023-07-10 07:00:00,110.48,111.04,107.07,109.42,38000
2023-07-11 07:00:00,109.58,109.75,108.37,108.61,25200
2023-07-12 07:00:00,108.61,109.26,106.99,107.4,15400
2023-07-13 07:00:00,108.53,109.34,106.99,107.07,29900
2023-07-14 07:00:00,106.99,106.99,104.64,105.37,69600
2023-07-17 07:00:00,105.29,105.29,102.94,102.94,70800
2023-07-18 07:00:00,102.94,105.37,102.94,105.21,92900
2023-07-19 07:00:00,105.21,112.5,105.21,112.5,219200
2023-07-20 07:00:00,111.85,113.47,111.04,113.15,56900
2023-07-21 07:00:00,105.37,106.99,105.29,105.29,242900
2023-07-24 07:00:00,100.59,103.75,99.29,101.07,272400
2023-07-25 07:00:00,101.32,102.78,100.51,100.59,100800
2023-07-26 07:00:00,100.83,101.4,100.51,101.32,52600
2023-07-27 07:00:00,100.91,101.15,95.8,96.53,203100
2023-07-28 07:00:00,97.18,97.18,93.62,94.83,131800
2023-07-31 07:00:00,94.91,99.7,94.83,99.7,42500
2023-08-01 07:00:00,98.16,100.02,96.45,96.45,90200
2023-08-02 07:00:00,98.4,98.4,96.37,97.02,20700
2023-08-03 07:00:00,97.02,98.48,97.02,97.51,42400
2023-08-04 07:00:00,98.07,98.07,96.78,97.02,19300
2023-08-07 07:00:00,97.1,97.1,95.64,96.37,35300
2023-08-08 07:00:00,96.37,96.37,94.67,95.56,72000
2023-08-09 07:00:00,95.56,97.18,94.91,94.91,28500
2023-08-10 07:00:00,94.91,95.64,94.02,94.02,40100
2023-08-11 07:00:00,94.02,94.43,93.21,94.02,24700
2023-08-14 07:00:00,94.83,94.83,93.37,94.02,23300
2023-08-15 07:00:00,94.02,97.18,94.02,97.18,54000
2023-08-16 07:00:00,96.86,96.86,94.99,95.08,16200
2023-08-17 07:00:00,95.08,95.08,93.21,93.21,102100
2023-08-18 07:00:00,93.29,95.64,92.4,93.21,80600
2023-08-21 07:00:00,93.21,93.86,92.56,93.21,16800
2023-08-22 07:00:00,93.21,93.21,91.59,92.4,55300
2023-08-23 07:00:00,92.0,92.4,91.91,92.24,21000
2023-08-24 07:00:00,92.24,92.4,91.67,92.32,30800
2023-08-25 07:00:00,92.4,94.02,92.16,93.78,26900
2023-08-28 07:00:00,93.86,94.43,93.78,94.26,25100
2023-08-29 07:00:00,94.26,94.83,93.37,93.37,27200
2023-08-30 07:00:00,93.37,94.35,93.21,94.35,27500
2023-08-31 07:00:00,94.43,95.97,94.43,95.64,30900
2023-09-05 07:00:00,94.83,96.05,94.83,95.56,18000
2023-09-06 07:00:00,95.8,99.7,95.08,98.88,74600
2023-09-07 07:00:00,98.56,101.15,98.56,100.1,123900
2023-09-08 07:00:00,100.1,100.1,97.51,98.72,62400
2023-09-11 07:00:00,99.53,99.61,93.21,97.02,22600
2023-09-12 07:00:00,97.18,99.94,97.1,99.94,68000
2023-09-13 07:00:00,99.94,99.94,97.51,97.67,19900
2023-09-14 07:00:00,98.72,98.72,95.64,96.05,18300
2023-09-15 07:00:00,97.18,97.18,95.56,95.64,21600
2023-09-18 07:00:00,97.18,97.18,95.72,95.97,20200
2023-09-19 07:00:00,96.45,96.45,95.24,96.29,7600
2023-09-20 07:00:00,96.45,96.45,95.64,96.13,15700
2023-09-21 07:00:00,97.26,97.26,95.64,96.21,21300
2023-09-22 07:00:00,97.1,97.1,94.83,95.56,36500
2023-09-25 07:00:00,95.64,97.18,94.02,94.02,26700
2023-09-26 07:00:00,94.26,95.64,93.21,94.18,19500
2023-09-27 07:00:00,93.62,94.99,93.62,94.99,50500
2023-09-28 07:00:00,94.83,94.83,94.02,94.35,15200
2023-09-29 07:00:00,96.37,96.37,94.26,94.83,14500
2023-10-02 07:00:00,96.05,96.37,95.64,96.21,15200
2023-10-03 07:00:00,95.24,96.78,94.1,94.59,12400
2023-10-04 07:00:00,93.29,94.59,93.21,94.51,8200
2023-10-05 07:00:00,94.99,95.56,93.29,94.59,12300
2023-10-06 07:00:00,94.35,95.24,93.62,95.24,9100
2023-10-09 07:00:00,95.32,99.29,95.32,99.05,190100
2023-10-10 07:00:00,100.18,100.18,98.16,98.64,10800
2023-10-11 07:00:00,99.45,99.45,96.45,98.32,58900
2023-10-12 07:00:00,97.91,98.07,96.86,97.83,43900
2023-10-13 07:00:00,97.75,97.75,96.45,97.26,12200
2023-10-16 07:00:00,97.99,98.07,96.45,97.02,30600
2023-10-17 07:00:00,98.4,98.4,96.13,96.13,14000
2023-10-18 07:00:00,97.43,97.43,92.4,93.54,59800
2023-10-19 07:00:00,93.54,93.94,93.21,93.21,64000
2023-10-20 07:00:00,93.21,93.94,92.4,93.94,33200
2023-10-23 07:00:00,90.94,92.24,89.16,89.16,52700
2023-10-24 07:00:00,88.51,89.89,88.51,89.48,12300
2023-10-25 07:00:00,89.48,90.37,88.02,88.02,27700
2023-10-26 07:00:00,89.0,89.0,81.94,83.4,51200
2023-10-27 07:00:00,83.4,83.48,81.94,82.19,10500
2023-10-30 07:00:00,81.86,83.0,79.43,82.27,13100
2023-10-31 07:00:00,85.84,85.84,81.05,81.05,13300
2023-11-01 07:00:00,81.05,83.08,80.32,83.08,11500
2023-11-02 07:00:00,83.08,83.48,81.78,83.48,18100
2023-11-03 07:00:00,85.11,85.11,83.57,83.97,7500
2023-11-06 07:00:00,83.97,85.02,83.48,84.94,7100
2023-11-07 07:00:00,84.94,85.11,83.48,84.94,9100
2023-11-08 07:00:00,84.7,85.92,83.97,85.92,18100
2023-11-09 07:00:00,85.92,86.65,85.43,85.43,10300
2023-11-10 07:00:00,85.43,85.43,84.46,84.54,7200
2023-11-13 07:00:00,84.62,84.94,84.54,84.54,3300
2023-11-14 07:00:00,84.7,85.67,83.89,85.02,12100
2023-11-15 07:00:00,85.11,85.84,84.62,85.51,5900
2023-11-16 07:00:00,85.51,85.51,84.38,85.51,10500
2023-11-17 07:00:00,84.54,85.51,83.89,84.38,8600
2023-11-20 07:00:00,81.38,84.38,81.38,83.97,4800
2023-11-21 07:00:00,83.97,85.51,82.67,85.27,21400
2023-11-22 07:00:00,85.27,85.43,82.84,84.7,10700
2023-11-23 07:00:00,83.48,83.65,83.24,83.48,35200
2023-11-24 07:00:00,83.57,83.57,82.92,83.24,6600
2023-11-27 07:00:00,84.62,84.7,83.16,83.89,4100
2023-11-28 07:00:00,83.89,83.89,80.97,82.67,28400
2023-11-29 07:00:00,82.67,84.13,82.43,84.13,14100
2023-11-30 07:00:00,84.13,84.86,83.57,84.05,14200
2023-12-01 07:00:00,84.05,84.05,83.48,83.81,3600
2023-12-04 07:00:00,83.81,84.3,83.32,84.21,29000
2023-12-05 07:00:00,84.62,84.62,83.32,84.21,28200
2023-12-06 07:00:00,84.3,84.3,83.32,83.97,25600
2023-12-07 07:00:00,83.73,83.73,82.51,82.76,40700
2023-12-08 07:00:00,83.48,83.48,77.0,82.76,45200
2023-12-11 07:00:00,82.84,82.84,81.05,81.46,24000
2023-12-12 07:00:00,81.22,82.27,81.22,82.11,15700
2023-12-13 07:00:00,81.86,82.19,80.97,81.38,11200
2023-12-14 07:00:00,81.38,81.7,81.05,81.22,5100
2023-12-15 07:00:00,81.05,81.46,80.97,81.3,6400
2023-12-18 07:00:00,81.3,81.38,81.05,81.05,5800
2023-12-19 07:00:00,81.05,81.05,79.84,80.97,12900
2023-12-20 07:00:00,80.97,81.13,80.0,80.89,15400
2023-12-21 07:00:00,79.76,80.65,79.76,80.16,12600
2023-12-22 07:00:00,79.76,80.65,79.76,80.65,12700
2023-12-25 07:00:00,80.65,81.22,80.65,80.97,6900
2023-12-26 07:00:00,82.11,82.11,81.46,81.7,6100
2023-12-27 07:00:00,81.7,82.27,81.7,81.86,18300
2023-12-28 07:00:00,82.59,82.59,81.46,82.03,3000
2023-12-29 07:00:00,82.03,84.3,81.94,84.3,67600
2024-01-02 07:00:00,84.3,89.16,84.3,89.16,46900
2024-01-03 07:00:00,89.16,91.59,89.16,89.64,52900
2024-01-04 07:00:00,89.64,89.97,87.94,87.94,32900
2024-01-05 07:00:00,87.94,87.94,86.16,87.46,9200
2024-01-08 07:00:00,87.78,87.78,86.73,87.38,16800
2024-01-09 07:00:00,87.38,89.97,87.13,88.35,10400
2024-01-10 07:00:00,87.54,87.54,86.89,86.97,27000
2024-01-11 07:00:00,86.89,87.62,85.92,87.46,7500
2024-01-12 07:00:00,86.56,87.13,86.48,86.73,11900
2024-01-15 07:00:00,86.81,86.89,86.48,86.48,3100
2024-01-16 07:00:00,85.27,86.4,85.27,86.4,2900
2024-01-17 07:00:00,85.92,85.92,84.3,84.3,29900
2024-01-18 07:00:00,84.78,85.59,84.78,85.43,5900
2024-01-19 07:00:00,85.84,86.0,85.43,85.59,9200
2024-01-22 07:00:00,86.0,86.73,85.35,86.0,47300
2024-01-23 07:00:00,86.08,89.0,86.0,87.13,25100
2024-01-24 07:00:00,87.13,88.19,86.73,87.46,24200
2024-01-25 07:00:00,87.46,87.94,87.46,87.54,25400
2024-01-26 07:00:00,87.46,87.46,86.4,86.4,7800
2024-01-29 07:00:00,86.73,87.38,86.4,86.4,15800
2024-01-30 07:00:00,87.29,87.29,85.92,86.65,12700
2024-01-31 07:00:00,87.46,87.46,85.92,85.92,5800
2024-02-01 07:00:00,83.57,86.32,83.57,85.92,11600
2024-02-02 07:00:00,86.73,86.73,85.92,86.0,4200
2024-02-05 07:00:00,85.43,86.16,85.35,85.92,9200
2024-02-06 07:00:00,85.43,85.92,85.35,85.92,11300
2024-02-07 07:00:00,85.92,87.13,85.92,86.97,10000
2024-02-15 07:00:00,86.97,87.13,86.4,86.89,7000
2024-02-16 07:00:00,86.73,86.81,85.92,86.32,7800
2024-02-19 07:00:00,86.32,88.27,86.0,87.62,18400
2024-02-20 07:00:00,87.62,89.97,87.62,89.48,38800
2024-02-21 07:00:00,90.54,90.54,88.75,89.16,12800
2024-02-22 07:00:00,88.83,88.83,88.35,88.67,6000
2024-02-23 07:00:00,88.67,89.97,87.54,87.94,17300
2024-02-26 07:00:00,87.78,88.1,86.73,88.1,9900
2024-02-27 07:00:00,88.19,88.35,87.54,88.35,12500
2024-02-28 07:00:00,88.51,88.92,87.54,87.7,22000
2024-02-29 07:00:00,89.0,89.0,87.54,88.35,22700
2024-03-01 07:00:00,89.08,89.08,87.54,88.27,23000
2024-03-04 07:00:00,88.35,89.4,88.02,88.59,12300
2024-03-05 07:00:00,88.59,89.16,87.7,88.27,13700
2024-03-06 07:00:00,88.43,88.67,87.7,88.27,12800
2024-03-07 07:00:00,88.27,92.4,88.27,91.59,48300
2024-03-08 07:00:00,91.59,91.59,89.32,89.56,27200
2024-03-11 07:00:00,89.73,91.02,89.16,89.16,15000
2024-03-12 07:00:00,89.16,90.62,89.16,90.13,19300
2024-03-13 07:00:00,90.21,91.83,90.21,91.43,30300
2024-03-14 07:00:00,91.43,91.43,90.78,90.78,20300
2024-03-15 07:00:00,90.78,90.78,89.32,89.97,16900
2024-03-18 07:00:00,93.13,96.05,91.59,95.32,97400
2024-03-19 07:00:00,95.32,97.67,95.24,95.64,33800
2024-03-20 07:00:00,97.18,97.18,94.02,94.51,16300
2024-03-21 07:00:00,94.51,95.48,94.02,94.59,13300
2024-03-22 07:00:00,94.26,95.56,93.7,94.18,18100
2024-03-25 07:00:00,94.43,96.05,93.78,94.26,16600
2024-03-26 07:00:00,94.26,94.91,93.86,94.67,18500
2024-03-27 07:00:00,94.67,94.67,93.7,94.26,15700
2024-03-28 07:00:00,94.35,94.83,94.18,94.26,17800
2024-03-29 07:00:00,94.43,95.48,94.26,94.35,10800
2024-04-01 07:00:00,93.78,94.35,92.4,94.35,22600
2024-04-02 07:00:00,94.35,94.35,93.29,94.02,5600
2024-04-03 07:00:00,94.26,94.26,93.29,93.62,17100
2024-04-04 07:00:00,93.62,93.94,93.21,93.29,6700
2024-04-05 07:00:00,92.48,93.78,92.48,93.54,4500
2024-04-08 07:00:00,93.54,93.54,92.4,93.21,9800
2024-04-09 07:00:00,91.59,93.21,91.59,92.81,9000
2024-04-10 07:00:00,92.56,93.13,92.56,93.13,6500
2024-04-11 07:00:00,93.7,93.7,92.72,92.81,13200
2024-04-12 07:00:00,92.89,96.86,92.24,94.02,7900
2024-04-15 07:00:00,92.97,93.54,92.81,92.81,12600
2024-04-16 07:00:00,88.35,92.89,88.35,92.89,14900
2024-04-17 07:00:00,90.94,92.89,90.78,92.72,3600
2024-04-19 07:00:00,92.4,92.4,90.05,90.21,33600
2024-04-22 07:00:00,90.13,90.7,89.97,90.13,30100
2024-04-23 07:00:00,90.37,90.62,89.97,90.62,13200
2024-04-24 07:00:00,90.78,93.21,90.78,91.59,7600
2024-04-25 07:00:00,91.59,92.4,91.59,92.16,13000
2024-04-26 07:00:00,92.16,92.64,92.16,92.48,11500
2024-05-02 07:00:00,92.4,92.48,91.59,92.24,8900
2024-05-03 07:00:00,92.24,92.24,91.91,92.0,8500
2024-05-06 07:00:00,92.0,93.21,88.35,88.35,28200
2024-05-07 07:00:00,91.59,91.83,90.78,91.59,15400
2024-05-08 07:00:00,91.59,92.72,91.02,91.27,7400
2024-05-09 07:00:00,91.59,92.4,91.59,92.08,7500
2024-05-10 07:00:00,92.32,92.56,92.0,92.56,10200
2024-05-13 07:00:00,93.21,94.75,93.13,94.59,31500
2024-05-14 07:00:00,93.7,94.67,93.7,94.51,11700
2024-05-15 07:00:00,94.51,94.51,94.02,94.35,8700
2024-05-16 07:00:00,94.02,94.43,93.62,93.7,19600
2024-05-17 07:00:00,93.37,94.83,93.37,93.7,6700
2024-05-20 07:00:00,93.62,94.1,93.21,93.78,15200
2024-05-21 07:00:00,94.02,94.02,93.7,93.94,8400
2024-05-22 07:00:00,93.94,94.43,93.13,93.86,16000
2024-05-23 07:00:00,93.86,94.1,93.62,94.1,13700
2024-05-24 07:00:00,95.56,95.56,94.18,95.16,89800
2024-05-27 07:00:00,94.99,95.32,94.83,95.16,14000
2024-05-28 07:00:00,95.16,95.56,94.67,95.32,29700
2024-05-29 07:00:00,95.56,97.18,95.56,97.1,40800
2024-05-30 07:00:00,99.7,101.07,98.07,100.1,83500
2024-05-31 07:00:00,100.51,100.75,98.88,100.02,54400
2024-06-03 07:00:00,99.86,100.02,97.26,98.32,47700
2024-06-04 07:00:00,100.34,100.42,97.67,98.88,13000
2024-06-05 07:00:00,99.7,99.7,98.16,98.24,60000
2024-06-06 07:00:00,98.72,98.8,98.07,98.4,48800
2024-06-07 07:00:00,98.88,98.88,98.16,98.48,55400
2024-06-10 07:00:00,98.88,100.1,98.48,99.7,104900
2024-06-11 07:00:00,99.53,100.53,98.52,98.52,28100
2024-06-12 07:00:00,99.19,99.19,97.6,97.68,18500
2024-06-13 07:00:00,97.27,97.85,96.6,96.76,34400
2024-06-14 07:00:00,96.51,97.6,96.43,97.18,29400
2024-06-17 07:00:00,96.34,97.1,96.09,96.68,29700
2024-06-18 07:00:00,96.51,97.77,96.51,97.52,24200
2024-06-19 07:00:00,97.77,97.77,96.34,97.1,18000
2024-06-20 07:00:00,96.43,97.18,96.34,97.18,17200
2024-06-21 07:00:00,96.43,97.18,96.43,96.76,15300
2024-06-24 07:00:00,94.67,96.34,94.67,95.34,36300
2024-06-25 07:00:00,95.34,96.34,94.75,95.09,16500
2024-06-26 07:00:00,95.09,95.26,94.67,94.67,19900
2024-06-27 07:00:00,94.75,95.92,94.75,94.92,4000
2024-06-28 07:00:00,95.76,95.76,94.75,94.92,7500
2024-07-01 07:00:00,94.92,95.67,94.92,94.92,6300
2024-07-02 07:00:00,95.59,95.59,94.92,95.0,6000
2024-07-03 07:00:00,95.51,95.51,95.09,95.09,5000
2024-07-04 07:00:00,95.67,95.67,95.09,95.59,13500
2024-07-05 07:00:00,95.59,95.59,94.67,94.75,19600
2024-07-08 07:00:00,94.75,94.84,93.58,93.75,50800
2024-07-09 07:00:00,93.75,93.83,93.41,93.58,33900
2024-07-10 07:00:00,93.58,93.58,92.16,92.49,78900
2024-07-11 07:00:00,92.57,93.83,91.9,92.99,95500
2024-07-12 07:00:00,93.41,93.83,93.33,93.41,10800
2024-07-15 07:00:00,94.33,94.42,93.41,94.42,40700
2024-07-16 07:00:00,95.34,100.95,95.34,100.95,197300
2024-07-17 07:00:00,105.48,105.48,98.52,98.69,77100
2024-07-18 07:00:00,98.86,98.94,94.5,96.34,80400
2024-07-19 07:00:00,98.77,98.77,95.09,95.09,59000
2024-07-22 07:00:00,95.09,95.09,92.16,93.16,90900
2024-07-23 07:00:00,93.16,94.33,92.16,92.99,43800
2024-07-24 07:00:00,94.58,94.58,92.49,93.66,32200
2024-07-25 07:00:00,93.66,94.0,92.82,93.75,12900
2024-07-26 07:00:00,93.75,93.91,93.08,93.83,23000
2024-07-29 07:00:00,94.0,94.58,93.41,94.17,24000
2024-07-30 07:00:00,93.91,94.75,93.58,94.25,17700
2024-07-31 07:00:00,94.5,95.59,94.25,95.34,23100
2024-08-01 07:00:00,96.26,96.26,94.25,94.67,24600
2024-08-02 07:00:00,94.75,94.75,93.41,94.5,21400
2024-08-05 07:00:00,94.5,95.42,92.99,93.08,52100
2024-08-06 07:00:00,93.16,94.5,92.99,93.24,53600
2024-08-07 07:00:00,93.33,94.17,92.99,92.99,33500
2024-08-08 07:00:00,91.78,94.29,91.78,92.91,12700
2024-08-09 07:00:00,94.03,94.03,92.82,93.25,9800
2024-08-12 07:00:00,93.25,94.03,92.82,92.91,21000
2024-08-13 07:00:00,92.91,92.91,92.39,92.73,16700
2024-08-14 07:00:00,92.73,92.91,91.26,91.44,24000
2024-08-15 07:00:00,91.44,92.13,91.26,91.26,23000
2024-08-16 07:00:00,91.26,92.13,91.26,91.7,35600
2024-08-19 07:00:00,91.78,92.13,91.0,91.78,53000
2024-08-20 07:00:00,91.7,92.21,91.26,92.21,44400
2024-08-21 07:00:00,92.21,92.56,92.13,92.47,19300
2024-08-22 07:00:00,92.56,92.99,92.21,92.65,34100
2024-08-23 07:00:00,92.73,92.73,91.44,92.47,45000
2024-08-26 07:00:00,92.56,92.56,91.78,92.04,21600
2024-08-27 07:00:00,92.04,92.13,91.96,91.96,16000
2024-08-28 07:00:00,92.13,93.25,92.13,92.56,30500
2024-08-29 07:00:00,92.56,93.17,92.56,92.73,5000
2024-08-30 07:00:00,92.73,93.42,92.56,93.25,15900
2024-09-04 07:00:00,92.99,94.29,92.39,93.94,18400
2024-09-05 07:00:00,93.94,94.29,92.73,92.99,8200
2024-09-06 07:00:00,92.91,93.17,92.56,93.17,4600
2024-09-09 07:00:00,92.3,94.29,92.21,92.65,30000
2024-09-10 07:00:00,92.56,93.42,92.56,92.56,44500
2024-09-11 07:00:00,92.99,92.99,92.13,92.39,12500
2024-09-12 07:00:00,92.39,93.34,92.39,92.65,5300
2024-09-13 07:00:00,93.17,93.17,92.13,92.21,13100
2024-09-16 07:00:00,92.21,92.99,92.13,92.21,9000
2024-09-17 07:00:00,92.47,93.25,92.3,92.82,6000
2024-09-18 07:00:00,92.47,93.42,92.47,93.08,16300
2024-09-19 07:00:00,93.08,93.25,92.56,93.08,13100
2024-09-20 07:00:00,93.94,94.03,92.99,93.34,12100
2024-09-23 07:00:00,93.34,93.42,92.99,92.99,11100
2024-09-24 07:00:00,92.99,93.25,92.99,93.17,16800
2024-09-25 07:00:00,93.17,93.86,92.99,92.99,51200
2024-09-26 07:00:00,93.42,93.42,92.56,92.99,29100
2024-09-27 07:00:00,92.65,93.77,92.65,92.82,21300
2024-09-30 07:00:00,93.34,93.34,92.65,92.65,12400
2024-10-01 07:00:00,92.99,93.68,92.56,92.91,17300
2024-10-02 07:00:00,93.51,93.51,92.56,92.56,12200
2024-10-03 07:00:00,93.17,93.17,92.56,92.56,10500
2024-10-04 07:00:00,92.47,92.56,92.13,92.13,14800
2024-10-07 07:00:00,93.17,93.17,91.7,91.7,17600
2024-10-08 07:00:00,91.78,91.87,91.26,91.87,7400
2024-10-09 07:00:00,91.96,92.82,91.96,92.56,79400
2024-10-10 07:00:00,92.65,93.25,92.47,92.99,17700
2024-10-11 07:00:00,93.17,93.17,92.13,92.82,22200
2024-10-14 07:00:00,92.82,92.82,92.13,92.21,8900
2024-10-15 07:00:00,92.21,92.82,92.21,92.3,32600
2024-10-16 07:00:00,92.3,92.56,92.21,92.21,2700
2024-10-17 07:00:00,92.21,92.56,91.87,92.04,9900
2024-10-18 07:00:00,92.13,92.56,91.96,92.3,13700
2024-10-21 07:00:00,92.21,93.17,91.26,91.52,63700
2024-10-22 07:00:00,91.52,91.87,91.0,91.26,26200
2024-10-23 07:00:00,90.92,90.92,90.48,90.83,15400
2024-10-24 07:00:00,90.83,91.26,90.74,90.83,15500
2024-10-25 07:00:00,90.83,90.92,90.05,90.4,10700
2024-10-28 07:00:00,91.26,91.26,90.4,90.4,6200
2024-10-29 07:00:00,90.4,91.7,90.4,91.35,21000
2024-10-30 07:00:00,91.35,91.44,90.66,90.66,4400
2024-10-31 07:00:00,90.83,91.09,90.4,90.48,8700
2024-11-01 07:00:00,90.48,90.57,90.14,90.14,28500
2024-11-04 07:00:00,90.83,90.83,89.45,89.96,15400
2024-11-05 07:00:00,89.96,89.96,88.84,89.79,18800
2024-11-06 07:00:00,89.1,89.1,88.24,88.58,46500
2024-11-07 07:00:00,88.67,89.53,88.67,88.93,8900
2024-11-08 07:00:00,91.09,91.09,89.01,89.01,14300
2024-11-11 07:00:00,89.01,89.96,88.24,88.93,40300
2024-11-12 07:00:00,89.45,89.45,88.32,88.5,16700
2024-11-13 07:00:00,88.41,89.53,88.41,88.75,22600
2024-11-14 07:00:00,88.67,89.45,88.67,88.84,3600
2024-11-15 07:00:00,88.84,88.84,85.21,86.33,61700
2024-11-18 07:00:00,86.5,86.5,85.29,86.24,32300
2024-11-19 07:00:00,87.02,87.02,86.24,86.24,8400
2024-11-20 07:00:00,86.5,86.5,85.64,86.24,7000
2024-11-21 07:00:00,86.33,86.33,85.29,86.16,19300
2024-11-22 07:00:00,86.24,86.94,86.16,86.5,8900
2024-11-25 07:00:00,86.59,86.76,85.64,86.07,17200
2024-11-26 07:00:00,85.9,86.76,85.9,86.59,18600
2024-11-27 07:00:00,86.16,86.5,86.16,86.42,8200
2024-11-28 07:00:00,85.99,89.27,85.99,86.94,27800
2024-11-29 07:00:00,87.11,88.24,86.94,87.37,17300
2024-12-02 07:00:00,87.37,88.93,87.37,87.89,19100
2024-12-03 07:00:00,88.67,89.79,88.32,89.62,48700
2024-12-04 07:00:00,90.31,90.31,88.24,88.84,21000
2024-12-05 07:00:00,88.24,89.01,86.5,88.84,21900
2024-12-06 07:00:00,88.67,89.01,87.89,88.06,29100
2024-12-09 07:00:00,87.89,88.24,87.28,88.24,22400
2024-12-10 07:00:00,89.27,90.4,89.27,90.4,54400
2024-12-11 07:00:00,90.92,96.02,90.92,93.42,88300
2024-12-12 07:00:00,94.29,94.29,91.78,92.99,41100
2024-12-13 07:00:00,92.99,93.42,92.56,92.99,23100
2024-12-16 07:00:00,93.08,93.08,92.56,92.56,19100
2024-12-17 07:00:00,92.91,93.17,92.91,92.99,15000
2024-12-18 07:00:00,93.77,98.62,93.34,96.71,139400
2024-12-19 07:00:00,96.37,96.71,95.76,95.93,30100
2024-12-20 07:00:00,95.93,96.37,94.72,95.24,29700
2024-12-23 07:00:00,94.81,96.54,94.81,96.11,96900
2024-12-24 07:00:00,96.02,96.47,96.02,96.11,19400
2024-12-25 07:00:00,96.29,96.92,94.4,95.03,47100
2024-12-26 07:00:00,95.12,95.12,94.31,94.94,11600
2024-12-27 07:00:00,94.94,94.94,93.32,93.32,20700
2024-12-30 07:00:00,93.32,93.32,92.43,92.52,26000
2024-12-31 07:00:00,93.42,93.42,92.43,93.24,13200
2025-01-02 07:00:00,93.15,93.24,92.43,93.06,6900
2025-01-03 07:00:00,93.06,93.06,92.43,92.7,14900
2025-01-06 07:00:00,92.7,94.22,91.53,92.7,34000
2025-01-07 07:00:00,92.88,92.88,92.16,92.52,9700
2025-01-08 07:00:00,92.61,93.32,92.43,92.61,9300
2025-01-09 07:00:00,92.61,93.32,91.8,91.89,10400
2025-01-10 07:00:00,92.88,92.88,91.98,91.98,8100
2025-01-13 07:00:00,92.43,92.43,91.53,92.07,5700
2025-01-14 07:00:00,92.34,92.34,91.53,91.98,6600
2025-01-15 07:00:00,91.98,92.43,91.62,91.89,15600
2025-01-16 07:00:00,92.52,93.24,91.89,92.07,8500
2025-01-17 07:00:00,92.07,92.88,92.07,92.16,11300
2025-01-20 07:00:00,92.25,93.77,92.25,92.7,10100
2025-01-21 07:00:00,92.7,92.7,90.72,91.08,44400
2025-01-22 07:00:00,91.08,91.26,88.84,91.26,55800
2025-01-23 07:00:00,91.26,91.26,89.74,91.08,26500
2025-01-24 07:00:00,91.08,91.98,90.63,91.17,10900
2025-02-03 07:00:00,91.17,91.17,86.6,89.74,25400
2025-02-04 07:00:00,90.81,90.81,89.83,90.63,7100
2025-02-05 07:00:00,91.8,91.8,90.63,90.81,10600
2025-02-06 07:00:00,90.9,92.07,90.63,92.07,42900
2025-02-07 07:00:00,91.98,92.34,91.44,91.89,13300
2025-02-10 07:00:00,91.89,91.89,90.63,90.63,20000
2025-02-11 07:00:00,90.63,92.34,90.63,91.44,21500
2025-02-12 07:00:00,91.53,92.25,91.08,91.08,8400
2025-02-13 07:00:00,91.08,91.53,90.0,90.0,23200
2025-02-14 07:00:00,90.18,91.44,90.1,90.36,34400
2025-02-17 07:00:00,90.1,91.08,90.0,90.18,29600
2025-02-18 07:00:00,89.74,90.63,89.74,90.63,19100
2025-02-19 07:00:00,90.63,91.08,90.45,90.63,52200
2025-02-20 07:00:00,90.81,91.53,90.63,90.72,28800
2025-02-21 07:00:00,90.72,91.17,90.63,90.72,30700
2025-02-24 07:00:00,90.72,91.08,90.63,90.81,34300
2025-02-25 07:00:00,90.9,90.9,89.74,90.81,17400
2025-02-26 07:00:00,90.81,91.53,90.63,90.9,13200
2025-02-27 07:00:00,90.9,90.9,90.72,90.9,5800
2025-02-28 07:00:00,90.63,91.44,90.63,91.08,17100
2025-03-03 07:00:00,91.35,91.35,90.9,91.26,10100
2025-03-04 07:00:00,91.17,91.89,91.17,91.71,9400
2025-03-05 07:00:00,91.53,91.98,91.08,91.26,15700
2025-03-06 07:00:00,91.35,91.53,90.81,90.81,14100
2025-03-07 07:00:00,90.99,91.08,90.63,90.72,15900
2025-03-10 07:00:00,90.81,91.26,90.18,90.63,20100
2025-03-11 07:00:00,90.63,91.08,90.18,90.81,14400
2025-03-12 07:00:00,91.44,91.44,90.63,90.81,19900
2025-03-13 07:00:00,90.81,90.9,90.18,90.18,18200
2025-03-14 07:00:00,91.35,91.35,89.92,90.63,29900
2025-03-17 07:00:00,91.08,91.08,90.27,90.36,8800
2025-03-18 07:00:00,89.83,90.63,89.83,90.0,13100
2025-03-19 07:00:00,90.63,90.99,90.0,90.1,10900
2025-03-20 07:00:00,90.1,90.1,90.0,90.0,5900
2025-03-21 07:00:00,89.74,90.45,89.74,89.92,12100
2025-03-24 07:00:00,89.74,89.92,89.74,89.92,7600
2025-03-25 07:00:00,89.92,89.92,89.74,89.74,4100
2025-03-26 07:00:00,89.83,89.83,89.56,89.74,10700
2025-03-27 07:00:00,89.74,90.54,89.74,89.74,13500
2025-03-28 07:00:00,90.81,90.81,89.74,89.74,3200
2025-03-31 07:00:00,89.74,89.74,89.2,89.74,16500
2025-04-01 07:00:00,89.74,89.74,89.56,89.65,3900
2025-04-02 07:00:00,89.65,89.65,89.38,89.47,10300
2025-04-03 07:00:00,85.25,88.84,83.99,84.8,67700
2025-04-04 07:00:00,79.86,83.36,79.51,83.36,55100
2025-04-08 07:00:00,84.26,84.26,78.97,81.48,53700
2025-04-09 07:00:00,78.97,81.66,78.07,80.4,62000
2025-04-10 07:00:00,85.97,85.97,85.97,85.97,24800
2025-04-11 07:00:00,88.84,89.29,85.97,86.95,51300
2025-04-14 07:00:00,86.95,87.94,86.15,87.4,20600
2025-04-15 07:00:00,87.67,87.67,85.34,86.24,10000
2025-04-16 07:00:00,86.24,86.24,85.52,85.7,11300
2025-04-17 07:00:00,85.25,85.43,84.35,85.25,9900
2025-04-18 07:00:00,88.57,88.57,85.97,86.5,8700
2025-04-21 07:00:00,87.4,88.48,87.04,87.85,65300
2025-04-22 07:00:00,87.04,87.85,85.25,86.6,25000
2025-04-23 07:00:00,89.74,89.74,86.15,87.04,39500
2025-04-24 07:00:00,87.04,87.94,85.25,87.49,20200
2025-04-25 07:00:00,87.49,87.58,87.04,87.31,12700
2025-04-28 07:00:00,87.4,87.4,86.68,87.31,18700
2025-04-29 07:00:00,87.49,87.58,87.04,87.4,7600
2025-05-05 07:00:00,87.4,88.84,87.22,88.84,28900
2025-05-06 07:00:00,88.93,92.61,88.84,92.43,73300
2025-05-07 07:00:00,93.32,93.32,91.89,92.88,16700
2025-05-08 07:00:00,93.32,95.93,92.88,95.93,61200
2025-05-09 07:00:00,95.93,96.47,94.58,94.94,63600
2025-05-12 07:00:00,95.12,95.57,93.15,93.77,19700
2025-05-13 07:00:00,95.12,96.82,95.12,96.38,83800
2025-05-14 07:00:00,96.74,97.0,96.11,96.47,56100
2025-05-15 07:00:00,97.0,97.27,94.31,96.47,40500
2025-05-16 07:00:00,96.92,96.92,95.48,95.75,21700
2025-05-19 07:00:00,95.93,96.47,95.93,96.29,39000
2025-05-20 07:00:00,96.92,99.34,96.82,97.81,82900
2025-05-21 07:00:00,98.71,98.71,95.12,95.75,90500
2025-05-22 07:00:00,95.75,95.75,94.4,95.57,51600
2025-05-23 07:00:00,95.38,95.38,93.76,94.71,23200
2025-05-26 07:00:00,94.71,95.19,94.24,94.62,18700
2025-05-27 07:00:00,94.62,94.62,93.76,94.14,44700
2025-05-28 07:00:00,95.09,95.09,94.05,94.62,27600
2025-05-29 07:00:00,94.24,94.62,93.95,94.05,14500
2025-05-30 07:00:00,93.57,93.67,92.72,93.19,44600
2025-06-02 07:00:00,93.1,93.19,91.86,93.0,29200
2025-06-03 07:00:00,92.62,93.0,92.43,92.91,18400
2025-06-04 07:00:00,93.76,93.86,92.53,93.57,26200
2025-06-05 07:00:00,93.57,94.14,93.48,94.14,24100
2025-06-06 07:00:00,94.14,94.52,93.19,93.48,12000
2025-06-09 07:00:00,94.14,94.14,93.0,93.0,12400
2025-06-10 07:00:00,93.1,93.48,93.0,93.38,19700
2025-06-11 07:00:00,93.38,93.57,93.1,93.1,11700
2025-06-12 07:00:00,93.19,94.33,92.24,94.33,30500
2025-06-13 07:00:00,94.14,94.62,93.95,93.95,33200
2025-06-16 07:00:00,93.86,93.95,93.67,93.95,13300
2025-06-17 07:00:00,93.95,95.47,93.95,94.71,61400
2025-06-18 07:00:00,94.71,95.0,94.24,94.71,16800
2025-06-19 07:00:00,95.09,95.09,94.43,94.71,13800
2025-06-20 07:00:00,94.71,94.71,94.33,94.71,8600
2025-06-23 07:00:00,94.71,94.71,94.14,94.71,22100
2025-06-24 07:00:00,94.9,95.09,94.62,94.62,19000
2025-06-25 07:00:00,95.09,95.09,94.52,94.62,5900
2025-06-26 07:00:00,95.0,95.0,94.24,94.9,17600
2025-06-27 07:00:00,94.9,94.9,94.52,94.62,4600
2025-06-30 07:00:00,94.62,94.9,94.33,94.81,11600
2025-07-01 07:00:00,94.81,94.9,94.62,94.62,8300
2025-07-02 07:00:00,94.62,95.95,94.62,95.76,50200
2025-07-03 07:00:00,95.95,96.8,95.76,95.76,28200
2025-07-04 07:00:00,95.85,96.33,95.19,95.76,9800
2025-07-07 07:00:00,95.76,96.04,95.57,95.95,14100
2025-07-08 07:00:00,95.95,96.62,95.95,96.62,15800
2025-07-09 07:00:00,96.23,96.62,96.04,96.42,20600
2025-07-10 07:00:00,96.23,96.52,96.04,96.42,14700
2025-07-11 07:00:00,96.04,96.33,95.57,95.57,16500
2025-07-14 07:00:00,95.57,95.66,95.19,95.66,6100
2025-07-15 07:00:00,95.57,96.04,95.28,95.57,22400
2025-07-16 07:00:00,96.42,96.42,95.57,96.23,13200
2025-07-17 07:00:00,96.33,96.9,95.76,96.8,22900
2025-07-18 07:00:00,97.0,97.47,96.04,96.33,14400
2025-07-21 07:00:00,96.33,96.52,96.04,96.04,9100
2025-07-22 07:00:00,97.47,98.9,97.28,97.47,39200
2025-07-23 07:00:00,97.66,98.8,97.47,98.33,19200
2025-07-24 07:00:00,98.42,98.52,98.14,98.33,16700
2025-07-25 07:00:00,98.52,98.52,97.95,97.95,17400
2025-07-28 07:00:00,98.14,98.61,97.95,98.23,29000
2025-07-29 07:00:00,98.42,98.42,96.52,96.62,14100
2025-07-30 07:00:00,96.62,96.8,95.85,96.04,20700
2025-07-31 07:00:00,96.14,97.0,96.04,97.0,40000
2025-08-01 07:00:00,97.66,97.66,96.14,96.71,12000
2025-08-04 07:00:00,96.71,97.38,96.23,96.52,16100
2025-08-05 07:00:00,96.52,97.95,96.04,97.76,24900
2025-08-06 07:00:00,96.23,97.76,96.23,97.76,16400
2025-08-07 07:00:00,97.76,97.95,97.28,97.76,16600
2025-08-08 07:00:00,97.0,97.76,97.0,97.57,13600
2025-08-11 07:00:00,97.57,98.42,97.57,97.85,29500
2025-08-12 07:00:00,97.95,98.71,97.85,98.33,24600
2025-08-13 07:00:00,98.52,98.52,97.09,97.57,18200
2025-08-14 07:00:00,97.95,98.52,97.38,97.47,18900
2025-08-15 07:00:00,97.95,97.95,97.0,97.18,11500
2025-08-18 07:00:00,97.28,97.47,96.14,97.47,16300
2025-08-19 07:00:00,97.47,97.57,97.09,97.18,3600
2025-08-20 07:00:00,97.38,97.38,96.8,97.0,18900
2025-08-21 07:00:00,96.8,97.0,96.52,96.62,19000
2025-08-22 07:00:00,96.62,97.76,95.66,96.04,16700
2025-08-25 07:00:00,96.04,96.8,95.76,95.85,9000
2025-08-26 07:00:00,96.33,96.9,96.04,96.33,3000
2025-08-27 07:00:00,96.23,97.47,96.04,96.23,5000
2025-08-28 07:00:00,96.9,96.9,96.23,96.33,7200
2025-08-29 07:00:00,96.33,96.8,96.23,96.71,5600
2025-09-03 07:00:00,96.71,96.9,96.71,96.8,12600
2025-09-04 07:00:00,96.8,97.57,96.8,97.0,3100
2025-09-05 07:00:00,97.0,97.76,97.0,97.47,18900
2025-09-08 07:00:00,97.47,97.95,97.09,97.28,15900
2025-09-09 07:00:00,97.28,97.38,97.09,97.28,6500
2025-09-10 07:00:00,97.28,97.38,96.52,96.8,10300
2025-09-11 07:00:00,96.8,96.8,96.04,96.42,9600
2025-09-12 07:00:00,96.33,97.38,96.14,96.52,7200
2025-09-15 07:00:00,97.47,97.57,96.8,97.47,8500
2025-09-16 07:00:00,97.28,97.57,97.0,97.47,8300
2025-09-17 07:00:00,97.57,97.95,97.57,97.57,14600
2025-09-18 07:00:00,97.28,97.85,97.0,97.09,7100
2025-09-19 07:00:00,97.38,97.47,96.71,97.0,13200
2025-09-22 07:00:00,97.0,97.0,96.71,97.0,11300
2025-09-23 07:00:00,97.76,97.85,96.9,97.18,8000
2025-09-24 07:00:00,96.42,97.0,96.23,96.9,9700
2025-09-25 07:00:00,96.42,97.18,96.42,96.9,4500
2025-09-26 07:00:00,96.9,96.9,96.62,96.8,4300
2025-09-29 07:00:00,96.62,96.9,96.04,96.9,16200
2025-09-30 07:00:00,96.9,96.9,96.04,96.52,7100
2025-10-01 07:00:00,96.52,97.09,96.52,96.8,5400
2025-10-02 07:00:00,96.8,97.0,96.71,96.8,2500
2025-10-03 07:00:00,96.8,96.8,96.52,96.8,3800
2025-10-06 07:00:00,96.8,97.0,96.71,97.0,4000
2025-10-07 07:00:00,97.0,97.0,96.33,96.9,4500
2025-10-08 07:00:00,97.0,97.09,96.71,97.0,7100
2025-10-09 07:00:00,97.09,97.09,97.0,97.09,19200
2025-10-10 07:00:00,96.14,97.18,96.14,97.18,11800
2025-10-13 07:00:00,96.33,97.0,96.14,97.0,11900
2025-10-14 07:00:00,97.18,97.18,97.0,97.0,8000
2025-10-15 07:00:00,96.33,96.8,96.33,96.62,5900
2025-10-16 07:00:00,96.62,97.0,96.23,96.52,7100
2025-10-17 07:00:00,97.66,97.66,96.42,96.42,6500
2025-10-20 07:00:00,96.42,96.9,95.47,96.04,11200
2025-10-21 07:00:00,96.04,96.8,96.04,96.14,19500
2025-10-22 07:00:00,97.0,101.94,97.0,99.94,110900
2025-10-23 07:00:00,99.94,100.8,99.94,100.13,28000
2025-10-24 07:00:00,100.51,100.51,98.52,99.75,23400
2025-10-27 07:00:00,98.42,101.27,98.42,101.27,51400
2025-10-28 07:00:00,101.75,104.13,101.27,102.8,49100
2025-10-29 07:00:00,102.89,104.6,101.75,102.7,54300
2025-10-30 07:00:00,103.27,103.27,100.04,100.42,37200
2025-10-31 07:00:00,100.42,100.42,98.9,100.42,48100
2025-11-03 07:00:00,100.42,101.56,99.18,99.56,31800
2025-11-04 07:00:00,99.66,99.66,97.47,97.85,34200
2025-11-05 07:00:00,97.85,99.37,97.85,99.37,9100
2025-11-06 07:00:00,99.47,99.47,98.52,99.37,10000
2025-11-07 07:00:00,99.37,99.85,98.04,98.04,17200
2025-11-10 07:00:00,97.95,98.8,97.57,97.76,12300
2025-11-11 07:00:00,97.66,97.76,96.62,97.76,43200
2025-11-12 07:00:00,97.76,99.66,97.0,98.42,16900
2025-11-13 07:00:00,98.42,99.37,97.47,98.33,6400
2025-11-14 07:00:00,98.33,98.8,98.04,98.61,4900
2025-11-17 07:00:00,98.8,99.18,98.14,98.61,13900
2025-11-18 07:00:00,98.42,99.28,98.23,98.42,6900
2025-11-19 07:00:00,98.42,98.42,97.66,97.66,6500
2025-11-20 07:00:00,97.66,98.33,97.38,97.57,10500
2025-11-21 07:00:00,97.47,97.85,97.0,97.76,23900
2025-11-24 07:00:00,97.76,97.76,97.57,97.66,3000
2025-11-25 07:00:00,97.47,98.42,97.47,97.47,12600
2025-11-26 07:00:00,97.47,97.76,97.38,97.76,4500
2025-11-27 07:00:00,97.76,97.95,97.18,97.57,3100
2025-11-28 07:00:00,97.57,97.95,97.57,97.57,4300
2025-12-01 07:00:00,97.57,98.61,97.47,98.42,6100
2025-12-02 07:00:00,97.57,98.42,97.57,97.95,7100
2025-12-03 07:00:00,98.14,98.14,97.85,98.14,10400
2025-12-04 07:00:00,98.14,98.8,98.14,98.61,29300
2025-12-05 07:00:00,98.52,98.71,97.95,98.71,20200
2025-12-08 07:00:00,99.66,99.85,98.52,98.9,18900
2025-12-09 07:00:00,98.9,99.37,97.47,97.85,13600
2025-12-10 07:00:00,97.57,98.14,97.38,97.47,24900
2025-12-11 07:00:00,97.66,98.04,97.57,97.95,5700
2025-12-12 07:00:00,97.95,98.52,97.0,97.0,24400
2025-12-15 07:00:00,97.09,97.28,96.8,96.9,6000
2025-12-16 07:00:00,97.0,97.95,96.9,97.95,23100
2025-12-17 07:00:00,97.0,97.0,96.04,97.0,41200
2025-12-18 07:00:00,96.23,97.0,96.04,96.33,22600
2025-12-19 07:00:00,96.33,96.52,96.04,96.42,40300
2025-12-22 07:00:00,96.33,96.42,96.04,96.42,21000
2025-12-23 07:00:00,96.42,96.42,96.23,96.33,15900
2025-12-24 07:00:00,96.33,96.33,96.04,96.14,11900
2025-12-25 07:00:00,96.52,96.8,96.14,96.42,16800
2025-12-26 07:00:00,96.42,96.42,95.09,96.42,27800
2025-12-29 07:00:00,96.42,97.85,96.42,97.09,10700
2025-12-30 07:00:00,97.18,97.76,97.18,97.47,12200
2025-12-31 07:00:00,96.9,97.47,96.62,97.28,16600
2026-01-05 07:00:00,97.28,97.28,96.52,97.0,8300
2026-01-06 07:00:00,97.95,97.95,97.0,97.47,5900
2026-01-07 07:00:00,96.42,97.95,96.42,97.66,13800
2026-01-08 07:00:00,97.66,98.14,97.66,97.85,10100
2026-01-09 07:00:00,98.14,98.14,97.85,97.85,15900
2026-01-12 07:00:00,97.95,99.28,97.95,99.09,32900
2026-01-13 07:00:00,99.09,99.18,97.57,99.09,13900
2026-01-14 07:00:00,98.71,99.85,98.71,99.47,22400
2026-01-15 07:00:00,99.47,103.65,99.47,101.27,28700
2026-01-16 07:00:00,101.08,101.66,99.85,101.46,15900
2026-01-19 07:00:00,101.75,102.7,100.42,101.66,34500
2026-01-20 07:00:00,101.75,102.13,99.37,99.37,34500
2026-01-21 07:00:00,98.9,98.99,97.85,98.33,39000
2026-01-22 07:00:00,98.33,99.66,98.33,98.52,17500
2026-01-23 07:00:00,99.37,99.37,98.23,98.52,13300
2026-01-26 07:00:00,98.52,98.71,97.47,97.85,24700
2026-01-27 07:00:00,97.18,98.52,97.18,98.33,9000
2026-01-28 07:00:00,98.33,98.71,98.33,98.42,10800
2026-01-29 07:00:00,99.28,99.28,97.95,98.61,23700
2026-01-30 07:00:00,98.61,99.66,98.42,98.9,12900
2026-02-02 07:00:00,98.52,99.75,98.42,98.9,12600
2026-02-03 07:00:00,99.75,99.75,98.99,99.09,20800
2026-02-04 07:00:00,99.18,99.18,98.23,98.8,12400
2026-02-05 07:00:00,99.09,99.09,98.04,98.04,4800
2026-02-06 07:00:00,98.42,98.8,97.18,97.95,38100
2026-02-09 07:00:00,97.95,98.52,97.57,98.52,26700
2026-02-10 07:00:00,98.71,98.71,97.0,98.33,13200
2026-02-11 07:00:00,98.33,98.42,97.95,98.33,2900
2026-02-12 07:00:00,98.42,98.42,98.14,98.42,3500
2026-02-13 07:00:00,98.42,98.42,98.14,98.42,2900
2026-02-23 07:00:00,98.52,99.09,98.23,98.9,8300
2026-02-24 07:00:00,98.99,99.85,98.71,99.56,11600
2026-02-25 07:00:00,99.85,100.32,99.47,99.47,17500
2026-02-26 07:00:00,99.47,99.47,99.18,99.47,7700
2026-02-27 07:00:00,99.66,99.66,99.18,99.47,9500
2026-03-02 07:00:00,99.75,99.75,98.04,98.23,12200
2026-03-03 07:00:00,98.42,98.52,98.04,98.23,13100
2026-03-04 07:00:00,99.28,99.28,97.47,97.95,14400
2026-03-05 07:00:00,98.71,98.71,97.76,97.76,4900
2026-03-06 07:00:00,97.76,98.42,97.66,98.14,7200
2026-03-09 07:00:00,96.04,97.57,93.19,94.14,89800
2026-03-10 07:00:00,95.09,96.9,95.09,96.42,10000
2026-03-11 07:00:00,97.76,97.76,96.33,96.33,7400
2026-03-12 07:00:00,96.42,97.18,95.85,95.85,9400
2026-03-13 07:00:00,96.04,97.09,96.04,96.33,8700
2026-03-16 07:00:00,96.9,97.0,96.14,96.8,11600
2026-03-17 07:00:00,97.0,97.0,96.52,97.0,5400
2026-03-18 07:00:00,96.42,97.0,96.42,97.0,8200
2026-03-19 07:00:00,96.9,97.0,95.76,95.95,17200
2026-03-20 07:00:00,95.85,96.9,95.38,95.85,4300
2026-03-23 07:00:00,95.19,95.57,94.14,94.9,13000
2026-03-24 07:00:00,95.09,95.28,94.9,95.19,18300
2026-03-25 07:00:00,95.57,96.04,95.09,96.04,6500
2026-03-26 07:00:00,95.0,96.62,95.0,95.85,26700
2026-03-27 07:00:00,95.85,96.23,95.47,96.04,14800
2026-03-30 07:00:00,95.19,96.14,95.09,96.04,12200
2026-03-31 07:00:00,95.95,96.14,95.66,95.95,15400
2026-04-01 07:00:00,97.18,97.18,96.04,96.52,8300
2026-04-02 07:00:00,96.52,96.52,95.38,95.57,9400
2026-04-03 07:00:00,96.42,96.42,95.66,95.76,2500
2026-04-06 07:00:00,96.04,96.04,95.0,95.09,8400
2026-04-07 07:00:00,95.19,95.19,94.71,94.9,21800
2026-04-08 07:00:00,95.19,95.85,95.09,95.85,21500
2026-04-09 07:00:00,95.09,95.57,95.09,95.38,6900
2026-04-10 07:00:00,96.04,96.04,95.09,95.47,14100
2026-04-13 07:00:00,95.47,95.47,94.81,95.28,11200
2026-04-14 07:00:00,96.04,96.04,94.33,94.62,27500
2026-04-15 07:00:00,95.09,95.09,94.52,94.71,10400
2026-04-16 07:00:00,94.43,95.0,94.43,94.71,11500
2026-04-17 07:00:00,94.71,94.9,94.43,94.81,14000
2026-04-20 07:00:00,94.81,95.09,94.52,94.71,11500
2026-04-21 07:00:00,95.0,95.47,94.62,94.81,16700
2026-04-22 07:00:00,94.81,95.95,94.24,94.52,13600
2026-04-23 07:00:00,95.09,95.09,94.43,94.71,23600
2026-04-24 07:00:00,94.71,94.81,94.33,94.62,12900
2026-04-28 07:00:00,94.62,95.09,94.62,94.81,17900
2026-04-29 07:00:00,94.9,95.09,94.62,95.09,24800
2026-05-04 07:00:00,95.57,96.52,95.09,96.52,48300
2026-05-05 07:00:00,96.52,96.71,96.04,96.42,12500
2026-05-06 07:00:00,97.0,97.28,96.23,96.33,12500
2026-05-07 07:00:00,97.66,97.66,96.62,97.0,33300
2026-05-08 07:00:00,97.0,97.0,95.57,96.9,27800
2026-05-11 07:00:00,98.0,98.0,97.0,97.2,51000
2026-05-12 07:00:00,97.4,97.4,96.9,97.2,21800
2026-05-13 07:00:00,97.2,97.2,96.0,96.8,13700
2026-05-14 07:00:00,96.6,96.8,96.5,96.8,13300
2026-05-15 07:00:00,96.6,96.8,96.6,96.6,2000
2026-05-18 07:00:00,96.6,96.6,96.0,96.3,13300
2026-05-19 07:00:00,96.0,96.1,94.9,94.9,21100
2026-05-20 07:00:00,94.9,94.9,94.1,94.4,10400
2026-05-21 07:00:00,94.4,95.3,94.4,95.0,5100
2026-05-22 07:00:00,95.0,95.0,94.3,94.4,9400
2026-05-25 07:00:00,94.4,94.6,94.4,94.4,5200
2026-05-26 07:00:00,94.0,94.9,94.0,94.4,5900
2026-05-27 07:00:00,94.4,94.7,94.4,94.5,2800
