time,open,high,low,close,volume
2018-01-02 07:00:00,6.82,6.86,6.7,6.7,11310
2018-01-03 07:00:00,6.7,6.72,6.63,6.7,39300
2018-01-04 07:00:00,6.81,7.05,6.71,7.01,64310
2018-01-05 07:00:00,7.21,7.38,7.04,7.29,94420
2018-01-08 07:00:00,7.39,8.18,7.39,8.17,76993
2018-01-09 07:00:00,8.34,8.6,7.91,7.99,62583
2018-01-10 07:00:00,8.06,8.06,7.56,7.82,67104
2018-01-11 07:00:00,7.92,8.09,7.75,7.75,63322
2018-01-12 07:00:00,7.96,7.96,7.75,7.83,16104
2018-01-15 07:00:00,7.79,7.92,7.75,7.75,41300
2018-01-16 07:00:00,7.83,8.18,7.79,8.09,81686
2018-01-17 07:00:00,8.34,8.34,8.12,8.12,30920
2018-01-18 07:00:00,8.08,8.08,7.73,7.93,76451
2018-01-19 07:00:00,8.11,8.15,7.93,8.1,23560
2018-01-22 07:00:00,8.42,8.55,8.2,8.55,67355
2018-01-23 07:00:00,8.7,8.92,8.7,8.82,73352
2018-01-24 07:00:00,8.88,8.88,8.47,8.65,35020
2018-01-25 07:00:00,8.88,9.24,8.79,8.97,158739
2018-01-26 07:00:00,9.04,9.12,8.97,9.04,47620
2018-01-29 07:00:00,9.05,9.05,8.78,8.78,56990
2018-01-30 07:00:00,8.87,8.87,8.64,8.7,78662
2018-01-31 07:00:00,8.74,8.74,8.43,8.55,65625
2018-02-01 07:00:00,8.58,8.87,8.58,8.81,120060
2018-02-02 07:00:00,10.12,10.12,9.35,9.96,136210
2018-02-05 07:00:00,9.84,10.17,9.42,9.42,59215
2018-02-06 07:00:00,9.35,9.59,8.65,9.12,72840
2018-02-07 07:00:00,8.93,9.82,8.93,9.59,82117
2018-02-08 07:00:00,9.68,9.82,9.31,9.59,27405
2018-02-09 07:00:00,9.12,9.54,8.88,9.59,131700
2018-02-12 07:00:00,10.01,10.45,9.88,10.38,45807
2018-02-13 07:00:00,11.12,11.36,10.62,10.75,111000
2018-02-21 07:00:00,11.34,11.61,10.99,11.32,32500
2018-02-22 07:00:00,11.12,11.36,10.99,11.2,56000
2018-02-23 07:00:00,11.12,12.6,11.12,11.61,90060
2018-02-26 07:00:00,12.18,13.04,12.18,12.8,113885
2018-02-27 07:00:00,12.8,13.54,12.72,12.97,247661
2018-02-28 07:00:00,12.97,13.07,12.6,12.82,98900
2018-03-01 07:00:00,12.87,13.59,12.87,13.59,96900
2018-03-02 07:00:00,14.82,14.82,13.32,14.13,153344
2018-03-05 07:00:00,14.55,15.1,14.55,15.07,122571
2018-03-06 07:00:00,15.32,17.12,15.32,17.12,249600
2018-03-07 07:00:00,17.29,18.28,14.82,16.4,268419
2018-03-08 07:00:00,16.55,16.55,15.56,15.81,150335
2018-03-09 07:00:00,15.81,15.81,15.12,15.76,130825
2018-03-12 07:00:00,15.86,16.31,15.86,16.06,76574
2018-03-13 07:00:00,16.8,16.8,15.44,15.44,84460
2018-03-14 07:00:00,15.44,15.44,14.08,14.5,157245
2018-03-15 07:00:00,14.08,14.9,13.59,14.9,59108
2018-03-16 07:00:00,15.19,15.94,15.19,15.56,78470
2018-03-19 07:00:00,15.56,15.66,14.08,15.56,539853
2018-03-20 07:00:00,15.32,16.03,12.65,15.71,174425
2018-03-21 07:00:00,16.03,16.03,15.19,15.19,72871
2018-03-22 07:00:00,15.19,15.47,15.0,15.12,169784
2018-03-23 07:00:00,14.95,14.97,13.84,14.7,305889
2018-03-26 07:00:00,14.7,14.7,14.4,14.63,76918
2018-03-27 07:00:00,14.82,14.82,12.38,13.46,272944
2018-03-28 07:00:00,12.87,13.59,12.6,13.09,187743
2018-03-29 07:00:00,13.04,13.46,13.04,13.34,62340
2018-03-30 07:00:00,13.37,13.71,13.37,13.69,41166
2018-04-02 07:00:00,13.59,13.59,13.09,13.37,66289
2018-04-03 07:00:00,13.49,14.45,13.42,14.33,110059
2018-04-04 07:00:00,14.21,14.45,14.21,14.28,49347
2018-04-05 07:00:00,14.38,14.45,14.08,14.18,90784
2018-04-06 07:00:00,14.21,14.53,13.86,14.26,85150
2018-04-09 07:00:00,14.58,15.56,14.33,14.63,113494
2018-04-10 07:00:00,14.87,14.87,14.21,14.33,85870
2018-04-11 07:00:00,14.33,14.4,13.76,13.84,65630
2018-04-12 07:00:00,13.59,14.08,13.37,14.08,41560
2018-04-13 07:00:00,13.84,13.86,13.59,13.81,57396
2018-04-16 07:00:00,13.61,14.28,13.49,14.26,70609
2018-04-17 07:00:00,15.44,15.44,13.88,14.11,33095
2018-04-18 07:00:00,14.06,14.33,13.93,14.06,82138
2018-04-19 07:00:00,13.93,14.18,13.71,13.79,65076
2018-04-20 07:00:00,13.71,13.71,13.09,13.49,116721
2018-04-23 07:00:00,13.67,13.79,13.21,13.42,67832
2018-04-24 07:00:00,13.29,13.79,13.09,13.54,22348
2018-04-26 07:00:00,13.54,13.79,12.94,13.06,56617
2018-04-27 07:00:00,13.16,13.29,12.91,12.96,46031
2018-05-02 07:00:00,13.29,13.29,12.54,12.54,27264
2018-05-03 07:00:00,12.74,12.74,10.86,12.16,72868
2018-05-04 07:00:00,12.29,13.52,12.16,12.49,32802
2018-05-07 07:00:00,12.49,12.71,12.49,12.69,46311
2018-05-08 07:00:00,12.71,13.04,12.56,12.74,40426
2018-05-09 07:00:00,12.74,13.29,12.74,13.26,55409
2018-05-10 07:00:00,13.54,13.79,13.44,13.54,88392
2018-05-11 07:00:00,14.79,15.05,13.24,13.79,66221
2018-05-14 07:00:00,13.92,14.54,13.92,14.54,76268
2018-05-15 07:00:00,14.42,14.79,14.29,14.47,81006
2018-05-22 07:00:00,10.79,14.54,10.79,13.79,115880
2018-05-23 07:00:00,13.79,14.04,13.49,14.04,54480
2018-05-24 07:00:00,13.79,14.04,13.77,13.99,68140
2018-05-25 07:00:00,14.04,14.04,13.62,13.62,62350
2018-05-28 07:00:00,13.42,13.42,12.66,12.66,113250
2018-05-29 07:00:00,12.71,13.16,12.31,13.01,71880
2018-05-30 07:00:00,13.16,13.16,12.59,12.74,57570
2018-05-31 07:00:00,12.91,13.16,12.54,13.16,150490
2018-06-01 07:00:00,12.81,13.16,12.54,12.94,36750
2018-06-04 07:00:00,13.04,13.29,12.66,13.26,72390
2018-06-05 07:00:00,13.24,13.24,12.79,13.16,93040
2018-06-06 07:00:00,13.26,13.29,12.84,13.29,72850
2018-06-07 07:00:00,13.47,13.47,12.91,13.04,28230
2018-06-08 07:00:00,13.37,13.37,12.79,13.29,61420
2018-06-11 07:00:00,13.16,13.37,12.84,13.29,75070
2018-06-12 07:00:00,13.04,13.04,12.79,13.04,27470
2018-06-13 07:00:00,13.04,13.16,12.84,13.16,70480
2018-06-14 07:00:00,12.91,13.16,12.89,13.16,40970
2018-06-15 07:00:00,12.99,13.04,12.86,13.01,19160
2018-06-18 07:00:00,12.91,12.91,12.66,12.66,35100
2018-06-19 07:00:00,12.79,12.79,12.11,12.16,58240
2018-06-20 07:00:00,12.79,12.79,12.29,12.54,38610
2018-06-21 07:00:00,12.59,12.91,12.21,12.91,59430
2018-06-22 07:00:00,12.96,13.04,12.79,12.96,18090
2018-06-25 07:00:00,12.96,12.96,12.54,12.94,30160
2018-06-26 07:00:00,12.54,12.94,12.54,12.86,72490
2018-06-27 07:00:00,13.01,13.04,12.69,12.79,29380
2018-06-28 07:00:00,12.79,12.79,12.29,12.74,75750
2018-06-29 07:00:00,12.36,12.74,12.36,12.69,36110
2018-07-02 07:00:00,12.54,12.54,11.96,12.09,50760
2018-07-03 07:00:00,12.06,12.26,11.91,12.16,72980
2018-07-04 07:00:00,12.16,12.16,11.79,11.99,69970
2018-07-05 07:00:00,12.04,12.04,11.16,11.68,77400
2018-07-06 07:00:00,11.68,11.79,11.48,11.76,10870
2018-07-09 07:00:00,11.28,12.04,11.28,11.51,27940
2018-07-10 07:00:00,11.53,11.53,10.71,10.71,99810
2018-07-11 07:00:00,10.08,10.53,9.97,9.97,129880
2018-07-12 07:00:00,9.38,10.03,9.38,10.03,33870
2018-07-13 07:00:00,10.16,10.16,9.95,9.98,39000
2018-07-16 07:00:00,9.98,9.98,9.65,9.65,30750
2018-07-17 07:00:00,9.95,9.95,9.53,9.78,23080
2018-07-18 07:00:00,9.65,9.98,9.5,9.68,71570
2018-07-19 07:00:00,9.68,9.68,9.0,9.0,135660
2018-07-20 07:00:00,9.0,9.0,8.75,8.76,48980
2018-07-23 07:00:00,8.75,9.37,8.75,9.37,59990
2018-07-24 07:00:00,9.75,9.9,9.58,9.65,140150
2018-07-25 07:00:00,9.43,10.03,9.43,9.65,53800
2018-07-26 07:00:00,9.53,9.83,9.48,9.83,69610
2018-07-27 07:00:00,10.28,10.28,9.7,9.85,44070
2018-07-30 07:00:00,9.85,9.95,9.82,9.85,47570
2018-07-31 07:00:00,9.85,10.41,9.83,10.26,173000
2018-08-01 07:00:00,10.53,10.73,10.03,10.71,129790
2018-08-02 07:00:00,10.78,11.13,10.28,11.03,274680
2018-08-03 07:00:00,11.23,11.23,10.56,10.63,61880
2018-08-06 07:00:00,10.63,10.66,10.41,10.63,45480
2018-08-07 07:00:00,10.63,10.63,10.16,10.16,90930
2018-08-08 07:00:00,10.16,10.41,10.08,10.41,78570
2018-08-09 07:00:00,10.21,10.51,10.08,10.23,62920
2018-08-10 07:00:00,10.43,10.43,10.0,10.16,24230
2018-08-13 07:00:00,10.48,10.51,10.03,10.23,72880
2018-08-14 07:00:00,10.28,10.28,9.78,10.23,121120
2018-08-15 07:00:00,10.23,10.36,10.11,10.33,70890
2018-08-16 07:00:00,10.28,10.41,10.18,10.38,58470
2018-08-17 07:00:00,10.46,10.78,10.41,10.73,160590
2018-08-20 07:00:00,10.78,10.97,10.73,10.83,57380
2018-08-21 07:00:00,10.78,11.01,10.78,10.93,67690
2018-08-22 07:00:00,11.03,11.03,10.81,10.91,98170
2018-08-23 07:00:00,10.81,10.91,10.81,10.88,44890
2018-08-24 07:00:00,10.88,11.61,10.76,11.61,100990
2018-08-27 07:00:00,11.61,12.39,11.61,12.37,244880
2018-08-28 07:00:00,12.37,12.54,12.31,12.36,101820
2018-08-29 07:00:00,12.34,12.76,12.31,12.61,90190
2018-08-30 07:00:00,12.61,12.89,12.44,12.89,75820
2018-08-31 07:00:00,12.89,13.29,12.61,13.04,213170
2018-09-04 07:00:00,13.11,13.37,13.04,13.29,142530
2018-09-05 07:00:00,13.54,13.62,12.79,12.79,204370
2018-09-06 07:00:00,12.54,12.79,11.9,12.61,140650
2018-09-07 07:00:00,12.29,12.84,12.06,12.79,54270
2018-09-10 07:00:00,12.79,12.79,12.54,12.66,60420
2018-09-11 07:00:00,12.54,12.94,12.36,12.84,41460
2018-09-12 07:00:00,12.79,12.84,12.49,12.79,39830
2018-09-13 07:00:00,12.79,12.91,12.61,12.81,39260
2018-09-14 07:00:00,12.79,13.11,12.66,13.04,102960
2018-09-17 07:00:00,13.14,13.42,13.14,13.29,68450
2018-09-18 07:00:00,13.52,13.52,13.16,13.37,68300
2018-09-19 07:00:00,13.52,13.52,13.29,13.42,57950
2018-09-20 07:00:00,13.16,13.42,12.79,13.42,106500
2018-09-21 07:00:00,13.54,13.64,13.04,13.29,100270
2018-09-24 07:00:00,13.01,13.39,12.91,13.29,110930
2018-09-25 07:00:00,13.29,13.29,13.04,13.16,60920
2018-09-26 07:00:00,13.04,13.34,12.99,13.29,95390
2018-09-27 07:00:00,13.04,13.42,12.89,13.34,190590
2018-09-28 07:00:00,13.04,13.29,12.96,13.29,19300
2018-10-01 07:00:00,13.01,13.29,12.96,13.14,37850
2018-10-02 07:00:00,12.94,13.14,12.54,13.04,97010
2018-10-03 07:00:00,13.04,13.04,12.69,12.71,15780
2018-10-04 07:00:00,12.11,13.04,12.11,12.94,65520
2018-10-05 07:00:00,12.96,12.96,12.69,12.74,22140
2018-10-08 07:00:00,12.86,12.91,12.76,12.91,25350
2018-10-09 07:00:00,12.91,13.04,12.56,12.79,50420
2018-10-10 07:00:00,12.84,12.89,12.56,12.89,53680
2018-10-11 07:00:00,12.29,12.91,12.29,12.54,47940
2018-10-12 07:00:00,12.06,12.71,12.04,12.71,74590
2018-10-15 07:00:00,12.71,12.91,12.54,12.74,24630
2018-10-16 07:00:00,12.66,12.74,12.44,12.69,52040
2018-10-17 07:00:00,12.79,12.91,12.51,12.91,124890
2018-10-18 07:00:00,12.79,12.84,12.51,12.79,59760
2018-10-19 07:00:00,12.79,12.84,12.51,12.76,20290
2018-10-22 07:00:00,12.61,12.66,11.89,12.53,188200
2018-10-23 07:00:00,12.53,12.53,11.66,12.04,356900
2018-10-24 07:00:00,12.16,12.16,11.76,11.89,15300
2018-10-25 07:00:00,11.08,11.76,11.06,11.06,181040
2018-10-26 07:00:00,11.43,11.43,10.76,10.76,47240
2018-10-29 07:00:00,10.76,10.76,10.28,10.28,160650
2018-10-30 07:00:00,10.28,10.73,10.28,10.73,119820
2018-10-31 07:00:00,11.28,11.31,11.03,11.31,32050
2018-11-01 07:00:00,11.66,11.91,11.23,11.38,37980
2018-11-02 07:00:00,11.63,11.63,11.41,11.48,12150
2018-11-05 07:00:00,11.51,11.53,11.33,11.41,1740
2018-11-06 07:00:00,11.41,11.41,11.28,11.28,6560
2018-11-07 07:00:00,11.41,11.41,10.81,11.28,11520
2018-11-08 07:00:00,11.28,11.53,10.68,11.03,46990
2018-11-09 07:00:00,10.78,11.16,10.66,11.16,53720
2018-11-12 07:00:00,10.78,11.26,10.66,11.23,13100
2018-11-13 07:00:00,11.03,11.21,10.73,11.18,9280
2018-11-14 07:00:00,11.18,11.41,10.78,11.16,27230
2018-11-15 07:00:00,11.16,11.16,10.66,11.11,58510
2018-11-16 07:00:00,11.08,11.13,10.68,11.11,43040
2018-11-19 07:00:00,11.08,11.38,11.08,11.31,25510
2018-11-20 07:00:00,11.31,12.1,11.31,12.1,61820
2018-11-21 07:00:00,12.16,12.39,12.04,12.04,70530
2018-11-22 07:00:00,12.31,12.54,12.01,12.16,44210
2018-11-23 07:00:00,12.14,12.26,12.04,12.14,37960
2018-11-26 07:00:00,12.49,12.49,11.99,12.14,26490
2018-11-27 07:00:00,12.04,12.11,11.79,11.89,20050
2018-11-28 07:00:00,11.89,11.89,11.36,11.76,72550
2018-11-29 07:00:00,12.01,12.01,11.61,11.76,41970
2018-11-30 07:00:00,11.79,11.81,11.58,11.79,44490
2018-12-03 07:00:00,11.79,12.59,11.66,12.59,179290
2018-12-04 07:00:00,12.46,12.99,12.41,12.51,46400
2018-12-05 07:00:00,12.49,12.54,12.29,12.54,78110
2018-12-06 07:00:00,12.54,12.66,12.29,12.59,30090
2018-12-07 07:00:00,13.04,13.04,12.66,12.84,65340
2018-12-10 07:00:00,12.84,13.06,12.84,13.04,79010
2018-12-11 07:00:00,13.04,13.21,12.86,13.06,86390
2018-12-12 07:00:00,12.96,13.14,12.96,13.06,69280
2018-12-13 07:00:00,13.09,13.37,13.09,13.19,124950
2018-12-14 07:00:00,13.04,13.45,12.86,13.39,221140
2018-12-17 07:00:00,13.29,13.29,12.91,13.27,31730
2018-12-18 07:00:00,13.16,13.16,12.73,12.91,118950
2018-12-19 07:00:00,12.91,13.09,12.78,12.86,48480
2018-12-20 07:00:00,12.78,12.91,12.58,12.78,38550
2018-12-21 07:00:00,12.65,12.78,12.58,12.78,5130
2018-12-24 07:00:00,12.91,12.99,12.78,12.93,24410
2018-12-25 07:00:00,12.78,12.91,12.58,12.78,38830
2018-12-26 07:00:00,13.04,13.04,12.52,12.86,43240
2018-12-27 07:00:00,13.16,13.16,12.78,13.01,108900
2018-12-28 07:00:00,13.09,13.11,12.78,13.01,9530
2019-01-02 07:00:00,12.78,13.27,12.65,13.06,224590
2019-01-03 07:00:00,12.91,13.04,12.73,12.99,82980
2019-01-04 07:00:00,12.7,12.96,12.65,12.96,19000
2019-01-07 07:00:00,12.99,13.11,12.78,12.96,105370
2019-01-08 07:00:00,13.01,13.01,12.91,12.99,13770
2019-01-09 07:00:00,13.14,13.14,12.86,13.04,31990
2019-01-10 07:00:00,13.14,13.93,12.99,13.91,198720
2019-01-11 07:00:00,13.73,14.57,13.73,14.49,243300
2019-01-14 07:00:00,14.57,14.57,14.06,14.24,87880
2019-01-15 07:00:00,14.26,14.54,14.03,14.31,188820
2019-01-16 07:00:00,14.31,14.57,14.21,14.31,85390
2019-01-17 07:00:00,14.44,14.44,13.34,13.78,164080
2019-01-18 07:00:00,13.57,13.6,12.83,12.83,198230
2019-01-21 07:00:00,12.14,12.14,11.94,11.94,283300
2019-01-22 07:00:00,11.12,11.96,11.12,11.96,238080
2019-01-23 07:00:00,12.01,12.01,11.45,11.96,209720
2019-01-24 07:00:00,12.37,12.37,11.5,11.63,329480
2019-01-25 07:00:00,11.27,11.55,10.83,10.83,307880
2019-01-28 07:00:00,10.07,11.58,10.07,11.43,207450
2019-01-29 07:00:00,11.43,11.45,11.14,11.21,48680
2019-01-30 07:00:00,11.14,11.37,10.94,11.25,29470
2019-01-31 07:00:00,11.25,11.6,11.22,11.5,64780
2019-02-01 07:00:00,11.63,11.63,11.4,11.5,33610
2019-02-11 07:00:00,11.76,11.76,11.17,11.37,67170
2019-02-12 07:00:00,11.35,11.35,11.12,11.27,240170
2019-02-13 07:00:00,11.27,11.71,11.27,11.48,34290
2019-02-14 07:00:00,11.53,11.53,11.4,11.5,28130
2019-02-15 07:00:00,11.27,11.53,11.12,11.48,65630
2019-02-18 07:00:00,11.37,11.5,11.32,11.37,31260
2019-02-19 07:00:00,11.5,11.5,11.14,11.35,57510
2019-02-20 07:00:00,11.14,11.37,11.14,11.37,13240
2019-02-21 07:00:00,11.35,11.45,11.32,11.37,24920
2019-02-22 07:00:00,11.25,11.4,11.25,11.37,76250
2019-02-25 07:00:00,11.37,12.17,11.37,12.17,217180
2019-02-26 07:00:00,12.35,12.52,11.89,11.96,207030
2019-02-27 07:00:00,11.94,12.14,11.76,12.04,50130
2019-02-28 07:00:00,11.89,12.12,11.76,11.76,156240
2019-03-01 07:00:00,11.96,12.27,11.78,12.14,79160
2019-03-04 07:00:00,11.81,12.32,11.81,12.04,83420
2019-03-05 07:00:00,12.04,12.24,12.01,12.05,20700
2019-03-06 07:00:00,12.05,12.22,12.05,12.06,85080
2019-03-07 07:00:00,12.06,12.24,12.06,12.21,88920
2019-03-08 07:00:00,12.21,12.65,12.21,12.65,217680
2019-03-11 07:00:00,12.65,12.7,12.46,12.5,66320
2019-03-12 07:00:00,12.29,12.69,12.29,12.69,83840
2019-03-13 07:00:00,12.69,13.11,12.69,12.91,132650
2019-03-14 07:00:00,13.04,13.29,12.93,13.29,104260
2019-03-15 07:00:00,13.37,13.37,13.16,13.29,53220
2019-03-18 07:00:00,13.29,13.68,13.24,13.6,147290
2019-03-19 07:00:00,13.62,14.01,13.5,13.8,282660
2019-03-20 07:00:00,14.75,14.75,14.57,14.75,376350
2019-03-21 07:00:00,15.31,15.77,15.08,15.75,459770
2019-03-22 07:00:00,16.1,16.1,14.88,15.46,138260
2019-03-25 07:00:00,14.9,16.36,14.9,16.1,192430
2019-03-26 07:00:00,16.1,16.28,15.59,16.05,229320
2019-03-27 07:00:00,15.72,16.33,15.72,16.05,76480
2019-03-28 07:00:00,15.85,16.05,15.62,15.64,86720
2019-03-29 07:00:00,15.64,15.72,15.08,15.08,177620
2019-04-01 07:00:00,15.08,15.59,14.67,15.08,235890
2019-04-02 07:00:00,15.08,15.59,14.83,15.06,89600
2019-04-03 07:00:00,15.21,15.21,14.7,14.83,90540
2019-04-04 07:00:00,14.83,15.69,14.7,15.69,157830
2019-04-05 07:00:00,15.85,16.1,15.59,15.9,89930
2019-04-08 07:00:00,15.41,15.85,15.41,15.57,29690
2019-04-09 07:00:00,15.82,15.82,15.26,15.26,55090
2019-04-10 07:00:00,15.23,15.23,14.65,14.77,88590
2019-04-11 07:00:00,14.83,15.08,14.83,14.9,22160
2019-04-12 07:00:00,14.9,15.8,14.9,15.08,26830
2019-04-16 07:00:00,15.08,15.08,14.9,15.06,60540
2019-04-17 07:00:00,15.08,15.34,14.83,14.83,45010
2019-04-18 07:00:00,14.83,14.9,14.72,14.8,41530
2019-04-19 07:00:00,14.83,14.9,14.77,14.83,27360
2019-04-22 07:00:00,14.44,14.72,14.44,14.54,139520
2019-04-23 07:00:00,14.54,14.93,14.54,14.9,30390
2019-04-24 07:00:00,15.29,15.69,15.29,15.46,114040
2019-04-25 07:00:00,15.46,15.59,15.44,15.49,35140
2019-04-26 07:00:00,15.23,15.54,15.23,15.54,25590
2019-05-02 07:00:00,15.67,15.67,15.46,15.59,50080
2019-05-03 07:00:00,15.54,15.59,15.46,15.52,20010
2019-05-06 07:00:00,15.44,15.46,15.23,15.34,83510
2019-05-07 07:00:00,15.46,15.72,15.46,15.52,90940
2019-05-08 07:00:00,16.11,16.11,15.77,15.88,208850
2019-05-09 07:00:00,15.84,16.02,15.46,15.46,78460
2019-05-10 07:00:00,15.61,15.61,15.26,15.46,48650
2019-05-13 07:00:00,15.19,15.46,15.07,15.46,54320
2019-05-14 07:00:00,15.46,15.46,14.92,14.92,107510
2019-05-15 07:00:00,14.8,15.07,14.78,14.78,77510
2019-05-16 07:00:00,14.78,14.97,14.78,14.8,40930
2019-05-17 07:00:00,15.07,15.3,14.68,14.68,62640
2019-05-20 07:00:00,14.88,15.05,14.68,14.99,48280
2019-05-21 07:00:00,14.92,14.99,14.88,14.96,22570
2019-05-22 07:00:00,15.07,15.07,14.8,15.07,85450
2019-05-23 07:00:00,15.07,15.11,14.92,15.11,31790
2019-05-24 07:00:00,15.07,15.73,15.07,15.5,255860
2019-05-27 07:00:00,15.5,15.96,15.5,15.73,112630
2019-05-28 07:00:00,15.73,15.84,15.57,15.65,146270
2019-05-29 07:00:00,15.65,15.65,15.38,15.38,82190
2019-05-30 07:00:00,15.38,15.53,14.99,15.3,100730
2019-05-31 07:00:00,15.3,15.38,15.05,15.26,44970
2019-06-03 07:00:00,14.96,15.23,14.76,14.76,105230
2019-06-04 07:00:00,14.76,15.19,14.76,14.78,58460
2019-06-05 07:00:00,14.76,15.03,14.76,14.84,70490
2019-06-06 07:00:00,14.84,14.99,14.84,14.96,58360
2019-06-07 07:00:00,15.11,15.11,14.92,14.96,65990
2019-06-10 07:00:00,14.99,15.53,14.92,15.38,176120
2019-06-11 07:00:00,15.46,15.46,15.23,15.26,74870
2019-06-12 07:00:00,14.96,15.15,14.84,14.88,140460
2019-06-13 07:00:00,14.88,14.96,14.68,14.7,160270
2019-06-14 07:00:00,15.03,15.03,14.68,14.68,166710
2019-06-17 07:00:00,14.68,14.68,14.18,14.22,124580
2019-06-18 07:00:00,14.3,14.3,13.85,13.85,219580
2019-06-19 07:00:00,13.87,14.14,13.76,13.87,105440
2019-06-20 07:00:00,13.99,14.14,13.87,14.11,99780
2019-06-21 07:00:00,14.14,14.34,14.14,14.22,61230
2019-06-24 07:00:00,14.01,14.2,14.01,14.12,48180
2019-06-25 07:00:00,13.97,14.61,13.97,14.38,129460
2019-06-26 07:00:00,14.34,14.41,14.3,14.36,60050
2019-06-27 07:00:00,14.3,14.8,14.2,14.38,82860
2019-06-28 07:00:00,14.36,14.36,13.95,14.14,94840
2019-07-01 07:00:00,14.14,14.68,14.14,14.68,157390
2019-07-02 07:00:00,14.53,14.57,14.38,14.41,42880
2019-07-03 07:00:00,14.3,14.49,14.3,14.38,69190
2019-07-04 07:00:00,14.38,14.53,14.36,14.43,67190
2019-07-05 07:00:00,14.41,14.53,14.3,14.41,74460
2019-07-08 07:00:00,14.34,14.38,14.11,14.24,80680
2019-07-09 07:00:00,14.11,14.34,14.11,14.3,44380
2019-07-10 07:00:00,14.18,14.3,14.18,14.18,40620
2019-07-11 07:00:00,14.03,14.24,14.03,14.24,41350
2019-07-12 07:00:00,14.24,14.47,14.24,14.3,167610
2019-07-15 07:00:00,14.24,14.67,14.41,14.67,254630
2019-07-16 07:00:00,14.68,14.99,14.61,14.68,124640
2019-07-17 07:00:00,14.61,14.88,14.49,14.65,300510
2019-07-18 07:00:00,14.53,14.63,14.47,14.57,121180
2019-07-19 07:00:00,14.53,14.67,14.49,14.57,176100
2019-07-22 07:00:00,14.45,15.23,14.11,15.23,350570
2019-07-23 07:00:00,15.34,15.73,15.26,15.5,381790
2019-07-24 07:00:00,15.5,15.96,15.42,15.42,219230
2019-07-25 07:00:00,15.42,16.04,15.3,15.92,478020
2019-07-26 07:00:00,16.04,16.11,15.84,16.04,157860
2019-07-29 07:00:00,16.08,16.81,16.08,16.77,293800
2019-07-30 07:00:00,16.77,17.12,16.56,16.62,333040
2019-07-31 07:00:00,16.62,17.16,16.62,16.95,415500
2019-08-01 07:00:00,16.77,17.12,16.73,17.0,193190
2019-08-02 07:00:00,16.95,17.97,16.95,17.78,475710
2019-08-05 07:00:00,17.78,18.63,17.78,18.16,457490
2019-08-06 07:00:00,18.16,18.55,17.89,18.24,420520
2019-08-07 07:00:00,18.16,18.55,17.89,18.05,446140
2019-08-08 07:00:00,18.05,19.21,18.05,18.9,673070
2019-08-09 07:00:00,19.52,19.63,18.55,18.55,390530
2019-08-12 07:00:00,18.7,19.13,18.36,18.55,233650
2019-08-13 07:00:00,18.55,18.94,18.36,18.55,465220
2019-08-14 07:00:00,18.67,18.94,17.97,18.16,578410
2019-08-15 07:00:00,17.8,18.32,17.8,18.16,554520
2019-08-16 07:00:00,18.16,19.05,18.12,18.59,794490
2019-08-19 07:00:00,18.59,19.11,18.59,18.97,287270
2019-08-20 07:00:00,19.4,20.29,19.32,20.29,820300
2019-08-21 07:00:00,20.29,20.98,20.06,20.13,435590
2019-08-22 07:00:00,20.13,20.95,20.13,20.52,338010
2019-08-23 07:00:00,20.48,20.67,19.79,20.44,508020
2019-08-26 07:00:00,20.56,20.87,20.29,20.6,390800
2019-08-27 07:00:00,20.98,20.98,20.37,20.64,310380
2019-08-28 07:00:00,20.67,20.67,19.63,19.79,407360
2019-08-29 07:00:00,19.71,19.86,18.41,18.59,938820
2019-08-30 07:00:00,18.59,18.78,17.29,17.29,1033200
2019-09-03 07:00:00,17.0,17.93,16.54,16.93,331230
2019-09-04 07:00:00,17.0,16.93,16.11,16.42,516180
2019-09-05 07:00:00,16.81,17.18,16.42,17.18,212570
2019-09-06 07:00:00,17.18,17.74,17.18,17.2,175990
2019-09-09 07:00:00,17.02,17.24,16.89,16.89,174210
2019-09-10 07:00:00,16.89,16.89,15.84,16.15,282420
2019-09-11 07:00:00,16.15,16.62,15.84,16.42,121430
2019-09-12 07:00:00,16.62,16.83,16.62,16.77,79660
2019-09-13 07:00:00,16.79,17.08,16.31,17.06,110760
2019-09-16 07:00:00,17.16,17.58,17.02,17.31,140780
2019-09-17 07:00:00,17.25,17.39,17.2,17.22,65470
2019-09-18 07:00:00,17.33,17.43,17.1,17.1,107440
2019-09-19 07:00:00,17.0,17.29,16.58,16.62,322410
2019-09-20 07:00:00,16.62,16.62,16.25,16.42,182670
2019-09-23 07:00:00,16.42,16.81,16.27,16.5,64720
2019-09-24 07:00:00,16.42,16.81,16.42,16.73,85690
2019-09-25 07:00:00,16.62,17.24,16.46,17.24,139380
2019-09-26 07:00:00,17.27,17.27,17.0,17.16,81380
2019-09-27 07:00:00,17.31,17.31,16.89,17.16,70880
2019-09-30 07:00:00,17.08,17.2,17.0,17.08,76110
2019-10-01 07:00:00,16.96,18.26,16.89,18.24,325950
2019-10-02 07:00:00,18.55,18.55,18.05,18.05,80480
2019-10-03 07:00:00,18.05,18.74,17.78,18.61,280060
2019-10-04 07:00:00,18.55,18.74,18.39,18.43,112460
2019-10-07 07:00:00,18.55,18.55,17.97,17.97,107790
2019-10-08 07:00:00,17.8,18.24,17.78,17.97,119820
2019-10-09 07:00:00,18.16,18.24,17.2,17.47,392980
2019-10-10 07:00:00,17.39,17.58,16.89,17.12,271660
2019-10-11 07:00:00,17.04,17.51,17.0,17.25,81810
2019-10-14 07:00:00,17.25,17.58,17.18,17.39,114640
2019-10-15 07:00:00,17.25,17.43,17.25,17.27,48590
2019-10-16 07:00:00,17.24,17.39,17.14,17.2,61370
2019-10-17 07:00:00,17.12,17.62,17.12,17.51,123520
2019-10-18 07:00:00,17.51,17.87,17.51,17.6,89000
2019-10-21 07:00:00,16.81,17.0,16.46,16.46,433470
2019-10-22 07:00:00,16.46,17.04,16.27,16.93,131720
2019-10-23 07:00:00,16.93,17.45,16.62,17.24,254360
2019-10-24 07:00:00,17.24,17.43,17.08,17.27,68170
2019-10-25 07:00:00,17.39,17.39,16.93,17.29,118980
2019-10-28 07:00:00,17.29,18.07,17.29,18.01,151810
2019-10-29 07:00:00,18.01,18.01,17.81,17.87,104400
2019-10-30 07:00:00,17.95,17.95,17.7,17.87,135140
2019-10-31 07:00:00,17.7,18.09,17.7,17.83,146270
2019-11-01 07:00:00,17.66,17.83,17.66,17.72,153800
2019-11-04 07:00:00,17.6,17.78,17.51,17.51,198470
2019-11-05 07:00:00,17.51,17.97,17.47,17.78,80600
2019-11-06 07:00:00,17.66,17.97,17.66,17.85,153840
2019-11-07 07:00:00,17.85,18.43,17.81,18.36,181410
2019-11-08 07:00:00,18.36,18.59,18.16,18.36,160930
2019-11-11 07:00:00,18.45,18.63,18.22,18.41,132860
2019-11-12 07:00:00,18.39,19.11,18.36,19.11,307350
2019-11-13 07:00:00,19.13,19.17,18.8,18.82,174500
2019-11-14 07:00:00,18.74,19.09,18.74,18.94,112170
2019-11-15 07:00:00,18.94,19.09,18.78,19.01,143690
2019-11-18 07:00:00,19.01,19.01,18.55,18.7,191380
2019-11-19 07:00:00,18.7,18.86,18.57,18.82,103800
2019-11-20 07:00:00,18.78,18.94,18.7,18.7,54890
2019-11-21 07:00:00,18.7,18.92,18.57,18.78,178900
2019-11-22 07:00:00,18.94,18.94,17.85,18.16,151560
2019-11-25 07:00:00,18.16,18.34,17.97,18.16,102090
2019-11-26 07:00:00,18.2,18.68,18.2,18.28,62580
2019-11-27 07:00:00,18.28,18.36,18.09,18.09,64740
2019-11-28 07:00:00,18.09,18.09,17.54,17.62,188930
2019-11-29 07:00:00,17.62,17.85,17.6,17.64,112640
2019-12-02 07:00:00,17.62,17.85,16.5,16.5,209920
2019-12-03 07:00:00,16.5,17.12,16.5,16.81,188820
2019-12-04 07:00:00,16.85,17.0,16.81,17.0,40730
2019-12-05 07:00:00,17.0,17.31,17.0,17.27,84570
2019-12-06 07:00:00,17.27,17.35,17.08,17.08,64510
2019-12-09 07:00:00,17.1,17.25,17.0,17.22,50200
2019-12-10 07:00:00,17.06,17.06,16.69,16.73,128470
2019-12-11 07:00:00,16.73,17.12,16.73,17.1,54940
2019-12-12 07:00:00,17.08,17.31,17.08,17.27,68380
2019-12-13 07:00:00,17.24,17.31,17.08,17.16,47100
2019-12-16 07:00:00,17.24,17.31,16.93,17.16,125570
2019-12-17 07:00:00,17.04,17.27,17.0,17.04,61870
2019-12-18 07:00:00,16.62,17.39,16.23,17.39,75270
2019-12-19 07:00:00,17.04,17.39,17.0,17.12,41360
2019-12-20 07:00:00,16.96,17.2,16.54,16.54,127420
2019-12-23 07:00:00,16.81,17.0,15.4,15.4,205800
2019-12-24 07:00:00,15.46,16.0,15.3,15.92,196640
2019-12-25 07:00:00,15.96,16.62,15.65,16.54,126130
2019-12-26 07:00:00,16.42,16.54,16.19,16.23,61900
2019-12-27 07:00:00,16.15,16.35,16.08,16.23,60720
2019-12-30 07:00:00,16.23,16.69,15.96,15.96,101240
2019-12-31 07:00:00,15.96,16.19,15.07,15.84,95340
2020-01-02 07:00:00,15.84,15.84,15.46,15.73,88650
2020-01-03 07:00:00,15.46,15.75,15.19,15.3,101260
2020-01-06 07:00:00,15.3,15.38,14.41,14.53,281160
2020-01-07 07:00:00,14.53,14.53,13.54,13.91,402020
2020-01-08 07:00:00,13.91,14.22,13.91,14.09,119800
2020-01-09 07:00:00,14.09,14.57,14.03,14.45,65770
2020-01-10 07:00:00,14.53,14.53,13.95,13.95,108090
2020-01-13 07:00:00,13.95,14.16,12.98,13.53,338800
2020-01-14 07:00:00,13.68,13.68,13.31,13.41,35490
2020-01-15 07:00:00,13.41,13.58,13.31,13.33,37240
2020-01-16 07:00:00,13.31,13.72,13.29,13.6,74940
2020-01-17 07:00:00,13.22,13.83,13.22,13.49,80370
2020-01-20 07:00:00,12.95,13.22,12.56,12.56,489310
2020-01-21 07:00:00,11.69,11.98,11.69,11.69,455010
2020-01-22 07:00:00,11.01,11.79,10.92,11.67,346720
2020-01-30 07:00:00,11.67,12.17,11.21,11.59,100470
2020-01-31 07:00:00,11.63,11.83,10.78,10.78,176350
2020-02-03 07:00:00,10.07,10.07,10.03,10.03,119450
2020-02-04 07:00:00,9.33,9.66,9.33,9.33,430230
2020-02-05 07:00:00,8.73,9.66,8.73,9.33,741470
2020-02-06 07:00:00,9.33,9.97,9.33,9.97,89060
2020-02-07 07:00:00,10.67,10.67,10.67,10.67,140570
2020-02-10 07:00:00,10.55,11.01,10.05,10.12,571260
2020-02-11 07:00:00,10.12,10.36,10.07,10.28,105490
2020-02-12 07:00:00,10.28,10.69,10.24,10.32,138420
2020-02-13 07:00:00,10.32,11.03,10.24,11.03,350580
2020-02-14 07:00:00,10.82,11.67,10.82,11.48,271890
2020-02-17 07:00:00,11.48,11.77,11.21,11.63,140610
2020-02-18 07:00:00,11.59,11.63,11.13,11.25,178340
2020-02-19 07:00:00,11.28,11.59,11.13,11.59,151630
2020-02-20 07:00:00,11.59,11.67,11.36,11.52,184260
2020-02-21 07:00:00,11.48,12.02,11.28,11.5,233460
2020-02-24 07:00:00,10.82,10.97,10.7,10.7,290680
2020-02-25 07:00:00,9.99,10.43,9.97,10.43,584470
2020-02-26 07:00:00,10.28,11.15,9.99,10.67,164910
2020-02-27 07:00:00,10.67,10.97,10.2,10.82,239300
2020-02-28 07:00:00,10.12,10.59,10.07,10.07,368420
2020-03-02 07:00:00,10.05,10.55,10.03,10.12,280120
2020-03-03 07:00:00,10.43,10.82,10.3,10.82,420560
2020-03-04 07:00:00,10.82,11.52,10.82,11.52,393610
2020-03-05 07:00:00,11.59,11.86,11.01,11.28,517960
2020-03-06 07:00:00,11.05,11.55,10.92,11.55,295850
2020-03-09 07:00:00,10.76,10.76,10.76,10.76,62820
2020-03-10 07:00:00,10.03,10.9,10.03,10.41,490360
2020-03-11 07:00:00,10.43,10.67,9.7,9.74,729150
2020-03-12 07:00:00,9.12,9.27,9.06,9.06,701840
2020-03-13 07:00:00,8.44,9.58,8.44,9.58,470590
2020-03-16 07:00:00,9.35,9.85,9.2,9.35,327950
2020-03-17 07:00:00,9.35,9.99,8.89,9.99,425710
2020-03-18 07:00:00,10.26,10.28,9.74,10.22,314750
2020-03-19 07:00:00,9.74,10.05,9.74,9.93,184880
2020-03-20 07:00:00,9.8,10.11,9.78,9.89,128180
2020-03-23 07:00:00,9.27,9.31,9.22,9.22,250020
2020-03-24 07:00:00,9.08,9.39,8.6,9.14,275610
2020-03-25 07:00:00,9.53,9.55,9.14,9.47,105380
2020-03-26 07:00:00,9.31,9.47,8.81,9.04,395630
2020-03-27 07:00:00,9.16,9.2,8.81,8.93,141130
2020-03-30 07:00:00,8.33,8.81,8.31,8.5,327800
2020-03-31 07:00:00,8.5,8.69,7.92,8.23,323160
2020-04-01 07:00:00,8.23,8.46,8.08,8.31,149640
2020-04-03 07:00:00,8.5,8.5,8.17,8.42,350550
2020-04-06 07:00:00,8.58,9.0,8.56,8.95,412960
2020-04-07 07:00:00,9.16,9.16,8.77,9.02,232250
2020-04-08 07:00:00,8.73,9.08,8.73,9.04,254060
2020-04-09 07:00:00,9.27,9.64,9.1,9.51,414170
2020-04-10 07:00:00,9.51,9.7,9.37,9.62,327830
2020-04-13 07:00:00,9.74,9.74,9.39,9.62,429200
2020-04-14 07:00:00,9.62,9.97,9.43,9.97,559510
2020-04-15 07:00:00,10.05,10.55,10.05,10.36,610600
2020-04-16 07:00:00,10.12,10.32,9.85,10.16,350430
2020-04-17 07:00:00,10.32,10.32,9.47,9.47,926170
2020-04-20 07:00:00,9.08,9.97,9.02,9.78,672730
2020-04-21 07:00:00,9.78,9.82,9.26,9.7,288880
2020-04-22 07:00:00,9.08,9.6,9.08,9.6,201380
2020-04-23 07:00:00,9.51,9.7,9.33,9.55,206380
2020-04-24 07:00:00,9.39,9.62,9.31,9.56,227090
2020-04-27 07:00:00,9.39,9.55,9.24,9.39,251930
2020-04-28 07:00:00,9.47,9.51,9.22,9.47,252570
2020-04-29 07:00:00,9.27,9.51,9.24,9.27,212700
2020-05-04 07:00:00,9.27,9.35,9.08,9.22,156930
2020-05-05 07:00:00,9.14,9.47,8.89,9.27,378290
2020-05-06 07:00:00,9.2,9.31,9.06,9.24,243160
2020-05-07 07:00:00,9.24,9.24,9.06,9.06,164540
2020-05-08 07:00:00,9.06,9.47,9.06,9.27,433590
2020-05-11 07:00:00,9.91,9.91,9.26,9.91,624630
2020-05-12 07:00:00,10.2,10.41,9.91,10.24,497740
2020-05-13 07:00:00,10.05,10.24,9.85,9.89,347980
2020-05-14 07:00:00,9.62,10.18,9.62,10.03,420150
2020-05-15 07:00:00,10.12,10.18,9.85,9.93,384370
2020-05-18 07:00:00,10.01,10.01,9.87,9.99,181720
2020-05-19 07:00:00,10.22,10.63,10.09,10.36,781070
2020-05-20 07:00:00,10.36,10.63,10.34,10.36,422650
2020-05-21 07:00:00,10.36,10.55,10.16,10.2,316330
2020-05-22 07:00:00,10.12,10.36,9.52,9.52,548750
2020-05-25 07:00:00,9.52,9.84,9.52,9.74,282160
2020-05-26 07:00:00,9.74,10.08,9.74,10.04,341820
2020-05-27 07:00:00,10.2,10.2,9.68,9.68,361870
2020-05-28 07:00:00,9.68,9.76,9.5,9.6,244760
2020-05-29 07:00:00,9.58,9.78,9.56,9.64,210530
2020-06-01 07:00:00,9.64,9.82,9.6,9.8,235030
2020-06-02 07:00:00,9.8,10.04,9.72,9.76,316850
2020-06-03 07:00:00,9.92,9.92,9.72,9.72,147260
2020-06-04 07:00:00,9.72,9.8,9.62,9.62,404820
2020-06-05 07:00:00,9.48,9.86,9.48,9.78,208640
2020-06-08 07:00:00,9.9,10.46,9.78,10.46,1362650
2020-06-09 07:00:00,10.66,10.72,10.42,10.48,630660
2020-06-10 07:00:00,10.4,11.09,10.12,11.01,744870
2020-06-11 07:00:00,10.92,11.21,10.24,10.24,885140
2020-06-12 07:00:00,9.6,9.96,9.6,9.96,452280
2020-06-15 07:00:00,9.96,10.22,9.28,9.28,748940
2020-06-16 07:00:00,9.44,9.64,9.28,9.44,541130
2020-06-17 07:00:00,9.56,9.64,9.32,9.44,183790
2020-06-18 07:00:00,9.28,9.56,9.24,9.42,114340
2020-06-19 07:00:00,9.48,9.88,9.44,9.88,313000
2020-06-22 07:00:00,9.88,10.28,9.88,10.04,442490
2020-06-23 07:00:00,10.04,10.2,9.64,9.94,317040
2020-06-24 07:00:00,9.92,10.04,9.64,9.72,294580
2020-06-25 07:00:00,9.56,9.68,9.56,9.6,196910
2020-06-26 07:00:00,9.72,9.76,9.46,9.5,160760
2020-06-29 07:00:00,9.44,9.46,8.84,9.12,434040
2020-06-30 07:00:00,9.12,9.36,8.64,8.94,229580
2020-07-01 07:00:00,8.78,9.2,8.78,9.2,189160
2020-07-02 07:00:00,9.2,9.4,9.2,9.36,120680
2020-07-03 07:00:00,9.36,9.52,9.28,9.28,106270
2020-07-06 07:00:00,9.4,9.46,9.2,9.28,69780
2020-07-07 07:00:00,9.46,9.48,9.32,9.32,99140
2020-07-08 07:00:00,9.28,9.4,9.28,9.36,101770
2020-07-09 07:00:00,9.36,9.64,9.34,9.52,162510
2020-07-10 07:00:00,9.52,9.52,9.32,9.34,111380
2020-07-13 07:00:00,9.34,9.44,9.3,9.32,95840
2020-07-14 07:00:00,9.36,9.44,9.24,9.44,124840
2020-07-15 07:00:00,9.48,9.58,9.4,9.44,121430
2020-07-16 07:00:00,9.5,9.5,9.24,9.24,169860
2020-07-17 07:00:00,9.32,9.44,9.24,9.28,131180
2020-07-20 07:00:00,9.44,9.82,9.44,9.8,509130
2020-07-21 07:00:00,9.86,9.86,9.48,9.6,196530
2020-07-22 07:00:00,9.6,9.6,9.34,9.34,117910
2020-07-23 07:00:00,9.3,9.44,9.26,9.26,142780
2020-07-24 07:00:00,9.26,9.26,8.62,8.64,558420
2020-07-27 07:00:00,8.11,8.27,8.03,8.03,386900
2020-07-28 07:00:00,7.75,8.43,7.75,8.33,232660
2020-07-29 07:00:00,8.23,8.23,7.75,7.79,321900
2020-07-30 07:00:00,8.03,8.07,7.87,7.99,154200
2020-07-31 07:00:00,7.83,8.03,7.83,7.87,153770
2020-08-03 07:00:00,8.11,8.11,7.93,8.07,133850
2020-08-04 07:00:00,8.19,8.35,8.19,8.25,169150
2020-08-05 07:00:00,8.27,8.52,8.21,8.45,191450
2020-08-06 07:00:00,8.43,8.58,8.29,8.31,195030
2020-08-07 07:00:00,8.31,8.31,8.15,8.19,195240
2020-08-10 07:00:00,8.19,8.56,8.19,8.39,183300
2020-08-11 07:00:00,8.43,8.54,8.39,8.43,167770
2020-08-12 07:00:00,8.56,8.56,8.33,8.37,91150
2020-08-13 07:00:00,8.35,8.45,8.35,8.41,131170
2020-08-14 07:00:00,8.43,8.9,8.43,8.78,550780
2020-08-17 07:00:00,8.8,9.08,8.78,8.92,304430
2020-08-18 07:00:00,8.92,8.92,8.76,8.76,169360
2020-08-19 07:00:00,8.72,8.84,8.72,8.78,195160
2020-08-20 07:00:00,8.78,9.0,8.76,8.92,362410
2020-08-21 07:00:00,8.92,9.06,8.92,8.98,212940
2020-08-24 07:00:00,9.04,9.16,8.98,9.06,201770
2020-08-25 07:00:00,9.06,9.1,8.88,8.88,314340
2020-08-26 07:00:00,8.9,8.96,8.8,8.84,241090
2020-08-27 07:00:00,8.9,9.04,8.9,8.94,135920
2020-08-28 07:00:00,8.96,9.4,8.96,9.18,631090
2020-08-31 07:00:00,9.4,9.4,9.08,9.1,299400
2020-09-01 07:00:00,9.1,9.14,9.0,9.12,144290
2020-09-03 07:00:00,9.26,9.26,9.04,9.04,228820
2020-09-04 07:00:00,8.92,9.04,8.86,9.0,304740
2020-09-07 07:00:00,9.0,9.04,8.94,8.94,132030
2020-09-08 07:00:00,8.9,8.98,8.88,8.9,189040
2020-09-09 07:00:00,8.88,9.2,8.84,9.16,217120
2020-09-10 07:00:00,9.26,9.28,9.1,9.12,199540
2020-09-11 07:00:00,9.12,9.74,9.12,9.74,1110850
2020-09-14 07:00:00,10.28,10.28,10.0,10.24,799130
2020-09-15 07:00:00,10.24,10.28,9.92,9.92,429710
2020-09-16 07:00:00,9.88,10.44,9.8,10.28,780620
2020-09-17 07:00:00,10.36,10.36,9.96,10.08,399790
2020-09-18 07:00:00,10.08,10.36,10.08,10.28,414700
2020-09-21 07:00:00,10.4,10.68,10.4,10.4,667470
2020-09-22 07:00:00,10.4,10.42,10.18,10.32,394300
2020-09-23 07:00:00,10.28,10.72,10.28,10.48,538970
2020-09-24 07:00:00,10.44,10.6,10.24,10.24,367890
2020-09-25 07:00:00,10.28,10.46,10.24,10.34,400750
2020-09-28 07:00:00,10.52,11.01,10.4,10.99,894420
2020-09-29 07:00:00,11.01,11.05,10.76,10.76,439250
2020-09-30 07:00:00,10.76,11.03,10.76,10.97,692640
2020-10-01 07:00:00,11.13,11.73,11.09,11.73,1299170
2020-10-02 07:00:00,12.05,12.05,10.92,11.73,805670
2020-10-05 07:00:00,11.73,11.93,11.57,11.89,501940
2020-10-06 07:00:00,11.85,12.01,11.61,11.67,727510
2020-10-07 07:00:00,11.55,11.85,11.53,11.59,550960
2020-10-08 07:00:00,11.59,11.71,11.41,11.51,396270
2020-10-09 07:00:00,11.51,11.55,10.84,11.15,604440
2020-10-12 07:00:00,11.15,11.25,10.68,10.72,670250
2020-10-13 07:00:00,10.68,11.33,10.24,11.29,590260
2020-10-14 07:00:00,11.27,11.31,11.07,11.09,244050
2020-10-15 07:00:00,11.09,11.13,10.84,10.84,226870
2020-10-16 07:00:00,10.76,10.84,10.6,10.72,308060
2020-10-19 07:00:00,10.72,10.8,10.52,10.52,234320
2020-10-20 07:00:00,10.44,10.97,10.34,10.72,288740
2020-10-21 07:00:00,10.68,10.68,10.36,10.36,404700
2020-10-22 07:00:00,10.5,10.52,10.24,10.44,284420
2020-10-23 07:00:00,10.6,10.88,10.44,10.88,338750
2020-10-26 07:00:00,11.01,11.01,10.6,10.6,221340
2020-10-27 07:00:00,10.44,10.56,10.28,10.44,229150
2020-10-28 07:00:00,10.44,10.64,10.04,10.12,371590
2020-10-29 07:00:00,9.9,10.32,9.9,10.16,213480
2020-10-30 07:00:00,10.42,10.42,10.12,10.2,98100
2020-11-02 07:00:00,10.28,10.32,10.16,10.32,100550
2020-11-03 07:00:00,10.32,10.64,10.32,10.48,162630
2020-11-04 07:00:00,10.6,10.95,10.46,10.88,326300
2020-11-05 07:00:00,10.97,10.97,10.68,10.68,152500
2020-11-06 07:00:00,10.7,10.97,10.52,10.97,279570
2020-11-09 07:00:00,10.97,11.49,10.88,11.37,877240
2020-11-10 07:00:00,11.57,11.61,11.11,11.11,639930
2020-11-11 07:00:00,11.21,11.33,11.05,11.25,408460
2020-11-12 07:00:00,11.25,11.47,11.17,11.45,761280
2020-11-13 07:00:00,11.57,11.85,11.53,11.69,871740
2020-11-16 07:00:00,11.69,11.77,11.25,11.25,766080
2020-11-17 07:00:00,11.37,11.49,11.17,11.49,473160
2020-11-18 07:00:00,11.65,11.65,11.33,11.45,435330
2020-11-19 07:00:00,11.45,12.23,11.37,12.23,977190
2020-11-20 07:00:00,12.45,12.81,12.25,12.37,800520
2020-11-23 07:00:00,12.37,12.37,12.13,12.25,385920
2020-11-24 07:00:00,12.45,12.45,11.45,11.77,1168960
2020-11-25 07:00:00,11.77,11.77,11.45,11.45,820120
2020-11-26 07:00:00,11.45,11.73,11.45,11.59,489610
2020-11-27 07:00:00,11.65,11.65,11.49,11.61,373350
2020-11-30 07:00:00,11.85,11.85,11.45,11.45,506290
2020-12-01 07:00:00,11.21,11.49,11.05,11.37,516160
2020-12-02 07:00:00,11.37,11.59,11.37,11.43,509030
2020-12-03 07:00:00,11.53,12.01,11.47,11.99,824960
2020-12-04 07:00:00,12.05,12.05,11.67,11.73,543570
2020-12-07 07:00:00,11.73,12.05,11.61,11.75,548350
2020-12-08 07:00:00,11.75,11.93,11.75,11.75,464380
2020-12-09 07:00:00,11.75,12.29,11.75,12.07,1023650
2020-12-10 07:00:00,12.09,12.21,11.79,11.79,631630
2020-12-11 07:00:00,11.77,11.93,11.57,11.93,505340
2020-12-14 07:00:00,12.09,12.17,11.93,12.03,712800
2020-12-15 07:00:00,12.05,12.05,11.77,11.77,722370
2020-12-16 07:00:00,11.77,11.85,11.73,11.77,558480
2020-12-17 07:00:00,11.65,11.83,11.41,11.49,739470
2020-12-18 07:00:00,11.45,11.65,11.45,11.47,586850
2020-12-21 07:00:00,11.47,12.05,11.47,11.73,779040
2020-12-22 07:00:00,11.73,12.05,11.67,12.05,747150
2020-12-23 07:00:00,12.25,12.89,12.21,12.69,1911400
2020-12-24 07:00:00,12.57,12.85,11.85,12.37,885250
2020-12-25 07:00:00,12.37,13.09,12.09,12.95,1071830
2020-12-28 07:00:00,13.17,13.17,12.65,12.81,1049850
2020-12-29 07:00:00,12.65,13.23,12.57,13.21,1110570
2020-12-30 07:00:00,13.42,13.42,12.85,12.93,708570
2020-12-31 07:00:00,12.89,13.01,12.69,12.87,431860
2021-01-04 07:00:00,12.87,13.17,12.87,13.05,798000
2021-01-05 07:00:00,13.05,13.05,12.77,12.89,762000
2021-01-06 07:00:00,12.89,13.54,12.89,13.07,1262300
2021-01-07 07:00:00,13.5,13.78,13.09,13.58,1011800
2021-01-08 07:00:00,13.58,13.62,13.17,13.33,714700
2021-01-11 07:00:00,13.33,13.46,13.07,13.25,802100
2021-01-12 07:00:00,13.5,13.84,13.29,13.78,896200
2021-01-13 07:00:00,13.78,13.84,13.33,13.33,626400
2021-01-14 07:00:00,13.33,13.46,13.17,13.42,518500
2021-01-15 07:00:00,13.42,13.58,13.05,13.11,761600
2021-01-18 07:00:00,12.89,13.54,12.85,13.09,816800
2021-01-19 07:00:00,13.09,13.46,12.19,12.23,590900
2021-01-20 07:00:00,12.19,12.45,11.41,12.11,680800
2021-01-21 07:00:00,12.29,12.39,12.03,12.29,540900
2021-01-22 07:00:00,12.13,12.45,12.09,12.25,483100
2021-01-25 07:00:00,12.21,12.29,12.03,12.09,317900
2021-01-26 07:00:00,12.25,12.25,11.25,11.33,493900
2021-01-27 07:00:00,11.33,11.33,10.54,10.54,806300
2021-01-28 07:00:00,9.82,10.12,9.82,9.82,606300
2021-01-29 07:00:00,9.24,10.08,9.24,9.96,495600
2021-02-01 07:00:00,9.96,10.08,9.4,9.48,402800
2021-02-02 07:00:00,9.48,9.96,9.36,9.96,282600
2021-02-03 07:00:00,10.08,10.44,10.0,10.28,370400
2021-02-04 07:00:00,10.28,10.52,10.2,10.52,398300
2021-02-05 07:00:00,10.56,10.68,10.44,10.64,151200
2021-02-08 07:00:00,10.7,11.09,10.04,10.36,354400
2021-02-09 07:00:00,10.36,10.76,10.36,10.74,243700
2021-02-17 07:00:00,11.09,11.29,10.74,11.25,276200
2021-02-18 07:00:00,11.21,11.43,11.05,11.21,235700
2021-02-19 07:00:00,11.09,11.37,11.05,11.21,268500
2021-02-22 07:00:00,11.17,11.69,11.05,11.41,411700
2021-02-23 07:00:00,11.57,11.93,11.45,11.77,449300
2021-02-24 07:00:00,11.81,12.05,11.53,11.57,439400
2021-02-25 07:00:00,11.61,11.77,11.57,11.69,379500
2021-02-26 07:00:00,11.29,11.73,11.29,11.69,243500
2021-03-01 07:00:00,11.73,11.85,11.73,11.75,236000
2021-03-02 07:00:00,11.79,11.97,11.75,11.95,280000
2021-03-03 07:00:00,11.95,12.57,11.81,12.27,507800
2021-03-04 07:00:00,12.27,12.29,11.65,11.89,239800
2021-03-05 07:00:00,11.85,11.89,11.45,11.85,254600
2021-03-08 07:00:00,11.97,12.45,11.85,12.33,384500
2021-03-09 07:00:00,12.41,12.41,11.97,12.27,247800
2021-03-10 07:00:00,12.27,12.29,11.97,12.21,167900
2021-03-11 07:00:00,12.21,12.41,12.21,12.39,342400
2021-03-12 07:00:00,12.45,12.81,12.45,12.61,585900
2021-03-15 07:00:00,12.61,12.65,12.31,12.53,243200
2021-03-16 07:00:00,12.55,12.55,12.25,12.31,159800
2021-03-17 07:00:00,12.31,12.73,12.19,12.53,335200
2021-03-18 07:00:00,12.53,12.61,12.33,12.53,180300
2021-03-19 07:00:00,12.53,12.53,12.25,12.33,130400
2021-03-22 07:00:00,12.29,12.37,12.09,12.29,147700
2021-03-23 07:00:00,12.13,12.25,11.77,11.89,359000
2021-03-24 07:00:00,11.73,12.05,11.59,11.69,363900
2021-03-25 07:00:00,11.69,11.97,11.65,11.85,336100
2021-03-26 07:00:00,11.75,12.35,11.75,12.25,786800
2021-03-29 07:00:00,12.65,13.09,12.53,13.09,1488600
2021-03-30 07:00:00,13.54,13.54,13.25,13.38,977600
2021-03-31 07:00:00,13.38,13.62,13.01,13.25,447700
2021-04-01 07:00:00,13.19,13.64,13.19,13.33,769700
2021-04-02 07:00:00,13.62,14.02,13.54,13.84,979200
2021-04-05 07:00:00,14.66,14.8,14.14,14.8,977300
2021-04-06 07:00:00,14.98,15.16,14.26,14.46,834300
2021-04-07 07:00:00,14.46,14.78,14.18,14.34,798700
2021-04-08 07:00:00,14.18,14.62,14.18,14.54,646800
2021-04-09 07:00:00,14.46,14.78,14.28,14.4,499200
2021-04-12 07:00:00,14.4,14.92,14.38,14.58,693600
2021-04-13 07:00:00,14.62,14.62,14.02,14.26,953500
2021-04-14 07:00:00,14.06,14.66,14.06,14.66,684900
2021-04-15 07:00:00,14.64,14.66,14.3,14.42,402600
2021-04-16 07:00:00,14.42,15.26,14.26,15.26,1038200
2021-04-19 07:00:00,15.44,15.46,14.94,15.4,1110200
2021-04-20 07:00:00,15.46,15.46,14.98,15.28,538600
2021-04-22 07:00:00,15.38,15.38,14.76,14.78,532400
2021-04-23 07:00:00,14.78,14.94,14.54,14.94,703800
2021-04-26 07:00:00,14.94,14.94,14.46,14.5,312300
2021-04-27 07:00:00,14.5,14.6,14.3,14.5,321800
2021-04-28 07:00:00,14.74,14.74,14.42,14.42,442100
2021-04-29 07:00:00,14.42,14.58,14.34,14.42,283400
2021-05-04 07:00:00,14.1,15.22,14.06,14.62,531800
2021-05-05 07:00:00,14.78,14.98,14.44,14.74,881700
2021-05-06 07:00:00,14.66,14.74,14.46,14.46,424100
2021-05-07 07:00:00,14.38,14.54,14.22,14.3,263500
2021-05-10 07:00:00,14.1,14.1,13.82,13.88,542900
2021-05-11 07:00:00,14.06,14.38,13.82,14.02,564400
2021-05-12 07:00:00,14.02,14.14,13.88,14.06,304100
2021-05-13 07:00:00,13.98,14.78,13.86,14.38,490400
2021-05-14 07:00:00,14.46,14.46,14.06,14.18,320500
2021-05-17 07:00:00,14.18,14.26,13.94,14.06,341600
2021-05-18 07:00:00,14.06,14.08,13.82,13.96,458500
2021-05-19 07:00:00,13.9,13.96,13.86,13.88,322100
2021-05-20 07:00:00,13.86,14.14,13.78,13.98,282900
2021-05-21 07:00:00,14.06,14.68,14.02,14.56,938700
2021-05-24 07:00:00,14.78,15.42,14.78,15.34,919600
2021-05-25 07:00:00,15.38,15.66,15.18,15.3,701100
2021-05-26 07:00:00,15.22,15.66,15.08,15.66,728700
2021-05-27 07:00:00,15.66,15.87,15.38,15.46,919200
2021-05-28 07:00:00,15.42,15.66,15.38,15.52,561200
2021-05-31 07:00:00,15.52,16.51,15.38,16.47,546300
2021-06-01 07:00:00,16.83,16.83,16.27,16.27,453400
2021-06-02 07:00:00,15.99,16.07,15.14,15.64,587300
2021-06-03 07:00:00,15.79,16.25,15.54,15.91,752200
2021-06-04 07:00:00,16.07,16.11,15.38,15.93,604000
2021-06-07 07:00:00,15.93,16.07,15.26,15.93,457900
2021-06-08 07:00:00,15.93,16.47,15.5,15.58,690200
2021-06-09 07:00:00,15.46,15.79,15.26,15.79,487500
2021-06-10 07:00:00,15.99,16.89,15.95,16.89,1492300
2021-06-11 07:00:00,17.11,17.27,16.91,17.01,402400
2021-06-14 07:00:00,17.07,17.63,16.71,17.55,569900
2021-06-15 07:00:00,17.23,17.63,16.87,17.59,438700
2021-06-16 07:00:00,17.63,17.87,17.07,17.27,415200
2021-06-17 07:00:00,16.99,17.39,16.99,17.39,397000
2021-06-18 07:00:00,17.67,17.67,17.23,17.63,355900
2021-06-21 07:00:00,17.63,17.63,17.11,17.51,271300
2021-06-22 07:00:00,17.51,17.55,17.27,17.35,262800
2021-06-23 07:00:00,17.35,18.19,17.35,18.15,812400
2021-06-24 07:00:00,18.26,18.26,17.67,17.71,252900
2021-06-25 07:00:00,17.71,18.07,17.39,18.07,389700
2021-06-28 07:00:00,18.19,18.96,18.15,18.76,581100
2021-06-29 07:00:00,18.88,19.28,18.62,18.92,538900
2021-06-30 07:00:00,19.28,19.28,18.68,18.88,418000
2021-07-01 07:00:00,19.2,19.32,18.66,18.96,1022400
2021-07-02 07:00:00,18.96,19.04,18.07,18.28,1214500
2021-07-05 07:00:00,18.24,18.24,17.39,17.83,876900
2021-07-06 07:00:00,17.67,18.28,17.27,17.27,724200
2021-07-07 07:00:00,17.43,17.47,16.67,17.35,491900
2021-07-08 07:00:00,17.67,17.95,17.19,17.47,286700
2021-07-09 07:00:00,17.27,17.59,16.87,17.07,426600
2021-07-12 07:00:00,16.95,16.95,15.89,16.07,946200
2021-07-13 07:00:00,16.07,16.55,16.07,16.55,452400
2021-07-14 07:00:00,16.55,17.18,15.86,16.14,276100
2021-07-15 07:00:00,15.68,16.61,15.57,16.61,361500
2021-07-16 07:00:00,16.89,16.89,16.17,16.58,152700
2021-07-19 07:00:00,15.71,16.17,15.48,15.86,506100
2021-07-20 07:00:00,15.63,16.95,15.63,16.95,831400
2021-07-21 07:00:00,17.59,17.87,16.95,17.87,1170600
2021-07-22 07:00:00,18.22,19.03,17.87,18.83,1431800
2021-07-23 07:00:00,18.45,18.85,18.31,18.34,909200
2021-07-26 07:00:00,18.05,19.17,17.99,19.0,1354900
2021-07-27 07:00:00,19.37,19.49,18.74,19.32,1162300
2021-07-28 07:00:00,18.97,19.89,18.97,19.72,934800
2021-07-29 07:00:00,19.6,19.78,19.2,19.69,837000
2021-07-30 07:00:00,19.69,20.12,19.66,19.81,756700
2021-08-02 07:00:00,19.75,19.89,19.2,19.72,883800
2021-08-03 07:00:00,19.72,21.07,19.49,21.07,2490500
2021-08-04 07:00:00,21.42,21.85,21.07,21.48,860600
2021-08-05 07:00:00,21.33,21.91,20.87,21.59,939400
2021-08-06 07:00:00,21.48,22.08,21.33,21.62,1250600
2021-08-09 07:00:00,21.33,22.46,21.19,22.29,771600
2021-08-10 07:00:00,22.26,22.54,21.68,21.94,1130100
2021-08-11 07:00:00,21.51,22.2,21.05,21.05,1351400
2021-08-12 07:00:00,21.16,22.52,20.87,22.52,2508200
2021-08-13 07:00:00,22.49,23.06,21.91,23.06,1088200
2021-08-16 07:00:00,23.12,23.41,22.89,22.89,911600
2021-08-17 07:00:00,22.49,22.89,22.14,22.31,1161600
2021-08-18 07:00:00,21.97,22.89,21.97,22.37,908000
2021-08-19 07:00:00,22.43,22.78,22.34,22.49,622700
2021-08-20 07:00:00,22.46,22.66,21.05,21.62,1699100
2021-08-23 07:00:00,21.45,21.59,20.3,20.35,1389100
2021-08-24 07:00:00,20.24,21.05,20.07,20.84,948600
2021-08-25 07:00:00,21.16,21.16,20.18,20.99,793500
2021-08-26 07:00:00,20.81,22.2,20.7,22.08,2492800
2021-08-27 07:00:00,22.08,23.06,22.08,23.06,1953600
2021-08-30 07:00:00,23.06,24.22,23.06,24.1,1622900
2021-08-31 07:00:00,24.04,24.1,23.35,23.99,1484500
2021-09-01 07:00:00,23.58,24.68,23.52,24.42,1606100
2021-09-06 07:00:00,24.74,24.74,23.81,24.59,1267700
2021-09-07 07:00:00,24.59,24.59,23.35,23.58,1954500
2021-09-08 07:00:00,23.35,24.22,23.35,24.22,1271600
2021-09-09 07:00:00,23.93,24.56,23.93,24.39,510700
2021-09-10 07:00:00,24.39,24.74,24.04,24.56,1441900
2021-09-13 07:00:00,24.53,24.56,23.84,24.16,850900
2021-09-14 07:00:00,24.22,24.39,23.64,24.13,721600
2021-09-15 07:00:00,23.7,24.51,23.64,24.51,1464400
2021-09-16 07:00:00,25.02,25.6,24.56,25.49,1293400
2021-09-17 07:00:00,25.31,25.95,25.02,25.89,700100
2021-09-20 07:00:00,25.66,26.52,25.37,26.32,1760400
2021-09-21 07:00:00,25.54,26.81,25.28,26.41,1386700
2021-09-22 07:00:00,26.52,28.25,26.52,28.25,2317800
2021-09-23 07:00:00,28.54,29.12,27.71,28.37,1083400
2021-09-24 07:00:00,28.54,29.06,27.96,28.4,626900
2021-09-27 07:00:00,28.2,29.41,28.2,29.0,1508200
2021-09-28 07:00:00,29.0,29.69,28.6,29.69,962800
2021-09-29 07:00:00,29.69,31.08,29.29,31.02,851200
2021-09-30 07:00:00,31.71,31.71,29.98,31.02,800200
2021-10-01 07:00:00,30.91,31.08,30.33,30.85,896900
2021-10-04 07:00:00,30.91,32.81,30.91,32.75,1330200
2021-10-05 07:00:00,33.44,33.44,31.65,32.29,2582300
2021-10-06 07:00:00,32.29,33.15,31.71,32.87,913100
2021-10-07 07:00:00,32.87,33.38,32.35,33.21,453900
2021-10-08 07:00:00,33.44,34.31,33.21,34.25,1115900
2021-10-11 07:00:00,34.31,35.75,34.31,35.46,961400
2021-10-12 07:00:00,35.06,35.75,34.54,34.88,787900
2021-10-13 07:00:00,34.94,36.9,34.94,36.9,1593200
2021-10-14 07:00:00,37.48,38.06,36.61,37.19,1229600
2021-10-15 07:00:00,37.19,37.48,36.9,37.36,616300
2021-10-18 07:00:00,37.36,39.5,37.31,38.52,929400
2021-10-19 07:00:00,38.46,39.21,37.94,38.63,757600
2021-10-20 07:00:00,38.17,38.8,36.9,38.57,752500
2021-10-21 07:00:00,38.4,39.21,37.19,38.98,1488500
2021-10-22 07:00:00,39.09,40.65,38.63,40.25,1004500
2021-10-25 07:00:00,40.94,42.09,40.65,40.94,993300
2021-10-26 07:00:00,41.46,42.67,40.07,42.67,937300
2021-10-27 07:00:00,42.09,43.59,42.09,43.19,1577800
2021-10-28 07:00:00,43.24,46.13,43.24,46.13,1346400
2021-10-29 07:00:00,45.61,49.01,45.61,49.01,990100
2021-11-01 07:00:00,49.01,50.16,48.38,49.53,1418400
2021-11-02 07:00:00,49.47,52.7,48.89,52.47,1004300
2021-11-03 07:00:00,52.47,53.22,48.84,48.84,2318300
2021-11-04 07:00:00,45.49,51.32,45.44,51.32,4185800
2021-11-05 07:00:00,51.32,51.84,49.3,50.22,1384500
2021-11-08 07:00:00,49.24,49.59,48.09,48.95,1470800
2021-11-09 07:00:00,48.2,49.59,47.74,48.89,1589700
2021-11-10 07:00:00,49.01,50.11,49.01,50.11,1121700
2021-11-11 07:00:00,50.74,51.26,48.72,50.51,1148000
2021-11-12 07:00:00,49.01,50.45,48.43,50.11,1313000
2021-11-15 07:00:00,49.7,50.05,47.91,49.47,1909000
2021-11-16 07:00:00,49.88,51.84,49.47,50.97,1459800
2021-11-17 07:00:00,51.26,52.99,51.2,52.82,1111500
2021-11-18 07:00:00,52.82,55.35,52.82,55.35,1158900
2021-11-19 07:00:00,55.35,57.54,51.49,54.66,1268400
2021-11-22 07:00:00,52.18,53.51,50.86,50.86,1698000
2021-11-23 07:00:00,50.74,53.51,49.3,53.51,939400
2021-11-24 07:00:00,53.57,53.74,51.2,52.41,1197200
2021-11-25 07:00:00,52.41,53.05,50.8,52.18,895000
2021-11-26 07:00:00,52.3,52.99,50.22,51.32,780800
2021-11-29 07:00:00,50.28,52.47,50.16,51.55,828100
2021-11-30 07:00:00,51.55,51.89,49.59,50.39,1314600
2021-12-01 07:00:00,49.53,50.16,48.43,49.59,954900
2021-12-02 07:00:00,49.01,50.11,48.32,49.82,931700
2021-12-03 07:00:00,49.99,50.05,47.28,48.95,846600
2021-12-06 07:00:00,48.49,49.59,45.55,45.55,528900
2021-12-07 07:00:00,45.61,47.22,43.24,47.22,894800
2021-12-08 07:00:00,47.05,48.09,45.9,47.74,845500
2021-12-09 07:00:00,47.22,48.09,46.59,47.74,826200
2021-12-10 07:00:00,47.28,47.8,46.93,47.57,789200
2021-12-13 07:00:00,46.99,47.28,46.13,46.13,1212300
2021-12-14 07:00:00,46.01,46.01,42.9,42.9,1512200
2021-12-15 07:00:00,40.07,43.24,40.07,43.24,2321100
2021-12-16 07:00:00,43.13,43.13,40.65,41.17,997100
2021-12-17 07:00:00,42.09,43.99,42.09,43.99,2099300
2021-12-20 07:00:00,43.76,43.99,42.55,43.82,1031400
2021-12-21 07:00:00,43.76,43.76,42.73,43.53,444900
2021-12-22 07:00:00,42.78,43.42,41.23,42.61,1136800
2021-12-23 07:00:00,41.86,42.09,40.07,41.4,968300
2021-12-24 07:00:00,41.4,41.8,39.21,41.23,796300
2021-12-27 07:00:00,41.69,42.67,41.28,42.49,576100
2021-12-28 07:00:00,42.49,43.88,42.49,43.82,909800
2021-12-29 07:00:00,43.76,43.94,42.67,43.59,590400
2021-12-30 07:00:00,43.59,43.59,42.67,43.36,506500
2021-12-31 07:00:00,43.24,43.76,42.09,43.24,335200
2022-01-04 07:00:00,43.24,43.82,42.38,43.24,1075900
2022-01-05 07:00:00,43.53,46.13,43.3,45.95,1709100
2022-01-06 07:00:00,46.07,47.57,45.84,46.13,817400
2022-01-07 07:00:00,46.18,49.01,45.55,49.01,1027800
2022-01-10 07:00:00,48.43,49.13,46.13,46.99,937700
2022-01-11 07:00:00,47.22,47.28,45.26,46.13,936600
2022-01-12 07:00:00,44.86,46.07,42.9,45.26,1124400
2022-01-13 07:00:00,45.26,45.32,42.15,42.15,896900
2022-01-14 07:00:00,39.5,43.82,39.5,42.96,777900
2022-01-17 07:00:00,43.24,43.82,40.3,42.09,534100
2022-01-18 07:00:00,40.65,41.98,39.15,39.15,734700
2022-01-19 07:00:00,36.56,40.36,36.56,38.29,618500
2022-01-20 07:00:00,38.29,40.88,37.48,40.3,578300
2022-01-21 07:00:00,40.88,41.51,39.84,40.59,518900
2022-01-24 07:00:00,40.59,41.4,38.23,39.96,473800
2022-01-25 07:00:00,39.84,39.84,37.31,38.52,614400
2022-01-26 07:00:00,39.21,39.21,35.86,35.86,507900
2022-01-27 07:00:00,33.38,33.38,33.38,33.38,376200
2022-01-28 07:00:00,32.87,33.44,31.08,33.44,1903200
2022-02-07 07:00:00,33.73,33.73,31.14,31.14,1165800
2022-02-08 07:00:00,31.14,32.58,31.14,31.71,624300
2022-02-09 07:00:00,31.42,32.0,30.85,31.08,776300
2022-02-10 07:00:00,31.19,33.21,31.19,33.21,1438500
2022-02-11 07:00:00,33.5,35.46,33.5,35.4,809600
2022-02-14 07:00:00,33.85,35.17,33.79,34.31,700300
2022-02-15 07:00:00,33.1,34.48,33.1,34.19,677900
2022-02-16 07:00:00,34.48,35.69,34.31,35.35,772400
2022-02-17 07:00:00,35.35,35.63,34.88,35.11,609900
2022-02-18 07:00:00,34.65,37.54,34.65,37.54,1084400
2022-02-21 07:00:00,38.06,38.57,37.48,37.77,1067300
2022-02-22 07:00:00,36.9,37.48,35.81,37.48,933800
2022-02-23 07:00:00,36.96,39.44,36.96,39.21,1012600
2022-02-24 07:00:00,39.15,39.32,36.56,38.46,1052400
2022-02-25 07:00:00,38.52,39.09,38.4,38.4,704000
2022-02-28 07:00:00,37.94,38.0,37.02,37.42,565600
2022-03-01 07:00:00,36.96,37.42,34.83,36.33,1195700
2022-03-02 07:00:00,36.38,37.19,36.33,37.02,467600
2022-03-03 07:00:00,37.48,37.94,37.02,37.36,425500
2022-03-04 07:00:00,38.06,39.96,37.77,39.96,1677000
2022-03-07 07:00:00,40.65,42.55,40.07,42.55,1504000
2022-03-08 07:00:00,42.03,44.05,40.94,42.49,1136300
2022-03-09 07:00:00,41.92,45.26,40.94,45.2,1782300
2022-03-10 07:00:00,45.78,45.78,43.82,44.69,932900
2022-03-11 07:00:00,44.97,47.57,44.11,46.42,1940900
2022-03-14 07:00:00,46.01,46.99,44.22,46.13,1185300
2022-03-15 07:00:00,46.42,46.99,45.49,45.84,645800
2022-03-16 07:00:00,45.84,47.86,45.84,46.99,1009900
2022-03-17 07:00:00,47.28,48.32,46.42,47.97,1074300
2022-03-18 07:00:00,48.43,49.07,47.51,47.97,1168000
2022-03-21 07:00:00,47.91,47.91,46.18,46.47,1516300
2022-03-22 07:00:00,46.07,47.34,45.55,46.42,1059000
2022-03-23 07:00:00,46.36,47.28,45.67,47.28,1106300
2022-03-24 07:00:00,46.7,49.01,46.7,49.01,1401200
2022-03-25 07:00:00,48.72,49.88,48.55,49.3,1001000
2022-03-28 07:00:00,48.43,48.55,46.36,47.97,1197300
2022-03-29 07:00:00,48.38,48.38,46.7,46.7,1159400
2022-03-30 07:00:00,46.13,46.65,43.82,44.51,1542900
2022-03-31 07:00:00,44.51,46.42,43.88,45.55,1187600
2022-04-01 07:00:00,45.55,46.42,44.97,46.3,881200
2022-04-04 07:00:00,46.3,46.3,44.34,44.34,1153900
2022-04-05 07:00:00,43.24,45.32,42.67,44.22,1377000
2022-04-06 07:00:00,43.42,44.97,43.24,44.69,649200
2022-04-07 07:00:00,44.46,44.46,41.86,41.98,1008600
2022-04-08 07:00:00,41.98,42.55,40.71,41.8,841400
2022-04-12 07:00:00,42.78,42.78,38.92,38.92,767000
2022-04-13 07:00:00,38.52,41.4,37.19,41.4,706900
2022-04-14 07:00:00,41.23,41.98,39.5,39.55,678200
2022-04-15 07:00:00,39.67,40.02,38.75,39.61,832600
2022-04-18 07:00:00,39.21,39.21,36.84,36.84,991000
2022-04-19 07:00:00,36.9,37.48,34.31,34.31,1047400
2022-04-20 07:00:00,32.29,34.42,31.94,31.94,1124300
2022-04-21 07:00:00,29.98,32.06,29.75,31.14,1039100
2022-04-22 07:00:00,31.14,32.29,29.0,31.42,742300
2022-04-25 07:00:00,31.42,31.94,29.23,29.23,574100
2022-04-26 07:00:00,27.5,31.14,27.22,31.14,808300
2022-04-27 07:00:00,30.85,33.27,30.56,33.27,874800
2022-04-28 07:00:00,33.44,34.83,33.27,33.33,763200
2022-04-29 07:00:00,32.87,35.46,32.69,35.46,731100
2022-05-04 07:00:00,35.46,36.27,34.25,34.31,556700
2022-05-05 07:00:00,35.17,35.35,33.15,34.02,653200
2022-05-06 07:00:00,33.27,34.02,31.71,31.71,410400
2022-05-09 07:00:00,29.98,31.14,29.52,29.52,516400
2022-05-10 07:00:00,27.73,31.14,27.73,31.14,614500
2022-05-11 07:00:00,31.65,32.29,29.98,31.42,564300
2022-05-12 07:00:00,30.91,31.42,29.23,29.23,381100
2022-05-13 07:00:00,29.23,29.23,27.22,27.22,696000
2022-05-16 07:00:00,27.73,28.83,25.89,26.75,577500
2022-05-17 07:00:00,26.75,28.6,25.83,28.6,630100
2022-05-18 07:00:00,29.06,29.69,28.6,29.29,336200
2022-05-19 07:00:00,27.3,29.52,27.3,29.0,403600
2022-05-20 07:00:00,29.29,30.27,28.54,29.87,639200
2022-05-23 07:00:00,29.98,30.27,27.79,29.35,496500
2022-05-24 07:00:00,28.83,30.21,28.08,30.21,399800
2022-05-25 07:00:00,30.39,31.65,29.69,31.42,662200
2022-05-26 07:00:00,31.65,32.23,31.14,31.6,572000
2022-05-27 07:00:00,31.71,33.15,31.6,32.87,805200
2022-05-30 07:00:00,32.87,33.27,31.71,33.15,713800
2022-05-31 07:00:00,33.1,33.27,31.77,32.23,652100
2022-06-01 07:00:00,31.83,32.87,31.19,32.87,671600
2022-06-02 07:00:00,33.15,33.15,32.0,32.75,792900
2022-06-03 07:00:00,32.29,32.87,31.77,32.58,425500
2022-06-06 07:00:00,32.52,33.38,31.71,31.71,822100
2022-06-07 07:00:00,31.71,32.23,30.85,31.71,646000
2022-06-08 07:00:00,32.29,33.9,32.23,33.9,1197200
2022-06-09 07:00:00,34.6,34.88,33.9,34.48,635700
2022-06-10 07:00:00,33.96,34.83,32.87,32.87,771900
2022-06-13 07:00:00,31.14,32.29,30.62,30.62,974400
2022-06-14 07:00:00,29.75,31.08,29.18,30.62,649800
2022-06-15 07:00:00,30.85,31.73,29.38,31.56,703200
2022-06-16 07:00:00,32.14,32.62,31.38,31.38,499300
2022-06-17 07:00:00,29.97,31.38,29.38,30.85,613700
2022-06-20 07:00:00,29.91,31.15,28.71,28.71,627700
2022-06-21 07:00:00,27.68,29.38,26.71,26.91,676200
2022-06-22 07:00:00,27.03,28.21,26.89,28.21,402900
2022-06-23 07:00:00,28.5,29.38,27.71,29.38,364200
2022-06-24 07:00:00,29.38,29.68,28.62,28.62,501000
2022-06-27 07:00:00,28.68,29.09,27.8,28.8,458400
2022-06-28 07:00:00,28.8,30.79,28.5,30.79,888100
2022-06-29 07:00:00,30.26,30.5,29.38,29.38,462900
2022-06-30 07:00:00,29.32,29.85,27.56,28.62,736200
2022-07-01 07:00:00,28.62,28.62,26.62,26.62,1352500
2022-07-04 07:00:00,27.33,27.5,26.5,26.62,461600
2022-07-05 07:00:00,26.62,26.8,24.77,24.77,1024200
2022-07-06 07:00:00,23.04,24.3,23.04,23.04,1658800
2022-07-07 07:00:00,21.8,23.04,21.45,21.57,1071800
2022-07-08 07:00:00,22.13,23.07,21.8,23.07,1263800
2022-07-11 07:00:00,22.86,23.51,22.54,22.86,612800
2022-07-12 07:00:00,22.86,24.33,22.21,24.27,1171400
2022-07-13 07:00:00,24.3,24.39,23.51,23.8,740200
2022-07-14 07:00:00,23.21,24.09,23.09,24.04,748800
2022-07-15 07:00:00,24.04,24.53,23.65,23.8,798600
2022-07-18 07:00:00,23.86,24.98,23.86,24.33,590100
2022-07-19 07:00:00,24.09,24.3,23.36,23.57,691100
2022-07-20 07:00:00,24.09,24.51,23.83,23.83,610500
2022-07-21 07:00:00,24.09,25.47,23.86,25.42,1571800
2022-07-22 07:00:00,25.45,25.45,24.68,24.68,751100
2022-07-25 07:00:00,24.56,24.56,23.8,23.83,697300
2022-07-26 07:00:00,23.77,24.39,23.77,23.8,494900
2022-07-27 07:00:00,23.57,24.68,23.57,24.68,529900
2022-07-28 07:00:00,25.03,26.21,25.03,25.47,1409600
2022-07-29 07:00:00,25.5,26.42,25.47,26.0,1303900
2022-08-01 07:00:00,26.42,27.33,26.21,26.74,956900
2022-08-02 07:00:00,26.86,27.33,25.92,26.44,1251000
2022-08-03 07:00:00,26.09,27.33,25.86,27.27,1135200
2022-08-04 07:00:00,27.33,28.47,26.8,28.21,1297100
2022-08-05 07:00:00,28.21,28.74,27.62,28.24,868400
2022-08-08 07:00:00,28.21,28.91,27.94,28.65,963900
2022-08-09 07:00:00,28.65,28.74,28.03,28.5,746800
2022-08-10 07:00:00,28.21,29.15,28.15,28.68,707200
2022-08-11 07:00:00,29.09,29.09,27.44,27.44,1344400
2022-08-12 07:00:00,27.44,27.94,27.33,27.56,767600
2022-08-15 07:00:00,27.88,28.33,27.68,28.12,656100
2022-08-16 07:00:00,28.27,28.68,28.21,28.21,645300
2022-08-17 07:00:00,28.21,29.27,28.15,28.3,1116900
2022-08-18 07:00:00,28.3,28.41,27.62,27.62,907500
2022-08-19 07:00:00,27.62,28.44,27.15,27.62,927100
2022-08-22 07:00:00,27.33,27.56,26.47,26.53,1003900
2022-08-23 07:00:00,26.44,27.56,26.33,27.56,513300
2022-08-24 07:00:00,27.65,27.74,27.21,27.5,438200
2022-08-25 07:00:00,27.62,27.91,27.21,27.8,723400
2022-08-26 07:00:00,27.85,28.65,27.74,27.8,946000
2022-08-29 07:00:00,27.21,27.33,26.36,27.15,940800
2022-08-30 07:00:00,27.3,28.15,26.74,27.03,650900
2022-08-31 07:00:00,27.0,27.56,26.8,27.18,367300
2022-09-05 07:00:00,27.09,28.0,27.09,27.68,887200
2022-09-06 07:00:00,28.09,28.62,27.62,28.47,1203300
2022-09-07 07:00:00,28.44,30.44,28.24,29.56,3511100
2022-09-08 07:00:00,29.74,29.97,29.0,29.03,1252700
2022-09-09 07:00:00,29.38,30.62,28.33,29.97,1936700
2022-09-12 07:00:00,30.5,30.5,29.62,30.09,1155900
2022-09-13 07:00:00,30.09,30.26,29.21,29.5,1072400
2022-09-14 07:00:00,28.8,30.26,28.8,29.85,1195400
2022-09-15 07:00:00,29.97,31.09,29.74,30.26,1159300
2022-09-16 07:00:00,30.21,30.26,28.8,28.8,1484300
2022-09-19 07:00:00,28.8,28.8,26.8,26.8,2331000
2022-09-20 07:00:00,26.83,27.03,24.95,26.44,1406400
2022-09-21 07:00:00,25.56,27.27,25.56,26.42,556600
2022-09-22 07:00:00,26.03,26.42,25.45,26.09,680800
2022-09-23 07:00:00,26.15,26.8,25.42,25.42,683100
2022-09-26 07:00:00,24.15,24.95,23.65,23.65,1356200
2022-09-27 07:00:00,23.8,24.06,23.24,23.27,531800
2022-09-28 07:00:00,23.04,24.09,22.18,22.74,890900
2022-09-29 07:00:00,23.21,23.51,21.45,21.45,510200
2022-09-30 07:00:00,21.45,21.77,19.95,21.74,1187300
2022-10-03 07:00:00,21.07,22.21,20.24,20.24,740500
2022-10-04 07:00:00,20.45,20.83,18.86,18.86,744500
2022-10-05 07:00:00,19.45,20.16,19.13,20.16,675800
2022-10-06 07:00:00,20.45,20.45,18.75,18.75,732500
2022-10-07 07:00:00,18.22,18.66,17.45,17.45,1301700
2022-10-10 07:00:00,17.45,18.66,16.63,18.66,852500
2022-10-11 07:00:00,18.6,18.6,17.37,17.37,770500
2022-10-12 07:00:00,17.39,18.42,16.45,18.1,739000
2022-10-13 07:00:00,18.16,18.75,18.1,18.42,461800
2022-10-14 07:00:00,18.81,19.16,18.51,19.04,823100
2022-10-17 07:00:00,18.86,19.04,18.39,18.81,431900
2022-10-18 07:00:00,19.39,19.86,18.81,18.83,513800
2022-10-19 07:00:00,18.83,19.1,18.36,18.36,489000
2022-10-20 07:00:00,18.33,18.42,17.54,17.63,571900
2022-10-21 07:00:00,17.57,17.57,16.4,16.4,987000
2022-10-24 07:00:00,16.25,16.28,15.25,15.25,567900
2022-10-25 07:00:00,14.4,15.87,14.19,14.19,1077100
2022-10-26 07:00:00,14.22,14.52,13.22,13.22,841200
2022-10-27 07:00:00,12.75,14.13,12.75,14.13,603700
2022-10-28 07:00:00,14.69,15.1,14.4,15.1,1135500
2022-10-31 07:00:00,15.22,15.34,14.4,15.16,849200
2022-11-01 07:00:00,15.46,15.63,15.22,15.25,451900
2022-11-02 07:00:00,15.28,15.51,15.1,15.25,390200
2022-11-03 07:00:00,15.1,16.1,14.93,15.28,528400
2022-11-04 07:00:00,15.25,15.28,14.22,14.22,1074100
2022-11-07 07:00:00,14.4,14.4,13.25,13.25,993500
2022-11-08 07:00:00,12.46,14.05,12.46,14.05,360000
2022-11-09 07:00:00,14.22,14.66,14.1,14.46,427600
2022-11-10 07:00:00,13.87,14.34,13.46,13.46,537100
2022-11-11 07:00:00,14.31,14.31,12.52,12.52,510800
2022-11-14 07:00:00,11.72,12.16,11.67,11.67,362600
2022-11-15 07:00:00,10.87,10.87,10.87,10.87,145000
2022-11-16 07:00:00,10.14,11.61,10.14,11.61,1411000
2022-11-17 07:00:00,12.11,12.28,11.67,11.93,423300
2022-11-18 07:00:00,11.93,12.63,11.14,12.28,781400
2022-11-21 07:00:00,13.1,13.13,12.58,13.13,441500
2022-11-22 07:00:00,13.69,14.05,13.13,13.4,1339800
2022-11-23 07:00:00,13.28,13.43,12.84,12.93,526300
2022-11-24 07:00:00,12.61,13.81,12.52,13.81,689700
2022-11-25 07:00:00,14.4,14.75,14.1,14.75,738700
2022-11-28 07:00:00,15.75,15.78,15.63,15.78,470500
2022-11-29 07:00:00,16.45,16.45,15.22,15.98,955300
2022-11-30 07:00:00,15.72,17.1,15.51,17.1,922200
2022-12-01 07:00:00,18.1,18.1,16.16,16.16,856700
2022-12-02 07:00:00,15.63,16.98,15.63,16.81,854500
2022-12-05 07:00:00,16.98,17.28,16.45,16.63,1014400
2022-12-06 07:00:00,16.6,17.78,15.95,17.04,1754600
2022-12-07 07:00:00,17.04,18.1,16.57,16.87,887300
2022-12-08 07:00:00,16.98,17.95,16.87,17.63,1079900
2022-12-09 07:00:00,17.63,18.75,17.1,18.28,776600
2022-12-12 07:00:00,18.42,18.45,17.04,17.04,1091700
2022-12-13 07:00:00,17.04,17.39,15.87,17.39,1100000
2022-12-14 07:00:00,17.57,17.81,16.75,17.34,554400
2022-12-15 07:00:00,17.04,17.34,16.45,17.22,538600
2022-12-16 07:00:00,16.51,17.45,16.51,17.34,747500
2022-12-19 07:00:00,17.34,18.04,16.75,16.75,838300
2022-12-20 07:00:00,16.75,16.95,15.6,15.6,1003800
2022-12-21 07:00:00,15.87,16.16,14.52,16.16,772000
2022-12-22 07:00:00,16.51,16.51,15.37,16.04,321200
2022-12-23 07:00:00,15.9,15.98,15.48,15.84,314500
2022-12-26 07:00:00,15.57,15.69,14.78,14.78,436400
2022-12-27 07:00:00,14.69,15.57,14.69,15.57,365100
2022-12-28 07:00:00,15.72,15.78,15.28,15.75,287800
2022-12-29 07:00:00,15.75,16.1,15.57,16.04,622200
2022-12-30 07:00:00,16.1,16.75,15.84,16.75,467700
2023-01-03 07:00:00,16.63,17.75,16.6,17.63,879900
2023-01-04 07:00:00,17.92,18.33,17.34,17.42,527500
2023-01-05 07:00:00,17.57,17.63,17.04,17.34,521700
2023-01-06 07:00:00,17.22,17.63,16.98,17.34,606800
2023-01-09 07:00:00,17.39,17.57,17.1,17.31,327400
2023-01-10 07:00:00,17.34,17.89,16.72,17.6,846800
2023-01-11 07:00:00,17.72,17.98,17.51,17.63,515200
2023-01-12 07:00:00,17.63,17.81,17.1,17.75,387800
2023-01-13 07:00:00,18.04,18.1,17.42,17.75,520300
2023-01-16 07:00:00,17.84,17.86,17.45,17.75,346700
2023-01-17 07:00:00,17.81,18.98,17.81,18.98,941200
2023-01-18 07:00:00,19.92,19.98,19.51,19.66,1534100
2023-01-19 07:00:00,19.48,21.01,19.48,20.8,1393200
2023-01-27 07:00:00,21.1,21.27,20.6,20.77,637200
2023-01-30 07:00:00,20.69,21.57,20.45,20.45,1073500
2023-01-31 07:00:00,20.39,20.86,19.86,20.86,1043500
2023-02-01 07:00:00,21.19,21.33,19.42,19.42,1510300
2023-02-02 07:00:00,19.1,19.45,18.07,18.42,1678600
2023-02-03 07:00:00,18.72,19.16,18.39,18.72,707800
2023-02-06 07:00:00,18.66,18.81,17.92,18.66,569700
2023-02-07 07:00:00,18.75,19.13,17.98,18.13,660600
2023-02-08 07:00:00,18.22,18.69,17.45,18.22,641300
2023-02-09 07:00:00,17.86,18.51,17.86,18.19,464300
2023-02-10 07:00:00,18.19,18.19,17.66,17.69,473700
2023-02-13 07:00:00,17.63,17.63,16.45,16.45,1193700
2023-02-14 07:00:00,16.72,16.9,16.16,16.81,352600
2023-02-15 07:00:00,16.45,17.81,16.45,17.45,654300
2023-02-16 07:00:00,17.86,17.86,17.34,17.75,422100
2023-02-17 07:00:00,17.63,18.1,17.45,17.54,640300
2023-02-20 07:00:00,17.57,18.57,17.57,18.51,1173400
2023-02-21 07:00:00,18.69,19.04,18.45,18.69,1358300
2023-02-22 07:00:00,18.45,18.69,17.69,17.69,1378400
2023-02-23 07:00:00,17.69,17.89,16.78,17.89,956700
2023-02-24 07:00:00,17.86,17.89,17.07,17.22,401500
2023-02-27 07:00:00,17.04,17.04,16.19,16.19,580700
2023-02-28 07:00:00,16.45,16.57,15.9,16.45,457400
2023-03-01 07:00:00,16.16,16.98,16.16,16.98,381500
2023-03-02 07:00:00,16.98,17.04,16.75,16.81,244600
2023-03-03 07:00:00,16.84,16.9,16.19,16.25,486500
2023-03-06 07:00:00,16.63,16.87,16.45,16.66,687900
2023-03-07 07:00:00,16.69,16.81,16.45,16.51,371200
2023-03-08 07:00:00,16.43,16.9,16.22,16.9,543000
2023-03-09 07:00:00,16.92,17.25,16.9,17.13,658400
2023-03-10 07:00:00,16.81,17.01,16.75,16.92,461700
2023-03-13 07:00:00,16.34,16.78,16.34,16.37,551600
2023-03-14 07:00:00,16.43,16.48,15.51,15.63,759500
2023-03-15 07:00:00,16.25,16.63,15.87,16.57,768300
2023-03-16 07:00:00,16.28,16.45,15.93,16.1,458600
2023-03-17 07:00:00,16.4,16.4,15.93,15.95,264800
2023-03-20 07:00:00,16.04,16.22,15.46,15.46,505400
2023-03-21 07:00:00,15.69,15.78,15.4,15.69,287300
2023-03-22 07:00:00,15.69,15.9,15.69,15.81,205400
2023-03-23 07:00:00,15.81,15.81,15.66,15.75,235000
2023-03-24 07:00:00,15.9,16.13,15.84,16.04,590600
2023-03-27 07:00:00,16.04,16.43,16.01,16.37,444400
2023-03-28 07:00:00,16.51,16.57,16.25,16.25,501100
2023-03-29 07:00:00,16.28,16.28,16.07,16.16,264600
2023-03-30 07:00:00,16.28,16.66,16.28,16.31,671000
2023-03-31 07:00:00,16.31,16.66,16.28,16.63,844600
2023-04-03 07:00:00,17.13,17.45,16.98,17.34,1198200
2023-04-04 07:00:00,17.34,17.42,17.19,17.25,752400
2023-04-05 07:00:00,17.28,17.78,17.16,17.63,914400
2023-04-06 07:00:00,17.81,18.07,17.04,17.13,1311200
2023-04-07 07:00:00,17.19,17.31,16.78,17.04,801000
2023-04-10 07:00:00,17.16,17.39,16.72,16.72,882000
2023-04-11 07:00:00,16.51,17.16,16.48,17.16,600100
2023-04-12 07:00:00,17.22,18.22,16.95,18.22,2317900
2023-04-13 07:00:00,18.22,18.51,17.84,17.84,1080000
2023-04-14 07:00:00,17.98,18.04,16.81,16.81,1211400
2023-04-17 07:00:00,16.87,17.31,16.51,17.31,546900
2023-04-18 07:00:00,17.31,17.69,17.04,17.66,698000
2023-04-19 07:00:00,17.72,17.75,17.16,17.16,476700
2023-04-20 07:00:00,17.34,17.34,16.75,17.19,331700
2023-04-21 07:00:00,17.25,17.39,16.92,17.16,458200
2023-04-24 07:00:00,17.19,17.42,16.92,17.22,390900
2023-04-25 07:00:00,17.28,17.78,17.22,17.42,1074100
2023-04-26 07:00:00,17.57,18.63,17.45,18.63,2723900
2023-04-27 07:00:00,18.63,19.07,18.45,18.48,1420000
2023-04-28 07:00:00,18.51,19.13,18.39,18.78,1182600
2023-05-04 07:00:00,18.75,19.28,18.63,19.01,1045300
2023-05-05 07:00:00,19.04,19.07,18.39,18.48,1296900
2023-05-08 07:00:00,18.63,19.01,18.45,18.57,884100
2023-05-09 07:00:00,18.69,19.28,18.69,18.83,911400
2023-05-10 07:00:00,19.04,19.39,18.83,19.22,1105700
2023-05-11 07:00:00,19.48,19.57,19.07,19.1,1018100
2023-05-12 07:00:00,18.98,19.57,18.98,19.25,1090900
2023-05-15 07:00:00,19.3,19.45,18.45,18.45,1709100
2023-05-16 07:00:00,18.45,18.75,18.45,18.57,893900
2023-05-17 07:00:00,18.57,18.63,17.72,17.72,1727500
2023-05-18 07:00:00,17.89,18.16,17.75,17.98,754000
2023-05-19 07:00:00,17.98,18.28,17.86,18.1,442700
2023-05-22 07:00:00,18.16,18.86,18.16,18.6,758300
2023-05-23 07:00:00,18.72,18.72,18.36,18.42,636400
2023-05-24 07:00:00,18.48,18.78,18.42,18.57,668100
2023-05-25 07:00:00,17.78,18.72,17.78,18.45,624000
2023-05-26 07:00:00,18.6,19.33,18.54,19.22,1554600
2023-05-29 07:00:00,19.45,20.07,19.33,19.86,1592900
2023-05-30 07:00:00,20.07,20.07,19.39,19.63,1175200
2023-05-31 07:00:00,19.75,20.27,19.69,19.98,1328200
2023-06-01 07:00:00,20.1,20.57,19.8,19.98,969600
2023-06-02 07:00:00,20.51,20.51,19.92,19.98,1000800
2023-06-05 07:00:00,20.22,20.22,19.54,19.63,1280800
2023-06-06 07:00:00,19.57,19.89,19.36,19.86,926600
2023-06-07 07:00:00,19.98,20.3,19.98,20.13,947000
2023-06-08 07:00:00,20.19,21.1,19.8,19.8,1544000
2023-06-09 07:00:00,19.92,19.98,19.48,19.86,733900
2023-06-12 07:00:00,19.95,20.63,19.8,20.42,1527900
2023-06-13 07:00:00,20.57,20.8,20.24,20.33,810300
2023-06-14 07:00:00,20.64,20.7,20.09,20.09,689400
2023-06-15 07:00:00,19.91,20.03,19.58,19.64,802900
2023-06-16 07:00:00,19.73,20.06,19.52,19.55,905100
2023-06-19 07:00:00,19.67,19.97,19.52,19.61,657300
2023-06-20 07:00:00,19.61,20.18,19.61,20.09,499900
2023-06-21 07:00:00,20.15,20.88,20.09,20.88,1475900
2023-06-22 07:00:00,21.12,21.21,20.88,21.12,1127800
2023-06-23 07:00:00,21.12,21.39,20.73,20.82,1058700
2023-06-26 07:00:00,20.82,20.82,20.12,20.54,1630400
2023-06-27 07:00:00,20.54,20.7,20.3,20.7,640000
2023-06-28 07:00:00,20.88,21.0,20.39,20.51,781300
2023-06-29 07:00:00,20.45,20.48,19.97,19.97,752700
2023-06-30 07:00:00,19.97,20.09,19.73,19.73,676100
2023-07-03 07:00:00,19.82,20.27,19.67,20.27,585800
2023-07-04 07:00:00,20.27,20.45,20.12,20.27,410300
2023-07-05 07:00:00,20.51,20.57,20.15,20.15,622200
2023-07-06 07:00:00,20.24,20.24,19.76,19.88,640900
2023-07-07 07:00:00,19.79,20.73,19.67,20.73,1136300
2023-07-10 07:00:00,21.06,21.42,20.88,20.94,1504600
2023-07-11 07:00:00,20.88,21.39,20.76,21.06,1242000
2023-07-12 07:00:00,21.06,21.3,20.73,21.3,1336400
2023-07-13 07:00:00,21.79,22.78,21.66,22.78,1364500
2023-07-14 07:00:00,23.42,24.18,23.24,23.78,2469900
2023-07-17 07:00:00,23.78,24.15,23.48,23.78,1582600
2023-07-18 07:00:00,23.78,24.75,23.36,24.21,1716500
2023-07-19 07:00:00,24.15,24.21,23.6,23.6,1187000
2023-07-20 07:00:00,23.6,24.45,23.54,24.15,1687300
2023-07-21 07:00:00,24.21,25.36,24.02,24.78,1280200
2023-07-24 07:00:00,25.42,25.42,24.36,24.51,967800
2023-07-25 07:00:00,24.51,24.57,23.93,24.21,1835000
2023-07-26 07:00:00,24.21,25.11,24.08,25.05,1084400
2023-07-27 07:00:00,25.05,25.45,24.21,24.81,1588800
2023-07-28 07:00:00,24.75,24.99,24.21,24.54,1463100
2023-07-31 07:00:00,24.54,25.11,23.99,25.11,2147800
2023-08-01 07:00:00,25.42,26.57,25.11,25.36,2366000
2023-08-02 07:00:00,25.48,25.99,25.48,25.69,957000
2023-08-03 07:00:00,25.63,25.9,25.17,25.23,1125800
2023-08-04 07:00:00,25.42,25.9,25.11,25.72,1070600
2023-08-07 07:00:00,26.02,26.2,25.6,25.72,769000
2023-08-08 07:00:00,25.96,25.96,25.11,25.14,1062000
2023-08-09 07:00:00,24.93,25.14,24.6,24.63,1211200
2023-08-10 07:00:00,24.66,25.36,24.51,24.84,990300
2023-08-11 07:00:00,24.87,25.96,24.81,25.96,2131700
2023-08-14 07:00:00,26.63,26.63,26.11,26.38,1001300
2023-08-15 07:00:00,26.38,26.57,25.93,26.41,813800
2023-08-16 07:00:00,26.41,26.41,25.72,25.87,1041800
2023-08-17 07:00:00,25.63,26.32,25.45,25.45,935000
2023-08-18 07:00:00,25.39,25.42,23.69,23.69,2531400
2023-08-21 07:00:00,23.6,23.84,22.81,23.6,1033200
2023-08-22 07:00:00,23.6,23.78,22.51,23.6,787500
2023-08-23 07:00:00,23.84,23.84,23.36,23.36,483900
2023-08-24 07:00:00,23.36,24.3,23.15,24.24,891300
2023-08-25 07:00:00,24.24,24.51,23.96,24.02,546100
2023-08-28 07:00:00,24.05,24.42,24.05,24.42,621400
2023-08-29 07:00:00,24.57,25.23,24.42,24.72,955000
2023-08-30 07:00:00,24.87,25.14,24.69,24.96,820700
2023-08-31 07:00:00,25.08,25.72,25.08,25.6,1255900
2023-09-05 07:00:00,25.96,25.96,25.3,25.6,756600
2023-09-06 07:00:00,25.6,26.14,25.2,26.11,1112500
2023-09-07 07:00:00,26.51,27.93,26.44,27.93,2657400
2023-09-08 07:00:00,27.93,28.93,27.84,28.02,819100
2023-09-11 07:00:00,28.38,28.38,26.48,26.48,1893700
2023-09-12 07:00:00,26.57,27.5,26.17,27.5,1085800
2023-09-13 07:00:00,27.72,28.29,26.99,27.23,1182800
2023-09-14 07:00:00,27.05,27.38,26.2,26.44,974800
2023-09-15 07:00:00,26.63,26.78,26.02,26.63,797900
2023-09-18 07:00:00,26.63,27.17,26.44,26.54,876000
2023-09-19 07:00:00,26.63,26.75,25.6,25.9,1266400
2023-09-20 07:00:00,25.9,27.23,25.9,27.23,891200
2023-09-21 07:00:00,27.38,27.38,26.78,26.78,938500
2023-09-22 07:00:00,25.84,26.57,24.93,24.93,1898400
2023-09-25 07:00:00,23.84,24.69,23.21,23.21,1035600
2023-09-26 07:00:00,22.69,23.48,21.72,21.72,1390500
2023-09-27 07:00:00,21.69,22.69,21.18,22.69,803600
2023-09-28 07:00:00,22.69,22.69,22.03,22.21,512800
2023-09-29 07:00:00,22.63,22.87,22.18,22.51,670300
2023-10-02 07:00:00,22.51,23.27,22.33,22.94,478600
2023-10-03 07:00:00,22.75,22.87,21.33,21.33,1238500
2023-10-04 07:00:00,20.79,22.03,20.79,21.66,837300
2023-10-05 07:00:00,21.97,22.39,21.42,21.66,529400
2023-10-06 07:00:00,21.69,22.39,20.94,22.39,618600
2023-10-09 07:00:00,22.39,22.81,22.3,22.54,808900
2023-10-10 07:00:00,22.87,23.12,22.69,22.81,783400
2023-10-11 07:00:00,22.94,23.33,22.27,23.33,1120700
2023-10-12 07:00:00,23.54,23.84,23.15,23.42,599100
2023-10-13 07:00:00,23.0,23.6,22.42,23.54,977100
2023-10-16 07:00:00,23.72,23.72,22.75,22.75,784500
2023-10-17 07:00:00,23.06,23.06,21.39,21.39,748500
2023-10-18 07:00:00,21.6,21.76,19.91,20.27,1246900
2023-10-19 07:00:00,20.27,20.85,19.64,20.45,789100
2023-10-20 07:00:00,20.64,21.6,20.33,21.6,980800
2023-10-23 07:00:00,21.72,21.85,21.18,21.21,500500
2023-10-24 07:00:00,21.54,21.63,21.09,21.48,436200
2023-10-25 07:00:00,21.48,22.12,21.48,21.66,812500
2023-10-26 07:00:00,21.18,21.18,20.15,20.57,1604600
2023-10-27 07:00:00,20.85,21.3,19.73,21.0,892600
2023-10-30 07:00:00,21.0,21.48,20.88,20.88,717800
2023-10-31 07:00:00,21.18,21.18,20.03,20.27,703900
2023-11-01 07:00:00,20.27,20.27,19.27,20.24,938900
2023-11-02 07:00:00,20.57,21.63,20.33,21.63,972200
2023-11-03 07:00:00,22.21,22.21,21.54,21.79,864800
2023-11-06 07:00:00,22.06,22.15,21.57,22.15,873300
2023-11-07 07:00:00,22.03,22.57,21.72,22.0,699500
2023-11-08 07:00:00,21.94,23.45,21.91,23.42,1358400
2023-11-09 07:00:00,23.42,24.08,23.15,23.66,1465900
2023-11-10 07:00:00,23.42,24.15,23.21,23.36,1690700
2023-11-13 07:00:00,23.6,23.6,22.69,23.27,914300
2023-11-14 07:00:00,23.33,23.63,22.87,23.18,850800
2023-11-15 07:00:00,23.72,23.72,23.06,23.18,858100
2023-11-16 07:00:00,23.21,24.21,22.97,24.21,1153700
2023-11-17 07:00:00,24.21,24.33,23.12,23.54,1375100
2023-11-20 07:00:00,22.57,23.51,22.57,23.06,953800
2023-11-21 07:00:00,23.33,23.72,23.21,23.6,714300
2023-11-22 07:00:00,23.6,23.96,23.3,23.78,941700
2023-11-23 07:00:00,24.21,25.3,23.72,23.72,2739900
2023-11-24 07:00:00,23.72,23.9,22.75,23.72,1094200
2023-11-27 07:00:00,23.72,24.27,23.0,23.0,1069500
2023-11-28 07:00:00,23.0,23.24,22.39,23.24,764000
2023-11-29 07:00:00,23.45,23.6,23.18,23.42,493100
2023-11-30 07:00:00,23.33,23.66,23.21,23.3,629800
2023-12-01 07:00:00,23.48,23.48,22.9,23.24,483900
2023-12-04 07:00:00,23.6,24.51,23.54,24.21,1244400
2023-12-05 07:00:00,24.21,24.3,23.9,24.08,750300
2023-12-06 07:00:00,24.21,24.75,24.02,24.72,842700
2023-12-07 07:00:00,24.81,24.81,23.66,24.02,1094400
2023-12-08 07:00:00,24.15,24.15,23.6,24.02,765300
2023-12-11 07:00:00,24.15,24.15,23.66,23.9,347100
2023-12-12 07:00:00,23.81,24.08,23.78,23.78,335000
2023-12-13 07:00:00,23.84,24.05,23.54,23.6,740900
2023-12-14 07:00:00,23.78,23.81,23.12,23.12,490400
2023-12-15 07:00:00,23.15,23.39,23.0,23.18,421100
2023-12-18 07:00:00,23.39,23.39,22.9,22.9,346900
2023-12-19 07:00:00,22.87,23.12,22.57,23.0,450500
2023-12-20 07:00:00,23.0,23.33,23.0,23.24,249900
2023-12-21 07:00:00,23.18,23.27,22.97,23.24,321900
2023-12-22 07:00:00,23.24,23.48,23.18,23.36,369900
2023-12-25 07:00:00,23.36,23.66,23.24,23.57,504700
2023-12-26 07:00:00,23.6,23.87,23.54,23.66,380400
2023-12-27 07:00:00,23.66,23.81,23.51,23.72,432200
2023-12-28 07:00:00,23.6,23.96,23.6,23.84,596900
2023-12-29 07:00:00,24.08,24.08,23.6,23.99,482000
2024-01-02 07:00:00,24.05,24.08,23.39,23.6,660500
2024-01-03 07:00:00,23.6,23.96,23.36,23.84,498400
2024-01-04 07:00:00,23.87,24.21,23.6,23.96,891100
2024-01-05 07:00:00,23.84,24.93,23.84,24.57,1684500
2024-01-08 07:00:00,24.87,24.93,24.42,24.45,879600
2024-01-09 07:00:00,24.54,24.6,24.27,24.33,768700
2024-01-10 07:00:00,24.27,24.48,23.78,24.08,931300
2024-01-11 07:00:00,24.08,24.18,23.6,23.87,607900
2024-01-12 07:00:00,23.6,23.6,23.06,23.24,1147100
2024-01-15 07:00:00,23.36,23.48,22.87,23.06,639500
2024-01-16 07:00:00,22.87,23.42,22.87,23.42,331100
2024-01-17 07:00:00,23.54,24.15,23.54,23.6,529300
2024-01-18 07:00:00,23.6,23.84,23.36,23.66,499800
2024-01-19 07:00:00,23.84,23.99,23.51,23.72,450500
2024-01-22 07:00:00,23.72,23.78,23.3,23.6,429500
2024-01-23 07:00:00,23.6,23.96,23.54,23.87,742500
2024-01-24 07:00:00,23.96,24.15,23.72,23.78,451300
2024-01-25 07:00:00,23.78,23.9,23.48,23.48,235000
2024-01-26 07:00:00,23.51,23.72,23.42,23.45,333700
2024-01-29 07:00:00,23.54,23.78,23.42,23.6,255400
2024-01-30 07:00:00,23.6,23.9,23.42,23.9,385800
2024-01-31 07:00:00,24.15,24.69,23.99,23.99,1428400
2024-02-01 07:00:00,23.99,24.51,23.93,24.51,772700
2024-02-02 07:00:00,24.63,25.3,24.63,24.87,1641900
2024-02-05 07:00:00,24.9,25.23,24.63,25.11,889200
2024-02-06 07:00:00,25.11,25.23,24.9,25.02,623600
2024-02-07 07:00:00,25.02,25.33,24.75,25.23,545600
2024-02-15 07:00:00,25.3,25.3,24.93,25.23,658000
2024-02-16 07:00:00,25.11,25.39,25.02,25.02,495100
2024-02-19 07:00:00,24.93,25.08,24.6,24.84,805400
2024-02-20 07:00:00,25.11,25.42,24.66,25.42,926800
2024-02-21 07:00:00,25.42,25.96,25.3,25.54,994800
2024-02-22 07:00:00,25.54,25.6,24.99,25.36,595800
2024-02-23 07:00:00,25.33,25.33,24.12,24.21,1368900
2024-02-26 07:00:00,24.02,24.21,23.69,24.21,1001200
2024-02-27 07:00:00,24.21,24.63,24.15,24.48,502700
2024-02-28 07:00:00,24.51,24.63,24.21,24.45,627800
2024-02-29 07:00:00,24.51,24.6,23.99,24.33,866100
2024-03-01 07:00:00,24.21,24.99,24.08,24.99,1291500
2024-03-04 07:00:00,25.6,25.72,24.99,25.14,1129600
2024-03-05 07:00:00,25.14,25.2,24.81,24.93,554500
2024-03-06 07:00:00,25.08,25.11,24.21,24.54,1121700
2024-03-07 07:00:00,24.42,24.63,24.33,24.6,472500
2024-03-08 07:00:00,24.81,24.87,24.12,24.15,913700
2024-03-11 07:00:00,24.12,24.24,23.66,23.72,570800
2024-03-12 07:00:00,23.72,23.96,23.57,23.84,704100
2024-03-13 07:00:00,24.02,24.63,23.84,24.63,690100
2024-03-14 07:00:00,24.63,24.9,24.36,24.54,786300
2024-03-15 07:00:00,24.54,25.39,24.24,25.26,2020400
2024-03-18 07:00:00,25.72,27.02,25.72,27.02,4566700
2024-03-19 07:00:00,27.84,27.84,26.02,26.51,1066300
2024-03-20 07:00:00,26.51,27.05,26.35,26.63,1144500
2024-03-21 07:00:00,26.78,27.23,26.57,26.93,1441100
2024-03-22 07:00:00,27.35,27.35,26.51,26.75,1282100
2024-03-25 07:00:00,26.81,27.5,26.32,26.57,901400
2024-03-26 07:00:00,26.41,27.23,26.38,27.23,946500
2024-03-27 07:00:00,27.59,28.93,27.38,28.35,1912700
2024-03-28 07:00:00,28.35,28.62,28.02,28.26,735700
2024-03-29 07:00:00,28.32,28.32,27.59,28.08,878800
2024-04-01 07:00:00,27.84,28.38,27.56,28.26,1106400
2024-04-02 07:00:00,27.84,28.11,27.53,28.08,668100
2024-04-03 07:00:00,27.96,28.87,27.84,27.84,1418000
2024-04-04 07:00:00,27.9,29.77,27.17,29.65,2499000
2024-04-05 07:00:00,28.93,30.68,28.71,29.83,1710200
2024-04-08 07:00:00,29.83,31.59,29.23,31.17,2081100
2024-04-09 07:00:00,31.1,31.1,29.83,30.56,1131700
2024-04-10 07:00:00,30.56,31.47,30.14,30.98,943500
2024-04-11 07:00:00,30.74,31.1,30.26,30.86,584300
2024-04-12 07:00:00,31.23,32.62,30.86,31.95,1065200
2024-04-15 07:00:00,31.59,31.95,29.74,29.74,2156800
2024-04-16 07:00:00,28.02,30.26,27.81,30.14,2472900
2024-04-17 07:00:00,30.14,30.56,28.05,28.05,1216400
2024-04-19 07:00:00,26.93,27.23,26.11,26.11,2256100
2024-04-22 07:00:00,26.02,26.63,25.42,25.72,1677600
2024-04-23 07:00:00,25.9,26.38,25.11,25.72,780100
2024-04-24 07:00:00,26.02,27.02,25.84,26.63,1021300
2024-04-25 07:00:00,26.69,26.78,25.78,25.84,773900
2024-04-26 07:00:00,25.69,26.38,25.45,25.99,964500
2024-05-02 07:00:00,25.99,26.6,25.78,26.48,575900
2024-05-03 07:00:00,26.54,26.78,26.05,26.29,904900
2024-05-06 07:00:00,26.63,27.53,26.26,27.53,1126600
2024-05-07 07:00:00,27.53,27.75,27.02,27.17,853800
2024-05-08 07:00:00,26.93,29.05,26.69,29.05,2248900
2024-05-09 07:00:00,29.53,30.2,29.08,29.53,1347000
2024-05-10 07:00:00,29.29,30.68,29.23,30.26,1213200
2024-05-13 07:00:00,30.8,30.8,29.44,30.05,1778300
2024-05-14 07:00:00,30.11,30.11,29.32,29.95,1209700
2024-05-15 07:00:00,30.2,32.01,30.02,32.01,1673400
2024-05-16 07:00:00,32.38,33.83,32.07,33.28,1432200
2024-05-17 07:00:00,33.28,33.89,32.68,33.83,1365200
2024-05-20 07:00:00,33.89,35.04,33.28,34.43,1543900
2024-05-21 07:00:00,33.89,35.1,33.59,35.1,1405900
2024-05-22 07:00:00,35.4,35.58,34.19,34.61,1072100
2024-05-23 07:00:00,34.01,35.7,33.59,35.7,1251800
2024-05-24 07:00:00,34.8,35.1,33.22,33.22,2020900
2024-05-27 07:00:00,32.74,34.43,32.5,34.43,1089700
2024-05-28 07:00:00,34.49,35.34,34.25,34.92,967100
2024-05-29 07:00:00,35.04,36.13,34.19,34.92,1682700
2024-05-30 07:00:00,34.67,35.64,32.98,35.52,1703700
2024-05-31 07:00:00,35.22,35.7,34.8,35.16,830500
2024-06-03 07:00:00,35.52,35.7,34.74,34.92,1168700
2024-06-04 07:00:00,34.74,36.01,34.43,35.7,1790700
2024-06-05 07:00:00,36.01,36.91,35.04,35.46,1402800
2024-06-06 07:00:00,35.46,35.52,34.55,35.1,1049400
2024-06-07 07:00:00,35.1,35.7,34.86,35.34,875400
2024-06-10 07:00:00,35.1,36.25,35.1,35.4,1090500
2024-06-11 07:00:00,35.71,36.32,35.22,35.71,821000
2024-06-12 07:00:00,35.71,36.63,35.52,36.51,1320800
2024-06-13 07:00:00,36.94,38.66,36.69,38.17,1612600
2024-06-14 07:00:00,38.17,38.48,35.52,35.52,1585800
2024-06-17 07:00:00,35.71,36.57,35.09,36.14,1489400
2024-06-18 07:00:00,36.14,37.06,35.96,36.82,1070500
2024-06-19 07:00:00,37.25,37.25,35.71,36.82,969400
2024-06-20 07:00:00,36.45,36.94,35.59,36.94,1561700
2024-06-21 07:00:00,37.25,38.17,36.88,37.49,1342200
2024-06-24 07:00:00,37.25,37.25,34.91,34.91,2007200
2024-06-25 07:00:00,35.4,35.4,34.05,35.03,1016800
2024-06-26 07:00:00,34.79,35.15,33.92,34.97,952500
2024-06-27 07:00:00,34.72,35.34,34.29,34.91,1087200
2024-06-28 07:00:00,34.97,35.03,32.94,33.31,984300
2024-07-01 07:00:00,33.31,34.42,33.0,34.29,1053500
2024-07-02 07:00:00,34.17,34.79,34.11,34.79,807600
2024-07-03 07:00:00,34.91,35.03,34.54,34.66,642000
2024-07-04 07:00:00,35.03,35.34,34.54,34.85,474600
2024-07-05 07:00:00,34.85,36.02,34.66,35.52,1220900
2024-07-08 07:00:00,35.89,36.51,35.59,36.39,1058800
2024-07-09 07:00:00,36.63,37.31,36.32,36.76,1350000
2024-07-10 07:00:00,36.88,37.19,36.02,36.88,1641300
2024-07-11 07:00:00,37.19,37.86,36.32,36.88,1484000
2024-07-12 07:00:00,36.88,37.56,35.52,36.08,1547600
2024-07-15 07:00:00,36.14,36.88,36.08,36.82,691400
2024-07-16 07:00:00,37.0,38.42,36.69,37.0,2034900
2024-07-17 07:00:00,37.25,37.25,34.42,34.72,2240500
2024-07-18 07:00:00,34.72,35.22,33.86,35.22,1074700
2024-07-19 07:00:00,35.22,35.65,34.23,34.54,899700
2024-07-22 07:00:00,34.11,34.48,32.14,32.45,1943200
2024-07-23 07:00:00,32.63,32.69,30.2,30.2,1385500
2024-07-24 07:00:00,30.17,31.71,29.12,31.21,1033500
2024-07-25 07:00:00,30.78,31.15,30.32,31.03,492400
2024-07-26 07:00:00,31.03,31.95,30.85,31.83,824900
2024-07-29 07:00:00,31.95,32.51,31.52,32.08,564900
2024-07-30 07:00:00,32.14,32.57,31.4,31.77,793800
2024-07-31 07:00:00,31.89,32.32,31.46,31.89,528100
2024-08-01 07:00:00,31.89,32.08,29.68,29.68,1580600
2024-08-02 07:00:00,28.63,30.32,28.32,30.17,880700
2024-08-05 07:00:00,28.88,29.8,28.07,28.07,927800
2024-08-06 07:00:00,28.94,29.4,28.07,29.4,616500
2024-08-07 07:00:00,29.49,29.55,28.69,29.52,482200
2024-08-08 07:00:00,29.37,30.48,28.94,29.49,679300
2024-08-09 07:00:00,29.71,30.17,29.49,29.98,686500
2024-08-12 07:00:00,29.92,30.63,29.92,30.54,683900
2024-08-13 07:00:00,30.6,30.66,29.86,30.66,555100
2024-08-14 07:00:00,30.78,30.85,30.11,30.66,594400
2024-08-15 07:00:00,30.01,30.29,29.58,30.04,618600
2024-08-16 07:00:00,30.29,32.01,30.04,31.89,1354500
2024-08-19 07:00:00,32.01,32.57,31.95,32.08,952500
2024-08-20 07:00:00,32.26,33.12,31.71,32.63,1135500
2024-08-21 07:00:00,32.26,32.63,32.2,32.57,785400
2024-08-22 07:00:00,32.2,32.63,32.08,32.51,675900
2024-08-23 07:00:00,32.2,32.75,32.08,32.63,674800
2024-08-26 07:00:00,32.94,33.55,32.38,32.57,957200
2024-08-27 07:00:00,32.57,32.82,32.14,32.69,579500
2024-08-28 07:00:00,32.88,32.88,31.83,32.57,792300
2024-08-29 07:00:00,32.57,32.63,32.14,32.2,517700
2024-08-30 07:00:00,32.26,32.94,32.01,32.57,506500
2024-09-04 07:00:00,32.01,33.31,32.01,33.25,949400
2024-09-05 07:00:00,33.43,33.8,32.57,33.18,691900
2024-09-06 07:00:00,32.94,33.12,32.08,33.06,559900
2024-09-09 07:00:00,32.51,33.0,32.38,33.0,350600
2024-09-10 07:00:00,33.18,33.74,32.63,33.0,1025800
2024-09-11 07:00:00,32.88,33.12,32.14,33.0,623500
2024-09-12 07:00:00,33.18,33.37,32.69,32.82,602600
2024-09-13 07:00:00,32.63,33.18,32.57,33.06,364300
2024-09-16 07:00:00,33.06,33.74,33.06,33.25,1501800
2024-09-17 07:00:00,33.25,34.97,33.06,34.97,2214200
2024-09-18 07:00:00,34.97,35.4,34.66,34.97,774900
2024-09-19 07:00:00,34.97,35.22,34.42,34.79,848200
2024-09-20 07:00:00,35.03,35.15,34.6,34.79,864500
2024-09-23 07:00:00,34.85,35.59,34.48,35.03,660300
2024-09-24 07:00:00,35.09,35.83,35.09,35.65,972400
2024-09-25 07:00:00,35.77,35.77,35.34,35.34,683100
2024-09-26 07:00:00,35.4,35.65,34.91,34.91,1180000
2024-09-27 07:00:00,34.97,35.65,34.66,35.28,835200
2024-09-30 07:00:00,35.28,35.28,34.66,34.91,672300
2024-10-01 07:00:00,34.97,35.52,34.97,35.22,710600
2024-10-02 07:00:00,35.03,35.09,34.54,34.72,686100
2024-10-03 07:00:00,34.79,35.03,33.06,33.12,1951300
2024-10-04 07:00:00,32.82,33.31,32.63,32.63,781400
2024-10-07 07:00:00,33.18,33.18,32.38,32.94,694600
2024-10-08 07:00:00,33.06,33.06,32.57,32.94,539400
2024-10-09 07:00:00,32.88,33.86,32.88,33.55,686400
2024-10-10 07:00:00,33.62,33.8,32.94,33.25,718300
2024-10-11 07:00:00,33.25,34.29,33.12,34.23,863000
2024-10-14 07:00:00,34.35,34.48,33.8,34.11,504200
2024-10-15 07:00:00,34.29,34.29,33.62,34.05,628200
2024-10-16 07:00:00,33.74,34.23,33.62,34.23,562900
2024-10-17 07:00:00,34.29,34.85,33.74,34.66,847700
2024-10-18 07:00:00,34.72,34.91,34.29,34.42,481200
2024-10-21 07:00:00,34.48,34.48,33.37,33.43,770800
2024-10-22 07:00:00,33.43,34.35,33.37,34.05,826800
2024-10-23 07:00:00,34.17,35.65,33.49,35.52,1658800
2024-10-24 07:00:00,35.52,35.71,35.09,35.15,865600
2024-10-25 07:00:00,35.03,35.83,35.03,35.28,951200
2024-10-28 07:00:00,35.34,35.52,34.48,35.52,819800
2024-10-29 07:00:00,35.52,36.02,34.85,35.03,1198700
2024-10-30 07:00:00,34.48,34.54,32.63,32.63,3597500
2024-10-31 07:00:00,31.46,32.45,31.09,31.58,1496500
2024-11-01 07:00:00,31.89,32.38,31.4,31.89,811000
2024-11-04 07:00:00,31.83,31.83,29.98,31.03,1113000
2024-11-05 07:00:00,31.03,31.71,30.85,31.58,530800
2024-11-06 07:00:00,31.65,32.08,31.34,32.01,573600
2024-11-07 07:00:00,32.01,32.26,31.77,32.26,613300
2024-11-08 07:00:00,32.38,32.45,31.71,32.01,643400
2024-11-11 07:00:00,31.77,32.01,31.34,32.01,480900
2024-11-12 07:00:00,32.01,32.38,31.77,32.26,527900
2024-11-13 07:00:00,32.01,32.57,31.77,32.57,522100
2024-11-14 07:00:00,32.57,32.94,31.95,32.38,525400
2024-11-15 07:00:00,32.01,32.01,31.28,32.01,576500
2024-11-18 07:00:00,31.71,31.95,30.78,31.95,451800
2024-11-19 07:00:00,31.65,31.71,30.78,30.78,542600
2024-11-20 07:00:00,30.78,32.08,29.86,31.65,562300
2024-11-21 07:00:00,31.65,32.08,31.34,31.89,258100
2024-11-22 07:00:00,31.89,32.26,31.52,32.01,477600
2024-11-25 07:00:00,32.2,32.2,31.65,31.95,308100
2024-11-26 07:00:00,32.01,32.51,31.83,32.01,608300
2024-11-27 07:00:00,31.95,31.95,31.58,31.95,371800
2024-11-28 07:00:00,31.77,32.14,31.58,31.58,353600
2024-11-29 07:00:00,31.65,31.71,31.21,31.52,360600
2024-12-02 07:00:00,31.58,32.32,31.58,31.89,352200
2024-12-03 07:00:00,31.83,31.89,31.65,31.65,412300
2024-12-04 07:00:00,31.65,32.26,31.46,31.71,482100
2024-12-05 07:00:00,31.71,32.63,31.46,32.38,872900
2024-12-06 07:00:00,32.51,33.0,32.26,32.45,708900
2024-12-09 07:00:00,32.57,32.94,32.51,32.63,497800
2024-12-10 07:00:00,32.57,32.75,32.01,32.14,728200
2024-12-11 07:00:00,32.01,32.2,31.71,31.83,535700
2024-12-12 07:00:00,31.83,32.01,31.58,31.58,468800
2024-12-13 07:00:00,31.46,31.65,31.09,31.09,565700
2024-12-16 07:00:00,31.34,31.65,31.09,31.4,255500
2024-12-17 07:00:00,31.4,31.95,31.15,31.71,295400
2024-12-18 07:00:00,31.58,31.83,31.46,31.71,121600
2024-12-19 07:00:00,31.52,31.52,30.78,31.21,524100
2024-12-20 07:00:00,31.28,31.4,30.97,31.4,525600
2024-12-23 07:00:00,31.34,31.71,30.91,30.91,382700
2024-12-24 07:00:00,30.85,30.85,29.18,29.37,1785800
2024-12-25 07:00:00,29.37,30.04,29.37,29.58,767000
2024-12-26 07:00:00,29.55,29.86,29.37,29.4,432700
2024-12-27 07:00:00,29.37,29.4,28.44,28.54,934800
2024-12-30 07:00:00,28.94,28.94,28.6,28.6,290100
2024-12-31 07:00:00,28.63,28.75,28.32,28.32,332100
2025-01-02 07:00:00,28.32,29.24,28.32,29.24,455200
2025-01-03 07:00:00,28.94,29.06,28.6,28.63,247000
2025-01-06 07:00:00,28.63,28.88,27.09,27.52,420700
2025-01-07 07:00:00,27.46,27.71,26.14,26.17,1069600
2025-01-08 07:00:00,26.01,26.9,26.01,26.78,325000
2025-01-09 07:00:00,27.67,27.86,26.78,27.83,626600
2025-01-10 07:00:00,27.8,27.83,27.09,27.15,292600
2025-01-13 07:00:00,26.47,27.64,26.47,27.64,221900
2025-01-14 07:00:00,27.77,27.77,27.03,27.03,200500
2025-01-15 07:00:00,27.03,28.01,27.03,27.86,441500
2025-01-16 07:00:00,27.95,28.26,27.71,28.11,354700
2025-01-17 07:00:00,28.26,28.26,27.95,28.07,159900
2025-01-20 07:00:00,28.01,28.2,27.77,27.95,220000
2025-01-21 07:00:00,27.89,27.95,27.49,27.55,254900
2025-01-22 07:00:00,27.55,27.71,27.03,27.03,172000
2025-01-23 07:00:00,27.12,27.46,26.81,27.24,225700
2025-01-24 07:00:00,27.43,28.01,27.31,27.64,221000
2025-02-03 07:00:00,27.4,27.98,27.27,27.64,234900
2025-02-04 07:00:00,27.55,28.51,27.55,28.38,368700
2025-02-05 07:00:00,28.41,28.94,28.41,28.84,555200
2025-02-06 07:00:00,28.84,29.03,28.51,28.63,279000
2025-02-07 07:00:00,28.38,29.0,28.38,28.51,333800
2025-02-10 07:00:00,28.44,28.44,27.46,27.46,413700
2025-02-11 07:00:00,27.71,28.01,27.34,27.61,432800
2025-02-12 07:00:00,27.61,27.98,27.61,27.77,186900
2025-02-13 07:00:00,27.71,28.2,27.46,28.17,279800
2025-02-14 07:00:00,28.2,28.69,28.2,28.44,517600
2025-02-17 07:00:00,28.63,28.63,28.11,28.17,463000
2025-02-18 07:00:00,28.32,28.72,28.04,28.23,492100
2025-02-19 07:00:00,28.57,29.34,28.2,29.18,1019200
2025-02-20 07:00:00,29.37,29.4,28.94,28.94,476400
2025-02-21 07:00:00,28.97,29.15,28.63,28.75,406100
2025-02-24 07:00:00,28.75,28.75,28.23,28.38,504100
2025-02-25 07:00:00,28.81,29.37,28.54,28.94,613000
2025-02-26 07:00:00,28.97,29.15,28.57,28.69,342400
2025-02-27 07:00:00,28.78,29.86,28.69,29.86,1936500
2025-02-28 07:00:00,29.86,30.11,29.52,29.95,716300
2025-03-03 07:00:00,30.11,30.32,29.74,30.14,480300
2025-03-04 07:00:00,29.92,30.17,29.37,29.77,961000
2025-03-05 07:00:00,29.77,29.86,29.24,29.37,683700
2025-03-06 07:00:00,29.4,30.08,29.4,30.08,410700
2025-03-07 07:00:00,30.14,31.09,30.04,30.04,870200
2025-03-10 07:00:00,30.11,30.11,29.74,29.86,536600
2025-03-11 07:00:00,29.58,30.2,29.43,30.17,647000
2025-03-12 07:00:00,30.17,30.17,29.77,29.92,458400
2025-03-13 07:00:00,29.86,29.98,29.21,29.31,618600
2025-03-14 07:00:00,29.31,29.86,28.57,29.61,772400
2025-03-17 07:00:00,29.61,30.35,29.61,30.23,639900
2025-03-18 07:00:00,30.26,30.66,30.04,30.11,516400
2025-03-19 07:00:00,29.86,30.26,29.8,29.83,373000
2025-03-20 07:00:00,29.86,30.04,29.55,30.04,421900
2025-03-21 07:00:00,30.04,30.63,30.04,30.2,750400
2025-03-24 07:00:00,30.2,31.77,30.17,31.34,1952800
2025-03-25 07:00:00,31.58,31.77,31.21,31.21,514200
2025-03-26 07:00:00,31.4,31.58,31.15,31.52,778200
2025-03-27 07:00:00,31.52,31.65,31.28,31.4,434300
2025-03-28 07:00:00,31.58,32.88,31.46,32.38,1861400
2025-03-31 07:00:00,32.88,33.18,31.65,31.65,1357800
2025-04-01 07:00:00,31.71,32.26,31.4,32.01,566900
2025-04-02 07:00:00,32.08,32.88,32.08,32.75,672500
2025-04-03 07:00:00,30.78,32.01,30.48,30.48,1554800
2025-04-04 07:00:00,28.35,30.01,28.35,30.01,1434300
2025-04-08 07:00:00,28.32,29.46,27.92,27.92,701900
2025-04-09 07:00:00,25.98,27.46,25.98,25.98,1470400
2025-04-10 07:00:00,27.8,27.8,27.8,27.8,15200
2025-04-11 07:00:00,29.55,29.55,27.8,29.12,1164500
2025-04-14 07:00:00,29.18,30.11,29.09,29.86,561500
2025-04-15 07:00:00,29.74,29.86,28.97,29.43,467900
2025-04-16 07:00:00,29.4,30.54,29.4,29.83,765700
2025-04-17 07:00:00,29.74,30.2,29.71,30.17,317800
2025-04-18 07:00:00,30.35,31.4,30.14,30.78,1032600
2025-04-21 07:00:00,30.78,31.89,30.78,31.4,761800
2025-04-22 07:00:00,30.85,31.34,29.21,30.54,1314400
2025-04-23 07:00:00,30.78,31.65,30.48,31.15,623700
2025-04-24 07:00:00,30.91,31.21,29.8,30.35,702200
2025-04-25 07:00:00,30.91,31.34,30.54,31.28,918600
2025-04-28 07:00:00,31.4,31.65,30.97,31.28,507200
2025-04-29 07:00:00,31.4,32.26,31.28,31.58,970500
2025-05-05 07:00:00,31.95,31.95,31.15,31.89,460600
2025-05-06 07:00:00,31.89,32.45,31.15,31.46,798300
2025-05-07 07:00:00,31.4,32.14,31.28,31.95,626700
2025-05-08 07:00:00,32.01,32.2,31.4,31.95,576100
2025-05-09 07:00:00,32.01,32.01,30.78,30.85,944900
2025-05-12 07:00:00,30.91,31.21,30.35,31.09,852900
2025-05-13 07:00:00,31.09,31.65,30.97,31.4,664000
2025-05-14 07:00:00,31.4,31.65,31.03,31.21,610800
2025-05-15 07:00:00,31.34,31.89,30.97,31.65,933900
2025-05-16 07:00:00,31.77,33.8,31.46,33.8,3015700
2025-05-19 07:00:00,33.74,34.91,33.74,34.35,1151800
2025-05-20 07:00:00,34.23,34.72,34.05,34.48,711400
2025-05-21 07:00:00,35.03,35.96,34.35,35.71,1791100
2025-05-22 07:00:00,36.32,38.17,36.08,37.56,2300900
2025-05-23 07:00:00,38.17,38.17,36.94,38.11,1261900
2025-05-26 07:00:00,38.42,40.63,37.0,40.39,1769500
2025-05-27 07:00:00,40.94,42.17,40.57,41.8,1456700
2025-05-28 07:00:00,42.42,42.79,41.07,41.37,1929000
2025-05-29 07:00:00,41.87,41.87,40.2,41.13,1813200
2025-05-30 07:00:00,41.37,42.79,40.14,42.3,1797600
2025-06-02 07:00:00,42.17,42.91,41.56,42.3,1112300
2025-06-03 07:00:00,42.36,42.36,41.5,41.56,1283700
2025-06-04 07:00:00,41.74,42.17,41.5,41.56,1291300
2025-06-05 07:00:00,41.68,41.93,40.26,40.63,1511000
2025-06-06 07:00:00,41.19,41.37,40.39,41.19,1262900
2025-06-09 07:00:00,41.19,41.25,40.2,40.33,1311000
2025-06-10 07:00:00,40.33,41.25,40.33,41.25,1771500
2025-06-11 07:00:00,42.65,42.65,40.7,41.65,2092500
2025-06-12 07:00:00,41.65,42.0,41.1,41.65,755500
2025-06-13 07:00:00,41.0,41.5,40.05,41.5,1500600
2025-06-16 07:00:00,41.4,42.8,40.7,42.2,1436200
2025-06-17 07:00:00,42.5,45.15,42.3,45.15,1932400
2025-06-18 07:00:00,45.9,47.7,45.9,46.4,1772800
2025-06-19 07:00:00,45.7,46.2,44.75,46.0,1431400
2025-06-20 07:00:00,46.15,46.8,45.2,46.0,1023000
2025-06-23 07:00:00,45.1,45.9,45.1,45.25,974200
2025-06-24 07:00:00,45.6,45.6,44.15,44.15,1561000
2025-06-25 07:00:00,44.1,44.85,43.2,43.2,1629000
2025-06-26 07:00:00,43.1,44.8,42.9,44.0,1028900
2025-06-27 07:00:00,44.3,44.3,43.15,43.15,875900
2025-06-30 07:00:00,43.15,44.0,43.1,43.4,738600
2025-07-01 07:00:00,43.8,43.9,43.0,43.2,794400
2025-07-02 07:00:00,43.2,44.0,43.05,43.3,890200
2025-07-03 07:00:00,43.3,44.75,43.05,43.3,1182800
2025-07-04 07:00:00,43.5,44.95,43.5,44.2,1669100
2025-07-07 07:00:00,45.0,45.35,44.2,44.7,1845600
2025-07-08 07:00:00,44.55,45.8,44.35,44.8,1573700
2025-07-09 07:00:00,45.15,45.3,44.8,44.95,1421700
2025-07-10 07:00:00,45.0,45.6,44.55,44.6,1128000
2025-07-11 07:00:00,44.55,44.6,43.0,43.15,2905800
2025-07-14 07:00:00,43.0,44.1,41.85,43.8,2524800
2025-07-15 07:00:00,44.0,44.15,42.8,42.8,1205500
2025-07-16 07:00:00,42.8,43.8,42.65,42.95,1368500
2025-07-17 07:00:00,43.05,45.6,43.05,45.2,4175300
2025-07-18 07:00:00,46.2,47.5,45.8,46.5,2182900
2025-07-21 07:00:00,46.5,46.65,45.2,45.25,2392900
2025-07-22 07:00:00,44.3,44.95,43.8,44.75,3692200
2025-07-23 07:00:00,44.75,47.85,44.1,47.85,6481200
2025-07-24 07:00:00,48.9,49.8,47.65,48.1,2496900
2025-07-25 07:00:00,48.5,48.5,47.2,47.45,2690500
2025-07-28 07:00:00,47.7,49.5,47.7,48.5,3532100
2025-07-29 07:00:00,48.5,48.6,45.15,45.15,6148900
2025-07-30 07:00:00,45.15,45.15,43.45,44.3,2569000
2025-07-31 07:00:00,45.0,45.2,43.0,43.55,2621600
2025-08-01 07:00:00,43.6,45.7,43.6,44.2,2776400
2025-08-04 07:00:00,44.3,45.7,43.5,45.6,2341200
2025-08-05 07:00:00,46.1,47.15,43.5,45.0,4008500
2025-08-06 07:00:00,46.0,46.5,45.15,46.5,1977600
2025-08-07 07:00:00,46.9,47.75,46.45,46.85,2364000
2025-08-08 07:00:00,47.0,47.0,44.65,45.8,3490200
2025-08-11 07:00:00,45.8,47.4,45.7,45.8,3935500
2025-08-12 07:00:00,46.0,48.5,46.0,47.8,5769800
2025-08-13 07:00:00,48.1,49.9,48.1,48.9,5514300
2025-08-14 07:00:00,50.3,50.3,48.0,48.6,3160200
2025-08-15 07:00:00,49.0,49.4,46.4,46.75,4507600
2025-08-18 07:00:00,46.75,48.55,45.7,48.15,3723500
2025-08-19 07:00:00,48.6,51.5,47.8,51.5,7663500
2025-08-20 07:00:00,51.2,51.5,47.9,48.5,4296100
2025-08-21 07:00:00,48.5,48.9,45.5,45.5,5503800
2025-08-22 07:00:00,44.0,45.0,42.35,42.35,6028500
2025-08-25 07:00:00,43.6,43.85,42.25,42.25,2464600
2025-08-26 07:00:00,42.25,44.0,41.9,44.0,1379800
2025-08-27 07:00:00,44.45,45.2,43.5,43.5,2409100
2025-08-28 07:00:00,43.5,44.0,43.15,43.35,1403400
2025-08-29 07:00:00,44.0,45.6,43.65,44.05,2419700
2025-09-03 07:00:00,44.1,45.7,44.1,45.0,1393900
2025-09-04 07:00:00,45.4,46.0,44.8,44.95,1812900
2025-09-05 07:00:00,45.2,45.35,44.0,44.0,2940300
2025-09-08 07:00:00,43.45,43.5,42.0,42.05,2641600
2025-09-09 07:00:00,42.4,43.0,41.9,42.8,1445900
2025-09-10 07:00:00,43.0,43.3,42.7,42.95,1006800
2025-09-11 07:00:00,42.75,44.0,42.0,43.95,1964500
2025-09-12 07:00:00,44.45,45.15,44.0,44.25,1017800
2025-09-15 07:00:00,44.25,47.1,44.1,46.95,3718000
2025-09-16 07:00:00,47.5,47.5,45.4,45.6,2098600
2025-09-17 07:00:00,45.45,46.0,44.8,44.8,1293100
2025-09-18 07:00:00,44.8,45.4,44.0,44.8,1013200
2025-09-19 07:00:00,45.3,46.05,44.8,45.6,1564600
2025-09-22 07:00:00,46.0,46.3,44.0,44.85,1383500
2025-09-23 07:00:00,45.4,45.85,44.65,45.5,943700
2025-09-24 07:00:00,45.7,46.75,45.5,46.35,2001500
2025-09-25 07:00:00,46.35,48.2,46.35,47.3,3189400
2025-09-26 07:00:00,47.3,47.3,46.0,46.0,1656300
2025-09-29 07:00:00,45.8,47.15,45.5,45.5,1345300
2025-09-30 07:00:00,45.6,46.05,44.1,45.5,1468000
2025-10-01 07:00:00,45.5,45.85,45.2,45.55,557800
2025-10-02 07:00:00,45.55,46.6,44.2,44.7,1301300
2025-10-03 07:00:00,44.3,45.7,44.3,44.85,1121900
2025-10-06 07:00:00,45.0,46.9,45.0,46.9,1508900
2025-10-07 07:00:00,46.9,47.4,45.7,45.7,1378900
2025-10-08 07:00:00,45.95,47.8,45.7,47.65,3869500
2025-10-09 07:00:00,48.0,49.0,47.65,48.0,2726000
2025-10-10 07:00:00,48.3,48.8,47.0,47.5,2332500
2025-10-13 07:00:00,46.95,49.25,46.85,48.75,3362700
2025-10-14 07:00:00,49.4,49.4,47.8,47.8,2675800
2025-10-15 07:00:00,48.2,48.45,46.95,48.4,2035700
2025-10-16 07:00:00,49.3,50.4,48.45,49.3,2902600
2025-10-17 07:00:00,49.35,50.4,48.0,48.0,2581700
2025-10-20 07:00:00,47.55,48.0,44.65,44.65,2851500
2025-10-21 07:00:00,43.6,44.5,43.0,43.5,3435000
2025-10-22 07:00:00,44.0,44.5,43.25,44.5,1165800
2025-10-23 07:00:00,44.4,45.3,44.1,44.6,938200
2025-10-24 07:00:00,44.2,44.6,43.4,44.15,843900
2025-10-27 07:00:00,44.3,44.5,42.5,42.5,958400
2025-10-28 07:00:00,42.3,43.5,42.1,43.3,918100
2025-10-29 07:00:00,43.7,44.5,43.6,44.05,612300
2025-10-30 07:00:00,44.4,44.9,44.15,44.75,663900
2025-10-31 07:00:00,44.7,44.7,43.8,43.8,572700
2025-11-03 07:00:00,43.8,44.0,42.2,42.2,896000
2025-11-04 07:00:00,42.05,44.15,41.9,43.8,1054100
2025-11-05 07:00:00,43.9,44.2,43.45,43.45,312900
2025-11-06 07:00:00,43.35,43.95,43.2,43.55,450500
2025-11-07 07:00:00,43.25,43.8,41.0,42.55,849500
2025-11-10 07:00:00,42.5,43.35,42.1,42.7,463800
2025-11-11 07:00:00,42.9,43.1,42.3,42.7,436700
2025-11-12 07:00:00,42.8,44.1,42.8,43.95,608900
2025-11-13 07:00:00,44.0,44.0,43.5,43.55,346600
2025-11-14 07:00:00,44.0,44.55,43.85,44.2,700500
2025-11-17 07:00:00,44.15,45.0,44.15,44.95,602500
2025-11-18 07:00:00,45.2,45.95,45.0,45.65,1168700
2025-11-19 07:00:00,45.85,45.85,44.75,44.8,727900
2025-11-20 07:00:00,44.8,45.0,44.05,44.2,483500
2025-11-21 07:00:00,44.15,44.55,43.9,44.5,507500
2025-11-24 07:00:00,44.55,45.1,44.0,44.0,393600
2025-11-25 07:00:00,44.1,44.65,43.8,44.05,717000
2025-11-26 07:00:00,44.1,44.85,44.1,44.75,409100
2025-11-27 07:00:00,44.75,45.05,44.05,44.2,439900
2025-11-28 07:00:00,44.2,44.2,43.4,43.6,636600
2025-12-01 07:00:00,43.6,43.8,43.05,43.2,378800
2025-12-02 07:00:00,43.05,43.2,42.3,42.8,650300
2025-12-03 07:00:00,42.85,43.45,42.8,43.35,417300
2025-12-04 07:00:00,43.6,44.0,43.35,43.8,472200
2025-12-05 07:00:00,43.8,43.8,43.0,43.1,603500
2025-12-08 07:00:00,43.2,43.2,42.5,42.7,538900
2025-12-09 07:00:00,42.7,43.55,42.7,43.5,630400
2025-12-10 07:00:00,43.9,43.9,42.85,42.95,197500
2025-12-11 07:00:00,42.8,43.1,42.55,42.6,337300
2025-12-12 07:00:00,42.65,42.7,40.0,41.2,1225900
2025-12-15 07:00:00,40.5,41.3,40.5,41.0,403800
2025-12-16 07:00:00,41.0,42.25,39.2,41.7,691500
2025-12-17 07:00:00,41.05,41.6,40.45,40.45,208000
2025-12-18 07:00:00,40.2,40.7,40.2,40.45,140600
2025-12-19 07:00:00,40.7,40.95,40.3,40.55,183300
2025-12-22 07:00:00,40.55,41.5,40.55,41.2,405000
2025-12-23 07:00:00,41.5,41.7,40.95,41.25,474300
2025-12-24 07:00:00,40.9,41.4,40.7,40.8,228200
2025-12-25 07:00:00,40.8,41.05,39.0,39.0,1242300
2025-12-26 07:00:00,38.8,39.1,37.6,38.5,899800
2025-12-29 07:00:00,38.5,38.85,38.5,38.75,247500
2025-12-30 07:00:00,38.75,38.95,38.1,38.2,358800
2025-12-31 07:00:00,38.15,38.2,37.2,37.5,721000
2026-01-05 07:00:00,37.5,37.9,37.0,37.45,717500
2026-01-06 07:00:00,37.0,37.55,36.1,36.6,670700
2026-01-07 07:00:00,37.0,37.65,36.65,37.65,514100
2026-01-08 07:00:00,37.95,37.95,37.0,37.25,495200
2026-01-09 07:00:00,37.25,37.25,35.9,36.0,866000
2026-01-12 07:00:00,36.1,38.5,35.7,38.5,788800
2026-01-13 07:00:00,41.15,41.15,40.05,40.85,1699100
2026-01-14 07:00:00,40.5,41.15,39.8,40.85,879100
2026-01-15 07:00:00,41.0,42.4,40.0,42.0,1861100
2026-01-16 07:00:00,42.0,42.0,41.2,42.0,766800
2026-01-19 07:00:00,41.85,42.3,41.5,42.3,780900
2026-01-20 07:00:00,42.05,43.1,41.65,42.8,1561200
2026-01-21 07:00:00,42.45,43.05,41.75,43.0,855100
2026-01-22 07:00:00,42.75,45.0,42.5,44.95,1383100
2026-01-23 07:00:00,44.2,45.0,43.95,44.95,915100
2026-01-26 07:00:00,44.7,44.7,42.0,44.4,824800
2026-01-27 07:00:00,43.4,44.5,43.1,44.2,570200
2026-01-28 07:00:00,44.2,44.9,43.0,43.9,885000
2026-01-29 07:00:00,43.9,44.1,43.15,44.0,321200
2026-01-30 07:00:00,44.15,45.2,43.7,44.45,868500
2026-02-02 07:00:00,43.7,44.5,43.65,44.0,507400
2026-02-03 07:00:00,44.0,45.5,43.85,44.0,769600
2026-02-04 07:00:00,44.7,46.9,44.0,45.8,1901600
2026-02-05 07:00:00,46.6,46.6,44.6,44.7,512800
2026-02-06 07:00:00,44.15,45.35,43.1,43.2,1023200
2026-02-09 07:00:00,43.3,45.0,42.45,44.95,1137800
2026-02-10 07:00:00,45.3,46.0,44.5,45.3,921700
2026-02-11 07:00:00,45.45,47.0,44.9,46.6,1536900
2026-02-12 07:00:00,46.2,46.5,45.5,46.3,492400
2026-02-13 07:00:00,46.0,46.0,44.9,45.05,644300
2026-02-23 07:00:00,45.6,45.6,44.5,45.3,522600
2026-02-24 07:00:00,44.5,45.6,44.45,45.6,718400
2026-02-25 07:00:00,46.0,47.5,45.8,46.15,1011000
2026-02-26 07:00:00,46.15,49.05,45.7,47.8,2281100
2026-02-27 07:00:00,48.2,48.2,46.65,47.2,744200
2026-03-02 07:00:00,45.55,47.0,45.5,45.0,971000
2026-03-03 07:00:00,45.3,45.9,43.5,43.6,1437300
2026-03-04 07:00:00,43.15,45.95,42.85,45.8,1277400
2026-03-05 07:00:00,46.1,47.45,45.5,45.5,889400
2026-03-06 07:00:00,44.15,45.0,43.1,43.5,903300
2026-03-09 07:00:00,40.5,41.5,40.5,40.5,581000
2026-03-10 07:00:00,40.3,41.0,38.8,40.95,1514200
2026-03-11 07:00:00,40.95,42.3,40.6,41.8,360100
2026-03-12 07:00:00,41.95,42.0,40.5,41.0,431200
2026-03-13 07:00:00,40.9,41.95,40.1,40.85,734300
2026-03-16 07:00:00,40.8,42.0,40.3,42.0,584100
2026-03-17 07:00:00,41.9,41.9,41.0,41.85,317700
2026-03-18 07:00:00,41.2,41.6,40.35,41.4,557500
2026-03-19 07:00:00,40.9,41.8,40.2,41.6,383600
2026-03-20 07:00:00,41.4,41.7,40.6,40.85,297900
2026-03-23 07:00:00,40.15,40.3,38.5,39.0,529400
2026-03-24 07:00:00,39.6,40.5,39.0,39.8,347300
2026-03-25 07:00:00,40.2,40.95,39.6,40.85,865900
2026-03-26 07:00:00,41.0,41.0,39.7,40.7,422400
2026-03-27 07:00:00,40.5,41.6,40.15,41.35,489700
2026-03-30 07:00:00,40.45,40.9,40.25,40.35,338900
2026-03-31 07:00:00,40.6,42.25,40.4,42.2,1094100
2026-04-01 07:00:00,42.85,42.85,41.7,42.15,513500
2026-04-02 07:00:00,41.95,41.95,40.7,41.95,453900
2026-04-03 07:00:00,41.7,41.85,40.75,41.25,397700
2026-04-06 07:00:00,41.2,41.3,40.3,40.6,334200
2026-04-07 07:00:00,40.75,42.0,39.65,42.0,601400
2026-04-08 07:00:00,42.2,43.0,41.6,42.75,820100
2026-04-09 07:00:00,42.7,43.6,42.3,43.3,808300
2026-04-10 07:00:00,43.7,43.8,42.7,42.75,499900
2026-04-13 07:00:00,42.15,44.7,42.1,44.2,1200500
2026-04-14 07:00:00,44.1,44.6,43.6,44.0,553600
2026-04-15 07:00:00,44.1,44.1,43.0,43.0,643200
2026-04-16 07:00:00,43.2,43.2,42.05,42.4,671400
2026-04-17 07:00:00,42.7,42.7,42.1,42.3,370400
2026-04-20 07:00:00,42.5,42.9,42.05,42.9,298800
2026-04-21 07:00:00,43.25,43.45,42.3,42.5,550900
2026-04-22 07:00:00,42.35,42.5,41.55,42.4,586000
2026-04-23 07:00:00,41.65,42.4,41.05,42.1,927200
2026-04-24 07:00:00,42.4,44.45,41.55,44.25,2120300
2026-04-28 07:00:00,44.6,44.95,43.75,44.55,756900
2026-04-29 07:00:00,44.15,45.8,44.15,44.75,973900
2026-05-04 07:00:00,44.5,45.0,43.75,44.7,670800
2026-05-05 07:00:00,44.5,44.75,43.85,44.1,458800
2026-05-06 07:00:00,44.2,44.8,43.8,44.45,708200
2026-05-07 07:00:00,45.0,45.45,43.0,43.0,1554100
2026-05-08 07:00:00,42.6,43.0,41.0,43.0,1461200
2026-05-11 07:00:00,43.0,43.0,41.5,41.7,1077100
2026-05-12 07:00:00,41.7,42.3,41.1,41.1,736100
2026-05-13 07:00:00,41.15,41.4,40.65,41.0,517400
2026-05-14 07:00:00,40.9,41.25,40.6,40.65,643800
2026-05-15 07:00:00,40.8,41.4,40.0,40.1,667800
2026-05-18 07:00:00,40.15,41.4,39.25,41.4,828900
2026-05-19 07:00:00,41.4,41.45,40.45,40.5,417900
2026-05-20 07:00:00,40.3,40.5,38.5,39.5,696200
2026-05-21 07:00:00,40.05,40.9,39.4,40.9,347900
2026-05-22 07:00:00,40.6,40.65,39.75,40.65,325800
2026-05-25 07:00:00,40.05,40.6,40.0,40.6,254600
2026-05-26 07:00:00,40.7,41.2,40.25,40.95,321000
2026-05-27 07:00:00,40.95,40.95,40.45,40.7,225300
