time,open,high,low,close,volume
2018-01-02 07:00:00,30.92,30.92,28.63,29.74,18630
2018-01-03 07:00:00,28.92,29.59,28.92,29.37,109310
2018-01-04 07:00:00,29.37,29.37,28.85,29.0,40440
2018-01-05 07:00:00,29.0,30.33,29.0,29.25,33410
2018-01-08 07:00:00,29.59,30.62,29.59,30.55,141830
2018-01-09 07:00:00,30.55,30.84,30.33,30.55,58260
2018-01-10 07:00:00,30.62,30.7,30.18,30.55,63770
2018-01-11 07:00:00,30.33,31.29,29.59,31.29,136950
2018-01-12 07:00:00,32.69,32.77,31.29,32.69,123290
2018-01-15 07:00:00,32.55,32.62,31.95,32.47,33430
2018-01-16 07:00:00,31.18,32.55,31.18,31.18,64630
2018-01-17 07:00:00,30.29,31.18,29.81,30.29,141020
2018-01-18 07:00:00,28.45,31.36,28.45,29.52,42780
2018-01-19 07:00:00,29.91,30.06,29.29,29.29,75330
2018-01-22 07:00:00,29.06,29.98,27.76,27.99,80780
2018-01-25 07:00:00,27.99,28.07,26.92,26.92,139390
2018-01-26 07:00:00,26.92,27.45,26.92,27.15,83810
2018-01-29 07:00:00,27.45,27.45,26.3,26.38,60440
2018-01-30 07:00:00,26.38,27.22,26.15,26.61,101890
2018-01-31 07:00:00,27.11,27.11,26.38,26.61,53950
2018-02-01 07:00:00,26.46,26.99,26.15,26.15,56730
2018-02-02 07:00:00,26.69,26.99,26.07,26.3,19230
2018-02-05 07:00:00,25.96,26.69,25.46,25.65,33150
2018-02-06 07:00:00,24.08,26.84,24.04,24.69,84040
2018-02-07 07:00:00,26.07,26.42,24.69,25.0,49100
2018-02-08 07:00:00,26.23,26.23,24.54,24.62,64570
2018-02-09 07:00:00,23.01,25.69,23.01,24.58,28000
2018-02-12 07:00:00,25.31,26.0,24.92,25.31,22310
2018-02-13 07:00:00,25.11,26.46,25.11,25.69,9210
2018-02-21 07:00:00,26.3,26.38,25.92,26.26,30150
2018-02-22 07:00:00,26.26,26.8,26.26,26.46,18350
2018-02-23 07:00:00,26.76,26.84,26.07,26.76,17900
2018-02-26 07:00:00,26.84,27.3,26.84,27.07,25010
2018-02-27 07:00:00,27.07,27.22,26.3,26.49,16620
2018-02-28 07:00:00,26.38,26.84,26.15,26.69,33580
2018-03-01 07:00:00,26.53,27.45,26.53,27.38,73710
2018-03-02 07:00:00,26.84,29.25,26.84,28.91,161530
2018-03-05 07:00:00,29.06,29.91,28.76,28.76,135710
2018-03-06 07:00:00,28.76,29.75,28.45,28.83,23180
2018-03-07 07:00:00,29.06,29.14,27.99,28.22,46660
2018-03-08 07:00:00,27.8,28.68,27.68,27.68,19780
2018-03-09 07:00:00,27.68,28.83,27.68,28.53,52900
2018-03-12 07:00:00,29.02,29.02,27.91,28.37,44030
2018-03-13 07:00:00,28.37,28.37,28.14,28.22,47560
2018-03-14 07:00:00,28.18,28.68,27.95,28.22,34920
2018-03-15 07:00:00,28.76,28.76,27.61,28.07,36420
2018-03-16 07:00:00,28.45,28.45,27.8,28.33,26640
2018-03-19 07:00:00,28.6,28.76,27.76,27.84,28590
2018-03-20 07:00:00,28.45,28.45,27.61,28.3,40850
2018-03-21 07:00:00,28.37,28.37,27.61,27.95,77180
2018-03-22 07:00:00,27.68,27.76,27.45,27.45,43110
2018-03-23 07:00:00,27.99,27.99,26.84,27.38,24750
2018-03-26 07:00:00,27.61,27.61,26.53,26.84,56600
2018-03-27 07:00:00,27.53,27.53,26.46,26.69,37770
2018-03-28 07:00:00,26.69,26.69,26.38,26.69,33660
2018-03-29 07:00:00,27.65,27.65,26.45,26.93,41430
2018-03-30 07:00:00,26.93,26.93,26.04,26.2,60690
2018-04-02 07:00:00,26.29,26.85,26.2,26.37,48260
2018-04-03 07:00:00,26.45,26.81,25.72,26.53,25560
2018-04-04 07:00:00,25.64,28.37,25.64,28.37,110220
2018-04-05 07:00:00,29.09,29.41,28.45,29.17,66640
2018-04-06 07:00:00,29.17,29.25,28.05,28.61,20330
2018-04-09 07:00:00,28.37,28.65,28.17,28.61,23340
2018-04-10 07:00:00,28.61,28.61,28.21,28.29,34030
2018-04-11 07:00:00,28.29,28.29,26.53,26.53,33250
2018-04-12 07:00:00,26.53,28.05,26.45,27.81,50610
2018-04-13 07:00:00,27.81,27.97,27.01,27.89,2960
2018-04-16 07:00:00,27.97,28.05,26.85,27.65,7740
2018-04-17 07:00:00,27.65,27.81,27.09,27.09,18380
2018-04-18 07:00:00,27.09,27.09,26.69,26.69,35200
2018-04-19 07:00:00,26.45,27.21,25.96,27.09,47610
2018-04-20 07:00:00,27.17,27.25,26.45,26.53,29960
2018-04-23 07:00:00,26.49,27.65,26.49,27.25,22310
2018-04-24 07:00:00,27.53,27.53,26.49,27.09,2170
2018-04-26 07:00:00,26.93,27.09,25.72,25.72,24970
2018-04-27 07:00:00,25.72,27.25,25.72,27.25,47440
2018-05-02 07:00:00,27.65,27.65,26.69,27.09,46770
2018-05-03 07:00:00,27.09,27.65,26.93,27.49,75110
2018-05-04 07:00:00,27.17,27.49,27.17,27.25,16950
2018-05-07 07:00:00,27.53,27.65,27.25,27.25,27170
2018-05-08 07:00:00,27.25,27.41,27.09,27.25,24140
2018-05-09 07:00:00,27.49,27.61,27.13,27.25,35790
2018-05-10 07:00:00,27.57,27.57,26.69,26.69,25050
2018-05-11 07:00:00,27.09,27.25,26.69,27.25,10150
2018-05-14 07:00:00,26.53,27.25,26.49,26.85,2940
2018-05-15 07:00:00,26.85,27.17,26.85,26.93,32130
2018-05-16 07:00:00,27.25,27.25,26.77,26.85,11050
2018-05-17 07:00:00,26.77,27.25,26.77,27.25,5130
2018-05-18 07:00:00,27.09,27.21,26.85,27.21,33700
2018-05-21 07:00:00,27.09,27.17,26.45,27.01,13750
2018-05-22 07:00:00,26.04,26.85,25.64,25.96,19960
2018-05-23 07:00:00,26.45,26.85,25.88,26.85,13660
2018-05-24 07:00:00,26.45,26.85,26.12,26.85,6050
2018-05-25 07:00:00,26.2,26.85,26.2,26.65,15450
2018-05-28 07:00:00,26.73,26.73,25.64,25.64,10670
2018-05-29 07:00:00,25.64,26.65,25.56,26.61,12740
2018-05-30 07:00:00,26.61,26.81,26.45,26.61,3700
2018-05-31 07:00:00,26.45,26.85,26.29,26.45,13890
2018-06-01 07:00:00,27.17,27.17,26.29,26.53,1670
2018-06-04 07:00:00,27.13,27.13,26.2,26.45,19760
2018-06-05 07:00:00,26.45,26.45,26.12,26.2,27380
2018-06-06 07:00:00,26.77,26.77,26.04,26.69,18080
2018-06-07 07:00:00,26.69,27.09,26.45,27.01,5780
2018-06-08 07:00:00,27.01,27.25,26.77,27.01,5530
2018-06-11 07:00:00,26.69,27.09,26.29,26.85,610
2018-06-12 07:00:00,26.85,26.85,26.04,26.45,27920
2018-06-13 07:00:00,26.2,26.45,26.12,26.12,6810
2018-06-14 07:00:00,26.2,26.45,26.12,26.45,180
2018-06-15 07:00:00,26.2,26.77,26.12,26.12,10760
2018-06-18 07:00:00,26.77,26.77,26.2,26.2,4630
2018-06-19 07:00:00,25.64,26.77,25.64,26.29,420
2018-06-20 07:00:00,25.48,26.45,25.48,26.29,670
2018-06-21 07:00:00,26.04,26.29,25.64,26.29,1360
2018-06-22 07:00:00,26.2,26.2,26.04,26.2,6050
2018-06-25 07:00:00,26.12,26.41,26.04,26.41,3400
2018-06-26 07:00:00,25.0,26.37,25.0,26.2,20860
2018-06-27 07:00:00,26.2,26.2,25.24,26.04,9090
2018-06-28 07:00:00,26.04,26.04,25.08,25.96,3450
2018-06-29 07:00:00,25.72,25.96,25.24,25.24,21730
2018-07-02 07:00:00,25.24,26.25,25.24,25.48,1740
2018-07-03 07:00:00,25.48,25.48,24.12,24.12,9370
2018-07-04 07:00:00,25.64,25.64,23.72,25.48,4690
2018-07-05 07:00:00,25.4,25.4,24.04,24.04,7190
2018-07-06 07:00:00,25.24,25.24,24.04,24.04,850
2018-07-09 07:00:00,24.04,25.72,24.04,25.24,3140
2018-07-10 07:00:00,24.84,24.96,24.44,24.92,1140
2018-07-11 07:00:00,24.92,25.48,24.92,25.48,30
2018-07-12 07:00:00,25.4,25.4,24.04,24.84,11640
2018-07-13 07:00:00,25.48,25.48,25.24,25.24,210
2018-07-16 07:00:00,25.24,25.24,25.24,25.24,10
2018-07-17 07:00:00,24.8,25.16,24.04,25.16,6370
2018-07-18 07:00:00,24.92,25.0,24.84,25.0,1520
2018-07-19 07:00:00,25.24,25.24,24.44,24.84,13230
2018-07-20 07:00:00,24.84,25.2,24.84,24.84,4170
2018-07-23 07:00:00,25.24,25.24,24.84,25.16,16540
2018-07-24 07:00:00,24.68,25.4,24.68,25.0,7480
2018-07-25 07:00:00,24.84,24.84,24.84,24.84,1400
2018-07-26 07:00:00,25.32,25.32,24.04,24.84,6640
2018-07-27 07:00:00,24.44,24.84,23.88,24.84,21030
2018-07-30 07:00:00,24.84,25.08,24.04,24.44,12550
2018-07-31 07:00:00,24.44,24.92,23.4,24.44,78250
2018-08-01 07:00:00,24.44,24.52,24.04,24.04,11540
2018-08-02 07:00:00,24.4,24.4,23.88,24.04,5000
2018-08-03 07:00:00,24.2,24.24,23.56,23.96,12750
2018-08-06 07:00:00,24.04,24.04,23.24,24.0,7880
2018-08-07 07:00:00,23.96,23.96,23.24,23.24,14450
2018-08-08 07:00:00,22.6,23.96,22.6,23.36,27920
2018-08-09 07:00:00,23.36,23.72,22.52,23.32,29340
2018-08-10 07:00:00,22.84,23.32,22.44,23.04,33540
2018-08-13 07:00:00,23.0,23.0,22.2,22.28,46080
2018-08-14 07:00:00,22.2,22.52,22.12,22.12,64420
2018-08-15 07:00:00,22.12,22.44,21.64,21.64,46640
2018-08-16 07:00:00,21.64,22.36,21.52,22.36,15110
2018-08-17 07:00:00,22.36,22.36,22.04,22.04,2970
2018-08-20 07:00:00,22.44,22.44,22.04,22.12,4970
2018-08-21 07:00:00,22.0,22.4,22.0,22.28,4230
2018-08-22 07:00:00,22.28,22.92,22.28,22.92,28670
2018-08-23 07:00:00,22.92,22.92,22.6,22.88,2730
2018-08-24 07:00:00,22.84,22.84,22.44,22.76,6050
2018-08-27 07:00:00,23.04,23.68,23.0,23.68,51280
2018-08-28 07:00:00,23.72,24.04,23.48,24.04,43560
2018-08-29 07:00:00,24.04,24.2,23.64,24.2,24830
2018-08-30 07:00:00,24.44,24.44,24.04,24.2,36230
2018-08-31 07:00:00,24.2,24.28,23.64,23.64,30210
2018-09-04 07:00:00,23.64,24.32,23.64,24.2,44310
2018-09-05 07:00:00,24.32,24.32,24.12,24.2,64870
2018-09-06 07:00:00,24.45,24.67,24.45,24.5,9330
2018-09-07 07:00:00,24.67,24.67,24.12,24.41,12050
2018-09-10 07:00:00,25.21,25.21,24.37,24.37,11820
2018-09-11 07:00:00,23.57,24.96,23.57,24.45,1350
2018-09-12 07:00:00,25.13,25.13,23.74,23.86,24360
2018-09-13 07:00:00,24.41,24.41,23.19,24.29,23430
2018-09-14 07:00:00,24.03,24.29,23.61,24.29,9630
2018-09-17 07:00:00,24.2,24.2,23.61,24.03,15630
2018-09-18 07:00:00,24.2,24.2,23.61,24.08,14310
2018-09-19 07:00:00,24.16,24.29,24.03,24.24,21690
2018-09-20 07:00:00,24.24,24.62,24.12,24.45,17830
2018-09-21 07:00:00,24.33,25.21,24.29,25.13,63090
2018-09-24 07:00:00,25.3,25.55,24.37,24.83,11670
2018-09-25 07:00:00,25.13,25.13,24.45,24.83,7920
2018-09-26 07:00:00,24.79,24.83,24.37,24.62,27960
2018-09-27 07:00:00,24.45,25.21,24.37,24.54,29970
2018-09-28 07:00:00,24.96,24.96,24.54,24.79,15170
2018-10-01 07:00:00,25.13,25.21,24.45,24.79,5970
2018-10-02 07:00:00,24.62,24.79,24.37,24.5,9040
2018-10-03 07:00:00,24.88,25.04,24.54,24.88,9070
2018-10-04 07:00:00,25.09,25.21,24.62,24.96,12070
2018-10-05 07:00:00,24.79,24.96,24.67,24.96,7620
2018-10-08 07:00:00,24.62,24.96,24.45,24.79,8960
2018-10-09 07:00:00,24.67,25.09,24.58,24.92,2880
2018-10-10 07:00:00,24.88,24.88,24.71,24.88,9480
2018-10-11 07:00:00,24.67,24.67,23.61,23.61,16770
2018-10-12 07:00:00,23.61,24.45,23.19,24.41,14800
2018-10-15 07:00:00,24.79,24.79,23.91,24.62,3750
2018-10-16 07:00:00,24.62,25.13,24.62,24.96,29660
2018-10-17 07:00:00,25.04,25.3,24.71,25.3,30880
2018-10-18 07:00:00,25.3,26.9,25.13,26.82,46860
2018-10-19 07:00:00,26.14,26.56,26.06,26.14,33280
2018-10-22 07:00:00,26.23,26.98,25.13,25.3,13830
2018-10-23 07:00:00,24.29,26.14,24.29,25.17,23290
2018-10-24 07:00:00,25.21,25.3,24.71,24.71,23830
2018-10-25 07:00:00,24.29,25.13,23.61,24.24,25490
2018-10-26 07:00:00,24.88,24.88,23.86,24.71,12430
2018-10-29 07:00:00,23.27,24.71,23.15,23.15,38040
2018-10-30 07:00:00,24.45,24.45,22.22,22.94,27400
2018-10-31 07:00:00,24.37,24.37,22.94,22.94,24160
2018-11-01 07:00:00,23.78,24.03,22.77,22.94,13540
2018-11-02 07:00:00,23.86,23.86,23.61,23.86,160
2018-11-05 07:00:00,23.61,23.61,23.44,23.61,780
2018-11-06 07:00:00,23.7,23.86,23.23,23.7,7450
2018-11-07 07:00:00,23.32,23.7,23.27,23.7,3510
2018-11-08 07:00:00,23.7,23.86,23.32,23.32,2620
2018-11-09 07:00:00,23.78,23.78,23.32,23.32,1400
2018-11-12 07:00:00,23.7,23.7,23.27,23.4,5730
2018-11-13 07:00:00,23.78,23.78,23.19,23.36,390
2018-11-14 07:00:00,23.02,23.53,23.02,23.15,14170
2018-11-15 07:00:00,23.15,23.4,23.11,23.4,6260
2018-11-16 07:00:00,23.61,23.61,23.27,23.53,1560
2018-11-19 07:00:00,23.61,23.61,23.61,23.61,330
2018-11-20 07:00:00,23.57,23.61,23.23,23.57,2470
2018-11-21 07:00:00,23.53,23.61,23.19,23.61,4580
2018-11-22 07:00:00,23.32,23.7,22.35,22.52,52460
2018-11-23 07:00:00,23.19,23.57,22.77,23.32,2140
2018-11-26 07:00:00,22.85,23.48,22.35,23.23,15540
2018-11-27 07:00:00,23.27,23.27,22.52,22.52,18960
2018-11-28 07:00:00,22.43,23.02,22.43,22.94,31300
2018-11-29 07:00:00,22.77,22.77,22.22,22.52,52240
2018-11-30 07:00:00,22.94,22.94,22.35,22.68,20510
2018-12-03 07:00:00,22.94,22.94,22.26,22.43,18560
2018-12-04 07:00:00,22.43,22.77,22.43,22.43,3330
2018-12-05 07:00:00,22.26,22.94,22.26,22.64,3480
2018-12-06 07:00:00,22.64,22.68,22.39,22.39,3370
2018-12-07 07:00:00,22.39,23.02,22.35,22.35,54220
2018-12-10 07:00:00,22.85,22.85,22.35,22.77,4440
2018-12-11 07:00:00,22.68,23.19,22.43,22.77,4310
2018-12-12 07:00:00,23.02,23.02,22.3,22.73,12530
2018-12-13 07:00:00,22.68,22.77,22.35,22.52,7310
2018-12-14 07:00:00,22.39,22.68,22.26,22.26,25590
2018-12-17 07:00:00,22.18,22.6,21.67,21.76,45780
2018-12-18 07:00:00,22.26,22.26,21.76,22.18,3420
2018-12-19 07:00:00,21.84,21.92,21.76,21.92,6490
2018-12-20 07:00:00,21.92,22.35,21.92,22.18,11270
2018-12-21 07:00:00,22.35,23.7,22.35,22.94,50720
2018-12-24 07:00:00,23.32,23.32,22.26,22.6,7200
2018-12-25 07:00:00,22.6,22.77,22.18,22.43,7380
2018-12-26 07:00:00,22.43,22.6,22.09,22.56,10430
2018-12-27 07:00:00,22.6,23.61,22.6,23.36,48020
2018-12-28 07:00:00,23.36,23.36,22.43,23.36,28320
2019-01-02 07:00:00,22.77,23.11,22.77,22.77,2480
2019-01-03 07:00:00,23.61,23.61,22.01,22.01,10800
2019-01-04 07:00:00,23.36,23.36,22.35,22.56,6440
2019-01-07 07:00:00,21.59,22.68,21.59,22.68,44350
2019-01-08 07:00:00,22.18,22.77,22.01,22.77,1080
2019-01-09 07:00:00,22.77,23.61,22.35,23.02,12490
2019-01-10 07:00:00,23.02,23.02,22.35,22.47,3190
2019-01-11 07:00:00,22.68,23.15,22.01,22.94,21770
2019-01-14 07:00:00,22.77,22.77,22.35,22.68,720
2019-01-15 07:00:00,22.68,23.15,22.6,22.6,10500
2019-01-16 07:00:00,23.02,23.02,22.01,22.18,14820
2019-01-17 07:00:00,22.94,22.94,21.92,22.68,8580
2019-01-18 07:00:00,22.43,23.36,22.43,23.19,44220
2019-01-21 07:00:00,23.36,23.61,23.11,23.61,14610
2019-01-22 07:00:00,23.11,23.53,23.11,23.11,4740
2019-01-23 07:00:00,23.02,23.02,22.6,22.98,18360
2019-01-24 07:00:00,22.85,22.85,22.68,22.68,2220
2019-01-25 07:00:00,22.77,23.61,22.6,23.61,16230
2019-01-28 07:00:00,22.77,23.74,22.77,23.74,25400
2019-01-29 07:00:00,23.06,23.61,23.02,23.61,52370
2019-01-30 07:00:00,23.02,23.11,22.89,23.11,8740
2019-01-31 07:00:00,22.68,23.32,22.6,23.11,5620
2019-02-01 07:00:00,22.77,23.19,22.73,23.19,7320
2019-02-11 07:00:00,23.19,23.53,22.77,23.53,5170
2019-02-12 07:00:00,23.19,23.57,22.77,23.44,38620
2019-02-13 07:00:00,23.4,23.4,22.35,22.39,152070
2019-02-14 07:00:00,22.56,23.02,22.56,23.02,1100
2019-02-15 07:00:00,22.94,23.19,22.43,23.19,20770
2019-02-18 07:00:00,23.19,23.19,22.52,22.6,11470
2019-02-19 07:00:00,22.68,22.85,22.6,22.6,57000
2019-02-20 07:00:00,22.6,22.73,22.35,22.35,17030
2019-02-21 07:00:00,22.73,22.73,22.26,22.35,45530
2019-02-22 07:00:00,22.77,22.77,22.14,22.6,58560
2019-02-25 07:00:00,22.22,22.77,22.22,22.6,47720
2019-02-26 07:00:00,22.35,22.73,22.35,22.35,27770
2019-02-27 07:00:00,22.68,22.68,22.26,22.43,26580
2019-02-28 07:00:00,22.43,23.44,22.43,22.77,440860
2019-03-01 07:00:00,23.4,23.4,22.6,22.77,167710
2019-03-04 07:00:00,23.11,23.27,22.77,22.94,138750
2019-03-05 07:00:00,22.94,22.94,22.77,22.77,26280
2019-03-06 07:00:00,23.06,24.33,22.89,24.2,666660
2019-03-07 07:00:00,24.45,25.13,24.45,25.09,212720
2019-03-08 07:00:00,24.88,24.88,24.29,24.71,89550
2019-03-11 07:00:00,24.45,24.92,24.37,24.45,195670
2019-03-12 07:00:00,24.88,25.72,24.62,25.13,130660
2019-03-13 07:00:00,25.72,25.72,23.7,24.12,215460
2019-03-14 07:00:00,24.45,24.71,24.03,24.12,185950
2019-03-15 07:00:00,24.45,24.45,24.03,24.16,49000
2019-03-18 07:00:00,24.88,24.88,24.03,24.12,93940
2019-03-19 07:00:00,24.29,24.29,23.91,23.95,93620
2019-03-20 07:00:00,24.2,24.2,23.86,24.2,85270
2019-03-21 07:00:00,24.45,24.45,23.7,23.7,71660
2019-03-22 07:00:00,23.7,23.86,23.57,23.61,46770
2019-03-25 07:00:00,23.57,23.57,22.77,23.11,79390
2019-03-26 07:00:00,23.91,24.18,23.69,23.77,171950
2019-03-27 07:00:00,23.82,23.95,23.6,23.82,89340
2019-03-28 07:00:00,23.64,23.64,23.37,23.37,28610
2019-03-29 07:00:00,23.37,23.55,23.24,23.46,33540
2019-04-01 07:00:00,23.28,23.64,23.02,23.11,93800
2019-04-02 07:00:00,23.19,23.33,23.06,23.19,25980
2019-04-03 07:00:00,23.19,23.46,23.02,23.28,42900
2019-04-04 07:00:00,23.19,23.28,22.97,23.06,46430
2019-04-05 07:00:00,23.06,23.19,23.02,23.02,36260
2019-04-08 07:00:00,23.06,23.46,22.97,23.33,79870
2019-04-09 07:00:00,23.33,23.33,22.3,22.3,170480
2019-04-10 07:00:00,22.3,22.84,22.21,22.21,85660
2019-04-11 07:00:00,22.21,22.21,21.59,21.59,117610
2019-04-12 07:00:00,21.28,21.28,20.61,20.88,74110
2019-04-16 07:00:00,20.88,20.88,19.45,19.45,194930
2019-04-17 07:00:00,19.63,19.98,19.45,19.8,59120
2019-04-18 07:00:00,19.98,19.98,19.45,19.54,35430
2019-04-19 07:00:00,19.45,19.54,19.14,19.14,53110
2019-04-22 07:00:00,19.14,19.14,18.47,18.47,85490
2019-04-23 07:00:00,18.11,18.47,18.11,18.47,57190
2019-04-24 07:00:00,18.29,18.69,18.29,18.69,26760
2019-04-25 07:00:00,18.73,19.18,18.69,19.18,77030
2019-04-26 07:00:00,18.96,19.45,18.47,18.47,92920
2019-05-02 07:00:00,18.56,19.14,18.29,18.33,34720
2019-05-03 07:00:00,18.33,18.51,18.15,18.29,64690
2019-05-06 07:00:00,18.2,18.2,17.13,17.49,57820
2019-05-07 07:00:00,17.49,18.11,16.95,17.57,44710
2019-05-08 07:00:00,17.31,17.53,16.77,16.95,73840
2019-05-09 07:00:00,16.95,17.57,16.86,17.13,21980
2019-05-10 07:00:00,17.35,17.35,16.86,17.22,12710
2019-05-13 07:00:00,17.22,17.35,16.91,17.17,51190
2019-05-14 07:00:00,17.13,17.4,16.95,17.13,70950
2019-05-15 07:00:00,17.26,17.49,16.99,17.49,51820
2019-05-16 07:00:00,17.49,17.57,17.22,17.26,17720
2019-05-17 07:00:00,17.26,17.26,16.95,17.22,24630
2019-05-20 07:00:00,17.17,17.84,17.17,17.8,65000
2019-05-21 07:00:00,17.8,17.8,17.4,17.44,22350
2019-05-22 07:00:00,17.44,17.66,17.31,17.4,27560
2019-05-23 07:00:00,17.4,17.4,17.22,17.26,9090
2019-05-24 07:00:00,17.26,17.26,17.13,17.22,11780
2019-05-27 07:00:00,16.99,17.57,16.95,17.22,17740
2019-05-28 07:00:00,17.13,17.22,16.59,16.68,39260
2019-05-29 07:00:00,16.91,16.95,16.5,16.73,42520
2019-05-30 07:00:00,16.59,16.86,16.5,16.59,36800
2019-05-31 07:00:00,16.37,16.86,16.37,16.73,21120
2019-06-03 07:00:00,16.68,16.95,16.41,16.77,53470
2019-06-04 07:00:00,16.59,16.95,16.41,16.95,33970
2019-06-05 07:00:00,16.95,16.95,16.5,16.77,34510
2019-06-06 07:00:00,16.5,16.68,16.41,16.68,14140
2019-06-07 07:00:00,16.68,16.68,16.46,16.46,20250
2019-06-10 07:00:00,16.41,16.68,16.41,16.5,40990
2019-06-11 07:00:00,16.5,16.64,16.46,16.5,26900
2019-06-12 07:00:00,16.5,16.64,16.46,16.46,11110
2019-06-13 07:00:00,16.41,16.46,16.37,16.41,35290
2019-06-14 07:00:00,16.37,16.41,16.33,16.41,25220
2019-06-17 07:00:00,16.41,16.41,16.01,16.24,21470
2019-06-18 07:00:00,16.06,16.33,15.97,16.19,5750
2019-06-19 07:00:00,16.19,16.37,16.06,16.19,5160
2019-06-20 07:00:00,16.15,16.28,16.06,16.24,21530
2019-06-21 07:00:00,16.19,16.19,16.06,16.1,11260
2019-06-24 07:00:00,16.1,16.1,15.92,16.06,20070
2019-06-25 07:00:00,16.01,16.06,15.88,15.88,17730
2019-06-26 07:00:00,15.88,16.77,15.88,16.41,25760
2019-06-27 07:00:00,16.37,16.77,16.1,16.1,18220
2019-06-28 07:00:00,16.06,16.5,16.06,16.1,14420
2019-07-01 07:00:00,16.37,16.59,16.15,16.59,20520
2019-07-02 07:00:00,16.5,16.5,16.24,16.37,4580
2019-07-03 07:00:00,16.37,16.5,16.28,16.5,5900
2019-07-04 07:00:00,16.55,16.55,16.33,16.5,9720
2019-07-05 07:00:00,16.5,16.5,16.06,16.5,51850
2019-07-08 07:00:00,16.5,16.5,16.19,16.33,6330
2019-07-09 07:00:00,16.33,16.33,16.01,16.28,14540
2019-07-10 07:00:00,16.28,16.46,15.97,16.41,14930
2019-07-11 07:00:00,16.1,16.41,16.06,16.15,11030
2019-07-12 07:00:00,16.24,16.33,16.15,16.33,16460
2019-07-15 07:00:00,16.37,16.37,16.1,16.33,3190
2019-07-16 07:00:00,16.1,16.33,16.06,16.33,26480
2019-07-17 07:00:00,16.28,16.33,16.06,16.33,9030
2019-07-18 07:00:00,16.15,16.28,16.06,16.28,5130
2019-07-19 07:00:00,16.28,16.28,16.01,16.24,22640
2019-07-22 07:00:00,16.24,16.37,16.1,16.24,3390
2019-07-23 07:00:00,16.15,16.15,16.01,16.01,21240
2019-07-24 07:00:00,16.01,16.15,16.01,16.15,13140
2019-07-25 07:00:00,16.24,17.26,16.19,17.26,194910
2019-07-26 07:00:00,18.2,18.2,17.57,17.89,70380
2019-07-29 07:00:00,17.93,17.93,17.22,17.53,25300
2019-07-30 07:00:00,16.86,16.86,16.33,16.5,178200
2019-07-31 07:00:00,16.06,16.5,15.97,16.5,22410
2019-08-01 07:00:00,16.68,16.91,16.33,16.33,6290
2019-08-02 07:00:00,16.06,16.24,15.92,16.24,33650
2019-08-05 07:00:00,16.1,16.24,15.97,16.19,18160
2019-08-06 07:00:00,16.06,16.06,15.7,15.79,35890
2019-08-07 07:00:00,15.79,16.24,15.79,16.06,14320
2019-08-08 07:00:00,15.83,16.06,15.7,15.79,7750
2019-08-09 07:00:00,15.92,16.15,15.79,16.15,27340
2019-08-12 07:00:00,16.24,16.91,16.06,16.5,13000
2019-08-13 07:00:00,16.37,16.37,16.06,16.06,32810
2019-08-14 07:00:00,16.1,16.41,16.06,16.28,24420
2019-08-15 07:00:00,16.06,16.5,16.06,16.5,16890
2019-08-16 07:00:00,16.5,16.5,16.06,16.41,5390
2019-08-19 07:00:00,16.19,16.33,16.1,16.24,9240
2019-08-20 07:00:00,15.88,16.24,15.79,16.1,80670
2019-08-21 07:00:00,16.1,16.24,15.97,16.06,22270
2019-08-22 07:00:00,16.06,16.06,15.88,15.88,12910
2019-08-23 07:00:00,15.88,16.1,15.88,16.06,30880
2019-08-26 07:00:00,15.88,15.88,15.52,15.7,43880
2019-08-27 07:00:00,16.01,16.24,15.61,15.92,34450
2019-08-28 07:00:00,15.79,16.15,15.7,16.06,5910
2019-08-29 07:00:00,16.33,16.33,15.97,16.06,79300
2019-08-30 07:00:00,16.06,17.17,16.06,17.17,358470
2019-09-03 07:00:00,17.75,18.29,16.77,17.31,48340
2019-09-04 07:00:00,17.75,17.04,16.24,16.59,42870
2019-09-05 07:00:00,16.91,16.91,16.28,16.55,84040
2019-09-06 07:00:00,16.68,16.68,16.1,16.19,46080
2019-09-09 07:00:00,16.19,16.64,16.19,16.19,51380
2019-09-10 07:00:00,16.46,16.46,16.19,16.19,30340
2019-09-11 07:00:00,16.15,16.37,16.06,16.1,37710
2019-09-12 07:00:00,16.19,16.33,16.06,16.24,35560
2019-09-13 07:00:00,16.24,16.28,16.15,16.15,21940
2019-09-16 07:00:00,16.37,16.37,15.97,16.19,26590
2019-09-17 07:00:00,16.19,16.19,16.06,16.15,30700
2019-09-18 07:00:00,16.06,16.15,15.97,16.01,42280
2019-09-19 07:00:00,16.06,16.06,16.01,16.06,14080
2019-09-20 07:00:00,15.97,16.19,15.97,16.1,16790
2019-09-23 07:00:00,16.1,16.15,15.97,16.06,22020
2019-09-24 07:00:00,16.1,16.1,15.79,16.06,21250
2019-09-25 07:00:00,15.92,16.01,15.88,15.97,16980
2019-09-26 07:00:00,15.88,16.06,15.88,16.01,13500
2019-09-27 07:00:00,15.97,16.28,15.97,16.28,49930
2019-09-30 07:00:00,16.41,16.82,16.28,16.46,50110
2019-10-01 07:00:00,16.46,16.46,16.28,16.37,19900
2019-10-02 07:00:00,16.37,16.37,16.28,16.33,44150
2019-10-03 07:00:00,16.1,16.33,16.1,16.28,22170
2019-10-04 07:00:00,16.46,16.46,16.24,16.24,23050
2019-10-07 07:00:00,16.33,16.46,16.24,16.33,17750
2019-10-08 07:00:00,16.41,16.41,16.24,16.33,14850
2019-10-09 07:00:00,16.37,16.41,16.19,16.37,26260
2019-10-10 07:00:00,16.33,16.37,16.28,16.28,4900
2019-10-11 07:00:00,16.41,16.73,16.28,16.73,93990
2019-10-14 07:00:00,16.73,16.77,16.55,16.73,121270
2019-10-15 07:00:00,16.77,16.86,16.68,16.73,25070
2019-10-16 07:00:00,16.77,17.17,16.77,17.04,78390
2019-10-17 07:00:00,17.17,17.17,16.73,16.91,64640
2019-10-18 07:00:00,16.91,16.91,16.55,16.68,23760
2019-10-21 07:00:00,16.5,16.59,16.41,16.59,24310
2019-10-22 07:00:00,16.77,16.86,16.37,16.59,28660
2019-10-23 07:00:00,16.59,16.59,16.1,16.1,47330
2019-10-24 07:00:00,16.1,16.41,16.1,16.24,22640
2019-10-25 07:00:00,16.59,16.59,16.24,16.28,15130
2019-10-28 07:00:00,16.19,16.5,16.19,16.19,15080
2019-10-29 07:00:00,16.19,16.41,16.1,16.33,45790
2019-10-30 07:00:00,16.06,16.33,16.06,16.06,34870
2019-10-31 07:00:00,15.88,15.97,14.94,14.94,168120
2019-11-01 07:00:00,15.17,15.21,14.99,15.12,50060
2019-11-04 07:00:00,15.08,15.34,15.08,15.34,9500
2019-11-05 07:00:00,15.34,15.34,15.08,15.08,18690
2019-11-06 07:00:00,15.08,15.3,14.99,15.08,18240
2019-11-07 07:00:00,15.08,15.12,14.99,15.08,15970
2019-11-08 07:00:00,14.94,15.17,14.94,15.17,16340
2019-11-11 07:00:00,15.17,15.21,15.12,15.17,25270
2019-11-12 07:00:00,15.39,15.39,15.12,15.17,2510
2019-11-13 07:00:00,15.08,15.17,14.94,14.94,13150
2019-11-14 07:00:00,14.99,15.17,14.99,15.08,9300
2019-11-15 07:00:00,15.03,15.08,15.03,15.03,3210
2019-11-18 07:00:00,15.08,15.08,14.9,15.03,6170
2019-11-19 07:00:00,15.08,15.08,14.94,14.94,9940
2019-11-20 07:00:00,14.9,14.99,14.9,14.9,2500
2019-11-21 07:00:00,14.99,14.99,14.81,14.94,3330
2019-11-22 07:00:00,14.94,14.99,14.81,14.9,4780
2019-11-25 07:00:00,14.99,14.99,13.96,14.01,19740
2019-11-26 07:00:00,14.05,14.94,14.05,14.76,810
2019-11-27 07:00:00,14.72,14.72,14.45,14.67,2100
2019-11-28 07:00:00,14.18,14.94,14.18,14.36,12890
2019-11-29 07:00:00,14.63,14.63,14.36,14.36,2310
2019-12-02 07:00:00,14.27,14.45,14.27,14.27,9930
2019-12-03 07:00:00,13.83,14.27,13.83,13.83,8130
2019-12-04 07:00:00,13.83,14.27,13.83,14.1,2840
2019-12-05 07:00:00,14.1,14.27,13.83,14.01,4820
2019-12-06 07:00:00,14.14,14.14,14.1,14.1,1640
2019-12-09 07:00:00,14.23,14.23,13.92,14.18,950
2019-12-10 07:00:00,14.18,14.18,13.92,14.1,2760
2019-12-11 07:00:00,14.1,14.1,14.01,14.01,4060
2019-12-12 07:00:00,14.1,14.23,14.05,14.05,6270
2019-12-13 07:00:00,14.05,14.72,14.05,14.14,2730
2019-12-16 07:00:00,14.27,14.27,14.1,14.1,3850
2019-12-17 07:00:00,14.01,14.1,13.96,14.1,7620
2019-12-18 07:00:00,14.1,14.1,14.01,14.1,3860
2019-12-19 07:00:00,14.1,14.1,13.83,14.01,8040
2019-12-20 07:00:00,14.01,14.01,13.92,13.92,6260
2019-12-23 07:00:00,13.92,14.01,13.92,13.92,5020
2019-12-24 07:00:00,14.01,14.05,13.92,14.05,8040
2019-12-25 07:00:00,14.05,14.05,13.83,14.05,49780
2019-12-26 07:00:00,14.1,14.1,13.96,13.96,2670
2019-12-27 07:00:00,14.1,14.1,13.96,14.1,1690
2019-12-30 07:00:00,14.23,14.23,13.96,14.18,3960
2019-12-31 07:00:00,14.18,14.27,14.05,14.18,6900
2020-01-02 07:00:00,14.14,14.72,14.14,14.45,15870
2020-01-03 07:00:00,14.67,14.67,14.27,14.54,230
2020-01-06 07:00:00,14.23,14.23,13.87,14.01,8040
2020-01-07 07:00:00,14.27,14.27,13.87,14.01,4920
2020-01-08 07:00:00,14.01,14.01,14.01,14.01,880
2020-01-09 07:00:00,14.45,14.94,14.18,14.18,4470
2020-01-10 07:00:00,14.54,14.54,14.01,14.45,1400
2020-01-13 07:00:00,14.27,14.54,14.1,14.27,27010
2020-01-14 07:00:00,14.27,14.27,14.01,14.18,3730
2020-01-15 07:00:00,14.18,14.18,14.18,14.18,320
2020-01-16 07:00:00,14.18,14.18,14.01,14.05,2450
2020-01-17 07:00:00,14.1,14.23,14.01,14.01,2150
2020-01-20 07:00:00,13.83,14.18,13.38,14.05,9870
2020-01-21 07:00:00,14.01,14.05,13.92,14.05,10410
2020-01-22 07:00:00,14.1,14.1,13.83,14.1,10100
2020-01-30 07:00:00,13.69,13.69,13.25,13.56,14370
2020-01-31 07:00:00,13.29,13.56,12.8,12.8,2700
2020-02-03 07:00:00,13.2,13.2,12.4,12.44,15130
2020-02-04 07:00:00,12.44,13.2,12.44,12.49,6190
2020-02-05 07:00:00,12.76,12.85,12.49,12.71,5420
2020-02-06 07:00:00,12.49,13.02,12.49,12.94,9000
2020-02-07 07:00:00,12.94,13.2,12.94,13.11,3770
2020-02-10 07:00:00,13.16,13.16,12.31,12.31,69220
2020-02-11 07:00:00,12.67,12.67,12.44,12.49,10330
2020-02-12 07:00:00,12.89,12.94,12.4,12.49,10810
2020-02-13 07:00:00,12.49,12.94,12.27,12.49,18960
2020-02-14 07:00:00,12.49,12.49,12.49,12.49,7550
2020-02-17 07:00:00,12.49,12.58,12.49,12.49,11030
2020-02-18 07:00:00,12.49,12.62,12.44,12.62,8300
2020-02-19 07:00:00,12.49,12.62,12.49,12.62,3690
2020-02-20 07:00:00,12.58,12.58,12.4,12.58,9220
2020-02-21 07:00:00,12.58,12.58,12.53,12.58,10610
2020-02-24 07:00:00,12.58,12.58,12.31,12.31,7930
2020-02-25 07:00:00,12.31,12.49,12.22,12.49,10700
2020-02-26 07:00:00,12.44,12.44,12.22,12.4,4170
2020-02-27 07:00:00,12.13,12.94,12.13,12.94,11740
2020-02-28 07:00:00,12.4,12.4,12.31,12.31,2420
2020-03-02 07:00:00,12.4,12.49,12.4,12.49,3520
2020-03-03 07:00:00,12.4,12.44,12.27,12.31,7470
2020-03-04 07:00:00,12.27,12.4,12.22,12.31,5940
2020-03-05 07:00:00,12.58,12.94,12.31,12.31,27460
2020-03-06 07:00:00,12.8,12.8,12.27,12.49,8570
2020-03-09 07:00:00,12.22,12.4,11.64,11.69,54130
2020-03-10 07:00:00,11.15,11.91,11.15,11.64,19060
2020-03-11 07:00:00,12.27,12.44,12.04,12.44,199520
2020-03-12 07:00:00,12.44,12.44,12.04,12.31,124760
2020-03-13 07:00:00,12.31,13.16,11.78,13.16,106370
2020-03-16 07:00:00,13.83,14.05,13.11,14.05,138680
2020-03-17 07:00:00,14.63,15.03,13.38,15.03,76490
2020-03-18 07:00:00,15.25,15.61,14.41,15.17,118300
2020-03-19 07:00:00,14.27,15.17,14.14,14.45,47670
2020-03-20 07:00:00,15.08,15.08,14.18,14.27,114090
2020-03-23 07:00:00,14.27,14.72,13.38,13.43,295240
2020-03-24 07:00:00,13.43,14.27,13.38,13.65,74020
2020-03-25 07:00:00,13.84,14.6,13.65,14.03,60930
2020-03-26 07:00:00,14.03,14.99,14.03,14.41,135130
2020-03-27 07:00:00,15.18,15.41,14.7,15.41,58540
2020-03-30 07:00:00,15.41,15.46,14.36,15.41,76490
2020-03-31 07:00:00,15.41,15.61,14.84,14.94,69910
2020-04-01 07:00:00,14.94,15.89,14.46,14.99,44970
2020-04-03 07:00:00,15.08,15.99,14.94,15.99,146260
2020-04-06 07:00:00,16.7,16.89,15.99,16.13,57060
2020-04-07 07:00:00,16.61,16.66,15.46,16.66,28580
2020-04-08 07:00:00,16.66,16.8,15.94,16.8,57180
2020-04-09 07:00:00,16.37,16.8,16.23,16.23,29840
2020-04-10 07:00:00,16.23,16.99,16.13,16.66,90130
2020-04-13 07:00:00,16.66,16.8,16.23,16.27,43800
2020-04-14 07:00:00,16.23,16.75,16.23,16.27,84280
2020-04-15 07:00:00,16.61,16.61,16.23,16.23,10730
2020-04-16 07:00:00,16.13,16.8,16.13,16.32,42980
2020-04-17 07:00:00,16.27,17.42,16.27,17.42,126970
2020-04-20 07:00:00,17.56,17.56,16.23,16.42,40900
2020-04-21 07:00:00,16.42,16.99,15.27,15.61,50760
2020-04-22 07:00:00,15.08,16.23,15.08,15.65,28500
2020-04-23 07:00:00,15.65,15.75,15.56,15.56,14790
2020-04-24 07:00:00,16.04,16.04,15.37,15.61,9990
2020-04-27 07:00:00,16.23,16.23,15.51,16.04,8290
2020-04-28 07:00:00,15.61,15.99,15.61,15.94,4610
2020-04-29 07:00:00,15.56,15.94,15.56,15.56,6090
2020-05-04 07:00:00,15.27,16.23,14.51,15.37,71460
2020-05-05 07:00:00,15.46,16.13,15.46,15.46,610
2020-05-06 07:00:00,16.18,16.32,15.75,15.75,31680
2020-05-07 07:00:00,16.61,16.61,15.65,16.13,3730
2020-05-08 07:00:00,16.13,17.23,15.65,17.23,88150
2020-05-11 07:00:00,16.89,17.47,16.7,16.89,51550
2020-05-12 07:00:00,17.28,17.28,16.75,16.75,7890
2020-05-13 07:00:00,15.84,16.75,15.84,15.94,45100
2020-05-14 07:00:00,16.13,16.13,15.56,15.94,14980
2020-05-15 07:00:00,16.23,16.23,15.94,15.94,4670
2020-05-18 07:00:00,16.61,17.04,15.89,15.89,35050
2020-05-19 07:00:00,16.23,16.99,16.23,16.42,74250
2020-05-20 07:00:00,16.61,16.99,16.08,16.94,5720
2020-05-21 07:00:00,16.94,17.66,16.23,17.56,46980
2020-05-22 07:00:00,16.51,17.56,16.51,16.8,48720
2020-05-25 07:00:00,17.18,17.23,16.51,16.66,62870
2020-05-26 07:00:00,17.18,17.18,16.61,16.7,111650
2020-05-27 07:00:00,16.94,17.23,16.75,17.23,44330
2020-05-28 07:00:00,17.56,17.56,16.7,17.13,13810
2020-05-29 07:00:00,16.51,17.18,16.51,16.85,7620
2020-06-01 07:00:00,17.47,17.99,16.75,17.37,82360
2020-06-02 07:00:00,17.23,18.56,17.23,18.56,113970
2020-06-03 07:00:00,19.19,19.57,18.09,18.56,24190
2020-06-04 07:00:00,18.56,19.42,18.14,18.14,48620
2020-06-05 07:00:00,18.9,18.9,16.89,18.47,21680
2020-06-08 07:00:00,18.14,19.42,18.14,18.28,57500
2020-06-09 07:00:00,19.28,19.28,18.04,18.04,41280
2020-06-10 07:00:00,18.04,18.14,16.8,16.8,192300
2020-06-11 07:00:00,17.18,17.18,16.23,16.23,71650
2020-06-12 07:00:00,15.51,16.99,15.51,16.23,10730
2020-06-15 07:00:00,16.23,16.23,15.61,15.65,27460
2020-06-16 07:00:00,16.18,16.18,15.65,15.7,22130
2020-06-17 07:00:00,16.23,16.23,15.7,15.7,6840
2020-06-18 07:00:00,15.7,16.08,15.7,16.04,2260
2020-06-19 07:00:00,15.94,15.94,15.84,15.84,6950
2020-06-22 07:00:00,15.75,16.23,15.75,16.18,43630
2020-06-23 07:00:00,16.32,16.32,16.04,16.04,21210
2020-06-24 07:00:00,16.18,16.18,15.75,15.94,11750
2020-06-25 07:00:00,15.75,15.75,15.56,15.75,13720
2020-06-26 07:00:00,16.18,16.18,15.56,15.56,4030
2020-06-29 07:00:00,15.56,15.84,14.99,15.84,19650
2020-06-30 07:00:00,15.13,15.84,15.08,15.84,6610
2020-07-01 07:00:00,15.75,15.75,15.13,15.75,2140
2020-07-02 07:00:00,15.13,15.75,15.13,15.56,2690
2020-07-03 07:00:00,15.56,15.56,15.37,15.56,4410
2020-07-06 07:00:00,15.27,15.56,15.08,15.46,14600
2020-07-07 07:00:00,15.27,15.46,15.13,15.46,29980
2020-07-08 07:00:00,15.37,15.56,15.37,15.56,26540
2020-07-09 07:00:00,15.13,15.61,15.13,15.56,9200
2020-07-10 07:00:00,15.56,15.56,15.46,15.46,5440
2020-07-13 07:00:00,15.46,15.46,15.27,15.46,12990
2020-07-14 07:00:00,15.46,15.46,15.18,15.27,11830
2020-07-15 07:00:00,15.41,15.41,15.27,15.41,4430
2020-07-16 07:00:00,15.37,15.46,15.08,15.08,10890
2020-07-17 07:00:00,15.41,15.41,15.08,15.13,1320
2020-07-20 07:00:00,15.13,15.37,15.13,15.18,1990
2020-07-21 07:00:00,15.27,15.27,15.18,15.18,4380
2020-07-22 07:00:00,15.37,15.37,15.22,15.27,4570
2020-07-23 07:00:00,15.27,15.27,15.27,15.27,2930
2020-07-24 07:00:00,15.27,15.27,14.79,14.79,23990
2020-07-27 07:00:00,13.98,14.7,13.98,14.27,7910
2020-07-28 07:00:00,13.55,14.6,13.55,14.6,4540
2020-07-29 07:00:00,13.94,14.32,13.94,14.22,4660
2020-07-30 07:00:00,14.13,14.6,14.13,14.6,1220
2020-07-31 07:00:00,14.32,14.7,14.22,14.32,13430
2020-08-03 07:00:00,14.6,15.32,14.56,15.08,5910
2020-08-04 07:00:00,15.08,15.75,14.99,15.22,7760
2020-08-05 07:00:00,15.27,15.46,14.89,14.89,4510
2020-08-06 07:00:00,14.6,15.37,14.51,15.37,520
2020-08-07 07:00:00,15.08,15.27,14.79,14.84,5350
2020-08-10 07:00:00,15.22,15.46,14.84,15.41,4390
2020-08-11 07:00:00,15.27,15.46,15.08,15.46,6560
2020-08-12 07:00:00,15.46,15.51,15.41,15.51,4050
2020-08-13 07:00:00,15.56,15.65,15.18,15.51,5750
2020-08-14 07:00:00,15.46,15.61,15.37,15.46,8930
2020-08-17 07:00:00,15.46,15.46,14.79,15.27,3560
2020-08-18 07:00:00,14.84,15.46,14.79,15.32,11360
2020-08-19 07:00:00,15.08,15.32,15.03,15.08,9020
2020-08-20 07:00:00,15.27,15.27,14.89,15.27,8540
2020-08-21 07:00:00,14.6,15.27,14.6,14.99,5550
2020-08-24 07:00:00,15.27,15.27,15.03,15.22,18140
2020-08-25 07:00:00,15.22,15.27,15.03,15.22,8790
2020-08-26 07:00:00,15.22,15.37,15.22,15.22,22810
2020-08-27 07:00:00,15.27,16.23,15.27,16.04,25240
2020-08-28 07:00:00,16.04,16.04,15.32,15.32,12260
2020-08-31 07:00:00,15.32,15.75,15.27,15.65,8520
2020-09-01 07:00:00,15.27,15.7,15.13,15.27,10560
2020-09-03 07:00:00,15.7,15.7,15.13,15.61,9610
2020-09-04 07:00:00,15.65,15.65,15.18,15.51,3050
2020-09-07 07:00:00,15.18,15.65,15.18,15.41,4980
2020-09-08 07:00:00,15.56,15.56,15.18,15.41,5890
2020-09-09 07:00:00,15.41,15.41,15.13,15.18,16700
2020-09-10 07:00:00,15.27,15.51,15.18,15.51,18030
2020-09-11 07:00:00,15.46,15.51,15.27,15.46,10580
2020-09-14 07:00:00,15.46,15.46,15.27,15.37,12920
2020-09-15 07:00:00,15.37,15.46,15.27,15.27,6850
2020-09-16 07:00:00,15.37,15.37,15.27,15.27,11010
2020-09-17 07:00:00,15.18,15.27,15.18,15.27,13080
2020-09-18 07:00:00,15.27,16.04,15.22,15.75,84620
2020-09-21 07:00:00,16.32,16.32,15.94,16.23,41960
2020-09-22 07:00:00,16.23,16.37,15.84,16.13,6760
2020-09-23 07:00:00,15.75,15.94,15.7,15.84,30120
2020-09-24 07:00:00,15.7,16.23,15.61,15.94,33080
2020-09-25 07:00:00,15.94,15.94,15.8,15.8,5220
2020-09-28 07:00:00,16.18,16.18,15.75,15.94,13050
2020-09-29 07:00:00,15.75,15.94,15.75,15.89,13380
2020-09-30 07:00:00,16.23,16.89,15.65,15.8,12470
2020-10-01 07:00:00,15.8,15.8,15.65,15.75,27700
2020-10-02 07:00:00,15.75,16.04,15.27,15.32,22390
2020-10-05 07:00:00,16.08,16.08,15.41,15.94,10670
2020-10-06 07:00:00,15.94,15.94,15.27,15.84,35890
2020-10-07 07:00:00,15.46,15.84,15.46,15.75,19870
2020-10-08 07:00:00,15.75,15.84,15.65,15.84,6020
2020-10-09 07:00:00,15.94,15.94,15.46,15.84,7660
2020-10-12 07:00:00,15.56,15.84,15.18,15.61,46580
2020-10-13 07:00:00,15.61,15.61,15.27,15.61,37200
2020-10-14 07:00:00,15.75,15.75,15.75,15.75,6280
2020-10-15 07:00:00,15.75,15.75,15.37,15.75,9480
2020-10-16 07:00:00,15.65,15.7,15.27,15.27,24110
2020-10-19 07:00:00,15.61,15.61,15.27,15.46,4540
2020-10-20 07:00:00,15.56,15.56,14.79,15.27,16860
2020-10-21 07:00:00,15.37,15.75,15.03,15.27,33470
2020-10-22 07:00:00,15.46,15.46,15.27,15.46,3560
2020-10-23 07:00:00,15.37,15.84,15.27,15.27,24770
2020-10-26 07:00:00,15.27,15.75,15.27,15.75,20180
2020-10-27 07:00:00,15.89,15.89,15.27,15.56,1050
2020-10-28 07:00:00,15.18,15.46,14.99,15.41,6160
2020-10-29 07:00:00,15.27,15.41,15.08,15.13,6790
2020-10-30 07:00:00,15.7,15.7,14.99,15.56,9330
2020-11-02 07:00:00,14.99,15.41,14.6,15.41,2920
2020-11-03 07:00:00,14.89,15.27,14.79,15.18,55730
2020-11-04 07:00:00,14.89,15.22,14.6,15.22,4840
2020-11-05 07:00:00,15.22,15.22,14.36,15.08,18520
2020-11-06 07:00:00,15.08,15.08,14.65,15.03,7140
2020-11-09 07:00:00,15.08,15.18,14.6,14.65,20610
2020-11-10 07:00:00,14.65,14.94,14.6,14.65,33050
2020-11-11 07:00:00,14.94,14.94,14.6,14.65,8900
2020-11-12 07:00:00,14.56,14.65,14.41,14.65,30980
2020-11-13 07:00:00,14.79,14.79,13.65,14.13,502290
2020-11-16 07:00:00,14.13,14.32,14.13,14.17,26400
2020-11-17 07:00:00,14.22,14.6,14.22,14.41,12140
2020-11-18 07:00:00,14.22,14.32,13.98,14.03,105250
2020-11-19 07:00:00,14.22,14.22,13.94,14.08,24120
2020-11-20 07:00:00,14.08,14.08,13.94,14.08,33640
2020-11-23 07:00:00,14.32,14.51,14.08,14.32,44780
2020-11-24 07:00:00,14.32,14.32,14.13,14.32,21870
2020-11-25 07:00:00,14.32,14.41,14.22,14.32,26820
2020-11-26 07:00:00,14.22,14.41,14.22,14.32,13910
2020-11-27 07:00:00,14.99,14.99,14.36,14.51,25500
2020-11-30 07:00:00,14.7,14.99,14.51,14.65,35780
2020-12-01 07:00:00,14.7,14.79,14.51,14.75,32050
2020-12-02 07:00:00,14.79,14.89,14.32,14.79,32640
2020-12-03 07:00:00,14.79,14.79,14.22,14.7,86780
2020-12-04 07:00:00,14.22,14.79,14.22,14.7,35660
2020-12-07 07:00:00,14.7,14.94,14.56,14.89,48990
2020-12-08 07:00:00,14.89,15.27,14.51,14.89,124280
2020-12-09 07:00:00,14.99,15.46,14.89,15.27,156880
2020-12-10 07:00:00,14.99,15.61,14.99,15.27,30980
2020-12-11 07:00:00,15.56,15.56,15.08,15.27,32080
2020-12-14 07:00:00,15.03,15.27,15.03,15.08,36420
2020-12-15 07:00:00,15.22,15.37,14.89,14.99,104210
2020-12-16 07:00:00,15.27,15.37,14.84,15.18,126400
2020-12-17 07:00:00,15.03,15.27,14.7,14.89,151260
2020-12-18 07:00:00,14.79,15.13,14.79,14.89,39070
2020-12-21 07:00:00,14.89,15.08,14.79,15.03,25550
2020-12-22 07:00:00,15.08,15.08,14.79,14.99,30250
2020-12-23 07:00:00,14.99,15.94,14.89,15.37,180400
2020-12-24 07:00:00,15.37,15.75,15.08,15.37,37780
2020-12-25 07:00:00,15.65,15.8,14.79,15.27,274140
2020-12-28 07:00:00,15.8,16.32,15.75,16.23,1010610
2020-12-29 07:00:00,16.61,17.32,16.61,17.32,294820
2020-12-30 07:00:00,18.04,18.14,17.28,17.32,196390
2020-12-31 07:00:00,17.28,17.47,16.42,16.99,247510
2021-01-04 07:00:00,16.99,17.18,16.8,16.94,250800
2021-01-05 07:00:00,17.09,18.09,16.94,17.9,288700
2021-01-06 07:00:00,18.04,18.14,17.47,17.56,144700
2021-01-07 07:00:00,17.56,17.94,17.42,17.51,139900
2021-01-08 07:00:00,17.66,17.66,17.18,17.28,151600
2021-01-11 07:00:00,17.28,17.66,17.18,17.37,138300
2021-01-12 07:00:00,17.61,17.75,17.42,17.71,115100
2021-01-13 07:00:00,17.8,18.76,17.8,18.14,197300
2021-01-14 07:00:00,18.14,18.61,18.14,18.37,81300
2021-01-15 07:00:00,18.37,19.09,18.28,18.56,70000
2021-01-18 07:00:00,18.61,18.61,18.14,18.42,171700
2021-01-19 07:00:00,18.42,18.42,17.13,17.18,235100
2021-01-20 07:00:00,17.18,17.66,16.66,17.66,118900
2021-01-21 07:00:00,17.28,18.09,17.28,17.9,60700
2021-01-22 07:00:00,17.85,17.85,17.37,17.56,84300
2021-01-25 07:00:00,17.13,17.75,17.13,17.66,81300
2021-01-26 07:00:00,18.04,18.04,17.18,17.18,44800
2021-01-27 07:00:00,16.8,17.37,16.61,17.18,135000
2021-01-28 07:00:00,16.42,16.99,15.99,15.99,158200
2021-01-29 07:00:00,15.18,16.23,15.18,16.04,40900
2021-02-01 07:00:00,16.51,16.51,15.32,16.04,20000
2021-02-02 07:00:00,16.42,16.51,15.46,16.51,14300
2021-02-03 07:00:00,16.51,17.18,16.51,16.8,42600
2021-02-04 07:00:00,17.13,17.13,16.7,17.09,24400
2021-02-05 07:00:00,17.09,17.18,16.99,16.99,17100
2021-02-08 07:00:00,17.09,17.18,16.23,16.85,27100
2021-02-09 07:00:00,16.85,16.89,16.51,16.89,5500
2021-02-17 07:00:00,17.18,17.66,17.18,17.66,106300
2021-02-18 07:00:00,17.66,17.66,17.47,17.51,40300
2021-02-19 07:00:00,17.51,17.61,17.37,17.37,35600
2021-02-22 07:00:00,17.37,17.94,17.37,17.75,152700
2021-02-23 07:00:00,17.75,17.85,17.66,17.75,57800
2021-02-24 07:00:00,17.75,17.8,17.47,17.66,57100
2021-02-25 07:00:00,17.66,17.66,17.18,17.47,77200
2021-02-26 07:00:00,17.23,17.66,17.18,17.66,54400
2021-03-01 07:00:00,17.85,18.85,17.66,18.85,218300
2021-03-02 07:00:00,20.14,20.14,20.14,20.14,140200
2021-03-03 07:00:00,21.52,21.52,21.52,21.52,284600
2021-03-04 07:00:00,23.0,23.0,21.95,23.0,579800
2021-03-05 07:00:00,23.1,24.34,21.95,23.77,284200
2021-03-08 07:00:00,23.86,24.29,22.91,22.91,119800
2021-03-09 07:00:00,22.43,22.91,21.91,22.53,221100
2021-03-10 07:00:00,22.53,22.53,21.48,22.14,149800
2021-03-11 07:00:00,21.95,22.72,21.95,22.14,124200
2021-03-12 07:00:00,22.14,22.14,21.43,21.67,122300
2021-03-15 07:00:00,21.67,23.15,21.05,23.15,167500
2021-03-16 07:00:00,24.72,24.72,23.19,24.15,287000
2021-03-17 07:00:00,23.86,23.86,23.24,23.67,147400
2021-03-18 07:00:00,23.38,25.01,23.29,24.67,200900
2021-03-19 07:00:00,24.34,24.53,23.86,23.86,97400
2021-03-22 07:00:00,23.86,24.39,23.81,23.86,160500
2021-03-23 07:00:00,23.19,23.86,22.43,23.0,195300
2021-03-24 07:00:00,22.53,23.19,22.1,22.72,104700
2021-03-25 07:00:00,23.29,23.29,22.72,22.91,108000
2021-03-26 07:00:00,22.91,22.91,21.48,22.05,116100
2021-03-29 07:00:00,22.05,23.58,22.05,23.29,114400
2021-03-30 07:00:00,23.29,23.62,22.76,23.53,110800
2021-03-31 07:00:00,23.53,23.62,23.15,23.15,42900
2021-04-01 07:00:00,23.1,23.29,23.1,23.29,104200
2021-04-02 07:00:00,23.29,23.86,23.29,23.38,54100
2021-04-05 07:00:00,23.38,23.38,23.19,23.29,66700
2021-04-06 07:00:00,23.29,23.48,23.1,23.24,51200
2021-04-07 07:00:00,23.19,23.29,22.96,23.29,51500
2021-04-08 07:00:00,23.38,23.48,23.24,23.24,60100
2021-04-09 07:00:00,23.77,24.63,23.48,23.96,132100
2021-04-12 07:00:00,23.96,24.34,23.86,24.15,99300
2021-04-13 07:00:00,25.29,25.29,23.38,23.96,118800
2021-04-14 07:00:00,23.48,23.67,22.91,23.58,122000
2021-04-15 07:00:00,23.58,23.58,22.91,23.1,106400
2021-04-16 07:00:00,22.91,23.58,21.95,23.58,128000
2021-04-19 07:00:00,23.58,23.58,23.1,23.15,44200
2021-04-20 07:00:00,23.15,23.19,22.81,23.1,79100
2021-04-22 07:00:00,23.1,23.1,22.05,22.05,36800
2021-04-23 07:00:00,22.05,22.05,21.62,22.05,28400
2021-04-26 07:00:00,21.57,21.86,20.52,20.57,163400
2021-04-27 07:00:00,20.0,20.52,19.14,20.24,45500
2021-04-28 07:00:00,20.24,21.14,20.24,21.14,39300
2021-04-29 07:00:00,20.09,21.14,20.09,21.0,28800
2021-05-04 07:00:00,19.76,20.43,19.57,20.04,110900
2021-05-05 07:00:00,20.04,21.0,20.04,20.9,38500
2021-05-06 07:00:00,20.81,20.81,20.52,20.62,22700
2021-05-07 07:00:00,20.33,21.0,19.66,20.71,67300
2021-05-10 07:00:00,20.71,20.71,19.76,20.43,40500
2021-05-11 07:00:00,20.9,20.9,20.04,20.52,13600
2021-05-12 07:00:00,20.14,20.24,20.04,20.24,19500
2021-05-13 07:00:00,20.04,20.24,19.85,20.04,11100
2021-05-14 07:00:00,19.47,19.95,19.09,19.85,20900
2021-05-17 07:00:00,20.33,20.33,19.38,19.52,31000
2021-05-18 07:00:00,19.52,19.52,18.71,18.99,65100
2021-05-19 07:00:00,18.99,18.99,18.23,18.23,31300
2021-05-20 07:00:00,18.18,18.18,17.56,17.94,27800
2021-05-21 07:00:00,18.14,19.19,18.14,19.09,33000
2021-05-24 07:00:00,19.09,19.61,19.09,19.09,15300
2021-05-25 07:00:00,19.09,20.43,19.09,19.9,39300
2021-05-26 07:00:00,19.9,19.9,19.09,19.57,15500
2021-05-27 07:00:00,19.47,19.57,19.09,19.09,11000
2021-05-28 07:00:00,19.57,19.57,18.14,19.19,35800
2021-05-31 07:00:00,18.99,18.99,18.14,18.9,31700
2021-06-01 07:00:00,19.09,19.09,18.28,18.42,11700
2021-06-02 07:00:00,18.9,18.9,18.23,18.61,20500
2021-06-03 07:00:00,19.47,19.47,18.14,18.52,67200
2021-06-04 07:00:00,18.56,19.09,18.28,18.99,58400
2021-06-07 07:00:00,19.09,19.09,18.61,18.99,20500
2021-06-08 07:00:00,18.99,18.99,18.23,18.71,20400
2021-06-09 07:00:00,18.71,18.9,18.61,18.9,12600
2021-06-10 07:00:00,18.61,18.85,18.33,18.85,62700
2021-06-11 07:00:00,18.71,18.95,18.52,18.95,58700
2021-06-14 07:00:00,18.95,19.47,18.95,19.33,62800
2021-06-15 07:00:00,19.33,19.33,18.52,18.8,123700
2021-06-16 07:00:00,19.09,19.19,18.8,18.9,18900
2021-06-17 07:00:00,18.9,19.57,18.71,19.57,67900
2021-06-18 07:00:00,19.57,19.57,19.09,19.38,73900
2021-06-21 07:00:00,19.47,20.71,19.47,20.71,152800
2021-06-22 07:00:00,21.0,21.43,20.33,20.95,83900
2021-06-23 07:00:00,20.95,20.95,20.19,20.47,22800
2021-06-24 07:00:00,20.04,20.43,19.95,20.04,53100
2021-06-25 07:00:00,20.04,20.71,19.76,20.04,28000
2021-06-28 07:00:00,19.57,20.04,19.57,19.85,39000
2021-06-29 07:00:00,19.66,19.85,19.57,19.85,54000
2021-06-30 07:00:00,19.85,19.85,19.42,19.57,22000
2021-07-01 07:00:00,19.38,19.95,19.38,19.95,20400
2021-07-02 07:00:00,19.95,19.95,19.57,19.61,25400
2021-07-05 07:00:00,19.76,19.76,19.09,19.38,43700
2021-07-06 07:00:00,19.38,19.38,18.9,18.9,52300
2021-07-07 07:00:00,18.8,18.9,18.42,18.71,44600
2021-07-08 07:00:00,18.71,18.8,18.52,18.71,31500
2021-07-09 07:00:00,18.42,18.71,18.37,18.42,15700
2021-07-12 07:00:00,18.42,18.42,17.13,17.66,110500
2021-07-13 07:00:00,17.61,17.85,17.37,17.37,49800
2021-07-14 07:00:00,17.47,17.85,17.28,17.28,17000
2021-07-15 07:00:00,17.75,17.94,17.56,17.75,56000
2021-07-16 07:00:00,17.75,17.85,17.56,17.56,11600
2021-07-19 07:00:00,17.47,17.56,16.8,17.47,13100
2021-07-20 07:00:00,17.37,17.37,16.75,17.37,17600
2021-07-21 07:00:00,17.37,17.75,17.18,17.37,19100
2021-07-22 07:00:00,17.28,17.66,17.28,17.51,10400
2021-07-23 07:00:00,17.9,17.9,17.51,17.56,9700
2021-07-26 07:00:00,17.47,17.66,17.13,17.51,27700
2021-07-27 07:00:00,17.51,17.94,17.47,17.85,18300
2021-07-28 07:00:00,17.85,18.04,17.47,17.71,16600
2021-07-29 07:00:00,17.75,18.23,17.71,17.8,95500
2021-07-30 07:00:00,18.14,18.42,17.85,17.85,9100
2021-08-02 07:00:00,17.94,19.09,17.94,19.09,98000
2021-08-03 07:00:00,19.57,19.57,18.95,19.23,56300
2021-08-04 07:00:00,18.9,19.19,18.85,18.99,22900
2021-08-05 07:00:00,18.95,18.95,18.04,18.9,34600
2021-08-06 07:00:00,18.9,18.95,18.61,18.61,5400
2021-08-09 07:00:00,18.18,18.61,17.66,18.61,39600
2021-08-10 07:00:00,18.61,18.61,18.33,18.52,24900
2021-08-11 07:00:00,18.52,19.38,18.42,18.9,41700
2021-08-12 07:00:00,19.19,19.19,18.8,18.9,21000
2021-08-13 07:00:00,19.47,20.19,19.09,20.19,321900
2021-08-16 07:00:00,21.57,21.57,21.48,21.57,120900
2021-08-17 07:00:00,23.05,23.05,21.67,23.05,414000
2021-08-18 07:00:00,23.29,23.29,22.0,22.14,161900
2021-08-19 07:00:00,21.95,21.95,21.19,21.86,152200
2021-08-20 07:00:00,21.62,22.43,20.81,21.19,142900
2021-08-23 07:00:00,20.81,20.81,20.04,20.14,95600
2021-08-24 07:00:00,20.04,20.52,20.04,20.52,41700
2021-08-25 07:00:00,20.52,20.52,20.04,20.33,35500
2021-08-26 07:00:00,20.09,21.14,19.76,20.62,62500
2021-08-27 07:00:00,20.62,20.71,19.28,20.52,43700
2021-08-30 07:00:00,20.52,21.19,20.52,21.14,30600
2021-08-31 07:00:00,21.86,21.86,21.0,21.24,89600
2021-09-01 07:00:00,21.19,21.28,21.0,21.19,39400
2021-09-06 07:00:00,20.81,22.05,20.81,21.67,93000
2021-09-07 07:00:00,21.67,22.14,21.38,21.38,85400
2021-09-08 07:00:00,21.91,21.91,21.0,21.62,43200
2021-09-09 07:00:00,21.38,23.05,21.38,22.81,166100
2021-09-10 07:00:00,22.81,22.81,22.05,22.38,78900
2021-09-13 07:00:00,22.72,23.38,22.38,23.19,239300
2021-09-14 07:00:00,23.38,23.38,22.53,22.91,75500
2021-09-15 07:00:00,22.91,23.05,22.0,22.67,58100
2021-09-16 07:00:00,22.43,22.67,22.24,22.53,110100
2021-09-17 07:00:00,22.19,22.72,22.19,22.53,64500
2021-09-20 07:00:00,22.53,23.05,22.0,22.0,70200
2021-09-21 07:00:00,22.05,22.05,21.09,21.71,106800
2021-09-22 07:00:00,21.71,22.38,21.67,22.19,61900
2021-09-23 07:00:00,22.38,22.43,21.81,21.86,41300
2021-09-24 07:00:00,22.3,22.64,21.96,22.25,96600
2021-09-27 07:00:00,22.54,22.64,21.91,21.91,50900
2021-09-28 07:00:00,21.96,22.05,21.47,22.05,51400
2021-09-29 07:00:00,21.96,22.05,21.91,21.96,28300
2021-09-30 07:00:00,21.96,22.35,21.71,22.3,44700
2021-10-01 07:00:00,22.3,22.35,21.91,21.96,38800
2021-10-04 07:00:00,22.1,22.15,21.86,21.96,30600
2021-10-05 07:00:00,22.05,22.25,21.86,22.1,30300
2021-10-06 07:00:00,22.2,22.54,21.96,22.54,88900
2021-10-07 07:00:00,22.59,23.86,22.59,23.61,201400
2021-10-08 07:00:00,23.61,23.76,23.22,23.27,80200
2021-10-11 07:00:00,23.27,23.42,22.93,23.17,66300
2021-10-12 07:00:00,23.08,23.08,22.64,22.69,79000
2021-10-13 07:00:00,22.69,22.88,22.44,22.64,96300
2021-10-14 07:00:00,22.74,23.08,22.74,22.88,48700
2021-10-15 07:00:00,22.44,22.98,22.44,22.93,21800
2021-10-18 07:00:00,22.93,23.03,22.78,22.88,27700
2021-10-19 07:00:00,22.64,22.83,22.49,22.69,12300
2021-10-20 07:00:00,22.78,22.83,22.44,22.64,43200
2021-10-21 07:00:00,22.83,22.83,22.54,22.69,18100
2021-10-22 07:00:00,22.69,23.57,22.49,23.27,94900
2021-10-25 07:00:00,23.37,24.88,23.37,24.88,306200
2021-10-26 07:00:00,25.18,25.81,24.88,25.57,205400
2021-10-27 07:00:00,25.86,26.15,25.57,25.71,309000
2021-10-28 07:00:00,25.61,25.86,25.08,25.76,493600
2021-10-29 07:00:00,25.96,25.96,25.18,25.81,323400
2021-11-01 07:00:00,25.81,25.81,25.18,25.32,217200
2021-11-02 07:00:00,24.69,26.35,24.49,26.25,251700
2021-11-03 07:00:00,26.35,26.44,24.78,24.78,191200
2021-11-04 07:00:00,25.27,26.49,24.88,26.49,278100
2021-11-05 07:00:00,26.88,28.35,26.88,28.35,344400
2021-11-08 07:00:00,29.27,29.27,28.3,28.4,282400
2021-11-09 07:00:00,27.42,28.3,27.42,27.61,132500
2021-11-10 07:00:00,27.61,28.4,26.98,28.2,227700
2021-11-11 07:00:00,28.79,28.79,27.66,27.66,221300
2021-11-12 07:00:00,27.52,27.91,27.42,27.86,129600
2021-11-15 07:00:00,27.61,27.76,27.32,27.66,188000
2021-11-16 07:00:00,27.61,27.86,26.35,27.42,159000
2021-11-17 07:00:00,27.22,28.15,27.13,27.42,74200
2021-11-18 07:00:00,27.61,27.61,26.74,27.03,135100
2021-11-19 07:00:00,27.22,27.27,25.37,25.76,229800
2021-11-22 07:00:00,25.76,26.35,24.88,25.27,84400
2021-11-23 07:00:00,25.27,25.27,23.52,24.78,201700
2021-11-24 07:00:00,25.37,25.81,24.98,25.27,88700
2021-11-25 07:00:00,25.27,25.76,24.98,25.57,72000
2021-11-26 07:00:00,25.57,25.57,24.88,24.98,95900
2021-11-29 07:00:00,24.59,25.57,24.59,25.57,93900
2021-11-30 07:00:00,25.86,26.0,25.37,25.66,83200
2021-12-01 07:00:00,25.66,25.66,25.03,25.57,67000
2021-12-02 07:00:00,25.57,25.86,25.27,25.76,78700
2021-12-03 07:00:00,25.86,25.86,25.22,25.57,28700
2021-12-06 07:00:00,25.57,26.15,24.39,25.03,104700
2021-12-07 07:00:00,24.88,25.76,24.88,25.76,46200
2021-12-08 07:00:00,26.2,26.25,25.76,25.76,24100
2021-12-09 07:00:00,26.15,27.52,25.76,27.52,249900
2021-12-10 07:00:00,28.3,28.3,26.69,27.52,59600
2021-12-13 07:00:00,27.52,28.1,27.52,27.57,259200
2021-12-14 07:00:00,27.57,28.25,27.03,28.25,182900
2021-12-15 07:00:00,28.3,28.79,28.15,28.35,208200
2021-12-16 07:00:00,28.4,28.54,27.32,28.3,159100
2021-12-17 07:00:00,28.3,28.44,28.05,28.2,105400
2021-12-20 07:00:00,28.4,28.4,27.81,28.1,101900
2021-12-21 07:00:00,27.61,27.76,27.32,27.71,90100
2021-12-22 07:00:00,26.93,27.61,26.93,27.47,180400
2021-12-23 07:00:00,26.98,28.4,26.49,28.3,165500
2021-12-24 07:00:00,28.1,28.49,27.91,28.3,89000
2021-12-27 07:00:00,28.2,30.1,27.86,30.1,394100
2021-12-28 07:00:00,30.1,32.2,30.1,32.15,443100
2021-12-29 07:00:00,32.59,32.59,31.42,31.81,197200
2021-12-30 07:00:00,31.42,31.86,30.74,31.57,157900
2021-12-31 07:00:00,31.52,31.62,29.86,31.62,187600
2022-01-04 07:00:00,32.54,32.59,31.66,32.54,413200
2022-01-05 07:00:00,32.2,34.64,32.2,34.49,280000
2022-01-06 07:00:00,34.49,36.88,34.49,36.88,318800
2022-01-07 07:00:00,36.88,38.84,36.88,37.96,348100
2022-01-10 07:00:00,37.47,38.64,36.59,36.79,293000
2022-01-11 07:00:00,36.84,37.08,35.91,36.4,277100
2022-01-12 07:00:00,35.62,37.47,35.62,37.28,379000
2022-01-13 07:00:00,37.18,37.96,36.69,37.57,378500
2022-01-14 07:00:00,37.52,37.86,36.74,37.71,190200
2022-01-17 07:00:00,37.71,37.71,35.08,35.42,312300
2022-01-18 07:00:00,37.86,37.86,35.42,36.1,246500
2022-01-19 07:00:00,34.64,36.2,34.64,35.91,92000
2022-01-20 07:00:00,35.91,37.08,35.18,37.08,101500
2022-01-21 07:00:00,37.08,38.45,37.08,37.08,150300
2022-01-24 07:00:00,37.08,37.86,36.59,37.08,271700
2022-01-25 07:00:00,37.03,37.86,36.59,37.08,124900
2022-01-26 07:00:00,37.08,37.76,36.59,36.69,151800
2022-01-27 07:00:00,36.49,37.08,35.03,36.59,159400
2022-01-28 07:00:00,36.59,39.13,36.59,39.03,690600
2022-02-07 07:00:00,40.01,40.01,39.03,39.23,137300
2022-02-08 07:00:00,39.03,39.32,38.1,38.74,105300
2022-02-09 07:00:00,38.15,40.01,37.08,39.76,536900
2022-02-10 07:00:00,39.52,39.62,38.64,39.08,287100
2022-02-11 07:00:00,38.06,39.13,38.06,38.74,168100
2022-02-14 07:00:00,38.06,39.52,37.18,38.74,523800
2022-02-15 07:00:00,38.74,39.52,38.54,39.28,332700
2022-02-16 07:00:00,39.28,39.52,38.64,39.32,269500
2022-02-17 07:00:00,39.32,42.06,39.23,42.06,700300
2022-02-18 07:00:00,42.25,44.4,41.18,42.74,454600
2022-02-21 07:00:00,42.74,43.23,42.45,42.79,210300
2022-02-22 07:00:00,41.96,45.23,41.86,43.91,436700
2022-02-23 07:00:00,44.69,44.69,43.86,44.11,312700
2022-02-24 07:00:00,43.42,44.89,43.42,44.5,506100
2022-02-25 07:00:00,44.2,47.33,44.2,46.35,620400
2022-02-28 07:00:00,47.81,47.81,46.45,47.42,460900
2022-03-01 07:00:00,47.03,50.74,47.03,50.74,623800
2022-03-02 07:00:00,51.72,53.96,50.84,51.72,446700
2022-03-03 07:00:00,51.72,53.57,49.77,51.81,410300
2022-03-04 07:00:00,51.81,54.64,51.72,54.16,435900
2022-03-07 07:00:00,54.64,57.86,54.16,57.77,342000
2022-03-08 07:00:00,57.86,61.57,57.86,58.64,606100
2022-03-09 07:00:00,58.64,60.3,54.55,54.94,776100
2022-03-10 07:00:00,54.94,58.74,54.94,58.74,491900
2022-03-11 07:00:00,59.04,62.74,58.94,62.45,607600
2022-03-14 07:00:00,63.43,65.08,61.57,63.33,440400
2022-03-15 07:00:00,63.23,64.69,60.5,63.13,427900
2022-03-16 07:00:00,63.43,63.43,60.6,60.6,553300
2022-03-17 07:00:00,60.4,61.96,57.08,61.47,620900
2022-03-18 07:00:00,61.18,63.33,61.18,62.45,327100
2022-03-21 07:00:00,61.96,63.43,58.16,58.16,1121700
2022-03-22 07:00:00,54.16,54.64,54.16,54.16,347100
2022-03-23 07:00:00,50.45,50.45,50.45,50.45,164700
2022-03-24 07:00:00,46.94,52.69,46.94,49.77,987800
2022-03-25 07:00:00,48.89,53.18,48.89,53.18,494200
2022-03-28 07:00:00,53.18,53.28,50.84,51.72,253400
2022-03-29 07:00:00,50.55,51.62,49.96,50.16,456900
2022-03-30 07:00:00,48.79,50.06,46.69,46.69,709500
2022-03-31 07:00:00,43.47,45.86,43.47,43.47,690700
2022-04-01 07:00:00,40.45,46.5,40.45,46.11,682200
2022-04-04 07:00:00,46.11,47.03,44.89,45.13,201100
2022-04-05 07:00:00,43.91,45.86,43.62,45.08,282600
2022-04-06 07:00:00,44.01,45.37,43.62,43.91,257500
2022-04-07 07:00:00,43.91,44.69,41.28,42.84,169000
2022-04-08 07:00:00,43.42,43.42,40.98,41.18,221900
2022-04-12 07:00:00,41.18,41.96,38.3,38.3,410000
2022-04-13 07:00:00,37.28,38.3,35.67,37.03,448300
2022-04-14 07:00:00,38.06,38.06,36.1,37.67,154100
2022-04-15 07:00:00,38.45,40.01,37.52,39.32,169200
2022-04-18 07:00:00,38.54,39.91,37.71,38.06,260800
2022-04-19 07:00:00,37.76,38.79,35.52,35.71,196900
2022-04-20 07:00:00,33.42,35.32,33.23,33.23,345200
2022-04-21 07:00:00,30.93,31.13,30.93,30.93,138800
2022-04-22 07:00:00,28.79,28.79,28.79,28.79,78300
2022-04-25 07:00:00,26.79,26.79,26.79,26.79,23300
2022-04-26 07:00:00,24.93,24.93,24.93,24.93,29900
2022-04-27 07:00:00,23.22,26.15,23.22,26.15,562300
2022-04-28 07:00:00,26.15,27.96,26.15,27.96,268800
2022-04-29 07:00:00,29.76,29.76,28.88,29.71,200200
2022-05-04 07:00:00,27.66,28.79,27.66,28.74,448900
2022-05-05 07:00:00,29.22,30.74,28.4,30.25,420600
2022-05-06 07:00:00,30.15,30.25,28.3,28.3,194100
2022-05-09 07:00:00,27.13,27.61,26.35,26.35,195700
2022-05-10 07:00:00,24.54,26.15,24.54,25.81,188800
2022-05-11 07:00:00,26.83,26.83,24.64,25.22,106400
2022-05-12 07:00:00,25.22,26.35,23.71,24.49,248800
2022-05-13 07:00:00,23.91,24.69,22.78,22.78,214700
2022-05-16 07:00:00,22.93,23.81,21.47,22.3,177500
2022-05-17 07:00:00,21.66,23.81,21.52,23.81,268600
2022-05-18 07:00:00,23.91,25.37,23.81,24.35,128800
2022-05-19 07:00:00,23.42,24.39,23.42,24.3,107300
2022-05-20 07:00:00,24.39,25.37,24.39,24.83,161300
2022-05-23 07:00:00,24.0,24.78,23.61,23.61,321800
2022-05-24 07:00:00,23.61,23.61,22.59,23.03,101000
2022-05-25 07:00:00,23.03,24.64,23.03,24.64,300200
2022-05-26 07:00:00,25.37,26.35,24.88,26.35,171900
2022-05-27 07:00:00,28.15,28.15,27.18,28.15,410000
2022-05-30 07:00:00,27.42,29.47,27.03,28.49,295900
2022-05-31 07:00:00,28.54,28.64,27.81,28.59,286800
2022-06-01 07:00:00,28.15,29.91,28.15,29.27,231100
2022-06-02 07:00:00,29.27,29.62,28.1,28.15,238900
2022-06-03 07:00:00,28.01,29.27,27.91,28.44,150300
2022-06-06 07:00:00,28.44,28.64,26.83,26.83,185500
2022-06-07 07:00:00,26.83,27.47,26.35,27.47,117400
2022-06-08 07:00:00,27.47,29.27,26.64,28.59,214900
2022-06-09 07:00:00,28.79,29.57,28.59,28.69,100800
2022-06-10 07:00:00,28.4,29.13,27.81,27.91,148900
2022-06-13 07:00:00,25.96,26.88,25.96,25.96,196000
2022-06-14 07:00:00,24.25,25.96,24.25,25.18,202700
2022-06-15 07:00:00,25.13,25.76,23.42,23.42,197500
2022-06-16 07:00:00,24.39,25.03,23.91,24.0,120600
2022-06-17 07:00:00,22.54,23.71,22.39,22.64,198600
2022-06-20 07:00:00,22.64,23.71,21.08,21.08,454000
2022-06-21 07:00:00,20.0,21.42,19.91,20.49,187600
2022-06-22 07:00:00,20.98,21.47,20.64,21.47,137400
2022-06-23 07:00:00,20.49,21.81,20.49,21.47,167200
2022-06-24 07:00:00,22.25,22.25,21.37,21.56,157500
2022-06-27 07:00:00,21.71,21.96,21.47,21.66,81200
2022-06-28 07:00:00,21.66,23.17,21.17,23.17,353900
2022-06-29 07:00:00,23.17,23.22,22.25,22.35,117500
2022-06-30 07:00:00,22.35,22.64,21.86,21.96,87900
2022-07-01 07:00:00,21.47,21.96,20.69,21.86,133100
2022-07-04 07:00:00,21.86,22.44,21.76,22.05,100400
2022-07-05 07:00:00,22.05,22.05,21.37,21.52,95400
2022-07-06 07:00:00,20.98,21.47,20.49,20.49,62600
2022-07-07 07:00:00,20.05,20.54,19.81,20.49,66800
2022-07-08 07:00:00,20.49,21.91,20.49,21.56,67200
2022-07-11 07:00:00,20.98,21.37,20.59,20.88,43200
2022-07-12 07:00:00,20.98,22.3,20.88,22.0,105500
2022-07-13 07:00:00,22.0,22.44,22.0,22.2,53600
2022-07-14 07:00:00,22.44,22.44,21.86,22.2,47500
2022-07-15 07:00:00,22.35,22.83,21.96,22.59,192400
2022-07-18 07:00:00,22.93,23.22,22.1,22.1,59400
2022-07-19 07:00:00,21.81,22.44,21.47,22.05,56800
2022-07-20 07:00:00,22.15,23.13,22.05,23.13,178900
2022-07-21 07:00:00,23.37,23.42,22.49,22.88,53800
2022-07-22 07:00:00,22.88,22.93,22.49,22.49,56000
2022-07-25 07:00:00,22.49,22.49,22.15,22.3,34800
2022-07-26 07:00:00,22.39,22.44,21.66,21.66,62900
2022-07-27 07:00:00,21.56,22.15,20.64,22.15,72000
2022-07-28 07:00:00,22.15,23.57,22.15,22.64,156400
2022-07-29 07:00:00,22.64,23.42,22.44,22.64,230400
2022-08-01 07:00:00,22.44,22.74,22.2,22.74,177800
2022-08-02 07:00:00,23.61,23.61,22.54,22.74,122900
2022-08-03 07:00:00,22.74,23.42,22.64,23.42,182300
2022-08-04 07:00:00,23.52,25.03,23.52,25.03,425800
2022-08-05 07:00:00,25.37,26.15,24.88,25.08,214200
2022-08-08 07:00:00,25.08,26.2,25.08,25.27,205200
2022-08-09 07:00:00,25.18,25.37,24.78,24.93,166600
2022-08-10 07:00:00,24.78,25.47,24.78,25.08,165800
2022-08-11 07:00:00,25.37,25.37,23.91,24.2,245100
2022-08-12 07:00:00,24.35,24.88,24.0,24.88,126200
2022-08-15 07:00:00,25.37,25.37,24.59,25.08,76300
2022-08-16 07:00:00,24.69,25.13,24.69,24.98,122200
2022-08-17 07:00:00,24.98,25.18,24.59,24.69,126300
2022-08-18 07:00:00,24.69,24.78,24.3,24.39,113200
2022-08-19 07:00:00,24.49,24.59,24.05,24.3,163900
2022-08-22 07:00:00,24.39,24.39,23.52,24.2,97400
2022-08-23 07:00:00,23.52,24.0,23.52,23.91,140800
2022-08-24 07:00:00,23.91,24.25,23.91,24.0,63300
2022-08-25 07:00:00,23.86,24.35,23.86,24.3,70600
2022-08-26 07:00:00,24.3,24.3,23.91,23.96,70100
2022-08-29 07:00:00,23.47,23.66,22.88,23.22,132100
2022-08-30 07:00:00,23.32,23.71,23.22,23.27,57000
2022-08-31 07:00:00,23.57,23.57,22.98,23.42,58600
2022-09-05 07:00:00,23.22,23.42,22.88,23.03,95100
2022-09-06 07:00:00,23.03,23.42,22.93,23.03,86200
2022-09-07 07:00:00,22.88,23.22,22.35,22.49,159400
2022-09-08 07:00:00,22.49,22.59,22.25,22.59,79900
2022-09-09 07:00:00,22.15,22.54,21.96,22.54,44200
2022-09-12 07:00:00,22.54,22.64,22.35,22.44,14700
2022-09-13 07:00:00,22.54,22.74,22.35,22.74,65000
2022-09-14 07:00:00,22.15,22.59,22.15,22.59,29100
2022-09-15 07:00:00,22.35,22.64,22.3,22.54,34600
2022-09-16 07:00:00,22.35,22.35,21.86,22.25,72600
2022-09-19 07:00:00,21.96,21.96,20.93,21.47,113600
2022-09-20 07:00:00,21.56,21.56,20.93,21.47,50700
2022-09-21 07:00:00,20.69,21.17,20.69,21.17,26000
2022-09-22 07:00:00,21.32,21.47,20.98,21.47,17700
2022-09-23 07:00:00,21.47,21.47,21.17,21.17,22400
2022-09-26 07:00:00,20.98,20.98,20.0,20.15,101600
2022-09-27 07:00:00,20.25,20.25,20.05,20.05,33200
2022-09-28 07:00:00,20.05,20.05,19.3,19.3,104400
2022-09-29 07:00:00,19.55,19.6,18.85,18.85,28300
2022-09-30 07:00:00,18.0,18.3,17.55,18.3,166200
2022-10-03 07:00:00,17.65,17.85,17.1,17.1,117600
2022-10-04 07:00:00,17.15,17.5,16.55,17.2,39800
2022-10-05 07:00:00,17.35,17.8,17.35,17.8,38100
2022-10-06 07:00:00,17.9,17.95,17.0,17.1,33900
2022-10-07 07:00:00,16.6,16.6,15.95,16.2,99800
2022-10-10 07:00:00,16.1,16.3,15.55,16.0,49600
2022-10-11 07:00:00,15.85,16.5,15.6,15.8,27600
2022-10-12 07:00:00,15.5,16.6,15.5,16.5,16900
2022-10-13 07:00:00,16.4,16.5,16.1,16.25,17100
2022-10-14 07:00:00,16.4,17.0,16.4,16.7,21800
2022-10-17 07:00:00,16.7,16.7,16.05,16.6,44600
2022-10-18 07:00:00,16.75,17.75,16.75,17.75,67200
2022-10-19 07:00:00,17.6,18.5,17.6,18.15,64300
2022-10-20 07:00:00,18.15,18.2,17.5,17.6,32400
2022-10-21 07:00:00,17.6,17.6,16.4,16.4,98600
2022-10-24 07:00:00,16.2,17.5,15.8,16.0,63900
2022-10-25 07:00:00,16.0,16.5,15.6,16.1,33200
2022-10-26 07:00:00,16.9,16.9,16.1,16.65,5500
2022-10-27 07:00:00,17.6,17.6,16.5,17.2,11500
2022-10-28 07:00:00,17.2,17.2,16.7,17.1,13000
2022-10-31 07:00:00,16.5,16.85,16.1,16.8,30400
2022-11-01 07:00:00,17.5,17.5,15.65,16.75,57800
2022-11-02 07:00:00,16.75,17.0,16.75,16.8,36700
2022-11-03 07:00:00,16.8,17.0,16.55,16.9,34000
2022-11-04 07:00:00,16.75,16.8,16.3,16.55,47500
2022-11-07 07:00:00,16.5,16.5,15.8,15.8,68500
2022-11-08 07:00:00,15.5,15.8,15.3,15.3,67500
2022-11-09 07:00:00,15.4,15.95,15.35,15.9,23600
2022-11-10 07:00:00,15.5,15.5,14.8,14.8,107100
2022-11-11 07:00:00,14.7,14.9,13.8,13.8,52000
2022-11-14 07:00:00,13.05,13.5,12.85,13.3,63100
2022-11-15 07:00:00,12.9,12.9,12.4,12.9,101900
2022-11-16 07:00:00,12.15,13.4,12.0,13.4,77300
2022-11-17 07:00:00,14.15,14.15,13.4,14.05,40200
2022-11-18 07:00:00,14.1,14.1,13.1,13.85,105800
2022-11-21 07:00:00,14.05,14.5,13.35,14.25,9500
2022-11-22 07:00:00,13.6,14.8,13.6,14.3,94800
2022-11-23 07:00:00,14.25,14.3,13.6,13.95,31400
2022-11-24 07:00:00,13.9,13.9,13.45,13.9,8800
2022-11-25 07:00:00,13.65,14.25,13.65,14.2,37200
2022-11-28 07:00:00,15.0,15.0,14.55,14.9,34300
2022-11-29 07:00:00,15.0,15.3,14.6,15.3,85200
2022-11-30 07:00:00,15.6,16.0,15.0,15.45,50000
2022-12-01 07:00:00,15.6,16.5,15.6,16.2,179600
2022-12-02 07:00:00,16.3,17.3,15.9,17.3,222600
2022-12-05 07:00:00,18.15,18.5,17.65,18.5,253600
2022-12-06 07:00:00,19.3,19.3,17.25,17.25,170500
2022-12-07 07:00:00,17.25,17.25,16.2,16.8,38300
2022-12-08 07:00:00,16.5,17.3,16.5,17.0,36700
2022-12-09 07:00:00,17.0,17.5,17.0,17.1,41900
2022-12-12 07:00:00,17.75,18.1,16.2,17.0,52100
2022-12-13 07:00:00,16.9,17.35,16.8,17.2,42300
2022-12-14 07:00:00,17.2,17.9,17.15,17.5,21500
2022-12-15 07:00:00,16.95,18.25,16.95,18.0,34000
2022-12-16 07:00:00,17.95,18.15,17.6,17.6,26700
2022-12-19 07:00:00,17.1,18.15,17.1,18.0,61200
2022-12-20 07:00:00,17.1,17.5,16.8,17.3,53700
2022-12-21 07:00:00,17.0,17.3,16.3,17.0,43300
2022-12-22 07:00:00,17.3,17.3,16.85,17.0,15900
2022-12-23 07:00:00,17.0,17.5,16.6,16.7,37500
2022-12-26 07:00:00,17.1,17.1,16.3,16.3,10500
2022-12-27 07:00:00,15.95,17.0,15.7,17.0,39400
2022-12-28 07:00:00,16.3,17.2,16.15,17.2,8400
2022-12-29 07:00:00,16.7,17.35,16.7,16.75,5100
2022-12-30 07:00:00,17.0,17.0,16.3,17.0,14900
2023-01-03 07:00:00,17.1,17.85,17.0,17.75,21600
2023-01-04 07:00:00,18.0,18.0,17.35,17.8,24000
2023-01-05 07:00:00,17.8,17.85,17.35,17.5,6200
2023-01-06 07:00:00,17.5,17.5,17.0,17.45,27800
2023-01-09 07:00:00,17.15,17.25,17.0,17.0,15000
2023-01-10 07:00:00,16.9,16.9,16.7,16.9,12900
2023-01-11 07:00:00,16.9,17.0,16.5,16.8,17500
2023-01-12 07:00:00,17.1,17.1,16.8,17.0,22800
2023-01-13 07:00:00,17.0,17.2,16.7,16.8,13200
2023-01-16 07:00:00,16.55,17.0,16.55,16.6,6000
2023-01-17 07:00:00,16.6,16.9,16.6,16.7,32400
2023-01-18 07:00:00,16.7,17.1,16.7,17.1,22100
2023-01-19 07:00:00,17.0,17.2,16.95,17.2,7200
2023-01-27 07:00:00,17.55,17.65,17.0,17.2,6900
2023-01-30 07:00:00,17.3,17.8,17.2,17.5,51100
2023-01-31 07:00:00,17.5,18.5,17.3,17.55,113800
2023-02-01 07:00:00,18.0,18.2,17.2,17.2,115400
2023-02-02 07:00:00,17.6,17.75,17.1,17.3,61500
2023-02-03 07:00:00,17.5,17.75,17.45,17.7,48100
2023-02-06 07:00:00,17.9,18.9,17.7,18.9,251400
2023-02-07 07:00:00,19.45,19.45,18.5,18.5,81100
2023-02-08 07:00:00,18.2,18.9,18.1,18.75,81300
2023-02-09 07:00:00,18.75,18.75,18.1,18.4,41900
2023-02-10 07:00:00,18.0,19.3,18.0,18.65,116300
2023-02-13 07:00:00,18.6,18.9,18.3,18.65,83300
2023-02-14 07:00:00,18.5,19.3,18.5,19.0,66200
2023-02-15 07:00:00,19.0,19.4,18.95,19.15,65100
2023-02-16 07:00:00,19.3,20.45,19.3,20.45,277800
2023-02-17 07:00:00,21.2,21.45,20.4,20.7,127600
2023-02-20 07:00:00,21.25,22.0,20.8,21.3,151900
2023-02-21 07:00:00,22.0,22.0,21.2,21.2,90300
2023-02-22 07:00:00,21.15,21.15,20.0,20.0,162500
2023-02-23 07:00:00,20.3,20.3,19.0,19.8,128500
2023-02-24 07:00:00,19.5,19.9,19.15,19.25,39700
2023-02-27 07:00:00,18.5,19.2,18.25,18.25,78500
2023-02-28 07:00:00,18.3,18.8,18.25,18.7,26600
2023-03-01 07:00:00,19.0,19.0,18.1,18.5,113800
2023-03-02 07:00:00,18.9,19.2,18.75,18.9,38400
2023-03-03 07:00:00,18.75,19.0,18.35,18.35,30300
2023-03-06 07:00:00,18.35,18.8,18.35,18.5,91900
2023-03-07 07:00:00,18.2,18.8,18.2,18.45,34900
2023-03-08 07:00:00,18.45,18.55,18.3,18.55,40000
2023-03-09 07:00:00,18.6,19.5,18.35,19.1,101100
2023-03-10 07:00:00,19.0,19.05,18.7,18.95,18400
2023-03-13 07:00:00,19.0,19.0,18.5,18.8,31600
2023-03-14 07:00:00,18.4,18.7,17.65,17.65,94300
2023-03-15 07:00:00,18.05,18.35,17.8,18.35,33800
2023-03-16 07:00:00,18.5,18.5,18.1,18.35,17400
2023-03-17 07:00:00,18.6,18.6,18.1,18.15,21900
2023-03-20 07:00:00,18.15,18.3,17.75,17.75,26300
2023-03-21 07:00:00,17.8,18.15,17.7,18.15,25700
2023-03-22 07:00:00,18.0,18.25,18.0,18.2,13700
2023-03-23 07:00:00,18.2,18.2,17.75,18.0,10500
2023-03-24 07:00:00,18.0,18.4,17.8,18.0,34300
2023-03-27 07:00:00,18.05,18.05,17.8,18.0,22000
2023-03-28 07:00:00,18.1,18.5,18.0,18.2,27300
2023-03-29 07:00:00,18.5,18.5,18.1,18.25,4000
2023-03-30 07:00:00,18.55,18.55,18.0,18.2,31600
2023-03-31 07:00:00,18.3,18.3,18.15,18.15,5600
2023-04-03 07:00:00,18.1,19.3,18.1,18.5,44100
2023-04-04 07:00:00,18.35,18.9,18.35,18.5,28500
2023-04-05 07:00:00,18.3,18.7,18.3,18.6,88000
2023-04-06 07:00:00,18.6,19.2,18.6,19.2,134700
2023-04-07 07:00:00,19.2,19.4,18.9,19.0,36000
2023-04-10 07:00:00,19.4,20.0,19.15,19.3,162100
2023-04-11 07:00:00,19.1,19.3,19.0,19.3,23600
2023-04-12 07:00:00,19.3,19.65,19.1,19.3,19400
2023-04-13 07:00:00,19.3,19.3,19.05,19.3,23100
2023-04-14 07:00:00,19.2,19.3,18.6,18.6,19100
2023-04-17 07:00:00,18.5,18.5,18.2,18.35,11300
2023-04-18 07:00:00,18.35,18.5,18.35,18.5,4400
2023-04-19 07:00:00,18.8,18.8,18.4,18.4,8000
2023-04-20 07:00:00,18.4,18.6,18.0,18.45,31300
2023-04-21 07:00:00,18.2,18.5,18.2,18.3,11800
2023-04-24 07:00:00,18.3,18.3,17.7,17.7,49100
2023-04-25 07:00:00,17.6,17.9,17.6,17.6,32900
2023-04-26 07:00:00,17.6,17.9,17.55,17.9,6800
2023-04-27 07:00:00,17.9,17.95,17.8,17.9,12700
2023-04-28 07:00:00,17.9,18.0,17.9,17.9,15000
2023-05-04 07:00:00,17.9,17.9,17.5,17.85,17200
2023-05-05 07:00:00,17.85,17.95,17.7,17.95,9700
2023-05-08 07:00:00,17.95,18.3,17.95,18.3,25400
2023-05-09 07:00:00,19.55,19.55,18.55,18.6,49500
2023-05-10 07:00:00,18.9,18.95,18.3,18.8,16700
2023-05-11 07:00:00,18.8,18.9,18.5,18.6,24200
2023-05-12 07:00:00,18.3,18.7,18.3,18.7,23900
2023-05-15 07:00:00,18.7,18.8,18.5,18.7,37300
2023-05-16 07:00:00,18.7,18.8,18.5,18.7,19300
2023-05-17 07:00:00,18.75,18.8,18.35,18.35,34800
2023-05-18 07:00:00,18.25,18.5,17.8,18.5,40800
2023-05-19 07:00:00,18.95,18.95,18.2,18.2,20800
2023-05-22 07:00:00,18.2,18.5,18.05,18.4,21700
2023-05-23 07:00:00,18.4,18.4,18.3,18.35,11200
2023-05-24 07:00:00,18.2,18.4,18.2,18.4,29700
2023-05-25 07:00:00,18.1,18.4,18.1,18.35,10600
2023-05-26 07:00:00,18.5,18.6,18.2,18.25,29700
2023-05-29 07:00:00,18.25,18.5,18.25,18.5,31700
2023-05-30 07:00:00,18.5,19.05,18.45,19.05,133800
2023-05-31 07:00:00,19.0,19.9,19.0,19.3,86300
2023-06-01 07:00:00,19.3,19.5,19.15,19.3,116000
2023-06-02 07:00:00,19.4,19.5,19.15,19.25,88000
2023-06-05 07:00:00,19.5,19.5,19.15,19.15,43500
2023-06-06 07:00:00,19.15,19.2,18.85,19.0,49900
2023-06-07 07:00:00,19.5,20.3,19.1,20.2,318000
2023-06-08 07:00:00,20.4,20.9,20.0,20.15,221000
2023-06-09 07:00:00,20.2,20.45,19.8,19.8,79000
2023-06-12 07:00:00,19.85,20.45,19.75,20.25,117000
2023-06-13 07:00:00,20.05,20.6,20.05,20.35,65900
2023-06-14 07:00:00,20.35,20.35,19.5,19.5,127500
2023-06-15 07:00:00,19.5,19.55,19.35,19.45,54100
2023-06-16 07:00:00,19.45,19.85,19.0,19.0,80600
2023-06-19 07:00:00,19.05,19.15,18.5,18.5,99700
2023-06-20 07:00:00,18.5,19.0,18.4,18.5,53100
2023-06-21 07:00:00,18.55,19.5,18.5,19.5,81600
2023-06-22 07:00:00,19.5,19.5,19.05,19.2,71300
2023-06-23 07:00:00,19.25,19.65,19.25,19.55,57300
2023-06-26 07:00:00,19.45,19.5,19.05,19.35,81800
2023-06-27 07:00:00,19.35,19.55,19.25,19.35,42600
2023-06-28 07:00:00,19.3,19.55,19.25,19.45,33500
2023-06-29 07:00:00,19.5,19.5,19.25,19.3,44900
2023-06-30 07:00:00,19.3,19.3,18.95,19.15,34300
2023-07-03 07:00:00,19.1,19.15,19.1,19.1,6600
2023-07-04 07:00:00,19.1,19.75,19.1,19.65,67700
2023-07-05 07:00:00,19.8,19.8,19.5,19.65,32900
2023-07-06 07:00:00,19.75,19.75,19.35,19.35,29500
2023-07-07 07:00:00,19.6,19.6,19.2,19.45,24200
2023-07-10 07:00:00,19.3,19.7,19.2,19.7,67200
2023-07-11 07:00:00,19.8,21.05,19.8,21.05,403800
2023-07-12 07:00:00,21.5,21.9,21.1,21.55,123900
2023-07-13 07:00:00,21.5,21.55,21.1,21.4,93300
2023-07-14 07:00:00,21.4,21.5,21.0,21.5,120600
2023-07-17 07:00:00,21.75,21.75,21.15,21.15,47000
2023-07-18 07:00:00,21.45,21.45,20.8,21.45,80400
2023-07-19 07:00:00,21.45,21.7,21.0,21.4,71700
2023-07-20 07:00:00,21.5,21.5,21.1,21.5,36200
2023-07-21 07:00:00,21.7,22.0,21.3,22.0,88500
2023-07-24 07:00:00,23.25,23.25,22.2,23.0,153200
2023-07-25 07:00:00,23.0,23.0,22.5,22.5,57700
2023-07-26 07:00:00,22.8,22.8,22.2,22.5,33600
2023-07-27 07:00:00,22.35,22.5,22.0,22.4,56000
2023-07-28 07:00:00,22.1,22.5,21.9,22.0,41900
2023-07-31 07:00:00,22.0,22.0,21.4,21.55,59000
2023-08-01 07:00:00,21.55,21.6,21.05,21.5,68800
2023-08-02 07:00:00,21.45,21.5,21.1,21.45,32400
2023-08-03 07:00:00,21.4,21.45,21.1,21.45,48800
2023-08-04 07:00:00,21.2,21.5,21.0,21.3,66200
2023-08-07 07:00:00,21.3,21.3,21.15,21.15,24300
2023-08-08 07:00:00,21.15,21.85,21.15,21.8,34200
2023-08-09 07:00:00,21.8,21.8,21.2,21.5,14800
2023-08-10 07:00:00,21.7,21.7,21.25,21.5,21100
2023-08-11 07:00:00,21.45,21.6,21.1,21.4,43300
2023-08-14 07:00:00,21.1,21.4,21.1,21.3,27700
2023-08-15 07:00:00,21.2,21.4,21.15,21.25,15400
2023-08-16 07:00:00,21.25,21.25,20.9,21.15,55600
2023-08-17 07:00:00,21.0,21.2,20.9,20.9,27700
2023-08-18 07:00:00,20.8,20.8,19.45,19.45,127300
2023-08-21 07:00:00,19.1,19.45,18.1,18.75,92200
2023-08-22 07:00:00,18.75,19.05,18.25,19.05,38600
2023-08-23 07:00:00,19.3,19.3,18.7,19.0,13300
2023-08-24 07:00:00,18.4,19.1,18.4,19.0,31000
2023-08-25 07:00:00,19.05,19.05,18.8,19.0,33400
2023-08-28 07:00:00,18.6,19.45,18.6,19.2,24500
2023-08-29 07:00:00,19.0,19.25,18.95,19.1,27900
2023-08-30 07:00:00,18.9,19.0,18.9,18.9,10600
2023-08-31 07:00:00,19.15,19.3,19.0,19.3,34700
2023-09-05 07:00:00,19.3,19.75,19.3,19.75,32300
2023-09-06 07:00:00,19.5,19.7,19.35,19.7,27700
2023-09-07 07:00:00,19.75,19.8,19.55,19.7,37600
2023-09-08 07:00:00,19.7,20.3,19.7,20.3,35300
2023-09-11 07:00:00,21.0,21.0,20.15,20.3,59100
2023-09-12 07:00:00,20.1,20.3,20.1,20.3,27600
2023-09-13 07:00:00,20.3,20.85,20.0,20.3,36700
2023-09-14 07:00:00,20.55,20.55,19.75,19.9,37000
2023-09-15 07:00:00,19.9,19.9,19.5,19.8,33600
2023-09-18 07:00:00,19.8,19.8,19.05,19.5,25100
2023-09-19 07:00:00,19.5,19.8,19.15,19.55,64800
2023-09-20 07:00:00,19.95,19.95,19.75,19.75,4800
2023-09-21 07:00:00,19.7,19.7,19.5,19.5,23500
2023-09-22 07:00:00,19.0,19.45,18.9,19.4,23500
2023-09-25 07:00:00,18.9,19.2,18.5,18.5,17600
2023-09-26 07:00:00,18.95,18.95,18.0,18.55,37600
2023-09-27 07:00:00,18.6,18.6,18.2,18.5,13300
2023-09-28 07:00:00,18.5,18.5,18.0,18.3,22700
2023-09-29 07:00:00,18.3,18.75,18.3,18.75,16600
2023-10-02 07:00:00,18.8,18.8,18.4,18.75,3100
2023-10-03 07:00:00,18.0,18.1,17.45,17.55,116300
2023-10-04 07:00:00,17.8,17.9,17.5,17.9,7800
2023-10-05 07:00:00,17.9,17.9,17.55,17.55,7200
2023-10-06 07:00:00,17.6,17.85,17.6,17.85,13700
2023-10-09 07:00:00,17.9,17.9,17.8,17.85,18700
2023-10-10 07:00:00,18.1,18.1,17.85,18.05,39600
2023-10-11 07:00:00,18.1,18.2,17.9,18.2,8800
2023-10-12 07:00:00,18.3,18.3,18.2,18.25,3400
2023-10-13 07:00:00,18.2,18.25,17.9,18.25,10500
2023-10-16 07:00:00,17.8,18.0,17.8,18.0,2100
2023-10-17 07:00:00,17.6,18.2,17.6,17.95,3700
2023-10-18 07:00:00,17.9,17.9,17.3,17.45,13600
2023-10-19 07:00:00,17.7,17.7,17.0,17.5,42500
2023-10-20 07:00:00,17.5,17.5,16.8,17.5,24100
2023-10-23 07:00:00,17.5,17.5,16.85,17.25,13000
2023-10-24 07:00:00,17.5,17.5,17.3,17.4,7000
2023-10-25 07:00:00,17.4,17.75,17.4,17.65,28100
2023-10-26 07:00:00,17.0,17.0,16.45,16.45,148100
2023-10-27 07:00:00,16.25,16.65,16.25,16.65,8600
2023-10-30 07:00:00,17.15,17.15,16.95,16.95,3500
2023-10-31 07:00:00,16.65,16.65,15.8,15.8,126700
2023-11-01 07:00:00,15.4,15.9,14.7,15.4,103100
2023-11-02 07:00:00,15.4,15.9,14.8,15.3,64700
2023-11-03 07:00:00,15.3,15.3,14.5,14.5,101000
2023-11-06 07:00:00,14.7,14.7,14.1,14.45,61000
2023-11-07 07:00:00,14.5,14.95,14.5,14.7,30100
2023-11-08 07:00:00,14.05,14.9,14.05,14.9,25300
2023-11-09 07:00:00,15.0,15.5,14.9,15.25,48600
2023-11-10 07:00:00,15.25,15.4,15.1,15.2,34100
2023-11-13 07:00:00,15.3,15.4,15.1,15.25,31500
2023-11-14 07:00:00,15.25,15.65,15.25,15.6,14100
2023-11-15 07:00:00,15.65,15.85,15.5,15.6,18100
2023-11-16 07:00:00,15.55,15.6,15.45,15.45,9700
2023-11-17 07:00:00,15.45,15.45,15.3,15.3,27300
2023-11-20 07:00:00,15.15,15.2,14.8,15.2,14900
2023-11-21 07:00:00,15.3,15.3,14.8,15.0,26000
2023-11-22 07:00:00,15.2,15.2,14.95,15.0,28300
2023-11-23 07:00:00,15.0,15.3,15.0,15.0,21600
2023-11-24 07:00:00,15.0,15.1,14.85,15.0,21400
2023-11-27 07:00:00,15.0,15.0,14.8,15.0,9600
2023-11-28 07:00:00,14.9,15.3,14.85,15.3,36700
2023-11-29 07:00:00,15.35,15.4,15.2,15.2,10000
2023-11-30 07:00:00,15.6,15.6,15.05,15.1,7500
2023-12-01 07:00:00,15.45,15.45,14.45,15.25,7400
2023-12-04 07:00:00,15.25,15.3,15.0,15.3,16800
2023-12-05 07:00:00,15.25,15.25,15.0,15.25,15300
2023-12-06 07:00:00,15.25,15.7,15.25,15.6,34000
2023-12-07 07:00:00,15.6,15.65,15.2,15.55,16300
2023-12-08 07:00:00,15.5,15.55,15.3,15.45,13000
2023-12-11 07:00:00,15.5,15.5,15.05,15.3,15600
2023-12-12 07:00:00,15.3,15.5,15.3,15.3,15000
2023-12-13 07:00:00,15.5,15.5,15.2,15.2,14100
2023-12-14 07:00:00,15.3,15.35,15.1,15.3,20300
2023-12-15 07:00:00,15.1,15.3,15.1,15.3,12300
2023-12-18 07:00:00,15.25,15.25,15.05,15.05,8500
2023-12-19 07:00:00,15.05,15.05,14.9,15.05,19700
2023-12-20 07:00:00,15.1,15.2,14.95,15.2,10300
2023-12-21 07:00:00,15.25,15.25,14.9,15.2,14000
2023-12-22 07:00:00,14.95,15.2,14.95,15.15,2800
2023-12-25 07:00:00,15.1,15.2,15.1,15.15,7900
2023-12-26 07:00:00,15.15,15.3,15.15,15.2,8900
2023-12-27 07:00:00,15.0,15.2,15.0,15.1,7800
2023-12-28 07:00:00,14.7,15.3,14.7,14.9,17900
2023-12-29 07:00:00,15.05,15.2,15.0,15.15,8800
2024-01-02 07:00:00,15.15,15.2,15.0,15.1,16300
2024-01-03 07:00:00,15.1,15.15,14.95,15.15,11900
2024-01-04 07:00:00,15.1,15.5,15.05,15.3,48100
2024-01-05 07:00:00,15.3,15.5,15.2,15.25,15300
2024-01-08 07:00:00,15.25,15.25,15.1,15.25,21900
2024-01-09 07:00:00,15.35,15.35,15.0,15.3,106300
2024-01-10 07:00:00,15.3,15.3,15.1,15.1,53700
2024-01-11 07:00:00,15.1,15.2,15.05,15.1,18500
2024-01-12 07:00:00,15.1,15.2,15.0,15.0,44200
2024-01-15 07:00:00,15.25,15.25,15.0,15.0,5600
2024-01-16 07:00:00,15.25,15.25,14.95,15.0,6800
2024-01-17 07:00:00,15.0,15.05,15.0,15.05,26000
2024-01-18 07:00:00,15.15,15.15,15.0,15.1,11400
2024-01-19 07:00:00,15.0,15.2,15.0,15.05,13800
2024-01-22 07:00:00,15.05,15.05,14.9,14.95,33100
2024-01-23 07:00:00,14.95,15.0,14.8,15.0,19300
2024-01-24 07:00:00,15.0,15.1,14.9,15.1,12400
2024-01-25 07:00:00,14.9,15.25,14.9,15.25,44100
2024-01-26 07:00:00,15.25,15.3,15.05,15.05,25300
2024-01-29 07:00:00,15.05,15.25,15.05,15.25,21600
2024-01-30 07:00:00,15.3,15.35,15.0,15.2,28600
2024-01-31 07:00:00,15.0,15.2,14.95,15.15,46600
2024-02-01 07:00:00,14.9,15.15,14.9,15.15,20500
2024-02-02 07:00:00,15.0,15.0,14.95,15.0,22600
2024-02-05 07:00:00,14.9,15.25,14.8,15.05,70600
2024-02-06 07:00:00,15.1,15.35,15.1,15.1,43200
2024-02-07 07:00:00,15.1,15.95,15.0,15.7,110600
2024-02-15 07:00:00,15.7,16.0,15.1,15.7,60000
2024-02-16 07:00:00,15.7,15.7,15.3,15.65,31700
2024-02-19 07:00:00,15.65,15.8,15.65,15.7,33500
2024-02-20 07:00:00,15.6,15.8,15.5,15.7,39700
2024-02-21 07:00:00,15.4,16.0,15.4,15.9,74300
2024-02-22 07:00:00,15.9,16.25,15.9,16.25,88800
2024-02-23 07:00:00,16.3,16.5,16.0,16.25,55300
2024-02-26 07:00:00,16.25,16.25,15.85,15.85,35800
2024-02-27 07:00:00,15.9,16.2,15.8,16.1,43300
2024-02-28 07:00:00,15.9,16.4,15.9,16.35,35300
2024-02-29 07:00:00,16.35,16.5,16.0,16.4,53700
2024-03-01 07:00:00,16.2,16.6,15.95,16.4,22800
2024-03-04 07:00:00,16.05,16.5,15.9,15.95,137900
2024-03-05 07:00:00,16.0,16.15,15.9,15.9,38600
2024-03-06 07:00:00,15.8,15.8,15.55,15.8,34700
2024-03-07 07:00:00,15.75,15.8,15.35,15.55,43100
2024-03-08 07:00:00,15.4,15.7,15.25,15.3,58500
2024-03-11 07:00:00,15.25,15.35,15.0,15.2,57000
2024-03-12 07:00:00,15.2,16.0,15.2,15.75,171500
2024-03-13 07:00:00,15.9,15.9,15.6,15.85,51200
2024-03-14 07:00:00,15.6,16.2,15.6,15.8,57800
2024-03-15 07:00:00,16.05,16.05,15.65,15.65,34600
2024-03-18 07:00:00,15.7,15.7,15.3,15.5,99100
2024-03-19 07:00:00,15.55,15.55,15.4,15.55,18300
2024-03-20 07:00:00,15.4,15.8,15.3,15.8,11300
2024-03-21 07:00:00,15.8,16.2,15.65,16.0,53500
2024-03-22 07:00:00,16.0,16.15,15.9,16.1,26800
2024-03-25 07:00:00,16.2,16.25,15.9,16.0,55600
2024-03-26 07:00:00,16.0,16.2,15.9,16.1,65500
2024-03-27 07:00:00,16.2,16.2,15.9,16.1,33200
2024-03-28 07:00:00,16.1,16.1,15.8,15.9,21700
2024-03-29 07:00:00,15.8,16.0,15.55,15.85,55400
2024-04-01 07:00:00,15.95,15.95,15.65,15.8,54600
2024-04-02 07:00:00,15.85,15.95,15.3,15.45,41800
2024-04-03 07:00:00,15.45,15.5,15.4,15.45,11100
2024-04-04 07:00:00,15.4,15.45,15.3,15.45,17900
2024-04-05 07:00:00,15.3,15.4,15.05,15.3,35700
2024-04-08 07:00:00,15.3,15.5,15.0,15.3,57900
2024-04-09 07:00:00,15.35,15.6,15.25,15.45,35700
2024-04-10 07:00:00,15.15,15.5,15.15,15.4,20400
2024-04-11 07:00:00,15.4,15.45,15.1,15.3,18500
2024-04-12 07:00:00,15.3,15.3,15.1,15.3,36800
2024-04-15 07:00:00,15.2,15.5,15.0,15.0,64300
2024-04-16 07:00:00,15.0,15.2,14.8,15.0,23000
2024-04-17 07:00:00,15.0,15.1,14.85,15.1,27800
2024-04-19 07:00:00,14.9,14.9,14.1,14.1,35900
2024-04-22 07:00:00,14.3,14.7,14.3,14.6,15700
2024-04-23 07:00:00,14.9,14.9,14.25,14.5,4700
2024-04-24 07:00:00,14.65,14.8,14.05,14.6,9900
2024-04-25 07:00:00,14.6,14.6,14.45,14.6,4600
2024-04-26 07:00:00,14.5,14.55,14.25,14.55,9100
2024-05-02 07:00:00,14.4,14.6,14.4,14.6,55400
2024-05-03 07:00:00,14.45,15.5,14.45,14.8,20600
2024-05-06 07:00:00,14.8,15.0,14.65,14.9,23800
2024-05-07 07:00:00,14.9,15.0,14.65,14.75,30800
2024-05-08 07:00:00,14.75,15.1,14.75,15.05,33800
2024-05-09 07:00:00,15.1,15.1,14.7,15.05,16700
2024-05-10 07:00:00,14.8,14.95,14.8,14.8,5600
2024-05-13 07:00:00,14.9,15.15,14.9,15.1,13000
2024-05-14 07:00:00,15.0,15.1,14.8,15.0,7300
2024-05-15 07:00:00,15.0,15.1,14.95,14.95,21700
2024-05-16 07:00:00,15.0,15.15,15.0,15.0,46200
2024-05-17 07:00:00,15.0,15.2,14.9,15.0,8600
2024-05-20 07:00:00,15.0,15.4,15.0,15.05,38400
2024-05-21 07:00:00,15.05,15.1,15.0,15.05,31500
2024-05-22 07:00:00,15.0,15.1,14.85,14.95,33900
2024-05-23 07:00:00,15.1,15.1,14.95,15.05,29300
2024-05-24 07:00:00,15.1,15.1,14.75,15.0,39200
2024-05-27 07:00:00,15.0,15.05,14.95,15.0,10800
2024-05-28 07:00:00,14.95,15.0,14.95,14.95,33600
2024-05-29 07:00:00,15.05,15.05,14.9,14.95,15200
2024-05-30 07:00:00,15.0,15.0,14.5,14.9,38000
2024-05-31 07:00:00,14.95,15.55,14.95,15.5,194700
2024-06-03 07:00:00,15.45,16.3,15.3,15.8,135000
2024-06-04 07:00:00,15.7,15.95,15.5,15.8,31600
2024-06-05 07:00:00,15.7,15.85,15.5,15.6,85600
2024-06-06 07:00:00,15.6,15.6,15.4,15.45,43100
2024-06-07 07:00:00,15.7,15.7,15.2,15.2,100700
2024-06-10 07:00:00,15.2,15.7,15.2,15.3,19200
2024-06-11 07:00:00,15.35,15.5,15.25,15.5,14500
2024-06-12 07:00:00,15.5,15.5,15.2,15.4,14700
2024-06-13 07:00:00,15.4,15.4,15.25,15.4,22300
2024-06-14 07:00:00,15.35,15.4,15.1,15.1,23100
2024-06-17 07:00:00,15.5,15.5,15.0,15.15,26800
2024-06-18 07:00:00,15.0,15.2,15.0,15.1,5100
2024-06-19 07:00:00,15.15,15.15,14.05,15.1,21500
2024-06-20 07:00:00,15.15,15.2,15.0,15.0,26000
2024-06-21 07:00:00,15.0,15.5,15.0,15.35,34800
2024-06-24 07:00:00,15.35,15.35,14.85,15.0,44300
2024-06-25 07:00:00,15.0,15.1,14.8,15.1,21300
2024-06-26 07:00:00,15.1,15.1,14.85,15.0,4700
2024-06-27 07:00:00,15.1,15.1,14.85,15.0,1100
2024-06-28 07:00:00,14.95,15.0,14.8,15.0,30900
2024-07-01 07:00:00,15.0,15.0,14.75,14.8,13200
2024-07-02 07:00:00,14.8,15.0,14.8,15.0,4000
2024-07-03 07:00:00,14.9,14.9,14.75,14.8,17700
2024-07-04 07:00:00,14.8,14.95,14.75,14.95,13800
2024-07-05 07:00:00,14.95,14.95,14.7,14.9,25400
2024-07-08 07:00:00,14.95,15.0,14.5,14.8,18800
2024-07-09 07:00:00,14.65,14.8,14.65,14.8,11500
2024-07-10 07:00:00,14.9,14.9,14.7,14.9,14000
2024-07-11 07:00:00,14.7,14.75,14.7,14.7,14100
2024-07-12 07:00:00,14.7,14.85,14.65,14.85,16100
2024-07-15 07:00:00,14.85,14.85,14.55,14.8,10600
2024-07-16 07:00:00,14.85,14.85,14.7,14.7,18600
2024-07-17 07:00:00,14.7,14.8,14.65,14.65,19800
2024-07-18 07:00:00,14.7,14.7,14.55,14.65,13300
2024-07-19 07:00:00,14.7,14.7,14.7,14.7,300
2024-07-22 07:00:00,14.65,14.7,14.55,14.7,11900
2024-07-23 07:00:00,14.15,14.5,14.1,14.4,17200
2024-07-24 07:00:00,14.4,14.45,14.0,14.3,31400
2024-07-25 07:00:00,14.3,14.4,14.1,14.4,18100
2024-07-26 07:00:00,14.3,14.4,14.0,14.4,11600
2024-07-29 07:00:00,14.4,14.4,14.0,14.0,66900
2024-07-30 07:00:00,13.95,14.1,13.9,14.0,11400
2024-07-31 07:00:00,14.0,14.1,13.85,14.0,18900
2024-08-01 07:00:00,14.0,14.1,13.75,14.0,39000
2024-08-02 07:00:00,14.0,14.0,13.65,13.9,4700
2024-08-05 07:00:00,13.9,14.0,13.45,13.5,24100
2024-08-06 07:00:00,13.8,13.8,13.3,13.55,31700
2024-08-07 07:00:00,13.6,13.7,13.5,13.65,5200
2024-08-08 07:00:00,13.75,13.75,13.2,13.45,6900
2024-08-09 07:00:00,13.65,13.65,13.5,13.55,5900
2024-08-12 07:00:00,13.8,13.8,13.4,13.4,6900
2024-08-13 07:00:00,13.4,13.5,13.4,13.5,1100
2024-08-14 07:00:00,13.4,13.6,13.4,13.6,9800
2024-08-15 07:00:00,13.6,13.6,13.45,13.45,6700
2024-08-16 07:00:00,13.45,13.6,13.3,13.6,11900
2024-08-19 07:00:00,13.6,13.65,13.45,13.45,25400
2024-08-20 07:00:00,13.45,13.7,13.45,13.65,11800
2024-08-21 07:00:00,13.55,13.75,13.5,13.7,16600
2024-08-22 07:00:00,13.8,13.85,13.55,13.65,14700
2024-08-23 07:00:00,13.65,13.95,13.65,13.85,32800
2024-08-26 07:00:00,13.8,13.95,13.6,13.6,40400
2024-08-27 07:00:00,13.6,13.9,13.6,13.65,21800
2024-08-28 07:00:00,14.0,14.0,13.65,13.65,28500
2024-08-29 07:00:00,13.65,13.9,13.65,13.8,19200
2024-08-30 07:00:00,13.7,14.0,13.7,13.95,15100
2024-09-04 07:00:00,13.95,13.95,13.55,13.6,32800
2024-09-05 07:00:00,13.6,13.8,13.55,13.75,11800
2024-09-06 07:00:00,13.8,13.8,13.5,13.75,6000
2024-09-09 07:00:00,13.75,13.75,13.6,13.75,7800
2024-09-10 07:00:00,13.75,13.75,13.45,13.45,15800
2024-09-11 07:00:00,13.45,13.45,13.4,13.45,14000
2024-09-12 07:00:00,13.6,13.6,13.45,13.45,10200
2024-09-13 07:00:00,13.45,13.45,13.4,13.45,10800
2024-09-16 07:00:00,13.85,13.85,13.4,13.65,700
2024-09-17 07:00:00,13.6,13.65,13.35,13.35,7800
2024-09-18 07:00:00,13.35,13.65,13.35,13.4,6600
2024-09-19 07:00:00,13.4,13.6,13.35,13.6,3200
2024-09-20 07:00:00,13.6,13.6,13.5,13.55,23200
2024-09-23 07:00:00,13.6,13.95,13.55,13.9,25600
2024-09-24 07:00:00,13.8,13.8,13.6,13.6,600
2024-09-25 07:00:00,13.7,13.75,13.55,13.55,18600
2024-09-26 07:00:00,13.7,13.7,13.6,13.6,600
2024-09-27 07:00:00,13.55,13.6,13.45,13.45,13500
2024-09-30 07:00:00,13.45,13.8,13.45,13.5,7800
2024-10-01 07:00:00,13.45,13.6,13.45,13.5,16400
2024-10-02 07:00:00,13.35,13.5,13.35,13.45,13300
2024-10-03 07:00:00,13.35,13.45,13.35,13.4,9900
2024-10-04 07:00:00,13.4,13.5,13.4,13.4,5500
2024-10-07 07:00:00,13.4,13.4,13.35,13.4,3100
2024-10-08 07:00:00,13.35,13.35,13.25,13.3,19900
2024-10-09 07:00:00,13.25,13.5,13.2,13.25,10200
2024-10-10 07:00:00,13.45,13.45,13.3,13.3,5500
2024-10-11 07:00:00,13.3,13.3,13.2,13.3,10800
2024-10-14 07:00:00,13.3,13.45,13.3,13.35,3500
2024-10-15 07:00:00,13.3,13.35,13.25,13.35,7500
2024-10-16 07:00:00,13.3,13.35,13.3,13.35,1300
2024-10-17 07:00:00,13.2,13.4,13.15,13.4,6200
2024-10-18 07:00:00,13.25,13.25,13.25,13.25,2800
2024-10-21 07:00:00,13.25,13.5,13.25,13.35,11800
2024-10-22 07:00:00,13.25,13.5,13.25,13.5,6600
2024-10-23 07:00:00,13.2,13.4,13.2,13.4,1400
2024-10-24 07:00:00,13.4,13.4,13.2,13.2,1800
2024-10-25 07:00:00,13.2,13.4,13.2,13.4,3500
2024-10-28 07:00:00,13.3,13.3,13.3,13.3,2500
2024-10-29 07:00:00,13.4,13.4,13.4,13.4,100
2024-10-30 07:00:00,13.3,13.4,13.05,13.05,14100
2024-10-31 07:00:00,13.05,13.1,12.65,13.1,15100
2024-11-01 07:00:00,13.1,13.1,13.1,13.1,2700
2024-11-04 07:00:00,12.95,12.95,12.9,12.9,2900
2024-11-05 07:00:00,12.9,13.0,12.9,13.0,200
2024-11-06 07:00:00,12.8,12.9,12.75,12.8,13500
2024-11-07 07:00:00,12.8,13.4,12.6,12.9,6600
2024-11-08 07:00:00,12.85,12.85,12.5,12.8,13700
2024-11-11 07:00:00,12.6,12.65,12.6,12.65,900
2024-11-12 07:00:00,12.65,13.3,12.65,12.75,8700
2024-11-13 07:00:00,12.65,12.9,12.6,12.9,8400
2024-11-14 07:00:00,12.55,12.7,12.55,12.6,4200
2024-11-15 07:00:00,12.6,13.05,11.9,12.5,27000
2024-11-18 07:00:00,12.6,12.85,12.5,12.5,23800
2024-11-19 07:00:00,12.5,12.5,12.4,12.5,2000
2024-11-20 07:00:00,12.5,12.6,12.35,12.35,12500
2024-11-21 07:00:00,12.4,12.7,12.4,12.65,10200
2024-11-22 07:00:00,12.5,12.6,12.25,12.4,7800
2024-11-25 07:00:00,12.6,12.6,12.4,12.5,10600
2024-11-26 07:00:00,12.4,12.7,12.3,12.5,26900
2024-11-27 07:00:00,12.5,12.65,12.4,12.65,13600
2024-11-28 07:00:00,12.65,12.7,12.5,12.6,23400
2024-11-29 07:00:00,12.7,12.7,12.6,12.65,13600
2024-12-02 07:00:00,12.6,12.75,12.5,12.75,13100
2024-12-03 07:00:00,12.65,12.95,12.65,12.9,15400
2024-12-04 07:00:00,12.95,13.0,12.85,12.9,13300
2024-12-05 07:00:00,12.9,13.1,12.75,12.95,17400
2024-12-06 07:00:00,13.0,13.2,12.8,13.05,13300
2024-12-09 07:00:00,13.05,13.05,12.55,13.0,3200
2024-12-10 07:00:00,12.7,13.0,12.7,12.9,9400
2024-12-11 07:00:00,12.95,12.95,12.8,12.9,26000
2024-12-12 07:00:00,12.8,12.9,12.8,12.9,500
2024-12-13 07:00:00,12.8,12.85,12.8,12.85,300
2024-12-16 07:00:00,12.2,12.75,12.2,12.7,14200
2024-12-17 07:00:00,12.75,12.75,12.6,12.6,18100
2024-12-18 07:00:00,12.7,12.85,12.7,12.85,2200
2024-12-19 07:00:00,12.85,12.85,12.7,12.7,1700
2024-12-20 07:00:00,12.8,13.0,12.8,12.95,10600
2024-12-23 07:00:00,13.0,13.0,12.6,13.0,12100
2024-12-24 07:00:00,13.0,13.0,12.95,12.95,3300
2024-12-25 07:00:00,12.8,12.9,12.65,12.9,21000
2024-12-26 07:00:00,12.85,12.85,12.85,12.85,6300
2024-12-27 07:00:00,12.6,12.8,12.6,12.7,5100
2024-12-30 07:00:00,12.6,12.65,12.55,12.65,5400
2024-12-31 07:00:00,12.65,12.65,12.5,12.6,10500
2025-01-02 07:00:00,12.5,12.75,12.45,12.45,14200
2025-01-03 07:00:00,12.4,12.45,12.35,12.45,18600
2025-01-06 07:00:00,12.4,12.4,12.35,12.35,21500
2025-01-07 07:00:00,12.5,12.5,12.5,12.5,1200
2025-01-08 07:00:00,12.4,12.4,11.65,12.3,12500
2025-01-09 07:00:00,12.1,12.25,12.0,12.1,19300
2025-01-10 07:00:00,12.1,12.15,12.0,12.0,19600
2025-01-13 07:00:00,12.0,12.0,11.95,11.95,1600
2025-01-14 07:00:00,11.9,12.05,11.75,12.05,2100
2025-01-15 07:00:00,12.05,12.05,11.9,12.05,13600
2025-01-16 07:00:00,12.0,12.0,11.95,12.0,13100
2025-01-17 07:00:00,11.9,12.0,11.75,11.8,8200
2025-01-20 07:00:00,11.8,11.85,11.75,11.8,18600
2025-01-21 07:00:00,12.0,12.0,11.75,11.85,1700
2025-01-22 07:00:00,11.9,11.9,11.7,11.8,34900
2025-01-23 07:00:00,11.75,11.8,11.7,11.8,10000
2025-01-24 07:00:00,11.8,12.0,11.8,12.0,5100
2025-02-03 07:00:00,11.6,11.7,11.2,11.25,40900
2025-02-04 07:00:00,11.6,11.7,11.2,11.7,14000
2025-02-05 07:00:00,11.7,11.75,11.55,11.55,5300
2025-02-06 07:00:00,11.55,11.8,11.5,11.5,10300
2025-02-07 07:00:00,11.25,11.8,11.25,11.6,11400
2025-02-10 07:00:00,11.6,11.6,10.8,11.0,70300
2025-02-11 07:00:00,10.75,11.0,10.5,11.0,28400
2025-02-12 07:00:00,11.0,11.1,11.0,11.1,4800
2025-02-13 07:00:00,11.0,11.1,10.7,11.1,7800
2025-02-14 07:00:00,11.0,11.1,11.0,11.1,9800
2025-02-17 07:00:00,11.0,11.1,10.7,10.9,25600
2025-02-18 07:00:00,11.0,11.0,10.8,10.9,22700
2025-02-19 07:00:00,11.1,11.4,11.1,11.35,49700
2025-02-20 07:00:00,11.4,11.4,11.1,11.3,13900
2025-02-21 07:00:00,11.35,11.4,11.25,11.25,8100
2025-02-24 07:00:00,11.25,11.45,11.25,11.25,6800
2025-02-25 07:00:00,11.2,11.25,11.0,11.2,19000
2025-02-26 07:00:00,11.2,11.4,10.8,11.0,12800
2025-02-27 07:00:00,10.8,11.1,10.8,11.0,15900
2025-02-28 07:00:00,11.0,11.1,11.0,11.05,10000
2025-03-03 07:00:00,11.0,11.05,10.5,10.95,67400
2025-03-04 07:00:00,10.95,11.0,10.85,10.9,15400
2025-03-05 07:00:00,10.8,11.0,10.8,10.85,9000
2025-03-06 07:00:00,10.85,10.9,10.65,10.9,13400
2025-03-07 07:00:00,10.9,10.95,10.8,10.9,7200
2025-03-10 07:00:00,10.9,10.9,10.7,10.7,14000
2025-03-11 07:00:00,10.75,10.8,10.65,10.75,6900
2025-03-12 07:00:00,10.75,10.85,10.75,10.85,9600
2025-03-13 07:00:00,10.6,10.9,10.6,10.8,8400
2025-03-14 07:00:00,10.8,10.8,10.65,10.65,9100
2025-03-17 07:00:00,10.55,10.75,10.55,10.7,11700
2025-03-18 07:00:00,10.7,10.7,10.65,10.7,10700
2025-03-19 07:00:00,10.7,10.75,10.7,10.7,5400
2025-03-20 07:00:00,10.7,11.15,10.65,10.9,9100
2025-03-21 07:00:00,10.85,10.85,10.6,10.85,3100
2025-03-24 07:00:00,10.65,10.75,10.65,10.65,4500
2025-03-25 07:00:00,10.65,10.65,10.6,10.65,7100
2025-03-26 07:00:00,10.65,10.8,10.6,10.6,10200
2025-03-27 07:00:00,10.6,10.9,10.6,10.85,18200
2025-03-28 07:00:00,10.85,10.85,10.6,10.6,6600
2025-03-31 07:00:00,10.5,10.7,10.3,10.7,13400
2025-04-02 07:00:00,10.7,10.7,10.6,10.6,5100
2025-04-03 07:00:00,10.0,10.5,9.86,9.86,59900
2025-04-04 07:00:00,9.86,9.86,9.2,9.51,85300
2025-04-08 07:00:00,9.52,9.52,8.85,8.85,49600
2025-04-09 07:00:00,8.5,9.0,8.24,8.85,12000
2025-04-10 07:00:00,9.4,9.46,9.4,9.46,30700
2025-04-11 07:00:00,10.0,10.0,9.0,9.39,27500
2025-04-14 07:00:00,9.39,9.39,9.0,9.1,29200
2025-04-15 07:00:00,9.01,9.7,8.5,8.9,122600
2025-04-16 07:00:00,8.9,8.9,8.72,8.72,9000
2025-04-17 07:00:00,8.72,8.99,8.51,8.91,13000
2025-04-18 07:00:00,8.91,8.99,8.62,8.98,14500
2025-04-21 07:00:00,9.0,9.0,8.99,9.0,14700
2025-04-22 07:00:00,9.0,9.01,8.6,8.85,39600
2025-04-23 07:00:00,8.86,9.05,8.85,8.86,5500
2025-04-24 07:00:00,9.0,9.0,8.86,9.0,15300
2025-04-25 07:00:00,9.05,9.05,8.71,9.01,2500
2025-04-28 07:00:00,9.01,9.2,9.01,9.2,7900
2025-04-29 07:00:00,8.91,9.28,8.87,9.28,18800
2025-05-05 07:00:00,9.0,9.2,8.85,9.2,600
2025-05-06 07:00:00,8.86,9.2,8.86,9.2,2100
2025-05-07 07:00:00,9.2,9.4,9.2,9.4,23200
2025-05-08 07:00:00,9.15,9.37,9.15,9.37,200
2025-05-09 07:00:00,9.37,9.37,9.2,9.3,3800
2025-05-12 07:00:00,9.1,9.25,9.1,9.25,6500
2025-05-13 07:00:00,9.2,9.25,9.19,9.2,21500
2025-05-14 07:00:00,9.02,9.29,9.0,9.26,24800
2025-05-15 07:00:00,9.07,9.35,9.07,9.3,6600
2025-05-16 07:00:00,9.4,9.4,9.32,9.36,14200
2025-05-19 07:00:00,9.36,9.91,9.36,9.7,37900
2025-05-20 07:00:00,9.8,10.35,9.8,10.35,47400
2025-05-21 07:00:00,11.05,11.05,11.05,11.05,30100
2025-05-22 07:00:00,11.8,11.8,11.8,11.8,35300
2025-05-23 07:00:00,12.6,12.6,12.6,12.6,50200
2025-05-26 07:00:00,13.45,13.45,11.75,12.75,170500
2025-05-27 07:00:00,12.1,12.8,12.1,12.25,39700
2025-05-28 07:00:00,12.25,12.25,11.5,11.5,49000
2025-05-29 07:00:00,11.5,11.75,11.5,11.75,17100
2025-05-30 07:00:00,11.75,11.75,11.35,11.35,11900
2025-06-02 07:00:00,11.05,11.35,11.0,11.25,36000
2025-06-03 07:00:00,11.25,11.25,11.2,11.2,13100
2025-06-04 07:00:00,11.5,11.5,11.2,11.4,13800
2025-06-05 07:00:00,11.55,12.05,11.4,11.8,20600
2025-06-06 07:00:00,11.8,11.8,11.6,11.8,8900
2025-06-09 07:00:00,11.8,11.8,11.4,11.4,13100
2025-06-10 07:00:00,11.15,11.3,11.1,11.1,25400
2025-06-11 07:00:00,11.0,11.15,10.9,11.15,7900
2025-06-12 07:00:00,11.15,11.4,10.95,11.4,9200
2025-06-13 07:00:00,11.05,11.3,11.05,11.05,2000
2025-06-16 07:00:00,11.45,11.45,10.9,11.25,16900
2025-06-17 07:00:00,11.25,11.25,10.7,11.2,21900
2025-06-18 07:00:00,11.2,11.2,10.75,11.2,10000
2025-06-19 07:00:00,11.2,11.2,11.15,11.15,1300
2025-06-20 07:00:00,11.25,11.25,10.85,11.1,4300
2025-06-23 07:00:00,11.0,11.05,10.75,10.95,10900
2025-06-24 07:00:00,10.95,11.0,10.9,10.95,17500
2025-06-25 07:00:00,10.95,10.95,10.95,10.95,2300
2025-06-26 07:00:00,10.95,11.0,10.8,10.8,11400
2025-06-27 07:00:00,10.65,10.8,10.5,10.8,15000
2025-06-30 07:00:00,10.6,10.9,10.55,10.7,6500
2025-07-01 07:00:00,10.8,10.8,10.8,10.8,800
2025-07-02 07:00:00,10.7,10.7,10.65,10.7,5200
2025-07-03 07:00:00,10.6,10.8,10.5,10.7,45800
2025-07-04 07:00:00,10.7,10.85,10.65,10.85,2900
2025-07-07 07:00:00,10.85,10.85,10.65,10.85,10000
2025-07-08 07:00:00,10.85,11.6,10.85,11.6,51400
2025-07-09 07:00:00,12.15,12.2,11.6,11.85,52300
2025-07-10 07:00:00,11.85,12.4,11.5,11.6,54800
2025-07-11 07:00:00,11.5,11.75,11.5,11.75,27000
2025-07-14 07:00:00,11.75,11.75,10.95,11.7,28700
2025-07-15 07:00:00,11.7,11.7,11.4,11.6,38400
2025-07-16 07:00:00,11.6,11.7,11.4,11.6,25800
2025-07-17 07:00:00,11.7,11.85,11.6,11.6,20200
2025-07-18 07:00:00,11.9,11.9,11.7,11.85,21800
2025-07-21 07:00:00,11.85,12.65,11.85,12.65,132100
2025-07-22 07:00:00,13.0,13.5,12.85,13.0,113900
2025-07-23 07:00:00,13.0,13.2,12.8,12.9,25700
2025-07-24 07:00:00,12.75,13.0,12.55,12.7,62900
2025-07-25 07:00:00,12.6,12.7,12.4,12.45,31200
2025-07-28 07:00:00,12.55,12.55,12.3,12.5,97300
2025-07-29 07:00:00,12.95,12.95,12.2,12.2,64900
2025-07-30 07:00:00,12.2,12.5,12.0,12.5,23200
2025-07-31 07:00:00,12.35,12.5,12.2,12.4,52300
2025-08-01 07:00:00,12.4,12.9,12.0,12.0,53500
2025-08-04 07:00:00,12.0,12.25,12.0,12.2,14100
2025-08-05 07:00:00,12.3,12.35,12.2,12.3,43600
2025-08-06 07:00:00,12.25,12.25,12.05,12.1,9300
2025-08-07 07:00:00,12.05,12.1,11.95,12.1,29200
2025-08-08 07:00:00,12.35,12.35,11.95,12.0,40600
2025-08-11 07:00:00,11.95,12.2,11.95,12.15,17700
2025-08-12 07:00:00,12.15,12.2,12.0,12.2,46900
2025-08-13 07:00:00,11.95,12.2,11.95,12.1,10900
2025-08-14 07:00:00,12.1,12.4,12.05,12.4,43300
2025-08-15 07:00:00,12.4,12.45,12.05,12.2,21600
2025-08-18 07:00:00,12.2,12.2,11.95,12.0,19200
2025-08-19 07:00:00,12.5,12.5,12.0,12.1,33100
2025-08-20 07:00:00,12.1,12.1,11.65,12.0,19800
2025-08-21 07:00:00,12.0,12.0,11.65,11.65,16500
2025-08-22 07:00:00,11.7,11.8,11.5,11.7,18700
2025-08-25 07:00:00,11.75,11.75,11.55,11.55,4200
2025-08-26 07:00:00,11.5,11.9,11.5,11.9,6100
2025-08-27 07:00:00,11.8,11.85,11.6,11.85,1800
2025-08-28 07:00:00,11.55,11.8,11.5,11.8,11500
2025-08-29 07:00:00,11.75,11.75,11.5,11.75,17000
2025-09-03 07:00:00,11.75,11.85,11.4,11.45,18200
2025-09-04 07:00:00,11.55,11.65,11.45,11.5,5700
2025-09-05 07:00:00,11.6,12.0,11.5,11.7,12500
2025-09-08 07:00:00,11.7,11.7,11.55,11.6,7200
2025-09-09 07:00:00,11.6,11.9,11.4,11.9,2400
2025-09-10 07:00:00,12.0,12.0,11.45,11.6,3500
2025-09-11 07:00:00,11.45,11.85,11.45,11.45,7500
2025-09-12 07:00:00,11.45,11.7,11.4,11.65,25200
2025-09-15 07:00:00,12.0,12.2,11.7,12.05,44400
2025-09-16 07:00:00,12.05,12.05,11.8,11.9,3700
2025-09-17 07:00:00,11.85,11.9,11.6,11.85,16200
2025-09-18 07:00:00,11.85,11.85,11.55,11.8,4800
2025-09-19 07:00:00,11.95,12.0,11.6,11.9,10000
2025-09-22 07:00:00,11.95,11.95,11.4,11.7,11500
2025-09-23 07:00:00,11.45,11.7,11.45,11.7,10900
2025-09-24 07:00:00,11.55,11.85,11.5,11.85,2400
2025-09-25 07:00:00,11.35,11.75,11.35,11.75,7700
2025-09-26 07:00:00,11.75,11.75,11.75,11.75,1000
2025-09-29 07:00:00,11.7,11.7,11.35,11.45,7900
2025-09-30 07:00:00,11.4,11.45,11.25,11.45,5500
2025-10-01 07:00:00,11.35,11.35,11.35,11.35,2400
2025-10-02 07:00:00,11.0,11.45,11.0,11.25,4000
2025-10-03 07:00:00,11.25,11.25,11.25,11.25,100
2025-10-06 07:00:00,11.3,11.5,10.5,11.45,7300
2025-10-07 07:00:00,11.0,11.4,11.0,11.4,10000
2025-10-08 07:00:00,10.8,11.25,10.8,11.0,2600
2025-10-09 07:00:00,11.15,11.5,11.15,11.5,1500
2025-10-10 07:00:00,11.35,11.45,11.0,11.45,22900
2025-10-13 07:00:00,11.05,11.4,10.65,11.4,5000
2025-10-14 07:00:00,11.4,11.4,11.0,11.4,10600
2025-10-15 07:00:00,11.2,11.35,11.0,11.05,14400
2025-10-16 07:00:00,10.9,11.25,10.8,11.25,1900
2025-10-17 07:00:00,11.25,11.25,11.0,11.15,10200
2025-10-20 07:00:00,11.0,11.1,10.7,10.7,9400
2025-10-21 07:00:00,10.5,10.7,10.4,10.7,4100
2025-10-22 07:00:00,10.45,10.5,10.45,10.45,900
2025-10-23 07:00:00,10.45,10.65,10.45,10.65,3000
2025-10-24 07:00:00,10.45,10.9,10.45,10.9,2000
2025-10-27 07:00:00,10.55,10.7,10.5,10.7,3200
2025-10-28 07:00:00,10.85,10.85,10.3,10.35,7000
2025-10-29 07:00:00,11.0,11.0,10.5,10.8,5100
2025-10-30 07:00:00,10.8,11.1,10.55,10.8,11900
2025-10-31 07:00:00,10.7,10.7,10.65,10.65,600
2025-11-03 07:00:00,10.5,10.5,10.4,10.4,3100
2025-11-04 07:00:00,10.15,10.35,10.15,10.35,200
2025-11-05 07:00:00,10.5,11.05,10.5,11.0,16300
2025-11-06 07:00:00,11.4,11.4,11.0,11.2,5200
2025-11-07 07:00:00,11.0,11.0,10.45,10.65,5900
2025-11-10 07:00:00,11.3,11.3,10.6,11.15,4400
2025-11-11 07:00:00,11.15,11.15,10.5,11.1,4100
2025-11-12 07:00:00,10.7,11.1,10.7,10.7,3700
2025-11-13 07:00:00,10.75,10.75,10.7,10.7,16000
2025-11-14 07:00:00,11.0,11.0,10.85,10.85,300
2025-11-17 07:00:00,10.8,10.9,10.6,10.9,13000
2025-11-18 07:00:00,10.55,10.9,10.5,10.9,16500
2025-11-19 07:00:00,10.9,10.9,10.6,10.65,3800
2025-11-20 07:00:00,10.9,10.9,10.9,10.9,500
2025-11-21 07:00:00,10.5,10.65,10.5,10.65,2000
2025-11-24 07:00:00,10.65,10.7,10.55,10.65,5000
2025-11-25 07:00:00,10.65,10.9,10.65,10.65,4100
2025-11-26 07:00:00,10.85,10.85,10.55,10.55,6700
2025-11-27 07:00:00,10.55,10.55,10.35,10.4,21200
2025-11-28 07:00:00,10.5,10.5,10.4,10.4,1600
2025-12-01 07:00:00,10.4,10.45,10.35,10.4,11800
2025-12-02 07:00:00,10.4,10.75,10.4,10.75,200
2025-12-03 07:00:00,10.4,10.7,10.4,10.45,6700
2025-12-04 07:00:00,10.4,10.7,10.35,10.7,6200
2025-12-05 07:00:00,10.65,10.8,10.4,10.8,22300
2025-12-08 07:00:00,10.75,10.75,10.5,10.7,12900
2025-12-09 07:00:00,10.5,10.5,10.4,10.5,8700
2025-12-10 07:00:00,10.4,10.5,10.35,10.4,6500
2025-12-11 07:00:00,10.5,10.5,10.2,10.2,14000
2025-12-12 07:00:00,10.25,10.45,10.15,10.2,8700
2025-12-15 07:00:00,10.15,10.45,10.1,10.45,4400
2025-12-16 07:00:00,10.45,10.45,10.15,10.2,2400
2025-12-17 07:00:00,10.25,10.25,10.2,10.2,7600
2025-12-18 07:00:00,10.2,10.3,10.2,10.3,4300
2025-12-19 07:00:00,10.3,10.3,10.3,10.3,100
2025-12-22 07:00:00,10.65,10.65,10.2,10.3,3600
2025-12-23 07:00:00,10.15,10.2,10.1,10.2,1100
2025-12-24 07:00:00,10.25,10.25,10.2,10.2,3400
2025-12-25 07:00:00,10.6,10.6,10.2,10.2,6100
2025-12-26 07:00:00,10.2,10.75,10.1,10.2,7600
2025-12-29 07:00:00,10.25,10.25,10.15,10.2,3700
2025-12-30 07:00:00,10.15,10.2,10.1,10.1,6900
2025-12-31 07:00:00,10.5,10.55,10.05,10.45,14300
2026-01-05 07:00:00,10.1,10.45,10.05,10.4,3900
2026-01-06 07:00:00,10.1,10.3,10.0,10.1,4700
2026-01-07 07:00:00,10.1,10.15,10.1,10.15,14200
2026-01-08 07:00:00,10.25,10.25,10.0,10.1,5400
2026-01-09 07:00:00,10.15,10.15,10.1,10.1,6800
2026-01-12 07:00:00,9.65,10.1,9.65,9.9,7600
2026-01-13 07:00:00,10.0,10.1,9.93,10.1,15900
2026-01-14 07:00:00,9.93,10.3,9.93,10.25,1500
2026-01-15 07:00:00,10.25,10.25,10.25,10.25,1000
2026-01-16 07:00:00,10.2,10.25,10.05,10.25,4700
2026-01-19 07:00:00,10.1,10.15,9.6,10.15,17600
2026-01-20 07:00:00,10.05,10.1,9.9,10.0,12100
2026-01-21 07:00:00,10.0,10.4,10.0,10.4,1500
2026-01-22 07:00:00,10.0,10.2,10.0,10.2,8300
2026-01-23 07:00:00,10.05,10.05,10.0,10.0,6300
2026-01-26 07:00:00,10.0,10.0,9.8,9.8,1400
2026-01-27 07:00:00,9.9,10.25,9.8,10.25,9800
2026-01-28 07:00:00,10.05,10.05,10.0,10.0,5800
2026-01-29 07:00:00,10.05,10.4,10.05,10.4,200
2026-01-30 07:00:00,10.35,10.4,10.3,10.3,2500
2026-02-02 07:00:00,9.91,9.91,9.91,9.91,100
2026-02-03 07:00:00,10.0,10.2,10.0,10.1,66900
2026-02-04 07:00:00,9.88,10.2,9.88,10.2,3700
2026-02-05 07:00:00,10.0,10.0,9.98,10.0,2100
2026-02-06 07:00:00,10.0,10.0,9.95,9.96,5500
2026-02-09 07:00:00,9.3,10.15,9.3,10.1,7300
2026-02-10 07:00:00,10.15,10.15,9.8,9.8,5700
2026-02-11 07:00:00,10.1,10.1,10.0,10.0,2600
2026-02-12 07:00:00,10.0,10.0,10.0,10.0,2500
2026-02-13 07:00:00,10.0,10.2,10.0,10.15,2500
2026-02-23 07:00:00,10.2,10.4,9.71,10.2,16800
2026-02-24 07:00:00,9.87,10.2,9.87,10.2,6700
2026-02-25 07:00:00,10.2,10.2,10.15,10.2,13500
2026-02-26 07:00:00,10.15,10.2,10.15,10.2,1100
2026-02-27 07:00:00,10.2,10.25,10.05,10.25,17600
2026-03-02 07:00:00,10.2,10.2,10.2,10.2,3300
2026-03-03 07:00:00,10.2,10.2,9.91,9.95,23700
2026-03-04 07:00:00,9.93,9.95,9.74,9.95,23100
2026-03-05 07:00:00,9.99,9.99,9.82,9.82,2000
2026-03-06 07:00:00,9.86,10.0,9.7,9.7,11300
2026-03-09 07:00:00,9.71,9.71,9.03,9.1,32000
2026-03-10 07:00:00,9.1,9.73,9.1,9.73,21200
2026-03-11 07:00:00,10.1,10.1,9.81,9.83,15300
2026-03-12 07:00:00,10.3,10.3,9.65,9.83,6800
2026-03-13 07:00:00,10.0,10.0,9.73,9.99,7700
2026-03-16 07:00:00,9.71,10.1,9.71,9.9,16200
2026-03-17 07:00:00,9.9,9.9,9.82,9.9,4000
2026-03-18 07:00:00,9.9,9.9,9.85,9.85,300
2026-03-20 07:00:00,9.85,10.0,9.6,9.7,16700
2026-03-23 07:00:00,9.51,9.51,9.3,9.35,13000
2026-03-24 07:00:00,9.7,9.7,9.3,9.3,7500
2026-03-25 07:00:00,9.89,9.89,9.25,9.32,1200
2026-03-26 07:00:00,9.32,9.6,9.25,9.59,10300
2026-03-27 07:00:00,9.59,10.0,9.5,10.0,4600
2026-03-30 07:00:00,10.0,10.0,9.31,9.33,11000
2026-03-31 07:00:00,9.34,9.4,9.33,9.39,4600
2026-04-01 07:00:00,9.21,9.39,8.75,9.3,13600
2026-04-02 07:00:00,9.15,9.25,9.1,9.22,32400
2026-04-03 07:00:00,9.22,9.3,9.1,9.3,16400
2026-04-06 07:00:00,9.3,9.4,8.7,8.7,23400
2026-04-07 07:00:00,8.7,9.2,8.7,9.0,3200
2026-04-08 07:00:00,9.0,9.31,8.89,9.2,13100
2026-04-09 07:00:00,8.76,9.27,8.76,9.25,6300
2026-04-10 07:00:00,9.25,9.25,8.88,9.0,10200
2026-04-13 07:00:00,9.0,9.22,9.0,9.14,6100
2026-04-14 07:00:00,9.14,9.14,9.0,9.0,9200
2026-04-15 07:00:00,9.14,9.15,8.8,9.0,17800
2026-04-16 07:00:00,9.15,9.15,9.0,9.0,2200
2026-04-17 07:00:00,9.0,9.12,8.88,9.12,65300
2026-04-20 07:00:00,9.75,9.75,9.69,9.75,21700
2026-04-21 07:00:00,10.4,10.4,10.4,10.4,17000
2026-04-22 07:00:00,11.1,11.1,10.5,11.1,191400
2026-04-23 07:00:00,11.5,11.85,11.45,11.85,109000
2026-04-24 07:00:00,11.85,12.65,11.85,12.4,293000
2026-04-28 07:00:00,12.4,12.8,11.6,11.8,65200
2026-04-29 07:00:00,12.0,12.2,11.6,12.2,129100
2026-05-04 07:00:00,12.2,12.25,11.5,11.85,55900
2026-05-05 07:00:00,11.65,11.85,11.3,11.5,43000
2026-05-06 07:00:00,11.05,11.6,11.05,11.45,23400
2026-05-07 07:00:00,11.45,11.55,11.0,11.3,54900
2026-05-08 07:00:00,11.15,11.3,11.0,11.2,48000
2026-05-11 07:00:00,11.2,11.25,11.0,11.2,22500
2026-05-12 07:00:00,11.3,11.3,11.0,11.25,22900
2026-05-13 07:00:00,11.25,11.45,11.25,11.45,29600
2026-05-14 07:00:00,11.45,11.45,11.2,11.3,23800
2026-05-15 07:00:00,11.7,11.7,11.25,11.35,12700
2026-05-18 07:00:00,11.2,11.4,11.2,11.35,14900
2026-05-19 07:00:00,11.3,11.3,11.1,11.3,13600
2026-05-20 07:00:00,11.3,11.3,10.75,11.2,37500
2026-05-21 07:00:00,10.8,11.75,10.75,11.6,6100
2026-05-22 07:00:00,11.25,11.3,10.8,11.0,22200
2026-05-25 07:00:00,11.25,11.25,10.7,11.05,14200
2026-05-26 07:00:00,11.1,11.1,10.55,10.9,22700
2026-05-27 07:00:00,10.9,10.9,10.6,10.6,9800
