time,open,high,low,close,volume
2018-01-02 07:00:00,12.02,12.57,12.02,12.47,562640
2018-01-03 07:00:00,12.62,12.82,12.57,12.67,1029470
2018-01-04 07:00:00,12.87,13.12,12.72,12.72,1115040
2018-01-05 07:00:00,12.77,13.46,12.42,13.26,1368240
2018-01-08 07:00:00,13.22,13.91,13.22,13.71,777290
2018-01-09 07:00:00,13.66,13.91,13.36,13.89,1032400
2018-01-10 07:00:00,13.61,13.81,13.41,13.61,1055640
2018-01-11 07:00:00,13.51,13.71,13.19,13.66,802250
2018-01-12 07:00:00,13.26,13.79,13.24,13.26,690720
2018-01-15 07:00:00,13.22,14.18,13.22,14.18,1388590
2018-01-16 07:00:00,14.41,14.76,14.06,14.41,1670890
2018-01-17 07:00:00,14.01,14.51,13.91,14.01,626890
2018-01-18 07:00:00,13.56,13.91,13.41,13.89,928180
2018-01-19 07:00:00,13.91,14.41,13.71,13.91,483630
2018-01-22 07:00:00,13.71,13.99,13.51,13.71,505960
2018-01-25 07:00:00,12.92,13.66,12.92,13.17,1245200
2018-01-26 07:00:00,12.99,13.71,12.82,13.69,985410
2018-01-29 07:00:00,13.81,13.91,13.61,13.71,498060
2018-01-30 07:00:00,13.66,13.71,13.17,13.61,523140
2018-01-31 07:00:00,13.46,13.61,13.22,13.26,576610
2018-02-01 07:00:00,13.36,13.41,13.07,13.14,550590
2018-02-02 07:00:00,13.36,13.36,12.67,13.24,494930
2018-02-05 07:00:00,12.97,13.02,12.62,12.72,525670
2018-02-06 07:00:00,11.87,12.92,11.85,12.92,1133050
2018-02-07 07:00:00,12.92,12.99,12.52,12.99,260080
2018-02-08 07:00:00,12.99,13.02,12.67,12.99,174180
2018-02-09 07:00:00,12.22,12.97,12.22,12.87,156600
2018-02-12 07:00:00,13.02,13.31,12.82,13.31,259660
2018-02-13 07:00:00,13.36,13.36,13.02,13.31,82530
2018-02-21 07:00:00,13.41,13.56,12.92,13.31,204410
2018-02-22 07:00:00,13.17,13.31,12.97,12.99,168030
2018-02-23 07:00:00,12.99,13.07,12.92,13.07,197650
2018-02-26 07:00:00,13.17,13.41,12.82,12.92,371710
2018-02-27 07:00:00,12.92,12.97,12.67,12.84,305330
2018-02-28 07:00:00,12.84,12.87,12.47,12.72,283030
2018-03-01 07:00:00,12.47,12.47,12.17,12.22,425240
2018-03-02 07:00:00,11.97,12.27,11.87,12.27,260110
2018-03-05 07:00:00,12.27,12.32,12.12,12.27,189020
2018-03-06 07:00:00,12.27,12.3,12.07,12.27,94470
2018-03-07 07:00:00,12.27,13.12,12.12,13.12,710570
2018-03-08 07:00:00,13.31,13.51,13.17,13.31,585720
2018-03-09 07:00:00,13.36,13.91,13.17,13.86,974960
2018-03-12 07:00:00,13.66,14.16,13.46,13.46,593320
2018-03-13 07:00:00,13.46,13.86,13.46,13.86,383780
2018-03-14 07:00:00,13.91,13.94,13.61,13.94,636480
2018-03-15 07:00:00,13.94,13.96,13.81,13.96,470790
2018-03-16 07:00:00,13.76,14.58,13.76,14.28,552990
2018-03-19 07:00:00,14.56,14.56,13.81,13.81,522290
2018-03-20 07:00:00,13.81,14.16,13.41,13.96,384980
2018-03-21 07:00:00,13.96,14.23,13.91,14.13,573800
2018-03-22 07:00:00,14.16,14.16,13.86,14.06,340440
2018-03-23 07:00:00,13.71,14.53,13.71,14.53,1202910
2018-03-26 07:00:00,14.61,15.1,14.31,14.41,702280
2018-03-27 07:00:00,14.76,14.98,14.06,14.06,625150
2018-03-28 07:00:00,14.06,14.51,13.91,14.21,496450
2018-03-29 07:00:00,14.21,15.0,14.21,14.76,1042370
2018-03-30 07:00:00,14.76,14.9,14.21,14.9,508620
2018-04-02 07:00:00,14.95,15.6,14.9,15.35,1098290
2018-04-03 07:00:00,15.25,15.45,14.8,15.0,601120
2018-04-04 07:00:00,14.9,15.45,14.9,15.35,673320
2018-04-05 07:00:00,15.08,15.35,14.98,15.1,219390
2018-04-06 07:00:00,14.95,15.15,14.8,14.9,505150
2018-04-09 07:00:00,14.76,15.1,14.76,15.05,472890
2018-04-10 07:00:00,14.85,15.05,14.21,14.41,627550
2018-04-11 07:00:00,14.26,14.51,13.66,13.66,591160
2018-04-12 07:00:00,13.59,13.74,13.36,13.66,204780
2018-04-13 07:00:00,13.71,13.81,12.77,12.82,528910
2018-04-16 07:00:00,12.62,13.41,12.42,12.52,457870
2018-04-17 07:00:00,12.82,13.09,12.62,13.09,206700
2018-04-18 07:00:00,13.12,13.34,12.97,12.97,266600
2018-04-19 07:00:00,12.97,13.07,12.17,12.42,375860
2018-04-20 07:00:00,12.42,12.84,12.17,12.67,581740
2018-04-23 07:00:00,12.67,12.82,12.07,12.07,403150
2018-04-24 07:00:00,11.95,12.27,11.92,12.07,342830
2018-04-26 07:00:00,12.25,12.25,11.23,11.4,451550
2018-04-27 07:00:00,11.43,12.12,11.43,12.12,414990
2018-05-02 07:00:00,12.12,12.12,11.3,11.3,400120
2018-05-03 07:00:00,11.28,11.68,10.88,11.48,431210
2018-05-04 07:00:00,11.82,11.82,11.23,11.23,346090
2018-05-07 07:00:00,11.35,11.72,11.18,11.72,392290
2018-05-08 07:00:00,11.53,11.8,11.53,11.6,108910
2018-05-09 07:00:00,11.58,11.63,11.43,11.58,103060
2018-05-10 07:00:00,11.08,11.33,11.05,11.18,555120
2018-05-11 07:00:00,10.98,11.28,10.9,11.18,258570
2018-05-14 07:00:00,11.18,11.38,10.93,11.18,104250
2018-05-15 07:00:00,11.18,11.38,11.0,11.08,426540
2018-05-16 07:00:00,11.08,11.23,10.83,10.9,362190
2018-05-17 07:00:00,10.83,10.86,10.38,10.43,484230
2018-05-18 07:00:00,10.68,10.68,9.89,9.94,470130
2018-05-21 07:00:00,10.06,10.38,9.89,9.94,1103560
2018-05-22 07:00:00,9.94,10.18,9.91,9.91,405420
2018-05-23 07:00:00,9.91,10.58,9.79,10.58,361380
2018-05-24 07:00:00,10.68,10.68,10.04,10.04,408370
2018-05-25 07:00:00,10.04,10.43,9.69,9.89,604970
2018-05-28 07:00:00,9.51,9.79,9.36,9.79,409340
2018-05-29 07:00:00,9.79,10.31,9.79,10.31,281050
2018-05-30 07:00:00,10.31,10.31,9.99,10.09,168610
2018-05-31 07:00:00,9.96,10.48,9.96,10.43,544480
2018-06-01 07:00:00,10.38,10.38,9.99,10.23,572190
2018-06-04 07:00:00,10.38,10.53,10.23,10.51,768100
2018-06-05 07:00:00,10.51,10.73,10.48,10.63,467000
2018-06-06 07:00:00,10.71,11.13,10.58,11.13,434580
2018-06-07 07:00:00,11.23,11.68,11.18,11.68,639680
2018-06-08 07:00:00,11.53,11.58,11.33,11.53,325840
2018-06-11 07:00:00,11.48,11.53,11.18,11.43,692260
2018-06-12 07:00:00,11.23,11.38,10.81,11.15,613360
2018-06-13 07:00:00,11.15,11.92,11.15,11.87,580830
2018-06-14 07:00:00,11.9,12.12,11.77,11.82,328560
2018-06-15 07:00:00,11.82,11.95,11.58,11.82,377870
2018-06-18 07:00:00,11.92,11.92,11.18,11.43,584130
2018-06-19 07:00:00,11.43,11.87,11.23,11.77,341350
2018-06-20 07:00:00,11.77,11.87,11.58,11.82,268160
2018-06-21 07:00:00,11.68,11.77,11.43,11.48,156480
2018-06-22 07:00:00,11.48,11.8,11.38,11.58,539390
2018-06-25 07:00:00,11.83,12.04,11.83,12.01,208960
2018-06-26 07:00:00,11.83,12.84,11.83,12.53,413270
2018-06-27 07:00:00,12.53,12.66,12.35,12.35,553000
2018-06-28 07:00:00,12.35,12.35,12.17,12.3,95340
2018-06-29 07:00:00,12.22,12.4,12.09,12.14,93480
2018-07-02 07:00:00,12.14,12.14,11.58,11.99,231320
2018-07-03 07:00:00,11.99,12.04,11.32,11.47,461570
2018-07-04 07:00:00,11.76,11.78,11.42,11.47,315470
2018-07-05 07:00:00,11.42,11.58,11.09,11.42,209660
2018-07-06 07:00:00,11.16,11.73,11.16,11.47,412280
2018-07-09 07:00:00,11.68,11.68,11.01,11.16,323330
2018-07-10 07:00:00,11.16,11.42,11.11,11.32,180940
2018-07-11 07:00:00,11.32,11.32,10.98,11.19,108450
2018-07-12 07:00:00,11.22,11.68,11.06,11.42,153500
2018-07-13 07:00:00,11.42,11.6,11.42,11.55,76340
2018-07-16 07:00:00,11.63,12.24,11.32,12.04,231210
2018-07-17 07:00:00,12.04,12.24,11.83,12.19,516120
2018-07-18 07:00:00,12.22,12.6,12.22,12.6,757860
2018-07-19 07:00:00,12.76,12.86,12.5,12.71,468390
2018-07-20 07:00:00,12.5,12.6,12.32,12.5,342130
2018-07-23 07:00:00,12.5,12.5,12.19,12.19,202560
2018-07-24 07:00:00,12.09,12.09,11.47,11.78,182800
2018-07-25 07:00:00,11.88,11.88,11.65,11.73,76890
2018-07-26 07:00:00,11.68,12.04,11.68,12.04,106670
2018-07-27 07:00:00,12.04,12.66,11.88,12.35,368590
2018-07-30 07:00:00,12.35,12.81,12.35,12.66,175140
2018-07-31 07:00:00,12.5,12.68,12.5,12.63,127260
2018-08-01 07:00:00,12.45,12.55,12.24,12.3,204920
2018-08-02 07:00:00,12.53,12.53,12.14,12.24,76700
2018-08-03 07:00:00,12.24,12.55,12.24,12.3,167110
2018-08-06 07:00:00,12.4,12.4,12.14,12.3,52520
2018-08-07 07:00:00,12.42,12.42,11.99,12.06,198060
2018-08-08 07:00:00,12.06,12.09,11.94,12.06,137940
2018-08-09 07:00:00,11.99,12.19,11.96,12.06,257700
2018-08-10 07:00:00,12.06,12.06,11.83,11.83,112410
2018-08-13 07:00:00,11.83,12.04,11.73,11.83,173800
2018-08-14 07:00:00,11.83,12.3,11.83,12.27,188710
2018-08-15 07:00:00,12.09,12.35,12.04,12.27,277950
2018-08-16 07:00:00,12.19,12.68,12.04,12.58,470570
2018-08-17 07:00:00,12.66,12.66,12.45,12.45,287840
2018-08-20 07:00:00,12.6,12.6,12.3,12.45,140310
2018-08-21 07:00:00,12.45,13.3,12.35,13.3,1076740
2018-08-22 07:00:00,13.53,13.56,13.22,13.22,382190
2018-08-23 07:00:00,13.22,14.12,13.12,14.1,766550
2018-08-24 07:00:00,13.87,14.15,13.74,13.81,382750
2018-08-27 07:00:00,13.79,14.3,13.71,14.15,481860
2018-08-28 07:00:00,13.92,14.1,13.74,13.74,308600
2018-08-29 07:00:00,13.74,13.97,13.53,13.53,269350
2018-08-30 07:00:00,13.48,13.84,13.48,13.74,215850
2018-08-31 07:00:00,13.58,13.71,13.22,13.22,381350
2018-09-04 07:00:00,13.17,13.48,13.17,13.32,161970
2018-09-05 07:00:00,13.32,13.74,13.25,13.43,187630
2018-09-06 07:00:00,13.43,13.48,13.27,13.32,189850
2018-09-07 07:00:00,13.32,13.89,13.3,13.84,369420
2018-09-10 07:00:00,13.71,14.15,13.71,13.81,249170
2018-09-11 07:00:00,13.79,14.1,13.68,13.94,376500
2018-09-12 07:00:00,13.94,14.05,13.74,13.76,337240
2018-09-13 07:00:00,13.74,13.89,13.71,13.71,177450
2018-09-14 07:00:00,13.74,13.99,13.5,13.99,377400
2018-09-17 07:00:00,14.05,14.51,13.99,14.3,380260
2018-09-18 07:00:00,14.3,14.35,14.05,14.35,189140
2018-09-19 07:00:00,14.35,14.56,14.05,14.15,493340
2018-09-20 07:00:00,14.15,14.2,13.99,14.2,275380
2018-09-21 07:00:00,14.1,14.25,13.99,14.1,380390
2018-09-24 07:00:00,14.1,14.2,13.94,13.99,201900
2018-09-25 07:00:00,13.99,14.23,13.94,13.99,228940
2018-09-26 07:00:00,13.99,14.3,13.94,14.28,584860
2018-09-27 07:00:00,14.25,14.46,14.25,14.28,221460
2018-09-28 07:00:00,14.28,14.3,14.15,14.15,282130
2018-10-01 07:00:00,14.17,14.2,13.79,13.79,381840
2018-10-02 07:00:00,13.63,13.79,13.35,13.79,832080
2018-10-03 07:00:00,13.79,14.3,13.79,13.99,347570
2018-10-04 07:00:00,13.99,13.99,13.76,13.79,190980
2018-10-05 07:00:00,13.68,13.74,13.45,13.56,402070
2018-10-08 07:00:00,13.45,13.58,13.32,13.4,256920
2018-10-09 07:00:00,13.4,13.5,13.22,13.27,272170
2018-10-10 07:00:00,13.27,13.27,13.07,13.17,233870
2018-10-11 07:00:00,12.86,13.02,12.5,12.66,601080
2018-10-12 07:00:00,12.53,12.89,12.5,12.73,590190
2018-10-15 07:00:00,13.09,13.09,12.73,12.76,132290
2018-10-16 07:00:00,12.76,12.86,12.71,12.86,48260
2018-10-17 07:00:00,12.86,13.02,12.86,12.89,125500
2018-10-18 07:00:00,12.96,12.96,12.63,12.63,128880
2018-10-19 07:00:00,12.73,12.73,12.45,12.6,114840
2018-10-22 07:00:00,12.6,12.68,11.73,11.73,636790
2018-10-23 07:00:00,11.32,11.5,11.06,11.22,400470
2018-10-24 07:00:00,11.14,11.32,11.11,11.11,127430
2018-10-25 07:00:00,10.8,11.22,10.7,11.22,311940
2018-10-26 07:00:00,11.11,11.24,10.6,10.7,334070
2018-10-29 07:00:00,10.6,10.91,10.6,10.7,113090
2018-10-30 07:00:00,10.7,10.96,10.7,10.7,86210
2018-10-31 07:00:00,10.8,10.96,10.7,10.86,226350
2018-11-01 07:00:00,11.06,11.06,10.7,10.8,73150
2018-11-02 07:00:00,10.8,11.09,10.8,11.09,113190
2018-11-05 07:00:00,11.09,11.09,10.86,11.01,98080
2018-11-06 07:00:00,11.06,11.76,11.01,11.76,447490
2018-11-07 07:00:00,11.83,12.04,11.63,11.81,225100
2018-11-08 07:00:00,11.81,12.04,11.27,11.27,207870
2018-11-09 07:00:00,11.47,11.47,11.22,11.27,107170
2018-11-12 07:00:00,11.24,11.42,10.91,11.01,154990
2018-11-13 07:00:00,10.83,11.22,10.83,11.19,106340
2018-11-14 07:00:00,11.19,11.19,10.83,10.86,168990
2018-11-15 07:00:00,11.11,11.11,10.8,10.8,50160
2018-11-16 07:00:00,11.01,11.01,10.83,10.91,63500
2018-11-19 07:00:00,10.91,11.22,10.86,11.11,82080
2018-11-20 07:00:00,11.16,11.47,11.06,11.4,228390
2018-11-21 07:00:00,11.32,11.65,11.11,11.6,168510
2018-11-22 07:00:00,11.73,11.73,11.37,11.55,94880
2018-11-23 07:00:00,11.55,11.55,11.29,11.32,112200
2018-11-26 07:00:00,11.27,11.52,11.06,11.4,84420
2018-11-27 07:00:00,11.5,11.5,11.22,11.22,57330
2018-11-28 07:00:00,11.16,11.32,11.06,11.22,89570
2018-11-29 07:00:00,11.32,11.32,11.06,11.16,95520
2018-11-30 07:00:00,11.09,11.16,10.93,11.11,186890
2018-12-03 07:00:00,11.29,11.4,11.11,11.19,382200
2018-12-04 07:00:00,11.19,11.63,11.19,11.52,208780
2018-12-05 07:00:00,11.37,11.96,11.37,11.83,412430
2018-12-06 07:00:00,11.63,11.68,11.34,11.58,452350
2018-12-07 07:00:00,11.47,11.94,11.47,11.94,366330
2018-12-10 07:00:00,11.94,12.06,11.78,11.94,112080
2018-12-11 07:00:00,11.94,11.94,11.68,11.73,189530
2018-12-12 07:00:00,11.78,11.83,11.7,11.83,164830
2018-12-13 07:00:00,11.91,12.07,11.91,11.96,255280
2018-12-14 07:00:00,12.09,12.09,11.89,11.89,168450
2018-12-17 07:00:00,11.75,11.83,11.7,11.7,131920
2018-12-18 07:00:00,11.26,11.47,11.16,11.18,431410
2018-12-19 07:00:00,10.95,11.21,10.95,11.13,114200
2018-12-20 07:00:00,11.1,11.34,11.1,11.34,49000
2018-12-21 07:00:00,11.21,11.26,11.02,11.21,75260
2018-12-24 07:00:00,11.1,11.36,10.95,10.97,145990
2018-12-25 07:00:00,10.95,10.95,10.53,10.69,438600
2018-12-26 07:00:00,10.69,10.89,10.66,10.69,180030
2018-12-27 07:00:00,11.1,11.1,10.84,11.0,162540
2018-12-28 07:00:00,11.18,11.26,11.0,11.21,141260
2019-01-02 07:00:00,11.21,11.44,11.16,11.26,166710
2019-01-03 07:00:00,11.1,11.36,10.95,11.16,118140
2019-01-04 07:00:00,10.95,11.1,10.84,10.97,174400
2019-01-07 07:00:00,10.97,11.16,10.97,11.02,143270
2019-01-08 07:00:00,11.05,11.34,11.02,11.26,186440
2019-01-09 07:00:00,11.26,11.34,11.16,11.26,60090
2019-01-10 07:00:00,11.26,11.62,11.16,11.62,295930
2019-01-11 07:00:00,11.68,11.68,11.47,11.57,103680
2019-01-14 07:00:00,11.57,11.94,11.47,11.75,168870
2019-01-15 07:00:00,11.73,11.94,11.73,11.91,337060
2019-01-16 07:00:00,11.94,11.96,11.73,11.78,181970
2019-01-17 07:00:00,11.83,11.83,11.62,11.62,194170
2019-01-18 07:00:00,11.57,11.83,11.57,11.78,186360
2019-01-21 07:00:00,11.78,11.78,11.65,11.68,63540
2019-01-22 07:00:00,11.68,11.68,11.47,11.47,149150
2019-01-23 07:00:00,11.47,11.62,11.29,11.31,138410
2019-01-24 07:00:00,11.29,11.42,11.1,11.16,232950
2019-01-25 07:00:00,11.1,11.26,11.1,11.21,58070
2019-01-28 07:00:00,11.34,11.44,11.34,11.36,82290
2019-01-29 07:00:00,11.36,11.36,11.21,11.36,46570
2019-01-30 07:00:00,11.39,11.39,11.21,11.23,46150
2019-01-31 07:00:00,11.31,11.34,11.13,11.34,94310
2019-02-01 07:00:00,11.36,11.36,11.1,11.29,68760
2019-02-11 07:00:00,11.29,11.42,11.26,11.29,127800
2019-02-12 07:00:00,11.31,11.68,11.31,11.57,305080
2019-02-13 07:00:00,11.62,11.68,11.42,11.49,296830
2019-02-14 07:00:00,11.47,11.57,11.26,11.31,483650
2019-02-15 07:00:00,11.47,11.57,11.23,11.26,407290
2019-02-18 07:00:00,11.23,11.34,11.1,11.26,462200
2019-02-19 07:00:00,11.18,11.23,11.08,11.08,420710
2019-02-20 07:00:00,11.21,11.21,10.95,11.05,493460
2019-02-21 07:00:00,11.05,11.29,10.95,11.26,148710
2019-02-22 07:00:00,11.23,11.6,11.21,11.49,413510
2019-02-25 07:00:00,11.49,11.62,11.36,11.62,308700
2019-02-26 07:00:00,11.62,11.62,11.44,11.57,212810
2019-02-27 07:00:00,11.57,11.83,11.52,11.73,346200
2019-02-28 07:00:00,11.78,11.81,11.47,11.57,467760
2019-03-01 07:00:00,11.57,11.73,11.47,11.62,132110
2019-03-04 07:00:00,11.62,11.94,11.62,11.89,437090
2019-03-05 07:00:00,11.89,12.3,11.89,12.07,993280
2019-03-06 07:00:00,12.07,12.33,11.83,12.09,669740
2019-03-07 07:00:00,12.09,12.15,11.83,11.83,343560
2019-03-08 07:00:00,11.68,11.78,11.57,11.65,637980
2019-03-11 07:00:00,11.75,11.78,11.6,11.73,239190
2019-03-12 07:00:00,11.83,12.54,11.83,12.54,1807340
2019-03-13 07:00:00,12.72,12.88,12.46,12.48,841980
2019-03-14 07:00:00,12.51,12.85,12.38,12.48,605260
2019-03-15 07:00:00,12.61,12.88,12.43,12.72,675540
2019-03-18 07:00:00,12.82,13.01,12.59,12.9,714320
2019-03-19 07:00:00,12.93,12.93,12.35,12.35,476020
2019-03-20 07:00:00,12.25,12.67,12.2,12.61,519350
2019-03-21 07:00:00,12.77,12.77,12.09,12.09,679850
2019-03-22 07:00:00,12.09,12.25,11.91,11.99,400090
2019-03-25 07:00:00,11.83,11.89,11.52,11.52,643960
2019-03-26 07:00:00,11.73,11.73,11.47,11.52,247200
2019-03-27 07:00:00,11.52,11.75,11.49,11.57,212200
2019-03-28 07:00:00,11.55,11.6,11.47,11.57,173310
2019-03-29 07:00:00,11.57,11.81,11.57,11.65,201010
2019-04-01 07:00:00,11.73,11.78,11.6,11.6,191520
2019-04-02 07:00:00,11.68,11.78,11.52,11.6,322690
2019-04-03 07:00:00,11.6,11.6,11.42,11.49,378150
2019-04-04 07:00:00,11.49,11.6,11.47,11.49,295720
2019-04-05 07:00:00,11.49,11.49,11.16,11.18,1176280
2019-04-08 07:00:00,11.18,11.36,11.18,11.34,259310
2019-04-09 07:00:00,11.34,11.44,11.16,11.16,333320
2019-04-10 07:00:00,11.16,11.21,11.0,11.05,419570
2019-04-11 07:00:00,11.05,11.26,11.05,11.16,174820
2019-04-12 07:00:00,11.16,11.29,10.95,10.95,414580
2019-04-16 07:00:00,10.89,11.18,10.84,11.13,277160
2019-04-17 07:00:00,11.13,11.18,10.95,10.95,216300
2019-04-18 07:00:00,10.95,10.95,10.63,10.63,472470
2019-04-19 07:00:00,10.63,10.84,10.63,10.79,153740
2019-04-22 07:00:00,10.89,10.92,10.76,10.84,357510
2019-04-23 07:00:00,11.1,11.1,10.87,11.02,413690
2019-04-24 07:00:00,11.05,11.13,10.95,11.02,278340
2019-04-25 07:00:00,11.02,11.23,11.02,11.08,200990
2019-04-26 07:00:00,11.1,11.16,10.95,11.1,161100
2019-05-02 07:00:00,11.1,11.16,11.0,11.1,318030
2019-05-03 07:00:00,11.16,11.16,11.02,11.05,127520
2019-05-06 07:00:00,10.95,11.02,10.84,10.89,140660
2019-05-07 07:00:00,10.92,11.1,10.92,11.05,152400
2019-05-08 07:00:00,10.95,10.95,10.74,10.92,212360
2019-05-09 07:00:00,10.92,11.31,10.89,11.26,359660
2019-05-10 07:00:00,11.31,11.52,11.26,11.47,422530
2019-05-13 07:00:00,11.47,11.73,11.47,11.62,298550
2019-05-14 07:00:00,11.62,11.68,11.47,11.68,366810
2019-05-15 07:00:00,11.99,12.07,11.68,11.68,669810
2019-05-16 07:00:00,11.96,12.15,11.68,12.02,761450
2019-05-17 07:00:00,11.99,12.17,11.89,11.89,204470
2019-05-20 07:00:00,11.89,11.94,11.73,11.89,253210
2019-05-21 07:00:00,11.89,11.89,11.7,11.73,252660
2019-05-22 07:00:00,11.81,11.91,11.68,11.81,561350
2019-05-23 07:00:00,11.81,12.43,11.81,12.41,914090
2019-05-24 07:00:00,12.41,12.46,12.07,12.09,292560
2019-05-27 07:00:00,12.09,12.22,11.62,11.68,604520
2019-05-28 07:00:00,11.89,11.89,11.16,11.39,1214350
2019-05-29 07:00:00,11.31,11.36,11.13,11.21,417820
2019-05-30 07:00:00,11.21,11.34,11.18,11.21,284580
2019-05-31 07:00:00,11.21,11.21,10.83,10.83,340010
2019-06-03 07:00:00,10.72,10.72,10.4,10.4,680540
2019-06-04 07:00:00,10.3,10.46,10.08,10.13,413090
2019-06-05 07:00:00,10.3,10.43,10.3,10.3,168350
2019-06-06 07:00:00,10.3,10.62,10.19,10.51,301190
2019-06-07 07:00:00,10.56,10.59,10.38,10.43,235160
2019-06-10 07:00:00,10.51,10.62,10.43,10.56,186290
2019-06-11 07:00:00,10.56,10.56,10.43,10.54,125140
2019-06-12 07:00:00,10.56,10.56,10.3,10.32,121870
2019-06-13 07:00:00,10.35,10.46,10.3,10.32,180780
2019-06-14 07:00:00,10.32,10.4,10.24,10.32,152230
2019-06-17 07:00:00,10.38,10.38,10.08,10.11,269730
2019-06-18 07:00:00,10.13,10.13,9.76,9.79,333940
2019-06-19 07:00:00,9.76,9.89,9.73,9.76,478690
2019-06-20 07:00:00,9.71,10.08,9.63,9.95,345920
2019-06-21 07:00:00,9.92,10.08,9.87,9.92,128440
2019-06-24 07:00:00,9.92,9.92,9.65,9.71,274550
2019-06-25 07:00:00,9.76,9.81,9.68,9.81,142890
2019-06-26 07:00:00,9.87,10.03,9.81,10.0,168780
2019-06-27 07:00:00,9.97,10.03,9.81,9.81,182720
2019-06-28 07:00:00,9.76,9.87,9.76,9.87,64990
2019-07-01 07:00:00,9.87,10.03,9.84,9.95,168990
2019-07-02 07:00:00,10.03,10.03,9.84,9.97,193800
2019-07-03 07:00:00,9.92,10.0,9.89,9.92,70740
2019-07-04 07:00:00,9.92,10.3,9.89,10.16,346160
2019-07-05 07:00:00,10.19,10.19,10.08,10.13,139570
2019-07-08 07:00:00,10.13,10.13,9.97,9.97,41880
2019-07-09 07:00:00,10.08,10.35,9.97,10.24,276350
2019-07-10 07:00:00,10.3,10.35,10.22,10.24,120280
2019-07-11 07:00:00,10.24,10.4,10.16,10.4,201280
2019-07-12 07:00:00,10.4,10.51,10.32,10.32,165180
2019-07-15 07:00:00,10.22,10.38,10.22,10.24,115730
2019-07-16 07:00:00,10.24,10.3,10.13,10.16,112340
2019-07-17 07:00:00,10.19,10.54,10.19,10.51,517880
2019-07-18 07:00:00,10.59,10.72,10.51,10.51,408230
2019-07-19 07:00:00,10.51,10.83,10.51,10.64,373030
2019-07-22 07:00:00,10.67,10.81,10.62,10.72,152890
2019-07-23 07:00:00,10.72,10.72,10.62,10.64,81870
2019-07-24 07:00:00,10.56,10.64,10.51,10.59,163210
2019-07-25 07:00:00,10.59,10.59,10.38,10.38,172450
2019-07-26 07:00:00,10.46,10.51,10.35,10.38,57730
2019-07-29 07:00:00,10.35,10.38,10.19,10.19,118140
2019-07-30 07:00:00,10.3,10.67,10.24,10.56,231400
2019-07-31 07:00:00,10.54,10.64,10.46,10.64,101750
2019-08-01 07:00:00,10.64,10.64,10.35,10.35,62820
2019-08-02 07:00:00,10.46,10.62,10.32,10.46,78410
2019-08-05 07:00:00,10.46,10.56,10.4,10.48,76720
2019-08-06 07:00:00,10.4,10.4,10.24,10.3,143170
2019-08-07 07:00:00,10.3,10.54,10.3,10.4,306150
2019-08-08 07:00:00,10.35,10.51,10.3,10.46,145160
2019-08-09 07:00:00,10.46,11.05,10.46,10.97,679450
2019-08-12 07:00:00,11.05,11.05,10.91,11.05,290380
2019-08-13 07:00:00,10.89,11.05,10.83,11.05,239730
2019-08-14 07:00:00,11.05,11.48,10.94,11.23,1033750
2019-08-15 07:00:00,11.21,11.9,10.99,11.58,964060
2019-08-16 07:00:00,11.8,11.96,11.45,11.58,691210
2019-08-19 07:00:00,11.58,11.88,11.53,11.53,321340
2019-08-20 07:00:00,11.69,12.07,11.69,11.8,752970
2019-08-21 07:00:00,11.8,12.12,11.74,11.96,594540
2019-08-22 07:00:00,12.01,12.36,11.9,12.33,755040
2019-08-23 07:00:00,12.41,12.49,11.96,12.01,729840
2019-08-26 07:00:00,11.9,12.09,11.74,11.9,378580
2019-08-27 07:00:00,11.85,12.04,11.64,11.64,421530
2019-08-28 07:00:00,11.58,11.9,11.4,11.88,399700
2019-08-29 07:00:00,11.9,11.9,11.64,11.8,114580
2019-08-30 07:00:00,11.88,12.04,11.8,12.01,262290
2019-09-03 07:00:00,11.88,12.09,11.82,11.82,218460
2019-09-04 07:00:00,11.88,11.8,11.48,11.48,375740
2019-09-05 07:00:00,11.48,11.72,11.48,11.58,212240
2019-09-06 07:00:00,11.58,11.77,11.58,11.66,118980
2019-09-09 07:00:00,11.69,11.77,11.58,11.58,128150
2019-09-10 07:00:00,11.53,11.58,11.26,11.42,333360
2019-09-11 07:00:00,11.48,12.01,11.42,11.77,516960
2019-09-12 07:00:00,11.9,12.28,11.88,12.23,588920
2019-09-13 07:00:00,12.28,12.41,12.12,12.28,674140
2019-09-16 07:00:00,12.31,12.76,12.17,12.76,849390
2019-09-17 07:00:00,12.76,12.92,12.55,12.71,664940
2019-09-18 07:00:00,12.82,12.82,12.55,12.71,346800
2019-09-19 07:00:00,12.6,12.98,12.6,12.71,419470
2019-09-20 07:00:00,12.71,12.92,12.57,12.92,443310
2019-09-23 07:00:00,12.92,12.95,12.71,12.76,313340
2019-09-24 07:00:00,12.71,13.03,12.68,12.9,380400
2019-09-25 07:00:00,12.82,12.92,12.76,12.92,244840
2019-09-26 07:00:00,12.79,12.92,12.79,12.84,519250
2019-09-27 07:00:00,12.84,12.87,12.6,12.71,208360
2019-09-30 07:00:00,12.63,12.76,12.55,12.55,406890
2019-10-01 07:00:00,12.55,12.57,12.04,12.17,1065910
2019-10-02 07:00:00,12.17,12.41,12.12,12.39,260090
2019-10-03 07:00:00,12.28,12.76,12.28,12.41,348340
2019-10-04 07:00:00,12.6,12.82,12.57,12.74,628360
2019-10-07 07:00:00,12.87,13.0,12.49,12.49,408360
2019-10-08 07:00:00,12.66,12.76,12.49,12.57,195040
2019-10-09 07:00:00,12.57,12.6,12.39,12.6,202240
2019-10-10 07:00:00,12.49,12.66,12.41,12.66,215890
2019-10-11 07:00:00,12.66,12.98,12.66,12.87,602750
2019-10-14 07:00:00,12.87,12.98,12.79,12.84,173720
2019-10-15 07:00:00,12.87,13.25,12.84,13.11,983630
2019-10-16 07:00:00,13.27,13.27,13.03,13.03,586540
2019-10-17 07:00:00,13.03,13.25,13.03,13.14,551810
2019-10-18 07:00:00,13.03,13.16,12.92,13.03,260270
2019-10-21 07:00:00,12.9,13.0,12.6,12.6,524300
2019-10-22 07:00:00,12.55,12.84,12.55,12.74,281140
2019-10-23 07:00:00,12.74,12.76,12.6,12.68,228900
2019-10-24 07:00:00,12.63,12.87,12.6,12.82,223150
2019-10-25 07:00:00,12.82,12.84,12.66,12.66,186530
2019-10-28 07:00:00,12.66,12.92,12.66,12.76,176940
2019-10-29 07:00:00,12.76,12.79,12.68,12.68,211840
2019-10-30 07:00:00,12.68,12.84,12.68,12.76,189520
2019-10-31 07:00:00,12.74,12.79,12.23,12.28,847880
2019-11-01 07:00:00,12.15,12.47,12.15,12.47,174160
2019-11-04 07:00:00,12.49,12.49,12.15,12.17,899640
2019-11-05 07:00:00,12.17,12.39,12.15,12.2,227870
2019-11-06 07:00:00,12.28,12.31,12.2,12.25,303140
2019-11-07 07:00:00,12.2,12.39,12.17,12.28,231030
2019-11-08 07:00:00,12.33,12.6,12.25,12.25,427010
2019-11-11 07:00:00,12.47,12.47,12.15,12.15,247150
2019-11-12 07:00:00,12.15,12.41,12.15,12.36,438590
2019-11-13 07:00:00,12.36,12.44,12.17,12.2,203440
2019-11-14 07:00:00,12.2,12.33,12.12,12.12,217060
2019-11-15 07:00:00,12.15,12.17,11.96,12.12,148410
2019-11-18 07:00:00,12.12,12.25,12.07,12.09,178090
2019-11-19 07:00:00,12.23,12.39,12.12,12.39,340000
2019-11-20 07:00:00,12.36,12.55,12.33,12.49,430240
2019-11-21 07:00:00,12.49,12.49,12.33,12.39,222280
2019-11-22 07:00:00,12.47,12.47,12.15,12.17,226600
2019-11-25 07:00:00,12.17,12.33,12.17,12.33,266710
2019-11-26 07:00:00,12.44,12.44,12.28,12.39,145480
2019-11-27 07:00:00,12.33,12.36,12.28,12.31,178790
2019-11-28 07:00:00,12.28,12.28,12.04,12.17,324250
2019-11-29 07:00:00,12.12,12.28,12.12,12.23,60260
2019-12-02 07:00:00,12.23,12.23,11.85,11.96,256000
2019-12-03 07:00:00,11.96,12.23,11.85,12.23,283530
2019-12-04 07:00:00,12.23,12.31,12.04,12.28,132910
2019-12-05 07:00:00,12.25,12.28,12.12,12.23,85720
2019-12-06 07:00:00,12.23,12.31,12.15,12.23,142580
2019-12-09 07:00:00,12.42,12.77,12.36,12.77,932360
2019-12-10 07:00:00,12.86,13.13,12.77,12.91,814550
2019-12-11 07:00:00,12.91,12.91,12.61,12.83,331580
2019-12-12 07:00:00,12.75,13.27,12.69,12.86,390030
2019-12-13 07:00:00,13.05,13.05,12.58,12.58,369040
2019-12-16 07:00:00,12.69,12.77,12.56,12.61,169530
2019-12-17 07:00:00,12.58,12.58,12.31,12.39,454890
2019-12-18 07:00:00,12.36,12.61,12.34,12.53,142010
2019-12-19 07:00:00,12.53,12.53,12.31,12.31,113990
2019-12-20 07:00:00,12.42,12.45,12.31,12.39,101390
2019-12-23 07:00:00,12.34,12.45,12.34,12.39,115460
2019-12-24 07:00:00,12.39,12.69,12.31,12.66,356770
2019-12-25 07:00:00,12.83,12.83,12.66,12.66,194070
2019-12-26 07:00:00,12.64,12.69,12.56,12.66,133990
2019-12-27 07:00:00,12.61,12.72,12.53,12.72,235380
2019-12-30 07:00:00,12.83,13.02,12.66,12.86,546540
2019-12-31 07:00:00,12.88,12.88,12.64,12.77,113160
2020-01-02 07:00:00,12.77,13.21,12.72,13.21,616620
2020-01-03 07:00:00,13.27,13.38,12.94,12.94,316560
2020-01-06 07:00:00,13.05,13.35,12.83,13.3,789060
2020-01-07 07:00:00,13.4,13.87,13.27,13.68,1220030
2020-01-08 07:00:00,13.6,13.73,13.24,13.32,767410
2020-01-09 07:00:00,13.68,13.93,13.57,13.82,1004770
2020-01-10 07:00:00,13.82,14.09,13.54,13.71,800060
2020-01-13 07:00:00,13.71,13.87,13.46,13.54,406620
2020-01-14 07:00:00,13.51,14.06,13.51,13.65,621030
2020-01-15 07:00:00,13.65,13.87,13.6,13.6,417530
2020-01-16 07:00:00,13.68,14.42,13.62,14.39,1276220
2020-01-17 07:00:00,14.39,14.47,14.04,14.23,746440
2020-01-20 07:00:00,14.31,14.31,13.95,13.95,466920
2020-01-21 07:00:00,13.98,14.25,13.87,14.25,459280
2020-01-22 07:00:00,14.04,14.67,14.04,14.28,469760
2020-01-30 07:00:00,13.9,14.15,13.43,13.54,737980
2020-01-31 07:00:00,13.43,13.71,12.61,12.61,854650
2020-02-03 07:00:00,12.23,12.8,11.92,12.56,1189140
2020-02-04 07:00:00,12.56,12.83,12.34,12.34,487330
2020-02-05 07:00:00,12.61,12.77,12.45,12.47,461550
2020-02-06 07:00:00,12.61,13.05,12.56,13.05,432960
2020-02-07 07:00:00,13.16,13.16,12.86,12.94,366340
2020-02-10 07:00:00,12.61,12.88,12.56,12.66,231320
2020-02-11 07:00:00,12.66,12.99,12.66,12.8,269180
2020-02-12 07:00:00,12.94,13.32,12.83,13.1,498190
2020-02-13 07:00:00,13.1,13.32,13.02,13.02,272010
2020-02-14 07:00:00,12.99,13.19,12.8,13.05,287530
2020-02-17 07:00:00,13.05,13.05,12.64,12.64,527690
2020-02-18 07:00:00,12.64,12.83,12.64,12.77,355850
2020-02-19 07:00:00,12.77,13.13,12.66,13.02,444270
2020-02-20 07:00:00,13.02,13.16,12.69,12.99,349110
2020-02-21 07:00:00,12.99,12.99,12.77,12.77,215010
2020-02-24 07:00:00,12.5,12.58,12.25,12.28,895970
2020-02-25 07:00:00,12.23,12.5,12.23,12.5,237350
2020-02-26 07:00:00,12.34,12.47,12.28,12.42,222040
2020-02-27 07:00:00,12.39,12.77,12.34,12.77,303350
2020-02-28 07:00:00,12.31,12.61,12.23,12.31,329010
2020-03-02 07:00:00,12.25,12.36,12.12,12.14,265100
2020-03-03 07:00:00,12.45,12.45,12.14,12.2,154490
2020-03-04 07:00:00,12.14,12.2,12.01,12.06,312680
2020-03-05 07:00:00,12.14,12.28,12.09,12.14,198440
2020-03-06 07:00:00,12.06,12.28,12.01,12.28,202070
2020-03-09 07:00:00,11.46,12.01,11.43,11.43,1154240
2020-03-10 07:00:00,10.97,11.68,10.97,11.51,446900
2020-03-11 07:00:00,11.71,11.71,10.72,10.8,509700
2020-03-12 07:00:00,10.14,10.33,10.06,10.09,872680
2020-03-13 07:00:00,9.48,10.23,9.48,9.79,570520
2020-03-16 07:00:00,9.68,10.25,9.68,9.95,567370
2020-03-17 07:00:00,9.87,10.2,9.68,10.2,274820
2020-03-18 07:00:00,10.2,10.31,9.87,10.03,286810
2020-03-19 07:00:00,9.87,9.95,9.65,9.73,299220
2020-03-20 07:00:00,9.87,10.01,9.7,9.87,420520
2020-03-23 07:00:00,9.57,9.59,9.18,9.18,501740
2020-03-24 07:00:00,9.18,9.29,8.88,9.18,273530
2020-03-25 07:00:00,9.46,9.54,9.35,9.48,305600
2020-03-26 07:00:00,9.48,9.48,9.07,9.1,338030
2020-03-27 07:00:00,9.21,9.27,9.05,9.1,203570
2020-03-30 07:00:00,8.88,8.88,8.47,8.47,509100
2020-03-31 07:00:00,8.77,8.77,7.98,7.98,403580
2020-04-01 07:00:00,7.98,8.36,7.98,8.17,184560
2020-04-03 07:00:00,8.22,8.5,8.22,8.5,505810
2020-04-06 07:00:00,8.5,9.07,8.5,9.07,454460
2020-04-07 07:00:00,9.27,9.32,9.05,9.16,352190
2020-04-08 07:00:00,9.05,9.05,8.69,8.91,383420
2020-04-09 07:00:00,9.05,9.51,8.96,9.51,564670
2020-04-10 07:00:00,9.54,9.54,9.27,9.48,385770
2020-04-13 07:00:00,9.48,9.59,9.27,9.38,219710
2020-04-14 07:00:00,9.38,9.54,9.1,9.38,445170
2020-04-15 07:00:00,9.38,9.98,9.32,9.84,565230
2020-04-16 07:00:00,9.81,10.2,9.79,10.14,471140
2020-04-17 07:00:00,10.25,10.31,9.98,10.17,527970
2020-04-20 07:00:00,10.17,10.66,10.17,10.39,1066950
2020-04-21 07:00:00,9.98,10.39,9.68,9.68,1168550
2020-04-22 07:00:00,9.68,10.23,9.68,10.2,628870
2020-04-23 07:00:00,10.53,10.64,10.25,10.47,1026840
2020-04-24 07:00:00,10.31,10.44,10.23,10.33,631080
2020-04-27 07:00:00,10.42,10.47,10.09,10.17,584390
2020-04-28 07:00:00,10.17,10.17,9.9,10.12,530050
2020-04-29 07:00:00,10.55,10.61,10.01,10.55,1050510
2020-05-04 07:00:00,10.42,11.18,10.31,10.86,1257370
2020-05-05 07:00:00,10.83,10.94,10.42,10.8,430680
2020-05-06 07:00:00,10.86,11.18,10.75,10.97,901360
2020-05-07 07:00:00,10.83,11.1,10.8,10.94,939800
2020-05-08 07:00:00,10.94,10.94,10.58,10.64,1802400
2020-05-11 07:00:00,10.86,10.88,10.55,10.86,596190
2020-05-12 07:00:00,10.86,11.1,10.75,11.02,576880
2020-05-13 07:00:00,10.86,11.05,10.77,10.8,885270
2020-05-14 07:00:00,10.69,10.77,10.58,10.64,616150
2020-05-15 07:00:00,10.64,10.8,10.39,10.39,631940
2020-05-18 07:00:00,10.36,10.39,10.17,10.36,490960
2020-05-19 07:00:00,10.47,10.55,10.36,10.42,565710
2020-05-20 07:00:00,10.47,10.5,10.31,10.39,207580
2020-05-21 07:00:00,10.42,10.66,10.36,10.53,491030
2020-05-22 07:00:00,10.53,10.55,10.33,10.36,503130
2020-05-25 07:00:00,10.5,10.64,10.31,10.64,706890
2020-05-26 07:00:00,10.75,11.35,10.75,11.35,1946620
2020-05-27 07:00:00,11.38,11.4,11.02,11.02,716030
2020-05-28 07:00:00,11.02,11.18,10.83,10.91,520500
2020-05-29 07:00:00,10.88,10.88,10.72,10.83,742080
2020-06-01 07:00:00,10.88,11.16,10.86,11.05,463680
2020-06-02 07:00:00,11.21,11.21,10.8,10.8,668710
2020-06-03 07:00:00,10.8,10.94,10.8,10.86,287830
2020-06-04 07:00:00,10.86,10.91,10.75,10.75,436820
2020-06-05 07:00:00,10.75,10.86,10.69,10.83,414300
2020-06-08 07:00:00,10.94,11.16,10.83,10.94,997750
2020-06-09 07:00:00,10.94,11.21,10.88,11.07,1223720
2020-06-10 07:00:00,11.07,11.51,10.91,11.46,1592850
2020-06-11 07:00:00,11.46,11.73,10.97,10.97,1402310
2020-06-12 07:00:00,10.42,10.8,10.42,10.69,751580
2020-06-15 07:00:00,10.69,10.97,9.98,10.09,1211440
2020-06-16 07:00:00,10.2,10.42,10.17,10.39,532880
2020-06-17 07:00:00,10.47,10.47,10.31,10.44,287520
2020-06-18 07:00:00,10.31,10.69,10.28,10.66,186040
2020-06-19 07:00:00,10.66,10.66,10.5,10.61,124810
2020-06-22 07:00:00,10.64,10.97,10.58,10.94,778320
2020-06-23 07:00:00,10.86,11.07,10.69,10.86,473250
2020-06-24 07:00:00,10.72,10.91,10.66,10.69,198470
2020-06-25 07:00:00,10.53,10.8,10.53,10.64,646830
2020-06-26 07:00:00,10.69,10.8,10.55,10.58,224400
2020-06-29 07:00:00,10.5,10.53,10.14,10.17,431650
2020-06-30 07:00:00,10.2,10.36,9.7,9.76,605100
2020-07-01 07:00:00,9.87,10.2,9.81,10.03,307650
2020-07-02 07:00:00,10.03,10.23,10.03,10.06,175960
2020-07-03 07:00:00,10.09,10.28,10.09,10.17,190580
2020-07-06 07:00:00,10.31,10.31,10.03,10.17,245610
2020-07-07 07:00:00,10.2,10.33,10.17,10.2,341820
2020-07-08 07:00:00,10.2,10.39,10.2,10.33,154400
2020-07-09 07:00:00,10.42,10.47,10.23,10.28,420970
2020-07-10 07:00:00,10.36,10.47,10.28,10.39,461380
2020-07-13 07:00:00,10.39,10.47,10.28,10.31,272430
2020-07-14 07:00:00,10.39,10.44,10.25,10.42,235430
2020-07-15 07:00:00,10.42,10.5,10.36,10.42,274350
2020-07-16 07:00:00,10.59,10.71,10.13,10.24,1234310
2020-07-17 07:00:00,10.24,10.47,10.24,10.39,194930
2020-07-20 07:00:00,10.45,10.45,10.3,10.33,174330
2020-07-21 07:00:00,10.3,10.33,10.1,10.1,383060
2020-07-22 07:00:00,10.1,10.16,10.01,10.01,317950
2020-07-23 07:00:00,9.98,10.01,9.75,9.81,520100
2020-07-24 07:00:00,9.75,9.81,9.26,9.32,752170
2020-07-27 07:00:00,8.85,9.03,8.68,8.68,1015450
2020-07-28 07:00:00,8.68,9.06,8.68,9.03,376210
2020-07-29 07:00:00,8.97,8.97,8.51,8.68,402550
2020-07-30 07:00:00,8.74,8.88,8.74,8.83,283940
2020-07-31 07:00:00,8.8,8.8,8.68,8.74,169250
2020-08-03 07:00:00,8.8,9.03,8.68,9.03,463880
2020-08-04 07:00:00,9.2,9.32,9.09,9.14,461110
2020-08-05 07:00:00,9.09,9.35,9.06,9.35,408730
2020-08-06 07:00:00,9.26,9.4,9.2,9.23,195470
2020-08-07 07:00:00,9.23,9.23,9.03,9.11,472200
2020-08-10 07:00:00,9.14,9.49,9.14,9.43,359080
2020-08-11 07:00:00,9.43,9.52,9.4,9.46,339130
2020-08-12 07:00:00,9.46,9.69,9.43,9.69,427840
2020-08-13 07:00:00,9.78,9.81,9.55,9.66,309500
2020-08-14 07:00:00,9.66,9.66,9.32,9.35,765610
2020-08-17 07:00:00,9.35,9.46,9.26,9.46,280760
2020-08-18 07:00:00,9.46,9.75,9.46,9.69,617130
2020-08-19 07:00:00,9.64,9.69,9.61,9.66,358000
2020-08-20 07:00:00,9.64,9.72,9.55,9.55,277490
2020-08-21 07:00:00,9.64,9.64,9.52,9.58,367620
2020-08-24 07:00:00,9.72,9.81,9.64,9.69,448230
2020-08-25 07:00:00,9.78,10.07,9.78,10.01,1190510
2020-08-26 07:00:00,9.98,10.13,9.93,9.93,429030
2020-08-27 07:00:00,9.93,9.98,9.87,9.95,291690
2020-08-28 07:00:00,9.95,10.07,9.87,9.95,726750
2020-08-31 07:00:00,9.95,10.01,9.78,9.84,519550
2020-09-01 07:00:00,9.84,10.16,9.81,10.16,796280
2020-09-03 07:00:00,10.21,10.39,10.19,10.19,692910
2020-09-04 07:00:00,10.01,10.13,9.95,10.1,322220
2020-09-07 07:00:00,10.19,10.27,10.04,10.04,618680
2020-09-08 07:00:00,10.07,10.24,10.04,10.19,681830
2020-09-09 07:00:00,10.13,10.59,10.07,10.59,1775540
2020-09-10 07:00:00,10.65,10.85,10.65,10.74,921380
2020-09-11 07:00:00,10.76,10.82,10.65,10.74,439440
2020-09-14 07:00:00,10.74,10.85,10.71,10.71,1032840
2020-09-15 07:00:00,10.79,11.17,10.79,11.0,1879560
2020-09-16 07:00:00,11.05,11.17,10.91,11.14,770140
2020-09-17 07:00:00,11.14,11.57,11.14,11.31,1314200
2020-09-18 07:00:00,11.31,11.46,11.2,11.34,593430
2020-09-21 07:00:00,11.34,11.4,11.2,11.23,1033250
2020-09-22 07:00:00,11.11,11.23,11.05,11.05,998710
2020-09-23 07:00:00,11.08,11.29,11.08,11.11,376400
2020-09-24 07:00:00,11.11,11.34,11.05,11.17,792190
2020-09-25 07:00:00,11.2,11.23,11.02,11.08,752440
2020-09-28 07:00:00,11.14,11.26,11.05,11.2,553650
2020-09-29 07:00:00,11.63,11.86,11.34,11.34,2861280
2020-09-30 07:00:00,11.4,12.12,11.34,12.12,3253920
2020-10-01 07:00:00,12.15,12.36,12.07,12.18,850440
2020-10-02 07:00:00,12.27,12.27,11.57,11.92,1682350
2020-10-05 07:00:00,11.86,12.38,11.86,12.07,1293770
2020-10-06 07:00:00,12.21,12.27,11.92,11.92,1448890
2020-10-07 07:00:00,11.86,12.04,11.69,11.72,953180
2020-10-08 07:00:00,11.72,11.83,11.52,11.57,1289900
2020-10-09 07:00:00,11.57,11.69,11.4,11.57,768630
2020-10-12 07:00:00,11.81,11.81,11.4,11.4,999590
2020-10-13 07:00:00,11.46,11.49,11.34,11.4,595380
2020-10-14 07:00:00,11.43,11.43,11.17,11.2,1373620
2020-10-15 07:00:00,11.14,11.34,11.14,11.26,774620
2020-10-16 07:00:00,11.26,11.66,11.2,11.4,701780
2020-10-19 07:00:00,11.46,11.81,11.37,11.69,957430
2020-10-20 07:00:00,11.69,11.92,11.63,11.75,978000
2020-10-21 07:00:00,11.66,11.81,11.52,11.55,639420
2020-10-22 07:00:00,11.46,11.55,11.29,11.55,668220
2020-10-23 07:00:00,11.55,11.57,11.43,11.43,363470
2020-10-26 07:00:00,11.52,11.75,11.37,11.52,1422380
2020-10-27 07:00:00,11.63,11.69,11.14,11.23,1220590
2020-10-28 07:00:00,11.23,11.31,10.85,10.88,1015260
2020-10-29 07:00:00,10.74,10.88,10.33,10.88,1047070
2020-10-30 07:00:00,10.88,11.0,10.68,10.85,612030
2020-11-02 07:00:00,10.85,11.0,10.71,10.82,478150
2020-11-03 07:00:00,11.05,11.05,10.88,11.0,486540
2020-11-04 07:00:00,11.17,11.43,11.05,11.4,665920
2020-11-05 07:00:00,11.34,11.43,11.17,11.34,611130
2020-11-06 07:00:00,11.23,11.29,11.0,11.2,487440
2020-11-09 07:00:00,11.2,11.69,11.17,11.69,1819060
2020-11-10 07:00:00,11.86,11.89,11.66,11.69,781950
2020-11-11 07:00:00,11.69,11.86,11.66,11.81,708210
2020-11-12 07:00:00,11.81,11.83,11.66,11.78,569830
2020-11-13 07:00:00,11.78,12.12,11.78,11.89,2293060
2020-11-16 07:00:00,11.98,11.98,11.63,11.66,947880
2020-11-17 07:00:00,11.63,11.83,11.63,11.83,689690
2020-11-18 07:00:00,11.89,11.92,11.72,11.89,915860
2020-11-19 07:00:00,11.98,12.27,11.98,12.1,2484680
2020-11-20 07:00:00,12.15,12.27,11.98,12.07,599750
2020-11-23 07:00:00,12.16,12.27,11.98,12.1,740160
2020-11-24 07:00:00,12.04,12.16,11.83,12.01,1429340
2020-11-25 07:00:00,12.01,12.3,12.01,12.21,1542880
2020-11-26 07:00:00,12.24,12.63,12.24,12.51,1876940
2020-11-27 07:00:00,12.57,12.63,12.45,12.54,677270
2020-11-30 07:00:00,12.54,12.57,12.3,12.33,728570
2020-12-01 07:00:00,12.04,12.3,12.04,12.24,1380170
2020-12-02 07:00:00,12.27,12.48,12.24,12.42,1122910
2020-12-03 07:00:00,12.51,12.87,12.48,12.75,1694790
2020-12-04 07:00:00,12.78,12.84,12.54,12.57,1096820
2020-12-07 07:00:00,12.63,12.75,12.45,12.45,1077940
2020-12-08 07:00:00,12.6,12.63,12.33,12.42,1941170
2020-12-09 07:00:00,12.45,12.81,12.45,12.54,2283810
2020-12-10 07:00:00,12.54,12.72,12.51,12.51,1638930
2020-12-11 07:00:00,12.57,12.99,12.57,12.9,1920860
2020-12-14 07:00:00,12.96,13.4,12.93,13.28,1440340
2020-12-15 07:00:00,13.37,13.37,13.01,13.16,1887860
2020-12-16 07:00:00,13.1,13.22,12.93,13.1,1579150
2020-12-17 07:00:00,12.93,13.4,12.93,13.13,1314440
2020-12-18 07:00:00,13.28,13.28,13.1,13.19,1044750
2020-12-21 07:00:00,13.19,13.82,13.19,13.55,2074720
2020-12-22 07:00:00,13.52,13.73,13.28,13.61,1062720
2020-12-23 07:00:00,13.64,13.7,13.37,13.37,1131920
2020-12-24 07:00:00,13.46,13.46,12.63,13.01,1346000
2020-12-25 07:00:00,13.01,13.28,12.81,13.22,1000770
2020-12-28 07:00:00,13.46,13.46,13.07,13.22,957370
2020-12-29 07:00:00,13.28,13.64,13.22,13.46,1489420
2020-12-30 07:00:00,13.46,13.93,13.34,13.58,1059300
2020-12-31 07:00:00,13.58,13.76,13.52,13.61,506150
2021-01-04 07:00:00,13.76,13.93,13.58,13.64,1379200
2021-01-05 07:00:00,13.64,13.64,13.49,13.61,1314700
2021-01-06 07:00:00,13.9,13.9,13.49,13.52,931600
2021-01-07 07:00:00,13.52,13.64,13.43,13.46,856600
2021-01-08 07:00:00,13.7,13.85,13.58,13.76,1667500
2021-01-11 07:00:00,13.82,14.7,13.82,14.7,2345100
2021-01-12 07:00:00,15.0,15.42,14.82,15.12,1747600
2021-01-13 07:00:00,15.0,15.3,14.76,14.88,1490100
2021-01-14 07:00:00,14.76,14.91,14.47,14.88,1417700
2021-01-15 07:00:00,14.91,15.03,14.7,14.7,938600
2021-01-18 07:00:00,14.94,15.18,14.88,14.97,1566700
2021-01-19 07:00:00,15.0,15.12,13.93,14.02,1547900
2021-01-20 07:00:00,14.23,14.29,13.16,13.99,930000
2021-01-21 07:00:00,14.35,14.53,14.17,14.5,996200
2021-01-22 07:00:00,14.68,15.51,14.59,15.51,4101500
2021-01-25 07:00:00,16.13,16.57,15.86,16.57,3867000
2021-01-26 07:00:00,16.84,17.55,16.13,17.02,3677800
2021-01-27 07:00:00,16.37,16.9,15.83,16.37,2298300
2021-01-28 07:00:00,15.3,15.83,15.24,15.24,3133600
2021-01-29 07:00:00,14.88,16.01,14.47,15.42,2625800
2021-02-01 07:00:00,15.42,15.83,14.35,14.35,3684500
2021-02-02 07:00:00,14.35,15.12,13.93,14.94,1853300
2021-02-03 07:00:00,15.36,15.68,14.94,15.42,1823200
2021-02-04 07:00:00,15.42,16.31,15.12,16.01,2990000
2021-02-05 07:00:00,16.28,16.72,16.07,16.31,1732100
2021-02-08 07:00:00,16.31,16.48,15.21,15.89,2039600
2021-02-09 07:00:00,15.71,15.95,15.3,15.74,1772200
2021-02-17 07:00:00,15.98,16.28,15.77,16.22,1612900
2021-02-18 07:00:00,16.25,17.11,16.04,16.99,3362700
2021-02-19 07:00:00,16.72,17.34,16.66,16.99,2541000
2021-02-22 07:00:00,16.96,17.2,16.6,16.87,1619600
2021-02-23 07:00:00,16.84,17.05,16.6,16.81,2089200
2021-02-24 07:00:00,16.96,17.43,16.48,16.72,2467500
2021-02-25 07:00:00,16.72,16.96,16.22,16.54,2048000
2021-02-26 07:00:00,16.31,16.48,16.22,16.42,1948000
2021-03-01 07:00:00,16.48,16.96,16.42,16.96,2080800
2021-03-02 07:00:00,17.11,17.2,16.78,16.84,1615900
2021-03-03 07:00:00,16.84,16.84,16.6,16.66,1355100
2021-03-04 07:00:00,16.66,16.75,15.83,16.07,2551500
2021-03-05 07:00:00,15.83,16.01,15.53,15.95,2227300
2021-03-08 07:00:00,16.22,16.28,15.95,16.1,1480000
2021-03-09 07:00:00,16.1,16.1,15.65,16.01,1618400
2021-03-10 07:00:00,16.01,16.01,15.65,15.89,1246800
2021-03-11 07:00:00,16.1,16.75,15.92,16.72,2521600
2021-03-12 07:00:00,16.72,16.78,16.37,16.48,995400
2021-03-15 07:00:00,16.6,16.6,16.37,16.51,919400
2021-03-16 07:00:00,16.51,16.54,16.07,16.37,1253400
2021-03-17 07:00:00,16.37,16.42,16.13,16.28,1038900
2021-03-18 07:00:00,16.37,17.02,16.37,16.93,4684100
2021-03-19 07:00:00,16.93,17.91,16.87,17.79,4753800
2021-03-22 07:00:00,17.79,18.29,17.55,17.61,2266100
2021-03-23 07:00:00,17.43,17.61,17.02,17.46,1885800
2021-03-24 07:00:00,16.9,17.2,16.48,16.6,1956200
2021-03-25 07:00:00,16.69,16.84,16.42,16.72,1682500
2021-03-26 07:00:00,16.6,17.02,16.07,16.78,1754300
2021-03-29 07:00:00,17.08,17.43,16.84,17.34,1863700
2021-03-30 07:00:00,17.31,17.31,16.96,17.14,941100
2021-03-31 07:00:00,17.08,17.2,16.78,17.08,729600
2021-04-01 07:00:00,17.14,17.73,17.08,17.58,2859500
2021-04-02 07:00:00,17.7,17.88,17.22,17.52,1303900
2021-04-05 07:00:00,17.52,17.52,17.05,17.22,1134000
2021-04-06 07:00:00,17.08,17.43,16.96,17.22,1695500
2021-04-07 07:00:00,17.2,17.61,17.08,17.49,1123700
2021-04-08 07:00:00,17.55,17.58,17.05,17.28,1526900
2021-04-09 07:00:00,17.25,17.28,17.02,17.2,1843600
2021-04-12 07:00:00,17.2,17.28,16.9,17.2,1903000
2021-04-13 07:00:00,17.49,17.49,16.72,16.78,1734400
2021-04-14 07:00:00,16.48,16.84,16.48,16.72,1378500
2021-04-15 07:00:00,16.78,16.9,16.37,16.42,1597900
2021-04-16 07:00:00,16.31,16.6,15.83,16.31,1403300
2021-04-19 07:00:00,16.48,16.6,16.22,16.48,860200
2021-04-20 07:00:00,16.72,16.78,16.22,16.39,1128200
2021-04-22 07:00:00,16.31,16.31,15.65,15.65,1196500
2021-04-23 07:00:00,15.65,16.01,15.18,16.01,1221200
2021-04-26 07:00:00,16.07,16.13,15.56,15.59,647600
2021-04-27 07:00:00,15.42,15.89,15.3,15.53,640600
2021-04-28 07:00:00,15.59,15.86,15.59,15.68,482000
2021-04-29 07:00:00,15.77,15.89,15.53,15.62,393200
2021-05-04 07:00:00,15.24,15.59,15.24,15.42,633700
2021-05-05 07:00:00,15.3,15.86,15.3,15.71,954100
2021-05-06 07:00:00,15.71,16.28,15.71,16.01,1125700
2021-05-07 07:00:00,15.74,15.98,15.59,15.68,609500
2021-05-10 07:00:00,15.65,15.95,15.53,15.8,751000
2021-05-11 07:00:00,15.92,16.54,15.92,16.07,1976300
2021-05-12 07:00:00,16.07,16.54,16.07,16.37,1096700
2021-05-13 07:00:00,16.31,16.6,16.13,16.13,1259100
2021-05-14 07:00:00,16.16,16.28,16.01,16.19,830700
2021-05-17 07:00:00,16.22,16.31,15.77,15.89,963100
2021-05-18 07:00:00,15.77,15.89,15.45,15.53,1186500
2021-05-19 07:00:00,15.53,15.92,15.53,15.86,750200
2021-05-20 07:00:00,15.86,16.31,15.8,16.25,1067400
2021-05-21 07:00:00,16.25,16.54,16.16,16.25,1105600
2021-05-24 07:00:00,16.54,16.9,16.34,16.78,3487700
2021-05-25 07:00:00,16.9,16.96,16.6,16.69,1490300
2021-05-26 07:00:00,16.39,16.6,16.34,16.39,1365600
2021-05-27 07:00:00,16.37,16.78,16.04,16.31,1525300
2021-05-28 07:00:00,16.51,16.54,16.19,16.39,980600
2021-05-31 07:00:00,16.42,16.48,16.25,16.37,797100
2021-06-01 07:00:00,16.39,16.42,16.13,16.13,1088700
2021-06-02 07:00:00,16.04,16.37,16.01,16.34,1452800
2021-06-03 07:00:00,16.54,17.14,16.48,16.99,2488200
2021-06-04 07:00:00,16.93,17.37,16.93,17.14,2204500
2021-06-07 07:00:00,17.2,17.38,16.58,16.77,1488000
2021-06-08 07:00:00,16.58,16.89,15.97,15.97,1752300
2021-06-09 07:00:00,16.03,16.43,15.85,16.25,1669400
2021-06-10 07:00:00,16.06,16.43,15.94,16.4,1037700
2021-06-11 07:00:00,16.46,16.86,16.28,16.61,1881000
2021-06-14 07:00:00,16.71,16.89,16.46,16.77,1481300
2021-06-15 07:00:00,16.77,17.93,16.77,17.93,6252200
2021-06-16 07:00:00,18.43,18.61,17.93,17.93,2396800
2021-06-17 07:00:00,17.81,19.04,17.63,18.92,3255400
2021-06-18 07:00:00,18.92,19.35,18.4,18.61,2890000
2021-06-21 07:00:00,18.43,19.29,18.24,18.7,3442500
2021-06-22 07:00:00,18.73,19.04,17.97,18.06,2796400
2021-06-23 07:00:00,18.12,18.73,17.57,18.67,4039300
2021-06-24 07:00:00,18.98,18.98,18.18,18.4,2511900
2021-06-25 07:00:00,18.43,18.67,18.24,18.3,1229300
2021-06-28 07:00:00,18.36,18.92,18.33,18.67,2738100
2021-06-29 07:00:00,18.79,18.98,18.3,18.7,2415500
2021-06-30 07:00:00,18.79,18.86,18.49,18.58,1610400
2021-07-01 07:00:00,18.61,19.78,18.43,19.44,5373300
2021-07-02 07:00:00,19.29,19.47,19.1,19.16,1535900
2021-07-05 07:00:00,19.16,19.78,18.89,19.44,2592200
2021-07-06 07:00:00,19.44,19.78,18.09,18.09,2789700
2021-07-07 07:00:00,17.93,18.24,17.2,17.81,2604500
2021-07-08 07:00:00,17.81,17.84,17.07,17.14,4258900
2021-07-09 07:00:00,16.95,17.47,16.83,16.89,2267900
2021-07-12 07:00:00,16.89,17.07,15.88,16.46,2771400
2021-07-13 07:00:00,16.68,16.89,16.46,16.83,1290700
2021-07-14 07:00:00,16.95,16.95,16.03,16.52,915900
2021-07-15 07:00:00,16.46,17.01,16.46,16.89,880800
2021-07-16 07:00:00,16.92,17.5,16.83,17.23,1722800
2021-07-19 07:00:00,16.89,18.12,16.89,17.5,5215800
2021-07-20 07:00:00,17.63,17.93,17.32,17.63,1110100
2021-07-21 07:00:00,17.75,17.75,17.26,17.38,1281200
2021-07-22 07:00:00,17.44,17.97,17.32,17.87,2148700
2021-07-23 07:00:00,17.9,18.33,17.57,17.57,2791000
2021-07-26 07:00:00,17.5,18.24,17.47,18.18,2628200
2021-07-27 07:00:00,18.49,18.73,18.21,18.3,1952600
2021-07-28 07:00:00,18.12,18.43,17.93,18.06,1489200
2021-07-29 07:00:00,18.06,18.27,18.0,18.15,1288600
2021-07-30 07:00:00,18.24,18.7,18.15,18.4,2854000
2021-08-02 07:00:00,18.3,19.32,18.21,18.98,4393700
2021-08-03 07:00:00,19.04,19.29,18.73,19.04,2330600
2021-08-04 07:00:00,19.1,19.22,18.76,19.01,2132600
2021-08-05 07:00:00,19.01,20.33,18.82,20.33,6938800
2021-08-06 07:00:00,20.7,20.79,20.33,20.33,2879900
2021-08-09 07:00:00,20.27,21.13,20.15,20.94,2464400
2021-08-10 07:00:00,20.97,21.25,20.61,21.25,4471500
2021-08-11 07:00:00,21.28,21.87,20.51,20.51,4134300
2021-08-12 07:00:00,20.39,21.16,20.39,20.67,2452500
2021-08-13 07:00:00,20.58,21.01,19.96,21.01,3365100
2021-08-16 07:00:00,21.16,22.08,21.07,21.31,3919700
2021-08-17 07:00:00,21.37,21.37,20.7,21.07,2344900
2021-08-18 07:00:00,20.94,21.62,20.88,21.31,2161000
2021-08-19 07:00:00,21.31,21.77,21.19,21.71,2628200
2021-08-20 07:00:00,21.71,21.96,20.21,20.58,4514400
2021-08-23 07:00:00,20.51,20.51,19.16,19.16,4224200
2021-08-24 07:00:00,18.95,19.65,18.52,19.35,2900200
2021-08-25 07:00:00,19.41,19.84,19.16,19.84,1223700
2021-08-26 07:00:00,19.93,20.21,19.56,19.65,2626200
2021-08-27 07:00:00,19.35,20.88,19.16,20.88,3844000
2021-08-30 07:00:00,20.97,21.34,20.7,21.25,2843100
2021-08-31 07:00:00,21.25,21.68,20.94,21.31,3478000
2021-09-01 07:00:00,21.19,22.42,20.94,22.3,4358900
2021-09-06 07:00:00,22.6,22.66,22.23,22.26,2302400
2021-09-07 07:00:00,22.11,22.14,21.47,21.56,3098700
2021-09-08 07:00:00,21.44,21.56,20.88,21.13,2535600
2021-09-09 07:00:00,21.16,21.99,21.13,21.87,1542500
2021-09-10 07:00:00,21.93,21.93,21.5,21.62,1166500
2021-09-13 07:00:00,21.5,22.11,21.19,21.37,1805100
2021-09-14 07:00:00,21.19,21.62,20.97,21.07,1363000
2021-09-15 07:00:00,20.97,21.5,20.82,21.37,1578000
2021-09-16 07:00:00,21.4,21.74,21.07,21.5,1657300
2021-09-17 07:00:00,21.74,21.8,21.34,21.5,1870600
2021-09-20 07:00:00,21.5,21.53,20.27,20.27,3698400
2021-09-21 07:00:00,20.21,20.27,19.68,20.08,2443000
2021-09-22 07:00:00,20.15,20.88,20.02,20.73,1757500
2021-09-23 07:00:00,20.82,20.94,20.33,20.39,1306500
2021-09-24 07:00:00,20.39,20.58,19.96,19.96,1603100
2021-09-27 07:00:00,20.05,20.05,19.04,19.1,2438600
2021-09-28 07:00:00,19.04,19.5,18.79,19.32,1300300
2021-09-29 07:00:00,19.29,19.81,19.19,19.78,1228800
2021-09-30 07:00:00,19.78,20.08,19.72,19.78,905700
2021-10-01 07:00:00,19.65,19.84,19.35,19.53,977000
2021-10-04 07:00:00,19.47,20.27,19.22,20.05,1393300
2021-10-05 07:00:00,20.05,20.21,19.96,20.11,1096400
2021-10-06 07:00:00,20.15,20.73,20.15,20.7,1751900
2021-10-07 07:00:00,20.88,21.22,20.73,20.91,2479000
2021-10-08 07:00:00,20.91,21.04,20.39,20.45,1371600
2021-10-11 07:00:00,20.27,20.73,20.27,20.45,1296500
2021-10-12 07:00:00,20.45,20.58,20.27,20.33,1423900
2021-10-13 07:00:00,20.45,20.58,20.33,20.51,1133700
2021-10-14 07:00:00,20.7,21.25,20.58,21.13,2696000
2021-10-15 07:00:00,21.28,21.31,20.64,21.01,1400500
2021-10-18 07:00:00,20.58,20.76,19.78,19.78,4286900
2021-10-19 07:00:00,19.81,19.81,19.35,19.53,2137000
2021-10-20 07:00:00,19.53,19.9,19.41,19.84,1393300
2021-10-21 07:00:00,19.84,19.96,19.47,19.5,1263600
2021-10-22 07:00:00,19.53,19.78,19.41,19.59,1168200
2021-10-25 07:00:00,19.72,20.39,19.65,20.15,1941900
2021-10-26 07:00:00,20.05,20.27,19.9,20.05,790700
2021-10-27 07:00:00,20.02,20.33,20.02,20.11,1228800
2021-10-28 07:00:00,20.08,20.7,19.9,20.51,2175000
2021-10-29 07:00:00,20.7,20.7,20.21,20.27,1597400
2021-11-01 07:00:00,20.27,21.1,20.02,20.91,3707500
2021-11-02 07:00:00,21.19,21.37,20.94,20.97,2453900
2021-11-03 07:00:00,20.97,21.19,20.3,20.36,2786500
2021-11-04 07:00:00,20.27,20.61,19.9,20.11,1451200
2021-11-05 07:00:00,20.27,21.01,19.96,20.88,3558600
2021-11-08 07:00:00,21.19,22.2,20.88,22.02,5350800
2021-11-09 07:00:00,21.96,22.02,21.56,21.74,1802800
2021-11-10 07:00:00,21.56,22.42,21.56,22.36,3773800
2021-11-11 07:00:00,22.36,22.91,22.23,22.57,5170600
2021-11-12 07:00:00,22.57,23.0,22.3,22.97,3082000
2021-11-15 07:00:00,23.09,23.28,22.42,22.6,2931700
2021-11-16 07:00:00,22.6,22.73,21.87,22.23,3086800
2021-11-17 07:00:00,22.11,23.28,21.9,23.03,2742100
2021-11-18 07:00:00,23.03,23.62,23.03,23.28,2444900
2021-11-19 07:00:00,23.4,23.46,21.65,21.65,3987200
2021-11-22 07:00:00,21.34,21.71,20.27,20.42,2763200
2021-11-23 07:00:00,20.42,21.16,20.42,21.13,1387600
2021-11-24 07:00:00,21.47,21.47,20.82,20.94,2056400
2021-11-25 07:00:00,20.88,21.44,20.67,21.44,2096700
2021-11-26 07:00:00,21.5,21.5,20.88,20.91,1644700
2021-11-29 07:00:00,20.58,21.44,20.36,21.25,1477200
2021-11-30 07:00:00,21.28,22.08,21.25,21.71,2511200
2021-12-01 07:00:00,21.71,21.99,21.65,21.77,1130100
2021-12-02 07:00:00,21.77,22.33,21.53,21.99,1837700
2021-12-03 07:00:00,22.08,22.08,21.01,21.01,1537400
2021-12-06 07:00:00,20.94,21.28,20.08,20.39,1647200
2021-12-07 07:00:00,20.67,20.85,20.21,20.85,1309100
2021-12-08 07:00:00,20.94,21.07,20.7,20.91,742500
2021-12-09 07:00:00,20.76,21.31,20.76,21.19,761200
2021-12-10 07:00:00,21.22,21.4,20.91,20.91,755100
2021-12-13 07:00:00,21.19,21.19,20.88,21.01,892200
2021-12-14 07:00:00,21.25,21.47,21.01,21.13,1255600
2021-12-15 07:00:00,21.16,21.44,20.91,21.13,753900
2021-12-16 07:00:00,21.19,21.28,20.94,20.97,1176400
2021-12-17 07:00:00,21.13,21.13,20.57,20.82,1715700
2021-12-20 07:00:00,20.85,20.85,20.57,20.6,1235100
2021-12-21 07:00:00,20.6,21.07,20.32,20.66,1229200
2021-12-22 07:00:00,20.66,21.1,20.63,20.76,1231900
2021-12-23 07:00:00,20.79,20.94,20.13,20.32,971200
2021-12-24 07:00:00,20.51,20.57,20.16,20.23,710700
2021-12-27 07:00:00,20.26,20.41,19.88,20.13,1248100
2021-12-28 07:00:00,20.13,20.48,19.7,20.32,1760100
2021-12-29 07:00:00,20.51,20.73,20.32,20.32,498600
2021-12-30 07:00:00,20.26,20.57,20.26,20.35,548300
2021-12-31 07:00:00,20.38,20.51,20.23,20.35,789700
2022-01-04 07:00:00,20.48,20.91,20.38,20.91,1342200
2022-01-05 07:00:00,21.04,21.04,20.6,20.85,1230300
2022-01-06 07:00:00,20.69,20.69,20.44,20.51,873700
2022-01-07 07:00:00,20.51,20.82,20.23,20.69,1209400
2022-01-10 07:00:00,20.91,20.94,20.04,20.04,1189900
2022-01-11 07:00:00,20.04,20.23,19.82,19.88,897900
2022-01-12 07:00:00,19.88,19.95,18.95,19.32,1315000
2022-01-13 07:00:00,19.45,19.76,19.2,19.23,768400
2022-01-14 07:00:00,19.01,19.39,18.89,19.01,905700
2022-01-17 07:00:00,19.2,19.32,17.83,17.83,1335000
2022-01-18 07:00:00,17.95,17.98,17.14,17.48,956600
2022-01-19 07:00:00,17.8,18.05,17.58,17.83,521500
2022-01-20 07:00:00,17.86,18.29,17.83,18.2,369100
2022-01-21 07:00:00,18.26,18.33,17.8,17.89,731900
2022-01-24 07:00:00,17.76,17.8,16.83,16.83,735400
2022-01-25 07:00:00,16.89,17.27,16.64,17.2,551200
2022-01-26 07:00:00,17.45,17.64,17.3,17.45,413100
2022-01-27 07:00:00,17.45,17.64,17.39,17.48,212300
2022-01-28 07:00:00,17.52,17.7,17.45,17.52,254100
2022-02-07 07:00:00,17.95,18.33,17.76,18.26,381800
2022-02-08 07:00:00,18.08,18.95,18.08,18.76,695500
2022-02-09 07:00:00,18.76,19.17,18.64,18.95,602800
2022-02-10 07:00:00,18.95,19.04,18.82,19.01,293000
2022-02-11 07:00:00,18.95,19.23,18.82,19.14,641000
2022-02-14 07:00:00,18.86,19.01,18.7,18.7,549000
2022-02-15 07:00:00,18.54,18.79,18.51,18.64,438400
2022-02-16 07:00:00,18.76,19.2,18.76,19.2,509200
2022-02-17 07:00:00,19.45,19.82,19.32,19.57,696100
2022-02-18 07:00:00,19.42,19.63,19.35,19.6,585600
2022-02-21 07:00:00,19.6,19.7,19.32,19.45,495300
2022-02-22 07:00:00,19.32,19.45,18.95,19.45,784000
2022-02-23 07:00:00,19.2,19.54,19.2,19.45,584400
2022-02-24 07:00:00,19.45,19.51,18.76,19.32,881200
2022-02-25 07:00:00,19.42,20.01,19.39,19.85,1114100
2022-02-28 07:00:00,19.79,20.44,19.73,20.16,859800
2022-03-01 07:00:00,20.16,20.23,19.98,20.16,466000
2022-03-02 07:00:00,19.98,20.04,19.82,19.85,776000
2022-03-03 07:00:00,19.73,20.1,18.7,20.07,1361600
2022-03-04 07:00:00,20.26,20.44,20.07,20.44,1123200
2022-03-07 07:00:00,20.41,20.88,20.13,20.51,780900
2022-03-08 07:00:00,20.23,21.16,20.23,20.94,2436400
2022-03-09 07:00:00,20.94,21.44,20.94,21.32,1958000
2022-03-10 07:00:00,21.19,21.26,20.88,20.94,638000
2022-03-11 07:00:00,20.85,20.85,20.07,20.85,1076400
2022-03-14 07:00:00,20.57,20.63,20.01,20.32,1127300
2022-03-15 07:00:00,20.32,20.32,19.82,20.01,671000
2022-03-16 07:00:00,20.32,20.35,20.01,20.35,438600
2022-03-17 07:00:00,20.51,21.41,20.41,21.16,1507400
2022-03-18 07:00:00,21.16,21.19,20.79,20.88,516200
2022-03-21 07:00:00,20.51,20.88,20.44,20.69,986000
2022-03-22 07:00:00,20.88,20.88,20.38,20.44,985100
2022-03-23 07:00:00,20.44,20.76,20.32,20.38,682600
2022-03-24 07:00:00,20.54,20.69,20.13,20.69,905000
2022-03-25 07:00:00,20.88,21.01,20.76,20.82,815400
2022-03-28 07:00:00,20.57,20.79,20.01,20.32,704600
2022-03-29 07:00:00,20.48,21.35,20.26,21.19,1898100
2022-03-30 07:00:00,21.16,22.07,21.07,21.44,2122400
2022-03-31 07:00:00,21.69,22.75,21.54,22.13,2852000
2022-04-01 07:00:00,21.82,22.44,21.6,22.19,1501000
2022-04-04 07:00:00,22.41,22.56,21.88,22.35,1729000
2022-04-05 07:00:00,22.13,22.41,21.91,21.91,1053700
2022-04-06 07:00:00,21.82,22.44,21.54,22.25,1547600
2022-04-07 07:00:00,22.31,23.19,22.25,22.44,3149600
2022-04-08 07:00:00,22.44,22.72,21.07,21.47,1062300
2022-04-12 07:00:00,21.47,21.78,21.13,21.16,845200
2022-04-13 07:00:00,21.07,21.16,20.07,21.13,1771500
2022-04-14 07:00:00,21.38,22.07,21.1,21.6,809600
2022-04-15 07:00:00,21.78,22.41,21.26,22.0,1843500
2022-04-18 07:00:00,22.0,23.37,21.91,23.37,5536800
2022-04-19 07:00:00,23.69,24.25,22.44,22.75,3362800
2022-04-20 07:00:00,22.56,23.22,21.16,21.16,1929200
2022-04-21 07:00:00,20.57,22.0,19.95,20.26,3104700
2022-04-22 07:00:00,20.35,20.82,18.86,19.07,4386000
2022-04-25 07:00:00,19.32,19.32,17.83,17.83,2172300
2022-04-26 07:00:00,17.45,19.07,17.45,19.07,1201100
2022-04-27 07:00:00,19.29,19.76,19.01,19.73,770100
2022-04-28 07:00:00,19.45,20.01,19.45,19.95,906400
2022-04-29 07:00:00,19.95,20.26,19.79,20.2,694900
2022-05-04 07:00:00,19.98,20.44,19.82,20.13,807200
2022-05-05 07:00:00,20.1,20.26,19.82,20.16,883200
2022-05-06 07:00:00,19.63,19.95,19.17,19.26,726500
2022-05-09 07:00:00,19.26,19.26,17.92,17.92,888800
2022-05-10 07:00:00,17.89,18.7,17.33,18.7,607100
2022-05-11 07:00:00,18.7,18.92,18.33,18.86,281000
2022-05-12 07:00:00,18.82,18.82,17.55,17.55,589000
2022-05-13 07:00:00,17.55,17.64,16.33,16.33,913100
2022-05-16 07:00:00,17.33,17.33,15.58,16.52,587500
2022-05-17 07:00:00,16.24,17.67,16.24,17.67,421100
2022-05-18 07:00:00,17.67,18.01,17.58,17.86,253700
2022-05-19 07:00:00,17.27,17.67,17.27,17.58,264400
2022-05-20 07:00:00,17.58,18.08,17.52,17.89,324800
2022-05-23 07:00:00,17.89,18.39,17.64,18.01,298800
2022-05-24 07:00:00,18.01,18.01,17.2,18.01,282900
2022-05-25 07:00:00,18.01,18.51,17.86,18.33,422500
2022-05-26 07:00:00,18.45,19.14,18.36,19.14,505800
2022-05-27 07:00:00,18.7,19.26,18.7,18.79,332200
2022-05-30 07:00:00,19.01,19.2,18.64,18.98,393600
2022-05-31 07:00:00,18.79,19.14,18.79,18.95,388700
2022-06-01 07:00:00,19.14,19.21,18.56,18.95,244800
2022-06-02 07:00:00,18.95,19.27,18.69,18.82,331200
2022-06-03 07:00:00,18.62,19.14,18.62,18.75,207800
2022-06-06 07:00:00,18.82,19.92,18.82,19.21,977300
2022-06-07 07:00:00,19.44,20.12,18.88,19.82,571800
2022-06-08 07:00:00,20.15,20.9,19.82,20.57,1271900
2022-06-09 07:00:00,20.38,20.64,20.31,20.44,233300
2022-06-10 07:00:00,20.31,20.44,19.82,19.82,714900
2022-06-13 07:00:00,18.82,19.37,18.46,18.46,988500
2022-06-14 07:00:00,17.85,18.82,17.85,18.82,516100
2022-06-15 07:00:00,18.49,18.79,18.11,18.4,479900
2022-06-16 07:00:00,18.56,18.95,18.56,18.62,260800
2022-06-17 07:00:00,18.17,18.72,17.91,18.59,481300
2022-06-20 07:00:00,18.59,18.72,17.85,17.85,369900
2022-06-21 07:00:00,17.85,18.36,17.16,17.2,365400
2022-06-22 07:00:00,17.52,17.59,17.2,17.29,306900
2022-06-23 07:00:00,17.29,17.62,17.29,17.52,230500
2022-06-24 07:00:00,17.81,17.94,17.62,17.62,206600
2022-06-27 07:00:00,17.85,18.04,17.59,17.98,174300
2022-06-28 07:00:00,17.98,18.3,17.78,18.23,548900
2022-06-29 07:00:00,18.01,18.17,17.62,17.81,617700
2022-06-30 07:00:00,17.85,17.94,17.39,17.65,633200
2022-07-01 07:00:00,17.62,17.91,17.1,17.85,546200
2022-07-04 07:00:00,17.85,17.94,17.72,17.85,246600
2022-07-05 07:00:00,17.85,17.88,17.33,17.39,226900
2022-07-06 07:00:00,16.94,17.39,16.87,17.07,219600
2022-07-07 07:00:00,17.13,17.26,17.0,17.13,158000
2022-07-08 07:00:00,17.39,17.59,17.29,17.52,280800
2022-07-11 07:00:00,17.81,17.81,17.2,17.52,175000
2022-07-12 07:00:00,17.39,18.04,17.39,17.94,312400
2022-07-13 07:00:00,17.98,18.17,17.85,17.88,287200
2022-07-14 07:00:00,17.88,17.94,17.68,17.91,144700
2022-07-15 07:00:00,18.01,18.17,17.98,18.04,500200
2022-07-18 07:00:00,18.04,18.43,18.04,18.23,347400
2022-07-19 07:00:00,18.36,18.36,17.91,18.14,194500
2022-07-20 07:00:00,18.2,18.43,18.11,18.17,415000
2022-07-21 07:00:00,18.17,18.2,17.98,18.17,368800
2022-07-22 07:00:00,18.04,18.3,17.81,17.91,442800
2022-07-25 07:00:00,17.91,18.04,17.59,17.62,285900
2022-07-26 07:00:00,17.55,17.78,17.55,17.62,403700
2022-07-27 07:00:00,17.62,17.68,17.52,17.62,102400
2022-07-28 07:00:00,17.81,17.91,17.59,17.85,725200
2022-07-29 07:00:00,17.91,18.07,17.81,17.98,282800
2022-08-01 07:00:00,17.98,18.62,17.85,18.62,853800
2022-08-02 07:00:00,18.43,18.69,18.4,18.56,592900
2022-08-03 07:00:00,18.62,18.79,18.43,18.75,417600
2022-08-04 07:00:00,18.82,18.82,18.43,18.59,558000
2022-08-05 07:00:00,18.69,18.79,18.36,18.59,353000
2022-08-08 07:00:00,18.56,19.14,18.56,19.14,526600
2022-08-09 07:00:00,18.95,19.21,18.95,19.05,341000
2022-08-10 07:00:00,18.95,18.98,18.75,18.88,396100
2022-08-11 07:00:00,18.98,19.11,18.75,19.08,475000
2022-08-12 07:00:00,19.08,19.18,18.82,19.08,417400
2022-08-15 07:00:00,19.34,19.66,19.14,19.34,797200
2022-08-16 07:00:00,19.4,19.99,19.4,19.73,1002400
2022-08-17 07:00:00,19.76,19.89,19.4,19.47,616000
2022-08-18 07:00:00,19.47,19.53,19.27,19.47,346500
2022-08-19 07:00:00,19.27,19.53,19.21,19.34,486700
2022-08-22 07:00:00,18.95,19.53,18.95,19.24,302000
2022-08-23 07:00:00,19.08,19.92,19.08,19.82,794300
2022-08-24 07:00:00,19.82,20.02,19.7,19.82,451900
2022-08-25 07:00:00,19.82,20.02,19.79,19.82,578100
2022-08-26 07:00:00,19.82,19.86,19.5,19.5,393400
2022-08-29 07:00:00,19.24,19.27,18.82,19.27,1059300
2022-08-30 07:00:00,19.27,20.12,19.24,19.73,719100
2022-08-31 07:00:00,19.73,19.73,19.47,19.57,389000
2022-09-05 07:00:00,19.5,19.89,19.47,19.57,529800
2022-09-06 07:00:00,19.66,19.73,19.47,19.66,421500
2022-09-07 07:00:00,19.7,20.64,19.66,19.66,2811100
2022-09-08 07:00:00,19.86,20.51,19.86,20.12,1451300
2022-09-09 07:00:00,20.12,20.41,19.89,20.34,661700
2022-09-12 07:00:00,20.47,20.7,20.25,20.38,910500
2022-09-13 07:00:00,20.54,20.54,19.89,20.08,966800
2022-09-14 07:00:00,19.66,20.05,19.66,19.92,902600
2022-09-15 07:00:00,20.05,20.08,19.82,19.86,605100
2022-09-16 07:00:00,19.89,19.89,19.34,19.47,831100
2022-09-19 07:00:00,19.5,19.53,18.95,19.01,860400
2022-09-20 07:00:00,19.08,19.79,19.05,19.79,547500
2022-09-21 07:00:00,19.6,19.79,19.53,19.7,274800
2022-09-22 07:00:00,19.44,20.67,19.44,20.67,2475300
2022-09-23 07:00:00,20.67,20.73,20.18,20.18,835600
2022-09-26 07:00:00,19.86,20.57,19.34,20.25,1548800
2022-09-27 07:00:00,20.25,20.34,19.63,19.63,782200
2022-09-28 07:00:00,19.53,19.89,18.27,18.3,1822500
2022-09-29 07:00:00,18.59,18.92,17.85,17.91,1028300
2022-09-30 07:00:00,18.17,18.3,17.16,18.3,1123700
2022-10-03 07:00:00,18.17,18.17,17.07,17.07,987300
2022-10-04 07:00:00,17.42,17.59,17.03,17.13,649200
2022-10-05 07:00:00,17.68,17.91,17.39,17.62,448200
2022-10-06 07:00:00,17.62,17.62,16.94,17.03,644500
2022-10-07 07:00:00,16.74,17.0,15.87,15.87,1149300
2022-10-10 07:00:00,15.57,16.35,15.31,16.22,588800
2022-10-11 07:00:00,16.29,16.35,15.25,15.44,769600
2022-10-12 07:00:00,15.44,16.19,15.44,16.03,396700
2022-10-13 07:00:00,16.09,16.26,15.83,16.26,323500
2022-10-14 07:00:00,16.42,16.68,16.42,16.61,404200
2022-10-17 07:00:00,16.65,17.2,16.35,17.2,682800
2022-10-18 07:00:00,17.26,17.52,17.0,17.2,483900
2022-10-19 07:00:00,17.26,17.26,16.87,16.9,454800
2022-10-20 07:00:00,16.77,17.0,16.55,16.84,265100
2022-10-21 07:00:00,16.81,16.81,15.67,15.67,700000
2022-10-24 07:00:00,15.77,16.22,14.83,14.86,352100
2022-10-25 07:00:00,14.93,15.64,13.98,14.93,249600
2022-10-26 07:00:00,14.96,15.31,14.63,15.12,223400
2022-10-27 07:00:00,15.25,15.54,14.99,15.44,663500
2022-10-28 07:00:00,15.57,15.7,15.38,15.51,227500
2022-10-31 07:00:00,15.7,15.7,14.44,15.02,405300
2022-11-01 07:00:00,15.06,15.22,14.73,14.73,327300
2022-11-02 07:00:00,14.8,15.19,14.8,14.99,245500
2022-11-03 07:00:00,14.96,14.99,14.6,14.86,203600
2022-11-04 07:00:00,14.5,14.67,14.02,14.02,635800
2022-11-07 07:00:00,14.02,14.02,13.04,13.04,656900
2022-11-08 07:00:00,12.95,13.11,12.78,13.01,263000
2022-11-09 07:00:00,13.01,13.43,12.98,13.14,203300
2022-11-10 07:00:00,12.85,12.98,12.23,12.23,482800
2022-11-11 07:00:00,12.26,12.39,11.75,12.01,507500
2022-11-14 07:00:00,11.39,12.07,11.29,11.91,538800
2022-11-15 07:00:00,11.62,11.71,11.1,11.1,1272600
2022-11-16 07:00:00,10.48,11.84,10.45,11.84,841700
2022-11-17 07:00:00,12.2,12.39,11.97,12.07,414500
2022-11-18 07:00:00,12.2,12.2,11.36,12.14,432200
2022-11-21 07:00:00,12.2,12.56,12.14,12.33,181700
2022-11-22 07:00:00,12.33,12.69,12.26,12.3,373300
2022-11-23 07:00:00,12.3,12.59,12.26,12.39,210100
2022-11-24 07:00:00,12.26,12.39,12.14,12.39,127400
2022-11-25 07:00:00,12.49,12.59,12.36,12.59,211400
2022-11-28 07:00:00,12.78,13.37,12.75,13.24,395700
2022-11-29 07:00:00,13.37,13.37,12.88,13.24,460600
2022-11-30 07:00:00,13.24,13.3,13.01,13.27,401400
2022-12-01 07:00:00,13.4,14.05,13.27,13.6,481300
2022-12-02 07:00:00,13.6,13.76,13.3,13.69,268000
2022-12-05 07:00:00,13.95,14.28,13.6,13.95,695700
2022-12-06 07:00:00,13.85,14.41,13.53,13.66,650300
2022-12-07 07:00:00,13.63,13.92,13.47,13.66,301500
2022-12-08 07:00:00,13.79,14.15,13.66,13.82,266800
2022-12-09 07:00:00,13.89,13.92,13.6,13.92,201900
2022-12-12 07:00:00,13.95,14.24,13.63,13.63,257100
2022-12-13 07:00:00,13.89,13.89,13.53,13.89,174700
2022-12-14 07:00:00,14.21,14.21,13.66,13.82,181900
2022-12-15 07:00:00,13.69,14.08,13.69,14.08,293300
2022-12-16 07:00:00,14.02,14.05,13.89,13.95,178600
2022-12-19 07:00:00,13.95,14.11,13.82,13.82,202200
2022-12-20 07:00:00,13.82,13.92,13.14,13.53,437200
2022-12-21 07:00:00,13.63,13.63,13.01,13.37,176100
2022-12-22 07:00:00,13.24,13.6,13.21,13.5,98500
2022-12-23 07:00:00,13.5,13.56,13.34,13.5,93200
2022-12-26 07:00:00,13.43,13.63,13.11,13.11,216700
2022-12-27 07:00:00,13.11,13.37,13.11,13.37,79600
2022-12-28 07:00:00,13.37,13.4,13.21,13.4,84200
2022-12-29 07:00:00,13.4,13.4,13.24,13.37,56500
2022-12-30 07:00:00,13.47,13.47,13.27,13.37,112800
2023-01-03 07:00:00,13.37,14.05,13.3,13.95,287900
2023-01-04 07:00:00,13.95,13.98,13.69,13.82,160300
2023-01-05 07:00:00,13.76,13.95,13.63,13.89,232700
2023-01-06 07:00:00,14.02,14.54,13.95,14.08,485900
2023-01-09 07:00:00,14.28,14.34,14.02,14.02,152000
2023-01-10 07:00:00,14.15,14.15,13.82,13.98,128200
2023-01-11 07:00:00,14.15,14.42,14.05,14.38,278300
2023-01-12 07:00:00,14.45,14.52,14.18,14.22,136500
2023-01-13 07:00:00,14.38,14.38,14.15,14.25,183900
2023-01-16 07:00:00,14.25,14.35,14.08,14.28,113300
2023-01-17 07:00:00,14.45,14.45,14.22,14.32,188700
2023-01-18 07:00:00,14.48,14.75,14.32,14.75,309400
2023-01-19 07:00:00,14.78,14.95,14.65,14.88,274700
2023-01-27 07:00:00,14.98,15.41,14.95,15.31,332600
2023-01-30 07:00:00,15.35,15.35,15.01,15.08,276500
2023-01-31 07:00:00,15.08,15.41,14.88,15.41,289300
2023-02-01 07:00:00,15.41,15.41,14.58,14.58,311700
2023-02-02 07:00:00,14.58,14.75,14.38,14.55,148500
2023-02-03 07:00:00,14.65,15.11,14.62,15.08,369300
2023-02-06 07:00:00,15.08,15.18,14.88,15.08,75600
2023-02-07 07:00:00,15.05,15.08,14.62,14.68,116700
2023-02-08 07:00:00,14.68,14.95,14.52,14.85,173900
2023-02-09 07:00:00,14.85,15.18,14.85,15.01,81800
2023-02-10 07:00:00,15.01,15.08,14.55,14.55,116200
2023-02-13 07:00:00,14.55,14.81,14.22,14.48,170100
2023-02-14 07:00:00,14.62,14.88,14.42,14.88,137000
2023-02-15 07:00:00,14.85,14.95,14.75,14.85,74100
2023-02-16 07:00:00,14.95,15.68,14.88,15.61,607600
2023-02-17 07:00:00,15.61,15.61,15.28,15.28,182300
2023-02-20 07:00:00,15.48,15.68,15.35,15.55,255900
2023-02-21 07:00:00,15.58,16.08,15.58,15.68,441900
2023-02-22 07:00:00,15.61,15.68,15.28,15.28,270400
2023-02-23 07:00:00,15.28,15.28,14.81,15.21,302400
2023-02-24 07:00:00,15.28,15.28,14.88,14.91,75300
2023-02-27 07:00:00,14.88,14.88,14.55,14.55,174400
2023-02-28 07:00:00,14.58,14.88,14.58,14.78,89500
2023-03-01 07:00:00,14.95,15.21,14.88,15.21,162900
2023-03-02 07:00:00,15.21,15.35,14.68,15.08,28400
2023-03-03 07:00:00,15.08,15.21,14.75,14.75,54500
2023-03-06 07:00:00,14.78,15.01,14.68,14.75,109600
2023-03-07 07:00:00,14.75,14.85,14.62,14.78,96600
2023-03-08 07:00:00,14.62,14.95,14.62,14.95,84700
2023-03-09 07:00:00,14.95,15.11,14.78,15.08,215700
2023-03-10 07:00:00,14.95,14.95,14.68,14.88,152500
2023-03-13 07:00:00,14.78,14.81,14.68,14.81,58000
2023-03-14 07:00:00,14.81,14.81,14.48,14.48,273600
2023-03-15 07:00:00,14.81,14.95,14.65,14.95,125900
2023-03-16 07:00:00,14.81,14.88,14.65,14.88,97000
2023-03-17 07:00:00,14.88,14.88,14.72,14.81,51500
2023-03-20 07:00:00,14.81,14.81,14.42,14.45,93200
2023-03-21 07:00:00,14.48,14.58,14.42,14.58,83700
2023-03-22 07:00:00,14.58,14.58,14.48,14.52,32500
2023-03-23 07:00:00,14.45,14.55,14.38,14.55,50200
2023-03-24 07:00:00,14.55,14.58,14.32,14.58,54200
2023-03-27 07:00:00,14.58,14.72,14.55,14.72,49300
2023-03-28 07:00:00,14.72,14.75,14.62,14.68,59400
2023-03-29 07:00:00,14.68,14.68,14.35,14.62,87500
2023-03-30 07:00:00,14.55,14.62,14.42,14.55,102400
2023-03-31 07:00:00,14.55,14.58,14.42,14.55,61200
2023-04-03 07:00:00,14.55,14.85,14.55,14.78,263300
2023-04-04 07:00:00,14.78,15.08,14.78,14.98,358200
2023-04-05 07:00:00,14.95,15.05,14.78,14.91,248000
2023-04-06 07:00:00,15.05,15.05,14.75,14.81,342700
2023-04-07 07:00:00,14.81,14.88,14.68,14.68,280500
2023-04-10 07:00:00,14.91,14.91,14.48,14.48,345300
2023-04-11 07:00:00,14.62,14.68,14.35,14.62,188500
2023-04-12 07:00:00,14.58,14.68,14.35,14.38,442800
2023-04-13 07:00:00,14.52,14.52,14.32,14.38,232500
2023-04-14 07:00:00,14.48,14.48,13.75,13.82,944000
2023-04-17 07:00:00,13.82,13.85,13.62,13.75,162800
2023-04-18 07:00:00,13.75,14.02,13.75,14.02,109100
2023-04-19 07:00:00,13.95,13.98,13.75,13.75,238400
2023-04-20 07:00:00,13.75,13.82,13.69,13.75,131300
2023-04-21 07:00:00,13.75,13.75,13.49,13.49,367400
2023-04-24 07:00:00,13.42,13.49,13.29,13.42,259500
2023-04-25 07:00:00,13.45,13.65,13.39,13.45,180600
2023-04-26 07:00:00,13.49,13.55,13.32,13.42,226200
2023-04-27 07:00:00,13.69,13.69,13.45,13.45,401600
2023-04-28 07:00:00,13.49,13.92,13.45,13.88,381000
2023-05-04 07:00:00,13.62,13.98,13.62,13.98,368800
2023-05-05 07:00:00,13.98,14.08,13.88,13.92,176600
2023-05-08 07:00:00,13.95,14.02,13.82,13.82,223500
2023-05-09 07:00:00,13.85,14.02,13.82,13.98,366100
2023-05-10 07:00:00,13.92,14.18,13.92,14.18,279700
2023-05-11 07:00:00,14.15,14.22,14.12,14.18,287400
2023-05-12 07:00:00,14.22,14.45,14.15,14.28,545800
2023-05-15 07:00:00,14.28,14.28,13.95,13.95,441600
2023-05-16 07:00:00,13.98,14.15,13.92,14.02,384100
2023-05-17 07:00:00,14.08,14.08,13.95,13.98,199800
2023-05-18 07:00:00,14.05,14.05,13.92,13.95,256400
2023-05-19 07:00:00,13.95,13.95,13.88,13.95,219600
2023-05-22 07:00:00,13.98,14.22,13.95,14.15,322900
2023-05-23 07:00:00,14.25,14.25,14.02,14.15,340400
2023-05-24 07:00:00,14.15,14.15,14.02,14.02,245100
2023-05-25 07:00:00,14.02,14.15,13.98,14.12,271000
2023-05-26 07:00:00,14.15,14.18,14.12,14.18,163100
2023-05-29 07:00:00,14.32,14.35,14.18,14.25,405400
2023-05-30 07:00:00,14.25,14.58,14.22,14.58,750000
2023-05-31 07:00:00,14.62,14.72,14.38,14.48,555400
2023-06-01 07:00:00,14.38,14.62,14.38,14.55,339200
2023-06-02 07:00:00,14.55,14.88,14.55,14.78,578400
2023-06-05 07:00:00,14.95,15.15,14.81,14.85,577500
2023-06-06 07:00:00,14.85,14.88,14.65,14.78,664700
2023-06-07 07:00:00,14.85,14.88,14.58,14.75,970100
2023-06-08 07:00:00,14.85,14.92,14.64,14.64,631700
2023-06-09 07:00:00,14.68,14.68,14.25,14.5,358700
2023-06-12 07:00:00,14.54,14.54,14.33,14.4,418700
2023-06-13 07:00:00,14.36,14.61,14.36,14.36,581200
2023-06-14 07:00:00,14.4,14.57,14.25,14.33,443400
2023-06-15 07:00:00,14.33,14.33,14.15,14.15,377200
2023-06-16 07:00:00,14.22,14.4,14.11,14.11,391900
2023-06-19 07:00:00,14.25,14.33,14.11,14.22,163700
2023-06-20 07:00:00,14.22,14.36,14.22,14.33,226900
2023-06-21 07:00:00,14.43,14.61,14.25,14.57,627700
2023-06-22 07:00:00,14.68,14.82,14.57,14.64,586700
2023-06-23 07:00:00,14.64,14.64,14.47,14.54,311400
2023-06-26 07:00:00,14.57,15.03,14.57,15.0,896400
2023-06-27 07:00:00,15.07,15.28,14.96,15.03,1114200
2023-06-28 07:00:00,15.1,15.1,14.85,15.0,625600
2023-06-29 07:00:00,15.0,15.03,14.78,14.82,589700
2023-06-30 07:00:00,14.75,15.6,14.54,15.49,1364700
2023-07-03 07:00:00,15.67,15.67,15.38,15.52,564000
2023-07-04 07:00:00,15.52,15.52,15.35,15.52,589200
2023-07-05 07:00:00,15.52,15.88,15.49,15.67,912800
2023-07-06 07:00:00,15.67,15.77,15.42,15.52,543500
2023-07-07 07:00:00,15.35,15.81,15.35,15.77,729000
2023-07-10 07:00:00,15.84,16.44,15.81,16.44,1298300
2023-07-11 07:00:00,16.62,16.76,16.16,16.3,783200
2023-07-12 07:00:00,16.51,16.69,16.3,16.51,792700
2023-07-13 07:00:00,16.65,16.72,16.3,16.51,537500
2023-07-14 07:00:00,16.51,16.51,16.09,16.37,826500
2023-07-17 07:00:00,16.27,16.44,16.16,16.23,640900
2023-07-18 07:00:00,16.2,16.23,15.88,15.91,1091800
2023-07-19 07:00:00,15.91,16.23,15.88,16.23,614800
2023-07-20 07:00:00,16.27,16.27,15.91,16.09,424200
2023-07-21 07:00:00,16.02,16.23,15.98,16.16,521900
2023-07-24 07:00:00,16.23,16.87,16.2,16.79,1761100
2023-07-25 07:00:00,16.79,16.79,16.55,16.62,466300
2023-07-26 07:00:00,16.65,16.65,16.27,16.3,592600
2023-07-27 07:00:00,16.37,16.65,16.02,16.55,843800
2023-07-28 07:00:00,16.51,16.58,16.37,16.58,514600
2023-07-31 07:00:00,16.48,16.55,16.23,16.3,619500
2023-08-01 07:00:00,16.34,16.62,16.23,16.44,585400
2023-08-02 07:00:00,16.44,16.58,16.27,16.51,577600
2023-08-03 07:00:00,16.51,17.11,16.51,16.94,1555300
2023-08-04 07:00:00,16.94,17.18,16.72,17.01,723300
2023-08-07 07:00:00,17.01,17.01,16.58,16.58,798800
2023-08-08 07:00:00,16.58,17.08,16.58,17.08,818000
2023-08-09 07:00:00,17.01,17.01,16.65,16.87,469200
2023-08-10 07:00:00,17.01,17.01,16.34,16.34,904800
2023-08-11 07:00:00,16.51,16.79,16.2,16.51,598200
2023-08-14 07:00:00,16.34,16.58,16.34,16.48,148600
2023-08-15 07:00:00,16.58,16.65,16.44,16.62,417900
2023-08-16 07:00:00,16.55,16.62,16.44,16.44,198400
2023-08-17 07:00:00,16.44,16.44,16.3,16.37,319400
2023-08-18 07:00:00,16.37,16.37,15.38,15.49,828700
2023-08-21 07:00:00,15.38,15.84,15.24,15.77,520800
2023-08-22 07:00:00,15.84,15.84,15.38,15.7,211600
2023-08-23 07:00:00,15.7,15.88,15.7,15.7,164500
2023-08-24 07:00:00,15.88,16.02,15.7,15.98,174600
2023-08-25 07:00:00,15.81,16.02,15.77,15.95,170000
2023-08-28 07:00:00,15.95,16.02,15.91,16.02,162900
2023-08-29 07:00:00,16.12,16.12,15.98,16.02,214700
2023-08-30 07:00:00,15.98,16.05,15.81,16.05,248800
2023-08-31 07:00:00,16.2,16.3,15.88,16.27,432500
2023-09-05 07:00:00,16.37,16.37,16.16,16.34,247900
2023-09-06 07:00:00,16.2,16.34,16.12,16.34,385700
2023-09-07 07:00:00,16.37,16.44,16.27,16.3,399100
2023-09-08 07:00:00,16.3,16.62,16.23,16.51,474800
2023-09-11 07:00:00,16.72,16.9,16.41,16.41,922300
2023-09-12 07:00:00,16.41,16.62,16.37,16.62,244000
2023-09-13 07:00:00,16.62,16.69,16.23,16.44,502600
2023-09-14 07:00:00,16.3,16.44,16.05,16.23,469200
2023-09-15 07:00:00,16.09,16.37,16.05,16.09,323900
2023-09-18 07:00:00,16.09,16.2,16.02,16.09,182900
2023-09-19 07:00:00,16.12,16.37,16.12,16.16,487100
2023-09-20 07:00:00,16.2,16.72,16.2,16.69,568500
2023-09-21 07:00:00,16.79,16.79,16.48,16.58,208400
2023-09-22 07:00:00,16.37,16.58,15.88,16.58,405800
2023-09-25 07:00:00,16.65,17.47,15.95,15.95,1593000
2023-09-26 07:00:00,16.23,16.58,16.09,16.23,323300
2023-09-27 07:00:00,16.3,16.65,15.84,16.23,488900
2023-09-28 07:00:00,16.3,16.3,15.95,16.3,206100
2023-09-29 07:00:00,16.44,16.51,16.12,16.2,151500
2023-10-02 07:00:00,16.44,16.44,15.95,16.12,341500
2023-10-03 07:00:00,16.16,16.2,15.38,16.12,567000
2023-10-04 07:00:00,16.12,16.16,15.74,16.02,142100
2023-10-05 07:00:00,16.16,16.16,15.95,16.02,149300
2023-10-06 07:00:00,15.88,16.2,15.81,16.2,153700
2023-10-09 07:00:00,16.05,16.34,15.84,16.23,342700
2023-10-10 07:00:00,16.23,16.72,16.16,16.65,504600
2023-10-11 07:00:00,16.62,17.5,16.62,17.39,1086900
2023-10-12 07:00:00,17.43,17.5,17.08,17.32,436200
2023-10-13 07:00:00,17.08,17.32,16.87,17.25,495800
2023-10-16 07:00:00,17.36,17.36,16.87,16.94,388900
2023-10-17 07:00:00,17.01,17.08,16.3,16.3,324200
2023-10-18 07:00:00,16.55,16.55,15.67,15.88,585600
2023-10-19 07:00:00,15.91,16.05,15.67,15.67,198800
2023-10-20 07:00:00,15.67,16.44,15.52,16.44,264600
2023-10-23 07:00:00,16.44,16.44,16.05,16.05,79900
2023-10-24 07:00:00,16.16,16.23,15.95,16.2,56600
2023-10-25 07:00:00,16.27,16.27,16.02,16.09,92200
2023-10-26 07:00:00,15.91,15.91,15.03,15.31,498400
2023-10-27 07:00:00,15.38,15.67,15.14,15.67,111800
2023-10-30 07:00:00,15.21,15.84,15.21,15.52,69400
2023-10-31 07:00:00,15.52,15.74,14.82,14.82,416000
2023-11-01 07:00:00,14.89,15.38,14.43,15.38,191500
2023-11-02 07:00:00,15.38,15.81,15.35,15.81,119700
2023-11-03 07:00:00,15.81,15.88,15.56,15.81,90100
2023-11-06 07:00:00,15.81,15.81,15.6,15.7,71000
2023-11-07 07:00:00,15.7,15.7,15.38,15.38,152600
2023-11-08 07:00:00,15.38,15.88,15.31,15.88,183900
2023-11-09 07:00:00,16.02,16.02,15.38,15.88,248200
2023-11-10 07:00:00,15.95,15.98,15.77,15.91,217200
2023-11-13 07:00:00,15.77,15.91,15.74,15.88,119300
2023-11-14 07:00:00,15.77,16.16,15.77,16.09,155700
2023-11-15 07:00:00,16.23,16.27,16.09,16.09,228400
2023-11-16 07:00:00,16.02,16.23,16.02,16.23,116900
2023-11-17 07:00:00,16.27,16.48,16.02,16.3,146200
2023-11-20 07:00:00,16.16,16.41,15.95,16.3,117100
2023-11-21 07:00:00,16.3,16.34,16.16,16.3,68500
2023-11-22 07:00:00,16.3,16.3,16.2,16.27,110400
2023-11-23 07:00:00,16.37,16.44,16.23,16.27,294900
2023-11-24 07:00:00,16.2,16.27,16.02,16.2,128200
2023-11-27 07:00:00,16.16,16.3,16.02,16.16,95700
2023-11-28 07:00:00,16.16,16.34,15.98,16.23,88400
2023-11-29 07:00:00,16.3,16.34,16.2,16.34,122900
2023-11-30 07:00:00,16.27,16.34,16.09,16.09,153600
2023-12-01 07:00:00,16.09,16.3,16.02,16.3,76800
2023-12-04 07:00:00,16.37,16.79,16.37,16.51,502600
2023-12-05 07:00:00,16.65,16.79,16.55,16.72,296300
2023-12-06 07:00:00,16.72,16.79,16.65,16.69,145400
2023-12-07 07:00:00,16.69,16.76,16.37,16.72,327000
2023-12-08 07:00:00,16.79,16.79,16.58,16.69,168900
2023-12-11 07:00:00,16.76,16.76,16.37,16.62,144200
2023-12-12 07:00:00,16.62,16.62,16.37,16.44,125500
2023-12-13 07:00:00,16.44,16.65,16.3,16.3,152100
2023-12-14 07:00:00,16.37,16.37,16.27,16.3,68300
2023-12-15 07:00:00,16.34,16.87,16.27,16.79,457700
2023-12-18 07:00:00,16.79,17.64,16.79,17.25,1020500
2023-12-19 07:00:00,17.29,17.43,16.83,16.83,370100
2023-12-20 07:00:00,16.83,17.29,16.76,17.08,354900
2023-12-21 07:00:00,17.08,18.24,17.08,18.24,1433900
2023-12-22 07:00:00,18.63,19.26,18.49,18.98,1301200
2023-12-25 07:00:00,19.23,19.37,18.84,19.23,853100
2023-12-26 07:00:00,19.12,19.19,18.88,18.95,635900
2023-12-27 07:00:00,18.88,19.34,18.84,19.05,460900
2023-12-28 07:00:00,19.05,19.88,18.91,19.12,808500
2023-12-29 07:00:00,19.23,19.66,19.05,19.05,408400
2024-01-02 07:00:00,19.05,19.99,18.84,19.88,775000
2024-01-03 07:00:00,19.88,19.88,19.59,19.7,439000
2024-01-04 07:00:00,19.77,19.99,19.45,19.45,595200
2024-01-05 07:00:00,19.34,19.77,19.23,19.56,717700
2024-01-08 07:00:00,19.56,19.63,19.23,19.3,624300
2024-01-09 07:00:00,19.41,19.7,19.23,19.48,601000
2024-01-10 07:00:00,19.48,20.53,19.41,19.66,1176200
2024-01-11 07:00:00,19.66,19.74,19.34,19.52,286300
2024-01-12 07:00:00,19.3,19.48,18.41,19.23,1500200
2024-01-15 07:00:00,19.23,19.52,19.09,19.52,705900
2024-01-16 07:00:00,19.52,19.63,19.34,19.56,230400
2024-01-17 07:00:00,19.56,19.7,19.34,19.63,426900
2024-01-18 07:00:00,19.59,20.42,19.48,20.1,683500
2024-01-19 07:00:00,20.2,20.2,19.88,20.13,633500
2024-01-22 07:00:00,20.13,20.13,19.41,19.99,546300
2024-01-23 07:00:00,19.84,19.99,19.59,19.63,357700
2024-01-24 07:00:00,19.63,20.1,19.52,19.99,539200
2024-01-25 07:00:00,20.1,20.1,19.56,19.95,506500
2024-01-26 07:00:00,19.95,21.32,19.7,21.32,2492800
2024-01-29 07:00:00,21.43,21.89,21.28,21.43,1156800
2024-01-30 07:00:00,21.57,22.9,21.43,22.9,3016500
2024-01-31 07:00:00,22.97,23.22,22.5,23.01,2179800
2024-02-01 07:00:00,22.86,23.12,22.65,22.72,939900
2024-02-02 07:00:00,22.65,23.62,22.54,22.65,1259200
2024-02-05 07:00:00,22.83,22.94,22.11,22.14,1213500
2024-02-06 07:00:00,22.14,22.54,22.07,22.07,886400
2024-02-07 07:00:00,22.14,22.9,22.14,22.65,1450200
2024-02-15 07:00:00,22.68,23.51,22.65,23.01,1685700
2024-02-16 07:00:00,23.73,23.73,22.76,23.01,845800
2024-02-19 07:00:00,22.97,23.15,22.65,22.76,828100
2024-02-20 07:00:00,22.72,23.3,22.47,22.72,1154100
2024-02-21 07:00:00,22.72,23.8,22.36,23.69,2474900
2024-02-22 07:00:00,23.87,23.87,23.3,23.33,975500
2024-02-23 07:00:00,23.62,23.62,22.43,23.01,1644700
2024-02-26 07:00:00,23.01,23.22,22.58,23.22,969900
2024-02-27 07:00:00,23.37,24.09,23.3,23.69,1666500
2024-02-28 07:00:00,23.65,23.65,23.15,23.3,906400
2024-02-29 07:00:00,23.37,23.58,22.86,23.58,744700
2024-03-01 07:00:00,23.58,24.01,23.44,23.51,900800
2024-03-04 07:00:00,23.47,23.65,23.3,23.4,963400
2024-03-05 07:00:00,23.37,23.37,23.12,23.37,781100
2024-03-06 07:00:00,23.37,23.65,22.97,23.04,703200
2024-03-07 07:00:00,23.01,23.58,22.9,23.33,876800
2024-03-08 07:00:00,23.37,24.95,23.01,24.66,4098900
2024-03-11 07:00:00,24.66,24.8,24.27,24.37,1360300
2024-03-12 07:00:00,24.27,25.45,24.05,24.05,2603000
2024-03-13 07:00:00,24.05,24.95,23.4,24.45,4750000
2024-03-14 07:00:00,24.73,24.88,24.09,24.3,1382800
2024-03-15 07:00:00,24.3,24.91,24.12,24.63,2945900
2024-03-18 07:00:00,24.59,24.8,22.94,23.65,2236500
2024-03-19 07:00:00,23.65,23.91,23.15,23.37,1108000
2024-03-20 07:00:00,23.26,23.47,22.72,23.47,1488900
2024-03-21 07:00:00,23.47,23.8,23.3,23.73,940000
2024-03-22 07:00:00,24.01,24.01,23.19,23.26,1649100
2024-03-25 07:00:00,23.26,23.33,22.79,22.94,1270400
2024-03-26 07:00:00,22.97,23.58,22.86,23.58,1284700
2024-03-27 07:00:00,23.58,23.65,23.33,23.44,1006700
2024-03-28 07:00:00,23.62,23.65,23.12,23.37,753300
2024-03-29 07:00:00,23.51,24.8,23.4,24.09,4582700
2024-04-01 07:00:00,23.94,24.41,23.83,24.09,1071100
2024-04-02 07:00:00,24.01,25.74,23.76,25.74,5101200
2024-04-03 07:00:00,25.74,25.81,24.91,24.91,2421500
2024-04-04 07:00:00,25.02,25.09,24.45,24.52,1968200
2024-04-05 07:00:00,24.12,24.19,22.83,22.83,6668800
2024-04-08 07:00:00,22.65,22.68,21.53,21.79,2797600
2024-04-09 07:00:00,21.79,22.4,21.57,22.25,1433800
2024-04-10 07:00:00,22.25,22.29,21.64,21.64,918300
2024-04-11 07:00:00,21.28,22.14,20.85,21.89,1147600
2024-04-12 07:00:00,22.0,22.14,21.68,22.14,576600
2024-04-15 07:00:00,21.93,22.07,20.63,20.71,1742900
2024-04-16 07:00:00,20.71,21.43,20.28,21.32,1880200
2024-04-17 07:00:00,21.43,21.64,20.99,21.1,692300
2024-04-19 07:00:00,20.78,21.14,20.17,20.85,1353100
2024-04-22 07:00:00,21.14,21.21,20.85,21.03,453100
2024-04-23 07:00:00,20.85,21.07,20.53,20.89,406900
2024-04-24 07:00:00,21.17,21.64,20.96,21.61,797500
2024-04-25 07:00:00,21.71,21.71,20.92,21.35,563600
2024-04-26 07:00:00,21.03,21.46,21.03,21.17,464700
2024-05-02 07:00:00,21.57,21.79,21.21,21.61,571300
2024-05-03 07:00:00,21.68,22.04,21.61,21.71,750000
2024-05-06 07:00:00,22.04,22.79,21.86,22.61,1411600
2024-05-07 07:00:00,22.65,23.01,22.36,23.01,1079700
2024-05-08 07:00:00,22.47,23.15,22.47,23.15,1083800
2024-05-09 07:00:00,23.19,23.33,22.72,22.94,944400
2024-05-10 07:00:00,22.94,22.97,22.54,22.94,567500
2024-05-13 07:00:00,23.04,23.19,22.79,23.01,621200
2024-05-14 07:00:00,22.76,23.8,22.76,23.65,1354400
2024-05-15 07:00:00,23.73,24.41,23.55,24.23,1574600
2024-05-16 07:00:00,24.45,24.48,23.65,24.09,2083000
2024-05-17 07:00:00,23.8,24.48,23.65,24.01,1869200
2024-05-20 07:00:00,24.45,24.45,23.73,24.09,1051700
2024-05-21 07:00:00,24.09,24.52,23.8,24.52,1764100
2024-05-22 07:00:00,25.02,25.16,24.01,24.19,2276700
2024-05-23 07:00:00,24.01,24.3,23.87,24.16,951100
2024-05-24 07:00:00,24.19,25.02,23.8,24.01,2820400
2024-05-27 07:00:00,24.05,24.84,23.73,24.45,1121200
2024-05-28 07:00:00,24.66,24.66,24.12,24.37,1074000
2024-05-29 07:00:00,24.66,24.95,23.8,24.09,1943700
2024-05-30 07:00:00,23.87,24.41,23.15,24.41,1985300
2024-05-31 07:00:00,24.16,24.41,23.87,24.05,692300
2024-06-03 07:00:00,24.12,25.02,23.98,25.02,2404800
2024-06-04 07:00:00,25.02,25.74,25.02,25.45,2675700
2024-06-05 07:00:00,25.45,25.52,24.88,25.38,1187600
2024-06-06 07:00:00,25.09,25.24,24.73,25.24,1147400
2024-06-07 07:00:00,25.31,25.31,24.91,25.24,685200
2024-06-10 07:00:00,25.24,26.04,25.05,25.93,1789900
2024-06-11 07:00:00,26.08,26.08,25.46,25.75,781100
2024-06-12 07:00:00,25.46,25.75,25.27,25.75,796800
2024-06-13 07:00:00,25.82,25.82,25.42,25.57,754000
2024-06-14 07:00:00,25.57,25.57,24.8,25.09,1569100
2024-06-17 07:00:00,24.87,24.94,24.43,24.43,844300
2024-06-18 07:00:00,24.43,24.94,24.43,24.8,377800
2024-06-19 07:00:00,24.8,24.94,24.43,24.8,329400
2024-06-20 07:00:00,24.65,25.31,24.65,24.94,526600
2024-06-21 07:00:00,24.94,25.31,24.8,25.2,438000
2024-06-24 07:00:00,25.31,26.01,24.91,25.64,2403700
2024-06-25 07:00:00,25.68,25.9,25.42,25.68,576400
2024-06-26 07:00:00,25.79,27.47,25.75,27.47,6776900
2024-06-27 07:00:00,27.8,27.99,26.85,26.85,1477900
2024-06-28 07:00:00,26.63,27.11,24.98,24.98,6156800
2024-07-01 07:00:00,24.76,25.31,24.32,25.09,1786700
2024-07-02 07:00:00,25.09,25.31,24.87,25.09,864900
2024-07-03 07:00:00,25.05,25.75,24.98,25.68,1757100
2024-07-04 07:00:00,25.68,26.48,25.38,26.41,2136500
2024-07-05 07:00:00,26.15,26.41,25.9,26.41,1095900
2024-07-08 07:00:00,26.63,26.7,26.19,26.59,2031800
2024-07-09 07:00:00,26.67,27.22,26.67,26.78,1524700
2024-07-10 07:00:00,26.85,27.07,26.23,26.41,1135800
2024-07-11 07:00:00,26.34,26.41,25.79,26.41,1349100
2024-07-12 07:00:00,26.37,26.67,25.82,26.26,764000
2024-07-15 07:00:00,26.41,27.0,26.41,26.78,823100
2024-07-16 07:00:00,26.78,26.92,26.12,26.56,837500
2024-07-17 07:00:00,26.56,26.56,24.72,24.83,1966600
2024-07-18 07:00:00,24.91,26.04,24.91,26.04,1317800
2024-07-19 07:00:00,26.04,26.23,25.46,25.97,705600
2024-07-22 07:00:00,25.9,25.9,24.94,25.2,960800
2024-07-23 07:00:00,25.35,25.38,24.25,24.94,884500
2024-07-24 07:00:00,24.61,25.24,24.14,25.2,862700
2024-07-25 07:00:00,25.09,25.27,24.76,25.27,292200
2024-07-26 07:00:00,25.31,25.35,25.13,25.31,242500
2024-07-29 07:00:00,25.31,25.64,25.27,25.49,446100
2024-07-30 07:00:00,25.49,25.97,25.42,25.68,779000
2024-07-31 07:00:00,25.57,25.75,24.98,25.6,478600
2024-08-01 07:00:00,25.6,25.6,24.17,24.8,943800
2024-08-02 07:00:00,24.21,24.87,24.21,24.87,499000
2024-08-05 07:00:00,24.36,24.5,23.26,23.37,902100
2024-08-06 07:00:00,23.4,23.84,22.93,23.7,417500
2024-08-07 07:00:00,23.95,23.99,23.4,23.55,289400
2024-08-08 07:00:00,23.55,23.7,23.11,23.48,313300
2024-08-09 07:00:00,23.55,24.25,23.51,24.17,348400
2024-08-12 07:00:00,24.32,24.69,23.99,24.58,260500
2024-08-13 07:00:00,24.36,24.65,24.21,24.65,264400
2024-08-14 07:00:00,24.61,24.65,24.36,24.61,227500
2024-08-15 07:00:00,24.28,24.61,23.95,24.61,444100
2024-08-16 07:00:00,24.61,25.24,24.36,25.02,677300
2024-08-19 07:00:00,25.02,25.2,24.8,24.87,419900
2024-08-20 07:00:00,24.72,25.02,24.69,24.98,511000
2024-08-21 07:00:00,24.98,25.57,24.98,25.27,839800
2024-08-22 07:00:00,25.31,25.49,24.98,25.02,329800
2024-08-23 07:00:00,25.02,25.02,24.54,24.69,524800
2024-08-26 07:00:00,24.94,24.94,24.5,24.58,317200
2024-08-27 07:00:00,24.58,24.8,24.43,24.65,137700
2024-08-28 07:00:00,24.65,25.16,24.21,25.05,667400
2024-08-29 07:00:00,25.05,25.13,24.76,25.05,167300
2024-08-30 07:00:00,24.94,24.94,24.65,24.94,294000
2024-09-04 07:00:00,24.87,24.87,24.36,24.58,390600
2024-09-05 07:00:00,24.36,24.58,24.21,24.21,605000
2024-09-06 07:00:00,24.21,24.5,23.99,24.5,267600
2024-09-09 07:00:00,24.43,24.43,23.99,24.28,210900
2024-09-10 07:00:00,24.43,24.43,23.92,23.99,216400
2024-09-11 07:00:00,23.95,23.95,23.51,23.62,176200
2024-09-12 07:00:00,24.06,24.06,23.62,23.81,209100
2024-09-13 07:00:00,23.55,23.84,23.55,23.84,144200
2024-09-16 07:00:00,23.84,23.92,23.48,23.48,345400
2024-09-17 07:00:00,23.48,23.77,23.29,23.7,228400
2024-09-18 07:00:00,23.73,23.95,23.66,23.7,312700
2024-09-19 07:00:00,23.81,23.81,23.33,23.55,310600
2024-09-20 07:00:00,23.66,23.88,23.55,23.55,442700
2024-09-23 07:00:00,23.48,23.55,23.29,23.33,610400
2024-09-24 07:00:00,23.33,23.37,23.07,23.07,765200
2024-09-25 07:00:00,23.4,23.4,23.15,23.37,443300
2024-09-26 07:00:00,23.62,23.84,23.37,23.37,741900
2024-09-27 07:00:00,23.59,23.59,23.26,23.26,383600
2024-09-30 07:00:00,23.26,23.26,23.07,23.18,385300
2024-10-01 07:00:00,23.22,23.51,23.15,23.15,589400
2024-10-02 07:00:00,23.11,23.29,22.85,22.93,736500
2024-10-03 07:00:00,22.78,22.96,21.42,21.68,1843800
2024-10-04 07:00:00,21.71,21.75,21.27,21.38,816600
2024-10-07 07:00:00,21.38,21.64,21.27,21.31,590600
2024-10-08 07:00:00,21.49,21.49,21.27,21.27,534300
2024-10-09 07:00:00,21.27,21.75,21.27,21.57,469100
2024-10-10 07:00:00,21.64,21.68,21.27,21.31,665400
2024-10-11 07:00:00,21.31,21.6,21.16,21.38,549800
2024-10-14 07:00:00,21.6,21.6,21.2,21.27,558700
2024-10-15 07:00:00,21.27,21.38,20.98,21.2,695600
2024-10-16 07:00:00,21.49,22.56,21.49,21.75,1461700
2024-10-17 07:00:00,22.01,22.01,21.49,21.64,488600
2024-10-18 07:00:00,21.57,21.79,21.42,21.42,499800
2024-10-21 07:00:00,21.42,21.49,21.05,21.05,714900
2024-10-22 07:00:00,21.05,21.6,21.02,21.2,825500
2024-10-23 07:00:00,21.42,21.49,21.2,21.42,411200
2024-10-24 07:00:00,21.42,21.46,20.98,20.98,520500
2024-10-25 07:00:00,21.02,21.09,20.61,20.61,502900
2024-10-28 07:00:00,20.83,20.83,20.5,20.61,352900
2024-10-29 07:00:00,20.65,21.02,20.65,20.87,324700
2024-10-30 07:00:00,21.05,21.09,20.69,20.69,355500
2024-10-31 07:00:00,20.65,20.83,20.65,20.76,178400
2024-11-01 07:00:00,20.76,20.83,20.58,20.61,391100
2024-11-04 07:00:00,20.69,20.8,20.5,20.61,293500
2024-11-05 07:00:00,20.61,20.61,20.43,20.47,266200
2024-11-06 07:00:00,20.69,21.27,20.43,20.83,1083400
2024-11-07 07:00:00,20.91,21.05,20.76,20.8,472700
2024-11-08 07:00:00,20.83,20.83,20.61,20.65,472100
2024-11-11 07:00:00,20.65,20.91,20.54,20.72,700500
2024-11-12 07:00:00,20.72,21.02,20.54,20.61,480000
2024-11-13 07:00:00,20.65,20.65,20.39,20.54,504400
2024-11-14 07:00:00,20.58,20.58,19.95,19.95,593500
2024-11-15 07:00:00,20.03,20.03,19.37,19.81,638300
2024-11-18 07:00:00,19.95,20.03,19.48,19.73,363500
2024-11-19 07:00:00,19.73,19.77,19.51,19.66,161700
2024-11-20 07:00:00,19.62,19.95,19.44,19.66,415500
2024-11-21 07:00:00,19.66,20.17,19.66,20.14,495800
2024-11-22 07:00:00,20.06,20.76,20.06,20.65,960000
2024-11-25 07:00:00,20.69,20.76,20.47,20.61,278200
2024-11-26 07:00:00,20.61,20.72,20.5,20.65,608800
2024-11-27 07:00:00,20.69,21.38,20.65,20.87,1240100
2024-11-28 07:00:00,20.91,21.13,20.83,20.98,517300
2024-11-29 07:00:00,20.83,20.98,20.8,20.94,332200
2024-12-02 07:00:00,21.05,21.09,20.65,20.72,394200
2024-12-03 07:00:00,20.65,20.83,20.61,20.83,262600
2024-12-04 07:00:00,20.83,20.83,20.54,20.58,385300
2024-12-05 07:00:00,20.58,21.02,20.58,20.91,750300
2024-12-06 07:00:00,20.94,21.6,20.91,21.2,1069700
2024-12-09 07:00:00,21.38,21.38,21.13,21.27,317000
2024-12-10 07:00:00,21.27,21.27,21.05,21.09,364400
2024-12-11 07:00:00,21.09,21.35,20.98,21.35,582300
2024-12-12 07:00:00,21.49,21.71,21.2,21.27,621700
2024-12-13 07:00:00,21.13,21.57,21.05,21.27,664700
2024-12-16 07:00:00,21.27,21.42,21.2,21.35,385100
2024-12-17 07:00:00,21.35,21.86,21.35,21.71,944800
2024-12-18 07:00:00,21.83,21.83,21.6,21.64,569800
2024-12-19 07:00:00,21.72,21.75,21.38,21.64,526300
2024-12-20 07:00:00,21.49,22.05,21.46,21.98,608200
2024-12-23 07:00:00,21.98,22.95,21.83,22.61,1521200
2024-12-24 07:00:00,22.84,22.84,22.35,22.5,647000
2024-12-25 07:00:00,22.54,22.65,22.09,22.16,654700
2024-12-26 07:00:00,22.01,22.28,22.01,22.01,346300
2024-12-27 07:00:00,22.01,22.01,21.79,21.79,443400
2024-12-30 07:00:00,21.79,21.79,21.31,21.34,611100
2024-12-31 07:00:00,21.64,21.64,21.27,21.27,192600
2025-01-02 07:00:00,21.27,21.49,21.16,21.34,244700
2025-01-03 07:00:00,21.34,21.53,21.16,21.16,231900
2025-01-06 07:00:00,21.19,21.27,20.6,20.82,627700
2025-01-07 07:00:00,20.82,20.82,20.22,20.56,705900
2025-01-08 07:00:00,20.52,20.78,20.22,20.78,187300
2025-01-09 07:00:00,20.78,20.86,20.6,20.6,99000
2025-01-10 07:00:00,20.6,20.67,20.15,20.45,216500
2025-01-13 07:00:00,20.19,20.41,20.07,20.37,168300
2025-01-14 07:00:00,20.52,20.71,20.45,20.52,168200
2025-01-15 07:00:00,20.52,20.86,20.52,20.75,149800
2025-01-16 07:00:00,20.82,20.97,20.75,20.75,217700
2025-01-17 07:00:00,20.75,20.9,20.75,20.86,211500
2025-01-20 07:00:00,21.01,21.01,20.75,20.75,252700
2025-01-21 07:00:00,20.75,20.9,20.6,20.75,178000
2025-01-22 07:00:00,20.86,20.86,20.3,20.3,253600
2025-01-23 07:00:00,20.34,20.48,20.19,20.48,142000
2025-01-24 07:00:00,20.71,20.71,20.48,20.71,134400
2025-02-03 07:00:00,20.67,20.71,20.34,20.67,80900
2025-02-04 07:00:00,20.67,20.97,20.67,20.86,230000
2025-02-05 07:00:00,20.93,21.08,20.9,20.93,217300
2025-02-06 07:00:00,20.97,21.79,20.75,21.6,1526300
2025-02-07 07:00:00,21.75,21.79,21.42,21.46,414100
2025-02-10 07:00:00,21.46,21.53,20.9,21.01,532300
2025-02-11 07:00:00,20.97,21.01,20.82,21.01,565700
2025-02-12 07:00:00,20.97,21.04,20.82,20.9,413100
2025-02-13 07:00:00,20.97,21.23,20.86,21.12,801700
2025-02-14 07:00:00,21.38,21.46,21.12,21.19,857300
2025-02-17 07:00:00,21.12,22.05,21.12,21.23,1548200
2025-02-18 07:00:00,21.23,21.46,21.04,21.46,1058900
2025-02-19 07:00:00,21.42,21.53,21.19,21.42,817700
2025-02-20 07:00:00,21.6,22.09,21.57,21.68,2661100
2025-02-21 07:00:00,21.79,21.79,21.42,21.46,740200
2025-02-24 07:00:00,21.46,21.6,21.16,21.34,986600
2025-02-25 07:00:00,21.49,21.49,21.19,21.38,1016700
2025-02-26 07:00:00,21.46,21.49,21.12,21.23,1718700
2025-02-27 07:00:00,21.23,21.23,20.93,21.12,1239500
2025-02-28 07:00:00,21.12,21.27,21.04,21.04,812600
2025-03-03 07:00:00,21.08,21.12,20.67,20.67,1689700
2025-03-04 07:00:00,20.67,20.93,20.63,20.78,836600
2025-03-05 07:00:00,20.86,20.97,20.56,20.56,803000
2025-03-06 07:00:00,20.63,20.63,20.34,20.48,1157700
2025-03-07 07:00:00,20.48,20.48,20.3,20.37,935200
2025-03-10 07:00:00,20.37,20.41,20.11,20.15,1146400
2025-03-11 07:00:00,20.04,20.41,20.0,20.34,501700
2025-03-12 07:00:00,20.37,20.45,20.19,20.26,397500
2025-03-13 07:00:00,20.37,20.37,20.0,20.04,479500
2025-03-14 07:00:00,20.15,20.19,19.96,19.96,383200
2025-03-17 07:00:00,20.04,20.15,19.96,20.07,272100
2025-03-18 07:00:00,20.07,20.15,20.0,20.04,273500
2025-03-19 07:00:00,20.07,20.07,19.85,19.89,400800
2025-03-20 07:00:00,19.89,19.93,19.74,19.78,383300
2025-03-21 07:00:00,19.78,19.85,19.74,19.74,201400
2025-03-24 07:00:00,19.78,19.81,19.63,19.63,329700
2025-03-25 07:00:00,19.7,20.15,19.63,20.15,790600
2025-03-26 07:00:00,20.15,20.3,19.96,20.04,365700
2025-03-27 07:00:00,20.04,20.04,19.74,19.78,352200
2025-03-28 07:00:00,19.78,20.26,19.74,20.11,671100
2025-03-31 07:00:00,20.11,20.3,19.93,19.96,668300
2025-04-01 07:00:00,19.93,20.07,19.85,19.89,381500
2025-04-02 07:00:00,19.93,20.0,19.85,19.89,227800
2025-04-03 07:00:00,18.51,19.03,18.51,18.51,1056000
2025-04-04 07:00:00,17.24,17.24,17.24,17.24,372100
2025-04-08 07:00:00,16.04,16.04,16.04,16.04,240500
2025-04-09 07:00:00,14.93,14.93,14.93,14.93,484700
2025-04-10 07:00:00,15.97,15.97,15.97,15.97,309000
2025-04-11 07:00:00,17.05,17.05,15.07,15.93,1606200
2025-04-14 07:00:00,16.01,16.31,15.82,15.9,818700
2025-04-15 07:00:00,15.71,16.16,15.19,15.37,830600
2025-04-16 07:00:00,15.26,15.37,14.48,14.55,974500
2025-04-17 07:00:00,13.88,14.48,13.88,14.22,1208400
2025-04-18 07:00:00,14.51,14.78,14.29,14.63,629200
2025-04-21 07:00:00,14.7,14.7,14.1,14.18,971600
2025-04-22 07:00:00,14.07,14.18,13.21,13.47,1390800
2025-04-23 07:00:00,13.58,13.77,13.32,13.58,892700
2025-04-24 07:00:00,13.62,14.1,13.62,14.07,939700
2025-04-25 07:00:00,14.07,14.4,14.03,14.07,492900
2025-04-28 07:00:00,14.14,14.44,13.81,14.03,671700
2025-04-29 07:00:00,14.03,14.33,13.99,14.03,385600
2025-05-05 07:00:00,14.07,14.44,14.07,14.44,673900
2025-05-06 07:00:00,14.66,15.04,14.66,14.81,853600
2025-05-07 07:00:00,14.85,15.26,14.85,15.15,524800
2025-05-08 07:00:00,15.15,15.75,15.07,15.67,815900
2025-05-09 07:00:00,16.01,16.01,15.6,15.78,520000
2025-05-12 07:00:00,15.97,15.97,15.34,15.78,635000
2025-05-13 07:00:00,15.97,15.97,15.6,15.75,508400
2025-05-14 07:00:00,15.82,15.82,15.37,15.6,494400
2025-05-15 07:00:00,15.45,15.63,15.45,15.6,256200
2025-05-16 07:00:00,15.3,15.63,15.3,15.41,250500
2025-05-19 07:00:00,15.37,15.37,15.04,15.07,497500
2025-05-20 07:00:00,15.22,15.3,15.04,15.19,290400
2025-05-21 07:00:00,15.3,15.3,15.11,15.11,164800
2025-05-22 07:00:00,15.19,15.19,14.85,14.85,701000
2025-05-23 07:00:00,14.93,15.04,14.78,14.96,240500
2025-05-26 07:00:00,15.0,15.63,14.81,15.48,824300
2025-05-27 07:00:00,15.67,15.75,15.45,15.45,647800
2025-05-28 07:00:00,15.52,15.9,15.52,15.63,861400
2025-05-29 07:00:00,15.9,15.93,15.67,15.86,566600
2025-05-30 07:00:00,15.86,15.86,15.52,15.6,491100
2025-06-02 07:00:00,15.52,15.6,15.34,15.45,670400
2025-06-03 07:00:00,15.67,15.75,15.48,15.63,623800
2025-06-04 07:00:00,15.67,15.67,15.52,15.63,519100
2025-06-05 07:00:00,15.67,16.72,15.67,16.53,1869500
2025-06-06 07:00:00,16.53,16.53,16.04,16.04,627800
2025-06-09 07:00:00,16.04,16.12,15.52,15.52,618900
2025-06-10 07:00:00,15.67,15.9,15.56,15.75,344000
2025-06-11 07:00:00,16.04,16.04,15.67,15.67,475500
2025-06-12 07:00:00,15.75,15.93,15.67,15.67,546700
2025-06-13 07:00:00,14.9,15.67,14.9,15.48,599700
2025-06-16 07:00:00,15.48,15.75,15.36,15.71,328600
2025-06-17 07:00:00,15.83,15.9,15.56,15.67,576000
2025-06-18 07:00:00,15.79,15.79,15.56,15.63,338200
2025-06-19 07:00:00,15.63,16.25,15.52,15.9,651700
2025-06-20 07:00:00,15.9,15.94,15.79,15.86,370500
2025-06-23 07:00:00,15.75,16.25,15.63,16.17,689600
2025-06-24 07:00:00,16.17,16.48,16.17,16.29,802900
2025-06-25 07:00:00,16.32,16.67,16.21,16.21,1042100
2025-06-26 07:00:00,16.59,16.75,16.48,16.59,906600
2025-06-27 07:00:00,16.67,16.67,16.29,16.36,636200
2025-06-30 07:00:00,16.48,17.05,16.48,16.94,1276100
2025-07-01 07:00:00,17.05,17.05,16.67,16.67,427400
2025-07-02 07:00:00,16.63,17.02,16.59,16.79,876000
2025-07-03 07:00:00,16.9,17.21,16.59,16.67,1308400
2025-07-04 07:00:00,16.71,16.75,16.52,16.59,812500
2025-07-07 07:00:00,16.75,16.75,16.52,16.59,708600
2025-07-08 07:00:00,16.71,16.86,16.55,16.75,742600
2025-07-09 07:00:00,16.82,16.94,16.55,16.71,1414900
2025-07-10 07:00:00,16.9,16.9,16.67,16.79,746800
2025-07-11 07:00:00,16.82,16.86,16.71,16.71,655800
2025-07-14 07:00:00,16.75,17.55,16.67,17.28,1988600
2025-07-15 07:00:00,17.36,17.52,17.09,17.09,916700
2025-07-16 07:00:00,17.09,17.52,17.09,17.4,947400
2025-07-17 07:00:00,17.71,17.71,17.4,17.44,806800
2025-07-18 07:00:00,17.36,17.59,17.28,17.4,1213900
2025-07-21 07:00:00,17.44,17.52,17.36,17.4,1234300
2025-07-22 07:00:00,17.44,17.44,17.25,17.4,1611700
2025-07-23 07:00:00,17.6,18.0,17.6,17.8,1407600
2025-07-24 07:00:00,18.0,18.0,17.7,17.75,823700
2025-07-25 07:00:00,17.75,17.8,17.7,17.75,963200
2025-07-28 07:00:00,17.65,17.8,17.65,17.8,1257900
2025-07-29 07:00:00,17.8,17.9,17.0,17.0,1618700
2025-07-30 07:00:00,17.0,17.25,16.75,16.9,808300
2025-07-31 07:00:00,16.95,17.0,16.7,16.85,625900
2025-08-01 07:00:00,17.0,17.0,16.8,16.95,495400
2025-08-04 07:00:00,16.9,17.3,16.85,17.25,466500
2025-08-05 07:00:00,17.3,17.4,17.1,17.15,824400
2025-08-06 07:00:00,17.15,17.3,17.0,17.15,615100
2025-08-07 07:00:00,17.25,17.3,17.0,17.1,668300
2025-08-08 07:00:00,17.1,17.3,16.95,17.15,1168400
2025-08-11 07:00:00,17.2,17.7,17.2,17.7,1245000
2025-08-12 07:00:00,17.8,17.8,17.45,17.6,743400
2025-08-13 07:00:00,17.65,17.7,17.3,17.5,864700
2025-08-14 07:00:00,17.55,18.35,17.3,18.2,2013000
2025-08-15 07:00:00,18.2,18.2,17.65,17.65,923200
2025-08-18 07:00:00,17.65,17.8,17.5,17.6,547900
2025-08-19 07:00:00,17.6,17.7,17.45,17.45,981500
2025-08-20 07:00:00,17.45,18.0,17.15,17.4,1004800
2025-08-21 07:00:00,17.6,17.6,17.25,17.35,595100
2025-08-22 07:00:00,17.2,17.4,16.9,16.95,983800
2025-08-25 07:00:00,17.0,17.2,16.75,16.95,498900
2025-08-26 07:00:00,16.9,17.0,16.85,17.0,348800
2025-08-27 07:00:00,17.1,17.6,17.0,17.3,762300
2025-08-28 07:00:00,17.3,17.4,17.05,17.15,368600
2025-08-29 07:00:00,17.2,17.3,17.0,17.0,598200
2025-09-03 07:00:00,17.0,17.3,16.85,17.3,583900
2025-09-04 07:00:00,17.3,17.45,17.2,17.25,570200
2025-09-05 07:00:00,17.3,17.4,16.95,17.05,1352300
2025-09-08 07:00:00,16.9,17.0,16.65,16.65,1170300
2025-09-09 07:00:00,16.7,16.8,16.6,16.65,729200
2025-09-10 07:00:00,16.75,16.8,16.6,16.7,400300
2025-09-11 07:00:00,16.7,16.7,16.5,16.7,674500
2025-09-12 07:00:00,16.7,17.25,16.65,17.05,760000
2025-09-15 07:00:00,17.25,17.4,17.1,17.35,738000
2025-09-16 07:00:00,17.45,17.45,17.1,17.2,466000
2025-09-17 07:00:00,17.25,17.25,16.9,16.9,467600
2025-09-18 07:00:00,17.0,17.05,16.8,16.95,433000
2025-09-19 07:00:00,17.0,17.1,16.8,16.9,284500
2025-09-22 07:00:00,16.85,17.05,16.6,16.65,453100
2025-09-23 07:00:00,16.65,16.8,16.6,16.7,231500
2025-09-24 07:00:00,16.75,16.8,16.55,16.8,275700
2025-09-25 07:00:00,16.85,16.9,16.75,16.75,118300
2025-09-26 07:00:00,16.8,16.85,16.7,16.7,180800
2025-09-29 07:00:00,16.7,16.7,16.45,16.55,394000
2025-09-30 07:00:00,16.55,16.7,16.1,16.25,368800
2025-10-01 07:00:00,16.4,16.5,16.25,16.25,159800
2025-10-02 07:00:00,16.45,16.45,16.2,16.2,173100
2025-10-03 07:00:00,16.2,16.25,16.0,16.1,185600
2025-10-06 07:00:00,16.05,16.4,16.05,16.3,213500
2025-10-07 07:00:00,16.25,16.4,16.15,16.2,139100
2025-10-08 07:00:00,16.4,16.6,16.2,16.25,317400
2025-10-09 07:00:00,16.45,16.45,16.05,16.2,143300
2025-10-10 07:00:00,16.1,16.35,16.1,16.15,210000
2025-10-13 07:00:00,16.0,16.15,16.0,16.0,456000
2025-10-14 07:00:00,16.05,16.1,15.75,15.85,348200
2025-10-15 07:00:00,15.8,15.8,15.5,15.55,443800
2025-10-16 07:00:00,15.85,15.85,15.5,15.65,294700
2025-10-17 07:00:00,15.65,15.7,15.5,15.6,237100
2025-10-20 07:00:00,15.65,15.65,15.0,15.0,255600
2025-10-21 07:00:00,15.05,15.4,14.9,15.1,373700
2025-10-22 07:00:00,15.1,15.25,14.95,15.15,234000
2025-10-23 07:00:00,15.2,15.35,15.15,15.3,149000
2025-10-24 07:00:00,15.25,15.25,15.0,15.15,222700
2025-10-27 07:00:00,15.3,16.15,15.3,16.1,450300
2025-10-28 07:00:00,16.0,16.1,15.65,16.0,194300
2025-10-29 07:00:00,16.05,16.15,15.95,16.05,296500
2025-10-30 07:00:00,16.3,16.3,15.7,15.85,224900
2025-10-31 07:00:00,15.95,16.15,15.75,15.9,499700
2025-11-03 07:00:00,15.9,16.15,15.75,15.8,160100
2025-11-04 07:00:00,15.8,15.85,15.1,15.65,386600
2025-11-05 07:00:00,15.65,15.75,15.4,15.4,231500
2025-11-06 07:00:00,15.5,16.0,15.3,15.6,218500
2025-11-07 07:00:00,15.6,15.75,15.4,15.4,207400
2025-11-10 07:00:00,15.45,15.6,15.35,15.45,123600
2025-11-11 07:00:00,15.45,15.75,15.4,15.4,212000
2025-11-12 07:00:00,15.5,15.65,15.45,15.65,132200
2025-11-13 07:00:00,15.8,15.8,15.6,15.8,320600
2025-11-14 07:00:00,15.8,15.9,15.5,15.7,275600
2025-11-17 07:00:00,15.7,15.9,15.7,15.75,150800
2025-11-18 07:00:00,15.85,16.0,15.7,15.75,252600
2025-11-19 07:00:00,15.8,15.9,15.6,15.6,191400
2025-11-20 07:00:00,15.6,15.65,15.5,15.55,105500
2025-11-21 07:00:00,15.5,15.7,15.35,15.55,105300
2025-11-24 07:00:00,15.5,15.65,15.45,15.55,107400
2025-11-25 07:00:00,15.55,15.55,15.35,15.4,213200
2025-11-26 07:00:00,15.4,15.5,15.3,15.45,155200
2025-11-27 07:00:00,15.45,15.55,15.4,15.5,190300
2025-11-28 07:00:00,15.5,15.55,15.3,15.3,154400
2025-12-01 07:00:00,15.35,15.6,15.3,15.4,181900
2025-12-02 07:00:00,15.6,15.6,15.3,15.35,207500
2025-12-03 07:00:00,15.35,15.45,15.3,15.35,250000
2025-12-04 07:00:00,15.5,15.6,15.4,15.45,195400
2025-12-05 07:00:00,15.45,15.5,15.3,15.3,165900
2025-12-08 07:00:00,15.3,15.4,15.25,15.3,183300
2025-12-09 07:00:00,15.2,15.4,15.15,15.3,229300
2025-12-10 07:00:00,15.3,15.35,15.1,15.25,281600
2025-12-11 07:00:00,15.25,15.3,15.1,15.15,81700
2025-12-12 07:00:00,15.15,15.2,14.6,14.8,427800
2025-12-15 07:00:00,14.85,14.85,14.6,14.7,241700
2025-12-16 07:00:00,14.7,14.7,14.4,14.7,444500
2025-12-17 07:00:00,14.6,14.9,14.6,14.75,154000
2025-12-18 07:00:00,14.75,14.9,14.7,14.9,87800
2025-12-19 07:00:00,15.0,15.1,14.85,14.9,130100
2025-12-22 07:00:00,14.95,15.0,14.85,14.9,227500
2025-12-23 07:00:00,14.85,15.2,14.85,14.9,202600
2025-12-24 07:00:00,14.95,15.0,14.75,14.9,130400
2025-12-25 07:00:00,14.9,14.9,14.75,14.75,141800
2025-12-26 07:00:00,14.7,14.85,14.4,14.55,278100
2025-12-29 07:00:00,14.55,14.75,14.55,14.6,95600
2025-12-30 07:00:00,14.7,14.9,14.55,14.7,231000
2025-12-31 07:00:00,14.7,14.9,14.65,14.8,182500
2026-01-05 07:00:00,14.8,14.8,14.6,14.7,203500
2026-01-06 07:00:00,14.65,15.2,14.65,14.95,495600
2026-01-07 07:00:00,15.0,15.15,14.95,15.0,371700
2026-01-08 07:00:00,15.1,15.2,14.85,14.9,725500
2026-01-09 07:00:00,14.9,15.15,14.85,14.9,333200
2026-01-12 07:00:00,14.9,15.05,14.8,15.0,797600
2026-01-13 07:00:00,15.05,15.6,15.05,15.55,1210300
2026-01-14 07:00:00,15.6,16.15,15.6,15.95,1474800
2026-01-15 07:00:00,16.1,16.2,15.6,15.75,699000
2026-01-16 07:00:00,15.85,16.05,15.75,15.8,673000
2026-01-19 07:00:00,16.1,16.3,15.8,15.8,723400
2026-01-20 07:00:00,15.75,15.85,15.4,15.4,828600
2026-01-21 07:00:00,15.35,15.5,15.2,15.4,559700
2026-01-22 07:00:00,15.5,15.6,15.35,15.4,346400
2026-01-23 07:00:00,15.45,15.8,15.45,15.45,547300
2026-01-26 07:00:00,15.45,15.5,14.85,14.95,457100
2026-01-27 07:00:00,14.95,15.1,14.8,14.95,228300
2026-01-28 07:00:00,14.95,15.05,14.8,14.85,368000
2026-01-29 07:00:00,14.8,15.05,14.8,15.0,233200
2026-01-30 07:00:00,15.0,15.25,14.8,15.0,471100
2026-02-02 07:00:00,14.95,14.95,14.8,14.95,318900
2026-02-03 07:00:00,15.1,15.6,14.95,15.5,582900
2026-02-04 07:00:00,15.5,15.95,15.5,15.8,826300
2026-02-05 07:00:00,15.85,15.9,15.35,15.5,274400
2026-02-06 07:00:00,15.25,15.45,15.0,15.0,673000
2026-02-09 07:00:00,15.0,15.2,14.95,15.0,289200
2026-02-10 07:00:00,15.1,15.1,14.9,14.9,237400
2026-02-11 07:00:00,15.0,15.2,14.85,15.05,241100
2026-02-12 07:00:00,15.1,15.2,15.0,15.1,170800
2026-02-13 07:00:00,15.1,15.2,15.05,15.15,124400
2026-02-23 07:00:00,15.25,15.55,15.25,15.35,366300
2026-02-24 07:00:00,15.45,15.5,15.35,15.45,377900
2026-02-25 07:00:00,15.45,15.75,15.45,15.6,549200
2026-02-26 07:00:00,15.6,15.6,15.3,15.5,319900
2026-02-27 07:00:00,15.55,15.65,15.4,15.4,216900
2026-03-02 07:00:00,15.05,16.35,15.05,15.9,1363900
2026-03-03 07:00:00,16.25,16.3,15.6,15.85,639800
2026-03-04 07:00:00,16.15,16.4,15.35,16.0,1642200
2026-03-05 07:00:00,16.1,16.2,15.6,15.65,685200
2026-03-06 07:00:00,15.5,16.0,15.4,15.5,323500
2026-03-09 07:00:00,14.55,14.6,14.45,14.45,717900
2026-03-10 07:00:00,14.7,14.8,13.85,14.0,1390100
2026-03-11 07:00:00,14.0,14.35,14.0,14.35,564300
2026-03-12 07:00:00,14.3,14.35,14.0,14.15,435400
2026-03-13 07:00:00,14.15,14.3,14.1,14.2,340100
2026-03-16 07:00:00,14.3,14.4,14.15,14.2,235100
2026-03-17 07:00:00,14.25,14.3,14.15,14.2,255100
2026-03-18 07:00:00,14.2,14.25,13.95,14.0,587300
2026-03-19 07:00:00,14.0,14.05,13.7,13.75,455400
2026-03-20 07:00:00,13.7,13.75,13.55,13.6,518000
2026-03-23 07:00:00,13.55,13.6,13.0,13.0,388500
2026-03-24 07:00:00,13.35,13.35,13.1,13.25,135000
2026-03-25 07:00:00,13.4,13.5,13.3,13.45,164300
2026-03-26 07:00:00,13.5,13.5,13.3,13.3,142700
2026-03-27 07:00:00,13.3,13.6,13.15,13.6,260600
2026-03-30 07:00:00,13.4,13.55,13.3,13.5,98100
2026-03-31 07:00:00,13.6,13.6,13.4,13.5,96800
2026-04-01 07:00:00,13.7,13.75,13.45,13.5,424100
2026-04-02 07:00:00,13.5,13.55,13.25,13.4,289500
2026-04-03 07:00:00,13.4,13.45,13.2,13.3,123400
2026-04-06 07:00:00,13.3,13.3,13.1,13.15,137700
2026-04-07 07:00:00,13.15,13.3,12.9,13.1,264200
2026-04-08 07:00:00,13.45,13.5,13.3,13.4,473600
2026-04-09 07:00:00,13.4,13.4,13.3,13.4,145300
2026-04-10 07:00:00,13.45,13.55,13.4,13.45,227700
2026-04-13 07:00:00,13.45,13.5,13.35,13.4,205600
2026-04-14 07:00:00,13.45,13.7,13.45,13.55,543800
2026-04-15 07:00:00,13.6,13.65,13.5,13.55,188800
2026-04-16 07:00:00,13.55,13.6,13.35,13.35,200200
2026-04-17 07:00:00,13.4,13.45,13.35,13.4,141000
2026-04-20 07:00:00,13.4,13.45,13.3,13.4,225400
2026-04-21 07:00:00,13.4,13.4,13.2,13.3,202900
2026-04-22 07:00:00,13.25,13.3,13.05,13.2,308300
2026-04-23 07:00:00,13.1,13.35,13.0,13.1,236900
2026-04-24 07:00:00,13.15,13.35,13.05,13.05,304800
2026-04-28 07:00:00,13.2,13.25,12.9,12.9,304700
2026-04-29 07:00:00,12.8,13.0,12.8,12.9,128800
2026-05-04 07:00:00,12.9,12.9,12.6,12.75,520200
2026-05-05 07:00:00,12.75,12.9,12.65,12.65,109400
2026-05-06 07:00:00,12.7,12.9,12.7,12.75,246000
2026-05-07 07:00:00,12.85,13.0,12.75,12.8,123000
2026-05-08 07:00:00,12.85,12.95,12.65,12.65,153300
2026-05-11 07:00:00,12.65,12.75,12.5,12.5,261000
2026-05-12 07:00:00,12.5,12.7,12.4,12.55,107700
2026-05-13 07:00:00,12.6,12.7,12.4,12.6,193600
2026-05-14 07:00:00,12.6,12.75,12.55,12.6,295900
2026-05-15 07:00:00,12.6,12.75,12.55,12.7,523400
2026-05-18 07:00:00,12.7,12.8,12.6,12.6,142000
2026-05-19 07:00:00,12.6,12.7,12.35,12.6,308400
2026-05-20 07:00:00,12.6,12.65,12.35,12.6,268100
2026-05-21 07:00:00,12.6,12.65,12.5,12.5,160600
2026-05-22 07:00:00,12.5,12.55,12.35,12.4,339500
2026-05-25 07:00:00,12.4,12.6,12.35,12.4,206000
2026-05-26 07:00:00,12.45,12.55,12.4,12.5,141600
2026-05-27 07:00:00,12.6,12.7,12.5,12.6,150700
