time,open,high,low,close,volume
2018-01-02 07:00:00,31.74,32.23,31.74,32.08,16670
2018-01-03 07:00:00,32.08,32.18,31.94,32.03,12600
2018-01-04 07:00:00,32.13,32.13,30.74,31.84,17860
2018-01-05 07:00:00,31.74,31.84,31.44,31.79,28540
2018-01-08 07:00:00,32.57,32.57,31.58,31.94,12430
2018-01-09 07:00:00,31.94,31.94,31.79,31.79,9320
2018-01-10 07:00:00,31.58,31.58,31.0,31.26,18260
2018-01-11 07:00:00,30.68,31.31,30.47,30.74,12970
2018-01-12 07:00:00,30.47,30.74,30.37,30.47,23070
2018-01-15 07:00:00,30.68,30.68,30.47,30.52,2010
2018-01-16 07:00:00,30.74,30.74,30.52,30.74,2130
2018-01-17 07:00:00,31.16,31.21,30.74,31.16,2340
2018-01-18 07:00:00,31.16,31.16,31.0,31.16,1680
2018-01-19 07:00:00,31.0,31.37,31.0,31.16,2950
2018-01-22 07:00:00,31.16,31.21,31.1,31.16,4620
2018-01-25 07:00:00,31.16,31.26,31.0,31.0,8930
2018-01-26 07:00:00,31.0,31.1,30.79,30.79,2940
2018-01-29 07:00:00,30.79,31.0,30.58,30.79,11140
2018-01-30 07:00:00,30.79,30.79,30.1,30.74,5300
2018-01-31 07:00:00,30.74,30.95,30.74,30.89,2780
2018-02-01 07:00:00,30.79,30.89,30.74,30.74,3600
2018-02-02 07:00:00,30.74,31.1,30.74,31.1,1520
2018-02-05 07:00:00,31.0,31.0,30.47,30.47,15230
2018-02-06 07:00:00,30.47,30.47,28.37,30.0,5490
2018-02-07 07:00:00,30.47,31.05,30.37,30.47,23230
2018-02-08 07:00:00,30.37,30.58,30.37,30.58,17080
2018-02-09 07:00:00,28.9,30.21,28.9,29.95,6260
2018-02-12 07:00:00,29.42,31.1,29.42,30.52,3390
2018-02-13 07:00:00,31.52,31.52,30.52,31.26,1080
2018-02-21 07:00:00,31.26,31.26,31.0,31.21,1800
2018-02-22 07:00:00,31.89,32.57,31.52,32.05,22320
2018-02-23 07:00:00,32.05,32.05,31.84,31.94,10620
2018-02-26 07:00:00,31.94,32.05,31.79,32.0,8980
2018-02-27 07:00:00,31.84,32.0,31.79,32.0,10870
2018-02-28 07:00:00,32.0,32.0,31.63,31.89,9980
2018-03-01 07:00:00,31.79,31.89,31.52,31.89,7840
2018-03-02 07:00:00,32.05,32.05,31.58,31.73,6430
2018-03-05 07:00:00,31.79,31.84,31.52,31.52,32810
2018-03-06 07:00:00,31.8,31.8,31.63,31.74,11990
2018-03-07 07:00:00,31.74,31.8,31.74,31.74,10700
2018-03-08 07:00:00,31.8,31.8,31.63,31.69,13350
2018-03-09 07:00:00,31.52,31.52,31.25,31.25,9530
2018-03-12 07:00:00,31.31,31.31,31.14,31.14,13400
2018-03-13 07:00:00,31.14,31.36,31.14,31.31,11400
2018-03-14 07:00:00,31.31,31.52,31.31,31.36,2790
2018-03-15 07:00:00,31.52,31.52,31.36,31.36,1960
2018-03-16 07:00:00,31.52,31.8,31.47,31.69,11580
2018-03-19 07:00:00,31.8,31.9,31.8,31.9,10180
2018-03-20 07:00:00,31.9,31.9,31.52,31.9,13250
2018-03-21 07:00:00,31.9,31.9,31.74,31.85,3320
2018-03-22 07:00:00,31.85,31.85,31.69,31.69,15290
2018-03-23 07:00:00,31.47,31.52,31.47,31.47,1430
2018-03-26 07:00:00,31.25,31.74,31.25,31.74,3840
2018-03-27 07:00:00,31.36,31.42,31.25,31.25,3550
2018-03-28 07:00:00,31.25,31.25,30.98,30.98,1880
2018-03-29 07:00:00,30.98,30.98,30.87,30.87,2100
2018-03-30 07:00:00,30.87,30.98,30.71,30.98,7600
2018-04-02 07:00:00,30.49,31.2,30.49,31.2,6530
2018-04-03 07:00:00,31.2,31.2,31.2,31.2,1990
2018-04-04 07:00:00,30.44,31.25,30.44,31.25,2440
2018-04-05 07:00:00,31.52,32.61,31.14,31.52,33830
2018-04-06 07:00:00,31.14,31.96,31.14,31.9,2640
2018-04-09 07:00:00,31.31,31.52,31.25,31.52,2600
2018-04-10 07:00:00,31.47,32.07,31.47,32.07,930
2018-04-11 07:00:00,32.07,32.07,30.49,30.49,790
2018-04-12 07:00:00,30.54,31.8,30.54,31.8,670
2018-04-13 07:00:00,31.8,31.8,31.52,31.8,1710
2018-04-16 07:00:00,31.8,31.96,31.09,31.96,1790
2018-04-17 07:00:00,31.52,31.96,31.52,31.52,250
2018-04-18 07:00:00,31.52,31.9,31.52,31.9,14970
2018-04-19 07:00:00,31.9,32.12,31.9,31.9,12580
2018-04-20 07:00:00,31.85,31.85,31.52,31.52,2490
2018-04-23 07:00:00,31.52,32.28,31.47,31.52,21520
2018-04-24 07:00:00,31.52,32.01,31.52,32.01,1760
2018-04-26 07:00:00,32.01,32.01,31.09,31.42,4620
2018-04-27 07:00:00,30.65,31.14,30.65,30.98,1180
2018-05-02 07:00:00,30.98,31.25,30.98,31.25,6570
2018-05-03 07:00:00,30.98,31.25,30.49,31.2,2030
2018-05-04 07:00:00,32.01,32.01,31.42,31.42,1040
2018-05-07 07:00:00,31.52,31.52,31.31,31.31,770
2018-05-08 07:00:00,30.54,31.42,30.44,31.42,5030
2018-05-09 07:00:00,31.42,31.42,30.93,30.93,740
2018-05-10 07:00:00,30.98,31.52,30.71,30.71,2360
2018-05-11 07:00:00,30.98,30.98,30.71,30.71,810
2018-05-14 07:00:00,30.71,31.25,30.71,31.25,2830
2018-05-15 07:00:00,31.25,31.25,30.71,31.03,1340
2018-05-16 07:00:00,31.03,31.03,30.71,30.98,270
2018-05-17 07:00:00,30.82,30.98,30.76,30.98,1180
2018-05-18 07:00:00,30.98,30.98,30.76,30.98,3520
2018-05-21 07:00:00,30.87,31.14,30.87,31.14,650
2018-05-22 07:00:00,30.87,31.2,30.87,30.87,1180
2018-05-23 07:00:00,30.93,30.98,30.87,30.93,910
2018-05-24 07:00:00,31.09,31.09,30.98,30.98,1400
2018-05-25 07:00:00,30.98,30.98,30.71,30.87,330
2018-05-28 07:00:00,30.87,30.87,29.89,29.89,9930
2018-05-29 07:00:00,29.89,30.44,29.35,30.44,7350
2018-05-30 07:00:00,30.44,30.71,30.44,30.71,2050
2018-05-31 07:00:00,30.44,30.44,30.22,30.22,330
2018-06-01 07:00:00,30.71,30.71,30.27,30.33,5650
2018-06-04 07:00:00,30.93,30.98,30.44,30.44,8850
2018-06-05 07:00:00,30.71,30.71,30.27,30.27,4020
2018-06-06 07:00:00,30.27,30.98,30.27,30.98,3230
2018-06-07 07:00:00,30.98,30.98,30.71,30.71,420
2018-06-08 07:00:00,30.71,30.98,30.71,30.71,3680
2018-06-11 07:00:00,30.71,30.87,30.44,30.82,3370
2018-06-12 07:00:00,30.82,30.82,30.44,30.71,6160
2018-06-13 07:00:00,30.27,30.71,30.27,30.49,670
2018-06-14 07:00:00,30.6,30.82,30.6,30.82,340
2018-06-15 07:00:00,30.87,30.87,30.65,30.71,1430
2018-06-18 07:00:00,30.87,30.98,30.6,30.6,5920
2018-06-19 07:00:00,30.6,30.82,30.44,30.65,5230
2018-06-20 07:00:00,30.44,30.6,30.44,30.44,14250
2018-06-21 07:00:00,30.65,30.71,30.44,30.71,4100
2018-06-22 07:00:00,30.71,30.71,30.49,30.71,750
2018-06-26 07:00:00,30.65,30.65,30.49,30.49,2010
2018-06-27 07:00:00,30.6,30.98,30.44,30.44,11830
2018-06-28 07:00:00,30.44,30.87,30.44,30.44,8320
2018-06-29 07:00:00,30.44,30.44,29.95,30.22,5110
2018-07-02 07:00:00,29.89,30.06,29.35,29.62,11240
2018-07-03 07:00:00,29.62,30.0,29.57,29.62,4120
2018-07-04 07:00:00,29.84,29.84,29.62,29.62,6440
2018-07-05 07:00:00,29.62,29.62,29.08,29.08,3380
2018-07-06 07:00:00,29.08,29.08,28.26,28.97,3840
2018-07-09 07:00:00,29.19,30.11,29.02,29.02,1530
2018-07-10 07:00:00,29.3,29.3,28.59,28.59,1730
2018-07-11 07:00:00,28.7,29.24,28.7,28.7,1550
2018-07-12 07:00:00,28.75,29.13,28.59,28.59,2480
2018-07-13 07:00:00,28.7,28.75,28.7,28.75,390
2018-07-16 07:00:00,28.81,29.13,28.75,29.08,3240
2018-07-17 07:00:00,29.08,29.08,28.26,29.02,3580
2018-07-18 07:00:00,29.13,29.13,28.81,29.13,1580
2018-07-19 07:00:00,28.81,29.24,28.81,29.24,2130
2018-07-20 07:00:00,29.89,29.89,29.24,29.35,10920
2018-07-23 07:00:00,29.35,29.62,28.81,29.62,15370
2018-07-24 07:00:00,29.62,29.62,28.86,29.35,700
2018-07-25 07:00:00,29.35,29.35,29.08,29.35,1070
2018-07-26 07:00:00,29.08,29.08,28.81,29.08,2770
2018-07-27 07:00:00,28.97,29.08,28.92,29.08,5330
2018-07-30 07:00:00,29.08,29.62,28.53,29.35,4080
2018-07-31 07:00:00,29.35,29.57,29.08,29.35,1980
2018-08-01 07:00:00,29.35,29.35,29.08,29.19,410
2018-08-02 07:00:00,29.08,29.35,29.08,29.35,1510
2018-08-03 07:00:00,29.3,29.78,29.08,29.78,3200
2018-08-06 07:00:00,29.68,29.68,29.35,29.35,1300
2018-08-07 07:00:00,29.89,29.89,29.35,29.35,4200
2018-08-08 07:00:00,29.35,29.62,29.35,29.35,4940
2018-08-09 07:00:00,29.35,29.35,29.19,29.19,6070
2018-08-10 07:00:00,29.19,29.19,28.97,28.97,7760
2018-08-13 07:00:00,29.13,29.13,29.02,29.02,2220
2018-08-14 07:00:00,29.62,29.62,29.08,29.57,3800
2018-08-15 07:00:00,29.51,29.51,29.08,29.08,12830
2018-08-16 07:00:00,28.97,29.35,28.81,29.35,7250
2018-08-17 07:00:00,29.35,29.35,28.81,28.92,8250
2018-08-20 07:00:00,28.97,28.97,28.86,28.86,8360
2018-08-21 07:00:00,29.35,29.35,29.35,29.35,760
2018-08-22 07:00:00,29.35,29.4,29.13,29.24,7550
2018-08-23 07:00:00,29.24,29.62,29.24,29.62,3050
2018-08-24 07:00:00,29.68,29.68,29.4,29.4,2370
2018-08-27 07:00:00,29.78,30.16,29.46,29.46,680
2018-08-28 07:00:00,30.0,30.0,29.95,29.95,30
2018-08-29 07:00:00,30.0,30.0,29.73,29.84,1120
2018-08-30 07:00:00,29.57,29.89,29.4,29.62,4230
2018-08-31 07:00:00,29.68,29.78,29.62,29.78,1980
2018-09-04 07:00:00,29.89,30.33,29.78,29.78,630
2018-09-05 07:00:00,29.89,30.44,29.78,29.78,2880
2018-09-06 07:00:00,29.89,29.89,29.78,29.78,1370
2018-09-07 07:00:00,29.89,30.0,29.89,29.89,1430
2018-09-10 07:00:00,29.89,30.16,29.89,30.06,1870
2018-09-11 07:00:00,30.38,30.44,30.16,30.44,2610
2018-09-12 07:00:00,30.44,30.93,30.44,30.44,450
2018-09-13 07:00:00,30.87,30.87,30.44,30.49,150
2018-09-14 07:00:00,30.71,30.71,30.44,30.71,580
2018-09-17 07:00:00,30.44,30.49,30.33,30.44,1230
2018-09-18 07:00:00,30.33,30.93,30.33,30.44,5140
2018-09-19 07:00:00,30.54,30.71,30.49,30.49,2650
2018-09-20 07:00:00,30.49,30.98,30.49,30.6,270
2018-09-21 07:00:00,30.6,30.6,30.38,30.38,6190
2018-09-24 07:00:00,30.71,30.98,30.49,30.49,2210
2018-09-25 07:00:00,30.44,30.98,30.44,30.6,6530
2018-09-26 07:00:00,30.93,32.61,30.93,31.96,10640
2018-09-27 07:00:00,32.01,32.61,32.01,32.61,8870
2018-09-28 07:00:00,32.28,32.5,32.28,32.39,960
2018-10-01 07:00:00,31.58,31.8,31.52,31.8,210
2018-10-02 07:00:00,31.52,32.18,31.52,32.18,10230
2018-10-03 07:00:00,32.07,32.34,32.07,32.23,4700
2018-10-04 07:00:00,32.23,32.34,32.23,32.34,3070
2018-10-05 07:00:00,32.34,32.61,32.34,32.61,9030
2018-10-08 07:00:00,32.34,32.61,32.34,32.61,240
2018-10-09 07:00:00,32.56,32.56,31.52,32.5,5730
2018-10-10 07:00:00,32.5,32.5,31.8,32.07,4820
2018-10-11 07:00:00,32.07,32.07,31.25,31.8,8270
2018-10-12 07:00:00,31.47,31.8,31.47,31.8,5760
2018-10-15 07:00:00,32.07,32.07,31.8,32.01,3760
2018-10-16 07:00:00,32.07,32.56,32.07,32.5,6140
2018-10-17 07:00:00,32.61,32.61,32.28,32.5,8860
2018-10-18 07:00:00,32.56,32.61,32.5,32.61,3740
2018-10-19 07:00:00,32.61,32.61,32.45,32.61,9990
2018-10-22 07:00:00,32.61,32.61,32.5,32.56,3980
2018-10-23 07:00:00,32.56,32.56,31.74,32.56,1560
2018-10-24 07:00:00,32.56,32.56,32.56,32.56,5090
2018-10-25 07:00:00,31.85,32.83,31.85,32.45,27100
2018-10-26 07:00:00,32.45,32.83,32.45,32.61,5680
2018-10-29 07:00:00,32.61,32.83,32.61,32.66,3970
2018-10-30 07:00:00,32.61,32.83,31.9,32.61,860
2018-11-01 07:00:00,32.61,32.88,32.39,32.61,1880
2018-11-02 07:00:00,32.61,32.61,32.5,32.61,5410
2018-11-05 07:00:00,32.66,32.72,32.5,32.72,1290
2018-11-06 07:00:00,32.72,32.83,32.72,32.77,3510
2018-11-07 07:00:00,32.66,32.88,32.61,32.88,600
2018-11-08 07:00:00,32.88,32.94,32.72,32.94,1960
2018-11-09 07:00:00,32.99,33.15,32.99,33.15,5190
2018-11-12 07:00:00,33.15,33.15,32.77,32.77,750
2018-11-13 07:00:00,32.77,32.77,32.61,32.77,9310
2018-11-14 07:00:00,32.88,32.88,32.77,32.77,1200
2018-11-15 07:00:00,32.88,33.37,32.88,33.37,970
2018-11-16 07:00:00,33.21,33.21,32.83,32.83,1890
2018-11-20 07:00:00,32.83,32.88,32.83,32.88,1790
2018-11-21 07:00:00,32.88,33.15,32.88,32.88,3760
2018-11-22 07:00:00,32.88,32.88,32.07,32.83,780
2018-11-23 07:00:00,32.83,33.7,32.83,33.7,1800
2018-11-26 07:00:00,32.88,35.82,32.88,33.7,560
2018-11-27 07:00:00,33.7,33.7,33.7,33.7,520
2018-11-28 07:00:00,33.7,33.97,33.7,33.81,520
2018-11-29 07:00:00,33.81,33.81,33.7,33.7,30
2018-11-30 07:00:00,33.04,33.7,33.04,33.21,740
2018-12-03 07:00:00,33.43,33.43,33.26,33.37,1270
2018-12-04 07:00:00,33.32,33.32,33.15,33.32,1990
2018-12-05 07:00:00,33.32,34.13,33.32,33.97,470
2018-12-06 07:00:00,35.0,35.0,33.92,33.92,2880
2018-12-07 07:00:00,33.97,34.46,33.97,33.97,4500
2018-12-10 07:00:00,33.97,34.24,33.7,34.24,2680
2018-12-11 07:00:00,34.24,34.24,34.24,34.24,330
2018-12-12 07:00:00,34.24,34.51,34.24,34.24,13820
2018-12-13 07:00:00,34.24,34.24,34.24,34.24,3130
2018-12-14 07:00:00,34.24,34.51,33.7,34.24,14020
2018-12-17 07:00:00,34.24,34.24,33.7,34.24,4870
2018-12-18 07:00:00,34.19,34.24,34.02,34.24,2460
2018-12-19 07:00:00,34.19,34.19,33.7,34.13,110
2018-12-20 07:00:00,34.13,34.24,33.75,33.97,6340
2018-12-21 07:00:00,33.97,34.13,33.7,34.13,4690
2018-12-24 07:00:00,34.24,34.4,33.7,33.7,6180
2018-12-25 07:00:00,32.61,34.35,32.61,34.24,5810
2018-12-26 07:00:00,34.24,34.24,33.7,33.97,550
2018-12-27 07:00:00,33.97,34.24,33.97,34.13,920
2018-12-28 07:00:00,34.13,34.24,34.08,34.19,2580
2019-01-02 07:00:00,34.3,34.3,33.73,33.73,3860
2019-01-03 07:00:00,33.73,33.73,33.67,33.73,4380
2019-01-04 07:00:00,33.73,33.9,33.73,33.78,22600
2019-01-07 07:00:00,34.01,35.17,33.9,34.24,7070
2019-01-08 07:00:00,34.01,34.3,34.01,34.13,720
2019-01-09 07:00:00,34.13,34.3,34.13,34.19,3540
2019-01-10 07:00:00,34.48,34.59,34.48,34.48,960
2019-01-11 07:00:00,34.59,34.59,34.3,34.53,4440
2019-01-14 07:00:00,34.53,35.17,34.01,34.53,3960
2019-01-15 07:00:00,34.01,34.53,33.96,34.53,400
2019-01-16 07:00:00,34.53,34.53,33.73,33.84,5710
2019-01-17 07:00:00,33.84,33.84,33.73,33.73,2960
2019-01-18 07:00:00,34.07,34.53,32.28,34.24,9150
2019-01-21 07:00:00,34.3,34.82,34.07,34.07,5860
2019-01-22 07:00:00,34.53,35.22,34.53,34.88,8310
2019-01-23 07:00:00,35.17,35.74,34.88,35.17,3530
2019-01-24 07:00:00,35.17,35.17,33.49,34.59,3190
2019-01-25 07:00:00,34.59,34.88,34.59,34.59,1910
2019-01-28 07:00:00,34.59,34.65,34.59,34.59,600
2019-01-29 07:00:00,34.59,34.88,33.73,34.88,3610
2019-01-31 07:00:00,35.22,35.22,35.11,35.11,540
2019-02-01 07:00:00,34.88,35.28,34.88,34.88,1230
2019-02-11 07:00:00,35.17,35.46,34.88,35.46,2380
2019-02-12 07:00:00,35.46,35.46,35.22,35.46,8670
2019-02-13 07:00:00,35.46,35.46,34.88,35.05,3840
2019-02-14 07:00:00,35.28,35.46,35.17,35.46,12010
2019-02-15 07:00:00,35.22,35.63,35.22,35.57,15800
2019-02-18 07:00:00,35.74,36.03,35.74,35.92,17410
2019-02-19 07:00:00,36.03,38.4,35.97,36.15,5990
2019-02-20 07:00:00,36.32,36.32,35.92,36.03,2840
2019-02-21 07:00:00,36.26,36.32,35.74,35.86,6550
2019-02-22 07:00:00,36.65,36.65,35.8,35.86,9620
2019-02-25 07:00:00,35.68,36.1,35.68,35.8,5250
2019-02-26 07:00:00,35.56,35.56,34.23,35.32,4800
2019-02-27 07:00:00,34.17,35.32,34.17,35.07,1920
2019-02-28 07:00:00,35.07,35.13,34.83,34.89,2070
2019-03-01 07:00:00,34.77,35.07,34.77,35.07,3880
2019-03-04 07:00:00,35.07,35.86,35.07,35.68,4340
2019-03-05 07:00:00,35.92,35.98,35.68,35.98,9110
2019-03-06 07:00:00,35.98,35.98,35.5,35.98,890
2019-03-07 07:00:00,35.74,36.1,35.74,36.1,4270
2019-03-08 07:00:00,36.1,36.1,35.68,35.98,7100
2019-03-11 07:00:00,35.25,36.28,35.25,35.74,7330
2019-03-12 07:00:00,35.74,36.22,35.68,36.22,4160
2019-03-13 07:00:00,36.22,36.28,35.68,36.16,2330
2019-03-14 07:00:00,35.8,36.16,35.38,35.98,2560
2019-03-15 07:00:00,35.98,36.1,35.98,36.04,2790
2019-03-18 07:00:00,36.04,36.16,36.04,36.1,2690
2019-03-19 07:00:00,36.1,36.22,35.68,35.68,6650
2019-03-20 07:00:00,35.68,35.98,35.68,35.92,1060
2019-03-21 07:00:00,35.98,36.04,35.92,35.98,2330
2019-03-22 07:00:00,35.98,35.98,35.07,35.98,1770
2019-03-25 07:00:00,35.98,35.98,35.13,35.8,3720
2019-03-26 07:00:00,35.8,35.98,35.8,35.8,410
2019-03-27 07:00:00,35.44,36.16,35.44,35.92,130
2019-03-28 07:00:00,35.5,35.92,35.5,35.92,630
2019-03-29 07:00:00,35.92,35.92,35.68,35.68,210
2019-04-01 07:00:00,35.8,35.8,35.62,35.62,2910
2019-04-02 07:00:00,35.68,35.98,35.38,35.5,910
2019-04-03 07:00:00,35.56,35.56,35.5,35.5,1010
2019-04-04 07:00:00,35.68,35.98,35.5,35.98,3190
2019-04-05 07:00:00,35.98,35.98,35.98,35.98,290
2019-04-08 07:00:00,35.38,35.98,35.38,35.98,3350
2019-04-09 07:00:00,36.28,36.28,35.74,35.74,760
2019-04-10 07:00:00,35.74,35.74,35.68,35.74,270
2019-04-11 07:00:00,35.98,35.98,35.5,35.5,750
2019-04-12 07:00:00,35.5,35.68,35.5,35.68,1540
2019-04-16 07:00:00,35.38,35.62,35.32,35.38,3590
2019-04-17 07:00:00,35.38,35.68,35.32,35.32,1030
2019-04-18 07:00:00,35.32,35.86,35.32,35.5,500
2019-04-19 07:00:00,35.38,35.68,35.32,35.62,3790
2019-04-22 07:00:00,35.5,35.62,35.44,35.62,1730
2019-04-23 07:00:00,35.8,35.8,35.68,35.74,3010
2019-04-24 07:00:00,35.68,35.86,35.68,35.86,480
2019-04-25 07:00:00,35.68,35.8,35.38,35.38,3270
2019-04-26 07:00:00,35.8,35.92,35.44,35.74,1310
2019-05-02 07:00:00,35.68,35.68,35.38,35.62,2430
2019-05-03 07:00:00,35.32,35.68,35.32,35.68,1940
2019-05-06 07:00:00,35.44,35.92,35.25,35.86,9660
2019-05-07 07:00:00,35.86,35.98,35.68,35.68,7550
2019-05-08 07:00:00,35.74,36.04,35.68,36.04,6720
2019-05-09 07:00:00,36.1,36.16,35.68,35.68,3750
2019-05-10 07:00:00,35.68,35.98,35.68,35.98,680
2019-05-13 07:00:00,35.98,35.98,35.92,35.98,7780
2019-05-14 07:00:00,35.98,35.98,35.68,35.68,3470
2019-05-15 07:00:00,35.86,35.86,35.56,35.62,1570
2019-05-16 07:00:00,35.62,35.98,35.56,35.62,630
2019-05-17 07:00:00,35.56,35.62,35.56,35.62,9310
2019-05-20 07:00:00,35.62,35.98,35.5,35.5,890
2019-05-21 07:00:00,35.5,36.22,35.5,35.5,1740
2019-05-22 07:00:00,35.5,35.68,35.68,35.68,1490
2019-05-23 07:00:00,35.68,35.68,35.5,35.5,8240
2019-05-24 07:00:00,35.5,35.92,35.5,35.92,2020
2019-05-27 07:00:00,35.56,35.68,35.5,35.68,3360
2019-05-28 07:00:00,35.98,35.98,35.68,35.68,2360
2019-05-29 07:00:00,35.98,35.98,35.5,35.56,1710
2019-05-30 07:00:00,35.56,35.56,35.5,35.56,1430
2019-05-31 07:00:00,35.62,35.62,35.5,35.5,1200
2019-06-03 07:00:00,35.68,35.68,35.5,35.5,2760
2019-06-04 07:00:00,35.68,35.68,35.5,35.68,470
2019-06-05 07:00:00,35.56,35.68,35.5,35.56,3260
2019-06-06 07:00:00,35.5,35.56,35.38,35.38,1530
2019-06-07 07:00:00,35.38,35.56,35.38,35.56,4160
2019-06-10 07:00:00,35.68,35.68,35.56,35.68,4000
2019-06-11 07:00:00,35.56,35.68,35.5,35.56,2800
2019-06-12 07:00:00,35.56,35.56,35.38,35.38,2400
2019-06-13 07:00:00,35.38,35.62,35.38,35.56,4350
2019-06-14 07:00:00,35.56,35.56,34.89,35.5,5360
2019-06-17 07:00:00,35.56,35.56,35.07,35.32,4700
2019-06-18 07:00:00,35.44,35.44,35.32,35.32,310
2019-06-19 07:00:00,35.07,35.32,35.07,35.07,4860
2019-06-20 07:00:00,35.38,35.38,35.01,35.19,4910
2019-06-21 07:00:00,35.25,35.25,35.07,35.07,2530
2019-06-24 07:00:00,35.13,35.13,34.77,35.01,8420
2019-06-25 07:00:00,35.07,35.07,35.01,35.07,170
2019-06-26 07:00:00,35.07,35.38,34.83,34.83,1260
2019-06-27 07:00:00,35.13,35.13,34.47,34.83,7460
2019-06-28 07:00:00,35.07,35.07,34.77,34.83,2220
2019-07-01 07:00:00,34.83,34.95,34.47,34.95,3870
2019-07-02 07:00:00,35.07,35.07,34.47,34.95,4710
2019-07-03 07:00:00,34.95,34.95,34.59,34.95,3380
2019-07-04 07:00:00,34.59,34.95,34.47,34.89,8000
2019-07-05 07:00:00,34.89,34.89,34.47,34.77,1400
2019-07-08 07:00:00,34.59,34.77,34.47,34.77,4790
2019-07-09 07:00:00,34.59,34.59,34.23,34.47,3440
2019-07-10 07:00:00,34.47,34.53,34.17,34.41,7340
2019-07-11 07:00:00,34.17,34.47,34.17,34.47,2050
2019-07-12 07:00:00,34.47,34.47,34.35,34.41,4400
2019-07-15 07:00:00,34.35,34.77,34.1,34.1,6510
2019-07-16 07:00:00,34.47,34.47,34.04,34.17,2240
2019-07-17 07:00:00,34.17,34.17,33.86,33.86,8440
2019-07-18 07:00:00,34.47,34.47,33.86,33.86,7180
2019-07-19 07:00:00,34.17,35.56,34.1,35.56,7160
2019-07-22 07:00:00,35.5,35.5,33.86,33.86,16490
2019-07-23 07:00:00,34.17,34.17,33.86,34.17,7940
2019-07-24 07:00:00,34.17,34.17,33.86,34.1,9450
2019-07-25 07:00:00,34.1,34.17,33.86,34.1,1980
2019-07-26 07:00:00,34.1,34.17,33.92,33.92,3060
2019-07-29 07:00:00,33.92,34.17,33.86,33.98,2880
2019-07-30 07:00:00,34.1,34.1,33.98,34.1,300
2019-07-31 07:00:00,34.17,34.47,34.1,34.1,2390
2019-08-01 07:00:00,34.17,35.32,34.1,34.41,7000
2019-08-02 07:00:00,34.47,34.95,34.41,34.77,2090
2019-08-05 07:00:00,34.77,34.77,34.04,34.17,7440
2019-08-06 07:00:00,34.17,34.53,34.1,34.53,6220
2019-08-07 07:00:00,34.17,34.53,34.29,34.47,2610
2019-08-08 07:00:00,34.35,34.65,34.35,34.65,220
2019-08-09 07:00:00,34.53,34.77,34.53,34.77,2660
2019-08-12 07:00:00,34.77,34.89,34.71,34.89,1850
2019-08-13 07:00:00,34.89,35.01,34.89,34.95,4590
2019-08-14 07:00:00,35.13,35.13,34.89,35.07,4840
2019-08-15 07:00:00,34.95,34.95,34.47,34.89,9940
2019-08-16 07:00:00,35.07,35.07,34.77,35.07,1930
2019-08-19 07:00:00,35.07,35.07,34.89,35.07,450
2019-08-20 07:00:00,34.95,34.95,34.47,34.89,5080
2019-08-21 07:00:00,34.65,34.95,34.65,34.95,1310
2019-08-22 07:00:00,35.07,35.07,34.89,34.89,420
2019-08-23 07:00:00,34.89,35.07,34.89,35.07,2790
2019-08-26 07:00:00,34.95,34.95,34.71,34.95,290
2019-08-27 07:00:00,34.95,35.07,34.89,34.89,2100
2019-08-28 07:00:00,35.07,35.07,34.89,35.07,2270
2019-08-29 07:00:00,35.07,35.07,35.01,35.01,5480
2019-08-30 07:00:00,35.07,35.07,34.89,34.89,3080
2019-09-03 07:00:00,34.89,35.07,34.47,34.71,2570
2019-09-04 07:00:00,34.89,35.07,34.71,35.01,11020
2019-09-05 07:00:00,35.07,35.19,35.01,35.01,3120
2019-09-06 07:00:00,35.01,35.07,35.01,35.07,3790
2019-09-09 07:00:00,35.07,35.19,35.01,35.19,16330
2019-09-10 07:00:00,35.86,35.86,35.19,35.38,1100
2019-09-11 07:00:00,35.38,35.74,35.38,35.56,1860
2019-09-12 07:00:00,35.68,35.68,35.32,35.38,3110
2019-09-13 07:00:00,35.32,35.32,35.07,35.13,7820
2019-09-16 07:00:00,35.13,35.19,35.07,35.19,5910
2019-09-17 07:00:00,35.07,35.19,35.07,35.19,3970
2019-09-18 07:00:00,35.32,35.5,35.25,35.38,1010
2019-09-19 07:00:00,35.38,35.38,35.32,35.38,10470
2019-09-20 07:00:00,35.25,35.5,35.25,35.44,1290
2019-09-23 07:00:00,35.44,35.5,35.44,35.5,3050
2019-09-24 07:00:00,35.56,35.56,35.13,35.32,8450
2019-09-25 07:00:00,35.68,35.68,35.38,35.56,1050
2019-09-26 07:00:00,35.38,35.68,35.32,35.62,2480
2019-09-27 07:00:00,35.62,35.68,35.62,35.68,2140
2019-09-30 07:00:00,35.74,35.98,35.74,35.8,2560
2019-10-01 07:00:00,35.98,35.98,35.68,35.8,1900
2019-10-02 07:00:00,35.68,35.8,35.68,35.8,1200
2019-10-03 07:00:00,35.8,35.8,35.74,35.8,1790
2019-10-04 07:00:00,35.8,35.8,35.68,35.74,5280
2019-10-07 07:00:00,35.19,35.74,35.19,35.74,5100
2019-10-08 07:00:00,35.74,35.8,35.68,35.8,3530
2019-10-09 07:00:00,35.8,35.86,35.68,35.8,790
2019-10-10 07:00:00,35.74,35.86,35.62,35.8,250
2019-10-11 07:00:00,35.5,35.86,35.5,35.8,660
2019-10-14 07:00:00,35.8,35.92,35.8,35.92,1520
2019-10-15 07:00:00,35.92,35.98,35.92,35.92,820
2019-10-16 07:00:00,35.92,36.16,35.92,35.98,3010
2019-10-17 07:00:00,36.04,36.22,35.92,35.98,1320
2019-10-18 07:00:00,36.16,37.49,35.38,35.68,2650
2019-10-21 07:00:00,35.8,36.16,35.32,35.74,3820
2019-10-22 07:00:00,35.98,35.98,35.38,35.62,1460
2019-10-23 07:00:00,35.62,35.68,35.56,35.68,2200
2019-10-24 07:00:00,35.68,35.92,35.68,35.74,3310
2019-10-25 07:00:00,35.68,35.92,35.32,35.8,6760
2019-10-28 07:00:00,35.8,35.98,35.74,35.98,2310
2019-10-29 07:00:00,35.98,36.16,35.68,35.8,1130
2019-10-30 07:00:00,36.16,36.16,35.8,35.8,1040
2019-10-31 07:00:00,35.92,35.98,35.56,35.98,2710
2019-11-01 07:00:00,35.74,35.92,35.5,35.92,1870
2019-11-04 07:00:00,35.92,36.04,35.62,35.92,320
2019-11-05 07:00:00,35.68,35.92,35.68,35.92,3680
2019-11-06 07:00:00,35.8,36.16,35.68,36.04,2770
2019-11-07 07:00:00,36.28,36.28,35.98,36.16,4260
2019-11-08 07:00:00,36.28,36.46,36.28,36.28,5460
2019-11-11 07:00:00,36.46,36.46,35.98,36.28,2130
2019-11-12 07:00:00,36.28,36.28,35.98,36.22,3080
2019-11-13 07:00:00,36.16,36.22,35.98,36.22,1640
2019-11-14 07:00:00,36.04,36.22,35.92,35.98,650
2019-11-15 07:00:00,35.92,36.04,35.92,35.98,1620
2019-11-18 07:00:00,35.98,35.98,35.92,35.92,3980
2019-11-19 07:00:00,35.98,35.98,35.86,35.98,1180
2019-11-20 07:00:00,35.98,36.28,35.98,36.28,7690
2019-11-21 07:00:00,36.58,37.49,36.58,37.01,8650
2019-11-22 07:00:00,37.37,37.37,37.01,37.25,4770
2019-11-25 07:00:00,37.13,37.13,36.77,37.01,5840
2019-11-26 07:00:00,37.01,37.13,37.01,37.13,2390
2019-11-27 07:00:00,37.19,37.19,36.89,36.95,1520
2019-11-28 07:00:00,37.19,37.19,36.7,36.89,5190
2019-11-29 07:00:00,36.58,37.01,36.58,37.01,1600
2019-12-02 07:00:00,37.01,37.01,36.46,36.83,4840
2019-12-03 07:00:00,36.46,36.77,36.28,36.77,2960
2019-12-04 07:00:00,36.77,36.77,36.7,36.77,390
2019-12-05 07:00:00,36.89,36.89,36.65,36.77,1550
2019-12-06 07:00:00,36.58,36.77,36.28,36.65,4380
2019-12-09 07:00:00,36.77,36.83,36.65,36.77,6110
2019-12-10 07:00:00,36.77,36.89,36.65,36.77,12840
2019-12-11 07:00:00,36.7,37.19,36.7,36.95,370
2019-12-12 07:00:00,36.95,37.13,36.89,36.95,2890
2019-12-13 07:00:00,36.89,37.19,36.89,36.89,1130
2019-12-16 07:00:00,36.89,36.89,36.28,36.28,4940
2019-12-17 07:00:00,36.28,36.58,36.28,36.34,6640
2019-12-18 07:00:00,36.34,36.7,36.28,36.4,1970
2019-12-19 07:00:00,36.46,36.46,36.28,36.28,5850
2019-12-20 07:00:00,36.52,37.19,36.52,37.19,9120
2019-12-23 07:00:00,37.19,37.25,36.89,37.19,7770
2019-12-24 07:00:00,37.19,37.19,37.07,37.19,4270
2019-12-25 07:00:00,37.25,38.1,37.01,37.61,8060
2019-12-26 07:00:00,37.61,37.61,36.77,36.77,5170
2019-12-27 07:00:00,37.01,37.01,36.7,36.89,15710
2019-12-30 07:00:00,38.24,38.56,37.14,37.92,8470
2019-12-31 07:00:00,37.92,37.92,37.4,37.92,2380
2020-01-02 07:00:00,37.92,37.92,37.27,37.27,6080
2020-01-03 07:00:00,37.14,37.59,37.14,37.34,1860
2020-01-06 07:00:00,37.34,37.59,37.08,37.27,2110
2020-01-07 07:00:00,37.34,37.47,37.27,37.27,5640
2020-01-08 07:00:00,37.72,37.72,37.21,37.21,850
2020-01-09 07:00:00,37.27,37.59,37.21,37.27,3060
2020-01-10 07:00:00,37.92,37.92,37.14,37.21,4310
2020-01-13 07:00:00,37.21,37.27,37.14,37.14,3770
2020-01-14 07:00:00,37.21,37.27,37.08,37.14,12290
2020-01-15 07:00:00,37.14,37.59,37.08,37.59,5910
2020-01-16 07:00:00,37.21,37.92,37.14,37.59,3480
2020-01-17 07:00:00,37.59,37.66,37.4,37.66,2950
2020-01-20 07:00:00,37.66,37.72,36.95,37.53,5220
2020-01-21 07:00:00,37.85,37.85,37.72,37.79,11300
2020-01-22 07:00:00,37.92,37.92,37.53,37.79,1830
2020-01-30 07:00:00,37.79,37.79,35.15,35.28,83290
2020-01-31 07:00:00,36.37,36.37,35.28,35.34,11840
2020-02-03 07:00:00,35.28,35.28,32.9,33.74,21100
2020-02-04 07:00:00,33.74,34.57,33.74,34.57,12890
2020-02-05 07:00:00,35.02,35.47,35.02,35.15,18110
2020-02-06 07:00:00,35.34,35.41,35.22,35.28,24710
2020-02-07 07:00:00,35.28,35.6,34.7,35.28,9230
2020-02-10 07:00:00,35.28,35.28,34.7,35.09,6840
2020-02-11 07:00:00,35.34,36.56,35.34,35.86,2340
2020-02-12 07:00:00,36.44,36.44,35.79,35.92,4320
2020-02-13 07:00:00,35.99,36.44,35.67,35.79,12390
2020-02-14 07:00:00,35.67,36.31,35.67,36.31,13760
2020-02-17 07:00:00,36.24,36.44,36.12,36.31,24320
2020-02-18 07:00:00,36.31,36.31,35.99,35.99,3680
2020-02-19 07:00:00,35.99,36.12,35.73,35.99,6350
2020-02-20 07:00:00,35.99,35.99,35.92,35.92,9390
2020-02-21 07:00:00,34.58,36.26,34.58,36.12,5110
2020-02-24 07:00:00,36.12,36.12,34.71,34.71,7590
2020-02-25 07:00:00,33.98,34.92,33.91,34.92,16470
2020-02-26 07:00:00,34.78,34.92,34.58,34.58,7740
2020-02-27 07:00:00,34.58,34.65,34.24,34.58,4750
2020-02-28 07:00:00,34.24,34.24,33.98,34.11,2790
2020-03-02 07:00:00,33.91,33.91,32.57,32.77,14580
2020-03-03 07:00:00,32.77,33.91,32.77,33.57,5450
2020-03-04 07:00:00,33.37,33.37,32.9,33.37,2240
2020-03-05 07:00:00,33.37,33.71,33.37,33.64,4960
2020-03-06 07:00:00,33.57,33.71,33.24,33.71,8140
2020-03-09 07:00:00,33.24,33.24,31.56,31.56,18530
2020-03-10 07:00:00,30.89,32.9,30.89,32.9,10770
2020-03-11 07:00:00,32.9,33.57,32.23,32.23,8900
2020-03-12 07:00:00,30.89,30.89,30.22,30.55,12540
2020-03-13 07:00:00,28.87,30.08,28.44,29.38,14840
2020-03-16 07:00:00,28.6,29.81,28.6,29.41,5850
2020-03-17 07:00:00,28.87,29.38,28.77,29.38,15500
2020-03-18 07:00:00,29.74,29.74,29.54,29.54,3340
2020-03-19 07:00:00,29.54,29.54,29.14,29.54,6930
2020-03-20 07:00:00,29.54,29.68,29.54,29.54,3730
2020-03-23 07:00:00,29.54,29.54,27.73,28.0,17560
2020-03-24 07:00:00,27.63,28.8,27.63,28.54,17390
2020-03-25 07:00:00,28.8,29.07,28.54,28.87,7480
2020-03-26 07:00:00,28.87,29.41,28.54,28.54,1150
2020-03-27 07:00:00,28.2,28.6,27.86,28.24,1320
2020-03-30 07:00:00,27.86,27.86,26.86,27.8,12160
2020-03-31 07:00:00,28.8,28.8,27.66,27.97,2610
2020-04-01 07:00:00,28.54,28.6,28.2,28.6,2850
2020-04-03 07:00:00,28.87,29.21,27.66,28.87,16550
2020-04-06 07:00:00,28.2,30.55,28.2,30.22,10940
2020-04-07 07:00:00,30.22,30.28,29.54,30.01,13650
2020-04-08 07:00:00,29.34,30.62,28.87,30.22,14970
2020-04-09 07:00:00,30.82,30.82,29.07,29.74,39050
2020-04-10 07:00:00,30.08,30.08,29.54,29.68,19320
2020-04-13 07:00:00,29.34,29.81,29.31,29.54,32950
2020-04-14 07:00:00,29.81,29.81,29.41,29.54,5670
2020-04-15 07:00:00,29.61,29.74,29.54,29.74,78500
2020-04-16 07:00:00,29.74,29.74,29.21,29.54,43490
2020-04-17 07:00:00,29.01,29.88,29.01,29.51,62020
2020-04-20 07:00:00,29.74,29.81,29.48,29.61,67130
2020-04-21 07:00:00,29.61,29.61,29.34,29.44,40470
2020-04-22 07:00:00,29.41,29.54,29.21,29.44,25270
2020-04-23 07:00:00,29.54,30.22,29.41,29.41,47330
2020-04-24 07:00:00,29.88,29.88,29.41,29.88,34060
2020-04-27 07:00:00,29.68,30.22,29.64,30.15,56640
2020-04-28 07:00:00,30.15,30.15,29.81,29.88,17420
2020-04-29 07:00:00,30.08,30.15,29.88,30.08,12680
2020-05-04 07:00:00,30.08,30.08,29.85,29.95,18720
2020-05-05 07:00:00,29.95,30.01,29.68,29.88,15500
2020-05-06 07:00:00,29.81,29.95,29.81,29.88,15440
2020-05-07 07:00:00,29.88,30.89,29.88,30.55,50530
2020-05-08 07:00:00,30.62,31.16,30.55,30.75,37950
2020-05-11 07:00:00,30.95,30.95,30.75,30.95,43870
2020-05-12 07:00:00,31.22,32.63,31.22,32.57,32840
2020-05-13 07:00:00,32.63,32.7,31.62,32.43,40780
2020-05-14 07:00:00,32.43,32.43,31.83,31.83,18190
2020-05-15 07:00:00,31.96,32.03,31.49,31.56,29520
2020-05-18 07:00:00,31.56,32.1,31.56,31.76,9770
2020-05-19 07:00:00,31.83,32.16,31.83,31.96,14890
2020-05-20 07:00:00,31.56,32.03,31.56,31.62,11710
2020-05-21 07:00:00,31.62,32.16,31.62,31.79,21770
2020-05-22 07:00:00,31.79,32.03,31.79,31.89,19740
2020-05-25 07:00:00,31.83,31.89,31.83,31.83,18740
2020-05-26 07:00:00,31.83,31.89,31.59,31.89,11430
2020-05-27 07:00:00,32.03,32.63,32.03,32.1,26000
2020-05-28 07:00:00,31.56,32.23,31.56,31.96,3690
2020-05-29 07:00:00,31.96,31.96,31.73,31.76,8190
2020-06-01 07:00:00,32.23,32.23,31.56,31.89,10930
2020-06-02 07:00:00,31.89,31.89,31.69,31.73,15550
2020-06-03 07:00:00,31.73,31.73,31.69,31.69,9370
2020-06-04 07:00:00,31.69,31.79,31.66,31.76,11730
2020-06-05 07:00:00,32.06,32.06,31.69,31.86,10070
2020-06-08 07:00:00,31.86,32.1,31.83,31.96,20530
2020-06-09 07:00:00,32.1,32.57,32.1,32.43,28140
2020-06-10 07:00:00,32.47,32.57,32.23,32.3,25820
2020-06-11 07:00:00,32.3,32.3,31.56,31.56,12400
2020-06-12 07:00:00,29.54,31.42,29.54,30.95,26580
2020-06-15 07:00:00,31.09,31.42,30.62,31.42,14820
2020-06-16 07:00:00,31.02,31.36,30.95,31.16,7130
2020-06-17 07:00:00,31.42,31.42,30.89,31.16,7030
2020-06-18 07:00:00,31.16,31.36,31.02,31.36,2110
2020-06-19 07:00:00,31.16,31.49,31.16,31.26,3060
2020-06-22 07:00:00,31.49,31.69,31.49,31.49,13660
2020-06-23 07:00:00,32.03,32.1,31.49,31.49,3380
2020-06-24 07:00:00,31.56,31.56,31.39,31.49,2590
2020-06-25 07:00:00,31.49,31.49,30.89,31.42,2820
2020-06-26 07:00:00,31.09,31.42,31.09,31.22,3150
2020-06-29 07:00:00,31.22,31.22,30.58,30.62,11490
2020-06-30 07:00:00,31.36,31.36,30.62,30.62,3580
2020-07-01 07:00:00,30.28,31.16,30.28,30.89,2940
2020-07-02 07:00:00,30.89,30.89,30.89,30.89,2470
2020-07-03 07:00:00,30.89,30.95,30.82,30.82,4750
2020-07-06 07:00:00,30.89,30.95,30.82,30.95,3560
2020-07-07 07:00:00,30.95,31.06,30.95,31.06,14090
2020-07-08 07:00:00,30.99,31.02,30.92,31.02,14710
2020-07-09 07:00:00,31.02,31.09,30.95,31.09,3610
2020-07-10 07:00:00,31.16,31.16,30.89,30.89,2410
2020-07-13 07:00:00,31.09,31.09,30.82,30.99,2740
2020-07-14 07:00:00,30.92,31.02,30.92,30.95,620
2020-07-15 07:00:00,30.95,31.02,30.89,30.89,6530
2020-07-16 07:00:00,30.92,30.95,30.75,30.85,5010
2020-07-17 07:00:00,30.89,30.89,30.82,30.85,11980
2020-07-20 07:00:00,30.85,30.95,30.82,30.89,15830
2020-07-21 07:00:00,30.85,30.89,30.85,30.89,3410
2020-07-22 07:00:00,30.85,31.22,30.22,30.22,15600
2020-07-23 07:00:00,30.22,30.68,30.22,30.55,16420
2020-07-24 07:00:00,30.22,30.82,29.61,29.88,10420
2020-07-27 07:00:00,29.31,29.31,28.07,28.07,29850
2020-07-28 07:00:00,27.86,28.4,27.8,28.2,23280
2020-07-29 07:00:00,28.5,28.5,27.43,27.46,22450
2020-07-30 07:00:00,27.46,28.13,27.46,27.9,11010
2020-07-31 07:00:00,27.86,27.86,26.86,27.4,14390
2020-08-03 07:00:00,26.89,27.53,26.89,27.53,9420
2020-08-04 07:00:00,27.53,28.0,27.53,27.83,10320
2020-08-05 07:00:00,27.93,28.84,27.8,28.24,13490
2020-08-06 07:00:00,28.27,28.54,28.24,28.34,13890
2020-08-07 07:00:00,28.8,28.8,28.27,28.37,7950
2020-08-10 07:00:00,28.74,28.74,28.47,28.6,7550
2020-08-11 07:00:00,28.6,28.6,28.2,28.54,8630
2020-08-12 07:00:00,28.2,28.74,28.17,28.54,10920
2020-08-13 07:00:00,28.74,28.8,28.54,28.64,10880
2020-08-14 07:00:00,28.67,30.15,28.57,30.15,20900
2020-08-17 07:00:00,29.54,29.54,29.21,29.48,6890
2020-08-18 07:00:00,28.94,29.68,28.94,29.51,1880
2020-08-19 07:00:00,29.51,29.51,28.94,29.41,12150
2020-08-20 07:00:00,29.41,29.41,29.21,29.28,4100
2020-08-21 07:00:00,29.21,29.28,29.14,29.14,6960
2020-08-24 07:00:00,29.14,29.34,29.14,29.21,7680
2020-08-25 07:00:00,29.28,29.28,29.07,29.21,11890
2020-08-26 07:00:00,28.94,29.11,28.94,29.04,2740
2020-08-27 07:00:00,29.04,29.34,28.94,29.01,3900
2020-08-28 07:00:00,29.11,29.51,29.07,29.41,9830
2020-08-31 07:00:00,29.41,29.71,29.07,29.21,7540
2020-09-01 07:00:00,29.34,29.48,28.91,29.41,9030
2020-09-03 07:00:00,29.41,29.54,29.21,29.44,7700
2020-09-04 07:00:00,29.34,29.34,29.07,29.21,8940
2020-09-07 07:00:00,29.21,29.44,29.21,29.21,8080
2020-09-08 07:00:00,29.21,29.34,29.21,29.34,5060
2020-09-09 07:00:00,29.48,29.54,29.28,29.41,12150
2020-09-10 07:00:00,29.48,29.48,29.14,29.28,21740
2020-09-11 07:00:00,29.41,29.54,29.24,29.51,9500
2020-09-14 07:00:00,29.61,30.35,29.54,30.32,19690
2020-09-15 07:00:00,30.38,30.62,30.22,30.32,13240
2020-09-16 07:00:00,30.32,30.48,30.22,30.48,10690
2020-09-17 07:00:00,30.42,30.55,30.22,30.45,3610
2020-09-18 07:00:00,30.45,30.45,29.95,30.08,21690
2020-09-21 07:00:00,30.08,30.35,29.68,30.22,15170
2020-09-22 07:00:00,30.22,30.22,30.08,30.22,8610
2020-09-23 07:00:00,30.22,30.22,30.01,30.01,6200
2020-09-24 07:00:00,30.18,30.22,30.01,30.08,11710
2020-09-25 07:00:00,30.22,30.22,29.95,30.01,12860
2020-09-28 07:00:00,30.01,30.22,29.98,30.22,59040
2020-09-29 07:00:00,30.35,30.38,30.08,30.22,15930
2020-09-30 07:00:00,30.05,30.22,29.98,30.12,22950
2020-10-01 07:00:00,30.22,30.42,30.12,30.35,17190
2020-10-02 07:00:00,30.35,30.89,30.28,30.55,50830
2020-10-05 07:00:00,30.55,31.02,30.55,31.02,37310
2020-10-06 07:00:00,31.16,31.29,31.02,31.16,20410
2020-10-07 07:00:00,31.02,31.02,30.55,30.89,9070
2020-10-08 07:00:00,31.02,31.02,30.42,30.89,75800
2020-10-09 07:00:00,30.89,30.95,30.58,30.89,6080
2020-10-12 07:00:00,30.89,30.95,30.22,30.55,22750
2020-10-13 07:00:00,30.55,30.55,30.18,30.42,12980
2020-10-14 07:00:00,30.45,30.45,30.08,30.08,7300
2020-10-15 07:00:00,29.95,30.22,29.95,30.22,37870
2020-10-16 07:00:00,30.01,30.22,29.61,29.88,28740
2020-10-19 07:00:00,29.88,30.22,29.61,30.22,9590
2020-10-20 07:00:00,30.22,30.52,30.22,30.38,9970
2020-10-21 07:00:00,30.38,30.55,30.15,30.15,5860
2020-10-22 07:00:00,30.15,30.42,29.88,30.22,4570
2020-10-23 07:00:00,30.22,30.68,30.22,30.22,9630
2020-10-26 07:00:00,30.22,30.22,30.15,30.15,8860
2020-10-27 07:00:00,30.15,30.22,30.01,30.08,6970
2020-10-28 07:00:00,30.05,30.08,29.74,29.74,10330
2020-10-29 07:00:00,29.21,29.88,29.21,29.88,3200
2020-10-30 07:00:00,29.78,30.15,29.74,30.15,7910
2020-11-02 07:00:00,30.22,30.32,29.81,30.08,12920
2020-11-03 07:00:00,30.08,30.08,30.01,30.08,1610
2020-11-04 07:00:00,30.08,30.25,30.08,30.15,3540
2020-11-05 07:00:00,30.15,30.35,30.15,30.15,1110
2020-11-06 07:00:00,30.15,30.22,29.98,30.18,2030
2020-11-09 07:00:00,30.18,30.18,29.88,30.15,6960
2020-11-10 07:00:00,30.82,30.89,30.28,30.28,15880
2020-11-11 07:00:00,30.28,30.55,30.28,30.48,3250
2020-11-12 07:00:00,30.68,30.75,30.55,30.62,4130
2020-11-13 07:00:00,30.62,30.89,30.62,30.89,7560
2020-11-16 07:00:00,30.55,30.79,30.55,30.75,3650
2020-11-17 07:00:00,30.75,30.89,30.42,30.75,3350
2020-11-18 07:00:00,30.75,31.16,30.75,30.75,6590
2020-11-19 07:00:00,30.75,30.89,30.62,30.62,11020
2020-11-20 07:00:00,30.62,30.89,30.58,30.68,4630
2020-11-23 07:00:00,30.89,30.89,30.55,30.82,8970
2020-11-24 07:00:00,30.82,30.82,30.65,30.79,17270
2020-11-25 07:00:00,30.89,31.09,30.79,30.89,18260
2020-11-26 07:00:00,30.95,31.42,30.95,31.42,17900
2020-11-27 07:00:00,31.42,31.46,31.16,31.46,4740
2020-11-30 07:00:00,31.46,31.49,31.36,31.46,15240
2020-12-01 07:00:00,30.89,31.29,30.89,31.29,11660
2020-12-02 07:00:00,31.26,31.26,31.02,31.16,20160
2020-12-03 07:00:00,31.16,31.29,30.82,31.22,16040
2020-12-04 07:00:00,30.89,31.29,30.89,31.12,3710
2020-12-07 07:00:00,31.12,31.22,30.95,31.22,4930
2020-12-08 07:00:00,31.02,31.22,30.89,31.22,11770
2020-12-09 07:00:00,31.22,31.42,31.16,31.42,17350
2020-12-10 07:00:00,31.56,31.69,31.39,31.56,11970
2020-12-11 07:00:00,31.46,31.69,31.42,31.56,11420
2020-12-14 07:00:00,31.69,31.69,31.56,31.56,24110
2020-12-15 07:00:00,31.56,31.56,31.46,31.49,6810
2020-12-16 07:00:00,31.56,31.83,31.46,31.69,5500
2020-12-17 07:00:00,31.83,31.83,31.69,31.76,7530
2020-12-18 07:00:00,31.83,31.83,31.69,31.79,19580
2020-12-21 07:00:00,31.83,31.83,31.56,31.73,9180
2020-12-22 07:00:00,31.56,31.76,31.56,31.69,6340
2020-12-23 07:00:00,31.69,31.79,31.62,31.69,16480
2020-12-24 07:00:00,31.69,31.69,31.56,31.62,9000
2020-12-25 07:00:00,31.56,32.77,31.56,32.77,10350
2020-12-28 07:00:00,32.77,32.77,31.89,31.96,7380
2020-12-29 07:00:00,31.96,32.77,31.96,32.23,9050
2020-12-30 07:00:00,32.23,32.53,32.1,32.3,5780
2020-12-31 07:00:00,32.3,32.4,32.03,32.23,7260
2021-01-04 07:00:00,33.47,33.47,32.3,32.7,12700
2021-01-05 07:00:00,32.7,32.8,32.23,32.53,10100
2021-01-06 07:00:00,32.3,32.9,32.3,32.77,8600
2021-01-07 07:00:00,32.77,32.77,32.03,32.5,10600
2021-01-08 07:00:00,32.26,32.53,32.23,32.4,11000
2021-01-11 07:00:00,32.4,32.63,32.33,32.4,5300
2021-01-12 07:00:00,32.4,32.47,32.36,32.47,9000
2021-01-13 07:00:00,32.47,32.83,32.23,32.3,35000
2021-01-14 07:00:00,32.23,32.5,32.23,32.3,5200
2021-01-15 07:00:00,32.3,32.63,32.3,32.63,19000
2021-01-18 07:00:00,32.77,33.57,32.77,33.44,13900
2021-01-19 07:00:00,33.44,33.64,32.16,33.17,15100
2021-01-20 07:00:00,33.17,33.17,32.23,32.3,15000
2021-01-21 07:00:00,32.3,32.77,32.23,32.77,13400
2021-01-22 07:00:00,32.9,32.9,32.57,32.83,4500
2021-01-25 07:00:00,32.9,32.9,32.83,32.87,5400
2021-01-26 07:00:00,32.87,32.87,32.23,32.23,14000
2021-01-27 07:00:00,32.23,32.3,31.56,32.23,13900
2021-01-28 07:00:00,32.23,32.23,29.98,29.98,44300
2021-01-29 07:00:00,29.98,31.83,29.98,31.83,6700
2021-02-01 07:00:00,30.55,31.29,30.42,30.42,19400
2021-02-02 07:00:00,30.42,31.22,30.35,31.16,7000
2021-02-03 07:00:00,32.1,32.1,30.89,31.09,8800
2021-02-04 07:00:00,31.49,31.49,31.02,31.16,10400
2021-02-05 07:00:00,31.29,32.03,31.29,31.76,13300
2021-02-08 07:00:00,32.23,32.77,31.56,31.56,26200
2021-02-09 07:00:00,31.56,32.57,31.49,32.57,13100
2021-02-17 07:00:00,32.5,32.97,32.36,32.57,48800
2021-02-18 07:00:00,32.9,32.9,32.5,32.6,28400
2021-02-19 07:00:00,32.6,33.51,32.57,33.51,20100
2021-02-22 07:00:00,34.24,34.58,33.57,33.77,38700
2021-02-23 07:00:00,33.77,33.84,33.51,33.84,28100
2021-02-24 07:00:00,33.57,34.24,33.57,33.57,18300
2021-02-25 07:00:00,33.91,34.18,33.71,33.98,42700
2021-02-26 07:00:00,35.67,35.67,33.9,34.61,50600
2021-03-01 07:00:00,34.61,34.68,34.12,34.4,13400
2021-03-02 07:00:00,34.4,34.47,34.15,34.15,18100
2021-03-03 07:00:00,34.15,34.36,33.9,34.26,9900
2021-03-04 07:00:00,34.4,34.4,33.83,33.83,13300
2021-03-05 07:00:00,33.83,33.83,33.2,33.55,16300
2021-03-08 07:00:00,33.55,33.55,33.2,33.48,18700
2021-03-09 07:00:00,33.34,33.9,33.2,33.9,21900
2021-03-10 07:00:00,33.73,33.98,33.27,33.27,5900
2021-03-11 07:00:00,33.9,33.9,33.55,33.9,17800
2021-03-12 07:00:00,33.9,33.9,33.69,33.9,10200
2021-03-15 07:00:00,33.9,34.47,33.9,34.47,43200
2021-03-16 07:00:00,34.26,34.26,33.76,34.05,7300
2021-03-17 07:00:00,34.08,34.26,34.05,34.05,11000
2021-03-18 07:00:00,34.05,34.05,33.76,33.76,6100
2021-03-19 07:00:00,33.59,33.9,33.59,33.9,5000
2021-03-22 07:00:00,33.9,33.98,33.76,33.9,14700
2021-03-23 07:00:00,33.9,33.9,33.55,33.69,10900
2021-03-24 07:00:00,33.69,33.83,33.55,33.62,14400
2021-03-25 07:00:00,33.69,33.83,33.48,33.69,11800
2021-03-26 07:00:00,33.69,33.69,33.2,33.41,18000
2021-03-29 07:00:00,33.41,33.55,33.2,33.34,2900
2021-03-30 07:00:00,33.76,33.76,33.2,33.34,11000
2021-03-31 07:00:00,33.55,33.55,33.2,33.34,6200
2021-04-01 07:00:00,33.23,33.55,33.23,33.55,10100
2021-04-02 07:00:00,33.55,33.62,33.55,33.55,9100
2021-04-05 07:00:00,33.41,33.55,33.41,33.48,8900
2021-04-06 07:00:00,33.34,33.48,33.34,33.34,19000
2021-04-07 07:00:00,33.34,33.41,33.34,33.41,23900
2021-04-08 07:00:00,33.41,33.41,33.27,33.38,6700
2021-04-09 07:00:00,33.41,33.41,33.34,33.38,9400
2021-04-12 07:00:00,33.27,33.38,33.23,33.23,16500
2021-04-13 07:00:00,33.23,33.27,33.13,33.16,23700
2021-04-14 07:00:00,33.16,33.2,32.92,32.92,8600
2021-04-15 07:00:00,32.92,33.16,32.84,32.92,8100
2021-04-16 07:00:00,33.16,33.16,32.56,32.78,7400
2021-04-19 07:00:00,32.78,32.84,32.49,32.78,9200
2021-04-20 07:00:00,32.53,33.2,32.49,33.2,22300
2021-04-22 07:00:00,33.2,33.2,32.14,32.14,23100
2021-04-23 07:00:00,32.14,32.49,31.93,32.14,14000
2021-04-26 07:00:00,32.17,32.17,31.64,31.64,10900
2021-04-27 07:00:00,31.64,31.79,31.64,31.79,4300
2021-04-28 07:00:00,31.79,31.79,31.43,31.43,7900
2021-04-29 07:00:00,31.36,31.43,30.9,31.36,12800
2021-05-04 07:00:00,31.36,31.36,30.58,30.58,12600
2021-05-05 07:00:00,30.66,30.73,30.62,30.73,14700
2021-05-06 07:00:00,30.73,31.08,30.73,30.83,9100
2021-05-07 07:00:00,30.83,30.83,30.37,30.37,9700
2021-05-10 07:00:00,29.95,30.09,29.95,30.02,5800
2021-05-11 07:00:00,30.02,30.02,29.81,29.88,19000
2021-05-12 07:00:00,29.88,30.37,29.88,30.02,9500
2021-05-13 07:00:00,29.81,30.73,29.81,30.37,12800
2021-05-14 07:00:00,30.94,30.94,30.02,30.02,32400
2021-05-17 07:00:00,30.37,30.37,29.67,29.67,14400
2021-05-18 07:00:00,29.67,29.74,29.1,29.67,14400
2021-05-19 07:00:00,29.31,29.88,29.31,29.53,2100
2021-05-20 07:00:00,29.31,29.42,28.96,29.42,4600
2021-05-21 07:00:00,29.0,29.67,29.0,29.31,7300
2021-05-24 07:00:00,29.31,29.67,29.31,29.53,9000
2021-05-25 07:00:00,29.38,29.53,28.89,28.96,31300
2021-05-26 07:00:00,28.96,29.67,28.78,29.67,7000
2021-05-27 07:00:00,29.49,29.49,28.96,28.96,3100
2021-05-28 07:00:00,28.96,29.03,28.75,28.96,10700
2021-05-31 07:00:00,28.96,28.96,28.61,28.68,15300
2021-06-01 07:00:00,28.68,28.96,28.64,28.75,2400
2021-06-02 07:00:00,28.68,28.96,28.61,28.61,10700
2021-06-03 07:00:00,28.61,29.53,28.54,28.61,61300
2021-06-04 07:00:00,28.61,29.31,28.61,29.03,26600
2021-06-07 07:00:00,29.03,29.53,29.03,29.42,19400
2021-06-08 07:00:00,29.46,29.53,29.17,29.38,27600
2021-06-09 07:00:00,29.38,29.53,29.31,29.31,20100
2021-06-10 07:00:00,29.53,29.53,28.61,29.38,13300
2021-06-11 07:00:00,29.53,29.67,29.46,29.67,12800
2021-06-14 07:00:00,29.67,29.67,29.53,29.53,14400
2021-06-15 07:00:00,29.53,29.53,29.31,29.53,18700
2021-06-16 07:00:00,29.53,29.53,29.31,29.46,13400
2021-06-17 07:00:00,29.46,29.53,29.38,29.53,20700
2021-06-18 07:00:00,29.53,29.56,29.46,29.49,13100
2021-06-21 07:00:00,29.49,30.37,29.49,30.02,28400
2021-06-22 07:00:00,30.02,30.09,29.95,30.09,16700
2021-06-23 07:00:00,30.09,30.23,29.95,30.23,12200
2021-06-24 07:00:00,30.37,30.37,30.16,30.23,13500
2021-06-25 07:00:00,30.23,30.37,30.02,30.02,11200
2021-06-28 07:00:00,30.02,30.02,29.74,29.77,22700
2021-06-29 07:00:00,29.77,29.77,29.67,29.67,5100
2021-06-30 07:00:00,29.67,29.67,29.46,29.53,9400
2021-07-01 07:00:00,29.38,29.67,29.38,29.53,13300
2021-07-02 07:00:00,29.63,29.81,29.46,29.67,22100
2021-07-05 07:00:00,30.37,30.37,29.56,29.63,8300
2021-07-06 07:00:00,29.67,30.34,29.63,29.74,11900
2021-07-07 07:00:00,29.74,29.74,29.46,29.67,3300
2021-07-08 07:00:00,29.67,29.67,29.46,29.67,5000
2021-07-09 07:00:00,29.31,29.74,29.31,29.42,16000
2021-07-12 07:00:00,29.03,29.35,28.32,29.31,22900
2021-07-13 07:00:00,28.96,28.96,28.54,28.54,18800
2021-07-14 07:00:00,28.96,28.96,28.4,28.54,8500
2021-07-15 07:00:00,29.46,29.46,28.54,28.61,17000
2021-07-16 07:00:00,27.9,28.61,27.9,28.47,8800
2021-07-19 07:00:00,28.25,28.96,28.25,28.89,5100
2021-07-20 07:00:00,28.54,28.54,28.25,28.47,13200
2021-07-21 07:00:00,28.32,28.86,28.32,28.47,3300
2021-07-22 07:00:00,28.43,28.96,28.43,28.75,6700
2021-07-23 07:00:00,28.82,28.96,28.82,28.89,9100
2021-07-26 07:00:00,28.82,28.89,28.68,28.89,9700
2021-07-27 07:00:00,28.89,28.96,28.89,28.96,2400
2021-07-28 07:00:00,28.89,28.96,28.89,28.96,4900
2021-07-29 07:00:00,28.96,28.96,28.61,28.96,6100
2021-07-30 07:00:00,28.96,29.31,28.82,29.1,9900
2021-08-02 07:00:00,29.17,29.38,29.17,29.38,9700
2021-08-03 07:00:00,29.17,29.53,29.03,29.53,16700
2021-08-04 07:00:00,29.53,29.53,29.31,29.31,5100
2021-08-05 07:00:00,29.31,29.35,29.31,29.31,4400
2021-08-06 07:00:00,29.31,29.53,29.24,29.53,8600
2021-08-09 07:00:00,29.31,29.88,29.31,29.77,18600
2021-08-10 07:00:00,30.16,30.37,29.77,29.77,13600
2021-08-11 07:00:00,29.81,30.09,29.81,29.95,3900
2021-08-12 07:00:00,29.95,29.95,29.74,29.77,9200
2021-08-13 07:00:00,29.46,29.77,29.46,29.6,9800
2021-08-16 07:00:00,29.6,29.67,29.31,29.67,13000
2021-08-17 07:00:00,29.53,29.67,29.35,29.67,6200
2021-08-18 07:00:00,29.67,29.7,29.53,29.53,2400
2021-08-19 07:00:00,29.56,29.67,29.56,29.67,8000
2021-08-20 07:00:00,29.53,29.53,29.03,29.03,17300
2021-08-23 07:00:00,29.03,29.03,28.82,28.96,17400
2021-08-24 07:00:00,28.96,28.96,28.64,28.96,3700
2021-08-25 07:00:00,28.82,28.96,28.82,28.96,6100
2021-08-26 07:00:00,28.89,29.03,28.89,28.96,5100
2021-08-27 07:00:00,29.0,29.0,28.89,28.96,6800
2021-08-30 07:00:00,28.96,29.31,28.89,28.89,9200
2021-08-31 07:00:00,29.0,29.31,28.96,29.31,16700
2021-09-01 07:00:00,29.03,29.31,29.03,29.31,7100
2021-09-06 07:00:00,29.14,29.67,29.14,29.67,9600
2021-09-07 07:00:00,29.35,30.02,29.35,29.7,18000
2021-09-08 07:00:00,29.63,29.7,29.63,29.7,4600
2021-09-09 07:00:00,29.67,30.37,29.67,30.23,32200
2021-09-10 07:00:00,30.34,30.34,30.2,30.3,51200
2021-09-13 07:00:00,30.37,31.22,30.3,31.08,150900
2021-09-14 07:00:00,31.08,31.12,30.73,30.73,42800
2021-09-15 07:00:00,30.73,30.94,30.44,30.9,28100
2021-09-16 07:00:00,30.87,31.29,30.76,30.8,191200
2021-09-17 07:00:00,30.8,31.43,30.8,31.36,118300
2021-09-20 07:00:00,31.72,32.07,31.5,31.72,62100
2021-09-21 07:00:00,31.08,31.75,31.08,31.68,27300
2021-09-22 07:00:00,31.72,31.75,31.43,31.75,27700
2021-09-23 07:00:00,31.29,31.75,31.29,31.75,9700
2021-09-24 07:00:00,31.72,31.72,31.08,31.5,9400
2021-09-27 07:00:00,31.5,31.5,31.08,31.08,25800
2021-09-28 07:00:00,31.08,31.08,30.76,31.08,16400
2021-09-29 07:00:00,31.08,31.36,30.76,31.36,21500
2021-09-30 07:00:00,31.36,31.43,31.08,31.08,13300
2021-10-01 07:00:00,31.22,31.22,30.94,30.94,14700
2021-10-04 07:00:00,31.15,31.22,30.55,30.62,32300
2021-10-05 07:00:00,30.66,31.08,30.66,30.8,17800
2021-10-06 07:00:00,30.8,30.97,30.8,30.97,6500
2021-10-07 07:00:00,31.22,31.29,31.08,31.08,17400
2021-10-08 07:00:00,31.08,31.08,30.73,31.08,7800
2021-10-11 07:00:00,31.22,33.2,31.01,33.2,29100
2021-10-12 07:00:00,33.06,33.06,31.93,32.24,14000
2021-10-13 07:00:00,32.24,32.28,31.79,31.93,13700
2021-10-14 07:00:00,32.63,32.63,31.89,32.14,6000
2021-10-15 07:00:00,32.49,32.63,32.14,32.49,8500
2021-10-18 07:00:00,32.53,33.34,32.49,33.06,12200
2021-10-19 07:00:00,33.09,33.09,32.84,33.06,2600
2021-10-20 07:00:00,33.16,33.16,32.84,33.06,4400
2021-10-21 07:00:00,32.84,32.99,32.49,32.56,13200
2021-10-22 07:00:00,32.56,32.63,32.49,32.63,12700
2021-10-25 07:00:00,32.63,32.63,32.14,32.35,6600
2021-10-26 07:00:00,32.49,32.49,32.14,32.28,10300
2021-10-27 07:00:00,32.28,32.28,31.93,32.21,22600
2021-10-28 07:00:00,32.21,32.35,32.14,32.35,3500
2021-10-29 07:00:00,32.35,32.35,31.79,32.0,25200
2021-11-01 07:00:00,32.14,32.14,31.79,31.86,24600
2021-11-02 07:00:00,31.79,31.86,31.64,31.86,13400
2021-11-03 07:00:00,32.42,32.49,31.86,32.24,35900
2021-11-04 07:00:00,32.78,32.78,32.35,32.49,4400
2021-11-05 07:00:00,31.86,32.35,31.86,32.14,5500
2021-11-08 07:00:00,32.39,32.63,32.35,32.42,48300
2021-11-09 07:00:00,32.49,32.53,32.35,32.49,26700
2021-11-10 07:00:00,32.49,32.49,32.28,32.35,37900
2021-11-11 07:00:00,32.28,32.49,32.24,32.39,36100
2021-11-12 07:00:00,32.49,32.49,32.14,32.21,27000
2021-11-15 07:00:00,32.78,32.78,32.35,32.6,56500
2021-11-16 07:00:00,32.67,32.67,32.46,32.49,15500
2021-11-17 07:00:00,32.35,32.6,32.35,32.6,35400
2021-11-18 07:00:00,32.63,33.06,32.35,32.35,29100
2021-11-19 07:00:00,32.49,32.49,32.14,32.17,58900
2021-11-22 07:00:00,32.21,34.4,32.21,32.95,23600
2021-11-23 07:00:00,33.9,33.9,32.99,33.9,17900
2021-11-24 07:00:00,33.9,36.24,32.63,35.67,64300
2021-11-25 07:00:00,35.6,35.6,33.55,35.25,3800
2021-11-26 07:00:00,33.59,35.03,33.06,33.34,33200
2021-11-29 07:00:00,33.2,35.32,32.78,34.61,15400
2021-11-30 07:00:00,33.34,35.32,33.34,35.32,91700
2021-12-01 07:00:00,34.89,34.89,33.62,34.75,9200
2021-12-02 07:00:00,33.69,34.54,33.69,34.4,700
2021-12-03 07:00:00,34.33,34.33,33.06,33.06,4300
2021-12-06 07:00:00,34.61,34.61,32.49,32.84,9800
2021-12-07 07:00:00,31.43,34.54,31.43,33.48,2400
2021-12-08 07:00:00,33.48,33.9,32.84,33.9,2500
2021-12-09 07:00:00,33.94,34.58,33.62,34.51,6300
2021-12-10 07:00:00,33.13,34.4,32.92,34.4,1100
2021-12-13 07:00:00,33.34,34.4,33.13,34.26,6500
2021-12-14 07:00:00,33.62,34.4,33.55,33.9,14300
2021-12-15 07:00:00,33.2,33.87,33.2,33.87,4500
2021-12-16 07:00:00,33.27,33.9,33.2,33.55,3900
2021-12-17 07:00:00,33.48,33.76,33.2,33.76,600
2021-12-20 07:00:00,33.8,33.8,33.2,33.76,7200
2021-12-21 07:00:00,33.34,33.9,33.34,33.9,3500
2021-12-22 07:00:00,34.01,34.01,33.62,33.69,4000
2021-12-23 07:00:00,33.41,33.62,31.79,33.55,6600
2021-12-24 07:00:00,32.84,34.33,32.84,34.33,4700
2021-12-27 07:00:00,33.06,34.33,33.06,34.33,16800
2021-12-28 07:00:00,34.18,35.35,34.18,35.35,2600
2021-12-29 07:00:00,35.28,37.46,35.02,36.37,9800
2021-12-30 07:00:00,36.08,37.9,34.77,37.75,17700
2021-12-31 07:00:00,37.75,37.75,35.75,37.02,7500
2022-01-04 07:00:00,35.17,36.59,35.17,36.37,3100
2022-01-05 07:00:00,36.37,36.37,35.35,36.33,1300
2022-01-06 07:00:00,35.31,36.04,34.77,34.98,11800
2022-01-07 07:00:00,34.98,34.98,33.53,34.84,6100
2022-01-10 07:00:00,34.84,35.49,34.84,35.35,500
2022-01-11 07:00:00,35.35,35.57,34.62,35.35,8900
2022-01-12 07:00:00,35.35,35.35,33.89,34.26,4200
2022-01-13 07:00:00,35.35,35.35,33.89,35.28,1300
2022-01-14 07:00:00,34.98,35.06,34.62,34.62,2200
2022-01-17 07:00:00,34.62,34.62,34.26,34.4,5800
2022-01-18 07:00:00,34.4,34.4,34.04,34.4,1500
2022-01-19 07:00:00,34.26,34.62,34.26,34.4,4900
2022-01-20 07:00:00,35.28,35.28,34.26,34.77,2900
2022-01-21 07:00:00,34.62,34.84,34.62,34.84,600
2022-01-24 07:00:00,34.91,34.98,34.69,34.91,7000
2022-01-25 07:00:00,34.07,34.84,34.07,34.77,1800
2022-01-26 07:00:00,34.98,35.28,34.95,34.95,1400
2022-01-27 07:00:00,35.28,35.28,33.75,34.55,57900
2022-01-28 07:00:00,34.62,34.62,34.26,34.62,17200
2022-02-07 07:00:00,35.71,35.71,35.06,35.13,55100
2022-02-08 07:00:00,35.71,35.71,35.2,35.35,25600
2022-02-09 07:00:00,35.64,35.64,35.35,35.42,5900
2022-02-10 07:00:00,35.53,35.71,33.89,34.11,17900
2022-02-11 07:00:00,34.48,34.62,34.11,34.62,17400
2022-02-14 07:00:00,34.62,35.28,34.48,35.28,11700
2022-02-15 07:00:00,35.42,35.57,34.4,35.2,14400
2022-02-16 07:00:00,35.35,35.35,34.62,35.02,112900
2022-02-17 07:00:00,35.35,35.35,34.48,35.28,6800
2022-02-18 07:00:00,35.06,35.71,35.06,35.71,25600
2022-02-21 07:00:00,35.28,36.37,35.28,36.15,33800
2022-02-22 07:00:00,35.71,36.66,35.71,36.3,17800
2022-02-23 07:00:00,36.3,36.81,36.22,36.3,18800
2022-02-24 07:00:00,35.79,36.44,35.02,36.15,18400
2022-02-25 07:00:00,35.53,36.15,35.35,36.15,12700
2022-02-28 07:00:00,36.15,36.81,35.35,36.81,20100
2022-03-01 07:00:00,36.44,37.1,36.44,36.81,9700
2022-03-02 07:00:00,36.44,37.17,36.08,36.59,6300
2022-03-03 07:00:00,36.59,36.66,35.71,36.44,21200
2022-03-04 07:00:00,35.2,36.37,35.2,36.08,23800
2022-03-07 07:00:00,35.68,36.3,35.02,36.08,17900
2022-03-08 07:00:00,36.01,36.01,35.02,35.02,14700
2022-03-09 07:00:00,35.06,35.86,34.98,35.13,38400
2022-03-10 07:00:00,35.42,37.54,35.42,36.22,6400
2022-03-11 07:00:00,35.71,36.15,35.42,36.08,6800
2022-03-14 07:00:00,35.71,35.71,35.13,35.64,4300
2022-03-15 07:00:00,35.64,37.17,35.35,35.42,7500
2022-03-16 07:00:00,35.35,36.81,35.35,36.08,6000
2022-03-17 07:00:00,36.37,36.37,35.71,36.15,2300
2022-03-18 07:00:00,36.33,36.33,35.49,35.49,3000
2022-03-21 07:00:00,35.42,36.52,35.42,36.04,29400
2022-03-22 07:00:00,35.53,36.04,35.49,35.57,6100
2022-03-23 07:00:00,35.24,36.08,35.24,36.01,4400
2022-03-24 07:00:00,35.93,35.93,35.31,35.71,17200
2022-03-25 07:00:00,35.71,35.71,35.35,35.71,7200
2022-03-28 07:00:00,35.64,36.01,35.13,35.71,8900
2022-03-29 07:00:00,36.01,36.01,35.64,35.93,7800
2022-03-30 07:00:00,35.86,35.93,35.42,35.93,6700
2022-03-31 07:00:00,35.93,37.54,35.71,37.02,18200
2022-04-01 07:00:00,36.59,36.81,35.93,36.11,8000
2022-04-04 07:00:00,35.93,36.44,35.93,36.3,4200
2022-04-05 07:00:00,36.3,36.66,36.08,36.3,6400
2022-04-06 07:00:00,36.81,36.81,36.15,36.44,8600
2022-04-07 07:00:00,36.15,36.44,36.15,36.44,6800
2022-04-08 07:00:00,36.15,36.44,35.71,36.44,6800
2022-04-12 07:00:00,36.41,36.44,35.71,36.19,16800
2022-04-13 07:00:00,36.19,36.44,35.71,36.19,4400
2022-04-14 07:00:00,36.19,36.37,35.71,36.22,2500
2022-04-15 07:00:00,36.22,36.37,35.64,36.37,8200
2022-04-18 07:00:00,36.22,36.37,35.71,36.3,4300
2022-04-19 07:00:00,36.3,36.44,35.71,35.86,11100
2022-04-20 07:00:00,35.42,35.93,34.98,35.35,32900
2022-04-21 07:00:00,35.2,35.35,34.4,35.35,7600
2022-04-22 07:00:00,34.88,35.35,34.26,35.28,7100
2022-04-25 07:00:00,35.28,35.28,33.16,34.73,15900
2022-04-26 07:00:00,34.11,34.55,33.6,34.11,16500
2022-04-27 07:00:00,34.18,34.18,33.96,34.18,5300
2022-04-28 07:00:00,34.18,34.18,33.89,34.18,5900
2022-04-29 07:00:00,34.11,34.91,33.96,34.91,32400
2022-05-04 07:00:00,34.69,34.91,34.26,34.62,6900
2022-05-05 07:00:00,34.26,34.84,34.26,34.33,4200
2022-05-06 07:00:00,34.58,34.58,34.11,34.11,5700
2022-05-09 07:00:00,34.11,34.11,32.87,32.87,12600
2022-05-10 07:00:00,32.87,33.24,32.87,32.98,9300
2022-05-11 07:00:00,32.98,34.4,32.98,33.09,6600
2022-05-12 07:00:00,34.18,34.18,32.87,32.87,8000
2022-05-13 07:00:00,32.87,33.16,32.51,33.16,9600
2022-05-16 07:00:00,33.16,34.07,33.16,33.16,1800
2022-05-17 07:00:00,32.87,33.89,32.87,33.45,1400
2022-05-18 07:00:00,34.91,34.91,32.91,33.53,2900
2022-05-19 07:00:00,33.53,33.53,33.02,33.53,5300
2022-05-20 07:00:00,33.53,33.67,33.02,33.6,1000
2022-05-23 07:00:00,33.67,33.82,33.38,33.45,1700
2022-05-24 07:00:00,33.45,33.45,32.8,33.34,9200
2022-05-25 07:00:00,32.94,34.91,32.72,34.26,15300
2022-05-26 07:00:00,33.6,34.11,33.6,34.11,7600
2022-05-27 07:00:00,33.53,34.69,33.53,34.69,7100
2022-05-30 07:00:00,34.77,34.91,34.36,34.84,3900
2022-05-31 07:00:00,34.77,34.77,34.11,34.26,7700
2022-06-01 07:00:00,33.6,34.22,33.53,34.22,2400
2022-06-02 07:00:00,33.82,34.18,33.53,34.18,6700
2022-06-03 07:00:00,33.89,33.89,33.89,33.89,100
2022-06-06 07:00:00,33.67,34.11,33.67,33.89,1800
2022-06-07 07:00:00,33.75,33.89,33.09,33.67,5800
2022-06-08 07:00:00,34.22,34.48,33.24,33.38,9900
2022-06-09 07:00:00,33.38,34.22,33.38,34.11,3300
2022-06-10 07:00:00,34.11,34.18,33.78,34.18,3100
2022-06-13 07:00:00,33.45,33.89,33.42,33.64,7200
2022-06-14 07:00:00,33.38,33.6,33.09,33.2,6300
2022-06-15 07:00:00,34.11,34.11,33.24,33.78,8800
2022-06-16 07:00:00,34.07,34.07,32.03,33.89,9000
2022-06-17 07:00:00,33.89,33.89,33.16,33.45,7400
2022-06-20 07:00:00,34.04,34.04,33.02,33.42,2700
2022-06-21 07:00:00,33.16,33.53,33.02,33.53,2300
2022-06-22 07:00:00,33.31,33.45,32.8,33.45,5900
2022-06-23 07:00:00,32.84,33.45,32.84,33.45,3400
2022-06-24 07:00:00,34.18,34.18,33.02,33.53,1200
2022-06-27 07:00:00,33.53,33.53,32.84,33.53,5000
2022-06-28 07:00:00,33.53,33.53,33.45,33.49,2500
2022-06-29 07:00:00,33.49,35.64,33.49,34.77,18300
2022-06-30 07:00:00,34.73,34.77,33.67,34.51,20300
2022-07-01 07:00:00,33.82,33.89,33.53,33.6,3200
2022-07-04 07:00:00,33.82,34.26,33.6,34.22,1800
2022-07-05 07:00:00,33.96,34.04,33.89,33.89,5500
2022-07-06 07:00:00,32.8,33.82,32.8,33.82,10400
2022-07-07 07:00:00,32.94,33.53,32.8,33.24,9400
2022-07-08 07:00:00,33.82,33.82,33.16,33.49,1900
2022-07-11 07:00:00,33.49,33.93,33.38,33.89,10500
2022-07-13 07:00:00,33.53,33.53,33.45,33.53,2300
2022-07-14 07:00:00,33.53,33.82,33.53,33.78,9900
2022-07-15 07:00:00,33.78,33.85,33.38,33.85,9900
2022-07-18 07:00:00,33.89,34.26,33.89,33.89,5600
2022-07-19 07:00:00,34.22,34.22,33.67,34.18,2000
2022-07-20 07:00:00,33.71,34.18,33.71,34.18,2600
2022-07-21 07:00:00,34.26,35.64,34.22,34.22,5900
2022-07-22 07:00:00,34.98,36.44,33.67,34.51,6900
2022-07-25 07:00:00,34.4,35.28,34.29,34.77,6800
2022-07-26 07:00:00,34.26,34.77,34.26,34.77,5800
2022-07-27 07:00:00,34.77,36.37,34.33,35.28,27200
2022-07-28 07:00:00,36.08,37.68,36.08,37.68,76400
2022-07-29 07:00:00,38.05,39.21,37.75,38.78,34900
2022-08-01 07:00:00,40.09,40.82,39.07,40.74,56500
2022-08-02 07:00:00,40.6,40.6,39.14,39.65,15300
2022-08-03 07:00:00,39.5,40.09,39.36,40.09,12000
2022-08-04 07:00:00,40.74,40.74,39.36,39.94,13400
2022-08-05 07:00:00,40.09,40.09,38.63,40.01,14100
2022-08-08 07:00:00,40.01,40.01,38.99,40.01,16600
2022-08-09 07:00:00,39.36,40.45,39.21,40.38,35300
2022-08-10 07:00:00,40.38,42.64,40.38,42.49,41000
2022-08-11 07:00:00,42.49,42.49,40.82,41.54,12500
2022-08-12 07:00:00,41.54,41.54,39.43,40.38,23000
2022-08-15 07:00:00,40.3,40.38,39.36,39.36,7400
2022-08-16 07:00:00,39.36,40.67,39.36,39.87,4900
2022-08-17 07:00:00,39.87,40.09,39.72,39.8,900
2022-08-18 07:00:00,39.8,39.8,39.5,39.72,1800
2022-08-19 07:00:00,39.5,39.87,39.14,39.72,5700
2022-08-22 07:00:00,39.72,39.72,39.36,39.65,1800
2022-08-23 07:00:00,39.65,40.01,39.65,39.87,2600
2022-08-24 07:00:00,39.87,40.45,39.87,40.38,30200
2022-08-25 07:00:00,40.3,40.3,39.87,39.94,6700
2022-08-26 07:00:00,39.94,40.09,39.36,40.09,5400
2022-08-29 07:00:00,39.72,40.01,39.43,39.94,7700
2022-08-30 07:00:00,39.87,39.87,38.85,39.8,20000
2022-08-31 07:00:00,39.72,39.8,39.65,39.65,4100
2022-09-05 07:00:00,39.65,39.94,39.36,39.8,6200
2022-09-06 07:00:00,39.72,39.72,39.36,39.36,3800
2022-09-07 07:00:00,39.36,39.36,39.21,39.21,3700
2022-09-08 07:00:00,39.21,39.28,38.78,38.85,9500
2022-09-09 07:00:00,38.7,39.65,38.7,39.28,5500
2022-09-12 07:00:00,39.28,39.65,39.28,39.43,1800
2022-09-13 07:00:00,39.36,39.36,38.92,39.36,4500
2022-09-14 07:00:00,39.14,39.36,38.7,39.28,14900
2022-09-15 07:00:00,39.28,39.36,39.28,39.36,14500
2022-09-16 07:00:00,39.14,40.82,39.14,39.8,11600
2022-09-19 07:00:00,39.21,39.36,38.63,39.36,7600
2022-09-20 07:00:00,39.94,39.94,38.34,39.36,4300
2022-09-21 07:00:00,38.56,39.36,38.56,39.36,1500
2022-09-22 07:00:00,38.26,38.92,38.26,38.92,7400
2022-09-23 07:00:00,38.48,39.21,38.26,39.07,3800
2022-09-26 07:00:00,38.12,38.12,37.61,37.68,12700
2022-09-27 07:00:00,37.75,38.26,37.68,37.9,5400
2022-09-28 07:00:00,37.9,37.9,37.32,37.83,1700
2022-09-29 07:00:00,37.83,37.83,37.39,37.83,19400
2022-09-30 07:00:00,37.32,38.48,37.32,38.48,6100
2022-10-03 07:00:00,37.54,37.54,36.81,37.17,6300
2022-10-04 07:00:00,36.59,36.66,36.08,36.44,32000
2022-10-05 07:00:00,36.44,36.44,35.79,36.3,7000
2022-10-06 07:00:00,37.1,37.1,35.93,35.93,2900
2022-10-07 07:00:00,35.82,36.3,34.91,36.3,13700
2022-10-10 07:00:00,35.71,35.71,35.71,35.71,5000
2022-10-11 07:00:00,35.71,36.59,34.62,35.71,15200
2022-10-12 07:00:00,35.71,37.02,34.66,35.71,2700
2022-10-13 07:00:00,35.71,36.3,35.39,35.71,5900
2022-10-14 07:00:00,35.71,35.71,35.6,35.71,46300
2022-10-17 07:00:00,36.73,36.73,35.42,35.71,20000
2022-10-18 07:00:00,35.75,36.44,35.35,35.71,15600
2022-10-19 07:00:00,35.79,36.41,35.71,36.41,19100
2022-10-20 07:00:00,36.41,36.73,36.37,36.44,49100
2022-10-21 07:00:00,35.82,36.44,35.79,35.93,23100
2022-10-24 07:00:00,35.93,36.88,34.98,35.35,23800
2022-10-25 07:00:00,34.91,36.22,34.91,35.82,5900
2022-10-26 07:00:00,35.02,36.08,35.02,35.68,600
2022-10-27 07:00:00,36.04,36.37,35.06,36.33,13600
2022-10-28 07:00:00,37.17,38.85,37.17,38.48,37800
2022-10-31 07:00:00,38.34,39.36,37.9,38.19,25400
2022-11-01 07:00:00,38.63,38.92,38.05,38.56,35600
2022-11-02 07:00:00,38.41,38.56,37.9,38.19,47200
2022-11-03 07:00:00,38.26,38.92,38.05,38.05,15400
2022-11-04 07:00:00,38.05,38.05,37.61,37.9,17000
2022-11-07 07:00:00,37.9,38.7,37.17,37.68,13600
2022-11-08 07:00:00,37.54,37.54,36.44,37.54,4200
2022-11-09 07:00:00,37.24,38.26,37.24,37.75,5500
2022-11-10 07:00:00,36.52,37.97,36.44,37.17,15000
2022-11-11 07:00:00,37.17,37.54,36.81,37.54,7000
2022-11-14 07:00:00,37.54,37.54,34.91,35.71,38700
2022-11-15 07:00:00,36.39,36.77,33.53,36.39,14100
2022-11-16 07:00:00,35.71,36.35,34.25,36.35,7500
2022-11-17 07:00:00,36.47,36.58,35.41,35.71,4400
2022-11-18 07:00:00,36.01,36.01,34.62,35.68,2800
2022-11-21 07:00:00,34.92,35.71,34.92,35.6,10900
2022-11-22 07:00:00,35.11,35.64,35.11,35.19,4200
2022-11-23 07:00:00,34.55,35.56,34.55,35.45,6100
2022-11-24 07:00:00,35.41,35.56,34.7,35.56,1000
2022-11-25 07:00:00,35.56,36.62,35.34,36.09,15100
2022-11-28 07:00:00,36.09,37.22,35.68,36.99,11700
2022-11-29 07:00:00,37.59,38.72,36.24,37.67,7300
2022-11-30 07:00:00,36.84,39.77,36.5,38.65,12100
2022-12-01 07:00:00,39.02,39.02,36.09,36.84,9100
2022-12-02 07:00:00,36.99,37.29,36.13,37.29,10600
2022-12-05 07:00:00,37.59,38.27,36.58,37.33,1000
2022-12-06 07:00:00,36.69,37.37,36.47,36.84,3500
2022-12-07 07:00:00,36.47,36.8,36.09,36.62,3300
2022-12-08 07:00:00,37.07,37.14,35.94,36.95,27200
2022-12-09 07:00:00,36.47,37.14,36.47,37.07,2900
2022-12-12 07:00:00,37.52,37.52,36.84,37.22,19400
2022-12-13 07:00:00,36.84,38.72,36.84,38.42,33700
2022-12-14 07:00:00,38.42,38.42,37.67,38.34,2400
2022-12-15 07:00:00,37.74,38.42,37.59,38.42,4400
2022-12-16 07:00:00,37.97,38.42,37.67,38.34,5100
2022-12-19 07:00:00,37.82,38.34,37.74,38.27,1800
2022-12-20 07:00:00,38.2,38.27,37.56,38.04,12900
2022-12-21 07:00:00,38.04,38.2,37.59,38.12,11100
2022-12-22 07:00:00,38.2,38.34,37.33,38.12,3900
2022-12-23 07:00:00,37.97,38.2,37.22,37.82,3200
2022-12-26 07:00:00,38.04,38.2,37.14,37.82,4500
2022-12-27 07:00:00,37.22,38.12,37.22,37.82,500
2022-12-28 07:00:00,37.44,38.12,37.37,38.12,2500
2022-12-29 07:00:00,38.12,38.2,37.67,37.82,3000
2022-12-30 07:00:00,38.65,40.38,37.48,38.65,3400
2023-01-03 07:00:00,38.8,38.8,37.74,38.72,13200
2023-01-04 07:00:00,39.1,39.77,38.49,38.57,3000
2023-01-05 07:00:00,39.1,39.1,38.34,38.57,2900
2023-01-06 07:00:00,38.04,38.65,38.04,38.65,1100
2023-01-09 07:00:00,39.4,39.4,38.42,38.65,6500
2023-01-10 07:00:00,38.65,38.72,38.34,38.72,3800
2023-01-11 07:00:00,38.34,39.1,38.34,38.49,4700
2023-01-12 07:00:00,38.72,39.02,38.49,38.8,8600
2023-01-13 07:00:00,39.17,40.98,38.49,40.53,27400
2023-01-16 07:00:00,40.45,41.65,40.0,40.45,10700
2023-01-17 07:00:00,40.38,40.45,38.8,40.15,8900
2023-01-18 07:00:00,40.15,40.22,39.47,40.22,30000
2023-01-19 07:00:00,39.55,40.45,39.47,39.85,1800
2023-01-27 07:00:00,41.73,41.73,40.07,40.68,5100
2023-01-30 07:00:00,40.83,40.98,40.3,40.6,7300
2023-01-31 07:00:00,40.6,41.13,39.85,40.98,27800
2023-02-01 07:00:00,40.53,40.98,39.85,40.6,7100
2023-02-02 07:00:00,39.85,40.53,39.7,40.53,10400
2023-02-03 07:00:00,39.85,40.53,39.85,40.07,4000
2023-02-06 07:00:00,40.07,40.22,39.77,40.15,3200
2023-02-07 07:00:00,40.38,40.38,39.85,40.07,3400
2023-02-08 07:00:00,39.85,40.53,39.77,40.22,4500
2023-02-09 07:00:00,39.92,40.22,38.95,40.22,16000
2023-02-10 07:00:00,40.22,40.22,37.44,39.47,12100
2023-02-13 07:00:00,38.49,39.62,38.49,39.62,7100
2023-02-14 07:00:00,38.72,39.4,38.34,39.32,2000
2023-02-15 07:00:00,39.25,39.25,38.8,39.25,2000
2023-02-16 07:00:00,39.17,39.62,39.1,39.55,1500
2023-02-17 07:00:00,39.55,42.26,39.1,42.26,12000
2023-02-20 07:00:00,40.6,42.1,40.22,41.35,18300
2023-02-21 07:00:00,40.6,41.35,40.22,40.45,7200
2023-02-22 07:00:00,40.07,41.2,39.92,40.9,3900
2023-02-23 07:00:00,40.6,40.6,40.15,40.6,2300
2023-02-24 07:00:00,40.6,41.35,40.22,41.35,17700
2023-02-27 07:00:00,41.28,41.28,40.15,40.83,8200
2023-02-28 07:00:00,40.3,41.28,39.25,41.28,23900
2023-03-01 07:00:00,40.22,40.9,40.22,40.68,1300
2023-03-02 07:00:00,41.05,41.05,40.6,40.83,2600
2023-03-03 07:00:00,40.83,40.83,40.15,40.6,3000
2023-03-06 07:00:00,41.28,41.28,40.22,40.9,14300
2023-03-07 07:00:00,41.13,41.13,40.53,40.9,21200
2023-03-08 07:00:00,40.98,40.98,40.6,40.75,5200
2023-03-09 07:00:00,40.68,41.35,40.6,41.2,7600
2023-03-10 07:00:00,40.6,41.35,40.6,40.98,7400
2023-03-13 07:00:00,41.28,41.28,40.6,41.05,3300
2023-03-14 07:00:00,41.05,41.05,40.3,40.98,2400
2023-03-15 07:00:00,40.3,41.28,40.3,41.28,1500
2023-03-16 07:00:00,40.6,40.98,40.38,40.98,800
2023-03-17 07:00:00,41.13,42.03,40.98,41.65,76700
2023-03-20 07:00:00,41.73,41.95,40.6,40.68,5200
2023-03-21 07:00:00,41.65,41.65,40.45,41.35,3600
2023-03-22 07:00:00,41.65,41.65,40.6,41.58,3200
2023-03-23 07:00:00,40.6,41.58,40.6,41.58,2100
2023-03-24 07:00:00,41.5,44.44,41.2,43.61,22700
2023-03-27 07:00:00,44.13,44.13,41.58,42.78,5100
2023-03-28 07:00:00,42.48,42.78,41.58,42.48,5200
2023-03-29 07:00:00,42.4,43.98,41.95,43.53,8100
2023-03-30 07:00:00,42.86,45.11,42.33,44.36,28400
2023-03-31 07:00:00,42.86,44.28,42.56,44.28,16000
2023-04-03 07:00:00,42.63,44.36,42.56,43.61,4800
2023-04-04 07:00:00,42.86,44.36,42.86,43.08,10700
2023-04-05 07:00:00,43.08,43.61,42.56,43.38,12500
2023-04-06 07:00:00,43.98,44.36,43.23,43.46,43400
2023-04-07 07:00:00,43.16,44.21,42.56,43.91,6300
2023-04-10 07:00:00,43.01,43.98,43.01,43.08,3700
2023-04-11 07:00:00,43.31,43.98,42.71,43.61,11800
2023-04-12 07:00:00,43.53,44.36,43.46,44.28,11400
2023-04-13 07:00:00,44.28,44.28,43.16,43.98,15400
2023-04-14 07:00:00,46.99,46.99,44.51,46.62,60400
2023-04-17 07:00:00,45.71,45.71,44.51,45.26,11100
2023-04-18 07:00:00,45.5,47.22,44.87,45.26,11600
2023-04-19 07:00:00,45.26,45.42,43.3,45.42,7600
2023-04-20 07:00:00,44.48,46.67,44.48,45.42,5600
2023-04-21 07:00:00,44.56,47.07,44.48,46.05,5300
2023-04-24 07:00:00,46.28,46.28,43.22,45.34,6900
2023-04-25 07:00:00,45.34,46.12,44.71,44.95,12100
2023-04-26 07:00:00,44.71,44.95,43.93,44.95,11000
2023-04-27 07:00:00,44.09,45.42,43.93,45.26,3000
2023-04-28 07:00:00,45.1,46.28,43.22,46.12,20600
2023-05-04 07:00:00,46.12,46.12,44.71,45.5,2700
2023-05-05 07:00:00,45.5,46.05,45.1,45.5,5100
2023-05-08 07:00:00,45.5,45.5,45.1,45.5,6600
2023-05-09 07:00:00,45.5,45.5,44.95,45.1,5300
2023-05-10 07:00:00,45.1,45.34,45.1,45.26,3200
2023-05-11 07:00:00,45.26,45.34,44.79,45.1,15700
2023-05-12 07:00:00,45.1,45.1,44.95,45.1,3600
2023-05-15 07:00:00,45.1,45.1,44.4,45.1,7800
2023-05-16 07:00:00,44.48,45.1,44.4,45.1,5700
2023-05-17 07:00:00,44.71,45.03,44.32,45.03,14000
2023-05-18 07:00:00,44.95,45.1,44.24,45.03,34100
2023-05-19 07:00:00,45.03,45.03,44.24,44.79,40700
2023-05-22 07:00:00,44.79,45.1,44.71,44.71,4200
2023-05-23 07:00:00,44.71,44.71,44.56,44.71,8600
2023-05-24 07:00:00,44.71,45.5,44.09,44.48,14900
2023-05-25 07:00:00,44.48,44.71,44.32,44.71,1200
2023-05-26 07:00:00,45.03,45.5,43.85,45.1,31400
2023-05-29 07:00:00,44.09,44.24,44.09,44.24,6800
2023-05-30 07:00:00,44.24,44.48,43.54,44.48,19800
2023-05-31 07:00:00,44.48,44.79,44.16,44.79,6300
2023-06-01 07:00:00,44.16,44.79,43.93,44.79,14800
2023-06-02 07:00:00,44.71,44.71,43.14,44.16,38700
2023-06-05 07:00:00,43.93,43.93,42.99,43.85,31100
2023-06-06 07:00:00,43.38,44.71,42.75,44.4,55500
2023-06-07 07:00:00,43.3,45.42,43.07,45.34,52700
2023-06-08 07:00:00,43.69,45.42,43.14,45.34,135000
2023-06-09 07:00:00,45.18,45.18,43.07,44.71,126200
2023-06-12 07:00:00,43.46,43.93,42.83,43.14,49200
2023-06-13 07:00:00,43.14,43.54,42.75,42.75,29400
2023-06-14 07:00:00,43.07,43.46,42.75,43.14,28100
2023-06-15 07:00:00,43.3,43.85,42.99,43.46,16400
2023-06-16 07:00:00,43.46,43.46,42.75,43.07,30200
2023-06-19 07:00:00,43.07,43.3,42.75,42.99,5000
2023-06-20 07:00:00,43.14,43.14,42.36,43.07,9800
2023-06-21 07:00:00,42.75,43.3,42.2,42.91,19000
2023-06-22 07:00:00,43.07,43.14,42.75,42.99,10900
2023-06-23 07:00:00,42.99,42.99,42.36,42.36,29100
2023-06-26 07:00:00,42.36,42.83,42.2,42.75,16900
2023-06-27 07:00:00,42.67,42.67,42.28,42.44,24900
2023-06-28 07:00:00,42.36,42.99,42.2,42.99,41600
2023-06-29 07:00:00,43.14,43.14,42.2,43.14,30500
2023-06-30 07:00:00,42.44,42.99,42.36,42.83,39900
2023-07-03 07:00:00,42.36,43.07,42.36,42.75,13400
2023-07-04 07:00:00,42.36,42.83,42.36,42.67,9800
2023-07-05 07:00:00,42.67,42.83,42.28,42.67,47200
2023-07-06 07:00:00,42.6,42.67,42.2,42.6,5400
2023-07-07 07:00:00,42.36,42.6,42.2,42.6,3300
2023-07-10 07:00:00,42.36,42.6,42.28,42.6,12700
2023-07-11 07:00:00,42.6,42.6,42.28,42.44,21900
2023-07-12 07:00:00,42.44,42.6,42.36,42.6,9800
2023-07-13 07:00:00,42.44,42.6,42.44,42.6,9900
2023-07-14 07:00:00,42.67,43.38,42.67,43.38,20700
2023-07-17 07:00:00,43.69,43.77,43.14,43.3,11800
2023-07-18 07:00:00,43.3,43.3,43.14,43.14,11100
2023-07-19 07:00:00,43.46,43.46,43.14,43.14,5500
2023-07-20 07:00:00,43.14,43.14,42.75,42.83,3400
2023-07-21 07:00:00,42.91,45.03,42.83,44.01,20300
2023-07-24 07:00:00,43.14,44.16,43.14,44.16,9600
2023-07-25 07:00:00,44.16,44.16,41.89,41.89,221500
2023-07-26 07:00:00,41.89,43.85,41.89,42.75,22400
2023-07-27 07:00:00,42.36,42.36,41.58,41.97,117000
2023-07-28 07:00:00,42.2,42.36,41.58,42.36,78900
2023-07-31 07:00:00,42.36,42.75,42.28,42.52,27600
2023-08-01 07:00:00,42.52,42.99,42.52,42.91,40800
2023-08-02 07:00:00,42.83,42.99,42.52,42.67,29000
2023-08-03 07:00:00,42.36,42.91,42.36,42.6,53300
2023-08-04 07:00:00,42.52,42.75,42.36,42.75,18200
2023-08-07 07:00:00,42.75,42.75,42.52,42.67,37400
2023-08-08 07:00:00,42.67,42.83,42.52,42.52,24700
2023-08-09 07:00:00,42.52,43.14,42.52,42.99,30400
2023-08-10 07:00:00,42.83,43.07,42.6,42.75,19600
2023-08-11 07:00:00,42.75,42.83,42.52,42.67,15400
2023-08-14 07:00:00,42.67,42.75,42.36,42.75,38700
2023-08-15 07:00:00,42.75,42.83,42.67,42.75,9700
2023-08-16 07:00:00,42.75,42.75,42.36,42.75,29100
2023-08-17 07:00:00,42.36,42.83,40.95,42.75,86800
2023-08-18 07:00:00,42.52,42.52,41.58,41.89,22800
2023-08-21 07:00:00,41.89,41.89,41.5,41.81,9500
2023-08-22 07:00:00,41.58,41.81,41.18,41.58,20200
2023-08-23 07:00:00,41.58,41.58,41.18,41.18,22900
2023-08-24 07:00:00,41.18,42.05,41.18,41.73,8400
2023-08-25 07:00:00,41.73,41.89,41.5,41.5,10100
2023-08-28 07:00:00,41.5,41.73,41.5,41.58,15600
2023-08-29 07:00:00,41.81,42.28,41.65,41.65,22800
2023-08-30 07:00:00,41.73,42.12,41.58,41.58,12300
2023-08-31 07:00:00,41.89,41.97,41.5,41.65,8100
2023-09-05 07:00:00,42.12,42.6,41.65,41.81,17900
2023-09-06 07:00:00,41.89,42.28,41.65,42.2,22600
2023-09-07 07:00:00,42.36,42.36,42.12,42.2,9100
2023-09-08 07:00:00,42.2,42.28,42.12,42.2,27500
2023-09-11 07:00:00,42.36,42.36,41.97,42.05,13800
2023-09-12 07:00:00,41.81,42.28,41.81,42.12,6400
2023-09-13 07:00:00,42.12,42.36,42.05,42.28,17700
2023-09-14 07:00:00,42.2,42.2,42.05,42.12,15500
2023-09-15 07:00:00,42.12,42.44,42.12,42.44,16100
2023-09-18 07:00:00,42.44,42.44,42.12,42.2,3800
2023-09-19 07:00:00,42.12,42.52,41.97,42.52,14700
2023-09-20 07:00:00,42.52,42.75,42.12,42.67,20900
2023-09-21 07:00:00,42.52,42.6,42.05,42.52,14100
2023-09-22 07:00:00,41.97,42.44,41.58,42.28,46500
2023-09-25 07:00:00,42.28,42.28,41.81,41.81,5800
2023-09-26 07:00:00,41.73,42.36,41.73,41.89,12000
2023-09-27 07:00:00,41.89,42.12,41.42,41.89,9700
2023-09-28 07:00:00,41.89,41.89,41.58,41.81,3300
2023-09-29 07:00:00,41.81,42.12,41.58,41.89,17800
2023-10-02 07:00:00,41.89,42.12,41.65,42.12,15100
2023-10-03 07:00:00,42.05,42.05,40.79,41.73,17200
2023-10-04 07:00:00,41.65,41.89,41.42,41.89,27100
2023-10-05 07:00:00,41.81,41.89,41.58,41.89,13100
2023-10-06 07:00:00,41.89,41.89,41.5,41.81,20900
2023-10-09 07:00:00,41.81,41.89,41.18,41.5,27200
2023-10-10 07:00:00,41.34,42.2,41.26,42.05,21600
2023-10-11 07:00:00,42.05,42.28,41.58,42.2,18600
2023-10-12 07:00:00,42.28,42.36,42.12,42.28,14600
2023-10-13 07:00:00,42.28,42.36,41.89,42.36,4100
2023-10-16 07:00:00,42.36,42.6,41.73,41.89,22100
2023-10-17 07:00:00,41.97,42.2,41.89,42.2,10200
2023-10-18 07:00:00,42.2,42.2,41.34,41.73,23500
2023-10-19 07:00:00,41.34,41.65,41.26,41.65,6800
2023-10-20 07:00:00,41.34,41.58,40.71,41.58,28100
2023-10-23 07:00:00,41.58,41.89,41.42,41.58,9300
2023-10-24 07:00:00,41.42,41.5,41.18,41.5,21300
2023-10-25 07:00:00,41.5,41.58,41.1,41.5,4300
2023-10-26 07:00:00,41.34,41.58,40.71,41.03,23500
2023-10-27 07:00:00,41.03,41.42,40.4,41.26,12300
2023-10-30 07:00:00,41.42,41.73,40.79,40.87,12500
2023-10-31 07:00:00,41.18,41.18,40.56,40.87,26500
2023-11-01 07:00:00,41.1,41.1,40.24,40.95,13900
2023-11-02 07:00:00,41.1,41.18,40.95,40.95,14500
2023-11-03 07:00:00,41.34,41.5,41.18,41.42,18100
2023-11-06 07:00:00,41.89,42.36,41.65,42.2,29000
2023-11-07 07:00:00,42.2,42.52,41.97,42.36,27600
2023-11-08 07:00:00,42.44,42.52,42.12,42.12,7800
2023-11-09 07:00:00,42.2,42.6,41.89,42.28,16800
2023-11-10 07:00:00,42.28,42.36,41.81,42.36,11300
2023-11-13 07:00:00,42.28,42.6,42.2,42.52,12500
2023-11-14 07:00:00,42.52,42.6,41.89,42.2,25600
2023-11-15 07:00:00,42.2,42.6,42.2,42.6,27200
2023-11-16 07:00:00,42.52,42.6,42.12,42.6,20700
2023-11-17 07:00:00,42.67,42.67,42.2,42.2,10300
2023-11-20 07:00:00,42.28,42.6,42.28,42.36,13100
2023-11-21 07:00:00,42.6,42.67,42.36,42.6,8400
2023-11-22 07:00:00,43.07,43.07,42.6,42.99,24300
2023-11-23 07:00:00,42.83,43.22,42.52,42.91,36000
2023-11-24 07:00:00,43.14,43.14,42.52,42.83,11700
2023-11-27 07:00:00,42.83,43.07,41.81,42.83,36200
2023-11-28 07:00:00,42.83,42.83,42.05,42.6,23500
2023-11-29 07:00:00,42.52,42.91,42.05,42.75,18600
2023-11-30 07:00:00,42.6,42.83,42.6,42.75,18500
2023-12-01 07:00:00,42.99,42.99,42.75,42.75,5500
2023-12-04 07:00:00,42.75,43.07,42.6,42.91,36700
2023-12-05 07:00:00,43.22,43.54,42.67,43.38,32100
2023-12-06 07:00:00,42.91,43.54,42.83,43.3,20600
2023-12-07 07:00:00,43.3,43.38,42.91,43.14,12700
2023-12-08 07:00:00,43.22,43.3,42.83,43.3,15100
2023-12-11 07:00:00,43.3,43.38,43.07,43.3,11100
2023-12-12 07:00:00,43.69,43.85,43.07,43.54,19900
2023-12-13 07:00:00,43.77,43.77,42.99,43.62,24700
2023-12-14 07:00:00,43.38,43.77,43.22,43.77,27300
2023-12-15 07:00:00,43.77,44.01,43.62,43.93,21100
2023-12-18 07:00:00,44.16,44.16,43.69,43.93,16100
2023-12-19 07:00:00,43.93,44.16,43.54,44.01,16700
2023-12-20 07:00:00,43.85,44.09,43.69,44.01,7800
2023-12-21 07:00:00,44.09,44.24,43.77,44.24,30900
2023-12-22 07:00:00,44.24,44.32,43.93,44.32,14300
2023-12-25 07:00:00,44.4,44.71,44.09,44.48,21800
2023-12-26 07:00:00,44.48,44.56,43.93,44.4,18300
2023-12-27 07:00:00,43.93,44.95,43.93,44.64,36800
2023-12-28 07:00:00,44.64,45.04,44.55,44.64,28700
2023-12-29 07:00:00,45.04,45.04,44.72,44.88,18400
2024-01-02 07:00:00,44.88,45.04,44.55,44.72,8900
2024-01-03 07:00:00,44.72,44.72,44.39,44.47,14200
2024-01-04 07:00:00,44.47,45.29,44.31,44.96,13900
2024-01-05 07:00:00,44.88,45.04,44.88,44.96,4200
2024-01-08 07:00:00,45.04,45.04,44.64,44.72,4000
2024-01-09 07:00:00,44.64,44.96,44.55,44.96,7300
2024-01-10 07:00:00,45.45,45.45,44.96,45.04,13000
2024-01-11 07:00:00,45.04,45.21,44.72,45.13,12800
2024-01-12 07:00:00,45.13,45.13,44.72,44.8,6000
2024-01-15 07:00:00,44.8,45.21,44.31,45.04,22200
2024-01-16 07:00:00,44.96,45.04,44.88,45.04,16400
2024-01-17 07:00:00,45.13,45.29,44.8,44.8,23600
2024-01-18 07:00:00,45.04,45.04,44.8,44.88,11200
2024-01-19 07:00:00,44.88,44.88,44.64,44.72,27700
2024-01-22 07:00:00,44.72,44.72,44.64,44.72,11500
2024-01-23 07:00:00,44.8,44.88,44.22,44.88,23600
2024-01-24 07:00:00,44.88,45.29,44.8,45.04,28000
2024-01-25 07:00:00,45.04,45.21,44.8,44.8,11600
2024-01-26 07:00:00,44.8,45.04,44.8,45.04,3800
2024-01-29 07:00:00,45.21,45.29,44.96,45.29,14500
2024-01-30 07:00:00,45.04,45.13,44.64,44.64,3400
2024-01-31 07:00:00,44.72,44.8,44.64,44.72,5500
2024-02-01 07:00:00,44.72,45.04,44.39,45.04,8300
2024-02-02 07:00:00,44.96,45.04,44.8,44.88,8300
2024-02-05 07:00:00,44.88,44.88,44.55,44.8,43500
2024-02-06 07:00:00,44.72,44.96,44.55,44.8,11400
2024-02-07 07:00:00,44.96,45.04,44.64,44.96,19200
2024-02-15 07:00:00,44.96,45.37,44.39,44.96,59700
2024-02-16 07:00:00,44.72,44.96,44.72,44.8,7200
2024-02-19 07:00:00,44.72,44.88,44.64,44.8,23300
2024-02-20 07:00:00,44.96,44.96,44.31,44.8,8200
2024-02-21 07:00:00,44.8,44.8,44.55,44.8,12200
2024-02-22 07:00:00,44.72,44.96,44.64,44.88,14500
2024-02-23 07:00:00,45.04,45.21,44.88,44.88,15300
2024-02-26 07:00:00,44.72,45.04,44.72,44.88,20400
2024-02-27 07:00:00,44.96,45.04,44.88,45.04,11100
2024-02-28 07:00:00,44.88,45.13,44.88,44.96,24500
2024-02-29 07:00:00,45.04,45.04,44.88,44.96,18100
2024-03-01 07:00:00,44.96,45.04,44.72,45.04,32800
2024-03-04 07:00:00,45.37,48.16,45.13,48.16,123400
2024-03-05 07:00:00,47.99,47.99,46.76,47.42,11300
2024-03-06 07:00:00,46.68,47.5,46.68,47.26,19000
2024-03-07 07:00:00,47.26,47.42,46.52,46.76,15100
2024-03-08 07:00:00,46.6,46.93,46.27,46.93,22500
2024-03-11 07:00:00,47.09,47.26,46.93,46.93,9300
2024-03-12 07:00:00,46.93,47.17,46.76,47.17,6700
2024-03-13 07:00:00,47.34,47.42,47.17,47.26,29100
2024-03-14 07:00:00,47.34,48.1,47.17,47.42,45200
2024-03-15 07:00:00,47.42,47.42,46.83,47.26,21900
2024-03-18 07:00:00,47.76,47.76,46.58,47.0,21700
2024-03-19 07:00:00,47.0,47.51,47.0,47.34,17200
2024-03-20 07:00:00,47.34,47.59,47.17,47.59,19200
2024-03-21 07:00:00,47.68,47.93,47.51,47.68,28200
2024-03-22 07:00:00,47.84,47.84,47.34,47.68,13000
2024-03-25 07:00:00,47.76,48.44,47.68,47.93,16700
2024-03-26 07:00:00,48.01,48.01,47.26,47.42,15600
2024-03-27 07:00:00,47.42,47.51,47.42,47.51,11100
2024-03-28 07:00:00,47.59,47.59,47.42,47.59,10000
2024-03-29 07:00:00,47.59,47.93,47.59,47.59,800
2024-04-01 07:00:00,48.01,48.01,47.34,47.51,9900
2024-04-02 07:00:00,47.42,47.51,47.26,47.34,8300
2024-04-03 07:00:00,47.51,47.93,47.34,47.59,7200
2024-04-04 07:00:00,47.68,47.76,47.34,47.59,4600
2024-04-05 07:00:00,47.34,47.42,47.09,47.42,13200
2024-04-08 07:00:00,47.59,47.68,47.42,47.68,5700
2024-04-09 07:00:00,48.6,48.6,47.68,47.68,8300
2024-04-10 07:00:00,48.1,48.1,47.59,48.01,6100
2024-04-11 07:00:00,48.1,48.1,47.59,47.93,4200
2024-04-12 07:00:00,47.93,47.93,47.59,47.93,12800
2024-04-15 07:00:00,47.59,47.93,47.51,47.51,14000
2024-04-16 07:00:00,47.51,47.51,46.75,46.75,25400
2024-04-17 07:00:00,46.75,47.42,46.75,47.17,31700
2024-04-19 07:00:00,47.17,47.42,45.91,46.33,31100
2024-04-22 07:00:00,46.33,46.75,46.33,46.75,15600
2024-04-23 07:00:00,46.33,46.75,46.24,46.24,4200
2024-04-24 07:00:00,45.99,46.75,45.74,46.75,12300
2024-04-25 07:00:00,46.41,46.83,46.41,46.83,2300
2024-04-26 07:00:00,45.99,46.83,45.99,46.83,11300
2024-05-02 07:00:00,47.0,47.0,46.67,46.83,8100
2024-05-03 07:00:00,46.75,47.0,46.75,46.75,8500
2024-05-06 07:00:00,47.0,47.0,46.58,46.58,30200
2024-05-07 07:00:00,46.75,47.84,46.5,46.67,40200
2024-05-08 07:00:00,46.67,47.09,46.41,46.83,7800
2024-05-09 07:00:00,46.58,47.09,46.33,47.0,9600
2024-05-10 07:00:00,47.0,47.09,46.58,46.67,4100
2024-05-13 07:00:00,46.67,46.75,46.33,46.75,9800
2024-05-14 07:00:00,46.75,46.83,46.5,46.75,3200
2024-05-15 07:00:00,46.58,46.75,46.58,46.58,9200
2024-05-16 07:00:00,46.58,46.67,46.33,46.58,4000
2024-05-17 07:00:00,46.58,46.58,46.5,46.58,8600
2024-05-20 07:00:00,46.58,47.93,46.5,46.75,15000
2024-05-21 07:00:00,46.83,47.59,46.83,47.17,20400
2024-05-22 07:00:00,47.84,47.84,47.09,47.09,5900
2024-05-23 07:00:00,47.09,47.17,46.33,47.09,3200
2024-05-24 07:00:00,47.0,47.68,46.83,46.92,20800
2024-05-27 07:00:00,46.41,47.68,46.41,46.83,8500
2024-05-28 07:00:00,47.0,47.51,46.83,47.17,3700
2024-05-29 07:00:00,47.17,47.26,46.83,47.26,4700
2024-05-30 07:00:00,47.26,47.26,47.17,47.26,24900
2024-05-31 07:00:00,47.26,47.26,47.0,47.0,5100
2024-06-03 07:00:00,47.0,47.59,46.92,47.0,11600
2024-06-04 07:00:00,47.0,47.17,46.92,47.17,13100
2024-06-05 07:00:00,47.17,47.17,46.92,47.09,7600
2024-06-06 07:00:00,47.09,47.26,46.92,47.09,21600
2024-06-07 07:00:00,47.09,47.09,46.92,47.09,17200
2024-06-10 07:00:00,47.68,47.68,47.0,47.0,16800
2024-06-11 07:00:00,47.17,47.51,47.0,47.17,7600
2024-06-12 07:00:00,47.17,47.17,46.33,47.0,10300
2024-06-13 07:00:00,47.0,47.34,47.0,47.17,6500
2024-06-14 07:00:00,47.17,47.26,47.09,47.09,5600
2024-06-17 07:00:00,47.09,47.26,46.92,47.0,4700
2024-06-18 07:00:00,47.09,47.68,47.0,47.34,9400
2024-06-19 07:00:00,47.59,47.59,47.26,47.26,31200
2024-06-20 07:00:00,47.51,47.51,47.34,47.42,8800
2024-06-21 07:00:00,47.42,48.35,47.42,48.35,44100
2024-06-24 07:00:00,48.27,49.28,48.01,48.35,26100
2024-06-25 07:00:00,48.35,48.44,47.59,48.44,27100
2024-06-26 07:00:00,48.52,49.11,48.01,48.44,28500
2024-06-27 07:00:00,48.69,48.77,48.18,48.44,22600
2024-06-28 07:00:00,48.52,48.69,47.93,47.93,17400
2024-07-01 07:00:00,48.01,48.35,47.84,48.1,10500
2024-07-02 07:00:00,48.1,48.44,47.93,48.1,14000
2024-07-03 07:00:00,48.1,48.35,48.01,48.18,3700
2024-07-04 07:00:00,47.93,48.27,47.17,48.1,14000
2024-07-05 07:00:00,48.1,48.52,47.93,47.93,8700
2024-07-08 07:00:00,47.84,48.18,47.84,48.18,13300
2024-07-09 07:00:00,48.18,48.52,48.01,48.18,6500
2024-07-10 07:00:00,48.1,48.44,48.1,48.27,14700
2024-07-11 07:00:00,48.27,48.27,48.01,48.27,4800
2024-07-12 07:00:00,48.18,48.18,48.01,48.18,5300
2024-07-15 07:00:00,48.77,49.19,48.35,49.19,17500
2024-07-16 07:00:00,49.19,49.61,48.86,48.94,13400
2024-07-17 07:00:00,48.94,49.36,48.44,48.44,9200
2024-07-18 07:00:00,48.44,48.44,48.01,48.35,7100
2024-07-19 07:00:00,48.44,48.44,48.35,48.35,1900
2024-07-22 07:00:00,48.44,48.44,44.98,48.01,13400
2024-07-23 07:00:00,47.59,47.76,47.34,47.34,4300
2024-07-24 07:00:00,47.34,47.34,46.33,47.26,14000
2024-07-25 07:00:00,47.09,47.17,46.5,46.75,11100
2024-07-26 07:00:00,46.75,46.75,46.33,46.75,10600
2024-07-29 07:00:00,46.83,47.76,46.83,47.51,10500
2024-07-30 07:00:00,47.76,47.76,47.17,47.51,5400
2024-07-31 07:00:00,47.51,47.51,46.83,46.83,19300
2024-08-01 07:00:00,47.17,47.17,46.67,46.67,7300
2024-08-02 07:00:00,46.67,46.75,46.58,46.67,8800
2024-08-05 07:00:00,46.5,46.58,45.49,45.91,17000
2024-08-06 07:00:00,45.49,45.82,45.4,45.74,40300
2024-08-07 07:00:00,45.66,46.33,45.66,45.82,10000
2024-08-08 07:00:00,46.33,46.33,45.82,45.91,5300
2024-08-09 07:00:00,45.91,46.5,45.91,45.99,4400
2024-08-12 07:00:00,45.99,46.24,45.99,46.24,3400
2024-08-13 07:00:00,46.24,46.67,46.24,46.33,1400
2024-08-14 07:00:00,46.33,46.41,45.99,45.99,3400
2024-08-15 07:00:00,46.41,46.41,45.82,46.33,5000
2024-08-16 07:00:00,46.33,46.5,46.33,46.5,5600
2024-08-19 07:00:00,46.67,47.17,46.33,46.33,10900
2024-08-20 07:00:00,46.33,46.67,46.16,46.5,8500
2024-08-21 07:00:00,46.67,46.67,46.33,46.41,12300
2024-08-22 07:00:00,46.67,46.75,46.5,46.5,5700
2024-08-23 07:00:00,46.5,46.75,46.41,46.41,4900
2024-08-26 07:00:00,46.83,46.83,46.33,46.33,13100
2024-08-27 07:00:00,46.67,46.67,46.33,46.5,14100
2024-08-28 07:00:00,46.41,46.67,46.33,46.67,12400
2024-08-29 07:00:00,46.67,46.75,46.41,46.67,11600
2024-08-30 07:00:00,46.67,46.83,46.33,46.58,9900
2024-09-04 07:00:00,46.58,47.17,46.16,46.67,17300
2024-09-05 07:00:00,46.75,46.75,46.33,46.75,9200
2024-09-06 07:00:00,46.33,46.67,46.33,46.67,3500
2024-09-09 07:00:00,46.5,46.5,46.33,46.33,6200
2024-09-10 07:00:00,46.33,46.41,46.16,46.16,3100
2024-09-11 07:00:00,46.58,46.58,45.99,46.33,8800
2024-09-12 07:00:00,46.33,46.58,46.33,46.58,2700
2024-09-13 07:00:00,46.5,46.5,46.33,46.5,3500
2024-09-16 07:00:00,46.5,46.67,46.41,46.67,3600
2024-09-17 07:00:00,46.67,46.67,46.58,46.58,5200
2024-09-18 07:00:00,46.58,46.67,46.58,46.67,1500
2024-09-19 07:00:00,46.67,46.75,46.5,46.5,3400
2024-09-20 07:00:00,46.41,46.5,46.33,46.5,2900
2024-09-23 07:00:00,46.33,46.83,46.33,46.58,2900
2024-09-24 07:00:00,46.58,46.67,46.5,46.67,9400
2024-09-25 07:00:00,46.75,46.75,46.75,46.75,6300
2024-09-26 07:00:00,46.83,47.0,46.75,46.83,9200
2024-09-27 07:00:00,46.83,46.83,46.67,46.83,3900
2024-09-30 07:00:00,46.58,46.92,46.58,46.92,8900
2024-10-01 07:00:00,46.92,46.92,46.75,46.92,29400
2024-10-02 07:00:00,46.83,46.83,46.5,46.83,800
2024-10-03 07:00:00,46.41,46.83,46.33,46.83,7200
2024-10-04 07:00:00,46.67,46.67,46.5,46.67,1300
2024-10-07 07:00:00,46.5,46.5,46.33,46.5,4300
2024-10-08 07:00:00,46.58,46.75,46.41,46.58,3800
2024-10-09 07:00:00,46.5,46.5,46.33,46.33,6300
2024-10-10 07:00:00,46.33,46.33,46.33,46.33,2700
2024-10-11 07:00:00,46.33,46.33,46.24,46.33,5000
2024-10-14 07:00:00,46.33,46.41,46.16,46.33,7500
2024-10-15 07:00:00,46.41,46.58,46.33,46.58,1900
2024-10-16 07:00:00,46.41,46.67,46.41,46.58,17000
2024-10-17 07:00:00,46.75,46.83,46.58,46.83,4200
2024-10-18 07:00:00,46.83,47.17,46.83,47.17,3300
2024-10-21 07:00:00,47.17,47.17,46.24,46.41,7400
2024-10-22 07:00:00,46.5,46.67,46.5,46.67,3500
2024-10-23 07:00:00,47.17,47.26,46.83,47.26,7300
2024-10-24 07:00:00,47.26,47.26,47.17,47.26,1000
2024-10-25 07:00:00,47.26,47.26,46.33,46.41,5800
2024-10-28 07:00:00,46.41,46.83,46.24,46.41,5000
2024-10-29 07:00:00,46.75,46.75,46.58,46.58,3400
2024-10-30 07:00:00,46.58,46.83,46.33,46.83,8300
2024-10-31 07:00:00,46.92,47.0,46.5,46.83,14700
2024-11-01 07:00:00,46.83,46.83,46.33,46.41,10000
2024-11-04 07:00:00,46.41,46.83,46.08,46.08,5200
2024-11-05 07:00:00,46.08,46.16,45.99,45.99,11900
2024-11-06 07:00:00,46.08,46.83,46.08,46.24,2400
2024-11-07 07:00:00,46.24,46.67,46.24,46.5,2200
2024-11-08 07:00:00,46.75,46.75,46.16,46.16,7000
2024-11-11 07:00:00,46.33,46.41,46.16,46.16,12200
2024-11-12 07:00:00,46.33,46.33,45.99,46.16,11100
2024-11-13 07:00:00,46.16,46.16,45.91,46.08,10100
2024-11-14 07:00:00,46.08,46.08,45.74,45.99,10400
2024-11-15 07:00:00,45.99,45.99,45.66,45.74,11300
2024-11-18 07:00:00,45.91,45.91,45.66,45.66,3500
2024-11-19 07:00:00,45.49,45.74,45.49,45.49,10400
2024-11-20 07:00:00,45.49,45.57,45.49,45.57,7500
2024-11-21 07:00:00,45.91,45.91,45.57,45.57,4900
2024-11-22 07:00:00,45.91,45.91,45.82,45.82,1800
2024-11-25 07:00:00,45.91,46.08,45.91,45.91,3300
2024-11-26 07:00:00,45.91,45.99,45.82,45.82,4800
2024-11-27 07:00:00,45.91,45.91,45.82,45.82,1700
2024-11-28 07:00:00,45.91,45.91,45.82,45.82,3400
2024-11-29 07:00:00,45.57,45.91,45.32,45.32,17700
2024-12-02 07:00:00,45.49,45.91,45.4,45.82,3100
2024-12-03 07:00:00,45.82,45.82,45.32,45.82,6100
2024-12-04 07:00:00,45.82,45.91,45.66,45.66,6000
2024-12-05 07:00:00,45.66,45.74,45.66,45.66,10200
2024-12-06 07:00:00,45.66,45.99,45.57,45.99,8300
2024-12-09 07:00:00,45.91,46.08,45.57,45.91,5800
2024-12-10 07:00:00,45.91,46.58,45.91,46.5,32200
2024-12-11 07:00:00,46.5,46.5,46.5,46.5,1300
2024-12-12 07:00:00,45.66,46.58,45.66,46.33,14300
2024-12-13 07:00:00,46.16,46.33,46.16,46.33,4200
2024-12-16 07:00:00,46.58,46.58,46.33,46.33,5000
2024-12-17 07:00:00,46.16,46.5,46.16,46.33,17600
2024-12-18 07:00:00,46.5,46.67,46.5,46.67,7900
2024-12-19 07:00:00,46.58,46.58,46.33,46.41,10000
2024-12-20 07:00:00,46.5,46.5,46.33,46.5,7600
2024-12-23 07:00:00,46.5,46.83,46.41,46.67,17800
2024-12-24 07:00:00,46.75,47.0,46.67,46.83,14700
2024-12-25 07:00:00,46.41,47.42,46.41,47.17,30600
2024-12-26 07:00:00,47.17,47.52,46.56,47.52,34800
2024-12-27 07:00:00,47.08,47.7,46.82,47.08,19200
2024-12-30 07:00:00,47.08,47.08,46.64,46.82,5300
2024-12-31 07:00:00,47.0,48.4,44.36,48.4,54800
2025-01-02 07:00:00,48.14,48.14,46.64,47.26,3200
2025-01-03 07:00:00,47.26,47.44,46.64,46.73,15500
2025-01-06 07:00:00,46.73,46.82,46.38,46.47,7300
2025-01-07 07:00:00,46.47,46.56,46.12,46.56,7200
2025-01-08 07:00:00,46.56,46.64,46.2,46.56,2100
2025-01-09 07:00:00,46.2,46.64,46.03,46.64,900
2025-01-10 07:00:00,46.12,46.2,46.03,46.03,3900
2025-01-13 07:00:00,46.2,46.64,45.94,46.03,5400
2025-01-14 07:00:00,46.64,46.64,45.94,45.94,3000
2025-01-15 07:00:00,46.2,46.38,46.2,46.38,1400
2025-01-16 07:00:00,46.38,46.47,46.38,46.47,1800
2025-01-17 07:00:00,46.12,46.47,45.85,46.47,3400
2025-01-20 07:00:00,46.47,46.64,46.2,46.47,9500
2025-01-21 07:00:00,46.64,46.64,46.47,46.56,800
2025-01-22 07:00:00,46.56,46.64,46.47,46.56,11900
2025-01-23 07:00:00,46.56,46.64,45.94,46.38,11400
2025-01-24 07:00:00,46.64,46.64,46.38,46.47,2000
2025-02-03 07:00:00,46.47,46.47,46.2,46.2,11000
2025-02-04 07:00:00,46.2,46.73,46.2,46.2,6300
2025-02-05 07:00:00,46.38,46.47,46.2,46.29,3100
2025-02-06 07:00:00,46.47,46.47,46.2,46.2,16600
2025-02-07 07:00:00,46.2,46.29,46.2,46.2,2800
2025-02-10 07:00:00,46.2,47.44,45.85,46.29,11600
2025-02-11 07:00:00,45.94,46.29,45.76,45.85,20000
2025-02-12 07:00:00,45.85,46.03,45.59,46.03,14600
2025-02-13 07:00:00,46.03,46.03,45.76,45.85,3800
2025-02-14 07:00:00,45.94,46.03,45.76,46.03,11400
2025-02-17 07:00:00,46.73,46.73,45.76,46.47,45500
2025-02-18 07:00:00,46.47,46.47,45.68,46.2,31200
2025-02-19 07:00:00,46.2,46.2,45.59,45.85,14300
2025-02-20 07:00:00,45.85,46.2,45.76,46.03,16700
2025-02-21 07:00:00,45.94,46.2,45.76,45.94,17700
2025-02-24 07:00:00,46.2,46.29,45.94,46.03,11700
2025-02-25 07:00:00,46.03,46.03,45.32,45.59,13500
2025-02-26 07:00:00,46.03,46.03,45.76,46.03,6900
2025-02-27 07:00:00,46.03,46.03,45.76,45.94,4800
2025-02-28 07:00:00,46.03,46.03,45.59,45.68,4800
2025-03-03 07:00:00,45.68,45.76,45.59,45.59,28400
2025-03-04 07:00:00,45.85,45.94,45.59,45.68,11200
2025-03-05 07:00:00,45.94,45.94,45.76,45.76,700
2025-03-06 07:00:00,45.76,46.03,45.76,45.76,5200
2025-03-07 07:00:00,45.94,46.56,45.94,46.29,11000
2025-03-10 07:00:00,46.64,46.64,46.29,46.38,4300
2025-03-11 07:00:00,46.38,46.38,46.03,46.29,22400
2025-03-12 07:00:00,46.64,46.64,46.12,46.38,16900
2025-03-13 07:00:00,46.2,46.47,45.85,45.94,20600
2025-03-14 07:00:00,46.03,46.03,45.76,45.85,16400
2025-03-17 07:00:00,45.85,46.64,45.76,46.38,38700
2025-03-18 07:00:00,46.64,46.64,46.2,46.29,22800
2025-03-19 07:00:00,46.29,46.38,46.2,46.2,47800
2025-03-20 07:00:00,47.02,47.02,46.02,46.29,9700
2025-03-21 07:00:00,46.57,46.57,46.11,46.29,5000
2025-03-24 07:00:00,46.29,46.29,46.11,46.11,2900
2025-03-25 07:00:00,46.11,46.11,45.57,45.84,7900
2025-03-26 07:00:00,45.75,45.84,45.39,45.84,21700
2025-03-27 07:00:00,45.39,45.57,45.34,45.34,8200
2025-03-28 07:00:00,45.84,45.84,45.39,45.39,1800
2025-03-31 07:00:00,45.39,45.84,45.16,45.57,3200
2025-04-01 07:00:00,45.57,45.66,45.2,45.39,7000
2025-04-02 07:00:00,45.3,45.39,45.11,45.2,4400
2025-04-03 07:00:00,44.48,44.93,43.12,44.39,26800
2025-04-04 07:00:00,43.44,43.98,41.85,43.93,33800
2025-04-08 07:00:00,43.93,43.93,41.3,42.94,23100
2025-04-09 07:00:00,42.66,43.39,42.66,42.8,9300
2025-04-10 07:00:00,45.39,45.75,44.98,45.07,50000
2025-04-11 07:00:00,45.11,45.11,44.48,44.48,11900
2025-04-14 07:00:00,44.48,44.52,43.21,43.89,12200
2025-04-15 07:00:00,44.07,44.07,43.12,43.3,9100
2025-04-16 07:00:00,43.12,43.57,42.3,42.66,38100
2025-04-17 07:00:00,42.66,43.03,42.62,42.66,13800
2025-04-18 07:00:00,42.66,43.12,42.66,42.66,25100
2025-04-21 07:00:00,43.03,43.12,42.62,42.66,13200
2025-04-22 07:00:00,42.66,42.66,41.76,42.3,30300
2025-04-23 07:00:00,42.39,43.07,42.3,42.57,4400
2025-04-24 07:00:00,42.66,42.66,41.94,42.12,42400
2025-04-25 07:00:00,42.57,42.57,41.85,41.85,16700
2025-04-28 07:00:00,41.98,41.98,41.3,41.39,32800
2025-04-29 07:00:00,41.39,41.39,40.85,41.21,20100
2025-05-05 07:00:00,41.21,41.21,40.98,41.03,9100
2025-05-06 07:00:00,41.03,41.76,41.03,41.3,14500
2025-05-07 07:00:00,41.76,41.76,41.3,41.35,9300
2025-05-08 07:00:00,41.3,41.35,41.21,41.35,4100
2025-05-09 07:00:00,41.35,41.76,41.35,41.48,11000
2025-05-12 07:00:00,41.48,41.76,41.48,41.76,8500
2025-05-13 07:00:00,41.76,41.94,41.76,41.85,7600
2025-05-14 07:00:00,41.76,42.07,41.76,42.07,6900
2025-05-15 07:00:00,42.07,43.03,42.07,42.66,5800
2025-05-16 07:00:00,43.12,43.12,42.57,42.57,12200
2025-05-19 07:00:00,42.57,42.57,42.21,42.21,5200
2025-05-20 07:00:00,42.3,42.3,42.12,42.12,6200
2025-05-21 07:00:00,42.12,42.12,42.03,42.07,4900
2025-05-22 07:00:00,41.76,41.89,41.76,41.76,2300
2025-05-23 07:00:00,41.76,42.12,41.76,41.94,10400
2025-05-26 07:00:00,42.07,42.12,41.94,41.94,1900
2025-05-27 07:00:00,41.98,42.3,41.26,41.98,11700
2025-05-28 07:00:00,42.12,42.12,42.03,42.03,11800
2025-05-29 07:00:00,42.12,42.21,41.98,42.12,21400
2025-05-30 07:00:00,41.98,42.39,41.98,42.07,3200
2025-06-02 07:00:00,42.16,42.26,42.12,42.26,13700
2025-06-03 07:00:00,42.21,42.21,42.12,42.16,5800
2025-06-04 07:00:00,42.16,42.53,42.16,42.34,4800
2025-06-05 07:00:00,42.39,42.39,42.21,42.21,5400
2025-06-06 07:00:00,42.21,42.39,41.98,42.39,6000
2025-06-09 07:00:00,42.39,42.39,42.03,42.3,1100
2025-06-10 07:00:00,42.07,42.3,42.07,42.3,4100
2025-06-11 07:00:00,42.21,42.3,42.21,42.21,1800
2025-06-12 07:00:00,42.21,42.26,42.21,42.21,5300
2025-06-13 07:00:00,42.21,42.21,41.85,42.16,10700
2025-06-16 07:00:00,41.39,42.21,41.35,41.76,3900
2025-06-17 07:00:00,41.76,41.94,41.76,41.76,6900
2025-06-18 07:00:00,41.76,41.85,41.76,41.76,3900
2025-06-19 07:00:00,41.76,42.03,41.76,41.85,2300
2025-06-20 07:00:00,41.85,41.85,41.76,41.85,7400
2025-06-23 07:00:00,41.39,41.48,41.03,41.44,8200
2025-06-24 07:00:00,41.66,41.66,41.39,41.39,2500
2025-06-25 07:00:00,41.39,41.71,41.3,41.66,17700
2025-06-26 07:00:00,41.8,41.94,41.53,41.94,3300
2025-06-27 07:00:00,41.8,41.94,41.76,41.85,6700
2025-06-30 07:00:00,41.85,42.21,41.85,42.16,7300
2025-07-01 07:00:00,42.16,42.16,41.94,42.12,3200
2025-07-02 07:00:00,42.12,42.3,42.12,42.21,2800
2025-07-03 07:00:00,42.21,42.39,41.94,42.16,8300
2025-07-04 07:00:00,42.16,42.3,42.12,42.3,4900
2025-07-07 07:00:00,42.21,42.39,41.89,41.89,11000
2025-07-08 07:00:00,41.89,42.48,41.89,42.44,4000
2025-07-09 07:00:00,42.44,42.53,42.12,42.39,13500
2025-07-10 07:00:00,41.98,42.21,41.85,42.21,18400
2025-07-11 07:00:00,42.03,42.21,41.94,42.12,6300
2025-07-14 07:00:00,42.12,42.39,42.03,42.3,22300
2025-07-15 07:00:00,42.39,42.62,41.76,41.98,8500
2025-07-16 07:00:00,42.21,42.21,41.98,41.98,4400
2025-07-17 07:00:00,41.98,42.3,41.98,42.12,6800
2025-07-18 07:00:00,42.12,42.21,41.89,41.94,7100
2025-07-21 07:00:00,41.94,42.21,41.85,42.12,6800
2025-07-22 07:00:00,42.07,42.12,42.03,42.03,3300
2025-07-23 07:00:00,42.12,42.12,42.03,42.03,3300
2025-07-24 07:00:00,42.21,42.21,41.85,41.98,25200
2025-07-25 07:00:00,41.98,41.98,41.8,41.94,12500
2025-07-28 07:00:00,41.94,42.03,41.71,42.03,26100
2025-07-29 07:00:00,42.21,42.21,41.8,41.8,12200
2025-07-30 07:00:00,41.8,42.12,41.12,41.26,54700
2025-07-31 07:00:00,41.26,41.26,41.12,41.12,25400
2025-08-01 07:00:00,41.3,41.3,40.76,40.94,19600
2025-08-04 07:00:00,40.89,41.03,40.85,40.85,20800
2025-08-05 07:00:00,40.94,41.08,40.85,40.89,22600
2025-08-06 07:00:00,41.3,41.3,40.89,41.03,14500
2025-08-07 07:00:00,41.26,41.48,41.03,41.3,3500
2025-08-08 07:00:00,41.3,41.3,41.16,41.21,11400
2025-08-11 07:00:00,41.21,41.71,41.21,41.53,9200
2025-08-12 07:00:00,41.48,41.48,41.08,41.35,10100
2025-08-13 07:00:00,41.3,41.3,41.16,41.16,4900
2025-08-14 07:00:00,41.16,41.21,40.85,41.21,42600
2025-08-15 07:00:00,41.21,41.57,41.21,41.35,10200
2025-08-18 07:00:00,41.35,41.35,40.89,41.3,9700
2025-08-19 07:00:00,41.26,41.26,40.76,40.98,10700
2025-08-20 07:00:00,40.98,41.03,40.85,40.89,15300
2025-08-21 07:00:00,40.89,40.94,40.85,40.94,7300
2025-08-22 07:00:00,40.94,40.94,40.76,40.76,6000
2025-08-25 07:00:00,40.98,40.98,40.67,40.67,9200
2025-08-26 07:00:00,40.62,40.85,40.62,40.85,7200
2025-08-27 07:00:00,40.85,40.85,40.48,40.85,14100
2025-08-28 07:00:00,40.94,40.94,40.58,40.89,6000
2025-08-29 07:00:00,40.89,40.89,40.48,40.85,6700
2025-09-03 07:00:00,40.85,40.94,40.85,40.85,5400
2025-09-04 07:00:00,40.62,40.85,40.58,40.8,7900
2025-09-05 07:00:00,40.85,40.85,40.58,40.8,3800
2025-09-08 07:00:00,40.8,40.8,40.39,40.67,5700
2025-09-09 07:00:00,40.39,40.76,40.39,40.67,25700
2025-09-10 07:00:00,40.67,40.85,40.67,40.67,3200
2025-09-11 07:00:00,40.67,40.71,40.53,40.71,2900
2025-09-12 07:00:00,40.76,40.76,40.71,40.76,2000
2025-09-15 07:00:00,40.8,40.85,40.62,40.76,3400
2025-09-16 07:00:00,40.76,40.8,40.76,40.76,3900
2025-09-17 07:00:00,40.76,40.85,40.76,40.76,12600
2025-09-18 07:00:00,40.76,40.85,40.71,40.76,6900
2025-09-19 07:00:00,40.76,40.85,40.76,40.85,3100
2025-09-22 07:00:00,39.53,40.8,39.53,40.67,13000
2025-09-23 07:00:00,40.85,40.94,40.67,40.67,3300
2025-09-24 07:00:00,40.67,40.85,40.67,40.85,4800
2025-09-25 07:00:00,40.8,40.8,40.67,40.71,5100
2025-09-26 07:00:00,40.85,40.85,40.8,40.8,2500
2025-09-29 07:00:00,40.85,40.85,40.67,40.67,4200
2025-09-30 07:00:00,40.67,40.8,40.39,40.67,13000
2025-10-01 07:00:00,40.48,40.67,40.48,40.58,3700
2025-10-02 07:00:00,40.48,40.85,40.39,40.67,26500
2025-10-03 07:00:00,40.67,40.67,40.35,40.48,1500
2025-10-06 07:00:00,40.58,40.85,40.48,40.76,8700
2025-10-07 07:00:00,40.76,40.85,40.67,40.67,10700
2025-10-08 07:00:00,40.71,40.8,40.67,40.67,1300
2025-10-09 07:00:00,40.8,40.8,40.71,40.71,4100
2025-10-10 07:00:00,40.71,40.85,40.71,40.8,4200
2025-10-13 07:00:00,40.8,40.85,40.39,40.85,2700
2025-10-14 07:00:00,40.85,40.89,40.58,40.62,9700
2025-10-15 07:00:00,40.62,40.71,40.48,40.71,3600
2025-10-16 07:00:00,40.71,40.71,40.58,40.58,1400
2025-10-17 07:00:00,40.76,40.76,40.44,40.53,6000
2025-10-20 07:00:00,40.58,40.67,39.94,39.94,6100
2025-10-21 07:00:00,39.94,40.39,39.94,40.39,5100
2025-10-22 07:00:00,40.44,40.44,40.35,40.35,3600
2025-10-23 07:00:00,40.35,40.39,40.3,40.39,1300
2025-10-24 07:00:00,40.35,40.35,40.3,40.35,500
2025-10-27 07:00:00,40.35,40.35,40.12,40.12,4700
2025-10-28 07:00:00,40.76,40.76,40.3,40.3,1400
2025-10-29 07:00:00,40.71,40.85,40.3,40.3,7300
2025-10-30 07:00:00,40.35,40.39,40.3,40.39,400
2025-10-31 07:00:00,40.8,40.8,40.12,40.12,9100
2025-11-03 07:00:00,40.08,40.12,39.71,39.76,24000
2025-11-04 07:00:00,39.89,39.89,39.49,39.58,4300
2025-11-05 07:00:00,39.67,39.85,39.44,39.85,2800
2025-11-06 07:00:00,39.49,39.53,39.44,39.49,7300
2025-11-07 07:00:00,39.49,39.49,39.3,39.4,4600
2025-11-10 07:00:00,39.26,39.26,38.99,39.03,12000
2025-11-11 07:00:00,39.03,39.85,39.03,39.03,7400
2025-11-12 07:00:00,39.76,39.85,39.08,39.85,800
2025-11-13 07:00:00,39.12,39.76,39.12,39.62,2900
2025-11-14 07:00:00,39.49,39.94,39.4,39.94,3000
2025-11-17 07:00:00,39.98,40.12,39.98,40.03,6300
2025-11-18 07:00:00,39.94,40.03,39.94,39.94,3800
2025-11-19 07:00:00,39.94,39.94,39.49,39.53,3700
2025-11-20 07:00:00,39.21,39.4,39.21,39.4,9800
2025-11-21 07:00:00,39.4,39.85,39.4,39.58,2600
2025-11-24 07:00:00,39.58,39.94,39.58,39.85,15400
2025-11-25 07:00:00,39.85,40.3,39.85,39.85,5200
2025-11-26 07:00:00,39.85,40.03,39.85,40.03,2000
2025-11-27 07:00:00,40.12,40.12,40.03,40.03,700
2025-11-28 07:00:00,39.67,40.21,39.67,40.03,3000
2025-12-01 07:00:00,39.58,39.94,39.49,39.89,4000
2025-12-02 07:00:00,39.89,39.89,39.49,39.89,10700
2025-12-03 07:00:00,39.94,40.08,39.58,39.89,1800
2025-12-04 07:00:00,39.49,40.03,39.49,40.03,9600
2025-12-05 07:00:00,39.85,39.94,39.53,39.85,1900
2025-12-08 07:00:00,39.58,39.85,39.4,39.8,4200
2025-12-09 07:00:00,39.58,39.76,39.58,39.67,5300
2025-12-10 07:00:00,39.58,39.67,39.49,39.67,4300
2025-12-11 07:00:00,39.49,39.67,39.49,39.62,5400
2025-12-12 07:00:00,39.62,39.62,39.62,39.62,1300
2025-12-15 07:00:00,39.71,39.85,39.62,39.76,3000
2025-12-16 07:00:00,39.67,39.76,39.12,39.76,11600
2025-12-17 07:00:00,39.67,39.67,39.3,39.67,4400
2025-12-18 07:00:00,39.67,39.76,39.4,39.4,1600
2025-12-19 07:00:00,39.71,40.3,39.58,39.58,10000
2025-12-22 07:00:00,39.58,40.58,39.58,40.44,23500
2025-12-23 07:00:00,40.53,40.76,40.39,40.76,4500
2025-12-24 07:00:00,40.39,40.76,40.39,40.67,5700
2025-12-25 07:00:00,40.8,40.85,40.44,40.67,4300
2025-12-26 07:00:00,40.67,40.67,40.12,40.62,6800
2025-12-29 07:00:00,40.58,40.62,40.35,40.62,6000
2025-12-30 07:00:00,40.35,40.62,40.3,40.53,3800
2025-12-31 07:00:00,40.58,40.67,40.3,40.53,4200
2026-01-05 07:00:00,41.39,41.39,40.58,41.21,9500
2026-01-06 07:00:00,41.03,41.03,40.44,40.85,8300
2026-01-07 07:00:00,40.85,40.85,40.39,40.85,9600
2026-01-08 07:00:00,40.85,40.94,40.67,40.94,3400
2026-01-09 07:00:00,40.85,41.12,40.85,41.08,13000
2026-01-12 07:00:00,41.12,41.44,41.03,41.21,43400
2026-01-13 07:00:00,39.77,41.69,39.77,41.21,15800
2026-01-14 07:00:00,40.49,41.21,40.49,41.21,11100
2026-01-15 07:00:00,40.54,40.73,40.3,40.68,16300
2026-01-16 07:00:00,40.4,40.73,40.4,40.54,8700
2026-01-19 07:00:00,40.4,40.54,40.3,40.44,9200
2026-01-20 07:00:00,40.44,40.44,40.3,40.44,8600
2026-01-21 07:00:00,40.44,40.44,40.25,40.4,6400
2026-01-22 07:00:00,40.25,40.4,40.25,40.4,10100
2026-01-23 07:00:00,40.4,40.4,39.77,39.77,14700
2026-01-26 07:00:00,39.77,39.77,39.58,39.72,5300
2026-01-27 07:00:00,39.72,40.06,39.49,39.77,5300
2026-01-28 07:00:00,39.72,39.77,39.29,39.77,5200
2026-01-29 07:00:00,39.77,40.2,39.34,40.2,13900
2026-01-30 07:00:00,40.25,40.25,39.87,40.16,2700
2026-02-02 07:00:00,40.25,40.25,39.87,39.92,4000
2026-02-03 07:00:00,39.77,39.82,39.44,39.49,13700
2026-02-04 07:00:00,39.49,39.77,39.44,39.77,7800
2026-02-05 07:00:00,39.63,40.11,39.63,39.77,8600
2026-02-06 07:00:00,39.39,40.06,39.39,39.77,3000
2026-02-09 07:00:00,39.77,39.77,39.29,39.58,12400
2026-02-10 07:00:00,39.49,39.72,39.29,39.44,15300
2026-02-11 07:00:00,39.39,39.77,39.39,39.77,2400
2026-02-12 07:00:00,39.77,39.77,39.29,39.72,17600
2026-02-13 07:00:00,39.58,39.77,39.44,39.77,1900
2026-02-23 07:00:00,39.77,39.77,39.68,39.77,5700
2026-02-24 07:00:00,39.77,40.06,39.68,40.06,9600
2026-02-25 07:00:00,40.06,40.06,39.63,39.77,6200
2026-02-26 07:00:00,39.77,39.77,39.63,39.77,5400
2026-02-27 07:00:00,39.77,39.77,39.58,39.72,1900
2026-03-02 07:00:00,39.29,39.53,39.29,39.39,13600
2026-03-03 07:00:00,39.44,39.49,39.34,39.34,8000
2026-03-04 07:00:00,39.34,39.34,39.01,39.25,11200
2026-03-05 07:00:00,39.25,39.29,39.25,39.29,4000
2026-03-06 07:00:00,39.34,39.34,39.15,39.15,5100
2026-03-09 07:00:00,38.82,38.82,36.42,36.42,36500
2026-03-10 07:00:00,36.56,38.96,36.56,38.96,15000
2026-03-11 07:00:00,38.24,38.82,37.81,38.38,9300
2026-03-12 07:00:00,38.43,38.72,38.34,38.43,3700
2026-03-13 07:00:00,38.48,38.62,38.34,38.58,2000
2026-03-16 07:00:00,38.58,38.58,38.34,38.38,1000
2026-03-17 07:00:00,38.62,38.82,38.29,38.67,800
2026-03-18 07:00:00,38.67,38.67,38.34,38.34,3800
2026-03-19 07:00:00,38.29,38.29,38.0,38.14,2900
2026-03-20 07:00:00,37.76,37.76,37.38,37.38,6900
2026-03-23 07:00:00,37.38,37.38,36.23,36.37,31200
2026-03-24 07:00:00,36.56,36.9,36.23,36.23,18400
2026-03-25 07:00:00,36.32,37.18,36.32,37.18,17100
2026-03-26 07:00:00,37.18,37.18,36.8,37.09,4300
2026-03-27 07:00:00,36.42,37.09,36.42,36.42,11700
2026-03-30 07:00:00,36.42,36.42,36.23,36.32,16100
2026-03-31 07:00:00,36.32,36.42,36.28,36.42,10800
2026-04-01 07:00:00,36.52,36.9,36.52,36.9,4500
2026-04-02 07:00:00,36.9,37.33,36.9,37.28,2600
2026-04-03 07:00:00,37.28,37.28,36.71,36.99,4000
2026-04-06 07:00:00,36.99,36.99,36.32,36.42,14500
2026-04-07 07:00:00,38.72,38.72,37.38,37.38,3300
2026-04-08 07:00:00,37.38,37.38,36.9,37.38,2400
2026-04-09 07:00:00,37.38,37.38,37.09,37.09,3200
2026-04-10 07:00:00,37.09,37.23,37.09,37.18,10800
2026-04-13 07:00:00,36.9,37.33,36.71,36.75,8000
2026-04-14 07:00:00,37.86,37.86,37.04,37.09,4200
2026-04-15 07:00:00,37.09,37.09,37.09,37.09,600
2026-04-16 07:00:00,37.09,37.09,36.42,36.42,6100
2026-04-17 07:00:00,36.71,36.8,36.71,36.71,4400
2026-04-20 07:00:00,36.71,36.9,36.47,36.56,7100
2026-04-21 07:00:00,36.52,37.62,36.47,37.09,2400
2026-04-22 07:00:00,37.62,37.62,36.71,37.09,1700
2026-04-23 07:00:00,36.99,36.99,36.66,36.71,1700
2026-04-24 07:00:00,36.71,37.38,36.61,37.38,3000
2026-04-28 07:00:00,36.47,37.18,36.47,36.95,1600
2026-04-29 07:00:00,36.66,37.18,36.47,36.66,3800
2026-05-04 07:00:00,36.66,37.18,36.66,37.09,5100
2026-05-05 07:00:00,37.14,37.14,36.66,36.66,7500
2026-05-06 07:00:00,36.42,36.52,36.42,36.52,7400
2026-05-07 07:00:00,36.56,36.71,36.56,36.71,2300
2026-05-08 07:00:00,36.66,37.18,36.66,37.14,6800
2026-05-11 07:00:00,37.09,37.09,37.04,37.04,3900
2026-05-12 07:00:00,37.04,37.14,37.04,37.04,4200
2026-05-13 07:00:00,37.28,37.28,36.9,36.9,9300
2026-05-14 07:00:00,37.47,37.47,36.9,37.04,2400
2026-05-15 07:00:00,36.8,36.9,36.8,36.85,4900
2026-05-18 07:00:00,37.8,37.8,37.15,37.5,11000
2026-05-19 07:00:00,37.5,37.5,37.1,37.2,3400
2026-05-20 07:00:00,37.25,37.25,37.0,37.2,4200
2026-05-21 07:00:00,37.3,37.8,37.2,37.2,6200
2026-05-22 07:00:00,37.2,37.4,37.2,37.4,1000
2026-05-25 07:00:00,37.4,37.7,37.4,37.6,4300
2026-05-26 07:00:00,37.4,39.0,37.2,37.8,4500
2026-05-27 07:00:00,37.8,37.9,37.5,37.9,1300
