time,open,high,low,close,volume
2018-01-02 07:00:00,4.85,4.85,4.81,4.85,109300
2018-01-03 07:00:00,4.85,4.85,4.78,4.78,113000
2018-01-04 07:00:00,4.81,4.81,4.78,4.81,102800
2018-01-05 07:00:00,4.85,4.91,4.85,4.91,64500
2018-01-08 07:00:00,4.95,5.02,4.95,4.95,207500
2018-01-09 07:00:00,5.02,5.05,4.95,4.95,150500
2018-01-10 07:00:00,4.91,4.95,4.91,4.95,145300
2018-01-11 07:00:00,4.91,4.91,4.88,4.91,163500
2018-01-12 07:00:00,4.88,4.91,4.88,4.91,140000
2018-01-15 07:00:00,4.88,4.88,4.78,4.78,72200
2018-01-16 07:00:00,4.88,4.88,4.81,4.85,163100
2018-01-17 07:00:00,4.81,4.81,4.71,4.71,111700
2018-01-18 07:00:00,4.78,4.78,4.68,4.68,83000
2018-01-19 07:00:00,4.61,4.61,4.57,4.61,122300
2018-01-22 07:00:00,4.61,4.61,4.54,4.54,208500
2018-01-23 07:00:00,4.54,4.54,4.44,4.44,91900
2018-01-24 07:00:00,4.44,4.47,4.44,4.47,114400
2018-01-25 07:00:00,4.47,4.47,4.44,4.44,153200
2018-01-26 07:00:00,4.47,4.51,4.44,4.44,155500
2018-01-29 07:00:00,4.44,4.44,4.41,4.41,101000
2018-01-30 07:00:00,4.34,4.34,4.17,4.17,142000
2018-01-31 07:00:00,4.13,4.13,4.07,4.07,137600
2018-02-01 07:00:00,4.07,4.07,4.07,4.07,61000
2018-02-02 07:00:00,4.07,4.07,4.03,4.03,74000
2018-02-05 07:00:00,4.0,4.0,4.0,4.0,35600
2018-02-06 07:00:00,4.03,4.07,4.03,4.07,101000
2018-02-07 07:00:00,4.0,4.07,4.0,4.07,53700
2018-02-08 07:00:00,4.07,4.07,4.03,4.03,30000
2018-02-09 07:00:00,4.03,4.03,4.03,4.03,19000
2018-02-12 07:00:00,4.03,4.07,4.03,4.07,35100
2018-02-13 07:00:00,4.1,4.1,4.1,4.1,100
2018-02-21 07:00:00,4.1,4.13,4.1,4.13,99000
2018-02-22 07:00:00,4.07,4.07,4.07,4.07,15000
2018-02-23 07:00:00,4.07,4.07,4.07,4.07,30000
2018-02-26 07:00:00,4.03,4.07,4.03,4.07,35300
2018-02-27 07:00:00,4.03,4.07,4.03,4.07,25100
2018-02-28 07:00:00,4.07,4.13,4.07,4.13,85000
2018-03-01 07:00:00,4.07,4.1,4.07,4.1,55000
2018-03-02 07:00:00,4.03,4.03,4.03,4.03,20000
2018-03-06 07:00:00,4.03,4.03,4.03,4.03,30000
2018-03-08 07:00:00,4.0,4.07,4.0,4.07,65000
2018-03-09 07:00:00,4.03,4.1,4.03,4.1,56000
2018-03-12 07:00:00,4.1,4.1,4.1,4.1,81000
2018-03-13 07:00:00,4.1,4.1,4.1,4.1,32000
2018-03-14 07:00:00,4.13,4.24,4.07,4.24,50200
2018-03-15 07:00:00,4.1,4.1,4.1,4.1,109500
2018-03-16 07:00:00,4.07,4.13,4.07,4.13,72000
2018-03-19 07:00:00,4.17,4.17,4.17,4.17,28400
2018-03-20 07:00:00,4.2,4.2,4.17,4.17,69300
2018-03-21 07:00:00,4.13,4.13,4.13,4.13,40000
2018-03-22 07:00:00,4.13,4.13,4.13,4.13,5000
2018-03-23 07:00:00,4.17,4.17,4.13,4.13,101000
2018-03-26 07:00:00,4.17,4.17,4.17,4.17,15000
2018-03-28 07:00:00,4.17,4.17,4.17,4.17,37200
2018-03-30 07:00:00,4.2,4.2,4.17,4.2,62000
2018-04-02 07:00:00,4.2,4.2,4.17,4.2,37900
2018-04-03 07:00:00,4.03,4.03,4.03,4.03,100
2018-04-04 07:00:00,4.13,4.17,4.13,4.17,111700
2018-04-05 07:00:00,4.2,4.24,4.2,4.2,48300
2018-04-06 07:00:00,4.27,4.27,4.27,4.27,14500
2018-04-09 07:00:00,4.27,4.34,4.27,4.34,28700
2018-04-10 07:00:00,4.27,4.27,4.27,4.27,22000
2018-04-11 07:00:00,4.24,4.3,4.24,4.3,130700
2018-04-12 07:00:00,4.34,4.71,4.3,4.71,1400
2018-04-13 07:00:00,4.57,4.57,4.44,4.44,13100
2018-04-16 07:00:00,4.51,4.51,4.51,4.51,100
2018-04-17 07:00:00,4.47,4.51,4.47,4.51,57700
2018-04-18 07:00:00,4.54,4.57,4.51,4.57,44800
2018-04-19 07:00:00,4.61,4.61,4.61,4.61,59000
2018-04-20 07:00:00,4.61,4.71,4.61,4.71,92100
2018-04-23 07:00:00,4.74,4.74,4.71,4.71,32600
2018-04-24 07:00:00,4.64,4.68,4.64,4.64,20900
2018-04-26 07:00:00,4.54,4.54,4.51,4.51,20500
2018-04-27 07:00:00,4.1,4.51,4.1,4.51,1400
2018-05-03 07:00:00,4.47,4.47,4.41,4.41,300
2018-05-07 07:00:00,4.24,4.24,4.24,4.24,100
2018-05-11 07:00:00,3.86,3.86,3.86,3.86,100
2018-05-16 07:00:00,4.24,4.24,4.24,4.24,100
2018-05-21 07:00:00,3.83,3.83,3.83,3.83,200
2018-05-22 07:00:00,3.86,3.86,3.86,3.86,1000
2018-05-31 07:00:00,4.24,4.24,4.24,4.24,100
2018-06-01 07:00:00,4.2,4.2,4.2,4.2,100
2018-06-04 07:00:00,3.8,3.8,3.8,3.8,100
2018-06-11 07:00:00,4.0,4.17,4.0,4.17,115500
2018-06-12 07:00:00,4.57,4.57,4.57,4.57,76100
2018-06-13 07:00:00,5.02,5.02,5.02,5.02,47900
2018-06-14 07:00:00,5.49,5.49,5.35,5.49,272800
2018-06-15 07:00:00,5.76,5.96,5.22,5.25,361600
2018-06-18 07:00:00,5.02,5.08,4.78,4.91,126400
2018-06-19 07:00:00,4.74,4.85,4.68,4.74,128800
2018-06-20 07:00:00,4.74,4.95,4.68,4.91,150300
2018-06-21 07:00:00,4.91,5.12,4.91,5.08,171900
2018-06-22 07:00:00,5.08,5.35,5.02,5.08,317300
2018-06-25 07:00:00,5.02,5.08,4.91,4.95,138300
2018-06-26 07:00:00,4.91,4.95,4.74,4.91,177900
2018-06-27 07:00:00,4.91,5.05,4.81,5.02,200100
2018-06-28 07:00:00,4.98,5.05,4.88,4.91,135400
2018-06-29 07:00:00,4.88,5.02,4.81,5.02,171300
2018-07-02 07:00:00,4.95,5.02,4.88,4.95,103100
2018-07-03 07:00:00,4.91,4.98,4.85,4.95,172900
2018-07-04 07:00:00,4.91,5.08,4.91,5.08,226900
2018-07-05 07:00:00,5.08,5.18,5.05,5.18,147600
2018-07-06 07:00:00,5.15,5.32,5.15,5.29,201700
2018-07-09 07:00:00,5.29,5.29,5.05,5.12,140200
2018-07-10 07:00:00,5.02,5.12,4.95,4.98,156800
2018-07-11 07:00:00,4.98,5.02,4.95,4.98,125500
2018-07-12 07:00:00,5.02,5.08,4.95,5.08,198700
2018-07-13 07:00:00,5.05,5.22,5.02,5.22,232700
2018-07-16 07:00:00,5.22,5.25,5.08,5.15,138800
2018-07-17 07:00:00,5.12,5.18,5.02,5.12,135900
2018-07-18 07:00:00,5.08,5.15,4.98,5.15,170500
2018-07-19 07:00:00,5.12,5.25,5.08,5.22,188300
2018-07-20 07:00:00,5.18,5.25,5.08,5.12,147600
2018-07-23 07:00:00,5.08,5.15,5.02,5.08,142400
2018-07-24 07:00:00,5.05,5.12,5.02,5.12,153200
2018-07-25 07:00:00,5.12,5.25,5.05,5.22,204400
2018-07-26 07:00:00,5.18,5.25,5.08,5.15,146800
2018-07-27 07:00:00,5.12,5.18,5.02,5.08,138200
2018-07-30 07:00:00,5.05,5.15,5.02,5.05,145600
2018-07-31 07:00:00,5.05,5.15,5.05,5.15,185100
2018-08-01 07:00:00,5.15,5.23,5.08,5.15,161700
2018-08-02 07:00:00,5.15,5.19,5.08,5.15,134300
2018-08-03 07:00:00,5.15,5.64,5.11,5.64,709200
2018-08-06 07:00:00,5.75,6.2,5.64,6.2,509100
2018-08-07 07:00:00,6.31,6.42,5.82,5.9,294700
2018-08-08 07:00:00,5.64,5.79,5.34,5.41,205500
2018-08-09 07:00:00,5.08,5.3,4.96,5.15,181200
2018-08-10 07:00:00,5.15,5.23,5.04,5.15,170900
2018-08-13 07:00:00,5.15,5.34,5.11,5.3,213800
2018-08-14 07:00:00,5.26,5.38,5.15,5.19,148800
2018-08-15 07:00:00,5.15,5.26,5.08,5.15,140800
2018-08-16 07:00:00,5.26,5.26,4.93,5.04,169200
2018-08-17 07:00:00,5.0,5.08,4.85,5.04,164800
2018-08-20 07:00:00,5.0,5.23,4.96,5.23,208500
2018-08-21 07:00:00,5.19,5.34,5.15,5.34,188900
2018-08-22 07:00:00,5.34,5.45,5.23,5.26,178300
2018-08-23 07:00:00,5.23,5.3,5.15,5.23,164800
2018-08-24 07:00:00,5.19,5.23,5.04,5.11,160200
2018-08-27 07:00:00,5.11,5.19,5.04,5.11,136600
2018-08-28 07:00:00,5.11,5.26,5.04,5.23,208400
2018-08-29 07:00:00,5.19,5.34,5.11,5.23,171200
2018-08-30 07:00:00,5.26,5.26,5.11,5.15,177800
2018-08-31 07:00:00,5.15,5.19,5.11,5.15,140100
2018-09-04 07:00:00,5.15,5.23,5.11,5.23,190100
2018-09-05 07:00:00,5.19,5.23,5.15,5.19,162300
2018-09-06 07:00:00,5.23,5.3,5.19,5.3,190300
2018-09-07 07:00:00,5.26,5.3,5.19,5.26,138700
2018-09-10 07:00:00,5.26,5.34,5.23,5.34,204000
2018-09-11 07:00:00,5.34,5.41,5.26,5.41,189900
2018-09-12 07:00:00,5.41,5.93,5.08,5.93,1158800
2018-09-13 07:00:00,5.97,6.05,5.64,5.79,377200
2018-09-14 07:00:00,5.23,5.6,5.23,5.23,185800
2018-09-17 07:00:00,5.04,5.15,4.7,4.7,107500
2018-09-18 07:00:00,4.4,4.63,4.29,4.48,212400
2018-09-19 07:00:00,4.44,4.52,4.37,4.44,138300
2018-09-20 07:00:00,4.48,4.74,4.4,4.7,300700
2018-09-21 07:00:00,4.7,4.7,4.52,4.59,197400
2018-09-24 07:00:00,4.59,4.63,4.48,4.52,221800
2018-09-25 07:00:00,4.48,4.55,4.44,4.48,177700
2018-09-26 07:00:00,4.52,4.59,4.44,4.59,267700
2018-09-27 07:00:00,4.55,4.59,4.44,4.48,187600
2018-09-28 07:00:00,4.44,4.48,4.37,4.4,176000
2018-10-01 07:00:00,4.37,4.37,4.29,4.33,207500
2018-10-02 07:00:00,4.33,4.48,4.29,4.4,218900
2018-10-03 07:00:00,4.37,4.48,4.29,4.48,210630
2018-10-04 07:00:00,4.44,4.55,4.4,4.55,303500
2018-10-05 07:00:00,4.55,4.59,4.48,4.52,223100
2018-10-08 07:00:00,4.48,4.48,4.4,4.44,177120
2018-10-09 07:00:00,4.4,4.44,4.37,4.4,161600
2018-10-10 07:00:00,4.44,4.59,4.4,4.52,325330
2018-10-11 07:00:00,4.52,4.55,4.29,4.33,284250
2018-10-12 07:00:00,4.33,4.48,4.29,4.48,378280
2018-10-15 07:00:00,4.44,4.48,4.37,4.4,209900
2018-10-16 07:00:00,4.4,4.44,4.37,4.4,177420
2018-10-17 07:00:00,4.4,4.48,4.4,4.44,214360
2018-10-18 07:00:00,4.44,4.55,4.4,4.52,305500
2018-10-19 07:00:00,4.52,4.52,4.44,4.48,187400
2018-10-22 07:00:00,4.44,4.78,4.4,4.78,334400
2018-10-23 07:00:00,4.82,5.08,4.78,5.04,352820
2018-10-24 07:00:00,5.15,5.52,5.08,5.52,467400
2018-10-25 07:00:00,5.52,5.52,5.04,5.3,216300
2018-10-26 07:00:00,5.26,5.3,5.19,5.23,211120
2018-10-29 07:00:00,5.23,5.26,5.15,5.23,147420
2018-10-30 07:00:00,5.23,5.3,5.19,5.26,203640
2018-10-31 07:00:00,5.26,5.38,5.23,5.34,252900
2018-11-01 07:00:00,5.41,5.86,5.34,5.86,680100
2018-11-02 07:00:00,5.97,6.42,5.9,6.42,576200
2018-11-05 07:00:00,6.49,7.05,6.42,7.05,881800
2018-11-06 07:00:00,7.09,7.54,6.98,7.47,514260
2018-11-07 07:00:00,7.47,7.54,6.72,6.72,178420
2018-11-08 07:00:00,6.35,6.53,6.05,6.35,230600
2018-11-09 07:00:00,6.31,6.46,6.23,6.42,288010
2018-11-12 07:00:00,6.42,6.49,6.38,6.49,245100
2018-11-13 07:00:00,6.46,6.49,6.35,6.42,203740
2018-11-14 07:00:00,6.38,6.42,6.2,6.35,177610
2018-11-15 07:00:00,6.35,6.46,6.31,6.42,230100
2018-11-16 07:00:00,6.42,6.46,6.38,6.42,164100
2018-11-19 07:00:00,6.38,6.53,6.38,6.49,214200
2018-11-20 07:00:00,6.46,6.49,6.38,6.46,148700
2018-11-21 07:00:00,6.42,6.46,6.38,6.42,129900
2018-11-22 07:00:00,6.42,7.05,6.35,7.05,763930
2018-11-23 07:00:00,7.17,7.39,6.38,6.57,365000
2018-11-26 07:00:00,6.35,6.57,5.93,5.93,232500
2018-11-27 07:00:00,5.67,5.67,5.38,5.38,79660
2018-11-28 07:00:00,5.23,5.3,4.85,5.23,343700
2018-11-29 07:00:00,5.23,5.64,5.15,5.6,432600
2018-11-30 07:00:00,5.56,5.64,5.08,5.23,274610
2018-12-03 07:00:00,5.23,5.3,4.7,4.78,311900
2018-12-04 07:00:00,4.67,4.82,4.33,4.48,318550
2018-12-05 07:00:00,4.44,4.48,4.29,4.44,141900
2018-12-06 07:00:00,4.4,4.52,4.33,4.48,224600
2018-12-07 07:00:00,4.44,4.59,4.4,4.55,203530
2018-12-10 07:00:00,4.52,4.59,4.44,4.48,126600
2018-12-11 07:00:00,4.44,4.55,4.44,4.44,138400
2018-12-12 07:00:00,4.4,4.59,4.4,4.48,175600
2018-12-13 07:00:00,4.48,4.55,4.44,4.52,177200
2018-12-14 07:00:00,4.52,4.55,4.48,4.48,155800
2018-12-17 07:00:00,4.44,4.48,4.37,4.44,125600
2018-12-18 07:00:00,4.44,4.52,4.29,4.4,155400
2018-12-19 07:00:00,4.37,4.4,4.33,4.37,142200
2018-12-20 07:00:00,4.33,4.4,4.33,4.33,109400
2018-12-21 07:00:00,4.29,4.37,4.29,4.33,113100
2018-12-24 07:00:00,4.33,4.44,4.29,4.44,99200
2018-12-25 07:00:00,4.4,4.4,4.29,4.33,130500
2018-12-26 07:00:00,4.33,4.44,4.29,4.44,148400
2018-12-27 07:00:00,4.48,4.52,4.4,4.52,183900
2018-12-28 07:00:00,4.52,4.55,4.44,4.48,102900
2019-01-02 07:00:00,4.44,4.55,4.44,4.48,100900
2019-01-03 07:00:00,4.48,4.48,4.4,4.44,103700
2019-01-04 07:00:00,4.4,4.52,4.4,4.48,143500
2019-01-07 07:00:00,4.44,4.67,4.44,4.63,165900
2019-01-08 07:00:00,4.63,4.67,4.52,4.52,71500
2019-01-09 07:00:00,4.48,4.63,4.48,4.59,103600
2019-01-10 07:00:00,4.55,4.63,4.48,4.52,81600
2019-01-11 07:00:00,4.48,4.52,4.44,4.52,109300
2019-01-14 07:00:00,4.52,4.55,4.44,4.48,341600
2019-01-15 07:00:00,4.48,4.55,4.48,4.48,77800
2019-01-16 07:00:00,4.48,4.48,4.4,4.44,76300
2019-01-17 07:00:00,4.48,4.55,4.44,4.48,91200
2019-01-18 07:00:00,4.48,4.52,4.44,4.52,113700
2019-01-21 07:00:00,4.67,4.67,4.48,4.55,211900
2019-01-22 07:00:00,4.52,4.55,4.48,4.48,93100
2019-01-23 07:00:00,4.48,4.52,4.44,4.48,165500
2019-01-24 07:00:00,4.48,4.55,4.4,4.4,243800
2019-01-25 07:00:00,4.44,4.48,4.37,4.48,257900
2019-01-28 07:00:00,4.44,4.55,4.44,4.52,191900
2019-01-29 07:00:00,4.52,4.55,4.44,4.48,65100
2019-01-30 07:00:00,4.48,4.55,4.44,4.48,80800
2019-01-31 07:00:00,4.52,4.55,4.4,4.48,41400
2019-02-01 07:00:00,4.52,4.55,4.48,4.55,30600
2019-02-11 07:00:00,4.52,4.55,4.48,4.52,54500
2019-02-12 07:00:00,4.48,4.59,4.48,4.52,77200
2019-02-13 07:00:00,4.52,4.55,4.48,4.48,69900
2019-02-14 07:00:00,4.48,4.52,4.48,4.48,65900
2019-02-15 07:00:00,4.48,4.55,4.44,4.55,102400
2019-02-18 07:00:00,4.52,4.7,4.48,4.67,131200
2019-02-19 07:00:00,4.74,4.74,4.63,4.7,39700
2019-02-20 07:00:00,4.67,4.82,4.63,4.78,151200
2019-02-21 07:00:00,4.74,4.85,4.74,4.85,164100
2019-02-22 07:00:00,4.82,4.85,4.74,4.82,98500
2019-02-25 07:00:00,4.82,4.89,4.74,4.89,140600
2019-02-26 07:00:00,4.82,4.85,4.78,4.82,76100
2019-02-27 07:00:00,4.78,4.89,4.78,4.85,99500
2019-02-28 07:00:00,4.85,4.96,4.82,4.93,176600
2019-03-01 07:00:00,4.89,5.04,4.85,5.0,161600
2019-03-04 07:00:00,5.0,5.49,4.85,5.49,553100
2019-03-05 07:00:00,5.49,5.52,5.15,5.34,153700
2019-03-06 07:00:00,5.34,5.86,5.3,5.86,488400
2019-03-07 07:00:00,5.67,5.97,5.3,5.79,735600
2019-03-08 07:00:00,5.71,5.79,5.23,5.41,239600
2019-03-11 07:00:00,5.04,5.3,4.89,5.04,181400
2019-03-12 07:00:00,4.78,4.93,4.55,4.55,356600
2019-03-13 07:00:00,4.4,4.59,4.11,4.11,525500
2019-03-14 07:00:00,3.88,4.11,3.7,3.88,325000
2019-03-15 07:00:00,3.88,4.18,3.7,4.14,541100
2019-03-18 07:00:00,4.11,4.18,3.73,3.73,242240
2019-03-19 07:00:00,3.7,3.88,3.66,3.73,73400
2019-03-20 07:00:00,3.81,3.81,3.66,3.73,72900
2019-03-21 07:00:00,3.77,3.81,3.7,3.7,46400
2019-03-22 07:00:00,3.7,3.81,3.7,3.81,39760
2019-03-25 07:00:00,3.81,3.84,3.73,3.73,50428
2019-03-26 07:00:00,3.77,3.77,3.73,3.73,59150
2019-03-27 07:00:00,3.77,3.77,3.73,3.73,6900
2019-03-28 07:00:00,3.77,3.81,3.73,3.73,25100
2019-03-29 07:00:00,3.73,3.73,3.7,3.7,21700
2019-04-01 07:00:00,3.73,4.03,3.73,4.03,249600
2019-04-02 07:00:00,4.03,4.03,3.84,3.84,48600
2019-04-03 07:00:00,3.84,3.96,3.81,3.96,38800
2019-04-04 07:00:00,3.88,3.96,3.81,3.84,180500
2019-04-05 07:00:00,3.84,3.88,3.81,3.81,50822
2019-04-08 07:00:00,3.84,3.84,3.73,3.84,41200
2019-04-09 07:00:00,3.81,3.84,3.73,3.81,36102
2019-04-10 07:00:00,3.77,3.81,3.7,3.7,30300
2019-04-11 07:00:00,3.73,3.81,3.73,3.81,33298
2019-04-12 07:00:00,3.77,3.77,3.7,3.7,34110
2019-04-16 07:00:00,3.7,3.73,3.7,3.7,36300
2019-04-17 07:00:00,3.7,3.7,3.43,3.66,57968
2019-04-18 07:00:00,3.51,3.62,3.43,3.62,35200
2019-04-19 07:00:00,3.47,3.73,3.47,3.73,24000
2019-04-22 07:00:00,3.7,3.73,3.7,3.7,4400
2019-04-23 07:00:00,3.7,3.7,3.55,3.7,2710
2019-04-24 07:00:00,3.62,3.62,3.58,3.58,2800
2019-04-25 07:00:00,3.58,3.81,3.58,3.77,49400
2019-04-26 07:00:00,3.77,3.77,3.73,3.77,21100
2019-05-02 07:00:00,3.73,3.88,3.73,3.88,110900
2019-05-03 07:00:00,3.88,3.88,3.77,3.77,59000
2019-05-06 07:00:00,3.77,3.92,3.73,3.92,137722
2019-05-07 07:00:00,3.92,4.29,3.92,4.22,208710
2019-05-08 07:00:00,4.22,4.26,4.11,4.26,76600
2019-05-09 07:00:00,4.22,4.67,4.22,4.67,373300
2019-05-10 07:00:00,4.85,4.89,4.67,4.82,118500
2019-05-13 07:00:00,4.82,4.82,4.4,4.67,173700
2019-05-14 07:00:00,4.59,5.11,4.59,4.96,278000
2019-05-15 07:00:00,4.96,5.04,4.85,4.93,113114
2019-05-16 07:00:00,4.93,4.93,4.55,4.55,170402
2019-05-17 07:00:00,4.48,4.85,4.48,4.67,252400
2019-05-20 07:00:00,4.67,4.7,4.48,4.55,203100
2019-05-21 07:00:00,4.55,4.78,4.55,4.59,92220
2019-05-22 07:00:00,4.59,4.63,4.52,4.59,97000
2019-05-23 07:00:00,4.59,4.74,4.59,4.74,90900
2019-05-24 07:00:00,4.78,5.08,4.74,5.0,174200
2019-05-27 07:00:00,5.0,5.34,4.96,5.19,177090
2019-05-28 07:00:00,5.26,5.38,5.23,5.3,157830
2019-05-29 07:00:00,5.3,5.3,5.04,5.08,252011
2019-05-30 07:00:00,5.04,5.11,5.0,5.08,115010
2019-05-31 07:00:00,5.11,5.38,5.11,5.3,136900
2019-06-03 07:00:00,5.23,5.23,5.08,5.11,115940
2019-06-04 07:00:00,5.11,5.19,4.93,5.0,148702
2019-06-05 07:00:00,5.08,5.11,4.74,4.96,149500
2019-06-06 07:00:00,4.85,4.89,4.67,4.7,99535
2019-06-07 07:00:00,4.7,5.08,4.67,5.08,100810
2019-06-10 07:00:00,5.08,5.34,5.08,5.11,181900
2019-06-11 07:00:00,5.11,5.23,5.0,5.11,106405
2019-06-12 07:00:00,5.11,5.6,5.08,5.6,430820
2019-06-13 07:00:00,5.6,5.67,5.41,5.49,162149
2019-06-14 07:00:00,5.45,5.64,5.34,5.41,116000
2019-06-17 07:00:00,5.38,5.38,5.15,5.34,97240
2019-06-18 07:00:00,5.3,5.56,5.3,5.56,233130
2019-06-19 07:00:00,5.56,5.6,5.34,5.41,169950
2019-06-20 07:00:00,5.34,5.45,5.34,5.38,80200
2019-06-21 07:00:00,5.08,5.38,4.96,5.08,223550
2019-06-24 07:00:00,5.08,5.11,5.0,5.0,71200
2019-06-25 07:00:00,5.21,5.25,5.17,5.25,60420
2019-06-26 07:00:00,5.08,5.25,5.0,5.08,97900
2019-06-27 07:00:00,4.84,5.08,4.84,5.04,44000
2019-06-28 07:00:00,5.04,5.33,5.0,5.17,94610
2019-07-01 07:00:00,5.21,5.25,5.17,5.17,55830
2019-07-02 07:00:00,5.0,5.21,5.0,5.21,60320
2019-07-03 07:00:00,5.12,5.17,5.12,5.12,65300
2019-07-04 07:00:00,5.12,5.29,5.12,5.21,113120
2019-07-05 07:00:00,5.25,5.33,5.21,5.25,117600
2019-07-08 07:00:00,5.25,5.25,5.17,5.17,51100
2019-07-09 07:00:00,5.17,5.17,5.0,5.17,91600
2019-07-10 07:00:00,5.17,5.33,5.12,5.29,85600
2019-07-11 07:00:00,5.29,5.78,5.29,5.78,292520
2019-07-12 07:00:00,5.86,6.19,5.74,5.74,287300
2019-07-15 07:00:00,5.74,5.94,5.74,5.82,138800
2019-07-16 07:00:00,5.82,5.9,5.7,5.86,102850
2019-07-17 07:00:00,5.86,6.31,5.86,6.11,375120
2019-07-18 07:00:00,6.11,6.4,6.07,6.31,170810
2019-07-19 07:00:00,6.27,6.35,6.19,6.27,102370
2019-07-22 07:00:00,6.23,6.27,6.07,6.07,236470
2019-07-23 07:00:00,6.07,6.23,6.03,6.11,156330
2019-07-24 07:00:00,6.11,6.52,6.11,6.4,208510
2019-07-25 07:00:00,6.4,6.48,6.31,6.31,109515
2019-07-26 07:00:00,6.31,6.31,6.15,6.15,81380
2019-07-29 07:00:00,6.15,6.44,6.11,6.27,144947
2019-07-30 07:00:00,6.27,6.27,6.15,6.23,82190
2019-07-31 07:00:00,6.23,6.27,5.62,5.62,458310
2019-08-01 07:00:00,5.33,5.66,5.12,5.41,204520
2019-08-02 07:00:00,5.45,5.94,5.41,5.94,149465
2019-08-05 07:00:00,6.11,6.52,5.99,6.52,443660
2019-08-06 07:00:00,6.56,7.13,6.11,7.13,533995
2019-08-07 07:00:00,7.13,7.13,6.76,6.97,213059
2019-08-08 07:00:00,6.97,7.26,6.64,7.05,272810
2019-08-09 07:00:00,7.05,7.05,6.89,6.93,135215
2019-08-12 07:00:00,6.93,7.13,6.93,7.01,123310
2019-08-13 07:00:00,6.97,6.97,6.64,6.81,143870
2019-08-14 07:00:00,6.81,6.89,6.64,6.68,123810
2019-08-15 07:00:00,6.68,6.68,6.4,6.56,200100
2019-08-16 07:00:00,6.52,7.01,6.52,6.89,151130
2019-08-19 07:00:00,6.89,6.93,6.72,6.72,134160
2019-08-20 07:00:00,6.72,6.93,6.68,6.81,168980
2019-08-21 07:00:00,6.81,7.09,6.81,6.93,218181
2019-08-22 07:00:00,6.93,6.97,6.85,6.97,122495
2019-08-23 07:00:00,6.97,6.97,6.85,6.93,81195
2019-08-26 07:00:00,6.85,7.54,6.85,7.38,403851
2019-08-27 07:00:00,7.38,7.38,7.13,7.13,236662
2019-08-28 07:00:00,7.13,7.34,7.09,7.17,211950
2019-08-29 07:00:00,7.05,7.13,6.89,7.01,208520
2019-08-30 07:00:00,7.01,7.38,7.01,7.22,155980
2019-09-03 07:00:00,7.17,7.26,6.93,6.93,269439
2019-09-04 07:00:00,6.89,6.89,6.27,6.56,337238
2019-09-05 07:00:00,6.52,6.89,6.52,6.85,143255
2019-09-06 07:00:00,6.85,6.85,6.6,6.72,52487
2019-09-09 07:00:00,6.72,6.72,6.52,6.56,125079
2019-09-10 07:00:00,6.56,6.56,5.9,6.07,371753
2019-09-11 07:00:00,6.07,6.07,5.7,5.74,236480
2019-09-12 07:00:00,5.74,6.31,5.74,6.31,254473
2019-09-13 07:00:00,6.93,6.93,6.31,6.4,155826
2019-09-16 07:00:00,5.78,6.4,5.78,6.23,122036
2019-09-17 07:00:00,6.35,6.35,6.15,6.23,130050
2019-09-18 07:00:00,6.19,6.27,6.15,6.23,103710
2019-09-19 07:00:00,6.19,6.23,6.07,6.11,111835
2019-09-20 07:00:00,6.03,6.19,5.94,6.19,115467
2019-09-23 07:00:00,6.15,6.4,6.15,6.31,189031
2019-09-24 07:00:00,6.27,6.31,6.15,6.19,92740
2019-09-25 07:00:00,6.19,6.44,6.19,6.35,180857
2019-09-26 07:00:00,6.35,6.64,6.35,6.52,122051
2019-09-27 07:00:00,6.48,6.56,6.4,6.44,45570
2019-09-30 07:00:00,6.44,6.52,6.35,6.44,88235
2019-10-01 07:00:00,6.44,6.48,6.11,6.15,233476
2019-10-02 07:00:00,6.15,6.19,5.94,6.03,121470
2019-10-03 07:00:00,5.99,6.23,5.9,6.19,126421
2019-10-04 07:00:00,5.94,6.31,5.94,6.15,115680
2019-10-07 07:00:00,5.99,6.19,5.99,6.11,89060
2019-10-08 07:00:00,6.03,6.15,6.03,6.11,52873
2019-10-09 07:00:00,6.11,6.15,5.99,6.11,40550
2019-10-10 07:00:00,6.11,6.35,6.11,6.23,103500
2019-10-11 07:00:00,6.15,6.19,6.07,6.07,74250
2019-10-14 07:00:00,6.07,6.19,6.03,6.11,96250
2019-10-15 07:00:00,6.03,6.11,5.94,6.11,49770
2019-10-16 07:00:00,6.07,6.11,6.03,6.07,23200
2019-10-17 07:00:00,6.07,6.07,6.03,6.03,19370
2019-10-18 07:00:00,6.03,6.07,5.49,5.82,110140
2019-10-21 07:00:00,5.82,5.94,5.74,5.94,123050
2019-10-22 07:00:00,5.94,5.94,5.66,5.9,62805
2019-10-23 07:00:00,5.82,5.86,5.62,5.7,81740
2019-10-24 07:00:00,5.7,5.82,5.62,5.7,31184
2019-10-25 07:00:00,5.62,5.7,5.62,5.7,43620
2019-10-28 07:00:00,5.7,5.74,5.58,5.74,48560
2019-10-29 07:00:00,5.74,5.74,5.62,5.7,40080
2019-10-30 07:00:00,5.66,5.7,5.58,5.7,52100
2019-10-31 07:00:00,5.66,5.66,5.45,5.58,69810
2019-11-01 07:00:00,5.58,5.58,5.04,5.25,254860
2019-11-04 07:00:00,5.25,5.29,5.17,5.25,49140
2019-11-05 07:00:00,5.25,5.25,4.92,4.92,167200
2019-11-06 07:00:00,4.92,5.21,4.88,5.0,93510
2019-11-07 07:00:00,5.0,5.25,4.92,5.25,75270
2019-11-08 07:00:00,5.25,5.25,5.08,5.12,57700
2019-11-11 07:00:00,5.12,5.17,5.0,5.12,62701
2019-11-12 07:00:00,5.08,5.17,5.0,5.08,52320
2019-11-13 07:00:00,5.04,5.08,4.96,4.96,93600
2019-11-14 07:00:00,4.96,5.0,4.51,4.55,214600
2019-11-15 07:00:00,4.55,4.8,4.18,4.47,143230
2019-11-18 07:00:00,4.47,4.76,4.47,4.59,49820
2019-11-19 07:00:00,4.59,4.76,4.55,4.55,115300
2019-11-20 07:00:00,4.59,4.63,4.55,4.59,61150
2019-11-21 07:00:00,4.67,4.67,4.51,4.55,93000
2019-11-22 07:00:00,4.63,4.67,4.47,4.55,90200
2019-11-25 07:00:00,4.59,4.63,4.51,4.63,44400
2019-11-26 07:00:00,4.67,4.67,4.55,4.55,53900
2019-11-27 07:00:00,4.63,4.67,4.55,4.59,55400
2019-11-28 07:00:00,4.63,4.67,4.51,4.59,94100
2019-11-29 07:00:00,4.51,4.63,4.47,4.63,26860
2019-12-02 07:00:00,4.63,4.63,4.59,4.59,136700
2019-12-03 07:00:00,4.63,4.63,4.51,4.51,63800
2019-12-04 07:00:00,4.51,4.55,4.47,4.55,31000
2019-12-05 07:00:00,4.55,4.55,4.39,4.47,86100
2019-12-06 07:00:00,4.47,4.51,4.35,4.47,75400
2019-12-09 07:00:00,4.47,4.47,4.3,4.39,143800
2019-12-10 07:00:00,4.35,4.35,4.22,4.26,66975
2019-12-11 07:00:00,4.3,4.3,4.14,4.14,68700
2019-12-12 07:00:00,4.18,4.26,4.1,4.22,99510
2019-12-13 07:00:00,4.26,4.3,4.22,4.22,50650
2019-12-16 07:00:00,4.26,4.26,4.18,4.18,40000
2019-12-17 07:00:00,4.22,4.22,4.06,4.06,64100
2019-12-18 07:00:00,4.1,4.1,3.98,3.98,64400
2019-12-19 07:00:00,4.02,4.02,3.89,3.98,66270
2019-12-20 07:00:00,4.02,4.22,3.94,4.14,77339
2019-12-23 07:00:00,4.18,4.55,4.18,4.55,200354
2019-12-24 07:00:00,4.59,4.71,4.55,4.59,88260
2019-12-25 07:00:00,4.59,4.59,4.43,4.43,59700
2019-12-26 07:00:00,4.43,4.47,4.35,4.39,71830
2019-12-27 07:00:00,4.39,4.39,4.22,4.3,50300
2019-12-30 07:00:00,4.3,4.51,4.3,4.3,85910
2019-12-31 07:00:00,4.43,4.43,4.3,4.39,70632
2020-01-02 07:00:00,4.39,4.43,4.35,4.39,61600
2020-01-03 07:00:00,4.43,4.51,4.35,4.35,71100
2020-01-06 07:00:00,4.35,4.39,4.22,4.3,59516
2020-01-07 07:00:00,4.3,4.35,4.26,4.35,48400
2020-01-08 07:00:00,4.3,4.3,4.1,4.14,125830
2020-01-09 07:00:00,4.18,4.43,4.18,4.39,86600
2020-01-10 07:00:00,4.39,4.39,4.26,4.26,62300
2020-01-13 07:00:00,4.26,4.3,4.18,4.18,19900
2020-01-14 07:00:00,4.18,4.3,4.14,4.14,32800
2020-01-15 07:00:00,4.14,4.18,4.1,4.14,34800
2020-01-16 07:00:00,4.14,4.3,4.1,4.14,80210
2020-01-17 07:00:00,4.14,4.22,4.14,4.14,39600
2020-01-20 07:00:00,4.14,4.18,4.1,4.1,62500
2020-01-21 07:00:00,4.1,4.18,4.06,4.14,87190
2020-01-22 07:00:00,4.14,4.22,4.06,4.22,86800
2020-01-30 07:00:00,4.22,4.22,4.06,4.1,42441
2020-01-31 07:00:00,4.1,4.1,3.98,4.1,127300
2020-02-03 07:00:00,4.1,4.18,3.69,3.77,101800
2020-02-04 07:00:00,3.81,3.98,3.73,3.81,81205
2020-02-05 07:00:00,3.89,3.98,3.81,3.94,30734
2020-02-06 07:00:00,3.98,4.1,3.98,4.06,57502
2020-02-07 07:00:00,4.1,4.1,3.98,4.06,26900
2020-02-10 07:00:00,4.06,4.06,4.02,4.02,19400
2020-02-11 07:00:00,3.94,4.06,3.94,4.06,39600
2020-02-12 07:00:00,3.98,4.14,3.98,4.14,41300
2020-02-13 07:00:00,4.1,4.18,4.06,4.1,51500
2020-02-14 07:00:00,4.14,4.14,4.02,4.1,19300
2020-02-17 07:00:00,4.1,4.14,3.98,4.02,47300
2020-02-18 07:00:00,4.14,4.14,3.98,4.06,34950
2020-02-19 07:00:00,4.02,4.43,3.98,4.43,164200
2020-02-20 07:00:00,4.47,4.84,4.47,4.67,106410
2020-02-21 07:00:00,4.71,4.8,4.47,4.51,73390
2020-02-24 07:00:00,4.47,4.47,4.1,4.26,138900
2020-02-25 07:00:00,4.22,4.51,4.18,4.51,75428
2020-02-26 07:00:00,4.47,4.51,4.22,4.43,53900
2020-02-27 07:00:00,4.43,4.84,4.39,4.84,244770
2020-02-28 07:00:00,4.92,5.25,4.76,5.08,241594
2020-03-02 07:00:00,5.17,5.17,4.96,5.12,83500
2020-03-03 07:00:00,5.12,5.25,4.96,5.25,141108
2020-03-04 07:00:00,5.17,5.21,5.04,5.08,144820
2020-03-05 07:00:00,5.08,5.37,5.04,5.25,73640
2020-03-06 07:00:00,5.12,5.12,5.04,5.12,56210
2020-03-09 07:00:00,4.92,4.92,4.63,4.63,117400
2020-03-10 07:00:00,4.22,4.63,4.18,4.43,167000
2020-03-11 07:00:00,4.55,4.63,4.3,4.47,142120
2020-03-12 07:00:00,4.3,4.43,4.06,4.1,269365
2020-03-13 07:00:00,4.1,4.1,3.69,3.85,184775
2020-03-16 07:00:00,3.98,4.02,3.85,3.94,67000
2020-03-17 07:00:00,3.85,4.22,3.81,4.22,30558
2020-03-18 07:00:00,4.1,4.3,4.1,4.22,47035
2020-03-19 07:00:00,4.1,4.1,3.81,4.1,47800
2020-03-20 07:00:00,4.1,4.14,4.02,4.1,55100
2020-03-23 07:00:00,4.02,4.02,3.69,3.69,132811
2020-03-24 07:00:00,3.73,3.85,3.73,3.81,47010
2020-03-25 07:00:00,3.89,4.14,3.81,4.06,96300
2020-03-26 07:00:00,4.02,4.06,3.85,3.85,52000
2020-03-27 07:00:00,3.89,3.94,3.81,3.85,74300
2020-03-30 07:00:00,3.81,3.89,3.77,3.81,50900
2020-03-31 07:00:00,3.94,3.94,3.81,3.89,60640
2020-04-01 07:00:00,3.89,4.02,3.89,4.02,30518
2020-04-03 07:00:00,4.02,4.14,4.02,4.14,26963
2020-04-06 07:00:00,4.14,4.26,4.1,4.26,64750
2020-04-07 07:00:00,4.3,4.35,4.1,4.26,57100
2020-04-08 07:00:00,4.18,4.18,4.1,4.14,106800
2020-04-09 07:00:00,4.14,4.3,4.1,4.22,66120
2020-04-10 07:00:00,4.26,4.26,4.18,4.22,32681
2020-04-13 07:00:00,4.22,4.35,4.18,4.3,79100
2020-04-14 07:00:00,4.35,4.35,4.18,4.35,20781
2020-04-15 07:00:00,4.35,4.43,4.26,4.3,56911
2020-04-16 07:00:00,4.3,4.35,4.26,4.35,41340
2020-04-17 07:00:00,4.35,4.76,4.35,4.76,218818
2020-04-20 07:00:00,5.0,5.17,4.92,4.96,136382
2020-04-21 07:00:00,4.88,4.88,4.55,4.63,98740
2020-04-22 07:00:00,4.59,4.71,4.51,4.71,76300
2020-04-23 07:00:00,4.84,5.08,4.8,4.88,107490
2020-04-24 07:00:00,4.84,4.96,4.8,4.96,106700
2020-04-27 07:00:00,5.0,5.21,4.96,5.21,168860
2020-04-28 07:00:00,5.21,5.21,5.04,5.12,70338
2020-04-29 07:00:00,5.0,5.0,4.63,4.63,364125
2020-05-04 07:00:00,4.26,4.71,4.18,4.59,85204
2020-05-05 07:00:00,4.59,4.8,4.59,4.71,40830
2020-05-06 07:00:00,4.71,4.84,4.67,4.84,157815
2020-05-07 07:00:00,4.84,5.08,4.84,5.04,221507
2020-05-08 07:00:00,5.04,5.12,4.96,5.04,103840
2020-05-11 07:00:00,5.04,5.04,4.88,4.92,53000
2020-05-12 07:00:00,4.92,5.0,4.43,4.96,58163
2020-05-13 07:00:00,4.96,5.0,4.92,4.92,50151
2020-05-14 07:00:00,4.92,4.96,4.88,4.92,49710
2020-05-15 07:00:00,4.92,5.04,4.84,4.88,64260
2020-05-18 07:00:00,4.88,5.12,4.88,5.12,139260
2020-05-19 07:00:00,5.17,5.17,4.96,5.04,135260
2020-05-20 07:00:00,5.04,5.08,5.0,5.04,48395
2020-05-21 07:00:00,5.04,5.08,5.0,5.0,47300
2020-05-22 07:00:00,5.08,5.08,4.92,4.96,81360
2020-05-25 07:00:00,4.96,5.37,4.96,5.29,191978
2020-05-26 07:00:00,5.37,5.37,5.17,5.29,51735
2020-05-27 07:00:00,5.33,5.33,5.04,5.04,41980
2020-05-28 07:00:00,4.92,5.17,4.67,5.08,176949
2020-05-29 07:00:00,5.08,5.08,5.0,5.08,37800
2020-06-01 07:00:00,5.04,5.17,5.04,5.17,78630
2020-06-02 07:00:00,5.17,5.17,4.92,4.92,91366
2020-06-03 07:00:00,4.92,4.96,4.84,4.92,63625
2020-06-04 07:00:00,4.96,5.17,4.96,4.96,51970
2020-06-05 07:00:00,4.96,5.12,4.96,5.12,46051
2020-06-08 07:00:00,5.08,5.17,5.0,5.08,100660
2020-06-09 07:00:00,5.08,5.08,5.0,5.08,49535
2020-06-10 07:00:00,5.04,5.12,4.96,5.12,91900
2020-06-11 07:00:00,5.08,5.12,4.8,4.8,116508
2020-06-12 07:00:00,4.71,4.8,4.59,4.8,147711
2020-06-15 07:00:00,4.8,4.88,4.59,4.59,73115
2020-06-16 07:00:00,4.67,4.76,4.63,4.71,23960
2020-06-17 07:00:00,4.71,4.71,4.71,4.71,38802
2020-06-18 07:00:00,4.71,4.71,4.63,4.71,37900
2020-06-19 07:00:00,4.76,4.8,4.76,4.8,77905
2020-06-22 07:00:00,4.8,4.84,4.8,4.8,24700
2020-06-23 07:00:00,4.8,4.8,4.71,4.71,44400
2020-06-24 07:00:00,4.71,4.84,4.67,4.67,59400
2020-06-25 07:00:00,4.63,4.71,4.63,4.71,10000
2020-06-26 07:00:00,4.71,4.71,4.67,4.67,7000
2020-06-29 07:00:00,4.67,4.71,4.63,4.63,67000
2020-06-30 07:00:00,4.71,5.0,4.71,4.84,177100
2020-07-01 07:00:00,4.84,5.04,4.84,5.04,194100
2020-07-02 07:00:00,5.04,5.41,5.0,5.17,107620
2020-07-03 07:00:00,5.17,5.29,5.17,5.21,161850
2020-07-06 07:00:00,5.21,5.25,5.17,5.21,89241
2020-07-07 07:00:00,5.25,5.37,5.21,5.25,166710
2020-07-08 07:00:00,5.21,5.74,5.21,5.58,269064
2020-07-09 07:00:00,5.53,5.82,5.53,5.7,236298
2020-07-10 07:00:00,5.66,5.7,5.41,5.53,180809
2020-07-13 07:00:00,5.58,5.74,5.53,5.53,129740
2020-07-14 07:00:00,5.53,5.62,5.49,5.53,81120
2020-07-15 07:00:00,5.58,5.74,5.53,5.53,127565
2020-07-16 07:00:00,5.53,5.58,5.45,5.45,78404
2020-07-17 07:00:00,5.49,5.62,5.49,5.58,83050
2020-07-20 07:00:00,5.66,6.07,5.66,5.94,315700
2020-07-21 07:00:00,5.9,6.03,5.9,5.94,136846
2020-07-22 07:00:00,5.94,5.99,5.86,5.94,114535
2020-07-23 07:00:00,5.94,5.94,5.82,5.94,104640
2020-07-24 07:00:00,5.94,6.19,5.62,6.03,379570
2020-07-27 07:00:00,5.86,5.99,5.53,5.66,186900
2020-07-28 07:00:00,5.66,6.19,5.62,6.19,259342
2020-07-29 07:00:00,6.23,6.68,6.15,6.68,520924
2020-07-30 07:00:00,6.72,6.85,6.48,6.64,188720
2020-07-31 07:00:00,6.52,6.81,6.44,6.44,332990
2020-08-03 07:00:00,6.44,7.05,6.44,7.05,582589
2020-08-04 07:00:00,7.34,7.63,7.09,7.17,295033
2020-08-05 07:00:00,7.17,7.42,7.17,7.3,258306
2020-08-06 07:00:00,7.17,7.63,7.01,7.54,270040
2020-08-07 07:00:00,7.58,7.99,7.5,7.71,194657
2020-08-10 07:00:00,7.71,7.95,7.58,7.79,193024
2020-08-11 07:00:00,7.91,7.91,7.58,7.75,334640
2020-08-12 07:00:00,7.71,7.71,7.26,7.54,344985
2020-08-13 07:00:00,7.46,7.71,7.42,7.71,163717
2020-08-14 07:00:00,7.79,7.79,7.38,7.54,142142
2020-08-17 07:00:00,7.73,8.24,7.73,8.19,238210
2020-08-18 07:00:00,8.24,8.7,8.24,8.42,96190
2020-08-19 07:00:00,8.42,8.7,8.38,8.65,157752
2020-08-20 07:00:00,8.65,8.65,8.38,8.52,136220
2020-08-21 07:00:00,8.47,8.65,8.42,8.61,152171
2020-08-24 07:00:00,8.65,9.07,8.61,8.93,213785
2020-08-25 07:00:00,9.02,9.26,8.79,8.79,139710
2020-08-26 07:00:00,8.79,8.93,8.61,8.65,280480
2020-08-27 07:00:00,8.7,8.89,8.52,8.75,192251
2020-08-28 07:00:00,8.75,8.79,8.52,8.52,184630
2020-08-31 07:00:00,8.52,8.52,7.96,8.33,395033
2020-09-01 07:00:00,8.33,8.38,8.15,8.15,100630
2020-09-03 07:00:00,8.33,8.33,8.01,8.28,117130
2020-09-04 07:00:00,8.19,8.7,8.1,8.47,194250
2020-09-07 07:00:00,8.65,8.65,8.1,8.1,193600
2020-09-08 07:00:00,8.24,8.24,7.96,8.24,175220
2020-09-09 07:00:00,8.1,8.19,8.01,8.1,81651
2020-09-10 07:00:00,8.15,8.52,8.15,8.33,137510
2020-09-11 07:00:00,8.33,8.52,8.19,8.33,120810
2020-09-14 07:00:00,8.33,8.52,8.33,8.42,93295
2020-09-15 07:00:00,8.42,8.84,8.33,8.65,315760
2020-09-16 07:00:00,8.75,8.75,8.47,8.56,109859
2020-09-17 07:00:00,8.65,8.65,8.42,8.61,103250
2020-09-18 07:00:00,8.52,8.52,8.33,8.33,102360
2020-09-21 07:00:00,8.33,8.38,8.1,8.1,263436
2020-09-22 07:00:00,8.1,8.19,7.91,8.1,250808
2020-09-23 07:00:00,8.1,8.15,8.05,8.1,60156
2020-09-24 07:00:00,8.05,8.19,8.01,8.05,77860
2020-09-25 07:00:00,8.05,8.24,8.05,8.19,93864
2020-09-28 07:00:00,8.19,8.24,8.1,8.19,62260
2020-09-29 07:00:00,8.24,8.28,8.01,8.1,112916
2020-09-30 07:00:00,8.05,8.24,8.05,8.24,74880
2020-10-01 07:00:00,8.28,8.52,8.28,8.52,177073
2020-10-02 07:00:00,8.52,8.52,8.19,8.38,147099
2020-10-05 07:00:00,8.42,8.98,8.38,8.98,212161
2020-10-06 07:00:00,8.98,9.26,8.98,9.07,241632
2020-10-07 07:00:00,9.02,9.07,8.79,8.84,118520
2020-10-08 07:00:00,8.84,9.21,8.84,9.07,271620
2020-10-09 07:00:00,9.02,9.95,9.02,9.95,345732
2020-10-12 07:00:00,10.18,10.46,10.04,10.14,160400
2020-10-13 07:00:00,10.18,10.23,9.72,10.18,255495
2020-10-14 07:00:00,10.18,11.06,10.14,10.6,158850
2020-10-15 07:00:00,10.69,10.97,10.41,10.51,206058
2020-10-16 07:00:00,10.51,10.55,9.49,9.49,480668
2020-10-19 07:00:00,9.49,9.86,9.16,9.67,278895
2020-10-20 07:00:00,9.63,9.63,9.16,9.44,135170
2020-10-21 07:00:00,10.37,10.37,9.67,10.37,466141
2020-10-22 07:00:00,10.37,11.11,10.37,10.78,192341
2020-10-23 07:00:00,10.97,11.06,10.64,11.01,130202
2020-10-26 07:00:00,10.6,11.29,10.6,10.92,191882
2020-10-27 07:00:00,10.83,11.11,10.55,11.11,199633
2020-10-28 07:00:00,11.11,11.11,10.0,10.41,208585
2020-10-29 07:00:00,10.18,10.74,10.14,10.74,138860
2020-10-30 07:00:00,10.6,10.74,9.67,10.0,371410
2020-11-02 07:00:00,9.95,10.18,9.26,9.81,117227
2020-11-03 07:00:00,9.81,10.23,9.72,9.81,108492
2020-11-04 07:00:00,9.86,10.32,9.81,10.32,172021
2020-11-05 07:00:00,10.27,10.32,9.86,10.14,157947
2020-11-06 07:00:00,10.14,10.14,9.86,10.0,120988
2020-11-09 07:00:00,9.95,10.04,9.77,9.9,204950
2020-11-10 07:00:00,9.95,10.41,9.9,10.09,263045
2020-11-11 07:00:00,10.14,10.23,10.0,10.18,132280
2020-11-12 07:00:00,10.18,10.64,10.18,10.51,136399
2020-11-13 07:00:00,10.51,10.6,10.23,10.55,152941
2020-11-16 07:00:00,10.55,10.6,10.32,10.41,148661
2020-11-17 07:00:00,10.41,10.64,10.27,10.55,204110
2020-11-18 07:00:00,10.6,11.01,10.41,10.88,276242
2020-11-19 07:00:00,10.88,11.06,10.64,10.83,155020
2020-11-20 07:00:00,10.83,10.88,10.64,10.83,125871
2020-11-23 07:00:00,10.83,11.01,10.74,10.92,151004
2020-11-24 07:00:00,10.92,10.97,10.74,10.92,209414
2020-11-25 07:00:00,10.92,11.99,10.92,11.99,406713
2020-11-26 07:00:00,11.99,12.73,11.99,12.45,274098
2020-11-27 07:00:00,12.17,12.5,11.94,12.5,125990
2020-11-30 07:00:00,12.26,12.4,11.94,12.03,153532
2020-12-01 07:00:00,11.8,12.5,11.66,12.03,169306
2020-12-02 07:00:00,12.03,12.26,11.85,12.26,164980
2020-12-03 07:00:00,12.5,12.63,12.26,12.26,117664
2020-12-04 07:00:00,12.45,12.45,12.17,12.26,103440
2020-12-07 07:00:00,12.26,12.45,12.22,12.26,109830
2020-12-08 07:00:00,12.26,12.54,12.26,12.54,220762
2020-12-09 07:00:00,12.54,12.96,12.54,12.68,95517
2020-12-10 07:00:00,12.68,12.68,12.17,12.31,157921
2020-12-11 07:00:00,12.26,12.4,12.13,12.4,107772
2020-12-14 07:00:00,12.4,12.87,12.26,12.87,304100
2020-12-15 07:00:00,12.82,13.37,12.82,13.19,236315
2020-12-16 07:00:00,13.37,13.37,12.82,13.05,158270
2020-12-17 07:00:00,13.0,13.0,12.4,12.87,300030
2020-12-18 07:00:00,12.87,12.96,12.73,12.96,126211
2020-12-21 07:00:00,12.96,13.1,12.87,12.91,151640
2020-12-22 07:00:00,12.87,13.51,12.87,13.51,293031
2020-12-23 07:00:00,13.47,13.65,13.0,13.37,141371
2020-12-24 07:00:00,13.37,13.42,12.5,13.28,228172
2020-12-25 07:00:00,13.14,13.37,12.77,13.33,133975
2020-12-28 07:00:00,12.96,13.42,12.5,12.87,108740
2020-12-29 07:00:00,12.87,13.1,12.73,13.1,124425
2020-12-30 07:00:00,13.1,13.1,12.87,13.1,73741
2020-12-31 07:00:00,13.1,13.14,12.91,12.91,100618
2021-01-04 07:00:00,12.96,13.51,12.96,13.33,194880
2021-01-05 07:00:00,13.42,13.79,13.42,13.61,298831
2021-01-06 07:00:00,13.65,13.65,13.37,13.42,139699
2021-01-07 07:00:00,13.33,13.88,13.28,13.75,176954
2021-01-08 07:00:00,13.75,13.79,13.47,13.47,164432
2021-01-11 07:00:00,13.47,13.79,13.37,13.7,177000
2021-01-12 07:00:00,13.7,14.25,13.47,13.98,172728
2021-01-13 07:00:00,13.98,14.35,13.79,14.21,178600
2021-01-14 07:00:00,14.21,14.3,13.88,14.21,83930
2021-01-15 07:00:00,14.21,14.62,14.02,14.35,161729
2021-01-18 07:00:00,14.25,14.58,13.75,14.02,203390
2021-01-19 07:00:00,14.02,14.07,12.68,13.75,276530
2021-01-20 07:00:00,13.61,13.7,12.91,13.42,176980
2021-01-21 07:00:00,13.42,13.61,13.24,13.61,163700
2021-01-22 07:00:00,13.56,13.61,13.28,13.37,82259
2021-01-25 07:00:00,13.24,13.37,13.14,13.14,54249
2021-01-26 07:00:00,12.96,13.33,12.68,13.33,214088
2021-01-27 07:00:00,13.33,13.33,12.73,12.87,175511
2021-01-28 07:00:00,12.59,12.63,11.62,11.62,167300
2021-01-29 07:00:00,10.51,12.77,10.46,12.5,228610
2021-02-01 07:00:00,12.5,12.5,11.25,11.25,105850
2021-02-02 07:00:00,11.25,11.52,10.46,11.52,54156
2021-02-03 07:00:00,11.62,11.89,11.38,11.62,136300
2021-02-04 07:00:00,11.62,12.03,11.62,11.71,74100
2021-02-05 07:00:00,11.76,11.85,11.66,11.8,69001
2021-02-08 07:00:00,12.03,12.4,11.8,12.26,113350
2021-02-09 07:00:00,12.22,12.4,12.03,12.4,76641
2021-02-17 07:00:00,12.08,12.68,12.08,12.63,91360
2021-02-18 07:00:00,12.63,13.19,12.4,13.19,172839
2021-02-19 07:00:00,13.19,13.75,13.05,13.65,168204
2021-02-22 07:00:00,13.65,13.84,13.14,13.14,129803
2021-02-23 07:00:00,13.19,13.24,12.77,13.14,113502
2021-02-24 07:00:00,13.14,13.19,12.82,12.96,111663
2021-02-25 07:00:00,13.0,13.19,12.96,13.1,63100
2021-02-26 07:00:00,12.63,12.91,12.63,12.91,125500
2021-03-01 07:00:00,12.87,12.96,12.77,12.96,110500
2021-03-02 07:00:00,13.05,13.33,12.96,13.33,154400
2021-03-03 07:00:00,13.33,13.65,13.14,13.51,169344
2021-03-04 07:00:00,14.81,14.81,13.0,13.37,107533
2021-03-05 07:00:00,13.33,13.42,13.1,13.42,74000
2021-03-08 07:00:00,13.42,14.07,13.33,13.98,349581
2021-03-09 07:00:00,14.07,14.44,13.7,14.35,315793
2021-03-10 07:00:00,14.39,15.78,14.39,15.78,522238
2021-03-11 07:00:00,15.78,17.08,15.78,16.43,436739
2021-03-12 07:00:00,16.43,17.08,15.74,16.29,220236
2021-03-15 07:00:00,16.29,16.43,16.01,16.2,162260
2021-03-16 07:00:00,16.2,16.24,15.6,15.97,213935
2021-03-17 07:00:00,15.78,17.54,15.78,17.31,391700
2021-03-18 07:00:00,17.35,19.02,17.35,19.02,478487
2021-03-19 07:00:00,19.44,20.92,19.21,20.32,335956
2021-03-22 07:00:00,20.32,20.32,18.65,19.21,219860
2021-03-23 07:00:00,18.97,18.97,17.31,17.35,614002
2021-03-24 07:00:00,16.89,17.59,16.2,17.54,283420
2021-03-25 07:00:00,17.59,19.21,16.94,18.05,306460
2021-03-26 07:00:00,18.05,18.05,16.8,17.91,147696
2021-03-29 07:00:00,17.73,17.91,17.12,17.54,134102
2021-03-30 07:00:00,17.4,17.54,17.12,17.35,120910
2021-03-31 07:00:00,17.35,17.35,16.8,16.98,174503
2021-04-01 07:00:00,16.89,17.68,16.89,17.63,154020
2021-04-02 07:00:00,17.96,18.14,16.89,17.54,148344
2021-04-05 07:00:00,17.54,17.59,17.26,17.35,92712
2021-04-06 07:00:00,17.35,17.35,17.03,17.26,107300
2021-04-07 07:00:00,17.08,18.1,16.71,17.68,116251
2021-04-08 07:00:00,17.82,17.82,17.4,17.4,62600
2021-04-09 07:00:00,17.4,17.82,17.22,17.59,115735
2021-04-12 07:00:00,17.59,17.82,17.35,17.73,113250
2021-04-13 07:00:00,17.77,18.23,17.45,17.45,179800
2021-04-14 07:00:00,17.35,17.49,17.26,17.4,81300
2021-04-15 07:00:00,17.4,17.49,17.17,17.35,101200
2021-04-16 07:00:00,17.45,17.59,15.87,16.89,183500
2021-04-19 07:00:00,16.89,17.12,16.66,16.71,84800
2021-04-20 07:00:00,16.71,16.8,16.2,16.61,101050
2021-04-22 07:00:00,16.61,16.66,15.32,15.32,147521
2021-04-23 07:00:00,15.09,15.64,14.86,15.5,99300
2021-04-26 07:00:00,15.5,15.92,14.72,15.13,99600
2021-04-27 07:00:00,15.5,15.5,14.35,14.35,93213
2021-04-28 07:00:00,14.35,14.49,14.12,14.44,155410
2021-04-29 07:00:00,14.53,15.23,14.53,14.86,67100
2021-05-04 07:00:00,14.35,14.67,14.02,14.58,49300
2021-05-05 07:00:00,14.58,14.95,14.35,14.72,65320
2021-05-06 07:00:00,14.72,15.27,14.72,14.99,102424
2021-05-07 07:00:00,15.23,15.36,14.81,14.99,140900
2021-05-10 07:00:00,15.04,15.04,14.58,14.81,93703
2021-05-11 07:00:00,14.81,14.81,14.53,14.67,76800
2021-05-12 07:00:00,14.58,15.74,14.3,15.46,180600
2021-05-13 07:00:00,15.46,15.46,15.09,15.09,122622
2021-05-14 07:00:00,15.13,15.18,14.67,14.67,118000
2021-05-17 07:00:00,14.81,14.81,14.3,14.35,94830
2021-05-18 07:00:00,14.25,14.3,13.61,13.61,178957
2021-05-19 07:00:00,13.61,14.25,13.61,13.84,104470
2021-05-20 07:00:00,13.88,14.16,13.84,14.07,104500
2021-05-21 07:00:00,14.07,14.53,13.88,14.44,106659
2021-05-24 07:00:00,14.35,14.58,14.21,14.58,99866
2021-05-25 07:00:00,14.58,14.9,14.58,14.76,80503
2021-05-26 07:00:00,14.76,14.81,14.49,14.49,75651
2021-05-27 07:00:00,14.49,14.49,14.07,14.25,75068
2021-05-28 07:00:00,14.25,14.49,14.12,14.25,66635
2021-05-31 07:00:00,14.35,14.35,13.84,14.02,131600
2021-06-01 07:00:00,13.88,14.81,13.79,14.76,193700
2021-06-02 07:00:00,14.76,15.92,14.76,15.83,297334
2021-06-03 07:00:00,15.78,16.11,15.36,15.74,154600
2021-06-04 07:00:00,15.83,15.92,15.27,15.41,127000
2021-06-07 07:00:00,15.41,15.41,14.81,15.23,159870
2021-06-08 07:00:00,15.23,16.43,15.09,15.74,318600
2021-06-09 07:00:00,15.74,16.15,15.5,15.87,116700
2021-06-10 07:00:00,15.87,15.87,15.5,15.5,67761
2021-06-11 07:00:00,15.5,15.69,15.36,15.64,96939
2021-06-14 07:00:00,15.74,16.89,15.64,16.43,432218
2021-06-15 07:00:00,16.48,17.35,16.24,17.03,236651
2021-06-16 07:00:00,17.12,17.12,16.66,16.85,92015
2021-06-17 07:00:00,16.8,16.8,16.38,16.8,185000
2021-06-18 07:00:00,16.8,17.26,16.66,16.94,221000
2021-06-21 07:00:00,16.66,16.89,16.43,16.71,161420
2021-06-22 07:00:00,16.66,17.35,16.66,16.66,180964
2021-06-23 07:00:00,16.66,16.8,15.6,15.69,283414
2021-06-24 07:00:00,15.69,15.74,15.18,15.46,197400
2021-06-25 07:00:00,15.46,15.5,15.09,15.41,168268
2021-06-28 07:00:00,15.41,15.46,14.95,15.27,150864
2021-06-29 07:00:00,15.36,15.36,15.18,15.23,136900
2021-06-30 07:00:00,15.32,15.32,14.81,15.04,83200
2021-07-01 07:00:00,15.09,15.09,14.9,15.04,138626
2021-07-02 07:00:00,15.04,15.23,14.99,14.99,119530
2021-07-05 07:00:00,14.99,14.99,14.25,14.62,208549
2021-07-06 07:00:00,14.49,14.58,14.3,14.3,114400
2021-07-07 07:00:00,14.12,14.35,13.42,14.35,134053
2021-07-08 07:00:00,14.39,14.58,13.98,14.44,116371
2021-07-09 07:00:00,14.25,14.44,14.12,14.35,61400
2021-07-12 07:00:00,14.16,14.35,13.19,14.35,146229
2021-07-13 07:00:00,14.86,15.02,14.35,14.91,41230
2021-07-14 07:00:00,14.96,15.68,14.66,14.96,70533
2021-07-15 07:00:00,15.02,15.02,14.71,14.91,34487
2021-07-16 07:00:00,14.91,14.96,14.71,14.91,33650
2021-07-19 07:00:00,14.76,14.81,14.19,14.5,79920
2021-07-20 07:00:00,14.4,14.66,14.14,14.66,52795
2021-07-21 07:00:00,14.66,14.91,14.6,14.66,41100
2021-07-22 07:00:00,14.66,15.02,14.66,14.91,92310
2021-07-23 07:00:00,14.96,15.84,14.86,15.84,192452
2021-07-26 07:00:00,15.84,16.2,15.22,16.2,191190
2021-07-27 07:00:00,16.25,16.66,16.04,16.25,147988
2021-07-28 07:00:00,16.2,16.3,15.58,15.89,119042
2021-07-29 07:00:00,15.94,15.94,15.27,15.89,131138
2021-07-30 07:00:00,15.84,15.89,15.32,15.84,124130
2021-08-02 07:00:00,15.84,15.99,15.63,15.89,188071
2021-08-03 07:00:00,15.89,16.97,15.79,16.97,581126
2021-08-04 07:00:00,17.02,17.74,16.97,17.28,271450
2021-08-05 07:00:00,17.23,17.23,16.87,17.07,149370
2021-08-06 07:00:00,16.97,17.74,16.71,17.07,401870
2021-08-09 07:00:00,16.97,17.69,16.97,17.43,432900
2021-08-10 07:00:00,17.43,18.2,17.43,18.2,571782
2021-08-11 07:00:00,18.2,18.25,16.97,16.97,553577
2021-08-12 07:00:00,16.97,17.74,16.46,17.43,467164
2021-08-13 07:00:00,17.43,17.48,16.61,17.48,332247
2021-08-16 07:00:00,17.53,18.97,17.48,18.87,826039
2021-08-17 07:00:00,18.87,18.92,18.25,18.31,298618
2021-08-18 07:00:00,18.36,18.36,17.79,18.36,244756
2021-08-19 07:00:00,18.36,18.36,18.0,18.36,161688
2021-08-20 07:00:00,18.41,19.03,16.97,18.05,595150
2021-08-23 07:00:00,18.0,18.05,16.71,16.71,305010
2021-08-24 07:00:00,16.56,16.71,15.74,16.04,330790
2021-08-25 07:00:00,16.04,16.56,15.68,16.56,166664
2021-08-26 07:00:00,16.61,16.71,15.94,16.51,202220
2021-08-27 07:00:00,16.4,16.71,16.15,16.71,140647
2021-08-30 07:00:00,16.71,17.38,16.71,17.33,269110
2021-08-31 07:00:00,17.38,17.95,16.97,17.38,395575
2021-09-01 07:00:00,17.48,18.25,17.38,18.25,487944
2021-09-06 07:00:00,18.25,19.03,18.25,18.77,480418
2021-09-07 07:00:00,18.77,18.82,17.48,17.79,389288
2021-09-08 07:00:00,17.79,18.1,17.28,17.79,187715
2021-09-09 07:00:00,17.79,17.89,17.48,17.79,229170
2021-09-10 07:00:00,17.79,18.25,17.64,17.64,185691
2021-09-13 07:00:00,17.69,17.69,16.71,16.71,470250
2021-09-14 07:00:00,16.71,17.12,16.46,16.97,232320
2021-09-15 07:00:00,17.02,17.12,16.71,17.02,128990
2021-09-16 07:00:00,16.87,17.17,16.87,17.07,117167
2021-09-17 07:00:00,17.07,17.12,16.82,16.87,288248
2021-09-20 07:00:00,16.87,17.48,16.71,17.28,318839
2021-09-21 07:00:00,17.28,18.1,16.71,17.79,400911
2021-09-22 07:00:00,17.79,18.1,17.79,18.0,380187
2021-09-23 07:00:00,18.0,18.51,17.48,17.59,468997
2021-09-24 07:00:00,17.48,17.64,17.12,17.17,198591
2021-09-27 07:00:00,17.17,17.17,16.46,16.46,300916
2021-09-28 07:00:00,16.46,16.66,15.99,16.56,290794
2021-09-29 07:00:00,16.56,16.87,16.46,16.71,83881
2021-09-30 07:00:00,16.71,17.02,16.71,16.97,70173
2021-10-01 07:00:00,16.97,16.97,16.56,16.61,176284
2021-10-04 07:00:00,16.46,16.82,16.35,16.71,189239
2021-10-05 07:00:00,16.71,16.87,16.61,16.71,140510
2021-10-06 07:00:00,16.76,17.43,16.71,17.43,215088
2021-10-07 07:00:00,17.43,18.0,17.43,17.74,356302
2021-10-08 07:00:00,17.74,17.74,17.23,17.23,227509
2021-10-11 07:00:00,17.28,17.69,17.23,17.48,145520
2021-10-12 07:00:00,17.53,19.23,17.53,19.23,1277997
2021-10-13 07:00:00,19.23,20.21,19.03,19.23,597555
2021-10-14 07:00:00,19.18,19.8,19.18,19.59,328860
2021-10-15 07:00:00,19.54,19.8,19.23,19.39,523035
2021-10-18 07:00:00,19.33,20.11,19.33,19.69,406928
2021-10-19 07:00:00,19.75,20.36,19.59,19.85,250128
2021-10-20 07:00:00,19.9,20.31,19.85,20.16,299717
2021-10-21 07:00:00,20.16,20.83,20.11,20.83,334574
2021-10-22 07:00:00,20.77,21.85,20.77,21.39,381356
2021-10-25 07:00:00,21.39,22.52,21.39,21.7,321900
2021-10-26 07:00:00,21.6,21.7,20.67,21.6,411149
2021-10-27 07:00:00,21.6,22.37,21.6,22.06,200193
2021-10-28 07:00:00,21.7,24.22,21.7,24.22,547460
2021-10-29 07:00:00,24.22,26.64,24.22,26.23,609381
2021-11-01 07:00:00,26.23,27.2,25.97,26.38,753232
2021-11-02 07:00:00,26.38,27.1,26.38,26.95,373248
2021-11-03 07:00:00,26.95,29.41,24.27,24.27,922074
2021-11-04 07:00:00,24.27,25.71,24.12,25.2,608252
2021-11-05 07:00:00,25.25,26.02,25.2,25.4,282853
2021-11-08 07:00:00,25.45,25.66,24.94,25.4,362658
2021-11-09 07:00:00,25.4,25.61,25.09,25.61,385223
2021-11-10 07:00:00,25.61,27.61,25.61,27.61,553406
2021-11-11 07:00:00,28.03,29.82,27.77,29.1,721965
2021-11-12 07:00:00,29.16,29.21,27.77,27.77,456954
2021-11-15 07:00:00,28.03,28.03,25.3,26.38,867031
2021-11-16 07:00:00,26.43,26.48,25.04,25.3,546128
2021-11-17 07:00:00,25.35,25.35,23.96,24.73,632389
2021-11-18 07:00:00,24.73,25.66,24.63,25.25,427979
2021-11-19 07:00:00,25.56,25.71,24.68,24.99,474414
2021-11-22 07:00:00,24.99,24.99,22.88,22.88,778457
2021-11-23 07:00:00,22.63,23.55,21.08,23.5,224141
2021-11-24 07:00:00,23.55,24.37,23.4,24.17,211821
2021-11-25 07:00:00,24.17,24.79,24.12,24.53,138706
2021-11-26 07:00:00,24.94,24.94,23.24,23.5,294404
2021-11-29 07:00:00,23.5,23.96,22.93,23.76,215493
2021-11-30 07:00:00,23.81,24.63,23.81,24.17,240654
2021-12-01 07:00:00,24.17,24.27,23.65,24.12,138484
2021-12-02 07:00:00,23.86,24.22,23.65,24.17,248128
2021-12-03 07:00:00,24.17,24.17,23.14,23.14,209236
2021-12-06 07:00:00,23.14,23.14,21.34,22.11,282880
2021-12-07 07:00:00,22.11,22.73,21.85,22.63,196790
2021-12-08 07:00:00,22.73,22.78,22.37,22.63,87932
2021-12-09 07:00:00,22.63,24.89,22.47,24.89,446532
2021-12-10 07:00:00,25.2,26.43,24.99,25.71,404191
2021-12-13 07:00:00,25.71,26.84,25.2,26.48,343472
2021-12-14 07:00:00,26.48,26.48,25.35,25.66,249130
2021-12-15 07:00:00,25.66,25.66,24.89,25.2,167478
2021-12-16 07:00:00,25.2,25.71,24.94,25.45,209881
2021-12-17 07:00:00,25.45,26.84,25.45,26.48,331089
2021-12-20 07:00:00,26.69,27.51,25.3,27.0,352020
2021-12-21 07:00:00,26.74,27.0,26.23,26.74,240805
2021-12-22 07:00:00,26.74,27.1,26.59,26.74,328905
2021-12-23 07:00:00,26.74,26.74,24.94,25.4,333246
2021-12-24 07:00:00,25.45,26.89,25.3,25.71,244003
2021-12-27 07:00:00,25.71,25.76,25.2,25.66,127336
2021-12-28 07:00:00,25.66,25.97,25.25,25.35,215350
2021-12-29 07:00:00,25.45,27.67,25.2,27.25,505715
2021-12-30 07:00:00,27.25,27.25,26.69,26.69,152060
2021-12-31 07:00:00,26.69,26.74,26.17,26.38,92080
2022-01-04 07:00:00,26.38,26.64,25.87,26.28,242870
2022-01-05 07:00:00,26.28,26.33,25.76,25.76,205651
2022-01-06 07:00:00,25.81,28.33,25.66,28.33,924085
2022-01-07 07:00:00,31.11,31.11,28.33,29.88,505833
2022-01-10 07:00:00,29.88,30.13,28.8,28.8,336078
2022-01-11 07:00:00,28.03,28.8,27.77,27.97,449176
2022-01-12 07:00:00,27.82,27.97,25.2,26.69,513283
2022-01-13 07:00:00,26.74,27.0,24.07,24.07,423944
2022-01-14 07:00:00,24.07,25.04,22.42,24.94,240204
2022-01-17 07:00:00,24.94,24.99,22.52,22.52,245880
2022-01-18 07:00:00,22.52,22.52,20.57,21.08,369120
2022-01-19 07:00:00,21.08,22.37,20.05,22.27,203951
2022-01-20 07:00:00,22.27,24.17,21.6,23.86,184857
2022-01-21 07:00:00,24.01,24.73,23.4,23.4,151114
2022-01-24 07:00:00,23.4,23.4,21.08,21.29,303852
2022-01-25 07:00:00,21.19,22.57,20.05,22.57,161970
2022-01-26 07:00:00,22.63,22.83,20.67,21.7,144200
2022-01-27 07:00:00,21.08,21.96,20.67,20.93,195707
2022-01-28 07:00:00,20.88,21.24,20.83,20.98,142700
2022-02-07 07:00:00,21.03,21.96,21.03,21.55,119969
2022-02-08 07:00:00,21.6,22.88,21.55,22.42,158144
2022-02-09 07:00:00,22.63,22.78,21.85,22.73,114058
2022-02-10 07:00:00,22.68,23.14,22.21,22.52,72936
2022-02-11 07:00:00,22.42,22.42,22.06,22.37,251509
2022-02-14 07:00:00,22.32,22.32,21.65,22.06,141252
2022-02-15 07:00:00,22.11,22.16,21.44,22.01,108547
2022-02-16 07:00:00,22.06,23.09,22.06,23.09,204061
2022-02-17 07:00:00,23.14,23.45,22.68,22.99,102803
2022-02-18 07:00:00,22.83,23.24,22.63,23.24,146592
2022-02-21 07:00:00,23.24,24.43,22.99,23.71,268574
2022-02-22 07:00:00,23.65,23.71,22.11,22.88,206870
2022-02-23 07:00:00,22.52,23.35,22.52,23.14,150926
2022-02-24 07:00:00,23.14,23.14,21.44,22.06,274556
2022-02-25 07:00:00,22.11,22.63,22.06,22.32,132703
2022-02-28 07:00:00,22.32,22.32,21.96,22.01,127504
2022-03-01 07:00:00,22.01,22.37,21.75,22.32,181131
2022-03-02 07:00:00,22.32,22.68,22.06,22.63,147543
2022-03-03 07:00:00,22.63,22.63,22.27,22.52,137840
2022-03-04 07:00:00,22.52,23.65,22.37,23.19,305271
2022-03-07 07:00:00,23.14,23.14,22.63,22.63,156277
2022-03-08 07:00:00,22.57,23.09,22.32,22.47,257310
2022-03-09 07:00:00,22.42,22.63,21.44,22.11,209751
2022-03-10 07:00:00,22.16,22.47,21.49,22.16,184814
2022-03-11 07:00:00,22.21,22.42,21.6,21.85,141159
2022-03-14 07:00:00,21.85,22.21,21.34,21.34,284540
2022-03-15 07:00:00,21.39,21.85,21.34,21.85,116400
2022-03-16 07:00:00,21.85,22.37,21.85,21.91,79255
2022-03-17 07:00:00,21.96,22.21,21.85,21.96,106009
2022-03-18 07:00:00,22.01,22.63,22.01,22.52,168954
2022-03-21 07:00:00,22.63,23.04,22.42,22.73,193114
2022-03-22 07:00:00,22.73,23.04,22.63,22.73,220191
2022-03-23 07:00:00,22.73,22.83,22.47,22.47,179470
2022-03-24 07:00:00,22.47,22.47,22.16,22.37,112936
2022-03-25 07:00:00,22.37,22.52,22.21,22.42,124600
2022-03-28 07:00:00,22.42,22.42,21.6,22.01,301160
2022-03-29 07:00:00,22.01,22.47,21.6,22.32,187400
2022-03-30 07:00:00,22.11,22.27,21.85,21.91,129600
2022-03-31 07:00:00,21.96,23.55,21.91,22.93,496516
2022-04-01 07:00:00,22.93,23.14,22.52,22.88,186181
2022-04-04 07:00:00,22.99,24.01,22.93,23.5,312798
2022-04-05 07:00:00,23.5,23.5,22.99,23.04,184010
2022-04-06 07:00:00,23.04,24.12,22.63,23.09,391255
2022-04-07 07:00:00,23.09,23.14,22.37,22.37,236811
2022-04-08 07:00:00,22.37,22.42,21.85,22.11,155500
2022-04-12 07:00:00,22.11,22.16,21.34,21.34,153320
2022-04-13 07:00:00,21.34,21.55,19.9,21.03,363106
2022-04-14 07:00:00,21.85,21.85,20.83,20.88,164425
2022-04-15 07:00:00,20.88,20.88,19.8,20.05,338221
2022-04-18 07:00:00,20.05,20.05,18.05,18.51,416251
2022-04-19 07:00:00,18.51,18.77,16.97,17.02,244326
2022-04-20 07:00:00,17.02,17.02,15.94,15.94,177702
2022-04-21 07:00:00,15.68,15.68,14.35,14.5,253920
2022-04-22 07:00:00,14.5,15.38,14.3,15.07,238023
2022-04-25 07:00:00,15.17,15.79,13.88,14.24,196306
2022-04-26 07:00:00,14.14,15.53,13.52,15.53,193343
2022-04-27 07:00:00,15.53,16.35,15.38,16.3,137436
2022-04-28 07:00:00,16.3,16.56,16.04,16.15,95500
2022-04-29 07:00:00,15.94,16.46,15.94,16.3,104800
2022-05-04 07:00:00,16.35,16.35,15.94,16.15,128330
2022-05-05 07:00:00,16.15,16.15,15.32,15.58,253274
2022-05-06 07:00:00,15.58,15.58,14.81,14.81,105300
2022-05-09 07:00:00,14.81,14.81,13.37,13.37,224905
2022-05-10 07:00:00,12.8,13.47,12.44,13.27,170765
2022-05-11 07:00:00,13.37,14.04,13.11,14.04,137407
2022-05-12 07:00:00,14.04,14.04,12.86,12.86,127600
2022-05-13 07:00:00,12.86,12.96,11.62,11.62,431710
2022-05-16 07:00:00,11.62,12.08,10.8,11.57,186200
2022-05-17 07:00:00,11.78,12.7,10.44,12.65,263300
2022-05-18 07:00:00,12.7,13.37,12.65,12.8,94508
2022-05-19 07:00:00,12.34,12.55,12.14,12.34,83834
2022-05-20 07:00:00,12.34,13.11,12.34,12.86,263982
2022-05-23 07:00:00,12.86,13.32,12.6,12.96,130000
2022-05-24 07:00:00,12.6,13.01,12.6,12.86,53925
2022-05-25 07:00:00,12.86,13.63,12.86,13.16,330910
2022-05-26 07:00:00,13.37,13.88,13.27,13.68,161862
2022-05-27 07:00:00,13.73,14.14,13.68,13.88,140934
2022-05-30 07:00:00,13.88,14.14,13.73,14.04,176900
2022-05-31 07:00:00,14.04,14.09,13.63,13.63,156742
2022-06-01 07:00:00,13.58,13.88,13.52,13.63,81226
2022-06-02 07:00:00,13.63,13.88,13.52,13.83,191700
2022-06-03 07:00:00,13.83,13.83,13.16,13.58,80000
2022-06-06 07:00:00,13.58,13.63,13.37,13.47,220600
2022-06-07 07:00:00,13.37,13.88,13.11,13.52,361600
2022-06-08 07:00:00,13.58,14.86,13.52,14.71,722101
2022-06-09 07:00:00,14.76,14.91,14.5,14.76,243200
2022-06-10 07:00:00,14.71,14.81,14.14,14.19,193211
2022-06-13 07:00:00,13.88,14.04,12.8,12.8,325301
2022-06-14 07:00:00,12.34,13.22,12.08,12.8,115600
2022-06-15 07:00:00,12.75,12.86,11.62,11.93,218400
2022-06-16 07:00:00,11.93,12.5,11.78,11.78,174600
2022-06-17 07:00:00,11.67,11.67,10.7,11.11,198357
2022-06-20 07:00:00,11.11,11.26,10.28,10.64,170024
2022-06-21 07:00:00,10.28,10.8,10.28,10.54,135427
2022-06-22 07:00:00,10.54,11.06,10.28,10.8,136358
2022-06-23 07:00:00,10.8,10.95,10.64,10.95,117705
2022-06-24 07:00:00,11.83,11.83,11.0,11.16,228884
2022-06-27 07:00:00,11.26,11.62,11.16,11.21,197100
2022-06-28 07:00:00,11.26,11.98,11.26,11.83,210205
2022-06-29 07:00:00,11.93,11.93,11.52,11.78,192740
2022-06-30 07:00:00,11.72,11.83,11.31,11.52,149200
2022-07-01 07:00:00,11.06,11.57,10.8,11.57,271840
2022-07-04 07:00:00,11.62,11.83,11.31,11.62,109509
2022-07-05 07:00:00,11.31,11.62,11.31,11.42,140200
2022-07-06 07:00:00,11.42,11.42,10.75,10.8,198630
2022-07-07 07:00:00,10.85,10.9,10.49,10.75,127134
2022-07-08 07:00:00,10.8,11.57,10.8,11.52,270706
2022-07-11 07:00:00,11.52,11.57,11.26,11.52,193400
2022-07-12 07:00:00,11.47,12.44,11.47,12.34,205446
2022-07-13 07:00:00,12.39,12.5,12.19,12.24,198200
2022-07-14 07:00:00,12.08,12.24,11.93,12.19,121900
2022-07-15 07:00:00,12.14,12.34,11.98,12.19,139715
2022-07-18 07:00:00,12.19,12.39,11.98,12.03,187972
2022-07-19 07:00:00,12.03,12.14,11.88,12.08,114900
2022-07-20 07:00:00,12.14,12.55,12.14,12.34,211200
2022-07-21 07:00:00,12.34,12.5,12.19,12.34,167117
2022-07-22 07:00:00,12.29,12.44,12.19,12.34,209410
2022-07-25 07:00:00,12.19,12.34,12.03,12.29,144700
2022-07-26 07:00:00,12.29,12.29,11.67,11.67,117000
2022-07-27 07:00:00,11.57,11.93,11.52,11.93,127800
2022-07-28 07:00:00,11.98,12.75,11.98,12.44,189500
2022-07-29 07:00:00,12.44,12.6,12.34,12.44,111411
2022-08-01 07:00:00,12.44,12.75,12.39,12.7,201710
2022-08-02 07:00:00,12.75,13.32,12.75,12.96,281884
2022-08-03 07:00:00,12.96,13.32,12.8,13.06,192550
2022-08-04 07:00:00,13.11,13.27,12.65,12.86,299308
2022-08-05 07:00:00,12.86,12.91,12.6,12.91,159401
2022-08-08 07:00:00,12.91,13.11,12.7,12.8,275603
2022-08-09 07:00:00,12.86,12.91,12.7,12.8,310704
2022-08-10 07:00:00,12.86,13.27,12.75,13.16,313904
2022-08-11 07:00:00,13.16,13.73,13.11,13.47,436100
2022-08-12 07:00:00,13.47,13.63,13.27,13.58,372900
2022-08-15 07:00:00,13.63,13.73,13.27,13.58,228417
2022-08-16 07:00:00,13.52,13.73,13.37,13.42,259904
2022-08-17 07:00:00,13.42,13.63,13.32,13.47,390611
2022-08-18 07:00:00,13.42,13.42,13.16,13.16,196700
2022-08-19 07:00:00,12.91,13.47,12.86,13.16,197800
2022-08-22 07:00:00,13.06,13.22,12.96,13.22,222900
2022-08-23 07:00:00,13.22,13.68,13.01,13.68,275653
2022-08-24 07:00:00,13.68,14.14,13.68,13.94,600045
2022-08-25 07:00:00,13.99,14.24,13.78,13.88,267305
2022-08-26 07:00:00,13.83,13.99,13.68,13.78,245953
2022-08-29 07:00:00,13.63,13.63,12.6,13.37,333000
2022-08-30 07:00:00,13.42,13.63,13.11,13.11,234600
2022-08-31 07:00:00,13.11,13.27,12.86,13.27,186303
2022-09-05 07:00:00,13.11,13.27,12.96,13.11,204400
2022-09-06 07:00:00,13.11,13.11,12.96,13.11,136011
2022-09-07 07:00:00,13.11,13.11,12.5,12.5,393600
2022-09-08 07:00:00,12.55,12.86,12.34,12.7,258801
2022-09-09 07:00:00,12.7,12.8,12.44,12.75,143300
2022-09-12 07:00:00,12.75,12.91,12.75,12.86,106384
2022-09-13 07:00:00,12.86,12.96,12.65,12.86,170865
2022-09-14 07:00:00,12.6,12.8,12.39,12.7,176536
2022-09-15 07:00:00,12.7,13.27,12.65,13.11,327412
2022-09-16 07:00:00,13.32,13.32,12.8,12.86,228309
2022-09-19 07:00:00,12.86,12.96,12.29,12.6,193605
2022-09-20 07:00:00,12.6,12.65,12.08,12.6,228749
2022-09-21 07:00:00,12.6,12.65,12.34,12.55,100800
2022-09-22 07:00:00,12.5,12.6,12.24,12.6,170497
2022-09-23 07:00:00,12.6,12.7,12.39,12.7,218297
2022-09-26 07:00:00,12.7,12.86,12.29,12.5,334658
2022-09-27 07:00:00,13.28,13.41,11.84,12.63,214597
2022-09-28 07:00:00,12.63,12.95,12.43,12.76,201102
2022-09-29 07:00:00,12.76,12.89,12.17,12.43,225649
2022-09-30 07:00:00,11.19,12.56,11.19,12.17,187301
2022-10-03 07:00:00,12.3,12.3,11.45,11.51,160095
2022-10-04 07:00:00,11.51,11.71,11.19,11.58,249836
2022-10-05 07:00:00,11.65,11.84,11.45,11.78,228814
2022-10-06 07:00:00,11.78,11.78,10.79,10.79,176800
2022-10-07 07:00:00,10.79,11.45,9.75,9.81,376650
2022-10-10 07:00:00,9.68,10.66,8.83,10.21,114121
2022-10-11 07:00:00,10.34,10.34,9.22,9.22,240741
2022-10-12 07:00:00,9.29,9.62,8.57,9.49,157000
2022-10-13 07:00:00,9.49,9.75,9.16,9.49,168318
2022-10-14 07:00:00,9.62,9.81,9.49,9.62,106401
2022-10-17 07:00:00,9.62,9.62,9.36,9.42,66300
2022-10-18 07:00:00,9.16,9.81,9.16,9.68,135975
2022-10-19 07:00:00,9.55,9.88,9.55,9.75,81310
2022-10-20 07:00:00,9.75,9.81,9.49,9.55,72800
2022-10-21 07:00:00,9.62,9.68,8.64,8.9,225960
2022-10-24 07:00:00,8.9,8.9,8.05,8.05,149200
2022-10-25 07:00:00,7.98,8.24,7.26,8.05,298474
2022-10-26 07:00:00,7.98,8.5,7.85,8.05,104345
2022-10-27 07:00:00,8.05,8.5,8.05,8.44,167902
2022-10-28 07:00:00,8.5,8.64,8.24,8.24,87511
2022-10-31 07:00:00,8.24,8.31,7.46,8.18,174750
2022-11-01 07:00:00,8.24,8.37,8.05,8.24,226610
2022-11-02 07:00:00,8.11,8.24,7.92,8.05,146403
2022-11-03 07:00:00,8.05,8.11,7.85,8.05,162801
2022-11-04 07:00:00,8.05,8.11,7.39,7.85,208760
2022-11-07 07:00:00,7.79,7.92,7.07,7.26,216800
2022-11-08 07:00:00,7.2,7.39,6.67,7.07,135320
2022-11-09 07:00:00,6.41,7.26,6.41,7.13,369920
2022-11-10 07:00:00,6.48,7.07,6.48,6.74,182455
2022-11-11 07:00:00,6.48,6.87,6.28,6.61,268601
2022-11-14 07:00:00,5.95,6.61,5.95,5.95,288746
2022-11-15 07:00:00,5.36,5.89,5.36,5.36,472446
2022-11-16 07:00:00,4.84,5.82,4.84,5.82,282220
2022-11-17 07:00:00,5.63,6.35,5.63,6.35,349559
2022-11-18 07:00:00,6.41,6.87,6.15,6.8,281272
2022-11-21 07:00:00,6.87,7.39,6.87,7.2,310991
2022-11-22 07:00:00,7.2,7.92,7.0,7.85,719237
2022-11-23 07:00:00,7.79,8.05,7.79,7.85,295093
2022-11-24 07:00:00,7.79,7.85,7.59,7.85,166013
2022-11-25 07:00:00,7.98,8.24,7.98,8.18,156204
2022-11-28 07:00:00,8.18,8.96,7.92,8.96,401257
2022-11-29 07:00:00,8.64,9.62,8.11,9.22,257965
2022-11-30 07:00:00,8.83,9.42,8.83,9.16,252664
2022-12-01 07:00:00,9.16,10.07,9.09,9.42,649798
2022-12-02 07:00:00,9.29,9.88,8.96,9.55,363539
2022-12-05 07:00:00,9.62,9.88,9.29,9.42,232412
2022-12-06 07:00:00,9.29,9.36,8.5,8.5,441647
2022-12-07 07:00:00,8.37,9.09,7.85,7.85,343074
2022-12-08 07:00:00,7.65,8.64,7.59,8.64,169913
2022-12-09 07:00:00,8.64,9.09,8.18,8.64,186367
2022-12-12 07:00:00,8.37,8.96,8.31,8.31,193326
2022-12-13 07:00:00,7.85,8.83,7.85,8.83,160749
2022-12-14 07:00:00,8.9,9.03,8.77,8.96,93587
2022-12-15 07:00:00,8.9,9.09,8.44,8.83,254244
2022-12-16 07:00:00,8.83,9.09,8.5,8.9,119656
2022-12-19 07:00:00,8.7,8.96,8.31,8.44,252694
2022-12-20 07:00:00,8.37,8.5,7.98,8.24,236613
2022-12-21 07:00:00,8.31,8.37,7.72,8.11,211065
2022-12-22 07:00:00,8.18,8.37,7.72,7.92,258894
2022-12-23 07:00:00,7.92,8.11,7.85,7.98,103549
2022-12-26 07:00:00,7.98,8.44,7.46,7.46,287049
2022-12-27 07:00:00,7.2,7.79,6.74,7.79,203773
2022-12-28 07:00:00,7.07,8.05,7.07,7.72,194393
2022-12-29 07:00:00,7.85,7.92,7.46,7.46,86550
2022-12-30 07:00:00,7.65,7.79,7.13,7.13,416343
2023-01-03 07:00:00,7.33,7.79,7.2,7.79,364043
2023-01-04 07:00:00,7.85,8.5,7.79,8.37,421682
2023-01-05 07:00:00,8.18,8.7,8.18,8.44,265636
2023-01-06 07:00:00,8.5,8.83,8.11,8.24,276409
2023-01-09 07:00:00,8.18,8.5,7.98,8.18,222479
2023-01-10 07:00:00,8.24,8.31,7.92,8.18,134426
2023-01-11 07:00:00,8.11,8.64,7.98,8.31,254300
2023-01-12 07:00:00,8.31,8.77,8.18,8.64,414783
2023-01-13 07:00:00,8.7,8.9,8.5,8.64,406821
2023-01-16 07:00:00,8.5,8.83,8.44,8.5,134760
2023-01-17 07:00:00,8.5,8.77,8.5,8.7,342220
2023-01-18 07:00:00,8.7,8.77,8.5,8.64,348363
2023-01-19 07:00:00,8.77,9.36,8.77,9.22,998423
2023-01-27 07:00:00,9.22,9.62,9.09,9.22,323322
2023-01-30 07:00:00,9.22,9.62,9.16,9.29,614973
2023-01-31 07:00:00,9.36,9.42,9.09,9.42,428202
2023-02-01 07:00:00,9.55,9.75,8.83,8.96,763438
2023-02-02 07:00:00,8.9,9.16,8.57,8.57,348921
2023-02-03 07:00:00,8.57,9.16,8.44,8.7,316418
2023-02-06 07:00:00,8.7,8.96,8.44,8.96,614333
2023-02-07 07:00:00,8.96,9.03,8.57,8.57,343532
2023-02-08 07:00:00,8.57,8.9,8.24,8.44,523652
2023-02-09 07:00:00,8.31,8.64,8.18,8.37,391183
2023-02-10 07:00:00,8.37,8.44,8.11,8.11,153623
2023-02-13 07:00:00,7.85,8.11,7.52,7.79,458303
2023-02-14 07:00:00,7.79,7.92,7.59,7.92,172947
2023-02-15 07:00:00,7.92,8.31,7.79,8.24,361005
2023-02-16 07:00:00,8.37,8.44,8.18,8.24,146798
2023-02-17 07:00:00,8.31,8.57,8.24,8.44,344216
2023-02-20 07:00:00,8.44,8.77,8.37,8.77,168451
2023-02-21 07:00:00,8.77,9.03,8.64,8.77,203870
2023-02-22 07:00:00,8.9,9.03,8.18,8.31,367685
2023-02-23 07:00:00,8.24,8.37,7.98,8.37,199641
2023-02-24 07:00:00,8.44,8.5,8.05,8.18,128111
2023-02-27 07:00:00,8.24,8.24,7.98,7.98,205421
2023-02-28 07:00:00,7.92,8.24,7.92,8.05,167290
2023-03-01 07:00:00,8.05,8.37,7.85,8.37,222498
2023-03-02 07:00:00,8.37,8.37,8.18,8.18,64179
2023-03-03 07:00:00,8.31,8.31,8.18,8.31,63400
2023-03-06 07:00:00,8.11,8.57,8.05,8.44,291390
2023-03-07 07:00:00,8.44,8.44,8.31,8.44,66138
2023-03-08 07:00:00,8.37,8.5,8.31,8.5,144200
2023-03-09 07:00:00,8.5,8.77,8.5,8.77,332587
2023-03-10 07:00:00,8.7,8.77,8.57,8.64,203604
2023-03-13 07:00:00,8.5,8.57,8.44,8.5,157208
2023-03-14 07:00:00,8.5,8.96,8.24,8.64,535804
2023-03-15 07:00:00,8.7,9.29,8.7,9.29,741473
2023-03-16 07:00:00,9.22,9.49,9.09,9.22,426250
2023-03-17 07:00:00,9.22,9.29,9.03,9.03,190209
2023-03-20 07:00:00,9.09,9.29,8.9,8.96,223923
2023-03-21 07:00:00,8.96,9.03,8.77,9.03,259481
2023-03-22 07:00:00,9.16,9.16,8.96,9.09,139005
2023-03-23 07:00:00,8.9,9.94,8.9,9.94,852568
2023-03-24 07:00:00,9.94,10.34,9.81,10.14,558896
2023-03-27 07:00:00,10.14,10.73,10.14,10.4,441469
2023-03-28 07:00:00,10.4,10.6,10.21,10.34,227515
2023-03-29 07:00:00,10.21,10.86,10.07,10.86,491005
2023-03-30 07:00:00,10.99,11.12,10.73,10.86,295839
2023-03-31 07:00:00,10.86,10.93,10.6,10.73,383299
2023-04-03 07:00:00,10.73,11.58,10.73,11.58,529047
2023-04-04 07:00:00,11.58,11.71,11.25,11.58,183709
2023-04-05 07:00:00,11.58,11.71,11.25,11.38,293447
2023-04-06 07:00:00,11.38,11.38,10.93,10.99,421214
2023-04-07 07:00:00,10.99,11.19,10.6,10.86,438908
2023-04-10 07:00:00,9.81,11.38,9.81,10.6,856438
2023-04-11 07:00:00,10.53,10.73,10.27,10.73,437945
2023-04-12 07:00:00,10.66,10.99,10.6,10.73,443927
2023-04-13 07:00:00,10.79,11.19,10.66,10.79,534900
2023-04-14 07:00:00,10.86,10.93,10.34,10.34,253003
2023-04-17 07:00:00,10.34,10.53,10.14,10.34,232168
2023-04-18 07:00:00,10.47,11.32,10.21,11.32,812341
2023-04-19 07:00:00,11.32,11.71,10.99,11.12,412971
2023-04-20 07:00:00,10.93,11.38,10.93,11.12,421989
2023-04-21 07:00:00,11.12,11.25,11.12,11.12,692708
2023-04-24 07:00:00,11.12,11.12,10.66,10.66,560044
2023-04-25 07:00:00,10.66,10.93,10.07,10.47,944179
2023-04-26 07:00:00,10.47,10.79,10.21,10.79,176492
2023-04-27 07:00:00,10.86,11.58,10.27,10.79,433031
2023-04-28 07:00:00,11.06,11.84,10.73,11.84,1215836
2023-05-04 07:00:00,13.02,13.02,12.76,13.02,901977
2023-05-05 07:00:00,13.54,14.0,13.08,13.48,937354
2023-05-08 07:00:00,13.61,14.79,13.54,14.79,1430888
2023-05-09 07:00:00,14.98,16.22,14.98,16.22,1484018
2023-05-10 07:00:00,16.36,17.79,16.36,17.79,1758227
2023-05-11 07:00:00,18.25,19.5,17.99,18.25,1563187
2023-05-12 07:00:00,18.25,18.32,16.88,17.53,1466147
2023-05-15 07:00:00,17.66,19.23,17.34,18.78,1477040
2023-05-16 07:00:00,18.65,19.5,18.32,19.3,1117824
2023-05-17 07:00:00,19.36,20.22,18.71,19.69,1287909
2023-05-18 07:00:00,19.69,19.95,18.71,18.71,1424022
2023-05-19 07:00:00,18.71,18.91,17.4,18.58,820450
2023-05-22 07:00:00,18.58,19.1,17.93,19.1,926327
2023-05-23 07:00:00,19.3,19.89,18.71,18.97,1122351
2023-05-24 07:00:00,19.04,19.56,18.45,18.45,701873
2023-05-25 07:00:00,18.45,18.91,18.32,18.45,528885
2023-05-26 07:00:00,18.45,19.43,18.38,18.51,543453
2023-05-29 07:00:00,18.51,19.56,18.51,19.04,757758
2023-05-30 07:00:00,19.36,20.87,19.17,20.87,1506953
2023-05-31 07:00:00,20.94,21.92,20.28,20.74,898405
2023-06-01 07:00:00,20.74,21.26,20.41,20.74,679627
2023-06-02 07:00:00,20.8,20.94,19.63,19.63,991134
2023-06-05 07:00:00,19.63,20.08,18.97,19.36,1046543
2023-06-06 07:00:00,19.36,20.15,19.3,20.08,928592
2023-06-07 07:00:00,20.28,20.28,19.63,19.82,694693
2023-06-08 07:00:00,19.82,20.02,18.65,18.65,1142130
2023-06-09 07:00:00,18.71,19.1,18.38,18.97,818486
2023-06-12 07:00:00,18.97,20.8,18.91,20.61,1222455
2023-06-13 07:00:00,20.61,21.26,20.35,20.41,926759
2023-06-14 07:00:00,20.48,20.54,19.43,19.43,668393
2023-06-15 07:00:00,19.43,20.15,19.23,20.02,524541
2023-06-16 07:00:00,20.08,20.48,19.63,19.63,538639
2023-06-19 07:00:00,19.89,20.41,19.3,20.08,488041
2023-06-20 07:00:00,20.22,21.72,20.08,21.26,1562432
2023-06-21 07:00:00,21.33,21.59,20.87,21.26,552994
2023-06-22 07:00:00,21.26,21.85,21.07,21.13,742550
2023-06-23 07:00:00,21.13,21.33,20.15,20.22,1862559
2023-06-26 07:00:00,20.28,20.94,19.3,19.95,933189
2023-06-27 07:00:00,20.08,20.15,19.69,20.08,389902
2023-06-28 07:00:00,20.15,20.22,19.76,20.15,421719
2023-06-29 07:00:00,20.08,20.48,19.69,19.76,566441
2023-06-30 07:00:00,17.79,19.82,17.79,19.43,428175
2023-07-03 07:00:00,19.43,20.22,19.23,19.43,325924
2023-07-04 07:00:00,19.56,19.89,19.36,19.63,298776
2023-07-05 07:00:00,19.76,19.95,19.04,19.56,474401
2023-07-06 07:00:00,19.56,20.02,19.3,20.02,642446
2023-07-07 07:00:00,20.02,21.98,19.95,21.98,2200849
2023-07-10 07:00:00,22.24,23.88,22.11,23.42,1022913
2023-07-11 07:00:00,23.42,24.53,22.96,23.42,733425
2023-07-12 07:00:00,23.42,24.08,22.96,23.88,704155
2023-07-13 07:00:00,23.88,24.21,23.49,23.68,583690
2023-07-14 07:00:00,23.68,23.88,22.96,23.36,723032
2023-07-17 07:00:00,23.42,23.55,22.24,22.77,1016069
2023-07-18 07:00:00,22.83,23.88,22.57,23.03,475940
2023-07-19 07:00:00,23.09,23.68,22.77,23.22,477391
2023-07-20 07:00:00,23.22,23.22,22.57,22.7,678175
2023-07-21 07:00:00,22.7,23.42,22.64,22.96,449541
2023-07-24 07:00:00,23.22,23.22,22.96,22.96,467255
2023-07-25 07:00:00,23.03,24.6,23.03,24.01,1086696
2023-07-26 07:00:00,23.88,24.14,23.42,23.49,342900
2023-07-27 07:00:00,23.49,23.68,22.7,23.29,817780
2023-07-28 07:00:00,23.29,23.42,22.96,23.09,367672
2023-07-31 07:00:00,22.9,23.09,20.94,21.79,1846506
2023-08-01 07:00:00,21.79,21.79,20.94,20.94,841454
2023-08-02 07:00:00,20.94,21.26,20.94,21.26,534058
2023-08-03 07:00:00,21.39,21.46,20.94,21.2,310169
2023-08-04 07:00:00,21.2,21.2,20.22,20.94,1185467
2023-08-07 07:00:00,20.94,22.64,20.28,20.35,1474671
2023-08-08 07:00:00,20.08,20.74,20.08,20.48,544281
2023-08-09 07:00:00,20.48,21.13,20.22,20.8,531378
2023-08-10 07:00:00,20.94,21.07,20.15,20.22,824316
2023-08-11 07:00:00,20.22,20.28,19.63,20.22,554303
2023-08-14 07:00:00,20.22,21.0,20.02,20.67,512963
2023-08-15 07:00:00,20.94,21.0,19.95,20.02,705402
2023-08-16 07:00:00,20.02,20.74,19.69,20.08,488436
2023-08-17 07:00:00,20.08,20.41,19.5,19.56,698576
2023-08-18 07:00:00,19.56,19.95,17.66,17.66,1086432
2023-08-21 07:00:00,17.66,17.73,16.75,17.01,593185
2023-08-22 07:00:00,17.08,17.34,16.36,17.34,742704
2023-08-23 07:00:00,17.47,17.73,17.21,17.34,250440
2023-08-24 07:00:00,17.4,18.65,16.88,18.65,1002449
2023-08-25 07:00:00,18.65,18.65,18.12,18.38,473516
2023-08-28 07:00:00,18.38,18.45,17.99,18.19,479523
2023-08-29 07:00:00,18.19,18.84,17.66,18.25,778191
2023-08-30 07:00:00,18.32,19.5,18.25,19.5,864775
2023-08-31 07:00:00,19.56,20.08,19.43,19.69,609523
2023-09-05 07:00:00,19.76,19.95,19.1,19.43,713412
2023-09-06 07:00:00,19.43,20.22,19.17,20.22,1045854
2023-09-07 07:00:00,20.28,20.54,19.82,20.15,675805
2023-09-08 07:00:00,20.15,20.94,20.02,20.22,602685
2023-09-11 07:00:00,20.28,20.67,19.17,19.17,1127573
2023-09-12 07:00:00,19.1,19.63,18.78,19.63,510370
2023-09-13 07:00:00,19.63,19.95,19.17,19.36,549475
2023-09-14 07:00:00,19.36,19.36,18.12,18.25,911034
2023-09-15 07:00:00,18.19,18.71,18.06,18.45,429901
2023-09-18 07:00:00,18.51,18.58,17.79,17.93,321435
2023-09-19 07:00:00,17.99,18.38,17.4,18.32,619839
2023-09-20 07:00:00,18.32,19.17,18.19,19.04,481805
2023-09-21 07:00:00,19.1,19.23,18.78,19.04,671766
2023-09-22 07:00:00,19.04,19.04,17.53,17.99,664351
2023-09-25 07:00:00,17.93,18.32,16.22,16.22,659860
2023-09-26 07:00:00,16.09,16.62,15.24,15.37,675405
2023-09-27 07:00:00,15.05,16.22,14.79,16.22,452461
2023-09-28 07:00:00,16.36,16.36,15.77,16.03,273112
2023-09-29 07:00:00,16.29,16.94,16.09,16.16,290235
2023-10-02 07:00:00,16.16,17.73,15.77,17.73,808928
2023-10-03 07:00:00,17.73,19.04,17.34,17.93,1606348
2023-10-04 07:00:00,17.14,18.32,17.14,18.06,425811
2023-10-05 07:00:00,18.06,19.23,18.06,18.65,897086
2023-10-06 07:00:00,18.71,18.71,17.79,18.32,740003
2023-10-09 07:00:00,18.32,18.45,17.86,18.12,561225
2023-10-10 07:00:00,18.12,19.5,18.12,18.58,893834
2023-10-11 07:00:00,18.65,19.36,18.58,19.04,620789
2023-10-12 07:00:00,17.99,19.43,17.14,19.17,771330
2023-10-13 07:00:00,19.3,19.95,18.51,19.95,971519
2023-10-16 07:00:00,19.95,20.94,19.82,19.82,1202744
2023-10-17 07:00:00,19.82,19.95,17.86,17.86,1068203
2023-10-18 07:00:00,17.93,18.19,16.22,16.62,1306047
2023-10-19 07:00:00,16.62,16.68,15.77,15.83,912298
2023-10-20 07:00:00,15.9,16.75,14.85,16.68,1301523
2023-10-23 07:00:00,16.75,17.27,16.49,16.75,715395
2023-10-24 07:00:00,16.75,17.21,16.62,17.14,564442
2023-10-25 07:00:00,17.21,17.4,16.62,16.68,660775
2023-10-26 07:00:00,16.68,16.68,15.05,15.05,1585830
2023-10-27 07:00:00,15.05,16.03,14.98,15.77,800073
2023-10-30 07:00:00,15.92,17.19,15.02,15.02,437435
2023-10-31 07:00:00,15.39,15.39,13.66,13.66,690379
2023-11-01 07:00:00,13.59,14.64,12.76,14.42,586161
2023-11-02 07:00:00,14.49,15.84,14.49,15.84,1058275
2023-11-03 07:00:00,16.89,16.89,15.47,15.69,774875
2023-11-06 07:00:00,15.77,15.99,15.47,15.84,644656
2023-11-07 07:00:00,15.99,16.37,15.32,15.54,637973
2023-11-08 07:00:00,15.54,16.97,15.47,16.97,946790
2023-11-09 07:00:00,17.12,18.39,16.82,17.34,1353193
2023-11-10 07:00:00,17.27,18.17,17.04,17.64,1181585
2023-11-13 07:00:00,17.64,17.94,16.97,17.64,543651
2023-11-14 07:00:00,17.87,18.02,17.34,17.64,528453
2023-11-15 07:00:00,17.94,18.62,17.57,17.64,686615
2023-11-16 07:00:00,17.64,18.02,17.34,18.02,371165
2023-11-17 07:00:00,18.02,19.0,17.72,17.72,1927532
2023-11-20 07:00:00,17.34,18.32,16.74,18.02,901568
2023-11-21 07:00:00,18.17,18.69,17.87,17.94,582118
2023-11-22 07:00:00,17.87,18.24,17.72,17.94,719651
2023-11-23 07:00:00,18.09,18.77,17.27,17.27,1591631
2023-11-24 07:00:00,17.12,17.94,16.52,17.42,894056
2023-11-27 07:00:00,17.49,17.72,16.74,16.74,566484
2023-11-28 07:00:00,16.59,17.04,16.14,16.97,752565
2023-11-29 07:00:00,17.19,17.49,16.89,17.04,558565
2023-11-30 07:00:00,17.42,17.64,17.04,17.04,565448
2023-12-01 07:00:00,17.12,17.42,17.04,17.27,409528
2023-12-04 07:00:00,17.49,18.17,17.42,18.02,1475007
2023-12-05 07:00:00,18.17,19.22,18.09,18.92,2101433
2023-12-06 07:00:00,18.92,19.37,18.92,19.22,1095165
2023-12-07 07:00:00,19.22,19.37,18.17,18.62,1911448
2023-12-08 07:00:00,18.77,19.9,18.47,19.67,1431028
2023-12-11 07:00:00,19.75,20.2,19.45,19.75,1119024
2023-12-12 07:00:00,19.75,19.75,19.15,19.37,1011962
2023-12-13 07:00:00,19.37,19.52,18.32,18.47,1871687
2023-12-14 07:00:00,18.47,18.92,18.24,18.47,1159213
2023-12-15 07:00:00,18.47,18.84,18.17,18.47,765670
2023-12-18 07:00:00,18.54,18.62,17.94,18.02,652913
2023-12-19 07:00:00,17.94,18.32,17.49,18.32,825141
2023-12-20 07:00:00,18.39,18.39,18.02,18.32,405097
2023-12-21 07:00:00,18.24,18.92,18.02,18.92,1496378
2023-12-22 07:00:00,18.92,19.75,18.69,19.0,1308360
2023-12-25 07:00:00,19.22,19.6,19.0,19.07,762759
2023-12-26 07:00:00,19.22,19.6,18.92,19.22,1058574
2023-12-27 07:00:00,19.15,19.37,18.47,18.54,2401008
2023-12-28 07:00:00,18.54,18.77,18.32,18.32,1111742
2023-12-29 07:00:00,18.32,18.62,18.24,18.47,777144
2024-01-02 07:00:00,18.54,18.77,18.32,18.39,742120
2024-01-03 07:00:00,18.54,19.22,18.32,19.22,1477471
2024-01-04 07:00:00,19.45,19.45,19.0,19.07,1287608
2024-01-05 07:00:00,19.15,19.9,19.07,19.37,1980863
2024-01-08 07:00:00,19.45,19.67,19.3,19.3,1126971
2024-01-09 07:00:00,19.3,19.45,18.92,19.07,887301
2024-01-10 07:00:00,19.07,19.3,18.84,18.84,705557
2024-01-11 07:00:00,18.77,19.07,18.77,19.0,650067
2024-01-12 07:00:00,19.0,19.0,18.24,18.32,1516163
2024-01-15 07:00:00,18.32,18.54,18.02,18.02,659414
2024-01-16 07:00:00,18.02,18.47,17.79,18.47,513901
2024-01-17 07:00:00,18.54,18.69,18.39,18.54,474319
2024-01-18 07:00:00,18.47,18.69,18.39,18.54,368537
2024-01-19 07:00:00,18.69,19.07,18.47,18.54,622460
2024-01-22 07:00:00,18.62,18.84,18.17,18.47,458323
2024-01-23 07:00:00,18.54,18.54,18.17,18.24,360958
2024-01-24 07:00:00,18.24,18.47,18.17,18.39,305377
2024-01-25 07:00:00,18.39,18.54,18.32,18.47,353907
2024-01-26 07:00:00,18.54,18.69,18.39,18.69,436713
2024-01-29 07:00:00,18.69,19.75,18.69,19.45,2901632
2024-01-30 07:00:00,19.45,20.95,19.37,20.87,2390962
2024-01-31 07:00:00,20.87,21.02,19.97,20.12,1810515
2024-02-01 07:00:00,20.05,21.55,19.97,21.47,2113244
2024-02-02 07:00:00,21.55,22.15,20.95,21.1,1013135
2024-02-05 07:00:00,21.1,21.4,20.65,20.87,1204731
2024-02-06 07:00:00,21.02,21.32,20.65,21.02,849856
2024-02-07 07:00:00,21.17,21.55,21.02,21.02,584245
2024-02-15 07:00:00,21.1,21.92,21.02,21.4,1697631
2024-02-16 07:00:00,21.47,22.07,21.17,21.25,1030462
2024-02-19 07:00:00,21.4,21.62,20.65,21.32,1665423
2024-02-20 07:00:00,21.32,21.77,21.25,21.62,897802
2024-02-21 07:00:00,21.62,22.37,21.47,22.07,1709721
2024-02-22 07:00:00,22.07,22.22,21.62,21.62,848923
2024-02-23 07:00:00,21.62,21.77,20.57,20.72,2030708
2024-02-26 07:00:00,20.72,21.17,20.5,21.1,879698
2024-02-27 07:00:00,21.25,21.77,20.95,21.47,1457933
2024-02-28 07:00:00,21.62,21.77,21.17,21.47,869122
2024-02-29 07:00:00,21.47,21.62,20.87,21.1,1333203
2024-03-01 07:00:00,21.1,22.3,21.02,22.0,1531025
2024-03-04 07:00:00,21.92,22.75,21.85,22.07,1364630
2024-03-05 07:00:00,22.07,22.22,21.62,21.7,927739
2024-03-06 07:00:00,21.77,21.77,21.1,21.25,1351105
2024-03-07 07:00:00,21.17,21.47,21.17,21.4,757372
2024-03-08 07:00:00,21.47,22.07,21.1,21.55,1817496
2024-03-11 07:00:00,21.55,22.07,21.25,21.32,1140225
2024-03-12 07:00:00,21.32,22.37,21.17,21.92,2402594
2024-03-13 07:00:00,22.07,23.57,22.07,23.42,2293689
2024-03-14 07:00:00,23.42,23.8,22.9,23.42,1429216
2024-03-15 07:00:00,23.42,23.42,22.67,23.27,1064526
2024-03-18 07:00:00,23.27,23.42,21.1,21.77,2785462
2024-03-19 07:00:00,21.85,22.0,21.32,21.77,855921
2024-03-20 07:00:00,21.77,22.07,21.4,21.92,657209
2024-03-21 07:00:00,22.07,22.3,21.92,22.07,1012747
2024-03-22 07:00:00,22.07,22.52,21.92,22.0,1250736
2024-03-25 07:00:00,22.22,22.22,21.55,21.62,1157102
2024-03-26 07:00:00,21.62,22.22,21.32,22.15,888317
2024-03-27 07:00:00,22.3,22.3,21.85,22.15,415039
2024-03-28 07:00:00,22.3,22.82,22.07,22.67,1013004
2024-03-29 07:00:00,22.75,22.9,22.37,22.37,579567
2024-04-01 07:00:00,22.37,23.05,22.15,22.37,1078146
2024-04-02 07:00:00,22.22,22.82,21.77,22.22,722402
2024-04-03 07:00:00,22.22,22.75,21.92,22.07,995583
2024-04-04 07:00:00,22.3,22.3,21.62,21.7,844631
2024-04-05 07:00:00,21.55,22.07,21.1,21.17,1420581
2024-04-08 07:00:00,21.32,21.7,20.72,20.72,1028921
2024-04-09 07:00:00,20.72,21.17,20.65,21.17,619901
2024-04-10 07:00:00,21.32,21.55,20.95,21.02,526526
2024-04-11 07:00:00,20.87,21.1,20.72,20.87,363385
2024-04-12 07:00:00,21.02,21.47,20.8,21.32,536067
2024-04-15 07:00:00,20.65,21.32,19.22,19.22,955586
2024-04-16 07:00:00,19.22,19.3,18.39,18.77,951874
2024-04-17 07:00:00,19.0,19.67,18.84,18.92,807248
2024-04-19 07:00:00,19.15,19.15,17.49,17.87,966659
2024-04-22 07:00:00,17.87,18.54,17.87,18.47,392467
2024-04-23 07:00:00,18.54,19.0,18.17,18.47,803308
2024-04-24 07:00:00,18.69,19.3,18.62,19.15,466267
2024-04-25 07:00:00,19.15,19.75,18.92,19.37,592432
2024-04-26 07:00:00,19.22,19.9,19.15,19.22,524777
2024-05-02 07:00:00,19.22,19.3,18.92,19.15,349083
2024-05-03 07:00:00,20.95,20.95,19.15,19.15,339139
2024-05-06 07:00:00,19.52,19.67,19.22,19.52,481788
2024-05-07 07:00:00,19.6,19.9,19.45,19.75,426215
2024-05-08 07:00:00,19.75,19.9,19.37,19.6,422673
2024-05-09 07:00:00,19.6,20.27,19.6,19.6,522631
2024-05-10 07:00:00,19.75,20.2,19.37,19.75,362063
2024-05-13 07:00:00,19.75,19.82,19.37,19.6,387648
2024-05-14 07:00:00,19.6,20.05,19.45,19.75,523894
2024-05-15 07:00:00,19.97,19.97,19.6,19.82,372636
2024-05-16 07:00:00,20.05,20.57,20.05,20.5,1006053
2024-05-17 07:00:00,20.57,21.32,20.5,21.25,961454
2024-05-20 07:00:00,21.25,21.55,21.02,21.02,692429
2024-05-21 07:00:00,21.02,23.12,20.8,23.12,2771587
2024-05-22 07:00:00,25.38,25.38,23.27,25.38,3466082
2024-05-23 07:00:00,25.38,27.7,24.48,26.05,1681718
2024-05-24 07:00:00,25.98,26.05,23.5,23.73,2489246
2024-05-27 07:00:00,23.73,25.53,23.57,24.93,1639470
2024-05-28 07:00:00,24.93,26.5,24.7,25.68,1510164
2024-05-29 07:00:00,25.83,26.28,24.63,25.0,1582034
2024-05-30 07:00:00,24.78,25.08,23.8,24.63,1592592
2024-05-31 07:00:00,24.63,24.7,23.88,24.33,1091711
2024-06-03 07:00:00,24.4,25.75,24.4,25.3,1053184
2024-06-04 07:00:00,25.3,25.9,25.0,25.15,1346857
2024-06-05 07:00:00,25.23,26.8,25.23,25.83,2141706
2024-06-06 07:00:00,26.2,26.2,25.15,25.38,864692
2024-06-07 07:00:00,25.6,26.65,24.63,25.3,1322086
2024-06-10 07:00:00,25.38,25.9,25.15,25.45,717018
2024-06-11 07:00:00,25.6,26.73,25.3,26.65,2177535
2024-06-12 07:00:00,26.73,27.55,26.2,26.35,1275904
2024-06-13 07:00:00,26.43,26.65,25.38,25.38,2074508
2024-06-14 07:00:00,27.53,27.79,24.6,24.6,1356426
2024-06-17 07:00:00,24.17,24.95,23.91,23.91,1049483
2024-06-18 07:00:00,23.91,24.51,23.39,24.17,614885
2024-06-19 07:00:00,24.25,24.95,24.0,24.86,707033
2024-06-20 07:00:00,24.95,25.12,24.25,24.6,557109
2024-06-21 07:00:00,24.6,25.72,24.6,25.12,861712
2024-06-24 07:00:00,25.12,25.2,23.31,23.82,1263822
2024-06-25 07:00:00,24.08,24.34,23.82,24.34,409245
2024-06-26 07:00:00,24.34,25.03,23.91,25.03,582701
2024-06-27 07:00:00,25.03,26.15,24.95,25.38,2429306
2024-06-28 07:00:00,25.38,25.89,24.17,24.43,912529
2024-07-01 07:00:00,24.43,24.6,23.74,24.43,567314
2024-07-02 07:00:00,24.43,25.29,24.17,25.12,737846
2024-07-03 07:00:00,25.12,25.12,24.43,24.86,691779
2024-07-04 07:00:00,24.86,25.81,24.86,25.46,733378
2024-07-05 07:00:00,25.46,26.15,24.69,25.46,947403
2024-07-08 07:00:00,25.46,26.76,25.46,26.76,2083109
2024-07-09 07:00:00,27.02,29.43,27.02,29.43,2031068
2024-07-10 07:00:00,30.21,31.16,29.09,29.09,1989436
2024-07-11 07:00:00,29.09,29.43,28.23,28.31,1523345
2024-07-12 07:00:00,28.57,28.83,27.97,28.83,1035543
2024-07-15 07:00:00,28.83,30.04,28.48,29.09,856855
2024-07-16 07:00:00,29.09,29.52,28.31,28.4,1018775
2024-07-17 07:00:00,28.4,28.57,25.64,25.81,2898994
2024-07-18 07:00:00,25.81,27.19,25.64,27.19,1124266
2024-07-19 07:00:00,27.19,27.28,25.98,26.41,771873
2024-07-22 07:00:00,26.59,26.76,25.29,25.64,1471137
2024-07-23 07:00:00,25.98,25.98,24.34,24.43,1434663
2024-07-24 07:00:00,24.17,25.64,23.74,25.55,1067419
2024-07-25 07:00:00,25.03,25.55,24.77,25.29,445061
2024-07-26 07:00:00,25.12,26.07,25.03,25.89,633168
2024-07-29 07:00:00,25.89,25.89,24.34,24.86,2549097
2024-07-30 07:00:00,24.86,25.03,24.08,24.6,1261010
2024-07-31 07:00:00,24.6,24.77,23.74,23.82,924145
2024-08-01 07:00:00,23.91,24.0,22.01,22.1,2014791
2024-08-02 07:00:00,22.01,22.96,20.8,22.79,710363
2024-08-05 07:00:00,22.79,22.79,20.8,20.8,1055148
2024-08-06 07:00:00,20.8,21.49,20.8,21.41,892344
2024-08-07 07:00:00,21.41,21.84,20.72,21.41,987821
2024-08-08 07:00:00,21.41,21.92,20.89,21.32,878734
2024-08-09 07:00:00,21.58,21.84,20.89,21.58,827222
2024-08-12 07:00:00,21.58,22.27,21.32,22.18,1066970
2024-08-13 07:00:00,22.44,22.87,21.58,21.75,759412
2024-08-14 07:00:00,21.75,22.18,21.32,21.67,658926
2024-08-15 07:00:00,21.58,21.58,20.89,20.89,1032745
2024-08-16 07:00:00,20.89,22.79,20.89,22.79,1707166
2024-08-19 07:00:00,22.1,23.13,22.1,22.79,1036444
2024-08-20 07:00:00,22.61,23.65,22.44,23.56,1288047
2024-08-21 07:00:00,23.48,23.65,23.13,23.31,903823
2024-08-22 07:00:00,23.39,23.65,22.87,23.05,714694
2024-08-23 07:00:00,23.05,23.31,22.7,23.31,727451
2024-08-26 07:00:00,23.31,23.74,22.79,23.05,644862
2024-08-27 07:00:00,22.87,23.05,22.61,22.79,561489
2024-08-28 07:00:00,22.87,22.96,22.1,22.44,1001833
2024-08-29 07:00:00,22.44,22.44,22.01,22.01,396136
2024-08-30 07:00:00,22.18,22.27,22.01,22.27,275243
2024-09-04 07:00:00,22.27,22.27,21.67,22.18,655109
2024-09-05 07:00:00,22.18,22.44,21.75,21.92,412375
2024-09-06 07:00:00,21.67,22.01,21.67,21.92,252533
2024-09-09 07:00:00,21.58,21.92,21.58,21.58,352477
2024-09-10 07:00:00,19.42,21.84,19.42,21.15,597578
2024-09-11 07:00:00,21.15,21.15,20.28,20.72,788098
2024-09-12 07:00:00,20.72,21.23,20.72,20.8,335401
2024-09-13 07:00:00,20.63,21.15,20.63,21.06,249507
2024-09-16 07:00:00,21.23,21.32,20.72,20.72,225275
2024-09-17 07:00:00,20.72,21.15,20.54,21.15,369802
2024-09-18 07:00:00,21.15,21.49,21.06,21.15,385414
2024-09-19 07:00:00,21.32,22.27,21.23,22.1,743734
2024-09-20 07:00:00,22.1,22.87,21.75,22.01,642246
2024-09-23 07:00:00,22.01,22.01,21.49,21.49,326596
2024-09-24 07:00:00,21.58,22.27,21.41,22.18,684367
2024-09-25 07:00:00,22.36,22.7,22.18,22.18,607076
2024-09-26 07:00:00,22.18,22.36,21.84,22.01,562336
2024-09-27 07:00:00,22.01,22.36,21.84,21.92,434383
2024-09-30 07:00:00,21.92,22.01,21.75,21.84,314035
2024-10-01 07:00:00,22.01,22.44,21.75,22.18,690807
2024-10-02 07:00:00,22.36,22.36,21.84,21.92,271434
2024-10-03 07:00:00,22.1,22.1,21.15,21.32,699461
2024-10-04 07:00:00,21.32,21.32,21.06,21.06,348502
2024-10-07 07:00:00,21.23,21.32,20.97,21.06,204920
2024-10-08 07:00:00,21.15,21.49,21.06,21.23,264652
2024-10-09 07:00:00,21.41,21.84,21.41,21.84,443942
2024-10-10 07:00:00,21.84,22.01,21.67,21.75,227670
2024-10-11 07:00:00,21.75,21.84,21.58,21.75,156566
2024-10-14 07:00:00,19.85,22.44,19.59,21.92,652959
2024-10-15 07:00:00,22.01,22.18,21.32,21.41,345949
2024-10-16 07:00:00,21.58,21.58,21.15,21.15,223978
2024-10-17 07:00:00,21.32,22.1,21.06,21.92,673577
2024-10-18 07:00:00,22.01,22.44,21.84,21.84,754915
2024-10-21 07:00:00,21.84,22.18,21.67,21.84,426853
2024-10-22 07:00:00,21.84,21.92,21.41,21.41,627574
2024-10-23 07:00:00,21.49,21.92,21.23,21.49,392866
2024-10-24 07:00:00,21.67,21.67,21.23,21.23,238970
2024-10-25 07:00:00,21.41,21.41,21.15,21.23,266604
2024-10-28 07:00:00,21.41,21.49,21.23,21.32,262434
2024-10-29 07:00:00,21.41,21.92,21.06,21.75,599642
2024-10-30 07:00:00,21.92,22.36,21.92,22.18,1092766
2024-10-31 07:00:00,22.18,22.44,21.92,22.1,254088
2024-11-01 07:00:00,22.01,22.18,21.41,21.49,668342
2024-11-04 07:00:00,21.49,21.67,21.15,21.58,487838
2024-11-05 07:00:00,21.41,21.75,21.23,21.49,365205
2024-11-06 07:00:00,21.67,23.39,21.67,23.39,3057641
2024-11-07 07:00:00,23.65,23.65,22.87,22.87,873211
2024-11-08 07:00:00,23.05,23.56,22.87,23.48,1861095
2024-11-11 07:00:00,21.41,24.17,21.41,23.56,1429162
2024-11-12 07:00:00,23.74,24.34,23.31,23.31,1700526
2024-11-13 07:00:00,23.31,23.74,22.87,23.74,1503655
2024-11-14 07:00:00,23.65,24.34,23.31,23.31,1575563
2024-11-15 07:00:00,23.31,23.91,22.87,23.13,2076290
2024-11-18 07:00:00,23.05,23.13,21.84,21.92,2043363
2024-11-19 07:00:00,22.01,22.36,21.41,21.41,1054781
2024-11-20 07:00:00,21.41,22.36,21.23,21.92,1042211
2024-11-21 07:00:00,21.92,22.18,21.84,22.1,346911
2024-11-22 07:00:00,22.1,22.27,21.84,22.1,567529
2024-11-25 07:00:00,22.18,22.44,21.92,22.27,522817
2024-11-26 07:00:00,22.36,22.96,22.27,22.61,971906
2024-11-27 07:00:00,22.79,22.79,22.27,22.79,572438
2024-11-28 07:00:00,22.96,23.13,22.53,22.87,734379
2024-11-29 07:00:00,22.79,23.56,22.61,23.05,1261417
2024-12-02 07:00:00,23.05,23.48,23.05,23.05,670034
2024-12-03 07:00:00,22.87,23.48,22.79,22.96,908420
2024-12-04 07:00:00,22.96,23.13,22.53,22.53,1176441
2024-12-05 07:00:00,22.53,23.91,22.18,23.82,1732293
2024-12-06 07:00:00,23.82,24.51,23.65,23.74,2202394
2024-12-09 07:00:00,23.82,24.0,23.48,23.56,797203
2024-12-10 07:00:00,21.49,23.91,21.49,23.48,841163
2024-12-11 07:00:00,23.48,23.48,23.13,23.22,657200
2024-12-12 07:00:00,23.13,23.65,22.96,22.96,743936
2024-12-13 07:00:00,23.13,23.13,22.79,22.87,448035
2024-12-16 07:00:00,23.05,23.39,22.96,23.31,554556
2024-12-17 07:00:00,23.39,23.65,23.31,23.39,735533
2024-12-18 07:00:00,23.39,23.56,23.13,23.31,506606
2024-12-19 07:00:00,23.22,23.22,22.53,22.7,1355588
2024-12-20 07:00:00,22.7,22.87,22.53,22.79,596265
2024-12-23 07:00:00,22.96,23.74,22.96,23.48,1082403
2024-12-24 07:00:00,23.56,24.51,23.56,24.17,3211949
2024-12-25 07:00:00,24.25,24.6,23.91,23.91,920104
2024-12-26 07:00:00,23.91,24.17,23.65,23.65,958566
2024-12-27 07:00:00,23.56,23.74,23.13,23.22,1346281
2024-12-30 07:00:00,23.22,23.48,23.13,23.31,374831
2024-12-31 07:00:00,23.31,23.48,23.22,23.31,338840
2025-01-02 07:00:00,23.31,23.48,23.05,23.22,420855
2025-01-03 07:00:00,23.31,23.65,23.22,23.39,886196
2025-01-06 07:00:00,23.39,23.48,21.58,22.36,1290311
2025-01-07 07:00:00,22.27,22.87,22.01,22.1,1121118
2025-01-08 07:00:00,22.1,22.36,21.92,22.36,584572
2025-01-09 07:00:00,22.36,22.61,22.1,22.18,500608
2025-01-10 07:00:00,22.18,22.27,20.89,20.89,1388397
2025-01-13 07:00:00,20.89,20.97,20.28,20.8,804694
2025-01-14 07:00:00,20.97,21.32,20.72,20.89,688443
2025-01-15 07:00:00,20.97,21.41,20.89,21.32,345340
2025-01-16 07:00:00,21.41,21.58,21.06,21.06,432801
2025-01-17 07:00:00,21.23,21.75,21.06,21.58,646280
2025-01-20 07:00:00,21.58,21.67,21.32,21.41,208183
2025-01-21 07:00:00,19.85,22.01,19.33,20.97,734813
2025-01-22 07:00:00,21.15,21.23,20.8,20.89,324396
2025-01-23 07:00:00,21.15,21.15,20.89,21.06,360746
2025-01-24 07:00:00,18.99,21.32,18.99,20.97,272268
2025-02-03 07:00:00,20.8,20.8,20.37,20.54,791258
2025-02-04 07:00:00,20.72,20.72,20.28,20.28,1272196
2025-02-05 07:00:00,20.28,20.89,20.28,20.54,845477
2025-02-06 07:00:00,20.72,20.72,20.37,20.37,508014
2025-02-07 07:00:00,20.54,20.54,19.59,19.59,1740432
2025-02-10 07:00:00,19.59,19.59,19.16,19.16,854437
2025-02-11 07:00:00,19.33,19.59,19.16,19.42,503988
2025-02-12 07:00:00,19.42,19.77,19.42,19.51,407805
2025-02-13 07:00:00,19.51,19.85,19.51,19.51,330604
2025-02-14 07:00:00,19.77,20.2,19.51,19.94,812902
2025-02-17 07:00:00,18.3,20.03,18.3,19.51,609235
2025-02-18 07:00:00,19.59,20.03,19.59,19.68,398660
2025-02-19 07:00:00,19.85,20.28,19.68,20.2,1030472
2025-02-20 07:00:00,20.2,20.46,19.94,19.94,665168
2025-02-21 07:00:00,20.11,20.11,19.77,19.77,473838
2025-02-24 07:00:00,19.59,19.85,19.59,19.77,411640
2025-02-25 07:00:00,19.68,20.37,19.68,20.03,871346
2025-02-26 07:00:00,20.2,20.72,20.03,20.54,1064046
2025-02-27 07:00:00,20.54,20.72,20.2,20.37,826455
2025-02-28 07:00:00,20.54,20.63,20.28,20.46,636651
2025-03-03 07:00:00,20.37,20.63,20.28,20.46,641070
2025-03-04 07:00:00,20.28,20.97,19.85,20.63,836899
2025-03-05 07:00:00,20.72,20.8,20.03,20.03,919121
2025-03-06 07:00:00,20.2,20.28,19.94,20.28,459957
2025-03-07 07:00:00,20.28,20.54,20.2,20.37,629788
2025-03-10 07:00:00,20.46,20.72,20.28,20.37,518193
2025-03-11 07:00:00,20.2,20.28,20.03,20.28,545553
2025-03-12 07:00:00,20.46,20.46,20.03,20.2,483610
2025-03-13 07:00:00,20.03,20.2,19.51,19.77,925386
2025-03-14 07:00:00,19.77,19.94,19.59,19.59,375549
2025-03-17 07:00:00,19.77,19.85,19.59,19.85,285220
2025-03-18 07:00:00,20.03,20.03,19.77,19.77,236723
2025-03-19 07:00:00,19.77,19.94,19.59,19.68,225659
2025-03-20 07:00:00,19.68,19.85,19.51,19.68,182200
2025-03-21 07:00:00,19.51,19.77,18.04,19.68,185295
2025-03-24 07:00:00,19.68,19.77,19.42,19.59,151890
2025-03-25 07:00:00,19.59,20.11,19.51,20.03,384519
2025-03-26 07:00:00,20.11,20.11,19.68,19.77,281164
2025-03-27 07:00:00,19.77,19.85,19.59,19.59,242848
2025-03-28 07:00:00,19.68,19.68,19.33,19.33,376211
2025-03-31 07:00:00,19.33,19.33,18.99,18.99,362521
2025-04-01 07:00:00,18.99,18.99,17.35,18.13,1896526
2025-04-02 07:00:00,18.13,18.3,17.69,17.78,336608
2025-04-03 07:00:00,17.26,17.69,16.05,16.05,974350
2025-04-04 07:00:00,14.5,15.54,14.5,14.5,1274066
2025-04-08 07:00:00,13.12,13.98,13.12,13.12,765002
2025-04-09 07:00:00,11.83,12.34,11.83,11.83,1168262
2025-04-10 07:00:00,12.95,12.95,12.26,12.95,166826
2025-04-11 07:00:00,11.65,14.24,11.65,13.21,1133626
2025-04-14 07:00:00,13.98,14.24,13.64,14.16,894826
2025-04-15 07:00:00,14.16,14.24,13.38,13.64,526391
2025-04-16 07:00:00,13.64,13.81,13.38,13.38,516093
2025-04-17 07:00:00,13.38,13.55,12.69,13.55,240461
2025-04-18 07:00:00,13.55,14.59,13.55,14.33,780000
2025-04-21 07:00:00,14.24,14.76,14.07,14.16,274817
2025-04-22 07:00:00,14.16,14.16,12.77,13.38,655006
2025-04-23 07:00:00,13.47,13.9,13.29,13.9,231538
2025-04-24 07:00:00,13.9,14.76,13.9,14.24,357156
2025-04-25 07:00:00,14.24,14.5,13.9,13.98,218458
2025-04-28 07:00:00,14.07,14.5,13.72,13.9,282988
2025-04-29 07:00:00,13.9,14.16,13.81,14.07,231386
2025-05-05 07:00:00,14.41,15.11,14.24,14.59,386200
2025-05-06 07:00:00,14.85,15.11,14.59,14.85,395500
2025-05-07 07:00:00,14.67,14.85,14.5,14.67,191700
2025-05-08 07:00:00,14.76,15.88,14.76,15.71,992100
2025-05-09 07:00:00,15.8,16.05,15.19,15.62,330400
2025-05-12 07:00:00,15.8,15.8,15.28,15.71,463200
2025-05-13 07:00:00,15.8,16.31,15.8,15.97,742800
2025-05-14 07:00:00,16.05,16.57,15.8,15.8,411900
2025-05-15 07:00:00,15.88,16.23,15.54,15.71,365000
2025-05-16 07:00:00,15.8,16.05,15.71,15.88,452500
2025-05-19 07:00:00,15.88,16.49,15.45,16.05,559400
2025-05-20 07:00:00,16.05,16.31,15.97,16.23,261200
2025-05-21 07:00:00,16.23,16.4,15.88,15.97,428500
2025-05-22 07:00:00,15.88,16.23,15.8,15.8,378000
2025-05-23 07:00:00,15.8,16.05,15.62,15.8,180400
2025-05-26 07:00:00,15.97,16.57,15.54,16.57,766300
2025-05-27 07:00:00,16.57,16.66,16.49,16.49,418400
2025-05-28 07:00:00,16.57,16.75,16.23,16.4,549300
2025-05-29 07:00:00,16.57,16.57,16.14,16.4,697800
2025-05-30 07:00:00,17.1,17.1,16.5,16.7,343100
2025-06-02 07:00:00,16.7,17.3,16.5,17.0,465700
2025-06-03 07:00:00,17.0,17.5,16.9,17.4,543600
2025-06-04 07:00:00,17.6,18.0,17.1,17.7,538700
2025-06-05 07:00:00,17.7,18.4,17.6,17.9,683900
2025-06-06 07:00:00,18.1,18.2,16.2,17.0,968900
2025-06-09 07:00:00,17.0,17.0,16.6,16.6,182100
2025-06-10 07:00:00,16.5,17.1,16.5,16.6,162400
2025-06-11 07:00:00,16.6,16.9,16.3,16.6,273700
2025-06-12 07:00:00,16.6,16.8,15.8,16.8,275700
2025-06-13 07:00:00,16.5,16.8,15.9,16.3,564200
2025-06-16 07:00:00,16.4,17.2,16.4,16.6,279200
2025-06-17 07:00:00,17.4,17.4,16.2,16.7,328200
2025-06-18 07:00:00,16.9,16.9,16.4,16.6,181600
2025-06-19 07:00:00,16.6,16.7,16.4,16.5,268700
2025-06-20 07:00:00,16.6,16.6,16.2,16.4,208300
2025-06-23 07:00:00,16.3,16.9,16.1,16.7,456900
2025-06-24 07:00:00,16.6,16.9,16.5,16.6,296300
2025-06-25 07:00:00,16.8,17.0,16.5,16.7,513400
2025-06-26 07:00:00,16.8,17.3,16.7,17.3,861800
2025-06-27 07:00:00,17.4,17.4,16.9,17.1,401000
2025-06-30 07:00:00,17.1,17.7,16.9,17.1,351500
2025-07-01 07:00:00,17.0,17.2,16.7,16.8,409100
2025-07-02 07:00:00,16.7,17.7,16.7,17.2,947200
2025-07-03 07:00:00,17.0,17.3,16.8,16.9,534600
2025-07-04 07:00:00,16.9,17.1,16.7,16.9,416500
2025-07-07 07:00:00,16.9,17.4,16.8,17.3,419000
2025-07-08 07:00:00,17.4,18.1,17.3,17.7,801200
2025-07-09 07:00:00,17.7,18.2,17.6,17.6,548300
2025-07-10 07:00:00,17.6,18.0,17.2,17.6,390200
2025-07-11 07:00:00,17.6,17.9,17.2,17.4,655900
2025-07-14 07:00:00,17.5,17.8,17.0,17.7,793500
2025-07-15 07:00:00,17.7,18.1,17.7,17.7,678100
2025-07-16 07:00:00,17.7,18.5,17.6,18.5,1472300
2025-07-17 07:00:00,18.5,19.2,18.2,19.0,1416200
2025-07-18 07:00:00,19.1,19.2,18.6,18.8,898100
2025-07-21 07:00:00,18.8,18.9,18.2,18.2,771700
2025-07-22 07:00:00,18.2,18.7,18.0,18.7,662900
2025-07-23 07:00:00,18.9,19.1,18.5,18.7,866000
2025-07-24 07:00:00,18.7,19.1,18.5,18.9,828700
2025-07-25 07:00:00,19.0,19.0,18.6,18.8,585900
2025-07-28 07:00:00,18.9,19.3,18.7,19.3,1499900
2025-07-29 07:00:00,19.3,19.8,17.4,17.4,2058900
2025-07-30 07:00:00,17.4,19.1,17.1,19.1,1411900
2025-07-31 07:00:00,20.1,21.0,19.9,20.2,2466200
2025-08-01 07:00:00,20.2,20.5,19.5,19.6,1076400
2025-08-04 07:00:00,19.8,20.5,19.6,20.5,1453100
2025-08-05 07:00:00,20.8,21.4,19.4,20.1,2845700
2025-08-06 07:00:00,20.1,20.6,20.1,20.4,679300
2025-08-07 07:00:00,20.8,21.5,20.5,20.8,1458900
2025-08-08 07:00:00,20.8,22.3,20.8,22.2,2500900
2025-08-11 07:00:00,22.3,23.5,22.3,23.0,1651900
2025-08-12 07:00:00,23.0,23.2,22.0,23.1,1755700
2025-08-13 07:00:00,23.1,23.5,22.3,22.7,1517100
2025-08-14 07:00:00,23.0,23.3,22.3,22.7,1395300
2025-08-15 07:00:00,22.9,23.0,21.9,22.3,1516200
2025-08-18 07:00:00,22.3,23.1,22.0,22.7,924800
2025-08-19 07:00:00,22.7,23.7,22.7,23.2,1842600
2025-08-20 07:00:00,23.4,23.4,21.5,21.7,1646300
2025-08-21 07:00:00,21.8,22.5,21.2,22.0,1463000
2025-08-22 07:00:00,22.0,22.0,19.9,20.2,1613200
2025-08-25 07:00:00,20.2,20.8,20.0,20.5,982300
2025-08-26 07:00:00,20.5,21.2,20.4,21.2,445200
2025-08-27 07:00:00,21.3,21.5,20.7,20.9,606300
2025-08-28 07:00:00,20.4,21.2,20.4,20.6,565800
2025-08-29 07:00:00,20.7,21.1,20.6,20.7,1143200
2025-09-03 07:00:00,20.9,21.4,20.8,21.2,677400
2025-09-04 07:00:00,21.3,21.9,21.2,21.7,1066700
2025-09-05 07:00:00,21.9,22.7,21.9,22.0,2215800
2025-09-08 07:00:00,22.3,22.3,21.0,21.1,916100
2025-09-09 07:00:00,21.1,21.3,20.7,21.1,521100
2025-09-10 07:00:00,21.4,21.5,20.7,20.7,367500
2025-09-11 07:00:00,20.7,20.8,19.8,20.8,945600
2025-09-12 07:00:00,20.9,21.2,20.8,20.9,487800
2025-09-15 07:00:00,20.9,21.9,20.8,21.9,975600
2025-09-16 07:00:00,21.9,22.4,21.4,21.4,614800
2025-09-17 07:00:00,21.4,21.5,21.0,21.0,423000
2025-09-18 07:00:00,21.0,21.2,20.7,20.8,335900
2025-09-19 07:00:00,21.2,21.2,20.7,21.0,241200
2025-09-22 07:00:00,21.1,21.1,20.3,20.6,641400
2025-09-23 07:00:00,20.8,20.8,20.3,20.5,313600
2025-09-24 07:00:00,20.5,20.7,20.3,20.7,336200
2025-09-25 07:00:00,20.8,21.2,20.8,21.2,408300
2025-09-26 07:00:00,21.3,23.0,21.2,22.3,2766900
2025-09-29 07:00:00,22.4,22.7,21.8,21.8,655700
2025-09-30 07:00:00,21.8,22.0,21.1,22.0,1141600
2025-10-01 07:00:00,22.1,22.2,21.7,22.0,430000
2025-10-02 07:00:00,22.0,22.5,21.4,21.5,597600
2025-10-03 07:00:00,21.5,21.7,20.7,21.0,594400
2025-10-06 07:00:00,20.9,21.7,20.9,21.6,790300
2025-10-07 07:00:00,21.6,22.3,21.3,21.3,290200
2025-10-08 07:00:00,21.5,22.0,21.2,21.5,400000
2025-10-09 07:00:00,21.5,22.4,21.4,22.4,1123000
2025-10-10 07:00:00,22.4,22.9,22.0,22.0,826800
2025-10-13 07:00:00,21.6,22.9,21.2,22.9,1541800
2025-10-14 07:00:00,23.0,23.4,21.8,21.9,1463100
2025-10-15 07:00:00,21.9,22.1,21.5,21.5,710600
2025-10-16 07:00:00,21.5,22.1,21.5,22.0,603400
2025-10-17 07:00:00,22.1,22.2,21.3,21.3,631000
2025-10-20 07:00:00,21.2,21.5,19.2,19.2,1508700
2025-10-21 07:00:00,19.2,19.9,18.8,19.5,996600
2025-10-22 07:00:00,19.5,20.0,19.2,20.0,414600
2025-10-23 07:00:00,20.1,20.2,19.5,19.5,236300
2025-10-24 07:00:00,19.5,20.0,19.0,19.5,549000
2025-10-27 07:00:00,19.5,20.2,19.5,19.5,289400
2025-10-28 07:00:00,19.5,20.0,19.3,19.8,388000
2025-10-29 07:00:00,19.8,20.2,19.6,19.9,425100
2025-10-30 07:00:00,19.8,20.4,19.8,20.2,438200
2025-10-31 07:00:00,20.2,20.2,19.8,19.9,288400
2025-11-03 07:00:00,19.9,19.9,19.1,19.2,424400
2025-11-04 07:00:00,19.1,19.5,18.2,19.4,589200
2025-11-05 07:00:00,19.3,19.5,18.9,18.9,200700
2025-11-06 07:00:00,19.0,19.3,18.8,19.0,86100
2025-11-07 07:00:00,18.9,19.1,18.3,18.6,331600
2025-11-10 07:00:00,18.6,18.6,18.1,18.1,233900
2025-11-11 07:00:00,18.3,18.5,17.9,18.2,307500
2025-11-12 07:00:00,18.3,18.6,18.1,18.6,135200
2025-11-13 07:00:00,18.7,18.7,18.1,18.6,397900
2025-11-14 07:00:00,18.4,18.8,18.3,18.5,155800
2025-11-17 07:00:00,18.0,19.1,18.0,18.8,435300
2025-11-18 07:00:00,18.8,18.8,18.3,18.6,262300
2025-11-19 07:00:00,18.7,18.7,18.1,18.4,524100
2025-11-20 07:00:00,18.1,18.5,18.0,18.3,187800
2025-11-21 07:00:00,18.3,18.4,17.9,18.1,340100
2025-11-24 07:00:00,17.9,18.3,17.9,17.9,132000
2025-11-25 07:00:00,17.9,18.2,17.5,17.8,334600
2025-11-26 07:00:00,17.8,18.1,17.6,18.1,112200
2025-11-27 07:00:00,18.1,18.3,17.8,18.0,174600
2025-11-28 07:00:00,17.9,18.0,17.9,17.9,193500
2025-12-01 07:00:00,18.0,18.0,17.6,17.8,112000
2025-12-02 07:00:00,17.8,17.9,17.6,17.8,160100
2025-12-03 07:00:00,18.0,18.0,17.6,17.9,136100
2025-12-04 07:00:00,17.7,18.1,17.6,18.1,205800
2025-12-05 07:00:00,18.1,18.4,17.9,17.9,122700
2025-12-08 07:00:00,18.0,18.0,17.4,17.7,226500
2025-12-09 07:00:00,17.7,17.7,17.2,17.4,365200
2025-12-10 07:00:00,16.0,17.5,16.0,17.3,121300
2025-12-11 07:00:00,17.4,17.4,17.2,17.3,164800
2025-12-12 07:00:00,17.4,17.4,16.9,16.9,272200
2025-12-15 07:00:00,16.9,17.1,16.7,16.8,109000
2025-12-16 07:00:00,17.0,17.2,16.6,17.2,122100
2025-12-17 07:00:00,17.2,17.2,16.7,16.9,195600
2025-12-18 07:00:00,16.9,17.0,16.6,16.8,55800
2025-12-19 07:00:00,16.9,16.9,16.6,16.7,102600
2025-12-22 07:00:00,16.8,17.0,16.6,16.9,119800
2025-12-23 07:00:00,17.0,17.1,16.4,16.9,221000
2025-12-24 07:00:00,16.9,17.0,16.6,16.8,105800
2025-12-25 07:00:00,16.7,16.9,16.6,16.6,124300
2025-12-26 07:00:00,16.5,16.7,16.0,16.2,491100
2025-12-29 07:00:00,16.3,16.4,16.2,16.3,92700
2025-12-30 07:00:00,16.3,16.6,15.9,16.3,282800
2025-12-31 07:00:00,16.2,16.4,16.0,16.1,115300
2026-01-05 07:00:00,16.1,16.4,15.7,15.7,214300
2026-01-06 07:00:00,15.7,16.1,15.0,15.7,344700
2026-01-07 07:00:00,15.9,16.1,15.6,16.0,185700
2026-01-08 07:00:00,16.1,16.2,15.7,15.8,160800
2026-01-09 07:00:00,15.9,16.1,15.7,15.8,259500
2026-01-12 07:00:00,16.1,16.8,15.5,16.8,675800
2026-01-13 07:00:00,16.8,17.4,16.6,17.4,481600
2026-01-14 07:00:00,17.4,17.4,16.8,17.0,254600
2026-01-15 07:00:00,17.0,17.5,17.0,17.2,217500
2026-01-16 07:00:00,17.3,17.4,16.9,16.9,295900
2026-01-19 07:00:00,17.0,18.2,17.0,18.0,636600
2026-01-20 07:00:00,17.9,18.2,17.4,17.7,422400
2026-01-21 07:00:00,17.7,17.8,17.0,17.4,325500
2026-01-22 07:00:00,17.4,18.1,16.8,17.7,538000
2026-01-23 07:00:00,17.7,17.7,17.1,17.1,153400
2026-01-26 07:00:00,17.1,17.4,16.6,16.8,177700
2026-01-27 07:00:00,16.8,16.9,16.6,16.8,46400
2026-01-28 07:00:00,16.8,17.2,16.6,16.8,167600
2026-01-29 07:00:00,16.9,17.0,16.7,16.7,233300
2026-01-30 07:00:00,17.5,18.0,17.0,17.4,833200
2026-02-02 07:00:00,17.5,18.2,17.5,18.0,661200
2026-02-03 07:00:00,18.0,19.3,18.0,19.1,1108600
2026-02-04 07:00:00,19.3,19.3,18.6,18.8,465500
2026-02-05 07:00:00,18.8,19.1,18.2,18.2,461300
2026-02-06 07:00:00,18.2,18.2,17.2,17.2,909500
2026-02-09 07:00:00,17.3,17.6,17.1,17.2,267200
2026-02-10 07:00:00,17.2,17.3,16.9,17.2,304200
2026-02-11 07:00:00,17.2,17.6,17.2,17.6,216700
2026-02-12 07:00:00,17.7,17.7,17.5,17.6,85000
2026-02-13 07:00:00,17.7,17.9,17.6,17.7,160600
2026-02-23 07:00:00,17.7,18.3,17.7,18.2,258500
2026-02-24 07:00:00,18.1,18.2,17.7,17.9,201700
2026-02-25 07:00:00,17.9,18.5,17.9,18.3,370900
2026-02-26 07:00:00,18.4,18.4,17.7,18.0,410100
2026-02-27 07:00:00,18.0,18.1,17.6,17.7,307600
2026-03-02 07:00:00,17.6,17.8,16.9,17.3,754500
2026-03-03 07:00:00,17.5,17.5,17.1,17.2,214400
2026-03-04 07:00:00,17.2,17.3,16.3,16.8,718000
2026-03-05 07:00:00,16.9,17.2,16.9,17.1,410100
2026-03-06 07:00:00,17.0,17.2,17.0,17.0,466100
2026-03-09 07:00:00,16.9,16.9,15.3,15.3,1122500
2026-03-10 07:00:00,15.5,15.9,15.5,15.9,368400
2026-03-11 07:00:00,16.0,16.3,15.9,16.2,83600
2026-03-12 07:00:00,16.3,16.3,15.8,15.9,254200
2026-03-13 07:00:00,16.0,16.0,15.8,15.9,207200
2026-03-16 07:00:00,15.7,16.1,15.7,15.7,197500
2026-03-17 07:00:00,15.8,16.0,15.8,15.8,142700
2026-03-18 07:00:00,15.6,15.9,15.5,15.7,107200
2026-03-19 07:00:00,15.7,15.8,15.5,15.7,193000
2026-03-20 07:00:00,15.7,15.8,15.6,15.6,89400
2026-03-23 07:00:00,15.5,15.5,14.4,14.6,581000
2026-03-24 07:00:00,14.7,15.6,14.7,15.3,183100
2026-03-25 07:00:00,15.4,15.8,15.4,15.8,143100
2026-03-26 07:00:00,15.9,16.0,15.4,15.9,147300
2026-03-27 07:00:00,15.8,16.2,15.7,16.2,129500
2026-03-30 07:00:00,16.0,16.4,15.8,16.4,192600
2026-03-31 07:00:00,16.4,16.5,16.2,16.4,105400
2026-04-01 07:00:00,16.5,16.8,16.4,16.4,199000
2026-04-02 07:00:00,16.3,16.6,16.2,16.4,96400
2026-04-03 07:00:00,16.4,17.3,16.0,17.2,355200
2026-04-06 07:00:00,17.1,17.1,16.6,16.8,245300
2026-04-07 07:00:00,16.8,17.1,16.8,17.0,158800
2026-04-08 07:00:00,17.2,17.9,17.1,17.7,546100
2026-04-09 07:00:00,17.6,17.6,16.9,17.0,388800
2026-04-10 07:00:00,17.0,17.4,16.9,17.0,131800
2026-04-13 07:00:00,17.0,17.3,16.9,17.1,168400
2026-04-14 07:00:00,17.1,17.3,16.7,17.0,205200
2026-04-15 07:00:00,17.1,17.5,16.9,17.0,273200
2026-04-16 07:00:00,17.0,17.1,16.7,17.0,124700
2026-04-17 07:00:00,17.0,17.1,16.9,17.0,82900
2026-04-20 07:00:00,17.1,17.1,16.6,16.8,228000
2026-04-21 07:00:00,16.8,16.9,16.6,16.8,159500
2026-04-22 07:00:00,16.7,17.2,16.6,17.0,218000
2026-04-23 07:00:00,16.9,17.6,16.7,17.3,572500
2026-04-24 07:00:00,17.2,17.6,16.8,17.4,456000
2026-04-28 07:00:00,17.4,17.4,17.1,17.2,108900
2026-04-29 07:00:00,17.0,17.0,16.0,16.2,1056700
2026-05-04 07:00:00,16.2,16.4,16.0,16.1,186700
2026-05-05 07:00:00,16.0,16.1,15.7,15.7,199600
2026-05-06 07:00:00,16.0,16.0,15.0,15.3,518000
2026-05-07 07:00:00,15.4,15.6,15.1,15.3,121800
2026-05-08 07:00:00,15.3,15.3,14.9,14.9,295600
2026-05-11 07:00:00,15.0,15.1,14.6,14.9,281400
2026-05-12 07:00:00,15.7,15.7,14.6,14.6,245000
2026-05-13 07:00:00,14.7,15.0,14.5,15.0,148100
2026-05-14 07:00:00,15.0,15.1,14.8,14.9,116300
2026-05-15 07:00:00,15.0,15.0,14.7,14.9,49800
2026-05-18 07:00:00,14.8,14.9,14.6,14.8,197100
2026-05-19 07:00:00,14.6,14.9,14.6,14.7,123700
2026-05-20 07:00:00,14.7,14.9,14.0,14.9,358900
2026-05-21 07:00:00,14.8,15.0,14.7,14.9,73200
2026-05-22 07:00:00,14.9,14.9,14.7,14.8,30000
2026-05-25 07:00:00,14.8,14.9,14.3,14.6,134100
2026-05-26 07:00:00,14.5,14.7,14.4,14.6,134300
2026-05-27 07:00:00,14.6,14.6,14.4,14.5,357600
