time,open,high,low,close,volume
2018-01-02 07:00:00,31.84,31.84,30.91,31.4,2340
2018-01-03 07:00:00,31.65,31.65,31.35,31.65,430
2018-01-04 07:00:00,31.16,31.8,31.16,31.8,2450
2018-01-05 07:00:00,32.38,33.12,31.4,31.4,340
2018-01-08 07:00:00,32.09,32.09,31.21,31.84,140
2018-01-09 07:00:00,32.04,32.04,31.94,31.94,2520
2018-01-10 07:00:00,31.4,31.89,31.4,31.4,2690
2018-01-11 07:00:00,31.16,31.16,30.42,30.91,8890
2018-01-12 07:00:00,31.16,31.16,30.67,31.16,960
2018-01-15 07:00:00,32.04,32.04,30.47,31.3,2090
2018-01-16 07:00:00,31.4,31.55,30.42,31.4,14970
2018-01-17 07:00:00,31.3,31.4,30.62,31.3,2830
2018-01-18 07:00:00,30.91,30.91,30.67,30.91,510
2018-01-19 07:00:00,30.42,30.67,29.93,30.52,5510
2018-01-22 07:00:00,30.52,30.52,29.93,30.37,4460
2018-01-25 07:00:00,30.81,30.81,29.44,30.37,11900
2018-01-26 07:00:00,29.49,30.32,29.24,29.34,2440
2018-01-29 07:00:00,29.34,30.13,29.0,29.98,4530
2018-01-30 07:00:00,29.29,30.27,29.29,30.27,3090
2018-01-31 07:00:00,30.27,31.84,28.16,31.84,9010
2018-02-01 07:00:00,30.72,31.3,29.64,30.67,3770
2018-02-02 07:00:00,30.67,30.67,30.67,30.67,50
2018-02-05 07:00:00,30.52,30.77,29.54,30.18,1290
2018-02-06 07:00:00,28.51,30.91,28.51,29.88,970
2018-02-07 07:00:00,30.32,30.91,29.88,29.93,1460
2018-02-08 07:00:00,29.88,30.67,27.87,29.83,5790
2018-02-09 07:00:00,27.87,29.2,27.87,29.2,1590
2018-02-12 07:00:00,28.07,30.86,28.07,30.86,3400
2018-02-13 07:00:00,29.44,30.86,29.44,30.86,1640
2018-02-21 07:00:00,30.42,30.42,30.42,30.42,430
2018-02-22 07:00:00,30.32,30.67,30.32,30.57,19360
2018-02-23 07:00:00,30.67,31.84,30.67,30.81,450
2018-02-26 07:00:00,30.81,30.81,30.42,30.42,520
2018-02-27 07:00:00,29.98,32.34,29.98,32.34,2850
2018-02-28 07:00:00,31.01,31.7,31.01,31.55,2070
2018-03-01 07:00:00,31.35,31.4,29.93,29.93,1150
2018-03-02 07:00:00,31.35,31.35,31.3,31.3,210
2018-03-05 07:00:00,31.35,31.35,30.57,30.91,160
2018-03-06 07:00:00,30.91,30.91,30.91,30.91,30
2018-03-07 07:00:00,29.93,29.93,29.73,29.73,3830
2018-03-08 07:00:00,29.73,29.73,29.73,29.73,20
2018-03-09 07:00:00,29.93,30.91,29.93,30.86,170
2018-03-12 07:00:00,29.93,30.86,29.93,30.42,330
2018-03-13 07:00:00,30.86,30.86,30.72,30.72,80
2018-03-14 07:00:00,29.64,30.67,29.49,30.57,420
2018-03-15 07:00:00,29.59,30.08,29.59,30.08,250
2018-03-16 07:00:00,30.08,30.08,29.29,30.03,620
2018-03-19 07:00:00,30.18,30.37,29.44,30.27,900
2018-03-20 07:00:00,29.93,30.37,29.93,29.98,840
2018-03-21 07:00:00,30.32,30.37,29.73,30.23,210
2018-03-22 07:00:00,30.23,30.23,30.23,30.23,170
2018-03-23 07:00:00,29.49,30.03,28.95,30.03,1670
2018-03-26 07:00:00,29.44,29.88,29.44,29.88,60
2018-03-27 07:00:00,29.64,29.83,29.64,29.69,760
2018-03-28 07:00:00,29.69,30.77,29.69,29.69,420
2018-03-29 07:00:00,29.88,29.88,29.54,29.54,570
2018-03-30 07:00:00,29.88,29.88,29.88,29.88,280
2018-04-02 07:00:00,29.88,30.57,29.44,30.57,700
2018-04-03 07:00:00,29.05,30.57,29.0,30.57,1530
2018-04-04 07:00:00,29.44,30.47,29.44,30.47,750
2018-04-06 07:00:00,29.88,30.32,29.88,30.32,730
2018-04-09 07:00:00,30.37,30.37,30.18,30.32,640
2018-04-10 07:00:00,30.32,30.32,30.32,30.32,10
2018-04-11 07:00:00,30.32,30.32,30.32,30.32,60
2018-04-12 07:00:00,30.32,30.32,30.32,30.32,60
2018-04-13 07:00:00,30.42,30.42,28.95,29.44,2170
2018-04-16 07:00:00,30.32,30.32,30.32,30.32,60
2018-04-17 07:00:00,29.44,30.27,29.44,30.27,940
2018-04-18 07:00:00,28.8,30.08,28.46,30.08,1710
2018-04-19 07:00:00,28.56,29.54,28.46,29.39,630
2018-04-20 07:00:00,29.78,29.78,28.46,29.64,1760
2018-04-23 07:00:00,28.46,29.15,28.46,29.15,1310
2018-04-24 07:00:00,28.36,29.05,28.21,28.46,1590
2018-04-26 07:00:00,28.46,28.46,27.97,28.07,4200
2018-04-27 07:00:00,28.07,28.07,28.07,28.07,280
2018-05-02 07:00:00,27.04,27.92,27.04,27.92,80
2018-05-03 07:00:00,28.12,28.12,27.92,27.92,530
2018-05-04 07:00:00,27.92,27.92,27.92,27.92,100
2018-05-07 07:00:00,28.16,28.95,27.58,28.31,480
2018-05-08 07:00:00,27.97,27.97,27.23,27.97,540
2018-05-09 07:00:00,27.97,27.97,27.28,27.28,380
2018-05-10 07:00:00,26.99,27.28,26.99,27.23,5600
2018-05-11 07:00:00,26.99,27.23,26.5,26.99,760
2018-05-14 07:00:00,26.3,26.99,26.3,26.99,170
2018-05-15 07:00:00,26.01,26.94,25.51,26.94,5310
2018-05-16 07:00:00,25.86,26.89,25.66,25.76,5130
2018-05-17 07:00:00,25.66,25.66,25.51,25.61,5930
2018-05-18 07:00:00,24.02,25.32,24.02,25.22,3870
2018-05-21 07:00:00,25.22,25.22,24.04,25.12,1000
2018-05-22 07:00:00,24.04,24.58,24.04,24.53,940
2018-05-23 07:00:00,24.53,24.53,23.7,24.09,1370
2018-05-24 07:00:00,24.78,24.78,23.8,24.04,11130
2018-05-25 07:00:00,24.04,24.04,24.02,24.04,2070
2018-05-28 07:00:00,24.04,24.04,23.06,23.9,1590
2018-05-29 07:00:00,23.8,23.9,23.36,23.55,4160
2018-05-30 07:00:00,23.31,23.55,23.31,23.55,730
2018-05-31 07:00:00,22.82,23.55,22.82,23.55,4620
2018-06-01 07:00:00,23.55,23.55,23.31,23.5,2350
2018-06-04 07:00:00,23.45,23.45,23.36,23.41,1300
2018-06-05 07:00:00,23.41,24.44,23.41,24.24,2060
2018-06-06 07:00:00,25.47,25.51,24.58,24.93,1920
2018-06-07 07:00:00,25.17,25.17,24.53,24.73,4180
2018-06-08 07:00:00,24.73,24.73,24.24,24.73,980
2018-06-11 07:00:00,24.93,24.93,24.73,24.73,210
2018-06-12 07:00:00,24.73,24.73,24.73,24.73,50
2018-06-13 07:00:00,25.02,25.02,24.48,24.53,1660
2018-06-14 07:00:00,25.27,25.56,24.61,25.56,1790
2018-06-15 07:00:00,25.96,25.96,24.79,25.45,1450
2018-06-18 07:00:00,25.04,25.04,24.53,25.04,2240
2018-06-19 07:00:00,24.79,24.79,24.53,24.79,2150
2018-06-20 07:00:00,25.5,25.5,24.79,24.84,60
2018-06-21 07:00:00,25.5,25.5,25.5,25.5,110
2018-06-22 07:00:00,23.87,25.04,23.87,25.04,740
2018-06-25 07:00:00,25.04,25.04,24.79,24.79,400
2018-06-26 07:00:00,24.12,24.79,24.07,24.74,380
2018-06-27 07:00:00,24.02,24.79,24.02,24.79,540
2018-06-28 07:00:00,24.53,25.5,24.12,25.25,3980
2018-06-29 07:00:00,25.04,25.04,24.53,24.79,1240
2018-07-02 07:00:00,24.07,25.25,23.51,25.25,2900
2018-07-03 07:00:00,23.92,24.79,23.59,24.79,2360
2018-07-04 07:00:00,25.3,25.56,24.53,24.79,1280
2018-07-05 07:00:00,24.74,24.79,23.92,24.79,200
2018-07-06 07:00:00,25.25,25.25,24.51,24.53,90
2018-07-09 07:00:00,25.2,25.2,23.92,24.79,930
2018-07-10 07:00:00,24.02,24.53,24.02,24.53,230
2018-07-11 07:00:00,24.53,24.53,24.53,24.53,100
2018-07-12 07:00:00,24.25,24.51,24.25,24.51,90
2018-07-13 07:00:00,24.79,24.79,24.28,24.28,160
2018-07-16 07:00:00,24.58,24.58,24.28,24.28,30
2018-07-17 07:00:00,25.4,25.56,24.02,24.38,540
2018-07-18 07:00:00,24.28,24.43,24.28,24.43,1720
2018-07-19 07:00:00,24.28,24.28,24.02,24.28,190
2018-07-20 07:00:00,24.28,24.33,24.23,24.23,1710
2018-07-23 07:00:00,24.23,25.15,24.23,25.04,1920
2018-07-24 07:00:00,25.04,25.04,24.53,24.79,1170
2018-07-25 07:00:00,24.79,24.79,24.35,24.79,1870
2018-07-26 07:00:00,24.79,24.79,24.07,24.79,1060
2018-07-27 07:00:00,24.79,24.79,24.79,24.79,20
2018-07-30 07:00:00,25.04,25.81,24.53,25.76,1580
2018-07-31 07:00:00,24.84,25.48,24.76,25.04,16550
2018-08-01 07:00:00,24.79,24.79,24.64,24.79,4140
2018-08-02 07:00:00,24.79,24.79,24.79,24.79,30
2018-08-03 07:00:00,24.2,24.79,24.2,24.79,60
2018-08-06 07:00:00,25.3,25.3,24.64,24.79,470
2018-08-07 07:00:00,24.64,24.64,24.53,24.53,630
2018-08-08 07:00:00,24.79,24.79,24.76,24.79,250
2018-08-09 07:00:00,24.23,24.79,24.15,24.79,510
2018-08-10 07:00:00,25.04,25.04,24.79,24.79,510
2018-08-13 07:00:00,24.07,25.25,24.07,24.79,10250
2018-08-14 07:00:00,24.94,24.94,24.05,24.74,7890
2018-08-15 07:00:00,24.53,24.79,24.53,24.79,1570
2018-08-16 07:00:00,24.58,24.64,23.61,24.64,6030
2018-08-17 07:00:00,24.58,24.64,24.58,24.64,3020
2018-08-20 07:00:00,24.61,24.64,24.02,24.61,4810
2018-08-21 07:00:00,24.58,24.58,24.02,24.02,9760
2018-08-22 07:00:00,24.64,24.64,24.64,24.64,20
2018-08-23 07:00:00,24.02,24.53,24.02,24.53,50
2018-08-24 07:00:00,24.53,25.27,24.53,25.27,280
2018-08-27 07:00:00,24.76,24.79,24.48,24.79,410
2018-08-28 07:00:00,24.74,24.74,24.74,24.74,570
2018-08-29 07:00:00,24.64,24.76,24.64,24.76,70
2018-08-30 07:00:00,24.79,25.15,24.69,24.69,650
2018-08-31 07:00:00,24.84,24.84,24.53,24.53,7270
2018-09-04 07:00:00,25.2,25.2,24.3,24.53,3300
2018-09-05 07:00:00,24.53,24.53,24.48,24.53,1070
2018-09-06 07:00:00,24.28,24.53,24.28,24.53,130
2018-09-07 07:00:00,24.51,24.53,24.2,24.2,490
2018-09-10 07:00:00,23.77,24.48,23.77,24.48,8060
2018-09-11 07:00:00,24.46,24.46,24.46,24.46,100
2018-09-12 07:00:00,24.43,24.43,24.43,24.43,200
2018-09-13 07:00:00,23.82,24.3,22.74,23.36,1990
2018-09-14 07:00:00,23.46,23.87,23.41,23.66,2210
2018-09-17 07:00:00,23.66,24.43,23.31,24.0,1450
2018-09-18 07:00:00,23.82,24.12,23.82,24.12,380
2018-09-19 07:00:00,24.18,24.18,24.02,24.12,1760
2018-09-20 07:00:00,24.18,24.28,24.12,24.28,250
2018-09-21 07:00:00,24.02,24.02,23.77,24.02,710
2018-09-24 07:00:00,24.28,24.28,23.77,24.02,660
2018-09-25 07:00:00,24.12,24.38,24.12,24.38,280
2018-09-26 07:00:00,24.02,24.53,24.02,24.53,2310
2018-09-27 07:00:00,24.02,24.53,23.82,24.33,9460
2018-09-28 07:00:00,24.33,24.74,23.92,24.41,340
2018-10-01 07:00:00,24.43,24.43,23.82,24.33,2430
2018-10-02 07:00:00,24.43,24.43,23.84,24.0,1830
2018-10-03 07:00:00,24.18,24.18,23.82,24.07,1980
2018-10-04 07:00:00,24.07,24.07,23.92,23.97,3420
2018-10-05 07:00:00,23.97,25.61,23.97,25.15,101450
2018-10-08 07:00:00,26.32,26.58,25.2,25.25,62180
2018-10-09 07:00:00,25.25,25.25,24.94,25.1,11860
2018-10-10 07:00:00,24.89,25.07,23.61,23.61,26020
2018-10-11 07:00:00,23.0,23.26,21.98,23.0,35000
2018-10-12 07:00:00,23.0,23.0,22.49,23.0,14780
2018-10-15 07:00:00,23.66,23.66,23.0,23.33,3560
2018-10-16 07:00:00,23.46,23.46,23.0,23.38,1950
2018-10-17 07:00:00,23.38,23.38,23.0,23.31,5260
2018-10-18 07:00:00,23.2,23.23,23.0,23.0,1550
2018-10-19 07:00:00,23.0,23.0,22.69,23.0,4150
2018-10-22 07:00:00,23.0,23.61,23.0,23.0,37800
2018-10-23 07:00:00,23.51,23.51,22.74,23.0,39970
2018-10-24 07:00:00,23.05,23.46,23.0,23.41,19080
2018-10-25 07:00:00,22.08,23.0,22.08,22.74,4810
2018-10-26 07:00:00,22.49,23.26,22.49,22.97,13450
2018-10-29 07:00:00,23.2,23.2,23.0,23.0,1610
2018-10-30 07:00:00,22.49,23.1,22.49,23.08,1560
2018-10-31 07:00:00,23.0,23.51,23.0,23.41,20610
2018-11-01 07:00:00,23.41,23.41,23.26,23.36,18000
2018-11-02 07:00:00,23.36,23.36,22.74,23.23,49560
2018-11-05 07:00:00,23.36,23.69,23.1,23.36,13410
2018-11-06 07:00:00,23.26,23.72,23.15,23.36,6640
2018-11-07 07:00:00,23.26,23.33,23.18,23.26,15660
2018-11-08 07:00:00,23.69,23.69,23.13,23.15,6820
2018-11-09 07:00:00,23.46,23.46,22.9,23.0,6960
2018-11-12 07:00:00,23.0,23.0,22.77,23.0,30190
2018-11-13 07:00:00,23.0,23.46,22.74,23.0,44700
2018-11-14 07:00:00,23.0,23.0,22.74,22.74,18910
2018-11-15 07:00:00,22.74,23.46,22.74,22.95,26810
2018-11-16 07:00:00,23.0,23.0,22.8,22.8,17740
2018-11-19 07:00:00,23.2,23.2,22.64,22.8,18780
2018-11-20 07:00:00,23.33,23.36,22.69,22.87,16260
2018-11-21 07:00:00,23.2,23.2,22.49,22.85,18760
2018-11-22 07:00:00,23.1,23.1,22.9,22.9,22370
2018-11-23 07:00:00,22.82,23.0,22.82,22.9,2860
2018-11-26 07:00:00,22.9,22.97,22.8,22.9,8790
2018-11-27 07:00:00,22.9,23.0,22.9,22.9,20190
2018-11-28 07:00:00,22.82,22.95,22.82,22.9,7350
2018-11-29 07:00:00,22.97,22.97,22.74,22.8,12440
2018-11-30 07:00:00,22.95,23.26,22.74,23.2,25410
2018-12-03 07:00:00,23.31,23.33,23.15,23.18,32280
2018-12-04 07:00:00,24.34,24.37,23.53,23.61,10690
2018-12-05 07:00:00,23.77,23.77,23.26,23.26,24410
2018-12-06 07:00:00,23.26,23.53,23.21,23.26,11590
2018-12-07 07:00:00,23.56,23.56,22.99,23.21,10890
2018-12-10 07:00:00,23.04,23.21,22.91,22.99,8400
2018-12-11 07:00:00,23.45,23.45,22.99,22.99,8260
2018-12-12 07:00:00,23.42,23.42,22.99,23.04,4170
2018-12-13 07:00:00,23.04,23.45,23.04,23.1,6820
2018-12-14 07:00:00,23.23,23.26,22.99,23.15,17140
2018-12-17 07:00:00,23.04,23.15,22.72,23.04,11790
2018-12-18 07:00:00,22.99,22.99,22.61,22.94,11590
2018-12-19 07:00:00,24.34,24.34,22.72,23.58,1720
2018-12-20 07:00:00,23.48,23.48,23.04,23.1,200
2018-12-21 07:00:00,23.31,23.31,22.58,23.15,2940
2018-12-24 07:00:00,23.15,23.23,23.1,23.18,5480
2018-12-25 07:00:00,23.18,23.18,22.5,22.72,28810
2018-12-26 07:00:00,22.72,22.72,22.61,22.72,27930
2018-12-27 07:00:00,23.1,23.26,22.72,22.94,8060
2018-12-28 07:00:00,23.21,23.21,22.72,22.72,4300
2019-01-02 07:00:00,22.72,22.72,22.18,22.58,3890
2019-01-03 07:00:00,22.58,22.61,22.31,22.31,10890
2019-01-04 07:00:00,21.91,22.5,21.91,22.18,12000
2019-01-07 07:00:00,22.37,22.72,22.18,22.72,1310
2019-01-08 07:00:00,22.72,22.72,22.48,22.48,2980
2019-01-09 07:00:00,22.72,22.72,22.48,22.67,2480
2019-01-10 07:00:00,22.02,22.72,22.02,22.18,20150
2019-01-11 07:00:00,22.67,22.67,22.15,22.18,33820
2019-01-14 07:00:00,22.18,22.61,22.18,22.18,13120
2019-01-15 07:00:00,22.18,22.5,22.02,22.07,18250
2019-01-16 07:00:00,22.15,22.15,22.02,22.02,12260
2019-01-17 07:00:00,21.96,22.18,21.91,22.12,6280
2019-01-18 07:00:00,22.04,22.12,21.91,21.91,1570
2019-01-21 07:00:00,21.91,21.96,21.37,21.37,27210
2019-01-22 07:00:00,21.64,22.07,21.64,21.8,3620
2019-01-23 07:00:00,22.15,22.15,21.64,21.91,7710
2019-01-24 07:00:00,21.75,21.91,21.15,21.42,17010
2019-01-25 07:00:00,21.64,21.64,21.37,21.42,8880
2019-01-28 07:00:00,21.37,21.42,21.26,21.37,14970
2019-01-29 07:00:00,21.31,21.42,21.18,21.37,2290
2019-01-30 07:00:00,22.18,22.18,22.18,22.18,20
2019-01-31 07:00:00,21.23,22.29,21.23,22.18,2170
2019-02-01 07:00:00,21.48,22.12,21.42,22.12,3560
2019-02-11 07:00:00,21.91,22.12,21.77,22.02,3390
2019-02-12 07:00:00,22.02,22.12,21.48,21.94,9630
2019-02-13 07:00:00,21.94,21.96,21.5,21.85,9090
2019-02-14 07:00:00,21.85,21.85,21.37,21.8,10150
2019-02-15 07:00:00,22.1,22.1,21.61,21.85,1730
2019-02-18 07:00:00,21.91,21.96,21.1,21.64,14900
2019-02-19 07:00:00,21.91,21.91,20.56,20.56,72780
2019-02-20 07:00:00,20.56,21.12,20.5,20.5,38910
2019-02-21 07:00:00,20.93,20.93,20.5,20.5,24550
2019-02-22 07:00:00,20.5,20.8,20.45,20.53,68730
2019-02-25 07:00:00,20.53,20.66,20.39,20.56,27710
2019-02-26 07:00:00,20.77,20.83,20.53,20.77,7550
2019-02-27 07:00:00,20.77,20.77,20.45,20.45,27650
2019-02-28 07:00:00,20.72,20.74,20.29,20.37,16120
2019-03-01 07:00:00,20.37,20.64,20.31,20.56,7970
2019-03-04 07:00:00,20.66,20.74,20.29,20.56,32760
2019-03-05 07:00:00,20.64,20.74,20.5,20.74,9900
2019-03-06 07:00:00,20.66,20.83,20.66,20.83,7890
2019-03-07 07:00:00,21.07,21.31,20.64,21.31,27450
2019-03-08 07:00:00,21.26,21.48,20.66,21.04,20410
2019-03-11 07:00:00,21.58,21.8,21.02,21.26,22810
2019-03-12 07:00:00,21.64,21.64,21.1,21.26,6200
2019-03-13 07:00:00,21.48,21.48,21.2,21.34,22110
2019-03-14 07:00:00,21.53,21.53,21.2,21.37,20420
2019-03-15 07:00:00,21.1,21.31,20.93,21.26,3330
2019-03-18 07:00:00,21.26,21.53,21.1,21.37,6440
2019-03-19 07:00:00,21.2,21.37,20.83,21.31,11240
2019-03-20 07:00:00,21.31,21.31,21.15,21.2,10820
2019-03-21 07:00:00,21.37,21.37,21.15,21.18,10280
2019-03-22 07:00:00,21.26,21.26,21.1,21.2,2310
2019-03-25 07:00:00,21.15,21.18,20.61,20.88,6890
2019-03-26 07:00:00,21.26,21.26,20.85,20.96,3850
2019-03-27 07:00:00,21.1,21.1,20.74,20.96,9500
2019-03-28 07:00:00,20.99,20.99,20.61,20.99,17230
2019-03-29 07:00:00,21.07,21.07,20.83,20.88,14700
2019-04-01 07:00:00,20.88,21.1,20.61,20.88,5930
2019-04-02 07:00:00,20.99,21.1,20.77,20.83,4940
2019-04-03 07:00:00,20.72,20.8,20.64,20.8,5930
2019-04-04 07:00:00,20.72,21.04,20.69,20.72,29790
2019-04-05 07:00:00,21.07,21.07,20.72,21.04,2360
2019-04-08 07:00:00,20.83,21.07,20.8,21.02,3310
2019-04-09 07:00:00,21.02,21.02,20.72,20.72,5690
2019-04-10 07:00:00,20.72,20.93,20.64,20.72,5740
2019-04-11 07:00:00,20.72,20.83,20.66,20.72,3980
2019-04-12 07:00:00,20.96,22.15,20.61,21.02,18990
2019-04-16 07:00:00,21.02,21.02,20.56,20.56,34400
2019-04-17 07:00:00,20.85,20.85,20.56,20.72,16340
2019-04-18 07:00:00,20.45,20.8,20.29,20.5,7810
2019-04-19 07:00:00,20.5,20.5,20.23,20.29,39200
2019-04-22 07:00:00,20.18,20.29,20.07,20.07,10560
2019-04-23 07:00:00,20.07,20.29,20.01,20.12,18430
2019-04-24 07:00:00,20.04,20.29,20.04,20.12,22310
2019-04-25 07:00:00,20.12,20.12,20.01,20.01,13480
2019-04-26 07:00:00,20.04,20.18,20.01,20.1,2920
2019-05-02 07:00:00,20.45,20.45,19.96,20.01,3200
2019-05-03 07:00:00,19.96,20.01,19.8,19.83,26370
2019-05-06 07:00:00,19.83,19.83,19.69,19.74,19930
2019-05-07 07:00:00,19.69,19.69,19.42,19.55,18690
2019-05-08 07:00:00,19.53,19.53,19.26,19.47,36000
2019-05-09 07:00:00,19.37,19.77,19.37,19.64,3150
2019-05-10 07:00:00,19.64,19.64,19.47,19.64,11660
2019-05-13 07:00:00,19.64,19.64,19.2,19.47,7770
2019-05-14 07:00:00,19.37,19.47,18.93,19.07,59570
2019-05-15 07:00:00,19.07,19.47,19.07,19.42,7130
2019-05-16 07:00:00,19.37,19.39,18.99,19.39,22730
2019-05-17 07:00:00,19.39,19.39,18.39,19.26,39760
2019-05-20 07:00:00,19.26,19.37,19.07,19.37,19000
2019-05-21 07:00:00,19.34,20.23,19.34,20.15,36560
2019-05-22 07:00:00,20.96,20.99,20.15,20.96,46490
2019-05-23 07:00:00,20.99,20.99,20.56,20.77,14670
2019-05-24 07:00:00,20.56,20.77,20.23,20.45,20830
2019-05-27 07:00:00,20.64,20.66,20.29,20.56,9220
2019-05-28 07:00:00,20.56,20.96,20.56,20.93,20040
2019-05-29 07:00:00,20.93,20.96,20.66,20.93,19410
2019-05-30 07:00:00,20.83,20.83,20.69,20.77,6180
2019-05-31 07:00:00,21.04,21.04,20.77,20.88,5870
2019-06-03 07:00:00,20.88,20.88,20.45,20.45,15870
2019-06-04 07:00:00,20.45,20.88,20.45,20.66,7070
2019-06-05 07:00:00,20.83,20.83,20.66,20.77,11550
2019-06-06 07:00:00,20.93,20.93,20.69,20.77,12420
2019-06-07 07:00:00,20.77,20.88,20.77,20.83,13990
2019-06-10 07:00:00,20.93,20.93,20.88,20.88,6320
2019-06-11 07:00:00,20.99,21.53,20.99,21.48,59070
2019-06-12 07:00:00,21.48,21.48,21.31,21.37,1690
2019-06-13 07:00:00,21.37,21.39,21.29,21.37,17020
2019-06-14 07:00:00,21.37,21.42,21.1,21.42,14770
2019-06-17 07:00:00,21.42,21.42,21.1,21.31,1340
2019-06-18 07:00:00,21.31,21.31,19.93,19.93,20190
2019-06-19 07:00:00,20.86,21.12,20.3,20.86,15020
2019-06-20 07:00:00,21.03,21.99,20.86,21.91,9450
2019-06-21 07:00:00,21.32,21.68,21.32,21.65,3740
2019-06-24 07:00:00,21.43,21.54,21.37,21.43,6690
2019-06-25 07:00:00,21.71,21.71,20.84,21.32,6920
2019-06-26 07:00:00,21.51,21.54,20.98,21.4,5470
2019-06-27 07:00:00,21.43,21.71,20.98,21.37,5100
2019-06-28 07:00:00,21.43,21.54,20.98,21.32,3550
2019-07-01 07:00:00,21.63,21.63,21.15,21.26,4520
2019-07-02 07:00:00,21.26,21.43,21.0,21.0,11390
2019-07-03 07:00:00,21.37,21.37,21.0,21.03,5900
2019-07-04 07:00:00,21.43,21.65,21.09,21.09,7270
2019-07-05 07:00:00,21.09,21.43,21.09,21.09,7910
2019-07-08 07:00:00,21.43,21.43,21.09,21.09,3940
2019-07-09 07:00:00,21.09,21.32,21.09,21.32,13220
2019-07-10 07:00:00,21.32,21.37,21.09,21.15,10540
2019-07-11 07:00:00,21.15,21.43,21.15,21.15,2260
2019-07-12 07:00:00,21.2,21.65,21.2,21.65,6040
2019-07-15 07:00:00,21.65,21.65,21.43,21.43,10520
2019-07-16 07:00:00,21.65,21.65,21.54,21.65,24110
2019-07-17 07:00:00,21.71,22.1,21.71,21.99,61160
2019-07-18 07:00:00,22.1,22.1,21.99,22.05,34030
2019-07-19 07:00:00,21.99,22.25,21.77,22.25,12630
2019-07-22 07:00:00,22.33,23.8,22.33,23.12,106030
2019-07-23 07:00:00,23.12,23.12,22.84,22.89,14130
2019-07-24 07:00:00,23.18,23.18,22.56,22.7,8330
2019-07-25 07:00:00,22.56,22.56,22.22,22.5,12110
2019-07-26 07:00:00,22.27,22.84,22.27,22.39,10360
2019-07-29 07:00:00,22.39,22.84,22.39,22.56,31180
2019-07-30 07:00:00,22.67,23.01,22.58,22.81,15990
2019-07-31 07:00:00,22.81,22.92,22.64,22.89,12410
2019-08-01 07:00:00,22.87,22.89,22.67,22.84,5850
2019-08-02 07:00:00,22.89,22.89,22.27,22.27,26570
2019-08-05 07:00:00,22.27,23.12,22.27,22.72,14360
2019-08-06 07:00:00,22.1,22.72,22.05,22.27,16090
2019-08-07 07:00:00,22.1,22.84,22.56,22.84,23300
2019-08-08 07:00:00,22.84,24.42,22.84,24.42,275350
2019-08-09 07:00:00,26.11,26.11,25.83,25.94,180490
2019-08-12 07:00:00,25.94,25.94,24.87,25.8,37190
2019-08-13 07:00:00,25.09,25.38,24.56,24.64,139770
2019-08-14 07:00:00,24.64,25.21,24.59,24.64,87860
2019-08-15 07:00:00,24.02,25.66,24.02,25.6,111830
2019-08-16 07:00:00,25.6,25.94,25.15,25.38,69960
2019-08-19 07:00:00,25.38,25.38,24.53,25.21,48270
2019-08-20 07:00:00,24.87,25.66,24.81,24.81,88960
2019-08-21 07:00:00,25.04,25.04,24.42,24.7,57230
2019-08-22 07:00:00,24.7,25.09,24.42,24.7,44040
2019-08-23 07:00:00,24.53,24.92,24.42,24.87,32510
2019-08-26 07:00:00,24.98,25.83,24.7,25.29,82170
2019-08-27 07:00:00,25.29,25.32,24.75,25.04,50810
2019-08-28 07:00:00,24.87,25.04,24.53,24.98,58510
2019-08-29 07:00:00,24.98,26.33,24.84,25.94,245700
2019-08-30 07:00:00,26.11,27.35,26.05,27.24,176900
2019-09-03 07:00:00,27.18,27.24,26.25,26.28,93830
2019-09-04 07:00:00,27.18,26.45,25.38,26.45,145290
2019-09-05 07:00:00,26.76,26.76,25.77,25.94,37700
2019-09-06 07:00:00,26.0,26.28,25.83,26.0,30910
2019-09-09 07:00:00,26.05,26.05,24.19,24.19,126440
2019-09-10 07:00:00,24.19,24.81,23.4,23.4,142990
2019-09-11 07:00:00,23.4,23.97,23.4,23.68,47240
2019-09-12 07:00:00,23.68,24.42,23.68,24.25,33060
2019-09-13 07:00:00,24.25,24.36,23.68,24.19,37190
2019-09-16 07:00:00,24.25,25.38,23.63,25.04,66860
2019-09-17 07:00:00,25.04,25.04,24.25,24.81,30850
2019-09-18 07:00:00,24.81,24.81,23.68,24.13,37820
2019-09-19 07:00:00,24.53,24.53,23.97,24.25,18070
2019-09-20 07:00:00,24.25,24.53,23.97,24.36,29560
2019-09-23 07:00:00,24.36,24.36,23.63,23.68,61710
2019-09-24 07:00:00,24.13,24.13,23.46,23.77,38860
2019-09-25 07:00:00,23.68,24.08,23.57,23.85,67500
2019-09-26 07:00:00,23.8,23.85,22.89,22.89,82040
2019-09-27 07:00:00,22.89,23.35,22.44,22.5,124050
2019-09-30 07:00:00,23.01,23.68,22.72,23.68,64970
2019-10-01 07:00:00,23.68,23.68,23.23,23.68,34370
2019-10-02 07:00:00,23.29,23.57,23.06,23.35,34710
2019-10-03 07:00:00,23.12,23.51,23.01,23.4,2760
2019-10-04 07:00:00,23.4,23.49,23.12,23.29,7710
2019-10-07 07:00:00,23.29,23.43,23.06,23.35,18150
2019-10-08 07:00:00,23.35,23.4,22.67,22.89,26730
2019-10-09 07:00:00,22.89,23.35,22.58,23.12,15780
2019-10-10 07:00:00,22.72,23.32,22.44,23.12,53920
2019-10-11 07:00:00,23.12,23.29,22.84,23.06,12370
2019-10-14 07:00:00,22.84,23.8,22.84,23.8,78920
2019-10-15 07:00:00,23.68,23.8,23.4,23.8,20690
2019-10-16 07:00:00,23.23,23.68,22.72,23.35,56080
2019-10-17 07:00:00,22.89,23.51,22.84,23.12,19960
2019-10-18 07:00:00,23.23,23.29,22.84,23.06,23400
2019-10-21 07:00:00,22.89,23.12,22.61,23.12,15730
2019-10-22 07:00:00,22.84,23.09,22.33,22.44,75090
2019-10-23 07:00:00,22.44,22.75,22.44,22.64,5360
2019-10-24 07:00:00,22.64,22.64,21.74,22.27,43130
2019-10-25 07:00:00,22.5,22.5,22.02,22.02,8160
2019-10-28 07:00:00,22.02,22.02,21.71,21.79,53620
2019-10-29 07:00:00,21.65,21.82,21.6,21.77,21670
2019-10-30 07:00:00,21.51,21.74,21.51,21.65,31770
2019-10-31 07:00:00,21.68,23.12,21.54,23.12,13790
2019-11-01 07:00:00,21.85,22.89,21.85,22.27,6050
2019-11-04 07:00:00,22.13,22.27,21.99,22.22,11980
2019-11-05 07:00:00,22.22,22.22,21.88,21.94,23710
2019-11-06 07:00:00,21.96,21.96,21.71,21.91,50070
2019-11-07 07:00:00,21.91,21.91,21.43,21.46,41940
2019-11-08 07:00:00,21.43,21.85,21.43,21.63,11420
2019-11-11 07:00:00,21.71,21.71,21.26,21.43,23710
2019-11-12 07:00:00,21.6,21.6,21.43,21.51,14450
2019-11-13 07:00:00,21.46,21.6,21.43,21.54,23630
2019-11-14 07:00:00,21.51,21.54,21.46,21.46,9760
2019-11-15 07:00:00,21.51,21.51,21.03,21.48,12740
2019-11-18 07:00:00,21.46,21.48,21.32,21.48,9650
2019-11-19 07:00:00,21.34,21.43,21.32,21.43,5210
2019-11-20 07:00:00,21.79,21.79,21.32,21.43,5000
2019-11-21 07:00:00,21.26,21.63,21.26,21.43,3180
2019-11-22 07:00:00,21.43,21.48,21.32,21.43,8310
2019-11-25 07:00:00,21.32,21.51,21.29,21.43,6940
2019-11-26 07:00:00,21.43,21.43,21.37,21.43,15440
2019-11-27 07:00:00,21.43,21.43,21.32,21.32,8330
2019-11-28 07:00:00,21.43,21.43,21.32,21.34,7250
2019-11-29 07:00:00,21.34,21.34,21.29,21.32,3560
2019-12-02 07:00:00,20.98,21.43,20.98,21.37,15360
2019-12-03 07:00:00,21.37,21.37,20.98,21.0,16890
2019-12-04 07:00:00,21.0,21.09,20.92,21.03,5630
2019-12-05 07:00:00,21.03,21.15,20.86,21.15,4820
2019-12-06 07:00:00,21.03,21.29,21.03,21.26,8560
2019-12-09 07:00:00,21.26,21.71,21.26,21.51,10290
2019-12-10 07:00:00,21.51,21.71,21.51,21.51,5920
2019-12-11 07:00:00,21.51,21.54,21.43,21.46,20330
2019-12-12 07:00:00,21.54,21.6,21.51,21.54,12650
2019-12-13 07:00:00,21.54,21.65,21.54,21.6,29970
2019-12-16 07:00:00,22.42,22.42,21.83,22.01,29530
2019-12-17 07:00:00,22.01,22.07,21.83,21.83,9170
2019-12-18 07:00:00,21.83,21.95,21.77,21.77,7850
2019-12-19 07:00:00,21.77,21.77,21.54,21.77,12280
2019-12-20 07:00:00,21.77,21.89,21.71,21.77,2070
2019-12-23 07:00:00,21.89,21.89,21.48,21.69,11880
2019-12-24 07:00:00,21.54,21.71,21.36,21.36,14590
2019-12-25 07:00:00,21.66,21.66,21.42,21.57,3790
2019-12-26 07:00:00,21.6,21.63,21.48,21.57,1090
2019-12-27 07:00:00,21.51,21.69,21.45,21.54,5520
2019-12-30 07:00:00,21.54,21.54,21.33,21.36,17940
2019-12-31 07:00:00,21.39,21.48,21.36,21.36,10350
2020-01-02 07:00:00,21.36,21.48,21.36,21.36,6820
2020-01-03 07:00:00,21.48,21.48,21.16,21.42,16580
2020-01-06 07:00:00,21.42,21.42,21.24,21.42,6220
2020-01-07 07:00:00,21.42,21.42,21.07,21.33,19780
2020-01-08 07:00:00,21.27,21.27,21.13,21.13,18450
2020-01-09 07:00:00,21.36,21.36,21.07,21.19,11020
2020-01-10 07:00:00,21.19,21.19,21.07,21.13,8610
2020-01-13 07:00:00,21.13,21.13,21.07,21.13,8680
2020-01-14 07:00:00,21.13,21.19,21.13,21.19,2610
2020-01-15 07:00:00,21.19,21.19,21.13,21.16,5330
2020-01-16 07:00:00,21.16,21.16,21.13,21.13,5520
2020-01-17 07:00:00,21.13,21.16,21.07,21.16,6790
2020-01-20 07:00:00,21.13,21.16,21.13,21.13,4110
2020-01-21 07:00:00,21.22,21.45,21.19,21.3,6040
2020-01-22 07:00:00,21.66,21.69,21.36,21.54,5910
2020-01-30 07:00:00,21.45,21.74,21.36,21.71,7010
2020-01-31 07:00:00,21.36,21.71,21.13,21.42,8880
2020-02-03 07:00:00,21.36,21.36,19.95,21.13,25300
2020-02-04 07:00:00,21.13,21.13,20.54,21.04,4040
2020-02-05 07:00:00,20.98,20.98,20.54,20.89,4000
2020-02-06 07:00:00,20.72,20.95,20.6,20.92,17280
2020-02-07 07:00:00,21.07,21.07,20.31,20.92,36460
2020-02-10 07:00:00,20.83,21.42,20.83,21.13,40010
2020-02-11 07:00:00,21.39,21.39,21.19,21.19,2540
2020-02-12 07:00:00,21.22,21.39,21.19,21.36,8020
2020-02-13 07:00:00,21.36,21.36,21.07,21.3,5500
2020-02-14 07:00:00,21.33,21.39,21.13,21.13,3440
2020-02-17 07:00:00,21.36,21.36,21.13,21.13,3720
2020-02-18 07:00:00,21.13,21.42,21.13,21.33,12770
2020-02-19 07:00:00,21.36,21.36,21.16,21.36,180
2020-02-20 07:00:00,20.89,21.6,20.89,21.42,7000
2020-02-21 07:00:00,21.48,21.48,21.13,21.48,3980
2020-02-24 07:00:00,21.48,21.48,20.54,21.04,24310
2020-02-25 07:00:00,20.86,21.13,20.6,21.07,4300
2020-02-26 07:00:00,21.07,21.07,20.66,20.78,12690
2020-02-27 07:00:00,20.72,22.18,20.66,22.18,22110
2020-02-28 07:00:00,21.66,21.98,20.66,20.66,37870
2020-03-02 07:00:00,20.66,20.83,20.13,20.54,3190
2020-03-03 07:00:00,20.63,20.63,20.25,20.42,7180
2020-03-04 07:00:00,20.42,20.51,20.42,20.51,3660
2020-03-05 07:00:00,20.63,20.83,20.54,20.78,6530
2020-03-06 07:00:00,20.78,20.8,20.13,20.57,44210
2020-03-09 07:00:00,19.16,20.25,19.16,19.16,26370
2020-03-10 07:00:00,19.16,19.6,19.16,19.19,28790
2020-03-11 07:00:00,19.95,19.95,19.16,19.16,21260
2020-03-12 07:00:00,19.16,19.16,17.84,18.46,16260
2020-03-13 07:00:00,17.84,18.43,17.25,18.43,20470
2020-03-16 07:00:00,18.66,19.04,17.78,18.75,7880
2020-03-17 07:00:00,18.75,18.84,17.46,18.02,17660
2020-03-18 07:00:00,18.49,18.49,18.05,18.37,28640
2020-03-19 07:00:00,18.08,18.25,17.61,18.19,7400
2020-03-20 07:00:00,17.9,18.19,17.66,18.16,6230
2020-03-23 07:00:00,17.78,18.13,16.96,17.25,15240
2020-03-24 07:00:00,17.25,17.49,17.25,17.46,10600
2020-03-25 07:00:00,17.46,18.02,17.46,17.84,23340
2020-03-26 07:00:00,17.66,18.02,17.61,18.02,6150
2020-03-27 07:00:00,17.66,18.08,17.02,17.61,14600
2020-03-30 07:00:00,17.31,17.31,16.43,17.02,8180
2020-03-31 07:00:00,17.02,17.61,16.32,16.43,34830
2020-04-01 07:00:00,16.73,17.31,16.2,16.61,11900
2020-04-03 07:00:00,17.02,17.02,16.43,16.73,48080
2020-04-06 07:00:00,16.78,17.81,16.73,17.81,15180
2020-04-07 07:00:00,17.81,17.81,17.31,17.72,17840
2020-04-08 07:00:00,17.37,17.72,17.02,17.66,22170
2020-04-09 07:00:00,17.61,17.9,17.43,17.72,15110
2020-04-10 07:00:00,17.72,17.87,17.31,17.78,16850
2020-04-13 07:00:00,17.78,18.49,17.78,18.19,22290
2020-04-14 07:00:00,18.19,18.28,17.9,18.19,15020
2020-04-15 07:00:00,18.13,18.78,18.13,18.75,18970
2020-04-16 07:00:00,18.93,18.93,18.19,18.63,11900
2020-04-17 07:00:00,18.57,19.13,18.57,19.13,26510
2020-04-20 07:00:00,19.37,19.48,19.13,19.48,20390
2020-04-21 07:00:00,19.48,19.48,18.49,19.07,25820
2020-04-22 07:00:00,18.22,18.99,18.22,18.96,11640
2020-04-23 07:00:00,19.28,19.48,18.93,19.37,10910
2020-04-24 07:00:00,19.37,19.48,19.07,19.31,12860
2020-04-27 07:00:00,19.31,19.37,19.19,19.37,21100
2020-04-28 07:00:00,19.54,19.54,18.96,19.43,12800
2020-04-29 07:00:00,20.22,20.54,19.48,20.22,37990
2020-05-04 07:00:00,20.31,20.31,19.78,19.78,35150
2020-05-05 07:00:00,19.6,20.19,19.6,19.78,7590
2020-05-06 07:00:00,19.95,20.69,19.78,20.66,29710
2020-05-07 07:00:00,19.72,20.66,19.72,20.6,6610
2020-05-08 07:00:00,20.6,20.66,19.92,19.92,12480
2020-05-11 07:00:00,20.31,20.34,19.66,20.31,20530
2020-05-12 07:00:00,20.25,20.31,19.9,20.25,49780
2020-05-13 07:00:00,20.19,20.31,19.84,20.31,29500
2020-05-14 07:00:00,20.31,20.31,19.75,20.31,39320
2020-05-15 07:00:00,20.13,20.25,19.72,20.19,29090
2020-05-18 07:00:00,19.84,20.22,19.6,19.95,20630
2020-05-19 07:00:00,19.95,20.07,19.9,20.07,44630
2020-05-20 07:00:00,19.81,20.07,19.6,20.01,16920
2020-05-21 07:00:00,19.69,19.95,19.69,19.95,6230
2020-05-22 07:00:00,19.95,20.01,19.72,19.95,11400
2020-05-25 07:00:00,19.95,20.1,19.84,20.1,17530
2020-05-26 07:00:00,20.13,20.69,20.13,20.66,29230
2020-05-27 07:00:00,21.13,21.13,20.25,20.72,24530
2020-05-28 07:00:00,20.66,20.69,20.36,20.54,12690
2020-05-29 07:00:00,20.42,20.54,20.36,20.36,9220
2020-06-01 07:00:00,20.36,20.36,19.98,20.34,10800
2020-06-02 07:00:00,20.34,20.34,20.07,20.31,14340
2020-06-03 07:00:00,20.04,20.31,20.01,20.28,4430
2020-06-04 07:00:00,20.28,20.28,20.16,20.16,6230
2020-06-05 07:00:00,20.19,20.31,20.19,20.31,8700
2020-06-08 07:00:00,20.36,20.69,20.25,20.54,38410
2020-06-09 07:00:00,20.54,20.54,19.98,20.48,6150
2020-06-10 07:00:00,20.31,20.48,20.22,20.31,3270
2020-06-11 07:00:00,20.54,20.54,20.13,20.16,18150
2020-06-12 07:00:00,19.95,19.95,19.48,19.66,28540
2020-06-15 07:00:00,19.66,20.25,19.54,19.54,21370
2020-06-16 07:00:00,19.66,20.19,19.66,19.95,5820
2020-06-17 07:00:00,19.95,20.01,19.75,19.95,10520
2020-06-18 07:00:00,19.81,19.95,19.81,19.95,1920
2020-06-19 07:00:00,19.95,20.25,19.95,20.13,8710
2020-06-22 07:00:00,20.13,20.19,20.07,20.19,13450
2020-06-23 07:00:00,20.19,20.19,20.04,20.19,9800
2020-06-24 07:00:00,20.19,20.19,20.13,20.13,7350
2020-06-25 07:00:00,19.95,20.19,19.95,20.04,5660
2020-06-26 07:00:00,20.04,20.07,19.98,20.01,9720
2020-06-29 07:00:00,20.01,20.01,19.72,19.72,16710
2020-06-30 07:00:00,20.25,20.25,19.66,19.84,8150
2020-07-01 07:00:00,19.78,20.13,19.78,20.13,4210
2020-07-02 07:00:00,20.13,20.13,19.98,19.98,9880
2020-07-03 07:00:00,19.98,20.13,19.98,20.13,9210
2020-07-06 07:00:00,20.13,20.19,20.07,20.13,11300
2020-07-07 07:00:00,20.13,21.42,20.13,21.42,15880
2020-07-08 07:00:00,20.54,20.66,20.36,20.66,3290
2020-07-09 07:00:00,21.13,21.13,20.69,20.72,2430
2020-07-10 07:00:00,21.01,21.01,20.42,20.78,3590
2020-07-13 07:00:00,20.78,21.1,20.54,20.72,4900
2020-07-14 07:00:00,20.72,20.92,20.72,20.83,7700
2020-07-15 07:00:00,20.83,21.13,20.25,20.83,5530
2020-07-16 07:00:00,20.75,20.89,20.66,20.89,6580
2020-07-17 07:00:00,21.01,21.01,20.83,20.89,670
2020-07-20 07:00:00,20.83,20.83,20.6,20.83,1970
2020-07-21 07:00:00,22.1,22.1,21.48,21.8,42230
2020-07-22 07:00:00,21.8,21.92,21.71,21.83,18260
2020-07-23 07:00:00,21.83,21.92,21.63,21.83,23560
2020-07-24 07:00:00,21.83,21.83,21.13,21.13,11950
2020-07-27 07:00:00,20.54,21.48,20.01,20.31,33160
2020-07-28 07:00:00,20.31,21.42,20.31,21.42,12890
2020-07-29 07:00:00,21.13,21.13,20.54,20.95,16670
2020-07-30 07:00:00,20.83,21.36,20.83,21.24,14610
2020-07-31 07:00:00,20.72,21.13,20.72,21.01,14330
2020-08-03 07:00:00,21.24,21.86,21.13,21.86,62710
2020-08-04 07:00:00,22.07,22.36,22.07,22.07,59730
2020-08-05 07:00:00,23.51,23.51,22.7,23.01,34850
2020-08-06 07:00:00,22.7,23.26,22.38,22.88,22100
2020-08-07 07:00:00,22.76,22.92,22.38,22.82,13950
2020-08-10 07:00:00,22.38,22.63,22.0,22.32,42690
2020-08-11 07:00:00,22.1,22.6,22.04,22.13,27670
2020-08-12 07:00:00,22.16,22.32,22.13,22.26,20390
2020-08-13 07:00:00,22.32,22.32,22.04,22.26,25830
2020-08-14 07:00:00,22.7,22.73,22.1,22.38,38310
2020-08-17 07:00:00,22.44,22.63,22.19,22.44,11360
2020-08-18 07:00:00,22.57,23.58,22.57,23.51,43490
2020-08-19 07:00:00,23.54,23.54,23.14,23.23,35690
2020-08-20 07:00:00,23.23,23.39,23.2,23.36,44660
2020-08-21 07:00:00,23.32,23.48,23.23,23.36,21360
2020-08-24 07:00:00,23.83,23.83,23.26,23.51,65100
2020-08-25 07:00:00,23.58,23.58,23.39,23.51,28240
2020-08-26 07:00:00,23.51,23.64,23.51,23.54,16600
2020-08-27 07:00:00,23.58,23.7,23.54,23.64,31860
2020-08-28 07:00:00,23.64,24.2,23.64,24.08,55050
2020-08-31 07:00:00,24.08,24.33,24.08,24.2,28910
2020-09-01 07:00:00,24.52,24.64,24.27,24.39,28980
2020-09-03 07:00:00,24.71,24.71,23.89,24.39,12300
2020-09-04 07:00:00,23.07,24.27,23.07,24.08,8100
2020-09-07 07:00:00,24.14,24.52,23.76,23.76,39800
2020-09-08 07:00:00,23.89,23.89,23.8,23.83,6440
2020-09-09 07:00:00,23.83,24.33,23.76,24.33,34180
2020-09-10 07:00:00,24.39,24.64,24.2,24.2,35200
2020-09-11 07:00:00,24.2,25.12,24.2,25.12,70760
2020-09-14 07:00:00,25.3,25.46,25.12,25.43,19380
2020-09-15 07:00:00,25.78,25.78,24.83,25.4,30920
2020-09-16 07:00:00,25.71,26.22,25.12,26.09,86600
2020-09-17 07:00:00,26.37,26.4,25.87,26.37,33320
2020-09-18 07:00:00,26.4,26.72,26.09,26.15,16340
2020-09-21 07:00:00,26.18,26.4,26.06,26.09,35830
2020-09-22 07:00:00,26.06,26.06,25.93,25.96,28490
2020-09-23 07:00:00,25.93,26.15,25.9,25.9,29570
2020-09-24 07:00:00,25.9,25.9,25.84,25.87,17820
2020-09-25 07:00:00,26.09,26.09,25.78,25.9,33100
2020-09-28 07:00:00,26.03,26.03,25.84,25.84,11220
2020-09-29 07:00:00,25.84,26.15,25.84,25.9,21310
2020-09-30 07:00:00,25.9,25.96,25.87,25.96,31800
2020-10-01 07:00:00,26.09,27.66,25.96,26.44,82620
2020-10-02 07:00:00,27.63,27.63,26.47,27.28,17510
2020-10-05 07:00:00,27.63,28.29,27.63,27.66,23130
2020-10-06 07:00:00,27.66,29.58,27.66,29.42,105860
2020-10-07 07:00:00,30.18,31.12,29.48,30.49,61570
2020-10-08 07:00:00,30.68,30.81,28.6,29.45,132290
2020-10-09 07:00:00,29.48,29.55,28.92,29.42,30680
2020-10-12 07:00:00,29.42,30.18,29.11,29.23,42370
2020-10-13 07:00:00,29.11,29.3,28.29,28.35,37760
2020-10-14 07:00:00,28.35,29.36,28.35,29.23,42960
2020-10-15 07:00:00,29.23,29.23,28.67,29.17,27890
2020-10-16 07:00:00,29.17,29.17,28.67,28.92,21480
2020-10-19 07:00:00,28.92,28.92,28.67,28.79,8530
2020-10-20 07:00:00,28.86,29.55,28.73,28.89,3630
2020-10-21 07:00:00,28.79,29.2,28.13,28.89,28160
2020-10-22 07:00:00,28.13,28.73,28.13,28.35,31600
2020-10-23 07:00:00,28.35,29.23,28.13,29.17,16180
2020-10-26 07:00:00,29.11,29.17,28.29,28.45,5050
2020-10-27 07:00:00,28.42,28.92,28.42,28.6,4410
2020-10-28 07:00:00,28.42,28.92,26.78,28.42,14150
2020-10-29 07:00:00,27.35,28.23,27.35,27.6,20620
2020-10-30 07:00:00,27.6,29.2,27.41,27.57,15910
2020-11-02 07:00:00,28.92,28.92,27.66,28.29,3010
2020-11-03 07:00:00,28.82,28.82,28.29,28.82,9220
2020-11-04 07:00:00,28.82,29.23,28.6,29.17,16730
2020-11-05 07:00:00,29.42,29.42,28.79,28.79,10890
2020-11-06 07:00:00,28.79,28.92,28.73,28.79,9070
2020-11-09 07:00:00,28.76,29.36,28.76,29.04,5430
2020-11-10 07:00:00,29.04,29.08,28.67,28.67,31970
2020-11-11 07:00:00,29.17,29.17,28.73,28.92,2150
2020-11-12 07:00:00,28.73,29.17,28.73,29.11,5400
2020-11-13 07:00:00,29.11,30.15,28.6,28.79,40990
2020-11-16 07:00:00,28.79,30.18,28.79,29.8,27930
2020-11-17 07:00:00,30.49,30.49,29.86,30.18,23410
2020-11-18 07:00:00,30.05,30.37,29.86,30.05,34890
2020-11-19 07:00:00,30.05,30.05,29.67,29.8,13510
2020-11-20 07:00:00,29.92,29.92,29.55,29.55,21820
2020-11-23 07:00:00,29.86,29.86,29.55,29.74,32860
2020-11-24 07:00:00,29.55,29.74,29.55,29.67,20930
2020-11-25 07:00:00,29.74,29.86,29.55,29.67,21170
2020-11-26 07:00:00,29.67,29.67,29.42,29.67,23110
2020-11-27 07:00:00,29.55,29.86,29.55,29.74,15420
2020-11-30 07:00:00,29.74,29.92,29.67,29.86,64120
2020-12-01 07:00:00,29.8,30.05,29.67,30.05,31970
2020-12-02 07:00:00,31.12,31.87,30.81,31.5,70050
2020-12-03 07:00:00,31.5,32.38,30.71,30.71,66660
2020-12-04 07:00:00,30.68,30.81,30.49,30.68,47540
2020-12-07 07:00:00,30.55,30.55,29.23,29.33,244710
2020-12-08 07:00:00,29.3,29.33,28.86,29.04,198490
2020-12-09 07:00:00,29.52,29.55,29.23,29.48,14700
2020-12-10 07:00:00,29.26,29.48,29.14,29.14,56580
2020-12-11 07:00:00,29.23,29.23,28.79,29.01,122590
2020-12-14 07:00:00,29.04,29.04,28.79,28.86,72210
2020-12-15 07:00:00,28.79,28.79,28.54,28.54,75540
2020-12-16 07:00:00,28.54,28.98,28.54,28.92,42580
2020-12-17 07:00:00,28.92,28.92,28.67,28.73,30780
2020-12-18 07:00:00,28.73,28.92,28.6,28.86,42850
2020-12-21 07:00:00,28.92,29.14,28.92,29.08,35890
2020-12-22 07:00:00,29.08,29.14,28.86,29.04,59300
2020-12-23 07:00:00,29.01,29.01,28.7,28.76,71480
2020-12-24 07:00:00,28.86,28.98,28.54,28.92,55380
2020-12-25 07:00:00,28.92,28.98,28.79,28.98,24200
2020-12-28 07:00:00,29.23,29.23,28.6,28.6,161130
2020-12-29 07:00:00,28.6,28.92,28.6,28.76,34380
2020-12-30 07:00:00,28.86,28.86,28.67,28.76,26510
2020-12-31 07:00:00,28.76,29.42,28.73,29.42,36030
2021-01-04 07:00:00,29.48,29.74,29.39,29.52,103900
2021-01-05 07:00:00,29.92,29.92,29.17,29.23,49300
2021-01-06 07:00:00,29.55,29.55,28.82,29.04,58200
2021-01-07 07:00:00,28.92,28.92,28.76,28.92,86500
2021-01-08 07:00:00,28.92,29.23,28.82,29.08,45600
2021-01-11 07:00:00,29.42,29.8,29.23,29.48,254700
2021-01-12 07:00:00,29.99,30.74,29.8,30.74,547300
2021-01-13 07:00:00,31.06,32.38,30.87,31.56,174800
2021-01-14 07:00:00,31.56,31.75,30.87,31.43,121800
2021-01-15 07:00:00,31.43,31.43,31.03,31.09,171500
2021-01-18 07:00:00,31.03,31.03,30.62,30.68,170000
2021-01-19 07:00:00,30.81,31.09,29.8,29.8,124100
2021-01-20 07:00:00,29.8,30.11,29.23,29.86,104800
2021-01-21 07:00:00,30.18,30.99,29.99,30.99,48500
2021-01-22 07:00:00,30.99,30.99,30.68,30.77,43800
2021-01-25 07:00:00,31.13,31.13,30.71,30.77,39200
2021-01-26 07:00:00,30.74,30.81,29.51,29.74,85200
2021-01-27 07:00:00,29.74,29.77,29.12,29.12,86300
2021-01-28 07:00:00,28.54,28.54,27.11,27.11,201800
2021-01-29 07:00:00,27.04,28.54,26.91,27.82,88700
2021-02-01 07:00:00,27.82,28.08,27.4,27.47,49700
2021-02-02 07:00:00,27.47,28.02,27.4,28.02,28800
2021-02-03 07:00:00,28.02,28.54,27.76,28.21,34700
2021-02-04 07:00:00,28.21,28.34,27.95,28.02,22900
2021-02-05 07:00:00,28.54,28.54,28.08,28.41,9200
2021-02-08 07:00:00,28.96,28.96,28.15,28.21,24300
2021-02-09 07:00:00,28.41,28.76,28.21,28.76,42700
2021-02-17 07:00:00,28.6,29.31,28.6,28.99,41000
2021-02-18 07:00:00,29.44,29.7,29.06,29.57,39900
2021-02-19 07:00:00,29.57,29.57,29.35,29.41,42100
2021-02-22 07:00:00,29.77,29.83,29.41,29.51,19700
2021-02-23 07:00:00,29.57,29.83,29.57,29.7,35700
2021-02-24 07:00:00,29.87,29.87,29.64,29.7,57200
2021-02-25 07:00:00,29.7,29.83,29.61,29.83,35500
2021-02-26 07:00:00,29.83,29.83,29.67,29.77,50000
2021-03-01 07:00:00,30.0,30.74,29.83,30.74,54700
2021-03-02 07:00:00,31.07,31.13,30.68,30.68,24200
2021-03-03 07:00:00,30.68,31.13,30.68,30.84,25200
2021-03-04 07:00:00,30.81,31.1,29.44,29.44,52900
2021-03-05 07:00:00,30.77,30.77,29.64,30.48,16500
2021-03-08 07:00:00,30.81,31.13,30.48,30.58,5100
2021-03-09 07:00:00,30.48,30.58,30.16,30.48,13300
2021-03-10 07:00:00,30.48,30.61,30.29,30.48,13800
2021-03-11 07:00:00,30.48,30.81,30.38,30.48,18300
2021-03-12 07:00:00,30.68,30.68,30.42,30.42,21600
2021-03-15 07:00:00,30.48,30.51,30.48,30.48,25900
2021-03-16 07:00:00,30.48,30.48,30.38,30.42,17600
2021-03-17 07:00:00,30.48,30.87,30.48,30.74,62900
2021-03-18 07:00:00,31.07,31.07,30.71,30.81,8100
2021-03-19 07:00:00,30.81,30.87,30.68,30.68,21500
2021-03-22 07:00:00,30.68,30.68,30.45,30.45,43100
2021-03-23 07:00:00,30.45,30.48,30.29,30.29,21600
2021-03-24 07:00:00,30.64,30.64,29.96,29.96,22200
2021-03-25 07:00:00,29.96,30.45,29.96,30.09,20600
2021-03-26 07:00:00,30.09,30.13,29.31,29.51,21100
2021-03-29 07:00:00,29.9,30.35,29.9,30.35,10500
2021-03-30 07:00:00,30.74,30.74,30.06,30.48,6500
2021-03-31 07:00:00,30.16,30.48,30.0,30.48,24700
2021-04-01 07:00:00,30.48,30.48,30.0,30.48,8400
2021-04-02 07:00:00,30.29,30.61,30.16,30.16,8400
2021-04-05 07:00:00,30.48,30.48,29.96,29.96,17500
2021-04-06 07:00:00,29.96,30.29,29.83,30.03,34300
2021-04-07 07:00:00,30.03,30.29,29.87,30.16,26800
2021-04-08 07:00:00,30.16,30.48,30.09,30.16,27400
2021-04-09 07:00:00,30.16,30.29,30.09,30.16,19700
2021-04-12 07:00:00,30.94,31.45,30.16,31.45,81400
2021-04-13 07:00:00,31.45,31.45,30.94,31.32,66600
2021-04-14 07:00:00,31.32,31.32,30.81,30.81,32200
2021-04-15 07:00:00,30.81,30.94,30.48,30.48,8400
2021-04-16 07:00:00,30.48,30.64,29.96,30.06,25700
2021-04-19 07:00:00,30.06,30.81,30.06,30.61,5400
2021-04-20 07:00:00,30.32,30.64,30.32,30.48,11800
2021-04-22 07:00:00,30.51,30.51,29.83,29.83,19000
2021-04-23 07:00:00,29.57,30.16,29.57,30.16,11000
2021-04-26 07:00:00,30.16,30.61,29.7,30.29,7400
2021-04-27 07:00:00,29.7,30.29,29.7,29.77,7200
2021-04-28 07:00:00,30.35,30.48,29.77,30.22,8200
2021-04-29 07:00:00,30.45,30.45,29.9,30.35,7500
2021-05-04 07:00:00,29.9,30.35,29.18,29.61,47100
2021-05-05 07:00:00,29.64,30.38,29.64,30.22,5700
2021-05-06 07:00:00,30.55,30.55,29.83,30.16,105200
2021-05-07 07:00:00,29.83,30.16,29.83,29.96,18200
2021-05-10 07:00:00,29.83,29.93,29.54,29.93,25900
2021-05-11 07:00:00,29.61,29.83,29.48,29.83,66100
2021-05-12 07:00:00,29.18,29.83,29.18,29.51,96400
2021-05-13 07:00:00,29.51,30.16,29.51,29.77,30300
2021-05-14 07:00:00,29.77,30.06,29.7,29.96,9800
2021-05-17 07:00:00,29.83,29.83,29.7,29.83,11500
2021-05-18 07:00:00,29.7,29.83,29.54,29.54,13200
2021-05-19 07:00:00,29.54,30.09,29.54,30.03,15600
2021-05-20 07:00:00,30.09,30.09,29.9,30.0,4800
2021-05-21 07:00:00,30.0,30.16,29.7,30.03,9800
2021-05-24 07:00:00,29.96,30.81,29.83,30.22,62100
2021-05-25 07:00:00,30.68,30.81,30.16,30.61,18600
2021-05-26 07:00:00,30.61,30.61,30.13,30.13,23700
2021-05-27 07:00:00,30.19,30.68,29.96,30.16,52800
2021-05-28 07:00:00,30.51,30.51,30.03,30.22,90200
2021-05-31 07:00:00,30.38,30.48,30.32,30.38,40200
2021-06-01 07:00:00,30.35,31.26,30.22,31.13,90700
2021-06-02 07:00:00,31.39,31.45,31.26,31.29,66700
2021-06-03 07:00:00,31.36,31.45,31.13,31.13,42900
2021-06-04 07:00:00,31.13,31.36,31.1,31.1,22300
2021-06-07 07:00:00,31.32,31.39,29.18,31.13,25000
2021-06-08 07:00:00,30.48,31.13,30.35,30.81,47700
2021-06-09 07:00:00,30.68,31.26,30.48,31.07,39600
2021-06-10 07:00:00,30.77,31.13,30.77,30.84,12600
2021-06-11 07:00:00,31.39,32.95,31.13,32.95,280200
2021-06-14 07:00:00,35.22,35.22,34.31,34.37,130000
2021-06-15 07:00:00,34.37,34.37,33.72,33.98,40500
2021-06-16 07:00:00,33.72,33.98,32.69,33.53,121800
2021-06-17 07:00:00,32.69,33.92,32.69,33.53,65500
2021-06-18 07:00:00,33.53,34.76,33.34,34.37,72000
2021-06-21 07:00:00,34.37,34.37,33.72,33.85,51400
2021-06-22 07:00:00,33.85,34.76,33.47,33.79,37200
2021-06-23 07:00:00,33.4,33.72,32.75,33.34,69900
2021-06-24 07:00:00,33.34,33.66,32.43,33.27,29800
2021-06-25 07:00:00,33.27,34.37,32.69,33.27,24700
2021-06-28 07:00:00,32.88,33.59,32.82,33.27,46600
2021-06-29 07:00:00,32.95,33.4,32.82,33.01,44800
2021-06-30 07:00:00,33.01,33.4,32.95,33.34,42500
2021-07-01 07:00:00,33.34,33.34,32.88,33.01,48300
2021-07-02 07:00:00,33.4,34.05,32.82,32.88,57200
2021-07-05 07:00:00,32.88,32.88,32.3,32.62,37800
2021-07-06 07:00:00,32.62,32.75,31.78,32.49,43200
2021-07-07 07:00:00,31.71,32.36,31.26,31.58,32600
2021-07-08 07:00:00,31.58,32.56,31.45,31.97,10400
2021-07-09 07:00:00,31.45,31.97,31.45,31.45,11100
2021-07-12 07:00:00,31.13,31.75,29.83,31.45,95800
2021-07-13 07:00:00,31.45,32.1,30.22,31.52,6300
2021-07-14 07:00:00,32.01,32.01,31.13,31.13,18000
2021-07-15 07:00:00,31.13,31.71,31.13,31.65,4400
2021-07-16 07:00:00,31.84,31.84,31.32,31.32,5900
2021-07-19 07:00:00,31.45,32.04,31.2,31.26,24400
2021-07-20 07:00:00,31.75,31.78,31.29,31.78,25300
2021-07-21 07:00:00,32.23,32.23,31.71,31.78,29900
2021-07-22 07:00:00,31.97,33.34,31.97,32.27,17000
2021-07-23 07:00:00,31.78,32.75,31.78,32.27,26200
2021-07-26 07:00:00,32.27,34.11,32.27,34.05,329500
2021-07-27 07:00:00,34.37,34.7,33.59,33.72,89100
2021-07-28 07:00:00,33.66,33.66,33.14,33.53,51400
2021-07-29 07:00:00,33.59,33.59,32.49,32.95,176500
2021-07-30 07:00:00,32.95,33.4,32.82,33.27,117800
2021-08-02 07:00:00,33.66,35.54,33.27,35.54,392300
2021-08-03 07:00:00,35.54,37.23,35.48,36.45,248300
2021-08-04 07:00:00,36.92,36.92,35.43,35.84,147300
2021-08-05 07:00:00,35.29,35.63,34.62,34.75,252600
2021-08-06 07:00:00,34.48,35.7,34.48,34.89,222900
2021-08-09 07:00:00,35.02,37.26,35.02,37.26,283800
2021-08-10 07:00:00,38.35,39.84,38.35,39.84,427800
2021-08-11 07:00:00,42.01,42.63,41.0,41.67,415600
2021-08-12 07:00:00,40.86,44.12,38.96,39.16,420700
2021-08-13 07:00:00,38.21,41.13,37.06,40.72,294800
2021-08-16 07:00:00,41.13,41.13,40.05,40.11,157600
2021-08-17 07:00:00,40.05,40.05,37.47,38.28,215000
2021-08-18 07:00:00,37.94,39.91,37.6,39.03,140400
2021-08-19 07:00:00,39.03,40.05,38.28,38.42,87900
2021-08-20 07:00:00,38.69,39.03,37.4,37.4,199200
2021-08-23 07:00:00,37.4,37.6,35.97,37.26,187900
2021-08-24 07:00:00,37.26,37.4,35.97,36.45,136400
2021-08-25 07:00:00,36.65,36.99,36.04,36.92,74700
2021-08-26 07:00:00,38.01,39.37,37.47,38.55,192100
2021-08-27 07:00:00,38.55,39.23,38.48,38.76,126900
2021-08-30 07:00:00,39.03,39.3,38.35,39.03,100900
2021-08-31 07:00:00,39.03,39.3,38.35,38.35,153700
2021-09-01 07:00:00,38.21,40.59,37.67,40.18,342900
2021-09-06 07:00:00,40.32,41.34,40.32,40.93,130100
2021-09-07 07:00:00,41.27,41.27,39.37,39.44,115400
2021-09-08 07:00:00,38.76,39.23,38.01,38.48,133100
2021-09-09 07:00:00,38.48,39.64,38.35,39.3,84700
2021-09-10 07:00:00,39.64,39.64,38.76,38.96,98100
2021-09-13 07:00:00,38.96,38.96,37.67,38.69,118100
2021-09-14 07:00:00,38.76,38.76,37.81,38.62,105800
2021-09-15 07:00:00,38.55,38.55,37.74,38.35,32900
2021-09-16 07:00:00,38.28,38.28,37.94,37.94,76800
2021-09-17 07:00:00,37.47,38.35,37.47,38.15,83800
2021-09-20 07:00:00,38.15,38.35,37.4,37.53,107300
2021-09-21 07:00:00,37.4,38.21,37.06,38.01,129300
2021-09-22 07:00:00,38.42,38.42,37.67,38.01,62900
2021-09-23 07:00:00,38.48,38.48,37.53,37.6,79900
2021-09-24 07:00:00,37.74,38.01,37.47,37.47,61700
2021-09-27 07:00:00,37.67,37.67,36.99,36.99,138300
2021-09-28 07:00:00,36.92,37.87,36.04,37.6,53100
2021-09-29 07:00:00,37.6,37.6,37.06,37.13,16000
2021-09-30 07:00:00,37.94,38.96,37.67,38.35,135900
2021-10-01 07:00:00,38.35,38.35,37.67,37.81,29900
2021-10-04 07:00:00,37.4,38.01,37.4,38.01,68500
2021-10-05 07:00:00,37.47,38.01,37.47,37.74,52500
2021-10-06 07:00:00,38.69,38.69,37.94,38.28,87000
2021-10-07 07:00:00,38.35,39.37,38.28,39.16,276800
2021-10-08 07:00:00,39.44,39.84,39.03,39.84,151200
2021-10-11 07:00:00,40.52,40.52,39.23,39.37,76400
2021-10-12 07:00:00,39.3,39.57,38.76,39.5,94400
2021-10-13 07:00:00,39.91,39.91,38.89,38.96,85300
2021-10-14 07:00:00,38.96,39.03,38.69,38.69,67400
2021-10-15 07:00:00,38.55,39.3,38.55,38.96,74000
2021-10-18 07:00:00,38.96,40.39,38.69,39.84,123700
2021-10-19 07:00:00,39.23,39.84,38.69,39.84,111500
2021-10-20 07:00:00,39.71,39.71,38.76,38.89,49500
2021-10-21 07:00:00,39.37,40.11,39.37,39.71,101500
2021-10-22 07:00:00,40.05,42.01,40.05,41.4,295200
2021-10-25 07:00:00,42.42,42.42,40.86,41.4,51400
2021-10-26 07:00:00,40.79,41.4,40.05,41.2,100100
2021-10-27 07:00:00,41.34,41.34,40.11,40.79,103000
2021-10-28 07:00:00,40.59,41.88,40.52,41.88,152700
2021-10-29 07:00:00,41.95,41.95,40.79,41.67,75800
2021-11-01 07:00:00,41.74,41.81,41.06,41.13,76700
2021-11-02 07:00:00,41.2,41.2,40.79,40.86,91500
2021-11-03 07:00:00,40.86,41.27,39.98,40.05,135300
2021-11-04 07:00:00,39.64,40.66,39.64,40.32,77400
2021-11-05 07:00:00,40.39,41.2,40.39,41.2,62200
2021-11-08 07:00:00,41.67,41.67,41.27,41.4,113400
2021-11-09 07:00:00,41.47,42.96,41.4,42.63,131200
2021-11-10 07:00:00,43.1,43.1,42.08,42.83,63600
2021-11-11 07:00:00,41.88,42.9,41.88,42.56,83400
2021-11-12 07:00:00,42.76,42.76,41.4,42.01,65900
2021-11-15 07:00:00,41.95,42.42,41.61,42.08,62400
2021-11-16 07:00:00,42.08,43.44,41.54,42.9,141900
2021-11-17 07:00:00,43.03,44.12,42.96,43.44,137000
2021-11-18 07:00:00,43.71,43.71,43.17,43.51,45500
2021-11-19 07:00:00,41.67,43.44,41.67,42.76,117200
2021-11-22 07:00:00,41.95,42.69,41.4,41.95,93800
2021-11-23 07:00:00,41.13,42.08,41.13,42.08,45000
2021-11-24 07:00:00,42.96,42.96,41.2,41.54,39400
2021-11-25 07:00:00,41.61,41.61,41.06,41.4,48100
2021-11-26 07:00:00,41.34,41.4,41.0,41.06,43700
2021-11-29 07:00:00,40.79,41.74,40.39,41.4,64300
2021-11-30 07:00:00,41.47,41.61,41.0,41.0,65000
2021-12-01 07:00:00,40.79,41.34,40.59,40.93,34700
2021-12-02 07:00:00,40.93,41.4,40.72,41.27,95400
2021-12-03 07:00:00,41.74,41.74,40.86,40.93,11100
2021-12-06 07:00:00,40.72,41.13,40.39,40.45,69800
2021-12-07 07:00:00,40.25,41.0,40.25,40.52,16400
2021-12-08 07:00:00,41.06,41.06,40.25,40.66,14300
2021-12-09 07:00:00,40.66,41.06,40.32,40.72,3200
2021-12-10 07:00:00,40.72,42.01,40.72,41.88,55100
2021-12-13 07:00:00,41.81,41.95,41.13,41.54,7000
2021-12-14 07:00:00,42.08,42.08,40.79,41.2,7600
2021-12-15 07:00:00,41.27,42.22,41.13,41.47,37800
2021-12-16 07:00:00,42.01,43.37,41.06,41.61,30400
2021-12-17 07:00:00,41.27,41.67,41.2,41.61,10300
2021-12-20 07:00:00,42.08,42.08,40.66,40.93,38100
2021-12-21 07:00:00,40.86,40.86,40.39,40.59,20100
2021-12-22 07:00:00,40.59,40.66,40.25,40.32,28800
2021-12-23 07:00:00,40.39,41.34,39.91,41.0,38600
2021-12-24 07:00:00,40.18,41.0,40.18,40.72,9700
2021-12-27 07:00:00,40.66,41.0,40.59,40.86,7400
2021-12-28 07:00:00,40.72,40.72,40.25,40.45,15200
2021-12-29 07:00:00,40.39,42.08,40.39,41.0,11500
2021-12-30 07:00:00,41.74,41.74,40.72,41.0,6500
2021-12-31 07:00:00,40.32,41.06,40.18,40.93,11500
2022-01-04 07:00:00,40.86,40.93,40.45,40.59,13400
2022-01-05 07:00:00,40.39,41.34,40.39,40.59,5700
2022-01-06 07:00:00,40.59,41.34,40.59,40.72,30900
2022-01-07 07:00:00,40.72,41.0,40.05,40.52,21100
2022-01-10 07:00:00,40.52,40.72,40.11,40.39,39500
2022-01-11 07:00:00,40.39,40.59,40.25,40.59,7200
2022-01-12 07:00:00,40.86,40.86,40.11,40.59,23900
2022-01-13 07:00:00,40.66,40.93,40.66,40.66,15400
2022-01-14 07:00:00,41.34,41.34,40.79,41.0,8600
2022-01-17 07:00:00,41.55,41.55,40.3,40.3,43100
2022-01-18 07:00:00,39.74,40.93,39.74,40.3,20900
2022-01-19 07:00:00,39.81,40.37,39.81,40.09,12100
2022-01-20 07:00:00,40.51,40.51,40.02,40.3,30000
2022-01-21 07:00:00,39.95,40.44,39.95,40.37,12000
2022-01-24 07:00:00,40.37,40.37,39.67,39.74,26300
2022-01-25 07:00:00,39.46,40.37,39.12,39.67,40200
2022-01-26 07:00:00,40.37,40.37,39.33,39.33,8700
2022-01-27 07:00:00,39.46,39.6,39.19,39.19,13600
2022-01-28 07:00:00,39.19,39.53,39.19,39.53,18100
2022-02-07 07:00:00,41.97,41.97,39.05,40.37,31600
2022-02-08 07:00:00,41.0,41.14,40.37,41.07,31400
2022-02-09 07:00:00,41.07,41.41,41.07,41.27,9600
2022-02-10 07:00:00,41.62,41.62,40.37,41.41,18400
2022-02-11 07:00:00,40.09,41.62,40.09,41.41,26900
2022-02-14 07:00:00,41.41,42.46,41.07,42.46,62300
2022-02-15 07:00:00,41.14,42.81,41.14,41.41,31100
2022-02-16 07:00:00,41.41,42.46,41.34,42.11,33000
2022-02-17 07:00:00,41.41,42.6,41.2,42.46,45700
2022-02-18 07:00:00,41.55,42.46,41.55,42.32,36200
2022-02-21 07:00:00,42.46,43.15,42.46,42.94,65100
2022-02-22 07:00:00,42.88,42.88,41.76,42.39,37500
2022-02-23 07:00:00,42.46,42.46,41.76,42.25,6100
2022-02-24 07:00:00,41.76,42.04,40.93,41.76,36100
2022-02-25 07:00:00,42.04,42.04,41.14,41.9,20600
2022-02-28 07:00:00,41.76,42.18,41.0,41.9,32800
2022-03-01 07:00:00,42.04,42.04,41.14,41.76,8800
2022-03-02 07:00:00,41.69,41.69,41.0,41.0,23500
2022-03-03 07:00:00,41.69,43.01,40.93,42.67,58000
2022-03-04 07:00:00,43.64,43.64,42.32,42.6,15800
2022-03-07 07:00:00,41.41,42.74,41.27,41.27,57500
2022-03-08 07:00:00,40.93,42.74,39.05,39.88,163300
2022-03-09 07:00:00,39.67,41.9,39.4,41.69,101400
2022-03-10 07:00:00,41.62,43.85,41.62,42.32,28100
2022-03-11 07:00:00,42.11,42.11,41.2,41.55,26200
2022-03-14 07:00:00,41.55,41.55,40.37,41.07,40200
2022-03-15 07:00:00,40.44,41.07,40.37,41.07,9400
2022-03-16 07:00:00,40.44,41.48,40.44,40.44,54800
2022-03-17 07:00:00,41.2,41.2,40.51,40.93,5800
2022-03-18 07:00:00,41.07,41.07,40.58,41.0,8200
2022-03-21 07:00:00,41.0,41.07,40.37,41.0,9300
2022-03-22 07:00:00,41.0,41.07,40.79,41.07,36900
2022-03-23 07:00:00,41.07,41.55,41.07,41.48,23200
2022-03-24 07:00:00,41.07,41.48,41.07,41.48,7800
2022-03-25 07:00:00,41.76,42.18,41.07,41.48,8900
2022-03-28 07:00:00,41.9,41.9,40.93,41.41,23700
2022-03-29 07:00:00,41.41,41.41,41.0,41.41,34700
2022-03-30 07:00:00,41.41,41.76,41.2,41.48,29500
2022-03-31 07:00:00,41.55,41.76,41.34,41.69,21800
2022-04-01 07:00:00,41.76,42.18,41.2,42.18,32100
2022-04-04 07:00:00,42.18,42.74,42.18,42.6,29000
2022-04-05 07:00:00,42.81,42.94,42.46,42.6,9200
2022-04-06 07:00:00,41.76,42.6,41.76,42.46,2100
2022-04-07 07:00:00,42.39,42.39,41.9,42.11,6900
2022-04-08 07:00:00,42.46,43.08,41.34,42.11,35800
2022-04-12 07:00:00,42.11,42.11,41.27,41.76,35200
2022-04-13 07:00:00,41.76,42.32,41.62,42.04,4100
2022-04-14 07:00:00,41.9,42.11,41.48,41.76,9400
2022-04-15 07:00:00,41.9,42.39,41.55,42.32,30800
2022-04-18 07:00:00,42.39,42.39,41.83,42.25,55900
2022-04-19 07:00:00,42.25,44.48,42.25,43.36,152700
2022-04-20 07:00:00,43.15,43.15,41.9,41.9,36300
2022-04-21 07:00:00,41.9,42.46,41.48,42.11,15600
2022-04-22 07:00:00,41.41,42.11,39.33,39.33,94600
2022-04-25 07:00:00,39.33,40.37,39.33,40.02,27400
2022-04-26 07:00:00,39.95,40.37,39.67,40.37,14400
2022-04-27 07:00:00,40.37,41.76,40.3,41.34,9400
2022-04-28 07:00:00,41.34,41.34,40.3,41.0,3600
2022-04-29 07:00:00,41.76,41.76,40.44,41.0,7000
2022-05-04 07:00:00,41.34,41.34,40.3,40.37,36400
2022-05-05 07:00:00,41.07,41.76,40.23,40.72,7300
2022-05-06 07:00:00,41.48,41.48,40.37,40.65,27200
2022-05-09 07:00:00,39.33,40.44,39.33,39.67,13400
2022-05-10 07:00:00,39.53,39.67,38.56,39.67,22300
2022-05-11 07:00:00,40.37,40.37,40.23,40.23,36600
2022-05-12 07:00:00,40.23,40.23,39.05,39.26,4600
2022-05-13 07:00:00,38.28,38.63,36.89,37.52,26500
2022-05-16 07:00:00,37.52,37.93,36.54,37.59,11600
2022-05-17 07:00:00,37.59,40.16,37.31,38.21,7300
2022-05-18 07:00:00,39.6,39.6,39.05,39.05,2000
2022-05-19 07:00:00,39.05,39.05,39.05,39.05,3500
2022-05-20 07:00:00,39.53,39.53,38.28,38.7,46300
2022-05-23 07:00:00,39.53,39.53,38.63,39.05,900
2022-05-24 07:00:00,39.05,39.05,38.91,38.98,17400
2022-05-25 07:00:00,38.98,39.33,38.98,39.19,16400
2022-05-26 07:00:00,39.67,39.88,39.26,39.53,33300
2022-05-27 07:00:00,39.67,40.16,39.53,40.09,72600
2022-05-30 07:00:00,40.16,40.72,40.16,40.51,30100
2022-05-31 07:00:00,40.3,41.0,40.02,40.02,34600
2022-06-01 07:00:00,40.02,40.37,39.74,40.3,28200
2022-06-02 07:00:00,40.3,40.72,40.3,40.51,61600
2022-06-03 07:00:00,41.0,41.0,40.44,40.44,39700
2022-06-06 07:00:00,40.44,40.65,40.44,40.51,93900
2022-06-07 07:00:00,40.58,40.58,39.88,40.37,96700
2022-06-08 07:00:00,40.37,40.44,40.3,40.44,54000
2022-06-09 07:00:00,40.44,40.51,40.22,40.37,46900
2022-06-10 07:00:00,39.99,39.99,39.03,39.03,35000
2022-06-13 07:00:00,38.51,38.51,37.03,37.7,54100
2022-06-14 07:00:00,37.18,37.7,36.7,37.11,37900
2022-06-15 07:00:00,37.11,39.55,36.96,37.7,21100
2022-06-16 07:00:00,38.37,38.51,37.92,38.29,21000
2022-06-17 07:00:00,38.07,38.14,37.4,38.14,15500
2022-06-20 07:00:00,37.55,38.14,37.4,37.4,10900
2022-06-21 07:00:00,38.66,38.66,37.03,37.4,6100
2022-06-22 07:00:00,38.74,38.74,36.81,37.03,7600
2022-06-23 07:00:00,37.77,37.77,36.66,37.4,3000
2022-06-24 07:00:00,37.55,37.7,37.03,37.7,5100
2022-06-27 07:00:00,37.7,38.14,37.4,37.55,6000
2022-06-28 07:00:00,38.81,38.81,37.18,37.4,4000
2022-06-29 07:00:00,37.4,38.51,37.4,38.44,31000
2022-06-30 07:00:00,38.44,38.74,38.44,38.44,20800
2022-07-01 07:00:00,38.37,38.37,37.92,37.92,4400
2022-07-04 07:00:00,38.14,38.74,37.77,38.29,3900
2022-07-05 07:00:00,37.77,38.14,37.25,38.14,7100
2022-07-06 07:00:00,38.14,38.37,37.25,37.25,5000
2022-07-07 07:00:00,37.77,37.85,37.4,37.77,3800
2022-07-08 07:00:00,38.14,38.14,37.77,37.85,2700
2022-07-11 07:00:00,37.85,37.85,37.25,37.77,6600
2022-07-12 07:00:00,38.44,38.44,37.77,38.14,2400
2022-07-13 07:00:00,38.51,38.51,37.77,38.22,5900
2022-07-14 07:00:00,38.22,38.22,37.85,38.0,6500
2022-07-15 07:00:00,38.0,38.0,37.33,37.77,5500
2022-07-18 07:00:00,37.77,38.14,37.77,38.14,2200
2022-07-19 07:00:00,38.14,38.14,37.92,38.0,2900
2022-07-20 07:00:00,38.51,39.62,38.22,38.81,19900
2022-07-21 07:00:00,38.81,38.96,38.66,38.74,19700
2022-07-22 07:00:00,38.96,38.96,38.51,38.51,10500
2022-07-25 07:00:00,38.44,38.44,37.92,38.37,8100
2022-07-26 07:00:00,37.77,37.85,37.77,37.85,8500
2022-07-27 07:00:00,38.29,38.44,37.77,38.44,1800
2022-07-28 07:00:00,38.22,38.88,38.22,38.88,5800
2022-07-29 07:00:00,38.51,38.59,38.22,38.59,8300
2022-08-01 07:00:00,38.59,41.25,38.59,40.14,13400
2022-08-02 07:00:00,40.07,40.07,38.22,39.55,7800
2022-08-03 07:00:00,39.4,39.4,38.59,38.59,6100
2022-08-04 07:00:00,38.59,39.62,38.51,39.18,4200
2022-08-05 07:00:00,39.4,39.4,38.51,39.18,1700
2022-08-08 07:00:00,39.18,39.18,38.59,38.96,4800
2022-08-09 07:00:00,38.96,38.96,38.51,38.74,18600
2022-08-10 07:00:00,38.59,39.25,38.59,38.88,16800
2022-08-11 07:00:00,39.18,39.18,38.51,38.59,11900
2022-08-12 07:00:00,38.88,38.88,38.51,38.74,7600
2022-08-15 07:00:00,38.51,39.03,37.92,38.07,54200
2022-08-16 07:00:00,38.51,38.51,38.14,38.37,13300
2022-08-17 07:00:00,38.44,38.59,38.07,38.44,10200
2022-08-18 07:00:00,38.44,38.51,38.22,38.22,7100
2022-08-19 07:00:00,38.44,38.74,37.77,38.37,25700
2022-08-22 07:00:00,38.66,38.66,38.44,38.44,2500
2022-08-23 07:00:00,38.37,38.37,38.14,38.14,2400
2022-08-24 07:00:00,38.88,38.88,38.29,38.44,10200
2022-08-25 07:00:00,38.44,38.59,38.44,38.51,11900
2022-08-26 07:00:00,38.66,38.66,37.77,38.44,21900
2022-08-29 07:00:00,38.37,38.74,37.85,38.59,13000
2022-08-30 07:00:00,38.59,38.59,37.77,38.44,3900
2022-08-31 07:00:00,38.37,40.74,37.92,38.96,23200
2022-09-05 07:00:00,38.96,38.96,38.14,38.81,900
2022-09-06 07:00:00,38.51,38.51,37.92,38.37,45300
2022-09-07 07:00:00,38.81,38.81,38.22,38.22,4000
2022-09-08 07:00:00,38.22,38.51,37.48,38.44,7000
2022-09-09 07:00:00,38.14,38.74,37.77,38.59,11500
2022-09-12 07:00:00,38.51,38.51,38.22,38.51,3400
2022-09-13 07:00:00,38.51,38.51,37.85,38.51,13000
2022-09-14 07:00:00,38.51,38.74,38.51,38.59,5400
2022-09-15 07:00:00,38.51,38.59,38.22,38.59,800
2022-09-16 07:00:00,38.0,38.59,37.85,38.51,3400
2022-09-19 07:00:00,38.14,38.51,38.14,38.51,9000
2022-09-20 07:00:00,37.77,38.44,37.03,37.77,19600
2022-09-21 07:00:00,38.44,38.44,37.77,38.07,2900
2022-09-22 07:00:00,37.92,38.07,37.77,38.07,5100
2022-09-23 07:00:00,38.07,38.07,38.07,38.07,300
2022-09-26 07:00:00,37.4,37.7,37.33,37.7,6200
2022-09-27 07:00:00,37.11,38.44,37.11,38.14,2000
2022-09-28 07:00:00,38.07,38.07,37.18,37.48,8900
2022-09-29 07:00:00,38.37,38.37,38.07,38.07,1300
2022-09-30 07:00:00,37.4,38.07,36.74,38.07,12600
2022-10-03 07:00:00,37.77,38.0,37.25,37.77,4100
2022-10-04 07:00:00,37.77,37.77,37.25,37.4,7000
2022-10-05 07:00:00,37.7,37.77,37.03,37.7,4600
2022-10-06 07:00:00,37.11,37.18,35.07,37.18,11000
2022-10-07 07:00:00,37.18,37.33,36.37,36.66,7000
2022-10-10 07:00:00,35.48,37.62,35.48,36.14,6000
2022-10-11 07:00:00,36.44,36.44,35.11,35.11,11500
2022-10-12 07:00:00,35.55,36.07,35.55,36.07,4600
2022-10-13 07:00:00,36.62,37.0,36.29,37.0,21400
2022-10-14 07:00:00,36.66,36.66,35.63,36.66,3400
2022-10-17 07:00:00,37.03,37.03,35.92,35.92,5300
2022-10-18 07:00:00,37.62,37.7,37.03,37.33,5000
2022-10-19 07:00:00,37.4,37.4,37.03,37.18,4300
2022-10-20 07:00:00,35.92,37.25,35.92,37.25,2900
2022-10-21 07:00:00,37.25,37.25,36.66,37.11,1500
2022-10-24 07:00:00,37.03,37.03,36.0,36.96,3400
2022-10-25 07:00:00,36.96,36.96,35.11,36.07,4800
2022-10-26 07:00:00,36.96,36.96,35.7,36.4,1100
2022-10-27 07:00:00,36.81,36.81,35.63,36.66,6100
2022-10-28 07:00:00,36.51,36.66,36.51,36.51,1800
2022-10-31 07:00:00,36.66,36.66,35.92,36.22,1600
2022-11-01 07:00:00,38.14,38.14,35.85,36.37,4100
2022-11-02 07:00:00,36.88,36.92,36.66,36.74,1500
2022-11-03 07:00:00,36.66,36.66,36.66,36.66,100
2022-11-04 07:00:00,36.59,36.59,35.77,35.92,4000
2022-11-07 07:00:00,35.92,35.92,35.18,35.44,11400
2022-11-08 07:00:00,36.96,36.96,35.22,35.22,1400
2022-11-09 07:00:00,37.03,37.03,34.81,35.18,12900
2022-11-10 07:00:00,34.14,34.44,34.07,34.33,6900
2022-11-11 07:00:00,34.33,34.33,33.33,34.07,4400
2022-11-14 07:00:00,33.33,33.33,32.07,32.51,9400
2022-11-15 07:00:00,32.7,32.7,30.26,31.74,20600
2022-11-16 07:00:00,30.74,31.14,29.63,31.11,15600
2022-11-17 07:00:00,31.48,31.63,31.48,31.48,23300
2022-11-18 07:00:00,31.55,31.7,31.26,31.48,25800
2022-11-21 07:00:00,31.11,31.59,31.11,31.48,5000
2022-11-22 07:00:00,31.59,31.59,31.48,31.48,5700
2022-11-23 07:00:00,32.85,32.85,31.7,32.29,1000
2022-11-24 07:00:00,31.11,31.33,31.11,31.33,19500
2022-11-25 07:00:00,32.22,32.22,31.48,32.22,8100
2022-11-28 07:00:00,32.29,34.44,32.22,32.59,13800
2022-11-29 07:00:00,34.44,34.74,32.74,34.51,10300
2022-11-30 07:00:00,34.44,36.81,33.77,36.81,17400
2022-12-01 07:00:00,34.85,35.55,34.85,35.25,20800
2022-12-02 07:00:00,35.55,35.55,34.14,34.7,9100
2022-12-05 07:00:00,34.7,34.7,34.14,34.59,5100
2022-12-06 07:00:00,34.11,35.51,34.11,34.7,3200
2022-12-07 07:00:00,34.22,34.22,33.55,33.92,6300
2022-12-08 07:00:00,33.92,34.07,33.66,34.03,10100
2022-12-09 07:00:00,33.48,34.0,33.33,34.0,8500
2022-12-12 07:00:00,35.55,35.55,33.33,34.0,27400
2022-12-13 07:00:00,33.44,35.4,33.44,34.07,17100
2022-12-14 07:00:00,34.83,34.83,34.07,34.07,13200
2022-12-15 07:00:00,33.43,34.83,33.43,34.11,2400
2022-12-16 07:00:00,34.11,34.79,33.43,34.26,2000
2022-12-19 07:00:00,34.26,34.83,34.07,34.3,20800
2022-12-20 07:00:00,34.37,34.68,34.07,34.37,18500
2022-12-21 07:00:00,34.11,34.11,34.07,34.07,2800
2022-12-22 07:00:00,34.07,34.45,33.05,34.45,3700
2022-12-23 07:00:00,34.79,34.79,34.64,34.64,1200
2022-12-26 07:00:00,34.64,34.64,33.35,34.6,2000
2022-12-27 07:00:00,33.39,35.43,33.39,34.83,1600
2022-12-28 07:00:00,34.83,34.83,33.39,34.83,2600
2022-12-29 07:00:00,34.83,35.13,34.68,35.05,28900
2022-12-30 07:00:00,35.05,35.05,34.68,34.75,9000
2023-01-03 07:00:00,34.75,35.28,34.22,34.83,11900
2023-01-04 07:00:00,34.83,34.86,34.83,34.83,12000
2023-01-05 07:00:00,34.83,35.21,34.83,34.9,7000
2023-01-06 07:00:00,35.05,35.21,35.05,35.21,13500
2023-01-09 07:00:00,35.21,35.32,35.17,35.24,22000
2023-01-10 07:00:00,35.36,35.36,35.13,35.21,16000
2023-01-11 07:00:00,34.83,35.43,34.83,35.21,24500
2023-01-12 07:00:00,35.21,35.21,35.13,35.17,5200
2023-01-13 07:00:00,35.17,35.21,34.83,35.17,15200
2023-01-16 07:00:00,35.58,35.58,35.13,35.28,25300
2023-01-17 07:00:00,35.28,35.58,35.13,35.51,11300
2023-01-18 07:00:00,35.58,35.92,35.51,35.51,8900
2023-01-19 07:00:00,35.58,36.34,35.28,36.34,38700
2023-01-27 07:00:00,36.42,37.78,35.51,36.34,41000
2023-01-30 07:00:00,36.34,36.72,35.58,36.72,28200
2023-01-31 07:00:00,36.72,37.74,36.27,36.27,33100
2023-02-01 07:00:00,35.96,38.76,35.96,36.34,45700
2023-02-02 07:00:00,36.34,36.34,35.58,36.27,28600
2023-02-03 07:00:00,36.19,36.27,35.58,35.96,8800
2023-02-06 07:00:00,36.34,36.34,36.04,36.04,1800
2023-02-07 07:00:00,36.34,36.34,36.0,36.27,6200
2023-02-08 07:00:00,36.27,36.27,35.58,36.19,37400
2023-02-09 07:00:00,36.19,36.27,35.58,36.27,23100
2023-02-10 07:00:00,36.27,36.64,36.19,36.3,3800
2023-02-13 07:00:00,36.11,36.45,35.13,35.89,34200
2023-02-14 07:00:00,35.89,35.89,35.81,35.89,5300
2023-02-15 07:00:00,35.89,36.34,35.66,36.27,5600
2023-02-16 07:00:00,36.34,36.34,35.74,36.27,1100
2023-02-17 07:00:00,36.27,36.72,36.27,36.72,66700
2023-02-20 07:00:00,36.72,36.72,36.34,36.64,14700
2023-02-21 07:00:00,36.64,36.64,35.81,36.34,36200
2023-02-22 07:00:00,35.85,36.34,35.74,36.3,7900
2023-02-23 07:00:00,36.3,36.3,35.09,36.04,29700
2023-02-24 07:00:00,36.27,36.27,35.85,36.19,2100
2023-02-27 07:00:00,36.04,36.04,35.74,35.85,5100
2023-02-28 07:00:00,36.34,38.08,35.81,38.08,26700
2023-03-01 07:00:00,35.96,37.63,35.96,37.1,3500
2023-03-02 07:00:00,36.34,36.95,36.27,36.95,14800
2023-03-03 07:00:00,35.89,36.95,35.89,36.87,18000
2023-03-06 07:00:00,36.87,36.87,36.72,36.72,16300
2023-03-07 07:00:00,36.72,36.72,36.34,36.72,7500
2023-03-08 07:00:00,36.72,36.72,36.34,36.72,6000
2023-03-09 07:00:00,37.1,38.99,36.34,37.36,191800
2023-03-10 07:00:00,36.8,37.86,36.8,37.86,37600
2023-03-13 07:00:00,37.86,38.61,37.78,38.54,71400
2023-03-14 07:00:00,38.46,38.99,36.34,38.54,41500
2023-03-15 07:00:00,38.54,38.54,37.17,37.86,22900
2023-03-16 07:00:00,37.86,37.86,37.33,37.74,19800
2023-03-17 07:00:00,37.78,37.86,37.63,37.78,45700
2023-03-20 07:00:00,37.78,37.78,37.17,37.78,3600
2023-03-21 07:00:00,37.17,37.78,37.1,37.78,8900
2023-03-22 07:00:00,37.1,37.78,37.1,37.74,5500
2023-03-23 07:00:00,37.74,38.08,37.63,37.78,18500
2023-03-24 07:00:00,36.87,37.78,36.87,37.78,5600
2023-03-27 07:00:00,37.78,37.86,37.67,37.86,19600
2023-03-28 07:00:00,37.86,37.86,37.86,37.86,400
2023-03-29 07:00:00,36.42,37.86,36.34,37.86,15500
2023-03-30 07:00:00,37.7,37.86,37.25,37.86,2700
2023-03-31 07:00:00,37.48,38.23,37.48,38.16,17000
2023-04-03 07:00:00,37.86,38.16,37.55,37.78,3500
2023-04-04 07:00:00,37.78,38.16,37.74,37.86,6500
2023-04-05 07:00:00,37.86,37.86,37.48,37.86,1300
2023-04-06 07:00:00,38.08,38.08,37.33,37.93,5400
2023-04-07 07:00:00,37.86,40.35,37.86,38.61,8900
2023-04-10 07:00:00,38.08,38.54,37.48,38.46,2700
2023-04-11 07:00:00,37.86,40.88,37.7,40.88,21800
2023-04-12 07:00:00,38.39,40.88,38.08,40.81,82100
2023-04-13 07:00:00,38.61,40.13,38.01,39.67,66300
2023-04-14 07:00:00,39.67,39.67,37.48,38.84,26900
2023-04-17 07:00:00,38.61,38.76,37.48,38.16,26200
2023-04-18 07:00:00,38.23,38.23,37.55,37.86,22100
2023-04-19 07:00:00,37.86,38.01,37.1,37.86,7600
2023-04-20 07:00:00,37.86,37.93,37.4,37.82,10300
2023-04-21 07:00:00,37.86,38.99,37.86,38.39,112900
2023-04-24 07:00:00,39.29,39.29,37.82,38.16,38600
2023-04-25 07:00:00,37.86,38.92,37.48,37.78,35900
2023-04-26 07:00:00,37.86,37.86,37.1,37.48,21100
2023-04-27 07:00:00,37.48,37.74,36.83,37.63,34900
2023-04-28 07:00:00,37.25,38.23,37.1,37.78,14900
2023-05-04 07:00:00,37.63,37.7,37.1,37.33,65400
2023-05-05 07:00:00,36.87,37.48,36.87,37.4,7300
2023-05-08 07:00:00,37.4,37.48,37.1,37.29,29800
2023-05-09 07:00:00,37.25,37.25,37.06,37.1,36900
2023-05-10 07:00:00,37.1,37.4,36.98,37.1,37200
2023-05-11 07:00:00,37.48,37.48,37.02,37.25,63100
2023-05-12 07:00:00,37.33,37.33,37.02,37.25,27000
2023-05-15 07:00:00,37.25,37.48,37.02,37.33,80500
2023-05-16 07:00:00,37.4,37.4,36.72,36.72,79500
2023-05-17 07:00:00,37.06,37.1,36.72,36.72,7500
2023-05-18 07:00:00,37.1,37.25,36.87,37.17,28700
2023-05-19 07:00:00,37.1,37.33,36.34,37.1,18700
2023-05-22 07:00:00,37.82,39.29,37.63,39.29,106700
2023-05-23 07:00:00,39.67,39.67,38.76,38.92,19900
2023-05-24 07:00:00,38.92,38.92,38.54,38.84,23800
2023-05-25 07:00:00,39.22,39.29,38.76,38.84,19500
2023-05-26 07:00:00,38.99,38.99,38.16,38.39,68100
2023-05-29 07:00:00,38.61,38.69,38.39,38.61,17300
2023-05-30 07:00:00,39.29,39.67,39.07,39.22,36900
2023-05-31 07:00:00,39.37,39.45,39.07,39.14,29400
2023-06-01 07:00:00,39.14,39.37,38.84,38.84,4900
2023-06-02 07:00:00,39.75,39.75,39.52,39.52,18300
2023-06-05 07:00:00,39.75,41.04,39.75,40.81,103300
2023-06-06 07:00:00,40.88,41.41,40.88,41.41,34500
2023-06-07 07:00:00,41.34,41.41,41.26,41.34,16300
2023-06-08 07:00:00,42.1,42.32,41.64,41.64,15900
2023-06-09 07:00:00,41.26,41.26,40.66,40.96,26600
2023-06-12 07:00:00,42.25,42.32,41.64,41.94,38500
2023-06-13 07:00:00,41.94,41.94,41.72,41.79,10700
2023-06-14 07:00:00,42.4,43.91,42.4,43.61,142600
2023-06-15 07:00:00,43.61,45.05,43.61,44.44,120700
2023-06-16 07:00:00,44.67,44.82,43.15,44.44,47100
2023-06-19 07:00:00,45.2,45.2,42.4,44.37,50000
2023-06-20 07:00:00,44.82,44.82,43.91,44.37,22700
2023-06-21 07:00:00,44.37,44.52,44.21,44.44,28300
2023-06-22 07:00:00,44.59,44.82,44.52,44.74,46600
2023-06-23 07:00:00,44.82,45.05,44.74,44.9,38600
2023-06-26 07:00:00,45.12,46.26,45.12,46.26,195000
2023-06-27 07:00:00,46.94,47.32,46.86,46.86,195100
2023-06-28 07:00:00,46.29,46.86,45.96,46.37,88700
2023-06-29 07:00:00,45.96,46.37,45.71,45.71,39700
2023-06-30 07:00:00,44.23,45.71,44.23,44.81,41500
2023-07-03 07:00:00,44.81,45.22,44.72,45.22,19800
2023-07-04 07:00:00,45.05,45.96,42.09,45.22,45000
2023-07-05 07:00:00,43.65,45.3,43.65,44.89,55300
2023-07-06 07:00:00,44.89,45.05,44.06,44.48,21000
2023-07-07 07:00:00,44.48,44.48,44.39,44.39,11500
2023-07-10 07:00:00,44.64,44.97,44.48,44.81,31400
2023-07-11 07:00:00,44.89,45.71,44.89,45.63,33400
2023-07-12 07:00:00,45.63,46.37,45.63,45.79,26600
2023-07-13 07:00:00,45.88,45.88,45.3,45.3,13300
2023-07-14 07:00:00,45.3,45.46,45.22,45.38,23700
2023-07-17 07:00:00,45.38,45.55,45.22,45.46,78600
2023-07-18 07:00:00,45.3,45.46,45.3,45.3,23400
2023-07-19 07:00:00,45.3,47.03,45.3,47.03,101100
2023-07-20 07:00:00,48.35,48.35,47.11,48.35,66800
2023-07-21 07:00:00,49.01,49.58,48.43,49.42,86100
2023-07-24 07:00:00,47.77,49.01,47.77,48.68,75100
2023-07-25 07:00:00,48.76,49.17,48.68,49.01,83100
2023-07-26 07:00:00,49.42,49.67,49.34,49.58,94800
2023-07-27 07:00:00,49.67,50.08,49.58,50.08,39300
2023-07-28 07:00:00,50.08,50.08,48.59,49.42,65200
2023-07-31 07:00:00,49.42,50.08,49.42,49.99,52900
2023-08-01 07:00:00,50.24,50.32,49.42,49.75,29400
2023-08-02 07:00:00,50.32,50.32,49.42,49.67,35800
2023-08-03 07:00:00,48.84,49.67,48.84,49.34,33300
2023-08-04 07:00:00,49.25,49.42,49.25,49.25,9900
2023-08-07 07:00:00,48.92,49.58,48.92,49.42,30300
2023-08-08 07:00:00,49.42,49.58,49.42,49.5,10300
2023-08-09 07:00:00,49.42,49.5,49.34,49.42,35200
2023-08-10 07:00:00,49.25,49.42,48.92,49.09,8500
2023-08-11 07:00:00,48.84,49.42,48.76,49.42,8100
2023-08-14 07:00:00,49.67,50.08,49.67,49.83,6200
2023-08-15 07:00:00,49.83,50.08,49.83,49.91,11700
2023-08-16 07:00:00,49.91,50.08,49.91,49.91,7800
2023-08-17 07:00:00,49.58,50.08,49.58,50.08,3400
2023-08-18 07:00:00,50.08,50.16,48.59,49.42,12800
2023-08-21 07:00:00,46.29,49.17,46.21,47.85,103400
2023-08-22 07:00:00,47.85,48.59,46.95,48.35,29500
2023-08-23 07:00:00,48.59,48.84,47.77,48.51,81600
2023-08-24 07:00:00,47.36,49.25,47.36,49.25,23100
2023-08-25 07:00:00,49.25,49.42,49.09,49.17,29200
2023-08-28 07:00:00,49.17,49.42,47.77,48.18,13200
2023-08-29 07:00:00,48.27,49.01,48.27,48.68,5900
2023-08-30 07:00:00,49.25,49.25,48.59,49.01,6000
2023-08-31 07:00:00,48.43,52.38,48.43,51.39,49900
2023-09-05 07:00:00,51.39,51.48,49.67,50.32,12500
2023-09-06 07:00:00,50.32,50.82,50.32,50.82,16100
2023-09-07 07:00:00,50.08,50.98,50.08,50.9,12400
2023-09-08 07:00:00,50.9,51.48,50.57,51.23,27100
2023-09-11 07:00:00,51.48,52.05,51.39,51.39,43900
2023-09-12 07:00:00,50.41,51.89,50.32,50.32,22200
2023-09-13 07:00:00,50.24,51.89,50.24,50.65,13700
2023-09-14 07:00:00,50.74,51.48,50.74,51.23,9300
2023-09-15 07:00:00,50.65,51.81,50.65,51.81,35100
2023-09-18 07:00:00,51.89,52.22,51.89,52.22,17100
2023-09-19 07:00:00,52.71,53.12,52.3,52.96,28600
2023-09-20 07:00:00,53.29,53.54,53.29,53.37,11200
2023-09-21 07:00:00,52.71,52.71,52.05,52.63,9800
2023-09-22 07:00:00,51.31,52.14,51.23,51.97,12200
2023-09-25 07:00:00,52.71,52.71,50.41,51.97,22200
2023-09-26 07:00:00,51.56,51.97,50.9,50.9,12700
2023-09-27 07:00:00,50.82,51.89,50.82,51.89,10800
2023-09-28 07:00:00,51.89,53.54,51.89,52.88,15600
2023-09-29 07:00:00,53.54,53.7,53.12,53.21,15400
2023-10-02 07:00:00,53.54,53.54,53.21,53.21,8500
2023-10-03 07:00:00,52.71,52.88,52.55,52.71,10200
2023-10-04 07:00:00,52.71,53.12,52.71,52.8,1300
2023-10-05 07:00:00,52.38,53.12,52.38,52.71,2900
2023-10-06 07:00:00,52.71,53.12,52.71,52.88,12400
2023-10-09 07:00:00,53.04,53.7,53.04,53.12,5000
2023-10-10 07:00:00,53.12,54.28,53.12,53.7,2500
2023-10-11 07:00:00,53.21,53.45,53.21,53.45,600
2023-10-12 07:00:00,53.12,53.54,53.12,53.45,4600
2023-10-13 07:00:00,53.54,53.95,53.45,53.54,3400
2023-10-16 07:00:00,53.29,53.7,53.29,53.29,1800
2023-10-17 07:00:00,53.29,53.29,53.04,53.04,27000
2023-10-18 07:00:00,53.04,53.29,51.64,52.96,31800
2023-10-19 07:00:00,52.96,52.96,52.3,52.47,30200
2023-10-20 07:00:00,49.42,51.89,49.42,51.89,9300
2023-10-23 07:00:00,49.83,51.89,49.83,51.89,700
2023-10-24 07:00:00,51.89,51.89,51.48,51.72,4300
2023-10-25 07:00:00,51.64,51.64,51.64,51.64,2800
2023-10-26 07:00:00,49.99,51.07,49.99,50.24,2600
2023-10-27 07:00:00,50.24,50.98,50.24,50.98,6500
2023-10-30 07:00:00,51.81,51.89,50.98,51.31,15300
2023-10-31 07:00:00,51.31,51.48,50.24,51.07,2400
2023-11-01 07:00:00,50.65,51.48,50.24,50.24,22000
2023-11-02 07:00:00,50.24,51.07,50.24,50.24,59300
2023-11-03 07:00:00,50.32,50.65,47.94,49.42,83900
2023-11-06 07:00:00,49.83,50.9,49.83,49.83,4900
2023-11-07 07:00:00,50.24,50.24,49.5,50.16,48700
2023-11-08 07:00:00,50.57,50.57,49.58,50.16,14700
2023-11-09 07:00:00,50.16,50.24,49.83,50.16,28500
2023-11-10 07:00:00,50.16,50.16,49.01,49.01,80600
2023-11-13 07:00:00,49.09,49.83,49.09,49.17,4200
2023-11-14 07:00:00,49.99,49.99,49.99,49.99,300
2023-11-15 07:00:00,50.24,50.24,49.67,49.91,15900
2023-11-16 07:00:00,49.67,49.67,49.09,49.5,8500
2023-11-17 07:00:00,49.42,49.58,49.17,49.42,21500
2023-11-20 07:00:00,49.42,49.5,49.42,49.42,7500
2023-11-21 07:00:00,49.42,49.5,49.17,49.42,4700
2023-11-22 07:00:00,49.34,50.24,49.25,49.42,16200
2023-11-23 07:00:00,49.75,50.24,49.42,49.42,32200
2023-11-24 07:00:00,49.42,49.58,48.59,48.59,20500
2023-11-27 07:00:00,49.5,49.83,49.42,49.83,16700
2023-11-28 07:00:00,50.65,50.98,50.24,50.65,46700
2023-11-29 07:00:00,51.64,52.71,51.56,52.71,36200
2023-11-30 07:00:00,52.71,53.62,52.71,53.45,31500
2023-12-01 07:00:00,53.95,53.95,52.96,53.45,6900
2023-12-04 07:00:00,53.45,53.45,51.81,52.3,42300
2023-12-05 07:00:00,53.54,53.54,52.71,53.12,12200
2023-12-06 07:00:00,53.37,53.37,51.97,53.12,4300
2023-12-07 07:00:00,53.12,53.62,52.88,53.45,19100
2023-12-08 07:00:00,53.12,53.54,53.12,53.37,12500
2023-12-11 07:00:00,53.12,53.95,53.12,53.95,48800
2023-12-12 07:00:00,53.95,54.36,53.29,53.29,13400
2023-12-13 07:00:00,53.37,55.35,53.37,53.54,8000
2023-12-14 07:00:00,55.1,55.18,53.54,54.36,21800
2023-12-15 07:00:00,54.36,54.36,53.54,53.54,11400
2023-12-18 07:00:00,53.28,55.25,53.28,53.54,5000
2023-12-19 07:00:00,53.54,54.39,53.54,53.96,9600
2023-12-20 07:00:00,53.96,56.11,53.96,55.93,67900
2023-12-21 07:00:00,56.53,56.71,56.36,56.53,35700
2023-12-22 07:00:00,54.99,59.1,54.99,59.1,56200
2023-12-25 07:00:00,56.79,62.1,56.79,62.1,58700
2023-12-26 07:00:00,64.16,64.16,59.79,63.39,60300
2023-12-27 07:00:00,61.42,63.39,59.96,63.3,75000
2023-12-28 07:00:00,62.53,62.53,60.82,62.36,7400
2023-12-29 07:00:00,62.36,62.36,59.87,61.59,9900
2024-01-02 07:00:00,61.67,61.67,59.79,59.96,61700
2024-01-03 07:00:00,61.07,61.07,59.7,59.7,17600
2024-01-04 07:00:00,59.1,59.1,56.96,58.59,74800
2024-01-05 07:00:00,58.16,58.16,56.88,57.05,27100
2024-01-08 07:00:00,56.79,58.08,56.53,56.62,31300
2024-01-09 07:00:00,56.96,57.48,56.53,57.39,44100
2024-01-10 07:00:00,57.65,58.93,57.65,58.16,23300
2024-01-11 07:00:00,58.33,58.42,57.9,57.99,18100
2024-01-12 07:00:00,57.9,58.5,57.56,58.16,10900
2024-01-15 07:00:00,58.33,58.33,57.05,58.08,8800
2024-01-16 07:00:00,58.08,58.08,56.79,56.79,23000
2024-01-17 07:00:00,57.39,57.39,56.62,57.13,69900
2024-01-18 07:00:00,57.9,58.16,57.56,57.82,7800
2024-01-19 07:00:00,57.82,58.08,57.82,57.9,21100
2024-01-22 07:00:00,57.9,57.9,57.39,57.73,9700
2024-01-23 07:00:00,58.08,58.08,57.39,57.73,5100
2024-01-24 07:00:00,57.39,58.42,57.39,58.25,12900
2024-01-25 07:00:00,58.42,58.42,57.82,58.25,12000
2024-01-26 07:00:00,58.25,58.68,58.25,58.33,6600
2024-01-29 07:00:00,58.5,59.02,57.31,58.59,13700
2024-01-30 07:00:00,58.93,58.93,57.73,58.33,16700
2024-01-31 07:00:00,58.25,58.33,57.73,57.73,21600
2024-02-01 07:00:00,57.73,58.08,57.73,58.08,3600
2024-02-02 07:00:00,58.25,58.33,57.65,57.73,18800
2024-02-05 07:00:00,57.73,58.68,57.73,58.25,12300
2024-02-06 07:00:00,58.25,58.68,57.82,57.9,22400
2024-02-07 07:00:00,58.68,58.68,57.99,58.5,7800
2024-02-15 07:00:00,59.79,59.79,57.82,58.68,22200
2024-02-16 07:00:00,58.68,58.68,58.25,58.25,12100
2024-02-19 07:00:00,58.33,59.28,58.08,58.33,13600
2024-02-20 07:00:00,58.59,58.59,57.99,58.25,6800
2024-02-21 07:00:00,58.25,58.25,57.9,58.25,14200
2024-02-22 07:00:00,58.25,58.68,58.25,58.68,5300
2024-02-23 07:00:00,58.76,59.87,58.76,59.62,25600
2024-02-26 07:00:00,58.68,59.62,58.33,58.33,22800
2024-02-27 07:00:00,59.1,59.36,59.1,59.1,3600
2024-02-28 07:00:00,59.1,59.1,58.68,59.02,11700
2024-02-29 07:00:00,59.87,60.39,59.02,59.28,26700
2024-03-01 07:00:00,59.96,60.82,59.1,60.82,18800
2024-03-04 07:00:00,60.05,61.25,60.05,60.65,9700
2024-03-05 07:00:00,60.65,60.65,59.87,60.39,10200
2024-03-06 07:00:00,60.82,60.82,59.87,60.39,8900
2024-03-07 07:00:00,60.65,61.33,60.47,61.33,8300
2024-03-08 07:00:00,61.59,62.02,61.42,61.67,12300
2024-03-11 07:00:00,61.67,61.76,61.5,61.5,11300
2024-03-12 07:00:00,61.42,61.42,60.82,61.33,12200
2024-03-13 07:00:00,61.33,61.33,59.96,60.82,21100
2024-03-14 07:00:00,60.82,62.36,60.82,61.33,11200
2024-03-15 07:00:00,61.33,62.1,61.33,62.02,22700
2024-03-18 07:00:00,62.02,63.39,60.39,62.1,26500
2024-03-19 07:00:00,62.62,63.82,62.62,63.39,41900
2024-03-20 07:00:00,63.82,64.16,63.39,64.07,27900
2024-03-21 07:00:00,65.61,65.96,64.24,65.87,35200
2024-03-22 07:00:00,66.3,67.67,66.13,67.67,36100
2024-03-25 07:00:00,67.93,67.93,66.13,66.13,7000
2024-03-26 07:00:00,62.36,66.81,62.36,65.19,5600
2024-03-27 07:00:00,65.19,65.61,65.19,65.36,15600
2024-03-28 07:00:00,65.36,65.53,65.1,65.1,8800
2024-03-29 07:00:00,65.1,65.53,64.24,64.24,18100
2024-04-01 07:00:00,64.24,65.87,64.07,64.84,8100
2024-04-02 07:00:00,64.93,66.47,64.84,66.38,6800
2024-04-03 07:00:00,65.7,66.73,65.7,66.73,4200
2024-04-04 07:00:00,66.56,66.64,65.19,66.21,6300
2024-04-05 07:00:00,64.41,66.56,64.41,66.56,6000
2024-04-08 07:00:00,66.56,66.56,65.79,66.21,5400
2024-04-09 07:00:00,66.38,66.38,64.93,65.44,3600
2024-04-10 07:00:00,66.13,66.13,65.53,65.96,4600
2024-04-11 07:00:00,65.96,66.04,65.1,65.61,10100
2024-04-12 07:00:00,65.7,65.7,65.27,65.53,4000
2024-04-15 07:00:00,65.53,65.61,65.1,65.1,9100
2024-04-16 07:00:00,65.19,65.19,60.65,62.1,51400
2024-04-17 07:00:00,62.19,63.82,62.19,63.3,7800
2024-04-19 07:00:00,60.39,63.13,60.39,62.96,22300
2024-04-22 07:00:00,59.96,62.7,59.96,62.36,18600
2024-04-23 07:00:00,61.85,62.62,61.85,62.53,2600
2024-04-24 07:00:00,62.53,62.7,62.1,62.7,16200
2024-04-25 07:00:00,62.7,62.7,62.36,62.62,4400
2024-04-26 07:00:00,62.53,62.96,61.76,61.76,23000
2024-05-02 07:00:00,61.76,62.62,61.76,62.62,6700
2024-05-03 07:00:00,62.62,63.82,62.62,63.73,3300
2024-05-06 07:00:00,64.16,65.44,64.16,65.44,7800
2024-05-07 07:00:00,65.87,65.87,64.24,64.24,16000
2024-05-08 07:00:00,64.24,65.01,64.24,64.93,800
2024-05-09 07:00:00,63.39,65.44,63.39,65.44,11200
2024-05-10 07:00:00,65.44,65.87,64.5,65.53,7300
2024-05-13 07:00:00,65.96,65.96,63.82,65.53,10700
2024-05-14 07:00:00,65.53,65.53,65.1,65.1,7200
2024-05-15 07:00:00,65.1,65.7,65.1,65.1,10700
2024-05-16 07:00:00,65.1,65.1,64.07,65.1,9900
2024-05-17 07:00:00,65.1,65.1,65.01,65.1,6700
2024-05-20 07:00:00,64.67,65.79,64.67,64.67,7400
2024-05-21 07:00:00,65.36,65.44,64.67,65.1,5100
2024-05-22 07:00:00,65.1,65.1,64.33,64.41,9800
2024-05-23 07:00:00,65.01,65.01,64.5,64.67,1300
2024-05-24 07:00:00,64.5,64.67,64.24,64.41,17600
2024-05-27 07:00:00,64.41,65.19,64.41,65.19,8100
2024-05-28 07:00:00,64.76,65.19,64.5,65.19,33900
2024-05-29 07:00:00,65.19,65.36,65.1,65.27,4100
2024-05-30 07:00:00,65.27,65.27,64.24,64.24,39900
2024-05-31 07:00:00,64.24,65.1,64.24,65.1,5100
2024-06-03 07:00:00,65.1,65.27,65.1,65.1,5200
2024-06-04 07:00:00,65.1,65.53,64.76,65.19,9700
2024-06-05 07:00:00,65.1,65.19,65.01,65.01,13800
2024-06-06 07:00:00,64.93,66.3,64.93,65.1,15600
2024-06-07 07:00:00,65.1,65.1,64.93,65.1,6300
2024-06-10 07:00:00,65.27,67.41,65.1,67.33,33100
2024-06-11 07:00:00,68.44,68.44,65.96,66.13,13300
2024-06-12 07:00:00,66.13,66.38,66.13,66.38,15600
2024-06-13 07:00:00,66.73,66.98,64.76,65.96,14600
2024-06-14 07:00:00,65.87,65.96,65.53,65.53,9800
2024-06-17 07:00:00,65.87,66.38,65.87,66.13,13400
2024-06-18 07:00:00,66.98,69.38,66.98,68.95,31100
2024-06-19 07:00:00,69.55,69.73,69.21,69.21,33300
2024-06-20 07:00:00,69.64,70.07,68.53,68.95,18500
2024-06-21 07:00:00,69.3,70.75,69.3,70.41,28600
2024-06-24 07:00:00,70.41,70.41,70.07,70.07,33400
2024-06-25 07:00:00,70.07,70.07,69.64,69.9,17300
2024-06-26 07:00:00,70.33,70.5,68.53,69.55,30700
2024-06-27 07:00:00,71.46,71.46,68.92,69.46,22300
2024-06-28 07:00:00,69.55,70.37,69.01,69.01,5100
2024-07-01 07:00:00,69.1,69.83,67.2,68.01,14800
2024-07-02 07:00:00,68.83,68.83,68.1,68.38,10800
2024-07-03 07:00:00,69.19,69.19,68.74,68.83,4500
2024-07-04 07:00:00,69.19,69.19,68.65,69.1,5000
2024-07-05 07:00:00,69.01,69.1,68.28,68.28,4200
2024-07-08 07:00:00,68.38,69.83,68.38,69.19,4800
2024-07-09 07:00:00,69.19,69.37,68.47,68.92,12400
2024-07-10 07:00:00,68.38,69.28,68.38,68.56,12500
2024-07-11 07:00:00,69.83,69.83,68.65,68.74,5300
2024-07-12 07:00:00,68.83,69.19,68.65,68.65,5500
2024-07-15 07:00:00,69.83,69.83,68.65,68.83,2900
2024-07-16 07:00:00,69.28,69.83,68.92,69.19,11600
2024-07-17 07:00:00,69.37,69.83,69.19,69.46,19600
2024-07-18 07:00:00,70.19,70.19,68.83,68.92,8800
2024-07-19 07:00:00,68.1,70.28,68.1,68.38,12800
2024-07-22 07:00:00,68.1,68.92,68.1,68.38,5200
2024-07-23 07:00:00,67.65,68.1,66.2,66.29,36100
2024-07-24 07:00:00,66.29,67.11,66.2,67.11,14000
2024-07-25 07:00:00,66.29,66.92,66.29,66.47,3100
2024-07-26 07:00:00,66.47,67.65,66.47,67.65,2700
2024-07-29 07:00:00,68.92,69.19,67.74,67.74,3600
2024-07-30 07:00:00,67.83,68.92,67.29,68.74,4500
2024-07-31 07:00:00,68.74,68.74,68.74,68.74,900
2024-08-01 07:00:00,67.2,68.28,67.2,67.65,2100
2024-08-02 07:00:00,65.29,68.83,65.29,67.29,3700
2024-08-05 07:00:00,67.65,68.01,66.65,66.65,5700
2024-08-06 07:00:00,66.74,67.56,66.65,67.47,14900
2024-08-07 07:00:00,67.47,67.47,67.47,67.47,1300
2024-08-08 07:00:00,67.56,68.47,67.56,68.38,1700
2024-08-09 07:00:00,69.46,69.46,68.47,68.47,800
2024-08-12 07:00:00,68.47,68.47,67.65,67.74,1700
2024-08-13 07:00:00,67.65,68.83,67.65,67.83,600
2024-08-14 07:00:00,68.01,68.74,67.83,68.74,1800
2024-08-15 07:00:00,68.74,68.74,68.74,68.74,300
2024-08-16 07:00:00,68.74,68.74,68.56,68.74,2800
2024-08-19 07:00:00,68.92,68.92,68.01,68.83,13500
2024-08-20 07:00:00,68.28,68.74,67.74,68.01,8400
2024-08-21 07:00:00,68.1,68.38,67.56,68.01,13200
2024-08-22 07:00:00,68.01,68.38,67.38,68.19,12800
2024-08-23 07:00:00,68.28,68.38,67.56,68.28,2300
2024-08-26 07:00:00,68.38,68.83,68.28,68.28,7400
2024-08-27 07:00:00,68.28,68.38,68.01,68.01,600
2024-08-28 07:00:00,68.01,68.01,67.56,67.92,1700
2024-08-29 07:00:00,68.01,68.38,67.56,67.92,8500
2024-08-30 07:00:00,67.38,67.92,67.29,67.74,5000
2024-09-04 07:00:00,67.2,67.29,67.02,67.11,30500
2024-09-05 07:00:00,67.11,67.11,67.02,67.02,9400
2024-09-06 07:00:00,67.11,67.11,66.92,66.92,2100
2024-09-09 07:00:00,67.02,67.02,66.92,67.02,10000
2024-09-10 07:00:00,67.11,67.11,66.29,66.29,9300
2024-09-11 07:00:00,66.29,66.47,66.29,66.47,7500
2024-09-12 07:00:00,66.65,68.74,66.29,66.65,2700
2024-09-13 07:00:00,66.65,68.01,66.65,66.92,900
2024-09-16 07:00:00,67.74,67.74,66.92,66.92,1200
2024-09-17 07:00:00,67.11,67.65,67.02,67.65,6700
2024-09-18 07:00:00,67.56,67.65,67.11,67.47,6700
2024-09-19 07:00:00,67.29,67.47,67.2,67.2,8400
2024-09-20 07:00:00,67.92,68.01,67.47,67.47,2700
2024-09-23 07:00:00,67.47,68.01,67.11,67.92,9400
2024-09-24 07:00:00,67.92,68.01,67.92,68.01,5700
2024-09-25 07:00:00,68.01,68.01,67.2,67.56,2300
2024-09-26 07:00:00,67.38,68.56,67.38,67.56,15900
2024-09-27 07:00:00,67.56,67.56,67.2,67.47,16500
2024-09-30 07:00:00,67.47,67.47,67.2,67.29,20800
2024-10-01 07:00:00,67.38,68.47,67.29,68.47,5900
2024-10-02 07:00:00,67.38,67.56,67.38,67.56,4000
2024-10-03 07:00:00,67.56,68.01,67.47,67.65,2800
2024-10-04 07:00:00,67.74,67.74,67.65,67.74,11800
2024-10-07 07:00:00,68.74,69.1,68.1,68.19,8000
2024-10-08 07:00:00,67.65,68.92,67.56,68.1,5900
2024-10-09 07:00:00,68.19,68.92,68.19,68.65,4700
2024-10-10 07:00:00,67.38,68.19,67.02,67.11,63400
2024-10-11 07:00:00,67.74,67.83,67.74,67.83,1500
2024-10-14 07:00:00,68.01,68.92,67.38,67.38,13300
2024-10-15 07:00:00,68.1,68.1,68.01,68.01,200
2024-10-16 07:00:00,68.47,68.47,67.56,67.74,5000
2024-10-17 07:00:00,68.01,68.01,67.38,68.01,7700
2024-10-18 07:00:00,68.74,68.92,68.38,68.74,11400
2024-10-21 07:00:00,68.92,69.55,68.92,69.46,16200
2024-10-22 07:00:00,69.55,69.83,68.38,69.37,4700
2024-10-23 07:00:00,69.46,69.55,69.37,69.55,10200
2024-10-24 07:00:00,69.55,69.55,68.74,68.92,800
2024-10-25 07:00:00,69.46,69.83,68.92,68.92,6100
2024-10-28 07:00:00,69.1,69.74,69.01,69.28,5100
2024-10-29 07:00:00,69.65,69.74,68.74,69.55,5200
2024-10-30 07:00:00,69.74,69.83,69.46,69.55,4600
2024-10-31 07:00:00,69.46,70.73,69.46,70.73,6600
2024-11-01 07:00:00,70.73,70.73,69.83,70.64,2800
2024-11-04 07:00:00,69.1,70.55,69.1,70.55,15900
2024-11-05 07:00:00,70.46,71.64,68.74,68.74,13800
2024-11-06 07:00:00,70.64,70.64,69.1,69.19,4300
2024-11-07 07:00:00,69.37,69.37,69.19,69.28,5400
2024-11-08 07:00:00,70.1,70.37,69.46,70.28,8600
2024-11-11 07:00:00,70.28,70.28,69.83,70.1,2800
2024-11-12 07:00:00,70.19,70.19,69.83,70.1,6500
2024-11-13 07:00:00,70.1,70.28,70.1,70.19,2200
2024-11-14 07:00:00,70.28,70.28,70.01,70.19,4500
2024-11-15 07:00:00,70.01,70.64,69.83,69.92,5500
2024-11-18 07:00:00,70.37,70.46,70.01,70.28,4600
2024-11-19 07:00:00,70.37,70.64,70.28,70.37,4900
2024-11-20 07:00:00,70.37,70.73,70.37,70.73,1800
2024-11-21 07:00:00,70.73,70.73,70.73,70.73,4700
2024-11-22 07:00:00,70.73,70.73,69.92,69.92,4200
2024-11-25 07:00:00,69.92,70.19,69.83,69.83,5000
2024-11-26 07:00:00,69.83,69.83,69.46,69.46,8900
2024-11-27 07:00:00,69.46,69.83,69.46,69.65,14500
2024-11-28 07:00:00,69.46,69.55,69.19,69.28,14800
2024-11-29 07:00:00,69.37,69.55,69.37,69.37,10200
2024-12-02 07:00:00,69.01,69.37,69.01,69.19,17500
2024-12-03 07:00:00,69.19,69.65,69.01,69.28,54400
2024-12-04 07:00:00,70.01,70.37,69.83,69.83,1400
2024-12-05 07:00:00,70.1,71.01,70.1,70.73,8800
2024-12-06 07:00:00,70.73,71.46,69.92,71.46,22100
2024-12-09 07:00:00,71.55,75.72,71.55,73.45,20000
2024-12-10 07:00:00,74.09,74.27,73.36,73.54,7900
2024-12-11 07:00:00,74.36,74.36,73.54,73.54,2300
2024-12-12 07:00:00,72.64,74.36,72.64,72.91,11600
2024-12-13 07:00:00,73.18,73.18,72.09,72.55,16200
2024-12-16 07:00:00,77.08,77.08,73.09,74.81,10700
2024-12-17 07:00:00,73.0,74.36,73.0,74.36,13500
2024-12-18 07:00:00,74.18,74.72,74.18,74.18,13100
2024-12-19 07:00:00,74.0,74.0,73.36,73.45,7800
2024-12-20 07:00:00,73.09,73.27,72.37,72.46,41200
2024-12-23 07:00:00,72.64,73.73,72.46,72.91,12200
2024-12-24 07:00:00,73.45,73.54,72.91,73.18,6000
2024-12-25 07:00:00,73.36,73.54,73.27,73.36,8100
2024-12-26 07:00:00,75.0,75.0,73.64,73.73,8600
2024-12-27 07:00:00,73.73,75.09,73.64,75.09,17600
2024-12-30 07:00:00,75.09,75.09,73.91,74.0,3600
2024-12-31 07:00:00,75.27,75.27,74.09,74.36,2800
2025-01-02 07:00:00,75.27,76.08,74.36,75.63,8800
2025-01-03 07:00:00,75.63,75.63,74.81,75.27,6700
2025-01-06 07:00:00,75.54,75.54,75.0,75.09,8800
2025-01-07 07:00:00,75.09,75.63,75.09,75.63,7800
2025-01-08 07:00:00,75.63,75.9,75.63,75.63,900
2025-01-09 07:00:00,75.63,75.72,75.27,75.36,4900
2025-01-10 07:00:00,75.36,75.99,75.36,75.99,1800
2025-01-13 07:00:00,76.99,76.99,75.99,75.99,5500
2025-01-14 07:00:00,76.45,76.45,75.54,75.63,4200
2025-01-15 07:00:00,75.27,75.45,75.27,75.36,1600
2025-01-16 07:00:00,75.81,76.08,75.72,76.08,4400
2025-01-17 07:00:00,76.36,77.35,76.36,77.08,75500
2025-01-20 07:00:00,77.17,81.62,76.26,76.36,40300
2025-01-21 07:00:00,76.63,77.99,75.27,77.53,16200
2025-01-22 07:00:00,77.63,77.63,76.36,77.08,14500
2025-01-23 07:00:00,77.08,77.35,75.72,76.99,4500
2025-01-24 07:00:00,77.26,77.26,76.63,77.08,12100
2025-02-03 07:00:00,77.08,77.9,77.08,77.63,25200
2025-02-04 07:00:00,79.17,79.17,77.72,77.99,12300
2025-02-05 07:00:00,78.44,78.44,77.08,77.63,30500
2025-02-06 07:00:00,77.81,77.99,77.53,77.63,40500
2025-02-07 07:00:00,77.53,77.63,76.97,76.97,13400
2025-02-10 07:00:00,76.97,78.19,75.75,75.75,39000
2025-02-11 07:00:00,76.12,76.69,75.75,76.03,19000
2025-02-12 07:00:00,76.03,80.82,76.03,77.25,16200
2025-02-13 07:00:00,77.25,77.81,76.12,76.4,10100
2025-02-14 07:00:00,77.06,78.0,76.87,77.06,16500
2025-02-17 07:00:00,79.88,79.88,77.06,77.06,12200
2025-02-18 07:00:00,76.87,77.06,76.78,76.87,26500
2025-02-19 07:00:00,76.78,77.06,76.78,76.78,22200
2025-02-20 07:00:00,76.78,76.87,76.78,76.87,8600
2025-02-21 07:00:00,77.44,77.44,77.06,77.16,10600
2025-02-24 07:00:00,77.06,77.44,77.06,77.16,28700
2025-02-25 07:00:00,77.16,77.16,76.69,76.78,12300
2025-02-26 07:00:00,76.78,77.53,76.78,77.53,6800
2025-02-27 07:00:00,77.53,78.0,77.06,77.06,5800
2025-02-28 07:00:00,77.06,81.67,77.06,78.94,4500
2025-03-03 07:00:00,79.88,79.88,77.16,77.53,10400
2025-03-04 07:00:00,78.0,78.0,77.44,77.91,8900
2025-03-05 07:00:00,80.73,80.73,78.0,78.85,6900
2025-03-06 07:00:00,78.94,78.94,76.78,76.87,24900
2025-03-07 07:00:00,76.22,77.81,76.22,76.4,16400
2025-03-10 07:00:00,75.75,77.25,75.75,77.25,7600
2025-03-11 07:00:00,77.25,77.34,77.06,77.25,8500
2025-03-12 07:00:00,77.25,77.25,77.06,77.25,1300
2025-03-13 07:00:00,77.44,77.81,77.25,77.25,7500
2025-03-14 07:00:00,78.0,78.0,76.59,76.78,3700
2025-03-17 07:00:00,77.16,77.16,76.78,76.78,9900
2025-03-18 07:00:00,76.78,76.78,75.56,76.31,15400
2025-03-19 07:00:00,76.31,76.59,75.18,76.4,38600
2025-03-20 07:00:00,76.4,76.4,76.31,76.31,6300
2025-03-21 07:00:00,76.69,77.16,76.69,76.69,4300
2025-03-24 07:00:00,76.87,76.87,76.69,76.78,1500
2025-03-25 07:00:00,77.72,77.72,76.59,76.59,8100
2025-03-26 07:00:00,78.0,78.0,76.78,77.72,1800
2025-03-27 07:00:00,77.44,78.75,77.44,77.91,9000
2025-03-28 07:00:00,76.5,78.66,76.5,77.16,3600
2025-03-31 07:00:00,76.78,77.16,76.69,77.06,6500
2025-04-01 07:00:00,77.06,78.38,76.12,76.22,26300
2025-04-02 07:00:00,76.22,78.0,73.11,73.49,52800
2025-04-03 07:00:00,73.3,73.3,69.54,70.95,35800
2025-04-04 07:00:00,66.72,70.95,66.07,67.66,113500
2025-04-08 07:00:00,66.72,68.13,62.96,66.72,65600
2025-04-09 07:00:00,64.84,66.44,64.84,66.44,45400
2025-04-10 07:00:00,70.95,71.05,70.48,71.05,12100
2025-04-11 07:00:00,74.15,74.15,71.14,72.83,55200
2025-04-14 07:00:00,72.83,75.18,72.83,73.49,15100
2025-04-15 07:00:00,73.49,73.49,71.42,72.36,10400
2025-04-16 07:00:00,72.74,72.83,71.05,72.46,11200
2025-04-17 07:00:00,71.89,71.89,68.79,68.79,56600
2025-04-18 07:00:00,69.45,70.48,69.45,70.48,38500
2025-04-21 07:00:00,70.39,70.48,70.01,70.01,10600
2025-04-22 07:00:00,68.98,70.48,68.98,70.2,65700
2025-04-23 07:00:00,70.11,71.14,70.11,70.95,8800
2025-04-24 07:00:00,70.95,71.42,70.95,71.42,7000
2025-04-25 07:00:00,71.33,72.27,71.33,71.89,11000
2025-04-28 07:00:00,72.83,73.02,71.61,71.89,2200
2025-04-29 07:00:00,72.83,72.83,71.89,71.89,9700
2025-05-05 07:00:00,71.89,72.36,71.89,72.36,5500
2025-05-06 07:00:00,73.21,73.21,72.36,72.83,4400
2025-05-07 07:00:00,73.68,74.24,73.3,74.24,23100
2025-05-08 07:00:00,74.24,74.9,74.24,74.71,11100
2025-05-09 07:00:00,74.9,74.9,73.87,74.62,6100
2025-05-12 07:00:00,74.15,74.99,74.15,74.62,13400
2025-05-13 07:00:00,74.62,74.81,74.52,74.62,20600
2025-05-14 07:00:00,75.09,75.09,74.62,74.99,8500
2025-05-15 07:00:00,74.9,75.28,74.71,75.09,20900
2025-05-16 07:00:00,75.75,75.75,75.09,75.18,9400
2025-05-19 07:00:00,76.12,76.87,76.12,76.87,11500
2025-05-20 07:00:00,78.38,78.94,77.53,78.94,20200
2025-05-21 07:00:00,79.41,80.73,78.56,79.41,10500
2025-05-22 07:00:00,79.13,79.13,78.0,78.19,8900
2025-05-23 07:00:00,80.73,80.73,78.09,78.38,8700
2025-05-26 07:00:00,78.38,78.66,78.28,78.66,23100
2025-05-27 07:00:00,78.66,79.32,78.66,79.32,25400
2025-05-28 07:00:00,82.7,82.7,79.69,80.44,44500
2025-05-29 07:00:00,77.63,81.2,77.63,79.41,26700
2025-05-30 07:00:00,79.21,79.21,77.54,78.72,18800
2025-06-02 07:00:00,78.72,78.92,78.72,78.72,15700
2025-06-03 07:00:00,79.11,79.11,78.72,78.92,14300
2025-06-04 07:00:00,78.92,78.92,78.82,78.82,19400
2025-06-05 07:00:00,78.82,78.92,78.42,78.42,11300
2025-06-06 07:00:00,77.73,78.92,77.64,78.62,5700
2025-06-09 07:00:00,78.72,78.72,78.23,78.23,3000
2025-06-10 07:00:00,78.62,78.72,77.93,78.23,12800
2025-06-11 07:00:00,78.23,78.23,77.93,77.93,3800
2025-06-12 07:00:00,78.92,78.92,77.44,77.44,12400
2025-06-13 07:00:00,77.44,77.64,76.94,77.14,5500
2025-06-16 07:00:00,77.14,77.73,76.85,77.04,3700
2025-06-17 07:00:00,77.24,77.83,76.94,76.94,12900
2025-06-18 07:00:00,76.94,77.14,76.94,76.94,4800
2025-06-19 07:00:00,77.44,77.44,76.75,76.94,5000
2025-06-20 07:00:00,77.04,77.04,76.85,76.94,5100
2025-06-23 07:00:00,77.14,77.14,74.28,76.94,15400
2025-06-24 07:00:00,77.14,77.14,76.75,76.85,4000
2025-06-25 07:00:00,76.65,76.85,76.16,76.16,3500
2025-06-26 07:00:00,76.16,76.16,75.96,75.96,7100
2025-06-27 07:00:00,75.96,76.45,75.76,75.76,19500
2025-06-30 07:00:00,75.76,76.94,75.76,76.45,12100
2025-07-01 07:00:00,76.55,76.85,76.45,76.45,9800
2025-07-02 07:00:00,76.45,76.65,76.45,76.45,2400
2025-07-03 07:00:00,75.96,76.35,75.86,76.16,23600
2025-07-04 07:00:00,76.35,76.65,76.35,76.45,17400
2025-07-07 07:00:00,77.24,77.34,76.55,76.55,14100
2025-07-08 07:00:00,76.55,76.94,76.55,76.55,19400
2025-07-09 07:00:00,76.55,76.75,76.55,76.65,15800
2025-07-10 07:00:00,76.94,76.94,76.45,76.65,13800
2025-07-11 07:00:00,76.75,76.94,76.35,76.35,29300
2025-07-14 07:00:00,76.85,76.85,76.55,76.75,3400
2025-07-15 07:00:00,76.85,76.94,76.65,76.65,5500
2025-07-16 07:00:00,76.75,76.94,76.45,76.55,8500
2025-07-17 07:00:00,76.55,76.94,76.25,76.85,25400
2025-07-18 07:00:00,76.85,76.94,76.35,76.45,10100
2025-07-21 07:00:00,76.55,76.55,75.76,75.86,17300
2025-07-22 07:00:00,76.16,76.16,75.56,76.06,11900
2025-07-23 07:00:00,76.06,76.16,75.86,75.86,21300
2025-07-24 07:00:00,75.86,75.86,75.56,75.76,28200
2025-07-25 07:00:00,75.76,75.86,75.37,75.46,47200
2025-07-28 07:00:00,75.46,75.46,74.38,75.17,28200
2025-07-29 07:00:00,75.17,75.96,73.99,74.77,34000
2025-07-30 07:00:00,74.97,75.96,74.77,74.77,62400
2025-07-31 07:00:00,74.97,74.97,74.08,74.28,12800
2025-08-01 07:00:00,74.28,74.97,74.28,74.97,5600
2025-08-04 07:00:00,74.68,74.77,73.79,73.89,22300
2025-08-05 07:00:00,73.89,73.99,73.49,73.59,39400
2025-08-06 07:00:00,73.59,73.99,73.59,73.99,9700
2025-08-07 07:00:00,73.99,73.99,73.39,73.49,43000
2025-08-08 07:00:00,74.48,74.48,73.1,73.1,27300
2025-08-11 07:00:00,73.29,73.29,72.01,72.51,63400
2025-08-12 07:00:00,72.01,73.99,72.01,73.69,25900
2025-08-13 07:00:00,74.38,74.38,73.49,73.69,7700
2025-08-14 07:00:00,73.69,73.99,73.59,73.99,5800
2025-08-15 07:00:00,73.69,73.89,73.69,73.79,35700
2025-08-18 07:00:00,73.79,73.89,73.2,73.49,8300
2025-08-19 07:00:00,73.49,73.49,73.29,73.39,8700
2025-08-20 07:00:00,73.39,73.39,72.8,73.0,14000
2025-08-21 07:00:00,72.9,73.29,72.7,73.29,17700
2025-08-22 07:00:00,73.49,73.49,72.7,73.0,24800
2025-08-25 07:00:00,73.0,73.2,73.0,73.0,28400
2025-08-26 07:00:00,73.29,73.29,73.0,73.0,15600
2025-08-27 07:00:00,73.0,73.0,72.9,73.0,19000
2025-08-28 07:00:00,73.0,73.0,72.8,72.9,26700
2025-08-29 07:00:00,72.9,73.0,72.7,72.9,42600
2025-09-03 07:00:00,73.29,73.29,72.8,73.0,11700
2025-09-04 07:00:00,73.0,73.1,72.8,73.0,22900
2025-09-05 07:00:00,72.9,73.39,72.9,73.0,17500
2025-09-08 07:00:00,73.0,73.0,72.11,72.7,10500
2025-09-09 07:00:00,72.7,72.9,72.51,72.9,6200
2025-09-10 07:00:00,72.9,73.0,72.6,72.9,35600
2025-09-11 07:00:00,73.3,73.3,72.7,73.0,13100
2025-09-12 07:00:00,72.9,73.0,72.9,73.0,18800
2025-09-15 07:00:00,73.0,73.0,72.7,73.0,5600
2025-09-16 07:00:00,73.0,73.3,73.0,73.3,12000
2025-09-17 07:00:00,73.3,73.4,73.0,73.0,6200
2025-09-18 07:00:00,72.9,72.9,72.7,72.8,24000
2025-09-19 07:00:00,72.8,72.9,72.6,72.9,5000
2025-09-22 07:00:00,72.8,72.9,72.6,72.8,6200
2025-09-23 07:00:00,72.8,72.8,72.5,72.5,9300
2025-09-24 07:00:00,72.4,72.6,72.3,72.4,18600
2025-09-25 07:00:00,72.9,72.9,72.4,72.6,1500
2025-09-26 07:00:00,72.5,72.5,72.0,72.1,11400
2025-09-29 07:00:00,72.0,72.1,72.0,72.0,4700
2025-09-30 07:00:00,72.0,72.0,71.6,71.9,5100
2025-10-01 07:00:00,71.9,72.0,71.7,71.7,12000
2025-10-02 07:00:00,71.7,71.7,71.3,71.3,6100
2025-10-03 07:00:00,71.4,71.5,71.0,71.4,10500
2025-10-06 07:00:00,71.6,71.6,71.0,71.4,5700
2025-10-07 07:00:00,71.5,71.5,71.0,71.2,8800
2025-10-08 07:00:00,71.2,71.4,70.5,70.5,14100
2025-10-09 07:00:00,70.5,71.5,70.5,71.4,11600
2025-10-10 07:00:00,71.4,71.5,71.3,71.3,13400
2025-10-13 07:00:00,71.3,71.3,70.1,70.1,21200
2025-10-14 07:00:00,70.3,70.4,70.2,70.3,3300
2025-10-15 07:00:00,70.4,71.2,70.4,70.5,11100
2025-10-16 07:00:00,71.0,71.0,70.5,70.5,1300
2025-10-17 07:00:00,71.0,71.1,70.5,70.5,7700
2025-10-20 07:00:00,71.0,71.0,70.2,70.2,15000
2025-10-21 07:00:00,70.1,70.5,70.0,70.0,14700
2025-10-22 07:00:00,70.4,70.4,69.0,69.3,11500
2025-10-23 07:00:00,69.3,70.0,69.3,69.6,7800
2025-10-24 07:00:00,69.6,69.8,69.6,69.8,3500
2025-10-27 07:00:00,69.7,69.9,69.6,69.6,8000
2025-10-28 07:00:00,69.6,69.9,69.2,69.8,6500
2025-10-29 07:00:00,69.4,69.8,69.4,69.8,14300
2025-10-30 07:00:00,69.9,69.9,69.1,69.8,19700
2025-10-31 07:00:00,69.8,69.9,69.5,69.8,8000
2025-11-03 07:00:00,69.8,69.8,69.6,69.6,5500
2025-11-04 07:00:00,69.6,69.9,69.5,69.8,22200
2025-11-05 07:00:00,69.8,69.8,69.5,69.6,22500
2025-11-06 07:00:00,69.7,69.7,69.6,69.6,1100
2025-11-07 07:00:00,69.6,69.6,69.4,69.4,3700
2025-11-10 07:00:00,69.8,69.8,68.5,68.5,18700
2025-11-11 07:00:00,68.4,68.5,68.1,68.2,9600
2025-11-12 07:00:00,69.9,69.9,69.7,69.8,800
2025-11-13 07:00:00,69.7,69.7,69.2,69.5,13500
2025-11-14 07:00:00,69.5,69.8,68.6,69.8,3400
2025-11-17 07:00:00,69.9,69.9,68.7,69.0,22600
2025-11-18 07:00:00,69.8,69.8,69.0,69.0,3900
2025-11-19 07:00:00,69.0,69.0,68.8,69.0,3600
2025-11-20 07:00:00,68.8,68.9,68.7,68.8,6500
2025-11-21 07:00:00,68.6,69.4,68.6,68.6,7100
2025-11-24 07:00:00,68.5,68.9,67.9,68.9,55800
2025-11-25 07:00:00,68.1,68.1,68.0,68.1,37600
2025-11-26 07:00:00,68.6,68.6,68.0,68.1,8500
2025-11-27 07:00:00,68.0,68.5,67.9,68.0,11900
2025-11-28 07:00:00,68.0,68.4,68.0,68.0,5200
2025-12-01 07:00:00,68.0,68.0,67.8,67.9,8900
2025-12-02 07:00:00,67.9,68.0,67.8,67.9,48100
2025-12-03 07:00:00,68.0,68.0,67.9,68.0,8700
2025-12-04 07:00:00,67.5,68.0,67.5,68.0,10300
2025-12-05 07:00:00,67.8,67.9,67.5,67.5,16000
2025-12-08 07:00:00,67.8,67.8,67.5,67.8,6400
2025-12-09 07:00:00,67.6,67.7,67.2,67.7,8700
2025-12-10 07:00:00,67.6,67.8,67.2,67.5,12100
2025-12-11 07:00:00,67.7,68.0,67.7,68.0,3000
2025-12-12 07:00:00,68.0,68.2,67.6,67.6,3600
2025-12-15 07:00:00,67.7,68.0,67.6,67.9,11400
2025-12-16 07:00:00,68.2,68.9,67.5,68.0,5500
2025-12-17 07:00:00,68.0,68.0,67.5,67.8,7500
2025-12-18 07:00:00,67.8,68.0,67.5,67.5,3300
2025-12-19 07:00:00,67.6,68.5,67.5,68.5,6000
2025-12-22 07:00:00,68.0,68.0,67.3,68.0,35000
2025-12-23 07:00:00,67.6,68.0,67.3,67.5,10900
2025-12-24 07:00:00,68.0,68.0,67.5,67.5,4600
2025-12-25 07:00:00,67.5,68.5,67.5,68.0,2800
2025-12-26 07:00:00,68.0,68.1,67.3,67.3,11100
2025-12-29 07:00:00,67.8,67.8,67.4,67.4,8200
2025-12-30 07:00:00,67.4,67.6,67.4,67.4,3800
2025-12-31 07:00:00,67.4,67.5,67.2,67.4,4400
2026-01-05 07:00:00,67.4,67.8,67.0,67.1,8100
2026-01-06 07:00:00,67.0,68.0,67.0,67.7,5700
2026-01-07 07:00:00,67.7,68.0,67.0,67.7,47000
2026-01-08 07:00:00,67.5,67.5,66.8,67.5,21200
2026-01-09 07:00:00,67.0,67.8,66.8,67.4,28300
2026-01-12 07:00:00,67.9,67.9,66.8,67.5,37300
2026-01-13 07:00:00,67.5,67.5,66.6,67.0,37500
2026-01-14 07:00:00,67.0,67.5,66.8,67.3,20600
2026-01-15 07:00:00,67.2,71.1,67.2,71.0,44600
2026-01-16 07:00:00,75.8,75.8,71.6,72.0,28600
2026-01-19 07:00:00,72.0,72.9,70.6,71.8,15600
2026-01-20 07:00:00,72.0,72.1,71.3,71.9,10300
2026-01-21 07:00:00,74.8,74.8,72.0,72.0,35400
2026-01-22 07:00:00,72.0,73.7,72.0,73.4,21500
2026-01-23 07:00:00,73.5,74.4,72.9,72.9,8000
2026-01-26 07:00:00,72.2,72.6,71.0,71.0,13900
2026-01-27 07:00:00,71.0,72.0,71.0,71.5,7600
2026-01-28 07:00:00,71.5,73.5,71.5,71.5,3700
2026-01-29 07:00:00,71.2,71.5,70.0,71.4,16300
2026-01-30 07:00:00,70.2,70.9,70.2,70.9,11100
2026-02-02 07:00:00,70.9,72.5,70.6,71.2,4200
2026-02-03 07:00:00,71.9,72.5,71.5,71.8,11800
2026-02-04 07:00:00,72.0,72.1,71.6,71.9,6500
2026-02-05 07:00:00,71.9,72.4,71.9,71.9,7000
2026-02-06 07:00:00,71.9,72.0,71.5,71.8,8500
2026-02-09 07:00:00,72.0,72.0,71.4,71.5,10100
2026-02-10 07:00:00,71.5,71.5,71.4,71.4,1800
2026-02-11 07:00:00,71.4,71.9,71.3,71.5,4700
2026-02-12 07:00:00,71.6,71.7,70.7,71.5,8900
2026-02-13 07:00:00,71.1,71.5,71.0,71.5,5900
2026-02-23 07:00:00,71.5,72.0,71.4,71.5,7900
2026-02-24 07:00:00,71.7,71.9,71.4,71.8,7600
2026-02-25 07:00:00,71.8,72.0,71.6,72.0,14900
2026-02-26 07:00:00,72.0,72.3,71.8,72.0,15400
2026-02-27 07:00:00,72.0,72.4,71.6,72.3,12400
2026-03-02 07:00:00,71.8,72.5,71.3,72.3,18300
2026-03-03 07:00:00,72.6,72.6,71.9,72.2,26500
2026-03-04 07:00:00,72.2,72.2,70.6,71.7,16000
2026-03-05 07:00:00,70.9,71.9,70.9,71.3,7000
2026-03-06 07:00:00,71.3,71.4,70.5,70.5,11900
2026-03-09 07:00:00,70.0,70.0,65.6,66.7,63000
2026-03-10 07:00:00,68.6,70.5,68.4,69.8,23100
2026-03-11 07:00:00,68.7,70.1,68.7,69.8,11000
2026-03-12 07:00:00,69.0,70.8,69.0,69.7,4800
2026-03-13 07:00:00,69.5,70.7,69.2,69.6,6400
2026-03-16 07:00:00,69.6,69.6,69.0,69.3,6800
2026-03-17 07:00:00,69.4,70.7,69.4,69.5,14000
2026-03-18 07:00:00,69.6,70.0,69.5,69.5,13700
2026-03-19 07:00:00,69.4,70.2,69.1,70.2,16900
2026-03-20 07:00:00,69.7,69.7,69.0,69.5,8500
2026-03-23 07:00:00,69.5,69.5,68.4,68.6,16700
2026-03-24 07:00:00,69.0,70.5,69.0,69.3,6900
2026-03-25 07:00:00,70.5,70.5,69.5,70.2,6100
2026-03-26 07:00:00,70.2,70.8,69.5,69.7,7100
2026-03-27 07:00:00,71.1,71.1,69.6,69.6,12900
2026-03-30 07:00:00,68.8,70.0,67.9,69.1,13700
2026-03-31 07:00:00,69.6,69.6,69.0,69.1,6900
2026-04-01 07:00:00,69.2,70.0,69.2,69.8,3600
2026-04-02 07:00:00,70.8,71.0,70.3,70.7,26900
2026-04-03 07:00:00,70.6,71.2,70.6,71.0,16600
2026-04-06 07:00:00,72.0,72.5,71.5,72.0,31500
2026-04-07 07:00:00,72.2,72.5,72.0,72.0,14800
2026-04-08 07:00:00,73.0,73.0,72.1,72.3,15200
2026-04-09 07:00:00,72.3,72.4,72.0,72.1,5500
2026-04-10 07:00:00,72.1,72.5,71.9,72.0,10200
2026-04-13 07:00:00,72.8,72.8,72.0,72.1,15600
2026-04-14 07:00:00,72.1,72.8,72.1,72.3,4300
2026-04-15 07:00:00,72.3,73.0,72.3,72.3,8500
2026-04-16 07:00:00,72.3,72.7,72.3,72.4,7500
2026-04-17 07:00:00,72.5,73.0,72.4,73.0,14700
2026-04-20 07:00:00,73.0,74.2,73.0,74.0,26100
2026-04-21 07:00:00,74.1,74.1,73.8,74.0,23600
2026-04-22 07:00:00,74.0,74.0,73.6,73.6,5000
2026-04-23 07:00:00,73.6,73.6,72.9,73.0,11700
2026-04-24 07:00:00,73.5,74.2,73.3,73.9,11700
2026-04-28 07:00:00,74.0,74.2,73.9,73.9,16700
2026-04-29 07:00:00,73.9,73.9,73.7,73.8,4000
2026-05-04 07:00:00,74.0,74.2,73.9,74.0,11200
2026-05-05 07:00:00,73.4,74.1,73.3,74.0,8500
2026-05-06 07:00:00,74.6,74.6,73.5,74.1,13400
2026-05-07 07:00:00,74.8,74.8,74.4,74.5,17800
2026-05-08 07:00:00,74.7,75.5,74.5,75.3,34500
2026-05-11 07:00:00,75.4,75.8,75.0,75.2,19400
2026-05-12 07:00:00,75.2,75.2,74.9,75.2,7800
2026-05-13 07:00:00,75.2,76.0,75.2,75.4,7900
2026-05-14 07:00:00,75.9,75.9,75.4,75.7,15600
2026-05-15 07:00:00,76.0,76.1,75.9,76.0,17600
2026-05-18 07:00:00,76.0,76.2,75.6,75.6,15300
2026-05-19 07:00:00,76.2,76.4,76.1,76.2,13900
2026-05-20 07:00:00,76.3,76.4,75.9,75.9,17200
2026-05-21 07:00:00,76.5,76.5,75.9,76.0,8700
2026-05-22 07:00:00,76.4,76.4,76.0,76.2,7700
2026-05-25 07:00:00,76.4,76.4,76.0,76.2,5200
2026-05-26 07:00:00,75.9,76.4,75.6,75.8,10200
2026-05-27 07:00:00,75.8,76.2,75.8,75.9,11100
