time,open,high,low,close,volume
2018-01-02 07:00:00,6.69,7.08,6.69,6.84,72250
2018-01-03 07:00:00,6.84,6.99,6.84,6.84,78460
2018-01-04 07:00:00,6.84,7.08,6.84,7.01,73530
2018-01-05 07:00:00,7.13,7.28,6.99,7.08,98250
2018-01-08 07:00:00,7.08,7.18,6.99,7.03,69160
2018-01-09 07:00:00,6.86,7.13,6.86,7.03,78800
2018-01-10 07:00:00,7.03,7.03,6.94,6.96,74580
2018-01-11 07:00:00,7.03,7.03,6.84,6.99,65960
2018-01-12 07:00:00,7.03,7.13,6.99,7.03,64590
2018-01-15 07:00:00,7.08,7.08,6.91,6.99,60880
2018-01-16 07:00:00,6.94,7.08,6.79,6.94,89470
2018-01-17 07:00:00,6.99,7.03,6.74,6.99,128900
2018-01-18 07:00:00,6.84,6.99,6.74,6.94,118250
2018-01-19 07:00:00,6.94,7.03,6.84,6.84,101130
2018-01-22 07:00:00,6.64,6.94,6.64,6.79,132320
2018-01-25 07:00:00,6.81,7.25,6.81,7.13,156310
2018-01-26 07:00:00,7.13,7.47,6.94,7.2,203610
2018-01-29 07:00:00,7.28,7.28,6.91,6.91,112750
2018-01-30 07:00:00,7.08,7.11,6.86,6.94,142760
2018-01-31 07:00:00,6.89,6.94,6.79,6.79,114990
2018-02-01 07:00:00,6.94,6.94,6.69,6.79,67620
2018-02-02 07:00:00,6.84,6.99,6.79,6.94,70440
2018-02-05 07:00:00,6.94,6.99,6.79,6.79,85060
2018-02-06 07:00:00,6.4,6.64,6.33,6.59,31610
2018-02-07 07:00:00,6.79,6.84,6.55,6.59,114720
2018-02-08 07:00:00,6.37,6.89,6.37,6.64,67760
2018-02-09 07:00:00,6.79,6.84,6.59,6.67,43480
2018-02-12 07:00:00,6.67,6.94,6.59,6.67,74380
2018-02-13 07:00:00,6.67,6.79,6.5,6.69,123470
2018-02-21 07:00:00,6.5,6.89,6.5,6.84,14490
2018-02-22 07:00:00,6.69,6.79,6.55,6.72,92740
2018-02-23 07:00:00,6.84,6.89,6.64,6.84,86310
2018-02-26 07:00:00,6.84,6.84,6.74,6.74,89450
2018-02-27 07:00:00,6.64,6.74,6.55,6.72,84170
2018-02-28 07:00:00,6.86,6.86,6.62,6.67,77570
2018-03-01 07:00:00,6.67,6.79,6.62,6.67,73640
2018-03-02 07:00:00,6.69,6.74,6.59,6.67,79110
2018-03-05 07:00:00,6.69,6.69,6.57,6.57,121300
2018-03-06 07:00:00,6.81,6.81,6.5,6.72,87050
2018-03-07 07:00:00,6.72,6.77,6.57,6.64,76350
2018-03-08 07:00:00,6.64,6.64,6.55,6.59,83260
2018-03-09 07:00:00,6.64,6.72,6.55,6.59,93370
2018-03-12 07:00:00,6.62,6.62,6.52,6.55,110020
2018-03-13 07:00:00,6.55,6.64,6.47,6.47,91240
2018-03-14 07:00:00,6.5,6.55,6.45,6.45,70050
2018-03-15 07:00:00,6.55,6.55,6.45,6.52,51220
2018-03-16 07:00:00,6.5,6.62,6.45,6.52,92130
2018-03-19 07:00:00,6.59,6.59,6.45,6.45,128250
2018-03-20 07:00:00,6.45,6.52,6.45,6.45,117920
2018-03-21 07:00:00,6.45,6.59,6.42,6.45,119980
2018-03-22 07:00:00,6.5,6.55,6.45,6.5,103160
2018-03-23 07:00:00,6.5,6.5,6.35,6.4,78170
2018-03-26 07:00:00,6.35,6.4,6.28,6.35,45430
2018-03-27 07:00:00,6.42,6.42,6.2,6.3,89620
2018-03-28 07:00:00,6.2,6.3,6.11,6.25,56050
2018-03-29 07:00:00,6.25,6.25,6.13,6.25,89660
2018-03-30 07:00:00,6.15,6.67,6.15,6.57,121900
2018-04-02 07:00:00,6.69,6.74,6.42,6.52,112940
2018-04-03 07:00:00,6.52,6.59,6.25,6.25,93700
2018-04-04 07:00:00,6.3,6.35,6.11,6.15,123880
2018-04-05 07:00:00,6.15,6.45,6.15,6.3,103770
2018-04-06 07:00:00,6.3,6.4,6.25,6.28,112700
2018-04-09 07:00:00,6.28,6.55,6.23,6.23,121620
2018-04-10 07:00:00,6.15,6.3,6.08,6.18,75150
2018-04-11 07:00:00,6.18,6.25,5.98,5.98,71360
2018-04-12 07:00:00,6.15,6.15,5.67,5.67,106220
2018-04-13 07:00:00,5.93,6.06,5.81,5.86,98740
2018-04-16 07:00:00,5.81,6.06,5.72,5.86,144070
2018-04-17 07:00:00,5.86,5.86,5.67,5.74,90640
2018-04-18 07:00:00,5.76,5.79,5.72,5.76,140480
2018-04-19 07:00:00,5.76,5.86,5.67,5.67,110240
2018-04-20 07:00:00,5.62,5.76,5.62,5.67,80670
2018-04-23 07:00:00,5.72,5.72,5.52,5.67,89010
2018-04-24 07:00:00,5.62,5.67,5.52,5.57,108660
2018-04-26 07:00:00,5.57,5.57,5.2,5.2,124780
2018-04-27 07:00:00,4.93,5.54,4.93,5.2,63340
2018-05-02 07:00:00,5.23,5.54,5.01,5.18,122030
2018-05-03 07:00:00,5.15,5.15,5.01,5.1,99560
2018-05-04 07:00:00,5.01,5.2,4.79,4.79,100630
2018-05-07 07:00:00,4.98,5.1,4.88,5.06,117490
2018-05-08 07:00:00,5.06,5.13,4.96,5.03,126220
2018-05-09 07:00:00,5.06,5.06,4.88,4.93,95630
2018-05-10 07:00:00,5.01,5.08,4.88,4.88,73480
2018-05-11 07:00:00,4.96,4.96,4.86,4.88,94710
2018-05-14 07:00:00,4.88,4.88,4.86,4.88,68390
2018-05-15 07:00:00,4.88,4.96,4.81,4.88,85650
2018-05-16 07:00:00,4.88,5.13,4.88,5.08,165360
2018-05-17 07:00:00,5.08,5.35,5.03,5.25,172520
2018-05-18 07:00:00,5.37,5.37,5.13,5.3,204700
2018-05-21 07:00:00,5.08,5.3,5.03,5.18,173420
2018-05-22 07:00:00,4.88,5.15,4.87,5.03,139070
2018-05-23 07:00:00,5.03,5.03,4.79,4.91,111020
2018-05-24 07:00:00,4.91,5.1,4.88,4.93,171090
2018-05-25 07:00:00,4.91,4.93,4.74,4.88,61000
2018-05-28 07:00:00,4.84,4.88,4.65,4.83,68160
2018-05-29 07:00:00,4.79,4.84,4.74,4.84,80100
2018-05-30 07:00:00,4.74,4.88,4.74,4.84,85810
2018-05-31 07:00:00,4.84,4.88,4.84,4.88,150120
2018-06-01 07:00:00,5.01,5.23,4.96,5.18,243960
2018-06-04 07:00:00,5.25,5.42,4.98,5.13,168170
2018-06-05 07:00:00,5.13,5.32,5.06,5.18,105210
2018-06-06 07:00:00,5.13,5.18,4.98,5.03,103160
2018-06-07 07:00:00,4.98,5.13,4.98,5.06,97770
2018-06-08 07:00:00,5.03,5.18,4.96,5.18,127370
2018-06-11 07:00:00,5.08,5.52,5.08,5.52,209000
2018-06-12 07:00:00,5.52,5.64,5.23,5.52,127960
2018-06-13 07:00:00,5.57,5.59,5.23,5.54,98890
2018-06-14 07:00:00,5.52,5.86,5.35,5.72,143880
2018-06-15 07:00:00,5.86,5.86,5.57,5.72,74540
2018-06-18 07:00:00,5.76,5.76,5.4,5.4,118410
2018-06-19 07:00:00,5.37,5.42,5.03,5.03,155410
2018-06-20 07:00:00,5.13,5.37,4.91,5.23,90450
2018-06-21 07:00:00,5.23,5.23,5.08,5.13,100020
2018-06-22 07:00:00,5.08,5.13,4.93,4.93,105810
2018-06-25 07:00:00,5.08,5.18,4.93,4.93,127140
2018-06-26 07:00:00,5.08,5.08,4.88,5.03,95300
2018-06-27 07:00:00,4.98,5.13,4.96,5.08,147380
2018-06-28 07:00:00,5.08,5.08,4.84,4.88,92900
2018-06-29 07:00:00,4.88,4.98,4.69,4.88,101630
2018-07-02 07:00:00,4.98,4.98,4.74,4.84,60060
2018-07-03 07:00:00,4.84,4.88,4.6,4.6,67050
2018-07-04 07:00:00,4.64,4.64,4.5,4.5,97000
2018-07-05 07:00:00,4.74,4.74,4.5,4.62,73180
2018-07-06 07:00:00,4.64,4.64,4.45,4.45,110010
2018-07-09 07:00:00,4.59,4.64,4.49,4.49,129110
2018-07-10 07:00:00,4.54,4.64,4.49,4.59,123700
2018-07-11 07:00:00,4.54,4.59,4.3,4.49,118620
2018-07-12 07:00:00,4.49,4.59,4.49,4.49,136510
2018-07-13 07:00:00,4.49,4.52,4.49,4.49,100200
2018-07-16 07:00:00,4.54,4.54,4.4,4.4,114660
2018-07-17 07:00:00,4.4,4.47,4.3,4.42,76460
2018-07-18 07:00:00,4.52,4.52,4.36,4.42,46520
2018-07-19 07:00:00,4.52,4.52,4.37,4.45,42360
2018-07-20 07:00:00,4.45,4.45,4.23,4.38,78670
2018-07-23 07:00:00,4.39,4.39,4.35,4.39,45360
2018-07-24 07:00:00,4.39,4.39,4.35,4.38,21480
2018-07-25 07:00:00,4.35,4.39,4.35,4.36,35840
2018-07-26 07:00:00,4.36,4.64,4.35,4.36,47340
2018-07-27 07:00:00,4.36,4.49,4.36,4.49,34980
2018-07-30 07:00:00,4.37,4.49,4.35,4.35,48240
2018-07-31 07:00:00,4.36,4.45,4.35,4.35,41660
2018-08-01 07:00:00,4.36,4.4,4.15,4.4,66190
2018-08-02 07:00:00,4.45,4.45,4.37,4.4,41670
2018-08-03 07:00:00,4.45,4.47,4.37,4.37,40940
2018-08-06 07:00:00,4.64,4.64,4.37,4.48,74950
2018-08-07 07:00:00,4.49,4.54,4.4,4.4,71740
2018-08-08 07:00:00,4.4,4.49,4.4,4.45,35340
2018-08-09 07:00:00,4.45,4.62,4.41,4.41,29590
2018-08-10 07:00:00,4.41,4.49,4.41,4.48,91330
2018-08-13 07:00:00,4.48,4.48,4.36,4.4,65680
2018-08-14 07:00:00,4.41,4.41,4.31,4.4,80560
2018-08-15 07:00:00,4.4,4.45,4.35,4.42,56520
2018-08-16 07:00:00,4.4,4.42,4.3,4.41,58970
2018-08-17 07:00:00,4.35,4.52,4.31,4.4,37690
2018-08-20 07:00:00,4.36,4.46,4.35,4.35,52580
2018-08-21 07:00:00,4.4,4.47,4.3,4.35,73910
2018-08-22 07:00:00,4.35,4.4,4.05,4.05,106240
2018-08-23 07:00:00,4.05,4.25,4.05,4.2,76650
2018-08-24 07:00:00,4.25,4.3,4.16,4.18,61570
2018-08-27 07:00:00,4.2,4.35,4.18,4.34,77710
2018-08-28 07:00:00,4.25,4.35,4.23,4.32,59010
2018-08-29 07:00:00,4.4,4.4,4.15,4.34,84290
2018-08-30 07:00:00,4.35,4.37,4.25,4.35,67520
2018-08-31 07:00:00,4.34,4.4,4.34,4.35,52990
2018-09-04 07:00:00,4.35,4.39,4.3,4.33,88970
2018-09-05 07:00:00,4.34,4.34,4.3,4.3,79870
2018-09-06 07:00:00,4.33,4.34,4.24,4.32,60820
2018-09-07 07:00:00,4.33,4.34,4.3,4.32,54090
2018-09-10 07:00:00,4.31,4.39,4.3,4.39,97490
2018-09-11 07:00:00,4.45,4.45,4.3,4.38,55600
2018-09-12 07:00:00,4.35,4.39,4.3,4.3,64120
2018-09-13 07:00:00,4.37,4.37,4.3,4.33,87730
2018-09-14 07:00:00,4.45,4.45,4.3,4.33,22440
2018-09-17 07:00:00,4.33,4.49,4.32,4.33,103950
2018-09-18 07:00:00,4.33,4.35,4.2,4.34,109090
2018-09-19 07:00:00,4.34,4.39,4.3,4.39,134350
2018-09-20 07:00:00,4.4,4.45,4.37,4.38,63470
2018-09-21 07:00:00,4.4,4.45,4.39,4.42,318970
2018-09-24 07:00:00,4.45,4.45,4.4,4.44,257700
2018-09-25 07:00:00,4.47,4.47,4.41,4.43,106280
2018-09-26 07:00:00,4.42,4.74,4.42,4.71,344110
2018-09-27 07:00:00,4.71,4.74,4.59,4.66,117300
2018-09-28 07:00:00,4.64,4.71,4.59,4.64,165540
2018-10-01 07:00:00,4.6,4.64,4.31,4.54,230240
2018-10-02 07:00:00,4.54,4.59,4.4,4.44,163160
2018-10-03 07:00:00,4.44,4.44,4.4,4.4,109570
2018-10-04 07:00:00,4.4,4.4,4.3,4.4,87360
2018-10-05 07:00:00,4.39,4.4,4.3,4.4,102610
2018-10-08 07:00:00,4.45,4.54,4.35,4.4,97910
2018-10-09 07:00:00,4.4,4.52,4.38,4.38,73100
2018-10-10 07:00:00,4.4,4.45,4.24,4.25,87990
2018-10-11 07:00:00,4.24,4.24,3.96,3.96,100730
2018-10-12 07:00:00,3.96,4.01,3.91,3.97,118230
2018-10-15 07:00:00,4.1,4.1,3.96,4.03,68570
2018-10-16 07:00:00,4.01,4.05,3.96,4.03,79670
2018-10-17 07:00:00,4.03,4.15,4.03,4.03,91510
2018-10-18 07:00:00,4.03,4.13,4.03,4.03,66020
2018-10-19 07:00:00,4.03,4.03,4.0,4.02,41700
2018-10-22 07:00:00,4.02,4.12,4.01,4.03,69340
2018-10-23 07:00:00,4.01,4.03,3.81,4.0,89970
2018-10-24 07:00:00,3.91,4.01,3.81,3.91,102580
2018-10-25 07:00:00,3.81,3.86,3.72,3.72,88320
2018-10-26 07:00:00,3.81,3.86,3.72,3.78,132320
2018-10-29 07:00:00,3.79,3.91,3.75,3.8,63310
2018-10-30 07:00:00,3.76,3.84,3.71,3.71,61260
2018-10-31 07:00:00,3.71,3.76,3.69,3.72,36450
2018-11-01 07:00:00,3.72,3.75,3.7,3.7,67860
2018-11-02 07:00:00,3.71,3.91,3.61,3.85,62850
2018-11-05 07:00:00,3.9,3.9,3.81,3.89,28320
2018-11-06 07:00:00,3.86,3.89,3.81,3.86,52870
2018-11-07 07:00:00,3.86,3.9,3.81,3.81,45730
2018-11-08 07:00:00,3.81,3.86,3.81,3.81,46010
2018-11-09 07:00:00,3.81,3.86,3.81,3.81,38810
2018-11-12 07:00:00,3.81,3.85,3.81,3.85,64030
2018-11-13 07:00:00,3.81,3.84,3.81,3.81,44280
2018-11-14 07:00:00,3.9,3.9,3.81,3.81,28510
2018-11-15 07:00:00,3.82,3.9,3.81,3.81,36540
2018-11-16 07:00:00,3.86,3.86,3.81,3.81,19310
2018-11-19 07:00:00,3.81,3.9,3.66,3.86,45250
2018-11-20 07:00:00,3.81,3.87,3.81,3.87,31900
2018-11-21 07:00:00,3.86,3.86,3.71,3.71,46650
2018-11-22 07:00:00,3.79,3.79,3.67,3.67,45370
2018-11-23 07:00:00,3.71,3.79,3.7,3.78,34750
2018-11-26 07:00:00,3.71,3.81,3.7,3.71,10840
2018-11-27 07:00:00,3.74,3.91,3.71,3.71,52290
2018-11-28 07:00:00,3.86,3.86,3.71,3.83,67460
2018-11-29 07:00:00,3.8,3.8,3.71,3.72,72400
2018-11-30 07:00:00,3.72,3.72,3.7,3.71,18490
2018-12-03 07:00:00,3.71,3.81,3.71,3.8,46260
2018-12-04 07:00:00,3.8,3.85,3.79,3.84,62090
2018-12-05 07:00:00,3.81,3.84,3.79,3.84,36710
2018-12-06 07:00:00,3.81,3.85,3.8,3.8,37240
2018-12-07 07:00:00,3.81,3.81,3.68,3.68,20580
2018-12-10 07:00:00,3.8,3.86,3.68,3.86,60100
2018-12-11 07:00:00,3.91,3.91,3.77,3.77,28960
2018-12-12 07:00:00,3.77,3.81,3.77,3.77,49370
2018-12-13 07:00:00,3.77,3.96,3.67,3.86,41250
2018-12-14 07:00:00,3.86,3.88,3.77,3.86,42850
2018-12-17 07:00:00,3.86,3.88,3.77,3.77,38020
2018-12-18 07:00:00,3.77,3.81,3.71,3.77,42650
2018-12-19 07:00:00,3.77,3.81,3.76,3.76,51500
2018-12-20 07:00:00,3.8,3.81,3.71,3.76,36200
2018-12-21 07:00:00,3.76,3.76,3.66,3.66,39170
2018-12-24 07:00:00,3.66,3.71,3.61,3.61,24590
2018-12-25 07:00:00,3.61,3.61,3.57,3.61,44950
2018-12-26 07:00:00,3.61,3.76,3.61,3.75,27080
2018-12-27 07:00:00,3.81,3.81,3.66,3.79,7140
2018-12-28 07:00:00,3.79,3.79,3.66,3.75,18570
2019-01-02 07:00:00,3.71,3.91,3.68,3.68,17640
2019-01-03 07:00:00,3.68,3.69,3.57,3.61,10170
2019-01-04 07:00:00,3.61,3.61,3.57,3.61,6870
2019-01-07 07:00:00,3.66,3.66,3.57,3.57,5060
2019-01-08 07:00:00,3.57,3.61,3.47,3.61,6690
2019-01-09 07:00:00,3.66,3.66,3.66,3.66,10
2019-01-10 07:00:00,3.64,3.64,3.57,3.63,6110
2019-01-11 07:00:00,3.6,3.63,3.57,3.62,6880
2019-01-14 07:00:00,3.61,3.61,3.57,3.57,700
2019-01-15 07:00:00,3.57,3.59,3.54,3.57,4710
2019-01-16 07:00:00,3.57,3.59,3.57,3.57,8650
2019-01-17 07:00:00,3.57,3.57,3.53,3.57,11380
2019-01-18 07:00:00,3.57,3.59,3.47,3.57,5540
2019-01-21 07:00:00,3.53,3.71,3.53,3.71,1710
2019-01-22 07:00:00,3.61,3.71,3.61,3.61,2090
2019-01-23 07:00:00,3.61,3.8,3.61,3.75,5730
2019-01-24 07:00:00,3.64,3.66,3.61,3.61,5630
2019-01-25 07:00:00,3.61,3.61,3.57,3.57,2400
2019-01-28 07:00:00,3.53,3.74,3.52,3.7,4070
2019-01-29 07:00:00,3.7,3.7,3.44,3.61,11240
2019-01-30 07:00:00,3.61,3.61,3.61,3.61,1130
2019-01-31 07:00:00,3.61,3.61,3.59,3.61,10950
2019-02-01 07:00:00,3.61,3.66,3.61,3.64,1270
2019-02-11 07:00:00,3.71,3.87,3.42,3.47,7020
2019-02-12 07:00:00,3.61,3.61,3.47,3.59,5080
2019-02-13 07:00:00,3.52,3.59,3.42,3.56,12130
2019-02-14 07:00:00,3.66,3.66,3.56,3.57,3240
2019-02-15 07:00:00,3.6,3.6,3.59,3.59,70
2019-02-18 07:00:00,3.59,3.59,3.57,3.57,9670
2019-02-19 07:00:00,3.57,3.57,3.42,3.52,2690
2019-02-20 07:00:00,3.47,3.51,3.44,3.47,20070
2019-02-21 07:00:00,3.47,3.52,3.47,3.47,18880
2019-02-22 07:00:00,3.47,3.47,3.47,3.47,7290
2019-02-25 07:00:00,3.47,3.47,3.42,3.47,5830
2019-02-26 07:00:00,3.47,3.48,3.47,3.48,3540
2019-02-27 07:00:00,3.59,3.59,3.47,3.47,2850
2019-02-28 07:00:00,3.47,3.47,3.42,3.42,6020
2019-03-01 07:00:00,3.42,3.56,3.42,3.47,4840
2019-03-04 07:00:00,3.47,3.56,3.4,3.42,15570
2019-03-05 07:00:00,3.47,3.47,3.41,3.42,36620
2019-03-06 07:00:00,3.42,3.44,3.42,3.42,5240
2019-03-07 07:00:00,3.43,3.49,3.41,3.41,50950
2019-03-08 07:00:00,3.42,3.44,3.41,3.42,38610
2019-03-11 07:00:00,3.42,3.44,3.41,3.44,19270
2019-03-12 07:00:00,3.44,3.68,3.44,3.68,104560
2019-03-13 07:00:00,3.91,3.91,3.76,3.81,152290
2019-03-14 07:00:00,3.76,3.76,3.57,3.69,104590
2019-03-15 07:00:00,3.47,3.57,3.43,3.44,191490
2019-03-18 07:00:00,3.42,3.45,3.39,3.41,70630
2019-03-19 07:00:00,3.42,3.42,3.32,3.32,60540
2019-03-20 07:00:00,3.29,3.41,3.29,3.32,45080
2019-03-21 07:00:00,3.4,3.4,3.3,3.37,7680
2019-03-22 07:00:00,3.39,3.39,3.23,3.26,41770
2019-03-25 07:00:00,3.26,3.26,3.11,3.25,32190
2019-03-26 07:00:00,3.26,3.26,3.21,3.25,18470
2019-03-27 07:00:00,3.27,3.27,3.25,3.25,12250
2019-03-28 07:00:00,3.25,3.25,3.18,3.22,7420
2019-03-29 07:00:00,3.41,3.41,3.18,3.23,6920
2019-04-01 07:00:00,3.27,3.32,3.14,3.27,20400
2019-04-02 07:00:00,3.27,3.3,3.18,3.3,14340
2019-04-03 07:00:00,3.3,3.32,3.3,3.31,1880
2019-04-04 07:00:00,3.31,3.31,3.31,3.31,27020
2019-04-08 07:00:00,3.23,3.27,3.2,3.27,15540
2019-04-09 07:00:00,3.22,3.27,3.22,3.27,48340
2019-04-10 07:00:00,3.25,3.28,3.22,3.27,8220
2019-04-11 07:00:00,3.27,3.28,3.23,3.23,15970
2019-04-12 07:00:00,3.27,3.3,3.27,3.3,44480
2019-04-16 07:00:00,3.3,3.32,3.2,3.3,16890
2019-04-17 07:00:00,3.27,3.34,3.27,3.31,85520
2019-04-18 07:00:00,3.32,3.42,3.3,3.31,64370
2019-04-19 07:00:00,3.42,3.42,3.29,3.37,6990
2019-04-22 07:00:00,3.37,3.37,3.14,3.14,72780
2019-04-23 07:00:00,3.14,3.3,3.14,3.21,49780
2019-04-24 07:00:00,3.3,3.3,3.22,3.22,32430
2019-04-25 07:00:00,3.22,3.23,3.22,3.22,66870
2019-04-26 07:00:00,3.18,3.36,3.18,3.2,41560
2019-05-02 07:00:00,3.2,3.25,3.2,3.25,690
2019-05-03 07:00:00,3.27,3.28,3.22,3.28,13920
2019-05-06 07:00:00,3.22,3.49,3.22,3.42,84130
2019-05-07 07:00:00,3.49,3.57,3.32,3.47,69680
2019-05-08 07:00:00,3.52,3.54,3.27,3.28,53330
2019-05-09 07:00:00,3.28,3.4,3.23,3.25,3210
2019-05-10 07:00:00,3.23,3.25,3.23,3.25,6310
2019-05-13 07:00:00,3.27,3.27,3.19,3.2,3220
2019-05-14 07:00:00,3.25,3.26,3.25,3.25,14150
2019-05-15 07:00:00,3.25,3.27,3.22,3.27,1110
2019-05-16 07:00:00,3.27,3.37,3.27,3.37,63100
2019-05-17 07:00:00,3.42,3.42,3.28,3.37,80
2019-05-20 07:00:00,3.42,3.42,3.27,3.27,5200
2019-05-21 07:00:00,3.37,3.37,3.23,3.23,3460
2019-05-22 07:00:00,3.23,3.23,3.18,3.22,34570
2019-05-23 07:00:00,3.37,3.37,3.18,3.19,9430
2019-05-24 07:00:00,3.18,3.3,3.18,3.22,10610
2019-05-27 07:00:00,3.22,3.22,3.22,3.22,6700
2019-05-28 07:00:00,3.35,3.35,3.22,3.24,12600
2019-05-29 07:00:00,3.23,3.42,3.23,3.37,18650
2019-05-30 07:00:00,3.33,3.37,3.33,3.33,70140
2019-05-31 07:00:00,3.42,3.42,3.33,3.33,27120
2019-06-03 07:00:00,3.33,3.33,3.23,3.28,6500
2019-06-04 07:00:00,3.47,3.47,3.28,3.43,20430
2019-06-05 07:00:00,3.43,3.43,3.32,3.39,19280
2019-06-06 07:00:00,3.39,3.4,3.39,3.4,17450
2019-06-07 07:00:00,3.4,3.42,3.4,3.4,25310
2019-06-10 07:00:00,3.42,3.43,3.29,3.37,34250
2019-06-11 07:00:00,3.32,3.37,3.32,3.32,36420
2019-06-12 07:00:00,3.32,3.39,3.31,3.32,58030
2019-06-13 07:00:00,3.32,3.42,3.31,3.33,52130
2019-06-14 07:00:00,3.42,3.42,3.33,3.42,84850
2019-06-17 07:00:00,3.47,3.54,3.35,3.54,109140
2019-06-18 07:00:00,3.47,3.54,3.42,3.5,58390
2019-06-19 07:00:00,3.49,3.57,3.47,3.49,63650
2019-06-20 07:00:00,3.42,3.48,3.32,3.32,42060
2019-06-21 07:00:00,3.32,3.35,3.32,3.32,16760
2019-06-24 07:00:00,3.33,3.47,3.33,3.42,17360
2019-06-25 07:00:00,3.42,3.47,3.37,3.37,7250
2019-06-26 07:00:00,3.41,3.41,3.3,3.4,86310
2019-06-27 07:00:00,3.39,3.39,3.31,3.32,32560
2019-06-28 07:00:00,3.36,3.36,3.27,3.31,34710
2019-07-01 07:00:00,3.32,3.32,3.31,3.31,5720
2019-07-02 07:00:00,3.32,3.32,3.31,3.32,10210
2019-07-03 07:00:00,3.32,3.35,3.27,3.33,10150
2019-07-04 07:00:00,3.32,3.42,3.32,3.34,75850
2019-07-05 07:00:00,3.32,3.42,3.32,3.32,16010
2019-07-08 07:00:00,3.33,3.42,3.32,3.39,23850
2019-07-09 07:00:00,3.42,3.44,3.37,3.42,28430
2019-07-10 07:00:00,3.42,3.42,3.37,3.37,24520
2019-07-11 07:00:00,3.42,3.44,3.37,3.44,24480
2019-07-12 07:00:00,3.42,3.44,3.37,3.42,30560
2019-07-15 07:00:00,3.42,3.47,3.38,3.42,22990
2019-07-16 07:00:00,3.42,3.42,3.38,3.42,20910
2019-07-17 07:00:00,3.39,3.42,3.35,3.38,29240
2019-07-18 07:00:00,3.38,3.38,3.35,3.38,27810
2019-07-19 07:00:00,3.38,3.38,3.28,3.35,18790
2019-07-22 07:00:00,3.32,3.35,3.25,3.35,11540
2019-07-23 07:00:00,3.27,3.35,3.27,3.35,36930
2019-07-24 07:00:00,3.22,3.41,3.18,3.35,7990
2019-07-25 07:00:00,3.35,3.4,3.35,3.4,5510
2019-07-26 07:00:00,3.37,3.39,3.22,3.37,47320
2019-07-29 07:00:00,3.18,3.37,3.18,3.27,2520
2019-07-30 07:00:00,3.27,3.27,3.18,3.22,18720
2019-07-31 07:00:00,3.22,3.22,3.15,3.15,18610
2019-08-01 07:00:00,3.15,3.22,3.15,3.22,39470
2019-08-02 07:00:00,3.15,3.22,3.08,3.22,26150
2019-08-05 07:00:00,3.15,3.18,3.13,3.18,3530
2019-08-06 07:00:00,3.18,3.22,3.18,3.22,4830
2019-08-07 07:00:00,3.18,3.2,3.04,3.18,540
2019-08-08 07:00:00,3.18,3.18,3.08,3.18,9560
2019-08-09 07:00:00,3.18,3.19,3.09,3.18,5550
2019-08-12 07:00:00,3.18,3.18,3.18,3.18,8860
2019-08-13 07:00:00,3.18,3.19,3.18,3.18,5190
2019-08-14 07:00:00,3.18,3.18,3.1,3.18,8520
2019-08-15 07:00:00,3.18,3.18,3.13,3.18,11950
2019-08-16 07:00:00,3.18,3.18,3.13,3.18,18210
2019-08-19 07:00:00,3.18,3.18,3.08,3.18,1020
2019-08-20 07:00:00,3.13,3.18,3.13,3.18,390
2019-08-21 07:00:00,3.18,3.2,3.18,3.18,14150
2019-08-22 07:00:00,3.08,3.18,3.08,3.18,11370
2019-08-23 07:00:00,3.18,3.18,3.09,3.18,3600
2019-08-26 07:00:00,3.08,3.18,3.08,3.15,4300
2019-08-27 07:00:00,3.09,3.17,3.09,3.17,700
2019-08-28 07:00:00,3.17,3.18,3.13,3.13,11180
2019-08-29 07:00:00,3.22,3.22,3.11,3.22,1020
2019-08-30 07:00:00,3.22,3.22,3.21,3.21,1380
2019-09-03 07:00:00,3.13,3.19,3.13,3.18,12020
2019-09-04 07:00:00,3.13,3.18,3.08,3.13,12210
2019-09-05 07:00:00,3.17,3.17,3.1,3.13,15560
2019-09-06 07:00:00,3.17,3.17,3.05,3.08,3580
2019-09-09 07:00:00,3.17,3.17,3.08,3.17,3600
2019-09-10 07:00:00,3.17,3.17,3.17,3.17,120
2019-09-11 07:00:00,3.08,3.13,3.08,3.13,1010
2019-09-12 07:00:00,3.08,3.17,3.08,3.17,760
2019-09-13 07:00:00,3.17,3.17,2.99,3.15,60960
2019-09-16 07:00:00,3.17,3.17,2.95,3.14,8280
2019-09-17 07:00:00,3.08,3.12,3.08,3.1,11040
2019-09-18 07:00:00,3.17,3.17,2.99,3.13,5220
2019-09-19 07:00:00,3.08,3.08,2.99,3.08,2330
2019-09-20 07:00:00,3.08,3.08,3.03,3.08,16620
2019-09-23 07:00:00,3.21,3.21,3.13,3.17,5030
2019-09-24 07:00:00,3.17,3.17,3.0,3.05,13570
2019-09-25 07:00:00,3.17,3.17,3.05,3.05,26620
2019-09-26 07:00:00,2.98,3.17,2.98,3.05,4030
2019-09-27 07:00:00,3.03,3.05,3.03,3.05,22070
2019-09-30 07:00:00,3.12,3.12,3.0,3.05,8280
2019-10-01 07:00:00,3.09,3.09,2.84,3.03,160250
2019-10-02 07:00:00,2.93,2.93,2.84,2.89,22130
2019-10-03 07:00:00,3.06,3.06,2.86,2.88,14200
2019-10-04 07:00:00,2.93,3.02,2.74,2.86,40610
2019-10-07 07:00:00,2.77,2.86,2.77,2.78,4630
2019-10-08 07:00:00,2.93,2.93,2.77,2.78,12500
2019-10-09 07:00:00,2.78,2.79,2.78,2.79,20300
2019-10-10 07:00:00,2.83,2.93,2.78,2.93,58400
2019-10-11 07:00:00,2.85,2.93,2.85,2.93,2890
2019-10-14 07:00:00,2.92,3.07,2.92,2.96,1670
2019-10-15 07:00:00,2.98,2.98,2.76,2.96,2420
2019-10-16 07:00:00,2.84,2.98,2.84,2.96,6030
2019-10-17 07:00:00,2.93,2.96,2.93,2.96,2630
2019-10-18 07:00:00,2.97,2.97,2.88,2.96,1040
2019-10-21 07:00:00,2.98,2.98,2.93,2.96,9670
2019-10-22 07:00:00,2.93,2.93,2.78,2.93,5760
2019-10-23 07:00:00,2.98,2.98,2.81,2.93,3740
2019-10-24 07:00:00,2.93,2.96,2.83,2.93,5890
2019-10-25 07:00:00,2.95,2.95,2.84,2.91,11420
2019-10-28 07:00:00,2.83,2.93,2.81,2.9,16670
2019-10-29 07:00:00,2.91,2.91,2.83,2.88,3110
2019-10-30 07:00:00,2.88,2.88,2.83,2.88,9190
2019-10-31 07:00:00,2.84,2.88,2.83,2.88,3970
2019-11-01 07:00:00,2.93,2.93,2.83,2.83,12010
2019-11-04 07:00:00,2.88,2.88,2.81,2.83,16670
2019-11-05 07:00:00,2.86,2.86,2.81,2.83,35820
2019-11-06 07:00:00,2.83,2.91,2.83,2.83,4930
2019-11-07 07:00:00,2.79,2.86,2.79,2.83,4030
2019-11-08 07:00:00,2.83,2.84,2.82,2.83,14490
2019-11-11 07:00:00,2.84,2.84,2.78,2.84,10270
2019-11-12 07:00:00,2.79,2.84,2.79,2.84,10460
2019-11-13 07:00:00,2.84,2.86,2.74,2.84,10900
2019-11-14 07:00:00,2.84,2.84,2.78,2.83,21470
2019-11-15 07:00:00,2.83,2.83,2.74,2.83,5100
2019-11-18 07:00:00,2.84,2.84,2.78,2.78,18870
2019-11-19 07:00:00,2.78,2.83,2.78,2.78,8710
2019-11-20 07:00:00,2.76,2.81,2.75,2.81,240
2019-11-21 07:00:00,2.83,2.83,2.81,2.81,4300
2019-11-22 07:00:00,2.81,2.86,2.81,2.82,2110
2019-11-25 07:00:00,2.83,2.83,2.69,2.69,26540
2019-11-26 07:00:00,2.83,2.83,2.69,2.77,4720
2019-11-27 07:00:00,2.8,2.8,2.77,2.77,14260
2019-11-28 07:00:00,2.77,2.77,2.74,2.75,12510
2019-11-29 07:00:00,2.76,2.77,2.64,2.76,27110
2019-12-02 07:00:00,2.76,2.76,2.58,2.7,24860
2019-12-03 07:00:00,2.64,2.71,2.64,2.71,19020
2019-12-04 07:00:00,2.72,2.72,2.72,2.72,2500
2019-12-05 07:00:00,2.69,2.71,2.67,2.71,21900
2019-12-06 07:00:00,2.74,2.78,2.73,2.78,7030
2019-12-09 07:00:00,2.78,2.78,2.74,2.78,1610
2019-12-10 07:00:00,2.69,2.78,2.65,2.78,4830
2019-12-11 07:00:00,2.77,2.77,2.64,2.69,4040
2019-12-12 07:00:00,2.7,2.74,2.69,2.74,2040
2019-12-13 07:00:00,2.74,2.85,2.74,2.85,61960
2019-12-16 07:00:00,2.85,2.87,2.74,2.86,25670
2019-12-17 07:00:00,2.86,2.87,2.86,2.87,3540
2019-12-18 07:00:00,2.86,2.87,2.83,2.83,3320
2019-12-19 07:00:00,2.86,2.86,2.83,2.83,4370
2019-12-20 07:00:00,2.83,2.84,2.83,2.84,3400
2019-12-23 07:00:00,2.84,2.88,2.74,2.86,5620
2019-12-24 07:00:00,2.86,2.93,2.86,2.93,140
2019-12-25 07:00:00,2.88,2.93,2.78,2.78,1340
2019-12-26 07:00:00,2.78,2.88,2.78,2.88,13200
2019-12-27 07:00:00,2.88,2.88,2.81,2.88,15320
2019-12-30 07:00:00,2.88,2.89,2.83,2.88,24920
2019-12-31 07:00:00,2.93,2.93,2.88,2.92,2330
2020-01-02 07:00:00,2.92,3.03,2.92,3.03,48770
2020-01-03 07:00:00,2.98,3.1,2.98,3.1,55100
2020-01-06 07:00:00,3.05,3.13,3.05,3.13,27210
2020-01-07 07:00:00,3.13,3.17,3.1,3.17,15430
2020-01-08 07:00:00,3.1,3.37,3.1,3.18,50230
2020-01-09 07:00:00,3.27,3.32,3.13,3.32,20760
2020-01-10 07:00:00,3.37,3.37,3.22,3.36,12800
2020-01-13 07:00:00,3.36,3.37,3.28,3.28,65420
2020-01-14 07:00:00,3.28,3.34,3.28,3.33,23570
2020-01-15 07:00:00,3.33,3.33,3.32,3.33,14200
2020-01-16 07:00:00,3.27,3.33,3.27,3.33,22820
2020-01-17 07:00:00,3.29,3.3,3.28,3.28,41900
2020-01-20 07:00:00,3.13,3.32,3.13,3.31,5320
2020-01-21 07:00:00,3.31,3.31,3.27,3.3,47820
2020-01-22 07:00:00,3.3,3.3,3.28,3.29,46290
2020-01-30 07:00:00,3.37,3.37,3.27,3.31,18090
2020-01-31 07:00:00,3.31,3.31,3.25,3.31,21700
2020-02-03 07:00:00,3.27,3.32,3.25,3.32,2590
2020-02-04 07:00:00,3.32,3.33,3.13,3.31,13820
2020-02-05 07:00:00,3.29,3.29,3.18,3.27,3440
2020-02-06 07:00:00,3.18,3.27,3.1,3.18,23660
2020-02-07 07:00:00,3.22,3.22,3.13,3.2,6280
2020-02-10 07:00:00,3.13,3.18,2.98,3.18,5100
2020-02-11 07:00:00,3.18,3.37,3.18,3.24,51720
2020-02-12 07:00:00,3.18,3.32,3.18,3.29,96790
2020-02-13 07:00:00,3.32,3.32,3.29,3.29,33170
2020-02-14 07:00:00,3.34,3.52,3.28,3.52,778790
2020-02-17 07:00:00,3.76,3.76,3.71,3.76,858500
2020-02-18 07:00:00,3.84,4.01,3.71,3.71,155030
2020-02-19 07:00:00,3.59,3.64,3.49,3.51,459310
2020-02-20 07:00:00,3.51,3.66,3.4,3.42,601000
2020-02-21 07:00:00,3.4,3.57,3.37,3.4,263990
2020-02-24 07:00:00,3.27,3.37,3.17,3.17,180370
2020-02-25 07:00:00,3.02,3.07,2.95,2.98,498280
2020-02-26 07:00:00,2.86,3.08,2.78,2.94,155920
2020-02-27 07:00:00,2.94,3.03,2.9,3.03,109630
2020-02-28 07:00:00,2.94,2.97,2.88,2.88,108190
2020-03-02 07:00:00,2.88,2.88,2.82,2.82,46730
2020-03-03 07:00:00,2.82,2.88,2.82,2.84,70000
2020-03-04 07:00:00,2.84,3.0,2.83,3.0,122850
2020-03-05 07:00:00,3.03,3.13,2.89,3.0,145100
2020-03-06 07:00:00,3.0,3.0,2.88,2.89,61850
2020-03-09 07:00:00,2.69,2.79,2.69,2.69,220020
2020-03-10 07:00:00,2.69,2.78,2.69,2.72,73910
2020-03-11 07:00:00,2.72,2.78,2.6,2.6,33560
2020-03-12 07:00:00,2.47,2.59,2.42,2.42,194400
2020-03-13 07:00:00,2.26,2.37,2.26,2.26,148230
2020-03-16 07:00:00,2.26,2.27,2.11,2.2,141250
2020-03-17 07:00:00,2.2,2.25,2.15,2.25,70370
2020-03-18 07:00:00,2.3,2.37,2.25,2.32,16700
2020-03-19 07:00:00,2.25,2.32,2.25,2.25,33400
2020-03-20 07:00:00,2.32,2.32,2.25,2.25,53700
2020-03-23 07:00:00,2.25,2.25,2.09,2.09,133290
2020-03-24 07:00:00,2.09,2.11,1.97,2.1,32640
2020-03-25 07:00:00,2.1,2.25,2.1,2.25,91340
2020-03-26 07:00:00,2.25,2.25,2.1,2.17,31170
2020-03-27 07:00:00,2.05,2.19,2.05,2.19,14070
2020-03-30 07:00:00,2.04,2.09,2.04,2.04,71410
2020-03-31 07:00:00,2.14,2.14,1.9,2.03,49240
2020-04-01 07:00:00,2.1,2.1,2.03,2.04,7600
2020-04-03 07:00:00,2.04,2.15,2.04,2.14,18270
2020-04-06 07:00:00,2.14,2.17,2.04,2.12,95010
2020-04-07 07:00:00,2.12,2.17,2.05,2.15,30720
2020-04-08 07:00:00,2.17,2.22,2.06,2.22,24290
2020-04-09 07:00:00,2.3,2.3,2.25,2.27,9370
2020-04-10 07:00:00,2.27,2.29,2.22,2.23,9770
2020-04-13 07:00:00,2.23,2.25,2.2,2.2,15030
2020-04-14 07:00:00,2.2,2.3,2.2,2.2,10670
2020-04-15 07:00:00,2.2,2.29,2.2,2.29,45670
2020-04-16 07:00:00,2.26,2.3,2.25,2.3,28360
2020-04-17 07:00:00,2.31,2.41,2.3,2.39,47060
2020-04-20 07:00:00,2.47,2.56,2.47,2.56,73180
2020-04-21 07:00:00,2.56,2.68,2.56,2.61,132010
2020-04-22 07:00:00,2.61,2.61,2.43,2.54,50570
2020-04-23 07:00:00,2.59,2.59,2.55,2.56,21550
2020-04-24 07:00:00,2.52,2.56,2.52,2.53,16500
2020-04-27 07:00:00,2.53,2.58,2.53,2.54,27680
2020-04-28 07:00:00,2.59,2.59,2.49,2.54,44100
2020-04-29 07:00:00,2.57,2.58,2.47,2.57,17410
2020-05-04 07:00:00,2.59,2.68,2.56,2.59,81630
2020-05-05 07:00:00,2.72,2.72,2.53,2.53,14480
2020-05-06 07:00:00,2.37,2.68,2.37,2.46,26940
2020-05-07 07:00:00,2.49,2.5,2.42,2.47,42960
2020-05-08 07:00:00,2.49,2.59,2.47,2.49,40530
2020-05-11 07:00:00,2.64,2.64,2.47,2.64,30420
2020-05-12 07:00:00,2.63,2.71,2.63,2.66,65400
2020-05-13 07:00:00,2.65,2.65,2.56,2.62,33910
2020-05-14 07:00:00,2.62,2.66,2.59,2.59,8050
2020-05-15 07:00:00,2.69,2.69,2.45,2.57,14170
2020-05-18 07:00:00,2.54,2.61,2.54,2.59,22100
2020-05-19 07:00:00,2.59,2.61,2.57,2.61,35220
2020-05-20 07:00:00,2.61,2.61,2.56,2.56,52970
2020-05-21 07:00:00,2.56,2.59,2.56,2.59,55870
2020-05-22 07:00:00,2.56,2.57,2.54,2.56,14780
2020-05-25 07:00:00,2.55,2.58,2.55,2.58,69020
2020-05-26 07:00:00,2.58,2.66,2.55,2.63,83580
2020-05-27 07:00:00,2.63,2.63,2.56,2.61,39050
2020-05-28 07:00:00,2.58,2.58,2.57,2.58,26980
2020-05-29 07:00:00,2.58,2.58,2.54,2.58,22740
2020-06-01 07:00:00,2.56,2.56,2.44,2.55,55610
2020-06-02 07:00:00,2.55,2.55,2.53,2.55,62000
2020-06-03 07:00:00,2.56,2.56,2.54,2.54,30440
2020-06-04 07:00:00,2.56,2.56,2.54,2.54,69850
2020-06-05 07:00:00,2.54,2.59,2.53,2.56,94170
2020-06-08 07:00:00,2.57,2.74,2.57,2.74,282810
2020-06-09 07:00:00,2.76,2.9,2.76,2.88,407640
2020-06-10 07:00:00,2.88,2.93,2.86,2.91,169970
2020-06-11 07:00:00,2.93,3.11,2.93,2.93,494230
2020-06-12 07:00:00,2.83,3.1,2.76,3.1,244470
2020-06-15 07:00:00,3.14,3.14,3.0,3.0,425340
2020-06-16 07:00:00,3.06,3.06,2.94,3.0,107480
2020-06-17 07:00:00,3.0,3.0,2.83,2.91,66380
2020-06-18 07:00:00,2.85,2.87,2.71,2.81,201650
2020-06-19 07:00:00,2.76,2.78,2.71,2.78,193160
2020-06-22 07:00:00,2.78,2.97,2.78,2.88,130650
2020-06-23 07:00:00,2.87,2.96,2.85,2.86,196890
2020-06-24 07:00:00,2.84,2.9,2.83,2.87,147600
2020-06-25 07:00:00,2.75,2.9,2.75,2.86,85140
2020-06-26 07:00:00,2.87,2.87,2.82,2.86,80860
2020-06-29 07:00:00,2.76,2.84,2.75,2.79,148520
2020-06-30 07:00:00,2.79,2.82,2.78,2.79,132300
2020-07-01 07:00:00,2.79,2.88,2.77,2.87,184620
2020-07-02 07:00:00,2.83,2.85,2.81,2.85,23370
2020-07-03 07:00:00,2.85,2.93,2.85,2.86,61560
2020-07-06 07:00:00,2.86,2.86,2.78,2.81,41690
2020-07-07 07:00:00,2.81,2.83,2.81,2.83,76420
2020-07-08 07:00:00,2.81,2.82,2.77,2.77,43220
2020-07-09 07:00:00,2.75,2.86,2.75,2.78,71490
2020-07-10 07:00:00,2.78,2.79,2.69,2.78,41510
2020-07-13 07:00:00,2.78,2.78,2.74,2.77,21100
2020-07-14 07:00:00,2.75,2.79,2.75,2.76,143110
2020-07-15 07:00:00,2.77,2.78,2.75,2.77,177000
2020-07-16 07:00:00,2.77,2.77,2.75,2.76,68440
2020-07-17 07:00:00,2.72,2.78,2.71,2.76,70170
2020-07-20 07:00:00,2.75,2.75,2.69,2.71,88670
2020-07-21 07:00:00,2.66,2.71,2.64,2.64,81680
2020-07-22 07:00:00,2.64,2.64,2.61,2.64,20590
2020-07-23 07:00:00,2.55,2.61,2.55,2.57,46140
2020-07-24 07:00:00,2.58,2.58,2.4,2.47,110890
2020-07-27 07:00:00,2.3,2.31,2.3,2.3,138940
2020-07-28 07:00:00,2.3,2.34,2.2,2.34,85350
2020-07-29 07:00:00,2.32,2.32,2.18,2.2,79220
2020-07-30 07:00:00,2.2,2.25,2.2,2.25,134540
2020-07-31 07:00:00,2.25,2.4,2.25,2.4,127940
2020-08-03 07:00:00,2.56,2.57,2.41,2.54,90930
2020-08-04 07:00:00,2.46,2.51,2.46,2.51,88200
2020-08-05 07:00:00,2.51,2.51,2.44,2.49,116830
2020-08-06 07:00:00,2.45,2.5,2.44,2.48,71600
2020-08-07 07:00:00,2.45,2.64,2.45,2.59,190310
2020-08-10 07:00:00,2.59,2.59,2.54,2.56,62070
2020-08-11 07:00:00,2.55,2.57,2.55,2.56,99890
2020-08-12 07:00:00,2.56,2.56,2.44,2.54,50720
2020-08-13 07:00:00,2.54,2.54,2.49,2.54,45230
2020-08-14 07:00:00,2.54,2.71,2.53,2.61,252600
2020-08-17 07:00:00,2.62,2.77,2.62,2.75,318140
2020-08-18 07:00:00,2.75,2.91,2.74,2.91,262560
2020-08-19 07:00:00,3.0,3.02,2.93,2.96,401740
2020-08-20 07:00:00,2.92,2.92,2.81,2.86,233650
2020-08-21 07:00:00,2.86,2.91,2.83,2.85,123820
2020-08-24 07:00:00,2.85,2.96,2.85,2.9,190280
2020-08-25 07:00:00,2.93,2.93,2.86,2.86,199680
2020-08-26 07:00:00,2.85,2.88,2.83,2.83,93730
2020-08-27 07:00:00,2.88,3.03,2.85,3.03,963510
2020-08-28 07:00:00,3.24,3.24,3.23,3.24,1063620
2020-08-31 07:00:00,3.46,3.46,3.37,3.46,2172640
2020-09-01 07:00:00,3.32,3.46,3.27,3.35,820790
2020-09-03 07:00:00,3.33,3.45,3.33,3.4,588230
2020-09-04 07:00:00,3.32,3.41,3.31,3.39,895520
2020-09-07 07:00:00,3.39,3.57,3.39,3.42,664280
2020-09-08 07:00:00,3.52,3.54,3.39,3.47,408750
2020-09-09 07:00:00,3.39,3.56,3.36,3.52,489080
2020-09-10 07:00:00,3.57,3.71,3.57,3.58,540440
2020-09-11 07:00:00,3.58,3.61,3.49,3.52,353130
2020-09-14 07:00:00,3.57,3.57,3.44,3.5,500330
2020-09-15 07:00:00,3.5,3.56,3.45,3.49,510590
2020-09-16 07:00:00,3.47,3.66,3.45,3.62,575060
2020-09-17 07:00:00,3.62,3.82,3.61,3.69,710350
2020-09-18 07:00:00,3.69,3.71,3.62,3.64,326780
2020-09-21 07:00:00,3.64,3.64,3.54,3.58,392420
2020-09-22 07:00:00,3.48,3.59,3.48,3.55,350360
2020-09-23 07:00:00,3.54,3.59,3.52,3.53,260750
2020-09-24 07:00:00,3.53,3.54,3.42,3.47,339730
2020-09-25 07:00:00,3.47,3.49,3.43,3.47,284760
2020-09-28 07:00:00,3.44,3.52,3.44,3.45,244720
2020-09-29 07:00:00,3.45,3.52,3.42,3.43,217520
2020-09-30 07:00:00,3.43,3.45,3.42,3.42,206280
2020-10-01 07:00:00,3.42,3.43,3.35,3.37,357690
2020-10-02 07:00:00,3.37,3.39,3.14,3.31,349680
2020-10-05 07:00:00,3.28,3.49,3.25,3.47,373350
2020-10-06 07:00:00,3.56,3.56,3.42,3.44,159230
2020-10-07 07:00:00,3.47,3.47,3.4,3.4,148510
2020-10-08 07:00:00,3.4,3.4,3.36,3.38,295860
2020-10-09 07:00:00,3.38,3.38,3.33,3.33,181430
2020-10-12 07:00:00,3.33,3.35,3.25,3.25,232410
2020-10-13 07:00:00,3.25,3.32,3.22,3.26,109030
2020-10-14 07:00:00,3.27,3.28,3.25,3.25,199900
2020-10-15 07:00:00,3.25,3.36,3.21,3.24,249650
2020-10-16 07:00:00,3.24,3.26,3.22,3.23,47940
2020-10-19 07:00:00,3.23,3.25,3.22,3.22,157630
2020-10-20 07:00:00,3.2,3.35,3.2,3.33,143400
2020-10-21 07:00:00,3.33,3.38,3.3,3.34,161920
2020-10-22 07:00:00,3.34,3.37,3.3,3.32,131970
2020-10-23 07:00:00,3.32,3.33,3.32,3.32,194490
2020-10-26 07:00:00,3.36,3.36,3.32,3.32,110030
2020-10-27 07:00:00,3.32,3.32,3.3,3.32,72280
2020-10-28 07:00:00,3.32,3.32,3.1,3.1,197110
2020-10-29 07:00:00,3.13,3.13,3.03,3.1,80060
2020-10-30 07:00:00,3.13,3.13,3.08,3.08,50370
2020-11-02 07:00:00,3.18,3.18,3.01,3.08,90030
2020-11-03 07:00:00,3.08,3.29,3.08,3.22,72960
2020-11-04 07:00:00,3.13,3.29,3.13,3.22,504400
2020-11-05 07:00:00,3.22,3.22,3.18,3.19,100430
2020-11-06 07:00:00,3.18,3.19,3.14,3.18,89520
2020-11-09 07:00:00,3.18,3.22,3.17,3.2,148080
2020-11-10 07:00:00,3.27,3.28,3.18,3.2,145240
2020-11-11 07:00:00,3.2,3.22,3.13,3.2,113030
2020-11-12 07:00:00,3.14,3.19,3.14,3.17,74620
2020-11-13 07:00:00,3.22,3.22,3.15,3.2,74480
2020-11-16 07:00:00,3.2,3.2,3.16,3.18,72510
2020-11-17 07:00:00,3.18,3.18,3.15,3.18,64780
2020-11-18 07:00:00,3.17,3.17,3.1,3.16,102630
2020-11-19 07:00:00,3.16,3.38,3.15,3.38,783360
2020-11-20 07:00:00,3.61,3.61,3.42,3.6,741550
2020-11-23 07:00:00,3.6,3.6,3.41,3.49,126950
2020-11-24 07:00:00,3.47,3.48,3.35,3.39,490060
2020-11-25 07:00:00,3.42,3.49,3.31,3.35,256870
2020-11-26 07:00:00,3.35,3.46,3.33,3.35,478550
2020-11-27 07:00:00,3.35,3.49,3.34,3.42,246250
2020-11-30 07:00:00,3.42,3.42,3.35,3.4,82990
2020-12-01 07:00:00,3.4,3.4,3.18,3.37,170620
2020-12-02 07:00:00,3.37,3.55,3.37,3.51,391920
2020-12-03 07:00:00,3.57,3.64,3.52,3.6,567910
2020-12-04 07:00:00,3.62,3.62,3.54,3.57,326460
2020-12-07 07:00:00,3.57,3.71,3.54,3.67,499770
2020-12-08 07:00:00,3.67,3.69,3.61,3.67,341450
2020-12-09 07:00:00,3.69,3.83,3.68,3.74,474490
2020-12-10 07:00:00,3.75,3.75,3.57,3.57,430980
2020-12-11 07:00:00,3.57,3.65,3.57,3.63,274660
2020-12-14 07:00:00,3.64,3.67,3.64,3.66,307680
2020-12-15 07:00:00,3.66,3.67,3.61,3.61,451070
2020-12-16 07:00:00,3.65,3.81,3.64,3.76,677360
2020-12-17 07:00:00,3.76,4.02,3.76,4.02,1044520
2020-12-18 07:00:00,4.05,4.15,4.05,4.15,506170
2020-12-21 07:00:00,4.18,4.3,4.1,4.26,597630
2020-12-22 07:00:00,4.16,4.28,4.14,4.24,595780
2020-12-23 07:00:00,4.24,4.38,4.15,4.24,718100
2020-12-24 07:00:00,4.24,4.24,3.95,4.05,659070
2020-12-25 07:00:00,4.09,4.23,3.96,4.15,428420
2020-12-28 07:00:00,4.2,4.23,4.08,4.1,557320
2020-12-29 07:00:00,4.15,4.39,4.1,4.35,696710
2020-12-30 07:00:00,4.32,4.61,4.25,4.5,695590
2020-12-31 07:00:00,4.54,4.54,4.4,4.54,443620
2021-01-04 07:00:00,4.49,4.59,4.49,4.54,733000
2021-01-05 07:00:00,4.53,4.83,4.5,4.74,940700
2021-01-06 07:00:00,4.74,4.88,4.69,4.72,824800
2021-01-07 07:00:00,4.73,4.96,4.67,4.96,1055900
2021-01-08 07:00:00,5.3,5.3,4.98,5.13,587500
2021-01-11 07:00:00,5.28,5.28,5.03,5.18,352600
2021-01-12 07:00:00,5.2,5.23,5.13,5.2,407900
2021-01-13 07:00:00,5.28,5.54,5.18,5.54,1010500
2021-01-14 07:00:00,5.81,5.91,5.62,5.81,969000
2021-01-15 07:00:00,6.01,6.11,5.86,6.11,613300
2021-01-18 07:00:00,6.25,6.25,6.01,6.03,619400
2021-01-19 07:00:00,6.03,6.03,5.62,5.62,513700
2021-01-20 07:00:00,5.62,5.62,5.23,5.42,568400
2021-01-21 07:00:00,5.72,5.72,5.45,5.67,384100
2021-01-22 07:00:00,5.57,5.59,5.42,5.47,486700
2021-01-25 07:00:00,5.37,5.67,5.37,5.57,385400
2021-01-26 07:00:00,5.57,5.57,5.23,5.37,309100
2021-01-27 07:00:00,5.37,5.47,5.01,5.2,588500
2021-01-28 07:00:00,4.84,4.98,4.84,4.84,340200
2021-01-29 07:00:00,4.5,4.88,4.5,4.74,298600
2021-02-01 07:00:00,4.74,4.84,4.42,4.56,309000
2021-02-02 07:00:00,4.56,4.66,4.37,4.66,361300
2021-02-03 07:00:00,4.64,4.86,4.46,4.69,223800
2021-02-04 07:00:00,4.69,4.7,4.47,4.68,145800
2021-02-05 07:00:00,4.64,4.7,4.59,4.7,310500
2021-02-08 07:00:00,4.7,4.87,4.7,4.74,323800
2021-02-09 07:00:00,4.75,4.93,4.69,4.93,176600
2021-02-17 07:00:00,5.03,5.28,4.98,5.28,397700
2021-02-18 07:00:00,5.52,5.52,5.35,5.52,612800
2021-02-19 07:00:00,5.57,5.59,5.45,5.52,271400
2021-02-22 07:00:00,5.52,5.54,5.4,5.47,329900
2021-02-23 07:00:00,5.47,5.47,5.37,5.47,373200
2021-02-24 07:00:00,5.47,5.5,5.28,5.37,299800
2021-02-25 07:00:00,5.4,5.47,5.3,5.37,248800
2021-02-26 07:00:00,5.15,5.47,5.15,5.37,142100
2021-03-01 07:00:00,5.37,5.57,5.35,5.54,451100
2021-03-02 07:00:00,5.54,5.57,5.4,5.4,355600
2021-03-03 07:00:00,5.32,5.47,5.32,5.37,449100
2021-03-04 07:00:00,5.37,5.4,5.13,5.18,537500
2021-03-05 07:00:00,5.18,5.25,4.98,5.1,421200
2021-03-08 07:00:00,5.28,5.37,5.06,5.37,489500
2021-03-09 07:00:00,5.37,5.74,5.28,5.74,913400
2021-03-10 07:00:00,5.74,6.01,5.67,5.76,2220000
2021-03-11 07:00:00,5.79,5.79,5.57,5.57,1085000
2021-03-12 07:00:00,5.57,5.89,5.57,5.74,1193900
2021-03-15 07:00:00,5.96,6.13,5.86,6.13,1937300
2021-03-16 07:00:00,6.3,6.55,6.3,6.52,1874100
2021-03-17 07:00:00,6.64,6.64,6.4,6.45,836000
2021-03-18 07:00:00,6.45,6.89,6.28,6.89,1727300
2021-03-19 07:00:00,6.86,7.23,6.74,7.13,1009400
2021-03-22 07:00:00,7.13,7.33,7.03,7.16,1026300
2021-03-23 07:00:00,7.08,7.13,6.77,6.99,1478500
2021-03-24 07:00:00,6.84,6.84,6.59,6.72,869100
2021-03-25 07:00:00,6.67,6.81,6.45,6.69,867100
2021-03-26 07:00:00,6.47,6.79,6.23,6.47,828300
2021-03-29 07:00:00,6.81,6.81,6.52,6.64,566800
2021-03-30 07:00:00,6.64,6.81,6.59,6.62,463300
2021-03-31 07:00:00,6.59,6.64,6.37,6.59,745000
2021-04-01 07:00:00,6.57,6.79,6.57,6.69,362700
2021-04-02 07:00:00,6.79,6.84,6.69,6.69,760900
2021-04-05 07:00:00,6.69,7.16,6.5,7.16,1497900
2021-04-06 07:00:00,7.18,7.25,7.08,7.08,525900
2021-04-07 07:00:00,7.08,7.08,6.84,6.91,320100
2021-04-08 07:00:00,6.91,6.91,6.69,6.81,505700
2021-04-09 07:00:00,6.64,7.03,6.64,7.01,554100
2021-04-12 07:00:00,6.99,7.01,6.72,6.77,567800
2021-04-13 07:00:00,6.79,6.84,6.5,6.55,589800
2021-04-14 07:00:00,6.5,6.55,6.28,6.5,501000
2021-04-15 07:00:00,6.5,6.5,6.2,6.45,1168900
2021-04-16 07:00:00,6.45,6.45,6.06,6.15,632200
2021-04-19 07:00:00,6.15,6.3,5.96,6.06,417200
2021-04-20 07:00:00,5.91,6.06,5.84,5.89,554700
2021-04-22 07:00:00,5.67,5.86,5.5,5.5,569000
2021-04-23 07:00:00,5.5,5.76,5.4,5.76,436500
2021-04-26 07:00:00,5.81,6.01,5.67,5.79,511500
2021-04-27 07:00:00,5.76,5.81,5.72,5.76,144500
2021-04-28 07:00:00,5.76,5.81,5.62,5.76,186400
2021-04-29 07:00:00,5.81,6.06,5.81,5.89,429800
2021-05-04 07:00:00,5.76,5.76,5.64,5.64,325400
2021-05-05 07:00:00,5.64,5.81,5.59,5.76,406000
2021-05-06 07:00:00,5.79,6.06,5.76,5.89,549400
2021-05-07 07:00:00,5.89,5.89,5.74,5.81,297400
2021-05-10 07:00:00,5.72,5.76,5.42,5.72,369500
2021-05-11 07:00:00,5.69,5.96,5.67,5.79,568000
2021-05-12 07:00:00,5.79,5.96,5.79,5.91,427500
2021-05-13 07:00:00,5.81,6.18,5.81,6.08,384800
2021-05-14 07:00:00,6.03,6.08,5.86,5.98,396300
2021-05-17 07:00:00,5.98,6.06,5.86,6.01,257400
2021-05-18 07:00:00,6.01,6.01,5.84,5.96,420600
2021-05-19 07:00:00,5.96,5.96,5.81,5.89,253400
2021-05-20 07:00:00,5.89,5.89,5.81,5.86,347200
2021-05-21 07:00:00,5.86,6.06,5.86,5.96,611900
2021-05-24 07:00:00,5.96,6.37,5.96,6.37,673700
2021-05-25 07:00:00,6.37,6.57,6.25,6.37,254100
2021-05-26 07:00:00,6.37,6.59,6.37,6.5,684700
2021-05-27 07:00:00,6.5,6.57,6.25,6.25,590900
2021-05-28 07:00:00,6.3,6.37,6.25,6.3,302500
2021-05-31 07:00:00,6.33,6.33,6.06,6.2,365000
2021-06-01 07:00:00,6.01,6.15,5.98,6.06,316100
2021-06-02 07:00:00,6.01,6.35,6.01,6.25,326400
2021-06-03 07:00:00,6.35,6.59,6.35,6.57,880800
2021-06-04 07:00:00,6.77,6.77,6.5,6.57,616200
2021-06-07 07:00:00,6.59,6.64,6.37,6.55,937900
2021-06-08 07:00:00,6.47,6.55,6.2,6.35,708900
2021-06-09 07:00:00,6.4,6.59,6.3,6.57,875600
2021-06-10 07:00:00,6.59,7.01,6.57,7.01,1900800
2021-06-11 07:00:00,7.28,7.28,7.08,7.16,983500
2021-06-14 07:00:00,7.33,7.33,7.06,7.08,549700
2021-06-15 07:00:00,7.08,7.57,7.01,7.5,1663100
2021-06-16 07:00:00,7.57,7.82,7.38,7.45,992100
2021-06-17 07:00:00,7.3,7.77,7.3,7.72,959800
2021-06-18 07:00:00,7.72,7.82,7.55,7.62,1116500
2021-06-21 07:00:00,7.62,7.69,7.52,7.6,530800
2021-06-22 07:00:00,7.62,7.89,7.57,7.84,1234700
2021-06-23 07:00:00,7.82,7.91,7.62,7.62,747800
2021-06-24 07:00:00,7.62,7.74,7.62,7.69,873400
2021-06-25 07:00:00,7.72,7.91,7.69,7.77,852700
2021-06-28 07:00:00,7.77,7.91,7.77,7.86,943100
2021-06-29 07:00:00,7.84,7.94,7.84,7.86,534900
2021-06-30 07:00:00,7.86,7.89,7.69,7.82,521800
2021-07-01 07:00:00,7.77,7.77,7.62,7.77,584600
2021-07-02 07:00:00,7.84,7.84,7.64,7.77,577100
2021-07-05 07:00:00,7.79,7.79,7.62,7.77,273900
2021-07-06 07:00:00,7.79,7.82,7.64,7.74,520600
2021-07-07 07:00:00,7.74,7.74,7.47,7.55,608500
2021-07-08 07:00:00,7.5,7.5,7.03,7.3,603900
2021-07-09 07:00:00,7.13,7.28,6.89,7.18,388000
2021-07-12 07:00:00,6.74,6.99,6.69,6.84,450900
2021-07-13 07:00:00,6.84,7.08,6.69,6.94,139500
2021-07-14 07:00:00,6.94,7.38,6.94,7.18,654500
2021-07-15 07:00:00,7.3,7.38,7.18,7.38,1241300
2021-07-16 07:00:00,7.33,7.4,7.25,7.38,216900
2021-07-19 07:00:00,7.1,7.53,7.07,7.12,182000
2021-07-20 07:00:00,7.27,7.27,6.87,7.2,180000
2021-07-21 07:00:00,7.2,7.22,7.1,7.2,110200
2021-07-22 07:00:00,7.2,7.2,7.05,7.1,276300
2021-07-23 07:00:00,7.07,7.12,6.97,6.97,215200
2021-07-26 07:00:00,6.94,7.12,6.94,7.12,440200
2021-07-27 07:00:00,7.32,7.5,7.17,7.48,480400
2021-07-28 07:00:00,7.53,7.99,7.53,7.99,1242600
2021-07-29 07:00:00,7.99,8.24,7.94,7.99,545900
2021-07-30 07:00:00,7.88,8.34,7.88,8.09,797800
2021-08-02 07:00:00,7.99,8.27,7.99,8.11,891300
2021-08-03 07:00:00,8.06,8.47,8.06,8.47,1176300
2021-08-04 07:00:00,8.65,8.65,8.27,8.39,580100
2021-08-05 07:00:00,8.39,8.42,8.22,8.37,819500
2021-08-06 07:00:00,8.44,8.85,8.39,8.7,1843000
2021-08-09 07:00:00,8.6,8.85,8.57,8.83,853800
2021-08-10 07:00:00,8.9,8.93,8.83,8.93,583800
2021-08-11 07:00:00,8.75,8.85,8.57,8.7,985300
2021-08-12 07:00:00,8.55,8.75,8.55,8.65,665700
2021-08-13 07:00:00,8.55,8.88,8.55,8.85,839100
2021-08-16 07:00:00,8.93,9.21,8.88,9.11,1746600
2021-08-17 07:00:00,9.18,9.18,8.9,9.03,501100
2021-08-18 07:00:00,9.05,9.08,8.9,8.98,611900
2021-08-19 07:00:00,8.98,9.13,8.8,9.13,764300
2021-08-20 07:00:00,9.26,9.41,9.05,9.16,1905800
2021-08-23 07:00:00,9.26,9.79,9.26,9.77,1497100
2021-08-24 07:00:00,9.66,9.77,9.11,9.26,927400
2021-08-25 07:00:00,9.26,9.41,9.16,9.31,936000
2021-08-26 07:00:00,9.41,9.49,9.28,9.31,651800
2021-08-27 07:00:00,9.26,9.66,9.26,9.64,516600
2021-08-30 07:00:00,9.82,10.17,9.77,10.07,725400
2021-08-31 07:00:00,10.17,10.17,9.92,10.02,1034200
2021-09-01 07:00:00,9.92,10.17,9.92,10.12,655500
2021-09-06 07:00:00,10.28,10.38,10.17,10.38,646100
2021-09-07 07:00:00,10.43,10.43,9.97,10.38,739200
2021-09-08 07:00:00,10.38,10.4,10.22,10.33,677700
2021-09-09 07:00:00,10.33,10.4,10.17,10.35,587700
2021-09-10 07:00:00,10.4,10.4,10.3,10.4,556200
2021-09-13 07:00:00,10.53,10.78,10.53,10.76,903300
2021-09-14 07:00:00,10.78,11.5,10.76,11.5,1099500
2021-09-15 07:00:00,11.8,12.21,11.55,11.85,865900
2021-09-16 07:00:00,11.95,12.03,11.19,11.95,691500
2021-09-17 07:00:00,12.0,12.44,12.0,12.36,623600
2021-09-20 07:00:00,12.51,12.51,12.21,12.39,879700
2021-09-21 07:00:00,12.0,12.39,12.0,12.26,811300
2021-09-22 07:00:00,12.34,12.39,12.08,12.36,460900
2021-09-23 07:00:00,12.46,13.17,12.44,12.69,1255700
2021-09-24 07:00:00,12.72,13.12,12.69,13.1,939800
2021-09-27 07:00:00,13.2,13.53,13.15,13.45,1210400
2021-09-28 07:00:00,13.23,13.38,12.72,13.38,955700
2021-09-29 07:00:00,13.35,13.38,13.02,13.23,519100
2021-09-30 07:00:00,13.23,13.84,13.23,13.71,991500
2021-10-01 07:00:00,13.71,13.96,13.48,13.84,726000
2021-10-04 07:00:00,14.22,14.22,13.79,13.86,603300
2021-10-05 07:00:00,13.86,13.94,13.15,13.33,1541300
2021-10-06 07:00:00,13.23,13.73,12.62,13.73,1650300
2021-10-07 07:00:00,13.99,14.68,13.86,14.68,1618900
2021-10-08 07:00:00,14.7,15.54,14.45,15.01,1241000
2021-10-11 07:00:00,15.01,15.16,14.75,14.8,929400
2021-10-12 07:00:00,14.65,14.88,14.52,14.55,1077200
2021-10-13 07:00:00,14.57,15.41,14.57,15.41,982600
2021-10-14 07:00:00,15.62,15.69,15.31,15.59,694800
2021-10-15 07:00:00,15.59,15.59,15.13,15.36,1000300
2021-10-18 07:00:00,15.51,15.51,15.08,15.31,646200
2021-10-19 07:00:00,15.26,15.36,14.8,15.26,491700
2021-10-20 07:00:00,15.26,15.29,14.9,15.06,509500
2021-10-21 07:00:00,14.9,14.98,14.17,14.27,1624200
2021-10-22 07:00:00,14.27,14.27,13.73,13.94,1011200
2021-10-25 07:00:00,13.73,14.75,13.73,14.19,674400
2021-10-26 07:00:00,14.34,14.42,14.04,14.17,449200
2021-10-27 07:00:00,14.19,14.19,13.99,13.99,695500
2021-10-28 07:00:00,13.99,14.34,13.99,14.14,568200
2021-10-29 07:00:00,14.29,14.29,13.94,13.99,689700
2021-11-01 07:00:00,13.99,14.55,13.91,14.5,953400
2021-11-02 07:00:00,14.5,14.75,14.4,14.68,799000
2021-11-03 07:00:00,14.75,14.96,14.24,14.65,1009800
2021-11-04 07:00:00,14.6,14.6,14.09,14.32,726600
2021-11-05 07:00:00,14.29,14.29,13.99,14.04,523800
2021-11-08 07:00:00,13.94,14.34,13.91,14.19,559100
2021-11-09 07:00:00,13.99,14.5,13.99,14.14,490100
2021-11-10 07:00:00,14.14,14.24,14.01,14.07,396100
2021-11-11 07:00:00,14.04,14.07,13.43,13.53,1335300
2021-11-12 07:00:00,13.23,13.43,12.62,12.84,1847000
2021-11-15 07:00:00,12.72,13.48,12.72,13.07,575500
2021-11-16 07:00:00,13.23,13.84,13.07,13.45,518300
2021-11-17 07:00:00,13.28,13.33,13.02,13.17,364700
2021-11-18 07:00:00,13.12,13.33,12.79,13.02,467100
2021-11-19 07:00:00,12.82,12.84,12.13,12.13,830400
2021-11-22 07:00:00,11.47,12.16,11.47,11.65,957300
2021-11-23 07:00:00,11.65,12.46,11.47,12.46,290500
2021-11-24 07:00:00,13.23,13.23,12.84,13.02,500300
2021-11-25 07:00:00,12.92,13.28,12.9,13.1,289300
2021-11-26 07:00:00,13.1,13.1,12.77,13.02,478100
2021-11-29 07:00:00,12.72,12.9,12.72,12.87,350300
2021-11-30 07:00:00,12.79,13.05,12.72,12.77,416000
2021-12-01 07:00:00,12.77,12.95,12.51,12.51,286800
2021-12-02 07:00:00,12.51,12.62,12.51,12.54,184300
2021-12-03 07:00:00,12.72,13.23,12.41,12.77,339400
2021-12-06 07:00:00,12.95,13.02,12.54,12.56,313100
2021-12-07 07:00:00,12.72,12.97,12.49,12.77,245900
2021-12-08 07:00:00,12.92,12.92,12.72,12.79,269900
2021-12-09 07:00:00,12.79,12.87,12.72,12.79,155000
2021-12-10 07:00:00,12.79,13.68,12.77,13.68,1156700
2021-12-13 07:00:00,14.14,14.5,13.79,14.5,1554500
2021-12-14 07:00:00,14.5,14.85,14.24,14.34,1032300
2021-12-15 07:00:00,14.09,14.45,14.09,14.24,473500
2021-12-16 07:00:00,14.24,15.01,13.89,14.96,1814400
2021-12-17 07:00:00,15.06,15.06,14.75,14.75,755900
2021-12-20 07:00:00,14.96,14.96,14.5,14.6,394100
2021-12-21 07:00:00,14.24,14.5,13.58,13.63,1244800
2021-12-22 07:00:00,13.66,13.68,12.97,13.05,1251000
2021-12-23 07:00:00,12.97,13.56,12.97,13.23,488200
2021-12-24 07:00:00,13.28,14.14,13.07,14.14,667800
2021-12-27 07:00:00,14.22,14.22,13.48,13.84,363400
2021-12-28 07:00:00,13.53,13.63,13.45,13.48,480700
2021-12-29 07:00:00,13.3,13.89,13.12,13.51,470800
2021-12-30 07:00:00,13.63,13.68,13.43,13.53,240300
2021-12-31 07:00:00,13.48,13.53,13.07,13.12,313100
2022-01-04 07:00:00,13.17,13.35,13.12,13.17,274500
2022-01-05 07:00:00,13.05,13.43,13.02,13.23,675100
2022-01-06 07:00:00,13.38,13.38,13.12,13.23,323100
2022-01-07 07:00:00,13.23,13.23,12.9,13.12,622200
2022-01-10 07:00:00,13.12,13.12,12.41,12.41,668500
2022-01-11 07:00:00,12.41,12.41,11.7,12.21,407600
2022-01-12 07:00:00,12.0,12.21,11.6,11.95,356100
2022-01-13 07:00:00,11.95,12.46,11.83,12.03,308600
2022-01-14 07:00:00,12.0,12.36,11.6,12.03,212500
2022-01-17 07:00:00,12.03,12.03,11.19,11.39,389900
2022-01-18 07:00:00,10.94,11.6,10.63,10.73,285300
2022-01-19 07:00:00,10.73,11.19,10.58,10.81,199200
2022-01-20 07:00:00,10.81,11.55,10.71,11.52,204800
2022-01-21 07:00:00,11.52,11.6,11.14,11.52,165400
2022-01-24 07:00:00,11.52,11.52,10.94,11.22,141000
2022-01-25 07:00:00,10.81,11.14,10.81,11.01,78700
2022-01-26 07:00:00,11.01,11.11,10.66,11.04,160700
2022-01-27 07:00:00,11.04,11.14,10.91,11.06,119100
2022-01-28 07:00:00,11.06,11.83,11.06,11.45,155700
2022-02-07 07:00:00,11.45,11.83,11.45,11.7,106200
2022-02-08 07:00:00,11.7,12.13,11.7,11.95,87100
2022-02-09 07:00:00,12.11,12.21,11.9,11.9,154200
2022-02-10 07:00:00,11.8,11.93,11.62,11.88,221600
2022-02-11 07:00:00,11.8,11.8,11.6,11.7,91200
2022-02-14 07:00:00,11.7,11.7,11.19,11.45,270000
2022-02-15 07:00:00,11.45,11.45,11.22,11.37,162700
2022-02-16 07:00:00,11.5,11.5,11.09,11.22,203200
2022-02-17 07:00:00,11.14,11.32,11.14,11.19,141800
2022-02-18 07:00:00,11.22,11.95,11.22,11.95,702100
2022-02-21 07:00:00,12.41,12.44,12.0,12.03,339000
2022-02-22 07:00:00,12.03,12.49,12.03,12.49,907000
2022-02-23 07:00:00,12.56,12.67,12.31,12.46,486600
2022-02-24 07:00:00,12.36,12.39,11.65,11.75,617500
2022-02-25 07:00:00,11.85,12.41,11.85,12.06,295000
2022-02-28 07:00:00,12.06,12.21,11.75,11.98,199400
2022-03-01 07:00:00,11.98,12.31,11.83,12.21,395800
2022-03-02 07:00:00,12.16,12.26,11.78,11.9,399300
2022-03-03 07:00:00,11.9,12.16,11.78,11.9,304500
2022-03-04 07:00:00,11.9,12.41,11.85,12.16,730600
2022-03-07 07:00:00,12.54,12.54,12.21,12.36,812100
2022-03-08 07:00:00,12.44,12.72,12.36,12.51,1011300
2022-03-09 07:00:00,12.51,12.62,12.18,12.41,750600
2022-03-10 07:00:00,12.62,13.02,12.36,13.0,1134900
2022-03-11 07:00:00,13.2,13.81,12.97,13.28,2086900
2022-03-14 07:00:00,13.28,13.58,12.97,13.05,865400
2022-03-15 07:00:00,13.05,13.23,12.77,12.9,660900
2022-03-16 07:00:00,13.02,13.02,12.87,12.92,822600
2022-03-17 07:00:00,12.82,13.43,12.82,12.97,644400
2022-03-18 07:00:00,12.97,13.38,12.97,13.17,693300
2022-03-21 07:00:00,13.2,13.61,13.2,13.23,967300
2022-03-22 07:00:00,13.33,13.33,13.02,13.02,703800
2022-03-23 07:00:00,12.92,13.02,12.62,12.72,926600
2022-03-24 07:00:00,12.59,13.23,12.59,13.23,787000
2022-03-25 07:00:00,13.23,13.48,12.92,13.1,400200
2022-03-28 07:00:00,12.97,12.97,12.59,12.82,454800
2022-03-29 07:00:00,12.95,13.63,12.72,13.63,1595700
2022-03-30 07:00:00,13.61,14.14,13.43,14.04,3551100
2022-03-31 07:00:00,14.14,14.65,14.04,14.19,1637700
2022-04-01 07:00:00,14.04,14.14,13.76,13.99,957200
2022-04-04 07:00:00,14.07,14.09,13.73,13.73,1028300
2022-04-05 07:00:00,13.53,14.68,13.53,14.68,3501400
2022-04-06 07:00:00,14.96,15.23,14.62,14.8,1786300
2022-04-07 07:00:00,14.6,14.9,14.24,14.24,1142500
2022-04-08 07:00:00,14.24,14.5,13.25,13.25,2179100
2022-04-12 07:00:00,13.28,13.84,12.82,12.9,1485100
2022-04-13 07:00:00,12.92,13.73,12.92,13.68,768700
2022-04-14 07:00:00,13.84,14.04,13.33,13.68,972300
2022-04-15 07:00:00,13.71,14.22,13.48,13.99,1287400
2022-04-18 07:00:00,13.99,14.96,13.99,14.96,3934400
2022-04-19 07:00:00,15.57,15.57,14.45,14.45,2036600
2022-04-20 07:00:00,14.19,15.16,13.79,14.24,1217800
2022-04-21 07:00:00,13.79,14.19,13.25,13.25,2194300
2022-04-22 07:00:00,12.34,12.87,12.34,12.34,2336200
2022-04-25 07:00:00,11.7,11.98,11.5,11.5,1157800
2022-04-26 07:00:00,10.71,11.19,10.71,10.71,1605000
2022-04-27 07:00:00,10.71,11.34,10.07,11.34,813500
2022-04-28 07:00:00,11.45,11.9,11.34,11.34,631600
2022-04-29 07:00:00,11.29,11.7,10.99,11.32,836700
2022-05-04 07:00:00,11.19,11.95,11.01,11.5,701600
2022-05-05 07:00:00,11.55,11.7,11.01,11.29,564700
2022-05-06 07:00:00,11.04,11.17,10.5,10.5,823100
2022-05-09 07:00:00,9.79,9.92,9.79,9.79,501900
2022-05-10 07:00:00,9.13,9.51,9.13,9.13,1481300
2022-05-11 07:00:00,9.16,9.46,8.9,9.21,796900
2022-05-12 07:00:00,9.08,9.16,8.57,8.67,971800
2022-05-13 07:00:00,8.49,8.9,8.09,8.16,1411700
2022-05-16 07:00:00,8.55,8.65,8.04,8.39,400300
2022-05-17 07:00:00,8.34,8.98,8.24,8.98,518000
2022-05-18 07:00:00,9.05,9.46,8.8,9.16,469600
2022-05-19 07:00:00,8.62,9.16,8.62,9.16,440500
2022-05-20 07:00:00,8.93,9.44,8.9,9.26,499000
2022-05-23 07:00:00,9.26,9.41,8.8,8.95,429800
2022-05-24 07:00:00,8.95,9.05,8.6,9.05,302800
2022-05-25 07:00:00,9.0,9.41,8.88,9.36,646600
2022-05-26 07:00:00,9.41,9.77,9.26,9.66,506900
2022-05-27 07:00:00,9.69,10.02,9.41,9.82,420500
2022-05-30 07:00:00,9.72,10.07,9.61,9.92,447400
2022-05-31 07:00:00,9.87,9.92,9.59,9.72,606900
2022-06-01 07:00:00,9.77,9.77,9.41,9.66,408900
2022-06-02 07:00:00,9.69,10.1,9.56,9.82,881600
2022-06-03 07:00:00,9.82,10.22,9.66,10.17,679400
2022-06-06 07:00:00,10.17,10.35,9.79,10.07,807500
2022-06-07 07:00:00,9.87,10.02,9.56,9.89,429000
2022-06-08 07:00:00,9.97,10.17,9.89,10.1,410600
2022-06-09 07:00:00,10.17,10.22,9.97,10.12,367100
2022-06-10 07:00:00,9.84,10.02,9.46,9.46,870800
2022-06-13 07:00:00,8.95,9.03,8.8,8.8,764300
2022-06-14 07:00:00,8.34,8.9,8.29,8.55,434000
2022-06-15 07:00:00,8.55,8.65,7.96,7.96,731000
2022-06-16 07:00:00,8.01,8.22,7.63,8.06,408000
2022-06-17 07:00:00,7.5,7.86,7.5,7.78,487300
2022-06-20 07:00:00,7.78,7.88,7.25,7.25,253600
2022-06-21 07:00:00,6.82,7.73,6.77,6.77,321700
2022-06-22 07:00:00,6.77,7.22,6.46,7.22,416600
2022-06-23 07:00:00,7.22,7.71,6.87,7.71,237100
2022-06-24 07:00:00,7.71,8.14,7.53,8.14,259700
2022-06-27 07:00:00,7.88,8.55,7.88,8.37,192900
2022-06-28 07:00:00,8.37,8.42,8.09,8.42,210000
2022-06-29 07:00:00,8.42,8.42,8.09,8.34,222500
2022-06-30 07:00:00,8.14,8.34,7.94,7.94,219400
2022-07-01 07:00:00,7.91,8.04,7.58,7.99,155200
2022-07-04 07:00:00,7.99,8.14,7.94,8.04,96700
2022-07-05 07:00:00,7.99,8.19,7.91,7.91,125600
2022-07-06 07:00:00,7.78,8.16,7.68,7.73,112400
2022-07-07 07:00:00,7.73,8.04,7.45,7.99,222900
2022-07-08 07:00:00,7.99,8.14,7.81,8.06,117800
2022-07-11 07:00:00,8.09,8.09,7.6,7.94,115800
2022-07-12 07:00:00,7.94,8.14,7.83,8.11,223400
2022-07-13 07:00:00,8.14,8.29,7.99,8.29,218100
2022-07-14 07:00:00,8.11,8.39,8.11,8.34,85100
2022-07-15 07:00:00,8.19,8.39,8.19,8.29,112400
2022-07-18 07:00:00,8.29,8.39,8.24,8.32,154500
2022-07-19 07:00:00,8.32,8.32,8.04,8.32,121500
2022-07-20 07:00:00,8.37,8.65,8.14,8.57,465100
2022-07-21 07:00:00,8.62,8.62,8.34,8.55,175400
2022-07-22 07:00:00,8.6,8.6,8.34,8.39,134000
2022-07-25 07:00:00,8.29,8.29,8.09,8.24,128600
2022-07-26 07:00:00,8.19,8.29,8.09,8.22,99900
2022-07-27 07:00:00,8.01,8.16,7.96,8.11,105900
2022-07-28 07:00:00,8.19,8.34,8.16,8.24,182000
2022-07-29 07:00:00,8.24,8.34,8.14,8.24,124200
2022-08-01 07:00:00,8.24,8.47,8.24,8.44,310900
2022-08-02 07:00:00,8.57,8.6,8.39,8.6,313000
2022-08-03 07:00:00,8.49,8.75,8.44,8.7,377000
2022-08-04 07:00:00,8.75,8.83,8.65,8.72,471600
2022-08-05 07:00:00,8.72,8.8,8.65,8.77,242100
2022-08-08 07:00:00,8.77,8.77,8.62,8.75,317600
2022-08-09 07:00:00,8.7,9.26,8.65,9.26,1316700
2022-08-10 07:00:00,9.26,9.41,9.0,9.16,453900
2022-08-11 07:00:00,9.21,9.21,8.62,8.88,1020200
2022-08-12 07:00:00,8.67,8.9,8.67,8.88,438100
2022-08-15 07:00:00,8.88,8.93,8.8,8.93,297300
2022-08-16 07:00:00,8.88,8.95,8.75,8.8,249700
2022-08-17 07:00:00,8.88,8.93,8.72,8.88,412000
2022-08-18 07:00:00,8.9,8.9,8.72,8.83,243400
2022-08-19 07:00:00,8.83,8.83,8.6,8.7,292300
2022-08-22 07:00:00,8.7,8.7,8.34,8.44,342800
2022-08-23 07:00:00,8.22,8.39,8.22,8.34,261400
2022-08-24 07:00:00,8.44,8.49,8.29,8.42,344900
2022-08-25 07:00:00,8.55,8.55,8.39,8.44,234700
2022-08-26 07:00:00,8.42,8.47,8.27,8.27,298200
2022-08-29 07:00:00,8.09,8.19,7.73,7.81,452400
2022-08-30 07:00:00,7.88,7.99,7.71,7.83,387400
2022-08-31 07:00:00,7.83,8.09,7.63,8.04,206300
2022-09-05 07:00:00,8.04,8.22,7.88,7.94,165500
2022-09-06 07:00:00,7.96,8.09,7.91,7.96,269800
2022-09-07 07:00:00,7.99,8.49,7.96,8.39,1254500
2022-09-08 07:00:00,8.65,8.65,8.37,8.37,330500
2022-09-09 07:00:00,8.39,8.49,7.94,8.34,397400
2022-09-12 07:00:00,8.29,8.49,7.88,7.88,599300
2022-09-13 07:00:00,7.88,7.99,7.63,7.63,537500
2022-09-14 07:00:00,7.84,7.93,7.48,7.72,316200
2022-09-15 07:00:00,7.75,7.99,7.69,7.75,164500
2022-09-16 07:00:00,7.75,7.75,7.51,7.63,211900
2022-09-19 07:00:00,7.6,7.63,7.12,7.15,354400
2022-09-20 07:00:00,7.15,7.24,6.97,7.24,251800
2022-09-21 07:00:00,6.97,7.27,6.97,7.24,224300
2022-09-22 07:00:00,7.18,7.39,7.15,7.36,261900
2022-09-23 07:00:00,7.36,7.45,7.33,7.45,305900
2022-09-26 07:00:00,7.36,7.36,7.03,7.12,340400
2022-09-27 07:00:00,7.15,7.24,7.12,7.21,201200
2022-09-28 07:00:00,7.18,7.21,6.97,7.03,189100
2022-09-29 07:00:00,7.03,7.15,6.91,6.91,199500
2022-09-30 07:00:00,6.62,6.97,6.56,6.97,312400
2022-10-03 07:00:00,6.97,6.97,6.56,6.68,147700
2022-10-04 07:00:00,6.74,6.74,6.38,6.38,196700
2022-10-05 07:00:00,6.26,6.8,6.26,6.8,225000
2022-10-06 07:00:00,7.03,7.03,6.74,6.97,320900
2022-10-07 07:00:00,6.97,7.0,6.5,6.5,270700
2022-10-10 07:00:00,6.44,6.62,6.26,6.59,157200
2022-10-11 07:00:00,6.56,6.62,6.14,6.17,257300
2022-10-12 07:00:00,5.96,6.38,5.84,6.17,207400
2022-10-13 07:00:00,6.26,6.29,6.08,6.23,128400
2022-10-14 07:00:00,6.44,6.44,6.23,6.35,200900
2022-10-17 07:00:00,6.35,6.35,6.08,6.2,76100
2022-10-18 07:00:00,6.23,6.32,6.14,6.2,274800
2022-10-19 07:00:00,6.2,6.23,6.14,6.2,158800
2022-10-20 07:00:00,6.2,6.2,5.96,5.99,149100
2022-10-21 07:00:00,5.99,6.02,5.57,5.57,332400
2022-10-24 07:00:00,5.28,5.37,5.19,5.19,336300
2022-10-25 07:00:00,4.86,5.13,4.83,4.86,396800
2022-10-26 07:00:00,4.89,4.97,4.65,4.83,131200
2022-10-27 07:00:00,4.86,5.07,4.76,4.97,194200
2022-10-28 07:00:00,5.13,5.13,4.95,4.95,199800
2022-10-31 07:00:00,4.95,4.95,4.65,4.77,121300
2022-11-01 07:00:00,4.67,4.86,4.67,4.84,88900
2022-11-02 07:00:00,4.84,4.89,4.8,4.81,95900
2022-11-03 07:00:00,4.83,5.09,4.83,5.08,199300
2022-11-04 07:00:00,5.07,5.07,4.77,4.95,136000
2022-11-07 07:00:00,5.07,5.07,4.71,4.76,164300
2022-11-08 07:00:00,4.65,4.86,4.63,4.67,75900
2022-11-09 07:00:00,4.65,4.83,4.65,4.66,125500
2022-11-10 07:00:00,4.66,4.66,4.34,4.34,369800
2022-11-11 07:00:00,4.41,4.46,4.04,4.04,353700
2022-11-14 07:00:00,3.82,3.99,3.76,3.76,275700
2022-11-15 07:00:00,3.55,3.76,3.5,3.55,404700
2022-11-16 07:00:00,3.34,3.79,3.34,3.79,338700
2022-11-17 07:00:00,3.87,4.05,3.87,4.05,229400
2022-11-18 07:00:00,4.29,4.32,3.95,4.32,315200
2022-11-21 07:00:00,4.33,4.62,4.32,4.62,216500
2022-11-22 07:00:00,4.35,4.94,4.35,4.77,319000
2022-11-23 07:00:00,4.76,4.77,4.57,4.64,131800
2022-11-24 07:00:00,4.38,4.71,4.38,4.71,65700
2022-11-25 07:00:00,4.71,4.89,4.71,4.89,114600
2022-11-28 07:00:00,5.17,5.23,5.06,5.23,259600
2022-11-29 07:00:00,5.38,5.57,5.23,5.56,342700
2022-11-30 07:00:00,5.67,5.67,5.48,5.67,165200
2022-12-01 07:00:00,5.67,5.96,5.66,5.94,257100
2022-12-02 07:00:00,5.67,6.23,5.6,6.23,153800
2022-12-05 07:00:00,6.32,6.32,5.92,6.08,317600
2022-12-06 07:00:00,6.08,6.08,5.66,5.66,217200
2022-12-07 07:00:00,5.36,5.66,5.31,5.52,280300
2022-12-08 07:00:00,5.52,5.66,5.52,5.66,146100
2022-12-09 07:00:00,5.67,5.74,5.46,5.74,58600
2022-12-12 07:00:00,5.55,5.96,5.55,5.75,66900
2022-12-13 07:00:00,5.72,5.75,5.54,5.72,53100
2022-12-14 07:00:00,5.84,5.84,5.62,5.73,88700
2022-12-15 07:00:00,5.63,5.75,5.63,5.65,95700
2022-12-16 07:00:00,5.65,5.73,5.54,5.54,155300
2022-12-19 07:00:00,5.54,5.77,5.51,5.51,74200
2022-12-20 07:00:00,5.31,5.66,5.13,5.13,160500
2022-12-21 07:00:00,5.04,5.19,5.04,5.11,264100
2022-12-22 07:00:00,5.24,5.46,5.11,5.46,210400
2022-12-23 07:00:00,5.46,5.69,5.45,5.67,185500
2022-12-26 07:00:00,5.69,5.69,5.36,5.36,101400
2022-12-27 07:00:00,5.31,5.66,5.28,5.54,107000
2022-12-28 07:00:00,5.66,5.93,5.42,5.93,225600
2022-12-29 07:00:00,5.96,6.14,5.87,5.99,159200
2022-12-30 07:00:00,5.9,6.08,5.78,5.78,71200
2023-01-03 07:00:00,5.96,6.11,5.78,6.11,207300
2023-01-04 07:00:00,6.11,6.14,5.93,6.05,114500
2023-01-05 07:00:00,5.99,6.47,5.99,6.44,408500
2023-01-06 07:00:00,6.47,6.59,6.2,6.44,195700
2023-01-09 07:00:00,6.5,6.53,6.14,6.14,95000
2023-01-10 07:00:00,6.14,6.26,5.84,6.26,174900
2023-01-11 07:00:00,6.32,6.38,6.11,6.26,220400
2023-01-12 07:00:00,6.14,6.32,6.08,6.32,158100
2023-01-13 07:00:00,6.32,6.32,5.96,6.14,194000
2023-01-16 07:00:00,6.11,6.11,5.94,6.02,119000
2023-01-17 07:00:00,6.05,6.32,5.99,6.32,199000
2023-01-18 07:00:00,6.29,6.74,6.14,6.74,490700
2023-01-19 07:00:00,6.83,7.09,6.59,7.09,716600
2023-01-27 07:00:00,7.09,7.09,6.8,6.97,410700
2023-01-30 07:00:00,6.94,7.33,6.8,7.3,547200
2023-01-31 07:00:00,7.15,7.63,7.03,7.63,543500
2023-02-01 07:00:00,7.63,7.63,7.27,7.54,584300
2023-02-02 07:00:00,7.45,7.45,7.15,7.39,245900
2023-02-03 07:00:00,7.42,7.42,7.18,7.39,176300
2023-02-06 07:00:00,7.3,7.45,7.21,7.45,216100
2023-02-07 07:00:00,7.45,7.45,7.03,7.3,306800
2023-02-08 07:00:00,6.89,7.33,6.89,7.33,431400
2023-02-09 07:00:00,7.3,7.36,7.03,7.33,246800
2023-02-10 07:00:00,7.27,7.3,7.06,7.3,212400
2023-02-13 07:00:00,7.15,7.15,6.94,7.03,112700
2023-02-14 07:00:00,7.0,7.03,6.91,7.0,105700
2023-02-15 07:00:00,7.0,7.24,6.91,7.12,109900
2023-02-16 07:00:00,7.21,7.21,7.06,7.21,80300
2023-02-17 07:00:00,7.15,7.63,7.15,7.51,615300
2023-02-20 07:00:00,7.57,7.81,7.45,7.81,496600
2023-02-21 07:00:00,7.81,7.81,7.57,7.69,442200
2023-02-22 07:00:00,7.75,7.75,7.27,7.39,360700
2023-02-23 07:00:00,7.21,7.42,6.89,7.3,402500
2023-02-24 07:00:00,7.09,7.27,7.03,7.03,127100
2023-02-27 07:00:00,7.15,7.15,6.97,6.97,272400
2023-02-28 07:00:00,6.97,7.33,6.97,7.33,349500
2023-03-01 07:00:00,7.27,7.66,7.15,7.63,369500
2023-03-02 07:00:00,7.63,7.63,7.36,7.39,208600
2023-03-03 07:00:00,7.33,7.45,7.27,7.33,89200
2023-03-06 07:00:00,7.39,7.39,7.24,7.33,104400
2023-03-07 07:00:00,7.33,7.45,7.27,7.45,155400
2023-03-08 07:00:00,7.45,7.54,7.27,7.54,220900
2023-03-09 07:00:00,7.57,7.69,7.54,7.63,503500
2023-03-10 07:00:00,7.63,7.69,7.6,7.69,613600
2023-03-13 07:00:00,7.54,7.69,7.54,7.66,364100
2023-03-14 07:00:00,7.51,7.66,7.24,7.24,215400
2023-03-15 07:00:00,7.45,7.66,7.39,7.66,233600
2023-03-16 07:00:00,7.66,7.69,7.45,7.63,170700
2023-03-17 07:00:00,7.63,7.66,7.51,7.57,183800
2023-03-20 07:00:00,7.57,7.6,7.42,7.51,233300
2023-03-21 07:00:00,7.51,7.57,7.27,7.54,206500
2023-03-22 07:00:00,7.57,7.57,7.45,7.57,181100
2023-03-23 07:00:00,7.45,7.57,7.39,7.57,45600
2023-03-24 07:00:00,7.51,7.57,7.42,7.51,118300
2023-03-27 07:00:00,7.51,7.51,7.36,7.51,112500
2023-03-28 07:00:00,7.51,7.51,7.36,7.36,133400
2023-03-29 07:00:00,7.45,7.45,7.33,7.45,72700
2023-03-30 07:00:00,7.45,7.96,7.45,7.96,1166800
2023-03-31 07:00:00,8.02,8.2,7.87,8.14,413200
2023-04-03 07:00:00,8.29,8.35,8.11,8.29,516500
2023-04-04 07:00:00,8.2,8.29,8.08,8.26,307300
2023-04-05 07:00:00,8.23,8.26,8.11,8.2,258200
2023-04-06 07:00:00,8.35,8.35,8.11,8.2,484300
2023-04-07 07:00:00,8.11,8.2,8.02,8.2,209900
2023-04-10 07:00:00,8.35,8.52,8.08,8.23,637600
2023-04-11 07:00:00,8.23,8.23,8.02,8.2,178000
2023-04-12 07:00:00,8.23,8.23,8.08,8.14,238600
2023-04-13 07:00:00,8.14,8.14,7.96,7.99,173600
2023-04-14 07:00:00,7.99,8.05,7.72,7.78,405700
2023-04-17 07:00:00,7.63,7.84,7.51,7.51,353100
2023-04-18 07:00:00,7.6,7.69,7.54,7.69,194600
2023-04-19 07:00:00,7.75,7.75,7.66,7.75,296500
2023-04-20 07:00:00,7.75,8.23,7.72,8.02,274400
2023-04-21 07:00:00,8.11,8.11,7.93,8.08,275500
2023-04-24 07:00:00,8.2,8.2,7.9,7.99,141600
2023-04-25 07:00:00,8.02,8.02,7.69,7.75,250500
2023-04-26 07:00:00,7.75,7.9,7.66,7.9,253200
2023-04-27 07:00:00,7.9,7.93,7.75,7.84,291100
2023-04-28 07:00:00,7.84,7.96,7.81,7.87,274900
2023-05-04 07:00:00,7.93,8.41,7.93,8.41,551400
2023-05-05 07:00:00,8.58,8.64,8.29,8.41,494900
2023-05-08 07:00:00,8.43,8.94,8.41,8.46,493700
2023-05-09 07:00:00,8.46,8.52,8.29,8.46,261400
2023-05-10 07:00:00,8.43,8.52,8.32,8.46,306600
2023-05-11 07:00:00,8.7,8.79,8.46,8.49,410800
2023-05-12 07:00:00,8.46,8.46,8.29,8.41,259500
2023-05-15 07:00:00,8.41,8.46,8.08,8.08,519700
2023-05-16 07:00:00,8.08,8.14,7.99,8.02,350600
2023-05-17 07:00:00,8.05,8.29,7.99,8.26,258800
2023-05-18 07:00:00,8.23,8.49,8.2,8.49,437500
2023-05-19 07:00:00,8.49,8.52,8.32,8.46,245500
2023-05-22 07:00:00,8.58,8.58,8.29,8.41,236100
2023-05-23 07:00:00,8.41,8.43,8.32,8.43,288500
2023-05-24 07:00:00,8.64,8.64,8.43,8.43,528100
2023-05-25 07:00:00,8.43,8.43,8.29,8.38,275700
2023-05-26 07:00:00,8.38,8.43,8.23,8.35,244900
2023-05-29 07:00:00,8.41,8.61,8.29,8.43,243400
2023-05-30 07:00:00,8.43,8.58,8.29,8.35,253900
2023-05-31 07:00:00,8.32,8.35,8.23,8.23,527200
2023-06-01 07:00:00,8.29,8.29,8.14,8.23,187900
2023-06-02 07:00:00,8.29,8.35,8.11,8.26,325200
2023-06-05 07:00:00,8.38,8.38,8.2,8.35,585100
2023-06-06 07:00:00,8.26,8.38,8.26,8.35,229600
2023-06-07 07:00:00,8.35,8.38,8.05,8.05,929700
2023-06-08 07:00:00,8.05,8.17,7.75,7.75,544400
2023-06-09 07:00:00,7.75,7.87,7.63,7.81,415700
2023-06-12 07:00:00,7.81,8.11,7.81,8.05,469200
2023-06-13 07:00:00,8.14,8.17,8.02,8.05,321100
2023-06-14 07:00:00,8.05,8.11,7.87,7.96,307400
2023-06-15 07:00:00,7.96,7.99,7.84,7.96,184100
2023-06-16 07:00:00,7.96,7.96,7.81,7.81,407300
2023-06-19 07:00:00,7.93,7.93,7.75,7.87,150400
2023-06-20 07:00:00,7.75,7.96,7.75,7.87,128300
2023-06-21 07:00:00,7.87,7.99,7.84,7.96,301700
2023-06-22 07:00:00,8.05,8.08,7.96,7.99,282900
2023-06-23 07:00:00,7.96,8.05,7.87,8.05,208500
2023-06-26 07:00:00,7.99,8.29,7.93,8.29,424100
2023-06-27 07:00:00,8.32,8.32,8.17,8.17,300600
2023-06-28 07:00:00,8.14,8.26,8.11,8.2,244500
2023-06-29 07:00:00,8.17,8.23,7.99,8.02,307500
2023-06-30 07:00:00,8.02,8.11,7.9,8.02,81800
2023-07-03 07:00:00,8.02,8.08,7.93,7.93,141000
2023-07-04 07:00:00,8.05,8.05,7.9,7.96,206300
2023-07-05 07:00:00,7.99,8.29,7.99,8.23,704000
2023-07-06 07:00:00,8.23,8.41,8.23,8.29,858800
2023-07-07 07:00:00,8.35,8.35,8.2,8.29,310700
2023-07-10 07:00:00,8.35,8.49,8.29,8.49,632900
2023-07-11 07:00:00,8.61,8.79,8.49,8.79,974600
2023-07-12 07:00:00,8.79,8.82,8.64,8.7,452200
2023-07-13 07:00:00,8.7,9.0,8.64,9.0,705800
2023-07-14 07:00:00,9.06,9.15,8.94,9.15,711000
2023-07-17 07:00:00,9.15,9.27,9.09,9.15,499500
2023-07-18 07:00:00,9.12,9.18,9.03,9.06,369400
2023-07-19 07:00:00,9.12,9.12,8.91,8.94,270500
2023-07-20 07:00:00,8.94,8.94,8.76,8.88,279600
2023-07-21 07:00:00,8.88,9.18,8.88,9.12,586100
2023-07-24 07:00:00,9.12,9.24,9.06,9.09,313200
2023-07-25 07:00:00,9.12,9.18,8.94,9.09,265600
2023-07-26 07:00:00,9.18,9.18,8.88,8.91,367600
2023-07-27 07:00:00,9.0,9.0,8.82,9.0,300400
2023-07-28 07:00:00,9.0,9.24,8.97,9.24,592200
2023-07-31 07:00:00,9.36,9.87,9.33,9.87,1139500
2023-08-01 07:00:00,9.96,10.37,9.96,10.25,948200
2023-08-02 07:00:00,10.25,10.43,10.04,10.43,1538500
2023-08-03 07:00:00,10.61,10.73,10.43,10.73,586400
2023-08-04 07:00:00,10.73,11.45,10.73,11.45,566100
2023-08-07 07:00:00,11.45,11.62,11.09,11.27,418400
2023-08-08 07:00:00,11.27,11.68,11.27,11.68,467400
2023-08-09 07:00:00,11.89,12.22,11.74,12.22,609800
2023-08-10 07:00:00,11.98,12.22,11.77,11.92,440100
2023-08-11 07:00:00,11.86,12.25,11.8,12.25,610600
2023-08-14 07:00:00,12.34,12.43,11.92,12.4,396700
2023-08-15 07:00:00,12.49,12.49,12.28,12.46,215300
2023-08-16 07:00:00,12.22,12.58,11.98,12.55,343500
2023-08-17 07:00:00,12.52,12.58,12.28,12.55,378800
2023-08-18 07:00:00,12.55,12.94,12.34,12.64,661600
2023-08-21 07:00:00,12.52,13.23,12.52,13.14,497800
2023-08-22 07:00:00,13.11,14.04,13.11,14.04,724100
2023-08-23 07:00:00,14.07,14.87,14.07,14.78,624600
2023-08-24 07:00:00,14.9,14.9,14.19,14.84,627800
2023-08-25 07:00:00,14.72,14.75,14.37,14.4,281100
2023-08-28 07:00:00,14.49,14.6,14.25,14.6,326100
2023-08-29 07:00:00,14.66,14.78,14.37,14.37,228500
2023-08-30 07:00:00,14.57,14.72,14.31,14.72,375300
2023-08-31 07:00:00,14.93,15.26,14.9,15.05,398500
2023-09-05 07:00:00,15.17,15.17,14.46,14.84,344700
2023-09-06 07:00:00,14.81,14.84,14.31,14.49,453100
2023-09-07 07:00:00,14.63,14.63,13.77,13.95,748400
2023-09-08 07:00:00,14.01,14.37,13.95,14.34,497800
2023-09-11 07:00:00,14.4,14.72,14.04,14.34,362400
2023-09-12 07:00:00,14.43,14.55,14.07,14.55,340600
2023-09-13 07:00:00,15.14,15.14,14.55,14.99,600700
2023-09-14 07:00:00,14.99,15.08,14.52,14.87,344800
2023-09-15 07:00:00,14.84,14.84,14.37,14.57,288600
2023-09-18 07:00:00,14.07,14.31,13.83,14.31,278100
2023-09-19 07:00:00,14.31,14.31,13.89,14.31,79600
2023-09-20 07:00:00,14.49,14.66,14.07,14.37,195400
2023-09-21 07:00:00,14.37,14.37,14.07,14.22,168200
2023-09-22 07:00:00,13.98,14.28,13.77,13.83,268200
2023-09-25 07:00:00,13.77,13.77,13.05,13.29,384200
2023-09-26 07:00:00,12.88,13.41,12.88,13.32,147700
2023-09-27 07:00:00,13.2,13.89,13.0,13.89,169400
2023-09-28 07:00:00,13.71,13.95,13.29,13.77,149400
2023-09-29 07:00:00,13.35,13.95,13.35,13.86,73000
2023-10-02 07:00:00,13.86,13.95,13.56,13.95,62400
2023-10-03 07:00:00,13.53,13.83,13.23,13.59,124000
2023-10-04 07:00:00,13.35,13.65,13.17,13.59,92200
2023-10-05 07:00:00,13.59,13.71,13.17,13.56,107500
2023-10-06 07:00:00,13.53,13.65,13.17,13.65,99400
2023-10-09 07:00:00,13.65,13.71,13.41,13.56,242100
2023-10-10 07:00:00,13.59,13.68,13.53,13.68,209900
2023-10-11 07:00:00,13.68,14.63,13.68,14.63,1009000
2023-10-12 07:00:00,14.9,15.41,14.72,15.02,533200
2023-10-13 07:00:00,15.02,15.08,14.43,14.96,358400
2023-10-16 07:00:00,14.96,15.44,14.96,15.26,596900
2023-10-17 07:00:00,15.38,15.38,14.22,14.22,434200
2023-10-18 07:00:00,15.2,15.2,13.23,14.13,702400
2023-10-19 07:00:00,13.71,13.83,13.23,13.83,345400
2023-10-20 07:00:00,13.41,14.01,13.41,14.01,170900
2023-10-23 07:00:00,13.71,13.77,13.35,13.65,142100
2023-10-24 07:00:00,13.29,13.71,13.29,13.68,71200
2023-10-25 07:00:00,13.74,13.95,13.41,13.53,160000
2023-10-26 07:00:00,13.26,13.29,12.61,12.61,327300
2023-10-27 07:00:00,12.61,12.79,11.74,12.61,146100
2023-10-30 07:00:00,11.98,12.52,11.74,11.74,240600
2023-10-31 07:00:00,11.74,11.86,11.33,11.74,232900
2023-11-01 07:00:00,11.68,12.55,11.62,12.55,194100
2023-11-02 07:00:00,12.82,13.41,12.64,13.41,172500
2023-11-03 07:00:00,13.89,13.89,13.26,13.71,219100
2023-11-06 07:00:00,13.68,13.92,13.56,13.92,181200
2023-11-07 07:00:00,13.92,14.01,13.71,13.95,142900
2023-11-08 07:00:00,13.95,14.37,13.8,14.31,224500
2023-11-09 07:00:00,14.31,14.55,14.01,14.31,403000
2023-11-10 07:00:00,14.01,14.31,14.01,14.13,120100
2023-11-13 07:00:00,13.83,14.13,13.71,13.89,161500
2023-11-14 07:00:00,13.89,14.07,13.71,13.92,108200
2023-11-15 07:00:00,14.01,14.25,13.89,13.92,149500
2023-11-16 07:00:00,13.95,14.87,13.86,14.87,943300
2023-11-17 07:00:00,15.02,15.17,14.66,14.9,528700
2023-11-20 07:00:00,14.84,15.95,14.63,15.71,990800
2023-11-21 07:00:00,15.8,15.83,15.53,15.74,526700
2023-11-22 07:00:00,15.83,16.51,15.83,16.27,878100
2023-11-23 07:00:00,16.51,16.51,15.14,15.14,727800
2023-11-24 07:00:00,15.14,15.38,14.49,15.38,1285100
2023-11-27 07:00:00,15.56,16.09,15.41,15.62,765500
2023-11-28 07:00:00,15.65,15.65,15.08,15.53,559400
2023-11-29 07:00:00,15.56,15.59,15.08,15.29,644800
2023-11-30 07:00:00,15.38,15.71,15.38,15.56,801000
2023-12-01 07:00:00,15.53,15.53,15.08,15.35,524600
2023-12-04 07:00:00,15.26,15.44,15.2,15.32,1052700
2023-12-05 07:00:00,15.41,15.41,15.26,15.29,939200
2023-12-06 07:00:00,15.88,16.33,15.67,16.33,1172700
2023-12-07 07:00:00,16.54,16.54,15.92,16.38,832800
2023-12-08 07:00:00,16.63,16.71,16.17,16.29,483700
2023-12-11 07:00:00,16.54,16.54,16.08,16.17,283900
2023-12-12 07:00:00,16.21,16.33,15.96,16.17,335700
2023-12-13 07:00:00,16.21,16.21,15.71,15.79,667200
2023-12-14 07:00:00,15.88,16.21,15.75,16.0,487200
2023-12-15 07:00:00,15.88,16.08,15.71,15.71,291600
2023-12-18 07:00:00,15.88,15.88,15.58,15.58,294800
2023-12-19 07:00:00,15.54,15.79,15.46,15.67,198700
2023-12-20 07:00:00,15.67,15.96,15.67,15.83,222600
2023-12-21 07:00:00,15.83,15.88,15.62,15.88,150900
2023-12-22 07:00:00,16.04,16.67,16.04,16.46,792800
2023-12-25 07:00:00,16.5,16.63,16.38,16.63,395200
2023-12-26 07:00:00,16.71,17.55,16.71,17.3,736400
2023-12-27 07:00:00,17.5,17.5,16.92,17.17,669500
2023-12-28 07:00:00,17.09,17.42,17.04,17.09,474400
2023-12-29 07:00:00,17.09,17.42,17.09,17.42,619700
2024-01-02 07:00:00,17.38,17.55,17.3,17.42,395800
2024-01-03 07:00:00,17.42,18.01,17.21,17.76,747800
2024-01-04 07:00:00,17.96,18.05,17.63,17.63,518300
2024-01-05 07:00:00,17.76,17.76,17.13,17.5,548900
2024-01-08 07:00:00,17.55,17.55,17.38,17.46,507700
2024-01-09 07:00:00,17.34,17.46,17.25,17.38,253200
2024-01-10 07:00:00,17.38,17.38,17.09,17.13,308800
2024-01-11 07:00:00,17.13,17.38,17.04,17.34,214500
2024-01-12 07:00:00,17.3,17.3,16.38,16.38,538900
2024-01-15 07:00:00,16.38,16.71,15.79,15.88,774900
2024-01-16 07:00:00,15.75,16.13,15.75,15.96,486000
2024-01-17 07:00:00,16.21,16.59,15.96,15.96,403900
2024-01-18 07:00:00,15.96,16.17,15.88,16.17,757500
2024-01-19 07:00:00,16.21,16.29,15.92,16.13,525400
2024-01-22 07:00:00,16.04,16.13,15.88,15.92,1091000
2024-01-23 07:00:00,15.92,16.04,15.88,15.92,297300
2024-01-24 07:00:00,15.88,16.21,15.88,16.0,450100
2024-01-25 07:00:00,16.0,16.17,15.92,15.96,367000
2024-01-26 07:00:00,16.04,16.21,15.96,16.21,485400
2024-01-29 07:00:00,16.29,17.3,16.29,16.79,988700
2024-01-30 07:00:00,16.92,16.96,16.75,16.88,592700
2024-01-31 07:00:00,17.13,17.38,16.88,16.92,901300
2024-02-01 07:00:00,16.96,18.09,16.96,18.09,2705300
2024-02-02 07:00:00,18.47,18.47,17.96,18.13,600400
2024-02-05 07:00:00,18.17,18.97,18.13,18.26,1077900
2024-02-06 07:00:00,18.26,18.26,17.96,18.17,566300
2024-02-07 07:00:00,18.09,18.55,18.05,18.26,749400
2024-02-15 07:00:00,18.3,18.38,18.01,18.01,412400
2024-02-16 07:00:00,18.13,18.42,17.96,18.13,684600
2024-02-19 07:00:00,18.05,18.13,17.92,18.01,485400
2024-02-20 07:00:00,17.96,18.05,17.59,17.67,932700
2024-02-21 07:00:00,17.71,18.34,17.71,17.96,563900
2024-02-22 07:00:00,17.96,18.13,17.88,17.88,382000
2024-02-23 07:00:00,17.88,18.05,16.88,17.46,710100
2024-02-26 07:00:00,17.46,18.05,17.13,18.05,526500
2024-02-27 07:00:00,18.3,18.88,18.13,18.67,2129400
2024-02-28 07:00:00,18.84,18.84,18.26,18.55,624400
2024-02-29 07:00:00,18.55,18.72,18.05,18.13,833400
2024-03-01 07:00:00,18.13,19.13,17.96,18.88,1386300
2024-03-04 07:00:00,19.13,19.13,18.63,18.72,810800
2024-03-05 07:00:00,18.67,18.72,18.34,18.38,901000
2024-03-06 07:00:00,18.3,18.47,17.92,18.09,771700
2024-03-07 07:00:00,18.09,18.47,17.63,18.09,716700
2024-03-08 07:00:00,18.05,18.76,18.01,18.21,1043800
2024-03-11 07:00:00,18.21,19.01,18.21,18.63,1480900
2024-03-12 07:00:00,18.84,19.93,18.72,19.93,2086500
2024-03-13 07:00:00,20.22,20.85,20.01,20.26,3119000
2024-03-14 07:00:00,20.35,20.43,19.38,19.38,2558500
2024-03-15 07:00:00,19.47,19.93,19.26,19.93,1732900
2024-03-18 07:00:00,19.8,20.35,18.72,19.55,3592600
2024-03-19 07:00:00,19.55,20.39,19.26,19.97,1406900
2024-03-20 07:00:00,20.09,20.09,19.72,19.8,498900
2024-03-21 07:00:00,19.93,20.05,19.72,19.72,1294000
2024-03-22 07:00:00,19.8,20.05,19.47,19.59,1193900
2024-03-25 07:00:00,19.47,19.68,19.05,19.26,1212700
2024-03-26 07:00:00,19.13,19.34,19.01,19.09,807100
2024-03-27 07:00:00,19.22,19.72,19.09,19.72,1205500
2024-03-28 07:00:00,20.01,20.01,19.38,19.47,589200
2024-03-29 07:00:00,19.47,19.84,19.3,19.76,669600
2024-04-01 07:00:00,19.97,20.47,19.89,20.18,2076800
2024-04-02 07:00:00,20.22,20.3,19.93,20.22,1264100
2024-04-03 07:00:00,20.39,20.89,20.14,20.3,2085000
2024-04-04 07:00:00,20.22,20.22,19.76,19.89,1107300
2024-04-05 07:00:00,19.72,19.72,19.3,19.34,1489100
2024-04-08 07:00:00,19.34,19.34,18.59,18.59,1450100
2024-04-09 07:00:00,18.8,19.13,18.51,19.09,572300
2024-04-10 07:00:00,19.43,19.47,18.88,18.88,455900
2024-04-11 07:00:00,18.63,19.05,18.55,19.01,438900
2024-04-12 07:00:00,19.13,19.18,18.92,19.05,455900
2024-04-15 07:00:00,19.05,19.55,17.88,17.88,1272100
2024-04-16 07:00:00,17.8,17.92,17.13,17.55,1021400
2024-04-17 07:00:00,18.05,18.05,17.63,17.71,508600
2024-04-19 07:00:00,17.71,17.88,17.04,17.55,778000
2024-04-22 07:00:00,18.09,18.09,17.59,17.71,211700
2024-04-23 07:00:00,18.05,18.05,16.71,16.71,495200
2024-04-24 07:00:00,17.13,17.88,17.04,17.88,593800
2024-04-25 07:00:00,18.05,18.8,17.84,17.88,549700
2024-04-26 07:00:00,17.8,18.38,17.8,18.34,517900
2024-05-02 07:00:00,18.09,18.84,18.09,18.21,612300
2024-05-03 07:00:00,18.63,18.63,18.05,18.05,571700
2024-05-06 07:00:00,18.13,18.38,18.09,18.38,584900
2024-05-07 07:00:00,18.47,19.55,18.47,19.26,1829500
2024-05-08 07:00:00,19.3,20.26,19.26,20.05,2275400
2024-05-09 07:00:00,20.47,20.47,19.63,19.8,1236300
2024-05-10 07:00:00,20.01,21.18,19.97,21.18,4195000
2024-05-13 07:00:00,21.81,22.06,21.14,21.47,1759000
2024-05-14 07:00:00,21.26,22.73,21.26,22.73,3149100
2024-05-15 07:00:00,22.98,23.14,22.48,22.64,2856800
2024-05-16 07:00:00,22.98,22.98,22.35,22.39,2588500
2024-05-17 07:00:00,22.39,23.06,22.06,22.39,1852100
2024-05-20 07:00:00,22.73,23.1,22.39,22.64,1461600
2024-05-21 07:00:00,22.64,23.52,22.48,23.02,3294300
2024-05-22 07:00:00,23.06,23.14,22.35,22.81,2299800
2024-05-23 07:00:00,22.85,24.19,22.81,23.9,3084800
2024-05-24 07:00:00,23.9,24.02,22.39,22.94,2519600
2024-05-27 07:00:00,22.94,23.27,22.73,23.06,1213700
2024-05-28 07:00:00,23.27,23.81,22.89,23.39,1349500
2024-05-29 07:00:00,23.65,23.65,22.98,22.98,1310900
2024-05-30 07:00:00,22.73,23.31,22.73,23.31,1319000
2024-05-31 07:00:00,23.39,23.56,22.98,23.23,983100
2024-06-03 07:00:00,23.27,24.48,23.27,23.73,4134300
2024-06-04 07:00:00,24.15,24.65,23.73,23.77,2834900
2024-06-05 07:00:00,24.23,24.52,23.39,23.39,2656900
2024-06-06 07:00:00,23.81,23.81,22.89,22.98,2174500
2024-06-07 07:00:00,23.02,23.39,22.77,22.81,2022200
2024-06-10 07:00:00,23.19,23.19,22.64,22.73,1661200
2024-06-11 07:00:00,22.77,23.69,22.77,23.69,2570200
2024-06-12 07:00:00,23.69,24.02,23.27,23.56,1509300
2024-06-13 07:00:00,23.73,24.23,23.31,23.98,3856900
2024-06-14 07:00:00,24.11,25.48,23.85,24.4,6521700
2024-06-17 07:00:00,24.48,24.9,23.69,23.73,3024800
2024-06-18 07:00:00,23.85,24.02,23.06,23.23,3750200
2024-06-19 07:00:00,23.23,23.73,22.77,23.73,2628600
2024-06-20 07:00:00,23.98,23.98,23.23,23.48,1137700
2024-06-21 07:00:00,23.48,24.52,23.48,24.27,4834000
2024-06-24 07:00:00,24.48,24.56,22.73,22.73,2945600
2024-06-25 07:00:00,22.73,23.02,21.72,22.1,2289000
2024-06-26 07:00:00,22.31,22.31,21.22,21.56,2765100
2024-06-27 07:00:00,21.56,21.93,21.31,21.56,976000
2024-06-28 07:00:00,21.56,21.56,20.18,20.18,2531200
2024-07-01 07:00:00,20.14,20.64,20.05,20.6,944500
2024-07-02 07:00:00,20.72,20.97,20.6,20.72,815600
2024-07-03 07:00:00,20.89,20.89,20.47,20.72,857800
2024-07-04 07:00:00,20.8,21.31,20.72,21.31,1393200
2024-07-05 07:00:00,21.56,21.56,20.97,20.97,937500
2024-07-08 07:00:00,21.18,21.18,20.6,20.72,1474800
2024-07-09 07:00:00,20.72,21.43,20.55,21.39,1851900
2024-07-10 07:00:00,21.51,21.97,21.22,21.56,2016800
2024-07-11 07:00:00,21.72,22.18,21.56,21.72,1553000
2024-07-12 07:00:00,21.64,21.81,21.43,21.47,1045900
2024-07-15 07:00:00,21.39,21.64,21.1,21.18,758100
2024-07-16 07:00:00,21.22,21.51,20.89,20.89,697200
2024-07-17 07:00:00,20.93,21.01,19.43,19.43,1933800
2024-07-18 07:00:00,19.55,20.14,18.92,20.14,2411800
2024-07-19 07:00:00,20.01,20.14,19.63,19.63,703900
2024-07-22 07:00:00,19.63,19.63,18.84,19.3,931100
2024-07-23 07:00:00,19.59,19.59,18.8,18.88,904500
2024-07-24 07:00:00,18.76,19.72,18.72,19.63,1192900
2024-07-25 07:00:00,19.59,19.72,19.3,19.72,438100
2024-07-26 07:00:00,19.72,19.8,19.55,19.68,418400
2024-07-29 07:00:00,19.97,20.35,19.63,20.3,632700
2024-07-30 07:00:00,20.35,20.39,19.8,20.14,632200
2024-07-31 07:00:00,20.05,20.18,19.63,20.09,642700
2024-08-01 07:00:00,19.97,20.09,18.72,18.8,956400
2024-08-02 07:00:00,18.55,19.59,18.51,19.55,629000
2024-08-05 07:00:00,19.3,19.55,18.21,18.26,1185500
2024-08-06 07:00:00,18.3,18.72,17.88,18.72,689700
2024-08-07 07:00:00,18.55,18.8,18.38,18.8,497900
2024-08-08 07:00:00,18.63,19.22,18.38,18.84,513500
2024-08-09 07:00:00,19.05,19.55,18.88,19.55,776000
2024-08-12 07:00:00,19.55,20.01,19.47,19.84,503200
2024-08-13 07:00:00,19.93,19.93,19.43,19.84,458300
2024-08-14 07:00:00,20.05,20.05,19.22,19.22,429700
2024-08-15 07:00:00,19.3,19.3,18.38,18.55,573600
2024-08-16 07:00:00,18.8,19.68,18.67,19.55,551500
2024-08-19 07:00:00,19.63,19.97,19.63,19.93,565100
2024-08-20 07:00:00,20.14,20.22,19.84,20.05,774000
2024-08-21 07:00:00,20.09,20.3,20.01,20.22,595400
2024-08-22 07:00:00,20.3,20.64,20.14,20.47,767000
2024-08-23 07:00:00,20.47,20.8,20.22,20.8,953900
2024-08-26 07:00:00,20.85,20.85,20.26,20.26,689200
2024-08-27 07:00:00,20.26,20.35,19.89,19.97,316300
2024-08-28 07:00:00,20.47,20.47,19.76,19.8,411700
2024-08-29 07:00:00,19.8,19.84,19.59,19.8,308300
2024-08-30 07:00:00,19.8,20.05,19.63,20.05,270300
2024-09-04 07:00:00,19.76,20.14,19.68,20.05,444600
2024-09-05 07:00:00,20.14,20.14,19.63,19.63,456400
2024-09-06 07:00:00,19.63,19.89,19.3,19.89,152600
2024-09-09 07:00:00,19.59,19.63,19.34,19.47,134400
2024-09-10 07:00:00,19.47,19.55,19.18,19.34,345800
2024-09-11 07:00:00,19.34,19.63,19.09,19.55,439700
2024-09-12 07:00:00,19.63,20.05,19.51,19.68,212100
2024-09-13 07:00:00,19.72,20.14,19.63,20.05,487500
2024-09-16 07:00:00,19.72,20.05,19.72,19.89,238100
2024-09-17 07:00:00,19.55,19.89,19.55,19.89,241800
2024-09-18 07:00:00,19.97,20.64,19.8,20.47,936800
2024-09-19 07:00:00,20.55,20.64,20.39,20.43,267900
2024-09-20 07:00:00,20.64,20.64,20.39,20.55,688000
2024-09-23 07:00:00,20.47,20.47,20.14,20.26,360800
2024-09-24 07:00:00,20.43,20.43,20.26,20.39,204800
2024-09-25 07:00:00,20.43,20.43,20.05,20.39,600100
2024-09-26 07:00:00,20.43,20.6,20.22,20.43,329100
2024-09-27 07:00:00,20.47,20.8,20.39,20.47,637000
2024-09-30 07:00:00,20.47,20.72,20.26,20.72,514000
2024-10-01 07:00:00,20.8,21.26,20.8,21.14,1400700
2024-10-02 07:00:00,21.1,21.1,20.85,21.01,679000
2024-10-03 07:00:00,21.06,21.22,20.6,20.8,688900
2024-10-04 07:00:00,20.55,20.8,20.26,20.43,275900
2024-10-07 07:00:00,20.43,20.64,19.93,20.01,251600
2024-10-08 07:00:00,20.01,20.22,19.97,20.22,180200
2024-10-09 07:00:00,20.14,20.76,20.05,20.43,212700
2024-10-10 07:00:00,20.55,21.06,20.47,20.97,963600
2024-10-11 07:00:00,21.06,21.1,20.8,21.01,406700
2024-10-14 07:00:00,20.85,21.01,20.72,20.85,389700
2024-10-15 07:00:00,20.72,20.85,20.39,20.6,350500
2024-10-16 07:00:00,20.39,20.72,20.26,20.55,183600
2024-10-17 07:00:00,20.68,20.72,20.51,20.72,215700
2024-10-18 07:00:00,20.76,20.93,20.68,20.8,379900
2024-10-21 07:00:00,20.8,20.89,20.47,20.64,212900
2024-10-22 07:00:00,20.64,20.64,19.72,20.22,363900
2024-10-23 07:00:00,20.22,20.22,19.93,20.18,189000
2024-10-24 07:00:00,20.05,20.3,19.8,19.93,188400
2024-10-25 07:00:00,19.93,20.05,19.72,19.93,137300
2024-10-28 07:00:00,20.18,20.18,19.63,19.84,150500
2024-10-29 07:00:00,20.01,20.26,19.84,20.18,487200
2024-10-30 07:00:00,20.18,20.85,20.05,20.85,797000
2024-10-31 07:00:00,20.85,20.97,20.64,20.89,438500
2024-11-01 07:00:00,20.89,21.14,20.72,20.97,665500
2024-11-04 07:00:00,21.06,21.31,21.01,21.1,1107500
2024-11-05 07:00:00,21.1,21.35,20.89,21.26,704400
2024-11-06 07:00:00,21.06,21.47,21.06,21.47,697800
2024-11-07 07:00:00,21.47,22.52,21.39,21.85,1269900
2024-11-08 07:00:00,22.1,22.31,21.72,22.02,934100
2024-11-11 07:00:00,22.14,22.52,21.93,22.06,1257000
2024-11-12 07:00:00,22.06,22.18,21.77,21.93,629300
2024-11-13 07:00:00,21.81,22.48,21.81,22.48,928700
2024-11-14 07:00:00,22.56,22.73,22.31,22.56,965400
2024-11-15 07:00:00,22.39,22.48,21.72,22.14,769700
2024-11-18 07:00:00,21.89,22.1,21.14,21.56,467800
2024-11-19 07:00:00,21.56,21.56,20.68,20.68,364300
2024-11-20 07:00:00,20.3,21.06,20.14,20.97,408700
2024-11-21 07:00:00,20.97,21.01,20.6,21.01,270100
2024-11-22 07:00:00,20.76,21.1,20.76,21.06,256000
2024-11-25 07:00:00,21.06,21.06,20.47,21.06,207100
2024-11-26 07:00:00,20.76,21.26,20.76,21.26,363000
2024-11-27 07:00:00,21.26,21.51,20.97,21.31,348500
2024-11-28 07:00:00,21.31,21.47,21.18,21.39,199200
2024-11-29 07:00:00,21.6,21.89,21.47,21.89,806000
2024-12-02 07:00:00,22.02,22.23,21.77,22.1,415600
2024-12-03 07:00:00,22.1,22.39,21.93,22.39,787800
2024-12-04 07:00:00,22.27,22.27,21.64,21.81,469900
2024-12-05 07:00:00,21.72,22.48,21.47,22.48,671400
2024-12-06 07:00:00,22.52,22.52,22.1,22.23,576500
2024-12-09 07:00:00,22.23,22.35,22.06,22.23,793600
2024-12-10 07:00:00,22.23,22.23,21.97,22.23,542200
2024-12-11 07:00:00,22.1,23.48,22.06,22.94,2193400
2024-12-12 07:00:00,22.94,23.39,22.73,22.94,1066400
2024-12-13 07:00:00,22.94,22.94,22.35,22.6,621100
2024-12-16 07:00:00,22.64,22.68,22.18,22.64,477000
2024-12-17 07:00:00,22.64,22.89,22.64,22.73,477800
2024-12-18 07:00:00,22.73,22.94,22.52,22.89,382700
2024-12-19 07:00:00,22.85,23.23,22.6,23.19,1842100
2024-12-20 07:00:00,23.31,23.65,23.06,23.35,1161900
2024-12-23 07:00:00,23.39,23.48,23.06,23.39,527000
2024-12-24 07:00:00,23.14,23.39,23.06,23.31,685200
2024-12-25 07:00:00,23.56,23.56,23.1,23.35,651300
2024-12-26 07:00:00,23.31,23.48,23.27,23.31,591200
2024-12-27 07:00:00,23.31,23.35,22.43,22.52,1293000
2024-12-30 07:00:00,22.52,22.56,22.06,22.52,391200
2024-12-31 07:00:00,23.39,23.39,22.43,22.48,255700
2025-01-02 07:00:00,22.64,22.81,22.23,22.81,175000
2025-01-03 07:00:00,22.81,22.81,22.06,22.43,539500
2025-01-06 07:00:00,22.43,22.56,21.89,21.89,257600
2025-01-07 07:00:00,21.89,22.31,21.81,22.1,228800
2025-01-08 07:00:00,21.89,22.27,21.64,22.23,267300
2025-01-09 07:00:00,22.23,22.35,22.06,22.23,111000
2025-01-10 07:00:00,22.27,22.27,21.72,21.72,209200
2025-01-13 07:00:00,21.72,21.89,21.47,21.81,201100
2025-01-14 07:00:00,21.81,22.06,21.51,21.81,129300
2025-01-15 07:00:00,21.93,21.97,21.56,21.97,530900
2025-01-16 07:00:00,21.97,22.06,21.77,21.77,191000
2025-01-17 07:00:00,21.77,23.27,21.56,23.27,1800100
2025-01-20 07:00:00,23.65,23.65,23.23,23.27,372600
2025-01-21 07:00:00,23.27,23.31,22.77,23.14,452700
2025-01-22 07:00:00,22.98,23.23,22.64,23.14,678600
2025-01-23 07:00:00,23.23,23.56,23.1,23.27,609200
2025-01-24 07:00:00,23.27,23.27,22.98,23.27,418900
2025-02-03 07:00:00,22.85,23.02,22.56,22.98,739400
2025-02-04 07:00:00,22.81,23.56,22.81,23.35,922100
2025-02-05 07:00:00,23.48,24.44,23.35,24.4,2281800
2025-02-06 07:00:00,24.48,24.52,24.19,24.48,522000
2025-02-07 07:00:00,24.56,24.56,23.9,24.31,881800
2025-02-10 07:00:00,24.31,24.52,23.81,23.81,748500
2025-02-11 07:00:00,23.69,25.11,23.6,24.73,1670600
2025-02-12 07:00:00,24.73,25.02,24.56,24.82,630300
2025-02-13 07:00:00,24.82,25.53,24.52,25.32,1220900
2025-02-14 07:00:00,25.48,25.61,25.23,25.23,769500
2025-02-17 07:00:00,25.23,25.23,24.56,24.65,1176100
2025-02-18 07:00:00,24.65,24.9,24.44,24.56,670100
2025-02-19 07:00:00,24.4,24.61,23.81,23.94,1694600
2025-02-20 07:00:00,23.98,24.31,23.65,24.31,1492000
2025-02-21 07:00:00,24.98,25.08,24.31,24.74,593300
2025-02-24 07:00:00,24.79,24.98,24.6,24.93,568400
2025-02-25 07:00:00,25.03,25.27,24.7,25.27,599800
2025-02-26 07:00:00,25.27,25.7,25.17,25.27,610600
2025-02-27 07:00:00,25.36,25.36,24.79,25.12,411900
2025-02-28 07:00:00,25.12,25.27,24.74,24.98,503000
2025-03-03 07:00:00,24.98,25.08,24.7,24.98,376000
2025-03-04 07:00:00,24.7,24.93,24.6,24.89,490500
2025-03-05 07:00:00,24.79,24.84,24.41,24.7,650500
2025-03-06 07:00:00,24.7,24.79,24.41,24.79,444000
2025-03-07 07:00:00,24.98,26.22,24.89,26.03,3432600
2025-03-10 07:00:00,26.17,26.27,25.6,25.65,683800
2025-03-11 07:00:00,25.12,25.65,25.12,25.6,681400
2025-03-12 07:00:00,25.51,25.74,24.27,24.31,3006800
2025-03-13 07:00:00,24.22,24.46,23.55,23.65,1229100
2025-03-14 07:00:00,23.65,23.84,23.36,23.84,746600
2025-03-17 07:00:00,23.93,23.93,23.12,23.65,951100
2025-03-18 07:00:00,23.6,23.65,23.27,23.6,321800
2025-03-19 07:00:00,23.6,23.6,22.93,22.93,799200
2025-03-20 07:00:00,22.98,23.27,22.41,22.5,596900
2025-03-21 07:00:00,22.36,23.07,22.36,22.98,490700
2025-03-24 07:00:00,22.88,23.22,22.79,22.98,238000
2025-03-25 07:00:00,23.03,23.12,22.88,23.12,429500
2025-03-26 07:00:00,23.03,23.17,22.84,23.07,334600
2025-03-27 07:00:00,23.07,23.65,23.07,23.65,610800
2025-03-28 07:00:00,23.74,23.74,23.22,23.31,209300
2025-03-31 07:00:00,23.36,23.36,22.41,23.07,531700
2025-04-01 07:00:00,22.31,23.07,22.31,23.07,343700
2025-04-02 07:00:00,23.03,23.12,22.6,22.98,327300
2025-04-03 07:00:00,22.36,22.36,21.41,21.41,615700
2025-04-04 07:00:00,19.93,20.69,19.93,20.12,1374000
2025-04-08 07:00:00,20.12,20.12,18.74,18.74,228700
2025-04-09 07:00:00,17.45,18.02,17.45,17.45,1070100
2025-04-10 07:00:00,18.64,18.64,18.64,18.64,79700
2025-04-11 07:00:00,19.88,19.88,18.69,19.69,938000
2025-04-14 07:00:00,19.88,19.88,19.36,19.78,361700
2025-04-15 07:00:00,19.5,19.59,19.07,19.36,418600
2025-04-16 07:00:00,19.36,19.59,18.97,19.21,328300
2025-04-17 07:00:00,18.69,19.5,18.69,19.5,357500
2025-04-18 07:00:00,19.5,20.45,19.45,20.02,560000
2025-04-21 07:00:00,19.74,20.02,19.45,19.83,462800
2025-04-22 07:00:00,19.21,19.93,18.45,19.64,812400
2025-04-23 07:00:00,19.64,19.74,19.26,19.55,361200
2025-04-24 07:00:00,19.45,19.93,19.4,19.88,620500
2025-04-25 07:00:00,20.26,21.07,20.26,20.69,871900
2025-04-28 07:00:00,20.79,21.12,20.55,20.69,386700
2025-04-29 07:00:00,20.69,20.83,20.17,20.36,284200
2025-05-05 07:00:00,20.17,20.6,20.17,20.5,326700
2025-05-06 07:00:00,20.5,21.41,20.5,21.26,928800
2025-05-07 07:00:00,21.26,21.26,20.79,21.26,442800
2025-05-08 07:00:00,20.69,21.26,20.69,21.26,487700
2025-05-09 07:00:00,21.26,21.64,20.93,21.64,692300
2025-05-12 07:00:00,21.6,21.74,21.36,21.64,473200
2025-05-13 07:00:00,21.74,21.88,21.55,21.74,661100
2025-05-14 07:00:00,21.64,22.07,21.64,22.03,654900
2025-05-15 07:00:00,21.83,21.93,21.5,21.74,526800
2025-05-16 07:00:00,21.74,21.74,21.26,21.26,453400
2025-05-19 07:00:00,21.02,21.12,20.74,20.83,704100
2025-05-20 07:00:00,20.83,20.98,20.5,20.98,593400
2025-05-21 07:00:00,20.79,21.02,20.5,20.88,576500
2025-05-22 07:00:00,20.88,21.31,20.74,21.12,590600
2025-05-23 07:00:00,21.26,21.26,20.74,20.79,364600
2025-05-26 07:00:00,20.6,20.98,20.4,20.98,385600
2025-05-27 07:00:00,20.88,21.12,20.88,21.12,511100
2025-05-28 07:00:00,21.12,21.55,20.98,21.36,776600
2025-05-29 07:00:00,21.41,21.5,20.98,21.26,599200
2025-05-30 07:00:00,21.26,21.93,21.26,21.55,961200
2025-06-02 07:00:00,21.55,21.55,21.07,21.26,510900
2025-06-03 07:00:00,21.26,21.74,21.17,21.64,924500
2025-06-04 07:00:00,21.64,21.64,21.31,21.31,806100
2025-06-05 07:00:00,21.45,22.45,21.45,22.45,2213200
2025-06-06 07:00:00,22.45,22.5,21.69,21.74,954300
2025-06-09 07:00:00,22.26,22.26,21.26,21.31,673500
2025-06-10 07:00:00,21.45,21.55,21.26,21.5,554700
2025-06-11 07:00:00,21.41,21.98,21.22,21.88,681800
2025-06-12 07:00:00,22.03,22.03,21.6,21.64,508500
2025-06-13 07:00:00,21.36,21.45,20.83,21.36,949400
2025-06-16 07:00:00,21.17,21.74,21.12,21.45,547900
2025-06-17 07:00:00,21.45,21.64,21.41,21.55,486500
2025-06-18 07:00:00,21.5,22.12,21.45,21.6,510600
2025-06-19 07:00:00,21.55,21.55,21.12,21.31,676300
2025-06-20 07:00:00,21.26,21.36,21.17,21.26,452100
2025-06-23 07:00:00,20.74,21.26,20.69,20.93,1114400
2025-06-24 07:00:00,20.88,21.12,20.83,20.83,414800
2025-06-25 07:00:00,20.98,21.26,20.79,20.83,361800
2025-06-26 07:00:00,21.12,21.12,20.74,20.98,620200
2025-06-27 07:00:00,20.98,21.69,20.98,21.36,1174300
2025-06-30 07:00:00,21.45,21.88,21.41,21.74,837300
2025-07-01 07:00:00,21.74,21.74,21.26,21.31,713000
2025-07-02 07:00:00,21.31,21.36,21.07,21.31,510600
2025-07-03 07:00:00,21.26,21.45,21.17,21.31,929700
2025-07-04 07:00:00,21.41,21.83,21.26,21.79,1142900
2025-07-07 07:00:00,21.88,22.03,21.64,21.79,931400
2025-07-08 07:00:00,21.83,21.93,21.45,21.64,890200
2025-07-09 07:00:00,21.74,21.98,21.45,21.6,1634600
2025-07-10 07:00:00,21.64,22.41,21.64,22.03,2045400
2025-07-11 07:00:00,22.17,22.41,21.98,21.98,1577300
2025-07-14 07:00:00,21.98,22.12,21.55,21.88,934400
2025-07-15 07:00:00,21.83,22.03,21.6,21.6,1557400
2025-07-16 07:00:00,21.64,21.98,21.5,21.88,1390100
2025-07-17 07:00:00,21.88,22.31,21.79,22.22,1638800
2025-07-18 07:00:00,22.41,22.65,22.12,22.12,2017300
2025-07-21 07:00:00,22.17,22.17,21.74,21.74,1460600
2025-07-22 07:00:00,21.69,21.74,21.45,21.74,1254900
2025-07-23 07:00:00,21.79,22.26,21.79,22.03,1364600
2025-07-24 07:00:00,22.22,22.31,21.83,22.07,1302700
2025-07-25 07:00:00,22.07,23.03,22.07,22.88,2750900
2025-07-28 07:00:00,23.03,23.07,22.6,22.84,1724400
2025-07-29 07:00:00,22.98,23.65,22.65,22.74,3938300
2025-07-30 07:00:00,23.31,23.31,22.6,22.79,1684600
2025-07-31 07:00:00,22.88,23.17,22.79,22.88,1296700
2025-08-01 07:00:00,23.17,23.17,22.74,22.79,1043000
2025-08-04 07:00:00,22.79,23.12,22.69,22.84,930000
2025-08-05 07:00:00,22.88,22.88,21.26,21.98,2144500
2025-08-06 07:00:00,22.12,22.5,21.98,22.07,651800
2025-08-07 07:00:00,22.12,22.6,22.12,22.36,666400
2025-08-08 07:00:00,22.36,22.88,22.22,22.41,1156200
2025-08-11 07:00:00,22.55,22.98,22.55,22.69,1767100
2025-08-12 07:00:00,22.88,23.07,22.45,22.55,1141400
2025-08-13 07:00:00,22.74,23.27,22.03,22.79,2492200
2025-08-14 07:00:00,22.88,22.88,22.55,22.65,1600000
2025-08-15 07:00:00,22.79,22.79,21.93,22.03,1435000
2025-08-18 07:00:00,22.07,22.07,21.55,21.69,1223300
2025-08-19 07:00:00,21.69,21.74,21.31,21.41,1626700
2025-08-20 07:00:00,21.41,21.5,20.55,20.69,1169300
2025-08-21 07:00:00,20.6,21.31,20.31,21.26,942500
2025-08-22 07:00:00,21.26,21.26,20.36,20.93,914900
2025-08-25 07:00:00,21.07,21.12,20.5,20.88,260600
2025-08-26 07:00:00,20.55,20.98,20.55,20.98,242800
2025-08-27 07:00:00,20.93,21.31,20.83,21.07,660800
2025-08-28 07:00:00,21.07,21.12,20.69,21.02,206500
2025-08-29 07:00:00,21.02,21.02,20.5,20.69,460600
2025-09-03 07:00:00,20.69,20.93,20.55,20.79,303500
2025-09-04 07:00:00,20.79,21.17,20.79,20.98,571700
2025-09-05 07:00:00,21.12,21.36,20.93,20.98,728700
2025-09-08 07:00:00,20.83,21.02,20.74,20.83,611800
2025-09-09 07:00:00,20.31,20.98,20.31,20.83,413600
2025-09-10 07:00:00,20.93,20.93,20.6,20.79,130200
2025-09-11 07:00:00,20.64,20.83,20.31,20.83,433800
2025-09-12 07:00:00,20.64,21.88,20.64,21.83,1357800
2025-09-15 07:00:00,21.69,22.22,21.69,21.93,755000
2025-09-16 07:00:00,22.03,22.84,22.03,22.74,1592700
2025-09-17 07:00:00,22.74,23.36,22.74,22.88,2295300
2025-09-18 07:00:00,22.88,22.88,22.55,22.69,696500
2025-09-19 07:00:00,22.69,22.84,22.5,22.79,549500
2025-09-22 07:00:00,22.74,22.88,22.17,22.5,627100
2025-09-23 07:00:00,22.41,22.65,22.12,22.36,645900
2025-09-24 07:00:00,22.12,22.45,21.64,22.45,893500
2025-09-25 07:00:00,22.5,22.5,21.98,22.36,336800
2025-09-26 07:00:00,22.31,22.31,21.22,21.93,446900
2025-09-29 07:00:00,21.93,22.03,21.26,21.83,436800
2025-09-30 07:00:00,21.79,21.83,21.36,21.83,315200
2025-10-01 07:00:00,21.83,21.83,21.45,21.55,276900
2025-10-02 07:00:00,21.55,21.74,21.12,21.64,319600
2025-10-03 07:00:00,21.55,21.74,21.02,21.74,299100
2025-10-06 07:00:00,21.74,21.88,21.31,21.79,296100
2025-10-07 07:00:00,21.36,21.83,21.36,21.6,193300
2025-10-08 07:00:00,21.79,21.79,21.31,21.64,203600
2025-10-09 07:00:00,21.64,21.69,21.26,21.45,290700
2025-10-10 07:00:00,21.45,21.64,21.26,21.45,467700
2025-10-13 07:00:00,21.17,21.41,20.88,20.88,766500
2025-10-14 07:00:00,20.88,21.26,20.31,20.31,574300
2025-10-15 07:00:00,20.36,20.74,20.21,20.21,547900
2025-10-16 07:00:00,20.36,20.5,19.93,20.5,741700
2025-10-17 07:00:00,21.0,21.0,20.4,20.75,350800
2025-10-20 07:00:00,20.75,21.3,20.45,20.5,877700
2025-10-21 07:00:00,20.3,21.25,20.3,21.25,504300
2025-10-22 07:00:00,21.4,21.6,20.7,21.5,402000
2025-10-23 07:00:00,21.5,21.5,20.4,21.2,529300
2025-10-24 07:00:00,21.2,21.2,20.7,21.2,252100
2025-10-27 07:00:00,21.2,21.6,20.9,21.35,694900
2025-10-28 07:00:00,21.35,21.85,21.05,21.7,651400
2025-10-29 07:00:00,21.7,21.8,21.45,21.75,384700
2025-10-30 07:00:00,21.6,21.8,21.5,21.75,463600
2025-10-31 07:00:00,21.8,22.3,21.8,21.95,671100
2025-11-03 07:00:00,21.95,22.0,21.05,21.15,403300
2025-11-04 07:00:00,21.0,21.8,20.3,21.8,646200
2025-11-05 07:00:00,21.3,21.5,21.05,21.2,187800
2025-11-06 07:00:00,21.2,21.2,20.75,21.1,329200
2025-11-07 07:00:00,20.85,21.1,20.55,21.05,439200
2025-11-10 07:00:00,20.9,21.0,20.5,20.5,169400
2025-11-11 07:00:00,20.4,20.75,20.35,20.65,185400
2025-11-12 07:00:00,20.65,20.75,20.35,20.75,470000
2025-11-13 07:00:00,20.55,21.0,20.5,20.85,235400
2025-11-14 07:00:00,20.85,20.85,20.45,20.5,365300
2025-11-17 07:00:00,20.5,20.9,20.5,20.75,217100
2025-11-18 07:00:00,20.65,20.9,20.65,20.65,266800
2025-11-19 07:00:00,20.65,20.85,20.5,20.5,313100
2025-11-20 07:00:00,20.55,20.6,20.4,20.55,219900
2025-11-21 07:00:00,20.5,20.6,20.3,20.45,223300
2025-11-24 07:00:00,20.5,20.65,20.15,20.4,337500
2025-11-25 07:00:00,20.1,20.45,19.9,20.2,623400
2025-11-26 07:00:00,19.85,20.45,19.85,20.3,361300
2025-11-27 07:00:00,20.3,20.65,20.3,20.65,427800
2025-11-28 07:00:00,20.5,20.7,20.5,20.7,339600
2025-12-01 07:00:00,20.7,20.7,20.5,20.7,158700
2025-12-02 07:00:00,20.7,20.7,20.35,20.5,361600
2025-12-03 07:00:00,20.55,21.2,20.55,21.1,507000
2025-12-04 07:00:00,20.9,21.7,20.9,21.7,795700
2025-12-05 07:00:00,21.8,22.15,21.5,22.05,615600
2025-12-08 07:00:00,22.3,22.8,21.8,22.5,1063300
2025-12-09 07:00:00,22.8,22.8,22.5,22.8,1554600
2025-12-10 07:00:00,23.4,23.4,22.6,22.95,928100
2025-12-11 07:00:00,22.8,23.1,22.55,22.95,800400
2025-12-12 07:00:00,23.0,23.0,22.4,22.95,1292300
2025-12-15 07:00:00,22.5,22.9,22.4,22.9,954600
2025-12-16 07:00:00,22.9,23.6,22.5,23.55,1071300
2025-12-17 07:00:00,23.55,24.5,23.4,24.2,2176800
2025-12-18 07:00:00,24.2,24.45,23.6,23.85,1457800
2025-12-19 07:00:00,23.5,24.15,23.5,23.9,808800
2025-12-22 07:00:00,23.7,24.5,23.7,24.4,1151100
2025-12-23 07:00:00,24.7,24.7,23.05,23.9,1660200
2025-12-24 07:00:00,23.15,23.9,23.15,23.7,497500
2025-12-25 07:00:00,23.5,24.0,23.0,23.5,924600
2025-12-26 07:00:00,23.1,23.9,23.0,23.85,900000
2025-12-29 07:00:00,23.85,24.3,23.5,24.25,1192100
2025-12-30 07:00:00,23.95,24.35,23.85,24.35,701300
2025-12-31 07:00:00,24.35,24.6,23.9,24.6,1104200
2026-01-05 07:00:00,24.6,24.6,23.6,24.35,896600
2026-01-06 07:00:00,24.0,24.3,23.55,24.25,470800
2026-01-07 07:00:00,23.9,24.25,23.6,23.65,580100
2026-01-08 07:00:00,23.45,24.25,23.0,23.95,1114900
2026-01-09 07:00:00,23.45,23.95,23.1,23.8,570700
2026-01-12 07:00:00,23.25,23.95,23.1,23.75,1181000
2026-01-13 07:00:00,23.3,23.85,23.25,23.6,991300
2026-01-14 07:00:00,23.65,23.65,23.15,23.55,1019000
2026-01-15 07:00:00,23.3,25.15,23.2,25.15,2105400
2026-01-16 07:00:00,25.55,26.75,24.8,26.75,4639700
2026-01-19 07:00:00,26.8,26.8,25.95,26.5,1681200
2026-01-20 07:00:00,25.9,26.55,25.55,25.8,2104000
2026-01-21 07:00:00,25.7,25.85,24.1,25.1,2757400
2026-01-22 07:00:00,25.0,25.4,24.9,25.2,1268000
2026-01-23 07:00:00,25.0,25.5,24.4,25.0,1260400
2026-01-26 07:00:00,25.0,25.0,23.7,24.4,1403300
2026-01-27 07:00:00,23.0,24.45,23.0,24.05,1206700
2026-01-28 07:00:00,23.8,24.8,23.5,24.45,2796800
2026-01-29 07:00:00,24.1,25.5,24.1,24.7,1990100
2026-01-30 07:00:00,24.7,25.15,24.0,24.4,1318300
2026-02-02 07:00:00,24.1,24.1,23.0,23.0,2578200
2026-02-03 07:00:00,23.0,23.6,22.8,23.6,2315400
2026-02-04 07:00:00,23.45,24.1,23.25,23.95,971200
2026-02-05 07:00:00,24.0,24.0,23.25,23.45,962100
2026-02-06 07:00:00,23.1,23.15,22.3,23.0,1574600
2026-02-09 07:00:00,23.0,23.25,22.65,23.1,416500
2026-02-10 07:00:00,22.95,23.15,22.3,22.7,560800
2026-02-11 07:00:00,22.5,23.15,22.3,22.9,1208500
2026-02-12 07:00:00,22.6,23.25,22.55,23.0,861200
2026-02-13 07:00:00,22.7,23.0,22.4,23.0,916300
2026-02-23 07:00:00,22.9,23.15,21.4,22.7,2556400
2026-02-24 07:00:00,22.2,22.45,21.7,21.7,1757900
2026-02-25 07:00:00,21.7,22.0,20.8,20.8,2368800
2026-02-26 07:00:00,20.8,21.25,20.65,21.0,1680800
2026-02-27 07:00:00,21.0,21.0,20.0,20.4,2354800
2026-03-02 07:00:00,19.5,20.0,19.0,19.0,2309900
2026-03-03 07:00:00,19.0,19.3,18.25,18.4,1919400
2026-03-04 07:00:00,18.25,19.5,18.25,19.25,1808500
2026-03-05 07:00:00,19.45,19.7,18.95,19.0,1207500
2026-03-06 07:00:00,19.0,19.05,18.15,19.0,1131300
2026-03-09 07:00:00,17.75,17.9,17.7,17.7,580800
2026-03-10 07:00:00,17.5,18.0,16.9,17.25,1541100
2026-03-11 07:00:00,17.5,18.1,17.3,18.05,567800
2026-03-12 07:00:00,18.2,18.2,17.7,17.95,458200
2026-03-13 07:00:00,17.8,18.0,17.6,17.7,459100
2026-03-16 07:00:00,17.75,17.9,17.6,17.8,517000
2026-03-17 07:00:00,17.95,18.75,17.95,18.4,739200
2026-03-18 07:00:00,18.6,18.6,17.85,18.1,655400
2026-03-19 07:00:00,17.95,17.95,17.6,17.7,473800
2026-03-20 07:00:00,17.75,17.85,17.65,17.65,348700
2026-03-23 07:00:00,17.6,17.6,16.5,16.7,739500
2026-03-24 07:00:00,17.2,17.3,16.8,17.2,338200
2026-03-25 07:00:00,17.65,18.1,17.35,18.1,523000
2026-03-26 07:00:00,18.1,18.1,17.7,17.85,161800
2026-03-27 07:00:00,17.65,18.35,17.65,18.35,381500
2026-03-30 07:00:00,18.1,18.25,17.7,18.15,200000
2026-03-31 07:00:00,18.2,18.5,18.0,18.0,403300
2026-04-01 07:00:00,18.3,18.4,18.1,18.35,359700
2026-04-02 07:00:00,18.2,18.95,18.1,18.55,640100
2026-04-03 07:00:00,18.55,18.7,18.0,18.15,213600
2026-04-06 07:00:00,18.15,18.3,17.4,17.7,313800
2026-04-07 07:00:00,17.8,17.8,17.4,17.55,228200
2026-04-08 07:00:00,17.75,18.4,17.75,18.3,385100
2026-04-09 07:00:00,18.1,18.25,18.0,18.0,309900
2026-04-10 07:00:00,18.2,18.2,17.9,17.9,197900
2026-04-13 07:00:00,17.95,17.95,17.7,17.75,253500
2026-04-14 07:00:00,17.95,18.8,17.8,18.5,422400
2026-04-15 07:00:00,18.55,18.6,18.05,18.05,311100
2026-04-16 07:00:00,17.9,18.2,17.9,17.9,192000
2026-04-17 07:00:00,17.9,18.25,17.9,18.05,158800
2026-04-20 07:00:00,18.2,18.2,17.9,17.9,182900
2026-04-21 07:00:00,17.9,18.0,17.75,17.75,248400
2026-04-22 07:00:00,17.75,17.85,17.6,17.85,307100
2026-04-23 07:00:00,17.85,17.85,17.5,17.6,269100
2026-04-24 07:00:00,17.75,17.85,17.2,17.85,251100
2026-04-28 07:00:00,17.8,17.95,17.3,17.3,275600
2026-04-29 07:00:00,17.2,17.6,17.15,17.6,378300
2026-05-04 07:00:00,17.3,17.7,17.25,17.5,115000
2026-05-05 07:00:00,17.2,17.45,17.0,17.45,493900
2026-05-06 07:00:00,17.45,17.45,17.05,17.35,356000
2026-05-07 07:00:00,17.25,17.35,16.95,17.15,506100
2026-05-08 07:00:00,17.1,17.1,16.75,17.0,361700
2026-05-11 07:00:00,16.95,17.0,16.0,16.7,588200
2026-05-12 07:00:00,16.75,17.0,16.0,16.0,623300
2026-05-13 07:00:00,16.05,16.55,16.0,16.5,836300
2026-05-14 07:00:00,16.5,17.05,16.05,16.6,778400
2026-05-15 07:00:00,16.5,16.6,16.25,16.6,157000
2026-05-18 07:00:00,16.45,16.45,16.0,16.15,425600
2026-05-19 07:00:00,16.2,16.6,16.15,16.55,622600
2026-05-20 07:00:00,16.45,16.7,16.05,16.7,712100
2026-05-21 07:00:00,16.7,16.75,16.25,16.6,294200
2026-05-22 07:00:00,16.5,16.5,16.15,16.5,474900
2026-05-25 07:00:00,16.45,16.45,16.0,16.3,684700
2026-05-26 07:00:00,16.25,16.3,16.1,16.3,227700
2026-05-27 07:00:00,16.3,16.45,16.1,16.3,305200
