time,open,high,low,close,volume
2018-01-02 07:00:00,15.32,15.46,14.74,15.32,36140
2018-01-03 07:00:00,15.32,15.32,15.02,15.31,2030
2018-01-04 07:00:00,15.31,15.31,15.0,15.29,7090
2018-01-05 07:00:00,15.05,15.29,15.05,15.28,1480
2018-01-08 07:00:00,15.21,15.28,15.16,15.19,1860
2018-01-09 07:00:00,15.19,15.98,15.19,15.98,6240
2018-01-10 07:00:00,15.98,16.14,15.81,15.98,6010
2018-01-11 07:00:00,15.98,15.98,15.83,15.98,4940
2018-01-12 07:00:00,15.98,15.94,15.81,15.81,18820
2018-01-15 07:00:00,15.65,16.63,15.65,16.3,78120
2018-01-16 07:00:00,16.3,16.3,15.98,16.3,13110
2018-01-17 07:00:00,16.27,16.27,16.04,16.27,1510
2018-01-18 07:00:00,15.41,16.27,15.32,15.65,34310
2018-01-19 07:00:00,15.65,15.65,15.26,15.32,23460
2018-01-22 07:00:00,15.32,15.32,15.16,15.32,24230
2018-01-25 07:00:00,15.49,15.75,14.84,15.32,98160
2018-01-26 07:00:00,15.16,16.3,15.16,15.81,15130
2018-01-29 07:00:00,15.81,15.94,15.36,15.81,24980
2018-01-30 07:00:00,15.65,15.81,15.65,15.65,10080
2018-01-31 07:00:00,15.83,16.73,15.65,16.63,4270
2018-02-01 07:00:00,16.76,16.76,16.24,16.27,4460
2018-02-02 07:00:00,16.27,16.27,15.98,16.17,130
2018-02-05 07:00:00,15.68,16.16,15.32,15.65,3870
2018-02-06 07:00:00,15.65,15.88,14.66,15.62,7000
2018-02-07 07:00:00,15.06,16.43,15.06,16.3,43170
2018-02-08 07:00:00,15.85,16.3,15.85,16.14,18680
2018-02-09 07:00:00,15.88,16.14,15.85,15.94,3030
2018-02-12 07:00:00,15.94,15.94,15.81,15.94,840
2018-02-13 07:00:00,15.94,17.02,15.94,16.79,7300
2018-02-21 07:00:00,16.63,16.79,16.3,16.79,150
2018-02-22 07:00:00,16.63,16.63,16.3,16.63,50
2018-02-23 07:00:00,16.4,16.6,16.3,16.53,1490
2018-02-26 07:00:00,16.53,16.53,16.14,16.14,2030
2018-02-27 07:00:00,16.27,16.27,16.14,16.14,2360
2018-02-28 07:00:00,16.14,16.14,15.98,16.14,1280
2018-03-01 07:00:00,16.14,16.14,15.81,16.14,2700
2018-03-02 07:00:00,16.14,16.14,15.81,15.98,8400
2018-03-05 07:00:00,15.98,15.98,15.72,15.98,27020
2018-03-06 07:00:00,15.39,15.98,15.39,15.98,1310
2018-03-07 07:00:00,15.98,15.98,15.68,15.94,350
2018-03-08 07:00:00,15.94,16.01,15.65,15.98,170
2018-03-09 07:00:00,15.96,15.96,15.91,15.91,1490
2018-03-12 07:00:00,15.52,15.88,15.49,15.88,4220
2018-03-13 07:00:00,15.88,15.94,15.55,15.93,1000
2018-03-14 07:00:00,15.98,15.98,15.65,15.94,2070
2018-03-15 07:00:00,15.65,15.93,15.65,15.81,5730
2018-03-16 07:00:00,15.72,15.78,15.65,15.75,1230
2018-03-19 07:00:00,15.75,15.85,15.65,15.85,7320
2018-03-20 07:00:00,15.81,15.81,15.75,15.75,460
2018-03-21 07:00:00,15.75,15.75,15.65,15.75,2270
2018-03-22 07:00:00,15.75,15.85,15.65,15.75,8560
2018-03-23 07:00:00,15.59,15.64,15.41,15.55,580
2018-03-26 07:00:00,15.55,15.55,15.41,15.41,2080
2018-03-27 07:00:00,15.41,15.41,14.33,15.41,19880
2018-03-28 07:00:00,15.0,15.32,15.0,15.32,1350
2018-03-29 07:00:00,15.24,15.32,15.0,15.32,9630
2018-03-30 07:00:00,15.32,15.32,15.0,15.16,8770
2018-04-02 07:00:00,14.98,15.16,14.9,15.1,5740
2018-04-03 07:00:00,14.93,15.06,14.84,14.84,26680
2018-04-04 07:00:00,14.87,14.87,14.67,14.87,62200
2018-04-05 07:00:00,14.87,15.9,14.87,15.65,61600
2018-04-06 07:00:00,15.65,15.65,15.16,15.49,420
2018-04-09 07:00:00,15.0,15.49,15.0,15.42,6840
2018-04-10 07:00:00,15.42,15.42,15.16,15.32,4650
2018-04-11 07:00:00,15.19,15.19,14.67,14.9,18850
2018-04-12 07:00:00,14.9,14.9,14.67,14.9,3450
2018-04-13 07:00:00,14.9,15.55,14.9,15.32,43820
2018-04-16 07:00:00,15.32,15.49,14.93,15.16,25210
2018-04-17 07:00:00,15.46,15.46,15.1,15.16,1000
2018-04-18 07:00:00,15.16,15.98,15.16,15.65,22180
2018-04-20 07:00:00,15.32,15.62,15.16,15.62,5370
2018-04-23 07:00:00,15.65,15.65,15.16,15.16,32260
2018-04-24 07:00:00,15.62,15.62,15.16,15.23,4930
2018-04-26 07:00:00,15.23,15.46,14.9,15.26,14260
2018-04-27 07:00:00,15.26,16.3,14.95,16.27,29250
2018-05-02 07:00:00,16.14,16.14,15.65,15.94,170
2018-05-03 07:00:00,15.81,15.81,15.29,15.59,2990
2018-05-04 07:00:00,15.55,15.59,15.26,15.55,3210
2018-05-07 07:00:00,15.55,15.55,15.29,15.55,1240
2018-05-08 07:00:00,15.65,15.65,15.49,15.49,14860
2018-05-09 07:00:00,15.49,15.59,15.49,15.49,70650
2018-05-10 07:00:00,15.49,15.55,15.36,15.36,12230
2018-05-11 07:00:00,15.36,15.36,15.29,15.36,7400
2018-05-14 07:00:00,15.36,15.49,15.36,15.49,9090
2018-05-15 07:00:00,15.49,15.59,15.49,15.59,14150
2018-05-16 07:00:00,15.59,15.99,15.55,15.99,14230
2018-05-17 07:00:00,15.82,15.82,15.65,15.82,1420
2018-05-18 07:00:00,15.59,15.82,15.59,15.82,1480
2018-05-21 07:00:00,15.79,15.79,15.48,15.65,5760
2018-05-22 07:00:00,15.82,15.82,14.63,15.31,23750
2018-05-23 07:00:00,15.65,15.65,15.48,15.48,1240
2018-05-24 07:00:00,15.62,15.62,15.48,15.59,600
2018-05-25 07:00:00,15.48,15.57,14.63,15.28,19400
2018-05-28 07:00:00,15.48,15.48,14.8,14.97,3250
2018-05-29 07:00:00,14.97,15.62,14.96,15.57,1540
2018-05-30 07:00:00,16.15,16.15,15.11,15.62,2740
2018-05-31 07:00:00,15.89,15.99,15.65,15.99,9550
2018-06-01 07:00:00,15.99,16.16,15.99,16.13,1510
2018-06-04 07:00:00,16.13,16.2,15.99,16.13,2320
2018-06-05 07:00:00,16.06,16.06,15.99,16.06,3360
2018-06-06 07:00:00,16.03,16.06,15.96,16.06,3000
2018-06-07 07:00:00,15.99,16.06,15.93,16.03,4070
2018-06-08 07:00:00,16.03,16.06,16.01,16.01,12250
2018-06-11 07:00:00,15.65,16.13,15.31,15.31,104480
2018-06-12 07:00:00,15.98,15.98,15.35,15.98,10270
2018-06-13 07:00:00,15.69,16.03,15.69,16.03,2180
2018-06-14 07:00:00,16.89,16.89,16.48,16.48,16810
2018-06-15 07:00:00,16.52,16.52,16.44,16.44,2030
2018-06-18 07:00:00,16.48,16.48,16.33,16.42,600
2018-06-19 07:00:00,16.29,16.29,16.03,16.03,11690
2018-06-20 07:00:00,16.05,17.11,15.99,17.11,5550
2018-06-21 07:00:00,16.85,16.85,16.05,16.85,920
2018-06-25 07:00:00,16.31,16.66,16.31,16.59,7400
2018-06-26 07:00:00,16.29,16.29,16.1,16.29,2870
2018-06-27 07:00:00,16.48,16.59,16.14,16.59,5320
2018-06-28 07:00:00,16.29,16.48,16.18,16.46,1720
2018-06-29 07:00:00,16.36,16.48,16.29,16.29,1700
2018-07-02 07:00:00,16.1,16.14,15.73,16.14,9590
2018-07-03 07:00:00,15.92,16.27,15.73,16.25,6620
2018-07-04 07:00:00,16.25,16.25,15.92,16.1,1900
2018-07-05 07:00:00,16.25,16.25,15.73,16.14,11140
2018-07-06 07:00:00,16.14,16.16,15.73,16.14,9880
2018-07-09 07:00:00,15.75,16.18,15.73,16.16,370
2018-07-10 07:00:00,15.95,16.23,15.95,16.23,890
2018-07-11 07:00:00,16.4,16.4,16.1,16.1,23890
2018-07-12 07:00:00,16.29,16.29,16.1,16.25,220
2018-07-13 07:00:00,15.95,16.29,15.95,16.27,13220
2018-07-16 07:00:00,16.12,16.25,16.12,16.25,210
2018-07-17 07:00:00,16.25,16.29,16.1,16.29,8360
2018-07-18 07:00:00,16.29,16.29,16.1,16.29,14070
2018-07-19 07:00:00,16.29,16.29,16.12,16.22,6940
2018-07-20 07:00:00,16.33,16.33,16.29,16.29,3700
2018-07-23 07:00:00,16.29,17.34,16.29,17.34,4960
2018-07-24 07:00:00,16.55,16.55,16.48,16.52,2140
2018-07-25 07:00:00,16.82,16.82,16.48,16.48,10580
2018-07-26 07:00:00,16.52,16.55,16.48,16.52,4790
2018-07-27 07:00:00,16.52,16.66,16.52,16.66,7710
2018-07-30 07:00:00,16.66,16.85,16.66,16.85,3570
2018-07-31 07:00:00,17.04,17.6,16.89,17.49,1390
2018-08-01 07:00:00,17.49,17.53,17.23,17.49,3790
2018-08-02 07:00:00,17.45,17.45,17.23,17.45,3620
2018-08-03 07:00:00,17.45,17.53,17.45,17.53,1070
2018-08-06 07:00:00,16.68,18.0,16.68,17.51,2800
2018-08-07 07:00:00,17.21,17.21,17.06,17.14,2730
2018-08-08 07:00:00,17.21,17.21,16.86,16.86,870
2018-08-09 07:00:00,16.9,17.0,16.74,16.82,6600
2018-08-10 07:00:00,16.74,16.74,16.43,16.43,24560
2018-08-13 07:00:00,16.43,16.82,16.24,16.47,9410
2018-08-14 07:00:00,16.43,16.78,16.43,16.51,1830
2018-08-15 07:00:00,16.51,16.78,16.51,16.65,4430
2018-08-16 07:00:00,16.47,16.78,16.47,16.49,1810
2018-08-17 07:00:00,16.55,16.82,16.47,16.82,2220
2018-08-20 07:00:00,16.82,16.82,16.24,16.76,3690
2018-08-21 07:00:00,16.43,16.72,16.43,16.47,1590
2018-08-22 07:00:00,16.78,16.78,16.47,16.51,3360
2018-08-23 07:00:00,16.74,16.74,16.47,16.74,18940
2018-08-24 07:00:00,16.59,16.82,16.59,16.82,5560
2018-08-27 07:00:00,16.82,16.82,16.7,16.7,3140
2018-08-28 07:00:00,16.43,16.98,16.43,16.78,1500
2018-08-29 07:00:00,16.63,16.78,16.63,16.63,1120
2018-08-30 07:00:00,16.82,16.82,16.59,16.59,560
2018-08-31 07:00:00,16.59,16.82,16.59,16.66,900
2018-09-04 07:00:00,16.66,16.74,16.43,16.74,9430
2018-09-05 07:00:00,16.7,16.74,16.43,16.55,960
2018-09-06 07:00:00,16.63,16.82,16.55,16.82,10890
2018-09-07 07:00:00,16.78,16.82,16.27,16.43,1220
2018-09-10 07:00:00,16.43,16.74,16.43,16.7,170
2018-09-11 07:00:00,16.63,16.7,16.63,16.7,220
2018-09-12 07:00:00,16.63,16.78,16.45,16.45,5740
2018-09-13 07:00:00,16.78,16.78,16.55,16.55,1140
2018-09-14 07:00:00,16.76,16.76,16.59,16.59,160
2018-09-17 07:00:00,16.78,16.78,16.59,16.59,30
2018-09-18 07:00:00,16.59,16.74,16.55,16.74,5360
2018-09-19 07:00:00,16.74,16.74,16.74,16.74,710
2018-09-20 07:00:00,16.74,17.9,16.74,16.9,20830
2018-09-21 07:00:00,16.9,17.6,16.82,16.9,1500
2018-09-24 07:00:00,16.9,17.21,16.9,16.94,3820
2018-09-25 07:00:00,17.02,17.21,16.9,17.17,2040
2018-09-26 07:00:00,17.02,17.17,16.94,16.94,2930
2018-09-27 07:00:00,17.02,17.45,16.94,17.37,24680
2018-09-28 07:00:00,17.57,17.57,17.37,17.57,1660
2018-10-01 07:00:00,17.68,17.8,17.21,17.68,3590
2018-10-02 07:00:00,17.21,17.68,17.21,17.6,6720
2018-10-03 07:00:00,17.6,17.6,17.21,17.6,9990
2018-10-04 07:00:00,17.53,17.6,17.53,17.53,2600
2018-10-05 07:00:00,17.57,17.57,17.21,17.53,2300
2018-10-08 07:00:00,17.53,17.53,17.47,17.53,850
2018-10-09 07:00:00,17.06,17.51,17.06,17.51,210
2018-10-10 07:00:00,17.04,18.72,17.04,18.54,14780
2018-10-11 07:00:00,17.45,18.39,17.33,17.9,2060
2018-10-12 07:00:00,17.25,18.19,17.25,18.19,5560
2018-10-15 07:00:00,18.04,18.31,17.25,18.19,17030
2018-10-16 07:00:00,17.6,18.19,17.6,18.19,320
2018-10-17 07:00:00,17.45,18.15,17.45,18.15,520
2018-10-18 07:00:00,18.15,18.15,17.6,18.11,90
2018-10-19 07:00:00,17.41,18.09,17.41,18.0,600
2018-10-22 07:00:00,17.37,17.96,17.25,17.41,13400
2018-10-23 07:00:00,17.68,18.0,17.21,17.72,2530
2018-10-24 07:00:00,17.53,17.58,17.53,17.58,40
2018-10-25 07:00:00,17.57,17.57,17.21,17.57,1080
2018-10-26 07:00:00,17.6,17.6,17.21,17.41,6850
2018-10-29 07:00:00,17.53,17.53,17.25,17.41,400
2018-10-30 07:00:00,17.21,17.37,17.21,17.37,3200
2018-10-31 07:00:00,17.33,17.41,17.33,17.41,20
2018-11-01 07:00:00,17.41,17.41,17.21,17.21,3700
2018-11-02 07:00:00,17.37,17.37,17.29,17.29,150
2018-11-05 07:00:00,17.33,17.33,17.21,17.21,440
2018-11-06 07:00:00,17.21,17.21,17.02,17.14,2080
2018-11-07 07:00:00,17.21,17.21,17.17,17.17,360
2018-11-08 07:00:00,17.41,17.41,17.21,17.21,1010
2018-11-09 07:00:00,17.41,18.0,17.06,17.06,3050
2018-11-12 07:00:00,17.96,17.96,16.84,17.21,80
2018-11-13 07:00:00,17.17,17.21,16.98,17.21,4510
2018-11-14 07:00:00,17.29,17.29,17.14,17.14,4720
2018-11-15 07:00:00,17.19,17.41,17.06,17.14,12170
2018-11-16 07:00:00,17.1,17.49,17.1,17.41,5160
2018-11-19 07:00:00,16.98,17.41,16.98,17.17,1070
2018-11-20 07:00:00,17.02,17.17,17.02,17.17,1290
2018-11-21 07:00:00,17.14,17.17,17.14,17.17,1930
2018-11-22 07:00:00,17.33,17.33,17.14,17.14,3670
2018-11-23 07:00:00,17.14,17.21,17.14,17.21,1190
2018-11-26 07:00:00,17.21,17.21,16.82,17.14,2350
2018-11-27 07:00:00,17.21,17.21,17.1,17.17,1640
2018-11-28 07:00:00,17.17,17.17,17.14,17.17,11160
2018-11-29 07:00:00,17.17,17.17,17.17,17.17,300
2018-11-30 07:00:00,17.14,17.21,17.02,17.21,1920
2018-12-03 07:00:00,17.21,17.21,17.21,17.21,260
2018-12-04 07:00:00,17.33,17.33,17.06,17.21,1250
2018-12-05 07:00:00,17.21,17.21,17.14,17.21,3230
2018-12-06 07:00:00,17.21,17.21,17.14,17.21,4800
2018-12-07 07:00:00,17.21,17.21,17.14,17.21,1520
2018-12-10 07:00:00,17.21,17.21,17.17,17.19,5550
2018-12-11 07:00:00,16.82,17.02,16.08,16.24,55310
2018-12-12 07:00:00,16.24,16.24,15.69,16.04,54250
2018-12-13 07:00:00,16.65,16.65,16.24,16.61,10000
2018-12-14 07:00:00,16.61,17.03,16.24,16.85,18910
2018-12-17 07:00:00,16.65,17.26,16.51,17.03,31090
2018-12-18 07:00:00,17.06,17.06,16.65,17.03,3180
2018-12-19 07:00:00,17.06,17.06,16.65,17.01,3050
2018-12-20 07:00:00,16.99,18.11,16.85,17.06,53240
2018-12-21 07:00:00,17.18,17.26,16.73,17.06,1190
2018-12-24 07:00:00,17.06,17.06,16.69,17.01,3250
2018-12-25 07:00:00,16.65,18.03,16.65,17.06,72890
2018-12-26 07:00:00,17.26,17.26,16.93,17.06,4290
2018-12-27 07:00:00,17.22,17.24,16.97,16.97,7270
2018-12-28 07:00:00,16.89,16.89,16.24,16.85,65860
2019-01-02 07:00:00,16.85,16.85,16.45,16.85,930
2019-01-03 07:00:00,16.45,16.85,16.28,16.77,1370
2019-01-04 07:00:00,16.77,16.77,16.53,16.65,4580
2019-01-07 07:00:00,16.32,16.65,16.24,16.65,10420
2019-01-08 07:00:00,16.39,16.65,16.39,16.57,380
2019-01-09 07:00:00,16.45,16.65,16.34,16.34,4670
2019-01-10 07:00:00,16.34,16.63,16.34,16.49,2460
2019-01-11 07:00:00,16.49,16.49,16.24,16.24,21840
2019-01-14 07:00:00,16.24,16.57,16.12,16.2,20860
2019-01-15 07:00:00,16.24,16.4,16.2,16.36,3150
2019-01-16 07:00:00,16.51,16.51,16.24,16.39,4050
2019-01-17 07:00:00,16.2,16.36,16.2,16.36,2510
2019-01-18 07:00:00,16.24,16.24,16.24,16.24,7540
2019-01-21 07:00:00,16.24,16.39,15.84,16.24,2890
2019-01-22 07:00:00,15.96,16.24,15.96,16.24,1140
2019-01-23 07:00:00,16.24,16.24,15.92,15.92,3650
2019-01-24 07:00:00,16.28,16.28,15.92,15.96,3400
2019-01-25 07:00:00,16.22,16.22,15.92,16.04,260
2019-01-28 07:00:00,16.28,16.28,16.16,16.16,150
2019-01-29 07:00:00,16.04,16.16,15.88,15.92,4150
2019-01-30 07:00:00,16.24,16.24,16.0,16.2,760
2019-01-31 07:00:00,16.24,16.24,16.12,16.12,830
2019-02-01 07:00:00,16.24,16.65,16.24,16.24,4180
2019-02-11 07:00:00,16.24,16.53,16.12,16.36,3600
2019-02-12 07:00:00,16.36,16.53,16.14,16.36,8050
2019-02-13 07:00:00,16.36,16.36,16.16,16.16,5060
2019-02-14 07:00:00,16.45,16.45,16.18,16.24,1380
2019-02-15 07:00:00,16.28,16.53,16.22,16.45,2600
2019-02-18 07:00:00,16.45,16.53,16.24,16.51,800
2019-02-19 07:00:00,16.51,16.51,15.88,16.4,25130
2019-02-20 07:00:00,16.4,16.4,16.12,16.12,7170
2019-02-21 07:00:00,16.39,16.39,16.06,16.06,4180
2019-02-22 07:00:00,15.84,16.24,15.84,16.22,1610
2019-02-25 07:00:00,16.22,16.22,16.0,16.04,7330
2019-02-26 07:00:00,16.04,16.22,16.04,16.04,4540
2019-02-27 07:00:00,16.04,16.12,15.88,16.04,5140
2019-02-28 07:00:00,15.92,16.04,15.92,16.04,4090
2019-03-01 07:00:00,16.16,16.16,15.92,16.04,2830
2019-03-04 07:00:00,16.04,16.04,15.88,16.0,10480
2019-03-05 07:00:00,16.0,16.04,15.9,16.0,5180
2019-03-06 07:00:00,16.02,16.08,16.0,16.04,12460
2019-03-07 07:00:00,16.04,16.2,16.04,16.16,6750
2019-03-08 07:00:00,16.16,16.24,16.14,16.24,7380
2019-03-11 07:00:00,16.24,16.28,16.16,16.24,5340
2019-03-12 07:00:00,16.45,16.45,16.26,16.45,910
2019-03-13 07:00:00,16.57,16.65,16.45,16.57,2440
2019-03-14 07:00:00,16.57,16.85,16.57,16.81,5920
2019-03-15 07:00:00,16.81,16.81,16.45,16.79,1500
2019-03-18 07:00:00,16.57,16.79,16.57,16.61,3100
2019-03-19 07:00:00,16.99,16.99,16.53,16.65,3210
2019-03-20 07:00:00,16.75,16.75,16.65,16.71,1630
2019-03-21 07:00:00,16.73,16.75,16.65,16.65,1670
2019-03-22 07:00:00,16.65,16.73,16.65,16.69,3310
2019-03-25 07:00:00,16.24,16.69,16.24,16.69,1510
2019-03-26 07:00:00,16.24,16.65,16.24,16.45,740
2019-03-27 07:00:00,17.46,17.46,16.28,16.93,970
2019-03-28 07:00:00,16.73,16.77,16.73,16.77,100
2019-03-29 07:00:00,16.77,16.77,16.53,16.77,2570
2019-04-01 07:00:00,16.53,16.73,16.24,16.65,2740
2019-04-02 07:00:00,16.65,16.65,16.49,16.65,1930
2019-04-03 07:00:00,16.49,16.65,16.32,16.61,1570
2019-04-04 07:00:00,16.61,16.61,16.57,16.57,760
2019-04-05 07:00:00,16.69,16.69,16.49,16.65,40
2019-04-08 07:00:00,16.53,16.61,16.45,16.61,1210
2019-04-09 07:00:00,16.47,16.47,16.24,16.28,2070
2019-04-10 07:00:00,16.57,16.57,16.24,16.45,7650
2019-04-11 07:00:00,16.61,16.65,16.4,16.4,510
2019-04-12 07:00:00,16.4,16.65,16.24,16.45,1020
2019-04-16 07:00:00,16.65,17.06,16.45,16.63,270
2019-04-17 07:00:00,16.49,16.65,16.45,16.61,4760
2019-04-18 07:00:00,16.53,16.53,16.28,16.45,2050
2019-04-19 07:00:00,16.65,16.65,16.53,16.61,230
2019-04-22 07:00:00,16.45,16.65,15.51,15.72,34130
2019-04-23 07:00:00,15.72,16.45,15.51,16.22,8630
2019-04-24 07:00:00,16.2,16.45,15.63,16.22,6240
2019-04-25 07:00:00,16.14,16.4,15.86,16.22,3290
2019-04-26 07:00:00,16.06,16.24,16.0,16.2,6670
2019-05-02 07:00:00,16.18,16.2,16.03,16.2,3100
2019-05-03 07:00:00,16.03,16.2,16.03,16.18,1220
2019-05-06 07:00:00,16.18,16.18,15.82,16.12,31060
2019-05-07 07:00:00,16.12,16.62,16.03,16.62,8190
2019-05-08 07:00:00,16.24,16.62,16.24,16.43,710
2019-05-09 07:00:00,16.03,16.41,15.82,16.41,5010
2019-05-10 07:00:00,16.45,16.62,16.12,16.41,270
2019-05-13 07:00:00,16.5,16.58,16.37,16.37,4120
2019-05-14 07:00:00,16.24,16.37,16.03,16.29,2930
2019-05-15 07:00:00,16.45,16.45,16.08,16.41,1360
2019-05-16 07:00:00,16.45,16.62,16.08,16.2,2450
2019-05-17 07:00:00,16.45,16.45,16.2,16.41,1400
2019-05-20 07:00:00,16.41,16.45,16.37,16.45,2410
2019-05-21 07:00:00,16.41,16.41,16.39,16.39,400
2019-05-22 07:00:00,16.41,16.41,16.29,16.41,5900
2019-05-23 07:00:00,16.41,16.41,16.29,16.37,7560
2019-05-24 07:00:00,16.37,16.37,16.24,16.24,3550
2019-05-27 07:00:00,16.45,16.45,16.29,16.41,4050
2019-05-28 07:00:00,16.67,16.67,16.39,16.39,100
2019-05-29 07:00:00,16.39,16.39,16.2,16.24,2260
2019-05-30 07:00:00,16.24,16.24,16.24,16.24,11090
2019-05-31 07:00:00,16.29,16.43,16.2,16.24,4690
2019-06-03 07:00:00,16.41,16.45,16.03,16.43,4070
2019-06-04 07:00:00,16.75,16.75,16.03,16.45,5230
2019-06-05 07:00:00,16.08,16.45,16.08,16.41,21360
2019-06-06 07:00:00,16.41,16.41,16.08,16.37,28950
2019-06-10 07:00:00,16.37,16.37,16.16,16.33,1560
2019-06-11 07:00:00,16.33,16.33,16.33,16.33,50
2019-06-12 07:00:00,16.33,16.33,16.24,16.29,13520
2019-06-13 07:00:00,16.24,16.37,16.1,16.29,330
2019-06-14 07:00:00,16.29,16.41,16.2,16.33,270
2019-06-17 07:00:00,16.12,16.45,16.12,16.33,310
2019-06-18 07:00:00,16.29,16.33,16.24,16.33,6920
2019-06-19 07:00:00,16.33,16.33,16.16,16.33,310
2019-06-20 07:00:00,16.33,16.33,16.2,16.24,2130
2019-06-21 07:00:00,16.24,16.24,16.12,16.2,5370
2019-06-24 07:00:00,16.2,16.24,16.2,16.24,4140
2019-06-25 07:00:00,16.24,16.24,16.12,16.2,5110
2019-06-26 07:00:00,16.2,16.24,16.1,16.1,4960
2019-06-27 07:00:00,16.24,16.24,16.08,16.2,3390
2019-06-28 07:00:00,16.2,16.2,16.08,16.18,3030
2019-07-01 07:00:00,16.12,16.24,16.12,16.2,1910
2019-07-02 07:00:00,16.2,16.2,16.08,16.12,11990
2019-07-03 07:00:00,16.16,16.2,16.12,16.2,9370
2019-07-04 07:00:00,16.2,16.62,16.16,16.2,1530
2019-07-05 07:00:00,16.45,16.45,16.2,16.24,2390
2019-07-08 07:00:00,16.24,16.41,16.24,16.24,6600
2019-07-09 07:00:00,16.45,17.05,16.18,16.29,27810
2019-07-10 07:00:00,16.24,16.24,16.2,16.2,10770
2019-07-11 07:00:00,16.2,16.29,16.2,16.29,190
2019-07-12 07:00:00,16.33,16.33,15.91,16.24,83400
2019-07-15 07:00:00,16.33,16.29,16.24,16.24,5010
2019-07-16 07:00:00,16.24,16.24,16.16,16.16,5160
2019-07-17 07:00:00,16.12,16.29,16.03,16.18,7550
2019-07-18 07:00:00,16.08,16.26,15.99,16.22,4320
2019-07-19 07:00:00,16.01,16.22,16.01,16.22,140
2019-07-22 07:00:00,15.86,16.1,15.82,16.03,9100
2019-07-23 07:00:00,16.03,16.08,16.03,16.03,940
2019-07-24 07:00:00,16.12,16.12,16.03,16.08,2580
2019-07-25 07:00:00,16.03,16.1,16.03,16.1,980
2019-07-26 07:00:00,16.1,16.22,15.99,16.1,410
2019-07-29 07:00:00,16.16,16.16,16.03,16.16,800
2019-07-30 07:00:00,16.16,16.16,16.08,16.08,1620
2019-07-31 07:00:00,16.05,16.05,15.99,16.01,660
2019-08-01 07:00:00,15.99,16.08,15.99,15.99,1530
2019-08-02 07:00:00,16.12,16.12,15.95,15.95,540
2019-08-05 07:00:00,16.2,16.2,16.03,16.03,280
2019-08-06 07:00:00,15.95,16.2,15.7,16.03,3010
2019-08-07 07:00:00,15.95,16.01,15.93,15.99,850
2019-08-08 07:00:00,15.95,16.03,15.95,15.95,920
2019-08-09 07:00:00,15.95,15.95,15.95,15.95,360
2019-08-12 07:00:00,16.03,16.03,15.19,15.95,3320
2019-08-13 07:00:00,16.03,16.33,15.82,15.95,12390
2019-08-14 07:00:00,16.24,16.24,15.86,15.95,5690
2019-08-15 07:00:00,15.91,16.12,15.91,16.12,2320
2019-08-16 07:00:00,16.2,16.2,16.2,16.2,10
2019-08-19 07:00:00,16.03,16.33,16.03,16.2,6100
2019-08-20 07:00:00,15.95,16.18,15.91,16.18,670
2019-08-21 07:00:00,16.18,16.18,16.18,16.18,50
2019-08-22 07:00:00,16.16,16.16,16.03,16.16,3600
2019-08-23 07:00:00,16.08,16.14,15.82,15.82,1010
2019-08-26 07:00:00,16.03,16.2,15.86,16.01,270
2019-08-27 07:00:00,16.03,16.18,15.99,16.03,2470
2019-08-28 07:00:00,15.84,16.14,15.82,16.14,820
2019-08-29 07:00:00,16.14,16.14,16.03,16.12,2380
2019-08-30 07:00:00,16.03,16.12,15.61,16.03,8150
2019-09-03 07:00:00,16.2,16.2,16.03,16.03,120
2019-09-04 07:00:00,16.2,16.03,15.74,15.95,880
2019-09-05 07:00:00,15.63,16.03,15.63,16.03,1220
2019-09-06 07:00:00,16.03,16.03,15.97,15.97,80
2019-09-09 07:00:00,15.99,15.99,15.32,15.32,8510
2019-09-10 07:00:00,15.95,15.95,14.77,15.53,2770
2019-09-11 07:00:00,15.53,15.53,15.44,15.53,2720
2019-09-12 07:00:00,15.4,15.61,15.19,15.55,12420
2019-09-13 07:00:00,15.55,15.55,15.19,15.51,15250
2019-09-16 07:00:00,15.44,15.44,15.19,15.38,8050
2019-09-17 07:00:00,15.23,15.23,15.15,15.15,5790
2019-09-18 07:00:00,15.32,15.32,15.15,15.15,460
2019-09-19 07:00:00,15.0,15.0,14.77,14.94,5940
2019-09-20 07:00:00,14.85,14.94,14.72,14.72,9000
2019-09-23 07:00:00,15.57,15.57,14.68,14.94,510
2019-09-24 07:00:00,15.25,15.25,14.85,14.92,16220
2019-09-25 07:00:00,15.15,15.15,14.72,14.77,9730
2019-09-26 07:00:00,14.77,14.77,14.72,14.72,6710
2019-09-27 07:00:00,14.72,14.72,14.56,14.6,5310
2019-09-30 07:00:00,14.94,14.94,14.68,14.72,2030
2019-10-01 07:00:00,14.77,14.77,14.72,14.72,1710
2019-10-02 07:00:00,15.4,15.4,14.64,14.64,8520
2019-10-03 07:00:00,14.64,15.19,14.64,14.77,18630
2019-10-04 07:00:00,14.77,14.77,14.6,14.72,6140
2019-10-07 07:00:00,14.94,15.27,14.6,14.72,4230
2019-10-08 07:00:00,14.72,14.72,14.64,14.72,140
2019-10-09 07:00:00,14.68,14.68,14.68,14.68,1630
2019-10-10 07:00:00,14.68,14.68,14.68,14.68,680
2019-10-11 07:00:00,14.68,14.68,14.56,14.56,1330
2019-10-14 07:00:00,14.6,14.6,14.56,14.56,2170
2019-10-15 07:00:00,14.56,15.57,14.56,14.98,4010
2019-10-16 07:00:00,15.19,15.57,14.68,14.68,1290
2019-10-17 07:00:00,14.68,14.77,14.68,14.68,1180
2019-10-18 07:00:00,14.64,14.77,14.6,14.77,2620
2019-10-21 07:00:00,14.64,14.77,14.6,14.6,170
2019-10-22 07:00:00,14.56,14.56,14.39,14.56,2660
2019-10-23 07:00:00,14.51,14.56,14.43,14.47,4330
2019-10-24 07:00:00,14.47,14.47,13.76,13.92,23630
2019-10-25 07:00:00,13.92,13.92,13.0,13.08,29200
2019-10-28 07:00:00,13.08,13.29,13.08,13.12,17980
2019-10-29 07:00:00,13.5,13.5,13.08,13.08,24420
2019-10-30 07:00:00,13.08,13.29,13.08,13.08,10970
2019-10-31 07:00:00,13.08,13.08,12.7,12.74,18140
2019-11-01 07:00:00,12.68,12.87,12.45,12.53,24410
2019-11-04 07:00:00,12.64,12.66,12.45,12.57,26350
2019-11-05 07:00:00,12.66,12.66,12.57,12.62,23850
2019-11-06 07:00:00,12.66,13.46,12.64,12.66,79500
2019-11-07 07:00:00,13.0,13.08,12.74,13.08,23830
2019-11-08 07:00:00,13.08,13.16,13.0,13.0,78000
2019-11-11 07:00:00,13.04,13.46,13.0,13.08,36340
2019-11-12 07:00:00,13.08,13.99,13.0,13.97,37650
2019-11-13 07:00:00,13.99,13.99,13.5,13.63,15570
2019-11-14 07:00:00,13.84,14.18,13.5,14.05,74710
2019-11-15 07:00:00,13.92,14.18,13.92,14.11,26460
2019-11-18 07:00:00,14.11,14.11,13.67,13.97,14980
2019-11-19 07:00:00,14.09,14.11,13.92,13.97,30890
2019-11-20 07:00:00,14.01,14.01,13.92,13.97,7740
2019-11-21 07:00:00,13.92,13.97,13.71,13.9,1610
2019-11-22 07:00:00,13.9,13.92,13.5,13.88,11640
2019-11-25 07:00:00,13.46,13.9,13.46,13.88,16130
2019-11-26 07:00:00,13.88,13.88,13.5,13.76,12720
2019-11-27 07:00:00,13.63,13.76,13.63,13.76,9580
2019-11-28 07:00:00,13.71,13.76,13.63,13.76,9330
2019-11-29 07:00:00,13.71,13.82,13.5,13.8,8010
2019-12-02 07:00:00,13.71,13.76,13.71,13.73,8210
2019-12-03 07:00:00,13.73,13.73,13.5,13.67,17490
2019-12-04 07:00:00,13.71,13.71,13.67,13.67,2100
2019-12-05 07:00:00,13.65,13.65,13.5,13.63,1270
2019-12-06 07:00:00,13.59,13.63,13.5,13.63,4190
2019-12-09 07:00:00,13.63,13.63,13.44,13.59,7400
2019-12-10 07:00:00,13.0,13.08,12.66,12.95,94250
2019-12-11 07:00:00,12.78,13.16,12.78,13.08,14160
2019-12-12 07:00:00,13.08,13.16,12.95,13.16,8120
2019-12-13 07:00:00,13.16,13.21,13.0,13.21,13500
2019-12-16 07:00:00,13.21,13.5,13.08,13.5,13620
2019-12-17 07:00:00,14.4,14.4,13.32,13.41,4640
2019-12-18 07:00:00,13.41,13.41,13.14,13.32,3030
2019-12-19 07:00:00,13.32,13.32,13.05,13.32,4760
2019-12-20 07:00:00,12.96,13.32,12.83,13.28,4710
2019-12-23 07:00:00,12.83,13.28,12.69,13.14,3360
2019-12-24 07:00:00,13.05,13.05,12.96,13.05,1710
2019-12-25 07:00:00,12.83,13.86,12.83,13.05,2880
2019-12-26 07:00:00,13.23,13.28,12.85,13.16,2750
2019-12-27 07:00:00,13.16,13.41,12.96,13.41,3200
2019-12-30 07:00:00,13.41,13.41,13.05,13.19,4380
2019-12-31 07:00:00,13.37,13.37,13.12,13.23,3830
2020-01-02 07:00:00,13.23,13.23,13.07,13.19,2930
2020-01-03 07:00:00,13.25,13.25,13.07,13.23,3730
2020-01-06 07:00:00,13.23,13.23,12.85,13.19,2660
2020-01-07 07:00:00,13.19,13.23,13.05,13.23,4700
2020-01-08 07:00:00,13.19,13.37,13.19,13.37,9240
2020-01-09 07:00:00,13.66,13.66,13.07,13.5,2580
2020-01-10 07:00:00,13.12,13.73,13.12,13.5,4140
2020-01-13 07:00:00,13.55,13.55,13.55,13.55,500
2020-01-14 07:00:00,13.07,13.32,13.05,13.32,5300
2020-01-15 07:00:00,13.32,13.32,13.05,13.05,7740
2020-01-16 07:00:00,13.25,13.25,13.05,13.25,3620
2020-01-17 07:00:00,13.32,13.32,13.19,13.19,770
2020-01-20 07:00:00,13.05,13.46,13.05,13.46,780
2020-01-21 07:00:00,13.07,14.09,13.07,13.73,4810
2020-01-22 07:00:00,13.73,13.95,13.73,13.95,850
2020-01-30 07:00:00,14.09,14.09,13.5,13.91,3020
2020-01-31 07:00:00,13.91,13.91,12.96,13.1,9550
2020-02-03 07:00:00,12.96,12.96,12.6,12.87,3960
2020-02-04 07:00:00,12.83,13.01,12.38,12.6,16970
2020-02-05 07:00:00,13.05,13.05,11.93,12.6,4690
2020-02-06 07:00:00,13.05,13.05,12.83,13.05,2220
2020-02-07 07:00:00,13.28,13.28,12.69,13.16,19220
2020-02-10 07:00:00,13.16,13.16,12.6,13.01,12750
2020-02-11 07:00:00,12.89,13.01,12.89,13.01,2630
2020-02-12 07:00:00,12.78,13.01,12.65,13.01,21080
2020-02-13 07:00:00,12.83,13.28,12.83,12.92,1900
2020-02-14 07:00:00,12.83,12.83,12.83,12.83,1980
2020-02-17 07:00:00,12.83,13.19,12.69,12.78,3000
2020-02-18 07:00:00,12.69,12.78,12.69,12.74,2800
2020-02-19 07:00:00,13.01,13.01,12.69,12.96,1130
2020-02-20 07:00:00,12.74,13.03,12.74,12.96,5390
2020-02-21 07:00:00,12.96,13.46,12.92,13.05,7730
2020-02-24 07:00:00,12.69,12.96,12.6,12.69,6510
2020-02-25 07:00:00,12.6,12.83,12.33,12.83,3100
2020-02-26 07:00:00,12.6,12.83,12.6,12.83,1020
2020-02-27 07:00:00,12.6,12.83,12.22,12.83,600
2020-02-28 07:00:00,12.69,12.69,12.51,12.51,3070
2020-03-02 07:00:00,12.4,12.6,12.38,12.6,2410
2020-03-03 07:00:00,12.4,12.83,12.4,12.83,1600
2020-03-04 07:00:00,12.74,12.74,12.6,12.62,7850
2020-03-05 07:00:00,12.78,12.83,12.53,12.53,8760
2020-03-06 07:00:00,12.51,12.51,12.42,12.42,13790
2020-03-09 07:00:00,12.42,12.42,11.79,12.15,14880
2020-03-10 07:00:00,11.93,12.11,11.5,11.5,48840
2020-03-11 07:00:00,11.5,12.08,11.09,11.21,21800
2020-03-12 07:00:00,10.49,11.61,10.44,11.48,11620
2020-03-13 07:00:00,10.69,10.69,10.69,10.69,16770
2020-03-16 07:00:00,11.23,11.23,10.35,10.98,1390
2020-03-17 07:00:00,10.71,10.71,10.22,10.22,44820
2020-03-18 07:00:00,10.22,10.8,10.22,10.26,2570
2020-03-19 07:00:00,10.35,10.58,10.22,10.26,27990
2020-03-20 07:00:00,10.35,10.49,10.22,10.26,31440
2020-03-23 07:00:00,10.22,10.22,9.56,9.56,16810
2020-03-24 07:00:00,9.59,9.68,9.5,9.54,11270
2020-03-25 07:00:00,9.59,10.13,9.54,9.68,8590
2020-03-26 07:00:00,10.13,10.13,9.5,9.86,5200
2020-03-27 07:00:00,9.86,10.31,9.86,9.88,22170
2020-03-30 07:00:00,9.86,10.24,9.32,10.08,6830
2020-03-31 07:00:00,10.26,10.26,9.38,9.79,26320
2020-04-01 07:00:00,10.13,10.13,9.68,9.9,2820
2020-04-03 07:00:00,10.31,10.31,9.59,10.26,18140
2020-04-06 07:00:00,10.31,10.33,10.08,10.31,10030
2020-04-07 07:00:00,10.8,10.8,10.35,10.58,110270
2020-04-08 07:00:00,10.49,10.98,10.13,10.71,25340
2020-04-09 07:00:00,10.94,11.21,10.8,11.18,58750
2020-04-10 07:00:00,10.62,11.18,10.62,10.89,9230
2020-04-13 07:00:00,11.12,11.12,10.8,10.8,17620
2020-04-14 07:00:00,10.8,11.12,10.8,11.03,28670
2020-04-15 07:00:00,11.0,11.03,10.89,11.03,34110
2020-04-16 07:00:00,10.87,11.16,10.85,11.16,16730
2020-04-17 07:00:00,11.12,11.52,11.03,11.25,53130
2020-04-20 07:00:00,11.21,11.25,11.03,11.25,33990
2020-04-21 07:00:00,11.25,11.52,11.16,11.39,71760
2020-04-22 07:00:00,11.16,11.93,11.16,11.9,22160
2020-04-23 07:00:00,11.93,11.93,11.7,11.93,3600
2020-04-24 07:00:00,11.93,12.15,11.93,11.97,23450
2020-04-27 07:00:00,12.06,12.6,11.97,12.6,21870
2020-04-28 07:00:00,12.38,12.58,12.06,12.56,6820
2020-04-29 07:00:00,12.31,12.58,12.29,12.31,10850
2020-05-04 07:00:00,12.15,12.31,11.93,12.15,4990
2020-05-05 07:00:00,12.2,12.2,12.06,12.11,1630
2020-05-06 07:00:00,12.44,12.44,11.93,12.06,6590
2020-05-07 07:00:00,12.06,12.11,11.95,12.06,8500
2020-05-08 07:00:00,12.06,12.15,12.06,12.15,7440
2020-05-11 07:00:00,12.15,12.38,12.15,12.24,5780
2020-05-12 07:00:00,12.24,12.33,12.15,12.24,7520
2020-05-13 07:00:00,12.2,12.29,12.11,12.24,11950
2020-05-14 07:00:00,12.15,12.24,12.15,12.24,5260
2020-05-15 07:00:00,12.24,12.26,12.15,12.15,5140
2020-05-18 07:00:00,12.15,12.83,12.15,12.15,7090
2020-05-19 07:00:00,12.47,12.6,12.47,12.51,550
2020-05-20 07:00:00,12.56,12.56,12.33,12.49,6760
2020-05-21 07:00:00,12.76,12.76,12.38,12.47,5780
2020-05-22 07:00:00,12.42,12.42,12.24,12.33,12910
2020-05-25 07:00:00,12.42,13.07,12.42,13.07,25950
2020-05-26 07:00:00,13.14,13.46,12.96,13.46,28520
2020-05-27 07:00:00,13.57,13.84,13.57,13.73,62560
2020-05-28 07:00:00,13.37,13.7,13.37,13.5,20000
2020-05-29 07:00:00,13.55,13.55,13.37,13.55,27000
2020-06-01 07:00:00,13.55,13.59,13.05,13.55,20410
2020-06-02 07:00:00,13.5,13.59,13.37,13.55,16820
2020-06-03 07:00:00,14.32,14.32,13.6,13.88,16530
2020-06-04 07:00:00,13.16,13.64,13.16,13.6,9070
2020-06-05 07:00:00,13.5,13.69,13.5,13.67,6160
2020-06-08 07:00:00,13.67,13.67,13.6,13.67,23690
2020-06-09 07:00:00,13.88,14.03,13.67,13.98,15300
2020-06-10 07:00:00,13.98,14.03,13.79,14.03,11280
2020-06-11 07:00:00,14.03,14.08,13.74,13.74,16090
2020-06-12 07:00:00,13.16,13.6,13.16,13.47,15980
2020-06-15 07:00:00,13.5,14.05,13.5,13.57,40220
2020-06-16 07:00:00,13.98,13.98,13.6,13.74,13760
2020-06-17 07:00:00,13.96,14.39,13.74,14.27,25070
2020-06-18 07:00:00,14.27,14.39,13.81,14.29,10810
2020-06-19 07:00:00,14.27,14.37,14.27,14.37,13480
2020-06-22 07:00:00,14.37,14.51,14.37,14.51,27530
2020-06-23 07:00:00,14.56,14.56,14.32,14.56,8470
2020-06-24 07:00:00,14.56,14.61,14.27,14.46,11420
2020-06-25 07:00:00,14.46,14.46,14.27,14.46,9340
2020-06-26 07:00:00,14.46,14.51,14.32,14.46,7590
2020-06-29 07:00:00,14.46,14.46,13.98,14.37,4340
2020-06-30 07:00:00,14.37,14.46,14.03,14.08,8580
2020-07-01 07:00:00,14.22,14.37,14.08,14.25,2040
2020-07-02 07:00:00,14.37,14.37,14.27,14.27,5900
2020-07-03 07:00:00,14.41,14.46,14.29,14.46,3400
2020-07-06 07:00:00,14.46,14.46,14.34,14.46,9080
2020-07-07 07:00:00,14.46,14.51,14.46,14.46,5490
2020-07-08 07:00:00,14.46,14.49,14.32,14.46,7930
2020-07-09 07:00:00,14.46,14.58,14.46,14.58,10670
2020-07-10 07:00:00,14.49,14.68,14.49,14.58,1330
2020-07-13 07:00:00,14.58,14.61,14.56,14.58,3330
2020-07-14 07:00:00,14.56,14.7,14.56,14.7,9940
2020-07-15 07:00:00,14.7,14.7,14.56,14.66,11020
2020-07-16 07:00:00,14.7,15.19,14.61,15.06,24850
2020-07-17 07:00:00,15.62,15.62,15.19,15.4,1910
2020-07-20 07:00:00,15.52,15.52,14.94,15.33,2370
2020-07-21 07:00:00,14.85,15.04,14.56,15.04,40430
2020-07-22 07:00:00,14.66,14.94,14.46,14.9,37160
2020-07-23 07:00:00,14.25,14.85,14.25,14.66,4700
2020-07-24 07:00:00,14.27,14.66,14.15,14.46,48900
2020-07-27 07:00:00,14.03,14.27,13.45,13.67,117720
2020-07-28 07:00:00,13.67,14.22,13.5,14.17,13590
2020-07-29 07:00:00,14.15,14.22,13.62,14.2,9510
2020-07-30 07:00:00,14.22,14.7,13.86,14.46,5820
2020-07-31 07:00:00,14.46,14.51,14.22,14.37,12710
2020-08-03 07:00:00,13.88,14.34,13.88,14.22,32560
2020-08-04 07:00:00,14.46,14.46,14.37,14.41,8050
2020-08-05 07:00:00,14.46,14.66,14.27,14.56,5830
2020-08-06 07:00:00,14.56,14.66,14.56,14.61,11470
2020-08-07 07:00:00,14.61,15.02,14.61,14.87,21940
2020-08-10 07:00:00,15.35,15.35,14.75,15.0,6690
2020-08-11 07:00:00,15.17,15.17,14.75,14.95,16860
2020-08-12 07:00:00,14.75,15.05,14.7,14.92,4290
2020-08-13 07:00:00,14.8,15.0,14.8,14.97,12030
2020-08-14 07:00:00,15.0,15.0,14.95,14.97,7090
2020-08-17 07:00:00,14.92,15.1,14.8,15.07,7990
2020-08-18 07:00:00,14.85,15.35,14.85,15.12,12970
2020-08-19 07:00:00,15.12,15.12,15.0,15.0,8580
2020-08-20 07:00:00,14.97,15.15,14.95,15.07,34290
2020-08-21 07:00:00,15.12,15.12,15.05,15.1,1910
2020-08-24 07:00:00,15.69,15.69,14.9,15.2,17330
2020-08-25 07:00:00,15.22,15.22,15.0,15.2,1050
2020-08-26 07:00:00,15.2,15.69,15.2,15.44,24690
2020-08-27 07:00:00,15.67,15.82,15.47,15.64,40460
2020-08-28 07:00:00,15.94,15.94,15.5,15.82,2330
2020-08-31 07:00:00,15.94,16.52,15.94,16.39,56670
2020-09-01 07:00:00,16.44,16.44,16.14,16.39,7500
2020-09-03 07:00:00,16.42,16.44,16.04,16.39,3280
2020-09-04 07:00:00,15.82,16.29,15.82,16.19,13280
2020-09-07 07:00:00,16.27,16.29,16.19,16.19,5340
2020-09-08 07:00:00,16.44,16.69,16.34,16.69,18170
2020-09-09 07:00:00,16.44,16.84,16.44,16.69,4580
2020-09-10 07:00:00,16.84,17.44,16.79,17.07,5010
2020-09-11 07:00:00,17.07,17.19,16.84,16.92,8810
2020-09-14 07:00:00,16.92,17.14,16.84,17.09,6100
2020-09-15 07:00:00,17.09,17.16,17.07,17.16,2110
2020-09-16 07:00:00,17.09,17.19,17.09,17.14,6130
2020-09-17 07:00:00,17.14,17.64,17.09,17.39,23110
2020-09-18 07:00:00,17.66,17.66,17.39,17.39,15870
2020-09-21 07:00:00,17.41,17.64,17.41,17.49,1920
2020-09-22 07:00:00,17.49,17.64,16.44,17.44,16810
2020-09-23 07:00:00,17.59,17.59,17.41,17.46,5950
2020-09-24 07:00:00,17.41,17.41,17.31,17.39,5720
2020-09-25 07:00:00,17.36,17.36,17.24,17.34,10950
2020-09-28 07:00:00,17.34,17.49,17.29,17.49,38410
2020-09-29 07:00:00,17.59,18.43,17.49,18.21,6870
2020-09-30 07:00:00,18.21,18.21,17.61,18.11,4770
2020-10-01 07:00:00,18.39,18.39,18.11,18.11,4440
2020-10-02 07:00:00,17.89,18.34,17.89,18.06,4530
2020-10-05 07:00:00,17.94,18.06,17.94,18.06,7140
2020-10-06 07:00:00,18.14,19.31,18.14,19.13,8440
2020-10-07 07:00:00,19.13,19.31,18.98,19.31,26220
2020-10-08 07:00:00,19.38,19.38,19.18,19.38,57040
2020-10-09 07:00:00,19.53,19.56,19.48,19.56,21630
2020-10-12 07:00:00,19.8,19.8,18.93,19.68,46050
2020-10-13 07:00:00,19.68,20.4,19.68,19.93,10500
2020-10-14 07:00:00,19.93,20.18,19.93,19.93,24200
2020-10-15 07:00:00,19.93,19.93,19.68,19.93,19290
2020-10-16 07:00:00,19.93,19.98,19.58,19.88,7340
2020-10-19 07:00:00,19.88,19.88,18.93,19.43,13180
2020-10-20 07:00:00,19.43,19.83,18.98,19.31,4660
2020-10-21 07:00:00,19.68,19.68,18.68,18.78,33420
2020-10-22 07:00:00,18.51,18.93,18.51,18.93,4760
2020-10-23 07:00:00,19.31,19.31,18.93,18.93,39100
2020-10-26 07:00:00,18.88,18.93,18.71,18.93,4580
2020-10-27 07:00:00,20.15,20.15,18.91,18.93,53740
2020-10-28 07:00:00,19.28,19.28,18.68,18.93,25160
2020-10-29 07:00:00,18.93,18.93,18.24,18.43,42440
2020-10-30 07:00:00,18.43,18.43,17.94,18.39,59110
2020-11-02 07:00:00,19.23,19.23,18.53,18.88,210
2020-11-03 07:00:00,18.88,18.88,18.73,18.73,6970
2020-11-04 07:00:00,18.83,19.03,18.73,18.98,6550
2020-11-05 07:00:00,18.93,18.98,18.93,18.93,5090
2020-11-06 07:00:00,18.93,19.31,18.93,19.31,16780
2020-11-09 07:00:00,19.46,19.91,19.46,19.86,9490
2020-11-10 07:00:00,19.81,19.96,19.28,19.28,15960
2020-11-11 07:00:00,19.94,19.94,19.39,19.39,1640
2020-11-12 07:00:00,19.44,19.54,19.39,19.44,3300
2020-11-13 07:00:00,19.44,19.7,18.96,19.7,13030
2020-11-16 07:00:00,19.81,19.81,19.2,19.6,16020
2020-11-17 07:00:00,19.6,19.7,19.33,19.6,4720
2020-11-18 07:00:00,19.6,19.62,19.23,19.49,6210
2020-11-19 07:00:00,19.39,19.46,19.23,19.44,5970
2020-11-20 07:00:00,19.44,19.44,19.41,19.44,12280
2020-11-23 07:00:00,19.44,19.49,19.41,19.49,13990
2020-11-24 07:00:00,19.41,19.49,19.39,19.44,8310
2020-11-25 07:00:00,19.44,19.54,19.39,19.44,18600
2020-11-26 07:00:00,19.44,19.49,19.39,19.46,9180
2020-11-27 07:00:00,19.46,20.07,19.46,19.96,21780
2020-11-30 07:00:00,19.96,20.02,19.91,19.91,7530
2020-12-01 07:00:00,19.86,19.96,19.44,19.96,17580
2020-12-02 07:00:00,19.91,20.23,19.81,20.23,82200
2020-12-03 07:00:00,20.23,20.62,20.23,20.38,16320
2020-12-04 07:00:00,20.38,20.44,19.7,19.7,52030
2020-12-07 07:00:00,19.7,20.17,19.7,20.17,15630
2020-12-08 07:00:00,20.17,20.38,20.12,20.12,3370
2020-12-09 07:00:00,20.12,20.17,20.04,20.17,9150
2020-12-10 07:00:00,20.23,20.23,20.07,20.12,20950
2020-12-11 07:00:00,20.12,20.36,20.07,20.36,12650
2020-12-14 07:00:00,20.23,20.23,20.07,20.12,10630
2020-12-15 07:00:00,20.12,20.38,20.12,20.17,16780
2020-12-16 07:00:00,20.49,20.99,20.23,20.8,18770
2020-12-17 07:00:00,20.8,22.04,20.8,21.22,39140
2020-12-18 07:00:00,21.28,22.33,21.01,21.28,14950
2020-12-21 07:00:00,21.28,21.28,21.07,21.09,18610
2020-12-22 07:00:00,21.09,21.78,21.07,21.49,7580
2020-12-23 07:00:00,21.49,21.49,21.07,21.07,26690
2020-12-24 07:00:00,21.07,22.06,20.91,21.01,36280
2020-12-25 07:00:00,21.01,21.54,20.86,21.12,40900
2020-12-28 07:00:00,21.22,22.01,20.99,21.28,32280
2020-12-29 07:00:00,21.01,21.54,21.01,21.22,4490
2020-12-30 07:00:00,21.01,21.49,21.01,21.07,5410
2020-12-31 07:00:00,21.22,21.54,21.01,21.54,12160
2021-01-04 07:00:00,21.91,21.91,21.22,21.51,12500
2021-01-05 07:00:00,21.49,21.49,21.01,21.01,49000
2021-01-06 07:00:00,21.01,21.14,20.88,20.88,65100
2021-01-07 07:00:00,20.83,20.83,20.07,20.23,187100
2021-01-08 07:00:00,20.23,20.75,20.23,20.49,26700
2021-01-11 07:00:00,20.33,20.49,20.25,20.25,58600
2021-01-12 07:00:00,20.28,20.28,20.02,20.17,93800
2021-01-13 07:00:00,20.17,21.01,20.17,20.49,7600
2021-01-14 07:00:00,20.44,20.49,20.38,20.49,16300
2021-01-15 07:00:00,20.59,20.7,20.49,20.65,17700
2021-01-18 07:00:00,20.65,21.28,20.65,20.75,11700
2021-01-19 07:00:00,20.8,20.8,20.57,20.57,28600
2021-01-20 07:00:00,20.62,20.62,20.07,20.54,32900
2021-01-21 07:00:00,20.54,20.7,20.54,20.7,10300
2021-01-22 07:00:00,20.7,20.75,20.62,20.62,13600
2021-01-25 07:00:00,20.62,20.86,20.62,20.86,24600
2021-01-26 07:00:00,20.94,21.01,20.72,20.86,17800
2021-01-27 07:00:00,20.91,20.91,20.02,20.83,25300
2021-01-28 07:00:00,20.02,20.65,19.44,19.91,40900
2021-01-29 07:00:00,19.91,20.49,19.54,19.91,11800
2021-02-01 07:00:00,19.91,20.38,19.86,20.23,11300
2021-02-02 07:00:00,19.96,20.23,19.83,20.23,5400
2021-02-03 07:00:00,20.46,20.46,20.15,20.44,5500
2021-02-04 07:00:00,20.46,20.46,20.23,20.41,7300
2021-02-05 07:00:00,20.46,20.46,20.28,20.44,13400
2021-02-08 07:00:00,21.01,21.01,20.33,20.33,4000
2021-02-09 07:00:00,20.38,20.46,20.38,20.44,6800
2021-02-17 07:00:00,20.44,21.28,20.44,21.01,21300
2021-02-18 07:00:00,20.96,21.01,20.94,21.01,13000
2021-02-19 07:00:00,21.01,21.01,20.96,21.01,10000
2021-02-22 07:00:00,21.54,22.48,21.54,22.48,86000
2021-02-23 07:00:00,22.48,23.85,22.48,23.75,40200
2021-02-24 07:00:00,23.85,23.85,23.12,23.69,10900
2021-02-25 07:00:00,23.69,23.69,22.06,23.64,31200
2021-02-26 07:00:00,23.38,23.38,22.59,23.17,57800
2021-03-01 07:00:00,23.17,23.43,22.85,23.17,16500
2021-03-02 07:00:00,23.12,23.48,22.59,22.59,50500
2021-03-03 07:00:00,22.59,23.38,22.59,22.59,67900
2021-03-04 07:00:00,22.59,22.7,22.06,22.06,66900
2021-03-05 07:00:00,22.06,22.59,22.04,22.59,36300
2021-03-08 07:00:00,23.04,23.32,22.59,23.32,22000
2021-03-09 07:00:00,23.22,23.32,22.64,22.85,6300
2021-03-10 07:00:00,22.59,23.06,22.35,22.56,47400
2021-03-11 07:00:00,22.56,23.01,22.33,22.33,45700
2021-03-12 07:00:00,22.56,22.56,22.22,22.22,38900
2021-03-15 07:00:00,22.25,23.12,22.25,23.09,23400
2021-03-16 07:00:00,23.22,23.22,22.85,22.85,18700
2021-03-17 07:00:00,22.85,23.06,22.75,22.98,27400
2021-03-18 07:00:00,22.98,23.12,22.98,23.12,30300
2021-03-19 07:00:00,23.12,24.51,23.12,24.17,47400
2021-03-22 07:00:00,25.32,25.48,24.69,25.22,393100
2021-03-23 07:00:00,25.74,25.74,25.22,25.22,210700
2021-03-24 07:00:00,25.01,25.11,24.43,24.69,212700
2021-03-25 07:00:00,24.69,25.51,24.69,25.22,178600
2021-03-26 07:00:00,25.22,26.95,25.22,26.95,460300
2021-03-29 07:00:00,27.32,28.79,27.32,28.79,106500
2021-03-30 07:00:00,30.78,30.78,29.42,29.94,265300
2021-03-31 07:00:00,29.16,29.94,28.89,29.05,131800
2021-04-01 07:00:00,28.37,30.21,28.37,29.42,101700
2021-04-02 07:00:00,29.42,29.52,28.53,29.42,136400
2021-04-05 07:00:00,29.42,29.42,28.47,28.63,196100
2021-04-06 07:00:00,28.63,28.68,27.42,27.95,153300
2021-04-07 07:00:00,28.05,28.05,27.42,27.63,130500
2021-04-08 07:00:00,27.48,28.37,27.32,28.37,147500
2021-04-09 07:00:00,28.37,28.37,27.58,27.69,121100
2021-04-12 07:00:00,27.58,27.84,27.06,27.27,156900
2021-04-13 07:00:00,27.32,27.48,26.14,27.48,254400
2021-04-14 07:00:00,27.48,28.95,26.79,28.37,112200
2021-04-15 07:00:00,28.84,28.84,26.42,27.06,120400
2021-04-16 07:00:00,27.06,27.06,26.0,26.37,130600
2021-04-19 07:00:00,26.37,26.9,25.74,26.58,87600
2021-04-20 07:00:00,26.69,27.84,26.58,27.11,181300
2021-04-22 07:00:00,27.11,27.74,26.27,26.27,89300
2021-04-23 07:00:00,26.11,26.53,25.95,26.53,89800
2021-04-26 07:00:00,26.53,26.53,25.3,25.51,108100
2021-04-27 07:00:00,25.51,26.06,25.51,25.85,89500
2021-04-28 07:00:00,26.27,27.63,25.93,27.63,209900
2021-04-29 07:00:00,27.32,28.63,27.32,27.58,77700
2021-05-04 07:00:00,26.27,27.11,26.27,27.06,48900
2021-05-05 07:00:00,27.06,27.74,26.69,27.16,125700
2021-05-06 07:00:00,27.58,27.58,26.79,27.16,74300
2021-05-07 07:00:00,26.64,27.27,26.32,26.79,103600
2021-05-10 07:00:00,26.53,26.79,26.27,26.79,77600
2021-05-11 07:00:00,26.74,27.27,26.53,27.06,67700
2021-05-12 07:00:00,27.06,28.89,27.06,28.63,219200
2021-05-13 07:00:00,28.79,29.0,27.9,27.95,136400
2021-05-14 07:00:00,27.95,28.26,27.37,27.84,84400
2021-05-17 07:00:00,27.84,28.68,27.69,28.32,113700
2021-05-18 07:00:00,28.32,28.37,27.58,27.74,62000
2021-05-19 07:00:00,27.74,28.58,27.53,27.84,50300
2021-05-20 07:00:00,27.9,27.9,27.21,27.53,80000
2021-05-21 07:00:00,27.58,28.89,27.32,27.84,224400
2021-05-24 07:00:00,28.32,28.32,27.79,27.84,108300
2021-05-25 07:00:00,27.84,27.9,27.63,27.74,55700
2021-05-26 07:00:00,27.74,27.79,27.11,27.11,131500
2021-05-27 07:00:00,27.11,27.11,26.58,26.69,92300
2021-05-28 07:00:00,26.58,26.74,26.27,26.74,165100
2021-05-31 07:00:00,26.42,26.69,26.37,26.42,59300
2021-06-01 07:00:00,26.37,26.42,26.08,26.08,76900
2021-06-02 07:00:00,26.06,26.06,25.48,25.69,166300
2021-06-03 07:00:00,25.74,26.53,25.58,26.11,100700
2021-06-04 07:00:00,26.11,26.84,26.11,26.42,63300
2021-06-07 07:00:00,26.42,26.42,25.85,26.0,76500
2021-06-08 07:00:00,26.0,26.08,25.85,25.85,59100
2021-06-09 07:00:00,25.85,26.0,25.74,25.85,67100
2021-06-10 07:00:00,25.85,26.58,25.74,26.48,99300
2021-06-11 07:00:00,27.0,27.32,26.74,27.16,124900
2021-06-14 07:00:00,27.27,27.53,26.79,27.16,130800
2021-06-15 07:00:00,27.37,27.37,26.84,27.16,75200
2021-06-16 07:00:00,27.16,29.05,27.16,29.05,309400
2021-06-17 07:00:00,29.05,30.47,28.42,29.84,188400
2021-06-18 07:00:00,29.84,30.78,29.84,30.78,187200
2021-06-21 07:00:00,30.78,31.26,30.26,30.78,137100
2021-06-22 07:00:00,30.84,30.89,29.68,30.0,86800
2021-06-23 07:00:00,30.0,30.26,28.74,29.26,149300
2021-06-24 07:00:00,28.74,29.68,28.74,29.0,84500
2021-06-25 07:00:00,29.0,29.84,29.0,29.74,81500
2021-06-28 07:00:00,29.79,30.47,29.79,30.36,90900
2021-06-29 07:00:00,30.36,30.58,30.16,30.36,124100
2021-06-30 07:00:00,30.42,30.73,30.42,30.58,58100
2021-07-01 07:00:00,30.58,32.31,30.58,32.1,247600
2021-07-02 07:00:00,32.1,32.1,31.36,31.78,90800
2021-07-05 07:00:00,31.68,32.57,31.21,31.99,130700
2021-07-06 07:00:00,31.99,31.99,30.52,30.52,125800
2021-07-07 07:00:00,30.52,30.78,29.16,30.21,95100
2021-07-08 07:00:00,30.0,31.26,29.94,30.94,130900
2021-07-09 07:00:00,31.0,31.26,29.94,30.31,61600
2021-07-12 07:00:00,29.94,29.94,28.21,28.26,146700
2021-07-13 07:00:00,28.32,29.42,28.32,28.79,61300
2021-07-14 07:00:00,29.42,29.42,28.0,28.68,75900
2021-07-15 07:00:00,28.32,29.0,28.32,29.0,46500
2021-07-16 07:00:00,29.05,29.05,28.63,28.63,54100
2021-07-19 07:00:00,28.32,28.32,27.58,27.69,79200
2021-07-20 07:00:00,27.58,28.37,27.58,28.32,43300
2021-07-21 07:00:00,28.37,28.68,28.32,28.53,46400
2021-07-22 07:00:00,28.53,28.58,28.11,28.58,42300
2021-07-23 07:00:00,28.47,28.58,27.84,27.9,86100
2021-07-26 07:00:00,27.84,28.63,27.74,28.11,87500
2021-07-27 07:00:00,28.58,28.84,28.37,28.63,46400
2021-07-28 07:00:00,28.63,29.05,28.42,29.05,78000
2021-07-29 07:00:00,29.05,29.05,28.79,29.0,49500
2021-07-30 07:00:00,28.89,29.16,28.89,29.05,56700
2021-08-02 07:00:00,29.05,29.21,28.89,29.21,94900
2021-08-03 07:00:00,29.42,30.63,29.42,30.47,150600
2021-08-04 07:00:00,30.58,30.58,29.84,29.94,56300
2021-08-05 07:00:00,29.94,29.94,29.42,29.84,75700
2021-08-06 07:00:00,29.84,29.84,29.31,29.37,124000
2021-08-09 07:00:00,29.31,29.68,28.47,29.68,163500
2021-08-10 07:00:00,29.74,31.52,29.74,31.42,298200
2021-08-11 07:00:00,31.57,31.63,30.73,30.73,121800
2021-08-12 07:00:00,30.31,30.73,30.05,30.21,83600
2021-08-13 07:00:00,30.47,30.47,29.52,29.79,126500
2021-08-16 07:00:00,29.79,31.0,29.79,30.47,123000
2021-08-17 07:00:00,30.47,30.58,30.16,30.21,87300
2021-08-18 07:00:00,30.21,30.73,30.0,30.47,65500
2021-08-19 07:00:00,30.47,31.0,30.36,30.89,83500
2021-08-20 07:00:00,30.89,31.47,29.42,29.42,179000
2021-08-23 07:00:00,29.42,29.68,28.63,28.68,113700
2021-08-24 07:00:00,28.58,28.89,28.26,28.47,92000
2021-08-25 07:00:00,28.47,29.0,28.37,28.68,78100
2021-08-26 07:00:00,28.68,29.21,28.68,28.89,74900
2021-08-27 07:00:00,28.89,29.16,28.74,29.16,20500
2021-08-30 07:00:00,30.94,30.94,30.0,30.16,96900
2021-08-31 07:00:00,30.31,30.68,30.05,30.58,156400
2021-09-01 07:00:00,30.58,30.89,30.52,30.89,86400
2021-09-06 07:00:00,30.89,30.89,30.26,30.52,77100
2021-09-07 07:00:00,30.42,30.89,30.21,30.63,106500
2021-09-08 07:00:00,30.73,30.73,30.26,30.36,25400
2021-09-09 07:00:00,30.36,30.68,30.21,30.63,63900
2021-09-10 07:00:00,30.58,31.78,30.58,31.78,247100
2021-09-13 07:00:00,31.78,31.78,31.42,31.57,81700
2021-09-14 07:00:00,31.52,31.52,31.0,31.15,65400
2021-09-15 07:00:00,31.05,31.21,30.21,31.15,91600
2021-09-16 07:00:00,31.26,31.37,30.99,31.21,54700
2021-09-17 07:00:00,31.04,31.86,30.88,31.64,54400
2021-09-20 07:00:00,31.64,31.64,30.99,30.99,41300
2021-09-21 07:00:00,30.45,30.94,29.9,30.23,73200
2021-09-22 07:00:00,30.28,30.45,29.9,30.18,47500
2021-09-23 07:00:00,30.23,30.88,30.18,30.72,51200
2021-09-24 07:00:00,30.66,30.66,30.23,30.56,26300
2021-09-27 07:00:00,30.34,30.66,29.9,29.9,48300
2021-09-28 07:00:00,29.9,29.9,29.58,29.9,58700
2021-09-29 07:00:00,29.74,29.85,29.63,29.74,30000
2021-09-30 07:00:00,29.9,31.53,29.85,30.99,43600
2021-10-01 07:00:00,30.72,31.97,30.66,31.53,155800
2021-10-04 07:00:00,32.02,32.02,31.32,31.53,24100
2021-10-05 07:00:00,30.88,32.95,30.88,32.35,117100
2021-10-06 07:00:00,32.62,32.84,31.7,32.08,61900
2021-10-07 07:00:00,31.81,31.81,31.53,31.59,66000
2021-10-08 07:00:00,31.32,31.97,31.26,31.37,43100
2021-10-11 07:00:00,31.32,31.7,30.61,30.72,110900
2021-10-12 07:00:00,30.72,31.1,30.34,31.1,83900
2021-10-13 07:00:00,31.1,31.26,30.99,31.26,41300
2021-10-14 07:00:00,31.1,31.81,30.99,31.53,51600
2021-10-15 07:00:00,31.53,32.08,31.53,31.91,99400
2021-10-18 07:00:00,31.81,32.08,31.59,31.86,46000
2021-10-19 07:00:00,31.42,31.81,31.26,31.81,24100
2021-10-20 07:00:00,31.42,32.02,31.37,31.42,45300
2021-10-21 07:00:00,31.42,31.42,30.99,31.15,62400
2021-10-22 07:00:00,31.04,31.53,30.94,31.21,23300
2021-10-25 07:00:00,31.42,31.53,31.04,31.21,16500
2021-10-26 07:00:00,31.32,31.32,30.99,31.04,33300
2021-10-27 07:00:00,31.37,31.75,31.37,31.75,45900
2021-10-28 07:00:00,32.02,32.57,31.81,32.57,120700
2021-10-29 07:00:00,32.57,32.57,32.3,32.35,63800
2021-11-01 07:00:00,32.35,32.89,32.35,32.51,68900
2021-11-02 07:00:00,32.62,34.74,32.51,34.09,92400
2021-11-03 07:00:00,34.09,34.2,33.16,33.71,57800
2021-11-04 07:00:00,33.71,33.87,33.44,33.65,63300
2021-11-05 07:00:00,33.76,34.52,33.76,34.47,63400
2021-11-08 07:00:00,34.74,34.74,34.36,34.36,63900
2021-11-09 07:00:00,34.42,34.42,32.19,34.25,63200
2021-11-10 07:00:00,34.42,34.42,33.49,34.2,62600
2021-11-11 07:00:00,34.8,34.8,33.16,33.98,52300
2021-11-12 07:00:00,34.03,34.52,33.87,34.52,31000
2021-11-15 07:00:00,34.52,34.69,34.42,34.69,46700
2021-11-16 07:00:00,34.69,35.36,34.24,35.3,50100
2021-11-17 07:00:00,35.3,35.3,34.13,34.8,18300
2021-11-18 07:00:00,34.52,35.36,34.52,35.36,63700
2021-11-19 07:00:00,35.36,35.36,34.58,35.3,27300
2021-11-22 07:00:00,34.52,35.14,34.52,35.14,43900
2021-11-23 07:00:00,35.36,35.58,35.19,35.58,58600
2021-11-24 07:00:00,35.75,36.2,35.7,36.2,150600
2021-11-25 07:00:00,35.92,36.48,35.81,36.2,12200
2021-11-26 07:00:00,36.37,36.43,35.3,36.37,20000
2021-11-29 07:00:00,34.8,36.32,34.8,36.32,15500
2021-11-30 07:00:00,36.43,36.43,35.08,36.2,26600
2021-12-01 07:00:00,35.36,36.76,35.08,35.98,146000
2021-12-02 07:00:00,35.36,36.15,35.36,35.81,208300
2021-12-03 07:00:00,35.81,36.15,35.42,35.53,209200
2021-12-06 07:00:00,35.36,35.87,34.8,35.36,112100
2021-12-07 07:00:00,33.96,35.25,33.79,35.25,18900
2021-12-08 07:00:00,35.47,35.81,34.18,34.18,100300
2021-12-09 07:00:00,35.08,35.08,34.07,34.18,12900
2021-12-10 07:00:00,34.58,34.58,34.07,34.07,8800
2021-12-13 07:00:00,35.02,35.02,32.89,33.12,33000
2021-12-14 07:00:00,35.3,35.3,32.55,33.23,33700
2021-12-15 07:00:00,33.23,34.07,33.06,33.12,7900
2021-12-16 07:00:00,33.12,33.12,32.67,32.84,10500
2021-12-17 07:00:00,32.67,33.23,32.67,32.84,10000
2021-12-20 07:00:00,32.61,33.17,32.61,33.0,12200
2021-12-21 07:00:00,33.12,33.56,33.06,33.56,60300
2021-12-22 07:00:00,33.56,33.9,33.4,33.4,12600
2021-12-23 07:00:00,32.67,33.4,32.67,33.12,8700
2021-12-24 07:00:00,33.12,34.13,32.78,34.13,26600
2021-12-27 07:00:00,34.13,34.13,33.28,33.28,11700
2021-12-28 07:00:00,33.28,33.96,33.0,33.96,48700
2021-12-29 07:00:00,34.41,36.32,33.96,34.8,19400
2021-12-30 07:00:00,34.8,36.2,33.68,35.08,29000
2021-12-31 07:00:00,35.36,35.92,33.79,35.58,25600
2022-01-04 07:00:00,35.87,35.87,34.63,35.36,2200
2022-01-05 07:00:00,34.8,35.36,34.8,34.8,3600
2022-01-06 07:00:00,33.68,34.8,33.68,34.74,11900
2022-01-07 07:00:00,34.69,34.8,34.18,34.8,15400
2022-01-10 07:00:00,37.02,37.02,33.63,34.12,93300
2022-01-11 07:00:00,34.12,34.12,33.38,33.38,19900
2022-01-12 07:00:00,32.58,34.18,32.58,34.12,11900
2022-01-13 07:00:00,34.43,34.43,33.26,33.38,7400
2022-01-14 07:00:00,33.32,33.87,32.89,32.89,6500
2022-01-17 07:00:00,33.38,33.38,32.39,32.7,29500
2022-01-18 07:00:00,32.7,32.95,32.7,32.76,20100
2022-01-19 07:00:00,32.7,32.76,32.58,32.7,3500
2022-01-20 07:00:00,33.32,33.32,30.42,32.64,34600
2022-01-21 07:00:00,31.47,32.7,31.47,32.39,21100
2022-01-24 07:00:00,31.53,33.01,31.53,32.52,6300
2022-01-25 07:00:00,32.08,32.64,31.28,32.64,9000
2022-01-26 07:00:00,32.64,33.26,31.65,32.64,6100
2022-01-27 07:00:00,31.59,32.39,31.59,32.27,4600
2022-01-28 07:00:00,32.27,34.49,31.78,33.5,28900
2022-02-07 07:00:00,33.56,34.43,32.7,33.87,2300
2022-02-08 07:00:00,33.87,33.87,32.76,33.5,2500
2022-02-09 07:00:00,32.83,33.56,32.76,33.38,6300
2022-02-10 07:00:00,33.44,34.43,32.83,34.12,6100
2022-02-11 07:00:00,33.44,34.31,33.32,33.44,5100
2022-02-14 07:00:00,33.44,33.44,32.76,33.44,7800
2022-02-15 07:00:00,32.83,35.72,32.83,33.32,12400
2022-02-16 07:00:00,33.32,33.32,32.7,33.32,22300
2022-02-17 07:00:00,33.38,33.94,32.83,33.94,44200
2022-02-18 07:00:00,33.63,33.87,33.13,33.81,4300
2022-02-21 07:00:00,33.75,33.94,33.32,33.63,8800
2022-02-22 07:00:00,33.32,33.5,33.13,33.38,5400
2022-02-23 07:00:00,33.32,33.5,33.26,33.44,3100
2022-02-24 07:00:00,33.44,33.5,33.01,33.44,6800
2022-02-25 07:00:00,33.38,33.44,33.07,33.32,23000
2022-02-28 07:00:00,33.32,33.32,32.7,33.26,17000
2022-03-01 07:00:00,32.76,33.26,32.52,32.89,26200
2022-03-02 07:00:00,32.7,33.32,32.64,32.7,16700
2022-03-03 07:00:00,32.76,33.26,32.7,33.01,5800
2022-03-04 07:00:00,33.44,33.44,32.7,32.95,3700
2022-03-07 07:00:00,33.01,33.2,32.89,33.13,24900
2022-03-08 07:00:00,33.2,33.2,32.08,32.95,23800
2022-03-09 07:00:00,32.7,32.7,32.08,32.7,45600
2022-03-10 07:00:00,32.39,33.2,32.39,33.01,12800
2022-03-11 07:00:00,33.2,35.29,33.13,35.29,341000
2022-03-14 07:00:00,36.28,36.34,34.43,34.43,103500
2022-03-15 07:00:00,34.24,36.84,34.24,35.91,51500
2022-03-16 07:00:00,34.98,35.91,34.55,35.42,65400
2022-03-17 07:00:00,34.86,35.42,34.18,34.8,84700
2022-03-18 07:00:00,34.55,34.55,33.81,34.18,68900
2022-03-21 07:00:00,33.38,34.43,32.7,33.63,53600
2022-03-22 07:00:00,33.32,33.32,32.7,32.89,55300
2022-03-23 07:00:00,32.95,33.5,32.95,33.13,20600
2022-03-24 07:00:00,33.13,33.5,32.89,33.32,47000
2022-03-25 07:00:00,33.32,33.94,33.32,33.56,61300
2022-03-28 07:00:00,33.56,33.81,33.07,33.5,18200
2022-03-29 07:00:00,33.56,33.81,33.5,33.63,18800
2022-03-30 07:00:00,33.69,33.81,33.2,33.75,17000
2022-03-31 07:00:00,33.75,35.17,33.26,34.8,59200
2022-04-01 07:00:00,33.5,35.05,33.5,34.49,45100
2022-04-04 07:00:00,34.18,34.43,33.69,34.31,16600
2022-04-05 07:00:00,34.06,34.55,34.06,34.49,37200
2022-04-06 07:00:00,34.37,34.98,34.37,34.61,34000
2022-04-07 07:00:00,34.61,34.61,34.31,34.31,15400
2022-04-08 07:00:00,34.92,34.92,34.18,34.55,16000
2022-04-12 07:00:00,34.55,34.55,33.87,33.87,15100
2022-04-13 07:00:00,33.69,34.12,33.63,34.12,17800
2022-04-14 07:00:00,34.55,34.55,34.12,34.24,9300
2022-04-15 07:00:00,34.24,34.55,33.63,34.31,23400
2022-04-18 07:00:00,34.31,34.37,33.63,33.69,28200
2022-04-19 07:00:00,33.69,34.55,33.69,33.94,11200
2022-04-20 07:00:00,33.69,34.18,33.2,33.26,35400
2022-04-21 07:00:00,33.13,33.13,30.97,31.1,121600
2022-04-22 07:00:00,31.34,32.58,31.16,32.08,39100
2022-04-25 07:00:00,33.26,33.26,30.23,31.71,32700
2022-04-26 07:00:00,32.39,32.39,30.6,31.47,23600
2022-04-27 07:00:00,31.28,31.71,30.54,31.47,13900
2022-04-28 07:00:00,31.47,31.65,31.47,31.47,11600
2022-04-29 07:00:00,31.47,32.21,31.47,32.08,8200
2022-05-04 07:00:00,32.08,32.08,31.71,31.9,3500
2022-05-05 07:00:00,33.87,33.87,31.96,32.39,7300
2022-05-06 07:00:00,32.08,32.89,31.78,32.08,6700
2022-05-09 07:00:00,30.91,31.78,30.54,31.22,37100
2022-05-10 07:00:00,29.99,31.16,29.99,30.85,32000
2022-05-11 07:00:00,31.47,31.47,30.91,31.34,4200
2022-05-12 07:00:00,31.34,31.34,30.23,30.97,7700
2022-05-13 07:00:00,30.85,30.85,29.31,29.31,12400
2022-05-16 07:00:00,31.2,31.2,29.4,29.5,2700
2022-05-17 07:00:00,31.2,31.2,30.82,31.04,2000
2022-05-18 07:00:00,30.57,30.6,30.28,30.32,5700
2022-05-19 07:00:00,30.25,30.82,30.13,30.19,14700
2022-05-20 07:00:00,30.25,30.25,30.19,30.19,3000
2022-05-23 07:00:00,31.1,31.1,29.75,30.13,3500
2022-05-24 07:00:00,31.01,31.01,29.81,30.25,2100
2022-05-25 07:00:00,30.25,30.98,29.69,30.63,12200
2022-05-26 07:00:00,30.82,30.82,29.94,30.25,10300
2022-05-27 07:00:00,30.19,30.25,29.94,30.25,7900
2022-05-30 07:00:00,30.25,30.88,30.25,30.82,25000
2022-05-31 07:00:00,30.57,30.57,30.25,30.57,5500
2022-06-01 07:00:00,30.19,30.57,30.13,30.25,18200
2022-06-02 07:00:00,30.25,30.25,30.13,30.22,5900
2022-06-03 07:00:00,30.79,30.79,30.19,30.6,5100
2022-06-06 07:00:00,30.54,30.82,30.25,30.28,18300
2022-06-07 07:00:00,30.38,30.38,30.13,30.25,16800
2022-06-08 07:00:00,30.7,30.7,30.28,30.57,2600
2022-06-09 07:00:00,30.38,30.88,30.38,30.76,16400
2022-06-10 07:00:00,30.76,31.04,30.6,30.63,13300
2022-06-13 07:00:00,30.57,30.57,30.25,30.25,12400
2022-06-14 07:00:00,30.25,30.7,30.03,30.03,9000
2022-06-15 07:00:00,30.16,30.82,29.69,30.51,8600
2022-06-16 07:00:00,30.51,30.51,30.35,30.35,1600
2022-06-17 07:00:00,30.1,30.1,28.87,29.62,17100
2022-06-20 07:00:00,29.62,29.62,27.58,28.87,13900
2022-06-21 07:00:00,29.37,29.37,27.73,28.65,4600
2022-06-22 07:00:00,29.37,29.37,28.36,28.36,4000
2022-06-23 07:00:00,28.68,28.68,27.42,28.24,5000
2022-06-24 07:00:00,28.24,28.36,28.24,28.24,7100
2022-06-27 07:00:00,27.73,29.24,27.73,28.65,6600
2022-06-28 07:00:00,29.31,29.31,28.77,28.77,2400
2022-06-29 07:00:00,28.77,28.77,28.36,28.49,3000
2022-06-30 07:00:00,28.49,28.49,28.36,28.46,3800
2022-07-01 07:00:00,27.8,28.33,27.8,28.33,2500
2022-07-04 07:00:00,28.46,28.46,27.73,28.3,5200
2022-07-05 07:00:00,27.73,28.27,27.73,27.73,6100
2022-07-06 07:00:00,27.61,27.76,27.42,27.76,4300
2022-07-07 07:00:00,27.73,27.73,27.7,27.73,4000
2022-07-08 07:00:00,27.73,27.73,27.67,27.73,3700
2022-07-11 07:00:00,27.7,27.73,26.47,27.58,6500
2022-07-12 07:00:00,27.54,27.58,26.91,27.58,4600
2022-07-13 07:00:00,27.54,27.54,27.23,27.54,7000
2022-07-14 07:00:00,26.0,27.04,26.0,26.57,36600
2022-07-15 07:00:00,26.47,27.04,25.84,26.57,22100
2022-07-18 07:00:00,26.47,26.5,25.72,26.47,30900
2022-07-19 07:00:00,26.41,26.44,25.84,26.44,8500
2022-07-20 07:00:00,25.94,26.79,25.94,26.44,11600
2022-07-21 07:00:00,26.47,26.47,25.87,25.9,28200
2022-07-22 07:00:00,26.38,27.7,26.38,26.82,18300
2022-07-25 07:00:00,26.98,27.29,26.98,27.29,15300
2022-07-26 07:00:00,27.58,27.58,27.04,27.2,2400
2022-07-27 07:00:00,26.98,26.98,25.97,26.91,4200
2022-07-28 07:00:00,27.07,27.07,27.04,27.04,4800
2022-07-29 07:00:00,25.97,28.36,25.97,27.73,47200
2022-08-01 07:00:00,27.16,27.61,26.54,27.35,6500
2022-08-02 07:00:00,27.35,27.35,27.1,27.1,4000
2022-08-03 07:00:00,27.1,27.1,26.54,26.79,10800
2022-08-04 07:00:00,26.6,27.1,26.6,27.07,31900
2022-08-05 07:00:00,27.07,27.07,26.35,26.35,55300
2022-08-08 07:00:00,26.47,26.79,25.84,25.84,27500
2022-08-09 07:00:00,26.16,26.79,26.16,26.35,5100
2022-08-10 07:00:00,26.38,26.6,26.38,26.38,6800
2022-08-11 07:00:00,26.38,26.47,26.35,26.35,8500
2022-08-12 07:00:00,26.16,26.79,26.16,26.31,3800
2022-08-15 07:00:00,26.38,26.72,26.38,26.47,11300
2022-08-16 07:00:00,26.47,26.72,25.84,25.84,103200
2022-08-17 07:00:00,26.41,26.41,25.9,26.35,10000
2022-08-18 07:00:00,26.69,26.69,25.9,26.63,5100
2022-08-19 07:00:00,26.47,26.6,26.09,26.6,9400
2022-08-22 07:00:00,26.6,26.6,25.87,26.16,8300
2022-08-23 07:00:00,25.78,25.84,25.72,25.75,18900
2022-08-24 07:00:00,25.78,26.35,25.72,26.12,8400
2022-08-25 07:00:00,26.09,26.12,25.81,25.81,29000
2022-08-26 07:00:00,25.81,25.81,25.68,25.78,8200
2022-08-29 07:00:00,25.65,25.65,25.31,25.5,7100
2022-08-30 07:00:00,25.68,25.78,25.43,25.78,6800
2022-08-31 07:00:00,25.4,27.1,25.4,27.1,30100
2022-09-05 07:00:00,26.0,26.47,26.0,26.03,14900
2022-09-06 07:00:00,26.47,26.47,26.03,26.09,500
2022-09-07 07:00:00,25.78,26.41,25.78,25.9,7000
2022-09-08 07:00:00,25.78,26.31,25.78,26.31,300
2022-09-09 07:00:00,25.9,26.31,25.9,26.31,1300
2022-09-12 07:00:00,25.9,26.35,25.9,26.35,2000
2022-09-13 07:00:00,26.28,26.35,26.22,26.22,6000
2022-09-14 07:00:00,26.22,26.22,26.03,26.03,7400
2022-09-15 07:00:00,26.03,26.22,26.03,26.09,2600
2022-09-16 07:00:00,25.97,26.09,25.72,26.0,4500
2022-09-19 07:00:00,25.84,26.03,25.34,25.53,6200
2022-09-20 07:00:00,25.4,25.9,25.34,25.78,13800
2022-09-21 07:00:00,25.53,25.72,25.53,25.72,2300
2022-09-22 07:00:00,25.34,25.59,24.08,25.59,5100
2022-09-23 07:00:00,25.75,25.75,24.74,25.21,1800
2022-09-26 07:00:00,25.21,25.21,24.27,24.61,8400
2022-09-27 07:00:00,25.34,25.34,23.95,24.96,9000
2022-09-28 07:00:00,24.58,24.58,24.33,24.33,4900
2022-09-29 07:00:00,24.77,24.77,24.58,24.58,1300
2022-09-30 07:00:00,24.55,24.55,24.39,24.39,8100
2022-10-03 07:00:00,24.39,24.46,23.07,23.95,33500
2022-10-04 07:00:00,23.7,23.89,23.07,23.89,10200
2022-10-05 07:00:00,23.95,24.46,23.82,24.46,4000
2022-10-06 07:00:00,24.46,24.49,24.46,24.46,5000
2022-10-07 07:00:00,23.0,24.33,23.0,23.64,30600
2022-10-10 07:00:00,22.06,23.57,22.06,22.72,7500
2022-10-11 07:00:00,23.32,23.64,22.72,22.72,24600
2022-10-12 07:00:00,23.82,23.82,22.12,23.32,3800
2022-10-13 07:00:00,22.72,23.26,22.72,23.26,13700
2022-10-14 07:00:00,23.26,23.6,22.72,22.72,24000
2022-10-17 07:00:00,23.57,23.57,22.72,22.85,17500
2022-10-18 07:00:00,22.72,22.88,22.72,22.78,12200
2022-10-19 07:00:00,22.85,22.85,22.69,22.75,19700
2022-10-20 07:00:00,23.07,23.07,22.25,23.07,11600
2022-10-21 07:00:00,22.44,22.47,22.19,22.38,11800
2022-10-24 07:00:00,22.85,22.85,21.11,22.38,6700
2022-10-25 07:00:00,22.06,22.06,20.99,22.06,21700
2022-10-26 07:00:00,22.69,23.07,21.15,21.15,6500
2022-10-27 07:00:00,22.06,22.56,19.76,21.11,21400
2022-10-28 07:00:00,21.93,21.93,21.18,21.18,200
2022-10-31 07:00:00,21.74,21.74,21.43,21.43,4300
2022-11-01 07:00:00,21.43,21.56,21.18,21.4,10300
2022-11-02 07:00:00,21.4,21.43,21.4,21.4,7500
2022-11-03 07:00:00,21.43,21.43,21.11,21.4,1300
2022-11-04 07:00:00,21.4,21.4,20.8,21.37,900
2022-11-07 07:00:00,20.23,21.43,20.23,21.37,27000
2022-11-08 07:00:00,20.67,21.56,20.67,21.43,600
2022-11-09 07:00:00,20.23,21.4,20.23,21.4,3400
2022-11-10 07:00:00,20.33,20.99,20.17,20.92,7600
2022-11-11 07:00:00,20.8,20.8,19.76,20.67,9500
2022-11-14 07:00:00,20.48,20.52,19.26,19.26,11700
2022-11-15 07:00:00,17.96,20.14,17.96,18.03,8000
2022-11-16 07:00:00,19.22,19.26,18.28,19.26,13900
2022-11-17 07:00:00,19.26,20.42,19.26,19.85,2600
2022-11-18 07:00:00,20.11,20.11,19.03,19.73,4700
2022-11-21 07:00:00,18.78,20.04,18.78,19.82,10400
2022-11-22 07:00:00,19.82,19.82,19.82,19.82,600
2022-11-23 07:00:00,18.91,20.07,18.91,19.54,7500
2022-11-24 07:00:00,18.97,19.82,18.91,19.82,5500
2022-11-25 07:00:00,20.17,20.17,19.54,19.54,5100
2022-11-28 07:00:00,20.07,20.07,19.54,19.95,11500
2022-11-29 07:00:00,19.95,20.74,19.92,20.74,16200
2022-11-30 07:00:00,21.05,21.93,19.54,21.93,29100
2022-12-01 07:00:00,22.09,23.32,22.0,23.19,9000
2022-12-02 07:00:00,23.19,23.19,23.07,23.07,1300
2022-12-05 07:00:00,23.32,23.32,22.69,23.19,6900
2022-12-06 07:00:00,23.19,23.19,23.19,23.19,4100
2022-12-07 07:00:00,21.93,22.69,21.62,21.93,12600
2022-12-08 07:00:00,21.93,22.82,21.93,22.38,3000
2022-12-09 07:00:00,22.69,22.69,22.12,22.31,6000
2022-12-12 07:00:00,22.69,22.69,22.06,22.69,4200
2022-12-13 07:00:00,22.06,23.23,22.06,22.66,33400
2022-12-14 07:00:00,22.69,22.69,21.98,22.69,65600
2022-12-15 07:00:00,23.02,23.02,22.24,22.98,600
2022-12-16 07:00:00,23.27,23.27,22.4,22.98,6700
2022-12-19 07:00:00,22.17,23.18,22.17,22.92,900
2022-12-20 07:00:00,22.08,22.85,22.04,22.85,7500
2022-12-21 07:00:00,22.82,22.82,22.69,22.69,600
2022-12-22 07:00:00,22.66,22.66,22.37,22.37,10600
2022-12-23 07:00:00,22.63,22.63,20.94,22.04,25500
2022-12-26 07:00:00,22.43,22.43,20.75,22.01,1400
2022-12-27 07:00:00,22.43,22.43,22.01,22.01,1200
2022-12-28 07:00:00,22.43,22.43,20.81,22.33,3400
2022-12-29 07:00:00,22.33,22.33,22.2,22.27,3400
2022-12-30 07:00:00,22.3,22.85,22.3,22.85,16400
2023-01-03 07:00:00,22.69,22.82,22.56,22.56,5600
2023-01-04 07:00:00,22.56,22.56,22.37,22.43,9400
2023-01-05 07:00:00,22.56,22.56,22.17,22.17,2100
2023-01-06 07:00:00,22.37,22.56,22.04,22.04,4900
2023-01-09 07:00:00,22.65,22.65,22.08,22.08,3800
2023-01-10 07:00:00,22.08,22.08,21.94,21.94,2100
2023-01-11 07:00:00,21.9,21.9,21.4,21.58,4900
2023-01-12 07:00:00,21.58,22.08,21.58,22.04,4500
2023-01-13 07:00:00,22.04,22.33,22.04,22.33,2700
2023-01-16 07:00:00,22.36,22.36,22.36,22.36,500
2023-01-17 07:00:00,22.33,22.36,22.26,22.36,3200
2023-01-18 07:00:00,22.26,22.26,22.04,22.26,4400
2023-01-19 07:00:00,22.36,22.4,22.33,22.33,1300
2023-01-27 07:00:00,22.83,22.83,22.33,22.47,2300
2023-01-30 07:00:00,22.47,22.47,22.22,22.4,3400
2023-01-31 07:00:00,23.15,23.15,22.11,22.47,21800
2023-02-01 07:00:00,22.54,22.54,21.4,21.4,13400
2023-02-02 07:00:00,22.11,22.11,21.4,21.4,2300
2023-02-03 07:00:00,21.4,21.4,21.26,21.26,12000
2023-02-06 07:00:00,21.4,21.4,20.69,20.69,4100
2023-02-07 07:00:00,20.69,20.69,19.97,19.97,8800
2023-02-08 07:00:00,20.3,20.69,20.3,20.33,35500
2023-02-09 07:00:00,20.65,20.65,19.97,20.08,39300
2023-02-10 07:00:00,19.97,20.22,19.76,20.19,11300
2023-02-13 07:00:00,19.83,20.19,19.83,20.15,9400
2023-02-14 07:00:00,20.15,20.62,19.87,20.51,3600
2023-02-15 07:00:00,20.47,20.51,20.4,20.4,5800
2023-02-16 07:00:00,20.4,21.04,20.01,20.65,118700
2023-02-17 07:00:00,20.05,21.36,20.05,20.9,60500
2023-02-20 07:00:00,21.04,22.36,21.04,22.04,96200
2023-02-21 07:00:00,21.4,22.83,20.69,22.83,79500
2023-02-22 07:00:00,21.47,22.83,21.4,22.72,45400
2023-02-23 07:00:00,21.51,24.29,21.19,24.22,145000
2023-02-24 07:00:00,22.68,23.54,22.54,23.4,70100
2023-02-27 07:00:00,21.97,23.33,21.97,23.18,11700
2023-02-28 07:00:00,22.33,24.68,22.26,24.61,78800
2023-03-01 07:00:00,22.93,24.54,22.9,24.11,58400
2023-03-02 07:00:00,24.11,24.11,23.04,23.18,20600
2023-03-03 07:00:00,22.83,24.04,22.83,23.18,20100
2023-03-06 07:00:00,22.44,24.54,22.44,24.18,126200
2023-03-07 07:00:00,23.54,24.18,23.54,24.04,18900
2023-03-08 07:00:00,22.93,24.25,22.93,24.04,32800
2023-03-09 07:00:00,22.93,25.72,22.36,23.76,429100
2023-03-10 07:00:00,22.11,24.97,22.11,23.18,187000
2023-03-13 07:00:00,23.47,23.47,21.58,21.58,111700
2023-03-14 07:00:00,20.79,21.33,20.76,20.79,48500
2023-03-15 07:00:00,21.01,21.62,20.97,21.47,34800
2023-03-16 07:00:00,21.44,21.44,20.79,21.04,27000
2023-03-17 07:00:00,21.04,21.29,20.97,21.29,23100
2023-03-20 07:00:00,21.22,21.22,20.9,21.04,19200
2023-03-21 07:00:00,21.22,21.22,20.79,21.04,26400
2023-03-22 07:00:00,21.26,21.26,20.69,20.9,12800
2023-03-23 07:00:00,20.69,20.97,20.33,20.47,31400
2023-03-24 07:00:00,20.79,20.94,20.47,20.94,31900
2023-03-27 07:00:00,21.12,21.12,20.05,20.26,51000
2023-03-28 07:00:00,20.33,20.62,20.26,20.54,31200
2023-03-29 07:00:00,20.54,20.58,20.26,20.33,16000
2023-03-30 07:00:00,20.47,20.65,20.3,20.62,36000
2023-03-31 07:00:00,20.54,20.69,20.33,20.62,31800
2023-04-03 07:00:00,20.58,20.65,20.51,20.51,25400
2023-04-04 07:00:00,20.4,20.58,20.4,20.58,18000
2023-04-05 07:00:00,20.51,20.62,20.51,20.62,25700
2023-04-06 07:00:00,20.69,20.94,20.62,20.9,30000
2023-04-07 07:00:00,21.04,22.04,21.04,21.4,20800
2023-04-10 07:00:00,21.76,21.86,21.08,21.4,19900
2023-04-11 07:00:00,21.12,21.58,21.12,21.47,13400
2023-04-12 07:00:00,22.11,22.11,21.22,21.47,19200
2023-04-13 07:00:00,21.51,21.69,20.0,21.4,56300
2023-04-14 07:00:00,21.55,22.28,21.44,22.14,127900
2023-04-17 07:00:00,21.99,22.5,21.84,22.06,25600
2023-04-18 07:00:00,22.06,22.06,21.62,21.92,35000
2023-04-19 07:00:00,21.29,21.84,21.29,21.77,39700
2023-04-20 07:00:00,21.4,22.17,21.4,21.99,48900
2023-04-21 07:00:00,21.47,22.06,21.47,21.77,41900
2023-04-24 07:00:00,21.4,22.14,20.7,21.99,56100
2023-04-25 07:00:00,21.55,22.87,21.55,22.8,104500
2023-04-26 07:00:00,21.84,22.8,21.84,22.65,52700
2023-04-27 07:00:00,22.06,22.8,21.92,22.8,67000
2023-04-28 07:00:00,22.14,22.84,21.92,22.8,37200
2023-05-04 07:00:00,22.14,22.5,21.84,22.5,25400
2023-05-05 07:00:00,21.62,22.47,21.62,21.77,6100
2023-05-08 07:00:00,21.73,21.73,21.58,21.62,12800
2023-05-09 07:00:00,21.18,22.06,21.18,21.62,19400
2023-05-10 07:00:00,21.69,22.14,21.44,22.14,13100
2023-05-11 07:00:00,21.66,22.47,21.66,22.02,3900
2023-05-12 07:00:00,21.62,22.1,21.62,22.02,5500
2023-05-15 07:00:00,22.02,22.02,21.77,21.99,5100
2023-05-16 07:00:00,21.66,22.47,21.36,21.88,71100
2023-05-17 07:00:00,21.88,21.95,21.36,21.95,40900
2023-05-18 07:00:00,21.84,23.46,21.4,22.5,84500
2023-05-19 07:00:00,22.43,23.17,21.77,22.87,50500
2023-05-22 07:00:00,21.88,22.8,21.88,22.62,20400
2023-05-23 07:00:00,22.62,22.73,22.06,22.47,22800
2023-05-24 07:00:00,22.5,22.5,21.4,22.5,71900
2023-05-25 07:00:00,22.36,22.36,21.55,21.92,44900
2023-05-26 07:00:00,21.51,23.43,21.4,21.8,123900
2023-05-29 07:00:00,21.69,22.28,21.69,22.21,34500
2023-05-30 07:00:00,21.8,22.43,21.51,22.02,47400
2023-05-31 07:00:00,22.1,22.67,22.02,22.44,28500
2023-06-01 07:00:00,22.44,22.48,22.1,22.48,31400
2023-06-02 07:00:00,22.44,22.79,22.1,22.79,120600
2023-06-05 07:00:00,22.79,22.79,22.44,22.71,8900
2023-06-06 07:00:00,22.71,22.71,22.14,22.71,97400
2023-06-07 07:00:00,22.67,22.83,22.1,22.75,76900
2023-06-08 07:00:00,22.75,22.9,22.44,22.48,12500
2023-06-09 07:00:00,22.18,22.52,22.14,22.48,24800
2023-06-12 07:00:00,22.18,22.48,22.18,22.29,26500
2023-06-13 07:00:00,22.14,22.52,22.14,22.29,26000
2023-06-14 07:00:00,22.29,22.6,22.1,22.14,72500
2023-06-15 07:00:00,22.14,22.41,22.1,22.37,39600
2023-06-16 07:00:00,22.14,22.41,21.8,22.29,61600
2023-06-19 07:00:00,22.29,22.29,21.91,22.06,33800
2023-06-20 07:00:00,22.06,22.06,21.76,21.99,33700
2023-06-21 07:00:00,22.14,22.14,21.76,22.06,46100
2023-06-22 07:00:00,22.06,22.37,22.06,22.22,39100
2023-06-23 07:00:00,22.02,22.33,22.02,22.33,58300
2023-06-26 07:00:00,22.33,22.33,22.1,22.14,87200
2023-06-27 07:00:00,22.37,22.37,22.06,22.29,38200
2023-06-28 07:00:00,22.29,22.86,22.14,22.86,130900
2023-06-29 07:00:00,22.64,23.51,22.44,22.94,122400
2023-06-30 07:00:00,22.67,23.59,22.67,23.28,81700
2023-07-03 07:00:00,22.9,23.82,22.75,23.13,163000
2023-07-04 07:00:00,22.9,22.9,21.6,21.6,490000
2023-07-05 07:00:00,21.76,22.33,21.76,21.76,100600
2023-07-06 07:00:00,22.14,22.14,20.65,20.65,304300
2023-07-07 07:00:00,20.8,21.22,20.8,21.07,81700
2023-07-10 07:00:00,21.42,21.42,21.07,21.11,51400
2023-07-11 07:00:00,21.11,21.64,21.11,21.53,39100
2023-07-12 07:00:00,21.53,21.53,21.3,21.34,23500
2023-07-13 07:00:00,21.34,21.6,21.34,21.49,29300
2023-07-14 07:00:00,21.64,21.64,21.42,21.6,20900
2023-07-17 07:00:00,21.72,21.76,21.49,21.57,31900
2023-07-18 07:00:00,21.57,21.6,21.42,21.53,26400
2023-07-19 07:00:00,21.68,21.68,21.38,21.38,27300
2023-07-20 07:00:00,21.57,21.57,21.15,21.38,46100
2023-07-21 07:00:00,21.3,21.38,21.15,21.15,45600
2023-07-24 07:00:00,21.22,21.49,21.22,21.49,55500
2023-07-25 07:00:00,21.49,21.76,21.45,21.68,41900
2023-07-26 07:00:00,21.72,21.76,21.49,21.49,27600
2023-07-27 07:00:00,21.53,21.53,21.22,21.42,38200
2023-07-28 07:00:00,21.53,21.53,21.26,21.34,30300
2023-07-31 07:00:00,21.49,21.6,21.34,21.53,30100
2023-08-01 07:00:00,21.6,22.14,21.6,21.91,78900
2023-08-02 07:00:00,21.64,21.68,21.42,21.45,113700
2023-08-03 07:00:00,21.49,21.68,21.45,21.49,48900
2023-08-04 07:00:00,21.49,21.49,21.38,21.45,40300
2023-08-07 07:00:00,21.45,21.72,21.42,21.6,77200
2023-08-08 07:00:00,21.72,21.87,21.6,21.8,33900
2023-08-09 07:00:00,21.87,22.29,21.8,22.29,62000
2023-08-10 07:00:00,22.67,22.83,22.22,22.22,50800
2023-08-11 07:00:00,22.29,22.44,21.76,22.1,47400
2023-08-14 07:00:00,22.14,22.14,21.87,22.06,43600
2023-08-15 07:00:00,22.14,22.22,22.02,22.06,38400
2023-08-16 07:00:00,22.06,22.1,21.8,22.06,64000
2023-08-17 07:00:00,22.06,22.22,21.87,22.06,22200
2023-08-18 07:00:00,21.91,21.91,21.22,21.45,56000
2023-08-21 07:00:00,21.45,21.68,21.3,21.68,26200
2023-08-22 07:00:00,21.68,21.84,21.38,21.53,22800
2023-08-23 07:00:00,21.57,21.6,21.42,21.6,13800
2023-08-24 07:00:00,22.1,22.1,21.53,21.68,23300
2023-08-25 07:00:00,21.53,21.64,21.49,21.49,7200
2023-08-28 07:00:00,21.49,21.49,21.34,21.45,27500
2023-08-29 07:00:00,21.49,21.49,21.38,21.49,30400
2023-08-30 07:00:00,21.42,21.64,21.38,21.6,44900
2023-08-31 07:00:00,21.6,21.84,21.38,21.72,55500
2023-09-05 07:00:00,21.8,21.99,21.68,21.8,39800
2023-09-06 07:00:00,21.84,21.99,21.6,21.91,35200
2023-09-07 07:00:00,21.91,22.06,21.68,21.68,63600
2023-09-08 07:00:00,21.68,21.87,21.68,21.72,34800
2023-09-11 07:00:00,22.1,22.22,21.84,22.06,91000
2023-09-12 07:00:00,22.37,23.13,22.06,22.9,84800
2023-09-13 07:00:00,22.75,22.9,22.44,22.52,26900
2023-09-14 07:00:00,22.79,22.79,21.91,22.25,28500
2023-09-15 07:00:00,21.95,22.37,21.68,21.76,50500
2023-09-18 07:00:00,21.76,21.8,21.64,21.8,32200
2023-09-19 07:00:00,21.68,21.8,21.6,21.76,39200
2023-09-20 07:00:00,21.76,22.14,21.76,21.91,46500
2023-09-21 07:00:00,21.91,22.1,21.84,21.95,36900
2023-09-22 07:00:00,21.8,21.95,21.6,21.84,64100
2023-09-25 07:00:00,21.99,22.25,21.6,21.6,45800
2023-09-26 07:00:00,21.6,21.6,21.26,21.26,63500
2023-09-27 07:00:00,21.26,21.42,20.61,21.26,47400
2023-09-28 07:00:00,21.26,21.26,20.92,21.26,11300
2023-09-29 07:00:00,21.38,21.53,21.22,21.22,15200
2023-10-02 07:00:00,21.22,21.38,21.22,21.3,4900
2023-10-03 07:00:00,21.0,21.3,21.0,21.3,25200
2023-10-04 07:00:00,21.0,21.15,20.96,21.15,28400
2023-10-05 07:00:00,21.22,21.22,21.0,21.15,19600
2023-10-06 07:00:00,21.15,21.22,21.0,21.15,29700
2023-10-09 07:00:00,21.07,21.19,21.07,21.19,13900
2023-10-10 07:00:00,21.07,21.22,21.07,21.15,7700
2023-10-11 07:00:00,21.3,21.38,21.15,21.3,10000
2023-10-12 07:00:00,21.38,21.38,21.15,21.22,3900
2023-10-13 07:00:00,21.19,21.38,21.11,21.3,14000
2023-10-16 07:00:00,21.11,21.19,20.73,20.92,34000
2023-10-17 07:00:00,20.92,20.92,20.84,20.84,7200
2023-10-18 07:00:00,20.8,20.88,20.23,20.23,43300
2023-10-19 07:00:00,20.27,20.35,20.12,20.35,15100
2023-10-20 07:00:00,20.35,20.35,19.93,19.93,26500
2023-10-23 07:00:00,19.93,19.93,19.12,19.16,47600
2023-10-24 07:00:00,19.39,19.47,19.16,19.32,21600
2023-10-25 07:00:00,19.24,19.32,19.2,19.2,7500
2023-10-26 07:00:00,19.2,19.2,18.32,18.63,83500
2023-10-27 07:00:00,18.7,18.7,18.32,18.59,22400
2023-10-30 07:00:00,18.59,18.67,18.02,18.17,43200
2023-10-31 07:00:00,18.17,18.32,17.94,17.94,63400
2023-11-01 07:00:00,18.25,18.25,17.29,17.41,109800
2023-11-02 07:00:00,17.41,17.9,17.41,17.75,31100
2023-11-03 07:00:00,18.63,18.63,17.18,17.22,65500
2023-11-06 07:00:00,17.79,17.86,17.25,17.44,23000
2023-11-07 07:00:00,17.44,17.44,16.76,16.8,99400
2023-11-08 07:00:00,17.25,17.29,16.83,17.29,52200
2023-11-09 07:00:00,17.29,17.94,17.29,17.83,64100
2023-11-10 07:00:00,17.75,17.75,17.41,17.71,31700
2023-11-13 07:00:00,17.56,17.56,17.41,17.41,33200
2023-11-14 07:00:00,17.67,17.71,17.48,17.52,30800
2023-11-15 07:00:00,17.75,18.02,17.64,17.71,45000
2023-11-16 07:00:00,17.71,17.83,17.6,17.83,9600
2023-11-17 07:00:00,17.83,18.78,17.67,17.86,39300
2023-11-20 07:00:00,17.79,17.79,17.41,17.75,17500
2023-11-21 07:00:00,17.75,17.75,17.44,17.56,40700
2023-11-22 07:00:00,17.56,17.64,17.48,17.6,6100
2023-11-23 07:00:00,18.02,18.02,17.44,17.52,28000
2023-11-24 07:00:00,17.48,17.48,17.22,17.33,12600
2023-11-27 07:00:00,17.33,17.33,17.14,17.18,15900
2023-11-28 07:00:00,17.14,17.18,16.64,17.02,89800
2023-11-29 07:00:00,17.33,17.33,17.06,17.18,9000
2023-11-30 07:00:00,17.18,17.22,17.06,17.06,18000
2023-12-01 07:00:00,17.37,17.41,17.1,17.18,9800
2023-12-04 07:00:00,17.18,17.44,17.18,17.44,24000
2023-12-05 07:00:00,17.44,17.44,17.33,17.37,20100
2023-12-06 07:00:00,17.37,17.37,17.25,17.33,38100
2023-12-07 07:00:00,17.33,17.33,17.14,17.14,40300
2023-12-08 07:00:00,17.14,17.29,17.1,17.29,16600
2023-12-11 07:00:00,17.29,17.29,17.1,17.1,29100
2023-12-12 07:00:00,17.29,17.29,17.06,17.14,81300
2023-12-13 07:00:00,17.18,17.18,17.02,17.1,37400
2023-12-14 07:00:00,17.1,17.18,16.99,17.06,38600
2023-12-15 07:00:00,17.06,17.1,17.02,17.1,13100
2023-12-18 07:00:00,17.1,17.14,16.91,17.02,20100
2023-12-19 07:00:00,17.02,17.02,16.95,16.95,77300
2023-12-20 07:00:00,17.02,17.18,17.02,17.14,20600
2023-12-21 07:00:00,17.14,17.18,17.06,17.18,19000
2023-12-22 07:00:00,17.22,17.25,17.22,17.22,8300
2023-12-25 07:00:00,17.22,17.56,17.22,17.44,27200
2023-12-26 07:00:00,17.56,17.75,17.48,17.64,25500
2023-12-27 07:00:00,17.67,18.13,17.6,17.86,84000
2023-12-28 07:00:00,17.86,17.94,17.79,17.94,10800
2023-12-29 07:00:00,17.94,18.02,17.75,17.75,23000
2024-01-02 07:00:00,17.79,17.79,17.25,17.52,52800
2024-01-03 07:00:00,17.64,17.64,17.41,17.64,25500
2024-01-04 07:00:00,17.67,18.55,17.67,18.32,21900
2024-01-05 07:00:00,18.51,18.9,18.48,18.63,47500
2024-01-08 07:00:00,19.01,19.39,18.86,19.24,38500
2024-01-09 07:00:00,19.39,19.39,18.78,18.86,24100
2024-01-10 07:00:00,18.93,19.16,18.17,18.82,39200
2024-01-11 07:00:00,18.86,18.86,18.51,18.78,13200
2024-01-12 07:00:00,18.63,18.86,18.32,18.55,43000
2024-01-15 07:00:00,18.82,19.09,18.78,18.86,17500
2024-01-16 07:00:00,18.82,18.94,18.7,18.9,8600
2024-01-17 07:00:00,18.94,18.94,18.7,18.78,9000
2024-01-18 07:00:00,18.46,18.82,18.46,18.54,9400
2024-01-19 07:00:00,18.58,18.62,18.54,18.62,4000
2024-01-22 07:00:00,18.54,18.62,18.46,18.62,27900
2024-01-23 07:00:00,18.62,18.66,18.5,18.5,16100
2024-01-24 07:00:00,18.5,18.58,18.46,18.58,10700
2024-01-25 07:00:00,18.66,18.78,18.54,18.66,7300
2024-01-26 07:00:00,18.66,18.82,18.66,18.78,12100
2024-01-29 07:00:00,18.66,18.9,18.66,18.82,8100
2024-01-30 07:00:00,18.7,18.78,18.7,18.78,8600
2024-01-31 07:00:00,18.9,18.9,18.7,18.74,15300
2024-02-01 07:00:00,18.82,18.86,18.74,18.74,36600
2024-02-02 07:00:00,18.7,18.82,18.54,18.82,11400
2024-02-05 07:00:00,18.86,18.86,18.74,18.74,15800
2024-02-06 07:00:00,18.78,18.86,18.74,18.86,55400
2024-02-07 07:00:00,18.74,19.41,18.74,19.33,17900
2024-02-15 07:00:00,19.33,19.49,19.1,19.33,12900
2024-02-16 07:00:00,19.33,19.41,19.06,19.37,17900
2024-02-19 07:00:00,19.41,19.57,19.33,19.45,27400
2024-02-20 07:00:00,19.49,19.53,19.41,19.45,10900
2024-02-21 07:00:00,19.45,19.45,19.3,19.3,12200
2024-02-22 07:00:00,19.18,19.3,19.14,19.26,15200
2024-02-23 07:00:00,19.33,19.37,19.18,19.26,53700
2024-02-26 07:00:00,19.26,19.57,19.1,19.41,27400
2024-02-27 07:00:00,19.69,20.33,19.57,20.05,43600
2024-02-28 07:00:00,20.05,20.69,20.05,20.45,53800
2024-02-29 07:00:00,20.53,20.53,20.05,20.41,19900
2024-03-01 07:00:00,20.41,20.65,20.13,20.41,32100
2024-03-04 07:00:00,20.25,20.61,20.25,20.33,38400
2024-03-05 07:00:00,20.33,20.37,20.21,20.21,11400
2024-03-06 07:00:00,20.25,20.33,20.21,20.21,21300
2024-03-07 07:00:00,20.29,20.29,20.01,20.17,46500
2024-03-08 07:00:00,20.33,20.33,19.89,20.05,56700
2024-03-11 07:00:00,20.05,20.13,19.77,20.01,44200
2024-03-12 07:00:00,20.17,20.17,19.77,20.09,44800
2024-03-13 07:00:00,19.85,20.21,19.85,20.21,49800
2024-03-14 07:00:00,20.61,21.24,20.33,21.08,147900
2024-03-15 07:00:00,21.24,21.88,20.89,21.72,88700
2024-03-18 07:00:00,21.68,21.88,20.85,21.84,123400
2024-03-19 07:00:00,21.84,21.84,21.56,21.64,49500
2024-03-20 07:00:00,21.72,21.8,21.52,21.8,27300
2024-03-21 07:00:00,21.84,21.96,21.84,21.88,18700
2024-03-22 07:00:00,21.96,22.16,21.88,22.0,52600
2024-03-25 07:00:00,21.8,22.04,21.72,21.76,22600
2024-03-26 07:00:00,21.8,21.88,21.68,21.88,47300
2024-03-27 07:00:00,21.88,21.92,21.84,21.88,35400
2024-03-28 07:00:00,21.92,22.12,21.88,21.88,24600
2024-03-29 07:00:00,22.08,22.08,21.88,21.96,17600
2024-04-01 07:00:00,21.96,22.04,21.92,22.0,28800
2024-04-02 07:00:00,21.88,22.0,21.64,21.76,30200
2024-04-03 07:00:00,21.76,21.76,21.36,21.48,72300
2024-04-04 07:00:00,21.24,21.4,21.12,21.36,32800
2024-04-05 07:00:00,21.0,21.48,21.0,21.48,15900
2024-04-08 07:00:00,21.0,21.28,21.0,21.12,21700
2024-04-09 07:00:00,21.12,21.32,21.08,21.32,35200
2024-04-10 07:00:00,21.12,21.28,21.08,21.08,15100
2024-04-11 07:00:00,21.0,21.08,20.69,20.89,23100
2024-04-12 07:00:00,20.89,20.93,20.45,20.65,28800
2024-04-15 07:00:00,20.85,20.85,20.29,20.29,51900
2024-04-16 07:00:00,20.21,20.29,19.93,20.17,35300
2024-04-17 07:00:00,20.13,20.93,20.09,20.93,16300
2024-04-19 07:00:00,20.01,20.49,20.01,20.29,21400
2024-04-22 07:00:00,20.33,20.33,20.01,20.05,6700
2024-04-23 07:00:00,20.13,20.17,19.97,19.97,22600
2024-04-24 07:00:00,19.97,20.29,19.93,19.97,42500
2024-04-25 07:00:00,19.97,19.97,19.45,19.73,32600
2024-04-26 07:00:00,20.93,20.93,19.61,19.69,25400
2024-05-02 07:00:00,19.73,20.01,19.73,19.89,15200
2024-05-03 07:00:00,20.21,20.21,19.89,20.01,13500
2024-05-06 07:00:00,19.89,20.29,19.89,20.29,60000
2024-05-07 07:00:00,20.53,20.61,20.29,20.61,80300
2024-05-08 07:00:00,20.41,21.68,20.37,21.64,137900
2024-05-09 07:00:00,21.64,22.44,21.48,22.16,171800
2024-05-10 07:00:00,22.16,22.16,21.48,21.6,48800
2024-05-13 07:00:00,21.6,22.16,21.48,21.72,21800
2024-05-14 07:00:00,21.0,21.72,21.0,21.48,14000
2024-05-15 07:00:00,21.48,21.88,21.36,21.56,55400
2024-05-16 07:00:00,21.72,21.96,21.2,21.72,176000
2024-05-17 07:00:00,21.6,21.8,21.48,21.8,34300
2024-05-20 07:00:00,21.96,22.04,21.48,21.84,233700
2024-05-21 07:00:00,21.84,22.68,21.72,22.24,368900
2024-05-22 07:00:00,22.28,22.36,21.76,22.04,157500
2024-05-23 07:00:00,21.8,22.52,21.8,22.28,205500
2024-05-24 07:00:00,22.28,23.15,21.48,22.2,595700
2024-05-27 07:00:00,22.16,22.36,22.16,22.36,88300
2024-05-28 07:00:00,22.36,23.03,22.28,22.44,241500
2024-05-29 07:00:00,22.44,22.84,22.32,22.44,309000
2024-05-30 07:00:00,22.64,22.88,22.4,22.76,198400
2024-05-31 07:00:00,22.76,22.84,22.48,22.76,138000
2024-06-03 07:00:00,23.0,23.39,22.76,23.03,149800
2024-06-04 07:00:00,23.07,23.07,22.68,22.92,86900
2024-06-05 07:00:00,22.76,24.51,22.72,24.43,491300
2024-06-06 07:00:00,24.43,24.51,23.71,24.35,85500
2024-06-07 07:00:00,24.35,24.35,23.87,24.31,85700
2024-06-10 07:00:00,23.95,24.27,23.79,23.79,86300
2024-06-11 07:00:00,23.63,24.07,23.11,23.47,88400
2024-06-12 07:00:00,23.23,24.51,23.23,23.87,153300
2024-06-13 07:00:00,23.87,24.15,23.47,23.71,83300
2024-06-14 07:00:00,23.63,23.71,23.15,23.23,122300
2024-06-17 07:00:00,23.31,23.35,23.07,23.23,54000
2024-06-18 07:00:00,23.23,23.71,22.92,23.47,121700
2024-06-19 07:00:00,23.67,23.67,23.15,23.55,25400
2024-06-20 07:00:00,23.31,23.71,23.23,23.67,73300
2024-06-21 07:00:00,23.31,23.55,23.27,23.31,73000
2024-06-24 07:00:00,23.19,23.23,22.36,22.36,88000
2024-06-25 07:00:00,22.68,22.68,22.36,22.4,57700
2024-06-26 07:00:00,22.44,22.68,22.28,22.6,72100
2024-06-27 07:00:00,22.32,22.68,22.32,22.52,82100
2024-06-28 07:00:00,22.52,22.72,22.2,22.48,52700
2024-07-01 07:00:00,22.68,22.68,22.24,22.32,101400
2024-07-02 07:00:00,22.36,22.88,22.36,22.88,52100
2024-07-03 07:00:00,22.88,23.07,22.84,23.03,54800
2024-07-04 07:00:00,23.03,23.75,22.92,23.63,88800
2024-07-05 07:00:00,23.63,25.06,23.63,25.06,317100
2024-07-08 07:00:00,25.06,25.42,24.7,25.3,130500
2024-07-09 07:00:00,24.78,25.22,24.74,25.22,62800
2024-07-10 07:00:00,24.82,25.22,24.82,24.86,21500
2024-07-11 07:00:00,24.9,25.62,24.74,25.14,81700
2024-07-12 07:00:00,25.22,25.22,24.82,24.86,23000
2024-07-15 07:00:00,24.9,25.98,24.9,25.54,140800
2024-07-16 07:00:00,25.74,25.74,25.14,25.58,61800
2024-07-17 07:00:00,25.58,25.58,24.66,25.06,65300
2024-07-18 07:00:00,25.14,25.14,23.95,24.66,67000
2024-07-19 07:00:00,24.27,24.55,23.91,24.19,37100
2024-07-22 07:00:00,24.43,24.43,23.67,24.15,51900
2024-07-23 07:00:00,24.15,24.15,23.75,23.75,12300
2024-07-24 07:00:00,23.23,23.87,23.23,23.79,41900
2024-07-25 07:00:00,23.87,23.87,23.47,23.79,14800
2024-07-26 07:00:00,23.47,23.87,23.47,23.87,35100
2024-07-29 07:00:00,23.63,24.86,23.63,24.43,156300
2024-07-30 07:00:00,24.43,24.59,24.11,24.27,24700
2024-07-31 07:00:00,24.31,24.98,23.87,24.11,91500
2024-08-01 07:00:00,24.11,24.19,23.31,23.47,40800
2024-08-02 07:00:00,23.11,23.39,22.76,23.35,77300
2024-08-05 07:00:00,23.07,23.07,21.72,21.72,240700
2024-08-06 07:00:00,21.96,22.6,21.72,22.44,53600
2024-08-07 07:00:00,22.68,22.68,22.2,22.44,21000
2024-08-08 07:00:00,22.64,22.68,22.36,22.6,14500
2024-08-09 07:00:00,23.0,23.0,22.48,22.68,16000
2024-08-12 07:00:00,22.68,22.8,22.44,22.8,19100
2024-08-13 07:00:00,22.44,22.8,22.36,22.64,27800
2024-08-14 07:00:00,22.8,23.0,22.52,23.0,81200
2024-08-15 07:00:00,23.23,23.55,22.76,23.15,24100
2024-08-16 07:00:00,23.47,23.83,22.92,23.63,102600
2024-08-19 07:00:00,23.83,23.87,23.43,23.63,14400
2024-08-20 07:00:00,23.87,23.87,23.27,23.63,3200
2024-08-21 07:00:00,23.63,23.63,23.31,23.39,17200
2024-08-22 07:00:00,23.43,23.79,23.23,23.39,4200
2024-08-23 07:00:00,23.27,23.35,23.07,23.35,3900
2024-08-26 07:00:00,23.35,23.75,23.19,23.35,12000
2024-08-27 07:00:00,23.11,23.43,23.11,23.31,17300
2024-08-28 07:00:00,23.31,23.31,23.07,23.27,7700
2024-08-29 07:00:00,23.07,23.27,22.84,23.07,22600
2024-08-30 07:00:00,23.31,23.31,22.84,23.07,3900
2024-09-04 07:00:00,22.68,23.07,22.04,22.96,8600
2024-09-05 07:00:00,23.03,23.03,22.48,23.0,5300
2024-09-06 07:00:00,23.0,23.0,22.52,23.0,13500
2024-09-09 07:00:00,22.36,22.96,22.36,22.48,14500
2024-09-10 07:00:00,22.48,22.6,22.44,22.6,19600
2024-09-11 07:00:00,23.43,23.43,22.52,22.84,10600
2024-09-12 07:00:00,23.35,23.35,22.68,22.8,5200
2024-09-13 07:00:00,22.8,22.8,22.28,22.8,11500
2024-09-16 07:00:00,23.03,23.15,22.6,22.92,8300
2024-09-17 07:00:00,22.36,22.84,22.2,22.6,71200
2024-09-18 07:00:00,22.84,22.84,22.28,22.44,31900
2024-09-19 07:00:00,22.28,22.44,22.28,22.44,11700
2024-09-20 07:00:00,22.44,22.72,22.28,22.32,21500
2024-09-23 07:00:00,22.32,22.52,22.2,22.32,4700
2024-09-24 07:00:00,22.32,22.36,22.04,22.36,29400
2024-09-25 07:00:00,22.64,22.64,22.36,22.4,8800
2024-09-26 07:00:00,22.64,22.64,22.12,22.4,7700
2024-09-27 07:00:00,22.2,22.4,22.12,22.4,15900
2024-09-30 07:00:00,22.4,22.56,22.12,22.56,9700
2024-10-01 07:00:00,22.2,22.48,22.2,22.48,20300
2024-10-02 07:00:00,22.12,22.28,22.08,22.2,8800
2024-10-03 07:00:00,22.2,22.48,22.12,22.12,18100
2024-10-04 07:00:00,22.04,22.2,22.04,22.16,5000
2024-10-07 07:00:00,22.16,22.16,21.48,21.88,56300
2024-10-08 07:00:00,21.88,22.08,21.52,22.04,8500
2024-10-09 07:00:00,21.88,22.16,21.8,22.16,7500
2024-10-10 07:00:00,22.28,22.52,22.04,22.2,4000
2024-10-11 07:00:00,22.0,22.52,22.0,22.4,23100
2024-10-14 07:00:00,22.28,22.28,22.04,22.28,4400
2024-10-15 07:00:00,22.04,22.24,21.68,22.24,8300
2024-10-16 07:00:00,21.72,22.28,21.72,22.24,6300
2024-10-17 07:00:00,22.28,22.28,21.8,22.16,8300
2024-10-18 07:00:00,22.48,22.48,22.08,22.08,27100
2024-10-21 07:00:00,22.08,22.08,21.88,22.04,4100
2024-10-22 07:00:00,21.88,22.2,21.64,21.96,44800
2024-10-23 07:00:00,22.08,22.08,21.8,22.04,7000
2024-10-24 07:00:00,22.04,22.04,21.88,21.96,6900
2024-10-25 07:00:00,21.96,22.12,21.8,22.12,12300
2024-10-28 07:00:00,22.04,22.28,21.88,22.24,15200
2024-10-29 07:00:00,22.2,22.52,22.2,22.52,18600
2024-10-30 07:00:00,22.52,22.68,22.52,22.52,700
2024-10-31 07:00:00,22.48,23.23,22.44,23.0,65300
2024-11-01 07:00:00,22.92,23.0,22.52,22.92,6500
2024-11-04 07:00:00,22.84,22.84,22.4,22.6,13000
2024-11-05 07:00:00,22.6,23.03,22.28,23.03,18800
2024-11-06 07:00:00,22.76,23.07,22.72,23.07,17200
2024-11-07 07:00:00,23.11,23.23,22.84,23.07,18100
2024-11-08 07:00:00,23.07,23.07,22.68,22.84,11300
2024-11-11 07:00:00,22.92,22.92,22.52,22.52,15800
2024-11-12 07:00:00,22.6,22.84,22.52,22.8,13900
2024-11-13 07:00:00,22.48,22.8,22.44,22.8,14300
2024-11-14 07:00:00,22.76,22.76,22.36,22.76,23900
2024-11-15 07:00:00,22.36,22.76,22.28,22.6,18200
2024-11-18 07:00:00,22.92,22.96,22.28,22.84,19300
2024-11-19 07:00:00,23.4,23.4,22.14,23.14,38800
2024-11-20 07:00:00,22.66,23.1,22.66,22.75,10600
2024-11-21 07:00:00,22.75,23.01,22.75,22.97,3100
2024-11-22 07:00:00,22.75,23.01,22.75,22.97,1500
2024-11-25 07:00:00,22.75,22.97,22.48,22.97,15600
2024-11-26 07:00:00,22.92,23.1,22.79,23.1,15400
2024-11-27 07:00:00,23.1,23.18,23.1,23.1,16200
2024-11-28 07:00:00,23.18,23.23,22.92,23.18,14000
2024-11-29 07:00:00,23.1,23.49,22.97,23.18,19000
2024-12-02 07:00:00,23.18,23.4,22.92,23.27,12800
2024-12-03 07:00:00,23.27,23.36,23.18,23.36,13600
2024-12-04 07:00:00,23.4,23.49,23.36,23.45,10600
2024-12-05 07:00:00,23.45,23.54,23.18,23.18,44500
2024-12-06 07:00:00,23.32,23.4,23.18,23.4,8300
2024-12-09 07:00:00,23.36,23.45,23.1,23.27,7800
2024-12-10 07:00:00,23.45,23.58,23.23,23.4,32800
2024-12-11 07:00:00,23.58,23.8,23.49,23.71,34000
2024-12-12 07:00:00,23.75,23.8,23.49,23.8,44200
2024-12-13 07:00:00,23.8,24.76,23.8,24.06,181000
2024-12-16 07:00:00,24.1,24.45,24.06,24.24,45700
2024-12-17 07:00:00,24.1,24.28,23.88,24.06,68800
2024-12-18 07:00:00,24.06,24.06,23.8,24.06,38500
2024-12-19 07:00:00,24.06,24.47,23.65,23.83,53400
2024-12-20 07:00:00,23.83,23.83,23.74,23.83,27300
2024-12-23 07:00:00,23.79,23.88,23.74,23.88,32200
2024-12-24 07:00:00,23.88,25.2,23.79,25.15,252400
2024-12-25 07:00:00,25.24,25.42,24.88,24.88,45600
2024-12-26 07:00:00,24.88,25.15,24.51,24.51,56800
2024-12-27 07:00:00,24.51,24.97,24.51,24.51,95600
2024-12-30 07:00:00,24.51,24.51,24.33,24.51,30800
2024-12-31 07:00:00,24.42,24.7,23.79,24.6,50200
2025-01-02 07:00:00,24.6,24.65,24.06,24.24,27100
2025-01-03 07:00:00,24.24,24.24,23.15,23.61,63600
2025-01-06 07:00:00,23.65,24.06,23.33,23.61,29400
2025-01-07 07:00:00,23.56,23.79,23.24,23.61,19400
2025-01-08 07:00:00,23.61,23.61,23.42,23.61,10200
2025-01-09 07:00:00,23.61,23.61,23.24,23.42,23800
2025-01-10 07:00:00,23.33,23.61,22.88,22.97,34600
2025-01-13 07:00:00,22.97,23.56,22.97,23.47,26500
2025-01-14 07:00:00,22.97,23.56,22.97,23.47,13100
2025-01-15 07:00:00,23.15,23.79,22.74,23.61,26100
2025-01-16 07:00:00,23.61,23.7,23.42,23.7,8100
2025-01-17 07:00:00,23.56,23.88,23.42,23.79,8600
2025-01-20 07:00:00,23.79,24.06,23.61,23.65,9900
2025-01-21 07:00:00,23.61,23.61,23.06,23.42,58300
2025-01-22 07:00:00,23.06,23.29,22.74,22.79,68700
2025-01-23 07:00:00,23.11,23.61,22.88,22.88,17000
2025-01-24 07:00:00,22.88,23.38,22.84,23.06,31300
2025-02-03 07:00:00,23.24,23.52,23.06,23.29,32300
2025-02-04 07:00:00,23.24,23.42,22.88,22.92,63600
2025-02-05 07:00:00,22.92,22.92,22.65,22.74,87400
2025-02-06 07:00:00,22.7,22.74,22.11,22.24,91400
2025-02-07 07:00:00,21.97,22.65,21.97,22.24,80300
2025-02-10 07:00:00,22.06,22.06,21.61,21.61,118900
2025-02-11 07:00:00,21.7,22.02,21.61,21.88,52400
2025-02-12 07:00:00,21.79,21.88,21.61,21.88,58600
2025-02-13 07:00:00,21.84,22.15,21.52,22.15,111700
2025-02-14 07:00:00,22.15,22.7,21.79,22.47,58100
2025-02-17 07:00:00,22.56,23.52,22.02,22.92,214500
2025-02-18 07:00:00,22.88,22.88,22.24,22.61,118100
2025-02-19 07:00:00,22.34,22.52,22.34,22.52,41600
2025-02-20 07:00:00,22.52,22.52,22.15,22.34,33900
2025-02-21 07:00:00,22.34,22.34,22.11,22.11,12700
2025-02-24 07:00:00,22.29,22.29,22.06,22.06,42000
2025-02-25 07:00:00,22.06,22.06,21.88,21.88,38800
2025-02-26 07:00:00,22.52,22.52,21.61,21.65,96600
2025-02-27 07:00:00,21.65,21.79,21.61,21.74,16600
2025-02-28 07:00:00,21.65,21.88,21.65,21.74,34300
2025-03-03 07:00:00,21.74,21.74,21.56,21.61,28500
2025-03-04 07:00:00,21.61,21.61,20.88,21.02,112200
2025-03-05 07:00:00,20.93,21.38,20.93,21.11,17000
2025-03-06 07:00:00,21.47,21.47,21.06,21.16,19900
2025-03-07 07:00:00,21.34,21.34,20.97,21.25,17900
2025-03-10 07:00:00,21.25,21.29,21.16,21.29,17300
2025-03-11 07:00:00,21.06,21.29,20.97,21.29,13100
2025-03-12 07:00:00,21.29,21.34,21.16,21.29,19900
2025-03-13 07:00:00,21.25,21.43,21.06,21.06,21100
2025-03-14 07:00:00,21.06,21.25,20.93,20.97,43600
2025-03-17 07:00:00,20.97,21.16,20.93,21.02,41000
2025-03-18 07:00:00,21.06,21.29,21.06,21.2,12100
2025-03-19 07:00:00,21.25,21.25,21.02,21.2,6700
2025-03-20 07:00:00,21.25,21.25,20.97,21.02,19900
2025-03-21 07:00:00,20.97,21.11,20.97,21.06,11000
2025-03-24 07:00:00,21.11,21.11,21.02,21.11,10500
2025-03-25 07:00:00,21.06,21.11,21.02,21.11,16000
2025-03-26 07:00:00,21.11,21.11,21.02,21.06,25300
2025-03-27 07:00:00,21.16,21.52,21.16,21.16,5600
2025-03-28 07:00:00,21.16,21.16,21.11,21.11,5400
2025-03-31 07:00:00,21.11,21.11,20.88,20.97,31400
2025-04-01 07:00:00,21.02,21.02,20.97,20.97,2100
2025-04-02 07:00:00,20.97,20.97,20.84,20.93,29700
2025-04-03 07:00:00,19.52,20.43,19.48,19.48,189200
2025-04-04 07:00:00,18.11,19.29,18.11,18.34,119900
2025-04-08 07:00:00,17.7,17.7,17.07,17.07,124800
2025-04-09 07:00:00,15.93,17.02,15.93,16.71,52900
2025-04-10 07:00:00,17.84,17.84,17.84,17.84,13800
2025-04-11 07:00:00,18.7,18.89,18.11,18.89,41100
2025-04-14 07:00:00,18.89,20.11,18.89,20.02,41100
2025-04-15 07:00:00,20.16,20.16,18.84,19.52,25100
2025-04-16 07:00:00,19.52,19.52,18.7,18.98,13900
2025-04-17 07:00:00,18.98,19.25,18.79,19.25,17700
2025-04-18 07:00:00,19.48,19.48,18.93,19.2,4800
2025-04-21 07:00:00,18.98,19.11,18.61,18.7,29300
2025-04-22 07:00:00,18.61,18.61,17.43,18.2,62700
2025-04-23 07:00:00,18.2,18.61,18.2,18.52,19200
2025-04-24 07:00:00,18.57,18.61,18.16,18.52,19800
2025-04-25 07:00:00,17.89,18.52,17.89,18.52,4900
2025-04-28 07:00:00,18.34,18.52,18.3,18.52,29700
2025-04-29 07:00:00,18.34,18.52,18.16,18.48,33100
2025-05-05 07:00:00,18.61,18.89,18.16,18.48,70600
2025-05-06 07:00:00,18.48,18.48,18.34,18.39,9100
2025-05-07 07:00:00,18.34,18.7,18.34,18.66,18700
2025-05-08 07:00:00,18.48,19.43,18.48,18.79,44200
2025-05-09 07:00:00,19.07,19.07,18.61,18.7,14700
2025-05-12 07:00:00,19.07,19.2,18.75,19.2,26900
2025-05-13 07:00:00,19.2,19.2,18.52,19.02,138100
2025-05-14 07:00:00,18.98,19.29,18.7,19.16,35700
2025-05-15 07:00:00,19.07,19.43,18.93,19.43,27100
2025-05-16 07:00:00,19.07,19.43,19.07,19.38,15700
2025-05-19 07:00:00,18.66,19.29,18.66,18.93,20600
2025-05-20 07:00:00,18.7,19.07,18.7,19.07,9000
2025-05-21 07:00:00,19.07,19.75,18.79,19.48,103600
2025-05-22 07:00:00,19.48,19.48,19.02,19.34,9300
2025-05-23 07:00:00,19.07,20.16,19.07,19.79,45000
2025-05-26 07:00:00,19.75,20.84,19.34,20.7,32600
2025-05-27 07:00:00,20.61,21.25,19.79,20.88,27400
2025-05-28 07:00:00,20.43,21.16,19.43,20.11,188300
2025-05-29 07:00:00,19.98,20.43,19.98,20.34,4800
2025-05-30 07:00:00,20.38,20.7,19.57,20.25,85000
2025-06-02 07:00:00,19.84,20.2,19.66,20.11,22800
2025-06-03 07:00:00,20.2,20.2,19.93,20.07,10300
2025-06-04 07:00:00,20.02,20.25,19.98,19.98,29300
2025-06-05 07:00:00,19.79,20.25,19.79,19.98,31000
2025-06-06 07:00:00,20.25,20.25,19.79,19.98,13300
2025-06-09 07:00:00,19.98,19.98,19.61,19.61,38900
2025-06-10 07:00:00,19.7,19.84,19.7,19.75,18200
2025-06-11 07:00:00,19.98,19.98,19.75,19.79,10500
2025-06-12 07:00:00,19.84,19.84,19.7,19.7,17200
2025-06-13 07:00:00,19.7,19.79,19.61,19.75,17800
2025-06-16 07:00:00,19.99,19.99,19.75,19.99,10200
2025-06-17 07:00:00,19.94,19.99,19.84,19.84,10800
2025-06-18 07:00:00,19.84,19.89,19.6,19.65,12600
2025-06-19 07:00:00,19.65,19.8,19.65,19.8,5900
2025-06-20 07:00:00,19.8,19.94,19.75,19.94,6700
2025-06-23 07:00:00,19.51,19.84,19.51,19.6,6700
2025-06-24 07:00:00,19.6,19.99,19.6,19.99,95600
2025-06-25 07:00:00,20.08,20.27,19.89,20.27,25200
2025-06-26 07:00:00,19.7,20.75,19.7,20.46,44000
2025-06-27 07:00:00,20.56,21.13,20.46,21.13,62300
2025-06-30 07:00:00,20.94,22.08,20.89,21.98,117400
2025-07-01 07:00:00,21.89,21.89,21.41,21.79,9200
2025-07-02 07:00:00,21.7,21.7,21.32,21.36,7600
2025-07-03 07:00:00,21.36,21.46,21.32,21.41,45700
2025-07-04 07:00:00,21.41,22.03,20.94,21.94,54100
2025-07-07 07:00:00,21.89,21.89,20.41,20.65,642900
2025-07-08 07:00:00,20.65,20.79,20.41,20.6,34300
2025-07-09 07:00:00,20.84,20.84,20.08,20.08,109800
2025-07-10 07:00:00,19.99,20.22,19.75,19.75,206200
2025-07-11 07:00:00,20.08,20.18,19.89,19.99,23300
2025-07-14 07:00:00,19.99,19.99,19.84,19.99,19900
2025-07-15 07:00:00,20.18,20.18,19.84,19.84,51000
2025-07-16 07:00:00,19.89,19.94,19.7,19.89,50000
2025-07-17 07:00:00,19.94,20.13,19.89,20.08,43300
2025-07-18 07:00:00,19.94,20.08,19.94,20.08,42900
2025-07-21 07:00:00,19.99,19.99,19.84,19.99,47700
2025-07-22 07:00:00,19.94,20.08,19.84,19.94,41000
2025-07-23 07:00:00,19.94,20.08,19.84,19.94,45300
2025-07-24 07:00:00,19.94,20.13,19.84,20.13,131100
2025-07-25 07:00:00,20.13,20.18,19.99,20.13,38200
2025-07-28 07:00:00,20.32,20.32,20.08,20.08,48400
2025-07-29 07:00:00,20.13,20.27,18.7,19.03,298400
2025-07-30 07:00:00,19.22,19.6,18.7,19.22,194800
2025-07-31 07:00:00,19.13,19.75,19.13,19.75,121100
2025-08-01 07:00:00,19.8,19.8,19.6,19.8,65500
2025-08-04 07:00:00,19.8,19.8,19.56,19.8,68200
2025-08-05 07:00:00,19.8,19.99,19.7,19.99,104500
2025-08-06 07:00:00,19.65,19.99,19.65,19.94,17000
2025-08-07 07:00:00,19.99,20.27,19.89,19.99,34600
2025-08-08 07:00:00,19.99,20.22,19.99,20.13,25800
2025-08-11 07:00:00,19.94,20.18,19.84,20.03,19300
2025-08-12 07:00:00,20.03,20.13,19.89,20.03,50400
2025-08-13 07:00:00,19.99,20.13,19.7,19.99,53300
2025-08-14 07:00:00,19.99,19.99,19.84,19.89,12300
2025-08-15 07:00:00,19.94,19.94,19.03,19.7,134300
2025-08-18 07:00:00,19.7,19.89,19.7,19.89,14200
2025-08-19 07:00:00,19.84,20.13,19.84,19.94,36500
2025-08-20 07:00:00,20.03,20.08,19.7,19.94,19800
2025-08-21 07:00:00,19.8,19.89,19.65,19.75,14700
2025-08-22 07:00:00,19.89,19.89,19.56,19.7,23200
2025-08-25 07:00:00,19.75,19.94,19.7,19.7,55600
2025-08-26 07:00:00,19.8,19.89,19.75,19.75,15000
2025-08-27 07:00:00,19.8,19.94,19.8,19.94,30300
2025-08-28 07:00:00,19.99,20.37,19.99,19.99,95500
2025-08-29 07:00:00,20.03,20.13,19.99,20.08,23700
2025-09-03 07:00:00,20.08,20.46,19.94,19.99,34500
2025-09-04 07:00:00,19.8,20.27,19.8,20.27,32800
2025-09-05 07:00:00,20.27,20.27,20.13,20.13,24400
2025-09-08 07:00:00,19.99,19.99,19.84,19.89,44200
2025-09-09 07:00:00,19.89,19.99,19.8,19.99,5900
2025-09-10 07:00:00,20.03,20.03,19.89,19.99,8700
2025-09-11 07:00:00,19.99,19.99,19.56,19.94,25100
2025-09-12 07:00:00,19.8,19.99,19.75,19.99,15900
2025-09-15 07:00:00,19.99,20.18,19.99,20.13,14000
2025-09-16 07:00:00,20.37,20.37,20.08,20.08,12200
2025-09-17 07:00:00,19.94,20.13,19.8,20.08,12700
2025-09-18 07:00:00,20.08,20.08,19.84,19.99,6500
2025-09-19 07:00:00,19.84,19.99,19.84,19.89,35300
2025-09-22 07:00:00,20.27,20.27,19.7,19.89,37200
2025-09-23 07:00:00,20.27,20.27,19.75,19.84,5100
2025-09-24 07:00:00,19.84,20.03,19.7,20.03,14100
2025-09-25 07:00:00,19.99,19.99,19.8,19.94,5500
2025-09-26 07:00:00,19.94,20.46,19.8,19.99,16200
2025-09-29 07:00:00,19.99,19.99,19.8,19.8,13100
2025-09-30 07:00:00,19.8,19.99,19.6,19.8,24700
2025-10-01 07:00:00,19.65,19.8,19.6,19.7,5300
2025-10-02 07:00:00,19.7,19.89,19.6,19.89,10100
2025-10-03 07:00:00,19.7,19.89,19.7,19.89,6400
2025-10-06 07:00:00,19.89,19.99,19.8,19.99,15700
2025-10-07 07:00:00,19.94,19.99,19.84,19.99,13800
2025-10-08 07:00:00,19.94,19.99,19.89,19.99,4200
2025-10-09 07:00:00,19.99,20.03,19.8,19.89,9300
2025-10-10 07:00:00,19.99,19.99,19.84,19.89,16500
2025-10-13 07:00:00,19.51,19.8,19.51,19.8,9700
2025-10-14 07:00:00,19.7,19.89,19.65,19.8,3700
2025-10-15 07:00:00,19.6,19.94,19.6,19.94,6700
2025-10-16 07:00:00,19.7,19.84,19.6,19.84,5900
2025-10-17 07:00:00,19.46,19.75,19.41,19.51,30100
2025-10-20 07:00:00,19.51,19.8,19.13,19.13,21000
2025-10-21 07:00:00,19.22,19.6,19.03,19.41,84900
2025-10-22 07:00:00,19.03,19.37,19.03,19.37,95000
2025-10-23 07:00:00,19.37,19.65,19.32,19.65,1800
2025-10-24 07:00:00,19.65,19.65,19.46,19.56,4700
2025-10-27 07:00:00,19.56,19.56,19.03,19.32,23500
2025-10-28 07:00:00,19.32,19.32,19.32,19.32,16900
2025-10-29 07:00:00,19.6,19.6,19.22,19.32,18900
2025-10-30 07:00:00,19.32,19.56,19.18,19.32,7000
2025-10-31 07:00:00,19.51,19.94,19.51,19.89,34400
2025-11-03 07:00:00,19.99,19.99,19.7,19.7,21000
2025-11-04 07:00:00,19.7,19.94,19.32,19.7,22200
2025-11-05 07:00:00,19.7,19.89,19.6,19.8,15400
2025-11-06 07:00:00,19.8,19.89,19.7,19.89,15000
2025-11-07 07:00:00,19.75,19.84,19.65,19.65,16700
2025-11-10 07:00:00,19.51,20.18,19.51,19.65,15100
2025-11-11 07:00:00,19.8,20.08,19.8,19.89,15700
2025-11-12 07:00:00,19.51,19.89,19.51,19.89,19200
2025-11-13 07:00:00,19.99,19.99,19.84,19.99,12200
2025-11-14 07:00:00,19.99,20.08,19.84,19.94,7200
2025-11-17 07:00:00,19.84,19.99,19.84,19.94,13700
2025-11-18 07:00:00,19.94,19.94,19.8,19.94,14300
2025-11-19 07:00:00,19.89,19.89,19.89,19.89,700
2025-11-20 07:00:00,19.89,19.89,19.84,19.84,4200
2025-11-21 07:00:00,19.75,19.8,19.6,19.8,22400
2025-11-24 07:00:00,19.6,19.75,19.6,19.75,13400
2025-11-25 07:00:00,19.8,19.84,19.6,19.6,23300
2025-11-26 07:00:00,19.65,19.65,19.6,19.65,3900
2025-11-27 07:00:00,19.65,19.89,19.65,19.7,18100
2025-11-28 07:00:00,19.6,19.7,19.6,19.7,9300
2025-12-01 07:00:00,19.6,19.7,19.37,19.7,37700
2025-12-02 07:00:00,19.6,19.7,19.6,19.7,30700
2025-12-03 07:00:00,19.7,19.75,19.7,19.75,31000
2025-12-04 07:00:00,19.7,19.89,19.7,19.84,50800
2025-12-05 07:00:00,19.84,20.22,19.84,20.13,51600
2025-12-08 07:00:00,20.13,20.41,19.99,20.27,46000
2025-12-09 07:00:00,20.27,20.27,20.13,20.13,38000
2025-12-10 07:00:00,20.13,20.18,19.94,20.18,17800
2025-12-11 07:00:00,20.18,20.18,20.13,20.13,1500
2025-12-12 07:00:00,20.13,20.13,19.7,19.99,70000
2025-12-15 07:00:00,19.8,19.94,19.65,19.94,6600
2025-12-16 07:00:00,19.94,19.94,19.51,19.7,24700
2025-12-17 07:00:00,19.56,19.7,19.51,19.7,19700
2025-12-18 07:00:00,19.56,19.7,19.46,19.7,3300
2025-12-19 07:00:00,19.6,19.65,19.51,19.6,27500
2025-12-22 07:00:00,19.7,19.99,19.7,19.8,24700
2025-12-23 07:00:00,19.99,20.22,19.8,19.89,11200
2025-12-24 07:00:00,19.89,19.94,19.8,19.8,14500
2025-12-25 07:00:00,19.84,19.94,19.7,19.94,21800
2025-12-26 07:00:00,19.8,19.84,19.75,19.84,17300
2025-12-29 07:00:00,19.94,19.99,19.84,19.84,24100
2025-12-30 07:00:00,19.99,19.99,19.56,19.84,53900
2025-12-31 07:00:00,19.99,20.03,19.84,19.99,19700
2026-01-05 07:00:00,20.18,20.18,19.89,20.13,27400
2026-01-06 07:00:00,20.13,20.13,18.75,19.7,57300
2026-01-07 07:00:00,19.9,19.9,19.5,19.8,18900
2026-01-08 07:00:00,19.85,19.9,19.5,19.6,25800
2026-01-09 07:00:00,19.6,19.8,19.6,19.65,7800
2026-01-12 07:00:00,19.7,19.8,19.65,19.65,14000
2026-01-13 07:00:00,19.7,19.8,19.65,19.8,17100
2026-01-14 07:00:00,19.5,19.75,19.5,19.65,12200
2026-01-15 07:00:00,19.65,19.75,19.6,19.6,10100
2026-01-16 07:00:00,19.8,19.8,19.6,19.65,12500
2026-01-19 07:00:00,19.7,19.85,19.65,19.65,10700
2026-01-20 07:00:00,19.65,19.85,19.65,19.85,10800
2026-01-21 07:00:00,19.85,19.85,19.6,19.85,8500
2026-01-22 07:00:00,19.65,19.85,19.65,19.75,24600
2026-01-23 07:00:00,19.75,19.9,19.75,19.75,9300
2026-01-26 07:00:00,19.75,19.75,19.6,19.6,4400
2026-01-27 07:00:00,19.6,19.75,19.55,19.75,5200
2026-01-28 07:00:00,19.75,19.75,19.05,19.55,59300
2026-01-29 07:00:00,19.2,19.55,19.2,19.5,16600
2026-01-30 07:00:00,19.4,19.6,19.35,19.35,24800
2026-02-02 07:00:00,19.5,19.7,19.4,19.65,17800
2026-02-03 07:00:00,19.7,19.9,19.6,19.75,19900
2026-02-04 07:00:00,19.7,19.75,19.65,19.75,4000
2026-02-05 07:00:00,19.8,19.9,19.65,19.65,17900
2026-02-06 07:00:00,19.8,19.8,19.55,19.6,10800
2026-02-09 07:00:00,19.6,19.8,19.5,19.7,8100
2026-02-10 07:00:00,19.7,19.75,19.7,19.7,66700
2026-02-11 07:00:00,19.7,19.8,19.7,19.7,16800
2026-02-12 07:00:00,19.7,19.8,19.7,19.8,9500
2026-02-13 07:00:00,19.8,20.1,19.8,19.85,32700
2026-02-23 07:00:00,20.2,20.2,20.0,20.1,15600
2026-02-24 07:00:00,20.05,20.1,19.95,20.1,10600
2026-02-25 07:00:00,20.1,20.2,20.0,20.05,13100
2026-02-26 07:00:00,20.0,20.05,20.0,20.0,10700
2026-02-27 07:00:00,20.1,20.1,19.95,19.95,26800
2026-03-02 07:00:00,19.95,20.0,19.9,20.0,49800
2026-03-03 07:00:00,20.0,20.0,19.95,19.95,58100
2026-03-04 07:00:00,19.95,20.0,19.85,19.85,74600
2026-03-05 07:00:00,19.85,19.9,19.75,19.75,16400
2026-03-06 07:00:00,19.75,19.9,19.75,19.9,15300
2026-03-09 07:00:00,19.3,19.5,18.8,19.4,69800
2026-03-10 07:00:00,19.45,19.65,19.2,19.65,21700
2026-03-11 07:00:00,19.25,19.5,19.25,19.3,3100
2026-03-12 07:00:00,19.5,19.5,19.0,19.2,18300
2026-03-13 07:00:00,19.05,19.3,19.05,19.3,17600
2026-03-16 07:00:00,19.05,19.25,19.05,19.25,2300
2026-03-17 07:00:00,19.25,19.35,19.25,19.35,2100
2026-03-18 07:00:00,19.45,19.45,19.35,19.4,2900
2026-03-19 07:00:00,18.9,19.35,18.9,19.15,6100
2026-03-20 07:00:00,19.15,19.15,18.9,19.05,22700
2026-03-23 07:00:00,19.0,19.0,18.75,18.75,60600
2026-03-24 07:00:00,18.85,19.2,18.85,19.1,11600
2026-03-25 07:00:00,19.15,19.2,18.9,19.05,10000
2026-03-26 07:00:00,19.0,19.1,19.0,19.1,4300
2026-03-27 07:00:00,19.2,19.2,18.9,19.2,2400
2026-03-30 07:00:00,19.0,19.2,18.9,19.2,1100
2026-03-31 07:00:00,19.2,19.2,18.9,19.0,10500
2026-04-01 07:00:00,19.0,19.2,19.0,19.1,27400
2026-04-02 07:00:00,19.0,19.1,19.0,19.1,4900
2026-04-03 07:00:00,19.0,19.1,18.95,18.95,6100
2026-04-06 07:00:00,18.95,19.15,18.95,19.15,6700
2026-04-07 07:00:00,18.95,19.35,18.9,19.0,21900
2026-04-08 07:00:00,19.05,19.15,19.0,19.15,9200
2026-04-09 07:00:00,19.15,19.35,19.15,19.15,10800
2026-04-10 07:00:00,19.05,19.2,19.05,19.2,4000
2026-04-13 07:00:00,19.2,19.2,19.05,19.2,2100
2026-04-14 07:00:00,19.2,19.2,19.0,19.2,6000
2026-04-15 07:00:00,19.2,19.2,19.1,19.2,4300
2026-04-16 07:00:00,19.2,19.2,19.05,19.1,3400
2026-04-17 07:00:00,19.15,19.15,19.1,19.1,3200
2026-04-20 07:00:00,19.2,19.2,19.0,19.0,13100
2026-04-21 07:00:00,19.0,19.05,18.9,19.0,21500
2026-04-22 07:00:00,19.05,19.05,18.9,19.0,7400
2026-04-23 07:00:00,19.0,19.0,19.0,19.0,1000
2026-04-24 07:00:00,19.0,19.0,18.9,18.9,7200
2026-04-28 07:00:00,19.1,19.1,18.9,18.9,2100
2026-04-29 07:00:00,18.85,18.9,18.7,18.9,19000
2026-05-04 07:00:00,18.9,18.9,18.7,18.7,8500
2026-05-05 07:00:00,18.6,18.6,18.35,18.45,44200
2026-05-06 07:00:00,18.4,18.4,18.1,18.15,91900
2026-05-07 07:00:00,18.2,18.2,17.9,18.1,57300
2026-05-08 07:00:00,18.1,18.5,18.1,18.5,25500
2026-05-11 07:00:00,18.5,18.5,18.0,18.3,29000
2026-05-12 07:00:00,18.2,18.25,18.0,18.0,19300
2026-05-13 07:00:00,18.0,18.2,17.95,18.2,13700
2026-05-14 07:00:00,18.1,18.15,18.0,18.15,5200
2026-05-15 07:00:00,18.05,18.05,17.95,17.95,21200
2026-05-18 07:00:00,18.15,18.15,17.95,18.15,13900
2026-05-19 07:00:00,18.15,18.15,17.95,18.0,11700
2026-05-20 07:00:00,18.0,18.0,17.7,18.0,25900
2026-05-21 07:00:00,18.1,18.1,18.0,18.0,1100
2026-05-22 07:00:00,17.85,18.0,17.85,17.9,4500
2026-05-25 07:00:00,17.9,17.9,17.6,17.85,27600
2026-05-26 07:00:00,17.85,17.85,17.65,17.85,19500
2026-05-27 07:00:00,17.85,17.9,17.65,17.9,19800
