time,open,high,low,close,volume
2018-01-02 07:00:00,7.68,7.76,7.64,7.68,77410
2018-01-03 07:00:00,7.68,7.7,7.62,7.65,208970
2018-01-04 07:00:00,7.68,7.75,7.63,7.7,80010
2018-01-05 07:00:00,7.7,7.74,7.6,7.67,59830
2018-01-08 07:00:00,7.7,8.01,7.7,7.93,224350
2018-01-09 07:00:00,7.95,8.05,7.85,7.94,214550
2018-01-10 07:00:00,7.95,7.95,7.76,7.86,178020
2018-01-11 07:00:00,8.16,8.4,7.99,8.4,722640
2018-01-12 07:00:00,8.82,8.98,8.72,8.82,839690
2018-01-15 07:00:00,8.87,8.87,8.41,8.51,236550
2018-01-16 07:00:00,8.61,8.7,8.24,8.61,320300
2018-01-17 07:00:00,8.26,8.59,8.26,8.26,182550
2018-01-18 07:00:00,8.09,8.32,7.99,8.32,194220
2018-01-19 07:00:00,8.22,8.32,8.05,8.09,207530
2018-01-22 07:00:00,8.03,8.18,8.03,8.09,160030
2018-01-25 07:00:00,8.09,8.09,7.89,7.91,153910
2018-01-26 07:00:00,7.91,8.3,7.91,8.3,179880
2018-01-29 07:00:00,8.3,8.53,8.3,8.47,228220
2018-01-30 07:00:00,8.47,8.63,8.36,8.51,295310
2018-01-31 07:00:00,8.61,8.61,8.2,8.41,243840
2018-02-01 07:00:00,8.45,8.49,8.32,8.36,80780
2018-02-02 07:00:00,8.41,8.49,8.36,8.41,247930
2018-02-05 07:00:00,8.3,8.3,7.85,7.99,144460
2018-02-06 07:00:00,7.47,7.97,7.47,7.58,283660
2018-02-07 07:00:00,7.58,7.91,7.58,7.89,74980
2018-02-08 07:00:00,7.89,7.89,7.64,7.64,25420
2018-02-09 07:00:00,7.16,7.87,7.16,7.85,121670
2018-02-12 07:00:00,7.89,8.09,7.89,8.09,13640
2018-02-13 07:00:00,8.09,8.2,7.89,8.07,28150
2018-02-21 07:00:00,8.2,8.2,7.92,7.92,44760
2018-02-22 07:00:00,7.99,8.09,7.85,7.89,44280
2018-02-23 07:00:00,7.89,7.95,7.8,7.8,22160
2018-02-26 07:00:00,7.8,7.95,7.76,7.95,45430
2018-02-27 07:00:00,8.04,8.05,7.89,7.99,59580
2018-02-28 07:00:00,8.09,8.16,8.01,8.03,61140
2018-03-01 07:00:00,8.09,8.12,7.99,8.09,20110
2018-03-02 07:00:00,8.09,8.13,8.06,8.09,117070
2018-03-05 07:00:00,8.09,8.09,7.96,7.97,27960
2018-03-06 07:00:00,7.89,8.05,7.89,7.97,10130
2018-03-07 07:00:00,7.97,7.97,7.8,7.87,54650
2018-03-08 07:00:00,7.87,7.87,7.74,7.8,22140
2018-03-09 07:00:00,7.74,7.87,7.74,7.8,85190
2018-03-12 07:00:00,7.8,7.83,7.68,7.76,82160
2018-03-13 07:00:00,7.64,7.89,7.58,7.89,82910
2018-03-14 07:00:00,7.89,7.89,7.74,7.8,35170
2018-03-15 07:00:00,7.8,7.8,7.68,7.72,37660
2018-03-16 07:00:00,7.85,7.85,7.65,7.68,134490
2018-03-19 07:00:00,7.89,7.89,7.6,7.64,130560
2018-03-20 07:00:00,7.85,7.99,7.85,7.86,379410
2018-03-21 07:00:00,7.97,8.09,7.95,8.0,218150
2018-03-22 07:00:00,8.0,8.02,7.87,7.87,68770
2018-03-23 07:00:00,7.39,7.8,7.39,7.68,131340
2018-03-26 07:00:00,7.66,7.89,7.66,7.66,115780
2018-03-27 07:00:00,7.66,7.89,7.64,7.66,92010
2018-03-28 07:00:00,7.77,7.87,7.66,7.76,126750
2018-03-29 07:00:00,7.89,7.89,7.68,7.76,96260
2018-03-30 07:00:00,7.68,7.78,7.68,7.78,94300
2018-04-02 07:00:00,7.88,7.88,7.72,7.72,135890
2018-04-03 07:00:00,7.7,7.74,7.53,7.62,218350
2018-04-04 07:00:00,7.62,7.64,7.53,7.58,228290
2018-04-05 07:00:00,7.58,7.93,7.12,7.28,236900
2018-04-06 07:00:00,7.28,7.69,7.28,7.54,108310
2018-04-09 07:00:00,7.58,7.77,7.45,7.48,79670
2018-04-10 07:00:00,7.45,7.48,6.98,7.12,115620
2018-04-11 07:00:00,6.8,6.86,6.64,6.64,361070
2018-04-12 07:00:00,6.35,6.8,6.35,6.64,64470
2018-04-13 07:00:00,6.64,6.64,6.35,6.48,22240
2018-04-16 07:00:00,6.38,6.44,6.31,6.35,66830
2018-04-17 07:00:00,6.38,6.54,6.38,6.54,109130
2018-04-18 07:00:00,6.54,6.73,6.48,6.6,37580
2018-04-19 07:00:00,6.6,6.6,6.35,6.48,34060
2018-04-20 07:00:00,6.51,6.59,6.38,6.44,28260
2018-04-23 07:00:00,6.15,6.48,6.01,6.01,227530
2018-04-24 07:00:00,5.63,5.7,5.6,5.62,279880
2018-04-26 07:00:00,5.62,5.7,5.41,5.5,66910
2018-04-27 07:00:00,5.34,5.55,5.34,5.52,23930
2018-05-02 07:00:00,5.52,5.67,5.34,5.34,27640
2018-05-03 07:00:00,5.28,5.34,5.18,5.18,99460
2018-05-04 07:00:00,5.18,5.31,5.15,5.31,84090
2018-05-07 07:00:00,5.31,5.67,5.31,5.63,41790
2018-05-08 07:00:00,5.65,5.67,5.5,5.5,33640
2018-05-09 07:00:00,5.5,5.63,5.5,5.55,23640
2018-05-10 07:00:00,5.37,5.57,5.37,5.49,19440
2018-05-11 07:00:00,5.31,5.5,5.31,5.49,44690
2018-05-14 07:00:00,5.34,5.54,5.34,5.49,28020
2018-05-15 07:00:00,5.41,5.54,5.41,5.5,21800
2018-05-16 07:00:00,5.54,5.83,5.5,5.76,79660
2018-05-17 07:00:00,5.76,5.76,5.57,5.57,12980
2018-05-18 07:00:00,5.44,5.57,5.39,5.55,88220
2018-05-21 07:00:00,5.6,5.6,5.37,5.41,44870
2018-05-22 07:00:00,5.28,5.37,5.05,5.07,162730
2018-05-23 07:00:00,5.02,5.15,4.92,5.02,49780
2018-05-24 07:00:00,5.02,5.2,5.02,5.12,43640
2018-05-25 07:00:00,5.12,5.15,5.02,5.02,55480
2018-05-28 07:00:00,5.08,5.08,4.73,4.73,184550
2018-05-29 07:00:00,4.86,4.86,4.57,4.76,96070
2018-05-30 07:00:00,4.76,4.86,4.73,4.76,167560
2018-05-31 07:00:00,4.76,4.87,4.76,4.81,84820
2018-06-01 07:00:00,4.92,5.1,4.82,5.02,168100
2018-06-04 07:00:00,5.02,5.1,4.86,5.02,103380
2018-06-05 07:00:00,5.05,5.34,4.97,5.34,158250
2018-06-06 07:00:00,5.36,5.36,5.18,5.34,62670
2018-06-07 07:00:00,5.37,5.71,5.31,5.67,188660
2018-06-08 07:00:00,5.57,5.6,5.46,5.6,50940
2018-06-11 07:00:00,5.54,5.6,5.24,5.28,102030
2018-06-12 07:00:00,5.08,5.24,5.0,5.18,130480
2018-06-13 07:00:00,5.24,5.41,5.24,5.37,162640
2018-06-14 07:00:00,5.37,5.41,5.29,5.36,7240
2018-06-15 07:00:00,5.34,5.47,5.34,5.44,62420
2018-06-18 07:00:00,5.44,5.44,5.12,5.12,14630
2018-06-19 07:00:00,4.95,5.21,4.79,5.02,98870
2018-06-20 07:00:00,5.02,5.24,4.97,5.18,57610
2018-06-21 07:00:00,5.15,5.28,5.05,5.18,7520
2018-06-22 07:00:00,5.18,5.47,5.18,5.41,149080
2018-06-25 07:00:00,5.41,5.41,5.24,5.34,16570
2018-06-26 07:00:00,5.34,5.34,5.2,5.26,4970
2018-06-27 07:00:00,5.18,5.31,5.18,5.21,30430
2018-06-28 07:00:00,5.18,5.18,5.02,5.12,20920
2018-06-29 07:00:00,5.05,5.18,5.02,5.12,18360
2018-07-02 07:00:00,5.12,5.18,4.95,5.12,37510
2018-07-03 07:00:00,5.12,5.24,5.08,5.12,113030
2018-07-04 07:00:00,5.08,5.18,5.08,5.18,61100
2018-07-05 07:00:00,5.21,5.46,5.18,5.28,222060
2018-07-06 07:00:00,5.37,5.37,5.12,5.18,105420
2018-07-09 07:00:00,5.42,5.42,5.28,5.33,15650
2018-07-10 07:00:00,5.41,5.5,5.37,5.47,165940
2018-07-11 07:00:00,5.47,5.5,5.24,5.37,40150
2018-07-12 07:00:00,5.37,5.42,5.24,5.28,32030
2018-07-13 07:00:00,5.47,5.47,5.29,5.31,30700
2018-07-16 07:00:00,5.31,5.47,5.24,5.31,37540
2018-07-17 07:00:00,5.28,5.33,5.21,5.21,69650
2018-07-18 07:00:00,5.18,5.33,5.18,5.33,50600
2018-07-19 07:00:00,5.34,5.7,5.34,5.7,366900
2018-07-20 07:00:00,5.63,5.99,5.63,5.83,125550
2018-07-23 07:00:00,5.96,5.96,5.54,5.8,115580
2018-07-24 07:00:00,5.6,5.8,5.47,5.47,112140
2018-07-25 07:00:00,5.37,5.44,5.28,5.44,95470
2018-07-26 07:00:00,5.41,5.44,5.31,5.31,40710
2018-07-27 07:00:00,5.28,5.37,5.18,5.34,47080
2018-07-30 07:00:00,5.34,5.41,5.28,5.39,52800
2018-07-31 07:00:00,5.39,5.46,5.18,5.37,150290
2018-08-01 07:00:00,5.34,5.34,5.21,5.21,117640
2018-08-02 07:00:00,5.24,5.24,4.92,5.1,149300
2018-08-03 07:00:00,5.03,5.15,4.99,5.05,268990
2018-08-06 07:00:00,5.05,5.13,5.02,5.1,37510
2018-08-07 07:00:00,5.05,5.12,4.99,5.05,41070
2018-08-08 07:00:00,4.92,5.08,4.92,5.05,55750
2018-08-09 07:00:00,4.95,5.03,4.92,4.95,106220
2018-08-10 07:00:00,4.92,4.99,4.92,4.92,82710
2018-08-13 07:00:00,5.1,5.1,4.89,4.94,258770
2018-08-14 07:00:00,4.94,4.94,4.82,4.82,226760
2018-08-15 07:00:00,4.82,5.08,4.82,5.05,177190
2018-08-16 07:00:00,5.05,5.08,4.95,4.95,66490
2018-08-17 07:00:00,5.05,5.05,4.95,4.95,48030
2018-08-20 07:00:00,4.95,4.99,4.86,4.89,49100
2018-08-21 07:00:00,4.89,4.97,4.86,4.89,73290
2018-08-22 07:00:00,4.97,4.97,4.86,4.92,75180
2018-08-23 07:00:00,4.92,4.92,4.86,4.92,36630
2018-08-24 07:00:00,4.92,5.08,4.92,5.05,127820
2018-08-27 07:00:00,5.12,5.21,5.03,5.13,134280
2018-08-28 07:00:00,5.05,5.18,5.05,5.08,48980
2018-08-29 07:00:00,5.05,5.08,5.02,5.02,13730
2018-08-30 07:00:00,5.08,5.15,5.03,5.15,61770
2018-08-31 07:00:00,5.15,5.15,4.95,4.95,66420
2018-09-04 07:00:00,4.99,5.07,4.94,4.94,29290
2018-09-05 07:00:00,4.94,5.03,4.92,5.0,73090
2018-09-06 07:00:00,4.97,5.0,4.89,4.94,54760
2018-09-07 07:00:00,4.99,5.15,4.95,5.08,89000
2018-09-10 07:00:00,5.13,5.41,5.1,5.31,294940
2018-09-11 07:00:00,5.39,5.47,5.29,5.29,178070
2018-09-12 07:00:00,5.28,5.31,5.21,5.28,83780
2018-09-13 07:00:00,5.16,5.24,5.12,5.18,161640
2018-09-14 07:00:00,5.2,5.34,5.2,5.31,155870
2018-09-17 07:00:00,5.37,5.57,5.37,5.46,190330
2018-09-18 07:00:00,5.47,5.67,5.39,5.67,463080
2018-09-19 07:00:00,5.73,5.76,5.57,5.6,269120
2018-09-20 07:00:00,5.63,5.63,5.54,5.63,183760
2018-09-21 07:00:00,5.63,5.68,5.5,5.55,258240
2018-09-24 07:00:00,5.55,5.6,5.52,5.57,150970
2018-09-25 07:00:00,5.54,5.6,5.5,5.6,148190
2018-09-26 07:00:00,5.6,5.99,5.57,5.99,556600
2018-09-27 07:00:00,6.1,6.31,6.01,6.15,470820
2018-09-28 07:00:00,6.15,6.22,5.99,5.99,158790
2018-10-01 07:00:00,5.96,6.09,5.84,5.92,333590
2018-10-02 07:00:00,5.83,5.96,5.83,5.88,121050
2018-10-03 07:00:00,5.88,6.05,5.88,6.02,128580
2018-10-04 07:00:00,6.05,6.15,5.92,6.05,153160
2018-10-05 07:00:00,6.07,6.09,5.96,5.96,156120
2018-10-08 07:00:00,5.91,5.96,5.67,5.67,208150
2018-10-09 07:00:00,5.73,5.8,5.57,5.58,190940
2018-10-10 07:00:00,5.58,5.6,5.24,5.24,380880
2018-10-11 07:00:00,5.08,5.24,4.94,5.08,382770
2018-10-12 07:00:00,5.05,5.21,4.86,5.18,281690
2018-10-15 07:00:00,5.21,5.21,4.97,5.12,89840
2018-10-16 07:00:00,5.16,5.47,5.16,5.47,120770
2018-10-17 07:00:00,5.47,5.5,5.36,5.46,54520
2018-10-18 07:00:00,5.46,5.58,5.34,5.49,212030
2018-10-19 07:00:00,5.39,5.49,5.31,5.31,88410
2018-10-22 07:00:00,5.34,5.34,5.12,5.12,64610
2018-10-23 07:00:00,5.12,5.34,4.99,5.21,111770
2018-10-24 07:00:00,5.21,5.34,5.2,5.21,62950
2018-10-25 07:00:00,5.12,5.18,5.1,5.15,120290
2018-10-26 07:00:00,5.37,5.37,5.21,5.31,52100
2018-10-29 07:00:00,5.21,5.31,5.18,5.24,21840
2018-10-30 07:00:00,5.24,5.24,5.07,5.12,55910
2018-10-31 07:00:00,5.15,5.24,5.12,5.21,116470
2018-11-01 07:00:00,5.21,5.21,5.1,5.18,35470
2018-11-02 07:00:00,5.21,5.21,5.08,5.15,29220
2018-11-05 07:00:00,5.03,5.15,5.03,5.05,37940
2018-11-06 07:00:00,5.18,5.18,5.05,5.15,21360
2018-11-07 07:00:00,5.15,5.15,5.05,5.12,29730
2018-11-08 07:00:00,5.12,5.12,5.03,5.12,73960
2018-11-09 07:00:00,5.03,5.15,5.03,5.05,49300
2018-11-12 07:00:00,5.05,5.08,5.02,5.08,54420
2018-11-13 07:00:00,4.99,5.08,4.99,4.99,29140
2018-11-14 07:00:00,4.99,5.05,4.99,4.99,73390
2018-11-15 07:00:00,4.99,5.05,4.95,5.02,41080
2018-11-16 07:00:00,5.02,5.02,4.99,5.02,41680
2018-11-19 07:00:00,4.95,5.02,4.95,4.99,47420
2018-11-20 07:00:00,4.95,5.02,4.95,5.02,37830
2018-11-21 07:00:00,5.02,5.36,5.02,5.36,218780
2018-11-22 07:00:00,5.34,5.44,5.26,5.34,40360
2018-11-23 07:00:00,5.34,5.34,5.2,5.2,31430
2018-11-26 07:00:00,5.2,5.34,5.12,5.12,49720
2018-11-27 07:00:00,5.12,5.23,5.12,5.12,61500
2018-11-28 07:00:00,5.12,5.21,5.12,5.18,63440
2018-11-29 07:00:00,5.15,5.28,5.15,5.18,104970
2018-11-30 07:00:00,5.28,5.28,5.18,5.23,58370
2018-12-03 07:00:00,5.31,5.44,5.24,5.44,74410
2018-12-04 07:00:00,5.47,5.47,5.28,5.34,66200
2018-12-05 07:00:00,5.34,5.34,5.2,5.31,53880
2018-12-06 07:00:00,5.24,5.33,5.23,5.28,70380
2018-12-07 07:00:00,5.31,5.34,5.21,5.21,36490
2018-12-10 07:00:00,5.21,5.34,5.21,5.28,22370
2018-12-11 07:00:00,5.28,5.31,5.24,5.28,8920
2018-12-12 07:00:00,5.28,5.29,5.21,5.28,63080
2018-12-13 07:00:00,5.31,5.31,5.24,5.28,52070
2018-12-14 07:00:00,5.29,5.29,5.18,5.2,40580
2018-12-17 07:00:00,5.18,5.21,5.13,5.2,48940
2018-12-18 07:00:00,5.1,5.18,5.02,5.15,79370
2018-12-19 07:00:00,5.15,5.18,5.08,5.08,11340
2018-12-20 07:00:00,5.15,5.15,5.08,5.15,11490
2018-12-21 07:00:00,5.15,5.18,4.94,5.18,10160
2018-12-24 07:00:00,5.05,5.24,5.05,5.12,5710
2018-12-25 07:00:00,5.12,5.12,4.95,4.99,50000
2018-12-26 07:00:00,4.95,5.18,4.95,5.15,59830
2018-12-27 07:00:00,5.18,5.18,5.08,5.15,37710
2018-12-28 07:00:00,5.18,5.18,5.05,5.08,41890
2019-01-02 07:00:00,5.15,5.15,5.1,5.15,40430
2019-01-03 07:00:00,5.15,5.18,5.08,5.15,136450
2019-01-04 07:00:00,5.2,5.2,5.03,5.13,33330
2019-01-07 07:00:00,5.21,5.31,5.12,5.26,57570
2019-01-08 07:00:00,5.26,5.31,5.18,5.31,59060
2019-01-09 07:00:00,5.34,5.62,5.34,5.52,123400
2019-01-10 07:00:00,5.65,5.65,5.46,5.52,44240
2019-01-11 07:00:00,5.5,5.62,5.5,5.5,49510
2019-01-14 07:00:00,5.5,5.57,5.44,5.5,13610
2019-01-15 07:00:00,5.46,5.67,5.46,5.62,148700
2019-01-16 07:00:00,5.54,5.62,5.39,5.39,81610
2019-01-17 07:00:00,5.44,5.47,5.36,5.36,17520
2019-01-18 07:00:00,5.44,5.44,5.24,5.42,50870
2019-01-21 07:00:00,5.42,5.42,5.2,5.34,73010
2019-01-22 07:00:00,5.24,5.37,5.24,5.34,24630
2019-01-23 07:00:00,5.34,5.41,5.26,5.34,72730
2019-01-24 07:00:00,5.37,5.37,5.21,5.23,120540
2019-01-25 07:00:00,5.24,5.44,5.18,5.18,20790
2019-01-28 07:00:00,5.12,5.28,5.12,5.18,10660
2019-01-29 07:00:00,5.18,5.31,5.15,5.18,31330
2019-01-30 07:00:00,5.31,5.31,5.15,5.2,58860
2019-01-31 07:00:00,5.31,5.36,5.26,5.26,45960
2019-02-01 07:00:00,5.31,5.36,5.28,5.31,13280
2019-02-11 07:00:00,5.24,5.44,5.24,5.29,14960
2019-02-12 07:00:00,5.34,5.44,5.34,5.41,60940
2019-02-13 07:00:00,5.5,5.62,5.49,5.52,157060
2019-02-14 07:00:00,5.52,5.6,5.5,5.57,67240
2019-02-15 07:00:00,5.42,5.58,5.42,5.52,28220
2019-02-18 07:00:00,5.54,5.57,5.44,5.46,45220
2019-02-19 07:00:00,5.42,5.5,5.36,5.47,121320
2019-02-20 07:00:00,5.54,5.67,5.54,5.6,324790
2019-02-21 07:00:00,5.6,5.6,5.49,5.5,84050
2019-02-22 07:00:00,5.44,5.47,5.44,5.47,18740
2019-02-25 07:00:00,5.46,5.46,5.37,5.44,239230
2019-02-26 07:00:00,5.44,5.47,5.37,5.37,115270
2019-02-27 07:00:00,5.37,5.44,5.37,5.42,31050
2019-02-28 07:00:00,5.47,5.47,5.37,5.37,125640
2019-03-01 07:00:00,5.37,5.46,5.37,5.44,44300
2019-03-04 07:00:00,5.39,5.57,5.39,5.54,76480
2019-03-05 07:00:00,5.57,5.62,5.52,5.58,183740
2019-03-06 07:00:00,5.58,5.63,5.54,5.58,99920
2019-03-07 07:00:00,5.58,5.62,5.52,5.55,47430
2019-03-08 07:00:00,5.5,5.55,5.44,5.44,68540
2019-03-11 07:00:00,5.44,5.47,5.37,5.46,36690
2019-03-12 07:00:00,5.49,5.55,5.49,5.52,79980
2019-03-13 07:00:00,5.54,5.89,5.47,5.89,688030
2019-03-14 07:00:00,5.97,5.97,5.73,5.81,194850
2019-03-15 07:00:00,5.8,5.83,5.73,5.73,86680
2019-03-18 07:00:00,5.73,5.91,5.71,5.86,455560
2019-03-19 07:00:00,5.89,5.89,5.76,5.8,328100
2019-03-20 07:00:00,5.8,5.8,5.6,5.68,188170
2019-03-21 07:00:00,5.63,5.7,5.47,5.47,149770
2019-03-22 07:00:00,5.47,5.6,5.39,5.58,180400
2019-03-25 07:00:00,5.54,5.54,5.39,5.41,105300
2019-03-26 07:00:00,5.44,5.5,5.34,5.34,167860
2019-03-27 07:00:00,5.34,5.44,5.34,5.37,107240
2019-03-28 07:00:00,5.46,5.46,5.37,5.41,72350
2019-03-29 07:00:00,5.46,5.46,5.37,5.37,117390
2019-04-01 07:00:00,5.46,5.46,5.36,5.41,89120
2019-04-02 07:00:00,5.42,5.44,5.39,5.41,233800
2019-04-03 07:00:00,5.41,5.49,5.34,5.47,106150
2019-04-04 07:00:00,5.5,5.65,5.5,5.6,128710
2019-04-05 07:00:00,5.63,5.65,5.5,5.58,190360
2019-04-08 07:00:00,5.57,5.58,5.5,5.58,97910
2019-04-09 07:00:00,5.6,5.73,5.58,5.68,233520
2019-04-10 07:00:00,5.68,5.68,5.6,5.6,69090
2019-04-11 07:00:00,5.6,5.67,5.58,5.62,108840
2019-04-12 07:00:00,5.62,5.63,5.58,5.62,73040
2019-04-16 07:00:00,5.63,5.63,5.5,5.57,101220
2019-04-17 07:00:00,5.6,5.6,5.49,5.5,93950
2019-04-18 07:00:00,5.5,5.57,5.42,5.5,97400
2019-04-19 07:00:00,5.58,5.61,5.54,5.58,58210
2019-04-22 07:00:00,5.58,5.58,5.36,5.36,42910
2019-04-23 07:00:00,5.36,5.49,5.36,5.43,42080
2019-04-24 07:00:00,5.43,5.47,5.38,5.45,50550
2019-04-25 07:00:00,5.45,5.49,5.4,5.43,67830
2019-04-26 07:00:00,5.42,5.47,5.38,5.43,50200
2019-05-02 07:00:00,5.43,5.5,5.38,5.4,15470
2019-05-03 07:00:00,5.4,5.42,5.24,5.29,73220
2019-05-06 07:00:00,5.17,5.26,4.94,5.11,342490
2019-05-07 07:00:00,5.11,5.17,4.97,5.02,60880
2019-05-08 07:00:00,4.99,4.99,4.92,4.92,79040
2019-05-09 07:00:00,4.97,5.15,4.79,4.79,77870
2019-05-10 07:00:00,4.79,4.9,4.79,4.85,54050
2019-05-13 07:00:00,4.85,4.97,4.79,4.92,76160
2019-05-14 07:00:00,4.85,4.94,4.85,4.9,54940
2019-05-15 07:00:00,4.9,4.94,4.83,4.94,38090
2019-05-16 07:00:00,4.94,4.94,4.86,4.9,31260
2019-05-17 07:00:00,4.9,4.94,4.83,4.85,52860
2019-05-20 07:00:00,4.81,4.86,4.76,4.85,61200
2019-05-21 07:00:00,4.83,4.9,4.83,4.9,98060
2019-05-22 07:00:00,5.06,5.11,4.9,5.06,153480
2019-05-23 07:00:00,5.08,5.08,4.94,5.02,24950
2019-05-24 07:00:00,4.97,5.02,4.95,4.97,40870
2019-05-27 07:00:00,4.99,5.01,4.9,4.94,76290
2019-05-28 07:00:00,4.94,5.06,4.94,5.01,114040
2019-05-29 07:00:00,5.04,5.04,4.92,4.94,28510
2019-05-30 07:00:00,4.97,5.01,4.95,4.97,43320
2019-05-31 07:00:00,4.97,5.01,4.97,4.97,117660
2019-06-03 07:00:00,4.97,4.97,4.9,4.9,133570
2019-06-04 07:00:00,4.88,4.97,4.88,4.88,62860
2019-06-05 07:00:00,4.88,4.94,4.86,4.88,83190
2019-06-06 07:00:00,4.9,4.92,4.88,4.92,157220
2019-06-07 07:00:00,4.92,4.95,4.86,4.9,28290
2019-06-10 07:00:00,4.9,4.94,4.86,4.88,58220
2019-06-11 07:00:00,4.88,4.9,4.85,4.9,86690
2019-06-12 07:00:00,4.9,4.9,4.85,4.86,33290
2019-06-13 07:00:00,4.86,4.9,4.86,4.86,57510
2019-06-14 07:00:00,4.86,4.97,4.85,4.94,38520
2019-06-17 07:00:00,4.9,4.97,4.9,4.94,31630
2019-06-18 07:00:00,4.94,4.95,4.9,4.94,11750
2019-06-19 07:00:00,4.94,4.97,4.9,4.94,108420
2019-06-20 07:00:00,4.94,4.97,4.88,4.97,53830
2019-06-21 07:00:00,4.97,5.1,4.94,5.06,55680
2019-06-24 07:00:00,5.06,5.22,5.06,5.18,174420
2019-06-25 07:00:00,5.29,5.4,5.18,5.31,320070
2019-06-26 07:00:00,5.31,5.5,5.31,5.5,318240
2019-06-27 07:00:00,5.5,5.5,5.29,5.33,236400
2019-06-28 07:00:00,5.22,5.4,5.22,5.31,56580
2019-07-01 07:00:00,5.36,5.58,5.36,5.58,110360
2019-07-02 07:00:00,5.61,5.61,5.54,5.59,91590
2019-07-03 07:00:00,5.58,5.63,5.58,5.58,75310
2019-07-04 07:00:00,5.45,5.59,5.45,5.56,54790
2019-07-05 07:00:00,5.56,5.75,5.56,5.59,764710
2019-07-08 07:00:00,5.59,5.75,5.59,5.72,120130
2019-07-09 07:00:00,5.61,5.86,5.61,5.86,230810
2019-07-10 07:00:00,5.86,6.25,5.81,6.25,197260
2019-07-11 07:00:00,6.18,6.68,6.18,6.68,500360
2019-07-12 07:00:00,6.68,7.1,6.68,6.82,728650
2019-07-15 07:00:00,6.68,7.1,6.75,7.01,264460
2019-07-16 07:00:00,7.1,7.1,6.96,7.03,115670
2019-07-17 07:00:00,6.98,7.1,6.98,7.07,60650
2019-07-18 07:00:00,7.1,7.1,6.87,7.01,54340
2019-07-19 07:00:00,6.89,7.01,6.85,6.92,223520
2019-07-22 07:00:00,6.87,6.96,6.85,6.87,163630
2019-07-23 07:00:00,6.94,6.94,6.75,6.75,80540
2019-07-24 07:00:00,6.45,6.75,6.45,6.53,42390
2019-07-25 07:00:00,6.43,6.68,6.32,6.68,69330
2019-07-26 07:00:00,6.68,6.68,6.6,6.68,23460
2019-07-29 07:00:00,6.59,6.66,6.59,6.66,4130
2019-07-30 07:00:00,6.57,6.75,6.57,6.57,17640
2019-07-31 07:00:00,6.57,6.57,6.39,6.46,8690
2019-08-01 07:00:00,6.5,6.64,6.43,6.53,40430
2019-08-02 07:00:00,6.53,6.92,6.5,6.82,111450
2019-08-05 07:00:00,6.85,6.92,6.6,6.75,56420
2019-08-06 07:00:00,6.57,6.89,6.57,6.82,12660
2019-08-07 07:00:00,6.57,6.75,6.6,6.64,32860
2019-08-08 07:00:00,6.53,6.68,6.53,6.66,19720
2019-08-09 07:00:00,6.6,6.68,6.6,6.68,8350
2019-08-12 07:00:00,6.68,6.71,6.68,6.68,24310
2019-08-13 07:00:00,6.66,7.14,6.64,7.1,295000
2019-08-14 07:00:00,7.6,7.6,7.28,7.42,168880
2019-08-15 07:00:00,7.28,7.46,7.28,7.42,48690
2019-08-16 07:00:00,7.28,7.42,7.14,7.42,111150
2019-08-19 07:00:00,7.42,7.46,7.24,7.31,64400
2019-08-20 07:00:00,7.31,7.46,7.1,7.31,50480
2019-08-21 07:00:00,7.39,7.39,7.21,7.24,35990
2019-08-22 07:00:00,7.24,7.39,6.85,7.24,90370
2019-08-23 07:00:00,7.0,7.24,7.0,7.03,16980
2019-08-26 07:00:00,7.0,7.03,6.92,7.03,16520
2019-08-27 07:00:00,7.28,7.28,6.96,7.03,15400
2019-08-28 07:00:00,6.96,6.96,6.64,6.94,52520
2019-08-29 07:00:00,6.96,6.96,6.78,6.92,20350
2019-08-30 07:00:00,6.92,6.92,6.75,6.89,37610
2019-09-03 07:00:00,6.89,6.89,6.8,6.8,28110
2019-09-04 07:00:00,6.89,6.92,6.75,6.92,38080
2019-09-05 07:00:00,6.98,6.98,6.84,6.92,2250
2019-09-06 07:00:00,6.92,7.03,6.92,6.98,18260
2019-09-09 07:00:00,6.98,7.03,6.89,6.96,5900
2019-09-10 07:00:00,6.92,6.98,6.75,6.82,19450
2019-09-11 07:00:00,6.82,6.94,6.82,6.85,6960
2019-09-12 07:00:00,6.82,7.08,6.82,6.92,2020
2019-09-13 07:00:00,6.92,6.92,6.75,6.91,34720
2019-09-16 07:00:00,6.91,6.92,6.82,6.91,25340
2019-09-17 07:00:00,6.82,6.91,6.82,6.91,11010
2019-09-18 07:00:00,6.91,6.91,6.75,6.85,45420
2019-09-19 07:00:00,6.85,6.91,6.85,6.91,18380
2019-09-20 07:00:00,6.91,7.0,6.76,6.92,33700
2019-09-23 07:00:00,6.96,7.21,6.92,6.92,97560
2019-09-24 07:00:00,6.92,7.01,6.91,6.92,17010
2019-09-25 07:00:00,6.96,6.96,6.64,6.68,89770
2019-09-26 07:00:00,6.57,6.6,6.21,6.21,126620
2019-09-27 07:00:00,6.04,6.07,5.79,5.79,194650
2019-09-30 07:00:00,5.95,6.18,5.86,6.18,51370
2019-10-01 07:00:00,6.18,6.53,6.04,6.25,54730
2019-10-02 07:00:00,6.25,6.39,6.07,6.36,95200
2019-10-03 07:00:00,6.43,6.62,6.39,6.52,85250
2019-10-04 07:00:00,6.52,6.57,6.43,6.46,10590
2019-10-07 07:00:00,6.46,6.55,6.25,6.37,24250
2019-10-08 07:00:00,6.23,6.43,6.18,6.18,21570
2019-10-09 07:00:00,6.2,6.37,6.2,6.34,31960
2019-10-10 07:00:00,6.34,6.57,6.29,6.29,30660
2019-10-11 07:00:00,6.32,6.39,6.18,6.29,15320
2019-10-14 07:00:00,6.36,6.41,6.3,6.34,30830
2019-10-15 07:00:00,6.75,6.76,6.57,6.76,629660
2019-10-16 07:00:00,7.23,7.23,7.23,7.23,132930
2019-10-17 07:00:00,7.72,7.72,7.72,7.72,207270
2019-10-18 07:00:00,8.26,8.26,8.24,8.26,1052070
2019-10-21 07:00:00,8.82,8.82,7.99,7.99,535460
2019-10-22 07:00:00,7.99,8.17,7.53,7.67,465450
2019-10-23 07:00:00,7.53,7.53,7.24,7.24,461030
2019-10-24 07:00:00,7.24,7.71,7.24,7.44,297700
2019-10-25 07:00:00,7.46,7.55,7.26,7.28,209070
2019-10-28 07:00:00,7.21,7.26,6.78,6.78,722990
2019-10-29 07:00:00,6.68,6.8,6.5,6.57,410660
2019-10-30 07:00:00,6.53,6.96,6.53,6.71,375250
2019-10-31 07:00:00,6.6,6.73,6.39,6.53,163440
2019-11-01 07:00:00,6.43,6.64,6.25,6.32,566420
2019-11-04 07:00:00,6.32,6.48,6.3,6.37,300260
2019-11-05 07:00:00,6.32,6.68,6.32,6.5,292130
2019-11-06 07:00:00,6.52,6.52,6.39,6.41,183890
2019-11-07 07:00:00,6.43,6.53,6.39,6.43,180390
2019-11-08 07:00:00,6.43,6.46,6.29,6.29,131860
2019-11-11 07:00:00,6.29,6.34,6.14,6.18,146240
2019-11-12 07:00:00,6.18,6.21,6.04,6.09,217590
2019-11-13 07:00:00,6.11,6.18,6.05,6.13,80430
2019-11-14 07:00:00,6.04,6.48,6.04,6.32,378550
2019-11-15 07:00:00,6.36,6.36,6.16,6.25,137330
2019-11-18 07:00:00,6.16,6.29,6.14,6.29,66760
2019-11-19 07:00:00,6.29,6.29,6.14,6.16,122990
2019-11-20 07:00:00,6.18,6.25,6.16,6.16,41620
2019-11-21 07:00:00,6.16,6.27,6.14,6.23,120810
2019-11-22 07:00:00,6.23,6.23,6.07,6.11,143510
2019-11-25 07:00:00,6.11,6.21,6.11,6.11,67260
2019-11-26 07:00:00,6.11,6.41,6.11,6.37,584910
2019-11-27 07:00:00,6.39,6.53,6.37,6.45,407580
2019-11-28 07:00:00,6.5,6.5,6.32,6.39,139310
2019-11-29 07:00:00,6.34,6.39,6.18,6.18,174830
2019-12-02 07:00:00,6.2,6.27,6.14,6.18,222600
2019-12-03 07:00:00,6.11,6.3,6.11,6.25,240070
2019-12-04 07:00:00,6.25,6.32,6.18,6.21,128090
2019-12-05 07:00:00,6.21,6.29,6.13,6.18,261560
2019-12-06 07:00:00,6.21,6.21,6.14,6.18,137900
2019-12-09 07:00:00,6.18,6.6,6.13,6.6,508410
2019-12-10 07:00:00,6.68,6.8,6.46,6.46,295290
2019-12-11 07:00:00,6.53,6.53,6.27,6.43,203200
2019-12-12 07:00:00,6.43,6.57,6.39,6.43,196390
2019-12-13 07:00:00,6.48,6.48,6.27,6.39,204180
2019-12-16 07:00:00,6.3,6.37,6.27,6.32,141430
2019-12-17 07:00:00,6.3,6.37,6.21,6.25,111840
2019-12-18 07:00:00,6.23,6.32,6.2,6.23,74960
2019-12-19 07:00:00,6.16,6.37,6.16,6.27,211920
2019-12-20 07:00:00,6.3,6.3,6.18,6.25,87750
2019-12-23 07:00:00,6.21,6.29,6.14,6.14,146910
2019-12-24 07:00:00,6.14,6.14,5.97,5.98,314840
2019-12-25 07:00:00,6.0,6.0,5.75,5.77,281390
2019-12-26 07:00:00,5.72,5.82,5.68,5.81,91860
2019-12-27 07:00:00,5.81,5.86,5.75,5.81,94050
2019-12-30 07:00:00,5.79,5.86,5.77,5.86,76210
2019-12-31 07:00:00,5.86,5.86,5.81,5.86,43720
2020-01-02 07:00:00,5.86,5.95,5.84,5.89,46460
2020-01-03 07:00:00,5.91,5.91,5.68,5.89,138740
2020-01-06 07:00:00,5.89,5.89,5.66,5.7,87320
2020-01-07 07:00:00,5.7,5.7,5.33,5.4,275260
2020-01-08 07:00:00,5.33,5.36,5.02,5.06,707010
2020-01-09 07:00:00,5.29,5.29,5.08,5.2,160260
2020-01-10 07:00:00,5.2,5.2,5.04,5.04,119330
2020-01-13 07:00:00,5.08,5.13,5.01,5.1,107350
2020-01-14 07:00:00,5.04,5.13,5.02,5.1,92670
2020-01-15 07:00:00,5.08,5.13,5.04,5.08,42280
2020-01-16 07:00:00,5.02,5.13,5.02,5.02,167930
2020-01-17 07:00:00,5.02,5.04,4.92,4.97,106420
2020-01-20 07:00:00,4.92,4.97,4.9,4.94,50120
2020-01-21 07:00:00,4.97,5.13,4.95,5.08,79470
2020-01-22 07:00:00,5.08,5.15,5.04,5.1,48250
2020-01-30 07:00:00,5.13,5.13,4.9,4.94,148590
2020-01-31 07:00:00,4.94,5.04,4.92,4.92,187580
2020-02-03 07:00:00,4.86,4.9,4.6,4.83,317700
2020-02-04 07:00:00,4.83,4.9,4.72,4.78,50020
2020-02-05 07:00:00,4.78,4.79,4.69,4.78,134010
2020-02-06 07:00:00,4.72,4.86,4.72,4.81,70120
2020-02-07 07:00:00,4.81,5.06,4.79,4.99,71890
2020-02-10 07:00:00,5.01,5.02,4.94,5.02,66310
2020-02-11 07:00:00,5.02,5.04,4.97,4.99,24430
2020-02-12 07:00:00,4.97,5.01,4.94,4.95,104160
2020-02-13 07:00:00,4.94,4.95,4.81,4.92,73200
2020-02-14 07:00:00,4.88,4.97,4.83,4.97,44490
2020-02-17 07:00:00,4.97,5.01,4.9,4.95,42540
2020-02-18 07:00:00,4.99,4.99,4.9,4.9,79570
2020-02-19 07:00:00,4.9,4.95,4.83,4.85,162030
2020-02-20 07:00:00,4.9,4.92,4.78,4.88,215940
2020-02-21 07:00:00,4.88,4.92,4.81,4.81,46800
2020-02-24 07:00:00,4.78,4.78,4.51,4.62,318290
2020-02-25 07:00:00,4.55,4.62,4.55,4.58,123150
2020-02-26 07:00:00,4.63,4.63,4.51,4.6,43170
2020-02-27 07:00:00,4.58,4.62,4.42,4.46,86930
2020-02-28 07:00:00,4.39,4.4,4.15,4.19,254700
2020-03-02 07:00:00,4.01,4.26,4.01,4.26,79290
2020-03-03 07:00:00,4.37,4.39,4.1,4.23,100970
2020-03-04 07:00:00,4.12,4.21,4.1,4.12,95280
2020-03-05 07:00:00,4.14,4.26,4.14,4.23,44200
2020-03-06 07:00:00,4.23,4.51,4.23,4.51,189680
2020-03-09 07:00:00,4.23,4.33,4.21,4.21,116270
2020-03-10 07:00:00,4.07,4.4,4.07,4.35,49590
2020-03-11 07:00:00,4.35,4.35,4.07,4.17,103040
2020-03-12 07:00:00,3.89,4.08,3.89,3.91,285570
2020-03-13 07:00:00,3.64,3.91,3.64,3.91,315130
2020-03-16 07:00:00,3.89,3.91,3.75,3.89,49540
2020-03-17 07:00:00,3.87,3.87,3.76,3.76,233150
2020-03-18 07:00:00,3.84,3.99,3.76,3.78,96020
2020-03-19 07:00:00,3.76,3.96,3.73,3.75,173150
2020-03-20 07:00:00,3.75,3.87,3.71,3.75,82950
2020-03-23 07:00:00,3.69,3.69,3.49,3.55,422470
2020-03-24 07:00:00,3.39,3.69,3.39,3.59,217250
2020-03-25 07:00:00,3.59,3.75,3.59,3.64,56660
2020-03-26 07:00:00,3.62,3.68,3.59,3.64,55690
2020-03-27 07:00:00,3.59,3.69,3.53,3.69,140900
2020-03-30 07:00:00,3.69,3.69,3.5,3.51,185040
2020-03-31 07:00:00,3.6,3.62,3.34,3.51,68790
2020-04-01 07:00:00,3.51,3.69,3.48,3.69,64100
2020-04-03 07:00:00,3.69,3.76,3.69,3.76,69000
2020-04-06 07:00:00,3.91,4.01,3.84,4.01,259440
2020-04-07 07:00:00,4.01,4.07,3.98,4.01,53270
2020-04-08 07:00:00,3.99,4.01,3.87,4.01,66810
2020-04-09 07:00:00,3.96,4.05,3.96,3.98,98380
2020-04-10 07:00:00,3.98,3.99,3.91,3.91,111610
2020-04-13 07:00:00,4.12,4.17,4.05,4.17,551130
2020-04-14 07:00:00,4.4,4.42,4.15,4.33,549710
2020-04-15 07:00:00,4.33,4.4,4.23,4.26,386220
2020-04-16 07:00:00,4.26,4.3,4.23,4.24,371880
2020-04-17 07:00:00,4.3,4.3,4.22,4.26,296730
2020-04-20 07:00:00,4.26,4.3,4.08,4.22,162210
2020-04-21 07:00:00,4.22,4.22,4.01,4.04,156610
2020-04-22 07:00:00,3.86,4.04,3.86,4.02,87670
2020-04-23 07:00:00,4.06,4.06,4.02,4.02,82960
2020-04-24 07:00:00,4.03,4.16,4.02,4.12,63920
2020-04-27 07:00:00,4.18,4.18,4.06,4.08,46360
2020-04-28 07:00:00,4.06,4.18,4.06,4.14,74510
2020-04-29 07:00:00,4.22,4.22,4.14,4.22,136180
2020-05-04 07:00:00,4.3,4.3,4.18,4.18,195840
2020-05-05 07:00:00,4.24,4.26,4.18,4.18,36780
2020-05-06 07:00:00,4.22,4.47,4.22,4.47,232650
2020-05-07 07:00:00,4.77,4.77,4.63,4.69,389840
2020-05-08 07:00:00,4.69,4.69,4.53,4.55,145630
2020-05-11 07:00:00,4.61,4.61,4.43,4.61,278410
2020-05-12 07:00:00,4.61,4.63,4.55,4.57,90090
2020-05-13 07:00:00,4.53,4.61,4.47,4.59,159830
2020-05-14 07:00:00,4.61,4.83,4.59,4.59,234980
2020-05-15 07:00:00,4.67,4.67,4.57,4.65,224700
2020-05-18 07:00:00,4.65,4.83,4.63,4.71,197470
2020-05-19 07:00:00,4.67,4.77,4.67,4.67,167610
2020-05-20 07:00:00,4.79,4.89,4.79,4.83,435110
2020-05-21 07:00:00,4.83,4.93,4.79,4.83,109550
2020-05-22 07:00:00,4.83,4.83,4.71,4.77,112140
2020-05-25 07:00:00,4.67,4.71,4.55,4.63,173050
2020-05-26 07:00:00,4.59,4.77,4.59,4.75,95430
2020-05-27 07:00:00,4.75,4.75,4.65,4.69,122610
2020-05-28 07:00:00,4.69,4.71,4.65,4.71,28290
2020-05-29 07:00:00,4.63,4.73,4.59,4.69,109340
2020-06-01 07:00:00,4.63,4.83,4.63,4.79,492260
2020-06-02 07:00:00,4.83,4.83,4.69,4.75,129400
2020-06-03 07:00:00,4.77,4.77,4.59,4.71,145130
2020-06-04 07:00:00,4.77,4.79,4.63,4.71,166580
2020-06-05 07:00:00,4.71,4.85,4.67,4.81,285290
2020-06-08 07:00:00,4.83,5.14,4.83,5.14,614550
2020-06-09 07:00:00,5.28,5.28,5.01,5.04,151840
2020-06-10 07:00:00,4.93,5.04,4.87,4.93,203440
2020-06-11 07:00:00,4.91,5.04,4.81,4.81,385420
2020-06-12 07:00:00,4.73,4.81,4.59,4.77,206250
2020-06-15 07:00:00,4.75,4.89,4.69,4.77,119570
2020-06-16 07:00:00,4.85,4.85,4.73,4.77,149440
2020-06-17 07:00:00,4.77,4.87,4.77,4.81,134670
2020-06-18 07:00:00,4.79,4.79,4.75,4.75,41350
2020-06-19 07:00:00,4.75,4.85,4.75,4.81,91920
2020-06-22 07:00:00,4.81,5.04,4.81,4.93,144050
2020-06-23 07:00:00,4.87,4.99,4.79,4.79,92810
2020-06-24 07:00:00,4.79,4.93,4.75,4.83,43750
2020-06-25 07:00:00,4.83,4.83,4.73,4.75,43800
2020-06-26 07:00:00,4.81,4.81,4.71,4.73,149730
2020-06-29 07:00:00,4.85,4.91,4.79,4.79,322780
2020-06-30 07:00:00,4.77,4.93,4.77,4.87,339390
2020-07-01 07:00:00,4.89,5.2,4.89,5.2,539680
2020-07-02 07:00:00,5.24,5.28,5.1,5.2,174670
2020-07-03 07:00:00,5.28,5.44,5.28,5.38,350470
2020-07-06 07:00:00,5.44,5.64,5.24,5.64,366730
2020-07-07 07:00:00,5.62,5.71,5.52,5.64,241560
2020-07-08 07:00:00,5.56,5.62,5.48,5.58,149600
2020-07-09 07:00:00,5.58,5.6,5.4,5.6,295390
2020-07-10 07:00:00,5.62,5.89,5.52,5.68,349650
2020-07-13 07:00:00,5.68,5.79,5.6,5.73,199290
2020-07-14 07:00:00,5.68,5.68,5.5,5.68,191820
2020-07-15 07:00:00,5.58,5.68,5.48,5.56,183640
2020-07-16 07:00:00,5.5,5.58,5.48,5.52,184980
2020-07-17 07:00:00,5.48,5.54,5.42,5.46,128000
2020-07-20 07:00:00,5.32,5.56,5.32,5.36,198260
2020-07-21 07:00:00,5.36,5.48,5.34,5.38,89930
2020-07-22 07:00:00,5.4,5.44,5.32,5.32,56560
2020-07-23 07:00:00,5.32,5.54,5.12,5.5,355500
2020-07-24 07:00:00,5.5,5.54,5.14,5.2,432900
2020-07-27 07:00:00,4.87,5.08,4.85,4.85,198850
2020-07-28 07:00:00,4.71,5.06,4.71,5.04,202040
2020-07-29 07:00:00,4.85,4.87,4.69,4.75,246200
2020-07-30 07:00:00,4.91,4.91,4.67,4.75,25970
2020-07-31 07:00:00,4.67,4.79,4.65,4.65,60610
2020-08-03 07:00:00,4.63,4.87,4.63,4.79,38670
2020-08-04 07:00:00,4.83,4.95,4.79,4.81,19570
2020-08-05 07:00:00,4.85,5.04,4.83,4.99,89840
2020-08-06 07:00:00,5.01,5.1,4.97,4.99,583360
2020-08-07 07:00:00,4.99,5.04,4.85,5.01,54430
2020-08-10 07:00:00,4.99,5.1,4.99,5.04,98700
2020-08-11 07:00:00,5.08,5.08,5.01,5.06,49010
2020-08-12 07:00:00,5.04,5.04,4.99,4.99,34850
2020-08-13 07:00:00,5.06,5.06,4.99,4.99,52200
2020-08-14 07:00:00,4.99,5.01,4.93,4.95,86220
2020-08-17 07:00:00,4.95,4.99,4.87,4.93,80350
2020-08-18 07:00:00,4.95,4.97,4.89,4.97,35250
2020-08-19 07:00:00,4.97,5.12,4.95,4.99,69780
2020-08-20 07:00:00,5.04,5.2,5.04,5.18,141450
2020-08-21 07:00:00,5.2,5.36,5.2,5.28,123660
2020-08-24 07:00:00,5.32,5.36,5.24,5.26,80590
2020-08-25 07:00:00,5.2,5.28,5.08,5.28,117780
2020-08-26 07:00:00,5.26,5.56,5.24,5.4,249300
2020-08-27 07:00:00,5.4,5.5,5.36,5.48,196560
2020-08-28 07:00:00,5.48,5.68,5.48,5.48,263490
2020-08-31 07:00:00,5.48,5.48,5.38,5.42,47830
2020-09-01 07:00:00,5.42,5.44,5.34,5.34,101470
2020-09-03 07:00:00,5.42,5.42,5.2,5.32,167630
2020-09-04 07:00:00,5.16,5.28,5.16,5.24,95970
2020-09-07 07:00:00,5.22,5.28,5.12,5.12,126280
2020-09-08 07:00:00,5.14,5.18,5.08,5.1,174020
2020-09-09 07:00:00,5.04,5.1,5.04,5.04,113950
2020-09-10 07:00:00,5.08,5.34,5.08,5.24,86170
2020-09-11 07:00:00,5.26,5.26,5.16,5.2,22500
2020-09-14 07:00:00,5.28,5.36,5.18,5.24,44640
2020-09-15 07:00:00,5.28,5.28,5.14,5.2,102260
2020-09-16 07:00:00,5.22,5.22,5.12,5.12,57860
2020-09-17 07:00:00,5.16,5.2,5.1,5.12,80330
2020-09-18 07:00:00,5.2,5.2,5.12,5.16,25070
2020-09-21 07:00:00,5.16,5.2,5.14,5.18,136860
2020-09-22 07:00:00,5.16,5.18,5.12,5.18,35960
2020-09-23 07:00:00,5.18,5.44,5.16,5.36,224120
2020-09-24 07:00:00,5.4,5.46,5.32,5.34,140810
2020-09-25 07:00:00,5.34,5.5,5.32,5.48,308760
2020-09-28 07:00:00,5.48,5.48,5.4,5.46,203720
2020-09-29 07:00:00,5.42,5.42,5.34,5.34,198430
2020-09-30 07:00:00,5.32,5.48,5.26,5.46,129850
2020-10-01 07:00:00,5.46,5.52,5.42,5.52,278500
2020-10-02 07:00:00,5.6,5.73,5.54,5.73,567940
2020-10-05 07:00:00,5.75,6.07,5.75,6.01,317350
2020-10-06 07:00:00,6.01,6.01,5.87,5.87,250560
2020-10-07 07:00:00,5.87,6.07,5.87,5.89,373750
2020-10-08 07:00:00,6.01,6.03,5.87,5.93,248760
2020-10-09 07:00:00,6.33,6.33,6.19,6.33,861480
2020-10-12 07:00:00,6.33,6.33,6.15,6.17,497840
2020-10-13 07:00:00,6.25,6.25,6.09,6.09,398340
2020-10-14 07:00:00,6.09,6.5,6.09,6.25,665000
2020-10-15 07:00:00,6.33,6.33,6.09,6.13,358910
2020-10-16 07:00:00,6.21,6.21,5.89,5.97,339080
2020-10-19 07:00:00,5.93,5.95,5.83,5.83,459270
2020-10-20 07:00:00,5.77,6.05,5.77,5.97,306710
2020-10-21 07:00:00,5.97,6.05,5.85,5.85,155730
2020-10-22 07:00:00,5.85,5.95,5.68,5.95,98410
2020-10-23 07:00:00,5.99,6.07,5.87,5.95,248480
2020-10-26 07:00:00,5.95,5.99,5.77,5.81,243090
2020-10-27 07:00:00,5.68,5.85,5.68,5.81,188620
2020-10-28 07:00:00,5.77,5.81,5.56,5.73,411680
2020-10-29 07:00:00,5.68,5.97,5.68,5.87,246610
2020-10-30 07:00:00,5.93,5.93,5.81,5.87,100420
2020-11-02 07:00:00,5.93,6.23,5.89,6.17,492340
2020-11-03 07:00:00,6.25,6.27,6.13,6.19,288920
2020-11-04 07:00:00,6.19,6.33,6.11,6.31,535580
2020-11-05 07:00:00,6.31,6.35,6.17,6.17,333110
2020-11-06 07:00:00,6.25,6.29,6.17,6.25,188740
2020-11-09 07:00:00,6.29,6.58,6.29,6.42,529440
2020-11-10 07:00:00,6.48,6.48,6.27,6.27,414660
2020-11-11 07:00:00,6.29,6.4,6.21,6.23,251940
2020-11-12 07:00:00,6.33,6.33,6.19,6.29,233040
2020-11-13 07:00:00,6.29,6.72,6.29,6.72,1900340
2020-11-16 07:00:00,7.11,7.19,6.78,7.15,1361130
2020-11-17 07:00:00,7.19,7.51,6.98,7.31,481240
2020-11-18 07:00:00,7.19,7.35,7.05,7.19,1306770
2020-11-19 07:00:00,7.07,7.19,6.78,6.9,1151350
2020-11-20 07:00:00,6.98,7.31,6.82,7.11,807660
2020-11-23 07:00:00,7.11,7.19,6.98,7.0,433120
2020-11-24 07:00:00,7.09,7.49,7.0,7.49,1497740
2020-11-25 07:00:00,7.63,7.67,7.37,7.39,645190
2020-11-26 07:00:00,7.37,7.43,7.19,7.23,442300
2020-11-27 07:00:00,7.19,7.31,7.17,7.27,428450
2020-11-30 07:00:00,7.39,7.59,7.21,7.37,831830
2020-12-01 07:00:00,7.21,7.51,7.21,7.51,543590
2020-12-02 07:00:00,7.55,7.55,7.33,7.39,403900
2020-12-03 07:00:00,7.39,7.49,7.35,7.35,418290
2020-12-04 07:00:00,7.43,7.49,7.37,7.41,476430
2020-12-07 07:00:00,7.51,7.51,7.31,7.35,427380
2020-12-08 07:00:00,7.43,7.72,7.35,7.57,637030
2020-12-09 07:00:00,7.59,7.59,7.43,7.45,415880
2020-12-10 07:00:00,7.47,7.47,7.23,7.23,585630
2020-12-11 07:00:00,7.23,7.47,7.23,7.43,500550
2020-12-14 07:00:00,7.47,7.63,7.31,7.39,355750
2020-12-15 07:00:00,7.43,7.43,7.33,7.35,366510
2020-12-16 07:00:00,7.35,7.45,7.35,7.37,367140
2020-12-17 07:00:00,7.41,7.72,7.37,7.47,720120
2020-12-18 07:00:00,7.47,7.61,7.39,7.57,436490
2020-12-21 07:00:00,7.72,7.92,7.69,7.82,888950
2020-12-22 07:00:00,7.8,8.12,7.8,7.98,669460
2020-12-23 07:00:00,8.06,8.08,7.86,7.86,586720
2020-12-24 07:00:00,7.86,7.88,7.31,7.65,563230
2020-12-25 07:00:00,7.65,7.69,7.39,7.67,435380
2020-12-28 07:00:00,7.67,7.72,7.53,7.67,515740
2020-12-29 07:00:00,7.51,7.63,7.51,7.57,360020
2020-12-30 07:00:00,7.55,7.65,7.51,7.53,317910
2020-12-31 07:00:00,7.63,7.67,7.53,7.63,176130
2021-01-04 07:00:00,7.63,7.92,7.59,7.88,427000
2021-01-05 07:00:00,7.72,7.96,7.72,7.82,267800
2021-01-06 07:00:00,7.82,7.92,7.8,7.82,650100
2021-01-07 07:00:00,7.8,8.34,7.8,8.34,1240800
2021-01-08 07:00:00,8.63,8.65,8.34,8.43,478900
2021-01-11 07:00:00,8.47,8.55,8.12,8.45,641600
2021-01-12 07:00:00,8.53,8.53,8.37,8.45,353100
2021-01-13 07:00:00,8.53,8.81,8.45,8.55,601500
2021-01-14 07:00:00,8.55,8.61,8.28,8.49,331500
2021-01-15 07:00:00,8.49,9.08,8.49,9.08,1014100
2021-01-18 07:00:00,9.18,9.18,8.67,8.85,525200
2021-01-19 07:00:00,8.85,8.85,8.24,8.24,419900
2021-01-20 07:00:00,8.04,8.32,7.67,8.12,570100
2021-01-21 07:00:00,8.12,8.45,8.04,8.32,356500
2021-01-22 07:00:00,8.37,8.77,8.24,8.61,400200
2021-01-25 07:00:00,8.53,8.89,8.53,8.61,495900
2021-01-26 07:00:00,8.81,8.81,8.04,8.34,444900
2021-01-27 07:00:00,8.2,8.37,7.78,7.8,424100
2021-01-28 07:00:00,7.27,7.59,7.27,7.27,727100
2021-01-29 07:00:00,6.78,7.51,6.76,7.49,300000
2021-02-01 07:00:00,7.63,7.92,7.39,7.49,460700
2021-02-02 07:00:00,7.39,7.59,7.35,7.51,400900
2021-02-03 07:00:00,7.43,7.82,7.43,7.72,265400
2021-02-04 07:00:00,7.72,7.8,7.55,7.72,209600
2021-02-05 07:00:00,7.84,7.84,7.69,7.72,262900
2021-02-08 07:00:00,8.0,8.0,7.31,7.65,183400
2021-02-09 07:00:00,7.53,7.84,7.49,7.76,323400
2021-02-17 07:00:00,7.76,7.92,7.76,7.9,320800
2021-02-18 07:00:00,7.96,8.32,7.96,8.24,406200
2021-02-19 07:00:00,8.2,8.37,8.04,8.22,347400
2021-02-22 07:00:00,8.22,8.26,8.0,8.16,296100
2021-02-23 07:00:00,8.06,8.16,7.98,8.02,285400
2021-02-24 07:00:00,8.02,8.12,7.88,7.92,300700
2021-02-25 07:00:00,7.96,8.06,7.8,7.96,545400
2021-02-26 07:00:00,7.8,8.32,7.8,8.2,525000
2021-03-01 07:00:00,8.32,8.45,8.3,8.41,246900
2021-03-02 07:00:00,8.53,8.83,8.53,8.73,753200
2021-03-03 07:00:00,8.93,9.04,8.87,8.93,776400
2021-03-04 07:00:00,8.93,8.97,8.49,8.69,573900
2021-03-05 07:00:00,8.53,8.85,8.45,8.81,389100
2021-03-08 07:00:00,8.79,9.01,8.45,8.89,551400
2021-03-09 07:00:00,8.81,9.5,8.77,9.46,1242600
2021-03-10 07:00:00,9.48,9.62,9.18,9.42,393800
2021-03-11 07:00:00,9.38,9.46,9.24,9.26,397800
2021-03-12 07:00:00,9.18,9.34,9.14,9.14,564200
2021-03-15 07:00:00,9.18,9.5,9.18,9.42,394500
2021-03-16 07:00:00,9.4,9.46,9.24,9.32,346200
2021-03-17 07:00:00,9.32,9.5,9.16,9.5,448000
2021-03-18 07:00:00,9.58,9.62,9.3,9.42,423100
2021-03-19 07:00:00,9.28,9.44,9.24,9.3,217400
2021-03-22 07:00:00,9.28,9.6,9.22,9.42,526400
2021-03-23 07:00:00,9.34,9.4,9.22,9.28,330100
2021-03-24 07:00:00,9.14,9.16,8.65,8.89,464600
2021-03-25 07:00:00,8.85,8.89,8.53,8.79,521900
2021-03-26 07:00:00,8.75,8.89,8.32,8.73,350700
2021-03-29 07:00:00,8.73,8.97,8.73,8.85,268500
2021-03-30 07:00:00,8.97,8.97,8.77,8.85,320800
2021-03-31 07:00:00,8.85,8.85,8.61,8.61,320800
2021-04-01 07:00:00,8.65,8.81,8.63,8.73,290700
2021-04-02 07:00:00,8.73,8.85,8.65,8.69,402700
2021-04-05 07:00:00,8.81,8.81,8.63,8.69,364500
2021-04-06 07:00:00,8.73,8.81,8.65,8.79,166900
2021-04-07 07:00:00,8.85,9.12,8.79,9.1,691300
2021-04-08 07:00:00,9.14,9.22,8.99,9.12,313400
2021-04-09 07:00:00,9.12,9.38,9.06,9.26,446600
2021-04-12 07:00:00,9.3,9.42,9.26,9.38,1030100
2021-04-13 07:00:00,9.42,9.54,9.14,9.22,437400
2021-04-14 07:00:00,9.18,9.3,9.01,9.26,343800
2021-04-15 07:00:00,9.26,9.34,9.1,9.1,307900
2021-04-16 07:00:00,9.1,9.1,8.83,8.93,332100
2021-04-19 07:00:00,8.93,9.18,8.89,9.18,304700
2021-04-20 07:00:00,9.42,9.81,9.3,9.81,1287200
2021-04-22 07:00:00,10.27,10.35,9.93,9.99,1012600
2021-04-23 07:00:00,9.95,10.07,9.62,10.03,496700
2021-04-26 07:00:00,10.07,10.07,9.66,9.66,654600
2021-04-27 07:00:00,9.54,9.75,9.34,9.58,306000
2021-04-28 07:00:00,9.66,10.25,9.66,10.25,1534200
2021-04-29 07:00:00,10.31,10.68,10.13,10.31,406600
2021-05-04 07:00:00,9.87,10.58,9.87,10.56,777300
2021-05-05 07:00:00,10.56,10.72,10.35,10.38,776100
2021-05-06 07:00:00,10.38,10.5,10.21,10.23,697600
2021-05-07 07:00:00,10.15,10.9,10.07,10.68,1153400
2021-05-10 07:00:00,10.64,11.41,10.62,11.41,869900
2021-05-11 07:00:00,11.45,11.65,11.11,11.25,635900
2021-05-12 07:00:00,11.0,11.43,11.0,11.27,598000
2021-05-13 07:00:00,11.25,11.37,10.76,10.8,706200
2021-05-14 07:00:00,11.17,11.21,10.8,10.82,604900
2021-05-17 07:00:00,11.05,11.57,11.05,11.47,1002700
2021-05-18 07:00:00,11.47,11.69,11.41,11.49,648900
2021-05-19 07:00:00,11.37,11.49,11.21,11.29,466000
2021-05-20 07:00:00,11.53,12.06,11.29,12.06,1334600
2021-05-21 07:00:00,12.22,12.89,12.22,12.89,1313900
2021-05-24 07:00:00,13.14,13.75,12.99,13.36,983100
2021-05-25 07:00:00,13.2,13.28,12.87,13.12,894700
2021-05-26 07:00:00,13.12,13.6,12.87,13.18,846700
2021-05-27 07:00:00,13.7,14.07,13.6,14.02,1076800
2021-05-28 07:00:00,14.39,14.97,14.13,14.63,881300
2021-05-31 07:00:00,14.65,14.65,13.91,14.07,768200
2021-06-01 07:00:00,13.86,13.86,13.36,13.36,705000
2021-06-02 07:00:00,13.18,13.18,12.73,12.83,809400
2021-06-03 07:00:00,12.65,13.6,12.33,13.49,913500
2021-06-04 07:00:00,13.55,13.97,13.44,13.47,541900
2021-06-07 07:00:00,13.44,13.44,12.65,12.91,290000
2021-06-08 07:00:00,12.68,13.07,12.02,12.02,813300
2021-06-09 07:00:00,11.86,12.62,11.25,12.2,604500
2021-06-10 07:00:00,12.2,12.68,11.96,12.62,331000
2021-06-11 07:00:00,12.7,12.76,12.33,12.62,253100
2021-06-14 07:00:00,12.62,13.28,12.62,13.12,828000
2021-06-15 07:00:00,13.26,13.49,13.07,13.12,503600
2021-06-16 07:00:00,13.07,13.6,12.76,13.55,847900
2021-06-17 07:00:00,13.55,14.23,13.34,13.97,568900
2021-06-18 07:00:00,14.07,14.18,13.7,13.81,381700
2021-06-21 07:00:00,13.7,13.7,13.18,13.23,494000
2021-06-22 07:00:00,13.23,13.55,12.89,13.02,583700
2021-06-23 07:00:00,12.97,12.97,12.65,12.78,395000
2021-06-24 07:00:00,12.78,13.39,12.47,12.65,234000
2021-06-25 07:00:00,12.7,13.02,12.6,12.83,199100
2021-06-28 07:00:00,13.02,13.07,12.65,12.65,323100
2021-06-29 07:00:00,12.49,12.7,12.33,12.39,703100
2021-06-30 07:00:00,12.18,12.7,11.99,12.33,754500
2021-07-01 07:00:00,12.33,12.65,12.31,12.49,423000
2021-07-02 07:00:00,12.49,12.54,12.28,12.33,520300
2021-07-05 07:00:00,11.96,12.81,11.94,12.81,999300
2021-07-06 07:00:00,12.81,13.28,12.81,12.86,1181600
2021-07-07 07:00:00,12.65,12.86,12.12,12.54,492600
2021-07-08 07:00:00,12.57,12.57,12.12,12.31,352800
2021-07-09 07:00:00,12.23,12.31,11.65,11.7,669000
2021-07-12 07:00:00,11.28,11.38,10.88,10.88,755900
2021-07-13 07:00:00,10.88,10.96,10.44,10.54,624900
2021-07-14 07:00:00,10.44,11.07,10.17,10.44,372500
2021-07-15 07:00:00,10.44,10.96,10.44,10.94,270200
2021-07-16 07:00:00,11.28,11.28,10.94,10.96,247000
2021-07-19 07:00:00,10.2,10.52,10.2,10.2,499900
2021-07-20 07:00:00,10.04,10.07,9.7,9.91,547300
2021-07-21 07:00:00,10.07,10.07,9.86,9.91,173400
2021-07-22 07:00:00,9.99,10.3,9.86,10.2,302600
2021-07-23 07:00:00,10.33,10.49,10.01,10.01,495300
2021-07-26 07:00:00,9.91,10.01,9.75,9.94,371400
2021-07-27 07:00:00,10.01,10.38,10.01,10.15,334400
2021-07-28 07:00:00,10.01,10.83,9.96,10.57,831600
2021-07-29 07:00:00,10.81,10.81,10.46,10.59,302600
2021-07-30 07:00:00,10.59,10.73,10.44,10.44,365500
2021-08-02 07:00:00,10.12,10.62,10.12,10.44,517400
2021-08-03 07:00:00,10.28,10.7,10.28,10.54,413500
2021-08-04 07:00:00,10.67,11.25,10.52,11.23,876900
2021-08-05 07:00:00,11.2,11.44,11.02,11.2,435200
2021-08-06 07:00:00,11.09,11.38,11.02,11.15,483300
2021-08-09 07:00:00,11.07,11.2,10.94,11.17,520500
2021-08-10 07:00:00,11.31,11.94,11.28,11.94,912900
2021-08-11 07:00:00,12.07,12.12,11.49,11.52,860300
2021-08-12 07:00:00,11.36,11.6,11.25,11.36,470900
2021-08-13 07:00:00,11.36,11.36,10.86,11.17,906700
2021-08-16 07:00:00,11.38,11.49,11.23,11.25,562400
2021-08-17 07:00:00,11.46,11.46,11.25,11.38,606800
2021-08-18 07:00:00,11.44,12.18,11.44,12.18,1526100
2021-08-19 07:00:00,12.76,13.02,12.49,13.02,1713300
2021-08-20 07:00:00,13.07,13.12,12.49,12.54,1740100
2021-08-23 07:00:00,12.23,12.28,11.67,11.67,1128500
2021-08-24 07:00:00,11.33,11.6,10.86,10.88,1084000
2021-08-25 07:00:00,10.78,11.33,10.28,11.33,614700
2021-08-26 07:00:00,11.31,11.49,10.96,11.31,418500
2021-08-27 07:00:00,11.07,11.49,10.96,11.33,362200
2021-08-30 07:00:00,11.7,11.73,11.33,11.7,597300
2021-08-31 07:00:00,11.7,12.12,11.6,12.02,1119500
2021-09-01 07:00:00,11.73,12.07,11.73,11.99,515000
2021-09-06 07:00:00,11.99,12.49,11.73,12.2,1606600
2021-09-07 07:00:00,12.39,12.41,11.7,11.75,1328200
2021-09-08 07:00:00,11.6,11.7,11.33,11.41,801700
2021-09-09 07:00:00,11.33,11.6,11.33,11.57,274400
2021-09-10 07:00:00,11.52,11.54,11.38,11.38,514400
2021-09-13 07:00:00,11.38,11.6,11.07,11.17,750700
2021-09-14 07:00:00,11.17,11.17,10.75,10.78,1062700
2021-09-15 07:00:00,10.54,11.17,10.54,10.86,547800
2021-09-16 07:00:00,10.88,11.17,10.86,10.99,265500
2021-09-17 07:00:00,10.99,11.23,10.94,11.23,325400
2021-09-20 07:00:00,11.49,11.49,11.09,11.09,410700
2021-09-21 07:00:00,10.81,11.02,10.65,10.81,756400
2021-09-22 07:00:00,10.91,11.33,10.81,11.12,882600
2021-09-23 07:00:00,11.17,11.23,10.88,10.99,550800
2021-09-24 07:00:00,10.88,10.91,10.83,10.91,281100
2021-09-27 07:00:00,10.99,10.99,10.49,10.49,667900
2021-09-28 07:00:00,10.28,10.49,10.12,10.38,492400
2021-09-29 07:00:00,10.38,10.38,10.12,10.2,446600
2021-09-30 07:00:00,10.2,10.36,10.07,10.2,283700
2021-10-01 07:00:00,10.49,10.86,10.28,10.67,458700
2021-10-04 07:00:00,10.67,10.96,10.49,10.78,337300
2021-10-05 07:00:00,10.7,10.83,10.62,10.7,239500
2021-10-06 07:00:00,10.75,10.75,10.57,10.65,326300
2021-10-07 07:00:00,10.7,11.02,10.65,10.96,584300
2021-10-08 07:00:00,11.12,11.2,10.75,10.75,726400
2021-10-11 07:00:00,10.78,11.28,10.78,11.25,867700
2021-10-12 07:00:00,11.38,12.02,11.15,12.02,2459000
2021-10-13 07:00:00,12.39,12.39,11.96,12.07,1367000
2021-10-14 07:00:00,12.07,12.33,11.86,12.2,1444700
2021-10-15 07:00:00,12.25,12.39,11.78,12.12,1590300
2021-10-18 07:00:00,11.86,12.12,11.6,11.6,2058600
2021-10-19 07:00:00,11.41,12.12,11.23,11.86,1084100
2021-10-20 07:00:00,12.07,12.31,11.86,12.12,1200200
2021-10-21 07:00:00,12.23,12.68,12.07,12.57,1708800
2021-10-22 07:00:00,12.65,12.76,12.44,12.65,1792500
2021-10-25 07:00:00,12.86,12.99,12.49,12.6,1448100
2021-10-26 07:00:00,12.49,12.73,12.23,12.33,991100
2021-10-27 07:00:00,12.39,12.78,12.39,12.76,1379600
2021-10-28 07:00:00,13.26,13.44,12.94,13.15,1633700
2021-10-29 07:00:00,13.15,13.36,13.07,13.34,1300600
2021-11-01 07:00:00,13.34,13.34,12.76,12.89,1346600
2021-11-02 07:00:00,12.7,13.36,12.68,13.12,989700
2021-11-03 07:00:00,13.12,13.12,12.23,12.23,1708600
2021-11-04 07:00:00,12.23,12.62,12.18,12.49,824500
2021-11-05 07:00:00,12.76,12.99,12.18,12.65,625600
2021-11-08 07:00:00,13.02,13.52,12.73,13.52,1703200
2021-11-09 07:00:00,13.7,14.23,13.52,13.86,1128000
2021-11-10 07:00:00,13.89,14.2,13.65,14.18,797800
2021-11-11 07:00:00,14.2,14.23,13.44,13.7,1312700
2021-11-12 07:00:00,13.6,13.76,13.34,13.41,798000
2021-11-15 07:00:00,13.07,13.97,13.07,13.7,970300
2021-11-16 07:00:00,13.84,14.65,13.47,14.65,2056300
2021-11-17 07:00:00,14.97,15.29,14.71,14.76,1560000
2021-11-18 07:00:00,14.55,15.29,14.28,15.1,1264000
2021-11-19 07:00:00,15.13,15.23,14.05,14.55,1084300
2021-11-22 07:00:00,14.39,14.49,13.55,13.55,1475000
2021-11-23 07:00:00,13.18,14.47,13.18,14.47,813500
2021-11-24 07:00:00,15.02,15.02,14.47,14.55,894900
2021-11-25 07:00:00,14.52,14.55,14.02,14.18,868700
2021-11-26 07:00:00,14.76,15.15,14.47,15.15,2421900
2021-11-29 07:00:00,15.13,16.21,15.13,16.21,1536800
2021-11-30 07:00:00,16.87,16.87,15.92,16.29,1452500
2021-12-01 07:00:00,15.84,16.6,15.55,16.5,1157400
2021-12-02 07:00:00,16.55,17.02,16.08,16.23,817400
2021-12-03 07:00:00,16.34,16.58,15.13,15.23,1314100
2021-12-06 07:00:00,15.23,15.92,14.76,15.23,1154000
2021-12-07 07:00:00,15.81,15.81,15.02,15.81,582600
2021-12-08 07:00:00,15.92,16.31,15.71,15.86,496400
2021-12-09 07:00:00,15.86,16.97,15.68,16.97,1427000
2021-12-10 07:00:00,17.39,17.45,16.87,16.87,1100200
2021-12-13 07:00:00,16.87,17.29,16.87,17.13,762400
2021-12-14 07:00:00,17.13,17.13,16.39,16.66,1013300
2021-12-15 07:00:00,16.39,17.29,16.29,16.6,645900
2021-12-16 07:00:00,16.6,17.13,16.31,16.87,979100
2021-12-17 07:00:00,16.87,16.87,16.47,16.5,481600
2021-12-20 07:00:00,16.44,16.84,16.08,16.39,637100
2021-12-21 07:00:00,16.39,16.66,16.34,16.66,743100
2021-12-22 07:00:00,17.29,17.29,16.71,16.81,1142500
2021-12-23 07:00:00,16.81,16.81,15.97,15.97,1021700
2021-12-24 07:00:00,16.08,16.34,15.29,15.63,1066300
2021-12-27 07:00:00,15.65,16.34,15.02,15.79,556700
2021-12-28 07:00:00,16.02,16.02,15.23,15.23,800500
2021-12-29 07:00:00,15.18,15.18,14.6,14.86,1315500
2021-12-30 07:00:00,14.86,14.94,14.39,14.39,887500
2021-12-31 07:00:00,14.18,15.39,14.07,15.39,1022800
2022-01-04 07:00:00,15.39,15.5,15.05,15.39,333000
2022-01-05 07:00:00,15.23,15.34,15.1,15.34,598200
2022-01-06 07:00:00,15.18,16.34,15.02,15.76,904800
2022-01-07 07:00:00,16.08,16.08,15.5,15.6,446600
2022-01-10 07:00:00,15.5,15.86,14.71,14.76,800900
2022-01-11 07:00:00,15.02,15.02,14.44,14.6,713800
2022-01-12 07:00:00,14.52,14.89,13.7,14.49,670700
2022-01-13 07:00:00,14.76,14.97,14.47,14.71,302300
2022-01-14 07:00:00,14.68,15.18,14.39,15.18,507400
2022-01-17 07:00:00,15.55,16.05,15.18,15.44,1898100
2022-01-18 07:00:00,15.18,15.44,14.76,14.97,399000
2022-01-19 07:00:00,14.65,15.29,14.65,15.02,217900
2022-01-20 07:00:00,14.86,14.92,13.99,14.86,941600
2022-01-21 07:00:00,15.13,15.13,14.76,14.86,253800
2022-01-24 07:00:00,14.86,15.55,14.23,14.76,501800
2022-01-25 07:00:00,14.39,15.21,14.39,15.13,270900
2022-01-26 07:00:00,15.44,15.44,14.86,14.86,292800
2022-01-27 07:00:00,14.86,15.13,14.6,14.76,165800
2022-01-28 07:00:00,14.76,15.23,14.65,14.97,251900
2022-02-07 07:00:00,16.0,16.0,15.29,15.39,952800
2022-02-08 07:00:00,15.34,16.13,15.34,15.81,585000
2022-02-09 07:00:00,15.81,16.02,15.65,15.89,467300
2022-02-10 07:00:00,15.84,16.6,15.84,16.23,942200
2022-02-11 07:00:00,16.31,16.76,16.23,16.23,831400
2022-02-14 07:00:00,15.92,16.0,15.29,15.29,858000
2022-02-15 07:00:00,15.5,16.15,15.29,15.92,790500
2022-02-16 07:00:00,16.18,16.18,15.73,15.79,445300
2022-02-17 07:00:00,15.79,16.87,15.79,16.87,2680200
2022-02-18 07:00:00,17.13,17.84,16.97,17.42,1747800
2022-02-21 07:00:00,17.55,18.45,17.47,18.45,1554400
2022-02-22 07:00:00,17.92,19.24,17.55,19.24,2470200
2022-02-23 07:00:00,19.24,19.61,18.76,19.19,1044100
2022-02-24 07:00:00,19.13,19.13,17.87,18.39,2037800
2022-02-25 07:00:00,18.39,19.34,18.39,19.24,949900
2022-02-28 07:00:00,19.08,20.13,18.82,20.03,884100
2022-03-01 07:00:00,19.24,19.98,18.97,18.97,1183200
2022-03-02 07:00:00,18.61,19.4,17.92,18.79,1384500
2022-03-03 07:00:00,18.79,19.19,18.63,18.82,611400
2022-03-04 07:00:00,18.82,18.82,18.29,18.42,839500
2022-03-07 07:00:00,18.42,18.95,17.82,18.71,1338600
2022-03-08 07:00:00,18.39,18.39,17.71,17.71,856900
2022-03-09 07:00:00,17.66,18.95,17.24,18.95,1666000
2022-03-10 07:00:00,18.97,19.4,18.45,18.45,1181100
2022-03-11 07:00:00,18.45,18.82,18.03,18.05,998200
2022-03-14 07:00:00,17.95,17.97,17.13,17.13,800100
2022-03-15 07:00:00,17.13,17.66,16.87,17.39,837900
2022-03-16 07:00:00,17.39,18.18,17.39,17.68,813300
2022-03-17 07:00:00,17.68,18.03,17.68,17.71,301200
2022-03-18 07:00:00,17.71,17.89,17.53,17.6,346800
2022-03-21 07:00:00,17.45,18.55,17.45,17.84,527600
2022-03-22 07:00:00,18.24,18.97,17.82,18.95,1706100
2022-03-23 07:00:00,18.95,20.03,18.82,19.98,1905600
2022-03-24 07:00:00,19.98,20.5,19.55,19.87,747900
2022-03-25 07:00:00,19.77,20.19,19.48,19.87,894500
2022-03-28 07:00:00,19.77,21.24,19.53,20.82,2735500
2022-03-29 07:00:00,21.08,21.24,20.29,20.29,600300
2022-03-30 07:00:00,20.29,20.74,19.71,20.32,1125500
2022-03-31 07:00:00,20.45,21.03,19.45,19.61,1174500
2022-04-01 07:00:00,19.03,19.77,18.71,19.24,1410700
2022-04-04 07:00:00,19.5,19.71,19.24,19.55,571200
2022-04-05 07:00:00,19.61,20.29,18.97,20.19,739400
2022-04-06 07:00:00,20.03,20.13,19.61,19.63,604900
2022-04-07 07:00:00,19.84,20.16,19.37,19.37,642100
2022-04-08 07:00:00,19.03,19.48,18.24,18.24,1046600
2022-04-12 07:00:00,18.18,18.82,16.97,16.97,724000
2022-04-13 07:00:00,16.97,18.16,16.81,18.16,897800
2022-04-14 07:00:00,18.32,18.66,18.16,18.26,530100
2022-04-15 07:00:00,18.26,18.71,17.42,17.42,771600
2022-04-18 07:00:00,17.42,17.42,16.21,16.21,1421200
2022-04-19 07:00:00,15.92,16.21,15.07,15.07,1443600
2022-04-20 07:00:00,14.39,15.55,14.28,14.52,1006200
2022-04-21 07:00:00,13.89,14.76,13.52,14.28,910400
2022-04-22 07:00:00,14.23,14.76,13.81,14.23,944100
2022-04-25 07:00:00,14.05,14.44,13.26,13.26,556000
2022-04-26 07:00:00,12.65,13.18,12.33,13.12,679200
2022-04-27 07:00:00,13.1,13.44,12.65,13.44,543500
2022-04-28 07:00:00,13.44,13.86,13.07,13.15,654800
2022-04-29 07:00:00,12.91,13.97,12.91,13.97,722900
2022-05-04 07:00:00,13.97,14.39,13.7,14.1,444700
2022-05-05 07:00:00,14.1,14.18,13.23,13.28,678300
2022-05-06 07:00:00,12.91,13.7,12.89,12.97,575000
2022-05-09 07:00:00,12.7,12.76,12.07,12.07,548400
2022-05-10 07:00:00,11.23,12.23,11.23,11.38,1025700
2022-05-11 07:00:00,11.7,11.7,10.96,11.28,600200
2022-05-12 07:00:00,11.12,11.81,10.52,10.52,705900
2022-05-13 07:00:00,10.54,10.57,9.8,9.8,866100
2022-05-16 07:00:00,10.28,10.49,9.28,9.38,836700
2022-05-17 07:00:00,9.12,10.01,8.85,10.01,558600
2022-05-18 07:00:00,10.07,10.49,9.96,9.96,865000
2022-05-19 07:00:00,9.49,10.15,9.49,9.96,767800
2022-05-20 07:00:00,9.96,10.65,9.96,10.65,897300
2022-05-23 07:00:00,10.81,11.04,10.7,10.99,868100
2022-05-24 07:00:00,10.7,10.96,10.38,10.88,542500
2022-05-25 07:00:00,10.91,11.62,10.91,11.57,646000
2022-05-26 07:00:00,11.65,12.07,11.2,11.81,748900
2022-05-27 07:00:00,11.81,12.1,11.6,11.81,573300
2022-05-30 07:00:00,11.81,11.86,11.49,11.75,389500
2022-05-31 07:00:00,11.6,11.99,11.6,11.75,508300
2022-06-01 07:00:00,11.75,12.07,11.57,11.75,363500
2022-06-02 07:00:00,11.86,12.2,11.73,12.02,765000
2022-06-03 07:00:00,12.07,12.12,11.7,11.94,294500
2022-06-06 07:00:00,11.78,12.07,11.6,11.6,406200
2022-06-07 07:00:00,11.54,11.6,10.81,11.28,562000
2022-06-08 07:00:00,11.33,11.78,11.33,11.57,274000
2022-06-09 07:00:00,11.57,12.02,11.49,11.94,297500
2022-06-10 07:00:00,11.94,12.65,11.83,12.04,845800
2022-06-13 07:00:00,11.38,11.83,11.23,11.23,454000
2022-06-14 07:00:00,10.67,11.23,10.49,10.73,544100
2022-06-15 07:00:00,10.75,10.86,9.99,9.99,970800
2022-06-16 07:00:00,10.54,10.54,10.17,10.38,329200
2022-06-17 07:00:00,9.86,10.01,9.67,9.67,496400
2022-06-20 07:00:00,9.8,9.8,9.01,9.01,637700
2022-06-21 07:00:00,8.7,9.57,8.54,9.46,677800
2022-06-22 07:00:00,9.65,9.86,9.49,9.8,246200
2022-06-23 07:00:00,9.8,10.17,9.41,10.17,217100
2022-06-24 07:00:00,10.15,10.25,9.94,9.94,130500
2022-06-27 07:00:00,10.01,10.28,9.67,10.28,202000
2022-06-28 07:00:00,10.41,10.65,10.28,10.44,439900
2022-06-29 07:00:00,10.33,10.65,10.3,10.49,339000
2022-06-30 07:00:00,10.44,10.75,10.23,10.23,244800
2022-07-01 07:00:00,10.23,10.36,9.65,10.3,270700
2022-07-04 07:00:00,10.33,10.59,10.33,10.49,191500
2022-07-05 07:00:00,10.49,10.54,10.07,10.33,219000
2022-07-06 07:00:00,10.23,10.28,9.86,9.91,179000
2022-07-07 07:00:00,9.8,10.01,9.75,9.91,166300
2022-07-08 07:00:00,10.15,10.49,10.07,10.33,189600
2022-07-11 07:00:00,10.38,10.81,10.2,10.67,466200
2022-07-12 07:00:00,11.41,11.41,11.41,11.41,709600
2022-07-13 07:00:00,12.2,12.2,11.75,11.75,1263000
2022-07-14 07:00:00,11.6,12.23,11.6,11.75,530000
2022-07-15 07:00:00,11.65,12.36,11.6,11.78,1100300
2022-07-18 07:00:00,11.89,12.02,11.23,11.33,885200
2022-07-19 07:00:00,11.2,11.6,11.04,11.17,599900
2022-07-20 07:00:00,11.36,11.54,11.23,11.54,1310500
2022-07-21 07:00:00,12.01,12.01,11.61,11.67,398700
2022-07-22 07:00:00,11.79,12.16,11.67,11.7,709600
2022-07-25 07:00:00,11.7,12.5,11.67,12.5,1557100
2022-07-26 07:00:00,12.78,13.16,12.72,12.75,874400
2022-07-27 07:00:00,12.94,13.4,12.47,13.31,727700
2022-07-28 07:00:00,13.65,13.65,13.09,13.13,1060000
2022-07-29 07:00:00,13.22,13.56,12.85,13.13,776600
2022-08-01 07:00:00,13.34,13.56,12.91,13.09,882100
2022-08-02 07:00:00,13.0,13.96,12.82,13.96,1442800
2022-08-03 07:00:00,13.65,13.96,13.5,13.75,947300
2022-08-04 07:00:00,13.93,14.12,13.53,13.65,607200
2022-08-05 07:00:00,13.47,14.21,13.47,13.75,826100
2022-08-08 07:00:00,13.84,14.09,13.65,13.99,640700
2022-08-09 07:00:00,13.99,14.09,13.72,13.81,627700
2022-08-10 07:00:00,13.72,14.65,13.72,14.09,1020800
2022-08-11 07:00:00,14.4,14.58,13.78,13.87,733800
2022-08-12 07:00:00,13.84,14.46,13.75,14.12,874900
2022-08-15 07:00:00,14.4,14.43,14.15,14.24,710200
2022-08-16 07:00:00,14.24,14.24,13.84,13.93,649400
2022-08-17 07:00:00,13.99,14.15,13.65,13.68,728000
2022-08-18 07:00:00,13.65,13.72,13.06,13.47,862900
2022-08-19 07:00:00,13.53,14.15,13.47,13.87,702400
2022-08-22 07:00:00,13.72,14.12,13.72,14.06,685000
2022-08-23 07:00:00,13.93,15.02,13.93,15.02,1968400
2022-08-24 07:00:00,15.17,15.42,15.02,15.24,835200
2022-08-25 07:00:00,15.14,16.14,14.93,15.58,1721200
2022-08-26 07:00:00,15.51,15.58,14.8,15.2,1146100
2022-08-29 07:00:00,14.83,16.14,14.65,16.14,2202600
2022-08-30 07:00:00,16.14,16.45,15.76,15.89,698500
2022-08-31 07:00:00,15.7,16.26,15.58,16.04,737600
2022-09-05 07:00:00,15.89,16.45,15.73,16.04,751500
2022-09-06 07:00:00,15.95,16.32,15.61,15.61,719600
2022-09-07 07:00:00,15.51,15.58,14.52,14.52,2871000
2022-09-08 07:00:00,14.61,14.65,13.78,13.99,1369200
2022-09-09 07:00:00,13.99,14.65,13.99,14.58,657200
2022-09-12 07:00:00,14.58,15.02,14.52,14.68,618900
2022-09-13 07:00:00,14.71,14.8,14.34,14.55,421100
2022-09-14 07:00:00,14.09,14.58,14.06,14.34,1054500
2022-09-15 07:00:00,14.34,14.89,14.34,14.65,660000
2022-09-16 07:00:00,14.58,14.65,14.03,14.03,1109600
2022-09-19 07:00:00,13.96,13.99,13.06,13.22,1695200
2022-09-20 07:00:00,13.22,13.65,13.22,13.65,606300
2022-09-21 07:00:00,13.28,13.62,13.28,13.44,457400
2022-09-22 07:00:00,13.31,13.9,13.16,13.68,410700
2022-09-23 07:00:00,13.81,14.15,13.68,13.93,734900
2022-09-26 07:00:00,13.44,13.87,13.19,13.65,1072900
2022-09-27 07:00:00,13.9,14.4,13.53,14.21,967000
2022-09-28 07:00:00,14.3,14.37,13.72,13.96,838800
2022-09-29 07:00:00,14.12,14.27,13.0,13.0,491700
2022-09-30 07:00:00,13.0,13.4,12.1,13.4,1223500
2022-10-03 07:00:00,13.78,13.78,12.47,12.47,610200
2022-10-04 07:00:00,12.66,12.72,11.76,11.76,1104100
2022-10-05 07:00:00,11.98,12.57,11.98,12.57,697200
2022-10-06 07:00:00,12.66,13.0,12.41,12.41,839500
2022-10-07 07:00:00,12.13,13.28,12.13,12.82,1319500
2022-10-10 07:00:00,12.97,13.68,12.82,13.68,737500
2022-10-11 07:00:00,14.27,14.34,13.34,13.68,1444600
2022-10-12 07:00:00,13.93,14.21,13.65,13.65,905700
2022-10-13 07:00:00,13.68,14.27,13.65,14.15,499600
2022-10-14 07:00:00,14.55,14.77,13.84,14.03,2926500
2022-10-17 07:00:00,13.84,14.55,13.84,14.24,574800
2022-10-18 07:00:00,14.52,14.52,13.78,14.09,815800
2022-10-19 07:00:00,14.12,14.15,13.65,13.65,549300
2022-10-20 07:00:00,13.65,13.9,13.34,13.81,949700
2022-10-21 07:00:00,13.81,13.87,12.85,12.85,1781300
2022-10-24 07:00:00,12.91,13.03,11.98,11.98,1051600
2022-10-25 07:00:00,11.95,12.54,11.88,12.16,611200
2022-10-26 07:00:00,12.41,12.41,11.98,11.98,356100
2022-10-27 07:00:00,12.01,12.82,12.01,12.82,1405500
2022-10-28 07:00:00,13.06,13.06,12.6,12.6,381800
2022-10-31 07:00:00,12.66,12.66,11.73,12.47,769900
2022-11-01 07:00:00,12.66,12.66,12.23,12.54,282400
2022-11-02 07:00:00,12.41,12.54,12.16,12.16,337500
2022-11-03 07:00:00,11.82,12.23,11.82,11.85,272900
2022-11-04 07:00:00,11.79,11.85,11.05,11.05,892400
2022-11-07 07:00:00,10.86,11.11,10.3,10.3,784100
2022-11-08 07:00:00,10.3,10.49,9.99,10.39,432000
2022-11-09 07:00:00,10.55,10.8,10.55,10.55,336100
2022-11-10 07:00:00,10.52,10.52,9.84,9.84,738400
2022-11-11 07:00:00,10.02,10.15,9.15,9.15,1736400
2022-11-14 07:00:00,8.6,8.87,8.53,8.53,769700
2022-11-15 07:00:00,8.1,8.19,7.94,7.94,350000
2022-11-16 07:00:00,7.42,8.47,7.42,8.47,1081100
2022-11-17 07:00:00,8.69,8.94,8.47,8.69,445600
2022-11-18 07:00:00,8.56,8.91,8.19,8.81,614900
2022-11-21 07:00:00,9.0,9.06,8.66,8.81,406400
2022-11-22 07:00:00,8.84,9.4,8.56,9.12,910500
2022-11-23 07:00:00,9.12,9.25,8.75,8.75,334400
2022-11-24 07:00:00,8.75,8.91,8.44,8.84,247200
2022-11-25 07:00:00,9.0,9.43,8.87,9.43,565400
2022-11-28 07:00:00,9.87,9.99,9.62,9.99,478300
2022-11-29 07:00:00,10.12,10.27,9.53,10.08,706800
2022-11-30 07:00:00,10.12,10.43,9.81,10.18,463000
2022-12-01 07:00:00,10.55,10.64,9.81,9.99,601000
2022-12-02 07:00:00,9.99,10.43,9.71,10.33,405700
2022-12-05 07:00:00,10.55,10.8,10.43,10.55,944500
2022-12-06 07:00:00,10.36,11.26,10.27,10.43,721000
2022-12-07 07:00:00,10.43,10.58,9.99,10.46,471900
2022-12-08 07:00:00,10.64,10.86,10.46,10.67,470200
2022-12-09 07:00:00,10.55,10.67,10.36,10.58,278500
2022-12-12 07:00:00,10.58,11.05,10.55,10.61,536000
2022-12-13 07:00:00,10.61,10.8,10.24,10.8,370800
2022-12-14 07:00:00,10.86,10.98,10.67,10.8,510000
2022-12-15 07:00:00,10.77,10.8,10.52,10.55,280600
2022-12-16 07:00:00,10.43,10.77,10.36,10.71,474800
2022-12-19 07:00:00,10.8,11.08,10.55,10.55,417800
2022-12-20 07:00:00,10.36,10.74,10.18,10.43,777900
2022-12-21 07:00:00,10.46,10.52,9.81,10.3,543500
2022-12-22 07:00:00,10.46,10.49,9.99,10.36,198100
2022-12-23 07:00:00,10.3,10.36,9.99,10.3,136000
2022-12-26 07:00:00,10.39,10.39,9.59,9.59,295500
2022-12-27 07:00:00,9.59,9.84,9.18,9.84,220500
2022-12-28 07:00:00,9.84,9.87,9.62,9.74,68700
2022-12-29 07:00:00,9.84,10.12,9.74,9.96,248900
2022-12-30 07:00:00,10.21,10.27,9.99,10.12,182200
2023-01-03 07:00:00,10.12,10.55,10.12,10.52,269800
2023-01-04 07:00:00,10.61,10.74,10.39,10.55,197000
2023-01-05 07:00:00,10.67,10.67,10.39,10.46,158800
2023-01-06 07:00:00,10.49,10.61,10.3,10.3,252200
2023-01-09 07:00:00,10.43,10.52,10.24,10.3,198100
2023-01-10 07:00:00,10.3,10.39,10.12,10.36,155400
2023-01-11 07:00:00,10.36,10.64,10.36,10.61,351800
2023-01-12 07:00:00,10.8,11.29,10.71,11.23,743500
2023-01-13 07:00:00,11.23,11.29,11.05,11.05,540900
2023-01-16 07:00:00,11.02,11.36,10.89,11.14,478100
2023-01-17 07:00:00,11.26,11.64,11.14,11.48,488900
2023-01-18 07:00:00,11.67,11.67,11.23,11.36,633200
2023-01-19 07:00:00,11.29,12.13,11.26,11.48,1121700
2023-01-27 07:00:00,11.76,11.76,11.45,11.48,533400
2023-01-30 07:00:00,11.48,11.48,11.26,11.29,564400
2023-01-31 07:00:00,11.26,11.61,11.08,11.61,523300
2023-02-01 07:00:00,11.67,11.7,11.17,11.17,1078800
2023-02-02 07:00:00,11.17,11.26,10.64,10.77,443100
2023-02-03 07:00:00,10.8,11.14,10.77,11.05,498900
2023-02-06 07:00:00,11.11,11.14,10.92,11.05,141800
2023-02-07 07:00:00,11.05,11.23,10.8,11.02,376100
2023-02-08 07:00:00,11.05,11.14,10.61,11.05,291500
2023-02-09 07:00:00,11.05,11.05,10.77,10.89,161700
2023-02-10 07:00:00,10.92,10.92,10.58,10.83,300300
2023-02-13 07:00:00,10.67,10.83,10.08,10.15,482900
2023-02-14 07:00:00,10.12,10.27,10.12,10.15,132100
2023-02-15 07:00:00,10.15,10.36,9.99,10.24,162700
2023-02-16 07:00:00,10.36,10.36,10.18,10.33,217100
2023-02-17 07:00:00,10.3,10.55,10.3,10.52,261400
2023-02-20 07:00:00,10.52,10.8,10.43,10.8,293300
2023-02-21 07:00:00,10.83,11.02,10.55,10.61,285600
2023-02-22 07:00:00,10.49,10.61,10.36,10.39,230600
2023-02-23 07:00:00,10.3,10.39,10.05,10.36,299600
2023-02-24 07:00:00,10.24,10.46,9.9,9.99,351700
2023-02-27 07:00:00,9.77,10.02,9.68,9.68,260000
2023-02-28 07:00:00,9.71,9.96,9.62,9.74,153500
2023-03-01 07:00:00,9.62,9.87,9.37,9.87,246000
2023-03-02 07:00:00,9.87,9.96,9.68,9.74,161800
2023-03-03 07:00:00,9.93,9.93,9.65,9.68,319100
2023-03-06 07:00:00,9.87,10.05,9.77,9.81,255600
2023-03-07 07:00:00,9.87,10.33,9.84,10.24,368500
2023-03-08 07:00:00,10.05,10.61,10.05,10.55,486400
2023-03-09 07:00:00,10.49,10.64,10.36,10.55,176200
2023-03-10 07:00:00,10.52,10.86,10.46,10.8,566200
2023-03-13 07:00:00,10.86,10.86,10.55,10.77,323000
2023-03-14 07:00:00,10.8,10.8,10.24,10.3,252400
2023-03-15 07:00:00,10.61,10.64,10.46,10.55,334600
2023-03-16 07:00:00,10.49,10.49,10.21,10.33,387300
2023-03-17 07:00:00,10.43,10.46,10.36,10.39,67900
2023-03-20 07:00:00,10.39,10.39,9.99,9.99,153600
2023-03-21 07:00:00,10.12,10.21,10.02,10.21,97900
2023-03-22 07:00:00,10.33,10.36,10.05,10.12,117400
2023-03-23 07:00:00,10.12,10.15,9.96,10.15,79900
2023-03-24 07:00:00,10.05,10.24,10.05,10.15,89500
2023-03-27 07:00:00,10.24,10.3,10.05,10.12,207700
2023-03-28 07:00:00,10.12,10.24,10.12,10.15,91100
2023-03-29 07:00:00,10.3,10.52,10.15,10.46,218800
2023-03-30 07:00:00,10.55,10.58,10.36,10.46,146300
2023-03-31 07:00:00,10.49,11.02,10.49,10.98,822700
2023-04-03 07:00:00,11.17,11.23,10.95,10.95,399600
2023-04-04 07:00:00,10.92,11.17,10.83,11.17,603600
2023-04-05 07:00:00,11.17,11.39,10.95,11.05,514300
2023-04-06 07:00:00,11.08,11.14,10.74,10.74,554300
2023-04-07 07:00:00,10.8,11.11,10.58,11.11,583800
2023-04-10 07:00:00,11.11,11.39,10.98,11.11,850300
2023-04-11 07:00:00,11.23,11.33,10.92,11.29,363600
2023-04-12 07:00:00,11.42,12.07,11.23,12.04,3156700
2023-04-13 07:00:00,12.41,12.41,11.79,12.04,1335400
2023-04-14 07:00:00,12.13,12.13,11.48,11.48,1045800
2023-04-17 07:00:00,11.48,11.73,11.39,11.61,502700
2023-04-18 07:00:00,11.76,12.01,11.67,11.92,1189600
2023-04-19 07:00:00,12.01,12.13,11.54,11.73,980100
2023-04-20 07:00:00,11.73,11.95,11.73,11.92,503200
2023-04-21 07:00:00,11.92,12.38,11.92,12.1,1814000
2023-04-24 07:00:00,12.01,12.01,11.26,11.29,2648900
2023-04-25 07:00:00,11.48,11.57,10.98,10.98,1176200
2023-04-26 07:00:00,11.11,11.14,10.92,11.14,483400
2023-04-27 07:00:00,11.08,11.26,10.39,10.86,755600
2023-04-28 07:00:00,11.11,11.11,10.83,11.02,533700
2023-05-04 07:00:00,10.92,11.05,10.61,10.95,1030700
2023-05-05 07:00:00,10.86,11.51,10.86,11.39,873700
2023-05-08 07:00:00,11.48,11.48,11.17,11.26,856400
2023-05-09 07:00:00,11.29,11.42,11.17,11.33,443400
2023-05-10 07:00:00,11.36,11.39,11.23,11.29,647600
2023-05-11 07:00:00,11.36,11.36,11.11,11.17,935000
2023-05-12 07:00:00,11.23,11.29,11.05,11.29,643300
2023-05-15 07:00:00,11.36,11.48,11.08,11.08,1229300
2023-05-16 07:00:00,11.23,11.23,10.98,11.02,423000
2023-05-17 07:00:00,11.02,11.17,10.89,10.92,469300
2023-05-18 07:00:00,10.92,11.14,10.92,11.11,328800
2023-05-19 07:00:00,11.11,11.36,11.05,11.23,892600
2023-05-22 07:00:00,11.33,11.33,11.2,11.29,849400
2023-05-23 07:00:00,11.29,11.33,11.2,11.23,577100
2023-05-24 07:00:00,11.23,11.33,11.17,11.29,537900
2023-05-25 07:00:00,11.14,11.23,11.05,11.08,508600
2023-05-26 07:00:00,11.11,11.17,11.05,11.08,495700
2023-05-29 07:00:00,11.17,11.2,11.08,11.11,579400
2023-05-30 07:00:00,11.14,11.57,11.14,11.48,1373400
2023-05-31 07:00:00,11.51,11.73,11.39,11.54,917200
2023-06-01 07:00:00,11.54,11.61,11.39,11.48,737800
2023-06-02 07:00:00,11.61,11.98,11.61,11.76,1847400
2023-06-05 07:00:00,12.1,12.1,11.67,11.67,992200
2023-06-06 07:00:00,11.67,11.76,11.61,11.73,672100
2023-06-07 07:00:00,11.79,11.92,11.67,11.7,744600
2023-06-08 07:00:00,11.98,12.41,11.92,11.95,2096600
2023-06-09 07:00:00,12.16,12.19,11.76,11.95,1428800
2023-06-12 07:00:00,11.98,12.47,11.95,12.38,1409200
2023-06-13 07:00:00,12.41,12.54,12.16,12.23,643100
2023-06-14 07:00:00,12.32,12.32,11.92,11.92,1106600
2023-06-15 07:00:00,11.88,11.95,11.64,11.7,957000
2023-06-16 07:00:00,11.85,11.92,11.73,11.73,961900
2023-06-19 07:00:00,11.82,11.98,11.76,11.82,874300
2023-06-20 07:00:00,11.85,11.98,11.85,11.88,1169600
2023-06-21 07:00:00,12.44,12.44,12.08,12.28,966400
2023-06-22 07:00:00,12.4,12.52,12.32,12.4,886100
2023-06-23 07:00:00,12.4,12.4,12.2,12.28,675800
2023-06-26 07:00:00,12.28,12.4,12.04,12.36,954800
2023-06-27 07:00:00,12.36,12.44,12.28,12.4,646700
2023-06-28 07:00:00,12.48,13.04,12.4,12.88,3081400
2023-06-29 07:00:00,12.88,12.92,12.52,12.52,1115500
2023-06-30 07:00:00,12.52,12.64,11.96,12.24,1008800
2023-07-03 07:00:00,12.4,12.56,12.28,12.32,576300
2023-07-04 07:00:00,12.32,12.48,12.28,12.48,656800
2023-07-05 07:00:00,12.56,12.72,12.44,12.72,1185200
2023-07-06 07:00:00,12.56,12.76,12.36,12.44,1030500
2023-07-07 07:00:00,12.4,12.92,12.28,12.8,1067200
2023-07-10 07:00:00,12.88,13.12,12.76,13.0,1480300
2023-07-11 07:00:00,13.04,13.16,12.76,12.76,1338800
2023-07-12 07:00:00,12.84,12.84,12.52,12.6,1005300
2023-07-13 07:00:00,12.76,12.8,12.64,12.76,782000
2023-07-14 07:00:00,12.76,12.84,12.6,12.64,795200
2023-07-17 07:00:00,12.72,12.72,12.6,12.64,764900
2023-07-18 07:00:00,12.68,12.68,12.44,12.48,860300
2023-07-19 07:00:00,12.52,12.68,12.32,12.32,1363700
2023-07-20 07:00:00,12.4,12.52,12.24,12.52,611900
2023-07-21 07:00:00,12.56,12.72,12.56,12.68,1218600
2023-07-24 07:00:00,12.72,12.76,12.52,12.68,1158700
2023-07-25 07:00:00,12.68,12.72,12.52,12.56,1226700
2023-07-26 07:00:00,12.56,12.64,12.44,12.52,1044400
2023-07-27 07:00:00,12.52,12.52,12.32,12.44,1300600
2023-07-28 07:00:00,12.24,12.4,12.2,12.32,2438000
2023-07-31 07:00:00,12.32,12.64,12.32,12.56,1926100
2023-08-01 07:00:00,12.68,12.68,12.36,12.4,1745300
2023-08-02 07:00:00,12.4,12.44,12.32,12.36,1119300
2023-08-03 07:00:00,12.36,13.2,12.28,12.84,6543900
2023-08-04 07:00:00,13.04,13.12,12.8,13.04,2014400
2023-08-07 07:00:00,13.16,13.48,12.92,13.0,3298200
2023-08-08 07:00:00,13.04,13.16,12.88,12.96,1656900
2023-08-09 07:00:00,12.92,13.0,12.84,12.88,1662700
2023-08-10 07:00:00,12.88,13.0,12.68,12.72,1970800
2023-08-11 07:00:00,12.76,12.92,12.44,12.92,1986700
2023-08-14 07:00:00,12.92,13.12,12.84,12.96,1863000
2023-08-15 07:00:00,13.08,13.08,12.76,13.0,1436000
2023-08-16 07:00:00,13.04,13.72,12.8,13.68,3387400
2023-08-17 07:00:00,13.68,13.68,13.16,13.16,1847200
2023-08-18 07:00:00,13.08,13.08,12.24,12.28,2914500
2023-08-21 07:00:00,12.28,12.4,11.96,12.16,1437900
2023-08-22 07:00:00,12.16,12.36,11.8,12.36,861400
2023-08-23 07:00:00,12.36,12.44,12.24,12.24,520700
2023-08-24 07:00:00,12.24,12.44,12.2,12.36,460200
2023-08-25 07:00:00,12.36,12.44,12.08,12.16,788200
2023-08-28 07:00:00,12.2,12.4,12.2,12.36,434800
2023-08-29 07:00:00,12.44,12.6,12.32,12.48,826100
2023-08-30 07:00:00,12.56,12.64,12.4,12.56,571300
2023-08-31 07:00:00,12.56,12.76,12.56,12.76,1103700
2023-09-05 07:00:00,12.96,12.96,12.76,12.8,851600
2023-09-06 07:00:00,12.8,13.0,12.68,12.96,1132800
2023-09-07 07:00:00,13.16,13.16,12.88,12.88,1047100
2023-09-08 07:00:00,12.92,13.16,12.84,12.88,1204500
2023-09-11 07:00:00,12.88,13.12,12.68,12.68,1579800
2023-09-12 07:00:00,12.84,12.92,12.56,12.92,965300
2023-09-13 07:00:00,13.08,13.08,12.68,12.8,1036300
2023-09-14 07:00:00,12.8,12.84,12.4,12.44,1191600
2023-09-15 07:00:00,12.48,12.56,12.24,12.32,841500
2023-09-18 07:00:00,12.36,12.64,12.28,12.48,509000
2023-09-19 07:00:00,12.48,12.68,12.36,12.6,756700
2023-09-20 07:00:00,12.6,12.72,12.56,12.6,539700
2023-09-21 07:00:00,12.72,13.12,12.64,12.88,2014200
2023-09-22 07:00:00,12.72,12.72,12.36,12.44,1457500
2023-09-25 07:00:00,12.28,12.52,11.61,11.65,1549300
2023-09-26 07:00:00,11.65,12.04,11.57,11.76,976400
2023-09-27 07:00:00,11.72,12.04,11.53,12.04,702100
2023-09-28 07:00:00,12.04,12.12,11.72,12.04,319800
2023-09-29 07:00:00,12.04,12.12,11.92,11.96,210000
2023-10-02 07:00:00,11.92,12.08,11.84,11.92,196400
2023-10-03 07:00:00,11.92,11.92,11.37,11.37,689400
2023-10-04 07:00:00,11.17,11.88,10.77,11.61,443900
2023-10-05 07:00:00,11.72,11.76,11.49,11.49,395100
2023-10-06 07:00:00,11.53,11.72,11.17,11.57,421600
2023-10-09 07:00:00,11.57,11.76,11.45,11.76,442700
2023-10-10 07:00:00,11.84,11.92,11.76,11.88,346900
2023-10-11 07:00:00,11.92,11.92,11.68,11.8,175000
2023-10-12 07:00:00,11.8,12.24,11.72,12.04,1152800
2023-10-13 07:00:00,11.96,12.08,11.76,11.96,343000
2023-10-16 07:00:00,11.96,11.96,11.61,11.61,461600
2023-10-17 07:00:00,11.61,11.72,11.57,11.57,343300
2023-10-18 07:00:00,11.49,11.57,11.09,11.53,782000
2023-10-19 07:00:00,11.57,11.57,11.17,11.49,319500
2023-10-20 07:00:00,11.41,11.57,11.09,11.57,321100
2023-10-23 07:00:00,11.49,11.53,11.21,11.41,78600
2023-10-24 07:00:00,11.33,11.49,11.25,11.37,147500
2023-10-25 07:00:00,11.37,11.37,11.17,11.25,872400
2023-10-26 07:00:00,11.09,11.09,10.49,10.53,896100
2023-10-27 07:00:00,10.77,10.77,10.09,10.73,421100
2023-10-30 07:00:00,10.57,10.73,10.37,10.57,181300
2023-10-31 07:00:00,10.57,10.69,10.25,10.37,357400
2023-11-01 07:00:00,10.45,10.69,10.29,10.49,188900
2023-11-02 07:00:00,10.65,11.09,10.53,11.01,216400
2023-11-03 07:00:00,11.01,11.01,10.81,10.93,116400
2023-11-06 07:00:00,11.01,11.09,10.85,11.09,233700
2023-11-07 07:00:00,11.09,11.13,10.93,11.01,148100
2023-11-08 07:00:00,11.01,11.57,10.89,11.49,558200
2023-11-09 07:00:00,11.41,11.53,11.33,11.33,423200
2023-11-10 07:00:00,11.17,11.33,11.09,11.17,193100
2023-11-13 07:00:00,11.21,11.25,11.05,11.13,197900
2023-11-14 07:00:00,11.17,11.33,11.17,11.17,202300
2023-11-15 07:00:00,11.37,11.41,11.17,11.17,231900
2023-11-16 07:00:00,11.05,11.33,11.05,11.17,102800
2023-11-17 07:00:00,11.17,11.29,11.05,11.09,230200
2023-11-20 07:00:00,10.93,11.13,10.89,11.09,185700
2023-11-21 07:00:00,11.25,11.25,10.97,11.09,289500
2023-11-22 07:00:00,11.13,11.13,11.01,11.05,180200
2023-11-23 07:00:00,11.17,11.33,11.05,11.09,533000
2023-11-24 07:00:00,11.01,11.09,10.97,11.01,300500
2023-11-27 07:00:00,11.05,11.13,10.93,10.97,147600
2023-11-28 07:00:00,11.01,11.01,10.77,11.01,197500
2023-11-29 07:00:00,11.09,11.09,10.85,11.01,195200
2023-11-30 07:00:00,11.09,11.13,10.93,10.93,188900
2023-12-01 07:00:00,10.97,11.05,10.85,10.93,134500
2023-12-04 07:00:00,10.93,11.13,10.93,11.05,351800
2023-12-05 07:00:00,11.13,11.13,11.01,11.01,217000
2023-12-06 07:00:00,11.05,11.33,11.01,11.29,766100
2023-12-07 07:00:00,11.41,11.45,11.09,11.29,397000
2023-12-08 07:00:00,11.29,11.45,11.21,11.37,502100
2023-12-11 07:00:00,11.37,11.37,11.21,11.33,356600
2023-12-12 07:00:00,11.37,11.37,11.29,11.37,416100
2023-12-13 07:00:00,11.41,11.45,11.17,11.17,312100
2023-12-14 07:00:00,11.09,11.25,11.09,11.17,276300
2023-12-15 07:00:00,11.17,11.37,11.05,11.33,292800
2023-12-18 07:00:00,11.37,11.37,11.13,11.21,265200
2023-12-19 07:00:00,11.21,11.25,11.09,11.21,157900
2023-12-20 07:00:00,11.37,11.41,11.25,11.37,519300
2023-12-21 07:00:00,11.37,11.37,11.25,11.33,123300
2023-12-22 07:00:00,11.37,11.37,11.21,11.25,147800
2023-12-25 07:00:00,11.33,11.33,11.17,11.25,295200
2023-12-26 07:00:00,11.33,11.33,11.17,11.25,185700
2023-12-27 07:00:00,11.25,11.25,11.13,11.17,201700
2023-12-28 07:00:00,11.17,11.25,11.09,11.17,241100
2023-12-29 07:00:00,11.25,11.29,11.05,11.09,277900
2024-01-02 07:00:00,11.25,11.25,11.09,11.13,148600
2024-01-03 07:00:00,11.09,11.17,11.09,11.17,225700
2024-01-04 07:00:00,11.21,11.72,11.17,11.53,1588800
2024-01-05 07:00:00,11.61,11.61,11.37,11.49,297800
2024-01-08 07:00:00,11.49,11.61,11.37,11.41,278600
2024-01-09 07:00:00,11.49,11.53,11.33,11.41,257000
2024-01-10 07:00:00,11.41,11.41,11.25,11.25,345400
2024-01-11 07:00:00,11.25,11.37,11.25,11.25,189000
2024-01-12 07:00:00,11.21,11.53,11.17,11.29,485600
2024-01-15 07:00:00,11.29,11.33,11.25,11.25,119300
2024-01-16 07:00:00,11.21,11.45,11.21,11.37,121000
2024-01-17 07:00:00,11.37,11.53,11.33,11.37,201500
2024-01-18 07:00:00,11.45,11.45,11.21,11.37,290500
2024-01-19 07:00:00,11.45,11.45,11.25,11.41,180400
2024-01-22 07:00:00,11.29,11.37,11.21,11.29,315300
2024-01-23 07:00:00,11.29,11.41,11.25,11.29,166500
2024-01-24 07:00:00,11.25,11.37,11.21,11.29,243200
2024-01-25 07:00:00,11.25,11.33,11.21,11.21,142800
2024-01-26 07:00:00,11.21,11.25,11.17,11.21,108500
2024-01-29 07:00:00,11.21,11.37,11.21,11.33,504300
2024-01-30 07:00:00,11.41,11.41,11.25,11.29,368800
2024-01-31 07:00:00,11.29,11.29,11.17,11.17,495200
2024-02-01 07:00:00,11.17,11.33,11.17,11.25,197600
2024-02-02 07:00:00,11.21,11.29,11.21,11.25,170800
2024-02-05 07:00:00,11.25,11.33,11.21,11.33,264400
2024-02-06 07:00:00,11.37,11.41,11.29,11.33,363200
2024-02-07 07:00:00,11.37,11.49,11.29,11.49,422300
2024-02-15 07:00:00,11.53,11.57,11.37,11.41,294800
2024-02-16 07:00:00,11.41,11.49,11.33,11.41,170800
2024-02-19 07:00:00,11.41,11.96,11.33,11.8,724600
2024-02-20 07:00:00,11.8,11.8,11.57,11.61,245200
2024-02-21 07:00:00,11.61,11.96,11.61,11.84,518300
2024-02-22 07:00:00,11.88,11.92,11.72,11.8,292000
2024-02-23 07:00:00,11.72,11.84,11.49,11.49,499400
2024-02-26 07:00:00,11.49,11.65,11.45,11.61,343000
2024-02-27 07:00:00,11.65,11.68,11.53,11.61,211700
2024-02-28 07:00:00,11.61,11.72,11.49,11.61,286900
2024-02-29 07:00:00,11.68,11.68,11.49,11.53,316900
2024-03-01 07:00:00,11.65,11.65,11.49,11.65,180700
2024-03-04 07:00:00,11.65,11.96,11.65,11.8,760100
2024-03-05 07:00:00,11.72,11.84,11.72,11.8,301700
2024-03-06 07:00:00,11.84,11.84,11.57,11.61,298300
2024-03-07 07:00:00,11.61,11.72,11.57,11.72,374200
2024-03-08 07:00:00,11.72,11.76,11.57,11.57,440300
2024-03-11 07:00:00,11.49,11.65,11.45,11.49,361600
2024-03-12 07:00:00,11.33,11.49,11.33,11.45,272500
2024-03-13 07:00:00,11.53,11.65,11.41,11.65,439300
2024-03-14 07:00:00,11.72,12.32,11.68,12.08,2081400
2024-03-15 07:00:00,12.08,12.4,11.96,12.12,1112900
2024-03-18 07:00:00,12.0,12.24,11.61,11.8,1031200
2024-03-19 07:00:00,11.96,12.08,11.72,11.84,431800
2024-03-20 07:00:00,12.08,12.08,11.84,11.96,420200
2024-03-21 07:00:00,12.0,12.32,11.96,12.32,759600
2024-03-22 07:00:00,12.32,12.36,12.0,12.28,714400
2024-03-25 07:00:00,12.32,12.76,12.08,12.28,1025100
2024-03-26 07:00:00,12.24,12.48,12.12,12.32,541800
2024-03-27 07:00:00,12.32,12.36,12.24,12.32,482700
2024-03-28 07:00:00,12.32,12.44,12.28,12.36,643900
2024-03-29 07:00:00,12.36,12.36,12.12,12.16,269800
2024-04-01 07:00:00,12.16,12.24,12.04,12.2,357900
2024-04-02 07:00:00,12.08,12.28,12.04,12.28,369600
2024-04-03 07:00:00,12.28,12.44,12.2,12.32,616500
2024-04-04 07:00:00,12.32,12.36,12.12,12.32,412600
2024-04-05 07:00:00,12.12,12.28,12.04,12.16,507600
2024-04-08 07:00:00,12.16,12.24,12.08,12.08,225100
2024-04-09 07:00:00,12.04,12.28,12.04,12.28,282500
2024-04-10 07:00:00,12.28,12.32,12.12,12.16,138200
2024-04-11 07:00:00,12.04,12.12,12.0,12.12,168400
2024-04-12 07:00:00,12.12,12.24,12.0,12.2,181300
2024-04-15 07:00:00,12.2,12.44,12.08,12.28,977600
2024-04-16 07:00:00,12.12,12.12,11.65,11.96,668800
2024-04-17 07:00:00,12.2,12.76,12.04,12.2,1353700
2024-04-19 07:00:00,11.84,12.36,11.72,12.08,697600
2024-04-22 07:00:00,12.28,12.28,11.25,12.16,672900
2024-04-23 07:00:00,12.16,12.16,11.8,11.96,306500
2024-04-24 07:00:00,12.08,12.2,11.96,12.16,449800
2024-04-25 07:00:00,12.16,12.2,11.96,12.12,333900
2024-04-26 07:00:00,12.12,12.2,12.0,12.2,309300
2024-05-02 07:00:00,12.36,12.72,12.2,12.68,1193100
2024-05-03 07:00:00,12.76,12.76,12.4,12.4,509800
2024-05-06 07:00:00,12.48,12.88,12.48,12.64,1354500
2024-05-07 07:00:00,12.88,12.88,12.6,12.72,1570500
2024-05-08 07:00:00,12.72,13.48,12.56,13.2,3108000
2024-05-09 07:00:00,13.62,13.67,13.06,13.15,1451900
2024-05-10 07:00:00,13.25,13.29,13.01,13.29,562900
2024-05-13 07:00:00,13.39,13.43,13.2,13.29,1792200
2024-05-14 07:00:00,13.39,13.39,13.11,13.29,1342300
2024-05-15 07:00:00,13.39,14.18,13.34,14.18,4571700
2024-05-16 07:00:00,14.74,14.74,14.37,14.55,1872100
2024-05-17 07:00:00,14.55,14.74,14.32,14.74,1189200
2024-05-20 07:00:00,14.74,15.25,14.65,14.74,1376000
2024-05-21 07:00:00,14.65,15.21,14.37,15.21,1463100
2024-05-22 07:00:00,15.21,15.25,14.55,14.69,946700
2024-05-23 07:00:00,14.37,14.74,14.37,14.55,1028900
2024-05-24 07:00:00,14.37,14.74,13.62,13.9,2930200
2024-05-27 07:00:00,13.67,14.32,13.67,14.27,952100
2024-05-28 07:00:00,14.46,15.02,14.27,14.93,2403900
2024-05-29 07:00:00,14.74,15.02,14.27,14.27,1065500
2024-05-30 07:00:00,14.41,14.83,14.04,14.83,1412900
2024-05-31 07:00:00,14.83,15.3,14.6,14.88,955800
2024-06-03 07:00:00,14.93,15.16,14.65,14.65,945700
2024-06-04 07:00:00,14.74,14.88,14.32,14.74,1336900
2024-06-05 07:00:00,14.93,15.11,14.55,14.74,1243600
2024-06-06 07:00:00,14.74,15.58,14.65,15.11,2290200
2024-06-07 07:00:00,15.11,15.25,14.74,15.11,864600
2024-06-10 07:00:00,15.21,15.21,14.79,14.83,1013200
2024-06-11 07:00:00,14.93,14.93,14.46,14.46,1219100
2024-06-12 07:00:00,14.46,14.65,14.37,14.65,777300
2024-06-13 07:00:00,14.74,14.74,14.41,14.41,840500
2024-06-14 07:00:00,14.51,14.55,14.13,14.13,1058000
2024-06-17 07:00:00,14.09,14.46,13.99,14.23,877300
2024-06-18 07:00:00,14.27,14.51,14.18,14.46,538100
2024-06-19 07:00:00,14.46,14.55,14.27,14.27,461100
2024-06-20 07:00:00,14.32,14.69,14.27,14.46,644600
2024-06-21 07:00:00,14.69,15.07,14.51,14.51,1309900
2024-06-24 07:00:00,14.55,14.74,14.09,14.09,1619000
2024-06-25 07:00:00,14.04,14.41,14.04,14.27,506200
2024-06-26 07:00:00,14.32,15.07,14.18,14.88,1424100
2024-06-27 07:00:00,14.88,15.72,14.83,15.44,2773900
2024-06-28 07:00:00,15.16,15.44,14.51,15.07,1319300
2024-07-01 07:00:00,15.39,15.39,14.79,15.39,1131600
2024-07-02 07:00:00,15.44,15.63,14.97,15.39,1388900
2024-07-03 07:00:00,15.35,15.35,15.07,15.07,945100
2024-07-04 07:00:00,14.93,15.3,14.93,15.11,1289300
2024-07-05 07:00:00,15.07,15.72,15.07,15.39,2043000
2024-07-08 07:00:00,15.58,15.63,15.16,15.21,1069000
2024-07-09 07:00:00,15.35,15.67,15.16,15.35,1692300
2024-07-10 07:00:00,15.67,16.42,15.58,16.42,2772100
2024-07-11 07:00:00,16.79,17.07,15.95,16.14,2235200
2024-07-12 07:00:00,16.19,16.28,15.67,16.05,1800400
2024-07-15 07:00:00,16.05,16.61,15.95,16.23,856700
2024-07-16 07:00:00,16.37,16.61,15.77,15.91,1131200
2024-07-17 07:00:00,15.95,16.14,14.83,14.83,2885400
2024-07-18 07:00:00,14.74,15.39,14.74,15.39,1195700
2024-07-19 07:00:00,15.35,15.39,14.88,14.93,776500
2024-07-22 07:00:00,14.83,14.88,14.18,14.51,1669500
2024-07-23 07:00:00,14.65,14.65,13.71,14.04,1131900
2024-07-24 07:00:00,13.71,14.41,13.71,14.41,1053200
2024-07-25 07:00:00,14.23,14.41,14.04,14.41,317600
2024-07-26 07:00:00,14.41,14.55,14.23,14.37,423300
2024-07-29 07:00:00,14.65,14.65,14.23,14.51,463600
2024-07-30 07:00:00,14.51,14.88,14.37,14.88,1590200
2024-07-31 07:00:00,14.97,14.97,14.6,14.6,1226800
2024-08-01 07:00:00,14.46,14.65,14.13,14.27,2269900
2024-08-02 07:00:00,13.95,15.25,13.95,14.93,1312700
2024-08-05 07:00:00,14.83,14.83,14.09,14.41,1468600
2024-08-06 07:00:00,14.46,14.6,14.13,14.46,573100
2024-08-07 07:00:00,14.46,14.74,14.27,14.74,299800
2024-08-08 07:00:00,14.69,14.69,14.18,14.37,603000
2024-08-09 07:00:00,14.41,14.65,14.23,14.6,453400
2024-08-12 07:00:00,14.65,15.21,14.55,15.11,1210400
2024-08-13 07:00:00,15.11,15.21,14.83,15.11,613500
2024-08-14 07:00:00,15.11,15.58,14.74,14.74,810500
2024-08-15 07:00:00,14.74,14.74,14.37,14.41,737400
2024-08-16 07:00:00,14.41,15.11,14.41,14.93,1168800
2024-08-19 07:00:00,15.11,15.95,15.02,15.95,2224500
2024-08-20 07:00:00,16.14,16.23,15.72,16.19,1399000
2024-08-21 07:00:00,16.19,16.7,15.95,16.0,1556500
2024-08-22 07:00:00,15.95,16.65,15.77,16.42,2907300
2024-08-23 07:00:00,16.7,16.7,16.14,16.47,894400
2024-08-26 07:00:00,16.47,16.47,15.86,15.91,1244600
2024-08-27 07:00:00,16.09,16.09,15.49,15.58,1066900
2024-08-28 07:00:00,15.81,15.81,15.35,15.49,685400
2024-08-29 07:00:00,15.44,15.77,15.44,15.72,882000
2024-08-30 07:00:00,15.67,15.77,15.58,15.58,457300
2024-09-04 07:00:00,15.49,16.65,14.74,16.65,2720500
2024-09-05 07:00:00,16.61,16.61,15.95,16.19,741400
2024-09-06 07:00:00,16.19,16.33,15.91,16.05,674400
2024-09-09 07:00:00,15.91,16.14,15.77,15.77,766000
2024-09-10 07:00:00,16.0,16.14,15.67,15.86,656100
2024-09-11 07:00:00,15.86,15.95,15.63,15.86,785000
2024-09-12 07:00:00,16.0,16.23,15.67,15.67,635300
2024-09-13 07:00:00,15.86,15.86,15.67,15.81,377500
2024-09-16 07:00:00,16.0,16.0,15.39,15.53,828800
2024-09-17 07:00:00,15.53,15.86,15.44,15.86,471900
2024-09-18 07:00:00,15.86,16.0,15.77,15.86,525400
2024-09-19 07:00:00,15.86,15.86,15.67,15.77,500000
2024-09-20 07:00:00,15.77,15.86,15.67,15.67,598600
2024-09-23 07:00:00,15.63,15.67,15.49,15.53,469800
2024-09-24 07:00:00,15.49,15.67,15.49,15.53,255300
2024-09-25 07:00:00,15.63,16.14,15.44,15.86,2050900
2024-09-26 07:00:00,15.95,16.19,15.72,15.77,462800
2024-09-27 07:00:00,15.77,15.81,15.53,15.58,600000
2024-09-30 07:00:00,15.58,15.77,15.53,15.72,578000
2024-10-01 07:00:00,15.72,15.81,15.63,15.67,555500
2024-10-02 07:00:00,15.67,15.72,15.49,15.58,516400
2024-10-03 07:00:00,15.63,15.67,15.21,15.67,1323200
2024-10-04 07:00:00,15.72,15.72,15.39,15.39,275700
2024-10-07 07:00:00,15.49,15.49,15.25,15.3,298000
2024-10-08 07:00:00,15.3,15.53,15.21,15.21,518000
2024-10-09 07:00:00,15.21,15.39,15.11,15.21,468900
2024-10-10 07:00:00,15.3,15.44,15.16,15.16,354000
2024-10-11 07:00:00,15.16,15.39,15.11,15.25,357300
2024-10-14 07:00:00,15.25,15.44,15.21,15.21,321400
2024-10-15 07:00:00,15.21,15.3,15.02,15.07,419100
2024-10-16 07:00:00,15.02,15.35,15.02,15.25,673800
2024-10-17 07:00:00,15.25,15.3,15.07,15.21,244700
2024-10-18 07:00:00,15.35,15.63,15.21,15.3,808700
2024-10-21 07:00:00,15.3,15.63,15.25,15.63,480300
2024-10-22 07:00:00,15.95,16.33,15.53,15.81,2263300
2024-10-23 07:00:00,15.91,15.91,15.63,15.67,584700
2024-10-24 07:00:00,15.77,15.81,15.39,15.39,440600
2024-10-25 07:00:00,15.39,16.14,15.39,15.63,1000300
2024-10-28 07:00:00,15.77,15.81,15.49,15.63,455900
2024-10-29 07:00:00,15.77,16.0,15.53,15.91,1033600
2024-10-30 07:00:00,15.91,16.19,15.77,15.95,1132900
2024-10-31 07:00:00,15.95,16.14,15.77,16.09,1097700
2024-11-01 07:00:00,16.05,16.05,15.63,16.05,469700
2024-11-04 07:00:00,15.91,16.0,15.53,15.67,449400
2024-11-05 07:00:00,15.67,15.95,15.63,15.81,451200
2024-11-06 07:00:00,16.05,16.14,15.81,16.14,1260300
2024-11-07 07:00:00,16.33,16.61,15.95,15.95,2575000
2024-11-08 07:00:00,16.0,16.05,15.81,15.86,583200
2024-11-11 07:00:00,15.95,15.95,15.25,15.25,1691500
2024-11-12 07:00:00,15.3,15.49,15.07,15.07,1010700
2024-11-13 07:00:00,15.07,15.3,15.07,15.21,584200
2024-11-14 07:00:00,15.39,15.39,14.74,14.97,1029400
2024-11-15 07:00:00,14.97,14.97,13.95,14.37,1580700
2024-11-18 07:00:00,14.37,14.74,14.37,14.65,314600
2024-11-19 07:00:00,14.65,14.69,14.41,14.51,349700
2024-11-20 07:00:00,14.41,15.02,14.41,14.83,721300
2024-11-21 07:00:00,14.83,14.93,14.6,14.93,192800
2024-11-22 07:00:00,14.93,14.93,14.74,14.83,188300
2024-11-25 07:00:00,14.83,14.83,14.55,14.83,194600
2024-11-26 07:00:00,14.83,15.11,14.83,14.93,369100
2024-11-27 07:00:00,15.02,15.02,14.69,14.93,212900
2024-11-28 07:00:00,14.83,15.02,14.74,14.83,205000
2024-11-29 07:00:00,14.74,14.93,14.69,14.83,447500
2024-12-02 07:00:00,14.97,14.97,14.69,14.74,254200
2024-12-03 07:00:00,14.83,14.83,14.55,14.6,445400
2024-12-04 07:00:00,14.6,14.69,14.37,14.46,360200
2024-12-05 07:00:00,14.51,14.93,14.32,14.88,879100
2024-12-06 07:00:00,14.88,14.97,14.88,14.97,946700
2024-12-09 07:00:00,15.16,15.25,15.02,15.16,1192900
2024-12-10 07:00:00,15.16,15.25,15.02,15.16,258600
2024-12-11 07:00:00,15.16,15.67,15.07,15.58,1284800
2024-12-12 07:00:00,15.58,15.58,15.3,15.35,380300
2024-12-13 07:00:00,15.35,15.67,15.11,15.11,590700
2024-12-16 07:00:00,15.11,15.39,15.02,15.3,188900
2024-12-17 07:00:00,15.3,15.3,15.11,15.21,244800
2024-12-18 07:00:00,15.3,16.05,15.25,15.86,2571900
2024-12-19 07:00:00,15.58,16.7,15.58,16.05,2318300
2024-12-20 07:00:00,16.05,16.33,15.95,16.09,762300
2024-12-23 07:00:00,16.09,16.47,16.09,16.23,2049400
2024-12-24 07:00:00,16.33,16.61,16.19,16.19,2192400
2024-12-25 07:00:00,16.23,16.56,16.05,16.05,1319800
2024-12-26 07:00:00,16.05,16.79,16.05,16.75,2734000
2024-12-27 07:00:00,16.75,17.35,16.37,16.47,1108500
2024-12-30 07:00:00,16.51,16.51,15.95,16.0,601700
2024-12-31 07:00:00,16.0,16.14,15.81,15.81,713900
2025-01-02 07:00:00,15.91,16.23,15.67,15.91,336500
2025-01-03 07:00:00,16.09,16.14,15.58,15.58,652000
2025-01-06 07:00:00,15.77,15.95,15.11,15.35,862800
2025-01-07 07:00:00,15.11,15.49,15.11,15.44,416600
2025-01-08 07:00:00,15.44,15.77,15.3,15.77,330200
2025-01-09 07:00:00,15.67,15.72,15.39,15.58,285600
2025-01-10 07:00:00,15.53,15.53,15.21,15.21,469100
2025-01-13 07:00:00,15.16,15.49,14.93,15.49,252100
2025-01-14 07:00:00,15.53,15.53,15.16,15.21,175400
2025-01-15 07:00:00,15.21,15.44,15.21,15.44,195300
2025-01-16 07:00:00,15.49,15.67,15.39,15.49,199400
2025-01-17 07:00:00,15.63,15.67,15.39,15.67,369600
2025-01-20 07:00:00,15.77,15.95,15.49,15.49,524700
2025-01-21 07:00:00,15.67,15.67,15.39,15.44,284900
2025-01-22 07:00:00,15.53,15.53,15.21,15.21,408600
2025-01-23 07:00:00,15.25,15.35,15.11,15.3,247300
2025-01-24 07:00:00,15.3,15.63,15.3,15.49,290400
2025-02-03 07:00:00,15.44,15.95,15.35,15.67,728300
2025-02-04 07:00:00,15.77,15.95,15.58,15.95,971800
2025-02-05 07:00:00,15.95,16.14,15.81,15.95,586200
2025-02-06 07:00:00,16.0,16.09,15.72,15.81,619200
2025-02-07 07:00:00,15.81,15.86,15.67,15.86,374500
2025-02-10 07:00:00,15.72,15.95,15.67,15.72,637500
2025-02-11 07:00:00,15.81,15.81,15.63,15.72,466200
2025-02-12 07:00:00,15.72,16.05,15.63,15.63,506300
2025-02-13 07:00:00,15.63,15.72,15.25,15.25,1260900
2025-02-14 07:00:00,15.3,15.53,15.3,15.44,499500
2025-02-17 07:00:00,15.49,15.58,15.39,15.44,435100
2025-02-18 07:00:00,15.53,15.63,15.39,15.44,323200
2025-02-19 07:00:00,15.44,15.72,15.35,15.72,617900
2025-02-20 07:00:00,15.77,16.09,15.72,15.81,1053900
2025-02-21 07:00:00,15.86,15.91,15.67,15.86,674400
2025-02-24 07:00:00,15.95,16.05,15.67,15.67,692000
2025-02-25 07:00:00,15.72,16.37,15.72,16.37,1863400
2025-02-26 07:00:00,16.37,16.7,16.23,16.23,1069600
2025-02-27 07:00:00,16.33,16.61,16.14,16.51,1530000
2025-02-28 07:00:00,16.51,16.7,16.23,16.23,925300
2025-03-03 07:00:00,16.65,16.65,16.14,16.14,616600
2025-03-04 07:00:00,16.14,17.03,16.14,16.65,2485700
2025-03-05 07:00:00,16.84,16.84,16.33,16.33,635200
2025-03-06 07:00:00,16.37,16.42,16.05,16.37,727500
2025-03-07 07:00:00,16.42,16.93,16.42,16.79,2826600
2025-03-10 07:00:00,16.98,17.26,16.61,16.7,1513100
2025-03-11 07:00:00,16.75,16.79,16.51,16.79,890000
2025-03-12 07:00:00,16.93,16.93,16.47,16.47,887600
2025-03-13 07:00:00,16.56,16.56,15.35,15.53,3096000
2025-03-14 07:00:00,15.53,15.86,15.53,15.63,1218600
2025-03-17 07:00:00,15.77,15.77,15.16,15.25,1393500
2025-03-18 07:00:00,15.35,15.35,14.93,14.97,1429700
2025-03-19 07:00:00,14.97,15.07,14.83,14.97,830800
2025-03-20 07:00:00,15.11,15.16,14.88,15.07,514000
2025-03-21 07:00:00,15.11,15.11,14.79,14.83,635700
2025-03-24 07:00:00,14.93,14.93,14.65,14.74,326800
2025-03-25 07:00:00,14.88,14.97,14.79,14.88,322000
2025-03-26 07:00:00,15.02,15.11,14.88,15.02,390800
2025-03-27 07:00:00,15.02,15.02,14.74,14.88,337300
2025-03-28 07:00:00,14.97,15.07,14.74,14.93,501100
2025-03-31 07:00:00,14.79,14.79,14.55,14.65,581700
2025-04-01 07:00:00,14.74,14.79,14.6,14.65,369500
2025-04-02 07:00:00,14.74,14.79,14.65,14.79,236800
2025-04-03 07:00:00,13.76,14.65,13.76,13.76,1694300
2025-04-04 07:00:00,12.97,13.62,12.83,13.11,1398300
2025-04-08 07:00:00,12.97,12.97,12.31,12.45,1563100
2025-04-09 07:00:00,11.75,13.29,11.75,12.45,689500
2025-04-10 07:00:00,13.29,13.29,13.29,13.29,191400
2025-04-11 07:00:00,13.71,13.71,13.11,13.62,604600
2025-04-14 07:00:00,13.81,13.81,13.53,13.62,405200
2025-04-15 07:00:00,13.62,13.71,13.39,13.62,305700
2025-04-16 07:00:00,13.57,13.62,13.25,13.43,305600
2025-04-17 07:00:00,13.43,13.9,13.34,13.9,284500
2025-04-18 07:00:00,13.99,14.18,13.81,14.04,279100
2025-04-21 07:00:00,13.99,13.99,13.71,13.85,146900
2025-04-22 07:00:00,13.34,13.71,13.01,13.71,532400
2025-04-23 07:00:00,13.81,13.81,13.57,13.62,248100
2025-04-24 07:00:00,13.76,13.81,13.57,13.67,135200
2025-04-25 07:00:00,13.76,13.95,13.67,13.9,368400
2025-04-28 07:00:00,13.9,14.18,13.85,13.9,360500
2025-04-29 07:00:00,13.99,13.99,13.76,13.76,281600
2025-05-05 07:00:00,13.99,14.13,13.71,13.9,523700
2025-05-06 07:00:00,14.09,14.09,13.81,13.85,586200
2025-05-07 07:00:00,13.85,13.9,13.76,13.9,290000
2025-05-08 07:00:00,14.0,14.0,13.45,13.6,729100
2025-05-09 07:00:00,13.45,13.75,13.45,13.6,273400
2025-05-12 07:00:00,13.5,13.75,13.5,13.75,314200
2025-05-13 07:00:00,13.8,13.85,13.6,13.7,300200
2025-05-14 07:00:00,13.9,14.65,13.9,14.65,2145500
2025-05-15 07:00:00,15.05,15.1,14.7,14.95,2360800
2025-05-16 07:00:00,15.1,15.1,14.6,14.85,1008400
2025-05-19 07:00:00,14.6,14.85,14.5,14.65,702900
2025-05-20 07:00:00,14.6,14.85,14.55,14.7,630400
2025-05-21 07:00:00,14.75,14.85,14.45,14.6,954500
2025-05-22 07:00:00,14.7,15.2,14.6,14.6,2447500
2025-05-23 07:00:00,14.8,15.1,14.65,14.65,1350700
2025-05-26 07:00:00,14.85,15.5,14.45,15.4,3404200
2025-05-27 07:00:00,15.5,15.55,15.3,15.4,1504700
2025-05-28 07:00:00,15.5,15.5,14.85,14.9,3179500
2025-05-29 07:00:00,14.8,15.0,14.6,14.8,1790300
2025-05-30 07:00:00,14.8,15.2,14.6,14.7,1050100
2025-06-02 07:00:00,14.45,15.4,14.45,15.05,2181900
2025-06-03 07:00:00,15.05,15.15,14.8,15.05,1026200
2025-06-04 07:00:00,15.0,15.3,15.0,15.25,1849800
2025-06-05 07:00:00,15.35,15.75,15.25,15.25,1982700
2025-06-06 07:00:00,15.3,15.3,14.8,14.85,1280900
2025-06-09 07:00:00,14.85,14.9,14.5,14.55,1268000
2025-06-10 07:00:00,14.6,14.75,14.45,14.5,982200
2025-06-11 07:00:00,14.55,14.6,14.45,14.55,667400
2025-06-12 07:00:00,14.6,14.8,14.55,14.65,792300
2025-06-13 07:00:00,14.6,14.6,14.3,14.45,1323700
2025-06-16 07:00:00,14.4,14.6,14.3,14.6,859200
2025-06-17 07:00:00,14.7,14.75,14.45,14.6,733200
2025-06-18 07:00:00,14.7,15.35,14.7,15.05,3074500
2025-06-19 07:00:00,15.1,15.15,14.75,14.85,1239100
2025-06-20 07:00:00,14.9,15.15,14.65,14.7,1194600
2025-06-23 07:00:00,14.5,15.0,14.3,14.7,1714600
2025-06-24 07:00:00,14.9,14.95,14.55,14.6,915600
2025-06-25 07:00:00,14.8,14.8,14.55,14.6,748200
2025-06-26 07:00:00,14.6,14.9,14.5,14.85,1090600
2025-06-27 07:00:00,14.9,14.95,14.8,14.8,1149600
2025-06-30 07:00:00,14.8,15.0,14.8,15.0,1176700
2025-07-01 07:00:00,15.2,15.65,15.05,15.15,3616600
2025-07-02 07:00:00,15.2,15.2,14.95,15.05,941600
2025-07-03 07:00:00,15.4,15.8,15.1,15.25,4443300
2025-07-04 07:00:00,15.35,15.4,15.15,15.2,1221300
2025-07-07 07:00:00,15.25,15.45,15.15,15.3,1595700
2025-07-08 07:00:00,15.35,15.35,15.15,15.25,1818000
2025-07-09 07:00:00,15.2,15.5,15.2,15.35,2157400
2025-07-10 07:00:00,15.45,15.5,15.25,15.35,1668000
2025-07-11 07:00:00,15.35,15.35,15.05,15.05,2292000
2025-07-14 07:00:00,15.05,15.3,14.8,15.2,1638600
2025-07-15 07:00:00,15.3,15.3,15.1,15.2,2169900
2025-07-16 07:00:00,15.75,16.25,15.75,16.25,3573400
2025-07-17 07:00:00,17.25,17.25,16.05,16.15,5675100
2025-07-18 07:00:00,16.15,16.25,15.6,15.7,4520200
2025-07-21 07:00:00,15.8,16.15,15.5,15.55,3048600
2025-07-22 07:00:00,15.5,15.65,15.35,15.65,2366600
2025-07-23 07:00:00,15.8,15.9,15.5,15.65,2564300
2025-07-24 07:00:00,15.8,16.7,15.65,16.7,7059500
2025-07-25 07:00:00,17.0,17.55,16.9,17.05,4022300
2025-07-28 07:00:00,17.5,18.2,17.0,17.6,5127600
2025-07-29 07:00:00,17.85,17.85,16.4,16.4,7155200
2025-07-30 07:00:00,16.35,16.95,15.95,16.9,3623500
2025-07-31 07:00:00,17.2,17.2,16.15,16.55,2378800
2025-08-01 07:00:00,17.1,17.7,16.7,16.85,10668500
2025-08-04 07:00:00,16.4,16.65,16.15,16.55,2851200
2025-08-05 07:00:00,16.6,16.6,15.4,15.45,15925300
2025-08-06 07:00:00,15.45,15.45,14.9,15.15,5144200
2025-08-07 07:00:00,15.25,15.55,15.1,15.2,3753100
2025-08-08 07:00:00,15.2,15.2,14.6,14.75,7111100
2025-08-11 07:00:00,14.85,15.2,14.7,14.85,3869900
2025-08-12 07:00:00,14.9,15.5,14.9,15.2,3466300
2025-08-13 07:00:00,15.25,15.3,14.85,15.0,3187700
2025-08-14 07:00:00,15.1,15.1,14.6,14.7,4397700
2025-08-15 07:00:00,14.7,14.8,14.0,14.1,5298600
2025-08-18 07:00:00,14.2,14.2,13.8,14.05,2538900
2025-08-19 07:00:00,14.5,14.75,14.4,14.45,2639500
2025-08-20 07:00:00,14.4,14.4,13.9,14.15,2862800
2025-08-21 07:00:00,14.15,14.2,13.9,13.95,1890600
2025-08-22 07:00:00,13.85,14.5,13.8,13.9,2302300
2025-08-25 07:00:00,13.95,14.2,13.85,13.85,1618700
2025-08-26 07:00:00,13.95,13.95,13.6,13.9,2062100
2025-08-27 07:00:00,13.9,14.1,13.85,13.85,1299300
2025-08-28 07:00:00,13.85,13.9,13.7,13.7,1903200
2025-08-29 07:00:00,13.75,13.85,13.7,13.7,1588500
2025-09-03 07:00:00,13.7,13.95,13.65,13.8,806200
2025-09-04 07:00:00,13.85,14.2,13.85,14.15,1823100
2025-09-05 07:00:00,14.25,14.3,13.9,13.9,1540800
2025-09-08 07:00:00,13.85,13.9,13.35,13.35,1784900
2025-09-09 07:00:00,13.3,13.35,12.95,12.95,1844800
2025-09-10 07:00:00,13.1,13.1,12.95,13.05,577700
2025-09-11 07:00:00,13.1,13.1,12.5,12.9,1084600
2025-09-12 07:00:00,13.0,13.2,12.9,13.15,851800
2025-09-15 07:00:00,13.2,13.2,13.05,13.15,622500
2025-09-16 07:00:00,13.2,13.25,13.05,13.1,889000
2025-09-17 07:00:00,13.1,13.1,12.95,12.95,788900
2025-09-18 07:00:00,13.1,13.1,12.85,12.9,461400
2025-09-19 07:00:00,12.95,12.95,12.8,12.8,434200
2025-09-22 07:00:00,12.9,12.9,12.4,12.45,933800
2025-09-23 07:00:00,12.5,12.7,12.5,12.55,363000
2025-09-24 07:00:00,12.55,12.65,12.5,12.65,313800
2025-09-25 07:00:00,12.7,12.75,12.6,12.75,431800
2025-09-26 07:00:00,12.75,12.75,12.5,12.5,498700
2025-09-29 07:00:00,12.5,12.65,12.5,12.5,305500
2025-09-30 07:00:00,12.5,12.6,12.05,12.15,788300
2025-10-01 07:00:00,12.15,12.75,12.0,12.65,1086100
2025-10-02 07:00:00,12.7,12.7,12.4,12.4,378600
2025-10-03 07:00:00,12.4,12.4,11.95,12.15,379200
2025-10-06 07:00:00,12.25,12.45,12.1,12.3,672700
2025-10-07 07:00:00,12.4,12.45,12.25,12.3,304300
2025-10-08 07:00:00,12.3,12.35,12.2,12.3,297800
2025-10-09 07:00:00,12.25,12.3,12.05,12.05,804200
2025-10-10 07:00:00,12.05,12.35,12.0,12.15,690800
2025-10-13 07:00:00,12.05,12.3,12.0,12.1,895400
2025-10-14 07:00:00,12.05,12.15,11.55,11.65,2754800
2025-10-15 07:00:00,11.65,11.65,11.05,11.05,1618000
2025-10-16 07:00:00,11.05,11.05,10.5,10.65,1643300
2025-10-17 07:00:00,10.6,10.95,10.55,10.7,1206600
2025-10-20 07:00:00,10.6,10.75,9.96,9.96,1424400
2025-10-21 07:00:00,9.45,9.99,9.45,9.85,1526100
2025-10-22 07:00:00,9.87,10.25,9.81,10.15,994000
2025-10-23 07:00:00,10.15,10.15,9.98,10.0,271300
2025-10-24 07:00:00,10.0,10.0,9.8,9.92,541700
2025-10-27 07:00:00,9.93,10.4,9.92,10.35,1151300
2025-10-28 07:00:00,10.25,10.5,10.25,10.4,775700
2025-10-29 07:00:00,10.45,11.1,10.45,11.1,1178500
2025-10-30 07:00:00,11.25,11.55,11.0,11.3,1271800
2025-10-31 07:00:00,11.25,11.4,11.0,11.0,804500
2025-11-03 07:00:00,10.95,11.1,10.7,10.7,485600
2025-11-04 07:00:00,10.7,10.95,10.45,10.9,771200
2025-11-05 07:00:00,10.9,10.9,10.65,10.85,322200
2025-11-06 07:00:00,11.0,11.0,10.65,10.75,227800
2025-11-07 07:00:00,10.75,10.75,10.4,10.45,501600
2025-11-10 07:00:00,10.5,10.6,10.3,10.45,511800
2025-11-11 07:00:00,10.65,10.65,10.4,10.55,359600
2025-11-12 07:00:00,10.55,10.75,10.55,10.6,374200
2025-11-13 07:00:00,10.7,10.95,10.6,10.8,464100
2025-11-14 07:00:00,10.7,10.9,10.7,10.8,256800
2025-11-17 07:00:00,10.8,10.9,10.8,10.8,340400
2025-11-18 07:00:00,10.85,10.95,10.7,10.8,438600
2025-11-19 07:00:00,10.8,10.8,10.6,10.7,311100
2025-11-20 07:00:00,10.7,10.8,10.5,10.6,443800
2025-11-21 07:00:00,10.6,10.6,10.5,10.5,284300
2025-11-24 07:00:00,10.55,10.8,10.55,10.7,463400
2025-11-25 07:00:00,10.75,10.8,10.6,10.7,469500
2025-11-26 07:00:00,10.7,10.85,10.65,10.75,439800
2025-11-27 07:00:00,10.75,10.9,10.75,10.8,471200
2025-11-28 07:00:00,10.8,10.85,10.7,10.8,638500
2025-12-01 07:00:00,10.8,10.85,10.75,10.75,364300
2025-12-02 07:00:00,10.75,10.9,10.7,10.85,498800
2025-12-03 07:00:00,10.9,11.0,10.8,10.9,508100
2025-12-04 07:00:00,10.85,11.2,10.8,11.15,827500
2025-12-05 07:00:00,11.1,11.15,10.9,10.9,315400
2025-12-08 07:00:00,10.95,11.0,10.85,10.9,310000
2025-12-09 07:00:00,10.9,10.9,10.55,10.65,949200
2025-12-10 07:00:00,10.65,10.8,10.6,10.7,257100
2025-12-11 07:00:00,10.7,10.75,10.65,10.65,140600
2025-12-12 07:00:00,10.65,10.75,9.91,10.3,497800
2025-12-15 07:00:00,10.25,10.5,10.25,10.35,505300
2025-12-16 07:00:00,10.35,10.65,10.25,10.5,483400
2025-12-17 07:00:00,10.5,10.6,10.45,10.55,129700
2025-12-18 07:00:00,10.5,10.65,10.5,10.6,235300
2025-12-19 07:00:00,10.6,10.7,10.5,10.6,296600
2025-12-22 07:00:00,10.55,10.7,10.55,10.6,345700
2025-12-23 07:00:00,10.75,10.8,10.65,10.75,292800
2025-12-24 07:00:00,10.65,10.75,10.6,10.65,160000
2025-12-25 07:00:00,10.65,10.65,10.5,10.5,203000
2025-12-26 07:00:00,10.45,10.5,10.3,10.45,375200
2025-12-29 07:00:00,10.35,10.5,10.35,10.4,165300
2025-12-30 07:00:00,10.4,10.45,10.3,10.4,131000
2025-12-31 07:00:00,10.35,10.5,10.3,10.4,100800
2026-01-05 07:00:00,10.45,10.5,10.3,10.4,349000
2026-01-06 07:00:00,10.45,10.6,10.35,10.5,439800
2026-01-07 07:00:00,10.5,10.6,10.5,10.6,364100
2026-01-08 07:00:00,10.7,10.7,10.45,10.45,454100
2026-01-09 07:00:00,10.5,10.55,10.3,10.4,470500
2026-01-12 07:00:00,10.5,10.7,10.4,10.65,641600
2026-01-13 07:00:00,10.9,11.2,10.7,11.05,1704700
2026-01-14 07:00:00,11.05,11.05,10.85,10.95,555400
2026-01-15 07:00:00,11.0,11.15,10.85,10.95,451500
2026-01-16 07:00:00,11.0,11.1,10.85,11.0,449500
2026-01-19 07:00:00,11.0,11.3,10.95,11.3,801600
2026-01-20 07:00:00,11.3,11.7,11.25,11.4,1110100
2026-01-21 07:00:00,11.25,11.35,11.05,11.15,477400
2026-01-22 07:00:00,11.25,11.45,11.05,11.35,623200
2026-01-23 07:00:00,11.35,11.4,11.15,11.15,438500
2026-01-26 07:00:00,11.2,11.2,10.65,10.8,534800
2026-01-27 07:00:00,10.75,10.8,10.7,10.75,244000
2026-01-28 07:00:00,10.65,10.8,10.6,10.6,329000
2026-01-29 07:00:00,10.75,10.75,10.6,10.65,216200
2026-01-30 07:00:00,10.75,10.95,10.7,10.9,243800
2026-02-02 07:00:00,10.9,11.1,10.85,11.1,437200
2026-02-03 07:00:00,11.05,11.25,11.05,11.15,515800
2026-02-04 07:00:00,11.25,11.9,11.2,11.9,2107500
2026-02-05 07:00:00,12.1,12.15,11.6,11.75,892700
2026-02-06 07:00:00,11.65,11.75,11.3,11.3,952700
2026-02-09 07:00:00,11.5,11.5,11.15,11.2,324700
2026-02-10 07:00:00,11.2,11.4,11.1,11.2,535900
2026-02-11 07:00:00,11.2,11.35,11.15,11.25,507700
2026-02-12 07:00:00,11.35,11.35,11.15,11.2,252700
2026-02-13 07:00:00,11.3,11.3,11.15,11.2,345200
2026-02-23 07:00:00,11.5,11.5,11.2,11.35,389000
2026-02-24 07:00:00,11.5,11.85,11.5,11.6,1128800
2026-02-25 07:00:00,11.65,11.65,11.4,11.45,558200
2026-02-26 07:00:00,11.5,11.5,11.3,11.45,401700
2026-02-27 07:00:00,11.45,11.5,11.3,11.4,363200
2026-03-02 07:00:00,10.95,11.3,10.95,11.1,731900
2026-03-03 07:00:00,11.1,11.25,11.05,11.15,451000
2026-03-04 07:00:00,11.05,11.15,10.7,10.9,914300
2026-03-05 07:00:00,10.95,11.1,10.9,10.95,551500
2026-03-06 07:00:00,10.95,10.95,10.6,10.7,430200
2026-03-09 07:00:00,9.97,10.3,9.96,9.96,1963200
2026-03-10 07:00:00,9.97,10.45,9.97,10.4,539400
2026-03-11 07:00:00,10.45,10.6,10.4,10.55,156000
2026-03-12 07:00:00,10.5,10.5,10.3,10.35,117200
2026-03-13 07:00:00,10.35,10.7,10.25,10.45,480000
2026-03-16 07:00:00,10.5,10.65,10.5,10.6,287500
2026-03-17 07:00:00,10.65,10.85,10.65,10.75,363400
2026-03-18 07:00:00,10.8,10.8,10.55,10.55,148600
2026-03-19 07:00:00,10.55,10.65,10.45,10.5,340900
2026-03-20 07:00:00,10.5,10.6,10.45,10.5,246900
2026-03-23 07:00:00,10.55,10.55,10.0,10.15,771700
2026-03-24 07:00:00,10.15,10.45,10.15,10.35,263100
2026-03-25 07:00:00,10.3,10.55,10.3,10.4,227300
2026-03-26 07:00:00,10.4,10.5,10.35,10.35,159700
2026-03-27 07:00:00,10.35,10.55,10.35,10.55,280700
2026-03-30 07:00:00,10.5,10.65,10.35,10.65,267100
2026-03-31 07:00:00,10.65,10.85,10.45,10.65,490700
2026-04-01 07:00:00,10.7,10.75,10.5,10.65,482200
2026-04-02 07:00:00,10.65,10.65,10.4,10.45,281300
2026-04-03 07:00:00,10.45,10.55,10.4,10.45,127000
2026-04-06 07:00:00,10.45,10.45,10.35,10.4,153700
2026-04-07 07:00:00,10.4,10.4,10.15,10.2,400200
2026-04-08 07:00:00,10.5,10.6,10.35,10.5,368300
2026-04-09 07:00:00,10.5,10.6,10.4,10.55,293900
2026-04-10 07:00:00,10.55,10.7,10.5,10.5,203600
2026-04-13 07:00:00,10.5,10.55,10.45,10.55,157300
2026-04-14 07:00:00,10.6,10.65,10.55,10.6,220200
2026-04-15 07:00:00,10.65,10.7,10.45,10.55,278000
2026-04-16 07:00:00,10.6,10.7,10.4,10.5,367400
2026-04-17 07:00:00,10.5,10.7,10.5,10.55,271100
2026-04-20 07:00:00,10.5,10.6,10.45,10.5,204400
2026-04-21 07:00:00,10.5,10.6,10.3,10.35,534100
2026-04-22 07:00:00,10.45,10.5,10.3,10.35,332500
2026-04-23 07:00:00,10.35,10.45,10.15,10.35,393900
2026-04-24 07:00:00,10.25,10.4,10.2,10.25,270600
2026-04-28 07:00:00,10.25,10.35,10.15,10.2,185900
2026-04-29 07:00:00,10.2,10.25,10.1,10.25,255700
2026-05-04 07:00:00,10.25,10.35,10.25,10.35,166900
2026-05-05 07:00:00,10.4,10.4,10.25,10.3,199700
2026-05-06 07:00:00,10.35,10.4,10.25,10.35,135000
2026-05-07 07:00:00,10.35,10.4,10.3,10.35,100600
2026-05-08 07:00:00,10.3,10.35,10.25,10.35,190800
2026-05-11 07:00:00,10.35,10.35,10.1,10.1,466000
2026-05-12 07:00:00,10.15,10.2,10.05,10.1,173900
2026-05-13 07:00:00,10.15,10.2,10.05,10.1,163500
2026-05-14 07:00:00,10.2,10.2,10.05,10.15,91500
2026-05-15 07:00:00,10.15,10.15,10.05,10.1,122200
2026-05-18 07:00:00,10.1,10.1,10.0,10.05,236900
2026-05-19 07:00:00,10.0,10.15,9.99,10.0,261300
2026-05-20 07:00:00,10.0,10.05,9.8,9.88,230300
2026-05-21 07:00:00,9.9,9.98,9.88,9.89,140400
2026-05-22 07:00:00,9.9,9.9,9.84,9.89,86000
2026-05-25 07:00:00,9.91,9.99,9.9,9.95,74000
2026-05-26 07:00:00,9.96,9.99,9.95,9.97,62700
2026-05-27 07:00:00,10.05,10.3,9.98,10.0,184400
