time,open,high,low,close,volume
2018-01-02 07:00:00,4.13,4.13,4.06,4.06,73580
2018-01-03 07:00:00,4.06,4.09,4.04,4.06,71970
2018-01-04 07:00:00,4.06,4.07,4.02,4.02,123790
2018-01-05 07:00:00,4.06,4.06,3.92,4.02,130200
2018-01-08 07:00:00,3.97,4.02,3.89,3.92,158850
2018-01-09 07:00:00,3.96,3.96,3.74,3.77,482150
2018-01-10 07:00:00,3.77,3.89,3.69,3.89,343170
2018-01-11 07:00:00,3.89,4.04,3.77,3.93,379680
2018-01-12 07:00:00,3.87,3.93,3.83,3.87,51530
2018-01-15 07:00:00,3.83,3.83,3.77,3.81,132700
2018-01-16 07:00:00,3.76,3.78,3.69,3.76,144230
2018-01-17 07:00:00,3.71,3.77,3.71,3.71,136540
2018-01-18 07:00:00,3.71,3.77,3.69,3.77,227390
2018-01-19 07:00:00,3.79,3.82,3.69,3.82,175780
2018-01-22 07:00:00,3.83,3.83,3.69,3.77,239630
2018-01-25 07:00:00,3.72,3.82,3.67,3.76,436050
2018-01-26 07:00:00,3.72,3.76,3.69,3.76,316710
2018-01-29 07:00:00,3.77,3.77,3.64,3.72,317850
2018-01-30 07:00:00,3.69,3.71,3.59,3.69,128930
2018-01-31 07:00:00,3.64,3.84,3.64,3.81,506990
2018-02-01 07:00:00,3.81,3.82,3.73,3.82,154890
2018-02-02 07:00:00,3.77,3.82,3.72,3.82,118460
2018-02-05 07:00:00,3.82,3.82,3.57,3.72,198410
2018-02-06 07:00:00,3.49,3.65,3.47,3.57,383330
2018-02-07 07:00:00,3.58,3.72,3.54,3.54,231850
2018-02-08 07:00:00,3.54,3.54,3.39,3.39,272130
2018-02-09 07:00:00,3.39,3.39,3.24,3.39,263190
2018-02-12 07:00:00,3.44,3.62,3.39,3.62,169060
2018-02-13 07:00:00,3.69,3.72,3.62,3.67,353340
2018-02-21 07:00:00,3.77,3.77,3.6,3.69,99040
2018-02-22 07:00:00,3.64,3.67,3.54,3.62,179440
2018-02-23 07:00:00,3.62,3.67,3.54,3.64,439510
2018-02-26 07:00:00,3.64,3.64,3.49,3.59,157080
2018-02-27 07:00:00,3.54,3.57,3.44,3.44,140860
2018-02-28 07:00:00,3.47,3.49,3.43,3.49,334160
2018-03-01 07:00:00,3.42,3.49,3.29,3.47,262270
2018-03-02 07:00:00,3.34,3.48,3.34,3.47,142400
2018-03-05 07:00:00,3.47,3.47,3.38,3.38,292250
2018-03-06 07:00:00,3.29,3.39,3.29,3.39,139970
2018-03-07 07:00:00,3.39,3.39,3.22,3.32,299740
2018-03-08 07:00:00,3.32,3.39,3.32,3.34,72770
2018-03-09 07:00:00,3.32,3.37,3.29,3.37,121570
2018-03-12 07:00:00,3.39,3.57,3.39,3.52,162180
2018-03-13 07:00:00,3.47,3.47,3.44,3.47,95890
2018-03-14 07:00:00,3.5,3.52,3.44,3.47,339330
2018-03-15 07:00:00,3.42,3.49,3.42,3.49,601620
2018-03-16 07:00:00,3.5,3.67,3.5,3.58,247480
2018-03-19 07:00:00,3.62,3.68,3.62,3.64,534250
2018-03-20 07:00:00,3.64,3.65,3.62,3.62,842010
2018-03-21 07:00:00,3.65,3.82,3.64,3.69,535510
2018-03-22 07:00:00,3.72,3.74,3.64,3.69,621980
2018-03-23 07:00:00,3.58,3.67,3.58,3.67,83900
2018-03-26 07:00:00,3.59,3.68,3.59,3.67,201810
2018-03-27 07:00:00,3.67,3.72,3.6,3.6,95330
2018-03-28 07:00:00,3.59,3.65,3.57,3.6,48030
2018-03-29 07:00:00,3.6,3.67,3.6,3.64,169690
2018-03-30 07:00:00,3.71,3.89,3.71,3.89,652600
2018-04-02 07:00:00,4.02,4.12,3.92,4.09,785980
2018-04-03 07:00:00,4.11,4.27,4.03,4.19,1046750
2018-04-04 07:00:00,4.19,4.35,4.14,4.25,675990
2018-04-05 07:00:00,4.33,4.47,4.25,4.35,902940
2018-04-06 07:00:00,4.4,4.47,4.35,4.42,566780
2018-04-09 07:00:00,4.42,4.52,4.33,4.47,834830
2018-04-10 07:00:00,4.47,4.52,4.28,4.4,611810
2018-04-11 07:00:00,4.4,4.5,4.36,4.4,449800
2018-04-12 07:00:00,4.37,4.55,4.35,4.52,749760
2018-04-13 07:00:00,4.57,4.67,4.53,4.61,1226350
2018-04-16 07:00:00,4.52,4.61,4.52,4.52,284930
2018-04-17 07:00:00,4.52,4.52,4.4,4.52,454510
2018-04-18 07:00:00,4.5,4.5,4.37,4.37,367150
2018-04-19 07:00:00,4.32,4.32,4.26,4.32,701270
2018-04-20 07:00:00,4.27,4.42,4.27,4.42,618980
2018-04-23 07:00:00,4.42,4.6,4.42,4.42,384860
2018-04-24 07:00:00,4.37,4.45,4.37,4.42,215020
2018-04-26 07:00:00,4.4,4.45,4.26,4.32,352950
2018-04-27 07:00:00,4.23,4.37,4.17,4.37,267520
2018-05-02 07:00:00,4.4,4.45,4.32,4.35,201150
2018-05-03 07:00:00,4.32,4.32,4.22,4.27,464840
2018-05-04 07:00:00,4.27,4.33,4.25,4.33,364960
2018-05-07 07:00:00,4.28,4.33,4.25,4.32,284630
2018-05-08 07:00:00,4.35,4.35,4.04,4.04,582720
2018-05-09 07:00:00,4.09,4.19,4.06,4.07,613670
2018-05-10 07:00:00,4.07,4.07,3.79,3.82,802240
2018-05-11 07:00:00,3.82,3.89,3.74,3.86,163970
2018-05-14 07:00:00,3.86,3.92,3.82,3.91,89120
2018-05-15 07:00:00,3.93,4.17,3.93,4.13,315910
2018-05-16 07:00:00,4.12,4.16,4.09,4.12,120410
2018-05-17 07:00:00,4.04,4.35,4.04,4.27,130730
2018-05-18 07:00:00,4.16,4.3,4.16,4.27,112950
2018-05-21 07:00:00,4.23,4.28,4.22,4.25,44760
2018-05-22 07:00:00,4.16,4.26,4.07,4.09,189290
2018-05-23 07:00:00,4.13,4.18,4.04,4.09,248810
2018-05-24 07:00:00,4.07,4.18,4.07,4.16,76730
2018-05-25 07:00:00,4.09,4.17,4.07,4.07,143060
2018-05-28 07:00:00,4.02,4.12,3.79,3.86,281780
2018-05-29 07:00:00,3.82,4.12,3.82,4.07,159640
2018-05-30 07:00:00,3.94,4.07,3.94,4.07,27800
2018-05-31 07:00:00,3.97,4.12,3.97,4.12,87970
2018-06-01 07:00:00,4.02,4.17,4.02,4.07,149650
2018-06-04 07:00:00,4.02,4.08,4.01,4.02,220660
2018-06-05 07:00:00,4.02,4.07,3.98,4.07,147940
2018-06-06 07:00:00,4.06,4.32,4.03,4.32,473880
2018-06-07 07:00:00,4.35,4.37,4.19,4.19,187840
2018-06-08 07:00:00,4.14,4.22,4.14,4.22,95340
2018-06-11 07:00:00,4.18,4.22,4.14,4.18,135780
2018-06-12 07:00:00,4.14,4.14,4.02,4.09,270980
2018-06-13 07:00:00,4.09,4.25,4.07,4.23,483090
2018-06-14 07:00:00,4.25,4.3,4.11,4.19,40980
2018-06-15 07:00:00,4.17,4.22,4.12,4.14,123610
2018-06-18 07:00:00,4.12,4.14,3.99,4.02,671080
2018-06-19 07:00:00,3.94,4.02,3.79,4.01,395630
2018-06-20 07:00:00,3.93,4.03,3.93,4.02,122190
2018-06-21 07:00:00,3.94,4.04,3.94,4.01,21400
2018-06-22 07:00:00,3.94,4.07,3.94,4.07,176930
2018-06-25 07:00:00,4.07,4.09,4.02,4.09,425250
2018-06-26 07:00:00,3.97,4.09,3.97,4.04,160640
2018-06-27 07:00:00,4.09,4.2,4.09,4.13,155790
2018-06-28 07:00:00,4.13,4.13,3.93,4.09,19130
2018-06-29 07:00:00,3.93,4.07,3.93,4.02,47240
2018-07-02 07:00:00,3.95,4.02,3.74,3.82,109470
2018-07-03 07:00:00,3.82,3.92,3.68,3.74,222530
2018-07-04 07:00:00,3.74,3.79,3.59,3.79,126380
2018-07-05 07:00:00,3.79,3.79,3.59,3.71,135710
2018-07-06 07:00:00,3.57,3.78,3.57,3.75,116080
2018-07-09 07:00:00,3.75,3.75,3.59,3.71,99690
2018-07-10 07:00:00,3.59,3.68,3.54,3.58,194240
2018-07-11 07:00:00,3.55,3.55,3.34,3.45,281910
2018-07-12 07:00:00,3.37,3.47,3.29,3.37,292910
2018-07-13 07:00:00,3.41,3.58,3.37,3.51,329220
2018-07-16 07:00:00,3.51,3.54,3.43,3.54,10050
2018-07-17 07:00:00,3.43,3.55,3.41,3.54,63070
2018-07-18 07:00:00,3.57,3.74,3.51,3.74,79910
2018-07-19 07:00:00,3.65,3.74,3.62,3.71,69220
2018-07-20 07:00:00,3.62,3.68,3.54,3.58,42740
2018-07-23 07:00:00,3.64,3.65,3.37,3.45,145930
2018-07-24 07:00:00,3.48,3.59,3.48,3.51,229730
2018-07-25 07:00:00,3.57,3.61,3.52,3.52,147960
2018-07-26 07:00:00,3.54,3.76,3.52,3.76,428170
2018-07-27 07:00:00,3.79,3.9,3.79,3.81,185200
2018-07-30 07:00:00,3.82,3.93,3.76,3.9,81380
2018-07-31 07:00:00,3.85,3.99,3.83,3.99,245620
2018-08-01 07:00:00,3.93,4.02,3.93,3.99,285950
2018-08-02 07:00:00,3.93,3.96,3.9,3.93,230490
2018-08-03 07:00:00,3.9,3.93,3.76,3.78,107240
2018-08-06 07:00:00,3.68,3.82,3.68,3.78,73080
2018-08-07 07:00:00,3.74,3.78,3.68,3.68,55990
2018-08-08 07:00:00,3.68,3.76,3.68,3.69,74240
2018-08-09 07:00:00,3.69,3.78,3.69,3.78,71540
2018-08-10 07:00:00,3.69,3.78,3.68,3.74,134420
2018-08-13 07:00:00,3.68,3.74,3.65,3.65,155520
2018-08-14 07:00:00,3.65,3.74,3.65,3.71,56700
2018-08-15 07:00:00,3.68,3.69,3.62,3.65,130530
2018-08-16 07:00:00,3.65,3.65,3.57,3.65,156560
2018-08-17 07:00:00,3.65,3.69,3.65,3.65,110280
2018-08-20 07:00:00,3.59,3.65,3.57,3.65,81540
2018-08-21 07:00:00,3.62,3.74,3.58,3.65,79990
2018-08-22 07:00:00,3.65,3.81,3.65,3.69,61530
2018-08-23 07:00:00,3.68,3.78,3.67,3.69,12110
2018-08-24 07:00:00,3.68,3.71,3.68,3.68,75780
2018-08-27 07:00:00,3.68,3.71,3.62,3.65,88620
2018-08-28 07:00:00,3.62,3.68,3.59,3.65,99000
2018-08-29 07:00:00,3.65,3.68,3.57,3.68,91270
2018-08-30 07:00:00,3.62,3.69,3.59,3.68,65870
2018-08-31 07:00:00,3.68,3.68,3.61,3.65,57050
2018-09-04 07:00:00,3.62,3.68,3.62,3.65,75730
2018-09-05 07:00:00,3.65,3.69,3.62,3.65,101270
2018-09-06 07:00:00,3.64,3.65,3.62,3.64,56400
2018-09-07 07:00:00,3.62,3.64,3.62,3.64,30000
2018-09-10 07:00:00,3.64,3.65,3.62,3.64,31610
2018-09-11 07:00:00,3.64,3.64,3.61,3.64,121730
2018-09-12 07:00:00,3.64,3.67,3.62,3.67,158100
2018-09-13 07:00:00,3.68,3.92,3.68,3.81,218800
2018-09-14 07:00:00,3.79,3.88,3.79,3.85,133720
2018-09-17 07:00:00,3.83,3.85,3.76,3.79,81380
2018-09-18 07:00:00,3.76,3.82,3.74,3.82,131340
2018-09-19 07:00:00,3.82,3.83,3.76,3.76,83860
2018-09-20 07:00:00,3.76,3.82,3.74,3.76,98560
2018-09-21 07:00:00,3.79,3.89,3.79,3.88,259340
2018-09-24 07:00:00,3.88,3.9,3.83,3.88,169340
2018-09-25 07:00:00,3.88,4.07,3.88,4.02,299320
2018-09-26 07:00:00,4.02,4.14,4.02,4.06,147950
2018-09-27 07:00:00,4.06,4.07,4.02,4.04,115330
2018-09-28 07:00:00,4.03,4.06,4.0,4.0,367060
2018-10-01 07:00:00,3.99,4.0,3.92,3.93,182310
2018-10-02 07:00:00,3.88,3.92,3.88,3.92,42400
2018-10-03 07:00:00,3.88,3.92,3.81,3.83,135010
2018-10-04 07:00:00,3.83,3.96,3.83,3.93,142650
2018-10-05 07:00:00,3.92,3.93,3.88,3.88,76300
2018-10-08 07:00:00,3.9,3.93,3.85,3.93,414920
2018-10-09 07:00:00,3.96,4.02,3.93,3.96,136520
2018-10-10 07:00:00,3.93,3.96,3.89,3.95,49390
2018-10-11 07:00:00,3.82,3.89,3.76,3.82,230090
2018-10-12 07:00:00,3.78,3.85,3.78,3.82,95200
2018-10-15 07:00:00,3.78,3.85,3.78,3.82,88130
2018-10-16 07:00:00,3.81,3.88,3.79,3.88,78320
2018-10-17 07:00:00,3.85,3.9,3.85,3.89,21420
2018-10-18 07:00:00,3.88,3.9,3.85,3.9,10780
2018-10-19 07:00:00,3.88,3.88,3.83,3.88,37700
2018-10-22 07:00:00,3.88,3.9,3.82,3.86,63790
2018-10-23 07:00:00,3.81,3.86,3.79,3.82,105070
2018-10-24 07:00:00,3.79,3.82,3.76,3.76,112760
2018-10-25 07:00:00,3.65,3.71,3.51,3.71,175350
2018-10-26 07:00:00,3.67,3.68,3.59,3.64,113880
2018-10-29 07:00:00,3.52,3.65,3.51,3.64,98450
2018-10-30 07:00:00,3.61,3.68,3.55,3.64,31440
2018-10-31 07:00:00,3.59,3.65,3.54,3.62,125100
2018-11-01 07:00:00,3.61,3.62,3.58,3.62,60230
2018-11-02 07:00:00,3.59,3.71,3.59,3.71,98280
2018-11-05 07:00:00,3.65,3.86,3.65,3.79,110680
2018-11-06 07:00:00,3.74,3.79,3.74,3.79,13630
2018-11-07 07:00:00,3.75,3.93,3.74,3.9,188070
2018-11-08 07:00:00,3.93,3.99,3.88,3.9,162260
2018-11-09 07:00:00,3.95,3.95,3.85,3.9,40690
2018-11-12 07:00:00,3.83,3.9,3.83,3.89,43110
2018-11-13 07:00:00,3.83,3.9,3.83,3.89,89520
2018-11-14 07:00:00,3.86,3.89,3.86,3.89,49050
2018-11-15 07:00:00,3.86,3.89,3.86,3.89,10610
2018-11-16 07:00:00,3.89,3.93,3.85,3.93,44190
2018-11-19 07:00:00,3.88,3.93,3.88,3.92,29640
2018-11-20 07:00:00,3.92,3.93,3.89,3.92,21030
2018-11-21 07:00:00,3.92,3.92,3.85,3.92,33570
2018-11-22 07:00:00,3.86,3.92,3.86,3.9,25630
2018-11-23 07:00:00,3.9,3.9,3.88,3.88,9800
2018-11-26 07:00:00,3.88,3.9,3.86,3.86,26700
2018-11-27 07:00:00,3.86,3.92,3.86,3.88,70830
2018-11-28 07:00:00,3.88,3.9,3.86,3.9,23430
2018-11-29 07:00:00,3.88,3.92,3.88,3.9,58360
2018-11-30 07:00:00,3.9,3.9,3.89,3.9,12880
2018-12-03 07:00:00,3.9,4.07,3.88,4.03,278070
2018-12-04 07:00:00,4.03,4.07,3.97,4.0,79250
2018-12-05 07:00:00,3.96,4.0,3.92,3.96,42410
2018-12-06 07:00:00,3.96,4.18,3.96,4.1,329820
2018-12-07 07:00:00,4.11,4.21,4.1,4.13,188320
2018-12-10 07:00:00,4.13,4.16,4.07,4.13,59010
2018-12-11 07:00:00,4.09,4.1,4.0,4.06,81970
2018-12-12 07:00:00,4.02,4.07,3.96,3.99,54330
2018-12-13 07:00:00,4.02,4.07,4.0,4.02,54960
2018-12-14 07:00:00,4.02,4.07,3.97,3.97,78600
2018-12-17 07:00:00,3.97,3.99,3.93,3.93,63350
2018-12-18 07:00:00,3.9,4.02,3.9,3.93,29930
2018-12-19 07:00:00,3.93,3.96,3.92,3.95,25390
2018-12-20 07:00:00,3.95,3.99,3.9,3.95,44470
2018-12-21 07:00:00,3.95,4.04,3.9,4.03,81900
2018-12-24 07:00:00,4.03,4.07,3.96,4.03,55530
2018-12-25 07:00:00,3.9,4.02,3.88,3.96,100440
2018-12-26 07:00:00,3.93,4.02,3.93,3.96,28630
2018-12-27 07:00:00,3.96,3.99,3.93,3.97,71190
2018-12-28 07:00:00,3.96,4.02,3.93,3.93,29760
2019-01-02 07:00:00,3.95,3.99,3.93,3.99,13950
2019-01-03 07:00:00,3.93,3.99,3.9,3.97,51570
2019-01-04 07:00:00,3.93,3.97,3.93,3.96,46990
2019-01-07 07:00:00,3.93,3.99,3.9,3.93,39600
2019-01-08 07:00:00,3.96,4.02,3.93,3.99,35990
2019-01-09 07:00:00,4.02,4.1,4.02,4.07,154260
2019-01-10 07:00:00,4.07,4.07,3.97,3.97,114170
2019-01-11 07:00:00,3.97,4.07,3.96,4.06,117220
2019-01-14 07:00:00,4.06,4.2,4.04,4.11,208960
2019-01-15 07:00:00,4.1,4.21,4.1,4.17,300560
2019-01-16 07:00:00,4.16,4.2,4.13,4.17,63150
2019-01-17 07:00:00,4.17,4.18,4.04,4.04,324210
2019-01-18 07:00:00,4.04,4.1,3.99,4.04,147810
2019-01-21 07:00:00,4.0,4.04,3.96,4.02,91750
2019-01-22 07:00:00,4.02,4.04,3.96,3.99,79210
2019-01-23 07:00:00,4.0,4.09,4.0,4.02,34200
2019-01-24 07:00:00,4.02,4.07,3.99,3.99,32950
2019-01-25 07:00:00,3.99,4.02,3.96,4.0,83410
2019-01-28 07:00:00,4.0,4.02,3.88,3.93,113690
2019-01-29 07:00:00,3.89,3.99,3.89,3.97,56840
2019-01-30 07:00:00,3.99,3.99,3.89,3.93,28390
2019-01-31 07:00:00,3.93,3.96,3.88,3.95,30290
2019-02-01 07:00:00,3.99,3.99,3.89,3.99,7080
2019-02-11 07:00:00,3.99,4.07,3.96,4.06,60840
2019-02-12 07:00:00,4.06,4.07,4.0,4.04,66550
2019-02-13 07:00:00,4.03,4.06,3.96,4.04,135100
2019-02-14 07:00:00,4.02,4.06,4.02,4.04,28460
2019-02-15 07:00:00,4.02,4.09,4.02,4.06,107940
2019-02-18 07:00:00,4.06,4.1,4.06,4.07,74710
2019-02-19 07:00:00,4.03,4.09,4.0,4.02,72360
2019-02-20 07:00:00,3.99,4.06,3.99,3.99,100580
2019-02-21 07:00:00,3.96,4.02,3.93,3.97,111310
2019-02-22 07:00:00,3.97,3.99,3.9,3.96,107080
2019-02-25 07:00:00,3.93,3.97,3.93,3.97,119660
2019-02-26 07:00:00,3.97,3.97,3.93,3.96,39690
2019-02-27 07:00:00,3.93,4.02,3.93,3.99,206950
2019-02-28 07:00:00,3.99,3.99,3.93,3.96,89530
2019-03-01 07:00:00,3.96,3.99,3.93,3.99,112910
2019-03-04 07:00:00,3.99,4.1,3.99,4.03,161600
2019-03-05 07:00:00,3.99,4.07,3.99,4.03,56110
2019-03-06 07:00:00,3.99,4.04,3.97,4.02,117310
2019-03-07 07:00:00,4.02,4.04,3.99,4.0,97740
2019-03-08 07:00:00,3.99,4.03,3.99,4.02,98040
2019-03-11 07:00:00,4.02,4.3,4.0,4.3,757620
2019-03-12 07:00:00,4.47,4.59,4.41,4.48,850780
2019-03-13 07:00:00,4.47,4.49,4.37,4.41,186090
2019-03-14 07:00:00,4.41,4.55,4.38,4.52,805290
2019-03-15 07:00:00,4.52,4.52,4.42,4.49,326740
2019-03-18 07:00:00,4.47,4.58,4.47,4.58,424700
2019-03-19 07:00:00,4.58,4.59,4.51,4.52,505760
2019-03-20 07:00:00,4.49,4.49,4.44,4.47,154330
2019-03-21 07:00:00,4.47,4.77,4.44,4.61,1085130
2019-03-22 07:00:00,4.61,4.63,4.55,4.58,440440
2019-03-25 07:00:00,4.49,4.52,4.35,4.48,222400
2019-03-26 07:00:00,4.48,4.55,4.42,4.44,276760
2019-03-27 07:00:00,4.44,4.49,4.44,4.45,187620
2019-03-28 07:00:00,4.45,4.45,4.37,4.4,227390
2019-03-29 07:00:00,4.38,4.48,4.38,4.44,159370
2019-04-01 07:00:00,4.44,4.61,4.41,4.58,337070
2019-04-02 07:00:00,4.58,4.83,4.58,4.77,1653340
2019-04-03 07:00:00,4.75,4.82,4.7,4.7,337230
2019-04-04 07:00:00,4.7,4.97,4.7,4.91,1236920
2019-04-05 07:00:00,4.91,4.97,4.83,4.9,519260
2019-04-08 07:00:00,4.9,4.9,4.8,4.89,710620
2019-04-09 07:00:00,4.97,5.06,4.58,4.58,1144790
2019-04-10 07:00:00,4.63,4.73,4.61,4.69,620340
2019-04-11 07:00:00,4.66,4.72,4.62,4.63,261420
2019-04-12 07:00:00,4.63,4.77,4.62,4.76,556410
2019-04-16 07:00:00,4.72,4.77,4.69,4.76,214270
2019-04-17 07:00:00,4.76,4.77,4.44,4.44,1409840
2019-04-18 07:00:00,4.41,4.44,4.21,4.3,617570
2019-04-19 07:00:00,4.24,4.38,4.24,4.37,120300
2019-04-22 07:00:00,4.35,4.35,4.21,4.27,276080
2019-04-23 07:00:00,4.33,4.38,4.31,4.33,371860
2019-04-24 07:00:00,4.3,4.37,4.28,4.33,391000
2019-04-25 07:00:00,4.3,4.37,4.28,4.3,283920
2019-04-26 07:00:00,4.27,4.33,4.21,4.21,278570
2019-05-02 07:00:00,4.21,4.3,4.21,4.28,238270
2019-05-03 07:00:00,4.28,4.31,4.25,4.25,168660
2019-05-06 07:00:00,4.18,4.27,4.16,4.17,266960
2019-05-07 07:00:00,4.17,4.21,4.11,4.11,295000
2019-05-08 07:00:00,4.1,4.16,4.07,4.11,102040
2019-05-09 07:00:00,4.11,4.18,3.93,4.04,408120
2019-05-10 07:00:00,4.06,4.13,4.04,4.13,137080
2019-05-13 07:00:00,4.13,4.41,4.13,4.41,452930
2019-05-14 07:00:00,4.35,4.52,4.33,4.49,197000
2019-05-15 07:00:00,4.49,4.58,4.45,4.48,296100
2019-05-16 07:00:00,4.42,4.49,4.41,4.41,133180
2019-05-17 07:00:00,4.41,4.63,4.38,4.59,655670
2019-05-20 07:00:00,4.63,4.65,4.51,4.61,193000
2019-05-21 07:00:00,4.58,4.75,4.58,4.72,261560
2019-05-22 07:00:00,4.59,4.75,4.59,4.59,335110
2019-05-23 07:00:00,4.58,4.75,4.58,4.72,223820
2019-05-24 07:00:00,4.69,4.76,4.63,4.63,269540
2019-05-27 07:00:00,4.58,4.72,4.58,4.66,160590
2019-05-28 07:00:00,4.66,4.69,4.63,4.65,324640
2019-05-29 07:00:00,4.63,4.8,4.63,4.73,738360
2019-05-30 07:00:00,4.73,4.77,4.7,4.75,141640
2019-05-31 07:00:00,4.75,4.77,4.58,4.58,265250
2019-06-03 07:00:00,4.49,4.66,4.41,4.44,593320
2019-06-04 07:00:00,4.44,4.58,4.44,4.49,258460
2019-06-05 07:00:00,4.78,4.78,4.46,4.66,170860
2019-06-06 07:00:00,4.59,4.69,4.59,4.66,68160
2019-06-07 07:00:00,4.69,4.98,4.66,4.93,329510
2019-06-10 07:00:00,4.95,5.01,4.91,4.96,217770
2019-06-11 07:00:00,4.98,4.98,4.91,4.93,220140
2019-06-12 07:00:00,4.93,4.95,4.78,4.8,183030
2019-06-13 07:00:00,4.75,4.88,4.75,4.8,202350
2019-06-14 07:00:00,4.8,4.85,4.72,4.72,286140
2019-06-17 07:00:00,4.82,4.85,4.7,4.85,204320
2019-06-18 07:00:00,4.83,4.85,4.77,4.78,79640
2019-06-19 07:00:00,4.83,4.91,4.8,4.83,254010
2019-06-20 07:00:00,4.82,5.04,4.82,4.98,600660
2019-06-21 07:00:00,4.98,5.08,4.93,4.93,197740
2019-06-24 07:00:00,4.93,5.08,4.91,4.93,294580
2019-06-25 07:00:00,4.93,4.99,4.9,4.91,131500
2019-06-26 07:00:00,4.85,4.95,4.85,4.91,135370
2019-06-27 07:00:00,4.85,4.91,4.78,4.83,310550
2019-06-28 07:00:00,4.82,4.87,4.78,4.82,191570
2019-07-01 07:00:00,4.82,4.9,4.78,4.85,333870
2019-07-02 07:00:00,4.85,4.98,4.83,4.95,300360
2019-07-03 07:00:00,4.91,5.04,4.91,5.01,444400
2019-07-04 07:00:00,5.01,5.01,4.95,5.01,244060
2019-07-05 07:00:00,4.99,5.03,4.98,4.98,325190
2019-07-08 07:00:00,4.95,4.99,4.88,4.9,221070
2019-07-09 07:00:00,4.9,4.98,4.9,4.95,209730
2019-07-10 07:00:00,4.95,4.98,4.95,4.95,154450
2019-07-11 07:00:00,4.95,4.98,4.88,4.9,307440
2019-07-12 07:00:00,4.9,4.95,4.88,4.9,211210
2019-07-15 07:00:00,4.9,4.93,4.85,4.9,362980
2019-07-16 07:00:00,4.88,4.9,4.78,4.82,465640
2019-07-17 07:00:00,4.78,5.04,4.78,4.95,369700
2019-07-18 07:00:00,4.91,4.98,4.9,4.91,174420
2019-07-19 07:00:00,4.9,4.98,4.88,4.88,167940
2019-07-22 07:00:00,4.85,4.88,4.83,4.85,173530
2019-07-23 07:00:00,4.88,5.12,4.87,5.08,727520
2019-07-24 07:00:00,5.11,5.33,5.06,5.24,661760
2019-07-25 07:00:00,5.24,5.27,5.19,5.25,282490
2019-07-26 07:00:00,5.29,5.29,5.14,5.22,413320
2019-07-29 07:00:00,5.17,5.4,5.17,5.27,1055580
2019-07-30 07:00:00,5.25,5.32,5.11,5.11,542470
2019-07-31 07:00:00,5.08,5.16,5.04,5.16,254680
2019-08-01 07:00:00,5.11,5.32,5.11,5.32,922400
2019-08-02 07:00:00,5.32,5.37,5.24,5.3,852350
2019-08-05 07:00:00,5.25,5.59,5.25,5.46,1091310
2019-08-06 07:00:00,5.37,5.64,5.37,5.63,1136430
2019-08-07 07:00:00,5.37,5.92,5.59,5.92,1311430
2019-08-08 07:00:00,5.92,6.24,5.92,6.16,1475420
2019-08-09 07:00:00,6.16,6.17,6.03,6.03,887660
2019-08-12 07:00:00,6.08,6.37,6.05,6.37,788160
2019-08-13 07:00:00,6.37,6.59,6.16,6.3,834910
2019-08-14 07:00:00,6.3,6.47,6.14,6.16,577330
2019-08-15 07:00:00,6.09,6.17,6.03,6.17,619880
2019-08-16 07:00:00,6.17,6.38,6.17,6.22,470750
2019-08-19 07:00:00,6.26,6.64,6.26,6.64,1433000
2019-08-20 07:00:00,6.79,6.82,6.64,6.76,1089980
2019-08-21 07:00:00,6.76,6.79,6.63,6.74,527330
2019-08-22 07:00:00,6.69,7.02,6.69,6.97,820470
2019-08-23 07:00:00,6.97,7.11,6.92,7.08,684140
2019-08-26 07:00:00,7.11,7.27,7.05,7.27,982400
2019-08-27 07:00:00,7.44,7.52,7.24,7.31,1214520
2019-08-28 07:00:00,7.31,7.44,7.05,7.05,822560
2019-08-29 07:00:00,6.98,7.27,6.98,7.1,1018030
2019-08-30 07:00:00,7.1,7.24,6.61,6.61,2101380
2019-09-03 07:00:00,6.47,6.76,6.22,6.58,1087700
2019-09-04 07:00:00,6.47,6.92,6.47,6.89,741450
2019-09-05 07:00:00,6.95,6.98,6.66,6.72,473090
2019-09-06 07:00:00,6.69,6.93,6.64,6.76,497610
2019-09-09 07:00:00,6.76,6.9,6.76,6.87,349430
2019-09-10 07:00:00,6.87,6.95,6.4,6.59,1860410
2019-09-11 07:00:00,6.63,6.74,6.53,6.59,456360
2019-09-12 07:00:00,6.69,6.69,6.56,6.61,657190
2019-09-13 07:00:00,6.61,6.89,6.61,6.89,490350
2019-09-16 07:00:00,6.98,7.21,6.89,7.16,675480
2019-09-17 07:00:00,7.16,7.27,7.05,7.18,469310
2019-09-18 07:00:00,7.14,7.18,6.98,7.05,438350
2019-09-19 07:00:00,7.05,7.11,7.0,7.05,238230
2019-09-20 07:00:00,7.06,7.24,7.06,7.1,398050
2019-09-23 07:00:00,7.11,7.14,6.79,6.79,765500
2019-09-24 07:00:00,6.79,6.9,6.72,6.72,403570
2019-09-25 07:00:00,6.63,6.82,6.63,6.79,196840
2019-09-26 07:00:00,6.79,7.0,6.72,6.72,285920
2019-09-27 07:00:00,6.72,6.85,6.69,6.69,265410
2019-09-30 07:00:00,6.69,6.82,6.63,6.82,339550
2019-10-01 07:00:00,6.82,7.29,6.82,7.29,1415430
2019-10-02 07:00:00,7.37,7.5,7.27,7.27,778920
2019-10-03 07:00:00,7.18,7.76,7.13,7.74,1517470
2019-10-04 07:00:00,7.74,7.81,7.65,7.66,562440
2019-10-07 07:00:00,7.66,7.86,7.5,7.5,957670
2019-10-08 07:00:00,7.44,7.69,7.4,7.69,800180
2019-10-09 07:00:00,7.61,7.92,7.61,7.71,785290
2019-10-10 07:00:00,7.71,7.71,7.53,7.58,426950
2019-10-11 07:00:00,7.58,7.6,7.29,7.31,953680
2019-10-14 07:00:00,7.34,7.34,6.8,6.93,2176590
2019-10-15 07:00:00,6.87,7.1,6.87,7.05,516240
2019-10-16 07:00:00,7.1,7.21,7.02,7.21,379760
2019-10-17 07:00:00,7.21,7.21,7.05,7.18,300810
2019-10-18 07:00:00,7.18,7.18,6.97,6.98,492670
2019-10-21 07:00:00,6.92,7.02,6.89,6.98,417940
2019-10-22 07:00:00,6.98,7.11,6.95,7.1,317820
2019-10-23 07:00:00,7.06,7.31,7.06,7.14,730250
2019-10-24 07:00:00,7.14,7.27,7.1,7.19,350410
2019-10-25 07:00:00,7.19,7.35,7.18,7.21,274990
2019-10-28 07:00:00,7.18,7.32,7.18,7.32,277700
2019-10-29 07:00:00,7.35,7.39,7.19,7.21,861950
2019-10-30 07:00:00,7.21,7.27,7.11,7.21,266440
2019-10-31 07:00:00,7.21,7.29,7.11,7.11,360770
2019-11-01 07:00:00,7.11,7.18,7.05,7.1,306250
2019-11-04 07:00:00,7.11,7.18,7.1,7.1,206520
2019-11-05 07:00:00,7.11,7.53,7.1,7.4,851920
2019-11-06 07:00:00,7.35,7.5,7.35,7.35,205240
2019-11-07 07:00:00,7.35,7.48,7.35,7.39,545070
2019-11-08 07:00:00,7.4,7.44,7.35,7.4,377600
2019-11-11 07:00:00,7.4,7.63,7.4,7.53,940920
2019-11-12 07:00:00,7.53,7.66,7.45,7.56,616270
2019-11-13 07:00:00,7.56,7.6,7.5,7.52,226920
2019-11-14 07:00:00,7.48,7.58,7.47,7.56,336450
2019-11-15 07:00:00,7.56,7.73,7.53,7.63,497000
2019-11-18 07:00:00,7.63,7.66,7.48,7.53,214170
2019-11-19 07:00:00,7.53,7.53,7.4,7.53,240190
2019-11-20 07:00:00,7.5,7.52,7.34,7.34,335380
2019-11-21 07:00:00,7.35,7.5,7.31,7.4,364690
2019-11-22 07:00:00,7.44,7.48,7.11,7.11,559740
2019-11-25 07:00:00,7.11,7.27,7.11,7.16,424610
2019-11-26 07:00:00,7.16,7.31,7.16,7.27,232060
2019-11-27 07:00:00,7.27,7.39,7.27,7.27,383000
2019-11-28 07:00:00,7.24,7.34,7.11,7.24,309250
2019-11-29 07:00:00,7.24,7.32,7.18,7.26,122260
2019-12-02 07:00:00,7.24,7.24,7.11,7.13,339690
2019-12-03 07:00:00,7.13,7.16,6.79,6.79,469970
2019-12-04 07:00:00,6.84,7.05,6.84,6.98,382300
2019-12-05 07:00:00,6.98,7.27,6.98,7.14,498630
2019-12-06 07:00:00,7.14,7.27,7.11,7.21,98910
2019-12-09 07:00:00,7.16,7.24,7.16,7.19,123610
2019-12-10 07:00:00,7.19,7.21,7.05,7.14,200530
2019-12-11 07:00:00,7.23,7.23,7.02,7.11,121190
2019-12-12 07:00:00,7.05,7.14,7.05,7.1,166280
2019-12-13 07:00:00,7.08,7.32,7.08,7.27,258450
2019-12-16 07:00:00,7.26,7.47,7.18,7.47,572640
2019-12-17 07:00:00,7.4,7.56,7.4,7.47,204540
2019-12-18 07:00:00,7.39,7.63,7.39,7.53,427560
2019-12-19 07:00:00,7.53,7.6,7.39,7.5,310660
2019-12-20 07:00:00,7.44,7.56,7.4,7.45,271150
2019-12-23 07:00:00,7.55,7.69,7.48,7.5,656630
2019-12-24 07:00:00,7.5,7.56,7.45,7.5,153940
2019-12-25 07:00:00,7.48,8.02,7.48,8.0,1754430
2019-12-26 07:00:00,8.05,8.05,7.92,7.95,412550
2019-12-27 07:00:00,7.95,8.15,7.9,7.92,413690
2019-12-30 07:00:00,7.89,8.02,7.63,7.73,968420
2019-12-31 07:00:00,7.66,7.73,7.5,7.69,460990
2020-01-02 07:00:00,7.66,7.94,7.66,7.92,467470
2020-01-03 07:00:00,7.92,7.94,7.77,7.92,529730
2020-01-06 07:00:00,7.92,8.18,7.6,7.6,967330
2020-01-07 07:00:00,7.66,7.86,7.63,7.77,562870
2020-01-08 07:00:00,7.76,7.76,7.24,7.31,951370
2020-01-09 07:00:00,7.4,7.48,7.37,7.45,457660
2020-01-10 07:00:00,7.47,7.53,7.14,7.14,771780
2020-01-13 07:00:00,7.05,7.19,6.95,7.11,597710
2020-01-14 07:00:00,7.11,7.34,7.11,7.27,325390
2020-01-15 07:00:00,7.27,7.42,7.26,7.27,146430
2020-01-16 07:00:00,7.31,7.32,7.26,7.27,240250
2020-01-17 07:00:00,7.14,7.27,7.06,7.14,297060
2020-01-20 07:00:00,7.14,7.14,6.95,6.98,392600
2020-01-21 07:00:00,6.98,7.19,6.98,7.19,173540
2020-01-22 07:00:00,7.13,7.32,7.13,7.29,196100
2020-01-30 07:00:00,7.14,7.27,7.02,7.03,231350
2020-01-31 07:00:00,6.85,7.02,6.72,6.79,778990
2020-02-03 07:00:00,6.34,6.43,6.32,6.32,1139950
2020-02-04 07:00:00,6.21,6.4,6.21,6.38,250170
2020-02-05 07:00:00,6.4,6.71,6.38,6.51,360280
2020-02-06 07:00:00,6.51,6.69,6.4,6.69,223420
2020-02-07 07:00:00,6.71,6.72,6.56,6.66,102010
2020-02-10 07:00:00,6.66,6.77,6.56,6.66,100320
2020-02-11 07:00:00,6.66,6.9,6.66,6.9,306620
2020-02-12 07:00:00,6.9,7.14,6.9,7.03,191280
2020-02-13 07:00:00,7.11,7.23,7.02,7.03,347490
2020-02-14 07:00:00,7.03,7.05,6.98,7.0,183280
2020-02-17 07:00:00,7.03,7.19,7.02,7.05,284010
2020-02-18 07:00:00,7.05,7.11,6.97,7.05,200900
2020-02-19 07:00:00,7.06,7.18,7.05,7.16,216950
2020-02-20 07:00:00,7.16,7.31,7.13,7.26,424110
2020-02-21 07:00:00,7.31,7.31,7.11,7.11,323640
2020-02-24 07:00:00,6.93,6.93,6.63,6.63,683600
2020-02-25 07:00:00,6.4,6.79,6.4,6.79,412710
2020-02-26 07:00:00,6.56,6.77,6.56,6.63,215870
2020-02-27 07:00:00,6.53,6.66,6.53,6.66,227180
2020-02-28 07:00:00,6.58,6.58,6.24,6.42,573610
2020-03-02 07:00:00,6.43,6.43,6.27,6.32,420280
2020-03-03 07:00:00,6.37,6.47,6.3,6.32,386660
2020-03-04 07:00:00,6.27,6.59,6.27,6.53,500720
2020-03-05 07:00:00,6.53,6.72,6.5,6.5,361060
2020-03-06 07:00:00,6.43,6.53,6.37,6.5,245200
2020-03-09 07:00:00,6.05,6.11,6.05,6.05,535360
2020-03-10 07:00:00,5.63,6.0,5.63,5.72,852860
2020-03-11 07:00:00,5.8,5.82,5.33,5.33,1025390
2020-03-12 07:00:00,4.96,4.98,4.96,4.96,321140
2020-03-13 07:00:00,4.62,4.96,4.62,4.95,2517810
2020-03-16 07:00:00,4.85,4.99,4.69,4.74,1183860
2020-03-17 07:00:00,4.72,5.06,4.46,5.04,1606640
2020-03-18 07:00:00,5.04,5.14,4.98,5.04,695070
2020-03-19 07:00:00,5.04,5.04,4.75,4.95,521350
2020-03-20 07:00:00,4.88,5.03,4.85,5.01,553730
2020-03-23 07:00:00,4.85,4.91,4.67,4.67,2202570
2020-03-24 07:00:00,4.78,4.95,4.67,4.95,462940
2020-03-25 07:00:00,5.01,5.27,4.95,5.2,916650
2020-03-26 07:00:00,5.2,5.2,4.98,5.08,533240
2020-03-27 07:00:00,5.08,5.14,4.95,5.08,328100
2020-03-30 07:00:00,4.77,4.93,4.75,4.91,458240
2020-03-31 07:00:00,5.08,5.08,4.69,4.9,290060
2020-04-01 07:00:00,4.91,5.03,4.91,5.01,195140
2020-04-03 07:00:00,5.09,5.09,5.01,5.06,323390
2020-04-06 07:00:00,5.17,5.29,5.08,5.27,508260
2020-04-07 07:00:00,5.27,5.29,5.14,5.27,366990
2020-04-08 07:00:00,5.12,5.24,5.12,5.17,261300
2020-04-09 07:00:00,5.17,5.45,5.12,5.3,498750
2020-04-10 07:00:00,5.27,5.38,5.19,5.29,405740
2020-04-13 07:00:00,5.19,5.35,5.19,5.33,470180
2020-04-14 07:00:00,5.33,5.38,5.19,5.33,518130
2020-04-15 07:00:00,5.3,5.46,5.25,5.46,650420
2020-04-16 07:00:00,5.4,5.75,5.4,5.61,820820
2020-04-17 07:00:00,5.69,5.79,5.56,5.56,795300
2020-04-20 07:00:00,5.51,5.63,5.41,5.41,771470
2020-04-21 07:00:00,5.29,5.33,5.04,5.19,1030210
2020-04-22 07:00:00,5.03,5.37,5.03,5.37,264740
2020-04-23 07:00:00,5.41,5.41,5.22,5.25,320990
2020-04-24 07:00:00,5.25,5.32,5.2,5.27,185030
2020-04-27 07:00:00,5.46,5.58,5.38,5.43,877340
2020-04-28 07:00:00,5.48,5.48,5.35,5.45,202710
2020-04-29 07:00:00,5.46,5.51,5.38,5.46,553730
2020-05-04 07:00:00,5.4,5.46,5.33,5.37,363050
2020-05-05 07:00:00,5.37,5.45,5.33,5.43,163940
2020-05-06 07:00:00,5.43,5.71,5.43,5.66,1118770
2020-05-07 07:00:00,5.72,5.72,5.59,5.66,593830
2020-05-08 07:00:00,5.66,5.71,5.5,5.56,760200
2020-05-11 07:00:00,5.58,5.61,5.53,5.58,574810
2020-05-12 07:00:00,5.59,5.79,5.58,5.71,1095810
2020-05-13 07:00:00,5.69,5.88,5.63,5.75,1222930
2020-05-14 07:00:00,5.74,5.79,5.67,5.69,656830
2020-05-15 07:00:00,5.74,5.87,5.67,5.75,1014430
2020-05-18 07:00:00,5.82,5.96,5.79,5.93,1510960
2020-05-19 07:00:00,6.14,6.32,5.96,6.09,2114950
2020-05-20 07:00:00,6.05,6.13,5.95,6.06,879440
2020-05-21 07:00:00,6.11,6.13,6.03,6.03,996060
2020-05-22 07:00:00,6.03,6.03,5.69,5.71,2061170
2020-05-25 07:00:00,5.72,5.95,5.71,5.95,794210
2020-05-26 07:00:00,6.08,6.08,5.88,5.95,562180
2020-05-27 07:00:00,6.0,6.0,5.87,5.9,786880
2020-05-28 07:00:00,6.01,6.12,5.9,5.99,895150
2020-05-29 07:00:00,6.07,6.1,5.94,5.94,735010
2020-06-01 07:00:00,5.94,6.05,5.94,5.94,534410
2020-06-02 07:00:00,5.97,6.05,5.88,5.88,1051760
2020-06-03 07:00:00,5.88,5.9,5.81,5.88,771810
2020-06-04 07:00:00,5.94,5.94,5.84,5.88,421560
2020-06-05 07:00:00,5.88,6.09,5.81,6.09,1105080
2020-06-08 07:00:00,6.2,6.38,6.18,6.23,1284730
2020-06-09 07:00:00,6.31,6.31,6.18,6.18,687350
2020-06-10 07:00:00,6.12,6.38,6.03,6.29,1358930
2020-06-11 07:00:00,6.35,6.46,5.97,5.97,2160210
2020-06-12 07:00:00,5.75,6.09,5.75,6.03,759510
2020-06-15 07:00:00,6.03,6.22,5.86,5.97,879270
2020-06-16 07:00:00,6.09,6.09,5.97,6.05,454390
2020-06-17 07:00:00,6.03,6.07,5.94,5.97,240130
2020-06-18 07:00:00,5.94,6.01,5.9,6.01,271290
2020-06-19 07:00:00,6.03,6.31,6.01,6.23,1272320
2020-06-22 07:00:00,6.31,6.31,6.16,6.16,709720
2020-06-23 07:00:00,6.16,6.2,6.09,6.16,392850
2020-06-24 07:00:00,6.12,6.23,6.01,6.01,660610
2020-06-25 07:00:00,5.94,6.05,5.92,6.03,724890
2020-06-26 07:00:00,6.05,6.05,5.96,5.97,313240
2020-06-29 07:00:00,5.9,5.94,5.71,5.81,1023970
2020-06-30 07:00:00,5.81,5.86,5.53,5.64,676350
2020-07-01 07:00:00,5.68,5.83,5.64,5.83,207510
2020-07-02 07:00:00,5.83,5.92,5.71,5.79,164800
2020-07-03 07:00:00,5.75,5.81,5.75,5.79,212240
2020-07-06 07:00:00,5.83,5.84,5.79,5.81,236230
2020-07-07 07:00:00,5.83,5.97,5.79,5.9,476760
2020-07-08 07:00:00,5.9,5.94,5.84,5.9,185190
2020-07-09 07:00:00,5.9,6.16,5.88,6.09,1271790
2020-07-10 07:00:00,6.05,6.09,5.9,5.96,412110
2020-07-13 07:00:00,5.96,6.05,5.94,5.97,320770
2020-07-14 07:00:00,5.97,5.99,5.92,5.97,327770
2020-07-15 07:00:00,5.97,6.16,5.97,6.09,1285950
2020-07-16 07:00:00,6.12,6.16,6.03,6.07,360530
2020-07-17 07:00:00,6.09,6.16,6.05,6.12,802570
2020-07-20 07:00:00,6.12,6.16,6.07,6.09,907430
2020-07-21 07:00:00,6.09,6.16,6.01,6.16,675280
2020-07-22 07:00:00,6.16,6.22,6.1,6.1,546920
2020-07-23 07:00:00,6.07,6.12,5.97,6.1,557430
2020-07-24 07:00:00,6.09,6.09,5.75,5.81,1724450
2020-07-27 07:00:00,5.57,5.77,5.45,5.45,1591960
2020-07-28 07:00:00,5.68,5.73,5.47,5.71,640710
2020-07-29 07:00:00,5.57,5.62,5.49,5.6,800190
2020-07-30 07:00:00,5.6,5.71,5.6,5.68,193120
2020-07-31 07:00:00,5.53,5.68,5.53,5.64,380470
2020-08-03 07:00:00,5.64,5.77,5.62,5.73,678970
2020-08-04 07:00:00,5.83,5.86,5.75,5.79,609390
2020-08-05 07:00:00,5.86,5.92,5.79,5.92,1042580
2020-08-06 07:00:00,5.88,5.94,5.86,5.9,585320
2020-08-07 07:00:00,5.9,6.1,5.86,6.1,1222420
2020-08-10 07:00:00,6.12,6.18,6.03,6.03,830610
2020-08-11 07:00:00,6.09,6.1,5.94,6.1,430570
2020-08-12 07:00:00,6.14,6.16,6.05,6.16,911050
2020-08-13 07:00:00,6.16,6.51,6.16,6.47,3561500
2020-08-14 07:00:00,6.47,6.64,6.38,6.38,1666790
2020-08-17 07:00:00,6.46,6.79,6.46,6.75,2325430
2020-08-18 07:00:00,6.75,6.83,6.6,6.64,898670
2020-08-19 07:00:00,6.64,6.86,6.59,6.75,1241150
2020-08-20 07:00:00,6.72,6.79,6.59,6.68,960200
2020-08-21 07:00:00,6.68,6.79,6.62,6.68,1088460
2020-08-24 07:00:00,6.75,6.75,6.68,6.75,1102010
2020-08-25 07:00:00,6.83,7.03,6.75,6.86,1550320
2020-08-26 07:00:00,6.86,6.94,6.81,6.88,825910
2020-08-27 07:00:00,6.9,6.99,6.85,6.96,836610
2020-08-28 07:00:00,6.96,6.98,6.79,6.79,1042000
2020-08-31 07:00:00,6.79,6.83,6.53,6.6,2004610
2020-09-01 07:00:00,6.64,6.75,6.53,6.66,485590
2020-09-03 07:00:00,6.75,6.75,6.6,6.7,701930
2020-09-04 07:00:00,6.6,6.86,6.57,6.81,1266260
2020-09-07 07:00:00,6.83,6.92,6.77,6.77,1194170
2020-09-08 07:00:00,6.77,6.85,6.7,6.79,705770
2020-09-09 07:00:00,6.73,6.98,6.72,6.9,1415920
2020-09-10 07:00:00,6.96,7.24,6.9,7.01,1964810
2020-09-11 07:00:00,7.09,7.25,7.01,7.22,1375170
2020-09-14 07:00:00,7.29,7.61,7.29,7.44,2346340
2020-09-15 07:00:00,7.57,7.9,7.5,7.77,2497470
2020-09-16 07:00:00,7.79,7.81,7.64,7.79,830580
2020-09-17 07:00:00,7.79,8.05,7.68,7.98,1458140
2020-09-18 07:00:00,7.98,8.07,7.79,7.79,1376680
2020-09-21 07:00:00,7.88,7.96,7.61,7.66,1788640
2020-09-22 07:00:00,7.66,7.94,7.66,7.87,1241230
2020-09-23 07:00:00,7.94,8.07,7.79,7.87,939140
2020-09-24 07:00:00,7.81,7.9,7.74,7.87,581650
2020-09-25 07:00:00,7.94,7.94,7.72,7.72,1142800
2020-09-28 07:00:00,7.72,7.87,7.72,7.81,585470
2020-09-29 07:00:00,7.87,8.35,7.85,8.27,2552880
2020-09-30 07:00:00,8.39,8.44,8.18,8.37,1269410
2020-10-01 07:00:00,8.48,8.61,8.42,8.5,937930
2020-10-02 07:00:00,8.57,8.61,8.16,8.53,2013300
2020-10-05 07:00:00,8.65,8.72,8.42,8.48,1506670
2020-10-06 07:00:00,8.5,8.52,8.37,8.44,1197710
2020-10-07 07:00:00,8.42,8.66,8.42,8.46,1194520
2020-10-08 07:00:00,8.5,8.57,8.39,8.5,791020
2020-10-09 07:00:00,8.61,9.02,8.55,8.91,1719110
2020-10-12 07:00:00,9.0,9.0,8.68,8.91,1123600
2020-10-13 07:00:00,8.83,8.89,8.68,8.78,710170
2020-10-14 07:00:00,8.78,8.81,8.63,8.66,1085190
2020-10-15 07:00:00,8.65,8.76,8.07,8.2,1722140
2020-10-16 07:00:00,8.33,8.33,8.01,8.16,1114260
2020-10-19 07:00:00,8.11,8.52,8.11,8.46,726210
2020-10-20 07:00:00,8.46,8.68,8.44,8.5,500990
2020-10-21 07:00:00,8.53,8.53,8.27,8.27,538150
2020-10-22 07:00:00,8.31,8.4,8.2,8.31,337590
2020-10-23 07:00:00,8.16,8.46,8.16,8.24,619560
2020-10-26 07:00:00,8.35,8.4,8.16,8.16,670410
2020-10-27 07:00:00,8.16,8.31,7.98,8.11,570880
2020-10-28 07:00:00,8.11,8.16,7.94,7.98,818280
2020-10-29 07:00:00,7.83,8.01,7.83,7.98,438020
2020-10-30 07:00:00,8.09,8.53,8.03,8.4,1290260
2020-11-02 07:00:00,8.5,8.53,8.4,8.42,378390
2020-11-03 07:00:00,8.44,8.81,8.44,8.76,1171300
2020-11-04 07:00:00,8.78,8.78,8.14,8.65,755370
2020-11-05 07:00:00,8.68,8.83,8.55,8.7,505690
2020-11-06 07:00:00,8.72,9.0,8.7,8.85,1280140
2020-11-09 07:00:00,8.85,9.28,8.83,9.28,1296510
2020-11-10 07:00:00,9.46,9.46,9.17,9.18,970500
2020-11-11 07:00:00,9.22,9.22,8.98,9.13,735900
2020-11-12 07:00:00,9.22,9.33,9.09,9.28,1039360
2020-11-13 07:00:00,9.28,9.37,9.24,9.29,560950
2020-11-16 07:00:00,9.26,9.44,9.18,9.28,881970
2020-11-17 07:00:00,9.29,9.63,9.28,9.59,854840
2020-11-18 07:00:00,9.57,9.72,9.46,9.59,547090
2020-11-19 07:00:00,9.59,9.59,9.5,9.55,417720
2020-11-20 07:00:00,9.55,9.65,9.48,9.65,636900
2020-11-23 07:00:00,9.76,9.98,9.65,9.83,702830
2020-11-24 07:00:00,9.76,9.93,9.68,9.85,840610
2020-11-25 07:00:00,9.87,9.91,9.65,9.67,683950
2020-11-26 07:00:00,9.65,9.68,9.42,9.46,1268800
2020-11-27 07:00:00,9.48,9.65,9.48,9.65,661770
2020-11-30 07:00:00,9.72,9.83,9.65,9.65,640420
2020-12-01 07:00:00,9.44,9.81,9.44,9.72,595840
2020-12-02 07:00:00,9.76,10.22,9.65,10.07,1492360
2020-12-03 07:00:00,10.09,10.28,10.07,10.26,799380
2020-12-04 07:00:00,10.35,10.61,10.26,10.56,1332280
2020-12-07 07:00:00,10.5,11.13,10.5,11.02,1396280
2020-12-08 07:00:00,11.02,11.73,10.95,11.54,1174090
2020-12-09 07:00:00,11.61,11.63,11.35,11.39,1005850
2020-12-10 07:00:00,11.32,11.67,11.32,11.39,722890
2020-12-11 07:00:00,11.35,11.84,11.32,11.73,597950
2020-12-14 07:00:00,11.97,12.24,11.87,11.95,554080
2020-12-15 07:00:00,11.84,11.99,11.74,11.8,651500
2020-12-16 07:00:00,11.87,12.28,11.87,12.17,344190
2020-12-17 07:00:00,11.99,12.15,11.76,11.95,1493090
2020-12-18 07:00:00,11.99,12.78,11.99,12.78,1540250
2020-12-21 07:00:00,13.06,13.67,13.06,13.67,495140
2020-12-22 07:00:00,14.4,14.42,13.82,14.27,901230
2020-12-23 07:00:00,14.14,14.34,13.75,13.8,913160
2020-12-24 07:00:00,13.8,13.82,12.84,13.41,2778290
2020-12-25 07:00:00,13.28,13.71,13.21,13.6,1112030
2020-12-28 07:00:00,13.58,14.29,13.54,13.99,939950
2020-12-29 07:00:00,14.17,14.32,13.91,14.06,665650
2020-12-30 07:00:00,13.99,14.29,13.62,13.8,723090
2020-12-31 07:00:00,13.84,13.84,13.36,13.71,1314310
2021-01-04 07:00:00,13.65,14.45,13.65,14.1,1113900
2021-01-05 07:00:00,14.1,15.08,14.1,14.97,1455600
2021-01-06 07:00:00,15.55,15.55,14.86,14.92,934900
2021-01-07 07:00:00,14.9,14.94,14.51,14.84,1116700
2021-01-08 07:00:00,14.84,14.94,14.6,14.66,1021300
2021-01-11 07:00:00,14.84,14.84,14.03,14.1,1677600
2021-01-12 07:00:00,14.1,14.62,13.73,14.53,1297600
2021-01-13 07:00:00,14.55,14.66,14.12,14.4,851000
2021-01-14 07:00:00,14.4,14.47,14.12,14.36,613600
2021-01-15 07:00:00,14.47,14.66,14.3,14.36,1078600
2021-01-18 07:00:00,14.51,15.03,14.29,14.73,1624900
2021-01-19 07:00:00,14.73,14.84,13.71,13.77,967500
2021-01-20 07:00:00,13.77,14.03,12.82,13.69,1080200
2021-01-21 07:00:00,13.99,14.64,13.73,14.64,1251900
2021-01-22 07:00:00,15.25,15.44,14.86,15.16,1587900
2021-01-25 07:00:00,15.16,15.51,15.05,15.08,1203900
2021-01-26 07:00:00,14.99,15.1,14.1,14.77,1055400
2021-01-27 07:00:00,14.53,14.6,13.91,14.17,1616800
2021-01-28 07:00:00,13.25,13.71,13.19,13.19,1201500
2021-01-29 07:00:00,12.28,13.64,12.28,13.19,1020400
2021-02-01 07:00:00,12.99,13.53,12.69,12.84,876200
2021-02-02 07:00:00,12.99,13.62,12.62,13.62,808400
2021-02-03 07:00:00,13.73,14.47,13.73,14.4,496900
2021-02-04 07:00:00,14.23,14.81,14.21,14.55,498300
2021-02-05 07:00:00,14.47,14.84,14.47,14.81,788900
2021-02-08 07:00:00,14.84,15.38,14.29,14.62,820100
2021-02-09 07:00:00,14.62,14.95,14.47,14.84,633800
2021-02-17 07:00:00,15.14,15.88,15.03,15.88,1525800
2021-02-18 07:00:00,16.14,16.7,15.92,16.44,893000
2021-02-19 07:00:00,16.44,16.53,16.09,16.16,1197700
2021-02-22 07:00:00,16.16,16.36,15.51,15.92,1191400
2021-02-23 07:00:00,15.84,15.96,15.57,15.81,1286800
2021-02-24 07:00:00,15.81,16.1,15.4,15.58,1192200
2021-02-25 07:00:00,15.77,15.92,15.34,15.44,1388900
2021-02-26 07:00:00,15.21,15.44,15.12,15.29,1753700
2021-03-01 07:00:00,15.29,15.7,15.21,15.66,1049600
2021-03-02 07:00:00,15.92,15.92,15.47,15.62,736100
2021-03-03 07:00:00,15.66,15.81,15.58,15.75,925600
2021-03-04 07:00:00,15.79,16.4,15.77,15.96,1591200
2021-03-05 07:00:00,15.88,16.18,15.71,16.01,733700
2021-03-08 07:00:00,16.51,16.55,16.07,16.25,955700
2021-03-09 07:00:00,16.25,16.99,15.88,16.7,1563900
2021-03-10 07:00:00,16.88,17.44,16.88,16.92,1183500
2021-03-11 07:00:00,16.92,17.14,16.73,16.92,1052500
2021-03-12 07:00:00,17.07,17.11,16.77,16.88,997800
2021-03-15 07:00:00,16.77,16.99,16.42,16.47,2146900
2021-03-16 07:00:00,16.51,16.62,16.2,16.38,1461500
2021-03-17 07:00:00,16.47,16.88,16.4,16.85,1426600
2021-03-18 07:00:00,17.37,17.37,16.88,16.88,792500
2021-03-19 07:00:00,17.03,17.03,16.79,16.83,672200
2021-03-22 07:00:00,16.83,17.37,16.81,16.96,1019900
2021-03-23 07:00:00,16.96,17.03,16.36,16.53,706500
2021-03-24 07:00:00,16.33,16.62,15.96,16.14,1123200
2021-03-25 07:00:00,16.18,16.33,15.94,16.14,1276100
2021-03-26 07:00:00,16.14,16.22,15.77,16.12,893500
2021-03-29 07:00:00,16.14,16.18,15.62,15.88,1295400
2021-03-30 07:00:00,15.88,16.22,15.84,15.99,420500
2021-03-31 07:00:00,16.14,16.14,15.58,15.99,401100
2021-04-01 07:00:00,16.1,16.4,15.99,16.4,588300
2021-04-02 07:00:00,16.47,17.07,16.47,16.73,727100
2021-04-05 07:00:00,16.88,16.92,16.44,16.59,334900
2021-04-06 07:00:00,16.51,16.59,16.4,16.47,284700
2021-04-07 07:00:00,16.51,16.96,16.44,16.62,584500
2021-04-08 07:00:00,16.77,16.77,16.44,16.55,416800
2021-04-09 07:00:00,16.59,16.59,16.35,16.4,641100
2021-04-12 07:00:00,16.55,16.55,16.14,16.25,745700
2021-04-13 07:00:00,16.33,16.33,15.73,15.94,720700
2021-04-14 07:00:00,15.92,16.53,15.77,16.25,547000
2021-04-15 07:00:00,16.16,16.33,15.81,15.94,381000
2021-04-16 07:00:00,15.84,16.12,15.4,15.62,576900
2021-04-19 07:00:00,15.77,15.96,15.25,15.77,734000
2021-04-20 07:00:00,15.77,15.88,15.53,15.58,417500
2021-04-22 07:00:00,15.58,16.14,15.21,15.21,648100
2021-04-23 07:00:00,15.21,15.42,14.88,15.29,393000
2021-04-26 07:00:00,15.29,15.29,14.23,14.55,620700
2021-04-27 07:00:00,14.51,14.69,14.17,14.21,349400
2021-04-28 07:00:00,14.29,14.4,14.17,14.25,362700
2021-04-29 07:00:00,14.25,14.66,14.25,14.66,793200
2021-05-04 07:00:00,14.55,15.06,14.4,14.95,439700
2021-05-05 07:00:00,14.99,15.31,14.99,15.21,359400
2021-05-06 07:00:00,15.21,15.21,14.92,14.97,342500
2021-05-07 07:00:00,15.03,15.14,14.66,14.84,538200
2021-05-10 07:00:00,14.55,14.71,14.29,14.43,696800
2021-05-11 07:00:00,14.51,15.32,14.1,14.95,1075100
2021-05-12 07:00:00,14.95,15.29,14.84,14.88,494900
2021-05-13 07:00:00,14.84,14.95,14.71,14.73,362100
2021-05-14 07:00:00,14.66,14.73,14.49,14.51,556500
2021-05-17 07:00:00,14.47,14.51,14.25,14.29,400900
2021-05-18 07:00:00,14.29,14.29,14.03,14.17,560600
2021-05-19 07:00:00,14.42,15.16,14.4,15.16,1096100
2021-05-20 07:00:00,15.96,16.14,15.58,16.1,2211000
2021-05-21 07:00:00,16.25,16.92,16.25,16.81,1546000
2021-05-24 07:00:00,17.07,17.37,17.01,17.07,1151800
2021-05-25 07:00:00,16.99,18.26,16.92,18.14,2973500
2021-05-26 07:00:00,18.7,18.92,18.14,18.53,1540900
2021-05-27 07:00:00,18.92,19.26,18.37,18.55,1190900
2021-05-28 07:00:00,18.55,19.11,18.26,18.89,1373200
2021-05-31 07:00:00,18.89,19.52,18.52,19.44,1660200
2021-06-01 07:00:00,19.59,19.81,19.48,19.48,575500
2021-06-02 07:00:00,19.07,19.67,19.07,19.44,649100
2021-06-03 07:00:00,19.52,19.81,19.29,19.7,1166400
2021-06-04 07:00:00,19.81,19.85,19.37,19.7,780900
2021-06-07 07:00:00,19.67,20.04,18.92,19.59,1110900
2021-06-08 07:00:00,19.67,19.81,18.96,19.07,1159200
2021-06-09 07:00:00,19.04,19.85,18.74,19.48,1107800
2021-06-10 07:00:00,19.67,20.82,19.67,20.82,1716500
2021-06-11 07:00:00,21.45,22.15,21.45,21.71,966100
2021-06-14 07:00:00,22.08,23.01,21.89,22.86,979100
2021-06-15 07:00:00,22.93,23.75,22.71,23.34,1101600
2021-06-16 07:00:00,23.64,23.86,23.19,23.38,1014600
2021-06-17 07:00:00,23.3,23.53,23.08,23.34,812300
2021-06-18 07:00:00,23.34,23.64,23.3,23.38,839200
2021-06-21 07:00:00,23.38,24.49,23.3,23.86,1075500
2021-06-22 07:00:00,24.12,24.27,23.67,23.9,618700
2021-06-23 07:00:00,24.04,24.19,23.75,23.9,781300
2021-06-24 07:00:00,23.9,23.97,23.71,23.9,1384900
2021-06-25 07:00:00,24.01,24.12,23.9,24.04,1339400
2021-06-28 07:00:00,25.48,25.48,24.04,24.6,889300
2021-06-29 07:00:00,24.6,24.6,23.16,23.4,1262100
2021-06-30 07:00:00,23.35,24.09,23.16,24.04,1122200
2021-07-01 07:00:00,24.37,24.79,24.14,24.65,862500
2021-07-02 07:00:00,24.65,24.65,24.18,24.18,690700
2021-07-05 07:00:00,24.09,24.09,23.4,23.44,1015700
2021-07-06 07:00:00,23.26,23.81,21.82,21.82,831600
2021-07-07 07:00:00,22.47,23.21,21.82,22.96,1118900
2021-07-08 07:00:00,23.4,24.18,23.03,23.3,641100
2021-07-09 07:00:00,23.4,24.0,23.07,23.4,873000
2021-07-12 07:00:00,23.72,23.72,22.24,23.16,1342200
2021-07-13 07:00:00,23.12,23.4,22.7,23.16,395700
2021-07-14 07:00:00,23.16,23.4,22.52,22.7,508100
2021-07-15 07:00:00,22.65,23.12,22.65,22.96,354400
2021-07-16 07:00:00,23.03,24.55,23.03,24.55,1497700
2021-07-19 07:00:00,24.37,26.27,24.37,25.9,1874400
2021-07-20 07:00:00,26.18,27.38,26.04,26.5,709000
2021-07-21 07:00:00,26.31,27.01,25.99,26.5,585200
2021-07-22 07:00:00,26.41,27.19,26.36,27.1,772400
2021-07-23 07:00:00,27.1,27.57,26.92,26.92,691400
2021-07-26 07:00:00,26.87,27.57,26.78,27.15,1058100
2021-07-27 07:00:00,27.47,27.52,26.64,26.87,989400
2021-07-28 07:00:00,26.73,27.01,25.71,25.99,1660000
2021-07-29 07:00:00,26.04,27.8,25.3,27.8,1711700
2021-07-30 07:00:00,28.26,28.68,27.52,27.61,843000
2021-08-02 07:00:00,27.33,28.35,27.33,27.7,970700
2021-08-03 07:00:00,27.7,29.19,27.57,28.4,1275700
2021-08-04 07:00:00,28.72,28.82,28.03,28.17,863700
2021-08-05 07:00:00,28.12,28.72,28.03,28.72,731400
2021-08-06 07:00:00,28.72,29.65,28.26,28.72,1377200
2021-08-09 07:00:00,28.72,29.6,28.68,29.51,1361300
2021-08-10 07:00:00,29.65,30.35,29.51,29.74,1115500
2021-08-11 07:00:00,29.88,30.07,29.19,29.19,947300
2021-08-12 07:00:00,29.14,29.79,29.0,29.0,711600
2021-08-13 07:00:00,28.77,30.81,28.17,30.81,2486700
2021-08-16 07:00:00,31.04,31.18,30.67,30.72,612900
2021-08-17 07:00:00,30.58,30.95,29.93,30.11,663200
2021-08-18 07:00:00,29.88,30.58,29.74,30.07,559200
2021-08-19 07:00:00,30.11,30.58,30.02,30.25,445400
2021-08-20 07:00:00,30.25,30.53,28.72,29.65,993000
2021-08-23 07:00:00,29.51,29.65,28.82,28.96,1085300
2021-08-24 07:00:00,28.96,30.21,28.54,28.72,1048100
2021-08-25 07:00:00,29.42,29.65,28.72,29.65,524000
2021-08-26 07:00:00,29.74,29.88,29.42,29.42,384200
2021-08-27 07:00:00,29.05,30.02,29.05,29.88,900300
2021-08-30 07:00:00,30.11,30.35,29.97,30.11,567600
2021-08-31 07:00:00,30.16,31.23,30.16,30.53,1435800
2021-09-01 07:00:00,30.81,30.9,30.58,30.58,457400
2021-09-06 07:00:00,30.76,31.46,30.76,31.18,992900
2021-09-07 07:00:00,31.18,31.18,30.11,30.11,1041100
2021-09-08 07:00:00,30.11,30.58,29.88,30.16,656300
2021-09-09 07:00:00,30.16,30.44,30.07,30.35,455000
2021-09-10 07:00:00,30.35,30.81,30.21,30.53,478500
2021-09-13 07:00:00,30.53,30.58,30.11,30.11,402900
2021-09-14 07:00:00,30.07,30.53,29.88,30.07,405800
2021-09-15 07:00:00,30.07,30.16,29.88,29.88,456400
2021-09-16 07:00:00,29.88,30.3,29.74,30.11,564000
2021-09-17 07:00:00,30.35,31.64,30.35,31.04,1190300
2021-09-20 07:00:00,31.97,31.97,31.32,31.6,1001200
2021-09-21 07:00:00,31.41,33.77,31.04,33.77,2292000
2021-09-22 07:00:00,33.82,34.56,33.77,33.82,760000
2021-09-23 07:00:00,33.87,34.33,32.89,33.45,469600
2021-09-24 07:00:00,32.99,33.73,32.99,33.12,636100
2021-09-27 07:00:00,33.26,33.26,32.2,32.38,935500
2021-09-28 07:00:00,32.2,33.31,32.11,33.31,417900
2021-09-29 07:00:00,33.36,33.45,32.89,33.22,368700
2021-09-30 07:00:00,33.03,34.75,33.03,34.1,498300
2021-10-01 07:00:00,34.51,35.3,34.14,35.07,615200
2021-10-04 07:00:00,35.53,35.63,35.21,35.3,440200
2021-10-05 07:00:00,35.67,37.29,35.21,37.11,722500
2021-10-06 07:00:00,38.45,38.92,37.34,38.92,854800
2021-10-07 07:00:00,38.5,41.33,38.5,40.77,923300
2021-10-08 07:00:00,41.65,41.65,39.38,39.38,1336200
2021-10-11 07:00:00,39.43,40.31,39.38,39.38,778300
2021-10-12 07:00:00,39.66,41.93,39.56,41.93,867000
2021-10-13 07:00:00,42.21,43.55,42.21,43.27,593700
2021-10-14 07:00:00,44.34,44.34,42.85,43.55,783600
2021-10-15 07:00:00,43.6,44.66,43.32,43.55,511300
2021-10-18 07:00:00,43.6,44.43,43.55,43.78,557600
2021-10-19 07:00:00,43.78,43.92,43.32,43.83,359100
2021-10-20 07:00:00,44.34,44.34,42.67,43.83,826700
2021-10-21 07:00:00,43.78,45.87,43.41,44.52,826300
2021-10-22 07:00:00,45.17,45.17,43.73,43.87,946900
2021-10-25 07:00:00,44.06,45.63,43.78,44.94,623200
2021-10-26 07:00:00,45.17,45.17,44.24,44.52,499900
2021-10-27 07:00:00,44.98,46.33,44.94,46.33,743200
2021-10-28 07:00:00,47.26,48.64,47.26,48.41,452200
2021-10-29 07:00:00,50.73,50.73,48.88,49.39,616700
2021-11-01 07:00:00,50.03,50.27,48.23,49.53,662700
2021-11-02 07:00:00,50.13,50.13,49.11,49.9,939800
2021-11-03 07:00:00,50.03,52.12,46.42,46.42,2004200
2021-11-04 07:00:00,45.87,47.72,44.71,45.96,1178900
2021-11-05 07:00:00,47.21,47.21,45.87,45.96,777200
2021-11-08 07:00:00,45.96,46.79,45.03,45.96,683100
2021-11-09 07:00:00,46.33,49.15,45.96,49.15,973500
2021-11-10 07:00:00,50.59,52.35,50.41,50.59,622300
2021-11-11 07:00:00,51.89,53.28,50.54,52.81,740800
2021-11-12 07:00:00,55.08,55.08,51.42,53.28,393500
2021-11-15 07:00:00,53.28,53.28,49.57,49.57,922400
2021-11-16 07:00:00,48.64,50.03,47.3,48.41,1356500
2021-11-17 07:00:00,48.88,50.5,48.41,50.31,522400
2021-11-18 07:00:00,50.54,50.96,48.64,48.69,481500
2021-11-19 07:00:00,48.74,49.57,45.4,46.33,929500
2021-11-22 07:00:00,46.33,46.98,43.09,43.09,1017400
2021-11-23 07:00:00,40.07,44.43,40.07,44.43,1001600
2021-11-24 07:00:00,46.33,46.33,42.71,43.13,476900
2021-11-25 07:00:00,42.21,44.43,42.21,43.27,739900
2021-11-26 07:00:00,43.92,43.92,41.7,42.39,622400
2021-11-29 07:00:00,41.6,42.39,41.6,41.79,633900
2021-11-30 07:00:00,42.48,43.78,41.7,42.16,433000
2021-12-01 07:00:00,42.16,42.85,42.16,42.39,222700
2021-12-02 07:00:00,42.62,45.36,42.62,45.36,542000
2021-12-03 07:00:00,46.33,48.51,46.19,47.95,1275100
2021-12-06 07:00:00,47.95,47.95,44.61,44.71,513900
2021-12-07 07:00:00,45.4,47.81,44.48,47.81,769400
2021-12-08 07:00:00,49.11,50.5,48.18,48.18,980700
2021-12-09 07:00:00,47.53,50.03,47.53,48.41,277100
2021-12-10 07:00:00,49.11,49.99,48.18,48.6,429200
2021-12-13 07:00:00,48.64,49.57,48.27,49.02,643400
2021-12-14 07:00:00,49.66,49.94,48.64,49.02,412800
2021-12-15 07:00:00,48.74,48.74,46.28,46.79,1007900
2021-12-16 07:00:00,47.3,47.3,45.4,46.84,935500
2021-12-17 07:00:00,47.72,49.34,47.26,48.55,775800
2021-12-20 07:00:00,49.11,49.11,46.79,46.84,515300
2021-12-21 07:00:00,46.28,47.26,45.77,47.07,883000
2021-12-22 07:00:00,46.93,47.49,45.77,45.77,706400
2021-12-23 07:00:00,45.68,45.68,42.62,42.62,1575100
2021-12-24 07:00:00,43.32,43.92,43.09,43.09,652600
2021-12-27 07:00:00,43.13,44.71,42.9,43.09,327700
2021-12-28 07:00:00,43.92,44.38,43.09,43.92,448100
2021-12-29 07:00:00,44.1,44.38,43.09,43.13,233400
2021-12-30 07:00:00,43.36,44.29,43.18,43.97,354600
2021-12-31 07:00:00,43.97,44.24,43.46,44.01,265500
2022-01-04 07:00:00,44.48,46.79,44.43,46.51,708800
2022-01-05 07:00:00,48.88,49.06,46.93,47.26,555300
2022-01-06 07:00:00,48.14,49.15,47.21,47.72,1006900
2022-01-07 07:00:00,48.18,48.18,46.33,47.67,736500
2022-01-10 07:00:00,47.95,48.18,45.17,45.17,1028400
2022-01-11 07:00:00,44.94,47.26,44.48,46.1,622300
2022-01-12 07:00:00,46.1,46.14,42.95,44.01,741800
2022-01-13 07:00:00,44.94,45.77,44.01,44.01,699500
2022-01-14 07:00:00,43.78,44.94,43.18,44.43,376800
2022-01-17 07:00:00,45.17,45.17,41.33,41.33,707700
2022-01-18 07:00:00,39.43,41.0,38.45,38.45,1071000
2022-01-19 07:00:00,35.81,37.06,35.77,35.77,1435000
2022-01-20 07:00:00,34.28,38.27,34.28,38.27,689100
2022-01-21 07:00:00,40.91,40.91,40.03,40.91,627200
2022-01-24 07:00:00,40.58,41.09,38.08,38.08,609900
2022-01-25 07:00:00,36.83,39.15,36.83,38.73,548100
2022-01-26 07:00:00,38.92,39.24,36.97,36.97,401600
2022-01-27 07:00:00,37.43,37.43,35.21,36.37,415300
2022-01-28 07:00:00,36.46,37.06,35.53,36.6,382200
2022-02-07 07:00:00,37.53,38.22,36.83,37.06,334700
2022-02-08 07:00:00,37.11,37.2,34.47,34.47,849800
2022-02-09 07:00:00,33.36,36.88,32.43,36.6,885200
2022-02-10 07:00:00,37.48,37.94,36.09,36.69,415200
2022-02-11 07:00:00,36.09,36.51,35.67,36.37,295500
2022-02-14 07:00:00,35.67,36.83,35.21,36.04,551600
2022-02-15 07:00:00,36.04,37.02,35.67,36.46,482600
2022-02-16 07:00:00,37.06,37.76,36.83,37.67,794000
2022-02-17 07:00:00,38.22,38.22,37.06,37.43,487600
2022-02-18 07:00:00,37.29,37.99,37.06,37.94,466000
2022-02-21 07:00:00,37.94,40.58,37.76,40.58,833400
2022-02-22 07:00:00,39.43,43.04,39.38,41.65,1244400
2022-02-23 07:00:00,41.65,42.48,41.6,42.07,468300
2022-02-24 07:00:00,42.07,42.11,39.15,41.23,1147200
2022-02-25 07:00:00,41.79,41.79,40.77,40.77,482500
2022-02-28 07:00:00,40.31,41.09,39.84,40.72,256500
2022-03-01 07:00:00,40.31,43.55,39.89,43.55,1322400
2022-03-02 07:00:00,44.48,44.48,43.32,43.83,782700
2022-03-03 07:00:00,44.15,44.85,43.87,44.34,476500
2022-03-04 07:00:00,44.29,46.33,43.92,45.68,708900
2022-03-07 07:00:00,45.4,46.33,44.94,45.68,474300
2022-03-08 07:00:00,44.89,45.63,43.55,43.97,848500
2022-03-09 07:00:00,43.13,45.03,42.62,44.01,1035600
2022-03-10 07:00:00,45.17,47.07,44.66,47.07,1456300
2022-03-11 07:00:00,48.14,49.29,46.79,46.79,1017000
2022-03-14 07:00:00,46.79,49.94,46.56,49.11,1323500
2022-03-15 07:00:00,49.57,50.27,48.37,48.69,587400
2022-03-16 07:00:00,49.11,50.45,48.55,48.88,782700
2022-03-17 07:00:00,49.57,49.57,47.58,47.95,648900
2022-03-18 07:00:00,48.18,49.11,47.67,48.0,343100
2022-03-21 07:00:00,48.0,49.15,48.0,48.83,453200
2022-03-22 07:00:00,49.2,50.92,48.83,48.92,1050000
2022-03-23 07:00:00,48.97,49.34,47.95,48.04,699300
2022-03-24 07:00:00,48.18,49.11,47.72,48.74,653100
2022-03-25 07:00:00,48.74,49.48,48.18,48.18,390500
2022-03-28 07:00:00,47.3,48.09,45.31,46.7,1389300
2022-03-29 07:00:00,47.07,48.64,46.88,48.32,551400
2022-03-30 07:00:00,47.95,50.87,47.72,48.41,1082700
2022-03-31 07:00:00,48.41,49.29,47.72,47.72,494100
2022-04-01 07:00:00,47.76,48.0,47.26,47.26,514800
2022-04-04 07:00:00,47.67,49.57,46.79,47.95,754500
2022-04-05 07:00:00,47.95,49.48,47.76,48.64,597200
2022-04-06 07:00:00,48.23,49.57,47.21,47.72,819400
2022-04-07 07:00:00,47.72,47.72,46.79,47.67,931200
2022-04-08 07:00:00,47.35,48.14,46.65,46.88,636000
2022-04-12 07:00:00,46.33,46.93,43.64,43.64,995800
2022-04-13 07:00:00,43.55,44.34,41.46,44.06,777900
2022-04-14 07:00:00,44.94,44.94,42.81,43.6,379200
2022-04-15 07:00:00,43.46,43.78,42.25,42.25,406200
2022-04-18 07:00:00,42.11,42.81,39.84,40.26,788200
2022-04-19 07:00:00,40.31,41.56,39.38,40.07,559900
2022-04-20 07:00:00,39.43,40.72,37.34,37.34,526100
2022-04-21 07:00:00,35.67,37.02,34.75,34.75,1458200
2022-04-22 07:00:00,34.75,35.44,32.34,32.34,1272700
2022-04-25 07:00:00,32.38,32.43,30.11,30.11,1397500
2022-04-26 07:00:00,28.03,32.2,28.03,32.2,3007800
2022-04-27 07:00:00,32.2,34.42,31.04,34.28,765200
2022-04-28 07:00:00,33.82,34.51,32.43,32.48,759000
2022-04-29 07:00:00,31.83,34.51,31.74,34.19,821100
2022-05-04 07:00:00,33.87,34.14,32.48,32.8,733700
2022-05-05 07:00:00,33.36,33.36,30.53,31.04,1204200
2022-05-06 07:00:00,29.65,30.99,28.91,28.91,834300
2022-05-09 07:00:00,27.29,27.75,26.92,26.92,970800
2022-05-10 07:00:00,25.06,25.9,25.06,25.06,3449900
2022-05-11 07:00:00,26.18,26.78,25.48,26.78,1042600
2022-05-12 07:00:00,27.43,28.49,24.92,24.92,1371800
2022-05-13 07:00:00,24.92,25.43,23.21,23.21,2006600
2022-05-16 07:00:00,24.09,24.83,23.07,23.26,1639800
2022-05-17 07:00:00,23.21,24.88,23.16,24.88,925400
2022-05-18 07:00:00,25.48,26.59,25.48,25.76,1283500
2022-05-19 07:00:00,25.2,26.27,24.74,25.99,1079700
2022-05-20 07:00:00,26.18,27.57,25.99,27.24,808700
2022-05-23 07:00:00,27.8,27.8,25.34,25.34,1601300
2022-05-24 07:00:00,25.48,26.87,24.55,26.87,1171500
2022-05-25 07:00:00,26.96,28.49,26.78,28.21,1204500
2022-05-26 07:00:00,28.26,29.42,28.08,28.86,1032800
2022-05-27 07:00:00,29.09,29.42,28.72,28.96,911200
2022-05-30 07:00:00,29.19,29.42,28.63,28.96,883000
2022-05-31 07:00:00,28.72,29.0,28.03,28.26,1031200
2022-06-01 07:00:00,28.26,28.72,27.47,28.26,755700
2022-06-02 07:00:00,28.26,28.91,27.57,27.57,735200
2022-06-03 07:00:00,27.57,27.89,26.92,27.89,668200
2022-06-06 07:00:00,28.17,28.21,26.41,26.41,626800
2022-06-07 07:00:00,25.94,27.1,24.79,26.04,1118500
2022-06-08 07:00:00,26.5,27.84,26.22,27.84,778400
2022-06-09 07:00:00,28.03,28.96,27.89,28.26,514200
2022-06-10 07:00:00,27.94,28.49,27.33,27.47,516600
2022-06-13 07:00:00,25.94,26.73,25.57,25.57,1199600
2022-06-14 07:00:00,24.37,25.85,24.37,24.69,778500
2022-06-15 07:00:00,24.74,25.02,22.98,22.98,1827300
2022-06-16 07:00:00,24.55,24.55,21.38,21.38,1193500
2022-06-17 07:00:00,20.06,20.85,19.9,19.9,2415200
2022-06-20 07:00:00,19.69,20.15,18.51,18.51,2112000
2022-06-21 07:00:00,18.25,19.7,17.23,17.23,2118900
2022-06-22 07:00:00,17.26,18.42,16.92,18.42,1903400
2022-06-23 07:00:00,19.12,19.7,18.83,19.7,1178500
2022-06-24 07:00:00,20.04,21.06,19.84,21.06,1846200
2022-06-27 07:00:00,20.85,22.19,20.68,21.72,1827100
2022-06-28 07:00:00,21.72,22.53,21.14,21.9,1555000
2022-06-29 07:00:00,21.9,22.42,21.2,22.22,1450800
2022-06-30 07:00:00,22.24,22.36,21.2,21.43,1156800
2022-07-01 07:00:00,21.26,22.53,19.96,21.61,1731500
2022-07-04 07:00:00,21.84,22.07,20.97,21.26,600400
2022-07-05 07:00:00,21.55,21.55,20.16,20.54,539000
2022-07-06 07:00:00,19.99,21.14,19.7,19.81,1097300
2022-07-07 07:00:00,20.16,20.36,19.72,19.93,642200
2022-07-08 07:00:00,20.3,21.32,20.28,21.32,798700
2022-07-11 07:00:00,21.55,22.53,21.32,22.07,2269700
2022-07-12 07:00:00,22.19,23.61,22.07,23.61,1434100
2022-07-13 07:00:00,23.92,24.59,23.58,24.07,1801400
2022-07-14 07:00:00,23.98,24.5,23.66,24.04,1519300
2022-07-15 07:00:00,24.56,24.94,24.19,24.21,1383300
2022-07-18 07:00:00,24.36,24.74,23.06,23.66,1944700
2022-07-19 07:00:00,23.63,24.27,23.08,23.92,1690300
2022-07-20 07:00:00,24.62,25.58,24.1,25.58,1793400
2022-07-21 07:00:00,25.63,26.53,25.29,25.29,1886000
2022-07-22 07:00:00,25.08,25.37,24.91,24.97,1251900
2022-07-25 07:00:00,24.5,25.2,24.13,24.79,1642000
2022-07-26 07:00:00,24.65,25.29,24.65,24.76,762100
2022-07-27 07:00:00,24.59,26.36,24.39,26.36,1921400
2022-07-28 07:00:00,26.94,27.98,26.68,26.82,2553800
2022-07-29 07:00:00,26.85,26.94,26.47,26.94,1305100
2022-08-01 07:00:00,27.11,27.78,26.85,27.14,1664600
2022-08-02 07:00:00,27.14,27.49,27.05,27.11,1473600
2022-08-03 07:00:00,27.17,28.1,26.65,27.98,1659700
2022-08-04 07:00:00,28.39,28.39,27.37,27.57,1526100
2022-08-05 07:00:00,27.52,28.96,27.31,28.47,1453700
2022-08-08 07:00:00,28.56,28.91,27.86,28.04,1361800
2022-08-09 07:00:00,27.86,28.47,27.83,28.15,1171800
2022-08-10 07:00:00,28.15,28.85,27.92,28.5,1219500
2022-08-11 07:00:00,28.76,28.91,27.17,27.34,2124800
2022-08-12 07:00:00,27.4,27.66,27.23,27.4,1489300
2022-08-15 07:00:00,27.72,28.5,27.34,28.21,1415900
2022-08-16 07:00:00,28.27,28.67,27.98,28.33,795100
2022-08-17 07:00:00,28.5,30.3,28.44,30.3,4701500
2022-08-18 07:00:00,30.3,30.99,29.95,30.18,2243900
2022-08-19 07:00:00,30.18,31.74,30.18,30.82,2165500
2022-08-22 07:00:00,30.76,31.74,30.18,31.17,2600300
2022-08-23 07:00:00,30.76,31.74,30.59,31.69,1636900
2022-08-24 07:00:00,31.8,32.03,31.28,31.28,1778100
2022-08-25 07:00:00,31.4,31.86,30.7,31.22,1700100
2022-08-26 07:00:00,31.28,31.8,30.7,30.82,1881300
2022-08-29 07:00:00,30.18,31.69,29.25,31.69,4204100
2022-08-30 07:00:00,32.03,32.61,31.57,31.69,1458800
2022-08-31 07:00:00,31.28,31.98,31.11,31.57,1208900
2022-09-05 07:00:00,31.57,32.67,31.28,32.44,2577000
2022-09-06 07:00:00,32.44,32.9,32.15,32.38,951500
2022-09-07 07:00:00,32.44,32.44,30.12,30.12,3356500
2022-09-08 07:00:00,30.18,30.41,28.04,28.04,4416600
2022-09-09 07:00:00,28.04,29.49,26.33,29.49,3837900
2022-09-12 07:00:00,29.54,29.83,28.67,28.67,1091200
2022-09-13 07:00:00,28.7,28.96,27.92,28.76,1320300
2022-09-14 07:00:00,28.33,29.43,27.98,29.02,1492900
2022-09-15 07:00:00,29.14,29.37,28.79,28.96,832900
2022-09-16 07:00:00,28.96,28.96,27.28,27.28,1305300
2022-09-19 07:00:00,26.94,27.17,25.4,25.4,3226600
2022-09-20 07:00:00,25.92,25.92,23.87,25.4,1919100
2022-09-21 07:00:00,24.97,25.78,24.97,25.23,608100
2022-09-22 07:00:00,24.74,25.87,24.45,25.49,1186600
2022-09-23 07:00:00,25.49,25.78,24.56,24.56,933700
2022-09-26 07:00:00,23.11,24.27,22.85,22.85,1954300
2022-09-27 07:00:00,22.94,23.17,21.9,22.01,1870500
2022-09-28 07:00:00,21.96,23.55,21.55,23.55,3040100
2022-09-29 07:00:00,24.27,24.27,21.93,21.93,1443000
2022-09-30 07:00:00,22.13,23.43,20.85,23.43,2671000
2022-10-03 07:00:00,23.2,24.04,22.3,22.36,1805300
2022-10-04 07:00:00,23.11,23.63,22.22,23.14,2553400
2022-10-05 07:00:00,23.98,24.74,23.72,24.74,1437600
2022-10-06 07:00:00,25.03,25.78,23.72,23.72,3543500
2022-10-07 07:00:00,23.17,25.37,22.88,24.62,3303300
2022-10-10 07:00:00,24.33,25.2,24.04,24.33,2259400
2022-10-11 07:00:00,24.21,24.56,22.65,22.65,1851100
2022-10-12 07:00:00,21.09,22.94,21.09,21.09,5796400
2022-10-13 07:00:00,21.09,21.93,19.75,19.81,2918800
2022-10-14 07:00:00,20.39,21.17,19.7,21.17,2506300
2022-10-17 07:00:00,21.43,21.78,20.74,21.23,1495700
2022-10-18 07:00:00,21.55,22.59,21.23,21.49,2089500
2022-10-19 07:00:00,21.43,21.84,20.85,20.85,1405300
2022-10-20 07:00:00,20.68,21.14,19.9,19.99,1830300
2022-10-21 07:00:00,20.16,20.16,18.6,18.6,2823700
2022-10-24 07:00:00,17.84,18.48,17.32,17.32,1499300
2022-10-25 07:00:00,16.13,17.32,16.13,16.13,4980200
2022-10-26 07:00:00,15.24,16.1,15.03,15.12,7326200
2022-10-27 07:00:00,15.06,16.16,15.06,16.16,1822400
2022-10-28 07:00:00,16.57,17.29,16.28,16.34,2952100
2022-10-31 07:00:00,16.39,16.51,15.24,16.34,2407400
2022-11-01 07:00:00,16.51,17.47,16.45,17.47,2406300
2022-11-02 07:00:00,17.76,18.68,17.49,18.65,4319100
2022-11-03 07:00:00,17.96,19.75,17.96,19.58,4123900
2022-11-04 07:00:00,19.26,19.52,18.22,18.54,4658500
2022-11-07 07:00:00,18.25,18.39,17.26,17.26,3919400
2022-11-08 07:00:00,16.16,17.78,16.16,16.94,1325600
2022-11-09 07:00:00,17.41,18.1,17.38,18.1,1735400
2022-11-10 07:00:00,17.93,19.12,17.09,17.67,5055000
2022-11-11 07:00:00,18.13,18.45,17.2,17.84,3074400
2022-11-14 07:00:00,16.74,18.04,16.6,17.7,2771200
2022-11-15 07:00:00,17.64,17.64,16.48,16.48,2122900
2022-11-16 07:00:00,15.35,17.61,15.35,17.61,6356900
2022-11-17 07:00:00,18.07,18.48,17.61,17.87,2990200
2022-11-18 07:00:00,17.41,19.12,17.38,19.12,3518700
2022-11-21 07:00:00,19.81,19.81,19.12,19.26,1366600
2022-11-22 07:00:00,19.12,20.59,18.83,18.83,2842900
2022-11-23 07:00:00,18.31,19.17,18.02,18.02,1336200
2022-11-24 07:00:00,18.04,18.91,17.41,18.88,1181100
2022-11-25 07:00:00,19.41,20.16,19.2,20.16,1289400
2022-11-28 07:00:00,20.8,21.12,19.12,19.99,1947100
2022-11-29 07:00:00,20.16,21.38,19.61,21.38,2347300
2022-11-30 07:00:00,21.72,22.01,20.85,21.43,1838700
2022-12-01 07:00:00,22.01,22.56,20.3,20.74,2378000
2022-12-02 07:00:00,20.45,22.19,20.22,22.19,1697500
2022-12-05 07:00:00,22.59,22.59,20.91,20.91,1755300
2022-12-06 07:00:00,20.51,21.14,19.46,19.46,3571300
2022-12-07 07:00:00,19.35,19.41,18.1,18.1,1717300
2022-12-08 07:00:00,18.28,19.35,18.28,19.35,1299700
2022-12-09 07:00:00,19.7,19.96,18.86,19.12,763900
2022-12-12 07:00:00,19.41,20.28,18.25,18.25,856800
2022-12-13 07:00:00,18.31,19.15,18.02,19.12,865700
2022-12-14 07:00:00,19.44,19.93,19.15,19.75,566300
2022-12-15 07:00:00,19.81,20.62,19.81,20.62,1628900
2022-12-16 07:00:00,20.62,20.8,20.16,20.48,704900
2022-12-19 07:00:00,20.8,20.8,19.06,19.06,1626800
2022-12-20 07:00:00,18.83,19.23,17.84,18.54,1533200
2022-12-21 07:00:00,18.6,18.8,17.26,17.29,954700
2022-12-22 07:00:00,17.73,17.73,16.8,17.32,654200
2022-12-23 07:00:00,17.26,18.07,17.15,17.67,577000
2022-12-26 07:00:00,17.67,17.73,16.45,16.45,778800
2022-12-27 07:00:00,16.22,17.26,16.1,17.26,590600
2022-12-28 07:00:00,17.44,17.55,17.12,17.49,313400
2022-12-29 07:00:00,17.47,17.96,17.12,17.12,376100
2022-12-30 07:00:00,17.35,17.38,16.74,16.74,181400
2023-01-03 07:00:00,17.09,17.9,16.8,17.9,713000
2023-01-04 07:00:00,18.42,18.42,17.84,17.9,457400
2023-01-05 07:00:00,17.9,17.96,17.49,17.84,333100
2023-01-06 07:00:00,18.42,19.0,17.96,18.42,1415300
2023-01-09 07:00:00,18.54,18.65,17.96,18.25,374700
2023-01-10 07:00:00,18.39,18.39,17.67,17.84,359900
2023-01-11 07:00:00,17.84,18.25,17.67,17.76,426200
2023-01-12 07:00:00,17.93,18.04,17.38,17.96,514000
2023-01-13 07:00:00,17.96,18.07,17.61,17.61,447300
2023-01-16 07:00:00,17.64,17.84,17.18,17.26,420100
2023-01-17 07:00:00,17.15,18.02,17.15,17.78,598900
2023-01-18 07:00:00,17.84,18.54,17.84,18.33,832500
2023-01-19 07:00:00,18.45,18.57,18.19,18.36,706300
2023-01-27 07:00:00,18.54,18.65,18.07,18.07,767300
2023-01-30 07:00:00,18.19,19.32,17.93,19.32,2329800
2023-01-31 07:00:00,19.64,19.99,19.06,19.81,2453600
2023-02-01 07:00:00,19.99,19.99,18.45,18.45,2578800
2023-02-02 07:00:00,18.54,18.71,17.61,17.78,1198400
2023-02-03 07:00:00,17.84,18.19,17.67,17.73,734200
2023-02-06 07:00:00,17.73,18.25,17.67,18.07,476100
2023-02-07 07:00:00,18.1,18.31,17.44,17.47,699200
2023-02-08 07:00:00,17.47,17.73,16.77,17.47,942000
2023-02-09 07:00:00,17.47,17.52,17.03,17.03,367600
2023-02-10 07:00:00,17.03,17.29,16.74,16.89,581100
2023-02-13 07:00:00,16.68,16.68,15.81,15.87,1224100
2023-02-14 07:00:00,16.19,16.86,15.87,16.86,836200
2023-02-15 07:00:00,16.8,17.55,16.63,17.29,726900
2023-02-16 07:00:00,17.32,17.49,17.18,17.49,404700
2023-02-17 07:00:00,17.32,18.07,17.32,17.35,481400
2023-02-20 07:00:00,17.15,18.25,17.15,18.25,1397000
2023-02-21 07:00:00,18.42,18.71,17.9,17.9,1013200
2023-02-22 07:00:00,17.67,17.84,17.09,17.09,943600
2023-02-23 07:00:00,17.03,17.67,16.92,17.67,993600
2023-02-24 07:00:00,17.81,17.81,17.32,17.41,340700
2023-02-27 07:00:00,17.03,17.61,16.97,17.29,935000
2023-02-28 07:00:00,17.38,17.64,17.29,17.44,465400
2023-03-01 07:00:00,17.35,17.61,17.03,17.58,680300
2023-03-02 07:00:00,17.64,17.78,17.44,17.55,529400
2023-03-03 07:00:00,17.61,17.61,17.09,17.15,478400
2023-03-06 07:00:00,17.61,18.07,17.29,17.29,1128800
2023-03-07 07:00:00,17.52,17.7,17.26,17.7,837800
2023-03-08 07:00:00,17.67,17.96,17.38,17.7,875100
2023-03-09 07:00:00,17.84,18.6,17.78,18.42,1499800
2023-03-10 07:00:00,18.19,18.42,17.99,18.07,1054400
2023-03-13 07:00:00,17.9,18.36,17.9,18.02,779100
2023-03-14 07:00:00,18.02,18.02,17.09,17.29,1465000
2023-03-15 07:00:00,17.67,18.22,17.55,18.04,725900
2023-03-16 07:00:00,17.55,17.87,17.55,17.58,492100
2023-03-17 07:00:00,17.84,17.87,17.52,17.55,553000
2023-03-20 07:00:00,17.55,17.73,17.32,17.32,986000
2023-03-21 07:00:00,17.38,17.61,17.32,17.55,736600
2023-03-22 07:00:00,17.7,18.19,17.61,17.87,896200
2023-03-23 07:00:00,17.55,18.13,17.55,18.02,457400
2023-03-24 07:00:00,18.16,18.22,17.96,18.02,701600
2023-03-27 07:00:00,18.1,18.22,18.02,18.1,489500
2023-03-28 07:00:00,18.25,18.54,17.96,17.96,1317500
2023-03-29 07:00:00,18.02,18.13,17.93,17.99,387000
2023-03-30 07:00:00,18.19,18.28,17.96,17.96,611700
2023-03-31 07:00:00,18.04,18.8,17.9,18.57,1187700
2023-04-03 07:00:00,19.12,19.64,18.91,19.17,2434200
2023-04-04 07:00:00,19.41,19.46,18.94,19.38,1490900
2023-04-05 07:00:00,19.44,19.58,19.06,19.41,1220700
2023-04-06 07:00:00,19.44,20.13,18.54,18.77,1793000
2023-04-07 07:00:00,18.83,19.09,18.36,18.94,895800
2023-04-10 07:00:00,19.29,19.41,18.36,18.54,1344800
2023-04-11 07:00:00,18.39,18.83,18.19,18.83,862000
2023-04-12 07:00:00,19.06,20.13,18.83,20.13,3173200
2023-04-13 07:00:00,20.42,20.71,20.1,20.19,1899700
2023-04-14 07:00:00,20.19,20.22,18.8,18.8,2557300
2023-04-17 07:00:00,18.8,19.17,18.54,19.06,1420500
2023-04-18 07:00:00,19.06,19.7,18.94,19.44,1070000
2023-04-19 07:00:00,19.52,19.58,18.83,18.86,883200
2023-04-20 07:00:00,19.09,19.29,18.88,19.12,590400
2023-04-21 07:00:00,19.38,19.38,18.86,18.94,750800
2023-04-24 07:00:00,18.65,19.29,18.6,18.94,862600
2023-04-25 07:00:00,19.23,19.52,18.88,19.23,1119500
2023-04-26 07:00:00,19.06,19.81,19.06,19.81,1148900
2023-04-27 07:00:00,19.93,20.28,19.87,19.96,1587500
2023-04-28 07:00:00,20.1,20.56,19.81,20.25,1820200
2023-05-04 07:00:00,19.96,20.45,19.75,19.84,1170800
2023-05-05 07:00:00,19.84,20.07,19.46,19.7,1419900
2023-05-08 07:00:00,19.84,20.36,19.7,20.22,1184100
2023-05-09 07:00:00,20.3,20.3,19.87,20.04,510200
2023-05-10 07:00:00,20.22,20.68,20.07,20.3,1417900
2023-05-11 07:00:00,20.48,20.77,20.19,20.36,925500
2023-05-12 07:00:00,20.39,20.42,19.96,20.19,1184900
2023-05-15 07:00:00,20.28,20.97,20.28,20.56,1595100
2023-05-16 07:00:00,20.56,20.62,20.19,20.28,822400
2023-05-17 07:00:00,20.28,20.48,19.7,19.72,913100
2023-05-18 07:00:00,19.93,20.04,19.58,19.58,799400
2023-05-19 07:00:00,19.64,19.96,19.41,19.96,979700
2023-05-22 07:00:00,20.04,20.3,19.93,20.22,774700
2023-05-23 07:00:00,20.25,20.25,19.81,19.87,794200
2023-05-24 07:00:00,19.93,20.16,19.84,19.87,881100
2023-05-25 07:00:00,19.61,20.04,19.58,19.87,685600
2023-05-26 07:00:00,20.16,20.56,19.99,20.16,1402600
2023-05-29 07:00:00,20.56,20.56,20.22,20.33,804300
2023-05-30 07:00:00,20.54,21.38,20.54,20.97,2024200
2023-05-31 07:00:00,21.09,21.55,20.88,21.2,1471100
2023-06-01 07:00:00,21.2,21.49,21.12,21.17,888700
2023-06-02 07:00:00,21.4,21.46,20.91,21.0,977600
2023-06-05 07:00:00,21.14,21.17,20.51,20.68,1332300
2023-06-06 07:00:00,20.68,21.14,20.42,20.97,1124100
2023-06-07 07:00:00,21.2,21.4,20.85,21.09,1074800
2023-06-08 07:00:00,21.2,21.69,21.03,21.03,1425000
2023-06-09 07:00:00,21.03,21.61,20.88,21.43,1205200
2023-06-12 07:00:00,21.49,21.52,21.06,21.35,664600
2023-06-13 07:00:00,21.35,21.72,21.2,21.23,786600
2023-06-14 07:00:00,21.26,21.4,20.85,20.85,1374300
2023-06-15 07:00:00,20.94,20.97,20.62,20.68,866700
2023-06-16 07:00:00,21.08,21.95,21.01,21.37,1021100
2023-06-19 07:00:00,21.4,21.66,21.04,21.08,529800
2023-06-20 07:00:00,21.22,21.44,21.01,21.44,712400
2023-06-21 07:00:00,21.73,21.73,21.37,21.55,543500
2023-06-22 07:00:00,21.73,22.2,21.73,21.91,1433800
2023-06-23 07:00:00,21.91,21.95,21.66,21.69,1045600
2023-06-26 07:00:00,21.69,21.69,21.01,21.19,1544400
2023-06-27 07:00:00,21.22,21.44,21.15,21.15,559400
2023-06-28 07:00:00,21.3,21.44,21.08,21.08,594900
2023-06-29 07:00:00,21.08,21.08,20.61,20.61,804200
2023-06-30 07:00:00,20.61,20.64,20.25,20.28,859400
2023-07-03 07:00:00,20.5,20.79,20.06,20.79,515500
2023-07-04 07:00:00,20.64,20.93,20.5,20.83,459500
2023-07-05 07:00:00,21.08,21.08,20.72,20.72,770000
2023-07-06 07:00:00,20.64,20.72,20.28,20.5,367200
2023-07-07 07:00:00,20.28,20.61,20.06,20.57,558900
2023-07-10 07:00:00,20.61,21.01,20.57,21.01,854000
2023-07-11 07:00:00,21.15,21.22,20.86,20.93,998900
2023-07-12 07:00:00,20.93,21.15,20.68,21.15,756100
2023-07-13 07:00:00,21.44,22.6,21.4,22.6,4170600
2023-07-14 07:00:00,22.89,24.16,22.82,24.16,3108700
2023-07-17 07:00:00,24.12,25.35,23.98,24.81,2394800
2023-07-18 07:00:00,24.74,26.51,24.34,26.51,3249400
2023-07-19 07:00:00,27.09,27.49,26.08,26.44,2146100
2023-07-20 07:00:00,26.44,28.29,26.15,28.21,2773500
2023-07-21 07:00:00,28.21,28.83,27.71,28.14,2117400
2023-07-24 07:00:00,28.25,28.72,27.56,28.21,2845100
2023-07-25 07:00:00,28.4,28.87,27.85,28.32,2955800
2023-07-26 07:00:00,28.11,28.68,28.03,28.14,2682700
2023-07-27 07:00:00,28.07,29.95,27.89,28.54,12732900
2023-07-28 07:00:00,28.5,28.54,27.89,27.96,4830300
2023-07-31 07:00:00,27.74,27.96,26.51,26.77,9712700
2023-08-01 07:00:00,27.09,28.0,26.8,26.8,6743800
2023-08-02 07:00:00,27.02,27.38,26.84,26.95,4836600
2023-08-03 07:00:00,26.95,27.63,26.69,26.8,8506900
2023-08-04 07:00:00,27.16,27.42,26.77,27.31,7419700
2023-08-07 07:00:00,27.63,28.07,26.58,26.66,12712300
2023-08-08 07:00:00,26.66,26.87,25.79,25.79,12278100
2023-08-09 07:00:00,25.57,26.66,25.43,26.15,6369400
2023-08-10 07:00:00,26.33,26.55,25.93,26.11,4533100
2023-08-11 07:00:00,26.11,26.73,25.71,26.73,5675700
2023-08-14 07:00:00,27.16,27.82,26.8,27.24,7980100
2023-08-15 07:00:00,27.53,27.53,26.8,26.8,4775600
2023-08-16 07:00:00,26.8,27.24,26.58,27.02,4435200
2023-08-17 07:00:00,27.02,27.38,26.51,26.51,4742300
2023-08-18 07:00:00,26.29,26.4,24.66,24.66,7044600
2023-08-21 07:00:00,24.12,24.52,23.25,23.47,4962600
2023-08-22 07:00:00,23.54,24.05,22.46,23.98,4635600
2023-08-23 07:00:00,24.12,24.34,23.54,23.54,2452500
2023-08-24 07:00:00,23.61,24.92,23.61,24.77,4507500
2023-08-25 07:00:00,24.77,24.81,24.27,24.34,3409200
2023-08-28 07:00:00,24.63,25.21,24.37,24.85,2726000
2023-08-29 07:00:00,24.99,26.04,24.99,25.5,5695200
2023-08-30 07:00:00,25.53,26.44,25.46,26.22,5032700
2023-08-31 07:00:00,26.44,26.51,26.04,26.29,3480100
2023-09-05 07:00:00,26.73,26.73,26.11,26.22,3502200
2023-09-06 07:00:00,26.22,27.53,25.82,27.53,8293400
2023-09-07 07:00:00,27.56,27.89,26.8,27.16,5583700
2023-09-08 07:00:00,27.02,27.82,26.98,27.38,4247200
2023-09-11 07:00:00,27.53,27.6,25.86,25.86,6323800
2023-09-12 07:00:00,25.86,26.95,25.71,26.95,3516000
2023-09-13 07:00:00,27.24,27.85,26.44,26.8,6033100
2023-09-14 07:00:00,26.8,26.8,25.9,25.9,4764500
2023-09-15 07:00:00,25.93,26.26,25.43,25.75,3393700
2023-09-18 07:00:00,25.71,25.75,24.63,24.81,3649500
2023-09-19 07:00:00,24.99,25.1,24.05,24.27,3566000
2023-09-20 07:00:00,24.59,25.93,24.41,25.93,2674900
2023-09-21 07:00:00,26.0,26.51,25.61,25.71,2856100
2023-09-22 07:00:00,24.66,25.35,23.94,24.27,4121100
2023-09-25 07:00:00,24.23,24.63,22.6,22.6,3365000
2023-09-26 07:00:00,22.17,23.47,21.51,21.51,3038200
2023-09-27 07:00:00,21.51,23.0,21.15,23.0,2877700
2023-09-28 07:00:00,22.82,22.96,22.27,22.53,1733500
2023-09-29 07:00:00,22.89,23.11,22.31,22.31,1650500
2023-10-02 07:00:00,22.31,22.82,22.31,22.46,949300
2023-10-03 07:00:00,22.13,22.24,20.9,20.9,4475000
2023-10-04 07:00:00,20.64,22.13,20.57,21.66,3071500
2023-10-05 07:00:00,21.8,22.02,21.22,21.62,1857200
2023-10-06 07:00:00,21.62,22.46,21.59,22.46,2238100
2023-10-09 07:00:00,22.46,22.78,22.17,22.64,1441000
2023-10-10 07:00:00,22.82,22.96,22.02,22.02,2417300
2023-10-11 07:00:00,22.09,22.38,21.62,22.38,1796400
2023-10-12 07:00:00,22.67,23.14,22.46,22.71,3085000
2023-10-13 07:00:00,22.17,23.25,22.02,23.11,2514400
2023-10-16 07:00:00,23.18,23.43,22.53,22.53,2357900
2023-10-17 07:00:00,22.56,23.03,21.51,21.51,2238700
2023-10-18 07:00:00,21.73,21.91,20.03,20.32,4074300
2023-10-19 07:00:00,20.35,21.3,20.35,20.64,3177000
2023-10-20 07:00:00,20.83,22.06,20.64,22.06,2536500
2023-10-23 07:00:00,21.8,22.64,21.8,22.24,2890000
2023-10-24 07:00:00,22.46,22.96,22.02,22.96,1744000
2023-10-25 07:00:00,23.03,23.22,22.17,22.46,1900000
2023-10-26 07:00:00,22.09,22.09,20.9,21.66,5504300
2023-10-27 07:00:00,21.73,22.93,21.51,22.82,2076800
2023-10-30 07:00:00,22.78,23.14,22.27,22.27,1957200
2023-10-31 07:00:00,22.53,22.89,21.33,21.51,2288300
2023-11-01 07:00:00,21.73,22.09,21.3,22.09,2178500
2023-11-02 07:00:00,22.42,23.61,22.24,23.61,3722100
2023-11-03 07:00:00,23.83,23.87,23.18,23.54,2536900
2023-11-06 07:00:00,23.83,23.83,23.22,23.69,2689600
2023-11-07 07:00:00,23.4,24.05,23.32,23.4,2026200
2023-11-08 07:00:00,23.4,25.03,23.36,25.03,5252500
2023-11-09 07:00:00,25.06,25.64,24.77,24.77,7016600
2023-11-10 07:00:00,24.63,25.39,24.48,24.48,5487400
2023-11-13 07:00:00,24.56,25.1,24.05,24.59,3392100
2023-11-14 07:00:00,24.99,25.35,24.52,24.77,2535200
2023-11-15 07:00:00,25.39,25.39,24.45,24.48,3432300
2023-11-16 07:00:00,24.48,25.5,24.27,25.5,4914100
2023-11-17 07:00:00,25.57,25.61,24.48,24.7,5598400
2023-11-20 07:00:00,24.09,24.88,24.09,24.63,3003500
2023-11-21 07:00:00,24.88,25.06,24.74,24.99,3573000
2023-11-22 07:00:00,24.99,26.37,24.66,26.37,13991500
2023-11-23 07:00:00,26.48,26.58,24.56,24.56,5158500
2023-11-24 07:00:00,24.92,24.92,23.32,24.63,6903800
2023-11-27 07:00:00,24.63,24.88,23.9,23.9,2988600
2023-11-28 07:00:00,23.83,24.01,23.07,23.69,3815100
2023-11-29 07:00:00,23.9,24.23,23.76,24.05,2457000
2023-11-30 07:00:00,24.12,24.48,23.58,23.58,2856800
2023-12-01 07:00:00,23.8,24.09,23.22,23.87,2289200
2023-12-04 07:00:00,24.19,25.17,24.01,24.77,3952600
2023-12-05 07:00:00,24.88,24.99,24.63,24.77,2746700
2023-12-06 07:00:00,24.74,25.32,24.7,25.21,3237500
2023-12-07 07:00:00,25.5,25.53,23.9,24.41,5650200
2023-12-08 07:00:00,24.59,24.63,23.94,24.16,2337600
2023-12-11 07:00:00,24.34,24.34,23.94,24.05,1631300
2023-12-12 07:00:00,24.05,24.3,24.01,24.12,1334600
2023-12-13 07:00:00,24.27,24.41,23.58,23.58,2144800
2023-12-14 07:00:00,23.87,23.87,23.03,23.03,2738300
2023-12-15 07:00:00,23.03,23.54,22.89,23.11,1885500
2023-12-18 07:00:00,23.11,23.47,22.96,23.03,1071300
2023-12-19 07:00:00,23.32,23.32,22.93,23.32,1222200
2023-12-20 07:00:00,23.36,23.8,23.32,23.32,1010300
2023-12-21 07:00:00,23.32,23.51,23.11,23.4,1095600
2023-12-22 07:00:00,23.4,23.76,23.32,23.4,1530900
2023-12-25 07:00:00,23.4,23.8,23.29,23.69,1560000
2023-12-26 07:00:00,23.8,24.05,23.76,23.87,1621800
2023-12-27 07:00:00,23.9,24.09,23.83,23.87,2215500
2023-12-28 07:00:00,23.83,24.01,23.65,23.65,1542900
2023-12-29 07:00:00,23.76,23.9,23.61,23.65,1897500
2024-01-02 07:00:00,23.87,23.87,23.25,23.29,2304000
2024-01-03 07:00:00,23.29,23.54,23.22,23.51,1316900
2024-01-04 07:00:00,23.54,24.05,23.51,23.65,3240500
2024-01-05 07:00:00,23.65,24.09,23.65,23.83,1924600
2024-01-08 07:00:00,23.94,24.41,23.94,23.98,3094900
2024-01-09 07:00:00,24.12,24.12,23.65,23.65,2041900
2024-01-10 07:00:00,23.58,23.8,23.11,23.22,2750400
2024-01-11 07:00:00,23.32,23.4,23.07,23.11,1535600
2024-01-12 07:00:00,22.82,22.96,22.09,22.24,4822700
2024-01-15 07:00:00,22.67,22.67,21.95,21.95,1353600
2024-01-16 07:00:00,21.95,22.24,21.8,22.24,1198000
2024-01-17 07:00:00,22.46,22.71,22.31,22.49,848500
2024-01-18 07:00:00,22.67,23.03,22.46,22.67,1488400
2024-01-19 07:00:00,22.85,22.85,22.42,22.46,1109100
2024-01-22 07:00:00,22.85,22.85,22.24,22.71,1378700
2024-01-23 07:00:00,22.74,22.74,22.38,22.38,883900
2024-01-24 07:00:00,22.35,22.53,22.2,22.2,1176900
2024-01-25 07:00:00,22.2,22.38,22.17,22.31,524800
2024-01-26 07:00:00,22.42,22.74,22.35,22.46,790600
2024-01-29 07:00:00,22.46,22.6,22.27,22.27,716600
2024-01-30 07:00:00,22.24,22.49,22.24,22.35,552100
2024-01-31 07:00:00,22.38,22.64,22.09,22.38,1891000
2024-02-01 07:00:00,22.38,22.64,22.38,22.53,940400
2024-02-02 07:00:00,22.67,23.22,22.64,22.64,2359100
2024-02-05 07:00:00,22.64,22.67,22.42,22.46,1066300
2024-02-06 07:00:00,22.6,22.64,22.38,22.38,1138400
2024-02-07 07:00:00,22.38,22.53,22.24,22.24,1490400
2024-02-15 07:00:00,22.46,22.49,22.2,22.42,1494300
2024-02-16 07:00:00,22.53,23.03,22.49,22.71,2629400
2024-02-19 07:00:00,22.74,22.82,22.46,22.67,1348300
2024-02-20 07:00:00,22.82,23.32,22.67,23.07,3590900
2024-02-21 07:00:00,23.22,23.32,22.89,22.96,1804600
2024-02-22 07:00:00,22.96,23.11,22.67,22.67,1643600
2024-02-23 07:00:00,22.74,22.82,22.02,22.02,3674200
2024-02-26 07:00:00,22.09,22.27,21.88,22.17,1335400
2024-02-27 07:00:00,22.31,22.56,22.13,22.46,1540600
2024-02-28 07:00:00,22.64,22.64,22.27,22.31,1126800
2024-02-29 07:00:00,22.64,22.64,22.24,22.38,2850500
2024-03-01 07:00:00,22.46,22.53,22.27,22.49,1720500
2024-03-04 07:00:00,22.85,23.4,22.85,23.03,5157900
2024-03-05 07:00:00,23.11,23.11,22.82,22.96,1565300
2024-03-06 07:00:00,23.11,23.14,22.49,22.64,2379800
2024-03-07 07:00:00,22.56,22.67,22.35,22.53,2280600
2024-03-08 07:00:00,22.56,22.82,22.17,22.17,2868500
2024-03-11 07:00:00,22.09,22.46,20.64,21.88,2622000
2024-03-12 07:00:00,21.95,22.02,21.59,21.73,2385800
2024-03-13 07:00:00,21.77,22.24,21.66,22.13,2677300
2024-03-14 07:00:00,22.38,22.67,22.24,22.6,3044400
2024-03-15 07:00:00,22.82,24.16,22.53,24.16,15086400
2024-03-18 07:00:00,24.77,25.5,23.83,24.99,10379000
2024-03-19 07:00:00,25.06,25.21,24.19,24.27,6042500
2024-03-20 07:00:00,24.3,25.14,23.9,24.81,6242500
2024-03-21 07:00:00,25.06,25.5,24.56,25.14,6266400
2024-03-22 07:00:00,25.46,25.53,24.77,25.21,7098600
2024-03-25 07:00:00,25.21,25.71,24.41,24.48,5885900
2024-03-26 07:00:00,24.48,25.14,24.19,24.99,3564700
2024-03-27 07:00:00,25.06,25.71,24.99,25.21,4537800
2024-03-28 07:00:00,25.35,25.43,24.81,24.95,2904200
2024-03-29 07:00:00,25.06,25.75,24.77,25.32,5746200
2024-04-01 07:00:00,25.32,25.79,25.14,25.64,4894600
2024-04-02 07:00:00,25.46,25.75,25.17,25.5,3551700
2024-04-03 07:00:00,25.5,25.75,24.63,24.63,6347600
2024-04-04 07:00:00,24.52,24.99,24.3,24.56,4016600
2024-04-05 07:00:00,24.27,24.81,23.9,23.9,4640500
2024-04-08 07:00:00,23.9,24.05,23.58,23.65,3010900
2024-04-09 07:00:00,23.65,24.05,23.32,24.01,2287700
2024-04-10 07:00:00,24.23,24.23,23.58,23.58,1478200
2024-04-11 07:00:00,23.14,23.8,23.03,23.4,2726900
2024-04-12 07:00:00,23.72,23.87,23.51,23.69,2123400
2024-04-15 07:00:00,23.69,24.05,22.06,22.09,5668800
2024-04-16 07:00:00,22.38,22.64,21.69,22.6,5270300
2024-04-17 07:00:00,22.64,22.74,22.09,22.31,1968900
2024-04-19 07:00:00,21.73,22.02,21.04,21.04,4585200
2024-04-22 07:00:00,21.51,22.31,21.37,22.17,2876700
2024-04-23 07:00:00,22.17,22.24,21.55,21.88,1820600
2024-04-24 07:00:00,22.09,22.89,21.98,22.38,2308300
2024-04-25 07:00:00,22.09,22.31,21.62,22.31,3759000
2024-04-26 07:00:00,22.43,22.74,22.12,22.12,1506300
2024-05-02 07:00:00,22.12,22.35,21.5,21.88,973900
2024-05-03 07:00:00,22.23,22.23,21.69,21.81,988500
2024-05-06 07:00:00,21.88,22.39,21.88,22.39,1293100
2024-05-07 07:00:00,22.5,22.62,22.31,22.35,920100
2024-05-08 07:00:00,22.12,23.05,21.88,22.78,1493000
2024-05-09 07:00:00,22.97,23.05,22.47,22.5,815800
2024-05-10 07:00:00,22.5,22.74,22.23,22.43,782900
2024-05-13 07:00:00,22.47,22.7,22.23,22.47,960900
2024-05-14 07:00:00,22.54,22.7,22.47,22.5,722800
2024-05-15 07:00:00,22.5,22.78,22.47,22.74,900000
2024-05-16 07:00:00,22.97,23.24,22.74,22.78,1532700
2024-05-17 07:00:00,22.74,24.06,22.74,23.86,3336800
2024-05-20 07:00:00,24.06,24.06,23.59,23.9,1640100
2024-05-21 07:00:00,23.94,24.02,23.44,23.82,2431400
2024-05-22 07:00:00,24.06,25.45,24.06,25.45,7620500
2024-05-23 07:00:00,25.69,26.31,25.18,25.45,5702000
2024-05-24 07:00:00,25.45,26.07,23.71,23.98,6908000
2024-05-27 07:00:00,23.94,24.13,23.67,23.82,2872500
2024-05-28 07:00:00,24.06,25.14,23.9,24.99,4071000
2024-05-29 07:00:00,25.22,25.22,24.17,24.25,3094700
2024-05-30 07:00:00,24.06,24.99,23.86,24.99,4177800
2024-05-31 07:00:00,25.22,25.22,24.6,24.6,2784400
2024-06-03 07:00:00,25.14,25.96,24.83,24.99,8148300
2024-06-04 07:00:00,25.14,25.14,24.6,24.64,2993200
2024-06-05 07:00:00,24.72,25.14,24.44,24.44,4480300
2024-06-06 07:00:00,24.68,24.68,24.02,24.06,3105400
2024-06-07 07:00:00,24.21,24.37,23.94,24.06,2247000
2024-06-10 07:00:00,24.17,24.48,23.75,24.29,3569900
2024-06-11 07:00:00,24.52,24.52,23.86,24.06,1613300
2024-06-12 07:00:00,24.06,24.44,23.86,24.44,2360700
2024-06-13 07:00:00,24.64,24.99,24.48,24.72,3379500
2024-06-14 07:00:00,24.75,24.79,23.67,23.67,3239100
2024-06-17 07:00:00,23.67,23.9,23.32,23.36,2412900
2024-06-18 07:00:00,23.4,23.9,23.28,23.36,1578700
2024-06-19 07:00:00,23.36,23.51,23.01,23.13,2038700
2024-06-20 07:00:00,23.36,23.36,22.54,22.74,1671600
2024-06-21 07:00:00,22.74,22.93,22.54,22.54,1719600
2024-06-24 07:00:00,22.5,22.93,21.65,21.73,3264500
2024-06-25 07:00:00,21.88,22.89,21.84,22.78,2406600
2024-06-26 07:00:00,22.93,22.93,22.35,22.81,917100
2024-06-27 07:00:00,22.5,23.13,22.5,22.81,1166500
2024-06-28 07:00:00,22.74,22.81,21.81,22.39,1229800
2024-07-01 07:00:00,22.43,23.05,22.39,22.85,1202500
2024-07-02 07:00:00,23.2,23.2,22.78,23.01,798500
2024-07-03 07:00:00,22.93,23.28,22.89,22.97,1009100
2024-07-04 07:00:00,22.97,23.13,22.89,22.97,1515600
2024-07-05 07:00:00,22.97,23.09,22.74,22.74,1447900
2024-07-08 07:00:00,22.97,22.97,22.5,22.5,1318200
2024-07-09 07:00:00,22.5,22.74,22.5,22.66,1273700
2024-07-10 07:00:00,22.66,23.2,22.66,22.97,1749800
2024-07-11 07:00:00,23.13,24.02,23.13,23.59,3617600
2024-07-12 07:00:00,23.75,23.86,23.24,23.4,1162300
2024-07-15 07:00:00,23.4,23.47,23.01,23.05,1469300
2024-07-16 07:00:00,23.05,23.47,23.01,23.01,1528800
2024-07-17 07:00:00,23.24,23.24,21.65,21.88,3183900
2024-07-18 07:00:00,21.88,22.47,21.81,22.43,1265700
2024-07-19 07:00:00,22.43,22.43,21.92,21.96,1322400
2024-07-22 07:00:00,21.73,22.04,20.99,21.5,1943400
2024-07-23 07:00:00,21.38,21.88,21.19,21.34,1074400
2024-07-24 07:00:00,21.5,22.23,21.03,21.96,1305500
2024-07-25 07:00:00,21.81,22.12,21.69,22.0,771300
2024-07-26 07:00:00,21.77,22.16,21.77,21.96,688400
2024-07-29 07:00:00,22.12,22.35,21.92,21.92,641400
2024-07-30 07:00:00,21.92,22.12,21.77,22.08,940400
2024-07-31 07:00:00,22.16,22.35,21.81,22.04,920200
2024-08-01 07:00:00,22.08,22.12,20.8,21.19,1850100
2024-08-02 07:00:00,20.95,21.53,20.87,21.5,1372300
2024-08-05 07:00:00,20.18,21.34,20.06,20.1,2388100
2024-08-06 07:00:00,20.18,20.56,19.44,20.56,1207800
2024-08-07 07:00:00,20.56,20.91,20.25,20.8,652200
2024-08-08 07:00:00,20.72,21.19,20.45,20.72,1231100
2024-08-09 07:00:00,20.84,21.19,20.64,21.07,917000
2024-08-12 07:00:00,21.07,21.07,20.8,20.87,414900
2024-08-13 07:00:00,20.95,21.3,20.76,21.11,795400
2024-08-14 07:00:00,21.26,21.26,20.91,21.03,528400
2024-08-15 07:00:00,20.91,20.95,20.6,20.76,402100
2024-08-16 07:00:00,20.8,22.19,20.8,22.19,3240500
2024-08-19 07:00:00,22.5,22.5,22.16,22.19,817500
2024-08-20 07:00:00,22.16,23.01,22.12,22.62,2248500
2024-08-21 07:00:00,22.81,22.81,22.27,22.39,983600
2024-08-22 07:00:00,22.39,22.66,22.23,22.43,1039500
2024-08-23 07:00:00,22.19,22.58,22.16,22.43,890700
2024-08-26 07:00:00,22.47,22.66,21.96,22.0,1307300
2024-08-27 07:00:00,22.04,22.78,21.96,22.78,2232500
2024-08-28 07:00:00,22.78,22.81,22.16,22.43,1694500
2024-08-29 07:00:00,22.5,22.5,22.12,22.19,583200
2024-08-30 07:00:00,22.27,22.27,21.96,22.08,894600
2024-09-04 07:00:00,21.73,22.16,21.73,22.12,778700
2024-09-05 07:00:00,22.16,22.31,21.84,21.92,882600
2024-09-06 07:00:00,21.84,21.96,21.69,21.84,742200
2024-09-09 07:00:00,21.84,22.19,21.69,21.81,535500
2024-09-10 07:00:00,21.88,21.96,21.57,21.69,815200
2024-09-11 07:00:00,21.69,21.73,21.07,21.53,911900
2024-09-12 07:00:00,21.77,21.77,21.46,21.46,399700
2024-09-13 07:00:00,21.65,21.84,21.46,21.69,925600
2024-09-16 07:00:00,21.73,22.05,21.42,21.47,738300
2024-09-17 07:00:00,21.42,21.87,21.24,21.87,697400
2024-09-18 07:00:00,22.0,22.0,21.73,21.73,622500
2024-09-19 07:00:00,22.05,22.09,21.82,21.96,702900
2024-09-20 07:00:00,22.49,22.72,22.18,22.18,1399600
2024-09-23 07:00:00,22.09,22.27,22.05,22.05,443300
2024-09-24 07:00:00,21.87,22.36,21.87,22.18,883700
2024-09-25 07:00:00,22.31,23.7,22.23,23.7,5590700
2024-09-26 07:00:00,23.83,23.97,23.47,23.47,2007000
2024-09-27 07:00:00,23.83,24.41,23.47,23.83,4645200
2024-09-30 07:00:00,23.83,24.14,23.56,24.05,3020800
2024-10-01 07:00:00,24.1,24.37,23.56,23.61,3571700
2024-10-02 07:00:00,23.56,23.79,23.25,23.25,2610600
2024-10-03 07:00:00,23.3,23.43,22.49,22.72,4064300
2024-10-04 07:00:00,22.76,23.07,22.58,22.67,1424300
2024-10-07 07:00:00,22.85,23.03,22.67,23.03,1159700
2024-10-08 07:00:00,22.98,23.07,22.18,22.27,3304200
2024-10-09 07:00:00,22.49,22.72,22.31,22.67,1498700
2024-10-10 07:00:00,22.85,22.89,22.49,22.49,1046300
2024-10-11 07:00:00,22.49,23.39,22.45,23.25,3088100
2024-10-14 07:00:00,23.43,23.43,23.07,23.16,1218500
2024-10-15 07:00:00,23.21,23.61,22.58,22.81,2392400
2024-10-16 07:00:00,22.89,22.89,22.4,22.58,1125500
2024-10-17 07:00:00,22.49,23.92,22.4,23.56,3125500
2024-10-18 07:00:00,23.56,23.56,23.03,23.03,1545800
2024-10-21 07:00:00,23.12,23.79,23.03,23.39,2748600
2024-10-22 07:00:00,23.34,24.72,23.16,24.28,8897500
2024-10-23 07:00:00,24.41,24.9,23.97,24.5,4701500
2024-10-24 07:00:00,24.64,24.64,24.14,24.14,3400900
2024-10-25 07:00:00,24.14,24.72,24.1,24.28,5115300
2024-10-28 07:00:00,24.5,24.64,24.19,24.32,2423200
2024-10-29 07:00:00,24.5,24.68,23.21,23.47,6958800
2024-10-30 07:00:00,23.47,23.79,23.25,23.56,2280100
2024-10-31 07:00:00,23.61,23.61,23.25,23.25,1730500
2024-11-01 07:00:00,23.03,23.56,22.94,23.07,2738900
2024-11-04 07:00:00,23.12,23.16,22.49,22.49,3129900
2024-11-05 07:00:00,22.45,22.94,22.45,22.67,1622200
2024-11-06 07:00:00,22.76,23.07,22.63,23.03,1904300
2024-11-07 07:00:00,23.21,23.56,22.98,23.21,2670800
2024-11-08 07:00:00,23.21,23.3,22.85,22.85,1574100
2024-11-11 07:00:00,22.85,22.85,22.4,22.63,2665300
2024-11-12 07:00:00,22.67,23.03,22.58,22.67,1407300
2024-11-13 07:00:00,22.67,23.34,22.4,23.3,3355700
2024-11-14 07:00:00,23.3,23.34,22.63,22.63,1800200
2024-11-15 07:00:00,22.58,22.76,21.87,21.87,3806600
2024-11-18 07:00:00,21.91,22.36,21.42,21.96,1674100
2024-11-19 07:00:00,21.87,22.31,21.51,21.51,1173000
2024-11-20 07:00:00,21.56,22.85,21.47,22.05,2928400
2024-11-21 07:00:00,22.05,22.31,21.87,22.18,694100
2024-11-22 07:00:00,22.18,22.36,21.96,22.0,1122300
2024-11-25 07:00:00,22.0,22.58,21.96,22.31,1897100
2024-11-26 07:00:00,22.31,23.65,22.31,22.85,3847400
2024-11-27 07:00:00,22.94,23.03,22.45,22.85,1077600
2024-11-28 07:00:00,23.21,23.21,22.54,22.67,1352200
2024-11-29 07:00:00,22.58,23.03,22.58,22.76,894500
2024-12-02 07:00:00,22.85,22.98,22.58,22.58,996900
2024-12-03 07:00:00,22.58,23.03,22.54,22.58,1610700
2024-12-04 07:00:00,22.85,23.3,22.54,22.94,3870000
2024-12-05 07:00:00,22.94,24.23,22.76,24.1,8464500
2024-12-06 07:00:00,24.1,24.1,23.7,23.7,3018700
2024-12-09 07:00:00,23.7,24.1,23.7,23.79,3709700
2024-12-10 07:00:00,23.88,24.41,23.74,23.83,9564900
2024-12-11 07:00:00,23.83,23.97,23.39,23.52,2834800
2024-12-12 07:00:00,23.61,23.83,23.21,23.3,3013900
2024-12-13 07:00:00,23.3,23.65,23.21,23.34,1825800
2024-12-16 07:00:00,23.47,23.56,23.34,23.47,1220100
2024-12-17 07:00:00,23.56,23.88,23.43,23.47,2042600
2024-12-18 07:00:00,23.43,23.61,23.43,23.61,1206000
2024-12-19 07:00:00,23.25,24.1,22.94,23.25,4862900
2024-12-20 07:00:00,23.25,23.52,23.21,23.34,1161800
2024-12-23 07:00:00,23.39,23.65,23.3,23.3,1249400
2024-12-24 07:00:00,23.34,23.39,22.4,22.58,5677000
2024-12-25 07:00:00,22.76,22.94,22.54,22.63,1994200
2024-12-26 07:00:00,22.63,22.81,22.54,22.63,1463700
2024-12-27 07:00:00,22.63,22.67,22.31,22.45,2254900
2024-12-30 07:00:00,22.31,22.67,22.31,22.63,1090000
2024-12-31 07:00:00,22.81,22.81,22.36,22.36,865600
2025-01-02 07:00:00,22.4,22.58,22.31,22.4,1216700
2025-01-03 07:00:00,22.45,22.85,22.31,22.45,2327800
2025-01-06 07:00:00,22.45,22.54,21.64,22.05,1919100
2025-01-07 07:00:00,22.05,22.23,21.73,21.73,2387700
2025-01-08 07:00:00,21.6,22.09,21.6,22.0,1361700
2025-01-09 07:00:00,22.0,22.09,21.82,21.82,670200
2025-01-10 07:00:00,21.82,21.91,20.98,20.98,1745400
2025-01-13 07:00:00,20.98,21.29,20.8,21.11,1770200
2025-01-14 07:00:00,21.24,21.24,20.71,20.84,914400
2025-01-15 07:00:00,20.98,21.24,20.84,21.24,1139500
2025-01-16 07:00:00,21.33,21.47,21.24,21.24,1062900
2025-01-17 07:00:00,21.51,21.82,21.29,21.69,1762700
2025-01-20 07:00:00,21.78,21.78,21.47,21.6,1062600
2025-01-21 07:00:00,21.69,21.69,21.47,21.6,956800
2025-01-22 07:00:00,21.56,21.64,21.47,21.47,1505700
2025-01-23 07:00:00,21.6,21.78,21.51,21.6,738300
2025-01-24 07:00:00,21.6,21.87,21.56,21.56,1013200
2025-02-03 07:00:00,21.42,21.56,21.33,21.51,1433000
2025-02-04 07:00:00,21.56,22.05,21.51,21.82,1199800
2025-02-05 07:00:00,21.91,22.54,21.87,21.96,2068700
2025-02-06 07:00:00,21.96,22.05,21.69,21.78,752500
2025-02-07 07:00:00,21.73,21.91,21.69,21.69,1127700
2025-02-10 07:00:00,21.73,21.73,21.42,21.47,3144600
2025-02-11 07:00:00,21.47,21.56,21.38,21.47,1261700
2025-02-12 07:00:00,21.6,21.78,21.47,21.47,1055900
2025-02-13 07:00:00,21.47,21.56,21.42,21.47,722300
2025-02-14 07:00:00,21.6,21.82,21.47,21.51,1214800
2025-02-17 07:00:00,21.6,21.82,21.51,21.56,996200
2025-02-18 07:00:00,21.56,22.09,21.56,21.69,1616800
2025-02-19 07:00:00,21.69,22.18,21.69,22.0,1477200
2025-02-20 07:00:00,22.18,22.23,21.69,21.69,1703800
2025-02-21 07:00:00,21.73,21.82,21.6,21.69,1113300
2025-02-24 07:00:00,21.64,21.78,21.56,21.69,1382800
2025-02-25 07:00:00,21.82,22.09,21.69,21.91,2128300
2025-02-26 07:00:00,21.96,21.96,21.69,21.69,824800
2025-02-27 07:00:00,21.69,22.27,21.69,22.27,2526700
2025-02-28 07:00:00,22.31,22.49,22.05,22.05,2282000
2025-03-03 07:00:00,22.27,22.49,22.09,22.18,2124500
2025-03-04 07:00:00,22.18,23.07,22.14,22.72,5433000
2025-03-05 07:00:00,22.76,22.76,22.14,22.14,1609700
2025-03-06 07:00:00,22.23,22.81,22.09,22.81,2039800
2025-03-07 07:00:00,22.85,23.16,22.58,22.58,4647200
2025-03-10 07:00:00,22.58,23.34,22.45,23.21,6166500
2025-03-11 07:00:00,22.76,23.3,22.76,23.3,2138300
2025-03-12 07:00:00,23.39,23.39,22.81,22.85,2569300
2025-03-13 07:00:00,22.94,23.07,22.14,22.14,2980900
2025-03-14 07:00:00,21.96,22.89,21.96,22.4,3258500
2025-03-17 07:00:00,22.89,23.97,22.76,23.97,7439900
2025-03-18 07:00:00,24.55,24.64,23.92,24.01,6757600
2025-03-19 07:00:00,23.65,24.5,23.43,24.23,6080400
2025-03-20 07:00:00,24.46,24.46,23.47,23.83,3898400
2025-03-21 07:00:00,23.88,24.46,23.61,23.83,4592000
2025-03-24 07:00:00,23.74,24.01,23.03,23.56,4912500
2025-03-25 07:00:00,23.7,24.28,23.39,23.92,4449900
2025-03-26 07:00:00,23.83,24.05,23.34,23.52,3101500
2025-03-27 07:00:00,23.61,24.55,23.47,23.83,7626500
2025-03-28 07:00:00,24.1,24.1,23.7,23.88,2632000
2025-03-31 07:00:00,23.92,25.53,23.65,24.64,17665700
2025-04-01 07:00:00,24.9,24.9,24.23,24.72,2615300
2025-04-02 07:00:00,24.9,25.26,24.55,24.9,5774700
2025-04-03 07:00:00,23.92,24.1,23.16,23.16,9506000
2025-04-04 07:00:00,21.56,22.27,21.56,21.56,9874000
2025-04-08 07:00:00,20.08,21.29,20.08,20.08,2020700
2025-04-09 07:00:00,18.7,19.01,18.7,18.7,3848700
2025-04-10 07:00:00,19.99,19.99,19.99,19.99,939700
2025-04-11 07:00:00,18.92,20.89,18.61,20.53,14134200
2025-04-14 07:00:00,20.98,21.6,20.44,20.93,3559200
2025-04-15 07:00:00,20.44,20.98,19.55,19.64,5729300
2025-04-16 07:00:00,19.68,20.26,19.55,19.99,3610900
2025-04-17 07:00:00,19.73,20.4,19.68,20.26,1889100
2025-04-18 07:00:00,20.44,20.8,19.73,19.95,4757800
2025-04-21 07:00:00,19.95,20.53,19.82,20.04,3950800
2025-04-22 07:00:00,19.86,19.95,18.65,18.74,8324700
2025-04-23 07:00:00,19.28,19.59,18.48,19.37,3744100
2025-04-24 07:00:00,19.32,19.86,19.28,19.55,3660000
2025-04-25 07:00:00,19.82,19.86,19.15,19.23,2324900
2025-04-28 07:00:00,19.37,19.5,19.15,19.32,1860100
2025-04-29 07:00:00,19.5,19.59,19.01,19.32,2191900
2025-05-05 07:00:00,19.59,20.08,19.32,19.9,3335000
2025-05-06 07:00:00,19.9,20.4,19.73,19.77,3152700
2025-05-07 07:00:00,19.73,20.98,19.73,20.89,6420200
2025-05-08 07:00:00,20.98,20.98,20.53,20.62,2149700
2025-05-09 07:00:00,20.71,20.71,20.31,20.4,2665300
2025-05-12 07:00:00,20.53,20.71,20.22,20.71,2691000
2025-05-13 07:00:00,21.02,21.02,20.62,20.75,2684100
2025-05-14 07:00:00,20.71,20.98,20.57,20.89,3426600
2025-05-15 07:00:00,21.02,21.38,20.98,21.24,4895100
2025-05-16 07:00:00,21.24,21.29,20.8,20.84,3386000
2025-05-19 07:00:00,20.66,21.06,20.57,20.71,2349400
2025-05-20 07:00:00,20.89,20.89,20.57,20.66,2227500
2025-05-21 07:00:00,20.71,20.84,20.31,20.71,4058400
2025-05-22 07:00:00,20.71,21.15,20.44,20.62,3443600
2025-05-23 07:00:00,20.62,20.8,20.26,20.35,2613000
2025-05-26 07:00:00,20.53,20.89,19.59,20.8,3284600
2025-05-27 07:00:00,20.98,22.0,20.93,21.69,8068200
2025-05-28 07:00:00,22.05,22.09,21.29,21.42,4358300
2025-05-29 07:00:00,21.47,22.89,21.33,22.85,8554800
2025-05-30 07:00:00,22.85,23.03,22.27,22.63,5118900
2025-06-02 07:00:00,22.63,24.05,22.63,23.03,5640700
2025-06-03 07:00:00,23.21,23.21,22.58,22.76,4915100
2025-06-04 07:00:00,22.85,23.43,22.67,23.21,9366200
2025-06-05 07:00:00,23.21,23.3,22.85,22.94,3959100
2025-06-06 07:00:00,22.94,22.98,22.4,22.45,4242800
2025-06-09 07:00:00,22.45,23.16,22.45,22.58,4827400
2025-06-10 07:00:00,22.58,22.76,22.27,22.27,2520000
2025-06-11 07:00:00,22.4,22.76,22.05,22.45,3003500
2025-06-12 07:00:00,22.49,22.89,22.36,22.58,2509900
2025-06-13 07:00:00,22.09,22.31,21.42,21.87,8468300
2025-06-16 07:00:00,21.87,22.27,21.73,22.23,2022800
2025-06-17 07:00:00,22.23,22.81,22.14,22.63,4875500
2025-06-18 07:00:00,22.63,22.89,22.31,22.45,2933700
2025-06-19 07:00:00,22.45,22.67,22.14,22.54,2871200
2025-06-20 07:00:00,22.58,22.94,22.4,22.49,2921100
2025-06-23 07:00:00,22.27,22.49,22.0,22.31,2360700
2025-06-24 07:00:00,22.67,22.85,22.54,22.58,4074400
2025-06-25 07:00:00,22.58,22.94,22.4,22.4,3087900
2025-06-26 07:00:00,22.4,22.49,22.14,22.23,2400900
2025-06-27 07:00:00,22.36,22.81,22.18,22.23,3365300
2025-06-30 07:00:00,22.4,23.39,22.27,22.98,7277400
2025-07-01 07:00:00,23.12,23.12,22.45,22.58,3948900
2025-07-02 07:00:00,22.63,22.72,22.36,22.72,2473900
2025-07-03 07:00:00,23.12,23.12,22.36,22.72,6360100
2025-07-04 07:00:00,22.89,23.56,22.85,22.98,8420700
2025-07-07 07:00:00,23.25,23.61,22.94,23.52,9175400
2025-07-08 07:00:00,23.7,23.83,23.39,23.61,5803800
2025-07-09 07:00:00,23.83,24.01,23.39,23.56,8228200
2025-07-10 07:00:00,23.65,24.1,23.52,23.56,4586600
2025-07-11 07:00:00,23.56,23.61,23.07,23.16,7212100
2025-07-14 07:00:00,23.16,24.77,22.63,24.77,11393800
2025-07-15 07:00:00,25.39,26.46,25.13,26.46,17721400
2025-07-16 07:00:00,26.73,27.0,26.38,26.55,7443000
2025-07-17 07:00:00,26.69,28.12,26.51,27.13,9265000
2025-07-18 07:00:00,27.4,27.85,26.55,26.78,7872400
2025-07-21 07:00:00,26.87,28.25,26.42,27.0,9126500
2025-07-22 07:00:00,26.87,28.38,26.87,27.58,7645000
2025-07-23 07:00:00,27.89,28.74,27.31,28.74,11403400
2025-07-24 07:00:00,29.01,29.81,28.56,29.41,7471400
2025-07-25 07:00:00,29.77,29.86,28.92,29.45,7909800
2025-07-28 07:00:00,29.9,31.24,29.54,31.02,6521900
2025-07-29 07:00:00,31.15,31.15,28.87,28.87,16740800
2025-07-30 07:00:00,28.92,29.45,28.21,29.19,8846100
2025-07-31 07:00:00,29.45,31.2,28.47,31.2,12249200
2025-08-01 07:00:00,32.53,32.53,31.46,31.91,8272400
2025-08-04 07:00:00,31.33,33.47,31.28,32.04,6524800
2025-08-05 07:00:00,32.13,33.47,29.81,31.24,12991800
2025-08-06 07:00:00,31.6,31.69,31.11,31.69,5064500
2025-08-07 07:00:00,31.78,32.58,31.73,32.0,3687000
2025-08-08 07:00:00,32.0,33.03,31.06,32.22,10551900
2025-08-11 07:00:00,32.22,33.29,31.78,32.27,7444300
2025-08-12 07:00:00,32.31,33.56,31.37,33.25,10200000
2025-08-13 07:00:00,33.2,34.19,32.58,33.07,5765000
2025-08-14 07:00:00,33.43,33.92,32.58,33.11,7345600
2025-08-15 07:00:00,33.52,33.52,32.13,32.4,7276900
2025-08-18 07:00:00,32.31,33.03,31.42,32.85,7016600
2025-08-19 07:00:00,33.2,35.12,32.8,34.63,14276500
2025-08-20 07:00:00,33.92,34.36,32.22,32.71,8811400
2025-08-21 07:00:00,32.76,32.89,31.42,31.42,10654500
2025-08-22 07:00:00,30.62,31.06,29.28,29.77,11482600
2025-08-25 07:00:00,30.35,30.53,29.59,29.77,4175800
2025-08-26 07:00:00,29.68,31.24,29.68,31.24,3786100
2025-08-27 07:00:00,31.55,33.03,30.93,31.69,7906700
2025-08-28 07:00:00,31.86,31.91,31.06,31.69,2628800
2025-08-29 07:00:00,32.0,32.67,31.73,31.78,4194500
2025-09-03 07:00:00,31.69,33.43,31.69,33.03,5411700
2025-09-04 07:00:00,33.47,34.94,33.2,33.38,5987700
2025-09-05 07:00:00,33.78,34.1,32.09,32.09,6323100
2025-09-08 07:00:00,31.42,31.91,29.9,29.99,10388200
2025-09-09 07:00:00,30.08,30.97,29.72,30.84,3918000
2025-09-10 07:00:00,31.06,31.06,30.26,30.53,2175700
2025-09-11 07:00:00,30.39,31.33,29.45,31.33,5897300
2025-09-12 07:00:00,31.42,31.95,31.06,31.33,2826300
2025-09-15 07:00:00,31.6,31.82,31.15,31.69,2382100
2025-09-16 07:00:00,31.95,32.04,31.06,31.24,3877600
2025-09-17 07:00:00,30.97,31.24,30.62,30.66,2181800
2025-09-18 07:00:00,30.66,31.15,30.21,31.11,3502800
2025-09-19 07:00:00,31.37,31.86,31.15,31.46,3379400
2025-09-22 07:00:00,31.69,32.49,31.37,31.95,6982500
2025-09-23 07:00:00,32.13,32.13,31.28,31.37,2386300
2025-09-24 07:00:00,31.37,32.89,31.06,32.89,5836300
2025-09-25 07:00:00,33.03,33.38,32.67,32.76,4268300
2025-09-26 07:00:00,32.76,34.14,32.49,33.07,7699500
2025-09-29 07:00:00,33.07,33.47,32.22,32.85,3216800
2025-09-30 07:00:00,32.85,32.85,30.79,32.45,6656800
2025-10-01 07:00:00,32.4,32.45,31.73,32.13,2726100
2025-10-02 07:00:00,32.27,32.4,30.79,30.79,3497000
2025-10-03 07:00:00,30.35,30.7,29.59,29.59,4940900
2025-10-06 07:00:00,29.99,31.42,29.9,31.24,2318500
2025-10-07 07:00:00,31.37,31.37,30.57,30.97,2420400
2025-10-08 07:00:00,31.24,31.69,30.39,31.69,3517500
2025-10-09 07:00:00,31.86,32.58,31.55,32.58,3729100
2025-10-10 07:00:00,32.94,33.47,32.58,32.89,4857000
2025-10-13 07:00:00,32.4,35.17,32.22,35.17,16297200
2025-10-14 07:00:00,35.97,36.6,35.44,35.88,6471300
2025-10-15 07:00:00,35.7,37.31,35.39,36.77,5952900
2025-10-16 07:00:00,37.4,37.71,36.68,37.49,4662900
2025-10-17 07:00:00,37.49,37.76,36.6,36.6,5709500
2025-10-20 07:00:00,36.15,37.4,34.05,34.05,11435600
2025-10-21 07:00:00,33.2,33.65,31.78,32.13,13995900
2025-10-22 07:00:00,32.58,33.11,31.15,33.11,6672400
2025-10-23 07:00:00,33.2,33.47,31.78,31.95,6052300
2025-10-24 07:00:00,31.78,32.0,30.93,31.33,4859400
2025-10-27 07:00:00,31.51,31.64,29.5,29.5,6500200
2025-10-28 07:00:00,29.37,30.44,29.37,30.44,4779000
2025-10-29 07:00:00,30.75,30.84,30.3,30.35,3714900
2025-10-30 07:00:00,30.53,31.42,30.39,30.62,4030800
2025-10-31 07:00:00,30.53,30.97,29.99,30.04,2299800
2025-11-03 07:00:00,30.08,30.35,27.94,27.94,6064200
2025-11-04 07:00:00,27.36,29.86,26.78,29.86,6602500
2025-11-05 07:00:00,29.72,29.77,28.87,29.14,1716600
2025-11-06 07:00:00,29.01,29.95,28.47,29.45,3778900
2025-11-07 07:00:00,29.37,29.63,28.56,28.56,2656800
2025-11-10 07:00:00,28.38,28.7,27.67,28.25,4812700
2025-11-11 07:00:00,27.95,28.15,26.3,26.9,6627200
2025-11-12 07:00:00,27.0,28.15,27.0,27.75,2887300
2025-11-13 07:00:00,27.9,28.2,27.45,27.5,2272200
2025-11-14 07:00:00,27.65,28.35,27.45,28.0,2774400
2025-11-17 07:00:00,28.25,29.25,28.25,28.85,2705700
2025-11-18 07:00:00,28.85,28.95,28.25,28.45,2446200
2025-11-19 07:00:00,28.35,28.9,27.95,28.0,2400600
2025-11-20 07:00:00,28.0,28.2,27.55,27.9,1309800
2025-11-21 07:00:00,27.8,28.0,27.4,27.9,1338900
2025-11-24 07:00:00,27.95,28.15,27.85,27.9,931900
2025-11-25 07:00:00,27.95,28.1,26.75,26.75,2110300
2025-11-26 07:00:00,27.1,27.95,26.75,27.65,1941800
2025-11-27 07:00:00,27.75,27.9,27.3,27.35,996600
2025-11-28 07:00:00,27.3,27.8,27.0,27.25,1091300
2025-12-01 07:00:00,27.55,27.55,26.7,26.7,1971900
2025-12-02 07:00:00,26.55,26.8,26.0,26.8,2186900
2025-12-03 07:00:00,26.85,27.25,26.8,27.1,1836600
2025-12-04 07:00:00,27.2,27.7,27.15,27.45,1584200
2025-12-05 07:00:00,27.45,27.5,26.85,26.85,1305800
2025-12-08 07:00:00,26.8,26.85,26.0,26.1,2879400
2025-12-09 07:00:00,26.1,26.2,25.05,25.3,3056600
2025-12-10 07:00:00,25.3,25.75,25.0,25.0,1599300
2025-12-11 07:00:00,25.8,25.8,25.0,25.0,1073000
2025-12-12 07:00:00,25.0,25.4,23.7,24.0,3477500
2025-12-15 07:00:00,23.75,24.35,23.6,23.85,2161800
2025-12-16 07:00:00,24.0,25.25,23.2,24.5,3516900
2025-12-17 07:00:00,24.8,24.8,24.0,24.0,1092500
2025-12-18 07:00:00,24.05,24.15,23.6,23.8,1403700
2025-12-19 07:00:00,23.85,24.3,23.7,24.1,2378800
2025-12-22 07:00:00,24.35,24.75,24.15,24.6,3855200
2025-12-23 07:00:00,24.8,24.85,24.1,24.25,2467200
2025-12-24 07:00:00,24.2,24.6,24.05,24.3,3098900
2025-12-25 07:00:00,24.35,24.4,23.5,23.5,3570000
2025-12-26 07:00:00,23.3,23.65,22.4,22.8,4164500
2025-12-29 07:00:00,22.8,23.35,22.8,23.1,1932700
2025-12-30 07:00:00,23.15,23.3,22.7,22.7,1881500
2025-12-31 07:00:00,22.85,23.1,22.7,22.7,2288700
2026-01-05 07:00:00,22.85,23.05,21.9,22.25,2837800
2026-01-06 07:00:00,22.25,22.45,21.5,21.75,3477700
2026-01-07 07:00:00,22.0,22.2,21.6,22.0,2420200
2026-01-08 07:00:00,22.1,22.6,21.7,21.8,2997800
2026-01-09 07:00:00,21.8,21.8,20.5,20.65,6737000
2026-01-12 07:00:00,20.65,22.0,20.1,21.7,5006600
2026-01-13 07:00:00,22.15,22.3,21.8,21.9,4214500
2026-01-14 07:00:00,21.6,22.05,21.05,21.1,6277800
2026-01-15 07:00:00,21.1,21.9,21.1,21.55,3989900
2026-01-16 07:00:00,21.9,21.9,21.2,21.3,3448600
2026-01-19 07:00:00,21.35,21.7,21.2,21.35,2313600
2026-01-20 07:00:00,21.6,21.65,21.15,21.15,3042600
2026-01-21 07:00:00,21.25,21.8,21.05,21.35,4538100
2026-01-22 07:00:00,21.6,22.8,21.3,22.8,5372000
2026-01-23 07:00:00,23.0,23.0,21.8,21.8,5809700
2026-01-26 07:00:00,21.9,21.95,20.8,20.95,4253300
2026-01-27 07:00:00,21.0,21.25,20.85,21.0,2462900
2026-01-28 07:00:00,21.0,21.95,20.5,21.5,4901400
2026-01-29 07:00:00,21.75,22.1,21.35,21.35,2543100
2026-01-30 07:00:00,21.6,22.15,21.5,21.7,4243100
2026-02-02 07:00:00,21.7,22.05,21.25,21.5,2614000
2026-02-03 07:00:00,21.6,21.85,21.5,21.65,2552200
2026-02-04 07:00:00,21.6,22.1,21.45,21.9,3751900
2026-02-05 07:00:00,22.0,22.75,22.0,22.05,5525200
2026-02-06 07:00:00,21.8,21.8,21.0,21.05,3337000
2026-02-09 07:00:00,21.25,21.4,20.9,20.95,1645400
2026-02-10 07:00:00,21.0,21.2,20.5,20.7,2426900
2026-02-11 07:00:00,20.7,21.85,20.7,21.5,3071200
2026-02-12 07:00:00,21.4,21.7,21.25,21.35,1025800
2026-02-13 07:00:00,21.35,21.45,21.25,21.3,1471000
2026-02-23 07:00:00,21.45,21.75,21.2,21.75,2060500
2026-02-24 07:00:00,21.7,22.0,21.5,21.6,2267100
2026-02-25 07:00:00,21.65,21.75,21.2,21.25,3123300
2026-02-26 07:00:00,21.25,21.45,21.2,21.35,1846200
2026-02-27 07:00:00,21.3,21.3,20.7,20.9,4645400
2026-03-02 07:00:00,19.8,20.4,19.45,19.45,5852900
2026-03-03 07:00:00,19.2,19.8,18.85,19.1,4798600
2026-03-04 07:00:00,19.0,19.3,18.0,18.5,5114500
2026-03-05 07:00:00,18.9,19.15,18.5,18.55,2235700
2026-03-06 07:00:00,18.5,18.95,18.45,18.6,2283900
2026-03-09 07:00:00,17.3,17.9,17.3,17.3,2010700
2026-03-10 07:00:00,17.0,17.45,16.5,17.1,6370400
2026-03-11 07:00:00,17.1,18.1,16.75,17.7,3428500
2026-03-12 07:00:00,17.65,18.2,17.4,17.8,2614200
2026-03-13 07:00:00,18.0,18.45,17.85,18.0,3839800
2026-03-16 07:00:00,18.45,18.55,18.05,18.35,2760500
2026-03-17 07:00:00,18.35,18.4,17.75,17.85,1880300
2026-03-18 07:00:00,17.85,18.1,17.45,17.7,1643000
2026-03-19 07:00:00,17.45,18.2,17.45,17.8,2126700
2026-03-20 07:00:00,17.8,18.1,17.5,17.5,1509700
2026-03-23 07:00:00,17.25,17.4,16.3,16.3,3049300
2026-03-24 07:00:00,16.65,17.4,16.55,17.2,3225900
2026-03-25 07:00:00,17.2,18.2,17.2,17.95,3521300
2026-03-26 07:00:00,18.1,18.1,17.55,17.75,2393500
2026-03-27 07:00:00,17.6,18.95,17.6,18.95,6515900
2026-03-30 07:00:00,18.35,19.4,18.35,19.05,4830300
2026-03-31 07:00:00,19.1,19.25,18.6,18.75,3317700
2026-04-01 07:00:00,19.2,19.2,18.7,18.7,2621800
2026-04-02 07:00:00,18.45,18.85,18.4,18.5,2407800
2026-04-03 07:00:00,18.7,18.75,18.4,18.5,2001800
2026-04-06 07:00:00,18.4,18.6,17.9,17.9,1996400
2026-04-07 07:00:00,17.95,18.25,17.55,17.9,1347300
2026-04-08 07:00:00,18.45,19.0,18.25,18.9,3630200
2026-04-09 07:00:00,18.75,19.7,18.55,19.2,6718900
2026-04-10 07:00:00,19.55,19.7,19.05,19.1,3053500
2026-04-13 07:00:00,18.65,19.6,18.65,19.05,3045500
2026-04-14 07:00:00,19.25,19.4,18.9,18.9,2370800
2026-04-15 07:00:00,19.0,19.45,18.85,18.85,3396700
2026-04-16 07:00:00,18.85,18.95,18.35,18.8,2839700
2026-04-17 07:00:00,18.95,19.05,18.55,18.55,1570900
2026-04-20 07:00:00,18.6,19.05,18.4,18.7,1633600
2026-04-21 07:00:00,18.7,18.85,18.5,18.5,1550600
2026-04-22 07:00:00,18.65,18.65,18.35,18.45,1892900
2026-04-23 07:00:00,18.7,19.25,18.5,18.7,3931500
2026-04-24 07:00:00,18.95,18.95,18.45,18.7,1872500
2026-04-28 07:00:00,18.95,19.05,18.4,18.55,1872800
2026-04-29 07:00:00,18.55,19.2,18.45,19.1,3177500
2026-05-04 07:00:00,19.3,19.65,19.05,19.05,2585600
2026-05-05 07:00:00,19.0,19.05,18.6,18.7,1855700
2026-05-06 07:00:00,18.7,19.05,18.6,18.9,1896400
2026-05-07 07:00:00,19.0,19.35,18.8,18.8,2777600
2026-05-08 07:00:00,18.7,18.8,18.55,18.55,1961500
2026-05-11 07:00:00,18.6,19.0,18.3,18.55,2346200
2026-05-12 07:00:00,18.55,19.15,18.55,18.75,2059000
2026-05-13 07:00:00,18.75,18.85,18.5,18.7,1550200
2026-05-14 07:00:00,18.6,18.95,18.6,18.85,1172600
2026-05-15 07:00:00,19.0,19.15,18.8,18.9,1980400
2026-05-18 07:00:00,18.9,19.0,18.6,19.0,1678300
2026-05-19 07:00:00,19.2,19.4,18.85,18.95,2815000
2026-05-20 07:00:00,18.95,18.95,17.65,18.0,5180100
2026-05-21 07:00:00,17.45,18.0,17.05,17.75,1606900
2026-05-22 07:00:00,17.65,18.05,17.65,18.0,1608800
2026-05-25 07:00:00,18.0,18.3,17.75,17.95,1275500
2026-05-26 07:00:00,17.9,18.55,17.8,18.25,1227700
2026-05-27 07:00:00,18.3,18.4,18.05,18.15,763800
