time,open,high,low,close,volume
2018-01-02 07:00:00,6.87,6.98,6.87,6.93,37950
2018-01-03 07:00:00,6.98,7.28,6.98,7.18,49680
2018-01-04 07:00:00,7.24,7.24,7.08,7.08,55910
2018-01-05 07:00:00,7.08,7.08,6.94,7.04,26250
2018-01-08 07:00:00,7.04,7.14,7.0,7.12,30260
2018-01-09 07:00:00,7.18,7.58,7.04,7.58,241000
2018-01-10 07:00:00,7.58,7.58,7.32,7.44,88520
2018-01-11 07:00:00,7.3,7.44,7.28,7.4,80280
2018-01-12 07:00:00,7.18,7.4,7.18,7.18,70510
2018-01-15 07:00:00,7.42,7.46,7.22,7.28,88420
2018-01-16 07:00:00,7.36,7.42,7.26,7.36,65850
2018-01-17 07:00:00,7.28,7.38,7.28,7.28,44800
2018-01-18 07:00:00,7.3,7.3,7.17,7.28,64950
2018-01-19 07:00:00,7.28,7.36,7.28,7.34,84120
2018-01-22 07:00:00,7.38,7.56,7.38,7.56,131950
2018-01-25 07:00:00,7.68,7.68,7.5,7.59,87390
2018-01-26 07:00:00,7.62,8.12,7.59,8.12,372850
2018-01-29 07:00:00,8.12,8.59,8.1,8.57,245180
2018-01-30 07:00:00,8.53,8.69,8.39,8.69,310230
2018-01-31 07:00:00,8.69,8.73,8.39,8.49,266910
2018-02-01 07:00:00,8.31,8.59,8.29,8.41,197980
2018-02-02 07:00:00,8.43,8.53,8.37,8.49,58670
2018-02-05 07:00:00,8.59,8.96,8.34,8.61,303300
2018-02-06 07:00:00,8.21,8.43,8.21,8.31,475770
2018-02-07 07:00:00,8.45,8.57,8.45,8.53,185450
2018-02-08 07:00:00,8.41,8.59,8.39,8.59,62020
2018-02-09 07:00:00,8.49,8.67,8.45,8.55,90990
2018-02-12 07:00:00,8.57,8.65,8.54,8.55,268830
2018-02-13 07:00:00,8.55,8.9,8.55,8.69,416580
2018-02-21 07:00:00,8.77,9.26,8.75,8.79,211500
2018-02-22 07:00:00,8.79,8.81,8.73,8.79,302740
2018-02-23 07:00:00,8.79,9.4,8.79,9.4,515730
2018-02-26 07:00:00,9.7,9.7,9.32,9.46,179180
2018-02-27 07:00:00,9.6,10.12,9.4,10.12,164490
2018-02-28 07:00:00,10.01,10.3,9.85,9.85,222790
2018-03-01 07:00:00,9.85,10.05,9.73,9.79,161820
2018-03-02 07:00:00,9.81,10.22,9.73,10.01,50000
2018-03-05 07:00:00,10.16,10.34,10.05,10.05,151700
2018-03-06 07:00:00,10.05,10.16,10.01,10.16,121050
2018-03-07 07:00:00,10.03,10.32,10.03,10.18,210320
2018-03-08 07:00:00,10.12,10.2,10.1,10.18,50110
2018-03-09 07:00:00,10.22,10.5,10.16,10.18,128150
2018-03-12 07:00:00,10.32,10.32,9.89,9.91,154990
2018-03-13 07:00:00,9.91,10.03,9.91,9.99,73540
2018-03-14 07:00:00,9.91,10.21,9.91,10.01,96290
2018-03-15 07:00:00,9.94,10.14,9.94,9.99,81500
2018-03-16 07:00:00,9.99,10.12,9.99,10.02,92250
2018-03-19 07:00:00,10.12,10.18,10.05,10.16,208690
2018-03-20 07:00:00,10.16,10.18,10.03,10.14,101740
2018-03-21 07:00:00,10.14,10.14,9.95,9.97,118240
2018-03-22 07:00:00,9.97,10.01,9.83,9.83,180310
2018-03-23 07:00:00,9.5,10.01,9.5,10.01,219750
2018-03-26 07:00:00,10.01,10.2,9.91,10.01,57030
2018-03-27 07:00:00,10.07,10.1,9.95,10.01,75440
2018-03-28 07:00:00,10.01,10.05,9.87,9.95,54990
2018-03-29 07:00:00,10.1,10.1,9.85,9.91,112660
2018-03-30 07:00:00,9.87,10.01,9.86,10.01,58800
2018-04-02 07:00:00,10.01,10.07,9.93,10.01,103690
2018-04-03 07:00:00,10.01,10.71,10.01,10.71,564860
2018-04-04 07:00:00,11.06,11.2,10.71,10.71,259150
2018-04-05 07:00:00,10.99,11.04,10.73,10.93,156320
2018-04-06 07:00:00,11.04,11.04,10.63,10.67,223940
2018-04-09 07:00:00,10.63,10.71,10.52,10.61,187690
2018-04-10 07:00:00,10.56,10.73,10.5,10.63,214370
2018-04-11 07:00:00,10.61,10.63,10.12,10.12,220130
2018-04-12 07:00:00,10.12,10.81,10.04,10.73,551920
2018-04-13 07:00:00,10.97,10.97,10.34,10.44,228650
2018-04-16 07:00:00,10.44,10.52,10.38,10.42,110140
2018-04-17 07:00:00,10.36,10.5,10.22,10.36,144560
2018-04-18 07:00:00,10.32,10.32,10.2,10.24,104200
2018-04-19 07:00:00,10.24,10.32,10.1,10.22,106900
2018-04-20 07:00:00,10.2,10.22,9.99,10.12,172190
2018-04-23 07:00:00,10.14,10.46,9.46,9.46,304550
2018-04-24 07:00:00,9.79,9.79,9.3,9.3,119120
2018-04-26 07:00:00,9.3,9.4,8.65,8.65,221250
2018-04-27 07:00:00,8.66,8.99,8.66,8.73,171350
2018-05-02 07:00:00,8.79,8.99,8.13,8.13,249010
2018-05-03 07:00:00,8.13,8.13,7.57,8.11,680160
2018-05-04 07:00:00,8.17,8.28,7.97,7.99,165170
2018-05-07 07:00:00,7.83,8.17,7.76,8.11,127360
2018-05-08 07:00:00,7.99,8.15,7.97,8.07,159790
2018-05-09 07:00:00,8.09,8.38,8.07,8.22,132810
2018-05-10 07:00:00,8.18,8.19,8.01,8.01,151120
2018-05-11 07:00:00,7.97,8.03,7.79,7.89,100520
2018-05-14 07:00:00,7.91,7.95,7.79,7.89,99380
2018-05-15 07:00:00,8.05,8.44,8.05,8.44,179350
2018-05-16 07:00:00,8.44,8.44,8.17,8.19,74660
2018-05-17 07:00:00,8.19,8.56,8.17,8.38,153560
2018-05-18 07:00:00,8.38,8.38,8.19,8.36,69060
2018-05-21 07:00:00,8.77,8.77,8.19,8.2,64540
2018-05-22 07:00:00,8.17,8.26,7.91,7.97,248280
2018-05-23 07:00:00,7.97,8.22,7.87,8.13,138500
2018-05-24 07:00:00,8.32,8.38,8.13,8.15,114210
2018-05-25 07:00:00,8.38,8.58,8.08,8.08,161310
2018-05-28 07:00:00,8.07,8.08,7.52,7.52,319340
2018-05-29 07:00:00,7.56,7.89,7.52,7.76,140370
2018-05-30 07:00:00,7.81,7.93,7.76,7.87,127630
2018-05-31 07:00:00,7.81,8.07,7.81,7.95,72630
2018-06-01 07:00:00,7.95,8.28,7.87,8.07,94250
2018-06-04 07:00:00,8.07,8.15,8.01,8.13,112670
2018-06-05 07:00:00,8.15,8.36,8.09,8.15,216500
2018-06-06 07:00:00,8.13,8.15,7.99,8.07,105150
2018-06-07 07:00:00,8.17,8.48,8.17,8.26,411610
2018-06-08 07:00:00,8.26,8.26,8.09,8.09,169860
2018-06-11 07:00:00,8.06,8.15,8.05,8.07,79720
2018-06-12 07:00:00,8.07,8.07,7.68,7.87,188420
2018-06-13 07:00:00,7.87,7.93,7.84,7.93,58890
2018-06-14 07:00:00,7.93,7.97,7.76,7.79,118090
2018-06-15 07:00:00,7.79,7.97,7.79,7.95,67200
2018-06-18 07:00:00,7.91,7.91,7.79,7.79,71630
2018-06-19 07:00:00,7.62,7.93,7.42,7.56,222690
2018-06-20 07:00:00,7.76,7.76,7.5,7.56,68830
2018-06-21 07:00:00,7.56,7.59,7.5,7.54,65670
2018-06-22 07:00:00,7.54,7.6,7.36,7.48,87200
2018-06-25 07:00:00,7.48,7.54,7.42,7.44,37090
2018-06-26 07:00:00,7.36,7.36,6.93,7.19,183470
2018-06-27 07:00:00,7.3,7.3,6.87,6.87,145210
2018-06-28 07:00:00,6.8,6.87,6.64,6.7,116860
2018-06-29 07:00:00,6.74,7.14,6.64,7.05,344830
2018-07-02 07:00:00,6.89,7.15,6.74,7.15,160200
2018-07-03 07:00:00,7.25,7.3,6.95,6.99,73990
2018-07-04 07:00:00,6.99,6.99,6.76,6.95,33720
2018-07-05 07:00:00,6.95,6.97,6.69,6.84,117580
2018-07-06 07:00:00,6.7,6.95,6.7,6.93,23350
2018-07-09 07:00:00,6.99,6.99,6.72,6.72,39250
2018-07-10 07:00:00,6.64,6.74,6.62,6.72,33380
2018-07-11 07:00:00,6.72,6.74,6.6,6.74,69520
2018-07-12 07:00:00,6.82,6.82,6.68,6.74,45000
2018-07-13 07:00:00,6.74,6.85,6.7,6.82,42490
2018-07-16 07:00:00,6.82,6.85,6.74,6.82,43680
2018-07-17 07:00:00,6.82,6.85,6.74,6.85,15930
2018-07-18 07:00:00,6.74,7.14,6.74,7.09,123930
2018-07-19 07:00:00,7.09,7.21,6.85,6.85,88390
2018-07-20 07:00:00,6.93,7.05,6.85,6.95,103370
2018-07-23 07:00:00,6.97,7.26,6.95,7.24,167960
2018-07-24 07:00:00,7.24,7.28,7.07,7.28,109640
2018-07-25 07:00:00,7.28,7.46,7.28,7.36,127390
2018-07-26 07:00:00,7.38,7.52,7.36,7.43,166650
2018-07-27 07:00:00,7.48,7.65,7.48,7.5,73370
2018-07-30 07:00:00,7.36,7.61,7.36,7.39,57820
2018-07-31 07:00:00,7.36,7.46,7.1,7.1,145760
2018-08-01 07:00:00,7.15,7.25,6.89,6.95,89120
2018-08-02 07:00:00,6.97,6.97,6.78,6.91,63200
2018-08-03 07:00:00,6.91,7.0,6.87,6.89,43660
2018-08-06 07:00:00,6.91,7.0,6.89,6.95,97490
2018-08-07 07:00:00,7.0,7.2,7.0,7.1,52270
2018-08-08 07:00:00,7.2,7.2,7.1,7.2,33050
2018-08-09 07:00:00,7.27,7.32,7.16,7.2,29690
2018-08-10 07:00:00,7.2,7.2,7.1,7.1,112870
2018-08-13 07:00:00,7.1,7.1,6.97,7.0,15620
2018-08-14 07:00:00,6.91,6.95,6.89,6.89,33290
2018-08-15 07:00:00,6.79,7.02,6.79,6.9,34630
2018-08-16 07:00:00,6.9,7.05,6.87,7.05,80150
2018-08-17 07:00:00,7.15,7.51,7.15,7.3,104990
2018-08-20 07:00:00,7.3,7.68,7.3,7.49,138850
2018-08-21 07:00:00,7.62,7.78,7.62,7.78,331050
2018-08-22 07:00:00,7.79,8.06,7.7,7.84,183220
2018-08-23 07:00:00,7.99,8.0,7.84,7.88,150740
2018-08-24 07:00:00,7.92,7.93,7.77,7.83,152840
2018-08-27 07:00:00,7.83,7.94,7.83,7.84,236270
2018-08-28 07:00:00,7.96,8.31,7.93,8.26,265970
2018-08-29 07:00:00,8.39,8.56,8.34,8.54,185930
2018-08-30 07:00:00,8.73,8.73,8.44,8.56,195350
2018-08-31 07:00:00,8.54,8.57,8.41,8.45,217960
2018-09-04 07:00:00,8.46,8.68,8.39,8.41,153690
2018-09-05 07:00:00,8.41,8.49,7.99,8.44,293330
2018-09-06 07:00:00,8.44,8.46,8.24,8.32,172280
2018-09-07 07:00:00,8.32,8.42,8.24,8.32,131090
2018-09-10 07:00:00,8.31,8.56,8.26,8.4,112460
2018-09-11 07:00:00,8.39,8.98,8.39,8.98,461460
2018-09-12 07:00:00,8.98,9.23,8.96,9.03,272170
2018-09-13 07:00:00,9.08,9.08,8.93,9.01,202450
2018-09-14 07:00:00,9.01,9.3,8.96,9.18,261200
2018-09-17 07:00:00,9.26,9.55,9.21,9.43,290600
2018-09-18 07:00:00,9.48,9.55,9.3,9.55,195320
2018-09-19 07:00:00,9.65,9.8,9.47,9.48,300490
2018-09-20 07:00:00,9.48,9.55,9.3,9.45,183940
2018-09-21 07:00:00,9.45,9.9,9.45,9.63,192950
2018-09-24 07:00:00,9.73,9.75,9.57,9.58,158260
2018-09-25 07:00:00,9.58,9.83,9.55,9.8,309950
2018-09-26 07:00:00,9.68,9.88,9.68,9.75,180600
2018-09-27 07:00:00,9.8,9.8,9.53,9.58,229580
2018-09-28 07:00:00,9.55,9.73,9.55,9.6,170340
2018-10-01 07:00:00,9.66,9.98,9.58,9.85,319170
2018-10-02 07:00:00,9.88,10.05,9.72,9.9,236600
2018-10-03 07:00:00,9.9,9.91,9.65,9.7,196360
2018-10-04 07:00:00,9.7,9.75,9.6,9.62,152170
2018-10-05 07:00:00,9.55,9.76,9.45,9.49,270510
2018-10-08 07:00:00,9.5,9.6,9.37,9.52,254470
2018-10-09 07:00:00,9.52,9.78,9.52,9.65,236460
2018-10-10 07:00:00,9.73,9.75,9.53,9.55,147760
2018-10-11 07:00:00,9.3,9.38,8.96,8.96,417940
2018-10-12 07:00:00,8.93,9.3,8.91,9.28,181080
2018-10-15 07:00:00,9.28,9.3,9.06,9.18,48890
2018-10-16 07:00:00,9.18,9.4,9.11,9.13,163300
2018-10-17 07:00:00,9.28,9.33,9.18,9.33,153400
2018-10-18 07:00:00,9.3,9.36,9.19,9.23,157220
2018-10-19 07:00:00,9.13,9.21,9.08,9.18,99550
2018-10-22 07:00:00,9.33,9.33,9.13,9.13,116180
2018-10-23 07:00:00,9.08,9.16,8.64,8.87,235780
2018-10-24 07:00:00,8.81,8.81,8.29,8.29,200590
2018-10-25 07:00:00,7.94,8.19,7.72,8.16,1531630
2018-10-26 07:00:00,8.24,8.26,8.02,8.1,282200
2018-10-29 07:00:00,8.1,8.19,7.94,8.19,313390
2018-10-30 07:00:00,7.96,8.3,7.96,8.16,401250
2018-10-31 07:00:00,8.11,8.41,8.11,8.41,398380
2018-11-01 07:00:00,8.41,8.68,8.24,8.39,443440
2018-11-02 07:00:00,8.39,8.66,8.39,8.64,253950
2018-11-05 07:00:00,8.66,8.66,8.46,8.59,334760
2018-11-06 07:00:00,8.59,8.66,8.44,8.5,467050
2018-11-07 07:00:00,8.51,8.6,8.24,8.44,184740
2018-11-08 07:00:00,8.54,8.54,8.09,8.09,438890
2018-11-09 07:00:00,8.04,8.14,7.69,7.72,381170
2018-11-12 07:00:00,7.54,8.06,7.52,8.05,237320
2018-11-13 07:00:00,8.05,8.09,7.89,7.89,232940
2018-11-14 07:00:00,7.94,8.04,7.82,7.92,152210
2018-11-15 07:00:00,7.96,8.31,7.93,8.13,318130
2018-11-16 07:00:00,8.13,8.41,8.13,8.41,207200
2018-11-19 07:00:00,8.42,8.44,8.19,8.44,177750
2018-11-20 07:00:00,8.44,8.57,8.32,8.49,209290
2018-11-21 07:00:00,8.49,8.49,8.31,8.47,143390
2018-11-22 07:00:00,8.61,8.61,8.47,8.5,110540
2018-11-23 07:00:00,8.61,8.64,8.5,8.55,206280
2018-11-26 07:00:00,8.44,8.57,8.36,8.36,223350
2018-11-27 07:00:00,8.42,8.44,8.23,8.23,229100
2018-11-28 07:00:00,8.23,8.35,8.14,8.35,111260
2018-11-29 07:00:00,8.41,8.44,8.36,8.42,179630
2018-11-30 07:00:00,8.44,8.64,8.34,8.64,287330
2018-12-03 07:00:00,8.68,9.03,8.68,8.96,290440
2018-12-04 07:00:00,9.06,9.06,8.83,8.93,235710
2018-12-05 07:00:00,8.88,9.38,8.82,9.11,378370
2018-12-06 07:00:00,9.11,9.55,9.11,9.36,363230
2018-12-07 07:00:00,9.38,9.63,9.33,9.36,424610
2018-12-10 07:00:00,9.16,9.36,9.16,9.28,274580
2018-12-11 07:00:00,9.18,9.43,9.18,9.43,232840
2018-12-12 07:00:00,9.4,9.63,9.36,9.53,338350
2018-12-13 07:00:00,9.48,9.64,9.37,9.43,377530
2018-12-14 07:00:00,9.36,9.5,9.36,9.43,227210
2018-12-17 07:00:00,9.43,9.43,9.16,9.23,319920
2018-12-18 07:00:00,9.06,9.18,8.87,9.01,296090
2018-12-19 07:00:00,9.01,9.06,8.87,9.02,237420
2018-12-20 07:00:00,8.99,9.16,8.93,9.08,223070
2018-12-21 07:00:00,9.06,9.17,8.93,9.09,137240
2018-12-24 07:00:00,9.23,9.35,9.2,9.28,205440
2018-12-25 07:00:00,9.21,9.23,8.8,8.95,195860
2018-12-26 07:00:00,8.95,9.11,8.95,8.95,168190
2018-12-27 07:00:00,9.18,9.18,8.95,9.09,200660
2018-12-28 07:00:00,9.01,9.04,8.8,8.8,184270
2019-01-02 07:00:00,8.8,9.06,8.44,8.44,229660
2019-01-03 07:00:00,8.44,8.6,8.34,8.39,180650
2019-01-04 07:00:00,8.37,8.79,8.24,8.79,181500
2019-01-07 07:00:00,8.93,9.06,8.88,9.06,154070
2019-01-08 07:00:00,9.12,9.14,9.01,9.03,207610
2019-01-09 07:00:00,8.95,9.18,8.95,9.17,192550
2019-01-10 07:00:00,9.18,9.21,9.03,9.03,63000
2019-01-11 07:00:00,9.03,9.34,9.03,9.23,415380
2019-01-14 07:00:00,9.23,9.28,9.09,9.23,152710
2019-01-15 07:00:00,9.18,9.44,9.18,9.28,228400
2019-01-16 07:00:00,9.34,9.34,9.11,9.11,141700
2019-01-17 07:00:00,9.18,9.18,9.01,9.03,202540
2019-01-18 07:00:00,9.02,9.06,8.97,8.99,158750
2019-01-21 07:00:00,8.99,9.31,8.99,9.3,245650
2019-01-22 07:00:00,9.3,9.54,9.23,9.36,276490
2019-01-23 07:00:00,9.36,9.46,9.18,9.36,216410
2019-01-24 07:00:00,9.36,9.45,9.21,9.21,132610
2019-01-25 07:00:00,9.21,9.36,9.18,9.36,215290
2019-01-28 07:00:00,9.46,9.52,9.36,9.44,245040
2019-01-29 07:00:00,9.39,9.46,9.31,9.46,153350
2019-01-30 07:00:00,9.49,9.64,9.4,9.59,374500
2019-01-31 07:00:00,9.59,9.72,9.49,9.54,148320
2019-02-01 07:00:00,9.49,9.54,9.36,9.54,82050
2019-02-11 07:00:00,9.62,9.62,9.39,9.41,114170
2019-02-12 07:00:00,9.54,9.69,9.49,9.54,575880
2019-02-13 07:00:00,9.5,9.54,9.41,9.49,365900
2019-02-14 07:00:00,9.49,9.49,9.39,9.39,212080
2019-02-15 07:00:00,9.34,9.49,9.32,9.39,218150
2019-02-18 07:00:00,9.39,9.54,9.36,9.38,225450
2019-02-19 07:00:00,9.38,9.62,9.35,9.52,639310
2019-02-20 07:00:00,9.52,9.58,9.44,9.46,204270
2019-02-21 07:00:00,9.46,9.57,9.4,9.41,414060
2019-02-22 07:00:00,9.39,9.44,9.31,9.44,381250
2019-02-25 07:00:00,9.44,9.54,9.4,9.43,200770
2019-02-26 07:00:00,9.49,9.49,9.36,9.43,213570
2019-02-27 07:00:00,9.44,10.02,9.41,10.0,1220890
2019-02-28 07:00:00,10.06,10.15,9.85,9.85,599990
2019-03-01 07:00:00,9.85,10.38,9.82,10.38,680870
2019-03-04 07:00:00,10.55,10.61,10.26,10.38,704720
2019-03-05 07:00:00,10.38,10.69,10.2,10.38,484010
2019-03-06 07:00:00,10.38,10.83,10.28,10.83,708090
2019-03-07 07:00:00,10.83,10.83,10.59,10.64,283170
2019-03-08 07:00:00,10.66,10.66,10.29,10.33,614350
2019-03-11 07:00:00,10.43,10.69,10.31,10.64,385220
2019-03-12 07:00:00,10.71,10.79,10.54,10.79,264870
2019-03-13 07:00:00,10.84,10.87,10.61,10.69,213680
2019-03-14 07:00:00,10.69,10.8,10.59,10.76,382330
2019-03-15 07:00:00,10.82,11.1,10.78,10.87,532450
2019-03-18 07:00:00,10.97,11.35,10.97,11.34,690700
2019-03-19 07:00:00,11.35,11.48,11.12,11.14,607360
2019-03-20 07:00:00,11.02,11.2,10.82,11.2,672110
2019-03-21 07:00:00,11.2,11.35,10.66,10.66,384760
2019-03-22 07:00:00,10.64,10.82,10.59,10.74,377720
2019-03-25 07:00:00,10.43,10.64,10.28,10.28,718890
2019-03-26 07:00:00,10.54,10.54,10.24,10.5,352030
2019-03-27 07:00:00,10.61,10.68,10.43,10.59,334670
2019-03-28 07:00:00,10.46,10.64,10.38,10.59,243000
2019-03-29 07:00:00,10.61,10.7,10.51,10.51,204640
2019-04-01 07:00:00,10.51,10.87,10.51,10.84,565510
2019-04-02 07:00:00,10.94,11.02,10.76,10.79,487000
2019-04-03 07:00:00,10.79,10.94,10.66,10.84,286990
2019-04-04 07:00:00,10.76,11.02,10.71,10.82,426660
2019-04-05 07:00:00,10.89,10.94,10.71,10.87,242350
2019-04-08 07:00:00,10.97,11.14,10.84,11.11,653170
2019-04-09 07:00:00,11.2,11.2,10.98,10.98,403650
2019-04-10 07:00:00,10.87,11.1,10.76,11.02,442830
2019-04-11 07:00:00,10.97,11.1,10.92,10.92,343170
2019-04-12 07:00:00,10.87,11.06,10.84,10.97,387170
2019-04-16 07:00:00,10.89,10.94,10.71,10.9,394310
2019-04-17 07:00:00,10.97,11.0,10.69,10.71,388420
2019-04-18 07:00:00,10.69,10.71,10.1,10.34,883350
2019-04-19 07:00:00,10.4,10.43,9.96,9.96,617770
2019-04-22 07:00:00,9.85,9.95,9.46,9.57,816560
2019-04-23 07:00:00,9.73,9.87,9.63,9.76,203970
2019-04-24 07:00:00,9.82,9.95,9.69,9.82,104840
2019-04-25 07:00:00,9.87,9.87,9.44,9.65,464650
2019-04-26 07:00:00,9.72,9.95,9.59,9.95,192610
2019-05-02 07:00:00,9.96,10.08,9.85,10.08,206340
2019-05-03 07:00:00,10.26,10.36,10.06,10.18,555050
2019-05-06 07:00:00,10.18,10.18,9.68,9.68,342910
2019-05-07 07:00:00,9.69,9.85,9.67,9.74,127400
2019-05-08 07:00:00,9.57,9.74,9.52,9.74,211980
2019-05-09 07:00:00,9.74,9.9,9.5,9.54,197760
2019-05-10 07:00:00,9.52,9.74,9.44,9.64,194310
2019-05-13 07:00:00,9.59,9.77,9.59,9.74,216260
2019-05-14 07:00:00,9.69,9.76,9.64,9.74,203070
2019-05-15 07:00:00,9.81,9.91,9.81,9.91,332760
2019-05-16 07:00:00,9.95,9.97,9.91,9.91,263760
2019-05-17 07:00:00,9.95,9.95,9.77,9.77,114630
2019-05-20 07:00:00,9.76,9.92,9.71,9.87,325570
2019-05-21 07:00:00,9.91,9.91,9.82,9.82,183990
2019-05-22 07:00:00,9.81,9.9,9.74,9.81,197390
2019-05-23 07:00:00,9.81,9.82,9.73,9.82,248200
2019-05-24 07:00:00,9.76,10.26,9.76,10.12,837290
2019-05-27 07:00:00,10.26,10.38,10.17,10.36,574190
2019-05-28 07:00:00,10.36,10.54,10.27,10.5,410860
2019-05-29 07:00:00,10.46,10.57,10.33,10.34,455220
2019-05-30 07:00:00,10.34,10.41,10.23,10.36,203130
2019-05-31 07:00:00,10.36,10.37,9.88,9.88,464110
2019-06-03 07:00:00,9.8,10.02,9.8,9.83,333660
2019-06-04 07:00:00,9.88,9.9,9.8,9.83,190510
2019-06-05 07:00:00,10.0,10.0,9.85,9.86,109010
2019-06-06 07:00:00,9.86,9.9,9.73,9.77,409080
2019-06-07 07:00:00,9.76,9.85,9.74,9.77,140970
2019-06-10 07:00:00,9.8,10.01,9.8,9.99,353710
2019-06-11 07:00:00,10.13,10.48,10.13,10.42,528090
2019-06-12 07:00:00,10.43,10.43,10.21,10.27,195050
2019-06-13 07:00:00,10.16,10.35,10.1,10.19,170220
2019-06-14 07:00:00,10.19,10.29,10.13,10.19,84390
2019-06-17 07:00:00,10.19,10.19,10.04,10.07,165850
2019-06-18 07:00:00,10.07,10.07,9.81,9.84,219390
2019-06-19 07:00:00,9.97,10.04,9.94,9.97,171300
2019-06-20 07:00:00,10.07,10.18,9.94,10.16,189970
2019-06-21 07:00:00,10.16,10.4,10.16,10.27,399750
2019-06-24 07:00:00,10.32,10.4,10.21,10.27,310130
2019-06-25 07:00:00,10.27,10.27,10.08,10.13,160490
2019-06-26 07:00:00,10.11,10.29,10.1,10.23,164870
2019-06-27 07:00:00,10.31,10.31,10.1,10.26,190290
2019-06-28 07:00:00,10.29,10.62,10.29,10.62,1405170
2019-07-01 07:00:00,10.66,10.91,10.66,10.83,565100
2019-07-02 07:00:00,10.9,10.93,10.77,10.86,354550
2019-07-03 07:00:00,10.77,11.05,10.7,10.94,805030
2019-07-04 07:00:00,11.04,11.04,10.9,10.9,377440
2019-07-05 07:00:00,10.83,11.05,10.83,10.96,315790
2019-07-08 07:00:00,11.05,11.12,10.94,11.1,868100
2019-07-09 07:00:00,10.99,11.13,10.99,11.12,291770
2019-07-10 07:00:00,11.12,11.15,11.02,11.15,403910
2019-07-11 07:00:00,11.15,11.28,10.77,10.91,1155000
2019-07-12 07:00:00,10.86,11.1,10.86,10.94,519700
2019-07-15 07:00:00,10.86,11.02,10.9,10.94,316470
2019-07-16 07:00:00,10.94,11.4,10.94,11.31,1347680
2019-07-17 07:00:00,11.31,11.61,11.15,11.44,669350
2019-07-18 07:00:00,11.44,11.47,11.18,11.39,350580
2019-07-19 07:00:00,11.34,11.47,11.21,11.24,664370
2019-07-22 07:00:00,11.17,11.18,10.96,11.02,739120
2019-07-23 07:00:00,10.96,11.56,10.96,11.56,1354980
2019-07-24 07:00:00,11.56,11.77,11.56,11.64,873820
2019-07-25 07:00:00,11.68,11.76,11.53,11.76,499700
2019-07-26 07:00:00,11.72,11.79,11.53,11.6,458030
2019-07-29 07:00:00,11.6,11.66,11.34,11.53,766020
2019-07-30 07:00:00,11.53,11.66,11.21,11.24,656280
2019-07-31 07:00:00,11.37,11.61,11.1,11.61,645040
2019-08-01 07:00:00,11.66,11.93,11.6,11.87,1254450
2019-08-02 07:00:00,11.82,11.98,11.68,11.88,719460
2019-08-05 07:00:00,11.85,11.9,11.66,11.77,1008770
2019-08-06 07:00:00,11.63,11.66,11.32,11.66,963640
2019-08-07 07:00:00,11.63,11.72,11.47,11.6,437570
2019-08-08 07:00:00,11.48,11.85,11.48,11.84,940650
2019-08-09 07:00:00,11.82,11.99,11.69,11.69,746950
2019-08-12 07:00:00,11.66,11.76,11.4,11.56,634110
2019-08-13 07:00:00,11.44,11.6,11.17,11.17,1427860
2019-08-14 07:00:00,11.24,11.4,11.24,11.36,542870
2019-08-15 07:00:00,11.18,11.53,11.12,11.53,675530
2019-08-16 07:00:00,11.6,11.6,11.34,11.53,852690
2019-08-19 07:00:00,11.47,11.64,11.45,11.58,504010
2019-08-20 07:00:00,11.69,11.8,11.53,11.74,1557630
2019-08-21 07:00:00,11.79,11.88,11.47,11.47,1001550
2019-08-22 07:00:00,11.52,11.56,11.44,11.52,514640
2019-08-23 07:00:00,11.47,11.52,11.34,11.44,748060
2019-08-26 07:00:00,11.31,11.31,11.13,11.23,504310
2019-08-27 07:00:00,11.24,11.4,11.17,11.18,451090
2019-08-28 07:00:00,11.21,11.21,10.86,10.86,1152280
2019-08-29 07:00:00,10.8,11.04,10.8,10.96,581110
2019-08-30 07:00:00,10.96,11.31,10.96,11.18,455730
2019-09-03 07:00:00,11.18,11.37,11.09,11.12,256660
2019-09-04 07:00:00,11.18,11.09,10.86,10.99,433550
2019-09-05 07:00:00,11.15,11.28,11.05,11.26,304970
2019-09-06 07:00:00,11.26,11.32,11.04,11.21,184670
2019-09-09 07:00:00,11.05,11.2,10.93,10.93,219740
2019-09-10 07:00:00,10.93,10.98,10.35,10.51,1235630
2019-09-11 07:00:00,10.5,10.78,10.48,10.78,377580
2019-09-12 07:00:00,10.78,10.94,10.78,10.93,307290
2019-09-13 07:00:00,10.86,11.02,10.86,11.01,310610
2019-09-16 07:00:00,11.02,11.09,10.86,10.93,201400
2019-09-17 07:00:00,10.93,10.96,10.77,10.9,278230
2019-09-18 07:00:00,10.93,11.1,10.93,11.05,326920
2019-09-19 07:00:00,11.05,11.05,10.93,11.02,139290
2019-09-20 07:00:00,11.05,11.05,10.83,10.9,309610
2019-09-23 07:00:00,10.9,10.9,10.69,10.8,339290
2019-09-24 07:00:00,10.8,10.93,10.7,10.93,235490
2019-09-25 07:00:00,10.93,11.09,10.93,11.07,328480
2019-09-26 07:00:00,11.15,11.2,11.07,11.15,259520
2019-09-27 07:00:00,11.15,11.32,11.12,11.2,485670
2019-09-30 07:00:00,11.28,11.28,11.05,11.15,157660
2019-10-01 07:00:00,11.05,11.28,11.05,11.21,243560
2019-10-02 07:00:00,11.24,11.44,11.21,11.31,731040
2019-10-03 07:00:00,11.34,11.68,11.31,11.68,1173330
2019-10-04 07:00:00,11.77,11.79,11.5,11.56,497570
2019-10-07 07:00:00,11.5,11.6,11.31,11.31,488270
2019-10-08 07:00:00,11.23,11.4,11.23,11.37,302120
2019-10-09 07:00:00,11.42,11.63,11.32,11.5,556650
2019-10-10 07:00:00,11.5,11.63,11.5,11.58,621560
2019-10-11 07:00:00,11.66,11.68,11.47,11.58,840570
2019-10-14 07:00:00,11.79,11.85,11.6,11.63,1977970
2019-10-15 07:00:00,11.53,11.56,11.23,11.4,1311470
2019-10-16 07:00:00,11.47,11.47,11.24,11.28,381260
2019-10-17 07:00:00,11.18,11.29,11.1,11.24,688000
2019-10-18 07:00:00,11.24,11.39,11.18,11.31,382200
2019-10-21 07:00:00,11.18,11.37,11.18,11.28,281780
2019-10-22 07:00:00,11.18,11.36,11.18,11.28,413780
2019-10-23 07:00:00,11.31,11.31,11.18,11.28,268900
2019-10-24 07:00:00,11.26,11.31,11.2,11.24,278880
2019-10-25 07:00:00,11.31,11.31,11.18,11.26,375510
2019-10-28 07:00:00,11.29,11.36,11.24,11.26,235740
2019-10-29 07:00:00,11.24,11.29,11.17,11.17,245720
2019-10-30 07:00:00,11.15,11.24,11.12,11.21,234170
2019-10-31 07:00:00,11.32,11.4,11.2,11.26,420100
2019-11-01 07:00:00,11.24,11.26,11.12,11.26,304530
2019-11-04 07:00:00,11.28,11.44,11.24,11.44,592740
2019-11-05 07:00:00,11.47,11.52,11.31,11.42,430110
2019-11-06 07:00:00,11.44,11.53,11.36,11.36,423060
2019-11-07 07:00:00,11.42,11.42,11.26,11.31,283610
2019-11-08 07:00:00,11.32,11.32,11.2,11.28,263710
2019-11-11 07:00:00,11.28,11.28,11.12,11.15,420240
2019-11-12 07:00:00,11.13,11.18,10.96,11.09,597200
2019-11-13 07:00:00,11.09,11.12,11.01,11.09,249640
2019-11-14 07:00:00,11.09,11.12,11.02,11.1,201400
2019-11-15 07:00:00,11.1,11.15,11.02,11.13,226860
2019-11-18 07:00:00,11.09,11.13,10.9,11.05,597630
2019-11-19 07:00:00,11.05,11.05,10.93,10.99,347270
2019-11-20 07:00:00,10.99,11.09,10.91,11.07,394930
2019-11-21 07:00:00,11.09,11.09,10.93,11.07,740480
2019-11-22 07:00:00,11.02,11.05,10.78,10.91,596450
2019-11-25 07:00:00,10.83,10.9,10.45,10.51,504000
2019-11-26 07:00:00,10.51,10.83,10.51,10.83,1233960
2019-11-27 07:00:00,10.83,10.99,10.59,10.91,447470
2019-11-28 07:00:00,10.64,10.9,10.64,10.67,254640
2019-11-29 07:00:00,10.58,10.74,10.58,10.64,125960
2019-12-02 07:00:00,10.7,10.75,10.26,10.46,400150
2019-12-03 07:00:00,10.1,10.45,10.07,10.07,403550
2019-12-04 07:00:00,9.96,10.07,9.84,10.07,595770
2019-12-05 07:00:00,10.08,10.32,10.08,10.29,459370
2019-12-06 07:00:00,10.1,10.34,10.1,10.32,212750
2019-12-09 07:00:00,10.32,10.35,10.24,10.32,326840
2019-12-10 07:00:00,10.26,10.32,10.26,10.31,296090
2019-12-11 07:00:00,10.21,10.29,10.16,10.26,153220
2019-12-12 07:00:00,10.19,10.5,10.19,10.5,246720
2019-12-13 07:00:00,10.5,10.56,10.38,10.48,111500
2019-12-16 07:00:00,10.48,10.48,10.35,10.4,97750
2019-12-17 07:00:00,10.42,10.45,10.35,10.4,207810
2019-12-18 07:00:00,10.38,10.51,10.35,10.35,274750
2019-12-19 07:00:00,10.38,10.38,10.32,10.38,183920
2019-12-20 07:00:00,10.42,10.5,10.35,10.38,388480
2019-12-23 07:00:00,10.4,10.45,10.29,10.29,192570
2019-12-24 07:00:00,10.29,10.29,10.0,10.02,214870
2019-12-25 07:00:00,10.1,10.18,9.97,10.1,226870
2019-12-26 07:00:00,10.36,10.36,10.07,10.23,181060
2019-12-27 07:00:00,10.08,10.18,9.98,10.1,98820
2019-12-30 07:00:00,10.08,10.2,9.92,9.92,293760
2019-12-31 07:00:00,9.92,9.92,9.72,9.87,185130
2020-01-02 07:00:00,9.77,10.02,9.77,9.87,207360
2020-01-03 07:00:00,9.87,10.2,9.87,10.08,381270
2020-01-06 07:00:00,10.12,10.12,9.88,9.95,218960
2020-01-07 07:00:00,9.87,9.93,9.79,9.93,262170
2020-01-08 07:00:00,9.84,10.2,9.41,10.2,359560
2020-01-09 07:00:00,9.93,10.07,9.8,9.88,179980
2020-01-10 07:00:00,9.88,9.98,9.74,9.8,130280
2020-01-13 07:00:00,9.64,9.87,9.64,9.67,105560
2020-01-14 07:00:00,9.8,9.95,9.67,9.95,262930
2020-01-15 07:00:00,9.98,10.08,9.85,10.07,254790
2020-01-16 07:00:00,9.95,10.08,9.93,10.07,221510
2020-01-17 07:00:00,10.03,10.03,9.85,9.85,114120
2020-01-20 07:00:00,9.77,9.85,9.74,9.77,117710
2020-01-21 07:00:00,9.77,9.87,9.74,9.87,131460
2020-01-22 07:00:00,9.87,10.03,9.82,9.84,101130
2020-01-30 07:00:00,9.84,9.84,9.38,9.52,320140
2020-01-31 07:00:00,9.46,9.54,9.05,9.05,429210
2020-02-03 07:00:00,8.85,8.85,8.42,8.75,832420
2020-02-04 07:00:00,8.57,8.77,8.52,8.55,161190
2020-02-05 07:00:00,8.55,8.75,8.55,8.65,155520
2020-02-06 07:00:00,8.7,8.96,8.59,8.96,185780
2020-02-07 07:00:00,8.88,8.96,8.8,8.96,100460
2020-02-10 07:00:00,8.75,8.85,8.73,8.73,93190
2020-02-11 07:00:00,8.86,8.86,8.73,8.85,129280
2020-02-12 07:00:00,8.82,9.18,8.82,9.1,329660
2020-02-13 07:00:00,9.1,9.38,9.03,9.31,167310
2020-02-14 07:00:00,9.24,9.38,9.23,9.24,84540
2020-02-17 07:00:00,9.24,9.24,9.05,9.1,172380
2020-02-18 07:00:00,9.1,9.18,8.98,9.1,114550
2020-02-19 07:00:00,9.1,9.16,9.08,9.1,106640
2020-02-20 07:00:00,9.16,9.26,9.08,9.26,220810
2020-02-21 07:00:00,9.28,9.51,9.28,9.29,494060
2020-02-24 07:00:00,8.98,9.01,8.72,8.72,210710
2020-02-25 07:00:00,8.31,9.05,8.31,9.05,326380
2020-02-26 07:00:00,8.64,8.88,8.64,8.78,112760
2020-02-27 07:00:00,8.78,8.98,8.68,8.98,106490
2020-02-28 07:00:00,8.73,8.93,8.67,8.82,399070
2020-03-02 07:00:00,8.64,8.75,8.55,8.68,135130
2020-03-03 07:00:00,8.85,8.85,8.65,8.65,253300
2020-03-04 07:00:00,8.59,8.72,8.57,8.65,149140
2020-03-05 07:00:00,8.72,8.77,8.65,8.65,122270
2020-03-06 07:00:00,8.67,8.85,8.64,8.73,438430
2020-03-09 07:00:00,8.19,8.47,8.12,8.12,349660
2020-03-10 07:00:00,7.66,8.12,7.63,7.9,343770
2020-03-11 07:00:00,8.06,8.06,7.35,7.35,638030
2020-03-12 07:00:00,6.91,6.94,6.84,6.84,806400
2020-03-13 07:00:00,6.36,6.74,6.36,6.74,695750
2020-03-16 07:00:00,6.41,6.64,6.28,6.28,662940
2020-03-17 07:00:00,5.92,6.71,5.86,6.51,1315930
2020-03-18 07:00:00,6.56,6.58,6.35,6.51,640230
2020-03-19 07:00:00,6.45,6.45,6.18,6.25,425880
2020-03-20 07:00:00,6.22,6.33,6.15,6.25,364770
2020-03-23 07:00:00,6.25,6.25,5.82,5.82,788010
2020-03-24 07:00:00,5.69,5.99,5.49,5.81,572080
2020-03-25 07:00:00,5.92,6.12,5.92,6.04,509070
2020-03-26 07:00:00,6.0,6.0,5.67,5.69,855560
2020-03-27 07:00:00,5.79,5.82,5.62,5.72,339550
2020-03-30 07:00:00,5.41,5.51,5.33,5.33,524680
2020-03-31 07:00:00,5.33,5.69,5.26,5.4,267720
2020-04-01 07:00:00,5.4,5.69,5.36,5.58,174430
2020-04-03 07:00:00,5.67,5.92,5.67,5.84,355510
2020-04-06 07:00:00,5.95,6.23,5.95,6.23,494070
2020-04-07 07:00:00,6.48,6.66,6.28,6.61,564650
2020-04-08 07:00:00,6.58,6.64,6.28,6.5,299930
2020-04-09 07:00:00,6.48,6.74,6.48,6.63,318690
2020-04-10 07:00:00,6.48,6.76,6.48,6.58,230190
2020-04-13 07:00:00,6.64,6.88,6.63,6.84,224140
2020-04-14 07:00:00,6.91,7.07,6.81,7.04,634760
2020-04-15 07:00:00,7.19,7.52,7.1,7.52,620640
2020-04-16 07:00:00,7.63,8.03,7.63,8.03,921010
2020-04-17 07:00:00,8.37,8.59,8.36,8.44,1288180
2020-04-20 07:00:00,8.36,8.39,7.9,8.03,794140
2020-04-21 07:00:00,7.9,7.96,7.47,7.47,903100
2020-04-22 07:00:00,7.1,7.83,7.1,7.81,335690
2020-04-23 07:00:00,7.9,7.99,7.53,7.6,375230
2020-04-24 07:00:00,7.57,7.73,7.45,7.63,487610
2020-04-27 07:00:00,7.93,7.93,7.58,7.81,629130
2020-04-28 07:00:00,7.81,8.01,7.8,7.96,633280
2020-04-29 07:00:00,7.98,8.01,7.9,7.98,307320
2020-05-04 07:00:00,7.93,7.93,7.7,7.7,191090
2020-05-05 07:00:00,7.7,7.76,7.57,7.71,150820
2020-05-06 07:00:00,7.8,7.84,7.66,7.83,308890
2020-05-07 07:00:00,7.83,7.96,7.8,7.96,452900
2020-05-08 07:00:00,8.04,8.09,7.86,7.9,389660
2020-05-11 07:00:00,8.16,8.16,7.88,8.16,466870
2020-05-12 07:00:00,8.16,8.42,8.06,8.32,400790
2020-05-13 07:00:00,8.24,8.54,8.22,8.39,396330
2020-05-14 07:00:00,8.32,8.96,8.26,8.96,1082360
2020-05-15 07:00:00,9.08,9.21,8.78,8.78,901280
2020-05-18 07:00:00,8.78,8.93,8.68,8.85,396470
2020-05-19 07:00:00,8.95,9.01,8.82,8.82,621890
2020-05-20 07:00:00,8.78,8.85,8.7,8.7,435020
2020-05-21 07:00:00,8.7,8.85,8.7,8.8,264330
2020-05-22 07:00:00,8.8,8.8,8.55,8.55,577650
2020-05-25 07:00:00,8.65,9.14,8.47,9.14,957230
2020-05-26 07:00:00,9.34,9.44,9.21,9.26,557780
2020-05-27 07:00:00,9.31,9.31,9.05,9.05,862740
2020-05-28 07:00:00,9.0,9.18,8.95,9.11,374410
2020-05-29 07:00:00,9.14,9.38,9.08,9.38,580200
2020-06-01 07:00:00,9.47,9.54,9.38,9.44,440680
2020-06-02 07:00:00,9.54,9.57,9.28,9.31,613750
2020-06-03 07:00:00,9.31,9.57,9.24,9.41,529030
2020-06-04 07:00:00,9.41,9.51,9.34,9.34,444390
2020-06-05 07:00:00,9.38,9.47,9.28,9.41,418100
2020-06-08 07:00:00,9.54,9.54,9.44,9.49,455600
2020-06-09 07:00:00,9.54,10.15,9.47,10.02,1037760
2020-06-10 07:00:00,10.03,10.1,9.75,9.98,462550
2020-06-11 07:00:00,9.98,10.03,9.29,9.29,930830
2020-06-12 07:00:00,8.77,9.29,8.77,9.11,761760
2020-06-15 07:00:00,9.41,9.41,8.51,8.68,902970
2020-06-16 07:00:00,9.07,9.07,8.79,9.03,253430
2020-06-17 07:00:00,9.13,9.13,8.81,8.92,335240
2020-06-18 07:00:00,8.81,8.98,8.81,8.92,261210
2020-06-19 07:00:00,8.98,9.11,8.86,9.11,313520
2020-06-22 07:00:00,9.26,9.26,8.98,9.09,351020
2020-06-23 07:00:00,9.09,9.09,8.94,8.98,442380
2020-06-24 07:00:00,8.98,9.11,8.86,8.9,359010
2020-06-25 07:00:00,8.58,8.88,8.58,8.86,256200
2020-06-26 07:00:00,8.98,8.98,8.73,8.83,120180
2020-06-29 07:00:00,8.86,8.86,8.3,8.43,508270
2020-06-30 07:00:00,8.3,8.6,8.13,8.24,388680
2020-07-01 07:00:00,8.36,8.36,8.19,8.3,385590
2020-07-02 07:00:00,8.3,8.38,8.24,8.26,113230
2020-07-03 07:00:00,8.28,8.3,8.24,8.28,312050
2020-07-06 07:00:00,8.32,8.38,8.28,8.34,266710
2020-07-07 07:00:00,8.43,8.92,8.43,8.81,2470760
2020-07-08 07:00:00,8.81,9.24,8.81,9.03,1006020
2020-07-09 07:00:00,9.07,9.2,8.96,9.03,592060
2020-07-10 07:00:00,8.88,8.98,8.77,8.86,855940
2020-07-13 07:00:00,8.98,9.03,8.73,8.77,566650
2020-07-14 07:00:00,8.77,8.88,8.7,8.77,394660
2020-07-15 07:00:00,8.9,9.01,8.77,8.86,842470
2020-07-16 07:00:00,8.96,8.98,8.77,8.77,588350
2020-07-17 07:00:00,8.77,8.94,8.77,8.9,524540
2020-07-20 07:00:00,8.92,8.92,8.77,8.77,456880
2020-07-21 07:00:00,8.77,8.79,8.58,8.7,401160
2020-07-22 07:00:00,8.7,8.7,8.49,8.51,527510
2020-07-23 07:00:00,8.51,8.68,8.51,8.64,431760
2020-07-24 07:00:00,8.56,8.6,8.04,8.04,1383970
2020-07-27 07:00:00,7.49,7.85,7.49,7.49,1705620
2020-07-28 07:00:00,7.49,7.83,7.38,7.66,720420
2020-07-29 07:00:00,7.38,7.49,7.12,7.27,1074240
2020-07-30 07:00:00,7.27,7.57,7.27,7.36,345840
2020-07-31 07:00:00,7.87,7.87,7.83,7.87,1886000
2020-08-03 07:00:00,8.38,8.41,8.13,8.41,2606650
2020-08-04 07:00:00,8.56,8.86,8.51,8.56,880440
2020-08-05 07:00:00,8.47,8.81,8.43,8.64,1750310
2020-08-06 07:00:00,8.58,8.92,8.58,8.79,1882340
2020-08-07 07:00:00,8.9,8.92,8.75,8.77,846640
2020-08-10 07:00:00,8.92,8.92,8.68,8.75,1446310
2020-08-11 07:00:00,8.75,8.77,8.6,8.68,1173490
2020-08-12 07:00:00,8.68,8.88,8.68,8.81,1223580
2020-08-13 07:00:00,8.9,9.18,8.75,9.05,1678710
2020-08-14 07:00:00,9.07,9.37,9.01,9.18,2039110
2020-08-17 07:00:00,9.2,9.28,9.03,9.15,1060530
2020-08-18 07:00:00,9.07,9.2,9.05,9.13,1243930
2020-08-19 07:00:00,9.15,9.18,9.07,9.15,987840
2020-08-20 07:00:00,9.15,9.58,9.11,9.54,3374870
2020-08-21 07:00:00,9.62,9.88,9.54,9.8,2267860
2020-08-24 07:00:00,9.95,9.97,9.71,9.75,2094450
2020-08-25 07:00:00,9.75,9.82,9.67,9.75,2667070
2020-08-26 07:00:00,9.71,10.01,9.62,9.82,1885130
2020-08-27 07:00:00,9.82,9.99,9.8,9.84,1502060
2020-08-28 07:00:00,9.84,9.9,9.78,9.78,1177810
2020-08-31 07:00:00,9.84,9.88,9.65,9.69,1110150
2020-09-01 07:00:00,9.69,9.78,9.56,9.6,2024910
2020-09-03 07:00:00,9.67,9.73,9.43,9.48,1991180
2020-09-04 07:00:00,9.39,9.9,9.35,9.78,2822710
2020-09-07 07:00:00,9.84,9.84,9.6,9.6,1292910
2020-09-08 07:00:00,9.84,9.84,9.58,9.62,664150
2020-09-09 07:00:00,9.54,9.65,9.54,9.65,1100900
2020-09-10 07:00:00,9.78,9.92,9.65,9.82,3663080
2020-09-11 07:00:00,9.82,10.35,9.71,10.31,4911690
2020-09-14 07:00:00,10.44,10.48,10.35,10.37,2001860
2020-09-15 07:00:00,10.37,10.4,10.2,10.27,2255690
2020-09-16 07:00:00,10.24,10.5,10.2,10.4,2152470
2020-09-17 07:00:00,10.4,10.67,10.37,10.57,2763040
2020-09-18 07:00:00,10.59,10.61,10.46,10.52,1019810
2020-09-21 07:00:00,10.52,10.57,10.22,10.24,3110690
2020-09-22 07:00:00,10.18,10.42,10.18,10.27,2030540
2020-09-23 07:00:00,10.31,10.42,10.27,10.37,1452960
2020-09-24 07:00:00,10.33,10.44,10.27,10.42,1195140
2020-09-25 07:00:00,10.37,10.44,10.31,10.33,1317800
2020-09-28 07:00:00,10.33,10.4,10.29,10.33,983690
2020-09-29 07:00:00,10.37,10.67,10.33,10.37,2524220
2020-09-30 07:00:00,10.42,10.65,10.37,10.65,2736490
2020-10-01 07:00:00,10.82,10.91,10.72,10.82,1976370
2020-10-02 07:00:00,10.82,10.89,10.4,10.69,2985170
2020-10-05 07:00:00,10.69,11.04,10.65,11.02,2816750
2020-10-06 07:00:00,11.08,11.08,10.93,11.02,1436070
2020-10-07 07:00:00,10.95,11.23,10.91,10.99,2387280
2020-10-08 07:00:00,11.06,11.06,10.82,10.91,2620120
2020-10-09 07:00:00,10.89,10.99,10.87,10.93,1058990
2020-10-12 07:00:00,10.93,11.04,10.84,10.87,1374880
2020-10-13 07:00:00,10.87,10.91,10.69,10.74,1631590
2020-10-14 07:00:00,10.74,10.82,10.69,10.69,1024380
2020-10-15 07:00:00,10.69,10.8,10.31,10.31,1816090
2020-10-16 07:00:00,10.31,10.35,10.12,10.27,1312000
2020-10-19 07:00:00,10.27,10.61,10.27,10.48,827930
2020-10-20 07:00:00,10.48,10.61,10.4,10.52,611010
2020-10-21 07:00:00,10.57,10.57,10.42,10.46,687460
2020-10-22 07:00:00,10.44,10.44,10.35,10.42,315860
2020-10-23 07:00:00,10.44,10.57,10.42,10.54,645250
2020-10-26 07:00:00,10.54,10.89,10.54,10.65,1446180
2020-10-27 07:00:00,10.59,10.8,10.54,10.61,1007170
2020-10-28 07:00:00,10.67,10.67,10.27,10.27,952910
2020-10-29 07:00:00,10.14,10.33,9.92,10.03,1344750
2020-10-30 07:00:00,10.18,10.2,9.78,9.92,1073250
2020-11-02 07:00:00,9.84,9.86,9.67,9.75,1188960
2020-11-03 07:00:00,9.75,10.24,9.75,10.1,679590
2020-11-04 07:00:00,10.2,10.33,10.1,10.31,801660
2020-11-05 07:00:00,10.27,10.35,10.2,10.2,825520
2020-11-06 07:00:00,10.2,10.57,10.18,10.48,1238640
2020-11-09 07:00:00,10.57,10.65,10.44,10.61,937350
2020-11-10 07:00:00,10.74,10.8,10.57,10.59,906010
2020-11-11 07:00:00,10.65,10.67,10.52,10.61,1406470
2020-11-12 07:00:00,10.61,10.8,10.61,10.69,1427110
2020-11-13 07:00:00,10.74,10.78,10.67,10.74,1572640
2020-11-16 07:00:00,10.82,10.82,10.67,10.67,2410140
2020-11-17 07:00:00,10.67,10.95,10.63,10.95,2343130
2020-11-18 07:00:00,10.95,11.55,10.93,11.55,3477540
2020-11-19 07:00:00,11.59,11.66,11.42,11.61,1988860
2020-11-20 07:00:00,11.61,11.87,11.55,11.83,2286790
2020-11-23 07:00:00,11.85,11.91,11.68,11.81,1804330
2020-11-24 07:00:00,11.76,11.85,11.4,11.59,2141930
2020-11-25 07:00:00,11.59,11.68,11.42,11.46,1533420
2020-11-26 07:00:00,11.38,11.7,11.32,11.7,2215250
2020-11-27 07:00:00,11.78,12.51,11.68,12.51,3960830
2020-11-30 07:00:00,12.73,13.05,12.53,12.56,1987610
2020-12-01 07:00:00,12.41,13.15,12.28,13.05,2505610
2020-12-02 07:00:00,13.05,13.09,12.75,12.81,2330000
2020-12-03 07:00:00,12.83,13.41,12.77,13.3,1799750
2020-12-04 07:00:00,13.24,13.52,13.15,13.39,1305240
2020-12-07 07:00:00,13.39,13.58,13.15,13.26,2566100
2020-12-08 07:00:00,13.26,13.32,12.92,13.11,1982910
2020-12-09 07:00:00,13.18,13.41,13.15,13.32,2161500
2020-12-10 07:00:00,13.35,13.82,13.22,13.5,2606050
2020-12-11 07:00:00,13.5,13.56,13.3,13.5,2256630
2020-12-14 07:00:00,13.69,14.35,13.69,14.31,1964080
2020-12-15 07:00:00,14.33,14.76,14.14,14.74,2240950
2020-12-16 07:00:00,14.76,14.97,14.59,14.72,1244140
2020-12-17 07:00:00,14.54,14.67,14.24,14.29,1753830
2020-12-18 07:00:00,14.48,14.89,14.2,14.89,2150800
2020-12-21 07:00:00,14.89,15.36,14.89,14.97,1267210
2020-12-22 07:00:00,14.95,15.08,14.76,15.04,1332530
2020-12-23 07:00:00,15.16,15.27,14.76,14.93,1512020
2020-12-24 07:00:00,14.89,14.97,14.03,14.76,1910880
2020-12-25 07:00:00,14.93,14.95,14.76,14.89,1028110
2020-12-28 07:00:00,14.97,15.59,14.93,15.51,2857790
2020-12-29 07:00:00,15.44,16.06,15.4,16.02,1915690
2020-12-30 07:00:00,16.06,16.83,16.02,16.6,1636710
2020-12-31 07:00:00,16.49,16.81,16.45,16.73,1840860
2021-01-04 07:00:00,17.28,17.88,16.94,17.75,1698700
2021-01-05 07:00:00,17.75,18.99,17.45,18.97,1770900
2021-01-06 07:00:00,18.97,19.46,18.39,18.52,2359500
2021-01-07 07:00:00,18.5,18.69,18.1,18.52,1726400
2021-01-08 07:00:00,18.61,18.91,18.22,18.48,1321100
2021-01-11 07:00:00,18.63,18.78,18.22,18.35,1795000
2021-01-12 07:00:00,18.48,18.5,18.1,18.35,1300800
2021-01-13 07:00:00,18.39,18.44,18.01,18.03,1687400
2021-01-14 07:00:00,18.03,18.03,17.2,17.86,1926600
2021-01-15 07:00:00,18.1,18.52,18.1,18.35,1792800
2021-01-18 07:00:00,18.61,19.46,18.31,19.04,2561300
2021-01-19 07:00:00,19.04,19.04,17.71,17.88,1756900
2021-01-20 07:00:00,17.99,18.27,16.94,18.18,1603600
2021-01-21 07:00:00,18.52,18.52,17.97,18.5,1221800
2021-01-22 07:00:00,18.5,19.78,18.44,19.48,4196400
2021-01-25 07:00:00,19.84,19.92,19.24,19.64,1628200
2021-01-26 07:00:00,19.31,19.55,18.28,18.55,1773200
2021-01-27 07:00:00,18.15,18.37,17.26,17.26,3134000
2021-01-28 07:00:00,16.05,16.88,16.05,16.05,3128200
2021-01-29 07:00:00,15.0,16.75,15.0,16.56,1602900
2021-02-01 07:00:00,16.56,16.62,15.42,15.42,1570700
2021-02-02 07:00:00,15.42,16.38,15.09,16.38,1953400
2021-02-03 07:00:00,16.62,16.97,16.31,16.82,1640200
2021-02-04 07:00:00,16.95,17.04,16.49,17.01,1233800
2021-02-05 07:00:00,17.01,17.89,16.73,17.63,916400
2021-02-08 07:00:00,17.8,17.82,16.49,16.88,1539700
2021-02-09 07:00:00,16.93,17.32,16.31,17.23,1769900
2021-02-17 07:00:00,17.28,18.37,17.28,18.15,952500
2021-02-18 07:00:00,18.28,18.35,17.93,18.13,943000
2021-02-19 07:00:00,18.13,19.03,17.93,18.5,1742400
2021-02-22 07:00:00,18.46,18.57,18.22,18.37,978300
2021-02-23 07:00:00,18.11,18.61,18.11,18.28,1136200
2021-02-24 07:00:00,18.3,18.59,17.63,17.8,1526900
2021-02-25 07:00:00,17.8,18.13,17.71,17.91,1547700
2021-02-26 07:00:00,17.5,18.24,17.5,18.2,1218800
2021-03-01 07:00:00,18.37,18.59,18.28,18.39,2086700
2021-03-02 07:00:00,18.59,18.92,18.44,18.72,2610200
2021-03-03 07:00:00,18.9,19.46,18.9,19.38,2941100
2021-03-04 07:00:00,19.46,19.92,18.81,19.42,3012500
2021-03-05 07:00:00,19.16,19.38,18.59,19.2,1406500
2021-03-08 07:00:00,19.24,19.46,19.16,19.38,1678400
2021-03-09 07:00:00,19.24,20.73,18.81,20.64,4276000
2021-03-10 07:00:00,20.73,20.91,20.47,20.64,1410400
2021-03-11 07:00:00,20.6,20.64,20.43,20.43,1113800
2021-03-12 07:00:00,20.38,20.97,20.38,20.56,2050900
2021-03-15 07:00:00,20.56,20.82,20.43,20.49,1456000
2021-03-16 07:00:00,20.56,20.82,20.47,20.71,2067400
2021-03-17 07:00:00,20.71,20.78,20.67,20.75,1244300
2021-03-18 07:00:00,20.99,20.99,20.54,20.64,1564000
2021-03-19 07:00:00,20.56,20.84,20.56,20.82,1595300
2021-03-22 07:00:00,20.99,20.99,20.78,20.82,1646400
2021-03-23 07:00:00,20.69,20.69,19.9,20.12,1858100
2021-03-24 07:00:00,19.51,19.92,18.76,19.03,2640700
2021-03-25 07:00:00,19.03,19.16,17.93,18.9,1597900
2021-03-26 07:00:00,18.81,18.9,17.89,18.72,1253300
2021-03-29 07:00:00,18.85,19.03,18.74,19.0,868200
2021-03-30 07:00:00,19.03,19.03,18.63,18.85,819300
2021-03-31 07:00:00,18.81,18.98,18.55,18.9,1120800
2021-04-01 07:00:00,18.9,19.24,18.72,19.24,791900
2021-04-02 07:00:00,19.46,19.46,19.03,19.2,821400
2021-04-05 07:00:00,19.2,19.27,18.81,19.07,850700
2021-04-06 07:00:00,18.9,19.03,18.74,18.81,1037000
2021-04-07 07:00:00,18.72,19.2,18.7,19.11,612100
2021-04-08 07:00:00,19.2,19.22,19.03,19.03,816600
2021-04-09 07:00:00,19.03,19.09,18.98,19.03,675900
2021-04-12 07:00:00,19.07,19.64,19.07,19.38,1781000
2021-04-13 07:00:00,19.38,19.46,18.81,18.98,985200
2021-04-14 07:00:00,18.7,18.94,18.33,18.9,797000
2021-04-15 07:00:00,18.68,18.72,18.33,18.5,1295900
2021-04-16 07:00:00,18.24,18.46,17.41,17.91,1484200
2021-04-19 07:00:00,18.11,18.11,17.45,17.91,695500
2021-04-20 07:00:00,17.89,17.93,17.45,17.52,867500
2021-04-22 07:00:00,17.32,17.5,16.34,16.34,1749500
2021-04-23 07:00:00,16.34,17.23,16.18,16.84,1107800
2021-04-26 07:00:00,16.88,17.36,16.2,16.88,732100
2021-04-27 07:00:00,17.06,17.71,16.88,16.9,1026300
2021-04-28 07:00:00,16.9,17.21,16.88,17.06,430200
2021-04-29 07:00:00,16.97,17.12,16.97,16.97,352200
2021-05-04 07:00:00,16.53,17.45,16.23,17.14,606000
2021-05-05 07:00:00,17.14,18.33,17.14,18.33,1497000
2021-05-06 07:00:00,18.59,18.72,17.93,18.02,818500
2021-05-07 07:00:00,18.02,18.02,17.28,17.63,959700
2021-05-10 07:00:00,17.5,17.71,17.14,17.58,837700
2021-05-11 07:00:00,17.84,18.59,17.71,18.02,942000
2021-05-12 07:00:00,18.02,18.37,18.02,18.3,564800
2021-05-13 07:00:00,18.15,18.81,17.98,18.59,1079800
2021-05-14 07:00:00,18.59,19.03,18.3,18.74,1120200
2021-05-17 07:00:00,18.74,18.81,17.95,17.98,683700
2021-05-18 07:00:00,17.93,18.11,17.71,17.8,801200
2021-05-19 07:00:00,17.63,17.93,17.63,17.93,744400
2021-05-20 07:00:00,17.93,17.93,17.8,17.84,686400
2021-05-21 07:00:00,17.84,18.76,17.84,18.35,1274000
2021-05-24 07:00:00,18.41,19.46,18.41,19.31,2630600
2021-05-25 07:00:00,19.33,19.64,19.11,19.14,1122200
2021-05-26 07:00:00,19.03,19.51,18.9,19.18,1225500
2021-05-27 07:00:00,19.18,19.66,18.81,19.07,2845900
2021-05-28 07:00:00,19.24,19.48,18.81,19.4,1724600
2021-05-31 07:00:00,19.46,19.46,18.9,19.29,1933900
2021-06-01 07:00:00,19.46,20.62,19.24,20.12,3623200
2021-06-02 07:00:00,20.12,20.56,19.94,20.05,1760600
2021-06-03 07:00:00,20.08,20.47,20.03,20.29,1628800
2021-06-04 07:00:00,20.29,20.4,20.05,20.12,2490900
2021-06-07 07:00:00,20.34,20.67,18.81,19.99,2083100
2021-06-08 07:00:00,19.46,19.88,18.61,18.61,3155900
2021-06-09 07:00:00,18.37,19.18,17.54,18.48,2181000
2021-06-10 07:00:00,18.06,18.48,17.89,18.0,1646800
2021-06-11 07:00:00,18.15,18.68,18.02,18.41,1358000
2021-06-14 07:00:00,18.68,18.94,18.37,18.57,996100
2021-06-15 07:00:00,18.57,18.68,18.37,18.57,1073700
2021-06-16 07:00:00,18.57,18.57,18.11,18.3,942900
2021-06-17 07:00:00,18.2,19.03,18.04,18.98,1395200
2021-06-18 07:00:00,19.14,19.42,19.03,19.14,956700
2021-06-21 07:00:00,19.14,19.24,18.79,18.81,863300
2021-06-22 07:00:00,19.03,19.07,18.81,18.9,1154800
2021-06-23 07:00:00,18.83,19.07,18.46,18.68,1046500
2021-06-24 07:00:00,18.68,18.68,18.46,18.5,606800
2021-06-25 07:00:00,18.5,19.03,18.39,18.79,794300
2021-06-28 07:00:00,18.87,18.87,18.68,18.81,1139600
2021-06-29 07:00:00,18.9,19.46,18.7,18.98,2067900
2021-06-30 07:00:00,19.03,19.55,18.98,19.11,1409800
2021-07-01 07:00:00,19.16,19.24,18.85,19.07,1143700
2021-07-02 07:00:00,19.07,19.24,18.9,18.96,1122400
2021-07-05 07:00:00,18.94,18.98,18.41,18.98,1197100
2021-07-06 07:00:00,18.98,19.64,18.72,18.72,3121400
2021-07-07 07:00:00,18.81,18.9,18.06,18.9,1129100
2021-07-08 07:00:00,18.94,19.51,18.94,19.2,1927500
2021-07-09 07:00:00,19.2,20.25,19.03,20.03,4377200
2021-07-12 07:00:00,19.99,19.99,18.72,19.4,1915200
2021-07-13 07:00:00,19.62,20.34,19.2,20.34,2111700
2021-07-14 07:00:00,20.56,21.43,20.56,21.1,4190300
2021-07-15 07:00:00,20.99,22.0,20.71,21.52,2662800
2021-07-16 07:00:00,21.65,22.09,21.3,22.04,2874700
2021-07-19 07:00:00,21.65,23.01,21.48,21.65,4915000
2021-07-20 07:00:00,22.09,22.09,20.71,21.52,3426000
2021-07-21 07:00:00,21.43,22.57,21.32,22.57,3076200
2021-07-22 07:00:00,22.7,23.62,22.61,23.4,2549600
2021-07-23 07:00:00,23.18,23.79,22.74,23.05,2382400
2021-07-26 07:00:00,22.88,23.84,22.83,23.66,2713200
2021-07-27 07:00:00,23.71,23.79,23.01,23.01,3262000
2021-07-28 07:00:00,22.79,23.05,21.87,21.87,3781200
2021-07-29 07:00:00,21.82,23.4,21.63,23.18,4254400
2021-07-30 07:00:00,22.96,24.01,22.96,23.31,2317900
2021-08-02 07:00:00,22.74,23.36,22.52,23.09,4814300
2021-08-03 07:00:00,22.83,24.67,22.83,24.67,6207100
2021-08-04 07:00:00,24.67,25.19,24.28,24.45,1950500
2021-08-05 07:00:00,24.28,24.71,23.84,24.62,2251900
2021-08-06 07:00:00,24.54,25.72,24.45,25.02,2846100
2021-08-09 07:00:00,24.93,25.46,24.84,25.06,2105800
2021-08-10 07:00:00,25.15,26.02,24.67,25.59,2988100
2021-08-11 07:00:00,25.37,25.8,24.89,24.89,2188100
2021-08-12 07:00:00,24.89,25.76,24.58,25.06,3163800
2021-08-13 07:00:00,25.02,26.2,24.84,26.2,3884400
2021-08-16 07:00:00,26.46,26.46,25.8,25.98,1517400
2021-08-17 07:00:00,25.8,25.98,25.24,25.37,2506200
2021-08-18 07:00:00,25.19,25.89,25.19,25.59,1776100
2021-08-19 07:00:00,25.46,25.94,25.32,25.94,1604000
2021-08-20 07:00:00,25.67,26.02,24.14,24.14,5330100
2021-08-23 07:00:00,23.97,24.06,22.48,22.48,4727800
2021-08-24 07:00:00,22.44,22.96,22.09,22.52,2266200
2021-08-25 07:00:00,22.52,23.4,22.31,23.4,1509600
2021-08-26 07:00:00,23.4,23.58,23.01,23.09,1700600
2021-08-27 07:00:00,23.05,24.06,22.74,24.06,2565500
2021-08-30 07:00:00,24.19,24.45,23.79,24.14,1685400
2021-08-31 07:00:00,24.28,25.02,24.06,24.67,2145500
2021-09-01 07:00:00,24.62,24.89,24.28,24.32,1825200
2021-09-06 07:00:00,24.45,25.06,24.28,24.45,2368600
2021-09-07 07:00:00,24.45,24.89,23.62,23.75,1743500
2021-09-08 07:00:00,23.75,24.06,23.44,23.44,1610800
2021-09-09 07:00:00,23.22,23.62,23.14,23.4,1673600
2021-09-10 07:00:00,23.66,23.92,23.4,23.49,716700
2021-09-13 07:00:00,23.66,23.79,22.96,23.09,1371000
2021-09-14 07:00:00,23.09,23.18,22.52,22.52,1872400
2021-09-15 07:00:00,22.39,23.18,22.39,23.18,785600
2021-09-16 07:00:00,23.4,23.4,22.52,23.27,958700
2021-09-17 07:00:00,23.71,24.89,23.4,24.89,4029200
2021-09-20 07:00:00,25.24,25.24,24.28,24.32,1450300
2021-09-21 07:00:00,23.62,25.98,23.62,25.98,4580500
2021-09-22 07:00:00,26.24,26.29,25.5,25.98,1551300
2021-09-23 07:00:00,26.11,26.9,25.41,25.59,1617600
2021-09-24 07:00:00,25.54,25.94,25.24,25.41,1303100
2021-09-27 07:00:00,25.46,25.76,23.84,23.84,2462800
2021-09-28 07:00:00,23.84,25.15,23.62,25.02,1615500
2021-09-29 07:00:00,24.49,25.89,24.45,25.41,1064300
2021-09-30 07:00:00,25.59,25.8,24.67,25.37,1289100
2021-10-01 07:00:00,25.32,25.41,24.71,24.71,1265600
2021-10-04 07:00:00,24.71,25.76,24.49,25.54,2063100
2021-10-05 07:00:00,25.8,26.81,25.59,26.59,2408600
2021-10-06 07:00:00,26.64,27.2,26.37,26.81,990200
2021-10-07 07:00:00,26.81,27.07,26.5,26.81,1217100
2021-10-08 07:00:00,26.86,27.47,26.64,26.9,1351800
2021-10-11 07:00:00,26.9,27.29,26.42,26.46,1357700
2021-10-12 07:00:00,26.46,27.47,26.07,27.47,2117900
2021-10-13 07:00:00,27.77,28.65,27.51,28.17,1815700
2021-10-14 07:00:00,28.43,28.43,27.29,28.08,1373400
2021-10-15 07:00:00,27.99,28.69,27.77,28.12,1213900
2021-10-18 07:00:00,27.99,28.52,27.95,27.95,985800
2021-10-19 07:00:00,27.95,28.43,27.56,28.21,982200
2021-10-20 07:00:00,28.26,29.04,28.08,28.82,1350300
2021-10-21 07:00:00,29.09,29.09,28.3,28.87,1009500
2021-10-22 07:00:00,29.04,29.65,28.6,28.6,1604700
2021-10-25 07:00:00,28.6,29.35,27.99,27.99,1690400
2021-10-26 07:00:00,28.08,28.82,27.2,28.82,1830000
2021-10-27 07:00:00,29.0,29.09,28.47,28.69,1243700
2021-10-28 07:00:00,28.69,29.52,28.69,28.91,1450800
2021-10-29 07:00:00,28.96,29.3,28.82,28.87,1358700
2021-11-01 07:00:00,28.87,29.96,28.65,29.35,1826800
2021-11-02 07:00:00,29.3,29.74,29.09,29.44,1357300
2021-11-03 07:00:00,29.35,29.83,27.38,27.38,3025700
2021-11-04 07:00:00,27.56,27.99,26.68,27.99,1726400
2021-11-05 07:00:00,27.9,28.3,27.64,28.04,888300
2021-11-08 07:00:00,28.21,28.65,27.95,28.08,1715200
2021-11-09 07:00:00,28.08,28.65,27.95,28.12,1109700
2021-11-10 07:00:00,28.43,28.69,28.08,28.52,935800
2021-11-11 07:00:00,28.69,29.92,28.12,28.87,1662800
2021-11-12 07:00:00,28.91,29.44,28.82,28.87,887900
2021-11-15 07:00:00,28.96,29.3,28.43,28.91,1179900
2021-11-16 07:00:00,28.91,28.91,28.08,28.21,1215600
2021-11-17 07:00:00,28.39,28.65,28.08,28.3,794300
2021-11-18 07:00:00,28.34,29.87,28.34,29.35,1670900
2021-11-19 07:00:00,29.65,29.65,27.77,28.43,1102000
2021-11-22 07:00:00,28.47,28.65,27.12,27.25,1508300
2021-11-23 07:00:00,27.16,28.12,27.16,28.12,922800
2021-11-24 07:00:00,28.43,30.09,28.34,30.09,3329100
2021-11-25 07:00:00,30.27,32.15,30.27,31.4,1787600
2021-11-26 07:00:00,31.93,32.58,31.71,31.93,1259800
2021-11-29 07:00:00,31.1,32.19,31.1,32.19,1206800
2021-11-30 07:00:00,32.54,33.15,30.62,32.37,1351800
2021-12-01 07:00:00,31.93,32.15,31.23,31.4,1071400
2021-12-02 07:00:00,31.58,32.76,30.84,32.1,1093700
2021-12-03 07:00:00,31.93,32.37,31.49,31.67,733600
2021-12-06 07:00:00,31.67,33.02,31.4,32.37,1771200
2021-12-07 07:00:00,32.76,33.42,32.02,33.37,1289300
2021-12-08 07:00:00,33.64,34.95,33.2,33.37,1926500
2021-12-09 07:00:00,33.59,33.68,32.85,32.85,1286500
2021-12-10 07:00:00,32.32,33.68,32.02,33.24,1113800
2021-12-13 07:00:00,33.28,33.9,33.28,33.33,954900
2021-12-14 07:00:00,33.33,33.37,32.45,32.8,1090300
2021-12-15 07:00:00,32.45,32.76,32.1,32.37,1077200
2021-12-16 07:00:00,32.41,33.15,31.93,32.89,742300
2021-12-17 07:00:00,32.67,34.12,32.58,33.24,1028900
2021-12-20 07:00:00,32.89,33.15,32.37,32.37,1086900
2021-12-21 07:00:00,33.47,33.47,32.42,33.47,845700
2021-12-22 07:00:00,33.57,35.57,33.57,35.04,1073600
2021-12-23 07:00:00,34.99,35.04,33.89,34.78,1239600
2021-12-24 07:00:00,34.2,34.78,33.84,34.36,392600
2021-12-27 07:00:00,34.62,34.62,33.21,34.04,420200
2021-12-28 07:00:00,34.04,35.57,33.05,34.94,1454100
2021-12-29 07:00:00,35.15,35.57,34.52,34.99,604000
2021-12-30 07:00:00,34.88,35.15,34.26,34.88,662400
2021-12-31 07:00:00,34.88,34.88,34.31,34.88,447900
2022-01-04 07:00:00,34.88,35.36,34.36,34.88,933000
2022-01-05 07:00:00,35.15,35.57,34.57,35.15,1094700
2022-01-06 07:00:00,35.62,35.78,35.15,35.57,1265000
2022-01-07 07:00:00,35.67,35.67,34.88,35.15,1123800
2022-01-10 07:00:00,34.67,35.15,33.31,33.31,955500
2022-01-11 07:00:00,33.89,33.89,32.63,33.47,740300
2022-01-12 07:00:00,32.68,33.31,31.16,32.79,1411700
2022-01-13 07:00:00,33.05,33.05,31.21,32.26,655800
2022-01-14 07:00:00,31.21,33.05,31.21,32.79,457400
2022-01-17 07:00:00,32.05,33.21,30.95,31.42,724200
2022-01-18 07:00:00,30.95,31.06,29.27,29.9,1306200
2022-01-19 07:00:00,29.11,30.95,29.11,30.84,383800
2022-01-20 07:00:00,30.06,32.0,30.06,31.74,368200
2022-01-21 07:00:00,31.74,31.74,31.0,31.58,451300
2022-01-24 07:00:00,31.21,31.21,29.64,30.32,555100
2022-01-25 07:00:00,29.85,30.42,29.27,30.32,275100
2022-01-26 07:00:00,30.69,30.95,30.16,30.9,683200
2022-01-27 07:00:00,30.42,31.95,30.42,31.53,628200
2022-01-28 07:00:00,31.53,32.79,31.53,32.0,601300
2022-02-07 07:00:00,32.47,33.05,32.05,32.94,777100
2022-02-08 07:00:00,32.94,33.31,32.58,33.15,436600
2022-02-09 07:00:00,33.15,33.47,32.52,33.36,565200
2022-02-10 07:00:00,33.31,33.42,32.68,33.26,428900
2022-02-11 07:00:00,32.73,34.1,32.73,33.73,1132800
2022-02-14 07:00:00,33.26,34.36,33.26,33.42,1083400
2022-02-15 07:00:00,33.42,33.68,33.05,33.62,359000
2022-02-16 07:00:00,33.68,34.2,33.52,33.78,886600
2022-02-17 07:00:00,33.78,33.94,33.21,33.84,844200
2022-02-18 07:00:00,33.36,35.41,33.36,35.25,3024400
2022-02-21 07:00:00,35.41,36.83,35.41,36.67,2792800
2022-02-22 07:00:00,36.2,36.98,35.67,36.72,1232700
2022-02-23 07:00:00,36.72,37.4,36.14,36.72,1703700
2022-02-24 07:00:00,36.3,36.88,34.41,36.04,1764300
2022-02-25 07:00:00,36.62,37.72,36.3,36.98,1620300
2022-02-28 07:00:00,36.72,37.19,36.35,36.93,702100
2022-03-01 07:00:00,37.09,37.14,36.51,37.03,1097900
2022-03-02 07:00:00,36.77,37.03,36.3,36.72,1054700
2022-03-03 07:00:00,36.83,38.29,36.3,38.29,1923800
2022-03-04 07:00:00,38.29,38.61,37.77,38.19,998100
2022-03-07 07:00:00,37.56,38.24,37.46,37.98,1229200
2022-03-08 07:00:00,37.03,37.51,35.41,35.41,2371200
2022-03-09 07:00:00,35.2,36.4,33.84,36.14,1736100
2022-03-10 07:00:00,36.62,36.98,36.14,36.56,942000
2022-03-11 07:00:00,36.56,36.77,35.83,36.46,1100400
2022-03-14 07:00:00,36.04,36.72,35.72,36.09,1036700
2022-03-15 07:00:00,35.88,36.46,35.57,36.3,766300
2022-03-16 07:00:00,36.67,38.03,36.2,37.51,1826700
2022-03-17 07:00:00,37.67,38.25,37.56,37.83,686600
2022-03-18 07:00:00,37.88,38.84,37.51,38.47,1642800
2022-03-21 07:00:00,38.47,39.26,38.15,39.1,1936500
2022-03-22 07:00:00,39.21,39.8,38.15,38.84,1463500
2022-03-23 07:00:00,38.68,39.37,37.88,38.84,1706400
2022-03-24 07:00:00,38.78,39.1,38.09,38.57,1393700
2022-03-25 07:00:00,38.84,38.84,38.15,38.78,894600
2022-03-28 07:00:00,38.25,38.78,37.29,37.93,1433300
2022-03-29 07:00:00,38.15,38.3,37.61,37.77,1338700
2022-03-30 07:00:00,37.56,38.36,36.44,36.6,1663300
2022-03-31 07:00:00,36.5,37.24,36.44,37.24,1029700
2022-04-01 07:00:00,36.76,38.15,36.6,38.09,1279000
2022-04-04 07:00:00,38.2,38.47,37.83,38.04,1025800
2022-04-05 07:00:00,37.93,38.2,37.35,37.35,705500
2022-04-06 07:00:00,37.14,37.19,36.5,37.14,1454100
2022-04-07 07:00:00,36.82,36.82,35.75,36.18,1102600
2022-04-08 07:00:00,35.96,36.28,35.43,35.43,865700
2022-04-12 07:00:00,35.48,35.8,33.78,34.58,907500
2022-04-13 07:00:00,34.16,35.91,33.52,35.75,857200
2022-04-14 07:00:00,35.8,35.86,35.27,35.38,604500
2022-04-15 07:00:00,35.11,37.24,34.63,36.07,986800
2022-04-18 07:00:00,35.91,36.5,35.01,35.65,1036600
2022-04-19 07:00:00,36.18,36.28,35.17,35.43,506900
2022-04-20 07:00:00,35.43,35.43,32.98,32.98,1041400
2022-04-21 07:00:00,31.92,33.52,30.86,32.93,1498600
2022-04-22 07:00:00,32.93,33.57,30.64,32.24,1706600
2022-04-25 07:00:00,31.76,31.76,30.01,30.01,1003500
2022-04-26 07:00:00,27.93,28.52,27.93,28.52,1975000
2022-04-27 07:00:00,28.41,29.79,27.82,29.79,721600
2022-04-28 07:00:00,30.06,30.48,29.47,30.43,1238900
2022-04-29 07:00:00,30.01,31.12,29.79,30.64,889200
2022-05-04 07:00:00,30.43,30.43,29.0,29.0,456000
2022-05-05 07:00:00,29.21,29.95,27.66,29.15,827300
2022-05-06 07:00:00,28.09,28.68,27.13,27.13,1010500
2022-05-09 07:00:00,26.55,26.6,25.24,25.24,1667800
2022-05-10 07:00:00,23.49,24.63,23.49,24.53,2000700
2022-05-11 07:00:00,24.9,25.54,24.47,25.0,856700
2022-05-12 07:00:00,24.9,25.43,23.28,23.28,890900
2022-05-13 07:00:00,23.17,23.28,21.65,21.65,936200
2022-05-16 07:00:00,21.81,22.77,20.16,20.16,1112000
2022-05-17 07:00:00,19.31,21.57,19.31,21.57,938000
2022-05-18 07:00:00,22.08,23.06,21.87,23.06,1768300
2022-05-19 07:00:00,22.61,24.63,22.34,24.45,1299600
2022-05-20 07:00:00,24.42,25.38,23.99,24.79,1180000
2022-05-23 07:00:00,24.79,25.22,23.83,24.47,1271500
2022-05-24 07:00:00,23.99,24.58,23.2,24.58,847200
2022-05-25 07:00:00,24.68,26.07,24.47,25.78,1477500
2022-05-26 07:00:00,25.86,26.87,25.78,26.87,1039600
2022-05-27 07:00:00,26.6,27.24,26.36,26.87,903900
2022-05-30 07:00:00,27.08,27.19,25.91,26.87,1206900
2022-05-31 07:00:00,26.71,27.4,26.18,27.35,1578600
2022-06-01 07:00:00,27.29,27.35,26.12,26.87,1384200
2022-06-02 07:00:00,26.87,26.87,25.64,26.02,1642400
2022-06-03 07:00:00,25.8,26.39,25.59,25.78,966300
2022-06-06 07:00:00,25.8,27.24,25.0,26.65,2471800
2022-06-07 07:00:00,26.55,28.52,26.52,28.52,3975400
2022-06-08 07:00:00,28.94,29.69,28.52,29.26,1561200
2022-06-09 07:00:00,29.0,29.37,28.68,29.26,1635300
2022-06-10 07:00:00,28.73,30.06,27.88,27.88,2452200
2022-06-13 07:00:00,26.87,29.26,26.65,27.4,2254700
2022-06-14 07:00:00,27.4,29.1,27.35,28.46,1664000
2022-06-15 07:00:00,28.2,28.84,26.71,27.66,1219100
2022-06-16 07:00:00,28.41,29.58,27.98,29.58,3971800
2022-06-17 07:00:00,29.0,31.28,29.0,31.12,3337400
2022-06-20 07:00:00,30.86,31.87,29.26,29.63,2476900
2022-06-21 07:00:00,29.1,30.22,27.61,27.61,3624700
2022-06-22 07:00:00,27.45,27.82,25.7,27.66,3132700
2022-06-23 07:00:00,27.82,29.31,27.66,29.31,1807800
2022-06-24 07:00:00,29.26,29.95,28.73,29.15,1211000
2022-06-27 07:00:00,28.84,29.74,28.84,29.1,1350600
2022-06-28 07:00:00,29.37,30.64,29.1,30.32,2243500
2022-06-29 07:00:00,30.01,30.32,29.31,30.32,1395500
2022-06-30 07:00:00,30.38,31.02,30.06,30.06,2200200
2022-07-01 07:00:00,30.06,30.06,27.98,29.21,2949800
2022-07-04 07:00:00,29.1,29.1,27.19,27.19,2073500
2022-07-05 07:00:00,27.08,27.24,26.34,27.13,2540600
2022-07-06 07:00:00,27.26,27.39,26.24,26.43,1310800
2022-07-07 07:00:00,26.18,28.03,25.41,27.93,1068700
2022-07-08 07:00:00,27.9,28.41,27.39,27.84,1024100
2022-07-11 07:00:00,27.13,27.8,26.69,27.48,699700
2022-07-12 07:00:00,27.55,28.98,27.13,28.98,1724600
2022-07-13 07:00:00,28.73,29.05,28.09,28.31,406100
2022-07-14 07:00:00,28.6,28.82,27.77,28.6,841600
2022-07-15 07:00:00,28.6,29.37,28.15,28.63,1297700
2022-07-18 07:00:00,28.92,29.3,28.38,28.38,733100
2022-07-19 07:00:00,28.47,29.94,28.44,29.56,1632200
2022-07-20 07:00:00,30.04,30.45,29.69,30.13,1623000
2022-07-21 07:00:00,30.13,30.52,29.75,30.01,781400
2022-07-22 07:00:00,29.94,30.42,29.81,30.2,881100
2022-07-25 07:00:00,29.88,31.03,29.88,31.03,1509600
2022-07-26 07:00:00,31.03,31.54,30.71,31.03,995400
2022-07-27 07:00:00,30.64,31.41,30.58,31.41,833900
2022-07-28 07:00:00,31.86,33.58,31.44,33.07,3431200
2022-07-29 07:00:00,33.2,33.84,32.69,33.77,1204900
2022-08-01 07:00:00,33.84,34.79,32.75,33.13,2794500
2022-08-02 07:00:00,32.82,33.84,32.69,33.13,2674700
2022-08-03 07:00:00,33.13,34.48,33.01,33.84,1900800
2022-08-04 07:00:00,33.84,33.9,32.69,32.69,2650400
2022-08-05 07:00:00,32.69,33.45,32.56,33.01,1530900
2022-08-08 07:00:00,33.01,34.09,32.88,33.77,1774500
2022-08-09 07:00:00,33.77,34.09,32.94,32.94,2680300
2022-08-10 07:00:00,32.88,33.45,32.69,33.39,1458700
2022-08-11 07:00:00,33.58,33.65,31.92,32.24,1855900
2022-08-12 07:00:00,32.43,33.07,32.24,33.07,1246800
2022-08-15 07:00:00,33.2,34.79,32.94,34.79,6070500
2022-08-16 07:00:00,34.79,34.98,34.28,34.48,1246900
2022-08-17 07:00:00,34.48,35.11,34.22,34.41,1715800
2022-08-18 07:00:00,34.22,34.79,33.84,34.16,1770600
2022-08-19 07:00:00,34.41,34.73,33.26,33.84,2397900
2022-08-22 07:00:00,33.65,34.03,33.13,33.96,1792100
2022-08-23 07:00:00,33.39,34.67,33.39,34.6,2463100
2022-08-24 07:00:00,34.92,35.88,34.67,35.43,3276200
2022-08-25 07:00:00,35.11,36.33,34.98,35.62,3326000
2022-08-26 07:00:00,35.5,35.94,34.79,35.05,2019900
2022-08-29 07:00:00,33.84,34.41,33.01,34.41,3121900
2022-08-30 07:00:00,34.6,34.79,34.22,34.28,1533500
2022-08-31 07:00:00,34.16,35.05,33.52,34.79,2080700
2022-09-05 07:00:00,34.98,34.98,34.48,34.48,932400
2022-09-06 07:00:00,34.73,35.37,34.48,34.48,1799600
2022-09-07 07:00:00,34.28,34.48,32.43,32.75,2638700
2022-09-08 07:00:00,33.2,33.2,32.11,32.11,1714700
2022-09-09 07:00:00,32.56,33.52,32.18,33.52,1468100
2022-09-12 07:00:00,33.84,33.84,33.33,33.52,711600
2022-09-13 07:00:00,33.58,33.65,32.62,33.52,1238400
2022-09-14 07:00:00,32.82,33.45,32.75,33.2,1593200
2022-09-15 07:00:00,33.26,33.52,32.69,32.94,1704900
2022-09-16 07:00:00,32.75,32.94,31.35,31.35,2801500
2022-09-19 07:00:00,31.31,31.63,29.18,29.18,3083900
2022-09-20 07:00:00,29.37,29.69,28.12,29.37,2052200
2022-09-21 07:00:00,29.02,29.11,28.54,28.73,817700
2022-09-22 07:00:00,28.22,28.47,27.2,28.38,3073000
2022-09-23 07:00:00,28.73,29.5,28.5,28.98,1571900
2022-09-26 07:00:00,28.35,28.38,26.97,26.97,3453400
2022-09-27 07:00:00,26.97,27.64,26.34,26.69,1294400
2022-09-28 07:00:00,26.59,27.42,26.24,26.69,1258100
2022-09-29 07:00:00,27.26,27.26,25.54,25.54,1552800
2022-09-30 07:00:00,24.74,26.49,23.75,25.98,2690600
2022-10-03 07:00:00,25.66,25.7,24.2,24.2,1738600
2022-10-04 07:00:00,24.45,24.58,22.66,22.79,2063800
2022-10-05 07:00:00,23.62,24.2,23.18,24.07,1911200
2022-10-06 07:00:00,24.07,24.07,22.41,22.41,1943000
2022-10-07 07:00:00,21.26,21.71,20.84,20.84,2365900
2022-10-10 07:00:00,20.17,22.28,20.17,21.8,1885200
2022-10-11 07:00:00,22.02,22.02,20.3,20.3,1518200
2022-10-12 07:00:00,20.75,21.71,20.01,21.71,2139000
2022-10-13 07:00:00,21.71,22.54,21.64,22.34,871700
2022-10-14 07:00:00,22.92,22.95,22.15,22.63,2442600
2022-10-17 07:00:00,22.18,22.98,21.71,22.98,1134900
2022-10-18 07:00:00,23.24,23.59,22.66,22.7,1512900
2022-10-19 07:00:00,22.73,22.95,22.15,22.7,1157000
2022-10-20 07:00:00,22.41,22.6,21.52,21.52,1965700
2022-10-21 07:00:00,21.52,21.52,20.01,20.01,2046600
2022-10-24 07:00:00,19.5,19.73,18.64,18.64,1249100
2022-10-25 07:00:00,17.49,18.83,17.36,17.46,3250000
2022-10-26 07:00:00,17.49,18.2,16.25,16.25,2543400
2022-10-27 07:00:00,16.02,17.36,16.02,17.36,2409100
2022-10-28 07:00:00,17.62,18.58,17.62,18.58,2694500
2022-10-31 07:00:00,19.09,19.44,17.88,18.96,3132200
2022-11-01 07:00:00,19.09,19.41,18.58,18.71,1250600
2022-11-02 07:00:00,18.58,19.6,18.58,19.22,1858900
2022-11-03 07:00:00,18.83,19.44,18.83,19.44,1380400
2022-11-04 07:00:00,19.15,19.44,18.1,18.48,3224300
2022-11-07 07:00:00,18.32,18.45,17.2,17.2,1040200
2022-11-08 07:00:00,16.02,17.94,16.02,17.88,3514000
2022-11-09 07:00:00,18.2,18.67,17.36,17.56,1736500
2022-11-10 07:00:00,16.95,17.36,16.34,16.34,2572700
2022-11-11 07:00:00,16.89,16.92,15.96,16.73,2924200
2022-11-14 07:00:00,15.96,16.28,15.58,15.96,2758700
2022-11-15 07:00:00,15.13,15.7,14.84,14.84,1871600
2022-11-16 07:00:00,13.82,15.86,13.82,15.86,3438200
2022-11-17 07:00:00,16.38,16.92,15.96,16.92,1895600
2022-11-18 07:00:00,16.85,17.68,16.02,17.24,1503800
2022-11-21 07:00:00,17.3,18.13,17.2,17.36,1636400
2022-11-22 07:00:00,17.17,18.13,16.41,17.05,6367800
2022-11-23 07:00:00,16.98,17.14,16.38,16.57,1092900
2022-11-24 07:00:00,16.25,17.17,15.74,16.54,3036200
2022-11-25 07:00:00,16.92,17.68,16.66,17.68,3487500
2022-11-28 07:00:00,18.2,18.83,18.0,18.83,3602200
2022-11-29 07:00:00,19.09,19.15,18.07,18.86,4025500
2022-11-30 07:00:00,18.86,20.17,18.45,20.17,4536200
2022-12-01 07:00:00,20.88,21.32,19.15,20.05,3352500
2022-12-02 07:00:00,19.54,21.07,19.38,21.07,3667600
2022-12-05 07:00:00,21.32,21.45,20.49,21.04,3175500
2022-12-06 07:00:00,20.3,21.0,19.86,20.17,5254200
2022-12-07 07:00:00,19.66,20.08,19.09,19.34,2285600
2022-12-08 07:00:00,19.92,20.49,19.6,20.11,2240700
2022-12-09 07:00:00,20.43,20.43,19.7,20.43,1492900
2022-12-12 07:00:00,20.68,21.23,19.89,19.89,2799300
2022-12-13 07:00:00,19.73,20.4,19.18,20.4,2184500
2022-12-14 07:00:00,20.75,20.91,20.49,20.62,1795200
2022-12-15 07:00:00,20.75,21.71,20.49,21.71,2763900
2022-12-16 07:00:00,21.26,22.22,21.2,22.15,2228100
2022-12-19 07:00:00,22.15,22.18,20.84,20.84,2328600
2022-12-20 07:00:00,20.43,20.84,19.57,20.43,3202500
2022-12-21 07:00:00,20.43,20.49,19.18,20.3,1337200
2022-12-22 07:00:00,20.24,20.43,19.47,20.05,940700
2022-12-23 07:00:00,19.92,20.68,19.47,20.27,1301000
2022-12-26 07:00:00,20.27,20.27,18.96,19.09,1025600
2022-12-27 07:00:00,18.9,19.95,18.58,19.95,1039200
2022-12-28 07:00:00,19.79,19.95,19.57,19.79,514000
2022-12-29 07:00:00,19.44,20.01,19.44,19.57,398200
2022-12-30 07:00:00,19.79,20.05,19.41,20.05,705300
2023-01-03 07:00:00,19.98,21.0,19.66,20.88,1885600
2023-01-04 07:00:00,20.94,21.2,20.33,20.43,1080000
2023-01-05 07:00:00,20.33,21.32,20.33,21.07,1558300
2023-01-06 07:00:00,21.07,21.2,20.56,20.88,1125900
2023-01-09 07:00:00,20.88,21.2,20.4,20.46,789300
2023-01-10 07:00:00,20.43,20.49,19.7,20.01,996700
2023-01-11 07:00:00,20.17,20.62,20.05,20.3,650700
2023-01-12 07:00:00,20.56,20.56,20.17,20.17,483200
2023-01-13 07:00:00,20.56,21.0,20.17,20.37,966300
2023-01-16 07:00:00,20.33,20.49,19.79,20.05,651800
2023-01-17 07:00:00,20.27,20.94,20.08,20.94,1296400
2023-01-18 07:00:00,21.0,21.23,20.97,21.2,1240400
2023-01-19 07:00:00,21.23,21.74,21.16,21.55,1560700
2023-01-27 07:00:00,22.02,22.02,21.52,21.58,896400
2023-01-30 07:00:00,21.61,22.09,21.26,21.29,1885100
2023-01-31 07:00:00,21.13,21.83,21.13,21.83,1457200
2023-02-01 07:00:00,22.06,22.89,20.91,20.91,4326100
2023-02-02 07:00:00,21.07,21.2,20.14,20.43,1337500
2023-02-03 07:00:00,20.52,20.91,20.3,20.56,1162000
2023-02-06 07:00:00,20.43,20.94,20.3,20.94,1080300
2023-02-07 07:00:00,21.26,21.26,20.11,20.75,1319200
2023-02-08 07:00:00,20.75,20.75,19.79,20.43,909200
2023-02-09 07:00:00,20.49,20.56,20.05,20.05,789400
2023-02-10 07:00:00,20.05,20.24,19.22,19.22,1451200
2023-02-13 07:00:00,19.15,19.15,18.04,18.26,1438000
2023-02-14 07:00:00,18.51,18.86,18.26,18.64,687200
2023-02-15 07:00:00,18.51,19.28,18.51,19.09,786700
2023-02-16 07:00:00,19.09,19.47,19.09,19.47,555500
2023-02-17 07:00:00,19.47,19.98,19.28,19.57,584100
2023-02-20 07:00:00,19.6,20.37,19.57,20.33,1150900
2023-02-21 07:00:00,20.37,20.56,19.98,19.98,728400
2023-02-22 07:00:00,19.6,19.79,18.83,18.83,1175800
2023-02-23 07:00:00,18.96,18.99,18.26,18.96,1105200
2023-02-24 07:00:00,18.99,19.12,18.55,18.55,300700
2023-02-27 07:00:00,18.32,18.51,17.78,17.88,995700
2023-02-28 07:00:00,18.0,18.83,17.88,18.77,731900
2023-03-01 07:00:00,18.77,19.15,18.39,19.15,461600
2023-03-02 07:00:00,19.18,19.18,18.67,19.15,656400
2023-03-03 07:00:00,19.15,19.22,18.77,19.06,495300
2023-03-06 07:00:00,19.28,19.86,19.15,19.15,700700
2023-03-07 07:00:00,19.28,19.47,19.06,19.15,386600
2023-03-08 07:00:00,18.83,19.47,18.83,19.47,439100
2023-03-09 07:00:00,19.66,19.66,19.41,19.66,507700
2023-03-10 07:00:00,19.38,19.57,19.06,19.44,735900
2023-03-13 07:00:00,19.15,19.34,18.9,18.9,667700
2023-03-14 07:00:00,18.8,19.02,18.26,18.26,740000
2023-03-15 07:00:00,18.77,19.06,18.55,18.86,421000
2023-03-16 07:00:00,18.83,18.9,18.51,18.9,268400
2023-03-17 07:00:00,18.9,19.09,18.83,19.09,764400
2023-03-20 07:00:00,18.96,19.02,18.58,18.58,316900
2023-03-21 07:00:00,18.83,18.83,18.45,18.71,268700
2023-03-22 07:00:00,18.9,18.9,18.58,18.61,194400
2023-03-23 07:00:00,18.51,18.64,18.2,18.55,539600
2023-03-24 07:00:00,18.58,19.02,18.58,18.9,450500
2023-03-27 07:00:00,18.9,19.28,18.83,19.09,470100
2023-03-28 07:00:00,19.18,19.44,19.09,19.41,780900
2023-03-29 07:00:00,19.41,19.41,19.09,19.28,281100
2023-03-30 07:00:00,19.47,19.47,19.09,19.22,427900
2023-03-31 07:00:00,19.22,19.44,19.09,19.44,499200
2023-04-03 07:00:00,20.05,20.21,19.66,19.95,1083100
2023-04-04 07:00:00,19.98,19.98,19.66,19.98,709700
2023-04-05 07:00:00,19.98,20.84,19.98,20.59,1733700
2023-04-06 07:00:00,20.75,20.81,20.14,20.14,1121100
2023-04-07 07:00:00,20.17,20.21,19.79,19.98,560700
2023-04-10 07:00:00,20.24,20.37,19.79,19.92,741900
2023-04-11 07:00:00,19.86,20.49,19.63,20.49,1198100
2023-04-12 07:00:00,20.68,21.64,20.59,21.48,3775900
2023-04-13 07:00:00,21.52,21.64,21.07,21.16,1032100
2023-04-14 07:00:00,21.32,21.39,20.56,20.56,1921400
2023-04-17 07:00:00,20.27,20.81,20.01,20.75,895900
2023-04-18 07:00:00,20.75,20.88,20.37,20.43,1016500
2023-04-19 07:00:00,20.59,20.59,19.98,19.98,979000
2023-04-20 07:00:00,19.82,20.14,19.82,20.01,735100
2023-04-21 07:00:00,20.11,20.11,19.66,19.7,735800
2023-04-24 07:00:00,19.79,20.43,19.79,20.3,933000
2023-04-25 07:00:00,20.43,20.65,20.05,20.43,973400
2023-04-26 07:00:00,20.43,21.04,20.3,21.04,1595600
2023-04-27 07:00:00,21.07,21.58,20.97,21.0,1512300
2023-04-28 07:00:00,21.29,21.52,21.13,21.52,1655400
2023-05-04 07:00:00,21.42,22.09,21.42,21.61,1935700
2023-05-05 07:00:00,21.67,21.71,21.2,21.23,953800
2023-05-08 07:00:00,21.45,21.71,21.23,21.26,1154200
2023-05-09 07:00:00,21.55,21.55,21.2,21.45,878100
2023-05-10 07:00:00,21.67,22.44,21.52,22.02,3822200
2023-05-11 07:00:00,22.28,22.57,22.02,22.09,2165600
2023-05-12 07:00:00,22.25,22.47,22.02,22.34,1873000
2023-05-15 07:00:00,22.66,22.66,21.55,21.55,2174400
2023-05-16 07:00:00,21.99,22.02,21.71,21.8,1299300
2023-05-17 07:00:00,21.71,21.96,21.39,21.71,1233900
2023-05-18 07:00:00,21.77,21.83,21.61,21.64,879800
2023-05-19 07:00:00,21.58,22.22,21.58,21.83,1063600
2023-05-22 07:00:00,22.15,22.5,21.99,22.47,2182200
2023-05-23 07:00:00,22.6,22.76,22.28,22.41,1156600
2023-05-24 07:00:00,22.66,22.66,22.02,22.02,1199300
2023-05-25 07:00:00,22.02,22.02,21.74,21.8,1056300
2023-05-26 07:00:00,21.99,22.31,21.87,22.18,772400
2023-05-29 07:00:00,22.44,22.57,22.25,22.34,1137900
2023-05-30 07:00:00,22.54,23.3,22.31,23.3,2684000
2023-05-31 07:00:00,23.3,23.97,22.89,23.43,1387300
2023-06-01 07:00:00,23.11,23.62,22.92,23.43,1005500
2023-06-02 07:00:00,23.62,23.75,23.11,23.27,1065600
2023-06-05 07:00:00,23.3,23.46,22.73,22.92,1700000
2023-06-06 07:00:00,22.73,23.46,22.63,23.4,1331500
2023-06-07 07:00:00,23.56,23.56,22.98,23.49,1017200
2023-06-08 07:00:00,23.4,24.04,22.98,22.98,1550400
2023-06-09 07:00:00,23.05,23.94,23.05,23.94,2024300
2023-06-12 07:00:00,24.23,24.64,24.2,24.64,2921600
2023-06-13 07:00:00,24.87,25.19,24.16,24.36,1704600
2023-06-14 07:00:00,24.58,24.58,24.0,24.13,1072900
2023-06-15 07:00:00,24.1,24.23,23.68,24.07,747500
2023-06-16 07:00:00,24.07,24.61,23.68,23.68,1765600
2023-06-19 07:00:00,23.81,24.13,23.72,24.04,887000
2023-06-20 07:00:00,24.04,24.52,24.04,24.45,1229400
2023-06-21 07:00:00,24.48,25.09,24.48,25.09,1539700
2023-06-22 07:00:00,25.22,25.22,24.68,25.15,1083300
2023-06-23 07:00:00,25.15,25.15,24.36,24.74,981700
2023-06-26 07:00:00,24.68,25.09,24.2,25.09,1209100
2023-06-27 07:00:00,25.09,25.09,24.9,25.06,535500
2023-06-28 07:00:00,25.12,25.25,24.83,24.83,592600
2023-06-29 07:00:00,25.06,25.09,24.48,24.9,743200
2023-06-30 07:00:00,24.58,24.83,24.42,24.71,829300
2023-07-03 07:00:00,24.87,24.87,24.52,24.52,870800
2023-07-04 07:00:00,24.76,25.07,24.76,25.07,781200
2023-07-05 07:00:00,25.15,25.15,24.52,24.68,1640200
2023-07-06 07:00:00,24.68,24.84,23.68,24.28,1674400
2023-07-07 07:00:00,23.8,24.28,23.68,24.24,1006600
2023-07-10 07:00:00,24.24,24.36,24.04,24.16,1036400
2023-07-11 07:00:00,24.08,24.64,24.08,24.28,729200
2023-07-12 07:00:00,24.68,24.68,24.2,24.48,614100
2023-07-13 07:00:00,24.52,25.47,24.48,25.31,1779900
2023-07-14 07:00:00,25.31,25.47,24.99,25.27,763700
2023-07-17 07:00:00,25.47,25.91,25.47,25.91,1625100
2023-07-18 07:00:00,25.91,25.95,25.39,25.83,800500
2023-07-19 07:00:00,25.95,25.95,25.31,25.55,836600
2023-07-20 07:00:00,25.55,25.87,25.35,25.79,601200
2023-07-21 07:00:00,25.79,26.23,25.79,26.11,1103600
2023-07-24 07:00:00,26.39,26.47,25.95,26.11,818400
2023-07-25 07:00:00,26.11,26.23,25.55,25.95,882000
2023-07-26 07:00:00,25.95,25.95,25.51,25.59,863000
2023-07-27 07:00:00,25.59,26.47,25.59,26.19,1537100
2023-07-28 07:00:00,26.19,27.03,26.19,26.67,1795800
2023-07-31 07:00:00,26.67,26.75,26.07,26.51,2123600
2023-08-01 07:00:00,26.67,26.75,25.99,26.03,1215400
2023-08-02 07:00:00,26.03,26.19,25.87,25.91,1023000
2023-08-03 07:00:00,25.91,26.19,25.39,25.39,1916300
2023-08-04 07:00:00,25.39,25.43,25.03,25.35,2727700
2023-08-07 07:00:00,25.79,25.79,25.19,25.31,1265700
2023-08-08 07:00:00,25.47,25.71,25.39,25.55,1952900
2023-08-09 07:00:00,25.63,26.07,25.47,25.87,1441700
2023-08-10 07:00:00,25.91,26.23,25.15,25.35,2439500
2023-08-11 07:00:00,25.39,25.39,24.52,24.84,2240200
2023-08-14 07:00:00,24.84,25.31,24.8,25.19,1397800
2023-08-15 07:00:00,25.35,25.51,24.95,24.99,1786700
2023-08-16 07:00:00,24.99,24.99,24.56,24.56,2388100
2023-08-17 07:00:00,24.68,24.95,24.36,24.4,1259400
2023-08-18 07:00:00,24.36,24.56,22.72,22.72,2429500
2023-08-21 07:00:00,22.36,24.28,22.28,23.12,1784600
2023-08-22 07:00:00,23.2,23.52,22.76,23.4,1069300
2023-08-23 07:00:00,23.4,23.56,23.16,23.16,572500
2023-08-24 07:00:00,23.16,23.52,23.08,23.48,1145800
2023-08-25 07:00:00,23.48,23.48,22.88,22.88,2575500
2023-08-28 07:00:00,23.24,23.32,23.0,23.28,1144100
2023-08-29 07:00:00,23.28,23.88,23.28,23.48,1973500
2023-08-30 07:00:00,23.52,23.72,23.28,23.72,1439000
2023-08-31 07:00:00,23.8,24.76,23.8,24.76,2248700
2023-09-05 07:00:00,24.92,24.92,24.4,24.6,2481300
2023-09-06 07:00:00,24.44,24.76,24.2,24.36,5253600
2023-09-07 07:00:00,24.52,25.27,24.48,24.99,4981700
2023-09-08 07:00:00,24.99,25.83,24.99,25.31,4103400
2023-09-11 07:00:00,25.91,25.91,24.52,24.52,4198600
2023-09-12 07:00:00,24.56,25.15,24.44,25.11,2548200
2023-09-13 07:00:00,25.35,25.59,24.95,25.47,4846200
2023-09-14 07:00:00,25.39,25.95,24.99,25.47,4059100
2023-09-15 07:00:00,25.55,25.79,24.99,25.07,2925600
2023-09-18 07:00:00,25.11,25.31,24.24,24.6,2481000
2023-09-19 07:00:00,24.84,24.84,23.96,24.56,2509000
2023-09-20 07:00:00,24.44,25.15,24.44,25.15,2289500
2023-09-21 07:00:00,25.23,25.51,24.92,24.95,2942600
2023-09-22 07:00:00,24.52,24.56,23.32,23.44,3221400
2023-09-25 07:00:00,23.44,23.72,21.8,21.8,3914000
2023-09-26 07:00:00,21.16,22.44,21.16,21.68,2029600
2023-09-27 07:00:00,21.96,22.84,21.4,22.84,2063000
2023-09-28 07:00:00,22.6,22.84,22.12,22.6,1392900
2023-09-29 07:00:00,22.64,22.72,22.08,22.48,1155600
2023-10-02 07:00:00,22.48,22.72,22.2,22.52,759100
2023-10-03 07:00:00,22.2,22.36,21.48,21.48,1963500
2023-10-04 07:00:00,21.08,22.16,20.92,21.52,1282700
2023-10-05 07:00:00,21.72,22.08,21.48,21.6,1418900
2023-10-06 07:00:00,21.6,22.16,21.48,22.12,807300
2023-10-09 07:00:00,22.12,22.56,22.08,22.32,774600
2023-10-10 07:00:00,22.4,22.96,22.4,22.56,1260300
2023-10-11 07:00:00,22.56,22.72,22.16,22.52,860000
2023-10-12 07:00:00,22.72,22.84,22.24,22.52,1232800
2023-10-13 07:00:00,22.32,22.8,22.12,22.6,1157800
2023-10-16 07:00:00,22.6,22.64,21.96,21.96,1044800
2023-10-17 07:00:00,22.08,22.28,20.76,20.76,850000
2023-10-18 07:00:00,21.0,21.2,19.48,19.96,2046200
2023-10-19 07:00:00,20.04,20.24,19.48,19.76,1366300
2023-10-20 07:00:00,19.76,21.12,19.72,21.12,1218400
2023-10-23 07:00:00,21.0,21.24,20.68,20.76,694700
2023-10-24 07:00:00,20.64,21.16,20.6,21.16,579900
2023-10-25 07:00:00,21.24,21.52,21.04,21.08,758900
2023-10-26 07:00:00,20.6,20.6,19.68,20.32,1583300
2023-10-27 07:00:00,20.52,21.0,20.2,20.68,764100
2023-10-30 07:00:00,20.24,21.04,20.24,20.68,495900
2023-10-31 07:00:00,20.28,20.64,19.92,20.12,1010200
2023-11-01 07:00:00,20.28,20.4,19.6,20.4,610200
2023-11-02 07:00:00,20.6,21.56,20.52,21.48,1192400
2023-11-03 07:00:00,21.56,21.56,21.08,21.24,700600
2023-11-06 07:00:00,21.48,21.48,21.08,21.16,744900
2023-11-07 07:00:00,21.04,21.36,20.84,20.84,637300
2023-11-08 07:00:00,20.84,22.16,20.84,22.12,1445500
2023-11-09 07:00:00,22.12,22.56,22.0,22.2,1736300
2023-11-10 07:00:00,21.96,22.76,21.96,22.36,2990100
2023-11-13 07:00:00,22.36,22.52,21.92,22.32,1154800
2023-11-14 07:00:00,22.64,22.64,21.96,22.32,1182400
2023-11-15 07:00:00,22.76,22.76,22.2,22.48,1199000
2023-11-16 07:00:00,22.16,22.68,22.16,22.68,983900
2023-11-17 07:00:00,22.76,22.84,21.96,22.12,1644600
2023-11-20 07:00:00,21.64,22.24,21.56,22.2,976200
2023-11-21 07:00:00,22.28,22.48,22.12,22.24,738600
2023-11-22 07:00:00,22.24,22.64,22.16,22.52,1403600
2023-11-23 07:00:00,22.72,23.52,22.52,22.52,3950600
2023-11-24 07:00:00,22.44,22.56,21.64,22.44,1875800
2023-11-27 07:00:00,22.44,22.68,21.76,22.12,1149500
2023-11-28 07:00:00,21.92,22.12,21.48,21.96,1139500
2023-11-29 07:00:00,22.08,22.16,22.0,22.08,601200
2023-11-30 07:00:00,22.08,22.2,21.88,22.04,1080100
2023-12-01 07:00:00,22.04,22.04,21.52,21.84,867100
2023-12-04 07:00:00,21.88,22.72,21.88,22.28,1415500
2023-12-05 07:00:00,22.44,22.8,22.28,22.6,2223300
2023-12-06 07:00:00,22.6,23.4,22.48,23.4,2336600
2023-12-07 07:00:00,23.32,23.4,22.56,23.16,2275700
2023-12-08 07:00:00,23.0,23.2,22.48,22.92,1953900
2023-12-11 07:00:00,22.8,22.88,22.36,22.44,1095500
2023-12-12 07:00:00,22.64,22.68,22.4,22.68,1160500
2023-12-13 07:00:00,22.76,22.92,22.36,22.36,1212700
2023-12-14 07:00:00,22.48,22.64,21.68,22.28,1431700
2023-12-15 07:00:00,22.12,22.6,21.88,22.24,1285500
2023-12-18 07:00:00,22.24,22.32,21.88,22.2,692500
2023-12-19 07:00:00,21.96,22.28,21.68,22.2,677100
2023-12-20 07:00:00,21.96,22.28,21.96,22.16,431400
2023-12-21 07:00:00,22.24,23.0,22.0,23.0,1733400
2023-12-22 07:00:00,23.0,23.36,22.76,23.24,2009800
2023-12-25 07:00:00,23.08,23.36,23.0,23.36,1577800
2023-12-26 07:00:00,23.32,23.32,22.68,22.92,2845300
2023-12-27 07:00:00,22.84,23.0,22.0,22.04,4260300
2023-12-28 07:00:00,21.88,22.0,21.64,22.0,3558200
2023-12-29 07:00:00,22.2,22.2,21.92,22.04,1178200
2024-01-02 07:00:00,22.2,22.2,21.56,21.56,2473600
2024-01-03 07:00:00,21.52,21.52,21.16,21.16,3074400
2024-01-04 07:00:00,21.28,21.72,21.28,21.28,2137200
2024-01-05 07:00:00,21.4,21.72,21.32,21.48,1431500
2024-01-08 07:00:00,21.56,21.72,21.36,21.4,1648300
2024-01-09 07:00:00,21.52,21.68,21.28,21.32,1802300
2024-01-10 07:00:00,21.4,21.4,20.56,20.76,3851400
2024-01-11 07:00:00,20.76,20.96,20.4,20.44,2472800
2024-01-12 07:00:00,20.32,20.32,19.84,19.96,3444700
2024-01-15 07:00:00,20.12,20.36,19.6,19.6,2369200
2024-01-16 07:00:00,19.6,20.88,19.6,20.88,3206100
2024-01-17 07:00:00,20.96,20.96,20.48,20.48,1968600
2024-01-18 07:00:00,20.64,21.04,20.36,20.68,2401300
2024-01-19 07:00:00,20.68,20.92,20.44,20.48,1682500
2024-01-22 07:00:00,20.52,21.04,20.52,21.04,2280900
2024-01-23 07:00:00,21.04,21.04,20.68,20.76,1178700
2024-01-24 07:00:00,20.76,21.0,20.56,20.6,1703600
2024-01-25 07:00:00,20.8,20.8,20.56,20.56,663000
2024-01-26 07:00:00,20.6,20.68,20.48,20.56,1163800
2024-01-29 07:00:00,20.56,21.04,20.56,20.84,1961900
2024-01-30 07:00:00,20.84,21.28,20.84,21.12,1875800
2024-01-31 07:00:00,21.24,21.24,20.8,20.92,1819200
2024-02-01 07:00:00,20.8,21.12,20.76,20.96,1360000
2024-02-02 07:00:00,20.96,21.48,20.96,21.28,2768100
2024-02-05 07:00:00,21.36,21.4,21.12,21.16,1384300
2024-02-06 07:00:00,21.16,21.24,21.0,21.04,1667000
2024-02-07 07:00:00,21.16,21.64,21.16,21.4,1789900
2024-02-15 07:00:00,21.56,22.0,21.48,21.72,1851600
2024-02-16 07:00:00,21.96,21.96,21.6,21.6,1526200
2024-02-19 07:00:00,21.64,21.64,21.4,21.6,1840700
2024-02-20 07:00:00,21.8,21.8,21.32,21.36,2465900
2024-02-21 07:00:00,21.44,21.56,21.2,21.48,1961600
2024-02-22 07:00:00,21.48,21.68,21.4,21.4,1713300
2024-02-23 07:00:00,21.4,21.44,20.68,20.68,2958900
2024-02-26 07:00:00,20.76,20.88,20.56,20.84,1780500
2024-02-27 07:00:00,20.84,21.24,20.76,21.24,1572200
2024-02-28 07:00:00,21.28,21.72,21.12,21.28,1893500
2024-02-29 07:00:00,21.28,21.44,21.16,21.2,1701000
2024-03-01 07:00:00,21.36,22.68,21.16,22.68,6856600
2024-03-04 07:00:00,23.04,23.36,22.52,22.6,7236800
2024-03-05 07:00:00,22.6,23.36,22.52,23.08,4875200
2024-03-06 07:00:00,23.0,23.16,22.4,22.52,2456600
2024-03-07 07:00:00,22.56,22.8,22.4,22.68,2439400
2024-03-08 07:00:00,22.76,23.64,22.48,23.32,5975300
2024-03-11 07:00:00,23.36,23.76,22.56,22.56,3372300
2024-03-12 07:00:00,22.76,22.76,22.44,22.48,2666300
2024-03-13 07:00:00,22.68,23.36,22.56,23.32,6768600
2024-03-14 07:00:00,23.76,24.16,23.56,23.8,6567900
2024-03-15 07:00:00,23.8,24.48,23.56,23.8,6099400
2024-03-18 07:00:00,24.12,24.36,22.16,23.08,7784000
2024-03-19 07:00:00,23.16,23.8,23.0,23.04,3400800
2024-03-20 07:00:00,23.16,23.32,22.84,23.24,2453400
2024-03-21 07:00:00,23.52,23.88,23.24,23.48,3465400
2024-03-22 07:00:00,23.8,23.88,23.24,23.32,3139400
2024-03-25 07:00:00,23.36,23.68,22.88,23.0,2416000
2024-03-26 07:00:00,23.0,23.44,22.84,23.28,1922200
2024-03-27 07:00:00,23.52,24.28,23.28,23.76,4440000
2024-03-28 07:00:00,23.84,24.08,23.44,23.52,1792200
2024-03-29 07:00:00,23.76,23.8,23.36,23.36,2440300
2024-04-01 07:00:00,23.32,23.64,23.2,23.56,2516000
2024-04-02 07:00:00,23.56,24.08,23.28,23.92,3838900
2024-04-03 07:00:00,23.96,24.28,23.56,23.72,5657600
2024-04-04 07:00:00,23.72,23.76,23.16,23.56,3565600
2024-04-05 07:00:00,23.32,23.32,22.76,22.76,3017100
2024-04-08 07:00:00,22.76,22.84,22.52,22.52,1587300
2024-04-09 07:00:00,22.56,22.84,22.36,22.76,1751400
2024-04-10 07:00:00,22.88,23.24,22.8,22.8,1605900
2024-04-11 07:00:00,22.56,22.8,22.44,22.76,1441900
2024-04-12 07:00:00,22.84,22.92,22.64,22.84,1134800
2024-04-15 07:00:00,22.68,22.76,21.24,21.32,4024200
2024-04-16 07:00:00,21.36,21.4,20.44,21.16,3196800
2024-04-17 07:00:00,21.2,21.32,20.76,20.76,1821700
2024-04-19 07:00:00,20.52,20.72,20.04,20.12,2400700
2024-04-22 07:00:00,20.36,20.8,20.36,20.6,1014200
2024-04-23 07:00:00,20.68,20.8,20.4,20.4,976100
2024-04-24 07:00:00,20.6,21.36,20.6,21.08,1209800
2024-04-25 07:00:00,21.08,21.28,20.96,21.16,650300
2024-04-26 07:00:00,20.92,21.44,20.88,21.28,715600
2024-05-02 07:00:00,21.36,22.28,21.32,21.56,995200
2024-05-03 07:00:00,21.72,21.76,21.16,21.28,757700
2024-05-06 07:00:00,21.36,21.88,21.36,21.56,1200100
2024-05-07 07:00:00,21.6,21.76,21.4,21.48,819400
2024-05-08 07:00:00,21.4,22.2,21.32,21.88,2003900
2024-05-09 07:00:00,22.12,22.12,21.56,21.56,949000
2024-05-10 07:00:00,21.56,21.72,21.24,21.44,1565200
2024-05-13 07:00:00,21.64,21.8,21.4,21.6,974500
2024-05-14 07:00:00,21.72,21.8,21.52,21.6,661800
2024-05-15 07:00:00,21.6,22.08,21.6,21.84,1718000
2024-05-16 07:00:00,21.96,22.12,21.68,21.88,1737200
2024-05-17 07:00:00,21.96,23.4,21.96,23.4,7759300
2024-05-20 07:00:00,23.68,25.03,23.56,24.99,12097400
2024-05-21 07:00:00,25.03,25.95,24.68,25.75,7555700
2024-05-22 07:00:00,25.95,26.59,25.75,26.31,10353400
2024-05-23 07:00:00,26.31,27.35,26.03,26.99,10212600
2024-05-24 07:00:00,26.35,26.99,25.31,25.87,12264600
2024-05-27 07:00:00,25.99,27.03,25.83,26.03,5315100
2024-05-28 07:00:00,26.35,27.83,26.23,27.83,12012300
2024-05-29 07:00:00,28.39,28.39,26.75,27.15,11484300
2024-05-30 07:00:00,26.75,27.79,26.19,27.31,11660800
2024-05-31 07:00:00,27.55,27.59,26.71,27.03,5762900
2024-06-03 07:00:00,27.35,27.47,26.87,26.95,6151700
2024-06-04 07:00:00,27.07,28.07,26.99,27.11,6837000
2024-06-05 07:00:00,27.15,28.11,26.83,27.31,9180800
2024-06-06 07:00:00,27.47,28.11,27.19,27.51,7555000
2024-06-07 07:00:00,27.95,27.95,26.91,27.23,6682300
2024-06-10 07:00:00,27.27,28.31,27.23,27.71,8477100
2024-06-11 07:00:00,27.99,28.31,27.63,27.71,7014600
2024-06-12 07:00:00,27.71,27.87,27.31,27.75,5546500
2024-06-13 07:00:00,27.95,28.63,27.59,27.71,7292700
2024-06-14 07:00:00,27.75,27.75,25.91,25.91,19196200
2024-06-17 07:00:00,25.95,26.43,25.47,26.15,5734900
2024-06-18 07:00:00,26.35,26.47,25.39,25.47,6821100
2024-06-19 07:00:00,25.55,26.19,25.39,25.59,6510600
2024-06-20 07:00:00,25.87,26.63,25.43,26.59,7734300
2024-06-21 07:00:00,26.75,26.75,25.87,26.19,7018900
2024-06-24 07:00:00,26.42,26.59,24.54,24.54,6730700
2024-06-25 07:00:00,24.59,25.26,24.59,25.26,3656500
2024-06-26 07:00:00,25.26,25.92,24.81,25.57,4942400
2024-06-27 07:00:00,25.66,25.79,25.3,25.43,2336800
2024-06-28 07:00:00,25.43,25.84,24.94,25.12,5864500
2024-07-01 07:00:00,25.26,26.33,25.12,25.79,4679300
2024-07-02 07:00:00,26.01,26.15,25.79,26.06,2287100
2024-07-03 07:00:00,26.24,26.33,25.75,25.75,3409200
2024-07-04 07:00:00,25.84,26.01,25.57,26.01,3763600
2024-07-05 07:00:00,26.15,26.68,25.79,26.33,6646700
2024-07-08 07:00:00,26.5,27.35,26.37,27.31,9684100
2024-07-09 07:00:00,27.58,27.89,27.04,27.22,6501800
2024-07-10 07:00:00,27.4,29.09,27.04,28.47,12338800
2024-07-11 07:00:00,28.74,29.0,28.38,28.38,4209400
2024-07-12 07:00:00,28.56,28.56,27.71,28.02,6491600
2024-07-15 07:00:00,28.29,29.45,28.16,28.91,7487000
2024-07-16 07:00:00,29.0,29.27,28.2,28.29,4796600
2024-07-17 07:00:00,28.38,28.69,26.33,26.95,11323900
2024-07-18 07:00:00,26.95,28.29,26.82,28.29,6082900
2024-07-19 07:00:00,28.29,28.33,27.4,27.66,5108300
2024-07-22 07:00:00,27.22,27.66,25.75,25.75,10725000
2024-07-23 07:00:00,25.79,26.01,24.27,24.27,8421100
2024-07-24 07:00:00,24.27,25.34,24.1,25.08,6768100
2024-07-25 07:00:00,24.85,25.66,24.81,25.43,3781200
2024-07-26 07:00:00,25.61,25.75,25.12,25.7,3769200
2024-07-29 07:00:00,25.7,25.84,25.26,25.43,3123100
2024-07-30 07:00:00,25.43,26.1,24.99,25.26,3392100
2024-07-31 07:00:00,25.26,25.66,24.81,25.03,3030000
2024-08-01 07:00:00,25.03,25.17,23.52,23.83,7071200
2024-08-02 07:00:00,23.65,24.5,23.43,24.5,3222800
2024-08-05 07:00:00,23.47,24.18,22.8,22.8,6360900
2024-08-06 07:00:00,23.11,23.56,22.31,23.16,5237200
2024-08-07 07:00:00,23.29,23.92,22.8,23.65,3357000
2024-08-08 07:00:00,23.34,23.83,22.94,22.98,4443300
2024-08-09 07:00:00,23.2,23.56,22.98,23.52,3383200
2024-08-12 07:00:00,23.69,24.18,23.47,24.18,4696500
2024-08-13 07:00:00,24.14,24.23,23.65,23.74,3485100
2024-08-14 07:00:00,24.01,24.01,23.38,23.38,2456400
2024-08-15 07:00:00,23.47,23.87,23.43,23.43,3895500
2024-08-16 07:00:00,23.83,25.03,23.56,25.03,10688600
2024-08-19 07:00:00,25.17,25.39,24.99,25.03,3711700
2024-08-20 07:00:00,25.12,26.24,25.12,25.7,8203600
2024-08-21 07:00:00,25.7,25.84,25.3,25.39,4232600
2024-08-22 07:00:00,25.52,26.15,25.34,25.61,5113200
2024-08-23 07:00:00,25.61,25.97,25.26,25.66,3495500
2024-08-26 07:00:00,25.88,26.24,25.43,25.52,4816600
2024-08-27 07:00:00,25.52,25.7,24.99,25.21,5212800
2024-08-28 07:00:00,25.43,25.7,24.76,25.21,4469200
2024-08-29 07:00:00,25.21,25.43,25.12,25.12,1575000
2024-08-30 07:00:00,25.17,25.39,25.03,25.17,1975000
2024-09-04 07:00:00,24.9,25.26,24.81,25.21,3626700
2024-09-05 07:00:00,25.34,25.57,24.85,24.9,2900800
2024-09-06 07:00:00,24.9,25.66,24.85,25.66,5694500
2024-09-09 07:00:00,25.61,26.06,25.52,25.52,4993800
2024-09-10 07:00:00,25.7,25.7,24.99,25.08,4435100
2024-09-11 07:00:00,25.08,25.17,24.41,24.76,5355300
2024-09-12 07:00:00,24.94,25.21,24.72,24.72,1682900
2024-09-13 07:00:00,24.9,25.03,24.59,24.63,2235600
2024-09-16 07:00:00,24.63,24.99,24.54,24.59,2226200
2024-09-17 07:00:00,24.5,25.17,24.32,25.17,3584300
2024-09-18 07:00:00,25.26,25.34,24.94,24.99,3045500
2024-09-19 07:00:00,24.99,25.7,24.99,25.66,3862100
2024-09-20 07:00:00,25.88,25.97,25.48,25.61,4096600
2024-09-23 07:00:00,25.61,25.79,25.26,25.26,2656100
2024-09-24 07:00:00,25.43,25.7,25.26,25.7,2729100
2024-09-25 07:00:00,25.88,26.33,25.66,26.1,8440800
2024-09-26 07:00:00,26.15,26.19,25.7,25.75,3891600
2024-09-27 07:00:00,25.75,26.33,25.17,25.17,5824900
2024-09-30 07:00:00,25.17,25.3,24.72,24.94,6519500
2024-10-01 07:00:00,25.08,25.43,24.99,25.17,3757500
2024-10-02 07:00:00,24.99,25.34,24.94,24.94,2887200
2024-10-03 07:00:00,24.99,25.08,24.36,24.36,5282300
2024-10-04 07:00:00,24.36,24.85,24.36,24.41,3299700
2024-10-07 07:00:00,24.81,24.81,24.36,24.45,1674900
2024-10-08 07:00:00,24.45,24.85,24.45,24.68,1935500
2024-10-09 07:00:00,24.85,24.85,24.68,24.85,1840800
2024-10-10 07:00:00,24.94,24.99,24.54,24.59,1615800
2024-10-11 07:00:00,24.76,24.94,24.54,24.9,1594600
2024-10-14 07:00:00,25.17,25.17,24.72,24.72,1326500
2024-10-15 07:00:00,24.9,25.03,24.54,24.59,2626200
2024-10-16 07:00:00,24.59,24.76,24.5,24.59,1083800
2024-10-17 07:00:00,24.68,25.12,24.27,24.94,2621200
2024-10-18 07:00:00,24.99,25.03,24.54,24.54,1940800
2024-10-21 07:00:00,24.54,24.63,23.87,23.87,2922800
2024-10-22 07:00:00,23.78,24.27,23.52,23.69,3181500
2024-10-23 07:00:00,23.78,24.14,23.52,24.05,1789500
2024-10-24 07:00:00,23.96,24.18,23.65,23.78,1822000
2024-10-25 07:00:00,23.78,24.01,23.69,23.74,1559500
2024-10-28 07:00:00,24.01,24.01,23.74,23.83,818000
2024-10-29 07:00:00,23.96,24.01,23.65,23.69,1298300
2024-10-30 07:00:00,23.74,23.96,23.56,23.78,1537900
2024-10-31 07:00:00,23.78,23.96,23.74,23.78,904500
2024-11-01 07:00:00,23.87,24.59,23.87,24.36,5092100
2024-11-04 07:00:00,24.36,24.72,24.18,24.5,2387500
2024-11-05 07:00:00,24.5,24.85,24.5,24.68,2419300
2024-11-06 07:00:00,24.72,24.81,24.59,24.81,2202900
2024-11-07 07:00:00,24.81,25.34,24.81,25.17,4617700
2024-11-08 07:00:00,25.26,25.34,25.03,25.08,3288300
2024-11-11 07:00:00,25.08,25.61,24.99,25.39,4239800
2024-11-12 07:00:00,25.39,25.52,24.9,24.99,3309800
2024-11-13 07:00:00,24.94,25.7,24.9,25.7,5587400
2024-11-14 07:00:00,25.75,25.75,24.76,24.85,3433800
2024-11-15 07:00:00,24.63,24.94,24.27,24.36,4496600
2024-11-18 07:00:00,24.54,24.76,24.1,24.5,2398200
2024-11-19 07:00:00,24.54,24.68,24.27,24.27,2069900
2024-11-20 07:00:00,24.27,25.61,24.27,25.03,5072500
2024-11-21 07:00:00,25.21,25.43,25.03,25.21,1983200
2024-11-22 07:00:00,25.26,25.3,24.85,25.21,2365300
2024-11-25 07:00:00,25.43,26.15,25.34,25.48,9892000
2024-11-26 07:00:00,25.66,25.88,25.39,25.48,2959700
2024-11-27 07:00:00,25.48,26.06,25.3,26.06,4303800
2024-11-28 07:00:00,26.19,26.24,25.7,25.79,3348300
2024-11-29 07:00:00,25.84,26.19,25.61,25.61,4050800
2024-12-02 07:00:00,25.84,25.88,25.52,25.52,1908000
2024-12-03 07:00:00,25.48,26.01,25.43,25.57,3699100
2024-12-04 07:00:00,25.61,26.06,25.52,25.75,3718700
2024-12-05 07:00:00,25.75,27.17,25.75,27.17,12097600
2024-12-06 07:00:00,27.31,27.31,26.86,26.95,4255600
2024-12-09 07:00:00,27.04,28.02,27.0,27.71,6812900
2024-12-10 07:00:00,27.71,27.84,27.22,27.35,4525400
2024-12-11 07:00:00,27.4,27.62,27.22,27.53,3032800
2024-12-12 07:00:00,27.53,27.58,27.0,27.13,3912500
2024-12-13 07:00:00,26.91,27.4,26.91,27.04,3203600
2024-12-16 07:00:00,27.04,27.31,26.68,26.95,2448600
2024-12-17 07:00:00,27.17,27.4,26.91,27.04,2023200
2024-12-18 07:00:00,27.04,27.58,27.04,27.22,2918800
2024-12-19 07:00:00,26.86,27.17,26.46,26.91,4944600
2024-12-20 07:00:00,27.0,27.49,26.91,26.95,3620200
2024-12-23 07:00:00,27.13,27.8,27.08,27.49,4726200
2024-12-24 07:00:00,27.49,27.49,26.68,26.77,8348800
2024-12-25 07:00:00,26.86,27.04,26.59,26.68,4006400
2024-12-26 07:00:00,26.73,27.04,26.59,26.59,3039700
2024-12-27 07:00:00,26.86,26.86,25.92,25.92,5975500
2024-12-30 07:00:00,25.97,26.19,25.84,25.88,2281300
2024-12-31 07:00:00,25.92,26.06,25.43,25.43,2295600
2025-01-02 07:00:00,25.57,26.06,25.57,25.92,1991400
2025-01-03 07:00:00,25.92,25.92,25.57,25.57,2140600
2025-01-06 07:00:00,25.57,25.66,24.45,24.68,4984700
2025-01-07 07:00:00,24.68,24.94,24.54,24.59,2575300
2025-01-08 07:00:00,24.59,25.08,24.59,24.9,1743800
2025-01-09 07:00:00,24.81,25.03,24.63,24.63,1419100
2025-01-10 07:00:00,24.63,24.85,24.05,24.05,2332100
2025-01-13 07:00:00,24.01,24.5,23.83,24.36,1710100
2025-01-14 07:00:00,24.41,24.54,24.1,24.1,956000
2025-01-15 07:00:00,24.45,24.5,24.18,24.5,1034600
2025-01-16 07:00:00,24.68,24.68,24.14,24.18,1736800
2025-01-17 07:00:00,24.23,24.81,24.18,24.63,2023400
2025-01-20 07:00:00,24.5,24.76,24.45,24.54,1013500
2025-01-21 07:00:00,24.63,24.72,24.18,24.23,1893500
2025-01-22 07:00:00,24.32,24.41,23.56,23.56,4443500
2025-01-23 07:00:00,23.6,23.96,23.56,23.92,1454000
2025-01-24 07:00:00,23.92,24.01,23.69,23.69,1221100
2025-02-03 07:00:00,23.74,24.01,23.6,23.83,1436400
2025-02-04 07:00:00,23.96,24.41,23.92,24.32,2378000
2025-02-05 07:00:00,24.41,24.76,24.36,24.36,2246500
2025-02-06 07:00:00,24.45,24.54,24.23,24.45,1472100
2025-02-07 07:00:00,24.5,24.72,24.36,24.36,1687100
2025-02-10 07:00:00,24.36,24.36,23.83,23.83,2906800
2025-02-11 07:00:00,23.87,24.05,23.69,24.01,1343500
2025-02-12 07:00:00,24.1,24.23,23.87,23.87,1763300
2025-02-13 07:00:00,23.96,24.23,23.87,24.1,2203400
2025-02-14 07:00:00,24.27,24.76,24.27,24.59,3037600
2025-02-17 07:00:00,24.76,25.08,24.59,24.72,2974600
2025-02-18 07:00:00,24.76,24.99,24.5,24.5,1918000
2025-02-19 07:00:00,24.5,25.12,24.5,24.85,2556500
2025-02-20 07:00:00,24.94,25.17,24.81,24.85,2296500
2025-02-21 07:00:00,24.85,24.85,24.59,24.72,1417900
2025-02-24 07:00:00,24.54,25.08,24.5,24.99,2092700
2025-02-25 07:00:00,25.17,25.34,24.81,24.94,2357500
2025-02-26 07:00:00,25.03,25.3,24.9,24.9,2067500
2025-02-27 07:00:00,24.94,25.3,24.85,25.26,2702300
2025-02-28 07:00:00,25.39,25.61,25.03,25.12,2047500
2025-03-03 07:00:00,25.26,25.52,25.08,25.08,3240900
2025-03-04 07:00:00,25.03,25.39,24.81,24.85,3884800
2025-03-05 07:00:00,24.9,24.94,24.5,24.5,3181500
2025-03-06 07:00:00,24.72,24.72,24.32,24.72,2617900
2025-03-07 07:00:00,24.81,25.12,24.68,24.72,2308000
2025-03-10 07:00:00,25.03,25.03,24.63,24.72,2288000
2025-03-11 07:00:00,24.5,24.59,24.41,24.54,2881100
2025-03-12 07:00:00,24.63,25.17,24.54,24.94,3223000
2025-03-13 07:00:00,25.03,25.7,24.81,24.94,6963200
2025-03-14 07:00:00,24.99,25.34,24.72,24.72,2347800
2025-03-17 07:00:00,24.99,25.21,24.59,24.81,4027800
2025-03-18 07:00:00,24.9,25.52,24.9,24.99,4423500
2025-03-19 07:00:00,24.99,25.21,24.72,24.76,2179500
2025-03-20 07:00:00,24.76,24.9,24.41,24.45,2688100
2025-03-21 07:00:00,24.41,24.54,24.14,24.18,2895200
2025-03-24 07:00:00,24.18,24.27,23.87,23.96,2381400
2025-03-25 07:00:00,23.92,24.23,23.92,24.01,1718600
2025-03-26 07:00:00,24.01,24.14,23.87,24.05,1430600
2025-03-27 07:00:00,24.05,24.1,23.92,23.92,779800
2025-03-28 07:00:00,24.01,24.05,23.52,23.52,2105100
2025-03-31 07:00:00,23.52,23.92,23.2,23.52,2182900
2025-04-01 07:00:00,23.83,23.83,23.6,23.65,876600
2025-04-02 07:00:00,23.47,23.92,23.34,23.38,2491700
2025-04-03 07:00:00,21.86,22.31,21.78,21.78,3149500
2025-04-04 07:00:00,20.26,20.52,20.26,20.26,6186700
2025-04-08 07:00:00,19.68,19.9,18.87,18.87,2226800
2025-04-09 07:00:00,17.58,18.29,17.58,17.58,5873500
2025-04-10 07:00:00,18.78,18.78,18.78,18.78,2096800
2025-04-11 07:00:00,19.32,19.63,18.43,19.63,4253200
2025-04-14 07:00:00,20.04,20.97,19.63,20.97,3299100
2025-04-15 07:00:00,20.88,21.28,20.17,20.35,2016500
2025-04-16 07:00:00,20.04,20.79,19.81,19.81,1659100
2025-04-17 07:00:00,19.68,20.44,19.68,20.39,1345100
2025-04-18 07:00:00,20.7,20.88,20.48,20.62,1645200
2025-04-21 07:00:00,20.44,20.79,20.04,20.08,1606600
2025-04-22 07:00:00,19.72,20.08,18.7,20.08,4363100
2025-04-23 07:00:00,20.39,20.79,20.04,20.52,1547200
2025-04-24 07:00:00,20.52,20.75,20.3,20.52,1355100
2025-04-25 07:00:00,20.48,21.24,20.48,20.75,2130000
2025-04-28 07:00:00,20.97,20.97,20.52,20.7,976000
2025-04-29 07:00:00,20.84,20.97,20.52,20.88,1647800
2025-05-05 07:00:00,20.97,21.28,20.75,21.2,2142700
2025-05-06 07:00:00,21.24,21.82,21.24,21.28,2226500
2025-05-07 07:00:00,21.33,21.86,21.33,21.86,3431300
2025-05-08 07:00:00,22.0,22.13,21.55,21.78,1433500
2025-05-09 07:00:00,22.0,22.0,21.37,21.55,2204700
2025-05-12 07:00:00,21.64,21.86,21.51,21.6,1587400
2025-05-13 07:00:00,21.69,22.13,21.6,21.95,2720300
2025-05-14 07:00:00,21.86,22.09,21.73,22.04,1906800
2025-05-15 07:00:00,22.09,22.49,22.0,22.13,2781700
2025-05-16 07:00:00,22.13,22.31,21.91,22.0,2216000
2025-05-19 07:00:00,22.0,22.27,21.82,21.95,1496600
2025-05-20 07:00:00,21.95,22.13,21.86,21.86,2222100
2025-05-21 07:00:00,21.91,22.67,21.91,22.58,3758200
2025-05-22 07:00:00,22.85,24.05,22.67,23.11,6591600
2025-05-23 07:00:00,23.65,23.74,23.2,23.52,2320700
2025-05-26 07:00:00,23.52,23.83,22.76,23.38,3494500
2025-05-27 07:00:00,23.65,24.45,23.65,24.01,4636100
2025-05-28 07:00:00,24.14,24.36,23.65,23.96,2675300
2025-05-29 07:00:00,23.96,24.18,23.6,24.05,3277000
2025-05-30 07:00:00,24.05,24.05,23.2,23.38,4563600
2025-06-02 07:00:00,23.25,24.23,23.25,23.78,3867100
2025-06-03 07:00:00,24.05,24.1,23.83,23.92,2036900
2025-06-04 07:00:00,23.87,24.5,23.78,23.87,3224700
2025-06-05 07:00:00,23.78,24.1,23.47,24.1,2728600
2025-06-06 07:00:00,24.18,24.76,24.1,24.1,4844200
2025-06-09 07:00:00,24.1,24.1,23.52,23.6,2334900
2025-06-10 07:00:00,23.65,23.96,23.56,23.69,1893600
2025-06-11 07:00:00,23.69,23.96,23.52,23.96,3609400
2025-06-12 07:00:00,24.01,24.14,23.78,23.96,3298400
2025-06-13 07:00:00,23.96,24.4,23.32,23.96,3964300
2025-06-16 07:00:00,23.67,24.06,23.62,24.06,2683100
2025-06-17 07:00:00,24.26,25.43,24.26,24.65,6443400
2025-06-18 07:00:00,24.65,24.94,24.4,24.4,2167700
2025-06-19 07:00:00,24.35,24.5,23.91,24.4,3821400
2025-06-20 07:00:00,24.75,25.92,24.7,25.48,8333000
2025-06-23 07:00:00,25.04,25.43,24.84,25.24,3794000
2025-06-24 07:00:00,25.53,26.37,25.38,25.73,8444900
2025-06-25 07:00:00,25.73,25.88,25.38,25.38,2926700
2025-06-26 07:00:00,25.38,25.48,24.84,25.09,3891000
2025-06-27 07:00:00,25.14,25.29,24.7,24.7,3823600
2025-06-30 07:00:00,24.75,25.04,24.6,24.89,3896300
2025-07-01 07:00:00,24.99,25.19,24.55,24.6,4466100
2025-07-02 07:00:00,24.6,25.34,24.6,25.04,4155600
2025-07-03 07:00:00,24.99,25.19,24.65,24.84,3447100
2025-07-04 07:00:00,24.94,25.43,24.84,24.89,3372600
2025-07-07 07:00:00,25.09,25.43,24.99,25.14,3045700
2025-07-08 07:00:00,25.29,25.63,25.09,25.34,3751300
2025-07-09 07:00:00,25.63,25.63,25.19,25.24,5444200
2025-07-10 07:00:00,25.29,25.48,24.94,25.14,4336800
2025-07-11 07:00:00,25.14,25.24,24.65,24.75,6101900
2025-07-14 07:00:00,24.65,25.34,24.35,25.24,7397400
2025-07-15 07:00:00,25.24,25.88,25.24,25.29,6273600
2025-07-16 07:00:00,25.48,26.91,25.34,25.97,7527500
2025-07-17 07:00:00,26.32,27.79,26.02,27.69,16763800
2025-07-18 07:00:00,28.04,28.58,27.0,27.25,6357100
2025-07-21 07:00:00,27.3,27.64,26.17,26.17,12019900
2025-07-22 07:00:00,26.07,26.86,25.68,26.81,6776700
2025-07-23 07:00:00,27.25,27.89,26.61,27.6,10431300
2025-07-24 07:00:00,27.89,27.89,27.25,27.54,5669900
2025-07-25 07:00:00,27.69,28.28,27.15,27.5,7768100
2025-07-28 07:00:00,27.89,28.97,27.74,28.48,8854700
2025-07-29 07:00:00,28.72,28.72,26.51,26.51,9658100
2025-07-30 07:00:00,26.51,26.86,25.73,26.37,6746500
2025-07-31 07:00:00,26.12,26.27,25.09,25.68,10427100
2025-08-01 07:00:00,25.63,26.22,25.58,25.63,4933200
2025-08-04 07:00:00,25.63,26.27,25.63,25.97,5075600
2025-08-05 07:00:00,26.22,26.96,25.43,25.92,9795600
2025-08-06 07:00:00,26.12,26.86,25.92,26.46,4161800
2025-08-07 07:00:00,26.96,27.4,26.61,27.35,7272100
2025-08-08 07:00:00,27.54,27.89,26.81,27.5,7896500
2025-08-11 07:00:00,27.89,28.72,27.69,27.74,7401100
2025-08-12 07:00:00,27.84,28.43,27.1,28.28,8676400
2025-08-13 07:00:00,28.77,30.25,28.63,30.25,13827200
2025-08-14 07:00:00,32.36,32.36,32.06,32.36,6559400
2025-08-15 07:00:00,32.85,32.85,30.25,31.18,15773000
2025-08-18 07:00:00,31.28,33.34,30.64,33.34,13310900
2025-08-19 07:00:00,33.44,34.42,32.65,32.65,8395700
2025-08-20 07:00:00,32.7,32.7,30.39,30.49,15882900
2025-08-21 07:00:00,30.74,31.52,30.34,30.59,6255700
2025-08-22 07:00:00,29.95,31.92,29.9,31.18,10941900
2025-08-25 07:00:00,31.42,31.67,29.12,29.12,7587400
2025-08-26 07:00:00,29.17,30.93,29.12,30.88,5088400
2025-08-27 07:00:00,31.23,32.01,30.54,30.88,6980400
2025-08-28 07:00:00,30.93,31.42,30.49,31.42,4188600
2025-08-29 07:00:00,31.52,31.96,31.03,31.28,4709300
2025-09-03 07:00:00,30.93,32.6,30.93,32.36,4720600
2025-09-04 07:00:00,32.41,33.29,32.01,32.06,4840800
2025-09-05 07:00:00,32.16,32.8,30.64,30.64,7858900
2025-09-08 07:00:00,30.49,30.79,28.68,28.68,7899900
2025-09-09 07:00:00,29.12,30.05,28.48,30.05,5853300
2025-09-10 07:00:00,30.2,30.25,29.26,29.36,3576200
2025-09-11 07:00:00,29.26,30.93,29.22,30.93,6800500
2025-09-12 07:00:00,31.08,31.57,30.69,31.13,2722900
2025-09-15 07:00:00,31.38,31.42,30.79,31.42,2902300
2025-09-16 07:00:00,31.82,31.87,30.64,30.64,3390800
2025-09-17 07:00:00,30.59,31.13,30.05,30.05,2363900
2025-09-18 07:00:00,30.05,31.47,29.95,30.88,4324900
2025-09-19 07:00:00,31.33,31.67,31.08,31.13,4546800
2025-09-22 07:00:00,31.28,33.0,31.18,31.62,10596000
2025-09-23 07:00:00,31.67,31.92,29.46,30.59,3314000
2025-09-24 07:00:00,30.59,31.92,30.44,31.92,3808600
2025-09-25 07:00:00,32.01,32.6,31.52,31.77,4794700
2025-09-26 07:00:00,31.77,33.98,31.67,33.39,17381900
2025-09-29 07:00:00,33.39,33.68,32.21,32.36,4334200
2025-09-30 07:00:00,32.41,32.55,30.3,31.72,9265500
2025-10-01 07:00:00,31.77,31.87,31.23,31.57,2559500
2025-10-02 07:00:00,31.42,31.62,30.2,30.2,4121100
2025-10-03 07:00:00,29.85,30.15,29.26,29.46,4461900
2025-10-06 07:00:00,29.8,31.52,29.8,31.52,4568400
2025-10-07 07:00:00,31.38,31.52,30.79,30.93,1707800
2025-10-08 07:00:00,31.52,31.92,30.34,31.82,4802300
2025-10-09 07:00:00,32.21,32.36,31.67,32.26,2611800
2025-10-10 07:00:00,32.41,32.85,31.72,32.01,3188400
2025-10-13 07:00:00,31.42,33.73,31.33,33.73,8718300
2025-10-14 07:00:00,34.27,34.27,32.65,32.8,6382100
2025-10-15 07:00:00,32.41,35.06,32.16,35.06,8664800
2025-10-16 07:00:00,35.06,35.74,34.27,35.06,7016300
2025-10-17 07:00:00,35.45,35.55,33.93,33.93,6384700
2025-10-20 07:00:00,33.39,33.98,31.57,31.57,8963400
2025-10-21 07:00:00,31.42,31.47,29.85,30.44,7616100
2025-10-22 07:00:00,30.93,31.47,29.8,31.18,3922800
2025-10-23 07:00:00,30.84,31.42,30.59,31.03,2175000
2025-10-24 07:00:00,30.84,31.23,30.3,31.18,2560700
2025-10-27 07:00:00,31.38,31.42,29.66,29.66,3169300
2025-10-28 07:00:00,29.41,30.64,29.02,30.15,2837500
2025-10-29 07:00:00,30.34,30.74,30.25,30.34,1483700
2025-10-30 07:00:00,30.69,31.08,30.25,30.44,2256200
2025-10-31 07:00:00,30.54,30.84,29.95,30.25,1804200
2025-11-03 07:00:00,30.74,30.74,29.26,29.26,3196000
2025-11-04 07:00:00,28.82,31.23,28.63,31.03,4341000
2025-11-05 07:00:00,30.64,31.03,30.34,30.34,1166400
2025-11-06 07:00:00,30.39,31.18,30.34,30.84,2901400
2025-11-07 07:00:00,30.54,30.84,29.46,29.66,2492900
2025-11-10 07:00:00,29.85,30.2,29.31,29.66,1371300
2025-11-11 07:00:00,29.71,30.2,29.71,30.0,1512300
2025-11-12 07:00:00,30.3,31.23,30.05,30.98,2700900
2025-11-13 07:00:00,31.03,31.38,30.69,30.69,2033900
2025-11-14 07:00:00,30.64,32.41,30.64,32.11,4887700
2025-11-17 07:00:00,32.36,33.04,32.11,33.0,4349700
2025-11-18 07:00:00,33.19,33.19,32.21,32.21,3439900
2025-11-19 07:00:00,32.01,32.65,31.42,31.42,3820000
2025-11-20 07:00:00,31.28,31.82,30.64,31.82,2505900
2025-11-21 07:00:00,31.62,31.77,31.03,31.72,1725400
2025-11-24 07:00:00,32.01,32.55,31.77,32.21,3541400
2025-11-25 07:00:00,31.82,32.31,31.03,31.23,2455600
2025-11-26 07:00:00,31.23,32.06,31.23,31.92,1772100
2025-11-27 07:00:00,32.01,32.16,31.42,31.62,1350700
2025-11-28 07:00:00,31.62,31.77,31.03,31.18,1985400
2025-12-01 07:00:00,31.18,31.42,30.64,30.64,1500700
2025-12-02 07:00:00,30.64,30.88,29.71,30.54,2414600
2025-12-03 07:00:00,30.64,30.93,30.39,30.93,1420700
2025-12-04 07:00:00,31.13,31.47,30.93,31.33,1727600
2025-12-05 07:00:00,31.33,31.33,30.59,30.59,1620500
2025-12-08 07:00:00,30.54,30.69,29.85,29.85,2223300
2025-12-09 07:00:00,29.85,30.59,28.92,30.3,3030000
2025-12-10 07:00:00,30.1,30.3,29.46,29.85,864400
2025-12-11 07:00:00,29.95,30.05,29.46,29.66,1011000
2025-12-12 07:00:00,29.66,29.76,27.6,27.6,2720000
2025-12-15 07:00:00,27.6,27.84,27.1,27.6,1667100
2025-12-16 07:00:00,27.3,28.63,26.02,28.58,4146000
2025-12-17 07:00:00,28.58,28.58,27.99,28.28,813800
2025-12-18 07:00:00,27.89,28.23,27.6,27.89,1111100
2025-12-19 07:00:00,28.23,28.43,27.69,27.69,1445800
2025-12-22 07:00:00,28.09,28.38,27.89,28.28,2054900
2025-12-23 07:00:00,28.48,28.68,27.94,27.94,1574600
2025-12-24 07:00:00,27.94,28.18,27.6,28.14,1218900
2025-12-25 07:00:00,28.14,28.38,27.5,27.5,2401500
2025-12-26 07:00:00,27.45,27.5,26.51,27.1,1901500
2025-12-29 07:00:00,27.3,27.3,26.51,27.25,1772700
2025-12-30 07:00:00,26.91,27.2,26.56,27.1,2215700
2025-12-31 07:00:00,27.1,27.1,26.76,26.81,1158200
2026-01-05 07:00:00,26.86,27.05,25.53,25.63,3298600
2026-01-06 07:00:00,25.83,26.02,25.19,25.53,3638900
2026-01-07 07:00:00,25.63,26.46,25.63,26.32,2825600
2026-01-08 07:00:00,26.61,26.61,25.83,25.83,2945200
2026-01-09 07:00:00,25.92,26.42,25.53,25.83,5291300
2026-01-12 07:00:00,25.58,26.61,25.24,26.37,3947400
2026-01-13 07:00:00,26.96,26.96,26.12,26.51,2929200
2026-01-14 07:00:00,26.51,26.86,25.83,26.02,3994200
2026-01-15 07:00:00,26.02,26.51,25.73,26.12,2807300
2026-01-16 07:00:00,26.17,26.37,25.68,25.78,2275100
2026-01-19 07:00:00,26.02,26.12,25.78,25.78,1844400
2026-01-20 07:00:00,25.88,26.17,25.73,25.97,2185400
2026-01-21 07:00:00,25.92,25.97,25.34,25.43,2668300
2026-01-22 07:00:00,25.48,26.91,25.48,26.46,3593700
2026-01-23 07:00:00,26.46,26.76,25.83,25.83,1597500
2026-01-26 07:00:00,25.83,25.83,24.6,24.75,2728800
2026-01-27 07:00:00,24.75,25.58,24.5,25.29,2307800
2026-01-28 07:00:00,24.94,25.83,24.94,25.43,1876100
2026-01-29 07:00:00,25.83,25.92,25.58,25.92,1089900
2026-01-30 07:00:00,26.07,27.2,26.07,26.96,5362500
2026-02-02 07:00:00,26.91,27.35,26.51,27.15,2339500
2026-02-03 07:00:00,27.4,27.4,26.51,27.15,2470400
2026-02-04 07:00:00,27.15,27.15,26.56,26.96,1756100
2026-02-05 07:00:00,26.96,27.25,26.61,26.61,1537300
2026-02-06 07:00:00,26.51,26.51,25.58,25.63,2437600
2026-02-09 07:00:00,25.73,25.83,25.43,25.73,1122800
2026-02-10 07:00:00,25.78,25.83,25.24,25.53,1429300
2026-02-11 07:00:00,25.58,26.42,25.48,26.32,1770500
2026-02-12 07:00:00,26.46,26.46,26.12,26.32,549600
2026-02-13 07:00:00,26.27,26.37,26.12,26.27,810800
2026-02-23 07:00:00,26.27,26.46,26.07,26.42,1090000
2026-02-24 07:00:00,26.42,26.91,26.32,26.91,1730800
2026-02-25 07:00:00,27.0,27.05,26.32,26.42,1147400
2026-02-26 07:00:00,26.51,27.1,26.22,27.1,2965500
2026-02-27 07:00:00,27.1,27.1,26.61,26.81,2236900
2026-03-02 07:00:00,25.92,27.94,25.92,27.5,6559800
2026-03-03 07:00:00,27.84,27.94,26.42,26.86,2917900
2026-03-04 07:00:00,26.86,28.23,26.86,28.18,6994000
2026-03-05 07:00:00,28.28,28.33,27.5,27.79,2272000
2026-03-06 07:00:00,27.3,27.54,26.86,27.35,2215400
2026-03-09 07:00:00,25.48,26.51,25.48,25.48,1469000
2026-03-10 07:00:00,25.73,25.97,25.14,25.53,2821700
2026-03-11 07:00:00,25.73,27.3,25.73,27.3,2128600
2026-03-12 07:00:00,27.4,28.8,27.05,28.2,4569000
2026-03-13 07:00:00,28.5,28.95,28.25,28.45,3477600
2026-03-16 07:00:00,28.3,29.0,27.55,28.6,2783900
2026-03-17 07:00:00,28.65,28.8,27.7,28.45,2152200
2026-03-18 07:00:00,28.5,28.5,27.5,27.7,2299000
2026-03-19 07:00:00,27.4,29.0,27.3,28.6,4235500
2026-03-20 07:00:00,28.6,29.95,28.5,29.15,7098500
2026-03-23 07:00:00,28.5,29.3,27.55,28.2,3954200
2026-03-24 07:00:00,28.6,30.0,28.5,29.85,5833600
2026-03-25 07:00:00,30.0,31.0,29.5,30.6,5708900
2026-03-26 07:00:00,30.6,30.9,29.6,29.6,3519300
2026-03-27 07:00:00,29.6,30.25,29.6,29.8,2723900
2026-03-30 07:00:00,29.05,30.2,29.05,29.3,3032800
2026-03-31 07:00:00,29.7,29.8,29.1,29.6,2598500
2026-04-01 07:00:00,30.0,30.15,29.0,29.0,2716100
2026-04-02 07:00:00,28.9,29.8,28.75,29.6,3283300
2026-04-03 07:00:00,29.5,29.8,29.0,29.0,1893300
2026-04-06 07:00:00,28.8,29.15,27.4,27.6,3732800
2026-04-07 07:00:00,27.6,27.95,26.85,27.8,2565000
2026-04-08 07:00:00,28.5,28.9,27.9,28.75,1978300
2026-04-09 07:00:00,28.7,28.9,27.95,28.3,2938900
2026-04-10 07:00:00,28.4,28.55,27.85,28.0,2782700
2026-04-13 07:00:00,28.4,28.7,28.2,28.25,1841100
2026-04-14 07:00:00,28.55,28.9,28.35,28.65,2505300
2026-04-15 07:00:00,28.85,29.15,28.3,28.4,2504200
2026-04-16 07:00:00,28.35,28.4,27.65,27.9,2356600
2026-04-17 07:00:00,27.95,28.15,27.8,27.9,1216800
2026-04-20 07:00:00,27.9,28.45,27.85,28.3,1436300
2026-04-21 07:00:00,28.3,28.4,27.85,27.95,1543800
2026-04-22 07:00:00,27.85,28.0,27.55,27.7,1182600
2026-04-23 07:00:00,27.7,27.9,26.05,26.65,4674700
2026-04-24 07:00:00,26.65,26.75,26.3,26.6,1891100
2026-04-28 07:00:00,26.6,26.7,25.55,25.55,2499800
2026-04-29 07:00:00,26.1,26.1,25.55,25.9,1794000
2026-05-04 07:00:00,25.9,26.3,25.85,25.85,1170700
2026-05-05 07:00:00,25.85,26.0,24.9,25.6,3165400
2026-05-06 07:00:00,25.6,25.75,25.2,25.6,1659900
2026-05-07 07:00:00,25.9,26.0,25.35,25.55,1842600
2026-05-08 07:00:00,25.6,25.6,25.0,25.1,2618500
2026-05-11 07:00:00,25.1,25.2,24.8,24.85,1168700
2026-05-12 07:00:00,24.85,25.2,24.85,25.1,719700
2026-05-13 07:00:00,25.2,25.2,24.8,24.9,1220100
2026-05-14 07:00:00,24.85,25.0,24.7,24.75,1585000
2026-05-15 07:00:00,24.75,24.95,24.75,24.75,968400
2026-05-18 07:00:00,24.7,24.75,24.4,24.45,1642900
2026-05-19 07:00:00,24.7,24.85,24.35,24.4,1132300
2026-05-20 07:00:00,24.5,24.6,22.7,23.7,3235400
2026-05-21 07:00:00,23.75,23.85,23.35,23.5,1347000
2026-05-22 07:00:00,23.6,23.6,23.05,23.15,2597000
2026-05-25 07:00:00,23.6,23.85,23.2,23.35,1342100
2026-05-26 07:00:00,23.3,23.85,23.2,23.5,1099800
2026-05-27 07:00:00,23.5,24.2,23.5,24.05,2167100
