time,open,high,low,close,volume
2018-01-02 07:00:00,2.86,2.88,2.84,2.88,27200
2018-01-03 07:00:00,2.84,2.84,2.67,2.7,42800
2018-01-04 07:00:00,2.72,2.74,2.7,2.72,172210
2018-01-05 07:00:00,2.72,2.72,2.61,2.61,94100
2018-01-08 07:00:00,2.67,2.72,2.63,2.63,104500
2018-01-09 07:00:00,2.72,2.74,2.72,2.74,120400
2018-01-10 07:00:00,2.72,2.76,2.7,2.72,700
2018-01-11 07:00:00,2.76,2.8,2.74,2.8,12600
2018-01-15 07:00:00,2.72,2.82,2.72,2.8,11500
2018-01-16 07:00:00,2.74,2.8,2.7,2.8,15600
2018-01-17 07:00:00,2.74,2.8,2.72,2.72,14000
2018-01-18 07:00:00,2.72,2.82,2.7,2.72,15200
2018-01-19 07:00:00,2.72,2.76,2.72,2.74,19900
2018-01-22 07:00:00,2.8,3.01,2.8,2.93,92600
2018-01-23 07:00:00,3.03,3.03,2.93,3.01,78400
2018-01-24 07:00:00,3.3,3.3,3.03,3.05,105810
2018-01-25 07:00:00,3.07,3.07,3.01,3.01,53200
2018-01-26 07:00:00,3.01,3.01,2.9,2.93,22400
2018-01-29 07:00:00,2.93,2.93,2.84,2.88,14200
2018-01-30 07:00:00,2.93,2.97,2.84,2.97,15400
2018-01-31 07:00:00,2.93,3.01,2.93,2.93,41800
2018-02-01 07:00:00,2.93,2.97,2.9,2.93,33700
2018-02-02 07:00:00,2.99,3.01,2.97,2.99,72100
2018-02-05 07:00:00,3.03,3.03,2.93,2.99,35200
2018-02-06 07:00:00,2.99,2.99,2.8,2.82,53700
2018-02-07 07:00:00,2.86,2.93,2.84,2.93,59100
2018-02-08 07:00:00,2.95,2.99,2.93,2.99,44500
2018-02-09 07:00:00,2.95,2.99,2.93,2.99,7100
2018-02-12 07:00:00,2.95,3.01,2.95,3.01,5900
2018-02-13 07:00:00,2.99,3.05,2.99,3.05,13900
2018-02-21 07:00:00,3.05,3.09,3.03,3.09,9700
2018-02-22 07:00:00,3.01,3.11,3.01,3.01,5200
2018-02-23 07:00:00,3.01,3.03,2.99,2.99,11500
2018-02-26 07:00:00,2.99,3.03,2.99,3.03,27600
2018-02-27 07:00:00,3.03,3.07,3.03,3.05,3800
2018-02-28 07:00:00,3.07,3.09,3.01,3.01,27500
2018-03-01 07:00:00,3.03,3.05,3.03,3.05,13900
2018-03-02 07:00:00,3.07,3.09,3.05,3.05,42500
2018-03-05 07:00:00,3.09,3.32,3.09,3.13,41700
2018-03-06 07:00:00,3.13,3.13,3.11,3.11,8700
2018-03-07 07:00:00,3.24,3.24,3.13,3.13,5900
2018-03-08 07:00:00,3.24,3.34,3.18,3.3,143800
2018-03-09 07:00:00,3.38,3.53,3.38,3.51,79010
2018-03-12 07:00:00,3.51,3.66,3.51,3.66,110500
2018-03-13 07:00:00,3.66,3.66,3.51,3.55,123990
2018-03-14 07:00:00,3.57,3.57,3.49,3.53,29510
2018-03-15 07:00:00,3.59,3.74,3.53,3.66,84000
2018-03-16 07:00:00,3.66,3.76,3.66,3.72,72300
2018-03-19 07:00:00,3.72,4.05,3.72,4.01,213300
2018-03-20 07:00:00,4.03,4.03,3.89,3.99,172100
2018-03-21 07:00:00,4.03,4.22,4.03,4.16,443400
2018-03-22 07:00:00,4.24,4.49,4.18,4.49,266700
2018-03-23 07:00:00,4.53,4.55,4.18,4.51,177700
2018-03-26 07:00:00,4.53,4.53,4.28,4.28,93700
2018-03-27 07:00:00,4.33,4.41,4.22,4.28,170900
2018-03-28 07:00:00,4.3,4.3,4.22,4.24,45400
2018-03-29 07:00:00,4.24,4.24,3.97,4.05,252100
2018-03-30 07:00:00,4.16,4.16,4.07,4.07,38000
2018-04-02 07:00:00,4.1,4.1,3.91,3.93,88400
2018-04-03 07:00:00,3.95,4.05,3.82,4.01,77740
2018-04-04 07:00:00,4.12,4.28,4.03,4.24,104000
2018-04-05 07:00:00,4.24,4.37,4.24,4.37,275200
2018-04-06 07:00:00,4.37,4.37,4.14,4.18,65000
2018-04-09 07:00:00,4.18,4.18,4.1,4.1,43500
2018-04-10 07:00:00,4.01,4.14,4.01,4.05,25330
2018-04-11 07:00:00,4.07,4.14,4.01,4.01,80900
2018-04-12 07:00:00,4.01,4.03,4.01,4.03,34300
2018-04-13 07:00:00,4.05,4.05,3.99,4.05,28800
2018-04-16 07:00:00,4.1,4.16,4.07,4.14,60900
2018-04-17 07:00:00,4.12,4.16,4.1,4.16,42400
2018-04-18 07:00:00,4.14,4.18,4.07,4.16,92000
2018-04-19 07:00:00,4.18,4.22,4.14,4.14,68000
2018-04-20 07:00:00,4.2,4.28,4.14,4.26,70800
2018-04-23 07:00:00,4.35,4.41,4.3,4.37,90500
2018-04-24 07:00:00,4.3,4.33,4.24,4.26,8800
2018-04-26 07:00:00,4.33,4.33,3.94,3.96,53800
2018-04-27 07:00:00,4.08,4.1,3.94,3.94,11900
2018-05-02 07:00:00,4.08,4.08,3.82,3.87,42400
2018-05-03 07:00:00,3.87,3.89,3.73,3.89,49600
2018-05-04 07:00:00,3.98,3.98,3.75,3.94,7100
2018-05-07 07:00:00,3.8,3.94,3.8,3.85,8000
2018-05-08 07:00:00,3.8,3.91,3.8,3.87,37200
2018-05-09 07:00:00,3.91,3.91,3.8,3.91,13400
2018-05-10 07:00:00,3.85,3.91,3.85,3.87,12900
2018-05-11 07:00:00,3.87,3.89,3.82,3.82,23200
2018-05-14 07:00:00,3.85,3.94,3.82,3.94,24900
2018-05-15 07:00:00,3.94,3.98,3.91,3.96,15700
2018-05-16 07:00:00,3.98,4.05,3.96,3.98,57200
2018-05-17 07:00:00,4.08,4.22,4.08,4.22,90600
2018-05-18 07:00:00,4.26,4.26,4.12,4.22,26600
2018-05-21 07:00:00,4.29,4.63,4.29,4.38,217600
2018-05-22 07:00:00,4.38,4.38,4.17,4.31,63100
2018-05-23 07:00:00,4.29,4.36,4.29,4.33,17400
2018-05-24 07:00:00,4.36,4.36,4.26,4.26,53100
2018-05-25 07:00:00,4.31,4.31,4.22,4.24,55100
2018-05-28 07:00:00,4.26,4.26,4.08,4.08,156100
2018-05-29 07:00:00,4.33,4.33,4.05,4.13,32310
2018-05-30 07:00:00,4.11,4.13,4.08,4.11,19000
2018-05-31 07:00:00,4.08,4.13,4.05,4.08,13000
2018-06-01 07:00:00,4.08,4.11,4.02,4.05,31800
2018-06-04 07:00:00,4.05,4.11,4.05,4.11,8500
2018-06-05 07:00:00,4.05,4.13,4.05,4.13,24500
2018-06-06 07:00:00,4.13,4.19,4.08,4.13,17700
2018-06-07 07:00:00,4.11,4.13,4.05,4.08,47300
2018-06-08 07:00:00,4.08,4.38,4.08,4.38,60210
2018-06-11 07:00:00,4.3,4.33,4.3,4.3,25300
2018-06-12 07:00:00,4.3,4.33,4.24,4.27,61100
2018-06-13 07:00:00,4.24,4.3,4.24,4.27,7910
2018-06-14 07:00:00,4.24,4.3,4.19,4.3,81400
2018-06-15 07:00:00,4.22,4.27,4.22,4.24,12000
2018-06-18 07:00:00,4.33,4.33,4.22,4.27,98200
2018-06-19 07:00:00,4.19,4.22,4.16,4.19,49300
2018-06-20 07:00:00,4.24,4.24,4.19,4.22,7800
2018-06-21 07:00:00,4.22,4.24,4.19,4.24,13200
2018-06-22 07:00:00,3.83,4.24,3.83,4.19,21200
2018-06-25 07:00:00,4.22,4.22,4.22,4.22,7500
2018-06-26 07:00:00,3.94,4.22,3.94,4.19,3800
2018-06-27 07:00:00,4.24,4.24,4.22,4.22,22600
2018-06-28 07:00:00,4.22,4.22,4.16,4.16,42200
2018-06-29 07:00:00,4.19,4.19,4.16,4.16,5800
2018-07-02 07:00:00,4.16,4.19,4.16,4.19,8700
2018-07-03 07:00:00,4.19,4.19,4.19,4.19,5800
2018-07-04 07:00:00,4.19,4.19,3.94,3.94,3800
2018-07-05 07:00:00,4.05,4.16,4.05,4.16,1310
2018-07-06 07:00:00,4.19,4.19,4.19,4.19,2200
2018-07-09 07:00:00,4.16,4.16,4.16,4.16,100
2018-07-10 07:00:00,4.22,4.22,4.19,4.19,7500
2018-07-11 07:00:00,4.16,4.16,4.13,4.13,2700
2018-07-12 07:00:00,4.16,4.16,4.16,4.16,200
2018-07-13 07:00:00,4.19,4.19,4.11,4.16,4500
2018-07-16 07:00:00,4.16,4.16,4.13,4.13,3100
2018-07-17 07:00:00,4.13,4.13,4.08,4.13,4700
2018-07-18 07:00:00,4.13,4.16,4.11,4.16,6690
2018-07-19 07:00:00,4.13,4.13,4.05,4.13,5300
2018-07-20 07:00:00,4.11,4.13,4.11,4.13,4700
2018-07-23 07:00:00,4.3,4.3,4.11,4.16,30790
2018-07-24 07:00:00,4.11,4.16,4.11,4.16,5800
2018-07-25 07:00:00,4.16,4.19,4.11,4.16,17300
2018-07-26 07:00:00,4.05,4.16,4.05,4.16,10300
2018-07-27 07:00:00,4.16,4.19,4.16,4.19,3350
2018-07-30 07:00:00,4.19,4.19,4.19,4.19,2000
2018-07-31 07:00:00,4.19,4.19,4.05,4.13,25840
2018-08-01 07:00:00,4.05,4.13,4.05,4.13,12400
2018-08-02 07:00:00,4.02,4.13,4.02,4.13,2800
2018-08-03 07:00:00,4.13,4.13,4.05,4.05,10700
2018-08-06 07:00:00,4.05,4.11,4.05,4.11,11700
2018-08-07 07:00:00,4.08,4.11,4.08,4.11,1100
2018-08-08 07:00:00,4.16,4.16,4.13,4.13,11700
2018-08-09 07:00:00,4.13,4.13,4.13,4.13,3100
2018-08-10 07:00:00,4.11,4.19,4.11,4.19,12100
2018-08-13 07:00:00,4.19,4.19,4.11,4.11,3600
2018-08-14 07:00:00,4.11,4.13,4.11,4.13,1100
2018-08-15 07:00:00,4.13,4.13,3.91,4.11,10800
2018-08-16 07:00:00,3.94,4.11,3.94,4.11,8210
2018-08-17 07:00:00,4.02,4.11,3.99,4.11,14100
2018-08-20 07:00:00,4.11,4.11,4.08,4.11,4200
2018-08-21 07:00:00,4.11,4.11,4.05,4.11,4000
2018-08-22 07:00:00,4.11,4.11,4.08,4.11,6500
2018-08-23 07:00:00,4.19,4.19,4.05,4.11,14900
2018-08-24 07:00:00,4.11,4.11,4.11,4.11,4000
2018-08-27 07:00:00,4.11,4.11,4.08,4.11,12700
2018-08-28 07:00:00,4.11,4.13,4.08,4.13,5500
2018-08-29 07:00:00,4.13,4.13,4.13,4.13,800
2018-08-30 07:00:00,4.11,4.13,4.11,4.13,11040
2018-08-31 07:00:00,4.11,4.11,4.11,4.11,5900
2018-09-04 07:00:00,4.19,4.19,4.05,4.05,3300
2018-09-05 07:00:00,4.05,4.05,4.02,4.05,13100
2018-09-06 07:00:00,4.08,4.11,4.08,4.11,4800
2018-09-07 07:00:00,3.74,4.33,3.74,4.33,21100
2018-09-10 07:00:00,4.3,4.3,4.22,4.22,12500
2018-09-11 07:00:00,4.27,4.27,4.22,4.22,7400
2018-09-12 07:00:00,4.24,4.33,4.16,4.19,33100
2018-09-13 07:00:00,4.16,4.16,4.16,4.16,8700
2018-09-14 07:00:00,4.13,4.13,4.13,4.13,2500
2018-09-17 07:00:00,4.22,4.22,4.22,4.22,100
2018-09-18 07:00:00,4.19,4.19,4.13,4.19,5700
2018-09-19 07:00:00,4.13,4.19,4.13,4.19,6100
2018-09-20 07:00:00,4.13,4.19,4.08,4.19,21900
2018-09-21 07:00:00,4.19,4.19,4.11,4.19,15500
2018-09-24 07:00:00,4.08,4.16,4.08,4.16,20600
2018-09-25 07:00:00,4.11,4.16,4.11,4.11,10700
2018-09-26 07:00:00,4.11,4.11,4.05,4.11,17000
2018-09-27 07:00:00,4.11,4.19,4.11,4.19,28100
2018-09-28 07:00:00,4.19,4.52,4.19,4.5,220010
2018-10-01 07:00:00,4.61,4.94,4.61,4.86,511670
2018-10-02 07:00:00,5.03,5.03,4.83,4.86,120100
2018-10-03 07:00:00,4.83,4.86,4.69,4.72,158900
2018-10-04 07:00:00,4.78,4.89,4.78,4.86,273090
2018-10-05 07:00:00,4.89,4.91,4.8,4.86,143000
2018-10-08 07:00:00,4.86,4.86,4.8,4.83,130500
2018-10-09 07:00:00,4.86,4.94,4.83,4.89,440140
2018-10-10 07:00:00,4.89,5.12,4.48,4.65,73520
2018-10-11 07:00:00,4.62,4.62,4.21,4.25,145390
2018-10-12 07:00:00,4.04,4.31,4.04,4.25,82700
2018-10-15 07:00:00,4.25,4.25,4.15,4.15,23200
2018-10-16 07:00:00,4.15,4.25,4.08,4.18,22920
2018-10-17 07:00:00,4.18,4.18,4.08,4.18,72500
2018-10-18 07:00:00,4.18,4.25,4.11,4.18,10626
2018-10-19 07:00:00,4.15,4.18,4.08,4.15,44600
2018-10-22 07:00:00,4.18,4.38,4.18,4.28,41471
2018-10-23 07:00:00,4.15,4.28,4.08,4.28,37400
2018-10-24 07:00:00,4.21,4.28,4.15,4.25,5600
2018-10-25 07:00:00,4.11,4.21,4.04,4.21,47220
2018-10-26 07:00:00,4.25,4.25,4.15,4.15,11800
2018-10-29 07:00:00,4.08,4.18,4.08,4.18,13800
2018-10-30 07:00:00,4.18,4.18,4.08,4.15,21200
2018-10-31 07:00:00,4.15,4.18,4.11,4.15,17100
2018-11-01 07:00:00,4.25,4.25,4.11,4.21,15150
2018-11-02 07:00:00,4.15,4.25,4.15,4.25,26000
2018-11-05 07:00:00,4.25,4.25,4.18,4.21,25900
2018-11-06 07:00:00,4.21,4.58,4.21,4.48,93500
2018-11-07 07:00:00,4.65,4.65,4.42,4.48,28750
2018-11-08 07:00:00,4.48,4.48,4.42,4.42,23900
2018-11-09 07:00:00,4.45,4.45,4.21,4.21,35600
2018-11-12 07:00:00,4.52,4.52,4.21,4.28,45800
2018-11-13 07:00:00,4.25,4.28,4.25,4.28,28300
2018-11-14 07:00:00,4.28,4.31,4.28,4.28,17900
2018-11-15 07:00:00,4.28,4.38,4.28,4.28,23700
2018-11-16 07:00:00,4.28,4.31,4.28,4.28,26100
2018-11-19 07:00:00,4.31,4.35,4.21,4.25,58900
2018-11-20 07:00:00,4.28,4.28,4.21,4.28,9700
2018-11-21 07:00:00,4.25,4.25,4.21,4.25,16400
2018-11-22 07:00:00,4.25,4.28,4.21,4.25,11100
2018-11-23 07:00:00,4.25,4.25,4.21,4.25,13005
2018-11-26 07:00:00,4.25,4.28,4.21,4.25,44800
2018-11-27 07:00:00,4.31,4.31,4.21,4.25,37200
2018-11-28 07:00:00,4.25,4.28,4.21,4.25,34415
2018-11-29 07:00:00,4.25,4.28,4.21,4.28,30600
2018-11-30 07:00:00,4.21,4.28,4.18,4.28,15000
2018-12-03 07:00:00,4.25,4.25,4.18,4.21,74400
2018-12-04 07:00:00,4.21,4.25,4.11,4.25,37100
2018-12-05 07:00:00,4.18,4.21,4.15,4.21,30600
2018-12-06 07:00:00,4.21,4.21,4.15,4.18,21500
2018-12-07 07:00:00,4.18,4.18,4.15,4.18,16600
2018-12-10 07:00:00,4.18,4.18,4.15,4.18,32500
2018-12-11 07:00:00,4.18,4.18,4.11,4.15,49800
2018-12-12 07:00:00,4.15,4.21,4.11,4.15,22800
2018-12-13 07:00:00,4.15,4.15,4.11,4.11,9800
2018-12-14 07:00:00,4.15,4.15,4.11,4.15,11600
2018-12-17 07:00:00,4.11,4.11,4.08,4.11,28400
2018-12-18 07:00:00,4.08,4.08,4.01,4.01,61600
2018-12-19 07:00:00,4.01,4.01,3.98,4.01,47900
2018-12-20 07:00:00,3.98,4.04,3.98,4.01,5500
2018-12-21 07:00:00,3.98,4.01,3.98,4.01,25100
2018-12-24 07:00:00,3.98,3.98,3.88,3.88,99200
2018-12-25 07:00:00,3.81,3.88,3.71,3.77,100700
2018-12-26 07:00:00,3.77,3.84,3.77,3.84,35800
2018-12-27 07:00:00,4.04,4.04,3.88,3.88,15400
2018-12-28 07:00:00,3.88,3.88,3.81,3.81,19300
2019-01-02 07:00:00,3.84,3.94,3.84,3.91,32000
2019-01-03 07:00:00,3.91,3.91,3.81,3.84,33400
2019-01-04 07:00:00,3.84,3.84,3.77,3.84,9946
2019-01-07 07:00:00,3.88,3.91,3.84,3.84,36000
2019-01-08 07:00:00,3.91,3.91,3.81,3.84,12700
2019-01-09 07:00:00,3.84,3.91,3.77,3.91,75504
2019-01-10 07:00:00,3.88,3.88,3.84,3.84,15500
2019-01-11 07:00:00,3.84,3.91,3.84,3.91,15400
2019-01-14 07:00:00,3.91,3.91,3.91,3.91,2500
2019-01-15 07:00:00,3.91,4.21,3.88,4.21,76000
2019-01-16 07:00:00,4.21,4.28,4.21,4.25,24250
2019-01-17 07:00:00,4.25,4.25,4.21,4.21,13100
2019-01-18 07:00:00,4.21,4.38,4.21,4.38,20600
2019-01-21 07:00:00,4.58,4.79,4.58,4.65,114620
2019-01-22 07:00:00,4.62,4.62,4.48,4.48,59203
2019-01-23 07:00:00,4.48,4.48,4.35,4.35,700
2019-01-24 07:00:00,4.31,4.42,4.21,4.42,11010
2019-01-25 07:00:00,4.42,4.48,4.21,4.45,2500
2019-01-28 07:00:00,4.45,4.45,4.38,4.38,2500
2019-01-29 07:00:00,4.38,4.38,4.38,4.38,2500
2019-01-30 07:00:00,4.38,4.42,4.38,4.38,13100
2019-01-31 07:00:00,4.38,4.42,4.38,4.42,8900
2019-02-01 07:00:00,4.45,4.58,4.42,4.58,7300
2019-02-11 07:00:00,4.58,4.65,4.58,4.65,1700
2019-02-12 07:00:00,4.55,4.58,4.48,4.55,15300
2019-02-13 07:00:00,4.55,4.65,4.55,4.58,49040
2019-02-14 07:00:00,4.58,4.58,4.52,4.52,20300
2019-02-15 07:00:00,4.52,4.52,4.42,4.48,8100
2019-02-18 07:00:00,4.52,4.55,4.45,4.55,14400
2019-02-19 07:00:00,4.55,4.55,4.52,4.55,15736
2019-02-20 07:00:00,4.55,4.55,4.55,4.55,21431
2019-02-21 07:00:00,4.55,4.55,4.48,4.55,27600
2019-02-22 07:00:00,4.52,4.55,4.52,4.55,31200
2019-02-25 07:00:00,4.55,4.55,4.52,4.55,66700
2019-02-26 07:00:00,4.55,4.55,4.52,4.52,1500
2019-02-27 07:00:00,4.52,4.55,4.52,4.55,43300
2019-02-28 07:00:00,4.55,4.55,4.48,4.55,73500
2019-03-01 07:00:00,4.55,4.55,4.55,4.55,64710
2019-03-04 07:00:00,4.58,4.82,4.58,4.72,38520
2019-03-05 07:00:00,4.75,4.79,4.62,4.72,23500
2019-03-06 07:00:00,4.68,4.68,4.65,4.68,23600
2019-03-07 07:00:00,4.68,4.72,4.68,4.68,55500
2019-03-08 07:00:00,4.72,4.92,4.72,4.85,88200
2019-03-11 07:00:00,5.02,5.02,4.89,4.89,66502
2019-03-12 07:00:00,4.89,4.89,4.75,4.82,78430
2019-03-13 07:00:00,4.89,4.89,4.79,4.89,55200
2019-03-14 07:00:00,4.89,4.95,4.75,4.75,30100
2019-03-15 07:00:00,4.82,4.82,4.79,4.82,37800
2019-03-18 07:00:00,4.82,4.82,4.75,4.75,37003
2019-03-19 07:00:00,4.75,4.82,4.72,4.79,55500
2019-03-20 07:00:00,4.79,4.82,4.79,4.82,14100
2019-03-21 07:00:00,4.82,4.82,4.79,4.79,11102
2019-03-22 07:00:00,4.75,4.79,4.75,4.75,7500
2019-03-25 07:00:00,4.75,4.75,4.68,4.68,38400
2019-03-26 07:00:00,4.68,4.68,4.68,4.68,12500
2019-03-27 07:00:00,4.72,4.79,4.72,4.79,25000
2019-03-28 07:00:00,4.82,4.85,4.82,4.82,33800
2019-03-29 07:00:00,4.82,4.89,4.82,4.89,40600
2019-04-01 07:00:00,4.89,5.12,4.89,5.09,89100
2019-04-02 07:00:00,5.12,5.12,5.02,5.02,41600
2019-04-03 07:00:00,4.99,5.06,4.99,5.06,43800
2019-04-04 07:00:00,5.06,5.06,4.99,5.06,24420
2019-04-05 07:00:00,5.02,5.09,5.02,5.09,42450
2019-04-08 07:00:00,5.09,5.09,4.95,5.02,33260
2019-04-09 07:00:00,4.99,5.06,4.99,5.06,10700
2019-04-10 07:00:00,5.02,5.06,4.99,5.06,22800
2019-04-11 07:00:00,5.06,5.09,5.02,5.06,25000
2019-04-12 07:00:00,5.06,5.09,4.99,5.06,61800
2019-04-16 07:00:00,5.06,5.12,5.06,5.12,48200
2019-04-17 07:00:00,5.12,5.16,5.09,5.16,48030
2019-04-18 07:00:00,5.16,5.29,5.16,5.26,121510
2019-04-19 07:00:00,5.26,5.29,5.19,5.29,60700
2019-04-22 07:00:00,5.29,5.29,5.19,5.22,33300
2019-04-23 07:00:00,5.29,5.29,5.19,5.22,55400
2019-04-24 07:00:00,5.22,5.26,5.19,5.22,35450
2019-04-25 07:00:00,5.19,5.29,5.16,5.26,59100
2019-04-26 07:00:00,5.26,5.29,5.19,5.22,27810
2019-05-02 07:00:00,5.26,5.26,5.16,5.19,24230
2019-05-03 07:00:00,5.12,5.19,5.12,5.12,41620
2019-05-06 07:00:00,5.12,5.12,5.06,5.06,102310
2019-05-07 07:00:00,5.06,5.19,5.06,5.12,64300
2019-05-08 07:00:00,5.02,5.12,5.02,5.09,24500
2019-05-09 07:00:00,5.06,5.09,5.06,5.06,23000
2019-05-10 07:00:00,5.06,5.16,5.02,5.16,46900
2019-05-13 07:00:00,5.09,5.12,5.06,5.09,23160
2019-05-14 07:00:00,5.06,5.12,5.06,5.12,41700
2019-05-15 07:00:00,5.12,5.16,5.06,5.16,22000
2019-05-16 07:00:00,5.19,5.19,5.12,5.12,9200
2019-05-17 07:00:00,5.12,5.12,5.09,5.12,8500
2019-05-20 07:00:00,5.16,5.29,5.16,5.22,55500
2019-05-21 07:00:00,5.29,5.29,5.19,5.19,5500
2019-05-22 07:00:00,5.16,5.19,5.16,5.19,39100
2019-05-23 07:00:00,5.19,5.19,5.16,5.19,8830
2019-05-24 07:00:00,5.19,5.19,5.09,5.09,48100
2019-05-27 07:00:00,5.09,5.12,5.09,5.12,10832
2019-05-28 07:00:00,5.12,5.12,5.09,5.09,3000
2019-05-29 07:00:00,5.06,5.12,4.72,5.06,31900
2019-05-30 07:00:00,5.09,5.16,5.06,5.06,6010
2019-05-31 07:00:00,4.99,5.12,4.99,4.99,6500
2019-06-03 07:00:00,4.99,5.09,4.99,4.99,9620
2019-06-04 07:00:00,4.99,5.09,4.99,4.99,4600
2019-06-05 07:00:00,4.99,5.02,4.92,4.99,6450
2019-06-06 07:00:00,4.99,5.02,4.95,5.02,2400
2019-06-07 07:00:00,4.99,5.06,4.99,4.99,4656
2019-06-10 07:00:00,4.99,4.99,4.95,4.99,9800
2019-06-11 07:00:00,5.02,5.06,4.99,5.06,13100
2019-06-12 07:00:00,5.09,5.16,5.06,5.09,21812
2019-06-13 07:00:00,5.09,5.09,5.06,5.06,700
2019-06-14 07:00:00,5.06,5.09,5.06,5.06,4700
2019-06-17 07:00:00,5.06,5.09,5.06,5.06,4200
2019-06-18 07:00:00,4.95,5.09,4.95,5.02,7500
2019-06-19 07:00:00,5.02,5.09,5.02,5.09,1900
2019-06-20 07:00:00,5.06,5.09,5.06,5.06,4300
2019-06-21 07:00:00,4.55,5.06,4.55,4.99,13100
2019-06-24 07:00:00,4.99,5.02,4.95,4.95,20610
2019-06-25 07:00:00,4.99,5.06,4.99,5.02,19500
2019-06-26 07:00:00,5.02,5.02,4.99,5.02,8610
2019-06-27 07:00:00,5.02,5.02,4.95,4.99,6190
2019-06-28 07:00:00,4.99,4.99,4.92,4.99,9800
2019-07-01 07:00:00,4.99,5.02,4.95,4.99,3200
2019-07-02 07:00:00,4.95,5.02,4.95,5.02,1700
2019-07-03 07:00:00,4.95,5.02,4.95,4.99,5200
2019-07-04 07:00:00,4.99,4.99,4.99,4.99,1400
2019-07-05 07:00:00,4.99,4.99,4.95,4.99,4700
2019-07-08 07:00:00,5.02,5.02,4.99,4.99,2100
2019-07-09 07:00:00,4.99,4.99,4.99,4.99,6730
2019-07-10 07:00:00,4.99,5.02,4.99,4.99,1386
2019-07-11 07:00:00,4.99,4.99,4.92,4.99,8300
2019-07-12 07:00:00,4.99,4.99,4.95,4.95,3200
2019-07-15 07:00:00,4.99,4.99,4.95,4.95,10580
2019-07-16 07:00:00,4.99,4.99,4.95,4.95,3900
2019-07-17 07:00:00,4.95,4.95,4.95,4.95,10900
2019-07-18 07:00:00,4.95,4.95,4.95,4.95,10906
2019-07-19 07:00:00,4.95,5.06,4.48,5.02,16200
2019-07-22 07:00:00,5.02,5.02,4.99,4.99,1000
2019-07-23 07:00:00,4.92,4.99,4.89,4.89,54200
2019-07-24 07:00:00,4.82,4.95,4.79,4.95,19306
2019-07-25 07:00:00,4.95,4.95,4.92,4.92,32500
2019-07-26 07:00:00,4.92,4.95,4.92,4.92,5900
2019-07-29 07:00:00,4.95,5.16,4.95,5.06,7500
2019-07-30 07:00:00,5.06,5.12,5.02,5.06,7000
2019-07-31 07:00:00,5.06,5.06,5.02,5.02,5310
2019-08-01 07:00:00,5.02,5.12,5.02,5.12,12900
2019-08-02 07:00:00,5.09,5.09,5.02,5.02,27200
2019-08-05 07:00:00,5.02,5.02,4.95,5.02,4700
2019-08-06 07:00:00,5.02,5.02,4.99,5.02,2506
2019-08-07 07:00:00,5.02,5.06,5.02,5.06,16900
2019-08-08 07:00:00,5.02,5.02,5.02,5.02,4600
2019-08-09 07:00:00,5.02,5.06,4.99,4.99,6750
2019-08-12 07:00:00,5.02,5.12,5.02,5.06,10800
2019-08-13 07:00:00,5.12,5.16,5.06,5.06,46000
2019-08-14 07:00:00,5.09,5.16,5.09,5.16,1800
2019-08-15 07:00:00,5.06,5.12,5.06,5.09,10100
2019-08-16 07:00:00,5.06,5.06,5.02,5.06,29600
2019-08-19 07:00:00,5.06,5.12,5.06,5.06,10700
2019-08-20 07:00:00,4.99,5.09,4.99,5.02,9400
2019-08-21 07:00:00,4.99,5.49,4.99,5.19,20300
2019-08-22 07:00:00,5.19,5.19,5.09,5.16,23200
2019-08-23 07:00:00,5.12,5.12,5.12,5.12,2200
2019-08-26 07:00:00,5.06,5.12,5.06,5.12,15450
2019-08-27 07:00:00,5.09,5.12,5.06,5.12,5300
2019-08-28 07:00:00,5.12,5.12,5.12,5.12,1500
2019-08-29 07:00:00,5.06,5.12,5.06,5.12,21700
2019-08-30 07:00:00,5.09,5.12,5.09,5.12,1800
2019-09-03 07:00:00,5.09,5.16,5.06,5.16,14500
2019-09-04 07:00:00,5.12,5.12,5.09,5.09,8100
2019-09-05 07:00:00,5.12,5.19,5.12,5.16,8240
2019-09-06 07:00:00,5.09,5.12,5.09,5.09,9200
2019-09-09 07:00:00,5.12,5.12,5.12,5.12,7700
2019-09-10 07:00:00,5.12,5.19,5.12,5.12,7200
2019-09-11 07:00:00,5.36,5.36,5.19,5.19,20500
2019-09-12 07:00:00,5.19,5.19,5.12,5.16,8400
2019-09-13 07:00:00,5.16,5.16,5.16,5.16,1900
2019-09-16 07:00:00,5.16,5.19,5.16,5.19,26300
2019-09-17 07:00:00,5.22,5.26,5.19,5.22,12811
2019-09-18 07:00:00,5.22,5.29,5.22,5.29,9000
2019-09-19 07:00:00,5.29,5.33,5.26,5.29,12900
2019-09-20 07:00:00,5.39,5.39,5.22,5.33,8300
2019-09-23 07:00:00,5.33,5.33,5.29,5.29,51800
2019-09-24 07:00:00,5.33,5.33,5.26,5.29,1500
2019-09-25 07:00:00,5.22,5.29,5.22,5.29,2900
2019-09-26 07:00:00,5.33,5.33,5.22,5.22,11000
2019-09-27 07:00:00,5.33,5.73,5.33,5.66,198902
2019-09-30 07:00:00,5.83,5.83,5.46,5.46,90400
2019-10-01 07:00:00,5.49,5.53,5.46,5.49,74300
2019-10-02 07:00:00,5.53,5.53,5.36,5.43,206670
2019-10-03 07:00:00,5.46,5.93,5.46,5.73,515249
2019-10-04 07:00:00,5.8,5.83,5.7,5.83,150800
2019-10-07 07:00:00,5.8,5.83,5.7,5.7,122500
2019-10-08 07:00:00,5.7,5.73,5.53,5.63,102410
2019-10-09 07:00:00,5.56,5.66,5.56,5.59,91500
2019-10-10 07:00:00,5.59,5.66,5.56,5.63,82561
2019-10-11 07:00:00,5.66,5.7,5.56,5.56,81900
2019-10-14 07:00:00,5.56,5.68,5.15,5.15,115590
2019-10-15 07:00:00,5.15,5.23,5.11,5.19,21000
2019-10-16 07:00:00,5.19,5.23,5.11,5.19,60500
2019-10-17 07:00:00,5.19,5.19,4.98,5.07,85100
2019-10-18 07:00:00,5.07,5.11,4.94,5.03,86790
2019-10-21 07:00:00,5.03,5.07,4.94,4.98,58750
2019-10-22 07:00:00,5.07,5.48,5.07,5.48,122910
2019-10-23 07:00:00,6.01,6.01,5.56,5.68,117120
2019-10-24 07:00:00,5.68,5.68,5.48,5.6,30300
2019-10-25 07:00:00,5.56,5.6,5.52,5.56,44900
2019-10-28 07:00:00,5.52,5.77,5.52,5.77,89210
2019-10-29 07:00:00,5.77,5.81,5.68,5.68,11500
2019-10-30 07:00:00,5.68,5.68,5.64,5.68,13900
2019-10-31 07:00:00,5.68,5.68,5.6,5.68,40400
2019-11-01 07:00:00,5.64,5.68,5.56,5.68,23583
2019-11-04 07:00:00,5.77,5.77,5.6,5.6,28950
2019-11-05 07:00:00,5.6,5.6,5.56,5.6,58810
2019-11-06 07:00:00,5.6,5.6,5.52,5.6,20920
2019-11-07 07:00:00,5.56,5.6,5.52,5.6,15800
2019-11-08 07:00:00,5.6,5.6,5.56,5.56,14800
2019-11-11 07:00:00,5.6,5.64,5.56,5.64,28700
2019-11-12 07:00:00,5.68,5.68,5.6,5.64,8400
2019-11-13 07:00:00,5.6,5.64,5.6,5.64,22821
2019-11-14 07:00:00,5.6,5.64,5.56,5.64,73900
2019-11-15 07:00:00,5.64,5.64,5.6,5.64,6500
2019-11-18 07:00:00,5.6,5.64,5.56,5.56,34321
2019-11-19 07:00:00,5.56,5.64,5.52,5.52,39511
2019-11-20 07:00:00,5.56,5.6,5.52,5.52,26500
2019-11-21 07:00:00,5.52,5.56,5.52,5.52,29300
2019-11-22 07:00:00,5.56,5.6,5.56,5.56,41400
2019-11-25 07:00:00,5.6,5.64,5.56,5.56,18800
2019-11-26 07:00:00,5.6,5.64,5.6,5.6,17501
2019-11-27 07:00:00,5.64,5.64,5.56,5.56,10600
2019-11-28 07:00:00,5.6,5.6,5.56,5.56,38000
2019-11-29 07:00:00,5.56,5.6,5.56,5.6,15200
2019-12-02 07:00:00,5.6,5.6,5.52,5.52,10800
2019-12-03 07:00:00,5.52,5.52,5.52,5.52,19694
2019-12-04 07:00:00,5.52,5.73,5.52,5.6,22130
2019-12-05 07:00:00,5.68,5.68,5.6,5.64,2300
2019-12-06 07:00:00,5.64,6.06,5.64,5.93,148200
2019-12-09 07:00:00,6.06,6.34,6.06,6.3,149710
2019-12-10 07:00:00,6.38,6.43,6.1,6.14,54504
2019-12-11 07:00:00,6.18,6.26,5.93,6.01,72200
2019-12-12 07:00:00,6.01,6.18,5.93,6.18,58200
2019-12-13 07:00:00,6.26,6.8,6.26,6.76,119730
2019-12-16 07:00:00,6.76,7.13,6.76,6.96,98653
2019-12-17 07:00:00,6.88,6.96,6.76,6.76,83827
2019-12-18 07:00:00,6.76,7.04,6.63,6.63,56900
2019-12-19 07:00:00,6.55,6.88,6.51,6.88,64100
2019-12-20 07:00:00,6.8,6.8,6.63,6.71,46290
2019-12-23 07:00:00,6.63,6.84,6.55,6.71,78320
2019-12-24 07:00:00,6.71,7.37,6.63,7.37,224645
2019-12-25 07:00:00,7.21,8.03,7.21,7.91,232296
2019-12-26 07:00:00,7.91,7.91,7.58,7.58,46000
2019-12-27 07:00:00,7.58,7.62,7.46,7.62,50445
2019-12-30 07:00:00,7.62,7.62,7.21,7.29,24800
2019-12-31 07:00:00,7.29,7.29,6.71,6.8,34638
2020-01-02 07:00:00,6.8,7.37,6.76,7.04,60169
2020-01-03 07:00:00,7.0,7.25,7.0,7.04,15700
2020-01-06 07:00:00,6.8,7.0,6.71,6.96,22500
2020-01-07 07:00:00,6.8,6.8,6.59,6.67,50720
2020-01-08 07:00:00,6.55,6.96,6.55,6.63,38008
2020-01-09 07:00:00,6.55,6.67,6.51,6.67,19710
2020-01-10 07:00:00,6.63,6.67,6.51,6.59,32410
2020-01-13 07:00:00,6.63,7.04,6.63,6.84,7200
2020-01-14 07:00:00,6.76,7.41,6.76,7.17,24200
2020-01-15 07:00:00,6.88,7.09,6.88,7.09,1231
2020-01-16 07:00:00,7.0,7.04,6.96,7.04,18000
2020-01-17 07:00:00,7.0,7.04,6.96,7.04,11700
2020-01-20 07:00:00,6.96,7.0,6.92,7.0,19211
2020-01-21 07:00:00,6.84,7.0,6.84,6.96,5830
2020-01-22 07:00:00,7.04,7.17,6.96,7.0,10700
2020-01-30 07:00:00,6.63,7.0,6.59,6.67,29000
2020-01-31 07:00:00,6.8,7.09,6.8,7.0,21400
2020-02-03 07:00:00,6.59,6.88,6.59,6.84,7200
2020-02-04 07:00:00,6.84,6.92,6.84,6.84,18500
2020-02-05 07:00:00,7.13,7.13,6.84,7.13,10200
2020-02-06 07:00:00,7.13,7.21,7.0,7.0,26900
2020-02-07 07:00:00,6.88,7.25,6.88,7.17,1310
2020-02-10 07:00:00,7.0,7.17,7.0,7.13,7109
2020-02-11 07:00:00,7.13,7.17,7.09,7.13,16500
2020-02-12 07:00:00,7.13,7.83,7.13,7.54,55720
2020-02-13 07:00:00,7.58,7.58,7.29,7.29,13200
2020-02-14 07:00:00,7.29,7.5,7.29,7.5,200
2020-02-17 07:00:00,7.21,7.41,7.13,7.25,20600
2020-02-18 07:00:00,7.25,7.37,7.21,7.37,5110
2020-02-19 07:00:00,7.37,7.46,7.37,7.41,7100
2020-02-20 07:00:00,7.46,7.46,7.33,7.41,8500
2020-02-21 07:00:00,7.33,7.41,7.25,7.25,20950
2020-02-24 07:00:00,7.17,7.17,7.0,7.0,14360
2020-02-25 07:00:00,6.88,7.0,6.84,7.0,10513
2020-02-26 07:00:00,6.84,6.92,6.84,6.92,3600
2020-02-27 07:00:00,6.96,7.04,6.96,7.04,2500
2020-02-28 07:00:00,6.96,6.96,6.92,6.92,17100
2020-03-02 07:00:00,7.0,7.0,6.92,6.92,4200
2020-03-03 07:00:00,7.54,7.54,6.26,7.04,1200
2020-03-04 07:00:00,7.0,7.0,6.92,6.92,6500
2020-03-05 07:00:00,6.96,7.0,6.92,6.96,13407
2020-03-06 07:00:00,6.96,7.0,6.47,6.96,7910
2020-03-09 07:00:00,6.84,6.84,6.59,6.59,35360
2020-03-10 07:00:00,6.59,7.0,6.59,7.0,18900
2020-03-11 07:00:00,6.96,6.96,6.84,6.84,29600
2020-03-12 07:00:00,6.8,6.84,6.71,6.76,32700
2020-03-13 07:00:00,6.59,6.84,6.59,6.84,22622
2020-03-16 07:00:00,7.33,7.33,6.84,6.84,1900
2020-03-17 07:00:00,6.92,7.09,6.92,7.0,29200
2020-03-18 07:00:00,7.13,7.25,7.0,7.0,20700
2020-03-19 07:00:00,7.0,7.0,6.96,7.0,6410
2020-03-20 07:00:00,7.0,7.13,7.0,7.13,10300
2020-03-23 07:00:00,7.62,7.62,6.8,6.8,45400
2020-03-24 07:00:00,6.8,7.0,6.8,6.92,11200
2020-03-25 07:00:00,6.96,7.17,6.96,7.17,36700
2020-03-26 07:00:00,6.96,7.0,6.96,7.0,21900
2020-03-27 07:00:00,6.96,6.96,6.92,6.96,2000
2020-03-30 07:00:00,6.88,6.88,6.8,6.84,5400
2020-03-31 07:00:00,7.29,7.29,7.29,7.29,100
2020-04-01 07:00:00,7.0,7.0,7.0,7.0,100
2020-04-03 07:00:00,6.88,6.88,6.88,6.88,2200
2020-04-06 07:00:00,7.13,7.13,7.09,7.09,1500
2020-04-07 07:00:00,7.0,7.0,6.8,6.92,10400
2020-04-08 07:00:00,6.8,6.8,6.8,6.8,2100
2020-04-09 07:00:00,6.92,6.92,6.88,6.88,1000
2020-04-10 07:00:00,6.88,6.96,6.84,6.88,8230
2020-04-13 07:00:00,6.88,6.88,6.88,6.88,9620
2020-04-14 07:00:00,6.92,7.0,6.88,7.0,12700
2020-04-15 07:00:00,7.0,7.0,6.88,6.88,3230
2020-04-16 07:00:00,6.92,6.92,6.88,6.92,5520
2020-04-17 07:00:00,6.96,6.96,6.96,6.96,6730
2020-04-20 07:00:00,7.0,7.5,7.0,7.13,2570
2020-04-21 07:00:00,7.17,7.17,7.0,7.04,4700
2020-04-22 07:00:00,7.0,7.04,7.0,7.04,200
2020-04-23 07:00:00,7.04,7.13,7.04,7.04,3600
2020-04-24 07:00:00,7.0,7.09,7.0,7.0,2200
2020-04-27 07:00:00,7.09,7.13,7.0,7.09,4800
2020-04-28 07:00:00,7.17,7.17,7.04,7.04,2500
2020-04-29 07:00:00,7.04,7.29,7.04,7.09,5800
2020-05-04 07:00:00,7.21,7.21,7.09,7.09,3820
2020-05-05 07:00:00,7.13,7.13,7.09,7.13,9400
2020-05-06 07:00:00,7.13,7.17,7.13,7.17,7800
2020-05-07 07:00:00,7.25,7.25,7.13,7.17,5600
2020-05-08 07:00:00,7.17,7.17,7.13,7.13,24100
2020-05-11 07:00:00,7.09,7.17,7.09,7.17,30300
2020-05-12 07:00:00,7.17,7.58,7.13,7.5,37160
2020-05-13 07:00:00,7.5,7.95,7.5,7.95,38300
2020-05-14 07:00:00,7.95,7.95,7.62,7.66,20920
2020-05-15 07:00:00,7.58,7.58,7.37,7.37,18520
2020-05-18 07:00:00,7.41,7.46,7.41,7.46,9500
2020-05-19 07:00:00,7.46,7.58,7.41,7.58,6530
2020-05-20 07:00:00,7.46,7.46,7.41,7.41,11400
2020-05-21 07:00:00,7.37,7.58,7.37,7.46,5800
2020-05-22 07:00:00,7.46,7.5,7.46,7.46,6000
2020-05-25 07:00:00,7.58,7.58,7.46,7.46,8950
2020-05-26 07:00:00,7.54,7.58,7.54,7.54,9400
2020-05-27 07:00:00,7.58,7.62,7.58,7.58,7505
2020-05-28 07:00:00,7.79,8.32,7.79,8.32,294588
2020-05-29 07:00:00,8.32,8.94,8.32,8.32,84670
2020-06-01 07:00:00,8.28,8.32,8.24,8.32,16900
2020-06-02 07:00:00,8.28,8.28,8.07,8.16,45305
2020-06-03 07:00:00,8.11,8.16,8.07,8.11,9260
2020-06-04 07:00:00,8.11,8.2,8.07,8.2,17900
2020-06-05 07:00:00,8.11,8.11,8.03,8.11,12530
2020-06-08 07:00:00,8.11,8.2,8.03,8.16,44510
2020-06-09 07:00:00,8.16,8.16,8.03,8.16,24439
2020-06-10 07:00:00,8.16,8.86,8.16,8.53,105721
2020-06-11 07:00:00,8.53,8.57,8.4,8.4,101320
2020-06-12 07:00:00,8.4,8.44,8.24,8.44,32700
2020-06-15 07:00:00,8.4,8.61,8.24,8.24,80810
2020-06-16 07:00:00,8.28,8.32,8.07,8.32,16400
2020-06-17 07:00:00,8.28,8.36,8.2,8.24,20200
2020-06-18 07:00:00,8.24,8.28,8.16,8.28,26000
2020-06-19 07:00:00,8.28,8.28,8.24,8.24,15105
2020-06-22 07:00:00,8.16,8.32,8.11,8.28,13100
2020-06-23 07:00:00,8.24,8.32,8.24,8.28,15700
2020-06-24 07:00:00,8.28,8.36,8.24,8.36,33215
2020-06-25 07:00:00,8.4,8.4,8.36,8.36,97020
2020-06-26 07:00:00,8.36,8.4,8.36,8.4,54900
2020-06-29 07:00:00,8.36,8.4,8.11,8.32,49005
2020-06-30 07:00:00,8.44,8.61,8.28,8.4,13710
2020-07-01 07:00:00,8.36,8.36,8.28,8.32,26000
2020-07-02 07:00:00,8.28,8.32,8.24,8.32,11600
2020-07-03 07:00:00,8.36,8.53,8.32,8.49,48310
2020-07-06 07:00:00,8.49,8.9,8.28,8.73,254673
2020-07-07 07:00:00,8.86,8.94,8.77,8.82,194540
2020-07-08 07:00:00,8.73,8.82,8.73,8.82,70800
2020-07-09 07:00:00,8.86,8.94,8.73,8.77,126000
2020-07-10 07:00:00,8.77,8.77,8.53,8.65,88633
2020-07-13 07:00:00,8.65,8.65,8.53,8.53,79150
2020-07-14 07:00:00,8.49,8.69,8.49,8.69,29120
2020-07-15 07:00:00,8.82,8.86,8.69,8.73,11700
2020-07-16 07:00:00,8.69,8.69,8.57,8.69,51250
2020-07-17 07:00:00,8.65,8.65,8.57,8.61,58000
2020-07-20 07:00:00,8.73,8.73,8.57,8.61,33200
2020-07-21 07:00:00,8.65,8.65,8.49,8.61,53300
2020-07-22 07:00:00,8.61,8.65,8.4,8.53,72100
2020-07-23 07:00:00,8.4,8.53,8.4,8.53,14800
2020-07-24 07:00:00,8.4,8.4,8.07,8.2,101410
2020-07-27 07:00:00,8.03,8.03,7.41,7.54,154400
2020-07-28 07:00:00,7.7,7.79,7.5,7.79,15000
2020-07-29 07:00:00,7.74,7.74,7.41,7.54,56300
2020-07-30 07:00:00,7.7,7.7,7.58,7.66,20600
2020-07-31 07:00:00,7.62,7.83,7.62,7.83,22800
2020-08-03 07:00:00,7.79,8.11,7.79,8.03,13100
2020-08-04 07:00:00,8.16,8.16,7.83,7.99,41100
2020-08-05 07:00:00,7.95,8.11,7.91,8.07,34100
2020-08-06 07:00:00,7.99,8.11,7.95,8.11,9300
2020-08-07 07:00:00,8.11,8.2,8.03,8.2,19900
2020-08-10 07:00:00,8.2,8.36,8.16,8.24,35800
2020-08-11 07:00:00,8.24,8.36,8.2,8.32,8900
2020-08-12 07:00:00,8.2,8.24,8.2,8.24,3820
2020-08-13 07:00:00,8.24,8.32,8.24,8.28,5100
2020-08-14 07:00:00,8.32,8.32,8.24,8.28,19240
2020-08-17 07:00:00,8.2,8.28,8.16,8.24,18600
2020-08-18 07:00:00,8.2,9.06,8.2,9.02,235820
2020-08-19 07:00:00,9.02,9.31,9.02,9.06,225752
2020-08-20 07:00:00,9.06,9.23,9.06,9.1,66400
2020-08-21 07:00:00,9.1,9.14,9.06,9.14,174200
2020-08-24 07:00:00,9.19,9.47,9.19,9.31,321712
2020-08-25 07:00:00,9.47,9.8,9.31,9.8,403631
2020-08-26 07:00:00,9.84,9.89,9.56,9.8,686090
2020-08-27 07:00:00,9.8,10.38,9.8,10.26,396012
2020-08-28 07:00:00,10.3,10.3,10.05,10.05,303040
2020-08-31 07:00:00,10.01,10.3,9.76,10.26,262100
2020-09-01 07:00:00,10.26,10.38,10.09,10.38,152670
2020-09-03 07:00:00,10.13,11.04,10.13,10.96,184580
2020-09-04 07:00:00,10.92,12.03,10.71,11.7,234720
2020-09-07 07:00:00,11.86,11.95,11.12,11.29,196320
2020-09-08 07:00:00,11.29,11.45,11.04,11.25,150120
2020-09-09 07:00:00,11.12,11.53,10.87,11.29,243810
2020-09-10 07:00:00,11.53,11.62,11.16,11.53,244930
2020-09-11 07:00:00,11.53,11.53,11.33,11.53,106339
2020-09-14 07:00:00,11.53,11.7,11.41,11.58,154010
2020-09-15 07:00:00,11.66,11.95,11.49,11.9,254760
2020-09-16 07:00:00,11.9,12.03,11.58,11.78,132000
2020-09-17 07:00:00,11.74,11.86,11.53,11.74,162610
2020-09-18 07:00:00,11.53,11.78,11.25,11.7,176300
2020-09-21 07:00:00,11.62,11.74,11.49,11.49,155500
2020-09-22 07:00:00,11.62,11.86,11.45,11.82,113950
2020-09-23 07:00:00,11.86,11.99,11.66,11.95,180630
2020-09-24 07:00:00,11.95,11.99,11.7,11.9,113200
2020-09-25 07:00:00,11.95,12.03,11.66,11.99,226500
2020-09-28 07:00:00,11.99,12.15,11.82,11.99,148762
2020-09-29 07:00:00,12.03,12.03,11.66,11.78,119100
2020-09-30 07:00:00,11.74,11.95,11.62,11.86,136412
2020-10-01 07:00:00,11.95,12.4,11.95,12.32,238190
2020-10-02 07:00:00,12.36,12.52,11.74,12.19,95500
2020-10-05 07:00:00,12.23,12.28,12.07,12.15,90340
2020-10-06 07:00:00,12.15,12.6,12.15,12.48,176450
2020-10-07 07:00:00,12.36,12.48,12.15,12.15,102237
2020-10-08 07:00:00,12.28,12.32,11.95,12.28,102253
2020-10-09 07:00:00,12.28,12.28,11.95,12.23,88160
2020-10-12 07:00:00,12.23,12.23,11.95,12.07,64819
2020-10-13 07:00:00,12.11,12.15,11.74,11.74,53330
2020-10-14 07:00:00,11.7,11.82,11.7,11.78,89001
2020-10-15 07:00:00,11.66,11.9,11.66,11.86,64400
2020-10-16 07:00:00,11.78,11.86,11.45,11.53,116690
2020-10-19 07:00:00,11.53,11.62,11.16,11.41,70850
2020-10-20 07:00:00,11.49,11.53,11.2,11.41,154300
2020-10-21 07:00:00,11.33,11.53,11.25,11.53,74700
2020-10-22 07:00:00,11.53,11.66,11.37,11.62,19800
2020-10-23 07:00:00,11.53,11.7,11.25,11.53,58700
2020-10-26 07:00:00,11.45,11.66,11.41,11.45,90844
2020-10-27 07:00:00,11.45,11.53,11.33,11.45,72980
2020-10-28 07:00:00,11.53,11.53,11.08,11.25,71600
2020-10-29 07:00:00,11.2,11.25,10.96,11.2,83730
2020-10-30 07:00:00,11.25,11.29,11.0,11.25,90200
2020-11-02 07:00:00,11.16,11.33,11.08,11.33,35170
2020-11-03 07:00:00,11.41,11.66,11.33,11.53,72320
2020-11-04 07:00:00,11.37,11.53,11.33,11.53,61445
2020-11-05 07:00:00,11.49,12.03,11.49,11.95,203010
2020-11-06 07:00:00,11.95,12.11,11.7,12.03,60300
2020-11-09 07:00:00,12.11,12.15,11.78,12.07,126300
2020-11-10 07:00:00,12.07,12.19,11.95,12.11,206420
2020-11-11 07:00:00,12.03,12.11,11.74,11.9,78860
2020-11-12 07:00:00,11.74,12.07,11.74,12.03,109000
2020-11-13 07:00:00,11.95,12.4,11.9,12.32,194510
2020-11-16 07:00:00,12.32,12.98,12.32,12.77,210750
2020-11-17 07:00:00,13.39,13.96,13.18,13.76,286310
2020-11-18 07:00:00,13.84,14.42,13.84,14.25,536260
2020-11-19 07:00:00,15.65,15.65,13.84,14.05,302860
2020-11-20 07:00:00,14.05,14.25,13.8,14.21,341580
2020-11-23 07:00:00,14.21,14.29,13.92,14.21,451650
2020-11-24 07:00:00,14.21,14.21,13.92,14.13,215520
2020-11-25 07:00:00,14.13,14.13,13.35,13.35,382260
2020-11-26 07:00:00,13.35,13.35,12.6,13.1,244220
2020-11-27 07:00:00,13.22,13.55,13.14,13.43,158690
2020-11-30 07:00:00,13.68,13.88,13.43,13.84,252500
2020-12-01 07:00:00,13.84,13.94,13.32,13.89,92860
2020-12-02 07:00:00,13.94,13.94,13.41,13.56,85614
2020-12-03 07:00:00,13.56,13.56,13.17,13.27,233862
2020-12-04 07:00:00,13.27,13.75,13.03,13.65,208898
2020-12-07 07:00:00,13.65,13.65,13.17,13.32,58210
2020-12-08 07:00:00,13.32,13.46,13.13,13.32,112109
2020-12-09 07:00:00,13.32,13.37,12.94,13.22,255550
2020-12-10 07:00:00,13.22,13.27,12.18,13.17,152698
2020-12-11 07:00:00,12.89,13.17,12.75,12.89,74390
2020-12-14 07:00:00,12.79,13.37,12.75,13.17,294403
2020-12-15 07:00:00,13.32,13.75,12.84,13.65,546040
2020-12-16 07:00:00,13.79,14.03,13.46,13.65,77547
2020-12-17 07:00:00,13.65,13.65,13.17,13.22,192960
2020-12-18 07:00:00,13.22,13.22,12.98,13.13,133290
2020-12-21 07:00:00,13.22,13.22,12.89,13.17,235437
2020-12-22 07:00:00,13.17,13.22,12.75,12.89,384650
2020-12-23 07:00:00,12.84,12.84,12.32,12.37,527960
2020-12-24 07:00:00,12.41,12.41,11.13,11.75,168440
2020-12-25 07:00:00,11.75,12.37,11.22,11.75,239734
2020-12-28 07:00:00,11.8,12.18,11.8,12.13,109650
2020-12-29 07:00:00,12.46,12.46,11.89,11.94,104600
2020-12-30 07:00:00,11.94,12.13,11.89,12.03,117105
2020-12-31 07:00:00,12.03,12.32,11.89,12.08,148322
2021-01-04 07:00:00,12.37,12.37,12.08,12.22,67875
2021-01-05 07:00:00,12.13,12.37,12.03,12.32,118470
2021-01-06 07:00:00,12.32,12.65,12.32,12.6,147432
2021-01-07 07:00:00,12.6,12.79,12.51,12.65,107500
2021-01-08 07:00:00,12.75,12.79,12.56,12.75,141985
2021-01-11 07:00:00,12.75,13.32,12.37,13.27,350620
2021-01-12 07:00:00,13.32,13.37,13.08,13.27,194820
2021-01-13 07:00:00,13.27,13.32,12.94,13.17,127200
2021-01-14 07:00:00,13.03,13.08,12.7,12.94,128000
2021-01-15 07:00:00,13.08,13.08,12.6,12.98,200552
2021-01-18 07:00:00,12.98,13.08,12.75,12.84,96600
2021-01-19 07:00:00,12.75,12.75,11.56,12.46,297560
2021-01-20 07:00:00,12.37,12.51,11.65,12.37,139332
2021-01-21 07:00:00,12.75,13.22,12.41,13.08,372300
2021-01-22 07:00:00,13.08,13.27,12.84,12.98,123300
2021-01-25 07:00:00,12.84,12.98,12.65,12.98,75400
2021-01-26 07:00:00,12.84,12.98,12.03,12.6,101380
2021-01-27 07:00:00,12.13,12.56,11.41,12.18,168410
2021-01-28 07:00:00,11.89,12.08,10.99,10.99,248500
2021-01-29 07:00:00,9.89,11.61,9.89,11.61,216880
2021-02-01 07:00:00,11.65,11.65,10.94,11.41,66290
2021-02-02 07:00:00,11.37,11.41,10.8,11.22,60600
2021-02-03 07:00:00,11.22,11.56,11.03,11.41,62100
2021-02-04 07:00:00,11.41,11.99,11.27,11.41,148900
2021-02-05 07:00:00,11.41,11.41,10.89,11.32,153300
2021-02-08 07:00:00,10.94,11.51,10.84,11.27,112100
2021-02-09 07:00:00,11.18,11.37,11.08,11.32,26715
2021-02-17 07:00:00,11.32,11.46,10.94,11.37,100100
2021-02-18 07:00:00,11.41,11.89,11.32,11.8,148600
2021-02-19 07:00:00,11.8,12.08,11.8,11.94,207700
2021-02-22 07:00:00,12.13,12.84,12.13,12.84,663900
2021-02-23 07:00:00,12.6,13.41,12.6,13.27,393205
2021-02-24 07:00:00,13.27,13.27,12.6,12.94,190600
2021-02-25 07:00:00,13.13,13.13,12.41,12.84,304500
2021-02-26 07:00:00,12.79,12.89,12.41,12.79,166800
2021-03-01 07:00:00,12.79,13.22,12.65,13.03,198003
2021-03-02 07:00:00,13.22,13.27,12.37,12.89,261601
2021-03-03 07:00:00,12.84,12.89,12.65,12.89,119400
2021-03-04 07:00:00,12.84,13.08,12.27,12.56,361600
2021-03-05 07:00:00,12.46,13.08,12.46,12.94,238049
2021-03-08 07:00:00,13.13,14.22,13.13,14.22,929402
2021-03-09 07:00:00,14.46,15.22,14.46,14.74,388650
2021-03-10 07:00:00,14.6,14.74,14.22,14.41,343010
2021-03-11 07:00:00,14.41,14.6,14.22,14.46,265600
2021-03-12 07:00:00,14.55,14.98,14.41,14.46,187520
2021-03-15 07:00:00,14.51,14.93,14.27,14.93,167440
2021-03-16 07:00:00,14.98,15.12,14.55,14.7,182503
2021-03-17 07:00:00,14.65,14.89,14.6,14.74,189010
2021-03-18 07:00:00,14.98,15.79,14.74,15.41,382572
2021-03-19 07:00:00,15.41,15.65,15.03,15.22,111800
2021-03-22 07:00:00,15.32,15.46,15.22,15.36,142000
2021-03-23 07:00:00,15.41,15.41,14.74,14.93,210000
2021-03-24 07:00:00,14.98,15.51,14.6,15.46,365040
2021-03-25 07:00:00,15.65,16.6,15.51,16.36,552345
2021-03-26 07:00:00,16.36,16.88,15.22,16.46,325860
2021-03-29 07:00:00,16.46,16.88,16.17,16.27,198688
2021-03-30 07:00:00,15.22,16.12,14.65,14.74,788400
2021-03-31 07:00:00,14.74,14.74,13.89,14.74,386050
2021-04-01 07:00:00,14.6,15.22,14.27,14.84,122851
2021-04-02 07:00:00,14.84,15.03,14.22,14.55,262335
2021-04-05 07:00:00,14.55,14.74,14.22,14.36,130110
2021-04-06 07:00:00,14.36,14.93,14.36,14.93,167420
2021-04-07 07:00:00,14.93,14.93,14.55,14.6,141800
2021-04-08 07:00:00,14.6,14.84,14.55,14.7,108500
2021-04-09 07:00:00,14.7,14.74,14.27,14.41,108500
2021-04-12 07:00:00,14.55,14.74,14.41,14.51,147420
2021-04-13 07:00:00,14.6,14.65,14.03,14.03,236800
2021-04-14 07:00:00,14.08,14.22,13.79,14.13,94400
2021-04-15 07:00:00,14.51,14.51,13.89,14.08,100900
2021-04-16 07:00:00,14.03,14.03,13.13,13.41,259400
2021-04-19 07:00:00,13.41,13.7,13.32,13.56,113023
2021-04-20 07:00:00,13.6,13.84,13.51,13.56,87800
2021-04-22 07:00:00,13.56,13.79,13.56,13.75,166200
2021-04-23 07:00:00,13.75,14.13,13.56,13.98,190800
2021-04-26 07:00:00,13.98,15.12,13.98,14.51,222400
2021-04-27 07:00:00,14.51,14.65,14.22,14.51,172600
2021-04-28 07:00:00,14.27,14.65,14.27,14.6,153800
2021-04-29 07:00:00,14.65,14.79,14.55,14.74,291200
2021-05-04 07:00:00,14.27,15.22,13.89,15.22,245900
2021-05-05 07:00:00,15.22,15.79,15.08,15.7,245220
2021-05-06 07:00:00,15.51,15.55,15.22,15.46,162300
2021-05-07 07:00:00,15.46,15.46,14.98,15.22,215200
2021-05-10 07:00:00,14.89,15.12,14.89,14.98,120400
2021-05-11 07:00:00,14.98,15.36,14.98,15.22,105000
2021-05-12 07:00:00,15.17,15.7,15.08,15.46,151400
2021-05-13 07:00:00,15.51,15.51,15.03,15.27,69200
2021-05-14 07:00:00,15.27,15.36,15.27,15.32,112900
2021-05-17 07:00:00,15.32,15.46,15.27,15.32,110400
2021-05-18 07:00:00,15.27,15.6,15.17,15.6,120600
2021-05-19 07:00:00,15.65,15.65,15.36,15.65,81500
2021-05-20 07:00:00,15.55,15.84,15.36,15.79,55700
2021-05-21 07:00:00,15.79,16.17,15.55,15.79,108600
2021-05-24 07:00:00,15.79,15.93,15.7,15.89,22540
2021-05-25 07:00:00,16.17,16.17,15.51,15.51,26600
2021-05-26 07:00:00,15.51,15.7,15.41,15.51,61600
2021-05-27 07:00:00,15.51,15.6,14.27,15.6,60500
2021-05-28 07:00:00,15.6,15.74,15.6,15.7,23400
2021-05-31 07:00:00,15.7,15.7,15.32,15.46,75900
2021-06-01 07:00:00,15.27,15.46,15.27,15.46,20735
2021-06-02 07:00:00,15.36,15.6,15.22,15.51,120700
2021-06-03 07:00:00,15.46,15.93,15.32,15.93,36800
2021-06-04 07:00:00,15.46,15.6,15.46,15.51,19100
2021-06-07 07:00:00,15.7,15.7,14.98,15.6,37400
2021-06-08 07:00:00,15.65,15.65,15.22,15.6,57400
2021-06-09 07:00:00,15.6,15.6,15.32,15.51,30600
2021-06-10 07:00:00,15.51,15.6,15.36,15.51,48300
2021-06-11 07:00:00,15.27,15.55,15.22,15.55,5538
2021-06-14 07:00:00,15.55,17.07,15.55,17.07,1338800
2021-06-15 07:00:00,17.07,17.98,17.07,17.22,370200
2021-06-16 07:00:00,17.22,17.22,16.55,16.6,81810
2021-06-17 07:00:00,16.27,16.36,15.22,16.03,158900
2021-06-18 07:00:00,16.17,16.65,15.89,15.93,98600
2021-06-21 07:00:00,15.98,15.98,15.22,15.7,78600
2021-06-22 07:00:00,15.7,16.55,15.7,16.12,56300
2021-06-23 07:00:00,16.65,16.65,15.46,15.84,92200
2021-06-24 07:00:00,15.7,15.89,15.7,15.79,44700
2021-06-25 07:00:00,15.55,16.36,15.55,16.36,50100
2021-06-28 07:00:00,15.98,16.27,15.93,16.27,60800
2021-06-29 07:00:00,15.93,16.31,15.93,16.08,277300
2021-06-30 07:00:00,16.08,16.55,16.08,16.17,59500
2021-07-01 07:00:00,16.22,16.36,16.17,16.31,36300
2021-07-02 07:00:00,16.17,16.36,16.17,16.17,43500
2021-07-05 07:00:00,16.17,16.17,15.93,16.17,121300
2021-07-06 07:00:00,16.08,16.17,15.93,16.17,52300
2021-07-07 07:00:00,15.7,16.12,14.98,15.98,40300
2021-07-08 07:00:00,16.17,16.17,15.7,15.93,40900
2021-07-09 07:00:00,15.93,16.08,15.46,16.08,35400
2021-07-12 07:00:00,15.22,15.93,15.08,15.79,118100
2021-07-13 07:00:00,15.7,16.17,15.46,15.65,2500
2021-07-14 07:00:00,15.46,15.7,15.22,15.7,42100
2021-07-15 07:00:00,16.12,16.12,15.46,15.98,16400
2021-07-16 07:00:00,15.98,16.12,15.7,16.03,9100
2021-07-19 07:00:00,15.27,15.93,15.22,15.7,29600
2021-07-20 07:00:00,15.6,15.7,15.55,15.55,8800
2021-07-21 07:00:00,16.03,16.03,15.22,15.55,21500
2021-07-22 07:00:00,15.55,15.55,15.27,15.55,14800
2021-07-23 07:00:00,15.51,15.51,15.36,15.36,6700
2021-07-26 07:00:00,15.32,15.46,15.17,15.46,10100
2021-07-27 07:00:00,15.41,15.65,15.32,15.46,6700
2021-07-28 07:00:00,15.46,15.6,15.27,15.6,21400
2021-07-29 07:00:00,15.79,15.79,15.51,15.7,5100
2021-07-30 07:00:00,15.98,15.98,15.7,15.74,18100
2021-08-02 07:00:00,15.74,15.93,15.7,15.74,17150
2021-08-03 07:00:00,15.74,15.98,15.74,15.98,27800
2021-08-04 07:00:00,16.12,16.74,15.98,16.74,48900
2021-08-05 07:00:00,16.74,17.12,16.5,17.03,17900
2021-08-06 07:00:00,17.03,17.03,16.65,16.84,12900
2021-08-09 07:00:00,16.65,16.84,16.41,16.84,23410
2021-08-10 07:00:00,16.55,16.65,16.41,16.55,16500
2021-08-11 07:00:00,16.55,16.65,16.41,16.46,10800
2021-08-12 07:00:00,16.41,16.93,16.41,16.65,27920
2021-08-13 07:00:00,16.84,16.88,16.41,16.69,26100
2021-08-16 07:00:00,16.84,17.41,16.84,17.36,86500
2021-08-17 07:00:00,17.6,18.45,17.55,18.17,151300
2021-08-18 07:00:00,18.07,18.07,17.84,18.03,29313
2021-08-19 07:00:00,17.84,18.26,17.84,18.07,43200
2021-08-20 07:00:00,17.98,18.07,17.46,17.55,42500
2021-08-23 07:00:00,17.6,17.74,17.12,17.17,61200
2021-08-24 07:00:00,17.17,17.84,17.03,17.17,39700
2021-08-25 07:00:00,17.17,17.6,17.12,17.17,14718
2021-08-26 07:00:00,17.6,17.6,17.22,17.36,19302
2021-08-27 07:00:00,17.36,17.55,17.12,17.55,18400
2021-08-30 07:00:00,17.36,17.55,17.12,17.55,25736
2021-08-31 07:00:00,17.55,17.84,17.41,17.69,16000
2021-09-01 07:00:00,17.65,17.84,17.6,17.74,18900
2021-09-06 07:00:00,17.69,18.26,17.69,17.93,52838
2021-09-07 07:00:00,18.07,18.07,17.12,17.6,13712
2021-09-08 07:00:00,17.6,17.6,17.41,17.41,5501
2021-09-09 07:00:00,17.22,17.6,17.22,17.6,3716
2021-09-10 07:00:00,17.65,17.65,17.27,17.46,15300
2021-09-13 07:00:00,17.41,17.46,17.27,17.46,20700
2021-09-14 07:00:00,17.36,18.07,17.36,17.93,55716
2021-09-15 07:00:00,17.98,17.98,17.79,17.93,8000
2021-09-16 07:00:00,18.55,18.55,17.79,18.03,38300
2021-09-17 07:00:00,18.07,18.07,17.84,17.98,59630
2021-09-20 07:00:00,18.07,18.07,17.79,17.79,58400
2021-09-21 07:00:00,17.79,17.79,17.46,17.79,27200
2021-09-22 07:00:00,17.65,17.84,17.6,17.6,15400
2021-09-23 07:00:00,17.6,17.84,17.5,17.6,39200
2021-09-24 07:00:00,17.84,17.84,17.46,17.55,11600
2021-09-27 07:00:00,17.6,17.93,17.55,17.55,44460
2021-09-28 07:00:00,17.46,17.69,17.41,17.65,39400
2021-09-29 07:00:00,17.65,17.74,17.46,17.46,52300
2021-09-30 07:00:00,18.37,18.37,17.35,17.35,53600
2021-10-01 07:00:00,17.35,17.35,17.1,17.1,30900
2021-10-04 07:00:00,17.15,17.61,17.05,17.3,42700
2021-10-05 07:00:00,17.46,17.46,17.2,17.2,33400
2021-10-06 07:00:00,17.35,17.71,17.25,17.61,47900
2021-10-07 07:00:00,17.61,17.86,17.56,17.81,36500
2021-10-08 07:00:00,17.86,18.32,17.81,18.07,42603
2021-10-11 07:00:00,18.12,18.32,18.07,18.17,102900
2021-10-12 07:00:00,18.27,18.27,18.07,18.12,73800
2021-10-13 07:00:00,18.12,18.22,18.12,18.17,56837
2021-10-14 07:00:00,18.22,19.96,18.22,19.96,282891
2021-10-15 07:00:00,20.06,21.39,20.06,20.36,121923
2021-10-18 07:00:00,20.47,21.69,20.47,21.39,89644
2021-10-19 07:00:00,21.44,22.1,21.44,22.05,150580
2021-10-20 07:00:00,22.05,22.1,21.13,21.95,40900
2021-10-21 07:00:00,21.74,22.71,21.74,22.71,49326
2021-10-22 07:00:00,22.51,24.09,22.51,24.09,148569
2021-10-25 07:00:00,24.09,25.77,24.09,24.96,204811
2021-10-26 07:00:00,25.26,25.26,24.04,24.91,190319
2021-10-27 07:00:00,24.91,27.36,24.5,27.36,521369
2021-10-28 07:00:00,27.41,29.76,27.41,28.07,276770
2021-10-29 07:00:00,28.07,29.09,27.61,27.97,141039
2021-11-01 07:00:00,27.56,28.07,26.54,27.61,294574
2021-11-02 07:00:00,27.61,29.09,27.46,27.56,173300
2021-11-03 07:00:00,27.82,28.58,24.81,24.81,375100
2021-11-04 07:00:00,24.81,25.26,23.38,25.01,251500
2021-11-05 07:00:00,25.01,27.31,24.75,24.81,145901
2021-11-08 07:00:00,24.86,25.52,24.5,24.86,88000
2021-11-09 07:00:00,24.7,25.01,24.6,24.6,134500
2021-11-10 07:00:00,24.55,25.26,24.24,24.5,318400
2021-11-11 07:00:00,24.6,26.49,24.4,25.72,200631
2021-11-12 07:00:00,25.83,25.98,24.86,24.96,90700
2021-11-15 07:00:00,25.26,25.26,23.84,23.89,239700
2021-11-16 07:00:00,23.89,23.99,22.92,22.92,248701
2021-11-17 07:00:00,22.97,22.97,22.46,22.92,105700
2021-11-18 07:00:00,22.97,23.48,22.71,22.81,99700
2021-11-19 07:00:00,22.81,22.97,20.77,21.59,178900
2021-11-22 07:00:00,21.69,21.95,20.93,20.93,127200
2021-11-23 07:00:00,20.87,22.46,20.31,22.15,73400
2021-11-24 07:00:00,22.97,23.02,21.79,22.15,40300
2021-11-25 07:00:00,22.46,22.46,21.39,21.49,117200
2021-11-26 07:00:00,21.49,21.9,21.13,21.28,132700
2021-11-29 07:00:00,20.42,21.03,19.39,20.11,192430
2021-11-30 07:00:00,20.11,20.77,19.8,19.91,177600
2021-12-01 07:00:00,19.91,20.72,19.8,20.06,162800
2021-12-02 07:00:00,20.06,21.69,19.91,21.44,85500
2021-12-03 07:00:00,21.44,21.44,20.16,20.21,90800
2021-12-06 07:00:00,20.11,20.16,18.63,18.63,130500
2021-12-07 07:00:00,18.63,19.65,18.63,19.14,74600
2021-12-08 07:00:00,20.52,20.52,19.29,19.5,51900
2021-12-09 07:00:00,19.39,19.91,19.34,19.85,60900
2021-12-10 07:00:00,19.85,19.85,19.6,19.6,59900
2021-12-13 07:00:00,19.8,20.16,19.5,20.16,114800
2021-12-14 07:00:00,20.16,20.42,19.91,19.96,76500
2021-12-15 07:00:00,19.96,20.31,19.65,19.96,69700
2021-12-16 07:00:00,20.06,21.95,20.01,21.69,233400
2021-12-17 07:00:00,21.95,23.17,21.69,21.9,162900
2021-12-20 07:00:00,21.9,22.2,21.28,21.44,76410
2021-12-21 07:00:00,21.44,21.44,20.42,21.28,95800
2021-12-22 07:00:00,21.28,21.39,20.62,20.67,111700
2021-12-23 07:00:00,20.16,20.62,19.91,20.36,128400
2021-12-24 07:00:00,20.16,20.26,19.91,19.96,87100
2021-12-27 07:00:00,20.16,20.21,19.96,20.16,57900
2021-12-28 07:00:00,20.16,20.67,19.91,20.57,102674
2021-12-29 07:00:00,20.57,20.57,20.06,20.21,56215
2021-12-30 07:00:00,20.21,20.42,19.91,20.11,43601
2021-12-31 07:00:00,20.16,20.67,19.91,20.06,38310
2022-01-04 07:00:00,20.06,20.57,19.65,20.16,111302
2022-01-05 07:00:00,20.67,20.67,20.06,20.26,94110
2022-01-06 07:00:00,20.16,20.31,20.01,20.21,70800
2022-01-07 07:00:00,20.26,22.2,20.06,22.2,159915
2022-01-10 07:00:00,22.71,24.4,22.71,23.99,392600
2022-01-11 07:00:00,23.94,24.5,22.97,23.53,135900
2022-01-12 07:00:00,22.97,23.02,21.18,21.95,272803
2022-01-13 07:00:00,21.95,22.15,19.91,20.47,120700
2022-01-14 07:00:00,20.47,22.51,19.96,21.95,94100
2022-01-17 07:00:00,21.18,22.25,20.42,20.67,129400
2022-01-18 07:00:00,20.62,20.67,19.7,19.7,120103
2022-01-19 07:00:00,19.65,20.42,19.65,20.11,76900
2022-01-20 07:00:00,20.16,21.84,19.91,20.93,54700
2022-01-21 07:00:00,21.08,22.05,21.03,21.33,38200
2022-01-24 07:00:00,21.33,21.33,20.36,20.36,59400
2022-01-25 07:00:00,20.16,20.98,20.16,20.42,33600
2022-01-26 07:00:00,20.47,20.57,20.26,20.31,17300
2022-01-27 07:00:00,20.42,20.67,20.01,20.62,24200
2022-01-28 07:00:00,20.52,20.62,20.21,20.26,18100
2022-02-07 07:00:00,20.67,20.82,20.42,20.42,14300
2022-02-08 07:00:00,20.42,20.67,20.42,20.47,27000
2022-02-09 07:00:00,20.47,21.18,20.42,21.13,63900
2022-02-10 07:00:00,21.13,21.9,21.13,21.69,65800
2022-02-11 07:00:00,21.69,21.69,21.08,21.18,22300
2022-02-14 07:00:00,21.03,21.03,20.42,20.67,51900
2022-02-15 07:00:00,20.42,21.18,20.42,20.87,44000
2022-02-16 07:00:00,20.93,21.69,20.82,21.69,106400
2022-02-17 07:00:00,21.69,21.9,21.28,21.84,98700
2022-02-18 07:00:00,21.84,23.22,21.49,22.97,174230
2022-02-21 07:00:00,22.97,23.68,22.25,22.87,232000
2022-02-22 07:00:00,22.87,23.17,22.3,22.92,125160
2022-02-23 07:00:00,22.87,23.27,22.87,22.97,105030
2022-02-24 07:00:00,22.97,24.24,22.71,23.38,374050
2022-02-25 07:00:00,23.43,23.73,22.97,23.27,113305
2022-02-28 07:00:00,22.87,23.22,21.95,21.95,131100
2022-03-01 07:00:00,21.69,23.22,20.93,22.46,157500
2022-03-02 07:00:00,22.46,22.71,22.2,22.46,61300
2022-03-03 07:00:00,22.46,22.46,22.1,22.3,61105
2022-03-04 07:00:00,22.3,22.56,22.25,22.25,53500
2022-03-07 07:00:00,22.3,22.3,21.84,22.05,123480
2022-03-08 07:00:00,21.69,21.95,21.18,21.59,152310
2022-03-09 07:00:00,21.54,21.84,21.18,21.74,78600
2022-03-10 07:00:00,21.74,22.46,21.74,21.84,57400
2022-03-11 07:00:00,21.95,22.36,21.84,22.1,128510
2022-03-14 07:00:00,22.1,24.29,21.95,24.24,427560
2022-03-15 07:00:00,24.24,26.44,24.24,25.42,238170
2022-03-16 07:00:00,25.42,25.42,24.24,24.5,52300
2022-03-17 07:00:00,24.5,25.26,24.45,24.75,135600
2022-03-18 07:00:00,25.01,26.03,24.75,25.72,169015
2022-03-21 07:00:00,25.83,26.03,25.52,25.77,90220
2022-03-22 07:00:00,25.77,26.29,24.75,25.42,167031
2022-03-23 07:00:00,24.81,25.37,24.5,24.81,81700
2022-03-24 07:00:00,24.75,25.26,23.99,24.65,96430
2022-03-25 07:00:00,24.75,26.03,24.29,25.26,151500
2022-03-28 07:00:00,25.26,25.77,23.48,24.4,147140
2022-03-29 07:00:00,24.4,25.11,24.24,24.91,82300
2022-03-30 07:00:00,24.55,24.91,23.99,24.91,182300
2022-03-31 07:00:00,24.55,24.86,24.5,24.75,35900
2022-04-01 07:00:00,24.7,25.42,24.29,25.32,124140
2022-04-04 07:00:00,25.42,27.56,25.42,27.41,369293
2022-04-05 07:00:00,27.46,27.51,26.59,26.9,185594
2022-04-06 07:00:00,26.29,26.9,25.67,26.23,111600
2022-04-07 07:00:00,26.18,26.8,25.01,25.72,164700
2022-04-08 07:00:00,25.72,26.54,25.57,25.93,53500
2022-04-12 07:00:00,25.93,25.93,24.5,24.5,98800
2022-04-13 07:00:00,25.42,25.42,24.14,25.42,86100
2022-04-14 07:00:00,25.37,25.98,25.01,25.32,22500
2022-04-15 07:00:00,25.01,25.01,24.5,24.81,49850
2022-04-18 07:00:00,24.81,24.81,22.36,22.87,171020
2022-04-19 07:00:00,22.81,22.87,20.93,20.93,51700
2022-04-20 07:00:00,20.93,21.18,19.19,20.42,166220
2022-04-21 07:00:00,20.42,21.59,18.94,20.42,174210
2022-04-22 07:00:00,20.42,22.46,19.39,21.18,135300
2022-04-25 07:00:00,21.18,21.23,19.34,19.55,80410
2022-04-26 07:00:00,19.39,20.82,18.88,20.82,54400
2022-04-27 07:00:00,20.82,22.15,20.31,22.15,29610
2022-04-28 07:00:00,22.15,22.15,21.49,21.49,8000
2022-04-29 07:00:00,21.49,22.05,21.28,22.0,34919
2022-05-04 07:00:00,22.0,22.0,20.98,21.18,9500
2022-05-05 07:00:00,21.18,21.44,20.77,21.18,10300
2022-05-06 07:00:00,21.13,21.13,20.16,20.16,21000
2022-05-09 07:00:00,19.91,19.91,18.17,18.88,80800
2022-05-10 07:00:00,18.12,20.67,18.12,19.34,37800
2022-05-11 07:00:00,17.46,20.06,17.46,19.85,16300
2022-05-12 07:00:00,19.29,19.29,18.63,18.63,35400
2022-05-13 07:00:00,18.63,19.14,16.84,17.35,188400
2022-05-16 07:00:00,17.86,18.88,17.1,17.46,27400
2022-05-17 07:00:00,15.72,18.88,15.72,18.88,22900
2022-05-18 07:00:00,18.88,19.29,18.48,19.04,9000
2022-05-19 07:00:00,18.63,18.88,18.37,18.88,13600
2022-05-20 07:00:00,18.43,18.94,18.43,18.73,17700
2022-05-23 07:00:00,18.73,18.78,18.02,18.32,16000
2022-05-24 07:00:00,17.91,18.07,17.51,17.97,25700
2022-05-25 07:00:00,18.88,18.99,18.53,18.99,39500
2022-05-26 07:00:00,18.99,19.39,18.88,19.14,40000
2022-05-27 07:00:00,19.09,19.19,18.88,18.88,48500
2022-05-30 07:00:00,18.99,19.39,18.78,19.39,12000
2022-05-31 07:00:00,19.34,19.39,19.04,19.39,4800
2022-06-01 07:00:00,19.34,19.34,19.14,19.14,700
2022-06-02 07:00:00,18.88,19.14,18.63,18.63,30400
2022-06-03 07:00:00,18.37,18.94,18.12,18.73,25200
2022-06-06 07:00:00,18.53,19.39,18.37,19.14,65600
2022-06-07 07:00:00,18.48,19.14,18.17,18.63,13000
2022-06-08 07:00:00,19.14,19.14,18.43,18.63,10900
2022-06-09 07:00:00,18.63,18.88,18.12,18.63,3700
2022-06-10 07:00:00,18.37,18.58,18.17,18.17,16000
2022-06-13 07:00:00,18.17,18.17,17.15,17.2,40100
2022-06-14 07:00:00,16.59,17.86,15.52,17.35,8600
2022-06-15 07:00:00,16.89,17.25,16.33,16.33,11700
2022-06-16 07:00:00,14.7,17.97,14.7,15.77,11900
2022-06-17 07:00:00,15.36,15.72,14.24,14.24,86417
2022-06-20 07:00:00,14.24,14.34,12.86,12.86,59700
2022-06-21 07:00:00,11.59,14.14,11.59,14.04,113200
2022-06-22 07:00:00,12.66,14.8,12.66,14.19,21700
2022-06-23 07:00:00,13.22,14.24,13.22,14.19,5000
2022-06-24 07:00:00,12.81,13.93,12.81,13.73,11000
2022-06-27 07:00:00,13.73,14.19,13.63,13.68,25600
2022-06-28 07:00:00,14.39,14.5,14.29,14.5,4000
2022-06-29 07:00:00,13.27,14.5,13.27,14.29,3900
2022-06-30 07:00:00,14.29,14.29,13.78,13.78,25500
2022-07-01 07:00:00,13.32,14.04,13.01,14.04,22300
2022-07-04 07:00:00,14.04,14.09,13.88,13.93,2900
2022-07-05 07:00:00,13.88,13.88,13.12,13.78,3300
2022-07-06 07:00:00,13.12,13.78,13.12,13.78,700
2022-07-07 07:00:00,13.78,13.78,13.17,13.78,10600
2022-07-08 07:00:00,13.78,14.29,13.78,14.04,10700
2022-07-11 07:00:00,13.68,14.29,13.68,14.24,4700
2022-07-12 07:00:00,14.19,14.24,13.93,14.24,15300
2022-07-13 07:00:00,14.39,14.5,14.19,14.29,11700
2022-07-14 07:00:00,14.34,14.34,14.09,14.29,3100
2022-07-15 07:00:00,14.29,14.29,13.58,14.29,17100
2022-07-18 07:00:00,14.29,14.29,14.09,14.09,6700
2022-07-19 07:00:00,14.09,14.24,13.93,14.24,1500
2022-07-20 07:00:00,14.29,14.34,14.19,14.29,23300
2022-07-21 07:00:00,14.24,14.29,13.93,14.14,8300
2022-07-22 07:00:00,14.29,14.29,13.93,14.04,7900
2022-07-25 07:00:00,14.04,14.14,13.88,14.04,6300
2022-07-26 07:00:00,14.04,14.09,14.04,14.09,3200
2022-07-27 07:00:00,14.09,14.29,14.09,14.29,17217
2022-07-28 07:00:00,14.39,14.7,14.29,14.65,12300
2022-07-29 07:00:00,14.65,14.7,14.44,14.44,7900
2022-08-01 07:00:00,14.29,14.55,14.24,14.39,11000
2022-08-02 07:00:00,14.39,15.16,14.39,14.7,25000
2022-08-03 07:00:00,14.55,14.7,14.29,14.44,25201
2022-08-04 07:00:00,14.7,15.67,14.7,15.67,35822
2022-08-05 07:00:00,15.31,16.33,15.06,16.28,21300
2022-08-08 07:00:00,16.28,17.2,16.23,17.15,33016
2022-08-09 07:00:00,17.3,17.35,16.49,16.74,28922
2022-08-10 07:00:00,16.74,16.89,16.54,16.54,16100
2022-08-11 07:00:00,16.84,16.89,16.28,16.28,19400
2022-08-12 07:00:00,16.69,16.69,16.28,16.43,11520
2022-08-15 07:00:00,16.43,16.43,15.82,16.43,11800
2022-08-16 07:00:00,15.98,16.54,15.98,16.33,17600
2022-08-17 07:00:00,16.43,17.51,15.26,16.84,49920
2022-08-18 07:00:00,17.05,17.61,16.94,17.35,31602
2022-08-19 07:00:00,17.46,17.56,17.05,17.2,20700
2022-08-22 07:00:00,17.2,17.3,16.84,17.15,26700
2022-08-23 07:00:00,17.25,17.35,16.89,17.35,23200
2022-08-24 07:00:00,17.35,17.46,17.2,17.35,8300
2022-08-25 07:00:00,17.35,17.61,17.35,17.35,21400
2022-08-26 07:00:00,17.51,19.09,17.35,19.09,115032
2022-08-29 07:00:00,19.09,20.62,18.99,20.31,105332
2022-08-30 07:00:00,20.31,20.93,20.11,20.93,92600
2022-08-31 07:00:00,20.93,21.79,20.42,21.79,60510
2022-09-05 07:00:00,21.74,23.94,21.74,23.94,164000
2022-09-06 07:00:00,24.19,26.29,23.94,23.94,205100
2022-09-07 07:00:00,23.94,24.75,23.22,23.22,75000
2022-09-08 07:00:00,21.39,24.5,21.39,23.58,95700
2022-09-09 07:00:00,23.58,24.04,22.2,23.48,55610
2022-09-12 07:00:00,23.99,24.5,23.07,23.73,27183
2022-09-13 07:00:00,22.97,23.68,22.71,23.53,15816
2022-09-14 07:00:00,23.53,23.99,22.97,23.58,37509
2022-09-15 07:00:00,23.68,23.68,22.81,22.81,26100
2022-09-16 07:00:00,22.97,22.97,22.41,22.46,30244
2022-09-19 07:00:00,22.46,22.46,20.21,20.62,76903
2022-09-20 07:00:00,21.44,22.66,20.67,22.66,25147
2022-09-21 07:00:00,22.66,23.48,22.66,23.48,31346
2022-09-22 07:00:00,23.43,23.48,23.07,23.48,44514
2022-09-23 07:00:00,23.48,23.48,21.44,21.44,49256
2022-09-26 07:00:00,20.93,21.95,19.5,20.67,56100
2022-09-27 07:00:00,20.62,20.82,20.31,20.82,33300
2022-09-28 07:00:00,22.36,22.36,19.5,20.47,39101
2022-09-29 07:00:00,21.84,21.84,20.52,20.52,7900
2022-09-30 07:00:00,21.08,21.08,20.16,20.62,38100
2022-10-03 07:00:00,18.58,20.93,18.58,19.8,43001
2022-10-04 07:00:00,20.67,20.67,19.39,19.85,48700
2022-10-05 07:00:00,20.47,21.44,19.91,21.08,31400
2022-10-06 07:00:00,21.33,21.33,20.21,20.26,14200
2022-10-07 07:00:00,19.91,20.21,19.5,19.91,28900
2022-10-10 07:00:00,19.8,20.62,19.65,20.42,20900
2022-10-11 07:00:00,18.37,19.91,18.37,18.37,49600
2022-10-12 07:00:00,17.86,19.34,16.54,18.37,16900
2022-10-13 07:00:00,18.37,19.34,17.86,17.86,16300
2022-10-14 07:00:00,17.35,18.07,16.43,17.76,32000
2022-10-17 07:00:00,18.63,18.63,17.35,18.02,9500
2022-10-18 07:00:00,17.86,18.37,17.86,18.12,29108
2022-10-19 07:00:00,18.17,18.37,18.12,18.12,12600
2022-10-20 07:00:00,18.02,18.12,17.35,18.07,14300
2022-10-21 07:00:00,17.35,17.76,16.28,17.76,24100
2022-10-24 07:00:00,17.71,17.71,16.03,16.03,26007
2022-10-25 07:00:00,15.31,15.31,14.44,14.44,48700
2022-10-26 07:00:00,13.01,14.39,13.01,13.01,136700
2022-10-27 07:00:00,11.74,13.93,11.74,13.53,23658
2022-10-28 07:00:00,14.19,14.19,12.91,13.27,73553
2022-10-31 07:00:00,13.53,13.53,12.81,13.22,12100
2022-11-01 07:00:00,13.78,13.78,13.07,13.17,17300
2022-11-02 07:00:00,13.73,13.88,13.32,13.53,19853
2022-11-03 07:00:00,13.58,13.88,13.58,13.73,21000
2022-11-04 07:00:00,13.32,13.32,12.5,12.71,40900
2022-11-07 07:00:00,12.56,12.76,11.53,12.25,38400
2022-11-08 07:00:00,12.25,12.35,12.25,12.3,41400
2022-11-09 07:00:00,12.3,13.53,12.25,12.76,39700
2022-11-10 07:00:00,12.76,13.32,11.99,12.1,26433
2022-11-11 07:00:00,12.71,12.81,11.99,11.99,31500
2022-11-14 07:00:00,11.74,11.99,10.82,10.87,53100
2022-11-15 07:00:00,9.8,10.87,9.8,9.8,69302
2022-11-16 07:00:00,8.88,10.77,8.88,10.77,43610
2022-11-17 07:00:00,11.18,11.84,10.82,11.23,33600
2022-11-18 07:00:00,11.69,11.69,10.72,11.64,18200
2022-11-21 07:00:00,10.51,12.5,10.51,12.05,12902
2022-11-22 07:00:00,11.69,13.22,11.69,13.01,52100
2022-11-23 07:00:00,13.27,13.27,12.76,12.76,14130
2022-11-24 07:00:00,12.96,13.01,12.76,12.86,7900
2022-11-25 07:00:00,13.47,14.09,13.47,14.09,9700
2022-11-28 07:00:00,14.75,15.46,14.75,15.46,31037
2022-11-29 07:00:00,16.03,17.0,15.31,16.08,16400
2022-11-30 07:00:00,16.08,17.0,15.31,16.08,14700
2022-12-01 07:00:00,16.59,17.0,15.98,16.08,33800
2022-12-02 07:00:00,15.62,16.08,14.5,16.08,27700
2022-12-05 07:00:00,15.62,16.08,15.16,15.46,9707
2022-12-06 07:00:00,15.06,15.46,13.93,13.93,24300
2022-12-07 07:00:00,14.5,14.5,12.61,12.61,13600
2022-12-08 07:00:00,12.66,13.83,12.61,13.73,42107
2022-12-09 07:00:00,13.47,14.44,13.47,14.24,1600
2022-12-12 07:00:00,14.24,14.55,14.04,14.29,6600
2022-12-13 07:00:00,14.5,14.75,13.78,14.75,12000
2022-12-14 07:00:00,15.11,16.18,14.9,15.31,16700
2022-12-15 07:00:00,15.31,15.82,15.21,15.77,7100
2022-12-16 07:00:00,15.31,15.82,14.8,15.67,15700
2022-12-19 07:00:00,15.57,15.82,15.21,15.21,5500
2022-12-20 07:00:00,15.21,15.21,14.09,14.55,17900
2022-12-21 07:00:00,14.55,14.8,14.19,14.24,5300
2022-12-22 07:00:00,14.55,14.75,14.29,14.7,5302
2022-12-23 07:00:00,14.8,15.01,14.8,14.95,8500
2022-12-26 07:00:00,15.31,15.31,14.34,14.34,43600
2022-12-27 07:00:00,14.8,15.01,14.44,15.01,6815
2022-12-28 07:00:00,15.64,15.64,15.38,15.38,800
2022-12-29 07:00:00,15.43,15.75,15.32,15.43,3200
2022-12-30 07:00:00,15.43,15.43,15.22,15.22,1640
2023-01-03 07:00:00,15.22,15.59,15.01,15.43,6700
2023-01-04 07:00:00,15.43,15.91,15.17,15.59,12900
2023-01-05 07:00:00,15.7,15.91,15.54,15.86,6400
2023-01-06 07:00:00,15.86,15.91,15.22,15.8,7900
2023-01-09 07:00:00,15.54,15.75,15.17,15.32,22200
2023-01-10 07:00:00,15.17,15.22,14.37,14.85,20900
2023-01-11 07:00:00,14.9,15.17,14.69,15.17,22700
2023-01-12 07:00:00,14.85,15.17,14.47,14.47,11500
2023-01-13 07:00:00,14.58,15.43,14.58,14.79,22100
2023-01-16 07:00:00,14.74,14.79,14.47,14.79,4103
2023-01-17 07:00:00,14.9,15.01,14.79,14.79,14400
2023-01-18 07:00:00,14.85,15.17,14.79,15.17,23400
2023-01-19 07:00:00,15.01,15.22,14.95,14.95,5300
2023-01-27 07:00:00,14.95,15.43,14.95,15.17,5100
2023-01-30 07:00:00,15.32,15.32,14.42,14.9,33600
2023-01-31 07:00:00,14.9,15.01,14.47,14.74,12300
2023-02-01 07:00:00,15.38,15.38,14.53,14.63,16100
2023-02-02 07:00:00,14.63,14.63,13.89,14.31,12501
2023-02-03 07:00:00,14.31,14.31,13.99,14.05,5100
2023-02-06 07:00:00,14.05,14.1,13.99,13.99,8300
2023-02-07 07:00:00,13.99,13.99,13.57,13.99,17600
2023-02-08 07:00:00,13.99,13.99,13.62,13.94,7800
2023-02-09 07:00:00,13.99,14.1,13.52,13.94,5400
2023-02-10 07:00:00,13.83,13.94,13.3,13.3,12900
2023-02-13 07:00:00,13.62,13.68,13.2,13.36,8200
2023-02-14 07:00:00,13.62,13.62,13.3,13.41,1400
2023-02-15 07:00:00,13.41,13.78,13.41,13.73,4000
2023-02-16 07:00:00,13.78,13.83,13.73,13.83,2800
2023-02-17 07:00:00,13.83,15.17,13.3,14.79,53200
2023-02-20 07:00:00,14.79,15.38,14.79,15.01,27600
2023-02-21 07:00:00,15.01,15.01,14.74,14.95,9400
2023-02-22 07:00:00,14.69,14.9,14.63,14.69,7200
2023-02-23 07:00:00,14.69,14.69,14.15,14.37,12700
2023-02-24 07:00:00,14.15,14.37,13.83,14.1,2900
2023-02-27 07:00:00,14.1,14.15,13.73,13.73,8200
2023-02-28 07:00:00,13.73,13.73,13.41,13.73,3600
2023-03-01 07:00:00,13.3,13.83,12.56,13.57,7800
2023-03-02 07:00:00,13.57,13.89,13.36,13.89,1700
2023-03-03 07:00:00,13.57,13.83,13.57,13.57,4600
2023-03-06 07:00:00,13.57,14.37,13.57,14.05,2000
2023-03-07 07:00:00,14.05,14.05,13.2,13.2,3100
2023-03-08 07:00:00,13.57,13.83,13.57,13.83,5400
2023-03-09 07:00:00,13.62,14.37,13.52,13.89,6460
2023-03-10 07:00:00,13.68,13.94,13.68,13.73,10700
2023-03-13 07:00:00,13.99,14.1,13.73,13.73,1200
2023-03-14 07:00:00,13.83,13.83,13.46,13.78,700
2023-03-15 07:00:00,13.78,14.21,13.78,14.1,12100
2023-03-16 07:00:00,13.83,13.83,13.78,13.78,2900
2023-03-17 07:00:00,13.83,14.15,13.73,13.83,10800
2023-03-20 07:00:00,13.83,13.83,13.68,13.68,9600
2023-03-21 07:00:00,13.83,13.83,13.62,13.83,9238
2023-03-22 07:00:00,14.1,14.15,13.78,14.15,19200
2023-03-23 07:00:00,13.83,14.1,13.62,14.1,1400
2023-03-24 07:00:00,13.83,14.37,13.83,14.37,12500
2023-03-27 07:00:00,14.31,14.58,14.26,14.58,5804
2023-03-28 07:00:00,14.63,14.63,14.26,14.58,2100
2023-03-29 07:00:00,14.37,14.47,14.37,14.42,1928
2023-03-30 07:00:00,14.42,14.63,13.94,14.58,8600
2023-03-31 07:00:00,14.37,14.47,14.21,14.47,500
2023-04-03 07:00:00,14.58,15.17,14.1,15.17,32603
2023-04-04 07:00:00,15.11,15.11,14.79,14.79,14738
2023-04-05 07:00:00,14.85,14.9,14.42,14.9,28654
2023-04-06 07:00:00,14.9,15.43,14.9,15.06,43100
2023-04-07 07:00:00,14.9,15.43,14.9,15.38,25600
2023-04-10 07:00:00,15.43,16.76,15.43,16.44,74100
2023-04-11 07:00:00,16.44,16.76,15.96,16.5,16000
2023-04-12 07:00:00,16.87,16.87,16.5,16.6,20404
2023-04-13 07:00:00,16.5,16.6,16.28,16.5,14709
2023-04-14 07:00:00,16.76,16.76,16.18,16.5,43003
2023-04-17 07:00:00,16.5,16.76,16.34,16.76,6800
2023-04-18 07:00:00,16.76,17.67,16.5,17.67,21800
2023-04-19 07:00:00,17.77,17.77,17.35,17.45,17304
2023-04-20 07:00:00,17.45,17.56,17.35,17.56,16800
2023-04-21 07:00:00,17.56,17.83,17.45,17.56,25500
2023-04-24 07:00:00,17.56,18.09,17.56,17.99,15304
2023-04-25 07:00:00,17.99,18.89,17.56,18.46,24200
2023-04-26 07:00:00,18.3,18.62,18.09,18.2,7800
2023-04-27 07:00:00,17.88,18.46,17.88,18.36,13000
2023-04-28 07:00:00,18.14,19.69,18.09,18.94,34805
2023-05-04 07:00:00,19.05,19.79,19.05,19.37,34100
2023-05-05 07:00:00,19.37,19.69,19.37,19.58,16000
2023-05-08 07:00:00,19.69,19.79,19.42,19.79,26500
2023-05-09 07:00:00,19.48,19.48,19.42,19.42,12103
2023-05-10 07:00:00,19.42,19.69,19.05,19.69,23400
2023-05-11 07:00:00,19.63,19.69,19.48,19.69,11500
2023-05-12 07:00:00,19.58,19.58,19.37,19.48,16100
2023-05-15 07:00:00,19.48,19.48,18.68,19.48,19900
2023-05-16 07:00:00,19.48,19.53,19.16,19.53,25600
2023-05-17 07:00:00,19.53,19.53,18.78,18.94,6600
2023-05-18 07:00:00,19.42,19.42,18.78,19.26,600
2023-05-19 07:00:00,19.21,19.26,19.1,19.16,14200
2023-05-22 07:00:00,19.26,19.37,19.1,19.37,6200
2023-05-23 07:00:00,19.37,19.53,19.26,19.48,11103
2023-05-24 07:00:00,19.58,19.95,19.42,19.48,20500
2023-05-25 07:00:00,19.48,19.63,19.16,19.16,23015
2023-05-26 07:00:00,19.42,19.42,19.26,19.32,8600
2023-05-29 07:00:00,19.42,19.69,19.32,19.42,17117
2023-05-30 07:00:00,19.42,19.42,19.1,19.37,8300
2023-05-31 07:00:00,19.42,19.42,19.26,19.42,5800
2023-06-01 07:00:00,19.26,19.42,19.26,19.32,2900
2023-06-02 07:00:00,19.42,19.48,19.32,19.48,9905
2023-06-05 07:00:00,19.48,19.53,19.16,19.26,12400
2023-06-06 07:00:00,19.42,19.42,19.16,19.37,1710
2023-06-07 07:00:00,19.74,21.28,19.16,19.26,23903
2023-06-08 07:00:00,19.26,19.26,19.05,19.05,12000
2023-06-09 07:00:00,19.05,19.37,18.94,19.37,2400
2023-06-12 07:00:00,19.32,19.32,18.78,18.94,12900
2023-06-13 07:00:00,19.0,19.16,18.62,18.94,8801
2023-06-14 07:00:00,18.89,18.89,18.09,18.36,14400
2023-06-15 07:00:00,18.14,18.62,17.83,18.09,8100
2023-06-16 07:00:00,17.77,18.57,17.77,17.88,9600
2023-06-19 07:00:00,17.77,18.57,17.72,18.04,7301
2023-06-20 07:00:00,18.04,18.3,17.93,18.3,6600
2023-06-21 07:00:00,18.62,18.62,17.93,17.99,20300
2023-06-22 07:00:00,18.14,18.57,18.04,18.36,7500
2023-06-23 07:00:00,18.14,18.14,17.72,17.88,13400
2023-06-26 07:00:00,17.61,17.83,16.5,16.6,48500
2023-06-27 07:00:00,16.71,16.71,15.96,15.96,19700
2023-06-28 07:00:00,16.07,16.5,15.8,15.96,19500
2023-06-29 07:00:00,15.96,16.39,15.86,15.96,38100
2023-06-30 07:00:00,15.7,16.23,15.7,15.96,39400
2023-07-03 07:00:00,15.96,16.44,15.96,15.96,28000
2023-07-04 07:00:00,15.96,16.02,15.91,16.02,10500
2023-07-05 07:00:00,16.18,16.55,16.12,16.23,24200
2023-07-06 07:00:00,16.39,16.39,15.96,16.07,20800
2023-07-07 07:00:00,16.18,16.23,15.96,16.07,33100
2023-07-10 07:00:00,15.96,16.18,15.91,16.12,44700
2023-07-11 07:00:00,16.12,16.12,15.8,15.96,50100
2023-07-12 07:00:00,15.96,16.07,15.7,15.96,21500
2023-07-13 07:00:00,16.02,16.02,15.91,15.96,35600
2023-07-14 07:00:00,16.34,16.34,15.96,16.18,14003
2023-07-17 07:00:00,16.18,17.51,16.18,17.13,54122
2023-07-18 07:00:00,17.08,17.13,16.5,16.6,26600
2023-07-19 07:00:00,16.71,17.35,16.71,17.13,36000
2023-07-20 07:00:00,17.03,17.56,16.55,17.13,30711
2023-07-21 07:00:00,16.81,17.24,16.5,17.24,33400
2023-07-24 07:00:00,17.24,17.56,17.19,17.4,30301
2023-07-25 07:00:00,17.29,17.4,17.08,17.13,19500
2023-07-26 07:00:00,17.19,17.19,17.03,17.19,18134
2023-07-27 07:00:00,17.03,17.03,16.76,17.03,25000
2023-07-28 07:00:00,17.13,17.99,17.03,17.56,47800
2023-07-31 07:00:00,17.56,17.67,17.29,17.35,16400
2023-08-01 07:00:00,17.35,17.56,17.03,17.08,36213
2023-08-02 07:00:00,17.08,17.29,17.08,17.13,30001
2023-08-03 07:00:00,17.29,17.4,17.08,17.29,21600
2023-08-04 07:00:00,17.35,17.45,17.24,17.35,13501
2023-08-07 07:00:00,17.24,17.45,17.08,17.13,32400
2023-08-08 07:00:00,17.03,17.35,16.97,17.13,35000
2023-08-09 07:00:00,17.03,17.03,16.81,17.03,22700
2023-08-10 07:00:00,17.03,17.19,16.87,16.92,22000
2023-08-11 07:00:00,16.97,16.97,16.6,16.76,22600
2023-08-14 07:00:00,17.03,17.29,16.87,17.19,24400
2023-08-15 07:00:00,17.29,17.35,17.03,17.03,19700
2023-08-16 07:00:00,17.03,17.29,17.03,17.08,42100
2023-08-17 07:00:00,17.08,17.19,17.03,17.08,21900
2023-08-18 07:00:00,16.97,16.97,16.18,16.28,35100
2023-08-21 07:00:00,16.28,16.28,15.96,16.23,38200
2023-08-22 07:00:00,16.18,16.5,15.96,16.12,31300
2023-08-23 07:00:00,16.12,16.12,16.02,16.02,6900
2023-08-24 07:00:00,16.02,16.6,16.02,16.6,3200
2023-08-25 07:00:00,16.44,16.44,16.23,16.28,4900
2023-08-28 07:00:00,16.28,16.28,16.12,16.18,8900
2023-08-29 07:00:00,16.18,16.5,15.96,15.96,45900
2023-08-30 07:00:00,16.02,16.23,15.96,16.12,33600
2023-08-31 07:00:00,16.07,16.5,16.07,16.23,37410
2023-09-05 07:00:00,16.23,16.34,16.07,16.12,37800
2023-09-06 07:00:00,16.23,16.23,15.96,16.07,35600
2023-09-07 07:00:00,16.12,16.66,16.12,16.23,71400
2023-09-08 07:00:00,16.34,17.03,16.34,16.76,57600
2023-09-11 07:00:00,16.76,16.81,16.23,16.28,52700
2023-09-12 07:00:00,16.28,16.34,16.07,16.34,55000
2023-09-13 07:00:00,16.23,16.39,15.96,16.07,59200
2023-09-14 07:00:00,16.07,16.12,15.8,15.91,28500
2023-09-15 07:00:00,16.5,16.5,15.91,16.02,3900
2023-09-18 07:00:00,16.02,16.02,15.22,15.38,62900
2023-09-19 07:00:00,15.38,15.43,14.9,15.17,34564
2023-09-20 07:00:00,15.32,15.43,15.06,15.43,18009
2023-09-21 07:00:00,15.54,15.59,15.32,15.38,39300
2023-09-22 07:00:00,15.17,15.32,14.74,14.95,52410
2023-09-25 07:00:00,14.95,14.95,13.89,13.94,25511
2023-09-26 07:00:00,13.94,14.79,13.94,14.42,36909
2023-09-27 07:00:00,14.58,14.58,14.26,14.58,13200
2023-09-28 07:00:00,14.58,14.58,14.42,14.58,6401
2023-09-29 07:00:00,14.9,14.9,14.53,14.74,17900
2023-10-02 07:00:00,15.17,15.17,14.69,14.69,7800
2023-10-03 07:00:00,14.47,14.53,14.1,14.37,8070
2023-10-04 07:00:00,14.37,14.69,14.26,14.58,9800
2023-10-05 07:00:00,14.58,14.58,14.37,14.37,21700
2023-10-06 07:00:00,14.42,14.42,14.37,14.42,3450
2023-10-09 07:00:00,14.37,14.74,14.37,14.37,10500
2023-10-10 07:00:00,14.42,14.63,14.31,14.58,9100
2023-10-11 07:00:00,14.58,14.63,14.58,14.63,1100
2023-10-12 07:00:00,14.63,14.74,14.58,14.58,13810
2023-10-13 07:00:00,14.58,14.63,14.42,14.63,3500
2023-10-16 07:00:00,14.9,14.9,14.37,14.37,28700
2023-10-17 07:00:00,14.63,14.63,14.31,14.37,13300
2023-10-18 07:00:00,14.37,14.37,13.46,13.46,35200
2023-10-19 07:00:00,13.57,13.99,13.52,13.89,22700
2023-10-20 07:00:00,13.83,14.15,13.62,14.15,8500
2023-10-23 07:00:00,14.15,14.31,13.83,13.99,5500
2023-10-24 07:00:00,13.99,14.05,13.99,14.05,1100
2023-10-25 07:00:00,13.78,13.99,13.62,13.73,20000
2023-10-26 07:00:00,13.73,13.73,13.2,13.2,14200
2023-10-27 07:00:00,13.04,13.52,12.77,13.36,29700
2023-10-30 07:00:00,13.3,13.3,12.88,12.93,5000
2023-10-31 07:00:00,13.3,13.3,12.88,12.93,7501
2023-11-01 07:00:00,13.04,13.25,12.93,13.04,2400
2023-11-02 07:00:00,13.57,13.73,13.3,13.73,21100
2023-11-03 07:00:00,13.83,13.83,13.57,13.83,4800
2023-11-06 07:00:00,13.83,13.83,13.83,13.83,7200
2023-11-07 07:00:00,13.83,13.83,13.46,13.73,5706
2023-11-08 07:00:00,13.36,13.83,12.4,13.83,29400
2023-11-09 07:00:00,13.83,14.1,13.83,14.05,87500
2023-11-10 07:00:00,14.31,14.31,13.68,13.83,5500
2023-11-13 07:00:00,13.89,13.89,13.3,13.78,9403
2023-11-14 07:00:00,13.78,13.78,13.52,13.73,7710
2023-11-15 07:00:00,13.73,13.83,13.52,13.57,19900
2023-11-16 07:00:00,13.57,13.68,13.52,13.62,4500
2023-11-17 07:00:00,13.62,13.83,13.52,13.78,27102
2023-11-20 07:00:00,13.36,13.57,13.3,13.57,14483
2023-11-21 07:00:00,13.57,13.73,13.52,13.57,3700
2023-11-22 07:00:00,13.57,13.78,13.57,13.78,14300
2023-11-23 07:00:00,13.83,15.11,13.57,13.57,48616
2023-11-24 07:00:00,14.58,14.58,13.78,13.89,31500
2023-11-27 07:00:00,14.9,14.9,13.83,13.83,28021
2023-11-28 07:00:00,13.83,13.99,13.68,13.99,9101
2023-11-29 07:00:00,14.15,14.15,13.83,13.89,7729
2023-11-30 07:00:00,14.53,14.53,13.83,13.83,6600
2023-12-01 07:00:00,13.89,13.99,13.46,13.62,6600
2023-12-04 07:00:00,14.31,14.31,13.73,13.83,13210
2023-12-05 07:00:00,13.83,13.83,13.68,13.68,7400
2023-12-06 07:00:00,13.68,14.69,13.68,14.1,35700
2023-12-07 07:00:00,14.37,14.37,13.78,14.05,13900
2023-12-08 07:00:00,13.83,13.99,13.68,13.83,14700
2023-12-11 07:00:00,13.83,13.94,13.62,13.83,10951
2023-12-12 07:00:00,13.78,13.83,13.73,13.83,6600
2023-12-13 07:00:00,13.83,13.99,13.78,13.94,7800
2023-12-14 07:00:00,13.83,13.99,13.62,13.83,17900
2023-12-15 07:00:00,13.73,13.78,13.57,13.78,9100
2023-12-18 07:00:00,13.83,13.83,13.57,13.68,8000
2023-12-19 07:00:00,13.68,13.68,13.68,13.68,2000
2023-12-20 07:00:00,13.68,13.73,13.52,13.68,12200
2023-12-21 07:00:00,13.68,13.73,13.52,13.73,6510
2023-12-22 07:00:00,13.73,13.83,13.57,13.62,23746
2023-12-25 07:00:00,13.89,13.89,13.68,13.68,11456
2023-12-26 07:00:00,13.68,13.83,13.68,13.83,17600
2023-12-27 07:00:00,13.73,13.83,13.68,13.73,26500
2023-12-28 07:00:00,13.73,13.78,13.57,13.62,29800
2023-12-29 07:00:00,13.73,13.89,13.62,13.62,26800
2024-01-02 07:00:00,13.68,13.89,13.57,13.62,33200
2024-01-03 07:00:00,13.73,13.83,13.68,13.73,11100
2024-01-04 07:00:00,13.73,13.83,13.73,13.73,25900
2024-01-05 07:00:00,14.1,14.1,13.68,13.78,14901
2024-01-08 07:00:00,13.73,13.83,13.68,13.68,32500
2024-01-09 07:00:00,13.73,13.78,13.68,13.68,13800
2024-01-10 07:00:00,13.68,13.78,13.62,13.62,58100
2024-01-11 07:00:00,13.62,13.78,13.62,13.68,29600
2024-01-12 07:00:00,13.62,13.78,13.52,13.57,36101
2024-01-15 07:00:00,13.46,13.57,13.46,13.46,8100
2024-01-16 07:00:00,13.52,13.62,13.52,13.62,9900
2024-01-17 07:00:00,13.62,13.62,13.46,13.62,9300
2024-01-18 07:00:00,13.62,13.62,13.46,13.52,15500
2024-01-19 07:00:00,13.52,13.57,13.41,13.41,13600
2024-01-22 07:00:00,13.41,13.41,13.3,13.41,15217
2024-01-23 07:00:00,13.52,13.68,13.41,13.41,20009
2024-01-24 07:00:00,13.46,13.62,13.3,13.3,23403
2024-01-25 07:00:00,13.36,13.46,13.3,13.3,24600
2024-01-26 07:00:00,13.3,13.46,13.3,13.3,66400
2024-01-29 07:00:00,13.3,13.41,12.88,13.14,22645
2024-01-30 07:00:00,13.14,13.36,13.04,13.14,46455
2024-01-31 07:00:00,13.36,13.36,13.14,13.14,44663
2024-02-01 07:00:00,13.2,13.41,13.14,13.3,32812
2024-02-02 07:00:00,13.46,13.52,13.3,13.36,24038
2024-02-05 07:00:00,13.36,13.36,13.25,13.36,36569
2024-02-06 07:00:00,13.41,13.46,13.25,13.36,36253
2024-02-07 07:00:00,13.36,13.46,13.3,13.46,101001
2024-02-15 07:00:00,13.57,13.57,13.36,13.36,66900
2024-02-16 07:00:00,13.41,13.99,13.36,13.78,162600
2024-02-19 07:00:00,13.99,13.99,13.78,13.89,53500
2024-02-20 07:00:00,13.62,14.58,13.62,14.58,53701
2024-02-21 07:00:00,14.37,14.58,14.37,14.58,38901
2024-02-22 07:00:00,14.9,14.9,14.21,14.31,68100
2024-02-23 07:00:00,14.26,14.31,14.05,14.21,51000
2024-02-26 07:00:00,14.21,14.69,13.89,14.1,28000
2024-02-27 07:00:00,14.1,14.1,13.68,13.83,48200
2024-02-28 07:00:00,13.89,13.94,13.68,13.78,37720
2024-02-29 07:00:00,13.78,13.78,13.57,13.68,47500
2024-03-01 07:00:00,13.68,15.01,13.68,15.01,295482
2024-03-04 07:00:00,15.43,16.5,15.43,16.5,198573
2024-03-05 07:00:00,16.5,16.6,15.59,15.64,86803
2024-03-06 07:00:00,15.8,15.86,15.06,15.43,48405
2024-03-07 07:00:00,15.43,15.43,14.95,15.27,83903
2024-03-08 07:00:00,15.11,15.7,14.95,15.54,53000
2024-03-11 07:00:00,15.43,15.43,14.95,15.01,47811
2024-03-12 07:00:00,15.01,15.17,15.01,15.01,31900
2024-03-13 07:00:00,14.95,15.06,14.74,15.01,51601
2024-03-14 07:00:00,15.06,15.43,15.01,15.22,82909
2024-03-15 07:00:00,15.43,16.71,15.43,15.96,108734
2024-03-18 07:00:00,16.23,16.76,15.54,15.91,112256
2024-03-19 07:00:00,15.91,15.96,15.59,15.59,68474
2024-03-20 07:00:00,15.54,15.59,15.11,15.32,76801
2024-03-21 07:00:00,15.43,15.54,15.27,15.38,65301
2024-03-22 07:00:00,15.43,15.54,15.27,15.27,47930
2024-03-25 07:00:00,15.27,15.38,15.06,15.17,51700
2024-03-26 07:00:00,15.01,15.43,14.9,15.22,40300
2024-03-27 07:00:00,15.7,15.7,15.22,15.22,34400
2024-03-28 07:00:00,15.27,15.27,15.01,15.06,48200
2024-03-29 07:00:00,15.06,15.22,15.01,15.17,51800
2024-04-01 07:00:00,15.17,15.32,15.01,15.11,37647
2024-04-02 07:00:00,15.11,15.22,15.06,15.17,68200
2024-04-03 07:00:00,15.17,15.22,15.01,15.06,89700
2024-04-04 07:00:00,15.11,15.11,14.69,15.01,54000
2024-04-05 07:00:00,15.43,15.48,14.74,15.43,104600
2024-04-08 07:00:00,15.43,15.43,14.95,15.38,61404
2024-04-09 07:00:00,15.32,15.38,15.17,15.38,12700
2024-04-10 07:00:00,15.38,15.48,15.17,15.17,24601
2024-04-11 07:00:00,15.17,15.17,15.01,15.11,41600
2024-04-12 07:00:00,15.11,15.32,15.06,15.17,45484
2024-04-15 07:00:00,15.11,15.27,14.47,14.47,50901
2024-04-16 07:00:00,14.79,14.79,13.83,14.37,68700
2024-04-17 07:00:00,14.37,14.37,14.15,14.31,21600
2024-04-19 07:00:00,14.31,14.31,13.62,14.1,32900
2024-04-22 07:00:00,14.15,14.15,13.99,14.15,15100
2024-04-23 07:00:00,14.15,14.15,13.83,14.1,7329
2024-04-24 07:00:00,13.52,14.63,13.46,14.53,26152
2024-04-25 07:00:00,14.26,14.37,14.15,14.26,3700
2024-04-26 07:00:00,14.1,14.31,13.99,14.05,13200
2024-05-02 07:00:00,14.05,14.05,13.83,14.05,16600
2024-05-03 07:00:00,14.1,14.31,14.1,14.21,7803
2024-05-06 07:00:00,14.31,14.31,13.83,14.1,29100
2024-05-07 07:00:00,13.89,14.05,13.89,13.99,27100
2024-05-08 07:00:00,13.83,13.94,13.83,13.83,29700
2024-05-09 07:00:00,13.89,13.94,13.83,13.83,52600
2024-05-10 07:00:00,13.83,13.83,13.62,13.78,25700
2024-05-13 07:00:00,13.78,13.83,13.57,13.57,51100
2024-05-14 07:00:00,13.73,13.78,13.52,13.62,15100
2024-05-15 07:00:00,13.57,13.62,13.3,13.52,43700
2024-05-16 07:00:00,13.89,13.99,13.46,13.78,36900
2024-05-17 07:00:00,13.78,13.94,13.78,13.94,18300
2024-05-20 07:00:00,13.94,13.99,13.57,13.83,40500
2024-05-21 07:00:00,13.83,13.83,13.52,13.73,24700
2024-05-22 07:00:00,13.73,14.26,13.73,13.89,31700
2024-05-23 07:00:00,13.99,14.47,13.89,13.94,54000
2024-05-24 07:00:00,13.94,14.05,13.62,13.62,73800
2024-05-27 07:00:00,13.83,13.83,13.62,13.62,14818
2024-05-28 07:00:00,13.62,13.94,13.62,13.78,42400
2024-05-29 07:00:00,13.83,13.89,13.57,13.68,21002
2024-05-30 07:00:00,13.62,13.83,13.62,13.73,18202
2024-05-31 07:00:00,13.73,13.83,13.68,13.83,17601
2024-06-03 07:00:00,13.83,13.89,13.73,13.73,82001
2024-06-04 07:00:00,13.73,13.78,13.62,13.73,21101
2024-06-05 07:00:00,13.89,13.89,13.68,13.73,30206
2024-06-06 07:00:00,13.68,13.78,13.62,13.62,26202
2024-06-07 07:00:00,13.62,14.37,13.62,14.1,64326
2024-06-10 07:00:00,13.83,14.1,13.83,14.05,65601
2024-06-11 07:00:00,14.1,14.1,13.83,13.83,44706
2024-06-12 07:00:00,13.78,13.78,13.52,13.52,77410
2024-06-13 07:00:00,13.62,14.05,13.62,13.94,65500
2024-06-14 07:00:00,13.99,13.99,13.57,13.57,36900
2024-06-17 07:00:00,13.57,13.73,13.36,13.41,27600
2024-06-18 07:00:00,13.41,13.68,13.36,13.52,33801
2024-06-19 07:00:00,13.62,13.68,13.41,13.46,19901
2024-06-20 07:00:00,13.46,13.52,13.25,13.41,29718
2024-06-21 07:00:00,13.41,13.46,13.36,13.41,19901
2024-06-24 07:00:00,13.78,13.78,13.14,13.3,35102
2024-06-25 07:00:00,13.3,13.62,13.3,13.46,12200
2024-06-26 07:00:00,13.68,13.78,13.3,13.57,17502
2024-06-27 07:00:00,13.36,13.57,13.3,13.52,17217
2024-06-28 07:00:00,13.52,13.52,13.25,13.25,8630
2024-07-01 07:00:00,13.25,13.41,13.25,13.3,7501
2024-07-02 07:00:00,13.41,13.52,13.36,13.46,9202
2024-07-03 07:00:00,13.41,13.52,13.36,13.52,9014
2024-07-04 07:00:00,13.41,13.41,13.36,13.41,3003
2024-07-05 07:00:00,13.36,13.41,13.3,13.41,12300
2024-07-08 07:00:00,13.57,14.26,13.57,13.73,91802
2024-07-09 07:00:00,13.83,13.83,13.68,13.73,3810
2024-07-10 07:00:00,13.78,13.83,13.46,13.62,46400
2024-07-11 07:00:00,13.83,13.83,13.62,13.62,14600
2024-07-12 07:00:00,13.83,14.63,13.73,14.1,121810
2024-07-15 07:00:00,14.1,14.31,13.99,14.05,35202
2024-07-16 07:00:00,14.1,14.58,14.1,14.26,63263
2024-07-17 07:00:00,14.26,14.31,13.89,13.89,47701
2024-07-18 07:00:00,13.89,13.89,13.57,13.78,28900
2024-07-19 07:00:00,13.83,14.31,13.73,14.15,50500
2024-07-22 07:00:00,14.21,14.47,14.15,14.21,35400
2024-07-23 07:00:00,14.21,14.37,14.05,14.05,34600
2024-07-24 07:00:00,13.94,14.37,13.73,14.37,39600
2024-07-25 07:00:00,14.26,14.37,14.26,14.37,38101
2024-07-26 07:00:00,14.37,15.17,14.37,14.9,86309
2024-07-29 07:00:00,14.95,15.01,14.47,14.79,74600
2024-07-30 07:00:00,14.74,14.79,14.1,14.37,37400
2024-07-31 07:00:00,14.1,14.42,14.1,14.31,16210
2024-08-01 07:00:00,14.26,14.26,13.99,13.99,52000
2024-08-02 07:00:00,13.83,14.05,13.83,13.94,23308
2024-08-05 07:00:00,13.62,14.1,13.3,13.94,70900
2024-08-06 07:00:00,13.83,14.15,13.78,14.15,28200
2024-08-07 07:00:00,14.15,14.21,13.94,13.94,14900
2024-08-08 07:00:00,14.05,14.1,13.94,13.94,48401
2024-08-09 07:00:00,14.1,14.1,13.94,14.1,26000
2024-08-12 07:00:00,14.05,14.1,13.83,13.83,23124
2024-08-13 07:00:00,13.73,13.94,13.73,13.73,8900
2024-08-14 07:00:00,13.78,13.83,13.73,13.73,17000
2024-08-15 07:00:00,13.73,13.73,13.62,13.73,6700
2024-08-16 07:00:00,13.83,14.05,13.78,13.94,10500
2024-08-19 07:00:00,13.89,13.99,13.83,13.83,17001
2024-08-20 07:00:00,13.99,14.15,13.94,14.05,48200
2024-08-21 07:00:00,14.05,14.05,13.83,13.89,31309
2024-08-22 07:00:00,13.89,13.99,13.78,13.89,9700
2024-08-23 07:00:00,13.94,13.99,13.89,13.99,7600
2024-08-26 07:00:00,13.99,13.99,13.89,13.99,34400
2024-08-27 07:00:00,13.89,13.94,13.89,13.89,14601
2024-08-28 07:00:00,13.99,14.1,13.89,14.05,39314
2024-08-29 07:00:00,13.94,14.05,13.89,13.89,21501
2024-08-30 07:00:00,13.89,13.99,13.78,13.83,46800
2024-09-04 07:00:00,13.78,13.89,13.78,13.83,23800
2024-09-05 07:00:00,13.83,14.15,13.83,14.1,41800
2024-09-06 07:00:00,14.05,14.15,14.05,14.1,31500
2024-09-09 07:00:00,14.21,14.21,14.05,14.05,9800
2024-09-10 07:00:00,14.1,14.1,13.89,13.99,14101
2024-09-11 07:00:00,13.83,13.89,13.83,13.83,12900
2024-09-12 07:00:00,13.89,13.89,13.73,13.83,13400
2024-09-13 07:00:00,13.78,13.99,13.78,13.94,15906
2024-09-16 07:00:00,13.99,14.05,13.94,13.94,8300
2024-09-17 07:00:00,14.05,14.1,13.89,13.94,14200
2024-09-18 07:00:00,13.94,14.63,13.94,14.26,77027
2024-09-19 07:00:00,14.1,14.31,14.1,14.15,7200
2024-09-20 07:00:00,14.15,14.26,14.15,14.21,11302
2024-09-23 07:00:00,14.21,14.21,13.94,14.21,13100
2024-09-24 07:00:00,14.1,14.37,14.1,14.37,7600
2024-09-25 07:00:00,14.31,14.37,14.31,14.37,18102
2024-09-26 07:00:00,14.37,14.37,14.1,14.1,17000
2024-09-27 07:00:00,14.15,14.37,14.15,14.31,36700
2024-09-30 07:00:00,14.21,14.53,14.21,14.42,52501
2024-10-01 07:00:00,14.26,14.37,14.26,14.31,5327
2024-10-02 07:00:00,14.37,14.42,14.26,14.42,23300
2024-10-03 07:00:00,14.42,14.42,14.21,14.26,11600
2024-10-04 07:00:00,14.31,14.37,14.31,14.31,7701
2024-10-07 07:00:00,14.31,14.42,14.31,14.37,15900
2024-10-08 07:00:00,14.37,14.37,14.31,14.37,18302
2024-10-09 07:00:00,14.31,14.31,14.31,14.31,7002
2024-10-10 07:00:00,14.31,14.31,14.21,14.26,32035
2024-10-11 07:00:00,14.53,14.63,14.37,14.37,40400
2024-10-14 07:00:00,14.37,14.37,14.21,14.37,7202
2024-10-15 07:00:00,14.37,14.42,14.37,14.37,4400
2024-10-16 07:00:00,14.21,14.26,14.05,14.1,4800
2024-10-17 07:00:00,14.21,14.58,14.21,14.37,50000
2024-10-18 07:00:00,14.37,14.37,14.31,14.37,12203
2024-10-21 07:00:00,14.37,14.37,14.26,14.26,8901
2024-10-22 07:00:00,14.26,14.31,14.21,14.21,7700
2024-10-23 07:00:00,14.26,14.37,14.21,14.31,14800
2024-10-24 07:00:00,14.31,14.31,14.15,14.26,8621
2024-10-25 07:00:00,14.21,14.26,14.05,14.21,4101
2024-10-28 07:00:00,14.21,14.37,14.21,14.26,27001
2024-10-29 07:00:00,14.26,14.31,14.21,14.31,23500
2024-10-30 07:00:00,14.31,14.37,14.31,14.31,4815
2024-10-31 07:00:00,14.31,14.37,14.31,14.31,17300
2024-11-01 07:00:00,14.31,14.37,14.26,14.31,8301
2024-11-04 07:00:00,14.26,14.37,14.21,14.21,24200
2024-11-05 07:00:00,14.37,14.37,14.31,14.37,16300
2024-11-06 07:00:00,14.37,14.37,14.37,14.37,3019
2024-11-07 07:00:00,14.26,14.37,14.21,14.37,14100
2024-11-08 07:00:00,14.31,14.37,14.31,14.37,7400
2024-11-11 07:00:00,14.37,14.37,14.31,14.37,29300
2024-11-12 07:00:00,14.31,14.58,14.26,14.53,14500
2024-11-13 07:00:00,14.47,14.47,14.31,14.42,6100
2024-11-14 07:00:00,14.37,14.37,14.31,14.31,7600
2024-11-15 07:00:00,14.31,14.31,14.15,14.26,40000
2024-11-18 07:00:00,14.31,14.31,14.15,14.31,10700
2024-11-19 07:00:00,14.31,14.37,14.31,14.31,10800
2024-11-20 07:00:00,14.31,14.47,14.31,14.37,14100
2024-11-21 07:00:00,14.37,14.37,14.31,14.37,20200
2024-11-22 07:00:00,14.37,14.37,14.26,14.37,11600
2024-11-25 07:00:00,14.31,14.31,14.26,14.31,26700
2024-11-26 07:00:00,14.37,15.43,14.37,15.17,67401
2024-11-27 07:00:00,15.38,15.54,15.17,15.17,31100
2024-11-28 07:00:00,15.38,15.38,14.9,15.11,51000
2024-11-29 07:00:00,15.17,15.22,14.9,15.06,41923
2024-12-02 07:00:00,15.06,15.32,14.9,14.95,29815
2024-12-03 07:00:00,15.01,15.38,14.95,15.22,72800
2024-12-04 07:00:00,15.27,15.43,15.22,15.38,31800
2024-12-05 07:00:00,15.38,15.43,15.27,15.32,58633
2024-12-06 07:00:00,15.91,15.91,15.24,15.32,51970
2024-12-09 07:00:00,15.32,15.58,15.24,15.24,18615
2024-12-10 07:00:00,15.32,15.41,14.9,14.99,27112
2024-12-11 07:00:00,14.99,14.99,14.74,14.82,9609
2024-12-12 07:00:00,14.82,15.16,14.74,14.82,16600
2024-12-13 07:00:00,14.9,14.9,14.74,14.74,6100
2024-12-16 07:00:00,14.65,14.74,14.57,14.57,12010
2024-12-17 07:00:00,14.57,14.82,14.57,14.82,9677
2024-12-18 07:00:00,14.74,14.74,14.57,14.57,14500
2024-12-19 07:00:00,14.57,14.65,14.57,14.57,16200
2024-12-20 07:00:00,14.57,14.65,14.48,14.48,11700
2024-12-23 07:00:00,14.57,14.57,14.15,14.23,52504
2024-12-24 07:00:00,14.15,14.15,13.89,14.15,40316
2024-12-25 07:00:00,14.15,14.15,13.98,14.15,5040
2024-12-26 07:00:00,14.06,14.15,13.98,13.98,13338
2024-12-27 07:00:00,14.06,14.06,13.89,13.98,10000
2024-12-30 07:00:00,13.81,14.15,13.81,14.15,4900
2024-12-31 07:00:00,13.98,14.15,13.89,13.98,10346
2025-01-02 07:00:00,14.06,14.06,13.89,13.98,9700
2025-01-03 07:00:00,14.06,14.23,13.98,14.06,13100
2025-01-06 07:00:00,14.06,14.06,13.89,13.89,1100
2025-01-07 07:00:00,13.89,14.06,13.81,13.81,4100
2025-01-08 07:00:00,13.98,13.98,13.81,13.81,6500
2025-01-09 07:00:00,13.89,14.15,13.72,13.81,20400
2025-01-10 07:00:00,13.81,13.81,13.56,13.56,11800
2025-01-13 07:00:00,13.72,13.72,13.64,13.72,1920
2025-01-14 07:00:00,13.64,13.72,13.64,13.72,2900
2025-01-15 07:00:00,13.72,13.81,13.64,13.81,11100
2025-01-16 07:00:00,13.89,13.89,13.81,13.81,3700
2025-01-17 07:00:00,13.72,13.81,13.72,13.81,6300
2025-01-20 07:00:00,13.72,13.81,13.64,13.64,10400
2025-01-21 07:00:00,13.81,13.89,13.72,13.81,13230
2025-01-22 07:00:00,13.81,13.81,13.81,13.81,2100
2025-01-23 07:00:00,13.81,13.81,13.64,13.72,9102
2025-01-24 07:00:00,13.72,14.31,13.64,14.31,14500
2025-02-03 07:00:00,14.31,14.31,13.81,14.23,6801
2025-02-04 07:00:00,14.23,14.23,14.23,14.23,1854
2025-02-05 07:00:00,14.23,14.23,13.98,14.23,2700
2025-02-06 07:00:00,14.23,14.23,14.23,14.23,2916
2025-02-07 07:00:00,13.98,13.98,13.98,13.98,1000
2025-02-10 07:00:00,13.64,14.06,13.64,14.06,3802
2025-02-11 07:00:00,13.81,13.81,13.64,13.72,41687
2025-02-12 07:00:00,13.81,13.81,13.72,13.72,11857
2025-02-13 07:00:00,13.47,13.98,13.47,13.81,10010
2025-02-14 07:00:00,13.81,13.89,13.81,13.81,8246
2025-02-17 07:00:00,13.98,13.98,13.81,13.81,11340
2025-02-18 07:00:00,13.89,14.15,13.81,14.15,32760
2025-02-19 07:00:00,13.98,14.15,13.98,14.06,20922
2025-02-20 07:00:00,14.06,14.06,13.89,13.89,29815
2025-02-21 07:00:00,13.89,14.06,13.72,13.81,30128
2025-02-24 07:00:00,13.72,13.98,13.72,13.72,23588
2025-02-25 07:00:00,13.72,14.06,13.64,13.81,28790
2025-02-26 07:00:00,13.89,13.89,13.72,13.72,15414
2025-02-27 07:00:00,14.06,14.15,13.72,13.98,44127
2025-02-28 07:00:00,13.98,14.31,13.98,14.06,35700
2025-03-03 07:00:00,14.15,14.15,13.98,14.15,25193
2025-03-04 07:00:00,14.15,14.15,13.98,13.98,29873
2025-03-05 07:00:00,13.89,13.98,13.89,13.89,24490
2025-03-06 07:00:00,13.89,13.89,13.72,13.81,23781
2025-03-07 07:00:00,13.89,13.89,13.72,13.81,24686
2025-03-10 07:00:00,13.81,13.89,13.81,13.81,6814
2025-03-11 07:00:00,13.81,13.81,13.81,13.81,23436
2025-03-12 07:00:00,14.4,14.4,13.81,13.89,24105
2025-03-13 07:00:00,13.89,13.89,13.64,13.81,21484
2025-03-14 07:00:00,13.81,13.89,13.81,13.81,11406
2025-03-17 07:00:00,13.81,13.89,13.81,13.89,16147
2025-03-18 07:00:00,13.81,14.06,13.81,14.06,11522
2025-03-19 07:00:00,13.81,13.89,13.81,13.81,17311
2025-03-20 07:00:00,13.81,13.98,13.81,13.81,17801
2025-03-21 07:00:00,13.81,13.89,13.81,13.81,13900
2025-03-24 07:00:00,13.81,13.81,13.64,13.64,18400
2025-03-25 07:00:00,13.72,13.89,13.64,13.81,22452
2025-03-26 07:00:00,13.72,13.81,13.56,13.56,61012
2025-03-27 07:00:00,13.72,13.72,13.39,13.47,50480
2025-03-28 07:00:00,13.64,13.72,13.47,13.47,22310
2025-03-31 07:00:00,13.39,13.47,13.3,13.3,39280
2025-04-01 07:00:00,13.47,13.56,13.39,13.39,34890
2025-04-02 07:00:00,13.47,13.81,13.47,13.47,19047
2025-04-03 07:00:00,13.47,13.47,12.13,12.13,125680
2025-04-04 07:00:00,13.05,13.05,11.28,11.87,82836
2025-04-08 07:00:00,11.79,11.79,10.69,10.69,84509
2025-04-09 07:00:00,10.44,10.53,9.68,9.94,92712
2025-04-10 07:00:00,10.86,10.86,10.86,10.86,2427
2025-04-11 07:00:00,11.87,11.87,10.95,11.2,53817
2025-04-14 07:00:00,11.37,11.62,11.03,11.28,30581
2025-04-15 07:00:00,11.03,11.28,10.86,10.95,40398
2025-04-16 07:00:00,10.78,11.11,10.78,10.95,15160
2025-04-17 07:00:00,10.86,11.54,10.86,11.54,48774
2025-04-18 07:00:00,11.62,11.96,11.45,11.45,24282
2025-04-21 07:00:00,11.7,11.96,11.45,11.96,51570
2025-04-22 07:00:00,11.96,11.96,10.95,11.37,31420
2025-04-23 07:00:00,11.54,11.79,11.54,11.7,8339
2025-04-24 07:00:00,11.7,11.79,11.45,11.7,20200
2025-04-25 07:00:00,11.62,11.79,11.54,11.7,38915
2025-04-28 07:00:00,11.62,11.96,11.62,11.96,96001
2025-04-29 07:00:00,11.79,11.87,11.62,11.79,42800
2025-05-05 07:00:00,11.79,12.04,11.45,11.62,78000
2025-05-06 07:00:00,11.7,11.7,11.54,11.7,26800
2025-05-07 07:00:00,11.7,11.9,11.51,11.51,80500
2025-05-08 07:00:00,11.61,11.61,11.22,11.32,33700
2025-05-09 07:00:00,11.51,11.51,11.22,11.22,31100
2025-05-12 07:00:00,11.22,11.42,11.22,11.42,11000
2025-05-13 07:00:00,11.42,11.99,11.42,11.8,47900
2025-05-14 07:00:00,12.0,12.2,11.9,12.1,51700
2025-05-15 07:00:00,12.1,12.1,11.8,12.1,31600
2025-05-16 07:00:00,11.6,12.0,11.5,11.9,10400
2025-05-19 07:00:00,11.7,11.9,11.7,11.8,10300
2025-05-20 07:00:00,11.9,12.0,11.6,11.6,12600
2025-05-21 07:00:00,11.6,12.0,11.6,12.0,24400
2025-05-22 07:00:00,11.9,13.1,11.9,13.1,206500
2025-05-23 07:00:00,13.6,13.6,12.8,12.8,55400
2025-05-26 07:00:00,13.1,13.1,12.6,12.8,40300
2025-05-27 07:00:00,12.7,13.9,12.6,13.5,75900
2025-05-28 07:00:00,14.2,14.2,13.2,13.4,73900
2025-05-29 07:00:00,13.9,13.9,13.4,13.4,160900
2025-05-30 07:00:00,13.4,13.5,13.3,13.3,104200
2025-06-02 07:00:00,13.4,13.8,13.1,13.5,172700
2025-06-03 07:00:00,13.5,13.6,13.1,13.3,42300
2025-06-04 07:00:00,13.4,13.6,13.4,13.5,87200
2025-06-05 07:00:00,13.6,13.6,13.2,13.4,31000
2025-06-06 07:00:00,13.3,13.3,13.2,13.2,9600
2025-06-09 07:00:00,13.0,13.4,12.8,13.4,8800
2025-06-10 07:00:00,13.0,13.3,13.0,13.2,11600
2025-06-11 07:00:00,13.2,13.3,13.0,13.0,27400
2025-06-12 07:00:00,13.0,13.2,12.9,13.1,18100
2025-06-13 07:00:00,12.8,13.3,12.8,13.3,70100
2025-06-16 07:00:00,13.3,13.4,13.2,13.4,24600
2025-06-17 07:00:00,13.2,13.4,13.2,13.2,24500
2025-06-18 07:00:00,13.2,13.4,13.1,13.4,43700
2025-06-19 07:00:00,13.4,13.4,13.2,13.4,61100
2025-06-20 07:00:00,13.5,14.0,13.3,13.6,22000
2025-06-23 07:00:00,13.3,13.5,13.2,13.3,70500
2025-06-24 07:00:00,13.8,13.8,13.3,13.4,46900
2025-06-25 07:00:00,13.4,13.4,13.3,13.3,41700
2025-06-26 07:00:00,13.4,13.6,13.3,13.4,42900
2025-06-27 07:00:00,13.7,13.8,13.4,13.4,21700
2025-06-30 07:00:00,13.7,14.6,13.6,14.0,77100
2025-07-01 07:00:00,14.4,15.2,14.3,14.7,113200
2025-07-02 07:00:00,15.0,15.0,14.5,14.7,47900
2025-07-03 07:00:00,14.3,14.7,14.3,14.7,46700
2025-07-04 07:00:00,14.7,15.1,14.6,15.1,48700
2025-07-07 07:00:00,15.1,15.3,15.0,15.1,44700
2025-07-08 07:00:00,15.2,15.2,14.9,15.0,95000
2025-07-09 07:00:00,14.9,15.1,14.9,15.1,42600
2025-07-10 07:00:00,15.1,15.1,14.6,15.1,30400
2025-07-11 07:00:00,15.0,15.5,14.9,15.4,68300
2025-07-14 07:00:00,15.4,15.8,15.1,15.8,44600
2025-07-15 07:00:00,15.4,16.0,15.3,15.3,57500
2025-07-16 07:00:00,15.1,15.5,15.1,15.5,37100
2025-07-17 07:00:00,15.5,17.0,15.5,16.4,130900
2025-07-18 07:00:00,16.2,17.8,16.2,16.7,32800
2025-07-21 07:00:00,17.9,17.9,16.2,16.4,28400
2025-07-22 07:00:00,16.4,16.4,16.2,16.2,37100
2025-07-23 07:00:00,16.2,16.9,16.0,16.3,24000
2025-07-24 07:00:00,16.3,16.7,16.3,16.5,34300
2025-07-25 07:00:00,16.6,16.9,16.6,16.9,42100
2025-07-28 07:00:00,17.4,18.2,17.1,18.2,158000
2025-07-29 07:00:00,18.3,18.4,17.4,18.1,145200
2025-07-30 07:00:00,18.1,18.2,17.7,18.1,166200
2025-07-31 07:00:00,18.1,18.3,18.0,18.1,53300
2025-08-01 07:00:00,18.9,19.0,18.0,18.5,38300
2025-08-04 07:00:00,18.5,19.2,18.5,18.8,25000
2025-08-05 07:00:00,18.9,19.3,18.6,18.9,85900
2025-08-06 07:00:00,19.0,19.0,18.2,18.6,40600
2025-08-07 07:00:00,18.6,18.7,18.5,18.7,16400
2025-08-08 07:00:00,18.8,19.5,18.6,19.2,79900
2025-08-11 07:00:00,19.2,20.0,19.0,19.8,62000
2025-08-12 07:00:00,19.7,19.7,19.4,19.7,42200
2025-08-13 07:00:00,19.6,19.8,18.0,19.0,108100
2025-08-14 07:00:00,19.7,19.7,18.5,18.9,89100
2025-08-15 07:00:00,18.9,18.9,18.3,18.8,112100
2025-08-18 07:00:00,18.8,19.0,18.4,19.0,62900
2025-08-19 07:00:00,19.0,19.1,18.7,19.1,123400
2025-08-20 07:00:00,19.1,20.0,18.5,18.9,76900
2025-08-21 07:00:00,18.9,18.9,18.4,18.8,103400
2025-08-22 07:00:00,18.5,18.7,17.7,18.0,271300
2025-08-25 07:00:00,18.0,18.0,17.7,18.0,109900
2025-08-26 07:00:00,18.1,18.5,18.0,18.5,40900
2025-08-27 07:00:00,18.4,18.7,18.2,18.5,62200
2025-08-28 07:00:00,18.4,18.4,18.0,18.3,75500
2025-08-29 07:00:00,18.2,18.4,18.0,18.2,61000
2025-09-03 07:00:00,18.3,18.5,18.1,18.3,64300
2025-09-04 07:00:00,18.3,18.5,18.1,18.2,70000
2025-09-05 07:00:00,18.2,18.2,17.9,18.2,97900
2025-09-08 07:00:00,18.2,18.2,17.9,17.9,49200
2025-09-09 07:00:00,16.2,18.1,16.2,18.1,48200
2025-09-10 07:00:00,18.0,18.1,17.9,18.1,45900
2025-09-11 07:00:00,18.0,18.1,17.8,18.1,98400
2025-09-12 07:00:00,18.0,18.1,17.9,18.1,105400
2025-09-15 07:00:00,18.1,18.1,17.9,17.9,52800
2025-09-16 07:00:00,17.9,18.1,17.9,17.9,102900
2025-09-17 07:00:00,17.9,17.9,17.8,17.9,48600
2025-09-18 07:00:00,17.8,18.0,17.8,17.9,66900
2025-09-19 07:00:00,17.9,17.9,17.7,17.9,48300
2025-09-22 07:00:00,17.9,18.0,16.6,17.8,56400
2025-09-23 07:00:00,17.9,18.0,17.8,18.0,53300
2025-09-24 07:00:00,19.8,19.8,18.1,18.3,84800
2025-09-25 07:00:00,18.3,18.3,18.1,18.3,42900
2025-09-26 07:00:00,18.3,18.3,18.1,18.3,33300
2025-09-29 07:00:00,18.3,18.4,18.0,18.0,53100
2025-09-30 07:00:00,18.0,18.1,17.9,18.1,164600
2025-10-01 07:00:00,18.1,18.1,18.0,18.1,62500
2025-10-02 07:00:00,18.1,18.1,17.9,18.1,53800
2025-10-03 07:00:00,18.0,18.2,17.8,18.0,153500
2025-10-06 07:00:00,18.1,18.2,18.0,18.1,18800
2025-10-07 07:00:00,18.3,18.3,18.0,18.1,36100
2025-10-08 07:00:00,18.1,18.1,17.9,18.1,81400
2025-10-09 07:00:00,18.1,18.1,17.9,17.9,68900
2025-10-10 07:00:00,17.9,18.0,17.8,18.0,42700
2025-10-13 07:00:00,18.0,18.1,17.9,18.1,124900
2025-10-14 07:00:00,18.0,18.0,17.5,17.9,112800
2025-10-15 07:00:00,18.0,18.1,17.7,17.9,91100
2025-10-16 07:00:00,17.9,18.0,17.8,18.0,80100
2025-10-17 07:00:00,19.5,19.5,18.1,18.2,49400
2025-10-20 07:00:00,18.2,18.2,17.4,17.5,146300
2025-10-21 07:00:00,17.3,17.9,16.9,17.9,110700
2025-10-22 07:00:00,17.8,18.3,17.7,18.3,66800
2025-10-23 07:00:00,18.2,18.2,18.1,18.2,50900
2025-10-24 07:00:00,18.2,18.2,17.7,17.8,317500
2025-10-27 07:00:00,17.9,18.0,17.7,17.7,123400
2025-10-28 07:00:00,17.7,17.9,17.7,17.7,197800
2025-10-29 07:00:00,18.0,18.1,18.0,18.1,41700
2025-10-30 07:00:00,18.1,18.3,18.0,18.3,50300
2025-10-31 07:00:00,18.3,18.4,18.1,18.4,43900
2025-11-03 07:00:00,18.4,18.9,18.4,18.4,36600
2025-11-04 07:00:00,18.4,18.6,18.2,18.6,61100
2025-11-05 07:00:00,18.6,18.6,18.5,18.5,8600
2025-11-06 07:00:00,18.6,18.6,18.3,18.6,28700
2025-11-07 07:00:00,18.5,18.6,18.3,18.6,31600
2025-11-10 07:00:00,18.4,18.4,18.1,18.1,46800
2025-11-11 07:00:00,18.1,18.3,18.0,18.1,32600
2025-11-12 07:00:00,18.1,18.3,18.1,18.3,14600
2025-11-13 07:00:00,18.3,18.3,18.2,18.3,28500
2025-11-14 07:00:00,18.2,18.5,17.1,18.5,29300
2025-11-17 07:00:00,18.3,18.5,18.2,18.5,22000
2025-11-18 07:00:00,18.5,18.6,18.2,18.5,36600
2025-11-19 07:00:00,18.3,18.3,18.2,18.3,24900
2025-11-20 07:00:00,18.3,18.5,18.3,18.5,40300
2025-11-21 07:00:00,18.3,18.3,18.3,18.3,38400
2025-11-24 07:00:00,18.3,18.3,18.2,18.3,20300
2025-11-25 07:00:00,18.3,18.3,18.2,18.3,29500
2025-11-26 07:00:00,18.3,18.3,18.1,18.3,41300
2025-11-27 07:00:00,18.2,18.3,18.0,18.3,17100
2025-11-28 07:00:00,18.2,18.2,18.0,18.2,32400
2025-12-01 07:00:00,16.7,18.5,16.7,18.3,25300
2025-12-02 07:00:00,18.3,18.3,18.0,18.2,21300
2025-12-03 07:00:00,18.2,18.2,17.9,18.1,52400
2025-12-04 07:00:00,18.0,18.1,17.8,18.1,31900
2025-12-05 07:00:00,18.2,18.3,18.1,18.2,63400
2025-12-08 07:00:00,18.0,18.3,18.0,18.3,33000
2025-12-09 07:00:00,18.2,18.2,18.1,18.1,34100
2025-12-10 07:00:00,18.1,18.2,18.1,18.2,39700
2025-12-11 07:00:00,18.3,18.3,18.2,18.3,31000
2025-12-12 07:00:00,18.2,18.3,18.1,18.2,79600
2025-12-15 07:00:00,18.3,18.3,18.2,18.2,40200
2025-12-16 07:00:00,18.2,19.2,18.2,19.2,45600
2025-12-17 07:00:00,19.1,19.2,18.9,19.2,16100
2025-12-18 07:00:00,19.2,19.5,19.2,19.3,41500
2025-12-19 07:00:00,19.7,19.7,19.2,19.3,47800
2025-12-22 07:00:00,19.7,19.9,19.4,19.8,19400
2025-12-23 07:00:00,19.7,19.8,19.4,19.4,56300
2025-12-24 07:00:00,19.4,19.8,19.4,19.7,16000
2025-12-25 07:00:00,19.7,19.9,19.4,19.9,20800
2025-12-26 07:00:00,20.0,21.8,19.8,21.3,53800
2025-12-29 07:00:00,23.4,23.4,21.5,23.4,323100
2025-12-30 07:00:00,23.8,25.4,23.4,24.7,73900
2025-12-31 07:00:00,24.7,24.7,22.7,23.1,77800
2026-01-05 07:00:00,23.8,24.9,23.2,24.8,395300
2026-01-06 07:00:00,24.8,25.0,23.9,24.1,95000
2026-01-07 07:00:00,24.5,24.5,23.6,24.4,53300
2026-01-08 07:00:00,24.0,24.9,23.9,24.3,95600
2026-01-09 07:00:00,23.9,24.3,22.7,23.5,67100
2026-01-12 07:00:00,23.2,23.5,21.2,21.2,249300
2026-01-13 07:00:00,21.2,22.2,20.6,21.9,61300
2026-01-14 07:00:00,21.8,21.8,20.9,21.3,75100
2026-01-15 07:00:00,20.8,21.2,20.5,21.1,72400
2026-01-16 07:00:00,20.8,21.8,20.8,21.8,53000
2026-01-19 07:00:00,21.8,21.8,21.6,21.8,6200
2026-01-20 07:00:00,21.6,21.8,20.8,21.6,44700
2026-01-21 07:00:00,21.6,22.2,21.4,21.4,19800
2026-01-22 07:00:00,21.2,21.5,20.8,21.3,38700
2026-01-23 07:00:00,21.3,21.3,20.8,21.0,10400
2026-01-26 07:00:00,21.6,21.6,20.7,21.0,10800
2026-01-27 07:00:00,20.8,20.9,20.5,20.8,18000
2026-01-28 07:00:00,20.5,20.5,19.5,20.2,71800
2026-01-29 07:00:00,19.6,20.4,19.4,20.4,47900
2026-01-30 07:00:00,21.3,21.3,19.8,20.5,5600
2026-02-02 07:00:00,20.2,20.2,19.5,20.1,13000
2026-02-03 07:00:00,20.5,22.0,19.7,20.8,27200
2026-02-04 07:00:00,20.1,20.4,20.1,20.3,6200
2026-02-05 07:00:00,21.0,21.0,20.0,20.0,3300
2026-02-06 07:00:00,19.8,19.9,19.0,19.2,27900
2026-02-09 07:00:00,18.8,19.6,17.3,19.2,17600
2026-02-10 07:00:00,18.9,19.1,18.5,19.1,5300
2026-02-11 07:00:00,19.0,19.0,18.5,18.8,35400
2026-02-12 07:00:00,19.4,19.4,18.6,19.0,14000
2026-02-13 07:00:00,18.6,19.0,18.0,18.8,50000
2026-02-23 07:00:00,19.1,20.0,19.1,20.0,5200
2026-02-24 07:00:00,20.0,20.0,19.0,19.7,6000
2026-02-25 07:00:00,19.8,19.8,19.0,19.4,21400
2026-02-26 07:00:00,19.5,20.0,19.0,19.0,14300
2026-02-27 07:00:00,19.0,19.0,18.3,18.8,26300
2026-03-02 07:00:00,18.0,18.5,17.5,17.5,65500
2026-03-03 07:00:00,17.4,18.0,16.7,18.0,56900
2026-03-04 07:00:00,18.0,18.0,17.0,17.7,6800
2026-03-05 07:00:00,17.8,17.8,17.0,17.7,11800
2026-03-06 07:00:00,16.7,17.7,16.6,17.5,20300
2026-03-09 07:00:00,16.6,16.6,15.8,15.8,42500
2026-03-10 07:00:00,15.8,16.2,15.7,16.0,26700
2026-03-11 07:00:00,15.9,16.5,15.6,16.3,31700
2026-03-12 07:00:00,16.5,16.6,15.8,16.3,21500
2026-03-13 07:00:00,14.8,16.4,14.8,16.0,5800
2026-03-16 07:00:00,16.1,16.6,16.0,16.5,36500
2026-03-17 07:00:00,16.5,18.1,16.5,17.8,61100
2026-03-18 07:00:00,18.3,18.3,17.5,17.8,11000
2026-03-19 07:00:00,17.4,17.9,17.4,17.8,7900
2026-03-20 07:00:00,17.5,17.5,16.7,17.5,15400
2026-03-23 07:00:00,16.6,17.0,15.8,16.2,128200
2026-03-24 07:00:00,16.4,16.8,16.4,16.6,6100
2026-03-25 07:00:00,16.5,16.7,16.1,16.6,27200
2026-03-26 07:00:00,16.2,16.6,16.2,16.6,24800
2026-03-27 07:00:00,15.6,16.6,15.6,16.6,8000
2026-03-30 07:00:00,15.6,16.7,15.6,16.4,9200
2026-03-31 07:00:00,16.7,16.7,16.3,16.6,13400
2026-04-01 07:00:00,16.7,17.1,16.7,17.1,43000
2026-04-02 07:00:00,16.4,16.9,16.4,16.9,1600
2026-04-03 07:00:00,17.0,17.0,17.0,17.0,100
2026-04-06 07:00:00,16.8,16.8,16.2,16.6,8100
2026-04-07 07:00:00,16.6,16.6,16.4,16.5,2100
2026-04-08 07:00:00,16.8,17.1,16.5,17.1,14900
2026-04-09 07:00:00,16.9,17.1,16.9,17.1,12200
2026-04-10 07:00:00,17.0,17.3,16.9,17.3,14900
2026-04-13 07:00:00,17.0,17.9,17.0,17.8,12100
2026-04-14 07:00:00,17.8,17.8,17.1,17.6,13900
2026-04-15 07:00:00,17.2,17.7,17.2,17.5,6500
2026-04-16 07:00:00,17.6,18.0,17.2,17.9,30700
2026-04-17 07:00:00,17.5,17.7,17.5,17.6,4700
2026-04-20 07:00:00,17.5,17.5,17.3,17.5,10500
2026-04-21 07:00:00,17.5,17.5,16.2,17.3,16100
2026-04-22 07:00:00,16.7,17.3,16.7,17.2,300
2026-04-23 07:00:00,17.2,17.2,16.5,17.1,8300
2026-04-24 07:00:00,17.0,17.3,17.0,17.1,2000
2026-04-28 07:00:00,17.0,17.0,16.9,17.0,900
2026-04-29 07:00:00,16.8,17.0,16.5,17.0,4300
2026-05-04 07:00:00,16.5,17.0,15.4,17.0,11000
2026-05-05 07:00:00,16.6,16.6,16.6,16.6,1000
2026-05-06 07:00:00,16.3,16.7,16.2,16.7,7100
2026-05-07 07:00:00,16.1,16.5,16.1,16.5,22700
2026-05-08 07:00:00,16.4,16.4,15.6,16.4,13400
2026-05-11 07:00:00,15.7,16.1,15.6,15.9,14200
2026-05-12 07:00:00,16.7,16.7,16.0,16.6,3700
2026-05-13 07:00:00,16.0,16.1,15.7,16.1,4300
2026-05-14 07:00:00,16.7,16.7,16.0,16.4,6100
2026-05-15 07:00:00,16.0,16.5,15.5,16.4,9800
2026-05-18 07:00:00,16.5,16.5,15.8,16.4,20000
2026-05-19 07:00:00,16.5,16.5,16.0,16.0,2200
2026-05-20 07:00:00,16.3,16.3,14.4,15.9,32700
2026-05-21 07:00:00,16.1,16.1,15.3,15.9,8100
2026-05-22 07:00:00,15.8,17.0,15.5,15.9,7000
2026-05-25 07:00:00,16.1,16.3,15.6,15.9,5700
2026-05-26 07:00:00,15.5,16.0,15.5,15.9,12300
2026-05-27 07:00:00,16.0,16.2,15.4,16.2,6400
