time,open,high,low,close,volume
2018-01-02 07:00:00,22.35,24.48,22.3,24.27,1536453
2018-01-03 07:00:00,24.27,25.15,22.97,23.85,2153279
2018-01-04 07:00:00,23.59,24.73,23.54,24.32,1397180
2018-01-05 07:00:00,24.11,25.15,23.85,24.84,1335299
2018-01-08 07:00:00,24.79,26.45,24.73,26.39,1695283
2018-01-09 07:00:00,26.39,27.12,25.98,26.45,1597691
2018-01-10 07:00:00,26.7,26.7,25.25,25.56,1861371
2018-01-11 07:00:00,25.56,26.45,24.89,26.29,1322935
2018-01-12 07:00:00,26.39,27.48,26.19,26.6,1021552
2018-01-15 07:00:00,26.45,26.96,26.45,26.96,951914
2018-01-16 07:00:00,26.96,27.43,26.76,27.28,1154825
2018-01-17 07:00:00,27.22,28.21,27.22,27.48,1733229
2018-01-18 07:00:00,27.74,27.74,26.39,27.38,1590981
2018-01-19 07:00:00,27.22,30.59,27.17,29.4,2350353
2018-01-22 07:00:00,29.14,33.03,29.04,33.03,3011445
2018-01-23 07:00:00,33.45,36.3,33.03,34.9,2455609
2018-01-24 07:00:00,34.9,35.26,32.93,33.29,2076432
2018-01-25 07:00:00,33.55,34.85,32.62,32.98,2344305
2018-01-26 07:00:00,33.03,33.71,31.89,32.15,2179883
2018-01-29 07:00:00,30.85,33.19,30.59,31.63,1507535
2018-01-30 07:00:00,31.11,31.73,30.33,30.59,2202371
2018-01-31 07:00:00,30.59,30.85,27.74,27.9,3097150
2018-02-01 07:00:00,27.9,29.04,25.67,26.55,2430906
2018-02-02 07:00:00,27.01,27.79,25.92,27.63,2551448
2018-02-05 07:00:00,27.63,27.89,25.45,25.92,2133156
2018-02-06 07:00:00,25.71,25.71,22.96,23.63,2770837
2018-02-07 07:00:00,23.89,26.49,23.89,26.23,2381296
2018-02-08 07:00:00,25.92,26.96,23.95,24.21,1412300
2018-02-09 07:00:00,23.37,24.15,21.19,24.15,1433769
2018-02-12 07:00:00,23.89,25.97,23.89,25.92,727541
2018-02-13 07:00:00,25.92,27.53,25.92,27.53,1390941
2018-02-21 07:00:00,28.05,28.88,27.53,28.52,1113547
2018-02-22 07:00:00,28.62,28.62,26.65,27.01,1253519
2018-02-23 07:00:00,27.01,27.89,26.75,27.48,1074223
2018-02-26 07:00:00,27.53,28.31,27.22,27.43,1126366
2018-02-27 07:00:00,27.63,30.13,27.37,29.92,3664154
2018-02-28 07:00:00,30.13,30.54,29.35,30.02,1581591
2018-03-01 07:00:00,30.02,30.49,29.55,29.87,1373626
2018-03-02 07:00:00,29.71,29.71,28.67,29.66,1308865
2018-03-05 07:00:00,29.92,30.93,28.5,28.55,1523671
2018-03-06 07:00:00,29.24,29.66,28.44,29.55,1149315
2018-03-07 07:00:00,29.61,29.82,27.91,27.97,1449508
2018-03-08 07:00:00,28.55,28.55,26.96,27.6,1337763
2018-03-09 07:00:00,27.75,28.55,27.54,27.86,648087
2018-03-12 07:00:00,28.02,28.39,27.44,27.6,685958
2018-03-13 07:00:00,27.49,27.65,26.86,26.96,1845989
2018-03-14 07:00:00,26.96,27.01,26.27,26.86,1633496
2018-03-15 07:00:00,26.91,27.97,26.86,27.65,1384430
2018-03-16 07:00:00,27.75,28.28,27.49,27.6,1088980
2018-03-19 07:00:00,27.6,27.86,26.64,26.75,1694054
2018-03-20 07:00:00,26.86,27.07,25.27,25.43,3116500
2018-03-21 07:00:00,25.43,26.27,24.79,25.22,1557930
2018-03-22 07:00:00,25.27,26.12,25.22,25.64,870574
2018-03-23 07:00:00,25.64,25.64,23.79,24.79,1278764
2018-03-26 07:00:00,24.37,25.27,24.32,24.9,638775
2018-03-27 07:00:00,25.01,25.69,24.95,25.43,804364
2018-03-28 07:00:00,25.43,25.75,24.95,25.27,449013
2018-03-29 07:00:00,25.27,25.75,25.11,25.75,713517
2018-03-30 07:00:00,25.59,26.43,25.53,26.27,860361
2018-04-02 07:00:00,26.43,27.01,26.17,26.43,846561
2018-04-03 07:00:00,26.43,26.49,25.75,25.9,955971
2018-04-04 07:00:00,25.9,26.49,25.75,26.01,1182775
2018-04-05 07:00:00,25.9,26.17,25.38,25.53,627097
2018-04-06 07:00:00,25.64,26.06,25.53,25.69,781188
2018-04-09 07:00:00,25.38,25.69,24.95,25.22,812499
2018-04-10 07:00:00,25.22,26.27,24.79,25.64,977855
2018-04-11 07:00:00,25.8,26.17,25.22,25.43,690947
2018-04-12 07:00:00,25.38,25.64,25.11,25.27,587488
2018-04-13 07:00:00,25.38,25.48,24.69,24.74,684885
2018-04-16 07:00:00,24.64,24.79,24.16,24.32,587937
2018-04-17 07:00:00,23.84,24.58,23.84,24.42,480877
2018-04-18 07:00:00,24.85,25.69,24.32,24.58,873012
2018-04-19 07:00:00,26.46,27.17,24.86,24.98,756169
2018-04-20 07:00:00,24.86,25.27,24.62,25.16,367685
2018-04-23 07:00:00,25.22,25.51,22.85,23.08,514780
2018-04-24 07:00:00,23.08,23.62,22.2,22.43,848800
2018-04-26 07:00:00,22.55,22.67,20.01,20.42,1478625
2018-04-27 07:00:00,20.78,22.43,20.42,22.26,757900
2018-05-02 07:00:00,22.26,22.79,21.9,22.02,539902
2018-05-03 07:00:00,22.2,22.2,20.72,21.72,524668
2018-05-04 07:00:00,21.84,22.2,21.66,21.9,344565
2018-05-07 07:00:00,22.73,23.74,22.08,23.03,369451
2018-05-08 07:00:00,23.08,23.38,22.79,22.79,351591
2018-05-09 07:00:00,23.03,23.03,22.49,22.97,337402
2018-05-10 07:00:00,22.97,22.97,21.9,21.9,497197
2018-05-11 07:00:00,22.2,22.49,21.6,22.43,324736
2018-05-14 07:00:00,22.26,22.61,22.02,22.55,267589
2018-05-15 07:00:00,22.55,22.79,22.43,22.67,302998
2018-05-16 07:00:00,22.61,22.61,22.2,22.26,282692
2018-05-17 07:00:00,23.68,23.68,21.84,21.96,252566
2018-05-18 07:00:00,22.02,22.02,20.84,21.37,668748
2018-05-21 07:00:00,21.78,21.78,20.84,21.01,195556
2018-05-22 07:00:00,21.01,21.01,19.12,19.53,557314
2018-05-23 07:00:00,17.05,19.83,17.05,19.41,466778
2018-05-24 07:00:00,19.53,19.89,18.82,18.94,338763
2018-05-25 07:00:00,19.24,19.24,18.05,18.11,324865
2018-05-28 07:00:00,17.82,18.35,16.1,16.57,926426
2018-05-29 07:00:00,16.57,18.65,15.98,18.29,556700
2018-05-30 07:00:00,18.29,18.29,17.64,17.99,283589
2018-05-31 07:00:00,18.32,18.68,17.89,18.56,420426
2018-06-01 07:00:00,18.44,19.9,18.32,19.41,513214
2018-06-04 07:00:00,19.47,20.14,18.99,20.08,513711
2018-06-05 07:00:00,20.08,20.57,19.96,20.14,404670
2018-06-06 07:00:00,20.2,20.27,19.72,20.14,357759
2018-06-07 07:00:00,20.14,22.15,19.96,21.91,1123039
2018-06-08 07:00:00,21.42,22.94,21.42,22.64,806519
2018-06-11 07:00:00,22.52,22.82,21.97,21.97,577342
2018-06-12 07:00:00,22.15,22.15,20.63,21.42,958014
2018-06-13 07:00:00,21.18,22.09,21.06,21.6,761987
2018-06-14 07:00:00,21.6,21.6,20.69,20.93,492328
2018-06-15 07:00:00,21.12,21.67,20.69,21.42,396057
2018-06-18 07:00:00,21.54,21.54,20.39,20.87,399596
2018-06-19 07:00:00,20.69,20.69,19.47,20.39,754396
2018-06-20 07:00:00,20.39,21.24,19.96,20.87,292314
2018-06-21 07:00:00,20.81,20.87,20.33,20.45,190473
2018-06-22 07:00:00,20.08,20.81,20.08,20.81,218076
2018-06-25 07:00:00,20.69,21.12,20.69,20.93,273398
2018-06-26 07:00:00,21.0,21.0,20.39,20.69,118717
2018-06-27 07:00:00,20.69,20.81,20.45,20.45,269848
2018-06-28 07:00:00,20.39,20.57,20.14,20.33,294530
2018-06-29 07:00:00,20.39,20.57,20.08,20.27,270636
2018-07-02 07:00:00,20.27,20.27,18.87,19.17,471629
2018-07-03 07:00:00,19.17,19.47,18.07,18.26,315334
2018-07-04 07:00:00,18.26,18.5,17.77,18.38,416562
2018-07-05 07:00:00,18.26,18.44,17.65,17.77,280098
2018-07-06 07:00:00,17.77,18.56,17.04,18.26,583650
2018-07-09 07:00:00,18.26,18.68,18.14,18.2,198950
2018-07-10 07:00:00,18.56,18.68,18.26,18.38,113629
2018-07-11 07:00:00,18.07,18.44,18.07,18.2,381772
2018-07-12 07:00:00,18.26,18.26,17.95,18.14,71290
2018-07-13 07:00:00,18.44,18.68,18.38,18.62,258763
2018-07-16 07:00:00,18.74,18.87,18.44,18.5,145817
2018-07-17 07:00:00,18.8,18.87,18.26,18.62,253840
2018-07-18 07:00:00,18.5,19.66,18.5,19.6,397237
2018-07-19 07:00:00,19.6,20.08,19.29,20.08,426120
2018-07-20 07:00:00,20.08,20.57,19.78,20.08,543199
2018-07-23 07:00:00,20.2,20.27,19.6,19.6,345836
2018-07-24 07:00:00,19.47,19.6,19.17,19.41,200935
2018-07-25 07:00:00,19.41,19.78,19.23,19.6,522934
2018-07-26 07:00:00,19.47,19.6,19.35,19.6,274411
2018-07-27 07:00:00,19.54,21.0,19.54,20.93,1455685
2018-07-30 07:00:00,21.0,22.64,21.0,22.33,1140882
2018-07-31 07:00:00,22.21,22.33,21.6,22.03,774431
2018-08-01 07:00:00,22.21,23.37,21.73,22.7,1255731
2018-08-02 07:00:00,22.52,23.61,22.52,23.49,1424712
2018-08-03 07:00:00,23.55,23.55,23.06,23.37,761648
2018-08-06 07:00:00,23.37,23.37,22.64,22.7,751215
2018-08-07 07:00:00,22.64,22.94,22.03,22.09,1030104
2018-08-08 07:00:00,22.09,23.06,22.09,23.0,570142
2018-08-09 07:00:00,23.13,23.43,22.52,22.88,689438
2018-08-10 07:00:00,23.13,23.13,22.33,22.64,545860
2018-08-13 07:00:00,22.64,23.0,22.4,22.46,954940
2018-08-14 07:00:00,22.52,24.28,22.4,24.1,1869184
2018-08-15 07:00:00,24.22,24.65,23.43,23.43,1018762
2018-08-16 07:00:00,23.73,23.98,23.13,23.92,983370
2018-08-17 07:00:00,23.8,24.22,23.67,23.86,902713
2018-08-20 07:00:00,23.92,24.95,23.92,24.53,1066606
2018-08-21 07:00:00,24.59,24.83,24.04,24.34,872740
2018-08-22 07:00:00,24.34,24.65,23.92,23.98,889331
2018-08-23 07:00:00,24.1,24.1,23.61,23.73,915230
2018-08-24 07:00:00,23.73,23.86,23.37,23.86,950361
2018-08-27 07:00:00,23.55,24.1,23.55,23.67,646227
2018-08-28 07:00:00,23.86,23.92,23.67,23.67,473400
2018-08-29 07:00:00,23.8,23.86,23.43,23.61,541130
2018-08-30 07:00:00,23.61,24.16,23.61,24.16,973249
2018-08-31 07:00:00,24.1,24.59,24.1,24.22,1285058
2018-09-04 07:00:00,24.34,24.34,23.55,23.73,554927
2018-09-05 07:00:00,23.73,23.86,23.25,23.43,762301
2018-09-06 07:00:00,23.49,23.49,22.4,22.52,1335612
2018-09-07 07:00:00,22.52,23.06,22.52,23.0,410949
2018-09-10 07:00:00,23.0,23.19,22.82,22.94,269055
2018-09-11 07:00:00,23.0,23.49,22.76,23.49,562060
2018-09-12 07:00:00,23.73,23.73,23.13,23.13,451697
2018-09-13 07:00:00,23.37,23.49,22.88,22.94,627383
2018-09-14 07:00:00,22.94,23.13,22.88,23.06,398367
2018-09-17 07:00:00,23.06,23.06,22.82,22.82,220310
2018-09-18 07:00:00,22.88,23.19,22.46,23.13,366664
2018-09-19 07:00:00,23.13,23.43,23.0,23.13,411982
2018-09-20 07:00:00,23.19,23.61,23.0,23.61,757306
2018-09-21 07:00:00,23.73,24.28,23.55,23.98,1726588
2018-09-24 07:00:00,23.98,25.26,23.86,25.13,2184390
2018-09-25 07:00:00,25.32,25.5,25.01,25.07,960316
2018-09-26 07:00:00,25.26,25.26,24.77,24.83,1376547
2018-09-27 07:00:00,25.01,25.01,24.53,24.77,1278660
2018-09-28 07:00:00,24.95,25.38,24.71,25.13,1004967
2018-10-01 07:00:00,25.07,25.68,24.77,24.95,904188
2018-10-02 07:00:00,24.71,24.95,24.04,24.28,1547015
2018-10-03 07:00:00,24.34,24.34,23.92,23.98,800029
2018-10-04 07:00:00,24.1,24.53,23.98,24.28,419440
2018-10-05 07:00:00,24.28,24.28,23.92,23.98,506215
2018-10-08 07:00:00,24.1,24.1,23.19,23.25,840280
2018-10-09 07:00:00,23.25,23.67,23.19,23.43,460275
2018-10-10 07:00:00,23.43,23.61,23.13,23.37,307188
2018-10-11 07:00:00,23.13,23.13,20.63,21.3,1582622
2018-10-12 07:00:00,21.3,22.4,20.57,22.15,969447
2018-10-15 07:00:00,21.91,22.15,21.54,21.67,451515
2018-10-16 07:00:00,21.48,22.03,21.48,21.91,317482
2018-10-17 07:00:00,22.21,22.46,21.97,21.97,333873
2018-10-18 07:00:00,22.03,22.03,21.42,21.73,421299
2018-10-19 07:00:00,21.6,21.73,21.0,21.67,387780
2018-10-22 07:00:00,21.73,21.79,21.12,21.12,279580
2018-10-23 07:00:00,21.42,21.42,20.08,20.75,548870
2018-10-24 07:00:00,20.69,20.87,20.14,20.27,416077
2018-10-25 07:00:00,20.39,20.39,19.11,19.84,651695
2018-10-26 07:00:00,19.96,20.14,19.54,19.72,419750
2018-10-29 07:00:00,19.72,19.78,19.35,19.47,228412
2018-10-30 07:00:00,19.35,19.72,19.17,19.66,375221
2018-10-31 07:00:00,19.72,20.39,19.72,20.39,404715
2018-11-01 07:00:00,20.45,20.51,19.47,19.66,420533
2018-11-02 07:00:00,19.78,20.08,19.47,20.02,485267
2018-11-05 07:00:00,20.02,20.02,19.41,19.96,389790
2018-11-06 07:00:00,19.96,20.2,19.66,19.84,318645
2018-11-07 07:00:00,19.96,19.96,19.47,19.66,233370
2018-11-08 07:00:00,19.72,20.27,19.72,20.14,585090
2018-11-09 07:00:00,20.14,21.0,20.02,20.45,703370
2018-11-12 07:00:00,20.45,20.51,19.9,20.02,324000
2018-11-13 07:00:00,19.78,19.84,19.35,19.47,989722
2018-11-14 07:00:00,18.87,19.66,18.74,18.93,521550
2018-11-15 07:00:00,19.11,19.11,18.56,18.87,296004
2018-11-16 07:00:00,19.05,19.35,18.99,19.11,237936
2018-11-19 07:00:00,19.11,19.66,19.11,19.66,272695
2018-11-20 07:00:00,18.87,19.41,16.55,19.23,198036
2018-11-21 07:00:00,19.11,20.14,18.93,20.08,611399
2018-11-22 07:00:00,20.08,20.2,19.78,19.9,294915
2018-11-23 07:00:00,19.78,19.96,19.6,19.6,229435
2018-11-26 07:00:00,19.66,20.27,19.47,20.08,514996
2018-11-27 07:00:00,20.2,20.2,19.78,19.84,225315
2018-11-28 07:00:00,19.96,20.14,19.84,19.96,150500
2018-11-29 07:00:00,20.08,20.87,20.08,20.45,1189856
2018-11-30 07:00:00,20.45,21.06,20.2,20.57,277172
2018-12-03 07:00:00,20.69,21.24,20.51,21.12,517134
2018-12-04 07:00:00,21.3,21.36,20.81,21.06,723899
2018-12-05 07:00:00,20.81,21.0,20.57,20.87,397680
2018-12-06 07:00:00,20.39,21.18,20.39,20.93,409544
2018-12-07 07:00:00,21.0,21.48,20.87,21.24,571010
2018-12-10 07:00:00,21.24,21.24,20.75,20.81,295299
2018-12-11 07:00:00,21.0,21.0,20.57,20.69,248953
2018-12-12 07:00:00,20.75,20.93,20.63,20.69,290288
2018-12-13 07:00:00,20.81,21.54,20.63,21.06,512614
2018-12-14 07:00:00,21.06,21.24,20.75,20.81,281137
2018-12-17 07:00:00,20.87,20.87,20.08,20.08,361495
2018-12-18 07:00:00,20.08,20.08,19.66,20.02,451949
2018-12-19 07:00:00,20.2,20.27,19.84,20.2,183140
2018-12-20 07:00:00,20.08,20.2,19.9,20.14,113733
2018-12-21 07:00:00,20.02,20.08,19.84,19.96,237869
2018-12-24 07:00:00,20.14,20.14,19.9,20.08,225323
2018-12-25 07:00:00,19.54,19.72,18.99,19.47,363310
2018-12-26 07:00:00,19.47,20.02,19.47,20.02,248840
2018-12-27 07:00:00,20.33,20.39,20.08,20.14,157415
2018-12-28 07:00:00,20.2,20.33,20.02,20.08,180698
2019-01-02 07:00:00,20.14,22.09,20.14,21.73,1723444
2019-01-03 07:00:00,21.79,22.09,20.87,20.93,679554
2019-01-04 07:00:00,20.93,21.3,20.69,21.18,472287
2019-01-07 07:00:00,21.12,21.73,17.95,21.6,490463
2019-01-08 07:00:00,21.48,21.67,21.3,21.6,607856
2019-01-09 07:00:00,21.67,22.7,21.67,22.52,1719633
2019-01-10 07:00:00,22.46,22.82,22.27,22.58,609390
2019-01-11 07:00:00,22.58,22.7,22.4,22.52,482237
2019-01-14 07:00:00,22.52,22.52,22.09,22.21,482904
2019-01-15 07:00:00,22.21,22.46,22.03,22.4,308714
2019-01-16 07:00:00,22.52,22.82,22.4,22.64,498036
2019-01-17 07:00:00,22.58,22.58,22.46,22.46,477663
2019-01-18 07:00:00,22.52,22.52,21.85,21.91,541819
2019-01-21 07:00:00,21.91,22.4,21.67,22.21,373144
2019-01-22 07:00:00,22.21,23.13,22.09,22.94,1198320
2019-01-23 07:00:00,22.7,23.37,22.7,23.0,572020
2019-01-24 07:00:00,23.06,23.06,22.76,22.82,195290
2019-01-25 07:00:00,22.76,22.82,22.52,22.64,435979
2019-01-28 07:00:00,22.52,22.82,22.52,22.82,226840
2019-01-29 07:00:00,22.76,23.13,22.58,22.94,357285
2019-01-30 07:00:00,22.94,23.49,22.94,23.49,740010
2019-01-31 07:00:00,23.61,23.98,23.43,23.8,854692
2019-02-01 07:00:00,23.67,23.8,23.49,23.73,346548
2019-02-11 07:00:00,23.73,24.28,23.73,24.22,404522
2019-02-12 07:00:00,24.22,24.4,23.92,24.1,764010
2019-02-13 07:00:00,24.04,25.26,24.04,24.95,1358886
2019-02-14 07:00:00,24.95,25.07,23.8,24.71,493193
2019-02-15 07:00:00,24.71,24.77,24.46,24.53,545138
2019-02-18 07:00:00,24.53,25.26,24.16,24.65,758260
2019-02-19 07:00:00,24.59,25.07,22.58,23.37,1861529
2019-02-20 07:00:00,23.49,23.61,22.94,23.19,743986
2019-02-21 07:00:00,23.19,23.73,23.06,23.73,628856
2019-02-22 07:00:00,23.61,23.86,23.13,23.8,982187
2019-02-25 07:00:00,23.67,24.22,23.43,23.55,655181
2019-02-26 07:00:00,23.67,23.86,23.43,23.61,542700
2019-02-27 07:00:00,23.61,24.65,23.61,24.46,1931085
2019-02-28 07:00:00,24.34,24.65,23.86,23.86,1055368
2019-03-01 07:00:00,23.86,24.77,23.86,24.65,1231293
2019-03-04 07:00:00,24.46,26.17,24.46,26.11,2159830
2019-03-05 07:00:00,26.17,28.6,25.74,25.93,1352465
2019-03-06 07:00:00,25.26,26.05,25.26,25.8,815962
2019-03-07 07:00:00,25.68,26.05,25.5,25.56,713115
2019-03-08 07:00:00,25.56,25.56,24.71,24.83,1517915
2019-03-11 07:00:00,24.77,25.13,24.59,24.83,822075
2019-03-12 07:00:00,24.89,25.26,24.83,25.07,1432746
2019-03-13 07:00:00,25.07,25.07,24.77,24.83,1124763
2019-03-14 07:00:00,24.71,25.8,24.71,25.56,1510829
2019-03-15 07:00:00,25.26,25.86,25.26,25.74,1287320
2019-03-18 07:00:00,25.56,26.72,25.56,26.35,2222011
2019-03-19 07:00:00,26.41,26.53,25.56,25.68,1174541
2019-03-20 07:00:00,25.62,25.8,25.2,25.74,930047
2019-03-21 07:00:00,25.56,26.05,24.95,25.07,2197087
2019-03-22 07:00:00,25.2,25.38,24.83,25.26,1009338
2019-03-25 07:00:00,24.95,25.07,24.22,24.71,932690
2019-03-26 07:00:00,24.71,24.95,24.46,24.65,481600
2019-03-27 07:00:00,24.59,25.13,24.59,24.95,931234
2019-03-28 07:00:00,24.89,25.01,24.71,24.95,296111
2019-03-29 07:00:00,24.95,25.32,24.89,24.95,468418
2019-04-01 07:00:00,25.2,25.2,24.89,24.89,485279
2019-04-02 07:00:00,25.07,25.2,24.83,24.89,681023
2019-04-03 07:00:00,24.95,24.95,24.59,24.71,394580
2019-04-04 07:00:00,24.77,25.13,24.71,24.95,593592
2019-04-05 07:00:00,24.95,25.13,24.77,24.95,307187
2019-04-08 07:00:00,24.89,25.13,24.89,25.01,513274
2019-04-09 07:00:00,25.07,25.13,24.53,24.53,894113
2019-04-10 07:00:00,24.65,24.71,23.86,24.04,1040263
2019-04-11 07:00:00,24.16,24.16,23.61,23.8,688483
2019-04-12 07:00:00,23.73,24.95,23.43,24.89,1174325
2019-04-16 07:00:00,24.89,25.26,24.53,25.07,1077679
2019-04-17 07:00:00,24.95,25.07,24.46,24.59,670896
2019-04-18 07:00:00,24.71,24.71,24.22,24.46,635353
2019-04-19 07:00:00,24.53,24.89,24.28,24.71,713845
2019-04-22 07:00:00,24.71,24.89,24.46,24.53,654120
2019-05-07 07:00:00,25.32,25.86,24.65,24.65,1255680
2019-05-08 07:00:00,24.34,24.34,23.92,23.95,514730
2019-05-09 07:00:00,24.28,24.28,23.76,23.83,332280
2019-05-10 07:00:00,23.83,24.13,23.46,23.8,545760
2019-05-13 07:00:00,23.73,24.62,23.43,24.4,759280
2019-05-14 07:00:00,24.16,25.07,24.1,25.07,963990
2019-05-15 07:00:00,25.13,25.38,24.83,24.83,654310
2019-05-16 07:00:00,24.83,24.95,24.71,24.71,271190
2019-05-17 07:00:00,24.89,25.07,24.68,24.71,516050
2019-05-20 07:00:00,24.71,25.1,24.71,25.04,839280
2019-05-21 07:00:00,25.2,25.83,25.2,25.74,2206220
2019-05-22 07:00:00,25.93,26.32,25.62,25.93,1690050
2019-05-23 07:00:00,25.93,26.05,25.8,26.05,830590
2019-05-24 07:00:00,26.05,26.35,25.8,26.08,1508050
2019-05-27 07:00:00,26.08,26.41,25.96,26.41,785510
2019-05-28 07:00:00,26.66,27.39,26.59,27.39,1946040
2019-05-29 07:00:00,27.39,27.39,26.72,27.02,1069250
2019-05-30 07:00:00,27.14,27.57,26.78,27.29,1309010
2019-05-31 07:00:00,27.39,27.61,27.05,27.05,1401520
2019-06-03 07:00:00,26.77,26.77,25.58,25.58,1032910
2019-06-04 07:00:00,26.08,26.08,25.58,25.8,566630
2019-06-05 07:00:00,26.39,26.39,25.89,26.14,463030
2019-06-06 07:00:00,26.08,26.11,25.68,25.83,354600
2019-06-07 07:00:00,26.14,26.89,25.96,26.89,1115580
2019-06-10 07:00:00,27.14,27.14,26.8,26.92,690310
2019-06-11 07:00:00,26.92,27.2,26.77,26.95,769000
2019-06-12 07:00:00,26.95,27.26,26.89,27.01,846880
2019-06-13 07:00:00,26.92,27.01,26.24,26.24,725360
2019-06-14 07:00:00,26.24,26.64,26.08,26.61,519420
2019-06-17 07:00:00,26.52,26.73,25.99,26.27,513740
2019-06-18 07:00:00,26.39,26.45,26.11,26.45,309680
2019-06-19 07:00:00,26.67,27.05,26.58,26.67,580300
2019-06-20 07:00:00,26.67,27.2,26.67,27.14,1009120
2019-06-21 07:00:00,27.33,27.33,26.7,26.89,757270
2019-06-24 07:00:00,27.01,27.01,26.67,26.7,498780
2019-06-25 07:00:00,26.7,26.7,26.27,26.27,1131940
2019-06-26 07:00:00,26.21,26.27,25.86,25.86,1139200
2019-06-27 07:00:00,26.02,26.08,25.65,25.65,822260
2019-06-28 07:00:00,25.65,26.14,25.65,26.14,662860
2019-07-01 07:00:00,26.36,26.39,26.08,26.14,296100
2019-07-02 07:00:00,26.33,26.33,26.02,26.14,296650
2019-07-03 07:00:00,26.14,26.14,25.96,26.02,225240
2019-07-04 07:00:00,26.14,26.36,26.14,26.33,467430
2019-07-05 07:00:00,26.39,26.42,26.24,26.27,466800
2019-07-08 07:00:00,26.17,26.7,26.11,26.7,850800
2019-07-09 07:00:00,26.7,26.77,26.52,26.64,489360
2019-07-10 07:00:00,26.61,27.17,26.61,26.92,1895640
2019-07-11 07:00:00,27.08,27.26,26.8,27.2,1048620
2019-07-12 07:00:00,27.17,27.57,27.11,27.33,1585470
2019-07-15 07:00:00,27.17,27.33,27.17,27.23,584740
2019-07-16 07:00:00,27.29,27.57,26.02,26.21,3059790
2019-07-17 07:00:00,26.21,26.55,26.02,26.45,1039330
2019-07-18 07:00:00,26.21,26.52,26.21,26.45,397910
2019-07-19 07:00:00,26.45,26.45,26.11,26.17,718570
2019-07-22 07:00:00,26.14,26.45,26.11,26.14,553500
2019-07-23 07:00:00,26.14,26.77,26.14,26.58,716430
2019-07-24 07:00:00,26.64,26.7,26.45,26.45,605350
2019-07-25 07:00:00,26.33,26.67,26.33,26.64,462160
2019-07-26 07:00:00,26.7,26.7,26.52,26.61,421020
2019-07-29 07:00:00,26.52,26.52,26.14,26.45,325580
2019-07-30 07:00:00,26.14,26.39,26.08,26.08,477390
2019-07-31 07:00:00,25.93,26.08,25.77,25.93,552290
2019-08-01 07:00:00,25.83,25.96,25.65,25.65,487820
2019-08-02 07:00:00,25.4,25.4,24.77,24.9,949220
2019-08-05 07:00:00,24.9,25.21,24.87,24.93,424610
2019-08-06 07:00:00,24.46,24.84,24.15,24.15,1086940
2019-08-07 07:00:00,24.46,24.59,24.28,24.4,659210
2019-08-08 07:00:00,24.4,24.87,24.28,24.87,321310
2019-08-09 07:00:00,24.59,24.9,24.46,24.49,417620
2019-08-12 07:00:00,24.52,24.84,24.46,24.52,281730
2019-08-13 07:00:00,24.37,24.56,24.31,24.4,347810
2019-08-14 07:00:00,24.52,24.59,24.4,24.4,217170
2019-08-15 07:00:00,23.72,24.4,23.72,24.03,420630
2019-08-16 07:00:00,24.03,24.28,24.03,24.21,326360
2019-08-19 07:00:00,24.4,24.4,24.24,24.31,145610
2019-08-20 07:00:00,24.28,24.56,24.28,24.28,324230
2019-08-21 07:00:00,24.28,24.52,24.28,24.46,365760
2019-08-22 07:00:00,24.59,24.59,24.28,24.28,271630
2019-08-23 07:00:00,24.34,24.34,23.84,24.03,433570
2019-08-26 07:00:00,23.65,24.03,23.25,23.34,632660
2019-08-27 07:00:00,23.4,23.72,22.44,22.44,1169520
2019-08-28 07:00:00,22.44,22.72,22.13,22.13,630220
2019-08-29 07:00:00,22.16,22.6,22.16,22.41,379250
2019-08-30 07:00:00,22.56,22.75,22.41,22.56,336220
2019-09-03 07:00:00,22.72,22.78,22.16,22.41,343430
2019-09-04 07:00:00,22.72,22.41,21.88,21.88,388440
2019-09-05 07:00:00,22.25,22.31,21.88,21.88,306880
2019-09-06 07:00:00,21.91,21.94,21.32,21.35,522990
2019-09-09 07:00:00,21.29,21.41,20.51,20.76,993180
2019-09-10 07:00:00,20.76,20.76,19.92,20.11,1074770
2019-09-11 07:00:00,20.04,20.45,19.98,20.45,508540
2019-09-12 07:00:00,20.54,21.35,20.54,21.29,468280
2019-09-13 07:00:00,21.29,21.47,20.85,21.29,416510
2019-09-16 07:00:00,21.23,21.29,20.67,20.73,504630
2019-09-17 07:00:00,20.73,20.73,20.42,20.54,553770
2019-09-18 07:00:00,20.54,21.04,20.54,20.85,401290
2019-09-19 07:00:00,20.91,21.1,20.85,21.1,249340
2019-09-20 07:00:00,21.1,21.16,20.73,20.76,383340
2019-09-23 07:00:00,20.76,20.79,20.57,20.57,244580
2019-09-24 07:00:00,20.6,20.79,20.57,20.63,194130
2019-09-25 07:00:00,20.63,20.79,20.57,20.67,280240
2019-09-26 07:00:00,20.67,20.7,20.35,20.45,430850
2019-09-27 07:00:00,20.54,20.57,20.39,20.42,224060
2019-09-30 07:00:00,20.45,20.98,20.45,20.91,464990
2019-10-01 07:00:00,20.95,20.95,20.79,20.91,241630
2019-10-02 07:00:00,20.91,20.91,20.54,20.63,364760
2019-10-03 07:00:00,20.29,20.51,20.26,20.42,243500
2019-10-04 07:00:00,20.42,20.88,20.42,20.63,203770
2019-10-07 07:00:00,20.63,20.73,20.32,20.32,181890
2019-10-08 07:00:00,20.51,20.76,20.32,20.76,335530
2019-10-09 07:00:00,20.73,21.72,20.6,21.66,1391720
2019-10-10 07:00:00,21.79,22.41,21.72,22.07,1067610
2019-10-11 07:00:00,21.97,22.07,21.79,21.85,556930
2019-10-14 07:00:00,21.85,21.91,21.69,21.79,506600
2019-10-15 07:00:00,21.85,22.35,21.72,22.22,691580
2019-10-16 07:00:00,22.56,22.56,22.25,22.25,498840
2019-10-17 07:00:00,22.41,22.41,21.94,21.97,310880
2019-10-18 07:00:00,21.85,22.1,21.6,21.6,427470
2019-10-21 07:00:00,21.6,21.6,21.32,21.32,320520
2019-10-22 07:00:00,21.35,21.97,21.35,21.94,311610
2019-10-23 07:00:00,21.94,22.03,21.72,21.72,352990
2019-10-24 07:00:00,21.72,21.97,21.63,21.97,278870
2019-10-25 07:00:00,22.1,22.25,21.97,22.16,360100
2019-10-28 07:00:00,22.16,22.28,21.79,21.85,276140
2019-10-29 07:00:00,21.85,22.03,21.79,21.94,312200
2019-10-30 07:00:00,21.94,22.03,21.85,21.88,351700
2019-10-31 07:00:00,21.79,21.91,21.72,21.79,394190
2019-11-01 07:00:00,21.97,22.75,21.94,22.72,1540650
2019-11-04 07:00:00,22.78,22.78,22.41,22.69,867720
2019-11-05 07:00:00,22.66,22.72,22.47,22.69,406220
2019-11-06 07:00:00,22.63,22.66,22.28,22.35,536950
2019-11-07 07:00:00,22.35,22.6,22.35,22.53,313150
2019-11-08 07:00:00,22.66,22.66,22.41,22.47,264110
2019-11-11 07:00:00,22.6,22.69,22.38,22.38,412590
2019-11-12 07:00:00,22.38,22.6,22.16,22.5,452140
2019-11-13 07:00:00,22.47,22.53,22.28,22.31,299670
2019-11-14 07:00:00,22.35,22.5,22.16,22.16,332150
2019-11-15 07:00:00,22.35,22.35,21.85,21.91,487800
2019-11-18 07:00:00,21.91,22.1,21.57,21.6,276560
2019-11-19 07:00:00,21.57,21.79,21.54,21.63,185980
2019-11-20 07:00:00,21.85,21.85,21.63,21.66,197170
2019-11-21 07:00:00,21.66,21.79,21.6,21.66,216420
2019-11-22 07:00:00,21.66,21.75,21.04,21.04,607680
2019-11-25 07:00:00,20.95,20.98,20.54,20.91,428140
2019-11-26 07:00:00,21.04,21.13,20.91,21.1,198510
2019-11-27 07:00:00,21.1,21.35,21.04,21.35,284510
2019-11-28 07:00:00,21.35,21.6,21.07,21.44,387800
2019-11-29 07:00:00,21.35,21.79,21.35,21.75,330370
2019-12-02 07:00:00,21.79,21.88,21.47,21.85,585250
2019-12-03 07:00:00,21.85,22.07,21.47,22.03,520910
2019-12-04 07:00:00,22.07,22.1,21.91,22.1,292750
2019-12-05 07:00:00,22.1,22.28,22.1,22.25,456310
2019-12-06 07:00:00,22.25,22.28,21.88,21.88,582610
2019-12-09 07:00:00,21.6,21.88,21.47,21.57,226580
2019-12-10 07:00:00,21.66,21.66,21.23,21.29,152340
2019-12-11 07:00:00,21.23,21.35,21.13,21.23,137730
2019-12-12 07:00:00,21.47,21.54,21.26,21.54,154360
2019-12-13 07:00:00,21.54,21.79,21.54,21.54,120870
2019-12-16 07:00:00,21.54,21.63,21.26,21.29,159640
2019-12-17 07:00:00,21.38,21.38,21.04,21.04,242640
2019-12-18 07:00:00,21.16,21.16,20.63,20.73,269700
2019-12-19 07:00:00,20.73,21.35,20.57,21.29,219280
2019-12-20 07:00:00,21.47,21.47,21.04,21.07,99440
2019-12-23 07:00:00,21.16,21.44,21.07,21.38,193480
2019-12-24 07:00:00,21.44,21.47,21.04,21.16,161890
2019-12-25 07:00:00,21.04,21.32,21.04,21.29,131980
2019-12-26 07:00:00,21.29,21.35,21.1,21.1,90240
2019-12-27 07:00:00,21.1,21.16,21.04,21.1,286840
2019-12-30 07:00:00,21.16,21.47,21.1,21.1,339280
2019-12-31 07:00:00,21.1,21.1,20.67,21.01,490540
2020-01-02 07:00:00,21.01,21.38,20.85,21.35,134600
2020-01-03 07:00:00,21.47,21.47,21.13,21.23,151600
2020-01-06 07:00:00,21.23,21.23,20.79,20.85,176000
2020-01-07 07:00:00,20.91,20.98,20.6,20.82,108420
2020-01-08 07:00:00,20.54,20.73,20.23,20.23,386610
2020-01-09 07:00:00,20.54,20.67,20.29,20.29,199950
2020-01-10 07:00:00,20.45,20.45,20.23,20.29,161600
2020-01-13 07:00:00,20.29,20.39,20.26,20.29,127840
2020-01-14 07:00:00,20.29,20.35,19.86,20.04,262760
2020-01-15 07:00:00,19.95,20.04,19.79,19.83,247290
2020-01-16 07:00:00,19.92,20.54,19.86,20.54,241750
2020-01-17 07:00:00,20.54,20.54,20.26,20.26,155850
2020-01-20 07:00:00,20.26,20.35,19.98,20.01,158270
2020-01-21 07:00:00,20.23,20.51,20.07,20.39,225710
2020-01-22 07:00:00,20.39,20.42,20.29,20.42,129780
2020-01-30 07:00:00,19.23,19.98,19.02,19.02,1031650
2020-01-31 07:00:00,18.11,18.24,17.71,17.71,1098740
2020-02-03 07:00:00,16.5,17.06,16.5,16.81,1041750
2020-02-04 07:00:00,17.21,17.21,16.25,16.62,1066590
2020-02-05 07:00:00,16.81,16.84,16.46,16.5,661210
2020-02-06 07:00:00,16.21,16.5,16.18,16.43,1565540
2020-02-07 07:00:00,16.68,17.43,16.62,17.43,1155030
2020-02-10 07:00:00,17.43,17.43,16.87,16.99,411790
2020-02-11 07:00:00,16.84,17.06,16.84,16.93,487720
2020-02-12 07:00:00,16.93,17.43,16.93,17.37,729410
2020-02-13 07:00:00,16.93,17.43,16.93,17.12,671580
2020-02-14 07:00:00,17.3,17.34,16.93,16.96,437250
2020-02-17 07:00:00,16.81,16.81,16.5,16.59,711840
2020-02-18 07:00:00,16.65,17.12,16.62,16.74,468930
2020-02-19 07:00:00,16.99,16.99,16.74,16.74,279240
2020-02-20 07:00:00,16.87,17.12,16.74,16.81,509880
2020-02-21 07:00:00,16.71,16.74,16.5,16.74,668070
2020-02-24 07:00:00,16.43,16.62,15.59,15.59,1136480
2020-02-25 07:00:00,14.66,15.13,14.66,14.88,970060
2020-02-26 07:00:00,14.81,14.81,14.32,14.38,1109560
2020-02-27 07:00:00,14.32,14.88,14.32,14.63,674960
2020-02-28 07:00:00,14.57,14.57,14.25,14.32,783100
2020-03-02 07:00:00,14.25,14.25,13.6,13.82,1300540
2020-03-03 07:00:00,14.01,14.32,14.01,14.13,789840
2020-03-04 07:00:00,14.13,15.09,14.07,15.09,1625180
2020-03-05 07:00:00,15.44,16.12,15.19,16.06,2161890
2020-03-06 07:00:00,15.87,15.9,15.44,15.53,782600
2020-03-09 07:00:00,14.47,14.57,14.47,14.47,1236390
2020-03-10 07:00:00,13.48,14.5,13.48,14.32,1358740
2020-03-11 07:00:00,14.57,14.57,13.79,14.04,945960
2020-03-12 07:00:00,13.51,13.69,13.07,13.07,1190690
2020-03-13 07:00:00,12.45,13.07,12.17,12.95,942390
2020-03-16 07:00:00,12.95,13.07,12.57,12.82,432720
2020-03-17 07:00:00,12.7,13.2,12.45,13.2,746910
2020-03-18 07:00:00,13.2,13.38,12.88,12.95,782900
2020-03-19 07:00:00,12.76,12.88,12.32,12.39,1030030
2020-03-20 07:00:00,12.32,12.7,12.32,12.39,739420
2020-03-23 07:00:00,12.32,12.32,11.55,11.55,1101930
2020-03-24 07:00:00,11.3,11.58,10.89,11.39,716080
2020-03-25 07:00:00,11.67,12.01,11.64,12.01,810880
2020-03-26 07:00:00,12.01,12.26,11.7,12.04,562310
2020-03-27 07:00:00,11.89,12.45,11.89,12.01,808780
2020-03-30 07:00:00,11.52,11.76,11.2,11.27,998870
2020-03-31 07:00:00,11.7,11.7,11.08,11.08,1126200
2020-04-01 07:00:00,11.08,11.61,11.05,11.52,1344060
2020-04-03 07:00:00,11.52,12.01,11.52,12.01,826490
2020-04-06 07:00:00,12.32,12.85,12.32,12.85,1510090
2020-04-07 07:00:00,13.07,13.32,12.45,12.64,1547550
2020-04-08 07:00:00,12.01,12.39,11.95,12.32,987730
2020-04-09 07:00:00,12.32,12.98,12.2,12.85,1629860
2020-04-10 07:00:00,13.07,13.73,12.79,13.73,2440190
2020-04-13 07:00:00,14.66,14.66,14.32,14.66,1751120
2020-04-14 07:00:00,15.44,15.44,13.69,14.6,2779780
2020-04-15 07:00:00,14.13,15.13,14.01,15.06,1763390
2020-04-16 07:00:00,15.06,15.25,14.81,15.16,1633830
2020-04-17 07:00:00,15.25,16.15,15.22,16.09,2561940
2020-04-20 07:00:00,16.5,17.21,16.37,17.21,3756320
2020-04-21 07:00:00,17.21,18.05,16.5,16.93,3415200
2020-04-22 07:00:00,16.93,17.12,16.18,16.93,1530240
2020-04-23 07:00:00,17.74,17.74,17.18,17.3,1520660
2020-04-24 07:00:00,17.3,17.3,16.78,17.02,1101860
2020-04-27 07:00:00,17.06,17.12,16.5,16.53,1365730
2020-04-28 07:00:00,16.53,16.53,15.93,16.25,1154220
2020-04-29 07:00:00,16.74,16.87,16.31,16.74,887800
2020-05-04 07:00:00,16.62,16.71,16.25,16.25,573850
2020-05-05 07:00:00,16.18,16.37,15.93,16.18,649350
2020-05-06 07:00:00,16.18,16.43,16.03,16.43,797520
2020-05-07 07:00:00,16.65,16.81,16.56,16.62,725660
2020-05-08 07:00:00,16.68,16.99,16.62,16.78,1244600
2020-05-11 07:00:00,16.74,16.81,16.65,16.74,938070
2020-05-12 07:00:00,16.74,16.81,16.59,16.78,989670
2020-05-13 07:00:00,16.78,17.55,16.68,17.4,2738210
2020-05-14 07:00:00,17.3,17.43,17.24,17.24,1099110
2020-05-15 07:00:00,17.21,17.3,16.87,17.02,729330
2020-05-18 07:00:00,16.99,16.99,16.5,16.71,1173050
2020-05-19 07:00:00,17.06,17.3,16.84,16.84,946220
2020-05-20 07:00:00,17.12,17.12,16.87,16.96,741240
2020-05-21 07:00:00,16.99,17.15,16.93,16.99,660700
2020-05-22 07:00:00,17.02,17.06,16.74,16.74,961980
2020-05-25 07:00:00,16.78,16.78,16.56,16.68,687010
2020-05-26 07:00:00,16.74,17.06,16.71,17.02,1307740
2020-05-27 07:00:00,17.37,17.74,17.37,17.43,4179840
2020-05-28 07:00:00,17.43,17.55,17.21,17.3,779720
2020-05-29 07:00:00,17.24,17.24,16.99,17.12,849850
2020-06-01 07:00:00,17.62,17.62,17.12,17.24,1088590
2020-06-02 07:00:00,17.24,17.34,17.09,17.09,933450
2020-06-03 07:00:00,17.09,17.09,16.93,17.02,534160
2020-06-04 07:00:00,17.3,17.65,17.02,17.34,1782690
2020-06-05 07:00:00,17.43,17.86,17.3,17.58,2174220
2020-06-08 07:00:00,17.74,17.99,17.74,17.9,2200190
2020-06-09 07:00:00,18.05,18.95,17.99,18.77,3082330
2020-06-10 07:00:00,18.8,18.83,18.18,18.61,1710790
2020-06-11 07:00:00,18.67,18.67,17.43,17.43,2610590
2020-06-12 07:00:00,16.87,17.43,16.87,17.3,2078150
2020-06-15 07:00:00,16.99,17.43,16.5,16.93,2156210
2020-06-16 07:00:00,16.93,17.46,16.93,17.43,830710
2020-06-17 07:00:00,17.62,17.62,17.21,17.4,995810
2020-06-18 07:00:00,17.3,17.3,17.09,17.15,478230
2020-06-19 07:00:00,17.12,17.18,16.93,17.02,637820
2020-06-22 07:00:00,16.96,16.96,16.65,16.81,872120
2020-06-23 07:00:00,16.81,17.18,16.74,16.87,531200
2020-06-24 07:00:00,16.93,16.99,16.81,16.81,333470
2020-06-25 07:00:00,16.5,16.81,16.5,16.62,455080
2020-06-26 07:00:00,16.74,16.87,16.37,16.37,671180
2020-06-29 07:00:00,16.37,16.37,15.34,15.5,860600
2020-06-30 07:00:00,15.62,16.18,15.53,15.62,576000
2020-07-01 07:00:00,15.62,16.09,15.62,16.0,280530
2020-07-02 07:00:00,16.18,16.18,15.93,15.93,258190
2020-07-03 07:00:00,16.06,16.31,16.06,16.12,213820
2020-07-06 07:00:00,16.18,16.37,16.12,16.18,208620
2020-07-07 07:00:00,16.18,16.5,16.18,16.34,450690
2020-07-08 07:00:00,16.37,16.53,16.34,16.37,345230
2020-07-09 07:00:00,16.37,16.68,16.37,16.56,365740
2020-07-10 07:00:00,16.56,16.56,16.28,16.43,389310
2020-07-13 07:00:00,16.4,16.5,16.31,16.34,278810
2020-07-14 07:00:00,16.34,16.5,16.31,16.43,283090
2020-07-15 07:00:00,16.56,16.56,16.37,16.46,243980
2020-07-16 07:00:00,16.5,16.53,16.4,16.4,259920
2020-07-17 07:00:00,16.43,16.43,16.25,16.31,241890
2020-07-20 07:00:00,16.31,16.4,16.18,16.18,257240
2020-07-21 07:00:00,16.18,16.31,16.03,16.12,225820
2020-07-22 07:00:00,16.25,16.25,16.06,16.06,162030
2020-07-23 07:00:00,16.06,16.18,16.06,16.06,203920
2020-07-24 07:00:00,16.06,16.15,14.94,15.16,898830
2020-07-27 07:00:00,14.1,14.13,14.1,14.1,844630
2020-07-28 07:00:00,13.2,14.32,13.2,14.32,1314370
2020-07-29 07:00:00,13.48,13.94,13.32,13.48,1210250
2020-07-30 07:00:00,13.48,13.91,13.48,13.69,513710
2020-07-31 07:00:00,13.51,13.57,13.23,13.51,421410
2020-08-03 07:00:00,13.38,13.88,13.26,13.88,568280
2020-08-04 07:00:00,13.94,14.38,13.94,14.35,820570
2020-08-05 07:00:00,14.57,15.03,14.44,14.94,925870
2020-08-06 07:00:00,14.94,14.94,14.44,14.78,773860
2020-08-07 07:00:00,14.44,14.75,14.44,14.72,389600
2020-08-10 07:00:00,14.75,14.94,14.69,14.72,544400
2020-08-11 07:00:00,14.75,14.94,14.63,14.66,562500
2020-08-12 07:00:00,14.72,15.09,14.72,14.97,948460
2020-08-13 07:00:00,15.13,15.56,15.0,15.56,719630
2020-08-14 07:00:00,15.56,15.56,15.25,15.31,560450
2020-08-17 07:00:00,15.31,15.31,14.81,15.0,658400
2020-08-18 07:00:00,15.0,15.25,14.97,15.0,253430
2020-08-19 07:00:00,15.0,15.22,15.0,15.13,194430
2020-08-20 07:00:00,15.13,15.13,14.88,15.0,430960
2020-08-21 07:00:00,15.03,15.09,14.97,15.06,331710
2020-08-24 07:00:00,15.25,15.25,15.09,15.22,679010
2020-08-25 07:00:00,15.31,15.5,15.22,15.44,759750
2020-08-26 07:00:00,15.53,15.53,15.34,15.37,471370
2020-08-27 07:00:00,15.31,15.41,15.13,15.31,462700
2020-08-28 07:00:00,15.5,15.5,15.22,15.34,631340
2020-08-31 07:00:00,15.62,16.12,15.56,16.0,1369150
2020-09-01 07:00:00,16.31,16.56,16.18,16.5,1425850
2020-09-03 07:00:00,16.81,16.81,16.18,16.43,1279610
2020-09-04 07:00:00,16.06,16.31,15.87,16.31,1125480
2020-09-07 07:00:00,16.43,16.59,16.31,16.31,954110
2020-09-08 07:00:00,16.43,16.46,16.18,16.31,320450
2020-09-09 07:00:00,16.18,16.31,16.12,16.31,286550
2020-09-10 07:00:00,16.43,16.46,16.28,16.31,465920
2020-09-11 07:00:00,16.34,16.34,16.25,16.31,350280
2020-09-14 07:00:00,16.37,16.96,16.37,16.96,1593440
2020-09-15 07:00:00,16.99,16.99,16.59,16.78,1011440
2020-09-16 07:00:00,16.93,16.99,16.74,16.74,624310
2020-09-17 07:00:00,16.74,16.78,16.68,16.68,614640
2020-09-18 07:00:00,16.68,16.74,16.65,16.71,375150
2020-09-21 07:00:00,16.71,16.81,16.71,16.71,714820
2020-09-22 07:00:00,16.5,16.68,16.5,16.59,324540
2020-09-23 07:00:00,16.74,16.78,16.65,16.71,362250
2020-09-24 07:00:00,16.68,16.71,16.62,16.65,409270
2020-09-25 07:00:00,16.65,16.71,16.59,16.62,320370
2020-09-28 07:00:00,16.59,16.68,16.59,16.62,469570
2020-09-29 07:00:00,16.62,16.74,16.59,16.65,916640
2020-09-30 07:00:00,16.62,16.68,16.53,16.62,343720
2020-10-01 07:00:00,16.68,17.12,16.68,16.99,1559450
2020-10-02 07:00:00,16.99,16.99,16.37,16.71,929580
2020-10-05 07:00:00,16.74,16.99,16.74,16.87,484960
2020-10-06 07:00:00,16.87,16.93,16.68,16.74,550300
2020-10-07 07:00:00,16.5,16.71,16.5,16.59,466110
2020-10-08 07:00:00,16.59,16.68,16.53,16.59,499750
2020-10-09 07:00:00,16.62,16.65,16.56,16.62,383110
2020-10-12 07:00:00,16.62,16.65,16.4,16.4,637920
2020-10-13 07:00:00,16.43,16.5,16.34,16.34,348660
2020-10-14 07:00:00,16.31,16.5,16.31,16.34,409830
2020-10-15 07:00:00,16.37,16.37,16.18,16.34,461430
2020-10-16 07:00:00,16.34,16.34,16.18,16.21,447420
2020-10-19 07:00:00,16.25,16.34,16.21,16.25,255690
2020-10-20 07:00:00,16.18,16.18,15.93,15.97,739960
2020-10-21 07:00:00,15.97,16.03,15.69,15.75,596180
2020-10-22 07:00:00,15.72,15.93,15.72,15.9,394600
2020-10-23 07:00:00,16.0,16.12,16.0,16.06,283830
2020-10-26 07:00:00,16.12,16.12,16.0,16.0,271330
2020-10-27 07:00:00,15.93,16.0,15.78,15.84,265650
2020-10-28 07:00:00,15.75,15.75,15.37,15.37,463260
2020-10-29 07:00:00,14.94,15.5,14.94,15.31,376600
2020-10-30 07:00:00,15.34,15.5,15.34,15.47,174420
2020-11-02 07:00:00,15.47,15.5,15.31,15.37,105160
2020-11-03 07:00:00,15.37,15.56,15.37,15.56,253640
2020-11-04 07:00:00,15.62,15.72,15.47,15.72,264860
2020-11-05 07:00:00,15.72,15.84,15.62,15.65,124400
2020-11-06 07:00:00,15.65,15.69,15.44,15.5,170030
2020-11-09 07:00:00,15.5,16.18,15.5,16.18,578530
2020-11-10 07:00:00,17.3,17.3,16.81,17.12,3518100
2020-11-11 07:00:00,17.18,17.18,16.68,16.81,875460
2020-11-12 07:00:00,16.81,16.87,16.53,16.68,576710
2020-11-13 07:00:00,16.5,16.9,16.4,16.9,1459130
2020-11-16 07:00:00,17.06,17.06,16.62,16.68,921370
2020-11-17 07:00:00,16.87,16.93,16.81,16.87,821070
2020-11-18 07:00:00,17.37,17.37,16.93,16.99,2813620
2020-11-19 07:00:00,16.99,16.99,16.74,16.81,763200
2020-11-20 07:00:00,16.74,17.02,16.62,16.93,977970
2020-11-23 07:00:00,16.99,17.02,16.71,16.81,673760
2020-11-24 07:00:00,16.81,16.9,16.65,16.65,982590
2020-11-25 07:00:00,16.68,16.81,16.68,16.71,657860
2020-11-26 07:00:00,16.71,16.74,16.56,16.62,449000
2020-11-27 07:00:00,16.62,16.68,16.62,16.65,334760
2020-11-30 07:00:00,16.65,16.93,16.62,16.62,806660
2020-12-01 07:00:00,15.93,16.46,15.93,16.46,790900
2020-12-02 07:00:00,16.21,16.37,16.21,16.31,807120
2020-12-03 07:00:00,16.28,16.31,16.21,16.28,587680
2020-12-04 07:00:00,16.28,16.5,16.28,16.43,483950
2020-12-07 07:00:00,16.5,16.59,16.46,16.56,563080
2020-12-08 07:00:00,16.68,16.68,16.53,16.59,539900
2020-12-09 07:00:00,16.62,16.84,16.62,16.71,793890
2020-12-10 07:00:00,16.81,16.81,16.5,16.53,683250
2020-12-11 07:00:00,16.62,17.12,16.56,17.09,2357600
2020-12-14 07:00:00,17.34,17.34,17.12,17.24,1550880
2020-12-15 07:00:00,17.12,17.37,17.06,17.24,1228820
2020-12-16 07:00:00,17.18,17.96,17.12,17.74,1920380
2020-12-17 07:00:00,17.65,17.86,17.37,17.43,1586160
2020-12-18 07:00:00,17.46,17.68,17.46,17.52,942350
2020-12-21 07:00:00,17.55,17.62,17.46,17.58,1802010
2020-12-22 07:00:00,17.43,17.55,17.3,17.46,1207330
2020-12-23 07:00:00,17.49,17.52,17.24,17.27,1552100
2020-12-24 07:00:00,17.27,17.37,16.12,17.02,1157430
2020-12-25 07:00:00,17.3,17.68,16.96,17.52,1618240
2020-12-28 07:00:00,18.05,18.05,17.43,17.52,1556300
2020-12-29 07:00:00,17.52,17.68,17.34,17.62,1277340
2020-12-30 07:00:00,17.62,17.99,17.62,17.65,1104710
2020-12-31 07:00:00,17.65,17.77,17.58,17.62,742640
2021-01-04 07:00:00,17.74,17.99,17.62,17.77,1966600
2021-01-05 07:00:00,17.62,17.74,17.58,17.62,1310800
2021-01-06 07:00:00,17.62,17.62,17.43,17.52,1150000
2021-01-07 07:00:00,17.74,18.02,17.52,17.8,1668700
2021-01-08 07:00:00,17.93,18.3,17.93,18.18,2478600
2021-01-11 07:00:00,19.42,19.42,19.05,19.42,2407600
2021-01-12 07:00:00,20.17,20.17,19.89,19.92,2311500
2021-01-13 07:00:00,19.92,19.92,19.36,19.36,2170500
2021-01-14 07:00:00,19.39,19.42,18.95,19.17,1864700
2021-01-15 07:00:00,19.23,19.55,19.17,19.2,1423200
2021-01-18 07:00:00,19.2,19.23,19.05,19.08,1523800
2021-01-19 07:00:00,19.02,19.02,17.77,17.8,1713800
2021-01-20 07:00:00,17.8,18.18,16.84,17.86,1204200
2021-01-21 07:00:00,18.05,18.36,18.05,18.33,1008300
2021-01-22 07:00:00,18.36,18.49,18.05,18.18,1001700
2021-01-25 07:00:00,18.05,18.36,18.05,18.11,651900
2021-01-26 07:00:00,18.11,18.18,17.3,17.49,905900
2021-01-27 07:00:00,17.43,17.43,16.84,16.96,1005700
2021-01-28 07:00:00,15.81,16.06,15.78,15.78,1638500
2021-01-29 07:00:00,14.75,16.87,14.75,16.09,1063900
2021-02-01 07:00:00,16.12,16.18,15.62,15.62,748100
2021-02-02 07:00:00,15.69,15.75,15.25,15.75,570500
2021-02-03 07:00:00,15.84,16.34,15.84,16.28,530100
2021-02-04 07:00:00,16.18,16.56,16.18,16.25,529900
2021-02-05 07:00:00,16.31,16.56,16.31,16.5,433300
2021-02-08 07:00:00,16.5,16.5,15.37,15.9,820100
2021-02-09 07:00:00,15.9,16.4,15.87,16.4,446800
2021-02-17 07:00:00,16.43,16.96,16.43,16.96,680200
2021-02-18 07:00:00,16.99,16.99,16.78,16.96,837900
2021-02-19 07:00:00,16.81,16.93,16.59,16.74,1482400
2021-02-22 07:00:00,17.02,17.18,16.87,17.12,1278800
2021-02-23 07:00:00,17.12,17.93,17.12,17.8,1423300
2021-02-24 07:00:00,18.05,18.24,17.62,17.93,1925300
2021-02-25 07:00:00,18.24,18.36,17.93,18.05,1601700
2021-02-26 07:00:00,17.86,18.83,17.68,18.64,2176900
2021-03-01 07:00:00,18.86,19.58,18.8,19.55,2520200
2021-03-02 07:00:00,19.98,19.98,18.98,19.48,2010900
2021-03-03 07:00:00,19.3,19.3,18.98,19.23,1388500
2021-03-04 07:00:00,19.23,19.23,18.55,18.61,1615200
2021-03-05 07:00:00,18.52,19.17,18.18,19.08,1307800
2021-03-08 07:00:00,19.55,19.55,18.83,18.95,1311600
2021-03-09 07:00:00,18.67,18.92,18.55,18.77,920400
2021-03-10 07:00:00,18.64,19.17,18.61,19.17,1190200
2021-03-11 07:00:00,19.3,19.42,19.05,19.11,1396000
2021-03-12 07:00:00,19.17,19.17,18.95,18.95,693100
2021-03-15 07:00:00,18.95,19.02,18.74,18.8,1081900
2021-03-16 07:00:00,18.8,19.23,18.67,18.86,1295600
2021-03-17 07:00:00,18.86,19.3,18.86,19.17,1251700
2021-03-18 07:00:00,19.42,20.23,19.36,20.17,3907200
2021-03-19 07:00:00,20.17,21.16,19.98,20.88,3332500
2021-03-22 07:00:00,20.88,21.07,20.63,20.85,1803600
2021-03-23 07:00:00,20.54,20.76,20.23,20.29,2279800
2021-03-24 07:00:00,19.92,20.17,19.61,19.61,2220800
2021-03-25 07:00:00,19.79,20.6,19.61,20.14,1543100
2021-03-26 07:00:00,19.92,20.14,19.55,19.92,1505700
2021-03-29 07:00:00,20.54,20.54,20.23,20.42,1075200
2021-03-30 07:00:00,20.45,20.48,20.17,20.29,997400
2021-03-31 07:00:00,20.2,20.6,20.11,20.32,1253300
2021-04-01 07:00:00,20.6,21.07,20.54,21.04,2190000
2021-04-02 07:00:00,21.16,21.29,20.85,20.88,1254000
2021-04-05 07:00:00,20.98,21.16,20.73,20.79,1202900
2021-04-06 07:00:00,20.67,20.79,20.48,20.57,1453000
2021-04-07 07:00:00,20.54,20.54,20.39,20.54,948200
2021-04-08 07:00:00,20.54,20.85,20.54,20.73,851000
2021-04-09 07:00:00,20.73,20.79,20.63,20.63,710600
2021-04-12 07:00:00,20.11,20.48,20.11,20.42,2002500
2021-04-13 07:00:00,20.35,20.42,19.92,19.95,1076200
2021-04-14 07:00:00,19.7,19.92,19.61,19.92,884100
2021-04-15 07:00:00,19.92,19.98,19.61,19.67,831400
2021-04-16 07:00:00,19.67,19.92,18.95,19.3,1212200
2021-04-19 07:00:00,19.42,19.58,18.86,19.26,1165100
2021-04-20 07:00:00,19.26,19.58,19.14,19.42,796300
2021-04-22 07:00:00,19.42,19.42,18.8,18.8,1080800
2021-04-23 07:00:00,18.67,18.8,18.42,18.8,860800
2021-04-26 07:00:00,18.8,18.8,17.49,17.93,1106400
2021-04-27 07:00:00,17.93,17.99,17.49,17.9,790800
2021-04-28 07:00:00,17.9,18.05,17.74,17.93,528100
2021-04-29 07:00:00,17.93,18.18,17.93,18.05,466300
2021-05-04 07:00:00,16.81,18.05,16.81,16.99,1477900
2021-05-05 07:00:00,17.24,17.43,17.24,17.43,693200
2021-05-06 07:00:00,17.43,17.74,17.3,17.3,637400
2021-05-07 07:00:00,17.3,17.3,16.81,16.93,1021800
2021-05-10 07:00:00,16.5,16.74,16.5,16.56,1107600
2021-05-11 07:00:00,16.81,17.37,16.81,17.18,768900
2021-05-12 07:00:00,17.18,17.43,17.12,17.37,432100
2021-05-13 07:00:00,17.15,17.4,16.81,16.99,627100
2021-05-14 07:00:00,16.99,17.12,16.87,16.99,925400
2021-05-17 07:00:00,17.12,17.24,16.93,17.02,468800
2021-05-18 07:00:00,17.02,17.06,16.84,16.87,555900
2021-05-19 07:00:00,17.18,17.18,16.59,16.62,698600
2021-05-20 07:00:00,16.25,16.81,16.06,16.12,1289500
2021-05-21 07:00:00,15.87,16.78,15.87,16.65,1103900
2021-05-24 07:00:00,16.65,17.12,16.65,16.78,631600
2021-05-25 07:00:00,16.78,16.81,16.53,16.62,579300
2021-05-26 07:00:00,16.62,16.74,16.31,16.5,625600
2021-05-27 07:00:00,16.43,16.5,16.18,16.25,572900
2021-05-28 07:00:00,16.25,16.43,16.21,16.31,493800
2021-05-31 07:00:00,16.18,16.28,16.06,16.09,707200
2021-06-01 07:00:00,16.06,16.09,15.93,15.97,750100
2021-06-02 07:00:00,16.0,17.06,15.87,17.06,1603400
2021-06-03 07:00:00,17.06,17.09,16.68,16.81,1146200
2021-06-04 07:00:00,16.5,16.68,16.46,16.56,863700
2021-06-07 07:00:00,16.56,16.62,16.4,16.56,1276500
2021-06-08 07:00:00,16.93,17.12,16.68,16.87,1617100
2021-06-09 07:00:00,16.87,17.02,16.81,17.02,1021800
2021-06-10 07:00:00,16.99,16.99,16.74,16.81,648800
2021-06-11 07:00:00,16.84,17.74,16.5,17.74,1465900
2021-06-14 07:00:00,17.86,17.86,17.37,17.43,1260700
2021-06-15 07:00:00,17.43,17.62,17.4,17.46,872200
2021-06-16 07:00:00,17.46,17.49,17.12,17.15,1255600
2021-06-17 07:00:00,16.25,16.81,16.25,16.74,1447800
2021-06-18 07:00:00,16.74,17.06,16.56,16.87,1107900
2021-06-21 07:00:00,16.81,17.43,16.68,17.24,1281500
2021-06-22 07:00:00,17.62,17.62,17.15,17.15,1071800
2021-06-23 07:00:00,17.15,17.15,16.87,16.93,693800
2021-06-24 07:00:00,16.87,17.12,16.81,16.9,747300
2021-06-25 07:00:00,16.93,17.09,16.9,16.96,448900
2021-06-28 07:00:00,17.15,17.15,16.87,16.93,575800
2021-06-29 07:00:00,16.96,17.24,16.87,17.21,1026500
2021-06-30 07:00:00,17.21,17.21,17.06,17.18,573500
2021-07-01 07:00:00,17.18,17.21,16.96,17.18,504600
2021-07-02 07:00:00,17.18,17.18,16.93,17.06,532100
2021-07-05 07:00:00,16.99,17.06,16.74,16.81,717200
2021-07-06 07:00:00,16.81,16.84,16.5,16.5,568100
2021-07-07 07:00:00,16.43,16.5,15.87,16.21,725600
2021-07-08 07:00:00,16.21,16.62,16.21,16.37,457700
2021-07-09 07:00:00,16.37,16.37,16.12,16.25,539700
2021-07-12 07:00:00,16.18,16.25,15.25,15.5,871000
2021-07-13 07:00:00,15.62,16.06,15.62,15.9,388200
2021-07-14 07:00:00,16.37,16.5,15.9,16.0,398900
2021-07-15 07:00:00,16.03,16.18,16.03,16.15,241400
2021-07-16 07:00:00,16.21,16.21,15.87,15.87,457600
2021-07-19 07:00:00,15.56,15.62,14.88,14.94,810100
2021-07-20 07:00:00,15.25,15.28,14.97,15.25,358300
2021-07-21 07:00:00,15.44,15.65,15.31,15.56,268200
2021-07-22 07:00:00,15.56,15.75,15.56,15.69,264600
2021-07-23 07:00:00,15.56,15.56,15.25,15.25,668500
2021-07-26 07:00:00,14.94,15.25,14.94,14.97,652900
2021-07-27 07:00:00,15.13,15.13,14.97,15.03,784000
2021-07-28 07:00:00,14.81,15.0,14.69,14.81,1268800
2021-07-29 07:00:00,15.6,15.84,15.6,15.84,505600
2021-07-30 07:00:00,16.94,16.94,16.94,16.94,412300
2021-08-02 07:00:00,18.12,18.12,17.34,17.93,2559800
2021-08-03 07:00:00,17.93,17.97,17.41,17.53,787600
2021-08-04 07:00:00,17.41,17.53,17.18,17.18,946800
2021-08-05 07:00:00,16.94,17.14,16.71,17.06,1013400
2021-08-06 07:00:00,17.1,17.3,17.02,17.1,805600
2021-08-09 07:00:00,17.02,17.02,16.74,16.82,788200
2021-08-10 07:00:00,16.82,16.94,16.78,16.94,597000
2021-08-11 07:00:00,16.94,17.41,16.86,17.18,897600
2021-08-12 07:00:00,17.02,17.3,17.02,17.1,473500
2021-08-13 07:00:00,17.18,17.3,16.94,16.98,573600
2021-08-16 07:00:00,16.94,16.98,16.78,16.94,590000
2021-08-17 07:00:00,16.94,16.98,16.86,16.86,440200
2021-08-18 07:00:00,16.86,16.86,16.71,16.78,564100
2021-08-19 07:00:00,16.71,16.74,16.63,16.74,467300
2021-08-20 07:00:00,16.67,16.71,16.39,16.43,774300
2021-08-23 07:00:00,16.43,16.43,16.15,16.19,538100
2021-08-24 07:00:00,16.08,16.23,15.96,16.08,489100
2021-08-25 07:00:00,16.15,16.67,16.11,16.67,432700
2021-08-26 07:00:00,16.78,16.78,16.63,16.71,352800
2021-08-27 07:00:00,16.71,16.71,16.47,16.67,346200
2021-08-30 07:00:00,16.71,17.1,16.67,16.94,680000
2021-08-31 07:00:00,16.9,16.9,16.55,16.63,586800
2021-09-01 07:00:00,16.31,16.63,16.23,16.51,692200
2021-09-06 07:00:00,16.51,17.18,16.51,16.98,1082900
2021-09-07 07:00:00,17.02,17.49,17.02,17.41,1483900
2021-09-08 07:00:00,17.73,17.97,17.34,17.65,1438400
2021-09-09 07:00:00,17.69,18.87,17.69,18.87,2369400
2021-09-10 07:00:00,20.02,20.05,19.38,19.74,3492400
2021-09-13 07:00:00,19.78,21.12,19.78,21.12,3733800
2021-09-14 07:00:00,22.54,22.58,22.5,22.58,3343700
2021-09-15 07:00:00,24.15,24.15,21.12,21.12,5463200
2021-09-16 07:00:00,20.57,20.88,19.94,20.09,2737700
2021-09-17 07:00:00,20.09,21.47,19.94,21.08,1237300
2021-09-20 07:00:00,21.08,21.12,20.53,20.61,1535900
2021-09-21 07:00:00,20.09,20.33,19.7,20.02,1559800
2021-09-22 07:00:00,20.25,20.49,20.09,20.41,1005400
2021-09-23 07:00:00,20.49,20.49,20.02,20.17,909200
2021-09-24 07:00:00,20.17,20.65,20.02,20.41,910000
2021-09-27 07:00:00,20.65,20.72,20.02,20.13,1128100
2021-09-28 07:00:00,20.25,20.25,19.31,19.7,860100
2021-09-29 07:00:00,19.7,19.7,19.15,19.31,941200
2021-09-30 07:00:00,19.31,19.86,19.31,19.7,611200
2021-10-01 07:00:00,19.7,19.7,19.31,19.62,552200
2021-10-04 07:00:00,19.66,20.49,19.62,20.41,1019500
2021-10-05 07:00:00,20.84,20.88,20.41,20.65,801900
2021-10-06 07:00:00,20.65,20.72,20.37,20.41,768900
2021-10-07 07:00:00,20.49,20.57,20.21,20.45,714700
2021-10-08 07:00:00,20.49,20.65,20.41,20.57,867100
2021-10-11 07:00:00,21.04,21.67,20.88,21.28,1453400
2021-10-12 07:00:00,21.35,21.63,20.88,21.04,1112900
2021-10-13 07:00:00,21.04,21.2,20.8,20.84,636900
2021-10-14 07:00:00,20.84,20.92,20.68,20.72,757400
2021-10-15 07:00:00,20.57,20.72,20.49,20.53,1000600
2021-10-18 07:00:00,20.53,20.72,20.17,20.17,999000
2021-10-19 07:00:00,20.17,20.33,20.05,20.29,441800
2021-10-20 07:00:00,20.65,20.88,20.25,20.41,554500
2021-10-21 07:00:00,20.49,20.65,20.33,20.45,436200
2021-10-22 07:00:00,20.41,20.53,20.37,20.45,683200
2021-10-25 07:00:00,20.41,20.41,20.02,20.02,771800
2021-10-26 07:00:00,20.02,20.49,19.78,20.33,427800
2021-10-27 07:00:00,20.33,20.37,20.05,20.21,750200
2021-10-28 07:00:00,19.7,19.86,19.66,19.7,2624300
2021-10-29 07:00:00,19.62,19.62,18.95,19.54,2089300
2021-11-01 07:00:00,19.54,19.54,19.31,19.46,718200
2021-11-02 07:00:00,19.38,19.42,19.23,19.38,789600
2021-11-03 07:00:00,19.38,19.38,18.05,18.08,2071700
2021-11-04 07:00:00,18.08,19.35,17.77,19.03,1205300
2021-11-05 07:00:00,19.03,19.7,19.03,19.42,902700
2021-11-08 07:00:00,19.7,19.7,19.42,19.62,1128800
2021-11-09 07:00:00,19.62,19.66,19.31,19.54,700000
2021-11-10 07:00:00,19.38,19.54,19.31,19.42,820400
2021-11-11 07:00:00,19.5,19.78,19.31,19.62,841400
2021-11-12 07:00:00,19.62,19.82,19.62,19.74,736800
2021-11-15 07:00:00,19.62,19.62,19.31,19.38,1337600
2021-11-16 07:00:00,19.38,20.25,19.27,19.78,1134800
2021-11-17 07:00:00,20.49,20.57,20.09,20.33,2083200
2021-11-18 07:00:00,20.33,20.41,19.78,19.86,1250100
2021-11-19 07:00:00,18.48,18.91,18.48,18.48,17810300
2021-11-22 07:00:00,18.05,18.6,18.05,18.12,4234500
2021-11-23 07:00:00,18.12,18.48,18.12,18.4,2245800
2021-11-24 07:00:00,18.4,18.91,18.32,18.64,3797000
2021-11-25 07:00:00,18.64,18.75,18.52,18.75,3171700
2021-11-26 07:00:00,18.83,19.23,18.79,18.79,3782400
2021-11-29 07:00:00,18.12,18.44,17.89,18.24,3961300
2021-11-30 07:00:00,18.2,18.52,18.12,18.12,2663100
2021-12-01 07:00:00,18.12,18.36,17.97,18.16,2435200
2021-12-02 07:00:00,18.16,18.2,18.05,18.05,1797000
2021-12-03 07:00:00,18.08,18.16,17.97,17.97,2173400
2021-12-06 07:00:00,17.89,17.97,17.34,17.38,2759600
2021-12-07 07:00:00,17.38,17.69,17.34,17.49,1328900
2021-12-08 07:00:00,17.73,18.52,17.69,18.08,2014400
2021-12-09 07:00:00,18.12,18.2,17.93,18.05,1069700
2021-12-10 07:00:00,18.12,19.27,18.12,18.6,4189400
2021-12-13 07:00:00,18.99,19.7,18.99,19.62,8010400
2021-12-14 07:00:00,19.78,19.94,19.07,19.66,4842100
2021-12-15 07:00:00,19.66,19.66,18.99,19.15,2899900
2021-12-16 07:00:00,19.15,19.35,18.4,18.4,5399700
2021-12-17 07:00:00,18.16,18.79,18.16,18.48,2654800
2021-12-20 07:00:00,18.48,18.68,18.12,18.68,2121700
2021-12-21 07:00:00,18.52,18.52,18.2,18.4,1995400
2021-12-22 07:00:00,18.52,18.6,18.2,18.2,2190000
2021-12-23 07:00:00,18.28,18.52,18.12,18.2,2447700
2021-12-24 07:00:00,18.24,18.48,18.24,18.36,1326800
2021-12-27 07:00:00,18.4,18.72,18.28,18.4,1268000
2021-12-28 07:00:00,18.44,18.56,18.2,18.2,1845500
2021-12-29 07:00:00,18.28,18.36,18.2,18.28,1051900
2021-12-30 07:00:00,18.32,18.4,18.24,18.28,1628200
2021-12-31 07:00:00,18.28,18.32,18.12,18.24,2083300
2022-01-04 07:00:00,18.28,18.52,18.24,18.36,1832000
2022-01-05 07:00:00,18.44,18.44,18.2,18.2,2256200
2022-01-06 07:00:00,18.2,18.2,17.97,18.01,2466400
2022-01-07 07:00:00,18.01,18.01,17.81,17.85,2127400
2022-01-10 07:00:00,17.93,18.91,17.93,18.28,3188800
2022-01-11 07:00:00,18.24,18.36,18.05,18.16,1685900
2022-01-12 07:00:00,18.16,18.2,17.81,18.08,1593700
2022-01-13 07:00:00,18.08,18.08,17.81,17.85,1427600
2022-01-14 07:00:00,17.73,17.89,17.49,17.89,1433700
2022-01-17 07:00:00,17.89,18.52,17.89,18.05,2074000
2022-01-18 07:00:00,18.05,18.24,17.89,18.08,1544300
2022-01-19 07:00:00,17.93,18.12,17.81,17.89,1050700
2022-01-20 07:00:00,17.81,17.97,17.69,17.97,1127900
2022-01-21 07:00:00,17.97,17.97,17.85,17.89,1163900
2022-01-24 07:00:00,17.97,18.52,17.93,17.97,2579000
2022-01-25 07:00:00,18.12,18.44,18.05,18.4,2913000
2022-01-26 07:00:00,18.75,19.07,18.6,18.99,5819400
2022-01-27 07:00:00,19.03,19.07,18.75,18.91,3012200
2022-01-28 07:00:00,18.91,19.38,18.83,19.15,3385600
2022-02-07 07:00:00,20.25,20.49,19.94,20.49,11637900
2022-02-08 07:00:00,20.57,21.51,20.29,20.49,9015000
2022-02-09 07:00:00,20.49,20.88,20.41,20.68,5478100
2022-02-10 07:00:00,20.88,21.12,20.65,20.8,7410000
2022-02-11 07:00:00,20.8,20.88,20.29,20.65,6889400
2022-02-14 07:00:00,20.88,21.51,20.8,20.8,7858800
2022-02-15 07:00:00,20.57,20.88,20.33,20.68,4059500
2022-02-16 07:00:00,20.72,20.88,20.61,20.76,3865200
2022-02-17 07:00:00,20.76,21.67,20.61,21.12,7745200
2022-02-18 07:00:00,21.0,21.55,20.88,21.51,6504800
2022-02-21 07:00:00,21.51,21.51,21.12,21.12,4712600
2022-02-22 07:00:00,20.65,20.92,20.49,20.57,5663400
2022-02-23 07:00:00,20.49,20.96,20.45,20.68,3076300
2022-02-24 07:00:00,20.65,20.76,19.7,20.21,7196700
2022-02-25 07:00:00,20.29,20.65,20.29,20.41,2367700
2022-02-28 07:00:00,20.25,20.29,19.7,19.98,2599200
2022-03-01 07:00:00,19.94,20.09,19.74,20.02,3286200
2022-03-02 07:00:00,19.98,20.02,19.66,19.7,3082400
2022-03-03 07:00:00,19.7,19.86,19.54,19.7,3149000
2022-03-04 07:00:00,19.7,20.29,19.7,20.02,2181900
2022-03-07 07:00:00,19.98,19.98,19.58,19.62,3002100
2022-03-08 07:00:00,19.46,20.33,19.35,19.86,3556300
2022-03-09 07:00:00,19.86,20.09,19.54,19.7,1877100
2022-03-10 07:00:00,20.02,20.88,19.86,20.65,5220700
2022-03-11 07:00:00,20.65,20.65,20.25,20.33,3302400
2022-03-14 07:00:00,20.17,20.88,20.17,20.61,5080600
2022-03-15 07:00:00,20.61,21.04,20.57,20.61,3315400
2022-03-16 07:00:00,20.96,20.96,20.25,20.25,4013300
2022-03-17 07:00:00,20.25,20.45,19.7,20.17,2675900
2022-03-18 07:00:00,20.25,20.37,19.94,19.98,2556500
2022-03-21 07:00:00,19.98,19.98,19.74,19.86,2922400
2022-03-22 07:00:00,19.78,20.21,19.74,19.94,1830700
2022-03-23 07:00:00,19.94,19.98,19.82,19.86,2079400
2022-03-24 07:00:00,19.78,20.25,19.74,20.05,3041300
2022-03-25 07:00:00,20.05,20.25,19.98,19.98,1600300
2022-03-28 07:00:00,19.98,19.98,19.46,19.66,3047000
2022-03-29 07:00:00,19.62,19.98,19.58,19.78,2584900
2022-03-30 07:00:00,19.7,19.94,19.62,19.62,2364300
2022-03-31 07:00:00,19.58,19.78,19.58,19.62,1322000
2022-04-01 07:00:00,19.54,19.9,19.42,19.74,1926000
2022-04-04 07:00:00,19.7,19.74,19.42,19.62,2564000
2022-04-05 07:00:00,19.58,20.09,19.58,19.86,1914600
2022-04-06 07:00:00,19.86,19.86,19.62,19.66,1382700
2022-04-07 07:00:00,19.66,19.7,19.46,19.46,1458500
2022-04-08 07:00:00,19.46,19.58,18.95,18.99,2567100
2022-04-12 07:00:00,19.31,19.31,18.91,18.91,1663900
2022-04-13 07:00:00,18.91,19.11,18.44,18.79,1763900
2022-04-14 07:00:00,18.83,19.23,18.83,18.91,995000
2022-04-15 07:00:00,18.91,18.99,18.44,18.44,1619000
2022-04-18 07:00:00,18.44,18.44,17.69,17.77,2324400
2022-04-19 07:00:00,17.49,18.12,17.49,17.57,1727700
2022-04-20 07:00:00,17.57,18.01,17.57,17.77,1727300
2022-04-21 07:00:00,17.77,17.77,16.78,17.57,2011800
2022-04-22 07:00:00,17.57,18.12,17.14,17.26,2540300
2022-04-25 07:00:00,17.26,17.65,16.31,16.31,1980600
2022-04-26 07:00:00,16.31,16.94,15.76,16.94,1797200
2022-04-27 07:00:00,17.1,17.22,16.67,17.22,717100
2022-04-28 07:00:00,17.34,17.34,16.98,17.1,934200
2022-04-29 07:00:00,17.1,17.18,16.98,17.14,1417400
2022-05-04 07:00:00,17.14,17.97,17.14,17.57,1341900
2022-05-05 07:00:00,17.85,17.85,17.06,17.3,880200
2022-05-06 07:00:00,16.94,17.06,16.55,16.55,1179000
2022-05-09 07:00:00,16.31,16.39,15.41,15.41,2926600
2022-05-10 07:00:00,15.41,15.84,14.66,15.84,965000
2022-05-11 07:00:00,16.15,16.15,15.8,16.0,682100
2022-05-12 07:00:00,15.84,16.0,14.97,14.97,1320300
2022-05-13 07:00:00,14.97,15.05,13.95,13.99,1721500
2022-05-16 07:00:00,14.18,14.89,14.07,14.26,1226600
2022-05-17 07:00:00,14.26,15.25,14.03,15.13,1721500
2022-05-18 07:00:00,15.37,15.37,14.81,14.81,1136000
2022-05-19 07:00:00,14.46,14.66,14.34,14.46,973200
2022-05-20 07:00:00,14.46,14.66,14.38,14.5,967000
2022-05-23 07:00:00,14.5,14.54,13.95,14.07,1874700
2022-05-24 07:00:00,14.07,14.07,13.4,13.71,1682900
2022-05-25 07:00:00,13.79,14.11,13.47,14.03,1347800
2022-05-26 07:00:00,14.03,14.46,13.95,14.07,1006800
2022-05-27 07:00:00,14.07,14.66,14.07,14.66,2084900
2022-05-30 07:00:00,14.66,15.13,14.66,15.09,1508100
2022-05-31 07:00:00,15.09,15.17,14.62,14.7,1471400
2022-06-01 07:00:00,14.66,14.74,14.42,14.66,984200
2022-06-02 07:00:00,14.54,14.58,14.18,14.18,1450800
2022-06-03 07:00:00,14.18,14.5,14.11,14.22,944600
2022-06-06 07:00:00,14.22,14.5,14.11,14.11,1108100
2022-06-07 07:00:00,14.11,14.11,13.71,13.91,1296900
2022-06-08 07:00:00,13.87,14.46,13.87,14.22,1217900
2022-06-09 07:00:00,14.22,14.62,14.14,14.58,1320100
2022-06-10 07:00:00,14.34,14.58,14.18,14.18,960500
2022-06-13 07:00:00,13.55,13.91,13.47,13.47,1993500
2022-06-14 07:00:00,13.4,13.71,13.4,13.47,1129900
2022-06-15 07:00:00,13.55,13.63,12.65,12.73,1679600
2022-06-16 07:00:00,12.77,13.36,12.73,12.8,982000
2022-06-17 07:00:00,12.53,12.53,11.94,12.29,2157800
2022-06-20 07:00:00,12.29,12.29,11.47,11.5,1809400
2022-06-21 07:00:00,11.5,11.82,11.11,11.78,1305700
2022-06-22 07:00:00,12.14,12.21,11.9,12.1,758700
2022-06-23 07:00:00,12.06,12.06,11.58,12.06,699800
2022-06-24 07:00:00,12.1,12.21,12.02,12.02,808200
2022-06-27 07:00:00,12.29,12.84,12.06,12.84,1801300
2022-06-28 07:00:00,13.0,13.47,13.0,13.0,1459000
2022-06-29 07:00:00,12.8,12.8,12.45,12.65,904700
2022-06-30 07:00:00,12.45,12.61,12.21,12.21,1210300
2022-07-01 07:00:00,12.21,12.45,11.9,12.29,1089900
2022-07-04 07:00:00,12.53,12.69,12.37,12.41,755100
2022-07-05 07:00:00,12.45,12.61,12.17,12.17,697100
2022-07-06 07:00:00,12.17,12.65,11.98,12.29,967600
2022-07-07 07:00:00,12.29,12.45,12.17,12.33,632400
2022-07-08 07:00:00,12.45,12.96,12.41,12.88,1608100
2022-07-11 07:00:00,12.92,13.24,12.61,12.84,1210300
2022-07-12 07:00:00,12.8,12.96,12.77,12.88,899000
2022-07-13 07:00:00,13.24,13.28,12.92,12.96,1650800
2022-07-14 07:00:00,12.92,13.0,12.69,12.96,970700
2022-07-15 07:00:00,12.96,13.16,12.92,12.92,1058000
2022-07-18 07:00:00,13.08,13.24,12.84,12.92,1036900
2022-07-19 07:00:00,12.92,12.96,12.8,12.92,541700
2022-07-20 07:00:00,13.04,13.12,13.0,13.08,1263300
2022-07-21 07:00:00,13.08,13.08,12.92,12.96,742600
2022-07-22 07:00:00,12.96,13.2,12.96,13.08,1223300
2022-07-25 07:00:00,13.08,13.08,12.84,12.88,643500
2022-07-26 07:00:00,12.84,12.92,12.73,12.77,609500
2022-07-27 07:00:00,12.69,12.69,12.29,12.57,1119900
2022-07-28 07:00:00,12.69,12.84,12.57,12.69,740200
2022-07-29 07:00:00,12.69,13.16,12.69,13.0,1593500
2022-08-01 07:00:00,13.08,13.4,13.08,13.36,2317100
2022-08-02 07:00:00,13.47,13.51,13.16,13.36,1573600
2022-08-03 07:00:00,13.16,13.83,13.08,13.44,1780800
2022-08-04 07:00:00,13.47,13.71,13.4,13.47,1449300
2022-08-05 07:00:00,13.55,14.14,13.55,14.03,2785500
2022-08-08 07:00:00,14.03,14.07,13.79,13.87,1350600
2022-08-09 07:00:00,13.87,13.87,13.63,13.83,1223300
2022-08-10 07:00:00,13.83,14.58,13.67,14.26,2060500
2022-08-11 07:00:00,14.5,14.5,14.03,14.03,1928100
2022-08-12 07:00:00,13.99,14.14,13.83,14.07,825500
2022-08-15 07:00:00,14.18,14.22,13.87,13.91,1310500
2022-08-16 07:00:00,13.91,14.11,13.87,13.95,968900
2022-08-17 07:00:00,14.03,14.03,13.67,13.67,1411900
2022-08-18 07:00:00,13.67,13.99,13.63,13.67,1206100
2022-08-19 07:00:00,13.67,13.83,13.59,13.71,832800
2022-08-22 07:00:00,13.71,13.83,13.63,13.71,841000
2022-08-23 07:00:00,13.67,14.11,13.63,13.75,1203000
2022-08-24 07:00:00,13.87,14.18,13.79,14.11,2044000
2022-08-25 07:00:00,14.11,14.3,14.03,14.11,940500
2022-08-26 07:00:00,14.11,14.18,13.87,13.91,1130600
2022-08-29 07:00:00,13.63,13.79,13.28,13.44,1772000
2022-08-30 07:00:00,13.44,13.67,13.4,13.47,1014000
2022-08-31 07:00:00,13.47,13.63,13.4,13.59,412100
2022-09-05 07:00:00,13.55,13.55,13.4,13.4,958500
2022-09-06 07:00:00,13.4,13.47,13.28,13.28,876100
2022-09-07 07:00:00,13.16,13.36,12.8,12.8,1159300
2022-09-08 07:00:00,12.69,12.8,11.94,11.94,4808000
2022-09-09 07:00:00,11.47,11.82,11.39,11.7,3956200
2022-09-12 07:00:00,11.7,12.14,11.54,11.54,2203700
2022-09-13 07:00:00,11.47,11.78,11.43,11.66,1033300
2022-09-14 07:00:00,11.5,11.66,11.47,11.62,960900
2022-09-15 07:00:00,11.98,12.1,11.9,11.94,1440500
2022-09-16 07:00:00,12.06,12.06,11.66,11.7,867500
2022-09-19 07:00:00,11.62,11.7,11.43,11.47,845700
2022-09-20 07:00:00,11.54,11.78,11.5,11.78,916800
2022-09-21 07:00:00,11.74,11.74,11.43,11.54,995200
2022-09-22 07:00:00,11.5,11.7,11.43,11.66,617700
2022-09-23 07:00:00,11.66,11.7,11.5,11.5,521000
2022-09-26 07:00:00,11.5,11.54,11.11,11.23,1365000
2022-09-27 07:00:00,11.11,11.35,11.07,11.07,645700
2022-09-28 07:00:00,11.07,11.15,10.76,10.76,898500
2022-09-29 07:00:00,10.76,10.95,10.72,10.72,554400
2022-09-30 07:00:00,10.64,10.72,10.09,10.52,1111200
2022-10-03 07:00:00,10.44,10.52,9.85,9.85,890700
2022-10-04 07:00:00,9.85,10.24,9.73,9.77,775400
2022-10-05 07:00:00,9.89,10.05,9.85,9.93,608100
2022-10-06 07:00:00,10.01,10.09,9.61,9.61,633800
2022-10-07 07:00:00,9.46,9.61,8.94,8.94,1816600
2022-10-10 07:00:00,8.75,8.94,8.51,8.86,890000
2022-10-11 07:00:00,8.86,9.02,8.67,8.67,625000
2022-10-12 07:00:00,8.75,9.1,8.75,8.98,692700
2022-10-13 07:00:00,8.98,9.3,8.98,9.14,422900
2022-10-14 07:00:00,9.22,9.3,9.06,9.18,630300
2022-10-17 07:00:00,9.18,9.22,8.9,9.02,410700
2022-10-18 07:00:00,9.14,9.26,9.02,9.18,572700
2022-10-19 07:00:00,9.3,9.38,9.14,9.3,708500
2022-10-20 07:00:00,9.3,9.3,9.14,9.22,453500
2022-10-21 07:00:00,9.14,9.22,8.75,8.79,730700
2022-10-24 07:00:00,8.79,8.86,8.23,8.31,840100
2022-10-25 07:00:00,8.27,8.67,7.88,8.31,771900
2022-10-26 07:00:00,8.31,8.59,8.27,8.31,437900
2022-10-27 07:00:00,8.31,8.55,8.31,8.55,706600
2022-10-28 07:00:00,8.67,8.79,8.47,8.47,497000
2022-10-31 07:00:00,8.47,8.67,8.35,8.51,478800
2022-11-01 07:00:00,8.67,8.79,8.59,8.59,519000
2022-11-02 07:00:00,8.63,8.79,8.59,8.59,400100
2022-11-03 07:00:00,8.51,8.67,8.51,8.55,344100
2022-11-04 07:00:00,8.55,8.59,8.27,8.43,541800
2022-11-07 07:00:00,8.35,8.43,7.96,7.96,670300
2022-11-08 07:00:00,7.96,8.12,7.96,8.08,544400
2022-11-09 07:00:00,8.12,8.27,8.12,8.2,623400
2022-11-10 07:00:00,8.27,8.27,7.69,7.69,791900
2022-11-11 07:00:00,8.0,8.0,7.8,7.8,382600
2022-11-14 07:00:00,7.72,7.72,7.29,7.29,818700
2022-11-15 07:00:00,7.09,7.29,6.78,6.78,1483500
2022-11-16 07:00:00,6.31,7.26,6.31,7.26,1520100
2022-11-17 07:00:00,7.64,7.64,7.34,7.42,551800
2022-11-18 07:00:00,7.33,7.37,7.09,7.33,624600
2022-11-21 07:00:00,7.34,7.49,7.34,7.37,658300
2022-11-22 07:00:00,7.33,7.64,7.29,7.39,634900
2022-11-23 07:00:00,7.39,7.47,7.27,7.27,401500
2022-11-24 07:00:00,7.25,7.27,7.07,7.27,518500
2022-11-25 07:00:00,7.27,7.41,7.27,7.41,559700
2022-11-28 07:00:00,7.46,7.88,7.46,7.88,1189900
2022-11-29 07:00:00,7.96,8.2,7.92,8.16,965100
2022-11-30 07:00:00,8.27,8.27,8.0,8.12,1004400
2022-12-01 07:00:00,8.2,8.47,8.2,8.23,1592200
2022-12-02 07:00:00,8.23,8.43,8.04,8.39,1004600
2022-12-05 07:00:00,8.55,8.75,8.55,8.71,1378700
2022-12-06 07:00:00,8.75,8.75,8.27,8.35,1489500
2022-12-07 07:00:00,8.2,8.47,8.12,8.31,896800
2022-12-08 07:00:00,8.31,8.75,8.31,8.67,1154800
2022-12-09 07:00:00,8.67,9.26,8.67,9.26,1538900
2022-12-12 07:00:00,9.89,9.89,9.89,9.89,865400
2022-12-13 07:00:00,10.56,10.56,9.85,10.17,5427900
2022-12-14 07:00:00,10.72,10.72,10.32,10.52,1965700
2022-12-15 07:00:00,10.52,11.23,10.52,11.23,4025400
2022-12-16 07:00:00,11.54,11.98,11.27,11.9,5134700
2022-12-19 07:00:00,12.17,12.49,11.19,11.19,4642600
2022-12-20 07:00:00,11.19,11.82,10.84,11.74,3958300
2022-12-21 07:00:00,12.14,12.14,11.11,11.23,1480000
2022-12-22 07:00:00,11.23,11.47,10.48,10.6,3624600
2022-12-23 07:00:00,10.56,10.95,10.28,10.68,1041000
2022-12-26 07:00:00,10.68,10.72,9.97,9.97,1944400
2022-12-27 07:00:00,9.93,10.64,9.93,10.64,1847200
2022-12-28 07:00:00,11.11,11.35,11.03,11.15,2629800
2022-12-29 07:00:00,11.19,11.31,10.87,10.91,1426000
2022-12-30 07:00:00,10.99,11.23,10.91,10.95,965800
2023-01-03 07:00:00,10.95,11.43,10.95,11.43,1962800
2023-01-04 07:00:00,11.43,11.58,11.11,11.19,1638100
2023-01-05 07:00:00,11.19,11.43,10.99,11.31,1593500
2023-01-06 07:00:00,11.27,11.5,11.11,11.15,1814400
2023-01-09 07:00:00,11.39,11.9,11.39,11.74,3636700
2023-01-10 07:00:00,11.74,11.74,11.39,11.47,1271300
2023-01-11 07:00:00,11.54,11.98,11.47,11.78,3720600
2023-01-12 07:00:00,11.78,11.86,11.5,11.74,1456500
2023-01-13 07:00:00,11.86,11.94,11.47,11.5,1754100
2023-01-16 07:00:00,11.5,11.58,11.15,11.23,2039900
2023-01-17 07:00:00,11.39,11.43,11.19,11.43,1877600
2023-01-18 07:00:00,11.43,11.54,11.27,11.47,1693400
2023-01-19 07:00:00,11.5,11.82,11.47,11.62,1546000
2023-01-27 07:00:00,11.58,11.58,11.19,11.23,3626300
2023-01-30 07:00:00,11.15,11.23,10.72,10.91,2940000
2023-01-31 07:00:00,10.91,11.27,10.76,11.11,1819400
2023-02-01 07:00:00,11.11,11.23,10.52,10.6,1940000
2023-02-02 07:00:00,10.64,10.84,10.24,10.32,2554300
2023-02-03 07:00:00,10.01,10.17,9.77,9.77,3603100
2023-02-06 07:00:00,9.53,9.73,9.42,9.57,1435300
2023-02-07 07:00:00,9.69,10.13,9.61,9.97,1705900
2023-02-08 07:00:00,10.01,10.09,9.69,9.93,772800
2023-02-09 07:00:00,9.85,10.09,9.85,9.85,427400
2023-02-10 07:00:00,9.85,9.85,9.46,9.53,961100
2023-02-13 07:00:00,9.53,9.57,9.1,9.18,1183700
2023-02-14 07:00:00,9.14,9.34,9.14,9.3,494300
2023-02-15 07:00:00,9.38,9.57,9.34,9.46,840800
2023-02-16 07:00:00,9.46,9.61,9.46,9.53,577100
2023-02-17 07:00:00,9.53,9.65,9.46,9.53,659900
2023-02-20 07:00:00,9.53,10.01,9.53,10.01,1097000
2023-02-21 07:00:00,10.13,10.13,9.89,9.93,976600
2023-02-22 07:00:00,9.77,9.93,9.53,9.53,1009800
2023-02-23 07:00:00,9.53,9.73,9.46,9.73,1266500
2023-02-24 07:00:00,9.85,10.28,9.77,10.24,2235100
2023-02-27 07:00:00,10.2,10.2,9.85,9.89,897200
2023-02-28 07:00:00,10.09,10.09,9.46,9.53,1300900
2023-03-01 07:00:00,9.57,9.73,9.46,9.73,649000
2023-03-02 07:00:00,9.81,9.81,9.53,9.57,569200
2023-03-03 07:00:00,9.77,9.77,9.46,9.46,851800
2023-03-06 07:00:00,9.61,9.85,9.57,9.85,935800
2023-03-07 07:00:00,9.85,9.85,9.69,9.77,511800
2023-03-08 07:00:00,9.69,9.81,9.57,9.81,575400
2023-03-09 07:00:00,10.48,10.48,10.48,10.48,1132300
2023-03-10 07:00:00,11.19,11.19,10.8,10.99,5235100
2023-03-13 07:00:00,10.8,10.87,10.24,10.24,2432200
2023-03-14 07:00:00,10.28,10.56,10.01,10.36,1610800
2023-03-15 07:00:00,10.56,10.76,10.36,10.64,1777500
2023-03-16 07:00:00,10.6,10.6,10.28,10.32,1017000
2023-03-17 07:00:00,10.4,10.52,10.24,10.32,789700
2023-03-20 07:00:00,10.32,10.32,9.97,10.01,1318100
2023-03-21 07:00:00,10.09,10.17,9.93,10.17,913700
2023-03-22 07:00:00,10.2,10.52,10.2,10.32,1071300
2023-03-23 07:00:00,10.24,10.32,10.13,10.24,481800
2023-03-24 07:00:00,10.2,10.32,10.17,10.2,723000
2023-03-27 07:00:00,10.24,10.44,10.24,10.4,962400
2023-03-28 07:00:00,10.4,10.48,10.2,10.2,1191200
2023-03-29 07:00:00,10.2,10.4,10.09,10.32,1035000
2023-03-30 07:00:00,10.4,10.44,10.13,10.17,2002900
2023-03-31 07:00:00,10.2,10.2,10.05,10.13,896600
2023-04-03 07:00:00,10.13,10.24,10.09,10.13,1429700
2023-04-04 07:00:00,10.13,10.64,10.13,10.32,1349800
2023-04-05 07:00:00,10.32,10.4,10.24,10.32,1122000
2023-04-06 07:00:00,10.48,10.56,10.36,10.4,2533100
2023-04-07 07:00:00,10.4,10.4,10.28,10.28,1079300
2023-04-10 07:00:00,10.36,10.48,10.24,10.32,1430200
2023-04-11 07:00:00,10.32,10.44,10.24,10.44,1295200
2023-04-12 07:00:00,10.52,10.52,10.32,10.36,1131000
2023-04-13 07:00:00,10.09,10.2,9.81,9.85,4501200
2023-04-14 07:00:00,9.85,9.97,9.61,9.65,1525400
2023-04-17 07:00:00,9.61,9.73,9.53,9.73,1058400
2023-04-18 07:00:00,9.73,9.81,9.61,9.73,564500
2023-04-19 07:00:00,9.73,9.89,9.69,9.77,672300
2023-04-20 07:00:00,9.69,9.81,9.65,9.77,487300
2023-04-21 07:00:00,9.69,9.73,9.65,9.65,482400
2023-04-24 07:00:00,9.65,9.69,9.46,9.5,705600
2023-04-25 07:00:00,9.53,9.69,9.46,9.5,631100
2023-04-26 07:00:00,9.5,9.53,9.42,9.5,540300
2023-04-27 07:00:00,9.5,9.73,9.5,9.61,620200
2023-04-28 07:00:00,9.61,9.69,9.53,9.53,550000
2023-05-04 07:00:00,10.17,10.17,10.05,10.17,1593500
2023-05-05 07:00:00,10.32,10.52,10.01,10.01,1808900
2023-05-08 07:00:00,9.61,9.89,9.61,9.65,2326200
2023-05-09 07:00:00,9.65,9.81,9.61,9.65,722900
2023-05-10 07:00:00,9.65,9.85,9.61,9.77,1136500
2023-05-11 07:00:00,9.77,9.97,9.73,9.77,892000
2023-05-12 07:00:00,9.65,9.77,9.65,9.77,697700
2023-05-15 07:00:00,9.97,9.97,9.77,9.81,1073800
2023-05-16 07:00:00,9.89,10.17,9.85,10.01,2107600
2023-05-17 07:00:00,10.09,10.13,9.85,9.85,1025100
2023-05-18 07:00:00,9.89,9.93,9.81,9.85,640700
2023-05-19 07:00:00,9.93,9.93,9.77,9.81,866200
2023-05-22 07:00:00,9.85,10.01,9.73,10.01,975600
2023-05-23 07:00:00,9.97,10.13,9.89,9.93,671600
2023-05-24 07:00:00,9.93,10.01,9.85,9.85,493900
2023-05-25 07:00:00,9.77,9.89,9.77,9.85,571600
2023-05-26 07:00:00,9.85,10.13,9.85,10.01,1262700
2023-05-29 07:00:00,10.17,10.44,10.01,10.32,2875000
2023-05-30 07:00:00,10.32,10.44,10.2,10.32,1776800
2023-05-31 07:00:00,10.4,10.4,10.24,10.36,1735200
2023-06-01 07:00:00,10.4,10.56,10.36,10.36,1637900
2023-06-02 07:00:00,10.44,10.48,10.32,10.4,1219100
2023-06-05 07:00:00,10.68,10.68,10.44,10.52,2201000
2023-06-06 07:00:00,10.52,10.56,10.36,10.56,1302100
2023-06-07 07:00:00,10.64,10.64,10.48,10.56,1931900
2023-06-08 07:00:00,10.56,11.03,10.52,10.76,3471400
2023-06-09 07:00:00,10.76,10.76,10.56,10.64,1267600
2023-06-12 07:00:00,10.72,10.72,10.48,10.6,1153000
2023-06-13 07:00:00,10.64,10.84,10.64,10.64,1337100
2023-06-14 07:00:00,10.72,10.8,10.48,10.48,1335800
2023-06-15 07:00:00,10.48,10.52,10.4,10.4,1175200
2023-06-16 07:00:00,10.44,10.68,10.4,10.4,2202800
2023-06-19 07:00:00,10.64,10.64,10.44,10.44,899500
2023-06-20 07:00:00,10.48,10.52,10.4,10.52,758500
2023-06-21 07:00:00,10.52,10.56,10.44,10.52,1054400
2023-06-22 07:00:00,10.6,11.23,10.6,10.95,4918300
2023-06-23 07:00:00,10.99,11.27,10.91,11.27,3681700
2023-06-26 07:00:00,11.54,11.82,11.35,11.47,4370100
2023-06-27 07:00:00,11.47,11.58,11.27,11.35,2037700
2023-06-28 07:00:00,11.35,11.62,11.27,11.35,1860300
2023-06-29 07:00:00,11.43,11.5,11.15,11.15,1757500
2023-06-30 07:00:00,11.15,11.19,10.95,10.95,1506900
2023-07-03 07:00:00,10.99,11.15,10.99,11.15,1103600
2023-07-04 07:00:00,11.15,11.5,11.15,11.39,1924900
2023-07-05 07:00:00,11.43,11.5,11.23,11.23,1585000
2023-07-06 07:00:00,10.56,10.87,10.48,10.48,8630300
2023-07-07 07:00:00,10.32,10.44,10.13,10.4,2621400
2023-07-10 07:00:00,10.4,10.64,10.4,10.44,1509100
2023-07-11 07:00:00,10.48,10.52,10.32,10.36,2020500
2023-07-12 07:00:00,10.24,10.4,9.97,10.01,2067000
2023-07-13 07:00:00,10.01,10.05,9.77,9.89,1678200
2023-07-14 07:00:00,9.89,10.4,9.81,10.4,2302300
2023-07-17 07:00:00,10.4,10.44,10.2,10.24,780400
2023-07-18 07:00:00,10.24,10.24,10.09,10.13,597900
2023-07-19 07:00:00,10.17,10.32,10.05,10.24,1013100
2023-07-20 07:00:00,10.24,10.24,10.09,10.17,431300
2023-07-21 07:00:00,10.17,10.24,10.13,10.2,814600
2023-07-24 07:00:00,10.2,10.28,10.17,10.24,938900
2023-07-25 07:00:00,10.64,10.64,10.17,10.28,846500
2023-07-26 07:00:00,10.28,10.36,10.17,10.24,607400
2023-07-27 07:00:00,10.17,10.24,10.09,10.2,933500
2023-07-28 07:00:00,10.09,10.13,9.69,10.13,1633100
2023-07-31 07:00:00,9.85,10.28,9.85,10.17,1363500
2023-08-01 07:00:00,10.17,10.4,10.13,10.36,2763300
2023-08-02 07:00:00,10.36,10.36,9.65,10.17,928400
2023-08-03 07:00:00,10.2,10.24,10.09,10.13,830600
2023-08-04 07:00:00,10.13,10.2,9.93,10.17,879300
2023-08-07 07:00:00,10.17,10.32,10.09,10.17,967100
2023-08-08 07:00:00,10.17,10.52,10.17,10.48,2693300
2023-08-09 07:00:00,10.48,11.11,10.4,10.95,3584200
2023-08-10 07:00:00,10.95,11.03,10.64,10.68,1221400
2023-08-11 07:00:00,10.68,10.68,10.4,10.48,1301600
2023-08-14 07:00:00,10.48,10.87,10.48,10.64,1041100
2023-08-15 07:00:00,10.64,10.76,10.56,10.6,650200
2023-08-16 07:00:00,10.6,10.84,10.56,10.6,1061100
2023-08-17 07:00:00,10.6,10.6,10.36,10.4,1087600
2023-08-18 07:00:00,10.24,10.36,9.69,9.69,2424300
2023-08-21 07:00:00,9.61,9.93,9.61,9.85,883600
2023-08-22 07:00:00,9.85,10.13,9.61,10.13,1056500
2023-08-23 07:00:00,9.97,10.13,9.65,9.85,521200
2023-08-24 07:00:00,9.85,10.01,9.81,9.97,546800
2023-08-25 07:00:00,9.69,9.97,9.57,9.89,414500
2023-08-28 07:00:00,9.89,10.24,9.89,10.17,728700
2023-08-29 07:00:00,10.17,10.17,10.01,10.09,464700
2023-08-30 07:00:00,10.2,10.2,10.01,10.13,484900
2023-08-31 07:00:00,10.13,10.32,10.09,10.24,706700
2023-09-05 07:00:00,10.24,10.8,10.09,10.64,1684700
2023-09-06 07:00:00,10.64,10.72,10.4,10.52,625000
2023-09-07 07:00:00,10.48,10.56,10.4,10.44,1184000
2023-09-08 07:00:00,10.44,10.64,10.44,10.48,872000
2023-09-11 07:00:00,10.72,10.95,10.52,10.52,1991300
2023-09-12 07:00:00,10.56,10.64,9.81,10.28,2331800
2023-09-13 07:00:00,10.4,10.44,10.09,10.17,1204200
2023-09-14 07:00:00,10.17,10.2,9.81,10.01,928500
2023-09-15 07:00:00,10.01,10.13,9.89,10.13,494200
2023-09-18 07:00:00,10.13,10.13,9.97,10.05,337900
2023-09-19 07:00:00,10.05,10.05,9.57,9.97,327800
2023-09-20 07:00:00,9.93,10.13,9.93,10.05,379400
2023-09-21 07:00:00,10.05,10.17,9.85,9.93,595000
2023-09-22 07:00:00,9.93,9.93,9.53,9.77,875000
2023-09-25 07:00:00,9.77,9.97,9.53,9.53,1020400
2023-09-26 07:00:00,9.53,9.57,9.34,9.38,637000
2023-09-27 07:00:00,9.38,9.46,9.22,9.38,580500
2023-09-28 07:00:00,9.38,9.38,9.18,9.22,433100
2023-09-29 07:00:00,9.46,9.46,8.98,9.34,496600
2023-10-02 07:00:00,9.3,9.5,9.3,9.34,259000
2023-10-03 07:00:00,9.34,9.34,8.75,8.98,679500
2023-10-04 07:00:00,8.98,9.18,8.94,8.98,627200
2023-10-05 07:00:00,8.98,9.14,8.98,8.98,257700
2023-10-06 07:00:00,8.98,9.22,8.98,9.18,301900
2023-10-09 07:00:00,9.18,9.3,9.06,9.3,281200
2023-10-10 07:00:00,9.3,9.46,9.14,9.3,237600
2023-10-11 07:00:00,9.14,9.42,9.06,9.22,209200
2023-10-12 07:00:00,9.22,9.34,9.14,9.22,245400
2023-10-13 07:00:00,9.22,9.26,9.06,9.26,198600
2023-10-16 07:00:00,9.34,9.46,9.06,9.14,300200
2023-10-17 07:00:00,9.14,9.18,9.1,9.1,226800
2023-10-18 07:00:00,9.1,9.14,8.67,8.83,614800
2023-10-19 07:00:00,8.83,9.06,8.67,8.67,333900
2023-10-20 07:00:00,8.67,8.83,8.59,8.83,288700
2023-10-23 07:00:00,8.83,8.83,8.67,8.71,210100
2023-10-24 07:00:00,8.71,8.83,8.67,8.83,194700
2023-10-25 07:00:00,8.86,8.94,8.71,8.75,154900
2023-10-26 07:00:00,8.75,8.75,8.23,8.31,621800
2023-10-27 07:00:00,8.31,8.43,8.12,8.35,417400
2023-10-30 07:00:00,8.35,8.35,8.2,8.31,188200
2023-10-31 07:00:00,8.31,8.43,8.04,8.04,409800
2023-11-01 07:00:00,8.12,8.27,7.88,8.08,293000
2023-11-02 07:00:00,8.2,8.55,8.2,8.43,670800
2023-11-03 07:00:00,8.47,8.47,8.12,8.31,576400
2023-11-06 07:00:00,8.31,8.51,8.31,8.35,253900
2023-11-07 07:00:00,8.39,8.39,8.27,8.31,217100
2023-11-08 07:00:00,8.35,8.59,8.27,8.59,352200
2023-11-09 07:00:00,8.67,8.86,8.55,8.79,511100
2023-11-10 07:00:00,8.83,8.83,8.59,8.71,265500
2023-11-13 07:00:00,8.51,8.71,8.51,8.63,199600
2023-11-14 07:00:00,8.67,8.79,8.63,8.63,206000
2023-11-15 07:00:00,8.67,8.83,8.59,8.59,589800
2023-11-16 07:00:00,8.67,8.71,8.59,8.71,206600
2023-11-17 07:00:00,8.67,8.75,8.55,8.55,549000
2023-11-20 07:00:00,8.55,8.71,8.43,8.63,238700
2023-11-21 07:00:00,8.59,8.75,8.55,8.75,356400
2023-11-22 07:00:00,8.75,8.83,8.67,8.75,275700
2023-11-23 07:00:00,8.67,9.1,8.67,8.9,571300
2023-11-24 07:00:00,8.9,8.94,8.75,8.83,254000
2023-11-27 07:00:00,8.75,9.1,8.51,8.9,402900
2023-11-28 07:00:00,8.9,9.06,8.79,8.94,196300
2023-11-29 07:00:00,8.94,9.06,8.86,8.94,181200
2023-11-30 07:00:00,8.98,8.98,8.86,8.86,276700
2023-12-01 07:00:00,8.83,8.9,8.75,8.86,165100
2023-12-04 07:00:00,8.86,9.1,8.67,8.94,432800
2023-12-05 07:00:00,8.94,9.1,8.94,8.98,419600
2023-12-06 07:00:00,8.98,9.06,8.9,8.98,199000
2023-12-07 07:00:00,8.98,8.98,8.83,8.9,260400
2023-12-08 07:00:00,8.9,9.02,8.83,8.9,443000
2023-12-11 07:00:00,8.86,8.86,8.35,8.63,896600
2023-12-12 07:00:00,8.63,8.67,8.51,8.63,373400
2023-12-13 07:00:00,8.63,8.71,8.59,8.67,321300
2023-12-14 07:00:00,8.67,8.71,8.55,8.63,308900
2023-12-15 07:00:00,8.63,8.63,8.55,8.59,317500
2023-12-18 07:00:00,8.55,8.59,8.35,8.47,442300
2023-12-19 07:00:00,8.47,8.51,8.39,8.43,160800
2023-12-20 07:00:00,8.43,8.71,8.39,8.51,244400
2023-12-21 07:00:00,8.59,8.59,8.43,8.59,169800
2023-12-22 07:00:00,8.59,8.67,8.55,8.67,214100
2023-12-25 07:00:00,8.67,9.26,8.63,9.26,532900
2023-12-26 07:00:00,9.26,9.89,9.26,9.89,1964600
2023-12-27 07:00:00,9.89,10.52,9.89,9.93,2488300
2023-12-28 07:00:00,9.93,9.97,9.61,9.73,1036200
2023-12-29 07:00:00,9.73,9.77,9.57,9.65,818200
2024-01-02 07:00:00,9.65,9.81,8.98,9.65,543600
2024-01-03 07:00:00,9.85,10.32,9.65,10.32,2927600
2024-01-04 07:00:00,10.32,10.64,10.2,10.28,1567200
2024-01-05 07:00:00,10.28,10.52,10.01,10.05,874800
2024-01-08 07:00:00,10.05,10.09,9.85,9.89,708000
2024-01-09 07:00:00,9.89,9.97,9.77,9.89,428300
2024-01-10 07:00:00,9.89,9.97,9.77,9.85,468400
2024-01-11 07:00:00,9.85,10.05,9.85,9.97,389700
2024-01-12 07:00:00,9.3,9.97,9.3,9.85,579700
2024-01-15 07:00:00,9.77,9.85,9.69,9.77,312900
2024-01-16 07:00:00,9.77,9.85,9.69,9.85,215800
2024-01-17 07:00:00,9.77,9.93,9.77,9.85,248800
2024-01-18 07:00:00,9.85,9.85,9.77,9.77,285100
2024-01-19 07:00:00,9.85,10.01,9.85,9.89,429200
2024-01-22 07:00:00,9.85,10.01,9.85,9.89,391600
2024-01-23 07:00:00,9.89,9.93,9.81,9.81,392800
2024-01-24 07:00:00,9.81,9.89,9.77,9.77,400900
2024-01-25 07:00:00,9.77,9.85,9.69,9.77,225100
2024-01-26 07:00:00,9.77,9.89,9.77,9.89,274600
2024-01-29 07:00:00,9.89,9.89,9.77,9.81,405400
2024-01-30 07:00:00,9.81,9.93,9.73,9.89,534300
2024-01-31 07:00:00,9.89,9.93,9.81,9.85,368400
2024-02-01 07:00:00,9.85,9.89,9.73,9.81,387000
2024-02-02 07:00:00,9.81,9.89,9.65,9.69,714300
2024-02-05 07:00:00,9.53,9.77,9.53,9.69,459400
2024-02-06 07:00:00,9.69,9.93,9.69,9.93,487900
2024-02-07 07:00:00,9.93,9.97,9.85,9.85,295400
2024-02-15 07:00:00,9.85,10.24,9.85,9.89,488200
2024-02-16 07:00:00,9.97,10.24,9.97,10.13,819000
2024-02-19 07:00:00,10.17,10.24,9.85,10.13,962800
2024-02-20 07:00:00,10.13,10.2,10.05,10.05,640100
2024-02-21 07:00:00,10.05,10.13,9.97,10.01,782600
2024-02-22 07:00:00,10.01,10.01,9.93,9.97,400100
2024-02-23 07:00:00,9.97,10.05,9.85,9.89,469600
2024-02-26 07:00:00,9.89,10.13,9.85,10.09,627300
2024-02-27 07:00:00,10.09,10.13,9.42,10.01,293900
2024-02-28 07:00:00,10.17,10.17,9.97,9.97,494700
2024-02-29 07:00:00,9.97,10.05,9.93,9.97,733500
2024-03-01 07:00:00,10.01,10.17,10.01,10.05,458700
2024-03-04 07:00:00,10.05,10.72,10.05,10.72,3785500
2024-03-05 07:00:00,10.76,10.87,10.56,10.72,1363600
2024-03-06 07:00:00,10.72,10.72,10.24,10.4,824300
2024-03-07 07:00:00,10.44,10.44,10.28,10.32,1253100
2024-03-08 07:00:00,10.28,10.76,10.17,10.56,1019600
2024-03-11 07:00:00,10.56,10.84,10.4,10.6,2150700
2024-03-12 07:00:00,10.6,10.91,10.4,10.72,1018500
2024-03-13 07:00:00,10.72,10.99,10.72,10.8,1012000
2024-03-14 07:00:00,10.8,10.87,10.4,10.64,983100
2024-03-15 07:00:00,10.64,10.68,10.44,10.52,682500
2024-03-18 07:00:00,10.4,10.48,10.17,10.4,888800
2024-03-19 07:00:00,10.44,10.76,10.4,10.52,600800
2024-03-20 07:00:00,10.56,10.72,10.52,10.6,525200
2024-03-21 07:00:00,10.64,10.64,10.56,10.56,672100
2024-03-22 07:00:00,10.56,10.6,10.48,10.56,644700
2024-03-25 07:00:00,10.56,10.72,10.52,10.56,645800
2024-03-26 07:00:00,10.48,10.64,10.48,10.56,482400
2024-03-27 07:00:00,10.56,10.56,10.48,10.52,444100
2024-03-28 07:00:00,10.52,10.6,10.52,10.6,547200
2024-03-29 07:00:00,10.6,10.68,9.89,10.64,696800
2024-04-01 07:00:00,10.64,11.35,10.64,11.35,4186900
2024-04-02 07:00:00,11.35,11.62,11.35,11.54,1661800
2024-04-03 07:00:00,11.54,11.62,11.19,11.19,1620800
2024-04-04 07:00:00,11.19,11.82,11.03,11.82,2446100
2024-04-05 07:00:00,11.82,12.61,11.82,12.61,4640300
2024-04-08 07:00:00,12.61,13.0,12.17,12.77,3834400
2024-04-09 07:00:00,12.77,12.8,12.49,12.65,2059900
2024-04-10 07:00:00,12.65,13.16,12.57,13.08,2815800
2024-04-11 07:00:00,13.08,13.08,12.65,13.08,2270200
2024-04-12 07:00:00,13.08,13.95,13.08,13.95,5474600
2024-04-15 07:00:00,13.91,13.95,13.12,13.16,3727400
2024-04-16 07:00:00,13.12,13.16,12.45,13.0,2765200
2024-04-17 07:00:00,13.0,13.2,12.45,12.57,2445000
2024-04-19 07:00:00,12.21,12.53,11.82,12.37,3890100
2024-04-22 07:00:00,12.25,13.08,12.25,13.04,2059200
2024-04-23 07:00:00,13.04,13.79,12.77,13.24,2961800
2024-04-24 07:00:00,13.24,13.83,13.0,13.44,1912100
2024-04-25 07:00:00,13.44,13.87,13.44,13.63,2842300
2024-04-26 07:00:00,13.79,13.79,13.44,13.59,1542400
2024-05-02 07:00:00,13.59,13.91,13.28,13.63,2040700
2024-05-03 07:00:00,13.71,14.58,13.71,14.58,6741300
2024-05-06 07:00:00,15.52,15.56,14.66,15.56,3918900
2024-05-07 07:00:00,15.56,16.63,15.56,16.11,13290500
2024-05-08 07:00:00,16.11,16.27,15.37,15.52,4620300
2024-05-09 07:00:00,15.52,16.59,15.37,16.39,6581200
2024-05-10 07:00:00,16.78,16.78,15.92,16.0,2517400
2024-05-13 07:00:00,16.0,16.55,15.64,16.23,3923800
2024-05-14 07:00:00,16.23,17.18,16.19,17.18,7216300
2024-05-15 07:00:00,17.18,18.08,16.94,17.18,5401400
2024-05-16 07:00:00,17.22,17.57,16.86,17.18,3148400
2024-05-17 07:00:00,17.18,17.57,16.39,16.94,4711800
2024-05-20 07:00:00,16.94,17.53,16.74,17.34,3678200
2024-05-21 07:00:00,17.34,17.41,16.94,17.3,2594500
2024-05-22 07:00:00,17.3,17.97,17.3,17.81,4161000
2024-05-23 07:00:00,17.81,18.75,17.41,18.68,4030600
2024-05-24 07:00:00,18.75,19.46,18.08,19.07,4654400
2024-05-27 07:00:00,19.07,19.98,18.91,19.82,6719200
2024-05-28 07:00:00,19.94,21.2,19.31,21.2,9317700
2024-05-29 07:00:00,21.2,22.42,21.2,22.3,6449500
2024-05-30 07:00:00,22.3,22.46,21.12,21.83,6116600
2024-05-31 07:00:00,21.83,23.32,21.75,21.91,4053800
2024-06-03 07:00:00,21.99,23.09,21.91,22.93,5408500
2024-06-04 07:00:00,22.93,23.56,22.85,23.29,3712400
2024-06-05 07:00:00,23.29,23.64,22.54,22.93,4169600
2024-06-06 07:00:00,22.93,23.4,21.63,21.99,6960400
2024-06-07 07:00:00,21.43,22.85,21.43,22.85,5296700
2024-06-10 07:00:00,22.85,23.4,22.62,22.81,2406400
2024-06-11 07:00:00,22.81,22.81,22.14,22.38,1826400
2024-06-12 07:00:00,22.38,22.69,21.91,22.46,1997800
2024-06-13 07:00:00,22.46,22.93,22.46,22.77,2415400
2024-06-14 07:00:00,22.77,24.35,22.77,24.11,11335400
2024-06-17 07:00:00,24.11,25.22,24.03,24.74,4213800
2024-06-18 07:00:00,24.82,25.61,24.74,25.61,5035400
2024-06-19 07:00:00,25.53,27.38,25.53,27.38,6189000
2024-06-20 07:00:00,27.42,29.0,27.38,27.93,7779800
2024-06-21 07:00:00,27.93,28.29,26.83,27.7,6831900
2024-06-24 07:00:00,26.79,27.7,25.77,25.77,7644600
2024-06-25 07:00:00,25.77,27.19,23.99,26.79,7696900
2024-06-26 07:00:00,25.85,27.93,25.85,27.03,2911600
2024-06-27 07:00:00,26.79,27.46,26.56,27.07,3058800
2024-06-28 07:00:00,27.07,27.19,25.77,26.16,4254600
2024-07-01 07:00:00,26.12,27.5,26.0,27.19,3022200
2024-07-02 07:00:00,27.19,27.93,27.19,27.42,2672600
2024-07-03 07:00:00,27.42,27.7,26.95,27.03,2024200
2024-07-04 07:00:00,27.03,27.54,26.91,26.95,2174100
2024-07-05 07:00:00,26.95,28.76,26.4,28.64,7533500
2024-07-08 07:00:00,28.76,29.16,27.62,28.05,5629800
2024-07-09 07:00:00,28.05,28.21,27.11,27.23,5575300
2024-07-10 07:00:00,27.23,27.58,26.79,26.95,5123500
2024-07-11 07:00:00,26.95,27.46,26.79,27.26,1487900
2024-07-12 07:00:00,27.26,27.54,27.03,27.15,1887500
2024-07-15 07:00:00,27.15,27.46,26.48,26.48,3047300
2024-07-16 07:00:00,26.48,26.63,24.62,24.62,10552900
2024-07-17 07:00:00,24.59,24.59,22.93,22.93,8175600
2024-07-18 07:00:00,21.47,22.85,21.35,22.14,8823900
2024-07-19 07:00:00,22.1,22.14,20.61,20.61,4583000
2024-07-22 07:00:00,19.31,19.7,19.19,19.19,1197500
2024-07-23 07:00:00,17.85,17.85,17.85,17.85,688500
2024-07-24 07:00:00,16.63,17.81,16.63,17.1,14377700
2024-07-25 07:00:00,17.1,17.1,15.92,15.92,7300300
2024-07-26 07:00:00,15.76,16.74,15.05,16.47,9684700
2024-07-29 07:00:00,16.47,17.61,16.23,17.61,3765600
2024-07-30 07:00:00,17.69,18.83,17.69,17.97,9660700
2024-07-31 07:00:00,18.12,18.68,16.74,16.74,6029000
2024-08-01 07:00:00,16.31,16.74,15.76,16.27,7321100
2024-08-02 07:00:00,16.27,17.38,15.8,17.38,5684600
2024-08-05 07:00:00,17.38,17.38,16.19,16.19,6647800
2024-08-06 07:00:00,16.39,17.3,16.35,17.26,3494300
2024-08-07 07:00:00,17.26,17.57,16.55,16.9,2755000
2024-08-08 07:00:00,16.9,17.14,15.72,15.72,6907400
2024-08-09 07:00:00,15.72,16.15,14.89,15.01,7658600
2024-08-12 07:00:00,15.01,16.04,14.97,16.04,4970000
2024-08-13 07:00:00,16.08,16.51,15.76,16.43,3425700
2024-08-14 07:00:00,16.43,16.55,16.0,16.27,2248400
2024-08-15 07:00:00,16.27,16.27,15.64,16.0,1389900
2024-08-16 07:00:00,16.55,17.1,16.55,16.86,3155500
2024-08-19 07:00:00,16.86,17.3,16.55,16.63,2053800
2024-08-20 07:00:00,16.55,17.77,16.39,17.45,5309000
2024-08-21 07:00:00,17.45,17.65,17.18,17.34,1944000
2024-08-22 07:00:00,17.34,17.73,17.18,17.38,1482700
2024-08-23 07:00:00,17.38,17.38,16.71,17.22,1889100
2024-08-26 07:00:00,16.63,17.26,16.04,16.63,2106200
2024-08-27 07:00:00,16.63,16.78,16.23,16.39,1426500
2024-08-28 07:00:00,16.35,16.86,16.27,16.78,1615200
2024-08-29 07:00:00,16.78,16.94,16.74,16.86,1752300
2024-08-30 07:00:00,16.94,17.61,16.82,17.41,2857000
2024-09-04 07:00:00,17.26,17.26,16.63,16.94,1738400
2024-09-05 07:00:00,16.94,17.22,16.63,16.94,1884400
2024-09-06 07:00:00,16.94,16.94,16.55,16.78,1073800
2024-09-09 07:00:00,16.78,16.86,16.15,16.35,1725300
2024-09-10 07:00:00,16.27,16.47,15.76,16.04,1515300
2024-09-11 07:00:00,16.04,16.59,15.72,16.39,1135400
2024-09-12 07:00:00,16.55,16.71,16.15,16.35,434500
2024-09-13 07:00:00,15.84,16.63,15.84,16.47,917900
2024-09-16 07:00:00,16.43,16.43,15.76,16.27,805800
2024-09-17 07:00:00,16.27,16.47,16.08,16.47,828200
2024-09-18 07:00:00,16.51,17.38,16.51,17.26,3178400
2024-09-19 07:00:00,17.26,17.26,16.98,17.18,933800
2024-09-20 07:00:00,17.18,17.45,16.9,17.14,1208800
2024-09-23 07:00:00,17.14,17.14,16.63,16.71,1235000
2024-09-24 07:00:00,16.71,16.78,16.67,16.78,599800
2024-09-25 07:00:00,16.98,17.14,16.86,17.1,1707400
2024-09-26 07:00:00,17.1,17.14,16.71,16.74,1441600
2024-09-27 07:00:00,16.78,16.94,16.67,16.9,1796300
2024-09-30 07:00:00,16.9,16.94,16.55,16.59,841500
2024-10-01 07:00:00,16.94,17.18,16.59,16.71,874900
2024-10-02 07:00:00,16.71,16.71,16.51,16.51,1454100
2024-10-03 07:00:00,16.59,16.63,16.08,16.15,1757500
2024-10-04 07:00:00,16.15,16.39,15.92,16.04,908800
2024-10-07 07:00:00,16.04,16.39,16.04,16.04,1097500
2024-10-08 07:00:00,16.04,16.23,16.0,16.08,544100
2024-10-09 07:00:00,16.11,16.71,15.05,16.59,1517900
2024-10-10 07:00:00,16.63,16.9,16.59,16.67,950200
2024-10-11 07:00:00,16.67,16.9,16.55,16.55,1060100
2024-10-14 07:00:00,16.55,16.71,16.39,16.51,717100
2024-10-15 07:00:00,16.51,16.51,16.23,16.23,940000
2024-10-16 07:00:00,16.23,16.43,16.15,16.19,640400
2024-10-17 07:00:00,16.23,16.39,15.96,16.23,1066900
2024-10-18 07:00:00,16.23,16.51,16.23,16.31,623700
2024-10-21 07:00:00,16.23,16.47,16.15,16.35,801400
2024-10-22 07:00:00,16.31,16.47,16.23,16.31,750400
2024-10-23 07:00:00,16.15,16.35,16.15,16.23,339800
2024-10-24 07:00:00,16.19,16.31,16.11,16.15,446600
2024-10-25 07:00:00,16.15,16.19,16.0,16.0,742800
2024-10-28 07:00:00,16.0,16.31,16.0,16.23,362100
2024-10-29 07:00:00,16.23,17.34,16.23,17.34,3878800
2024-10-30 07:00:00,17.34,18.08,17.26,17.61,2851800
2024-10-31 07:00:00,17.61,18.48,17.57,18.32,4046400
2024-11-01 07:00:00,18.4,18.4,17.34,17.73,2025000
2024-11-04 07:00:00,16.94,17.73,16.55,17.02,1695900
2024-11-05 07:00:00,17.02,18.01,17.02,17.97,2143600
2024-11-06 07:00:00,18.05,18.52,17.65,17.77,2089200
2024-11-07 07:00:00,17.97,18.68,17.89,18.32,3147800
2024-11-08 07:00:00,18.28,19.58,18.28,19.54,6071700
2024-11-11 07:00:00,19.54,20.49,19.54,20.37,3600200
2024-11-12 07:00:00,20.37,20.88,19.74,19.9,3268200
2024-11-13 07:00:00,19.74,20.49,19.31,20.49,3570000
2024-11-14 07:00:00,20.49,21.59,20.05,20.68,3981700
2024-11-15 07:00:00,20.17,20.57,19.31,20.17,2632500
2024-11-18 07:00:00,19.7,20.72,19.15,20.17,2078800
2024-11-19 07:00:00,20.33,21.12,19.38,19.5,3283500
2024-11-20 07:00:00,19.62,20.29,19.54,20.13,3020200
2024-11-21 07:00:00,20.17,21.08,20.13,20.92,3980200
2024-11-22 07:00:00,21.12,22.38,21.04,21.63,3711200
2024-11-25 07:00:00,21.59,22.54,21.59,22.14,3321300
2024-11-26 07:00:00,22.14,23.01,21.43,21.55,3890200
2024-11-27 07:00:00,21.59,21.91,21.43,21.55,1694900
2024-11-28 07:00:00,21.99,22.46,21.47,21.59,1405300
2024-11-29 07:00:00,21.67,22.22,21.59,21.99,2766300
2024-12-02 07:00:00,22.62,22.77,21.91,22.1,2976500
2024-12-03 07:00:00,22.1,22.42,21.71,21.71,3093000
2024-12-04 07:00:00,21.71,21.79,20.88,21.28,2878600
2024-12-05 07:00:00,21.63,21.83,20.61,20.61,4744600
2024-12-06 07:00:00,20.61,20.88,20.25,20.65,2144200
2024-12-09 07:00:00,20.65,21.51,20.65,21.43,2253400
2024-12-10 07:00:00,21.43,22.18,21.43,21.83,2758700
2024-12-11 07:00:00,21.99,22.06,21.39,21.51,2241700
2024-12-12 07:00:00,21.51,21.67,21.0,21.12,2021500
2024-12-13 07:00:00,21.12,21.28,20.84,20.88,1307300
2024-12-16 07:00:00,20.88,21.63,20.88,21.55,2057500
2024-12-17 07:00:00,21.55,21.75,21.28,21.32,1264800
2024-12-18 07:00:00,21.35,21.67,21.04,21.59,1771100
2024-12-19 07:00:00,21.55,21.67,21.32,21.59,1941700
2024-12-20 07:00:00,21.83,23.09,21.67,23.09,6492000
2024-12-23 07:00:00,23.09,24.7,23.09,23.99,4290700
2024-12-24 07:00:00,23.92,24.03,23.32,23.48,2592400
2024-12-25 07:00:00,23.64,23.76,22.46,22.58,5604900
2024-12-26 07:00:00,22.58,23.01,22.42,22.85,2531500
2024-12-27 07:00:00,23.25,23.25,22.38,22.85,1753000
2024-12-30 07:00:00,23.64,23.64,22.46,22.46,1278100
2024-12-31 07:00:00,22.46,22.58,22.06,22.58,1399700
2025-01-02 07:00:00,22.77,23.4,22.77,23.01,2545100
2025-01-03 07:00:00,23.01,23.01,22.26,22.38,1807700
2025-01-06 07:00:00,21.12,22.42,21.12,21.43,2440800
2025-01-07 07:00:00,21.99,22.93,21.35,21.47,1981300
2025-01-08 07:00:00,21.67,21.99,21.28,21.91,680100
2025-01-09 07:00:00,21.75,21.95,21.67,21.67,803400
2025-01-10 07:00:00,21.63,21.67,21.12,21.12,1424800
2025-01-13 07:00:00,21.12,21.12,20.09,20.49,2026100
2025-01-14 07:00:00,20.49,20.68,19.82,19.9,1739100
2025-01-15 07:00:00,19.94,20.72,19.94,20.68,1321400
2025-01-16 07:00:00,20.72,20.84,20.49,20.84,647100
2025-01-17 07:00:00,20.84,21.43,20.84,21.32,996300
2025-01-20 07:00:00,21.32,21.67,21.08,21.12,608000
2025-01-21 07:00:00,21.12,21.28,20.49,20.76,1155900
2025-01-22 07:00:00,20.8,21.28,20.68,21.28,1429000
2025-01-23 07:00:00,21.28,22.06,21.28,21.35,917200
2025-01-24 07:00:00,21.35,21.47,21.0,21.16,1734000
2025-02-03 07:00:00,21.12,22.62,21.12,21.75,1671400
2025-02-04 07:00:00,21.79,22.22,21.79,21.83,1263800
2025-02-05 07:00:00,21.83,21.87,21.43,21.63,1007800
2025-02-06 07:00:00,21.59,21.75,21.39,21.67,1135100
2025-02-07 07:00:00,21.67,21.99,21.59,21.67,995700
2025-02-10 07:00:00,21.67,21.71,21.0,21.0,1547900
2025-02-11 07:00:00,21.04,21.71,21.04,21.71,1693300
2025-02-12 07:00:00,21.71,21.87,21.43,21.55,456600
2025-02-13 07:00:00,20.96,21.55,20.96,21.47,667700
2025-02-14 07:00:00,21.55,22.97,21.47,22.97,5251200
2025-02-17 07:00:00,23.64,24.03,22.46,22.46,4352100
2025-02-18 07:00:00,22.54,22.93,22.06,22.54,2379900
2025-02-19 07:00:00,22.54,23.09,22.54,22.81,2699200
2025-02-20 07:00:00,22.81,22.97,22.22,22.34,2031100
2025-02-21 07:00:00,22.34,22.69,22.1,22.22,1230800
2025-02-24 07:00:00,22.22,22.3,21.75,21.99,1706400
2025-02-25 07:00:00,21.99,22.38,21.59,22.18,1337800
2025-02-26 07:00:00,22.85,22.85,21.99,22.06,1046100
2025-02-27 07:00:00,22.06,22.06,21.83,22.06,1222000
2025-02-28 07:00:00,22.06,22.22,21.91,21.95,1142800
2025-03-03 07:00:00,22.02,22.06,21.79,21.91,1247700
2025-03-04 07:00:00,21.87,22.54,21.59,22.38,1390300
2025-03-05 07:00:00,22.38,22.85,22.22,22.22,1781600
2025-03-06 07:00:00,22.3,22.85,22.22,22.54,1774700
2025-03-07 07:00:00,22.54,22.62,22.3,22.34,999800
2025-03-10 07:00:00,22.34,22.85,22.26,22.38,1263200
2025-03-11 07:00:00,22.38,23.4,22.06,23.05,4188100
2025-03-12 07:00:00,23.05,23.32,22.66,22.77,1293800
2025-03-13 07:00:00,22.77,22.85,22.34,22.38,1577600
2025-03-14 07:00:00,22.06,22.46,21.79,21.95,2272700
2025-03-17 07:00:00,21.95,23.17,21.91,22.77,2769400
2025-03-18 07:00:00,22.77,22.85,22.3,22.38,1115600
2025-03-19 07:00:00,22.38,22.38,22.02,22.38,865400
2025-03-20 07:00:00,22.3,22.58,22.1,22.42,668400
2025-03-21 07:00:00,22.38,22.97,22.38,22.69,1998900
2025-03-24 07:00:00,22.69,24.11,22.69,23.6,5421600
2025-03-25 07:00:00,23.6,23.64,23.09,23.17,1839400
2025-03-26 07:00:00,23.17,23.17,22.54,23.01,2121500
2025-03-27 07:00:00,23.01,23.32,22.73,22.73,1659500
2025-03-28 07:00:00,22.85,22.85,22.46,22.69,1596300
2025-03-31 07:00:00,22.69,22.77,22.06,22.77,2499300
2025-04-01 07:00:00,22.77,23.56,22.77,23.13,2207300
2025-04-02 07:00:00,23.13,24.23,22.85,23.6,4239100
2025-04-03 07:00:00,22.85,22.85,21.99,21.99,857000
2025-04-04 07:00:00,20.49,22.81,20.45,22.38,6379100
2025-04-08 07:00:00,22.46,22.46,20.84,20.84,3666100
2025-04-09 07:00:00,20.05,21.16,19.38,20.33,3895400
2025-04-10 07:00:00,21.75,21.75,21.75,21.75,91100
2025-04-11 07:00:00,22.06,23.13,21.79,23.05,4303100
2025-04-14 07:00:00,23.09,24.62,22.69,24.62,10159800
2025-04-15 07:00:00,24.66,25.41,24.03,25.14,4807800
2025-04-16 07:00:00,25.06,25.1,24.03,24.27,4992900
2025-04-17 07:00:00,24.19,25.85,24.07,25.85,4824400
2025-04-18 07:00:00,25.81,26.67,24.43,24.43,5480500
2025-04-21 07:00:00,24.31,24.9,22.73,24.03,3319300
2025-04-22 07:00:00,24.03,25.37,22.42,25.14,7298000
2025-04-23 07:00:00,25.14,26.79,24.74,24.74,1714600
2025-04-24 07:00:00,24.74,25.22,24.43,24.62,1416500
2025-04-25 07:00:00,24.62,24.82,24.07,24.23,2105200
2025-04-28 07:00:00,24.27,25.37,24.23,24.47,2014200
2025-04-29 07:00:00,24.47,25.18,24.43,24.9,1952200
2025-05-05 07:00:00,26.32,26.32,25.41,25.61,2327300
2025-05-06 07:00:00,25.93,26.71,25.77,26.44,4382300
2025-05-07 07:00:00,26.52,27.58,26.52,27.54,6539900
2025-05-08 07:00:00,27.58,27.86,26.99,27.34,2795500
2025-05-09 07:00:00,27.26,27.26,26.4,27.26,3015000
2025-05-12 07:00:00,27.58,27.58,26.83,27.26,1697900
2025-05-13 07:00:00,27.26,27.54,26.95,27.46,2207500
2025-05-14 07:00:00,27.82,27.82,27.11,27.15,2384100
2025-05-15 07:00:00,27.5,27.5,27.11,27.23,2119200
2025-05-16 07:00:00,27.26,27.26,26.79,26.79,2539300
2025-05-19 07:00:00,26.4,27.11,26.12,26.79,3099900
2025-05-20 07:00:00,27.03,27.03,26.83,26.87,1872700
2025-05-21 07:00:00,26.91,28.72,26.91,28.72,7054300
2025-05-22 07:00:00,29.04,30.73,29.04,30.46,5198500
2025-05-23 07:00:00,30.42,30.85,29.55,30.34,2386800
2025-05-26 07:00:00,30.61,30.73,29.94,30.38,1726800
2025-05-27 07:00:00,30.42,31.84,30.38,31.64,3441800
2025-05-28 07:00:00,31.91,32.27,31.17,31.17,3214000
2025-05-29 07:00:00,31.2,31.2,30.22,30.73,3253000
2025-05-30 07:00:00,30.69,30.69,29.67,29.67,3220000
2025-06-02 07:00:00,29.9,30.06,29.71,29.9,3264200
2025-06-03 07:00:00,30.34,31.01,29.23,30.73,4652800
2025-06-04 07:00:00,30.61,30.65,30.02,30.57,1868600
2025-06-05 07:00:00,30.57,30.97,30.46,30.46,2724600
2025-06-06 07:00:00,30.42,30.5,30.1,30.18,1113100
2025-06-09 07:00:00,30.42,31.05,30.1,30.38,2827300
2025-06-10 07:00:00,30.38,31.01,30.38,30.5,1887700
2025-06-11 07:00:00,30.73,30.97,30.42,30.97,2700000
2025-06-12 07:00:00,31.13,31.84,31.13,31.76,2972800
2025-06-13 07:00:00,31.13,31.36,29.94,30.02,5935000
2025-06-16 07:00:00,30.26,30.26,29.39,29.87,3672200
2025-06-17 07:00:00,30.02,30.73,30.02,30.69,3400700
2025-06-18 07:00:00,30.65,31.13,30.38,30.38,1599700
2025-06-19 07:00:00,30.38,30.38,29.63,29.94,2030000
2025-06-20 07:00:00,29.79,29.79,29.63,29.63,1581400
2025-06-23 07:00:00,29.47,29.47,28.45,28.76,3406100
2025-06-24 07:00:00,30.5,30.5,29.59,29.87,2633100
2025-06-25 07:00:00,29.87,29.87,29.47,29.47,2046600
2025-06-26 07:00:00,29.75,30.18,29.55,29.79,1215600
2025-06-27 07:00:00,29.83,29.87,29.47,29.75,1450400
2025-06-30 07:00:00,29.71,30.06,29.39,29.87,1475200
2025-07-01 07:00:00,30.06,30.65,30.02,30.65,3204000
2025-07-02 07:00:00,30.85,30.97,30.34,30.42,1347100
2025-07-03 07:00:00,30.34,30.61,30.18,30.22,1350300
2025-07-04 07:00:00,30.34,30.57,30.18,30.26,1569000
2025-07-07 07:00:00,30.26,30.34,29.94,29.94,1813000
2025-07-08 07:00:00,30.22,30.22,29.87,29.94,2525700
2025-07-09 07:00:00,29.94,30.18,29.94,30.02,2308600
2025-07-10 07:00:00,30.02,30.1,29.79,29.79,1966000
2025-07-11 07:00:00,29.79,29.79,29.31,29.31,3140500
2025-07-14 07:00:00,29.43,29.51,29.35,29.39,1221400
2025-07-15 07:00:00,29.63,29.94,29.59,29.63,2380500
2025-07-16 07:00:00,29.94,29.94,29.71,29.71,1291000
2025-07-17 07:00:00,29.79,29.79,29.51,29.51,2772300
2025-07-18 07:00:00,29.83,29.87,29.47,29.55,3203400
2025-07-21 07:00:00,31.6,31.6,31.6,31.6,761100
2025-07-22 07:00:00,33.7,33.7,32.5,33.1,3865600
2025-07-23 07:00:00,33.4,34.95,33.4,34.0,3057300
2025-07-24 07:00:00,34.45,34.45,33.2,33.2,1106800
2025-07-25 07:00:00,32.9,33.7,32.9,33.55,1376900
2025-07-28 07:00:00,34.1,34.1,33.1,33.5,2443700
2025-07-29 07:00:00,33.55,33.55,32.0,32.0,2659500
2025-07-30 07:00:00,32.5,33.1,32.05,33.1,1668500
2025-07-31 07:00:00,33.5,33.6,32.55,32.8,1626700
2025-08-01 07:00:00,32.95,32.95,32.5,32.5,973100
2025-08-04 07:00:00,32.8,32.9,32.8,32.85,905400
2025-08-05 07:00:00,32.9,33.5,32.9,33.0,1708800
2025-08-06 07:00:00,33.0,33.0,32.8,32.85,969900
2025-08-07 07:00:00,32.9,33.0,32.7,32.75,1297600
2025-08-08 07:00:00,32.75,32.9,32.6,32.75,1706600
2025-08-11 07:00:00,32.7,32.7,32.55,32.65,1211200
2025-08-12 07:00:00,32.65,32.65,32.35,32.4,1403600
2025-08-13 07:00:00,32.3,32.3,31.7,31.75,1995200
2025-08-14 07:00:00,31.8,31.8,31.5,31.55,1472400
2025-08-15 07:00:00,31.55,31.55,30.5,30.5,2224100
2025-08-18 07:00:00,30.4,30.4,29.6,29.65,2876700
2025-08-19 07:00:00,29.8,31.7,29.8,31.7,1048600
2025-08-20 07:00:00,33.7,33.7,31.85,32.5,3283600
2025-08-21 07:00:00,33.0,33.0,32.0,32.05,1386000
2025-08-22 07:00:00,32.0,32.0,30.55,30.85,1234700
2025-08-25 07:00:00,31.05,31.25,30.3,30.4,1003500
2025-08-26 07:00:00,30.3,30.9,30.3,30.65,535000
2025-08-27 07:00:00,31.0,31.0,30.6,30.9,832000
2025-08-28 07:00:00,32.25,32.25,31.0,31.3,1469600
2025-08-29 07:00:00,31.25,31.25,30.8,31.0,1010400
2025-09-03 07:00:00,31.0,31.0,30.8,31.0,776900
2025-09-04 07:00:00,31.05,31.1,30.75,31.05,1094400
2025-09-05 07:00:00,31.0,31.05,30.8,30.95,1153800
2025-09-08 07:00:00,30.8,31.0,30.65,30.8,1214300
2025-09-09 07:00:00,30.7,31.5,30.7,31.5,877600
2025-09-10 07:00:00,32.0,32.4,31.5,32.0,1741700
2025-09-11 07:00:00,32.05,32.95,31.8,32.9,2859400
2025-09-12 07:00:00,33.2,33.95,32.8,33.95,4132500
2025-09-15 07:00:00,35.0,36.3,35.0,36.3,3659100
2025-09-16 07:00:00,38.0,38.45,37.5,38.25,6827400
2025-09-17 07:00:00,38.2,38.2,37.0,37.45,2045600
2025-09-18 07:00:00,37.8,38.0,37.45,37.9,2453800
2025-09-19 07:00:00,38.05,38.05,35.8,35.8,5583700
2025-09-22 07:00:00,36.0,37.5,36.0,37.5,3500600
2025-09-23 07:00:00,38.3,38.3,36.6,38.0,1579000
2025-09-24 07:00:00,37.9,38.2,36.6,38.2,1949700
2025-09-25 07:00:00,37.45,37.95,37.4,37.4,607000
2025-09-26 07:00:00,37.05,37.05,36.5,36.5,903300
2025-09-29 07:00:00,36.7,36.8,35.0,35.0,1355400
2025-09-30 07:00:00,34.2,35.3,34.2,35.0,1312500
2025-10-01 07:00:00,35.0,35.1,34.95,34.95,1023700
2025-10-02 07:00:00,35.0,35.0,34.9,34.9,1078500
2025-10-03 07:00:00,34.5,34.65,34.15,34.15,1022900
2025-10-06 07:00:00,34.2,35.0,34.2,35.0,623000
2025-10-07 07:00:00,35.05,35.05,34.2,34.3,969900
2025-10-08 07:00:00,34.95,34.95,34.7,34.9,523500
2025-10-09 07:00:00,35.0,35.2,34.45,34.7,1056500
2025-10-10 07:00:00,34.8,36.2,34.8,36.2,1039900
2025-10-13 07:00:00,35.4,36.0,35.4,35.7,655100
2025-10-14 07:00:00,35.8,35.95,35.2,35.2,1016200
2025-10-15 07:00:00,35.65,35.7,35.0,35.1,727200
2025-10-16 07:00:00,35.7,35.75,35.5,35.6,559200
2025-10-17 07:00:00,35.6,35.6,35.0,35.0,588100
2025-10-20 07:00:00,35.0,36.25,32.6,32.6,1402300
2025-10-21 07:00:00,34.0,34.5,33.5,34.5,1271700
2025-10-22 07:00:00,35.0,35.0,34.0,34.45,691500
2025-10-23 07:00:00,34.45,34.45,33.6,33.75,1573600
2025-10-24 07:00:00,34.0,34.6,33.05,33.1,1213700
2025-10-27 07:00:00,33.7,34.2,33.0,33.0,981200
2025-10-28 07:00:00,33.0,33.1,32.05,33.1,1411500
2025-10-29 07:00:00,33.45,33.45,32.5,32.5,1262700
2025-10-30 07:00:00,32.9,33.45,32.5,33.0,580900
2025-10-31 07:00:00,33.0,33.0,31.5,31.6,2582100
2025-11-03 07:00:00,31.9,32.0,30.75,30.75,1393700
2025-11-04 07:00:00,30.55,30.65,30.1,30.65,981900
2025-11-05 07:00:00,30.65,32.2,30.5,31.7,1016500
2025-11-06 07:00:00,32.0,32.0,31.3,31.3,566000
2025-11-07 07:00:00,30.6,30.6,30.4,30.4,2267800
2025-11-10 07:00:00,30.4,30.4,29.6,29.8,1096800
2025-11-11 07:00:00,29.5,29.7,28.5,28.5,2330800
2025-11-12 07:00:00,29.7,29.75,29.0,29.7,892200
2025-11-13 07:00:00,29.5,29.5,29.2,29.3,862100
2025-11-14 07:00:00,29.5,29.5,29.15,29.2,1075700
2025-11-17 07:00:00,29.2,29.65,29.2,29.5,537200
2025-11-18 07:00:00,29.6,30.45,29.6,30.25,1661200
2025-11-19 07:00:00,30.4,30.4,29.85,29.9,781100
2025-11-20 07:00:00,29.9,30.25,29.9,29.95,644500
2025-11-21 07:00:00,29.9,29.9,29.55,29.55,637400
2025-11-24 07:00:00,29.55,30.0,29.55,29.7,541200
2025-11-25 07:00:00,29.65,29.9,29.0,29.0,952100
2025-11-26 07:00:00,29.0,29.6,29.0,29.25,360300
2025-11-27 07:00:00,29.35,29.6,29.25,29.25,587700
2025-11-28 07:00:00,29.4,29.4,28.9,28.9,549700
2025-12-01 07:00:00,28.95,28.95,28.05,28.05,1651800
2025-12-02 07:00:00,28.0,29.0,27.95,28.15,1688800
2025-12-03 07:00:00,28.3,29.0,28.2,28.8,882400
2025-12-04 07:00:00,28.8,29.45,28.6,29.45,934600
2025-12-05 07:00:00,29.45,29.45,28.65,28.85,1024700
2025-12-08 07:00:00,28.85,28.85,28.15,28.45,1323100
2025-12-09 07:00:00,28.4,28.5,28.15,28.3,841500
2025-12-10 07:00:00,28.3,28.4,28.3,28.3,387800
2025-12-11 07:00:00,28.4,28.4,28.05,28.05,836300
2025-12-12 07:00:00,27.95,27.95,26.4,26.4,1844000
2025-12-15 07:00:00,26.45,27.45,26.4,26.9,1133000
2025-12-16 07:00:00,27.0,27.3,26.45,27.2,851300
2025-12-17 07:00:00,27.2,27.2,26.3,26.4,1716000
2025-12-18 07:00:00,26.4,26.65,26.1,26.15,1048100
2025-12-19 07:00:00,26.5,26.5,25.7,25.7,2623000
2025-12-22 07:00:00,26.15,26.95,26.1,26.7,1218700
2025-12-23 07:00:00,26.9,26.9,26.2,26.2,830300
2025-12-24 07:00:00,26.3,26.55,26.1,26.15,849300
2025-12-25 07:00:00,26.15,26.4,25.7,25.7,1588400
2025-12-26 07:00:00,25.9,25.9,25.45,25.9,938700
2025-12-29 07:00:00,25.95,26.05,25.7,25.75,1054500
2025-12-30 07:00:00,25.75,25.8,25.3,25.3,1338400
2025-12-31 07:00:00,25.2,25.7,24.9,24.9,1715000
2026-01-05 07:00:00,25.0,25.9,24.9,24.9,1729800
2026-01-06 07:00:00,25.0,25.5,24.5,24.6,1826900
2026-01-07 07:00:00,24.7,26.0,24.7,26.0,2172500
2026-01-08 07:00:00,27.0,27.5,26.55,26.55,3598600
2026-01-09 07:00:00,26.95,26.95,26.6,26.85,1654500
2026-01-12 07:00:00,27.75,28.4,27.75,27.8,3074900
2026-01-13 07:00:00,28.3,28.3,27.7,27.75,2303300
2026-01-14 07:00:00,27.95,29.65,27.6,29.65,4412700
2026-01-15 07:00:00,31.4,31.4,30.3,30.65,4912900
2026-01-16 07:00:00,30.75,30.75,29.5,29.5,3203700
2026-01-19 07:00:00,29.5,29.5,28.25,28.3,2860400
2026-01-20 07:00:00,29.25,29.4,28.65,29.1,2284300
2026-01-21 07:00:00,28.7,28.75,28.25,28.35,1655300
2026-01-22 07:00:00,28.7,28.85,28.45,28.45,1045600
2026-01-23 07:00:00,28.5,28.5,27.65,27.65,2990000
2026-01-26 07:00:00,27.5,27.5,26.6,26.6,1921400
2026-01-27 07:00:00,26.4,26.4,25.75,25.75,2448600
2026-01-28 07:00:00,25.5,27.5,25.5,26.25,1601800
2026-01-29 07:00:00,26.3,27.45,26.3,27.2,1341400
2026-01-30 07:00:00,27.5,27.5,26.9,26.95,902400
2026-02-02 07:00:00,27.2,27.2,26.55,26.8,1211900
2026-02-03 07:00:00,26.9,27.0,26.8,27.0,999100
2026-02-04 07:00:00,27.0,27.0,26.75,26.8,1219700
2026-02-05 07:00:00,26.9,26.9,26.45,26.45,1125100
2026-02-06 07:00:00,26.1,26.15,25.9,26.05,1587300
2026-02-09 07:00:00,26.1,26.5,26.0,26.1,827800
2026-02-10 07:00:00,26.1,26.25,26.1,26.25,562000
2026-02-11 07:00:00,26.35,26.7,26.25,26.7,760700
2026-02-12 07:00:00,26.95,27.15,26.8,27.05,598100
2026-02-13 07:00:00,27.1,27.5,27.1,27.5,1400900
2026-02-23 07:00:00,28.55,28.55,28.05,28.2,1867700
2026-02-24 07:00:00,28.05,28.05,27.65,27.65,1776100
2026-02-25 07:00:00,28.0,28.1,27.7,27.8,1226800
2026-02-26 07:00:00,27.8,27.8,27.55,27.65,1041200
2026-02-27 07:00:00,27.6,27.6,27.4,27.6,1149200
2026-03-02 07:00:00,25.9,26.75,25.9,26.4,3762400
2026-03-03 07:00:00,26.3,26.3,25.2,25.2,3243400
2026-03-04 07:00:00,25.5,25.8,24.5,24.75,3959400
2026-03-05 07:00:00,25.4,25.65,24.75,24.75,1942900
2026-03-06 07:00:00,24.85,24.85,24.35,24.35,1899900
2026-03-09 07:00:00,22.65,22.65,22.65,22.65,2926000
2026-03-10 07:00:00,23.05,23.2,22.7,22.8,4357100
2026-03-11 07:00:00,23.2,23.35,22.8,23.35,3166400
2026-03-12 07:00:00,23.45,23.5,22.9,22.9,2027400
2026-03-13 07:00:00,22.75,22.75,22.5,22.55,1873700
2026-03-16 07:00:00,22.8,22.8,22.0,22.05,1450800
2026-03-17 07:00:00,22.8,22.8,22.25,22.25,1237700
2026-03-18 07:00:00,22.05,22.2,21.4,21.4,2316000
2026-03-19 07:00:00,21.0,21.0,20.2,20.85,1878300
2026-03-20 07:00:00,20.7,21.2,20.3,20.3,2613200
2026-03-23 07:00:00,20.3,20.3,19.3,19.3,1526000
2026-03-24 07:00:00,19.95,20.65,19.85,20.65,1232900
2026-03-25 07:00:00,20.65,22.05,20.65,22.05,1711200
2026-03-26 07:00:00,22.1,22.65,21.85,22.05,1136600
2026-03-27 07:00:00,22.3,22.3,21.4,21.95,1079300
2026-03-30 07:00:00,21.45,21.45,21.15,21.4,1112900
2026-03-31 07:00:00,21.55,21.55,21.2,21.3,806800
2026-04-01 07:00:00,22.0,22.5,22.0,22.4,1982600
2026-04-02 07:00:00,22.4,22.5,22.1,22.1,992000
2026-04-03 07:00:00,22.1,22.5,21.6,21.6,1040800
2026-04-06 07:00:00,21.6,21.9,21.45,21.45,587900
2026-04-07 07:00:00,21.6,21.65,21.35,21.4,544000
2026-04-08 07:00:00,22.8,22.8,22.3,22.7,1542500
2026-04-09 07:00:00,22.3,22.4,22.25,22.35,630900
2026-04-10 07:00:00,22.45,22.6,22.4,22.5,746500
2026-04-13 07:00:00,22.0,22.3,22.0,22.25,557200
2026-04-14 07:00:00,22.5,22.5,22.3,22.35,638500
2026-04-15 07:00:00,23.0,23.0,22.8,22.9,1264800
2026-04-16 07:00:00,23.0,23.35,23.0,23.1,889700
2026-04-17 07:00:00,23.25,23.25,22.85,22.85,659100
2026-04-20 07:00:00,22.9,22.9,22.75,22.75,714900
2026-04-21 07:00:00,22.7,22.75,22.5,22.5,590000
2026-04-22 07:00:00,22.3,23.0,22.3,22.8,619600
2026-04-23 07:00:00,22.8,23.0,22.6,22.65,665000
2026-04-24 07:00:00,22.6,22.75,22.55,22.65,307900
2026-04-28 07:00:00,22.65,22.75,22.4,22.4,403500
2026-04-29 07:00:00,22.5,22.8,22.4,22.6,401500
2026-05-04 07:00:00,22.9,22.9,22.6,22.65,519300
2026-05-05 07:00:00,22.65,22.65,22.35,22.35,347100
2026-05-06 07:00:00,22.4,22.6,22.4,22.5,519500
2026-05-07 07:00:00,22.6,22.8,22.6,22.7,832100
2026-05-08 07:00:00,22.7,22.7,22.25,22.25,696800
2026-05-11 07:00:00,22.35,22.35,21.6,21.6,1260600
2026-05-12 07:00:00,21.6,21.75,21.6,21.6,434800
2026-05-13 07:00:00,21.6,21.6,21.0,21.15,1102500
2026-05-14 07:00:00,21.3,21.7,21.25,21.25,513700
2026-05-15 07:00:00,21.4,21.5,21.25,21.35,563100
2026-05-18 07:00:00,21.0,21.25,20.95,21.25,643000
2026-05-19 07:00:00,21.7,21.85,21.4,21.4,668300
2026-05-20 07:00:00,21.3,21.6,21.15,21.2,390800
2026-05-21 07:00:00,21.55,21.55,21.15,21.15,390100
2026-05-22 07:00:00,21.15,21.4,20.9,20.95,800700
2026-05-25 07:00:00,21.3,21.3,21.25,21.25,334600
2026-05-26 07:00:00,21.35,21.9,21.3,21.9,613900
2026-05-27 07:00:00,22.0,22.0,21.7,21.8,350300
