time,open,high,low,close,volume
2018-01-02 07:00:00,13.88,14.13,13.88,13.88,77120
2018-01-03 07:00:00,14.05,14.05,13.8,13.86,51700
2018-01-04 07:00:00,13.9,13.9,13.75,13.85,5900
2018-01-05 07:00:00,13.85,13.85,13.7,13.85,2400
2018-01-08 07:00:00,14.44,14.44,13.85,13.85,63600
2018-01-09 07:00:00,13.85,13.85,13.6,13.6,15800
2018-01-10 07:00:00,13.55,13.7,13.55,13.7,2800
2018-01-11 07:00:00,13.7,13.7,13.5,13.6,14600
2018-01-12 07:00:00,13.7,13.7,13.5,13.5,22700
2018-01-15 07:00:00,13.5,13.65,13.4,13.65,34800
2018-01-16 07:00:00,13.45,13.7,13.35,13.35,43500
2018-01-17 07:00:00,13.35,13.45,12.9,12.9,136120
2018-01-18 07:00:00,12.95,12.95,12.5,12.6,64510
2018-01-19 07:00:00,12.7,12.7,12.45,12.45,64900
2018-01-22 07:00:00,12.6,12.75,12.4,12.45,176800
2018-01-23 07:00:00,13.95,13.95,12.2,12.2,185400
2018-01-24 07:00:00,12.9,13.1,12.84,12.95,241430
2018-01-25 07:00:00,13.1,13.37,12.84,13.1,432100
2018-01-26 07:00:00,13.1,14.1,13.1,13.79,113119
2018-01-29 07:00:00,13.84,13.84,13.57,13.62,153700
2018-01-30 07:00:00,13.57,13.68,13.46,13.52,137821
2018-01-31 07:00:00,13.57,13.57,13.41,13.41,94300
2018-02-01 07:00:00,13.35,13.46,12.87,12.98,283530
2018-02-02 07:00:00,12.7,12.98,12.6,12.98,18410
2018-02-05 07:00:00,12.98,12.98,12.6,12.6,225600
2018-02-06 07:00:00,12.43,12.43,11.89,12.43,101300
2018-02-07 07:00:00,12.43,12.49,12.33,12.33,291900
2018-02-08 07:00:00,12.33,12.43,12.33,12.33,367700
2018-02-09 07:00:00,12.16,12.16,11.35,12.0,207300
2018-02-12 07:00:00,12.0,12.98,11.89,12.98,61400
2018-02-13 07:00:00,12.43,12.98,12.43,12.98,52600
2018-02-21 07:00:00,12.98,13.24,12.98,12.98,28300
2018-02-22 07:00:00,12.98,13.14,12.98,12.98,61310
2018-02-23 07:00:00,12.6,13.03,12.6,12.76,41800
2018-02-26 07:00:00,12.7,13.52,12.7,13.46,88600
2018-02-27 07:00:00,13.19,14.06,13.19,13.84,66600
2018-02-28 07:00:00,13.68,13.73,13.24,13.46,57000
2018-03-01 07:00:00,13.52,13.52,13.35,13.52,18200
2018-03-02 07:00:00,12.87,13.41,12.87,13.41,10100
2018-03-05 07:00:00,12.97,13.24,12.97,13.02,35700
2018-03-06 07:00:00,13.02,13.52,13.02,13.24,20000
2018-03-07 07:00:00,13.41,13.41,13.02,13.13,39800
2018-03-08 07:00:00,13.35,13.41,13.13,13.41,36000
2018-03-09 07:00:00,13.68,14.5,13.46,14.12,30700
2018-03-12 07:00:00,13.63,13.84,13.63,13.79,20200
2018-03-13 07:00:00,13.68,13.68,12.97,12.97,600
2018-03-14 07:00:00,13.19,13.19,13.13,13.13,28900
2018-03-15 07:00:00,13.13,13.13,13.13,13.13,11500
2018-03-16 07:00:00,13.63,13.63,13.13,13.24,17300
2018-03-19 07:00:00,13.57,13.68,13.19,13.57,62900
2018-03-20 07:00:00,15.32,15.32,13.3,13.3,10700
2018-03-21 07:00:00,14.17,14.17,14.17,14.17,100
2018-03-22 07:00:00,13.19,13.9,13.19,13.35,12400
2018-03-23 07:00:00,13.02,13.68,13.02,13.63,87100
2018-03-26 07:00:00,13.41,13.46,13.41,13.41,1300
2018-03-27 07:00:00,13.41,13.46,13.41,13.46,6300
2018-03-28 07:00:00,13.57,13.68,13.46,13.68,35200
2018-03-29 07:00:00,13.35,13.63,13.35,13.63,2600
2018-03-30 07:00:00,13.68,13.84,13.63,13.68,26300
2018-04-02 07:00:00,13.68,13.68,13.35,13.41,70700
2018-04-03 07:00:00,13.41,13.41,13.13,13.35,255300
2018-04-04 07:00:00,13.19,13.24,13.08,13.08,142800
2018-04-05 07:00:00,13.13,13.13,12.15,12.59,163300
2018-04-06 07:00:00,13.13,13.74,12.15,12.37,317500
2018-04-09 07:00:00,12.53,14.45,12.53,12.59,508300
2018-04-10 07:00:00,12.31,13.02,12.31,12.42,79400
2018-04-11 07:00:00,12.31,12.48,12.31,12.48,47900
2018-04-12 07:00:00,12.2,12.37,12.2,12.31,40500
2018-04-13 07:00:00,12.37,12.59,12.37,12.48,124700
2018-04-16 07:00:00,12.86,14.23,12.48,12.59,241900
2018-04-17 07:00:00,12.64,12.64,12.64,12.64,30000
2018-04-18 07:00:00,12.59,12.64,12.2,12.59,97900
2018-04-19 07:00:00,12.53,12.59,12.53,12.53,44500
2018-04-20 07:00:00,12.59,12.59,12.53,12.59,23200
2018-04-23 07:00:00,12.53,12.53,12.42,12.42,55000
2018-04-24 07:00:00,12.48,12.48,12.31,12.31,166500
2018-04-26 07:00:00,12.42,12.42,12.04,12.04,236900
2018-04-27 07:00:00,12.04,12.04,12.04,12.04,43000
2018-05-02 07:00:00,11.55,13.46,10.94,13.46,86100
2018-05-03 07:00:00,10.94,12.86,10.94,12.86,41100
2018-05-04 07:00:00,10.94,11.49,10.94,11.49,5000
2018-05-07 07:00:00,11.49,11.49,10.94,10.94,59200
2018-05-08 07:00:00,11.49,11.49,10.84,10.94,246200
2018-05-09 07:00:00,11.0,11.98,10.94,11.98,150000
2018-05-10 07:00:00,11.0,11.05,11.0,11.0,51715
2018-05-11 07:00:00,10.94,11.71,10.94,11.71,8000
2018-05-14 07:00:00,11.49,11.71,11.49,11.71,3200
2018-05-15 07:00:00,11.11,11.6,11.11,11.6,600
2018-05-16 07:00:00,11.16,11.49,10.94,11.49,59000
2018-05-17 07:00:00,11.38,11.38,11.38,11.38,510
2018-05-18 07:00:00,10.94,11.44,10.94,11.44,55100
2018-05-21 07:00:00,10.94,11.49,10.4,11.49,33100
2018-05-22 07:00:00,10.94,10.94,10.4,10.89,69000
2018-05-23 07:00:00,10.89,11.22,10.78,11.22,34400
2018-05-24 07:00:00,10.4,11.22,10.4,11.22,44900
2018-05-25 07:00:00,10.89,11.22,10.67,11.22,112700
2018-05-28 07:00:00,10.67,11.11,9.9,11.11,80500
2018-05-29 07:00:00,10.94,11.22,10.4,11.22,42700
2018-05-30 07:00:00,10.4,11.05,10.29,11.05,22100
2018-05-31 07:00:00,10.29,11.11,10.29,11.11,15500
2018-06-01 07:00:00,10.89,11.49,10.89,11.49,10300
2018-06-04 07:00:00,10.67,11.66,10.62,11.66,30000
2018-06-05 07:00:00,10.73,11.98,10.67,11.98,13000
2018-06-06 07:00:00,11.82,12.86,11.49,12.59,68300
2018-06-07 07:00:00,12.31,12.37,11.49,11.98,17400
2018-06-08 07:00:00,11.44,11.93,11.44,11.93,9000
2018-06-11 07:00:00,11.44,11.6,11.38,11.6,10000
2018-06-12 07:00:00,11.44,11.49,11.38,11.49,18300
2018-06-13 07:00:00,11.6,11.6,11.6,11.6,500
2018-06-14 07:00:00,11.82,12.48,11.38,12.48,15600
2018-06-15 07:00:00,11.44,11.71,11.38,11.71,9100
2018-06-18 07:00:00,11.38,12.26,10.94,12.26,205500
2018-06-19 07:00:00,11.11,12.04,10.67,12.04,46100
2018-06-20 07:00:00,10.94,12.04,10.89,11.88,7500
2018-06-21 07:00:00,11.33,11.38,11.33,11.38,1500
2018-06-22 07:00:00,11.49,11.49,11.49,11.49,500
2018-06-26 07:00:00,11.0,12.26,11.0,12.26,24500
2018-06-27 07:00:00,12.2,12.2,11.0,12.09,14900
2018-06-28 07:00:00,11.93,12.04,11.44,11.88,33300
2018-06-29 07:00:00,11.16,13.13,11.16,13.13,62400
2018-07-02 07:00:00,11.71,12.86,11.22,12.86,21600
2018-07-03 07:00:00,12.53,12.59,11.22,12.48,11500
2018-07-04 07:00:00,11.22,12.31,11.05,12.31,8600
2018-07-05 07:00:00,11.22,12.09,11.11,12.09,14900
2018-07-06 07:00:00,11.05,12.04,11.05,11.98,7000
2018-07-09 07:00:00,11.27,11.82,11.16,11.82,3503
2018-07-10 07:00:00,11.71,11.71,11.16,11.66,6907
2018-07-11 07:00:00,10.23,11.49,10.23,11.49,13205
2018-07-12 07:00:00,10.18,11.38,10.18,11.38,4300
2018-07-13 07:00:00,11.33,11.33,11.33,11.33,100
2018-07-16 07:00:00,11.33,11.33,11.33,11.33,5
2018-07-17 07:00:00,10.94,10.94,10.89,10.94,5700
2018-07-18 07:00:00,10.67,11.49,10.67,11.49,35500
2018-07-19 07:00:00,10.94,11.0,10.94,10.94,65300
2018-07-20 07:00:00,10.94,11.0,10.94,10.94,22800
2018-07-25 07:00:00,10.94,10.94,10.94,10.94,700
2018-07-26 07:00:00,10.67,11.22,10.67,11.22,27100
2018-07-27 07:00:00,11.33,11.33,11.33,11.33,100
2018-07-30 07:00:00,11.22,11.22,10.73,10.94,5300
2018-07-31 07:00:00,11.16,11.66,11.0,11.66,32600
2018-08-01 07:00:00,11.49,11.66,11.44,11.44,26000
2018-08-02 07:00:00,11.49,11.77,11.49,11.6,25600
2018-08-03 07:00:00,11.49,11.71,11.49,11.66,14600
2018-08-06 07:00:00,11.49,11.98,11.49,11.88,23400
2018-08-07 07:00:00,11.93,11.93,10.94,11.49,10900
2018-08-08 07:00:00,11.55,11.93,11.55,11.82,16600
2018-08-09 07:00:00,11.71,11.93,11.71,11.77,14100
2018-08-10 07:00:00,11.88,11.93,11.88,11.88,15400
2018-08-13 07:00:00,12.75,12.75,11.93,11.93,15100
2018-08-14 07:00:00,11.55,12.26,11.22,12.09,50600
2018-08-15 07:00:00,11.55,12.04,11.27,11.82,131500
2018-08-16 07:00:00,11.66,11.82,11.27,11.82,22000
2018-08-17 07:00:00,11.71,11.71,11.71,11.71,9500
2018-08-20 07:00:00,11.6,11.71,11.6,11.71,8100
2018-08-21 07:00:00,11.66,11.71,11.66,11.71,11000
2018-08-22 07:00:00,11.82,12.26,11.49,11.93,66100
2018-08-23 07:00:00,11.49,12.15,11.33,11.49,189080
2018-08-24 07:00:00,11.77,12.04,11.77,11.77,35200
2018-08-27 07:00:00,11.82,11.98,11.38,11.38,100000
2018-08-28 07:00:00,11.66,11.98,11.55,11.98,35100
2018-08-29 07:00:00,11.93,11.93,11.71,11.93,22400
2018-08-30 07:00:00,11.82,11.88,11.49,11.49,15100
2018-08-31 07:00:00,11.88,11.93,11.88,11.93,15000
2018-09-04 07:00:00,11.77,12.15,11.49,12.15,52000
2018-09-05 07:00:00,11.98,11.98,11.98,11.98,5000
2018-09-06 07:00:00,11.93,11.98,11.93,11.98,10000
2018-09-07 07:00:00,11.98,11.98,11.98,11.98,14500
2018-09-10 07:00:00,11.98,12.04,11.98,11.98,11000
2018-09-11 07:00:00,12.04,12.04,11.98,12.04,12000
2018-09-12 07:00:00,11.98,12.15,11.98,12.15,7000
2018-09-13 07:00:00,12.04,12.2,11.49,12.04,10800
2018-09-14 07:00:00,11.98,11.98,11.98,11.98,8000
2018-09-17 07:00:00,12.04,12.15,12.04,12.04,11000
2018-09-18 07:00:00,12.04,12.04,11.77,12.04,11000
2018-09-19 07:00:00,12.04,12.04,12.04,12.04,6000
2018-09-20 07:00:00,12.04,12.26,11.98,12.04,6200
2018-09-21 07:00:00,12.04,12.42,11.77,12.42,39600
2018-09-24 07:00:00,12.26,12.31,12.15,12.15,7100
2018-09-25 07:00:00,12.42,13.13,12.2,12.64,555380
2018-09-26 07:00:00,12.59,12.64,12.42,12.42,69600
2018-09-28 07:00:00,12.53,12.59,12.04,12.04,44100
2018-10-01 07:00:00,12.09,12.42,12.09,12.09,15000
2018-10-02 07:00:00,12.2,12.2,12.2,12.2,5000
2018-10-03 07:00:00,11.98,11.98,11.82,11.82,600
2018-10-04 07:00:00,11.22,12.26,11.22,11.55,61400
2018-10-05 07:00:00,11.88,11.88,11.88,11.88,100
2018-10-08 07:00:00,10.94,11.22,10.94,11.05,57300
2018-10-09 07:00:00,11.49,11.49,11.22,11.27,3300
2018-10-10 07:00:00,11.49,11.49,11.49,11.49,100
2018-10-11 07:00:00,10.45,10.51,10.45,10.51,1200
2018-10-12 07:00:00,10.56,10.94,10.56,10.89,2700
2018-10-15 07:00:00,11.6,11.66,11.38,11.38,74200
2018-10-16 07:00:00,11.44,11.44,11.22,11.22,1100
2018-10-17 07:00:00,11.66,11.66,11.66,11.66,100
2018-10-19 07:00:00,11.22,11.22,10.02,10.94,8700
2018-10-22 07:00:00,10.94,10.94,10.94,10.94,100
2018-10-23 07:00:00,10.4,11.27,10.4,11.27,3300
2018-10-24 07:00:00,10.89,11.22,10.45,11.22,42720
2018-10-25 07:00:00,11.11,11.11,11.11,11.11,100
2018-10-29 07:00:00,10.67,10.67,10.62,10.62,500
2018-10-30 07:00:00,11.16,12.26,10.45,10.45,5900
2018-10-31 07:00:00,11.98,12.26,9.74,11.22,298000
2018-11-01 07:00:00,9.19,11.82,9.19,11.33,828000
2018-11-02 07:00:00,10.02,11.11,9.96,10.94,202600
2018-11-05 07:00:00,10.89,11.05,10.89,11.05,51700
2018-11-06 07:00:00,10.84,10.94,10.78,10.84,440000
2018-11-07 07:00:00,10.89,11.0,10.67,10.67,517040
2018-11-08 07:00:00,12.04,12.09,10.56,10.62,36540
2018-11-09 07:00:00,10.94,11.05,10.51,11.05,198000
2018-11-12 07:00:00,9.85,10.84,9.85,10.73,92700
2018-11-13 07:00:00,10.73,10.73,10.67,10.73,248800
2018-11-14 07:00:00,10.73,10.73,10.62,10.62,20700
2018-11-15 07:00:00,10.62,10.62,10.12,10.12,20000
2018-11-16 07:00:00,10.62,10.78,10.62,10.78,305600
2018-11-19 07:00:00,10.84,10.94,10.78,10.78,30500
2018-11-20 07:00:00,10.84,11.0,10.84,11.0,211800
2018-11-21 07:00:00,10.89,11.0,10.56,10.94,256520
2018-11-22 07:00:00,11.16,11.22,10.67,10.67,451220
2018-11-23 07:00:00,10.94,11.0,10.84,11.0,352708
2018-11-26 07:00:00,10.94,10.94,10.34,10.34,324400
2018-11-27 07:00:00,10.62,10.78,10.18,10.18,68200
2018-11-28 07:00:00,10.34,10.62,10.34,10.62,7400
2018-11-29 07:00:00,9.85,10.84,9.85,10.84,16300
2018-11-30 07:00:00,10.73,12.04,10.73,10.78,45000
2018-12-03 07:00:00,10.45,10.67,10.12,10.62,10000
2018-12-04 07:00:00,10.78,10.94,10.51,10.62,42400
2018-12-05 07:00:00,10.94,11.44,10.67,10.73,15100
2018-12-06 07:00:00,10.62,10.89,10.62,10.73,13100
2018-12-07 07:00:00,10.67,10.94,10.67,10.94,14500
2018-12-10 07:00:00,10.78,10.84,10.78,10.78,10700
2018-12-11 07:00:00,10.62,10.84,10.62,10.78,30000
2018-12-12 07:00:00,10.67,10.78,10.67,10.78,12300
2018-12-13 07:00:00,10.78,10.78,10.78,10.78,6500
2018-12-14 07:00:00,10.67,11.05,10.67,10.78,62300
2018-12-17 07:00:00,10.73,10.84,10.73,10.84,17000
2018-12-18 07:00:00,10.67,10.67,9.9,10.62,47800
2018-12-19 07:00:00,9.85,10.62,8.7,10.62,24100
2018-12-20 07:00:00,10.67,10.67,10.18,10.18,14510
2018-12-21 07:00:00,10.23,10.62,9.69,10.56,24600
2018-12-24 07:00:00,10.84,11.16,10.4,10.51,10600
2018-12-25 07:00:00,10.62,11.38,10.29,10.84,1041500
2018-12-26 07:00:00,11.38,12.04,10.84,10.94,457100
2018-12-27 07:00:00,12.64,12.64,10.94,11.49,25000
2018-12-28 07:00:00,13.96,14.12,11.05,12.59,162800
2019-01-02 07:00:00,12.26,12.26,11.0,11.0,19500
2019-01-03 07:00:00,11.0,11.0,11.0,11.0,5200
2019-01-04 07:00:00,11.88,11.98,11.88,11.88,500
2019-01-10 07:00:00,10.94,10.94,10.4,10.4,8900
2019-01-11 07:00:00,10.45,10.73,10.45,10.67,1700
2019-01-14 07:00:00,10.29,10.29,10.29,10.29,1000
2019-01-15 07:00:00,11.11,11.22,11.11,11.16,46400
2019-01-16 07:00:00,11.22,11.22,11.22,11.22,3000
2019-01-17 07:00:00,10.73,10.73,10.73,10.73,400
2019-01-18 07:00:00,11.22,11.93,11.22,11.77,22200
2019-01-21 07:00:00,11.66,11.66,11.11,11.11,1600
2019-01-22 07:00:00,11.05,11.05,10.67,10.94,8500
2019-01-23 07:00:00,10.73,10.94,10.67,10.67,6200
2019-01-24 07:00:00,10.67,11.55,10.67,11.55,6400
2019-01-28 07:00:00,11.16,11.16,10.94,10.94,9700
2019-01-29 07:00:00,10.73,11.44,10.62,11.44,1000
2019-01-30 07:00:00,11.22,11.22,11.22,11.22,1700
2019-01-31 07:00:00,11.49,12.04,10.94,11.49,3903
2019-02-11 07:00:00,11.44,11.44,11.44,11.44,300
2019-02-12 07:00:00,11.44,11.44,11.44,11.44,500
2019-02-13 07:00:00,10.73,10.73,10.73,10.73,503
2019-02-14 07:00:00,11.49,11.49,11.49,11.49,4800
2019-02-15 07:00:00,11.49,11.49,11.49,11.49,3010
2019-02-18 07:00:00,11.49,11.49,10.94,10.94,2100
2019-02-21 07:00:00,11.44,11.44,9.3,10.94,22100
2019-02-22 07:00:00,11.0,11.77,10.94,11.0,31300
2019-02-25 07:00:00,11.71,11.71,11.49,11.6,12305
2019-02-26 07:00:00,11.44,11.49,11.22,11.22,22300
2019-02-27 07:00:00,11.0,11.22,11.0,11.22,22800
2019-02-28 07:00:00,11.22,11.22,11.22,11.22,5700
2019-03-04 07:00:00,11.44,11.44,11.22,11.22,2900
2019-03-06 07:00:00,10.84,10.84,10.84,10.84,100
2019-03-07 07:00:00,10.73,10.73,10.73,10.73,100
2019-03-08 07:00:00,10.67,10.67,10.67,10.67,1000
2019-03-11 07:00:00,10.84,10.84,10.84,10.84,200
2019-03-12 07:00:00,11.33,11.33,11.33,11.33,100
2019-03-13 07:00:00,11.33,11.93,11.33,11.93,91810
2019-03-14 07:00:00,12.2,12.75,12.2,12.59,365200
2019-03-15 07:00:00,13.08,13.63,12.75,13.19,456800
2019-03-18 07:00:00,13.24,13.24,12.81,13.08,176300
2019-03-19 07:00:00,13.02,13.02,12.59,12.7,106810
2019-03-20 07:00:00,12.59,12.64,12.09,12.2,135700
2019-03-21 07:00:00,12.26,13.46,12.26,12.86,154200
2019-03-22 07:00:00,12.75,13.08,12.31,13.02,92300
2019-03-25 07:00:00,12.59,12.59,12.2,12.2,23400
2019-03-26 07:00:00,12.04,12.42,11.93,11.93,48600
2019-03-27 07:00:00,12.31,12.37,11.98,12.2,15900
2019-03-28 07:00:00,12.48,12.53,11.66,12.31,24100
2019-03-29 07:00:00,11.6,12.2,11.6,12.2,33300
2019-04-01 07:00:00,12.04,12.04,11.88,11.98,27900
2019-04-02 07:00:00,12.26,12.26,11.82,11.93,39200
2019-04-03 07:00:00,11.93,11.93,11.93,11.93,41100
2019-04-04 07:00:00,11.93,12.04,11.88,12.04,53200
2019-04-05 07:00:00,11.98,12.48,11.93,11.93,37400
2019-04-08 07:00:00,12.42,12.42,11.71,11.71,20600
2019-04-09 07:00:00,12.31,12.59,11.71,11.71,27700
2019-04-10 07:00:00,12.31,12.48,11.0,11.71,75500
2019-04-11 07:00:00,11.93,12.04,11.27,11.27,18200
2019-04-12 07:00:00,11.27,11.93,11.27,11.93,32400
2019-04-16 07:00:00,11.38,12.04,11.27,11.27,19000
2019-04-17 07:00:00,11.77,11.77,11.22,11.27,17300
2019-04-18 07:00:00,11.66,11.66,11.05,11.38,16700
2019-04-19 07:00:00,11.16,11.55,11.16,11.55,1100
2019-04-22 07:00:00,10.94,11.44,10.89,10.94,63700
2019-04-23 07:00:00,10.94,10.94,9.85,10.4,180700
2019-04-24 07:00:00,9.47,11.0,9.47,11.0,29100
2019-04-25 07:00:00,10.51,10.94,10.45,10.51,16400
2019-04-26 07:00:00,10.89,11.11,10.51,10.51,23300
2019-05-02 07:00:00,10.78,10.84,10.67,10.67,700
2019-05-03 07:00:00,9.63,10.73,9.63,10.45,25800
2019-05-06 07:00:00,10.89,10.89,10.12,10.12,48100
2019-05-07 07:00:00,10.67,10.67,10.18,10.4,82100
2019-05-08 07:00:00,9.9,10.4,9.9,10.29,57400
2019-05-09 07:00:00,10.4,11.0,10.4,10.89,12100
2019-05-10 07:00:00,10.67,10.73,10.4,10.67,12500
2019-05-13 07:00:00,10.4,10.4,10.4,10.4,500
2019-05-14 07:00:00,10.4,10.56,10.4,10.4,8500
2019-05-15 07:00:00,10.62,10.62,10.45,10.45,18000
2019-05-16 07:00:00,10.18,10.4,10.12,10.29,17700
2019-05-17 07:00:00,10.34,10.51,10.29,10.51,21700
2019-05-20 07:00:00,10.29,10.62,10.29,10.62,6600
2019-05-21 07:00:00,10.62,10.78,10.51,10.67,48700
2019-05-22 07:00:00,10.62,10.67,10.62,10.67,2100
2019-05-23 07:00:00,10.78,10.89,10.56,10.89,36500
2019-05-24 07:00:00,10.62,10.67,10.51,10.51,16600
2019-05-27 07:00:00,10.84,10.84,10.84,10.84,100
2019-05-28 07:00:00,10.62,10.67,10.56,10.62,2900
2019-05-29 07:00:00,10.62,10.89,10.4,10.51,7500
2019-05-30 07:00:00,10.4,10.67,10.4,10.67,4500
2019-05-31 07:00:00,10.67,10.73,10.62,10.67,6500
2019-06-03 07:00:00,10.62,10.67,10.56,10.56,10000
2019-06-04 07:00:00,10.51,10.51,10.51,10.51,1000
2019-06-05 07:00:00,10.62,10.62,10.4,10.4,7000
2019-06-06 07:00:00,10.51,10.51,10.45,10.51,30300
2019-06-07 07:00:00,10.83,10.83,10.83,10.83,100
2019-06-10 07:00:00,10.78,10.83,10.78,10.78,6600
2019-06-11 07:00:00,10.78,12.01,10.78,11.56,122700
2019-06-12 07:00:00,11.5,12.06,11.5,11.5,67002
2019-06-13 07:00:00,10.49,11.73,10.49,11.22,15200
2019-06-14 07:00:00,11.11,11.45,11.06,11.11,11100
2019-06-17 07:00:00,11.11,11.22,10.94,11.22,11100
2019-06-18 07:00:00,10.94,11.28,10.83,10.83,22700
2019-06-19 07:00:00,11.11,11.34,11.11,11.17,2600
2019-06-20 07:00:00,11.06,11.06,10.72,10.78,45300
2019-06-21 07:00:00,11.78,12.06,11.17,11.17,5900
2019-06-24 07:00:00,10.72,11.56,10.72,11.56,16600
2019-06-25 07:00:00,11.62,11.62,10.72,10.78,15200
2019-06-26 07:00:00,10.83,11.17,10.66,11.17,56100
2019-06-27 07:00:00,10.94,11.22,10.94,11.22,10400
2019-06-28 07:00:00,11.62,11.62,10.78,11.06,36500
2019-07-01 07:00:00,10.94,11.22,10.83,11.06,12600
2019-07-02 07:00:00,10.89,10.89,10.78,10.78,13100
2019-07-03 07:00:00,10.83,10.83,10.66,10.78,76300
2019-07-04 07:00:00,10.83,10.83,10.66,10.78,40900
2019-07-05 07:00:00,11.0,11.5,10.94,11.06,45500
2019-07-08 07:00:00,10.83,10.94,10.83,10.94,2800
2019-07-09 07:00:00,10.89,10.89,10.89,10.89,1000
2019-07-10 07:00:00,10.89,11.0,10.83,11.0,11600
2019-07-11 07:00:00,10.94,10.94,10.94,10.94,1300
2019-07-12 07:00:00,10.94,10.94,10.83,10.83,1900
2019-07-15 07:00:00,10.78,10.83,10.66,10.66,60600
2019-07-16 07:00:00,10.38,11.0,10.38,10.66,30000
2019-07-17 07:00:00,10.72,10.72,10.61,10.61,10400
2019-07-18 07:00:00,10.83,10.83,10.61,10.61,33900
2019-07-19 07:00:00,10.66,10.66,10.61,10.66,26400
2019-07-22 07:00:00,10.66,10.66,10.61,10.61,31900
2019-07-23 07:00:00,10.21,10.83,10.1,10.66,46900
2019-07-24 07:00:00,10.55,10.66,10.55,10.55,4200
2019-07-25 07:00:00,10.61,10.61,10.55,10.55,27400
2019-07-26 07:00:00,10.61,10.66,10.61,10.66,1100
2019-07-29 07:00:00,10.66,10.94,10.66,10.94,6600
2019-07-30 07:00:00,10.66,10.66,10.66,10.66,7600
2019-08-01 07:00:00,10.66,10.66,10.66,10.66,4500
2019-08-02 07:00:00,10.66,12.06,10.66,11.73,229908
2019-08-05 07:00:00,11.78,12.29,11.73,11.84,148900
2019-08-06 07:00:00,11.84,13.02,11.62,12.8,567900
2019-08-07 07:00:00,12.74,13.19,12.57,12.74,402818
2019-08-08 07:00:00,12.63,12.74,12.18,12.23,120130
2019-08-09 07:00:00,12.06,12.18,11.78,12.06,152020
2019-08-12 07:00:00,11.95,11.95,11.67,11.84,85030
2019-08-13 07:00:00,11.78,11.78,11.17,11.28,158619
2019-08-14 07:00:00,11.62,11.62,10.94,11.28,34220
2019-08-15 07:00:00,11.22,11.22,10.83,11.11,61500
2019-08-16 07:00:00,11.11,11.39,10.94,11.17,43205
2019-08-19 07:00:00,10.83,10.94,10.72,10.94,54800
2019-08-20 07:00:00,10.94,11.06,10.72,10.89,59400
2019-08-21 07:00:00,10.89,10.89,10.66,10.66,81630
2019-08-22 07:00:00,10.78,11.34,10.66,11.06,83310
2019-08-23 07:00:00,11.06,11.06,10.83,10.89,15200
2019-08-26 07:00:00,10.89,11.0,10.78,10.83,21400
2019-08-27 07:00:00,10.78,10.89,10.72,10.78,60100
2019-08-28 07:00:00,10.72,10.94,10.66,10.66,56101
2019-08-29 07:00:00,10.66,11.0,10.66,10.89,74830
2019-08-30 07:00:00,10.94,10.94,10.78,10.94,30950
2019-09-03 07:00:00,10.78,10.83,10.1,10.61,83119
2019-09-04 07:00:00,10.61,10.66,10.38,10.61,60419
2019-09-05 07:00:00,10.55,10.89,10.55,10.66,20500
2019-09-06 07:00:00,10.44,10.66,10.44,10.44,33410
2019-09-09 07:00:00,10.49,11.17,9.93,9.99,444300
2019-09-10 07:00:00,10.1,10.94,9.99,10.16,669600
2019-09-11 07:00:00,10.16,10.27,10.1,10.27,14430
2019-09-12 07:00:00,10.38,10.49,10.1,10.38,27100
2019-09-13 07:00:00,10.16,10.89,10.1,10.44,662600
2019-09-16 07:00:00,10.44,10.94,10.04,10.04,247830
2019-09-17 07:00:00,10.1,10.21,10.04,10.16,47600
2019-09-18 07:00:00,10.1,10.27,8.64,10.14,24600
2019-09-19 07:00:00,10.16,10.89,10.1,10.16,235900
2019-09-20 07:00:00,10.1,10.16,10.1,10.04,23500
2019-09-23 07:00:00,10.1,10.27,10.1,10.16,31440
2019-09-24 07:00:00,10.16,10.16,10.1,10.1,22710
2019-09-25 07:00:00,10.16,10.16,10.1,10.16,7000
2019-09-26 07:00:00,10.27,11.5,10.27,10.61,32800
2019-09-27 07:00:00,10.66,10.66,10.38,10.38,400
2019-09-30 07:00:00,10.44,10.44,10.04,10.16,18100
2019-10-01 07:00:00,10.21,10.21,10.04,10.04,14100
2019-10-02 07:00:00,10.04,10.16,9.88,9.88,33500
2019-10-03 07:00:00,10.04,10.04,9.99,10.04,111000
2019-10-04 07:00:00,10.04,10.21,9.88,9.88,22700
2019-10-07 07:00:00,9.88,10.16,9.88,10.16,3200
2019-10-08 07:00:00,9.93,9.99,9.88,9.93,12000
2019-10-09 07:00:00,9.93,9.93,9.88,9.93,18300
2019-10-10 07:00:00,9.93,9.93,9.09,9.76,20200
2019-10-11 07:00:00,9.26,10.04,9.26,9.65,28900
2019-10-14 07:00:00,9.93,9.99,9.93,9.99,500
2019-10-15 07:00:00,9.15,9.93,9.15,9.93,9610
2019-10-16 07:00:00,9.93,10.66,9.76,9.82,33500
2019-10-17 07:00:00,9.71,9.88,9.71,9.88,33000
2019-10-18 07:00:00,9.82,10.04,9.82,9.93,20900
2019-10-21 07:00:00,9.93,9.99,9.93,9.99,8100
2019-10-22 07:00:00,10.04,10.16,10.04,10.1,11600
2019-10-24 07:00:00,9.93,10.04,9.93,10.04,2300
2019-10-25 07:00:00,9.93,9.93,9.88,9.88,9000
2019-10-28 07:00:00,9.93,9.93,9.93,9.93,4000
2019-10-29 07:00:00,10.04,10.1,10.04,10.1,11000
2019-10-30 07:00:00,10.1,10.1,9.93,9.93,15100
2019-10-31 07:00:00,10.55,10.66,10.21,10.21,33600
2019-11-01 07:00:00,10.27,10.33,10.16,10.16,10700
2019-11-04 07:00:00,10.27,10.38,10.27,10.33,41100
2019-11-05 07:00:00,10.55,10.55,10.1,10.33,33400
2019-11-06 07:00:00,10.38,10.38,10.33,10.33,2300
2019-11-07 07:00:00,10.38,10.89,10.27,10.49,45630
2019-11-08 07:00:00,10.83,11.73,10.66,10.94,37630
2019-11-11 07:00:00,11.27,11.5,11.04,11.04,28909
2019-11-12 07:00:00,11.15,11.27,11.09,11.09,12100
2019-11-13 07:00:00,11.04,11.5,10.86,10.92,21700
2019-11-14 07:00:00,10.69,11.44,10.69,10.92,64400
2019-11-15 07:00:00,10.75,11.04,10.75,10.81,23900
2019-11-18 07:00:00,11.15,11.44,10.63,10.63,52800
2019-11-19 07:00:00,10.75,10.75,10.58,10.63,17400
2019-11-20 07:00:00,10.81,10.92,10.75,10.92,24500
2019-11-21 07:00:00,10.75,10.98,10.75,10.98,5900
2019-11-22 07:00:00,10.92,10.92,10.58,10.58,7800
2019-11-25 07:00:00,10.63,10.86,10.63,10.63,3700
2019-11-26 07:00:00,10.58,10.81,10.35,10.81,31900
2019-11-27 07:00:00,12.13,12.13,11.04,11.15,63161
2019-11-28 07:00:00,12.01,12.99,11.04,11.04,91656
2019-11-29 07:00:00,11.84,13.34,11.21,11.55,84600
2019-12-10 07:00:00,10.69,11.5,10.69,10.92,66900
2019-12-11 07:00:00,10.86,11.21,10.86,11.21,35200
2019-12-13 07:00:00,11.09,11.21,10.63,10.98,25600
2019-12-16 07:00:00,11.04,11.04,10.69,10.69,48500
2019-12-17 07:00:00,10.69,10.92,10.69,10.75,19200
2019-12-18 07:00:00,10.86,10.92,9.77,10.52,46500
2019-12-19 07:00:00,10.4,10.52,10.4,10.52,1100
2019-12-20 07:00:00,10.4,10.92,10.35,10.46,43800
2019-12-23 07:00:00,10.58,10.92,10.46,10.46,64700
2019-12-24 07:00:00,10.46,10.86,10.46,10.63,39800
2019-12-25 07:00:00,10.63,11.04,10.4,11.04,74800
2019-12-26 07:00:00,10.52,11.9,10.46,11.04,73300
2019-12-27 07:00:00,10.52,10.86,10.46,10.81,27200
2019-12-30 07:00:00,10.63,10.86,10.4,10.86,52100
2019-12-31 07:00:00,10.52,10.86,9.83,10.86,72500
2020-01-02 07:00:00,10.86,10.86,10.58,10.58,20300
2020-01-03 07:00:00,10.69,10.69,10.52,10.52,13000
2020-01-06 07:00:00,10.46,10.46,10.4,10.4,16000
2020-01-07 07:00:00,10.12,10.23,10.12,10.23,3000
2020-01-08 07:00:00,10.23,10.23,10.12,10.12,16600
2020-01-09 07:00:00,10.23,10.35,10.12,10.35,17300
2020-01-10 07:00:00,10.12,10.35,10.12,10.35,3600
2020-01-13 07:00:00,10.35,10.35,10.35,10.35,500
2020-01-14 07:00:00,10.35,10.4,10.23,10.23,21600
2020-01-15 07:00:00,10.18,10.46,10.18,10.29,46200
2020-01-16 07:00:00,10.52,10.52,10.23,10.23,17600
2020-01-17 07:00:00,10.29,10.46,10.23,10.35,11300
2020-01-20 07:00:00,10.12,10.29,10.12,10.29,6000
2020-01-21 07:00:00,10.29,10.29,10.12,10.23,23700
2020-01-22 07:00:00,10.63,10.63,10.63,10.63,100
2020-02-03 07:00:00,9.94,10.12,9.94,10.06,12000
2020-02-04 07:00:00,10.58,10.58,10.12,10.12,20500
2020-02-05 07:00:00,10.18,10.18,10.0,10.0,14201
2020-02-06 07:00:00,10.06,10.18,10.0,10.18,7800
2020-02-07 07:00:00,10.18,10.4,10.12,10.4,36600
2020-02-10 07:00:00,10.23,10.23,10.23,10.23,5000
2020-02-11 07:00:00,10.92,10.92,10.4,10.52,44801
2020-02-12 07:00:00,10.63,10.63,10.63,10.63,1000
2020-02-13 07:00:00,10.52,10.63,10.52,10.63,5700
2020-02-14 07:00:00,10.63,10.63,10.52,10.52,8000
2020-02-17 07:00:00,10.52,10.52,10.4,10.46,10000
2020-02-18 07:00:00,10.58,10.58,10.58,10.58,9400
2020-02-19 07:00:00,10.58,10.63,10.46,10.58,16200
2020-02-20 07:00:00,10.63,10.63,10.46,10.63,15100
2020-02-21 07:00:00,10.63,10.63,10.52,10.63,6500
2020-02-24 07:00:00,10.81,10.81,10.18,10.58,16100
2020-02-25 07:00:00,10.52,10.58,10.29,10.58,37700
2020-02-26 07:00:00,10.4,10.92,10.35,10.35,5000
2020-02-27 07:00:00,10.35,10.35,10.35,10.35,5000
2020-02-28 07:00:00,10.4,10.58,10.35,10.58,21100
2020-03-02 07:00:00,10.63,10.92,10.35,10.58,80300
2020-03-03 07:00:00,10.58,10.58,10.4,10.58,42200
2020-03-04 07:00:00,10.4,10.52,10.4,10.4,600
2020-03-05 07:00:00,10.46,10.46,10.35,10.35,57613
2020-03-06 07:00:00,10.46,10.92,10.35,10.35,20616
2020-03-09 07:00:00,10.23,10.63,10.12,10.35,103100
2020-03-10 07:00:00,10.35,10.46,10.35,10.35,109600
2020-03-11 07:00:00,10.35,10.92,10.23,10.35,57600
2020-03-12 07:00:00,10.63,10.63,9.77,10.23,28100
2020-03-13 07:00:00,9.77,10.12,9.31,10.12,14000
2020-03-16 07:00:00,10.06,10.06,9.77,10.06,6000
2020-03-17 07:00:00,9.83,9.83,9.77,9.83,5100
2020-03-18 07:00:00,9.77,10.35,9.77,9.83,19800
2020-03-19 07:00:00,9.77,10.35,9.77,9.77,1200
2020-03-20 07:00:00,9.77,9.77,9.72,9.72,632
2020-03-23 07:00:00,9.37,10.35,9.37,9.66,17400
2020-03-24 07:00:00,10.18,10.35,9.54,9.54,11110
2020-03-25 07:00:00,10.0,10.0,9.48,9.48,11800
2020-03-26 07:00:00,9.37,9.37,9.31,9.37,10000
2020-03-27 07:00:00,9.37,10.0,9.37,9.37,4500
2020-03-30 07:00:00,9.26,10.0,9.2,9.26,29900
2020-03-31 07:00:00,9.26,9.31,9.2,9.2,10600
2020-04-01 07:00:00,9.2,9.2,9.08,9.08,35800
2020-04-03 07:00:00,9.08,9.08,9.08,9.08,1000
2020-04-08 07:00:00,9.08,9.77,9.08,9.77,1100
2020-04-09 07:00:00,8.97,8.97,8.97,8.97,100
2020-04-10 07:00:00,9.6,9.6,9.6,9.6,200
2020-04-13 07:00:00,9.48,9.48,9.43,9.48,3000
2020-04-14 07:00:00,9.43,9.54,9.2,9.2,19200
2020-04-15 07:00:00,9.2,9.66,9.2,9.66,10400
2020-04-16 07:00:00,9.2,9.66,9.2,9.6,43569
2020-04-17 07:00:00,9.6,9.6,9.2,9.6,22250
2020-04-20 07:00:00,9.6,9.94,9.54,9.94,7208
2020-04-21 07:00:00,9.6,9.6,9.2,9.48,13700
2020-04-22 07:00:00,9.08,9.2,8.62,9.2,24700
2020-04-23 07:00:00,9.2,9.43,9.2,9.43,5200
2020-04-24 07:00:00,9.2,9.54,9.2,9.54,37469
2020-04-27 07:00:00,9.43,10.12,9.43,9.89,37000
2020-04-28 07:00:00,9.77,9.89,9.77,9.89,11000
2020-04-29 07:00:00,9.89,10.29,9.83,9.83,7619
2020-05-04 07:00:00,9.48,9.54,9.48,9.54,3600
2020-05-05 07:00:00,9.94,9.94,9.54,9.72,3000
2020-05-06 07:00:00,9.72,9.72,9.54,9.54,13500
2020-05-07 07:00:00,9.6,9.66,9.6,9.66,3609
2020-05-08 07:00:00,9.66,9.77,9.66,9.72,8400
2020-05-11 07:00:00,9.83,9.83,9.77,9.83,12210
2020-05-12 07:00:00,9.77,9.77,9.72,9.72,21700
2020-05-13 07:00:00,10.46,10.46,9.66,9.77,24600
2020-05-14 07:00:00,9.72,9.77,9.72,9.72,19500
2020-05-15 07:00:00,9.77,9.77,9.6,9.6,4100
2020-05-18 07:00:00,9.77,9.94,9.54,9.77,56000
2020-05-19 07:00:00,9.83,9.89,9.83,9.89,500
2020-05-20 07:00:00,10.23,10.23,9.89,9.89,2600
2020-05-21 07:00:00,9.83,9.94,9.77,9.83,6700
2020-05-22 07:00:00,9.83,9.94,9.83,9.89,22400
2020-05-25 07:00:00,9.89,10.63,9.89,10.29,49010
2020-05-26 07:00:00,10.35,10.58,10.35,10.58,29990
2020-05-27 07:00:00,10.58,10.58,10.23,10.23,17200
2020-05-28 07:00:00,10.23,10.23,9.77,9.83,183109
2020-05-29 07:00:00,9.94,10.0,9.89,9.94,23402
2020-06-01 07:00:00,10.06,10.58,10.0,10.52,52720
2020-06-02 07:00:00,10.52,11.27,10.52,11.21,155201
2020-06-03 07:00:00,11.5,12.3,10.86,11.27,63419
2020-06-04 07:00:00,11.21,11.27,10.92,11.21,28750
2020-06-05 07:00:00,10.92,10.92,10.81,10.92,26801
2020-06-08 07:00:00,10.98,11.38,10.86,11.38,55810
2020-06-09 07:00:00,11.38,11.38,10.98,10.98,44900
2020-06-10 07:00:00,10.92,11.04,10.92,11.04,12700
2020-06-11 07:00:00,10.63,11.04,10.58,10.58,36200
2020-06-12 07:00:00,10.35,10.46,10.29,10.4,15510
2020-06-15 07:00:00,10.4,10.46,10.18,10.35,15203
2020-06-16 07:00:00,10.35,10.52,10.29,10.52,11100
2020-06-17 07:00:00,10.46,10.63,10.35,10.63,11500
2020-06-18 07:00:00,10.63,10.63,10.63,10.63,8015
2020-06-19 07:00:00,10.63,10.63,10.63,10.63,4000
2020-06-22 07:00:00,10.63,10.69,10.52,10.58,3000
2020-06-23 07:00:00,10.63,10.63,10.52,10.52,14500
2020-06-24 07:00:00,10.63,10.63,10.46,10.46,11600
2020-06-25 07:00:00,10.35,10.52,10.35,10.35,20200
2020-06-26 07:00:00,10.35,10.4,10.35,10.35,9500
2020-06-29 07:00:00,10.35,10.52,10.06,10.35,33201
2020-06-30 07:00:00,10.29,10.35,10.29,10.35,17500
2020-07-01 07:00:00,10.35,10.35,10.18,10.18,15700
2020-07-02 07:00:00,10.35,11.04,10.35,11.04,39400
2020-07-03 07:00:00,11.04,11.5,11.04,11.32,72524
2020-07-06 07:00:00,11.38,11.38,11.15,11.15,3710
2020-07-07 07:00:00,10.92,11.15,10.92,11.15,7590
2020-07-08 07:00:00,10.98,11.04,10.92,10.92,3800
2020-07-09 07:00:00,10.92,11.21,10.92,11.15,15320
2020-07-10 07:00:00,11.15,11.15,11.15,11.15,100
2020-07-13 07:00:00,11.15,11.15,10.98,11.15,15910
2020-07-14 07:00:00,11.15,11.32,11.04,11.21,11610
2020-07-15 07:00:00,11.15,11.32,11.15,11.32,3100
2020-07-16 07:00:00,11.38,11.38,10.98,10.98,4400
2020-07-17 07:00:00,10.98,11.32,10.98,11.27,7110
2020-07-20 07:00:00,11.09,11.27,11.04,11.27,6324
2020-07-21 07:00:00,11.27,11.27,10.98,11.09,11300
2020-07-22 07:00:00,11.44,11.44,11.09,11.33,6400
2020-07-23 07:00:00,11.44,11.44,11.09,11.33,400
2020-07-24 07:00:00,11.15,11.15,10.69,11.09,50300
2020-07-27 07:00:00,10.69,10.98,10.57,10.98,11200
2020-07-28 07:00:00,10.86,10.98,10.69,10.98,23500
2020-07-29 07:00:00,10.8,10.92,10.74,10.92,6600
2020-07-30 07:00:00,10.86,10.92,10.86,10.92,91010
2020-07-31 07:00:00,10.92,10.92,10.92,10.92,1500
2020-08-03 07:00:00,10.92,11.04,10.92,11.04,5000
2020-08-04 07:00:00,11.04,11.04,11.04,11.04,8000
2020-08-05 07:00:00,11.09,11.09,11.04,11.04,19900
2020-08-06 07:00:00,11.09,11.09,11.04,11.04,219
2020-08-07 07:00:00,11.04,11.04,11.04,11.04,59600
2020-08-10 07:00:00,11.04,11.39,11.04,11.39,26200
2020-08-11 07:00:00,11.85,11.85,11.56,11.56,14264
2020-08-12 07:00:00,11.56,11.56,11.15,11.56,6100
2020-08-13 07:00:00,11.44,11.44,11.44,11.44,4000
2020-08-14 07:00:00,11.56,11.56,11.33,11.39,17110
2020-08-17 07:00:00,11.39,11.5,11.39,11.39,5900
2020-08-18 07:00:00,11.56,11.68,11.5,11.62,30900
2020-08-19 07:00:00,11.68,11.68,11.56,11.62,23200
2020-08-20 07:00:00,11.39,11.39,11.39,11.39,10000
2020-08-21 07:00:00,11.39,11.56,10.98,11.39,33900
2020-08-24 07:00:00,11.39,11.44,11.33,11.44,63900
2020-08-25 07:00:00,11.44,11.5,11.44,11.5,4501
2020-08-26 07:00:00,11.44,12.55,11.44,12.55,173579
2020-08-27 07:00:00,12.55,13.37,12.55,13.14,173720
2020-08-28 07:00:00,13.37,13.66,13.08,13.26,209400
2020-08-31 07:00:00,13.26,13.26,12.79,12.96,46560
2020-09-01 07:00:00,12.73,13.14,12.55,13.02,75400
2020-09-03 07:00:00,13.14,13.2,12.61,12.85,39100
2020-09-04 07:00:00,12.79,13.08,12.73,12.9,73944
2020-09-07 07:00:00,13.02,13.96,12.9,13.55,335520
2020-09-08 07:00:00,13.66,13.84,13.49,13.55,119475
2020-09-09 07:00:00,13.43,13.72,13.43,13.55,86310
2020-09-10 07:00:00,13.55,13.66,13.31,13.6,73700
2020-09-11 07:00:00,13.43,13.6,13.31,13.43,79210
2020-09-14 07:00:00,13.37,14.19,13.14,14.13,504810
2020-09-15 07:00:00,14.31,14.31,13.96,13.96,173920
2020-09-16 07:00:00,13.96,14.07,13.84,13.96,106500
2020-09-17 07:00:00,13.96,13.96,13.78,13.84,64552
2020-09-18 07:00:00,13.78,14.01,13.78,13.9,79200
2020-09-21 07:00:00,14.6,14.6,13.84,14.01,74800
2020-09-22 07:00:00,13.9,13.96,13.49,13.9,35800
2020-09-23 07:00:00,13.9,14.01,13.78,13.9,118350
2020-09-24 07:00:00,13.9,13.96,13.9,13.9,19800
2020-09-25 07:00:00,13.9,13.96,13.84,13.84,42510
2020-09-28 07:00:00,13.84,13.84,13.02,13.78,159510
2020-09-29 07:00:00,13.96,13.96,13.6,13.78,87300
2020-09-30 07:00:00,13.31,13.9,13.26,13.72,6700
2020-10-01 07:00:00,13.66,13.72,13.49,13.72,52400
2020-10-02 07:00:00,13.78,13.78,13.31,13.66,19852
2020-10-05 07:00:00,13.66,14.01,13.43,14.01,131240
2020-10-06 07:00:00,14.25,14.42,13.96,14.36,243513
2020-10-07 07:00:00,14.42,14.89,14.01,14.25,194120
2020-10-08 07:00:00,14.19,14.31,13.96,14.25,111330
2020-10-09 07:00:00,13.6,14.19,13.6,14.19,33330
2020-10-12 07:00:00,14.19,14.25,13.9,14.01,226012
2020-10-13 07:00:00,13.96,14.01,13.84,14.01,37000
2020-10-14 07:00:00,14.01,14.36,13.9,14.07,187600
2020-10-15 07:00:00,14.07,15.47,13.96,15.47,803540
2020-10-16 07:00:00,15.53,15.53,14.83,15.12,162060
2020-10-19 07:00:00,15.01,15.24,14.89,15.12,183820
2020-10-20 07:00:00,15.06,15.42,14.89,15.36,323453
2020-10-21 07:00:00,15.47,16.06,15.18,15.18,292219
2020-10-22 07:00:00,15.47,15.47,15.18,15.18,189910
2020-10-23 07:00:00,15.18,15.24,15.01,15.18,230100
2020-10-26 07:00:00,15.12,15.18,15.01,15.06,161020
2020-10-27 07:00:00,14.89,15.18,14.42,14.83,58300
2020-10-28 07:00:00,14.72,15.06,14.01,14.89,138700
2020-10-29 07:00:00,14.31,14.89,14.31,14.77,32900
2020-10-30 07:00:00,14.83,14.83,14.6,14.83,14700
2020-11-02 07:00:00,14.77,15.77,14.77,15.3,496510
2020-11-03 07:00:00,15.71,15.77,15.36,15.59,102810
2020-11-04 07:00:00,15.71,15.77,15.59,15.65,39800
2020-11-05 07:00:00,15.65,15.65,15.24,15.3,76000
2020-11-06 07:00:00,15.3,15.36,15.18,15.36,15500
2020-11-09 07:00:00,15.42,15.65,15.36,15.42,113030
2020-11-10 07:00:00,15.42,16.06,14.6,15.36,355100
2020-11-11 07:00:00,15.36,15.53,15.36,15.36,141700
2020-11-12 07:00:00,15.47,15.71,15.36,15.42,256900
2020-11-13 07:00:00,15.42,15.47,15.36,15.47,233620
2020-11-16 07:00:00,15.47,15.82,15.47,15.53,398150
2020-11-17 07:00:00,15.47,15.47,15.42,15.47,222600
2020-11-18 07:00:00,15.47,15.71,15.47,15.71,113500
2020-11-19 07:00:00,15.71,16.88,15.71,16.35,311058
2020-11-20 07:00:00,16.35,16.7,15.88,16.06,463291
2020-11-23 07:00:00,15.59,17.28,15.59,16.76,988411
2020-11-24 07:00:00,16.76,17.52,16.06,16.06,1025650
2020-11-25 07:00:00,16.76,16.76,16.06,16.12,3122401
2020-11-26 07:00:00,16.35,17.69,15.71,15.71,9683349
2020-11-27 07:00:00,17.17,17.23,16.64,17.23,1150031
2020-11-30 07:00:00,17.23,17.46,16.35,16.41,1536100
2020-12-01 07:00:00,16.23,17.4,15.82,17.23,2195040
2020-12-02 07:00:00,16.88,18.92,16.88,18.92,1871582
2020-12-03 07:00:00,19.04,20.14,18.8,19.68,1712540
2020-12-04 07:00:00,19.74,19.85,19.21,19.27,1122200
2020-12-07 07:00:00,19.27,19.97,18.68,19.44,1330791
2020-12-08 07:00:00,19.39,20.26,18.74,19.74,964692
2020-12-09 07:00:00,19.8,20.26,19.39,19.44,1611140
2020-12-10 07:00:00,19.44,19.62,19.04,19.04,1158450
2020-12-11 07:00:00,18.98,19.21,18.63,18.92,1693209
2020-12-14 07:00:00,18.92,19.74,18.92,19.33,904910
2020-12-15 07:00:00,19.33,20.44,19.33,20.44,2529951
2020-12-16 07:00:00,20.44,21.02,20.44,20.73,1120710
2020-12-17 07:00:00,20.67,20.96,20.14,20.96,1760830
2020-12-18 07:00:00,20.96,22.19,20.85,21.55,2699655
2020-12-21 07:00:00,21.78,22.42,21.55,22.42,1341838
2020-12-22 07:00:00,22.36,22.89,22.19,22.42,1292595
2020-12-23 07:00:00,22.48,22.48,20.2,21.49,3191595
2020-12-24 07:00:00,22.07,22.07,19.85,21.14,1502652
2020-12-25 07:00:00,20.55,21.6,20.55,21.37,658408
2020-12-28 07:00:00,21.37,21.6,20.44,20.55,1627570
2020-12-29 07:00:00,20.5,21.66,20.38,21.02,1617916
2020-12-30 07:00:00,21.14,21.55,20.61,21.02,875010
2020-12-31 07:00:00,20.9,21.08,20.61,20.73,490045
2021-01-04 07:00:00,21.02,21.25,20.73,20.73,2019630
2021-01-05 07:00:00,21.02,21.96,20.67,21.9,4002500
2021-01-06 07:00:00,22.07,22.42,21.9,22.19,2692430
2021-01-07 07:00:00,22.19,22.83,21.9,22.77,3167031
2021-01-08 07:00:00,22.77,23.88,22.71,23.88,5595070
2021-01-11 07:00:00,23.88,26.22,23.88,25.75,6480571
2021-01-12 07:00:00,25.98,26.28,25.22,25.63,4155119
2021-01-13 07:00:00,25.63,26.1,24.64,25.17,5386202
2021-01-14 07:00:00,25.17,25.58,24.93,25.11,3564500
2021-01-15 07:00:00,25.17,27.44,25.11,27.44,6438361
2021-01-18 07:00:00,27.44,28.03,27.21,27.56,4632040
2021-01-19 07:00:00,27.56,27.56,24.82,24.82,11315306
2021-01-20 07:00:00,22.89,25.11,22.48,24.82,3169800
2021-01-21 07:00:00,25.11,25.22,23.36,24.52,6808315
2021-01-22 07:00:00,24.52,25.4,23.71,24.52,4924810
2021-01-25 07:00:00,24.52,25.81,23.82,24.58,6806111
2021-01-26 07:00:00,24.58,24.82,22.77,23.01,4088802
2021-01-27 07:00:00,23.01,23.36,20.73,20.73,5165038
2021-01-28 07:00:00,20.44,20.44,18.68,18.68,3575932
2021-01-29 07:00:00,16.82,20.55,16.82,20.55,2745220
2021-02-01 07:00:00,20.5,21.6,19.68,20.2,3618622
2021-02-02 07:00:00,20.2,21.25,19.74,21.25,3118468
2021-02-03 07:00:00,21.9,23.36,21.08,23.36,5296168
2021-02-04 07:00:00,23.42,23.94,22.48,22.77,5952000
2021-02-05 07:00:00,22.77,24.12,22.25,24.06,5077117
2021-02-08 07:00:00,23.94,24.23,21.84,22.48,5723494
2021-02-09 07:00:00,22.31,23.88,21.6,23.47,6139440
2021-02-17 07:00:00,23.36,24.58,23.12,24.23,6223358
2021-02-18 07:00:00,24.23,24.41,23.71,24.41,7128960
2021-02-19 07:00:00,24.41,24.52,23.82,24.41,6880503
2021-02-22 07:00:00,24.41,24.41,23.53,23.94,6385319
2021-02-23 07:00:00,23.94,23.94,23.24,23.47,5150120
2021-02-24 07:00:00,23.47,23.82,22.48,22.77,6967710
2021-02-25 07:00:00,22.77,22.95,21.9,22.31,6020202
2021-02-26 07:00:00,22.31,22.77,21.6,22.66,3209007
2021-03-01 07:00:00,22.77,23.36,22.19,23.3,3253010
2021-03-02 07:00:00,23.24,23.76,23.24,23.42,5006500
2021-03-03 07:00:00,23.36,23.36,23.01,23.24,3128446
2021-03-04 07:00:00,23.18,23.24,21.6,22.25,5841700
2021-03-05 07:00:00,22.25,22.25,21.43,21.6,5808950
2021-03-08 07:00:00,21.78,22.19,21.72,22.07,2224028
2021-03-09 07:00:00,22.07,22.42,21.6,22.01,1686796
2021-03-10 07:00:00,22.07,22.42,21.78,22.31,2589839
2021-03-11 07:00:00,22.36,22.48,22.01,22.07,2819622
2021-03-12 07:00:00,22.13,22.31,21.72,21.78,3001223
2021-03-15 07:00:00,21.84,22.36,21.78,21.9,2013523
2021-03-16 07:00:00,21.9,22.07,21.55,21.66,2456000
2021-03-17 07:00:00,21.66,22.13,21.55,22.13,2185291
2021-03-18 07:00:00,22.36,22.6,22.07,22.19,2991015
2021-03-19 07:00:00,22.19,22.25,21.84,21.9,1712350
2021-03-22 07:00:00,21.9,22.01,21.72,21.9,1208701
2021-03-23 07:00:00,21.9,23.42,21.66,22.89,8359481
2021-03-24 07:00:00,22.89,22.89,21.55,22.19,2662110
2021-03-25 07:00:00,22.19,22.36,21.84,21.9,1006335
2021-03-26 07:00:00,21.9,22.01,20.14,21.96,4575934
2021-03-29 07:00:00,22.01,22.19,21.6,21.84,1408931
2021-03-30 07:00:00,21.78,22.19,21.6,21.9,1824934
2021-03-31 07:00:00,21.9,22.48,21.84,21.96,2543867
2021-04-01 07:00:00,22.07,22.6,22.01,22.54,3038664
2021-04-02 07:00:00,22.6,23.88,22.54,23.12,8268842
2021-04-05 07:00:00,23.24,23.36,22.54,22.6,3274911
2021-04-06 07:00:00,22.6,23.12,22.36,22.66,2969234
2021-04-07 07:00:00,22.77,23.47,22.48,23.42,6672972
2021-04-08 07:00:00,23.47,24.23,23.42,23.82,4414567
2021-04-09 07:00:00,23.88,23.94,23.12,23.24,2783959
2021-04-12 07:00:00,23.36,23.36,22.83,22.95,3912032
2021-04-13 07:00:00,23.06,23.12,21.96,21.96,6349501
2021-04-14 07:00:00,21.96,22.36,21.78,22.13,2149068
2021-04-15 07:00:00,22.19,22.19,21.6,21.6,3330015
2021-04-16 07:00:00,21.6,21.72,20.5,20.79,4962160
2021-04-19 07:00:00,20.79,21.2,20.44,21.08,1956220
2021-04-20 07:00:00,21.14,21.37,20.2,20.44,2338963
2021-04-22 07:00:00,20.38,20.61,19.27,19.33,3705648
2021-04-23 07:00:00,19.27,19.97,18.68,19.91,2115093
2021-04-26 07:00:00,19.91,20.14,18.98,19.15,1563353
2021-04-27 07:00:00,19.15,19.68,18.92,19.44,1866899
2021-04-28 07:00:00,19.44,20.2,19.39,19.91,1510501
2021-04-29 07:00:00,19.97,20.03,19.5,19.56,1209700
2021-05-04 07:00:00,19.27,19.44,18.51,19.04,1199925
2021-05-05 07:00:00,19.04,19.85,19.04,19.8,1600457
2021-05-06 07:00:00,19.85,20.14,19.74,19.85,2039300
2021-05-07 07:00:00,19.74,20.73,19.74,20.03,1864403
2021-05-10 07:00:00,19.97,20.03,19.56,19.74,1612730
2021-05-11 07:00:00,19.74,20.32,19.68,20.03,1682900
2021-05-12 07:00:00,20.03,20.61,19.85,20.61,1857933
2021-05-13 07:00:00,19.85,21.02,19.85,20.14,2152532
2021-05-14 07:00:00,20.14,20.26,19.5,20.03,1003939
2021-05-17 07:00:00,20.03,20.44,18.74,19.68,1598488
2021-05-18 07:00:00,19.74,20.44,19.68,20.2,2885794
2021-05-19 07:00:00,20.2,20.67,20.14,20.32,2011816
2021-05-20 07:00:00,20.32,20.38,19.85,20.03,1201098
2021-05-21 07:00:00,20.14,21.55,19.85,20.96,3514405
2021-05-24 07:00:00,20.96,21.55,20.9,21.31,2521540
2021-05-25 07:00:00,21.43,21.55,21.02,21.25,2123851
2021-05-26 07:00:00,21.25,21.25,20.61,20.79,2388284
2021-05-27 07:00:00,20.79,21.25,20.44,20.79,4336708
2021-05-28 07:00:00,20.79,21.84,20.79,21.84,7498940
2021-05-31 07:00:00,21.84,22.66,21.84,22.54,5100015
2021-06-01 07:00:00,22.19,22.77,21.84,21.84,4671828
2021-06-02 07:00:00,21.84,23.36,21.31,22.95,8085421
2021-06-03 07:00:00,22.95,23.24,22.66,22.71,3855473
2021-06-04 07:00:00,22.77,22.77,22.13,22.36,4208999
2021-06-07 07:00:00,22.36,23.65,22.36,23.01,8202606
2021-06-08 07:00:00,23.06,24.12,21.37,22.07,6921113
2021-06-09 07:00:00,21.9,23.06,21.6,22.25,3962406
2021-06-10 07:00:00,22.25,22.71,21.78,22.01,3020005
2021-06-11 07:00:00,21.84,22.36,21.6,22.01,2530249
2021-06-14 07:00:00,22.07,23.12,20.96,20.96,9595952
2021-06-15 07:00:00,22.36,23.01,21.66,23.01,11411985
2021-06-16 07:00:00,23.12,23.88,22.77,22.77,4610578
2021-06-17 07:00:00,22.77,23.01,22.36,22.95,2907778
2021-06-18 07:00:00,22.95,23.3,22.66,22.71,4659648
2021-06-21 07:00:00,22.71,23.18,22.25,22.25,3748428
2021-06-22 07:00:00,22.36,22.54,21.78,21.78,4484724
2021-06-23 07:00:00,21.6,22.13,21.37,21.6,3632115
2021-06-24 07:00:00,21.6,21.78,21.2,21.25,2747641
2021-06-25 07:00:00,21.31,21.49,20.9,21.25,2865409
2021-06-28 07:00:00,20.73,21.84,20.73,21.6,2208236
2021-06-29 07:00:00,21.66,21.78,21.31,21.37,1166226
2021-06-30 07:00:00,21.43,21.49,21.02,21.02,1520673
2021-07-01 07:00:00,21.02,21.66,21.02,21.2,1600400
2021-07-02 07:00:00,20.9,21.55,20.73,21.02,1584300
2021-07-05 07:00:00,21.14,21.31,20.67,20.85,2414849
2021-07-06 07:00:00,20.85,21.02,19.85,19.85,3721887
2021-07-07 07:00:00,19.85,21.02,19.44,21.02,2747420
2021-07-08 07:00:00,21.02,21.02,20.32,20.44,1050500
2021-07-09 07:00:00,20.44,20.44,19.44,19.85,1967850
2021-07-12 07:00:00,19.68,19.68,17.87,17.98,5846360
2021-07-13 07:00:00,16.93,18.68,16.93,18.51,2482816
2021-07-14 07:00:00,16.7,19.15,16.7,18.39,1909480
2021-07-15 07:00:00,18.1,18.98,18.1,18.92,1301003
2021-07-16 07:00:00,18.98,19.15,18.68,18.86,1068022
2021-07-19 07:00:00,18.63,18.63,17.52,17.52,2396778
2021-07-20 07:00:00,16.99,18.63,16.99,18.57,1916601
2021-07-21 07:00:00,18.68,18.86,18.39,18.57,639600
2021-07-22 07:00:00,18.57,19.8,18.51,19.39,2357559
2021-07-23 07:00:00,19.62,20.14,19.21,19.62,2273500
2021-07-26 07:00:00,19.5,20.14,19.21,19.74,2000055
2021-07-27 07:00:00,19.74,20.09,19.74,19.74,932589
2021-07-28 07:00:00,19.74,20.5,19.68,20.2,2480144
2021-07-29 07:00:00,20.32,20.44,19.85,20.32,1115731
2021-07-30 07:00:00,20.44,20.44,19.91,20.09,1433750
2021-08-02 07:00:00,20.09,20.14,19.68,19.74,1353891
2021-08-03 07:00:00,19.74,19.91,19.33,19.62,1813579
2021-08-04 07:00:00,19.62,19.91,19.27,19.5,1998690
2021-08-05 07:00:00,19.5,20.03,19.44,19.74,1165135
2021-08-06 07:00:00,19.74,20.26,19.74,19.91,2083302
2021-08-09 07:00:00,19.91,20.9,19.74,20.9,3173157
2021-08-10 07:00:00,20.96,21.31,20.85,21.02,2368797
2021-08-11 07:00:00,21.02,21.02,20.5,20.55,2333345
2021-08-12 07:00:00,20.32,21.25,20.26,20.5,3256262
2021-08-13 07:00:00,20.55,21.02,20.26,21.02,2399910
2021-08-16 07:00:00,21.02,22.66,21.02,22.48,7094807
2021-08-17 07:00:00,22.48,22.77,21.96,22.19,3065680
2021-08-18 07:00:00,22.19,22.66,21.96,22.48,3424022
2021-08-19 07:00:00,22.48,23.18,22.48,23.18,6206056
2021-08-20 07:00:00,23.18,23.53,21.49,22.36,7257557
2021-08-23 07:00:00,22.36,22.36,21.02,21.02,3730391
2021-08-24 07:00:00,21.02,21.31,20.2,20.26,4186792
2021-08-25 07:00:00,20.32,21.14,20.26,21.08,1861242
2021-08-26 07:00:00,21.08,21.72,21.02,21.37,3139123
2021-08-27 07:00:00,21.31,22.36,21.02,22.25,4245522
2021-08-30 07:00:00,22.25,23.01,22.25,22.31,4034244
2021-08-31 07:00:00,22.31,24.41,22.13,23.36,10176510
2021-09-01 07:00:00,23.36,24.58,23.3,24.17,6859817
2021-09-06 07:00:00,24.17,25.69,24.17,24.82,5658085
2021-09-07 07:00:00,24.82,25.34,24.0,24.12,9239402
2021-09-08 07:00:00,24.12,24.82,23.76,24.52,5704867
2021-09-09 07:00:00,24.82,26.57,24.82,26.28,7720129
2021-09-10 07:00:00,26.28,26.57,25.63,25.87,4366754
2021-09-13 07:00:00,25.69,26.22,25.46,25.69,4709317
2021-09-14 07:00:00,25.69,26.57,25.46,25.63,5438502
2021-09-15 07:00:00,25.63,26.22,25.17,25.81,3930473
2021-09-16 07:00:00,25.87,27.09,25.87,26.74,6838590
2021-09-17 07:00:00,26.74,27.15,26.34,26.86,3357198
2021-09-20 07:00:00,26.86,28.32,26.86,27.5,7692535
2021-09-21 07:00:00,27.44,28.44,26.74,28.38,4801825
2021-09-22 07:00:00,28.44,30.36,28.14,30.36,6407029
2021-09-23 07:00:00,30.36,30.6,28.67,29.55,2802703
2021-09-24 07:00:00,29.43,29.43,28.84,28.96,1996667
2021-09-27 07:00:00,28.61,29.6,28.55,28.61,2876461
2021-09-28 07:00:00,28.38,29.66,28.32,29.66,3222543
2021-09-29 07:00:00,29.66,30.54,29.2,30.36,2478531
2021-09-30 07:00:00,30.36,30.48,30.13,30.36,2154000
2021-10-01 07:00:00,30.36,31.24,30.25,30.71,1602719
2021-10-04 07:00:00,30.71,31.24,30.3,31.06,1842889
2021-10-05 07:00:00,31.06,32.12,31.01,31.59,2147805
2021-10-06 07:00:00,31.82,31.94,31.06,31.3,1985074
2021-10-07 07:00:00,31.24,32.29,31.18,32.0,2076857
2021-10-08 07:00:00,32.0,32.47,31.76,31.94,1867224
2021-10-11 07:00:00,32.0,32.0,31.36,31.76,2436800
2021-10-12 07:00:00,31.76,32.23,29.49,29.55,6765540
2021-10-13 07:00:00,29.55,30.95,29.55,30.48,2372294
2021-10-14 07:00:00,30.6,33.52,30.54,33.4,6293130
2021-10-15 07:00:00,33.34,34.86,33.34,34.63,4550503
2021-10-18 07:00:00,34.63,35.91,33.87,35.09,2849528
2021-10-19 07:00:00,35.09,36.14,34.1,35.85,2253374
2021-10-20 07:00:00,35.91,36.14,34.86,35.85,2102128
2021-10-21 07:00:00,35.91,36.14,35.44,35.97,1575634
2021-10-22 07:00:00,35.97,36.84,35.5,36.67,3078383
2021-10-25 07:00:00,36.67,39.18,36.2,38.71,3869802
2021-10-26 07:00:00,38.71,38.77,37.02,38.25,3262023
2021-10-27 07:00:00,38.25,40.93,37.84,40.17,4741041
2021-10-28 07:00:00,40.17,44.14,40.17,43.5,6767358
2021-10-29 07:00:00,44.38,44.38,42.04,43.27,3639598
2021-11-01 07:00:00,43.21,44.38,42.39,43.15,4391140
2021-11-02 07:00:00,43.15,46.77,42.92,45.84,6209755
2021-11-03 07:00:00,44.61,47.3,42.57,42.57,6527260
2021-11-04 07:00:00,42.57,46.77,42.28,46.77,6750751
2021-11-05 07:00:00,46.77,51.44,46.77,50.62,6151844
2021-11-08 07:00:00,50.8,55.47,50.1,55.18,6201436
2021-11-09 07:00:00,55.18,58.12,53.86,56.62,6124856
2021-11-10 07:00:00,56.62,56.92,53.2,56.92,5279809
2021-11-11 07:00:00,56.86,56.92,53.92,55.12,3087490
2021-11-12 07:00:00,55.06,56.32,52.66,53.32,3593779
2021-11-15 07:00:00,53.32,54.22,48.47,49.13,4593659
2021-11-16 07:00:00,49.13,49.67,46.97,49.43,2695762
2021-11-17 07:00:00,49.43,49.97,47.81,48.71,3196870
2021-11-18 07:00:00,48.71,49.79,48.53,49.67,1677673
2021-11-19 07:00:00,49.49,53.44,49.49,52.72,4056417
2021-11-22 07:00:00,52.72,53.98,50.87,52.72,3482500
2021-11-23 07:00:00,52.72,53.92,51.34,52.3,2907949
2021-11-24 07:00:00,52.42,52.96,49.37,50.39,3406705
2021-11-25 07:00:00,50.39,50.93,47.81,49.43,3487831
2021-11-26 07:00:00,49.43,49.49,46.13,47.93,2928635
2021-11-29 07:00:00,47.75,48.29,45.59,47.93,1994227
2021-11-30 07:00:00,48.05,48.83,46.73,46.73,1414275
2021-12-01 07:00:00,46.73,46.91,44.94,44.94,925080
2021-12-02 07:00:00,44.94,46.73,44.94,46.13,954752
2021-12-03 07:00:00,46.13,46.97,45.0,46.31,852866
2021-12-06 07:00:00,46.31,46.97,44.7,44.94,2651310
2021-12-07 07:00:00,44.94,49.43,44.82,49.43,5471421
2021-12-08 07:00:00,50.33,54.34,49.49,53.14,6954681
2021-12-09 07:00:00,53.32,54.58,52.6,53.92,4034607
2021-12-10 07:00:00,53.62,53.92,50.87,52.06,3595999
2021-12-13 07:00:00,52.12,55.12,51.88,54.34,4829260
2021-12-14 07:00:00,54.4,54.58,51.05,52.72,3755988
2021-12-15 07:00:00,52.72,52.78,49.85,50.33,3396768
2021-12-16 07:00:00,50.45,52.96,49.13,52.3,3469917
2021-12-17 07:00:00,52.3,53.14,50.87,52.0,5080787
2021-12-20 07:00:00,51.7,52.12,48.11,49.13,4828360
2021-12-21 07:00:00,49.13,49.73,47.27,48.53,4337740
2021-12-22 07:00:00,48.41,48.95,46.13,46.13,4376875
2021-12-23 07:00:00,46.13,46.25,41.94,41.94,4855712
2021-12-24 07:00:00,41.34,44.64,38.4,42.78,4403798
2021-12-27 07:00:00,42.84,43.44,41.88,43.02,1641324
2021-12-28 07:00:00,43.08,45.71,43.02,44.34,2978371
2021-12-29 07:00:00,44.34,44.52,43.08,43.08,2373561
2021-12-30 07:00:00,43.08,43.68,42.18,43.68,1590305
2021-12-31 07:00:00,43.68,43.98,42.54,43.5,1386700
2022-01-04 07:00:00,43.56,44.46,43.2,44.16,1456841
2022-01-05 07:00:00,44.16,44.7,43.56,43.74,1620817
2022-01-06 07:00:00,43.74,44.16,42.54,42.54,2670700
2022-01-07 07:00:00,42.54,46.73,42.3,46.73,3785891
2022-01-10 07:00:00,46.73,49.67,46.73,47.87,3638931
2022-01-11 07:00:00,47.63,48.05,45.53,46.25,1897647
2022-01-12 07:00:00,41.64,45.53,41.64,42.84,5022943
2022-01-13 07:00:00,42.84,43.74,38.58,38.58,4978166
2022-01-14 07:00:00,36.01,42.42,35.11,42.42,3325191
2022-01-17 07:00:00,42.84,43.74,38.22,38.94,4107875
2022-01-18 07:00:00,38.94,38.94,35.53,37.68,3308427
2022-01-19 07:00:00,37.15,39.36,36.85,38.76,1894134
2022-01-20 07:00:00,38.82,40.98,38.34,40.98,2458714
2022-01-21 07:00:00,40.08,41.4,38.82,38.82,1874515
2022-01-24 07:00:00,38.34,38.82,34.99,35.65,2661473
2022-01-25 07:00:00,35.59,36.91,33.07,36.79,963403
2022-01-26 07:00:00,36.85,38.04,36.61,36.61,1186397
2022-01-27 07:00:00,36.61,37.03,35.59,35.95,1211635
2022-01-28 07:00:00,36.07,37.15,35.83,37.15,1046903
2022-02-07 07:00:00,37.15,38.64,37.15,37.51,810067
2022-02-08 07:00:00,37.62,39.42,37.51,38.76,1292704
2022-02-09 07:00:00,38.76,39.48,38.04,38.94,959735
2022-02-10 07:00:00,38.94,41.88,38.94,40.68,2352059
2022-02-11 07:00:00,40.68,42.84,40.2,41.64,2515513
2022-02-14 07:00:00,41.82,41.82,39.9,40.38,1390818
2022-02-15 07:00:00,40.14,40.56,38.88,40.56,1189253
2022-02-16 07:00:00,40.5,42.06,40.5,40.74,1695615
2022-02-17 07:00:00,40.8,41.28,40.62,41.1,787096
2022-02-18 07:00:00,40.74,43.56,40.44,43.02,3148048
2022-02-21 07:00:00,43.14,44.22,42.66,44.1,2453345
2022-02-22 07:00:00,44.1,44.1,41.64,42.6,2270970
2022-02-23 07:00:00,42.6,44.58,42.48,43.62,2937020
2022-02-24 07:00:00,43.56,43.8,40.8,42.12,3475900
2022-02-25 07:00:00,42.12,43.56,42.12,43.2,2133132
2022-02-28 07:00:00,42.54,43.5,42.54,42.78,1343330
2022-03-01 07:00:00,42.84,45.17,42.66,44.58,4844455
2022-03-02 07:00:00,44.52,45.71,44.04,45.23,4837877
2022-03-03 07:00:00,45.23,46.97,45.23,46.85,5317015
2022-03-04 07:00:00,46.85,46.85,45.71,45.89,2350056
2022-03-07 07:00:00,45.95,46.79,44.88,46.31,4342350
2022-03-08 07:00:00,46.31,46.31,44.1,44.34,3692286
2022-03-09 07:00:00,44.34,44.7,42.42,42.9,3368407
2022-03-10 07:00:00,43.2,44.28,43.2,43.2,994280
2022-03-11 07:00:00,43.2,43.74,41.52,41.52,1954354
2022-03-14 07:00:00,41.52,41.82,39.0,39.0,2823690
2022-03-15 07:00:00,38.94,40.86,38.82,40.62,1505916
2022-03-16 07:00:00,40.62,41.64,40.62,40.86,880479
2022-03-17 07:00:00,41.04,42.48,41.04,41.58,1335691
2022-03-18 07:00:00,41.58,43.56,41.58,42.96,3663644
2022-03-21 07:00:00,43.14,44.82,43.14,44.04,4184069
2022-03-22 07:00:00,44.16,45.17,43.32,43.44,4397839
2022-03-23 07:00:00,44.04,44.76,43.26,43.92,4128092
2022-03-24 07:00:00,43.86,45.23,43.44,44.94,4905026
2022-03-25 07:00:00,44.94,46.31,44.94,45.17,4679808
2022-03-28 07:00:00,45.23,45.23,42.66,43.74,4718586
2022-03-29 07:00:00,43.8,45.11,43.56,44.82,3893746
2022-03-30 07:00:00,44.64,45.53,43.74,44.94,4794189
2022-03-31 07:00:00,44.94,48.65,44.94,47.99,10598776
2022-04-01 07:00:00,47.99,49.01,47.39,48.29,5096540
2022-04-04 07:00:00,49.13,49.67,47.93,48.59,4562133
2022-04-05 07:00:00,48.41,48.89,47.09,47.15,7778416
2022-04-06 07:00:00,46.13,46.85,43.14,43.14,14996599
2022-04-07 07:00:00,41.94,44.76,41.94,43.2,5261686
2022-04-08 07:00:00,43.08,43.2,38.88,38.88,9677751
2022-04-12 07:00:00,38.94,40.44,38.82,39.0,5726309
2022-04-13 07:00:00,39.0,41.16,38.94,41.16,4911555
2022-04-14 07:00:00,41.34,41.64,39.96,40.08,4281409
2022-04-15 07:00:00,40.08,40.08,36.61,36.85,9064863
2022-04-18 07:00:00,36.85,37.8,35.77,36.85,5895723
2022-04-19 07:00:00,36.73,38.1,36.13,36.43,4182773
2022-04-20 07:00:00,36.25,37.03,35.53,35.59,3954320
2022-04-21 07:00:00,35.35,35.59,34.15,34.93,5038775
2022-04-22 07:00:00,34.93,35.89,33.55,35.65,3622488
2022-04-25 07:00:00,35.17,35.89,32.11,32.11,4768910
2022-04-26 07:00:00,31.99,32.11,28.94,30.26,7903335
2022-04-27 07:00:00,30.32,33.25,29.96,33.25,3024460
2022-04-28 07:00:00,33.61,34.15,32.05,32.89,2205446
2022-04-29 07:00:00,32.65,33.67,32.17,33.19,2314880
2022-05-04 07:00:00,33.25,34.39,30.02,33.61,3042002
2022-05-05 07:00:00,33.85,35.23,33.61,34.27,3430321
2022-05-06 07:00:00,34.15,34.15,31.69,31.69,3393686
2022-05-09 07:00:00,31.63,31.63,28.58,28.58,8258979
2022-05-10 07:00:00,28.16,30.02,26.42,30.02,3296008
2022-05-11 07:00:00,30.5,30.98,29.78,30.86,2269041
2022-05-12 07:00:00,31.16,31.16,28.04,29.9,3387661
2022-05-13 07:00:00,30.02,30.02,26.92,26.92,3114473
2022-05-16 07:00:00,26.8,28.62,25.53,26.92,2252612
2022-05-17 07:00:00,26.92,29.29,26.44,29.29,2319654
2022-05-18 07:00:00,29.72,30.5,29.29,29.96,2423560
2022-05-19 07:00:00,29.11,30.68,28.38,30.32,2103100
2022-05-20 07:00:00,30.32,32.56,30.26,31.11,3130291
2022-05-23 07:00:00,31.11,31.78,29.53,29.72,2312009
2022-05-24 07:00:00,29.72,31.23,29.11,31.23,2371250
2022-05-25 07:00:00,31.23,32.75,30.93,32.14,3102354
2022-05-26 07:00:00,32.14,32.56,31.23,31.6,1632129
2022-05-27 07:00:00,31.78,32.14,31.23,31.41,2536300
2022-05-30 07:00:00,31.41,32.56,31.23,32.14,2162308
2022-05-31 07:00:00,32.26,32.99,31.96,32.99,3148947
2022-06-01 07:00:00,33.23,33.41,32.44,32.87,2111704
2022-06-02 07:00:00,32.87,33.72,32.26,32.44,2687114
2022-06-03 07:00:00,32.44,32.62,31.84,31.96,1161750
2022-06-06 07:00:00,31.84,32.69,30.38,30.38,1710830
2022-06-07 07:00:00,30.26,31.23,29.78,30.93,2639870
2022-06-08 07:00:00,31.11,33.05,30.99,32.2,2240359
2022-06-09 07:00:00,32.26,34.44,32.14,34.2,3826409
2022-06-10 07:00:00,33.96,35.05,33.05,33.05,2594559
2022-06-13 07:00:00,32.2,32.87,30.44,30.87,2923190
2022-06-14 07:00:00,30.32,31.6,30.02,31.53,1547259
2022-06-15 07:00:00,31.53,31.96,30.08,30.32,2072246
2022-06-16 07:00:00,30.93,31.66,30.93,31.47,1919255
2022-06-17 07:00:00,31.17,31.17,29.84,30.32,1999673
2022-06-20 07:00:00,30.38,30.87,28.2,28.2,2347216
2022-06-21 07:00:00,27.59,28.8,27.29,28.32,1530350
2022-06-22 07:00:00,28.44,29.29,28.26,29.11,1099710
2022-06-23 07:00:00,29.11,31.53,28.87,31.35,1676479
2022-06-24 07:00:00,31.35,32.32,30.93,30.93,2344207
2022-06-27 07:00:00,33.33,33.33,31.99,32.59,1607330
2022-06-28 07:00:00,32.66,34.33,32.46,33.99,1895955
2022-06-29 07:00:00,33.66,34.59,32.99,34.33,2076535
2022-06-30 07:00:00,34.73,34.93,33.26,33.53,1191778
2022-07-01 07:00:00,33.39,33.66,32.33,32.99,1185170
2022-07-04 07:00:00,32.66,34.13,32.66,33.53,860840
2022-07-05 07:00:00,33.53,33.79,32.99,33.13,749563
2022-07-06 07:00:00,32.66,33.46,32.39,32.46,832039
2022-07-07 07:00:00,32.66,32.93,31.99,32.26,783574
2022-07-08 07:00:00,32.66,34.66,32.26,34.59,2997607
2022-07-11 07:00:00,34.59,36.53,33.99,36.33,2734396
2022-07-12 07:00:00,36.19,38.19,35.99,37.86,3189213
2022-07-13 07:00:00,37.86,39.13,37.33,37.66,2249691
2022-07-14 07:00:00,37.33,38.99,37.06,38.79,2995660
2022-07-15 07:00:00,38.66,39.33,37.73,37.79,2076126
2022-07-18 07:00:00,37.79,39.59,37.79,39.06,2455217
2022-07-19 07:00:00,38.66,40.46,38.66,39.79,2189110
2022-07-20 07:00:00,39.66,40.39,39.06,39.06,2004654
2022-07-21 07:00:00,39.19,40.26,38.79,39.13,1270557
2022-07-22 07:00:00,39.13,41.13,39.13,40.66,2671424
2022-07-25 07:00:00,40.59,40.79,39.53,40.06,1383142
2022-07-26 07:00:00,40.06,40.59,39.06,39.06,1166722
2022-07-27 07:00:00,39.06,39.79,38.33,39.33,1733557
2022-07-28 07:00:00,39.66,42.86,39.66,41.53,4697017
2022-07-29 07:00:00,41.66,42.06,40.99,41.13,2187795
2022-08-01 07:00:00,41.13,41.79,40.86,41.53,1902965
2022-08-02 07:00:00,41.53,42.19,40.99,40.99,2348038
2022-08-03 07:00:00,41.92,43.12,41.66,42.39,3961165
2022-08-04 07:00:00,42.46,43.12,41.86,42.92,2428617
2022-08-05 07:00:00,42.92,42.92,42.32,42.86,1425343
2022-08-08 07:00:00,42.66,43.12,41.33,41.33,3160774
2022-08-09 07:00:00,41.33,41.99,40.73,41.39,2245772
2022-08-10 07:00:00,41.39,42.79,41.33,42.26,2019487
2022-08-11 07:00:00,42.99,43.26,41.33,41.46,2146255
2022-08-12 07:00:00,41.46,43.79,41.46,43.32,3958504
2022-08-15 07:00:00,43.26,44.72,43.26,43.39,2055600
2022-08-16 07:00:00,43.52,43.66,43.12,43.12,1147104
2022-08-17 07:00:00,43.19,43.79,42.72,43.32,2353851
2022-08-18 07:00:00,43.26,43.46,42.72,42.99,1185826
2022-08-19 07:00:00,43.96,44.02,42.17,42.99,1412425
2022-08-22 07:00:00,42.92,44.3,42.3,43.82,4384342
2022-08-23 07:00:00,43.4,44.99,43.34,44.16,4110238
2022-08-24 07:00:00,44.3,46.43,43.61,46.43,5450306
2022-08-25 07:00:00,46.5,46.84,45.61,45.61,3234359
2022-08-26 07:00:00,45.61,46.57,44.64,45.26,4862971
2022-08-29 07:00:00,44.71,44.71,41.82,44.3,7455790
2022-08-30 07:00:00,44.3,45.26,42.65,42.65,5256664
2022-08-31 07:00:00,42.65,43.06,41.2,42.85,7205317
2022-09-05 07:00:00,42.99,43.54,42.17,42.37,3730559
2022-09-06 07:00:00,42.37,42.99,41.96,41.96,3289327
2022-09-07 07:00:00,41.96,42.17,38.59,39.28,8408248
2022-09-08 07:00:00,39.21,39.97,38.66,39.35,2728068
2022-09-09 07:00:00,39.35,40.45,39.21,40.45,3071336
2022-09-12 07:00:00,40.52,41.07,40.31,40.38,2204316
2022-09-13 07:00:00,40.24,40.65,39.69,39.9,2125237
2022-09-14 07:00:00,39.69,39.69,38.31,39.48,4539828
2022-09-15 07:00:00,39.48,41.34,39.48,40.86,4959005
2022-09-16 07:00:00,40.86,41.0,39.62,39.62,4189129
2022-09-19 07:00:00,39.48,39.76,35.7,35.7,8856659
2022-09-20 07:00:00,35.7,36.87,35.22,36.46,4181128
2022-09-21 07:00:00,36.39,36.8,35.77,36.53,2472980
2022-09-22 07:00:00,35.91,36.73,35.36,36.46,3670798
2022-09-23 07:00:00,36.46,37.83,36.18,36.39,4455432
2022-09-26 07:00:00,35.84,36.11,32.88,35.42,9625865
2022-09-27 07:00:00,34.94,35.49,33.91,35.49,4839520
2022-09-28 07:00:00,34.46,35.63,34.05,34.05,3919644
2022-09-29 07:00:00,34.39,35.22,33.98,34.05,3662661
2022-09-30 07:00:00,33.36,34.39,31.99,34.19,5527866
2022-10-03 07:00:00,30.82,34.26,30.82,30.95,5754615
2022-10-04 07:00:00,30.95,32.26,30.68,31.44,3329001
2022-10-05 07:00:00,31.99,33.43,31.78,33.02,2844961
2022-10-06 07:00:00,33.36,33.36,30.95,31.85,5107403
2022-10-07 07:00:00,31.64,31.64,29.3,29.72,6450438
2022-10-10 07:00:00,29.58,31.78,29.03,31.5,4420149
2022-10-11 07:00:00,31.57,31.85,29.17,29.65,5752551
2022-10-12 07:00:00,29.58,31.85,29.58,30.95,4151008
2022-10-13 07:00:00,31.57,31.78,30.88,31.44,2636450
2022-10-14 07:00:00,34.39,34.39,31.71,32.67,4028905
2022-10-17 07:00:00,32.4,33.5,31.99,33.36,3455477
2022-10-18 07:00:00,33.43,34.67,33.36,34.05,4111955
2022-10-19 07:00:00,34.39,34.6,33.5,33.5,2659710
2022-10-20 07:00:00,33.5,33.77,32.12,32.19,3200443
2022-10-21 07:00:00,32.19,32.54,29.58,29.92,5724066
2022-10-24 07:00:00,26.96,30.61,26.96,28.34,4774544
2022-10-25 07:00:00,26.14,29.92,25.52,28.96,3395653
2022-10-26 07:00:00,26.07,29.78,26.07,29.1,1396465
2022-10-27 07:00:00,26.21,30.61,26.21,30.61,2883920
2022-10-28 07:00:00,31.16,31.23,30.27,30.27,1944735
2022-10-31 07:00:00,30.34,31.23,29.72,30.4,2849046
2022-11-01 07:00:00,30.95,31.85,30.95,31.23,2293571
2022-11-02 07:00:00,31.23,31.5,30.27,30.27,1823940
2022-11-03 07:00:00,30.06,30.47,29.72,29.78,1407056
2022-11-04 07:00:00,29.85,29.92,27.52,27.72,3959884
2022-11-07 07:00:00,27.72,27.93,26.28,26.48,5195609
2022-11-08 07:00:00,26.48,27.72,24.76,26.96,1988373
2022-11-09 07:00:00,27.17,28.34,27.1,27.31,1911816
2022-11-10 07:00:00,24.63,27.31,24.63,24.63,2859727
2022-11-11 07:00:00,22.22,24.01,22.22,22.22,11596177
2022-11-14 07:00:00,20.02,20.64,20.02,20.02,1916766
2022-11-15 07:00:00,18.02,18.57,18.02,18.02,4969835
2022-11-16 07:00:00,16.23,19.81,16.23,19.81,12643012
2022-11-17 07:00:00,20.64,21.39,17.89,19.67,4740130
2022-11-18 07:00:00,18.92,21.32,17.89,20.64,6816162
2022-11-21 07:00:00,20.64,21.74,19.05,21.19,3394273
2022-11-22 07:00:00,19.47,23.04,19.12,21.19,5658181
2022-11-23 07:00:00,20.77,21.53,19.47,19.95,2921378
2022-11-24 07:00:00,18.71,20.36,18.71,20.36,3929057
2022-11-25 07:00:00,20.43,22.01,20.43,22.01,3327909
2022-11-28 07:00:00,22.01,24.01,22.01,23.73,4547666
2022-11-29 07:00:00,24.01,24.35,22.77,24.08,5951871
2022-11-30 07:00:00,21.67,25.38,21.67,24.76,4358977
2022-12-01 07:00:00,25.04,26.0,23.8,24.08,6509717
2022-12-02 07:00:00,23.73,25.73,23.46,25.73,4397683
2022-12-05 07:00:00,25.8,26.55,25.18,25.31,5555266
2022-12-06 07:00:00,25.31,25.45,23.25,23.25,5673831
2022-12-07 07:00:00,23.04,24.35,22.49,23.59,3878830
2022-12-08 07:00:00,24.63,25.04,23.73,24.42,3575653
2022-12-09 07:00:00,24.56,25.8,23.8,25.52,5887784
2022-12-12 07:00:00,25.8,26.76,24.97,24.97,6068692
2022-12-13 07:00:00,25.11,25.8,24.42,25.8,4557142
2022-12-14 07:00:00,23.25,26.55,23.25,25.31,3984793
2022-12-15 07:00:00,24.97,25.59,24.83,25.31,3359590
2022-12-16 07:00:00,24.42,25.86,24.42,25.8,3764879
2022-12-19 07:00:00,25.8,26.28,24.63,24.63,3868300
2022-12-20 07:00:00,23.73,24.7,22.49,23.73,4486406
2022-12-21 07:00:00,23.73,24.42,22.77,23.39,2655275
2022-12-22 07:00:00,21.26,23.94,21.26,23.59,1890781
2022-12-23 07:00:00,23.59,24.21,23.39,23.59,1372672
2022-12-26 07:00:00,23.39,23.94,21.46,21.46,2630743
2022-12-27 07:00:00,21.46,22.08,20.77,22.01,2861415
2022-12-28 07:00:00,22.29,22.91,21.87,22.42,1611263
2022-12-29 07:00:00,22.49,22.91,21.8,21.8,1160605
2022-12-30 07:00:00,22.01,22.36,21.67,21.8,1460956
2023-01-03 07:00:00,21.8,23.59,21.8,23.59,2436254
2023-01-04 07:00:00,22.22,24.97,22.22,24.63,3360702
2023-01-05 07:00:00,23.8,25.24,23.39,24.56,2104376
2023-01-06 07:00:00,22.15,24.83,22.15,23.73,2239996
2023-01-09 07:00:00,22.84,24.21,22.7,23.8,1138289
2023-01-10 07:00:00,21.87,24.35,21.87,24.21,1574578
2023-01-11 07:00:00,23.73,25.31,22.36,25.04,2450112
2023-01-12 07:00:00,25.18,26.0,25.18,25.86,3779933
2023-01-13 07:00:00,26.14,26.41,25.11,25.59,2972058
2023-01-16 07:00:00,25.59,26.28,25.18,25.93,2363610
2023-01-17 07:00:00,24.76,27.1,24.76,27.1,3667194
2023-01-18 07:00:00,27.1,27.45,26.9,27.17,2248597
2023-01-19 07:00:00,27.17,27.65,26.83,27.52,2351743
2023-01-27 07:00:00,27.45,28.48,27.45,27.72,2447886
2023-01-30 07:00:00,26.96,28.34,26.96,26.96,3733131
2023-01-31 07:00:00,26.9,27.79,26.76,27.79,3368198
2023-02-01 07:00:00,28.62,28.82,26.76,26.9,4944244
2023-02-02 07:00:00,26.48,27.45,26.48,27.45,2862585
2023-02-03 07:00:00,27.52,27.86,27.24,27.52,2309998
2023-02-06 07:00:00,27.52,27.65,26.96,27.17,2126980
2023-02-07 07:00:00,27.38,27.38,25.45,25.59,5653072
2023-02-08 07:00:00,25.8,26.41,25.11,25.73,2568199
2023-02-09 07:00:00,25.52,26.41,25.52,25.86,1662927
2023-02-10 07:00:00,25.93,26.69,25.73,26.34,2386524
2023-02-13 07:00:00,26.0,26.48,25.38,25.86,2553271
2023-02-14 07:00:00,25.93,26.83,25.93,26.55,2025785
2023-02-15 07:00:00,26.55,28.48,26.34,28.34,6456072
2023-02-16 07:00:00,28.34,29.17,28.27,28.75,3680710
2023-02-17 07:00:00,28.62,28.75,28.06,28.06,4502755
2023-02-20 07:00:00,28.06,29.23,28.0,29.23,5506865
2023-02-21 07:00:00,29.3,29.58,28.96,28.96,3604878
2023-02-22 07:00:00,28.55,28.89,27.17,27.17,6468297
2023-02-23 07:00:00,27.17,27.58,26.28,27.58,5835457
2023-02-24 07:00:00,27.58,27.86,27.24,27.31,2103608
2023-02-27 07:00:00,27.38,27.38,26.21,26.34,2667698
2023-02-28 07:00:00,23.73,26.96,23.73,26.41,1909753
2023-03-01 07:00:00,26.48,27.38,26.07,27.38,2595894
2023-03-02 07:00:00,27.45,27.58,26.76,26.76,1480292
2023-03-03 07:00:00,26.83,27.17,26.48,26.48,1847658
2023-03-06 07:00:00,26.48,27.52,26.48,26.55,1579007
2023-03-07 07:00:00,23.94,27.03,23.94,26.83,1526819
2023-03-08 07:00:00,26.83,27.17,26.55,27.17,1610761
2023-03-09 07:00:00,27.31,28.2,27.17,28.0,4095986
2023-03-10 07:00:00,27.86,28.0,27.31,27.38,2510912
2023-03-13 07:00:00,27.31,27.38,26.83,26.9,2726338
2023-03-14 07:00:00,26.9,27.03,26.0,26.21,4013757
2023-03-15 07:00:00,26.55,27.17,26.48,26.96,3092774
2023-03-16 07:00:00,26.83,26.83,26.21,26.41,2314505
2023-03-17 07:00:00,26.55,26.9,26.07,26.62,3602504
2023-03-20 07:00:00,26.62,26.76,26.14,26.14,1837536
2023-03-21 07:00:00,26.0,26.48,25.93,26.28,1395868
2023-03-22 07:00:00,26.55,26.69,26.34,26.34,1756288
2023-03-23 07:00:00,26.21,26.41,26.07,26.34,1022581
2023-03-24 07:00:00,26.41,27.31,26.41,26.9,3142589
2023-03-27 07:00:00,26.96,27.24,26.83,27.1,1694078
2023-03-28 07:00:00,27.17,27.79,27.03,27.03,2562157
2023-03-29 07:00:00,27.1,27.24,26.83,27.24,1486219
2023-03-30 07:00:00,27.31,27.72,27.31,27.45,3194049
2023-03-31 07:00:00,27.52,28.48,27.17,28.2,4534837
2023-04-03 07:00:00,28.41,29.03,28.34,28.68,3968705
2023-04-04 07:00:00,28.89,28.89,28.41,28.48,2559498
2023-04-05 07:00:00,28.55,29.17,28.34,28.82,2978985
2023-04-06 07:00:00,28.89,29.17,27.93,27.93,3843960
2023-04-07 07:00:00,27.93,28.34,27.79,27.93,3202568
2023-04-10 07:00:00,28.06,28.48,27.93,28.2,3497607
2023-04-11 07:00:00,28.2,28.85,27.91,28.28,2053857
2023-04-12 07:00:00,28.28,29.22,28.28,28.42,2456191
2023-04-13 07:00:00,28.42,28.71,28.06,28.06,1491578
2023-04-14 07:00:00,28.06,28.56,27.48,27.48,2311031
2023-04-17 07:00:00,27.62,27.99,27.48,27.77,1355616
2023-04-18 07:00:00,28.06,28.13,27.77,28.06,1239227
2023-04-19 07:00:00,28.2,28.2,27.7,27.7,1554855
2023-04-20 07:00:00,27.7,27.91,27.48,27.84,724133
2023-04-21 07:00:00,27.62,28.35,27.62,27.77,1822985
2023-04-24 07:00:00,27.84,27.84,27.48,27.62,801649
2023-04-25 07:00:00,27.55,27.91,27.34,27.41,1398859
2023-04-26 07:00:00,27.41,27.55,26.83,27.26,1492426
2023-04-27 07:00:00,27.34,27.99,27.34,27.55,1129210
2023-04-28 07:00:00,27.55,28.13,27.34,27.91,1274816
2023-05-04 07:00:00,27.91,28.49,27.84,28.28,2309438
2023-05-05 07:00:00,25.46,28.49,25.46,27.91,1279142
2023-05-08 07:00:00,28.06,28.35,27.84,27.99,1376238
2023-05-09 07:00:00,28.06,29.22,28.06,28.78,3719401
2023-05-10 07:00:00,28.2,29.0,27.7,28.93,1599142
2023-05-11 07:00:00,28.93,29.14,28.64,28.64,2274541
2023-05-12 07:00:00,28.64,29.29,28.49,28.85,3209113
2023-05-15 07:00:00,28.93,29.29,28.2,28.28,2338616
2023-05-16 07:00:00,28.28,28.56,28.06,28.13,1901995
2023-05-17 07:00:00,28.28,28.42,27.77,27.84,2214067
2023-05-18 07:00:00,27.7,28.06,27.55,27.84,1365778
2023-05-19 07:00:00,27.84,28.35,27.84,28.06,1704383
2023-05-22 07:00:00,28.06,28.49,28.06,28.42,1281826
2023-05-23 07:00:00,28.42,28.85,28.2,28.42,1824805
2023-05-24 07:00:00,28.42,29.14,28.42,28.56,2790275
2023-05-25 07:00:00,28.56,30.08,28.49,29.87,7802653
2023-05-26 07:00:00,29.87,30.23,29.58,29.87,2716164
2023-05-29 07:00:00,29.87,30.66,29.87,30.3,3487695
2023-05-30 07:00:00,30.3,30.44,29.72,30.23,3270223
2023-05-31 07:00:00,30.23,30.81,30.01,30.3,3205995
2023-06-01 07:00:00,30.16,30.59,29.94,30.37,2687283
2023-06-02 07:00:00,30.44,30.95,30.3,30.37,3062355
2023-06-05 07:00:00,30.37,30.73,29.87,29.87,3089374
2023-06-06 07:00:00,29.87,30.16,29.58,29.87,3216728
2023-06-07 07:00:00,29.87,30.66,29.87,30.37,2884358
2023-06-08 07:00:00,30.37,31.6,30.3,30.44,6228744
2023-06-09 07:00:00,28.64,30.88,28.64,30.37,3083664
2023-06-12 07:00:00,30.37,32.18,30.3,31.96,6098498
2023-06-13 07:00:00,31.96,32.25,31.53,31.6,3754718
2023-06-14 07:00:00,31.6,31.82,30.81,30.81,3207968
2023-06-15 07:00:00,30.81,31.24,30.66,31.1,2780492
2023-06-16 07:00:00,31.31,31.67,30.52,30.52,3898773
2023-06-19 07:00:00,30.73,30.95,30.37,30.73,2842583
2023-06-20 07:00:00,30.73,31.17,30.73,31.1,2544687
2023-06-21 07:00:00,31.1,31.89,30.95,31.38,4105638
2023-06-22 07:00:00,31.46,32.11,31.31,31.67,3647165
2023-06-23 07:00:00,31.82,32.03,31.1,31.24,2934228
2023-06-26 07:00:00,31.31,32.25,30.08,31.89,5272918
2023-06-27 07:00:00,31.89,32.11,31.67,31.75,2773829
2023-06-28 07:00:00,31.6,31.89,31.24,31.38,1811449
2023-06-29 07:00:00,31.38,31.67,30.66,30.66,2523930
2023-06-30 07:00:00,29.29,30.95,29.29,30.66,1206170
2023-07-03 07:00:00,30.95,31.38,30.66,30.66,1295278
2023-07-04 07:00:00,30.66,31.31,30.66,31.31,1633253
2023-07-05 07:00:00,31.31,31.6,30.95,30.95,1898811
2023-07-06 07:00:00,30.95,31.24,30.37,30.66,2739295
2023-07-07 07:00:00,30.52,31.1,30.37,30.88,2401879
2023-07-10 07:00:00,30.88,31.82,30.88,31.38,2862830
2023-07-11 07:00:00,31.67,32.47,31.46,32.03,5674437
2023-07-12 07:00:00,32.18,32.18,31.53,31.67,2611448
2023-07-13 07:00:00,31.82,32.69,31.75,32.03,3347105
2023-07-14 07:00:00,32.11,32.33,31.53,31.96,2680034
2023-07-17 07:00:00,31.96,32.4,31.75,31.82,2799541
2023-07-18 07:00:00,31.89,32.33,31.75,31.82,2282336
2023-07-19 07:00:00,32.03,33.41,31.96,32.4,7888051
2023-07-20 07:00:00,32.4,32.83,32.25,32.47,2112061
2023-07-21 07:00:00,33.05,33.05,32.47,32.83,3102828
2023-07-24 07:00:00,32.98,33.77,32.9,33.05,3079107
2023-07-25 07:00:00,32.18,33.34,31.1,32.54,3480729
2023-07-26 07:00:00,32.61,33.19,32.61,32.69,2478122
2023-07-27 07:00:00,32.69,33.05,32.33,32.54,2879025
2023-07-28 07:00:00,32.54,33.41,32.54,32.76,2760062
2023-07-31 07:00:00,32.69,33.41,32.61,32.69,2726933
2023-08-01 07:00:00,32.76,35.94,32.61,34.57,10850698
2023-08-02 07:00:00,34.57,35.65,34.57,35.0,3946514
2023-08-03 07:00:00,35.0,35.36,34.06,34.35,4240861
2023-08-04 07:00:00,34.35,35.29,34.06,34.57,3708154
2023-08-07 07:00:00,35.0,35.29,34.71,34.93,2965118
2023-08-08 07:00:00,34.93,35.29,34.57,34.64,2860421
2023-08-09 07:00:00,34.57,35.22,34.35,34.57,2213143
2023-08-10 07:00:00,34.64,35.15,34.42,34.64,3490288
2023-08-11 07:00:00,34.64,34.93,34.13,34.35,2916290
2023-08-14 07:00:00,34.42,35.36,34.35,35.36,5355938
2023-08-15 07:00:00,35.58,36.66,35.36,35.65,3902270
2023-08-16 07:00:00,35.8,35.8,35.0,35.0,2687604
2023-08-17 07:00:00,35.0,35.29,34.57,34.57,3522254
2023-08-18 07:00:00,34.57,34.57,31.24,31.24,9181399
2023-08-21 07:00:00,31.1,31.96,30.23,31.53,3023339
2023-08-22 07:00:00,31.89,32.83,31.02,32.83,3811491
2023-08-23 07:00:00,32.98,33.26,32.33,32.47,1836658
2023-08-24 07:00:00,32.61,33.05,32.33,32.9,1704621
2023-08-25 07:00:00,32.9,33.34,32.76,32.98,2103291
2023-08-28 07:00:00,33.05,33.48,33.05,33.26,1664264
2023-08-29 07:00:00,33.34,34.13,33.34,34.13,2879929
2023-08-30 07:00:00,34.13,34.49,33.99,34.28,1863671
2023-08-31 07:00:00,34.57,34.93,34.28,34.35,3229925
2023-09-05 07:00:00,34.35,35.15,34.35,34.49,1805532
2023-09-06 07:00:00,34.57,35.36,34.13,35.15,3038185
2023-09-07 07:00:00,35.15,35.87,35.0,35.36,3209107
2023-09-08 07:00:00,35.58,36.52,35.15,36.01,3933312
2023-09-11 07:00:00,36.16,36.88,34.71,34.78,4801186
2023-09-12 07:00:00,34.86,35.43,34.49,35.29,2117837
2023-09-13 07:00:00,35.29,35.72,34.78,34.86,3170720
2023-09-14 07:00:00,34.86,35.15,33.99,34.13,3808286
2023-09-15 07:00:00,34.13,34.71,33.92,34.57,3018820
2023-09-18 07:00:00,34.71,35.22,34.35,34.78,2074627
2023-09-19 07:00:00,35.0,35.29,34.78,35.22,2636072
2023-09-20 07:00:00,35.22,35.94,35.22,35.8,3694357
2023-09-21 07:00:00,35.8,37.17,35.72,36.45,5801549
2023-09-22 07:00:00,36.01,36.45,34.35,35.51,4383380
2023-09-25 07:00:00,35.36,36.23,32.61,33.63,4686568
2023-09-26 07:00:00,33.63,34.64,33.19,33.34,3223919
2023-09-27 07:00:00,33.34,34.71,33.19,34.71,3358550
2023-09-28 07:00:00,35.09,35.39,34.71,35.24,2757254
2023-09-29 07:00:00,35.47,35.77,34.94,34.94,2155138
2023-10-02 07:00:00,34.94,35.54,34.86,35.24,1572068
2023-10-03 07:00:00,35.24,35.24,33.73,33.88,3664098
2023-10-04 07:00:00,33.88,34.56,33.13,34.11,2169518
2023-10-05 07:00:00,34.11,35.77,34.11,34.71,3645524
2023-10-06 07:00:00,34.71,35.54,34.11,35.47,2251862
2023-10-09 07:00:00,35.54,36.15,35.47,35.84,3231855
2023-10-10 07:00:00,36.15,36.9,36.07,36.3,4180770
2023-10-11 07:00:00,36.75,36.98,36.3,36.82,3451619
2023-10-12 07:00:00,36.98,38.79,36.98,38.48,8286184
2023-10-13 07:00:00,38.41,39.62,37.96,39.62,5608082
2023-10-16 07:00:00,39.62,40.14,38.41,38.56,4354252
2023-10-17 07:00:00,38.56,39.69,37.73,37.73,7071699
2023-10-18 07:00:00,37.73,38.48,36.07,38.48,7330183
2023-10-19 07:00:00,38.48,38.56,36.6,36.6,3879680
2023-10-20 07:00:00,36.6,37.58,35.92,37.43,3949353
2023-10-23 07:00:00,37.58,37.58,36.45,36.82,2617833
2023-10-24 07:00:00,36.82,38.33,36.75,38.33,4200675
2023-10-25 07:00:00,38.33,38.86,37.58,37.73,3856293
2023-10-26 07:00:00,37.73,37.73,34.41,35.47,8958186
2023-10-27 07:00:00,35.47,36.07,34.64,35.54,3783098
2023-10-30 07:00:00,35.32,35.84,32.9,33.05,4440297
2023-10-31 07:00:00,33.05,33.5,30.33,32.07,4889448
2023-11-01 07:00:00,31.77,32.67,31.01,32.45,1413945
2023-11-02 07:00:00,32.67,34.48,29.43,34.26,4730654
2023-11-03 07:00:00,34.71,34.94,33.73,33.88,2264031
2023-11-06 07:00:00,34.03,34.41,33.88,34.26,1478414
2023-11-07 07:00:00,34.26,35.09,33.8,33.96,2366056
2023-11-08 07:00:00,33.96,36.45,33.88,36.37,3368750
2023-11-09 07:00:00,36.52,37.43,35.99,36.9,4063052
2023-11-10 07:00:00,36.98,37.28,36.37,36.6,2904239
2023-11-13 07:00:00,36.6,37.05,36.07,36.6,1767921
2023-11-14 07:00:00,36.6,37.2,36.37,36.98,1744455
2023-11-15 07:00:00,37.43,38.33,36.67,36.98,2419734
2023-11-16 07:00:00,36.98,37.58,36.6,37.58,1912286
2023-11-17 07:00:00,37.73,38.71,36.98,37.28,4941742
2023-11-20 07:00:00,36.98,38.48,35.77,38.03,4854165
2023-11-21 07:00:00,38.41,38.64,37.88,38.11,1716907
2023-11-22 07:00:00,38.11,38.18,37.43,38.11,2914116
2023-11-23 07:00:00,38.11,38.79,36.07,36.07,3277540
2023-11-24 07:00:00,32.52,36.9,32.52,36.9,2515170
2023-11-27 07:00:00,37.2,37.2,36.15,36.22,1112809
2023-11-28 07:00:00,36.15,36.82,35.54,36.6,1507856
2023-11-29 07:00:00,36.67,36.98,36.45,36.75,1324951
2023-11-30 07:00:00,37.05,38.03,36.9,36.98,3599980
2023-12-01 07:00:00,36.98,37.58,36.75,36.98,1109921
2023-12-04 07:00:00,37.35,38.41,37.28,37.8,3978286
2023-12-05 07:00:00,37.96,38.41,37.88,38.26,3444557
2023-12-06 07:00:00,38.26,39.09,38.26,38.56,3593184
2023-12-07 07:00:00,38.64,38.79,37.13,37.65,4433219
2023-12-08 07:00:00,37.96,38.56,37.35,37.65,1506156
2023-12-11 07:00:00,37.65,38.41,37.65,38.26,1939888
2023-12-12 07:00:00,38.26,39.16,38.26,38.86,4574925
2023-12-13 07:00:00,38.94,39.09,38.03,38.33,3481881
2023-12-14 07:00:00,38.41,39.09,38.33,38.64,3651010
2023-12-15 07:00:00,38.64,38.79,38.11,38.11,2603369
2023-12-18 07:00:00,38.11,38.33,37.35,37.73,2194312
2023-12-19 07:00:00,37.73,38.11,37.35,38.11,1499482
2023-12-20 07:00:00,38.41,38.56,37.88,38.33,1345117
2023-12-21 07:00:00,38.33,38.33,37.96,38.33,1374338
2023-12-22 07:00:00,38.33,39.09,38.33,38.56,2985474
2023-12-25 07:00:00,38.64,38.94,38.48,38.86,2103195
2023-12-26 07:00:00,38.71,39.77,38.71,39.31,3066317
2023-12-27 07:00:00,39.39,39.62,39.09,39.31,1640846
2023-12-28 07:00:00,39.31,39.47,38.86,39.39,2269503
2023-12-29 07:00:00,39.39,39.47,39.09,39.31,1529265
2024-01-02 07:00:00,39.47,39.62,38.48,38.64,2577755
2024-01-03 07:00:00,38.71,39.39,38.64,39.39,2027054
2024-01-04 07:00:00,39.47,39.77,39.16,39.39,2655037
2024-01-05 07:00:00,39.62,39.62,39.09,39.09,1646196
2024-01-08 07:00:00,39.09,39.39,39.01,39.16,1629726
2024-01-09 07:00:00,39.24,40.3,38.94,40.07,3995624
2024-01-10 07:00:00,40.07,40.37,39.69,39.99,2539289
2024-01-11 07:00:00,39.99,40.45,39.84,40.45,2550233
2024-01-12 07:00:00,40.45,40.45,39.24,39.62,3862529
2024-01-15 07:00:00,39.62,40.32,39.07,39.07,1595611
2024-01-16 07:00:00,38.92,40.0,38.84,39.46,816486
2024-01-17 07:00:00,39.46,39.77,39.38,39.38,1059197
2024-01-18 07:00:00,39.38,39.93,39.3,39.69,1300243
2024-01-19 07:00:00,40.0,40.47,39.69,39.77,1541726
2024-01-22 07:00:00,39.77,40.0,39.07,39.62,1332014
2024-01-23 07:00:00,39.62,39.77,39.3,39.54,812789
2024-01-24 07:00:00,39.54,39.54,39.15,39.23,1161016
2024-01-25 07:00:00,39.23,39.77,39.07,39.46,825033
2024-01-26 07:00:00,39.46,40.0,39.46,39.77,584900
2024-01-29 07:00:00,39.77,40.16,39.77,39.85,1592596
2024-01-30 07:00:00,39.93,42.26,39.77,41.71,4877503
2024-01-31 07:00:00,41.95,42.41,41.01,41.17,1851702
2024-02-01 07:00:00,41.4,43.89,41.09,43.5,5448007
2024-02-02 07:00:00,42.41,43.5,42.41,42.8,1944504
2024-02-05 07:00:00,42.8,43.42,42.41,43.03,1958332
2024-02-06 07:00:00,43.03,44.12,42.72,43.73,1967205
2024-02-07 07:00:00,43.5,43.89,43.34,43.5,1072988
2024-02-15 07:00:00,43.5,44.12,43.27,43.58,2520003
2024-02-16 07:00:00,43.73,44.74,43.5,43.73,1938982
2024-02-19 07:00:00,43.81,43.81,42.96,43.34,2266170
2024-02-20 07:00:00,43.42,43.73,42.88,43.34,1489557
2024-02-21 07:00:00,43.34,43.97,43.34,43.97,2104547
2024-02-22 07:00:00,43.97,45.29,43.89,44.9,3294940
2024-02-23 07:00:00,45.05,45.05,43.5,43.89,3556560
2024-02-26 07:00:00,43.89,44.59,43.66,44.43,2108787
2024-02-27 07:00:00,44.51,45.83,44.43,45.75,2899019
2024-02-28 07:00:00,45.75,45.91,44.98,45.6,1765582
2024-02-29 07:00:00,45.6,45.75,44.66,45.75,2610088
2024-03-01 07:00:00,45.75,45.91,45.21,45.75,1664783
2024-03-04 07:00:00,45.36,46.22,45.21,45.36,1886156
2024-03-05 07:00:00,45.36,45.6,44.9,45.13,1644907
2024-03-06 07:00:00,45.13,45.21,44.04,44.51,2765209
2024-03-07 07:00:00,44.51,44.82,44.12,44.59,1852138
2024-03-08 07:00:00,44.66,45.6,44.12,44.9,3257928
2024-03-11 07:00:00,44.98,45.91,44.35,44.74,2959328
2024-03-12 07:00:00,45.05,46.37,44.74,45.68,3032138
2024-03-13 07:00:00,45.68,47.0,45.68,46.61,4081236
2024-03-14 07:00:00,47.0,48.55,46.37,46.84,3351212
2024-03-15 07:00:00,46.92,47.23,46.22,46.45,3016142
2024-03-18 07:00:00,46.3,46.84,42.41,44.98,6133342
2024-03-19 07:00:00,44.98,44.98,44.12,44.66,1622666
2024-03-20 07:00:00,44.66,45.68,44.12,45.44,1616788
2024-03-21 07:00:00,45.44,45.98,45.13,45.91,2181724
2024-03-22 07:00:00,45.98,46.84,45.83,46.22,2021775
2024-03-25 07:00:00,46.22,46.22,44.9,45.05,2008772
2024-03-26 07:00:00,45.05,45.52,44.82,45.44,1419872
2024-03-27 07:00:00,45.52,45.91,45.36,45.68,904389
2024-03-28 07:00:00,45.68,45.98,45.44,45.68,997841
2024-03-29 07:00:00,45.83,46.53,45.68,45.83,2063612
2024-04-01 07:00:00,45.83,46.06,45.21,45.44,919470
2024-04-02 07:00:00,45.44,46.61,45.05,46.61,2090658
2024-04-03 07:00:00,47.07,47.07,45.52,45.52,1938020
2024-04-04 07:00:00,45.52,45.52,44.9,45.05,2058339
2024-04-05 07:00:00,44.66,45.68,41.56,45.05,1677800
2024-04-08 07:00:00,44.82,45.05,44.43,44.98,1017757
2024-04-09 07:00:00,44.98,45.36,44.66,45.13,972174
2024-04-10 07:00:00,45.83,45.83,44.66,44.66,1061405
2024-04-11 07:00:00,44.12,44.74,43.89,44.66,1174330
2024-04-12 07:00:00,44.43,45.44,44.43,45.36,1451465
2024-04-15 07:00:00,45.05,45.36,42.8,42.88,2232889
2024-04-16 07:00:00,42.88,43.03,41.56,42.34,2551064
2024-04-17 07:00:00,42.34,43.11,42.1,42.34,1907470
2024-04-19 07:00:00,42.34,42.57,40.24,40.24,3282201
2024-04-22 07:00:00,41.87,41.87,40.24,41.4,1338972
2024-04-23 07:00:00,41.17,41.64,39.07,41.09,1302312
2024-04-24 07:00:00,40.86,42.57,40.86,42.26,1652831
2024-04-25 07:00:00,42.26,43.03,41.79,42.88,1330974
2024-04-26 07:00:00,42.88,43.81,42.34,43.66,1376158
2024-05-02 07:00:00,43.89,46.14,43.89,45.83,3031388
2024-05-03 07:00:00,45.44,46.22,45.44,45.98,1696872
2024-05-06 07:00:00,45.98,49.17,45.98,47.77,4746720
2024-05-07 07:00:00,47.77,48.24,47.38,48.16,2072672
2024-05-08 07:00:00,43.34,48.47,43.34,47.77,2369758
2024-05-09 07:00:00,47.77,48.94,47.46,48.63,3828545
2024-05-10 07:00:00,48.63,48.7,47.46,48.24,1933639
2024-05-13 07:00:00,47.77,48.86,47.69,48.24,2857642
2024-05-14 07:00:00,48.24,49.71,48.16,49.09,2977371
2024-05-15 07:00:00,49.25,49.4,48.86,49.25,2230694
2024-05-16 07:00:00,49.48,49.87,48.86,49.33,2885123
2024-05-17 07:00:00,49.33,49.33,48.24,48.7,3835288
2024-05-20 07:00:00,48.78,49.25,48.32,48.7,2202837
2024-05-21 07:00:00,48.7,48.78,47.77,48.39,2961660
2024-05-22 07:00:00,48.55,49.4,48.47,49.4,4452287
2024-05-23 07:00:00,49.25,50.41,49.25,49.71,3190025
2024-05-24 07:00:00,49.71,49.87,47.69,49.33,4112115
2024-05-27 07:00:00,49.64,49.64,48.55,49.02,1289240
2024-05-28 07:00:00,49.02,50.88,48.94,49.87,3572163
2024-05-29 07:00:00,50.1,50.57,49.4,49.87,2205067
2024-05-30 07:00:00,48.94,49.79,44.9,49.56,2475857
2024-05-31 07:00:00,49.64,49.95,49.02,49.56,1392208
2024-06-03 07:00:00,50.93,50.93,49.72,50.53,1815079
2024-06-04 07:00:00,50.53,50.85,50.04,50.53,1507912
2024-06-05 07:00:00,50.53,51.5,50.45,50.45,2203518
2024-06-06 07:00:00,50.29,50.69,49.4,50.04,2414223
2024-06-07 07:00:00,50.04,50.12,49.72,49.88,1529621
2024-06-10 07:00:00,49.96,50.53,49.8,50.53,1974406
2024-06-11 07:00:00,50.53,50.53,49.64,50.45,1868238
2024-06-12 07:00:00,50.37,50.77,49.88,50.77,1326384
2024-06-13 07:00:00,50.93,51.74,50.45,51.58,2269596
2024-06-14 07:00:00,51.74,51.9,50.53,50.53,1421339
2024-06-17 07:00:00,52.15,53.36,49.8,50.12,1628669
2024-06-18 07:00:00,50.12,50.29,49.96,50.29,840420
2024-06-19 07:00:00,50.29,50.61,49.88,50.45,915856
2024-06-20 07:00:00,49.8,50.93,49.8,50.37,996383
2024-06-21 07:00:00,50.45,50.45,49.88,50.04,1271877
2024-06-24 07:00:00,45.11,50.93,45.11,49.64,2885916
2024-06-25 07:00:00,48.51,49.56,48.51,49.56,921869
2024-06-26 07:00:00,49.15,49.48,48.35,48.99,1669919
2024-06-27 07:00:00,49.15,49.64,48.67,48.99,1132014
2024-06-28 07:00:00,48.99,49.15,48.26,48.26,1046083
2024-07-01 07:00:00,47.46,48.59,47.46,48.59,700293
2024-07-02 07:00:00,48.91,49.24,48.43,49.24,899678
2024-07-03 07:00:00,49.32,49.48,49.07,49.4,849349
2024-07-04 07:00:00,49.4,49.64,49.07,49.32,588416
2024-07-05 07:00:00,49.32,49.4,48.51,49.32,1290949
2024-07-08 07:00:00,49.32,50.77,49.32,50.12,2188791
2024-07-09 07:00:00,50.12,50.69,49.96,50.53,1429584
2024-07-10 07:00:00,50.53,50.85,50.04,50.04,1178813
2024-07-11 07:00:00,50.12,50.53,49.8,49.8,813685
2024-07-12 07:00:00,49.88,50.12,49.48,49.48,932181
2024-07-15 07:00:00,49.48,49.8,48.51,48.51,1877930
2024-07-16 07:00:00,48.51,48.91,48.35,48.59,1371033
2024-07-17 07:00:00,48.75,48.99,46.97,47.3,2001381
2024-07-18 07:00:00,47.21,48.51,47.05,48.51,1222278
2024-07-19 07:00:00,48.51,48.51,47.46,48.1,747185
2024-07-22 07:00:00,48.1,48.1,46.89,48.02,1261014
2024-07-23 07:00:00,48.02,48.02,46.73,46.73,1326442
2024-07-24 07:00:00,46.73,47.05,45.52,47.05,1755184
2024-07-25 07:00:00,47.05,47.05,46.08,46.08,659728
2024-07-26 07:00:00,46.08,47.05,46.08,46.65,622038
2024-07-29 07:00:00,46.89,47.54,46.65,47.3,439465
2024-07-30 07:00:00,47.3,48.43,47.05,47.62,1200593
2024-07-31 07:00:00,47.62,47.94,46.32,47.7,1329376
2024-08-01 07:00:00,47.7,47.78,45.92,46.24,1245513
2024-08-02 07:00:00,46.16,47.21,45.76,47.21,1214410
2024-08-05 07:00:00,46.89,46.97,45.76,45.92,2032617
2024-08-06 07:00:00,45.68,47.7,45.6,47.7,1419428
2024-08-07 07:00:00,47.38,47.78,46.81,47.7,1407005
2024-08-08 07:00:00,47.7,47.86,47.13,47.86,730060
2024-08-09 07:00:00,47.86,48.43,47.46,48.35,1257608
2024-08-12 07:00:00,48.35,48.83,47.86,48.75,833121
2024-08-13 07:00:00,48.75,48.83,47.86,48.51,1070098
2024-08-14 07:00:00,48.51,48.67,47.94,48.02,854739
2024-08-15 07:00:00,47.78,48.02,47.05,47.7,1322533
2024-08-16 07:00:00,47.86,49.32,47.46,49.24,1579357
2024-08-19 07:00:00,48.51,50.61,48.51,49.88,2232274
2024-08-20 07:00:00,49.32,50.12,49.32,49.96,1384193
2024-08-21 07:00:00,49.96,50.12,49.48,49.88,1226945
2024-08-22 07:00:00,49.88,49.96,48.99,48.99,1298368
2024-08-23 07:00:00,48.99,49.96,48.91,49.72,1434893
2024-08-26 07:00:00,49.72,50.12,49.07,49.07,849781
2024-08-27 07:00:00,48.99,49.32,48.59,49.32,965137
2024-08-28 07:00:00,49.32,49.32,48.67,49.24,725549
2024-08-29 07:00:00,49.32,49.32,48.75,49.15,641652
2024-08-30 07:00:00,49.15,49.32,48.75,48.99,737476
2024-09-04 07:00:00,48.67,48.67,48.1,48.67,936350
2024-09-05 07:00:00,48.51,48.51,47.21,47.7,1542999
2024-09-06 07:00:00,47.62,47.62,46.97,47.46,925337
2024-09-09 07:00:00,47.46,47.7,46.81,47.7,906116
2024-09-10 07:00:00,47.7,47.78,46.89,47.38,784257
2024-09-11 07:00:00,47.3,47.3,46.57,47.05,931498
2024-09-12 07:00:00,47.05,47.21,46.73,47.13,512935
2024-09-13 07:00:00,46.97,47.38,46.81,47.21,601957
2024-09-16 07:00:00,47.21,47.21,46.73,46.73,647316
2024-09-17 07:00:00,46.73,47.21,46.65,47.05,845734
2024-09-18 07:00:00,46.08,47.54,42.36,47.21,893184
2024-09-19 07:00:00,42.52,47.54,42.52,47.46,1064163
2024-09-20 07:00:00,47.62,47.94,47.21,47.3,883651
2024-09-23 07:00:00,47.3,47.46,47.05,47.21,476494
2024-09-24 07:00:00,47.21,48.1,47.13,47.94,1594002
2024-09-25 07:00:00,48.18,48.18,47.62,47.62,649934
2024-09-26 07:00:00,47.46,47.86,47.3,47.62,858234
2024-09-27 07:00:00,47.7,47.7,46.97,46.97,1170775
2024-09-30 07:00:00,47.05,47.3,46.49,46.57,1284465
2024-10-01 07:00:00,46.57,46.97,46.49,46.57,925965
2024-10-02 07:00:00,46.49,46.57,46.16,46.49,1036259
2024-10-03 07:00:00,46.49,46.57,45.84,46.24,1050300
2024-10-04 07:00:00,45.44,46.89,45.44,45.44,1943565
2024-10-07 07:00:00,45.44,45.84,45.44,45.6,460991
2024-10-08 07:00:00,44.79,46.16,41.07,45.19,1059724
2024-10-09 07:00:00,45.27,45.68,45.19,45.6,850828
2024-10-10 07:00:00,41.07,45.92,41.07,45.6,791240
2024-10-11 07:00:00,45.19,45.76,44.46,45.11,1088422
2024-10-14 07:00:00,45.27,45.6,45.11,45.19,491786
2024-10-15 07:00:00,45.19,45.36,44.87,45.19,597270
2024-10-16 07:00:00,45.19,45.19,44.87,45.19,404850
2024-10-17 07:00:00,45.19,45.36,44.3,45.03,1261287
2024-10-18 07:00:00,45.19,45.92,44.79,45.19,1046173
2024-10-21 07:00:00,45.19,45.19,44.87,44.95,297823
2024-10-22 07:00:00,44.63,44.95,43.5,43.58,2026628
2024-10-23 07:00:00,43.58,43.98,43.5,43.98,369704
2024-10-24 07:00:00,43.98,43.98,42.69,42.69,1389563
2024-10-25 07:00:00,42.85,43.01,42.69,42.77,440501
2024-10-28 07:00:00,42.85,43.33,42.69,43.17,656821
2024-10-29 07:00:00,43.25,43.74,43.25,43.41,348782
2024-10-30 07:00:00,43.66,45.19,43.66,44.63,1903049
2024-10-31 07:00:00,44.63,45.27,44.3,45.27,710964
2024-11-01 07:00:00,45.27,45.27,44.14,45.27,876766
2024-11-04 07:00:00,45.27,45.27,44.3,45.03,778070
2024-11-05 07:00:00,44.87,45.03,44.63,44.87,633131
2024-11-06 07:00:00,44.87,47.78,44.87,46.89,4098551
2024-11-07 07:00:00,46.89,47.54,46.32,46.65,827094
2024-11-08 07:00:00,46.73,46.97,45.52,46.08,1789168
2024-11-11 07:00:00,46.24,46.49,45.76,46.49,1291755
2024-11-12 07:00:00,46.49,47.13,46.0,46.49,1267999
2024-11-13 07:00:00,46.49,46.49,45.76,46.08,1325598
2024-11-14 07:00:00,46.08,46.65,45.44,45.6,1234403
2024-11-15 07:00:00,45.6,45.6,44.14,45.19,2115165
2024-11-18 07:00:00,45.27,45.27,43.33,44.71,1439014
2024-11-19 07:00:00,43.58,44.63,41.07,43.33,1019213
2024-11-20 07:00:00,43.33,44.06,42.52,43.66,1303235
2024-11-21 07:00:00,42.85,44.06,40.26,43.82,440400
2024-11-22 07:00:00,43.82,43.9,43.58,43.82,612066
2024-11-25 07:00:00,43.82,44.63,43.74,44.63,613971
2024-11-26 07:00:00,44.63,44.87,44.46,44.63,541693
2024-11-27 07:00:00,44.71,44.71,44.22,44.38,706772
2024-11-28 07:00:00,44.3,44.46,44.06,44.3,419487
2024-11-29 07:00:00,44.3,44.79,44.06,44.79,659812
2024-12-02 07:00:00,44.79,44.95,44.38,44.87,1027488
2024-12-03 07:00:00,44.87,44.87,44.3,44.3,996569
2024-12-04 07:00:00,44.3,44.38,43.5,43.5,1668868
2024-12-05 07:00:00,43.5,44.87,43.33,44.87,1670894
2024-12-06 07:00:00,44.95,46.16,44.46,45.52,1304182
2024-12-09 07:00:00,45.52,46.0,45.36,45.84,675399
2024-12-10 07:00:00,45.84,46.41,45.84,46.08,1344381
2024-12-11 07:00:00,46.08,46.08,45.27,45.6,1007700
2024-12-12 07:00:00,45.44,46.08,45.11,45.6,1362166
2024-12-13 07:00:00,45.44,45.6,44.95,45.44,652589
2024-12-16 07:00:00,45.44,46.08,45.11,46.08,1032085
2024-12-17 07:00:00,46.08,46.57,45.76,45.84,837424
2024-12-18 07:00:00,45.84,46.08,45.44,46.08,448401
2024-12-19 07:00:00,46.08,46.08,45.36,46.0,684481
2024-12-20 07:00:00,45.92,46.0,45.36,45.36,487790
2024-12-23 07:00:00,45.68,45.92,45.27,45.44,561156
2024-12-24 07:00:00,45.36,45.44,44.46,45.27,1131603
2024-12-25 07:00:00,45.27,45.52,44.95,45.52,659147
2024-12-26 07:00:00,45.6,45.6,44.95,45.44,387913
2024-12-27 07:00:00,45.27,45.27,44.46,45.19,970712
2024-12-30 07:00:00,44.87,45.19,44.55,45.11,391164
2024-12-31 07:00:00,44.63,45.19,44.63,45.03,423794
2025-01-02 07:00:00,45.11,45.27,44.63,45.27,829401
2025-01-03 07:00:00,45.27,45.27,44.71,44.71,775917
2025-01-06 07:00:00,44.71,44.79,43.58,44.06,1237244
2025-01-07 07:00:00,44.06,44.79,43.82,44.14,844704
2025-01-08 07:00:00,44.14,44.3,43.74,44.06,433519
2025-01-09 07:00:00,44.14,44.63,43.98,44.22,454668
2025-01-10 07:00:00,44.22,44.38,43.17,43.17,509516
2025-01-13 07:00:00,43.25,43.5,42.61,43.5,802942
2025-01-14 07:00:00,43.33,43.74,42.85,43.09,518776
2025-01-15 07:00:00,43.17,43.33,42.85,42.85,714938
2025-01-16 07:00:00,43.25,44.14,43.09,43.9,907250
2025-01-17 07:00:00,40.42,43.98,40.42,43.98,594056
2025-01-20 07:00:00,44.06,44.38,43.66,44.22,452760
2025-01-21 07:00:00,40.02,44.3,40.02,44.22,570249
2025-01-22 07:00:00,43.25,44.3,43.25,43.74,320484
2025-01-23 07:00:00,44.06,44.06,43.5,44.06,475235
2025-01-24 07:00:00,44.06,44.3,43.66,44.22,587582
2025-02-03 07:00:00,44.06,44.87,43.82,44.3,430255
2025-02-04 07:00:00,43.66,44.63,40.42,44.38,452537
2025-02-05 07:00:00,44.46,44.79,44.06,44.3,752433
2025-02-06 07:00:00,44.3,45.03,44.3,44.55,704512
2025-02-07 07:00:00,44.55,44.63,44.3,44.3,270042
2025-02-10 07:00:00,44.3,44.3,43.41,43.41,667857
2025-02-11 07:00:00,43.41,43.5,43.01,43.5,784300
2025-02-12 07:00:00,43.5,43.9,43.25,43.5,767481
2025-02-13 07:00:00,43.5,43.5,43.09,43.41,507165
2025-02-14 07:00:00,44.06,44.06,43.17,43.58,634699
2025-02-17 07:00:00,43.58,43.58,43.09,43.33,587466
2025-02-18 07:00:00,43.33,43.5,43.17,43.41,350191
2025-02-19 07:00:00,43.33,45.19,43.33,45.03,2221028
2025-02-20 07:00:00,45.27,45.44,44.71,45.19,1071689
2025-02-21 07:00:00,45.19,45.68,44.95,45.27,1294034
2025-02-24 07:00:00,45.27,46.41,44.95,46.08,1301375
2025-02-25 07:00:00,46.16,46.41,45.84,46.16,868271
2025-02-26 07:00:00,46.16,46.73,45.92,46.16,1377032
2025-02-27 07:00:00,46.32,46.41,45.44,46.41,1302913
2025-02-28 07:00:00,46.32,46.57,45.76,46.24,842703
2025-03-03 07:00:00,46.08,46.49,45.76,45.76,808218
2025-03-04 07:00:00,45.6,46.24,45.27,45.68,1029768
2025-03-05 07:00:00,45.84,46.08,45.03,45.03,1021752
2025-03-06 07:00:00,45.03,46.08,45.03,46.08,1083247
2025-03-07 07:00:00,46.08,46.32,45.68,45.68,1214127
2025-03-10 07:00:00,45.44,46.24,45.19,45.76,1663121
2025-03-11 07:00:00,44.46,45.76,41.47,45.76,1084742
2025-03-12 07:00:00,45.76,45.76,45.27,45.27,1218384
2025-03-13 07:00:00,45.27,45.6,44.46,44.46,1620411
2025-03-14 07:00:00,44.46,44.55,43.66,43.9,1427555
2025-03-17 07:00:00,43.98,44.22,43.66,43.74,809317
2025-03-18 07:00:00,43.82,44.55,43.74,43.98,567930
2025-03-19 07:00:00,44.06,44.38,43.33,43.82,1293117
2025-03-20 07:00:00,43.82,43.98,43.25,43.58,645568
2025-03-21 07:00:00,43.66,43.66,43.33,43.58,521350
2025-03-24 07:00:00,43.25,44.14,43.09,43.82,432812
2025-03-25 07:00:00,43.9,44.14,43.58,43.82,703002
2025-03-26 07:00:00,39.45,44.14,39.45,43.5,852897
2025-03-27 07:00:00,43.58,43.98,43.25,43.25,572152
2025-03-28 07:00:00,43.33,43.5,42.77,43.25,1288920
2025-03-31 07:00:00,43.01,43.98,42.77,43.66,751711
2025-04-01 07:00:00,43.66,43.66,43.33,43.33,342522
2025-04-02 07:00:00,43.41,43.9,43.33,43.58,453248
2025-04-03 07:00:00,43.01,43.01,39.29,39.29,2412678
2025-04-04 07:00:00,35.41,35.41,35.41,35.41,912634
2025-04-08 07:00:00,31.9,31.9,31.9,31.9,538589
2025-04-09 07:00:00,28.71,28.71,28.71,28.71,1330757
2025-04-10 07:00:00,28.8,31.56,25.87,31.56,886723
2025-04-11 07:00:00,33.48,34.66,28.46,31.9,11327321
2025-04-14 07:00:00,32.06,34.74,32.06,32.4,5163638
2025-04-15 07:00:00,32.56,32.9,29.22,29.88,6781051
2025-04-16 07:00:00,27.71,30.3,27.71,29.3,4271496
2025-04-17 07:00:00,28.88,29.97,28.55,29.72,2366963
2025-04-18 07:00:00,27.62,31.22,27.62,30.39,2626168
2025-04-21 07:00:00,30.64,31.48,30.3,30.3,1830495
2025-04-22 07:00:00,27.71,30.22,27.54,29.13,3791500
2025-04-23 07:00:00,26.29,30.72,26.29,30.22,1745787
2025-04-24 07:00:00,30.89,32.65,30.64,30.97,3755192
2025-04-25 07:00:00,30.97,31.48,30.81,31.06,1759004
2025-04-28 07:00:00,31.39,31.39,30.39,30.47,1860909
2025-04-29 07:00:00,30.22,30.72,29.72,30.3,3207798
2025-05-05 07:00:00,30.3,31.39,30.22,31.39,1681200
2025-05-06 07:00:00,31.39,31.73,30.3,30.72,2317000
2025-05-07 07:00:00,30.72,31.56,30.64,31.39,2663700
2025-05-08 07:00:00,31.64,32.9,31.48,32.65,4040200
2025-05-09 07:00:00,32.65,32.98,32.06,32.4,2229600
2025-05-12 07:00:00,32.48,33.99,31.9,33.99,3952000
2025-05-13 07:00:00,32.82,35.41,32.82,35.33,3446500
2025-05-14 07:00:00,35.49,35.91,34.74,35.91,2673000
2025-05-15 07:00:00,35.91,36.16,34.57,35.16,2029200
2025-05-16 07:00:00,35.16,35.16,34.07,35.16,2825300
2025-05-19 07:00:00,34.83,34.83,34.24,34.32,1435300
2025-05-20 07:00:00,34.49,34.74,33.4,34.57,1612500
2025-05-21 07:00:00,34.66,34.74,33.99,34.16,1668100
2025-05-22 07:00:00,33.9,34.57,33.48,33.65,1968900
2025-05-23 07:00:00,34.16,34.16,32.9,32.98,2272900
2025-05-26 07:00:00,32.98,35.16,32.4,35.16,2973800
2025-05-27 07:00:00,35.16,35.83,34.91,35.08,1860200
2025-05-28 07:00:00,35.49,36.42,34.91,36.0,3509000
2025-05-29 07:00:00,36.33,37.59,36.33,36.75,1926100
2025-05-30 07:00:00,36.58,37.59,35.16,36.5,2264300
2025-06-02 07:00:00,36.33,36.33,35.24,35.58,1592000
2025-06-03 07:00:00,35.83,36.16,35.24,35.66,1616100
2025-06-04 07:00:00,35.66,36.16,35.16,35.49,1438800
2025-06-05 07:00:00,35.24,36.16,35.16,35.33,1832100
2025-06-06 07:00:00,35.33,35.66,34.66,34.74,2354000
2025-06-09 07:00:00,34.74,34.91,33.57,33.65,2195600
2025-06-10 07:00:00,33.65,34.41,33.32,33.9,1568200
2025-06-11 07:00:00,34.07,34.41,33.48,33.9,718100
2025-06-12 07:00:00,33.9,34.32,33.9,34.16,963100
2025-06-13 07:00:00,34.07,34.07,33.15,33.74,2002100
2025-06-16 07:00:00,33.74,34.32,33.65,34.24,777400
2025-06-17 07:00:00,34.24,35.16,34.24,34.74,1650000
2025-06-18 07:00:00,34.83,34.83,34.16,34.66,1182700
2025-06-19 07:00:00,34.66,34.66,33.99,34.32,1773000
2025-06-20 07:00:00,34.32,34.66,33.99,34.66,1518900
2025-06-23 07:00:00,34.66,36.16,33.9,35.66,2773500
2025-06-24 07:00:00,35.66,36.75,35.66,36.58,4685900
2025-06-25 07:00:00,36.83,37.34,36.5,37.17,3222300
2025-06-26 07:00:00,37.25,37.59,36.5,37.08,1271500
2025-06-27 07:00:00,36.0,37.59,33.4,36.75,1197100
2025-06-30 07:00:00,36.75,37.34,36.67,37.0,1488300
2025-07-01 07:00:00,37.0,38.59,37.0,38.26,3368300
2025-07-02 07:00:00,38.26,40.77,38.26,40.35,5461600
2025-07-03 07:00:00,40.35,40.52,36.83,40.02,8097000
2025-07-04 07:00:00,39.85,39.93,38.76,38.84,3348800
2025-07-07 07:00:00,38.84,39.6,38.34,39.26,2075500
2025-07-08 07:00:00,39.34,41.02,39.09,40.1,2288500
2025-07-09 07:00:00,40.18,40.35,39.34,39.76,1486800
2025-07-10 07:00:00,39.76,40.02,39.01,39.01,1928800
2025-07-11 07:00:00,39.01,39.26,38.67,38.67,1557400
2025-07-14 07:00:00,39.26,39.34,38.34,38.84,1002400
2025-07-15 07:00:00,39.09,39.18,38.67,38.76,1505700
2025-07-16 07:00:00,38.76,38.84,38.42,38.51,1235100
2025-07-17 07:00:00,38.59,39.51,38.51,38.67,1709600
2025-07-18 07:00:00,38.67,39.51,38.59,38.59,2801100
2025-07-21 07:00:00,38.59,39.18,38.17,38.17,1931500
2025-07-22 07:00:00,38.17,38.51,37.5,38.01,2432200
2025-07-23 07:00:00,38.09,38.84,38.09,38.51,2137900
2025-07-24 07:00:00,38.59,39.43,38.34,39.09,1974700
2025-07-25 07:00:00,39.09,39.68,39.01,39.01,2163600
2025-07-28 07:00:00,37.67,39.93,37.59,39.43,3924700
2025-07-29 07:00:00,39.85,40.52,37.42,37.42,4300500
2025-07-30 07:00:00,37.42,38.09,36.83,37.08,2634300
2025-07-31 07:00:00,37.67,38.93,37.17,38.09,6345800
2025-08-01 07:00:00,38.51,38.51,37.25,37.34,2069200
2025-08-04 07:00:00,37.25,37.75,36.83,37.34,1777000
2025-08-05 07:00:00,37.25,38.76,37.0,37.59,4284200
2025-08-06 07:00:00,37.59,38.09,37.59,38.01,1869500
2025-08-07 07:00:00,38.51,39.43,38.26,38.76,3391900
2025-08-08 07:00:00,38.76,39.09,38.01,38.42,3562100
2025-08-11 07:00:00,38.93,41.44,38.51,41.44,7861400
2025-08-12 07:00:00,39.01,41.86,39.01,41.44,4289300
2025-08-13 07:00:00,41.52,42.69,40.85,41.86,5567900
2025-08-14 07:00:00,43.68,43.68,41.95,42.14,2958400
2025-08-15 07:00:00,42.14,43.59,42.14,42.34,5454600
2025-08-18 07:00:00,42.34,43.3,41.76,42.43,3707300
2025-08-19 07:00:00,42.63,43.78,42.24,42.24,3477800
2025-08-20 07:00:00,42.24,43.78,41.47,43.3,3767100
2025-08-21 07:00:00,43.68,47.05,43.59,44.65,4995000
2025-08-22 07:00:00,45.13,45.13,41.66,41.66,3104900
2025-08-25 07:00:00,42.34,43.3,40.7,40.7,3735200
2025-08-26 07:00:00,40.41,42.72,40.41,42.34,1378300
2025-08-27 07:00:00,42.43,43.59,42.43,42.43,1607900
2025-08-28 07:00:00,42.63,43.01,41.95,41.95,1237600
2025-08-29 07:00:00,42.05,42.53,41.95,42.14,1303200
2025-09-03 07:00:00,42.14,43.3,42.14,43.3,1831300
2025-09-04 07:00:00,43.3,44.36,43.3,43.3,2044300
2025-09-05 07:00:00,43.3,44.74,42.34,42.34,3776700
2025-09-08 07:00:00,42.34,42.53,40.8,40.8,2435400
2025-09-09 07:00:00,40.8,41.28,40.32,40.8,1563900
2025-09-10 07:00:00,41.09,41.38,40.41,41.38,1275500
2025-09-11 07:00:00,41.38,41.38,40.03,40.89,1090200
2025-09-12 07:00:00,40.99,41.76,40.89,41.57,1127200
2025-09-15 07:00:00,41.76,42.43,41.38,42.14,2433700
2025-09-16 07:00:00,42.34,42.53,40.99,40.99,2099700
2025-09-17 07:00:00,41.38,42.34,40.89,40.89,1163500
2025-09-18 07:00:00,40.99,41.18,40.51,40.8,452100
2025-09-19 07:00:00,40.8,41.18,39.84,39.84,1457800
2025-09-22 07:00:00,39.84,40.22,38.68,38.97,1706100
2025-09-23 07:00:00,39.16,39.64,38.68,38.78,746500
2025-09-24 07:00:00,38.87,38.97,38.1,38.49,2083500
2025-09-25 07:00:00,38.68,39.84,38.3,39.35,793200
2025-09-26 07:00:00,39.35,39.74,38.87,38.87,778000
2025-09-29 07:00:00,38.97,38.97,37.82,37.82,1403300
2025-09-30 07:00:00,37.91,38.01,36.56,37.04,2593900
2025-10-01 07:00:00,37.14,37.72,36.85,37.62,831800
2025-10-02 07:00:00,37.72,37.91,36.85,37.14,1056000
2025-10-03 07:00:00,37.14,37.14,36.37,36.37,1464200
2025-10-06 07:00:00,36.37,37.24,36.28,37.14,1039800
2025-10-07 07:00:00,37.14,37.43,36.66,36.66,1516100
2025-10-08 07:00:00,37.04,37.43,36.18,36.18,2296700
2025-10-09 07:00:00,36.56,37.72,35.7,37.43,4997900
2025-10-10 07:00:00,37.43,37.53,36.66,36.66,3329300
2025-10-13 07:00:00,36.37,37.91,35.89,37.24,2388100
2025-10-14 07:00:00,37.24,37.72,36.56,36.56,2428000
2025-10-15 07:00:00,36.56,37.04,35.7,35.79,3202900
2025-10-16 07:00:00,35.79,36.28,35.12,35.51,3740300
2025-10-17 07:00:00,35.6,35.6,34.45,34.83,4325200
2025-10-20 07:00:00,34.83,35.02,31.75,32.23,5350900
2025-10-21 07:00:00,32.33,34.54,32.23,34.16,2899100
2025-10-22 07:00:00,34.26,34.74,33.39,34.16,1919900
2025-10-23 07:00:00,34.16,34.45,33.29,33.48,1828500
2025-10-24 07:00:00,33.58,34.16,33.29,33.68,1625500
2025-10-27 07:00:00,34.16,35.6,34.16,34.74,1763400
2025-10-28 07:00:00,34.83,35.51,34.74,35.51,1295500
2025-10-29 07:00:00,35.6,36.85,35.12,36.47,3378600
2025-10-30 07:00:00,36.76,37.53,36.28,36.56,2646700
2025-10-31 07:00:00,36.56,37.53,36.56,36.66,2396800
2025-11-03 07:00:00,36.85,38.1,36.66,36.76,3302800
2025-11-04 07:00:00,36.85,36.95,35.31,36.66,2209500
2025-11-05 07:00:00,36.85,37.33,35.6,37.14,1312200
2025-11-06 07:00:00,37.04,38.01,36.76,36.85,1117800
2025-11-07 07:00:00,36.85,37.43,36.37,36.56,1469900
2025-11-10 07:00:00,36.56,36.85,35.89,36.18,795000
2025-11-11 07:00:00,36.18,37.72,35.79,37.72,2916900
2025-11-12 07:00:00,37.72,38.01,37.53,37.82,1786700
2025-11-13 07:00:00,37.82,41.09,37.82,40.12,6745700
2025-11-14 07:00:00,40.12,41.66,39.35,41.09,5586700
2025-11-17 07:00:00,41.18,41.57,40.32,40.8,3611800
2025-11-18 07:00:00,40.8,40.99,39.45,39.55,2944100
2025-11-19 07:00:00,39.55,40.32,39.35,39.93,3353000
2025-11-20 07:00:00,39.93,40.22,39.26,39.64,1743400
2025-11-21 07:00:00,39.64,40.41,39.35,39.64,2851900
2025-11-24 07:00:00,39.64,39.93,38.49,38.49,2340000
2025-11-25 07:00:00,34.74,39.74,34.74,38.3,3233800
2025-11-26 07:00:00,38.49,39.35,38.3,39.35,1348600
2025-11-27 07:00:00,39.64,39.64,38.3,38.3,2177800
2025-11-28 07:00:00,38.39,39.26,38.1,38.78,2409000
2025-12-01 07:00:00,38.78,38.97,38.1,38.39,1328600
2025-12-02 07:00:00,38.39,38.49,37.62,38.2,1693700
2025-12-03 07:00:00,38.2,39.1,38.1,38.5,1024000
2025-12-04 07:00:00,38.5,39.6,38.5,39.2,2832300
2025-12-05 07:00:00,39.2,39.3,38.6,38.6,1313300
2025-12-08 07:00:00,38.7,39.0,37.5,37.7,1524200
2025-12-09 07:00:00,37.8,37.9,36.1,37.3,2896400
2025-12-10 07:00:00,37.3,37.4,36.1,37.1,756500
2025-12-11 07:00:00,37.1,37.4,37.0,37.0,798700
2025-12-12 07:00:00,37.0,37.2,35.6,35.6,1890800
2025-12-15 07:00:00,35.6,36.4,35.5,36.1,1052000
2025-12-16 07:00:00,36.1,37.4,35.3,37.0,1479600
2025-12-17 07:00:00,37.1,37.3,36.6,36.9,683500
2025-12-18 07:00:00,36.9,37.0,36.4,36.4,745500
2025-12-19 07:00:00,36.3,37.2,36.0,37.2,1274200
2025-12-22 07:00:00,37.2,37.4,36.9,37.2,798300
2025-12-23 07:00:00,37.2,37.9,37.0,37.0,1565000
2025-12-24 07:00:00,37.0,37.7,37.0,37.2,765000
2025-12-25 07:00:00,37.5,37.5,36.8,36.8,777500
2025-12-26 07:00:00,36.8,36.8,35.8,36.4,1424900
2025-12-29 07:00:00,36.4,36.6,36.2,36.5,693100
2025-12-30 07:00:00,36.6,37.0,36.5,36.9,636200
2025-12-31 07:00:00,36.8,37.2,36.0,36.4,891000
2026-01-05 07:00:00,36.5,36.9,35.8,36.0,831000
2026-01-06 07:00:00,36.0,37.1,33.0,36.5,1214100
2026-01-07 07:00:00,36.5,39.3,36.5,38.9,3432500
2026-01-08 07:00:00,39.0,39.2,37.1,37.9,1802300
2026-01-09 07:00:00,38.0,39.7,37.8,39.0,4379400
2026-01-12 07:00:00,39.0,40.0,38.7,39.0,1631700
2026-01-13 07:00:00,39.1,39.6,38.8,39.5,2901200
2026-01-14 07:00:00,39.6,40.6,39.1,40.0,4376400
2026-01-15 07:00:00,40.1,40.6,39.4,39.5,2415500
2026-01-16 07:00:00,39.6,40.3,39.2,39.3,2948400
2026-01-19 07:00:00,39.3,43.2,39.3,43.2,10739100
2026-01-20 07:00:00,44.0,46.5,43.5,44.5,7978800
2026-01-21 07:00:00,44.5,48.0,43.9,46.8,9059000
2026-01-22 07:00:00,48.0,48.0,45.6,47.4,5182600
2026-01-23 07:00:00,47.4,47.4,43.6,45.5,5660700
2026-01-26 07:00:00,45.3,45.4,43.2,44.0,4923900
2026-01-27 07:00:00,44.1,47.0,43.1,45.4,4222000
2026-01-28 07:00:00,45.8,46.7,44.6,46.1,4727000
2026-01-29 07:00:00,46.2,46.8,44.9,46.3,3435800
2026-01-30 07:00:00,46.3,49.8,46.1,47.9,9225400
2026-02-02 07:00:00,48.0,49.1,47.2,48.5,5783600
2026-02-03 07:00:00,48.6,52.4,48.6,51.8,9130900
2026-02-04 07:00:00,51.8,52.0,49.8,50.2,5357300
2026-02-05 07:00:00,50.1,50.6,48.0,48.0,4868500
2026-02-06 07:00:00,48.0,48.9,46.4,48.3,6084200
2026-02-09 07:00:00,48.2,48.7,46.0,46.0,2228600
2026-02-10 07:00:00,47.0,47.0,43.7,45.3,5075000
2026-02-11 07:00:00,45.3,46.5,44.9,46.5,1914300
2026-02-12 07:00:00,46.5,46.8,45.6,46.4,1059400
2026-02-13 07:00:00,46.4,47.1,45.5,47.0,1881600
2026-02-23 07:00:00,47.0,48.5,47.0,48.5,3589700
2026-02-24 07:00:00,48.5,49.3,47.3,47.5,3364300
2026-02-25 07:00:00,48.0,50.8,47.5,49.5,5603300
2026-02-26 07:00:00,49.5,49.8,47.6,48.6,2898800
2026-02-27 07:00:00,48.6,49.7,48.1,48.4,2436400
2026-03-02 07:00:00,48.5,51.3,45.0,49.6,8650700
2026-03-03 07:00:00,49.6,51.8,47.9,48.4,4366900
2026-03-04 07:00:00,48.4,48.4,43.6,46.1,8012100
2026-03-05 07:00:00,46.3,46.8,44.0,44.8,3574000
2026-03-06 07:00:00,44.8,44.8,43.1,43.3,3069800
2026-03-09 07:00:00,40.6,42.0,39.0,39.0,7308300
2026-03-10 07:00:00,42.8,42.8,39.1,41.5,3755000
2026-03-11 07:00:00,41.5,44.7,41.1,43.9,4796900
2026-03-12 07:00:00,43.0,45.0,42.0,44.9,3016300
2026-03-13 07:00:00,44.1,44.5,43.2,44.2,1731400
2026-03-16 07:00:00,44.2,44.2,42.5,43.7,1758800
2026-03-17 07:00:00,43.7,44.3,43.1,43.7,1698900
2026-03-18 07:00:00,43.7,44.2,43.1,44.0,1460300
2026-03-19 07:00:00,43.5,44.0,42.9,44.0,1347400
2026-03-20 07:00:00,43.8,45.7,43.5,43.5,2887900
2026-03-23 07:00:00,40.0,43.0,40.0,42.4,2554300
2026-03-24 07:00:00,42.6,44.7,42.6,44.7,1643200
2026-03-25 07:00:00,45.4,46.8,44.7,46.8,3582000
2026-03-26 07:00:00,46.8,46.8,45.8,46.8,2019700
2026-03-27 07:00:00,46.8,48.6,46.5,48.5,3213800
2026-03-30 07:00:00,48.5,48.9,46.5,48.8,2690600
2026-03-31 07:00:00,48.8,49.5,47.8,49.3,3617600
2026-04-01 07:00:00,49.3,50.0,48.2,49.3,2369700
2026-04-02 07:00:00,49.2,49.3,47.4,48.0,2464400
2026-04-03 07:00:00,47.8,47.9,45.6,46.8,2548600
2026-04-06 07:00:00,46.8,46.9,45.2,45.7,1005400
2026-04-07 07:00:00,45.1,47.0,45.0,47.0,1409900
2026-04-08 07:00:00,47.6,48.6,47.3,48.6,1839200
2026-04-09 07:00:00,49.2,49.5,48.0,48.7,1269100
2026-04-10 07:00:00,48.9,48.9,47.6,48.4,1340700
2026-04-13 07:00:00,48.0,48.3,46.8,48.2,2327600
2026-04-14 07:00:00,48.5,48.9,47.2,47.7,1984800
2026-04-15 07:00:00,47.7,48.8,47.4,47.9,1734400
2026-04-16 07:00:00,47.7,49.5,47.5,48.8,2660300
2026-04-17 07:00:00,49.5,50.7,48.5,49.1,3191300
2026-04-20 07:00:00,49.1,49.1,48.0,48.3,1356500
2026-04-21 07:00:00,48.4,48.4,46.3,46.3,2813900
2026-04-22 07:00:00,46.3,46.7,45.6,46.5,1864700
2026-04-23 07:00:00,46.6,46.8,45.5,46.0,1852100
2026-04-24 07:00:00,46.0,46.1,44.8,45.6,1625000
2026-04-28 07:00:00,45.9,45.9,44.4,45.7,1475600
2026-04-29 07:00:00,45.7,45.7,44.6,45.2,1660800
2026-05-04 07:00:00,45.2,45.3,44.4,45.2,1421800
2026-05-05 07:00:00,45.2,45.6,44.3,44.8,1355600
2026-05-06 07:00:00,44.8,45.2,44.0,45.0,906600
2026-05-07 07:00:00,45.1,46.3,44.9,46.1,2014800
2026-05-08 07:00:00,46.1,46.2,44.8,45.9,962500
2026-05-11 07:00:00,46.1,46.1,44.8,44.8,1289700
2026-05-12 07:00:00,44.2,44.8,43.9,44.6,1233600
2026-05-13 07:00:00,44.6,44.6,43.6,43.6,1448300
2026-05-14 07:00:00,43.6,44.3,43.6,44.0,871700
2026-05-15 07:00:00,43.9,44.2,43.0,43.9,1319800
2026-05-18 07:00:00,43.9,43.9,42.4,42.8,1925000
2026-05-19 07:00:00,42.7,42.9,41.7,42.1,1712200
2026-05-20 07:00:00,42.0,44.0,41.4,43.8,2128300
2026-05-21 07:00:00,44.0,44.3,43.0,44.2,1575800
2026-05-22 07:00:00,44.2,44.2,43.2,43.6,943200
2026-05-25 07:00:00,43.6,43.7,42.6,43.1,760100
2026-05-26 07:00:00,43.0,44.0,42.4,44.0,1263800
2026-05-27 07:00:00,44.0,44.5,43.2,43.3,995400
