time,open,high,low,close,volume
2018-01-02 07:00:00,3.95,3.97,3.86,3.91,300980
2018-01-03 07:00:00,3.9,3.93,3.82,3.82,500650
2018-01-04 07:00:00,3.82,3.89,3.8,3.86,373390
2018-01-05 07:00:00,3.83,3.86,3.8,3.81,391330
2018-01-08 07:00:00,3.78,3.82,3.78,3.78,170960
2018-01-09 07:00:00,3.78,3.91,3.78,3.87,707790
2018-01-10 07:00:00,3.93,4.13,3.88,4.11,1537150
2018-01-11 07:00:00,4.11,4.29,4.07,4.25,1156150
2018-01-12 07:00:00,4.05,4.23,4.05,4.05,767410
2018-01-15 07:00:00,4.05,4.21,4.01,4.17,775590
2018-01-16 07:00:00,4.05,4.15,4.05,4.05,819900
2018-01-17 07:00:00,3.86,4.09,3.86,3.86,995410
2018-01-18 07:00:00,3.82,3.93,3.8,3.93,644650
2018-01-19 07:00:00,3.9,4.03,3.86,3.86,377720
2018-01-22 07:00:00,3.86,3.93,3.86,3.89,433220
2018-01-25 07:00:00,3.97,3.99,3.89,3.89,764250
2018-01-26 07:00:00,3.91,3.91,3.86,3.87,265970
2018-01-29 07:00:00,3.93,3.97,3.87,3.91,364070
2018-01-30 07:00:00,3.91,4.09,3.88,4.07,857360
2018-01-31 07:00:00,4.09,4.09,3.89,3.89,560370
2018-02-01 07:00:00,3.93,3.93,3.78,3.78,1011720
2018-02-02 07:00:00,3.76,3.86,3.74,3.78,850700
2018-02-05 07:00:00,3.7,3.77,3.58,3.59,764680
2018-02-06 07:00:00,3.38,3.46,3.34,3.44,1481150
2018-02-07 07:00:00,3.54,3.55,3.43,3.46,761610
2018-02-08 07:00:00,3.46,3.5,3.38,3.38,338840
2018-02-09 07:00:00,3.19,3.38,3.19,3.32,511580
2018-02-12 07:00:00,3.42,3.46,3.38,3.46,175940
2018-02-13 07:00:00,3.43,3.5,3.42,3.47,323030
2018-02-21 07:00:00,3.47,3.54,3.47,3.5,123120
2018-02-22 07:00:00,3.5,3.57,3.5,3.55,354750
2018-02-23 07:00:00,3.54,3.6,3.54,3.58,259640
2018-02-26 07:00:00,3.62,3.62,3.54,3.54,216960
2018-02-27 07:00:00,3.58,3.58,3.5,3.56,117560
2018-02-28 07:00:00,3.54,3.56,3.46,3.52,501590
2018-03-01 07:00:00,3.5,3.56,3.46,3.53,319300
2018-03-02 07:00:00,3.5,3.62,3.47,3.62,304680
2018-03-05 07:00:00,3.62,3.62,3.52,3.52,244230
2018-03-06 07:00:00,3.54,3.65,3.52,3.61,516970
2018-03-07 07:00:00,3.61,3.67,3.6,3.64,269870
2018-03-08 07:00:00,3.66,3.66,3.6,3.63,96300
2018-03-09 07:00:00,3.62,3.63,3.58,3.6,149460
2018-03-12 07:00:00,3.59,3.63,3.59,3.6,178490
2018-03-13 07:00:00,3.62,3.62,3.58,3.62,180480
2018-03-14 07:00:00,3.62,3.64,3.58,3.61,157170
2018-03-15 07:00:00,3.62,3.69,3.61,3.67,224010
2018-03-16 07:00:00,3.68,3.68,3.64,3.66,253800
2018-03-19 07:00:00,3.64,3.69,3.64,3.65,205270
2018-03-20 07:00:00,3.68,3.8,3.64,3.8,410970
2018-03-21 07:00:00,3.81,3.84,3.75,3.76,288060
2018-03-22 07:00:00,3.74,3.79,3.7,3.71,255420
2018-03-23 07:00:00,3.63,3.73,3.6,3.68,291750
2018-03-26 07:00:00,3.68,3.81,3.66,3.78,455200
2018-03-27 07:00:00,3.82,4.01,3.82,3.93,1189140
2018-03-28 07:00:00,3.97,4.07,3.93,3.97,704440
2018-03-29 07:00:00,3.99,4.13,3.89,4.09,942360
2018-03-30 07:00:00,4.09,4.25,4.03,4.13,1481900
2018-04-02 07:00:00,4.23,4.23,4.09,4.13,325110
2018-04-03 07:00:00,4.11,4.17,3.93,4.09,907210
2018-04-04 07:00:00,4.15,4.37,4.09,4.27,1619450
2018-04-05 07:00:00,4.25,4.33,4.17,4.29,619750
2018-04-06 07:00:00,4.29,4.37,4.23,4.29,704930
2018-04-09 07:00:00,4.29,4.29,4.05,4.09,928380
2018-04-10 07:00:00,4.11,4.13,3.91,3.93,1293440
2018-04-11 07:00:00,3.97,3.97,3.76,3.76,1069850
2018-04-12 07:00:00,3.74,3.84,3.72,3.79,831920
2018-04-13 07:00:00,3.86,3.86,3.79,3.8,616110
2018-04-16 07:00:00,3.82,3.89,3.79,3.87,388220
2018-04-17 07:00:00,3.89,3.95,3.86,3.88,275780
2018-04-18 07:00:00,3.88,3.95,3.87,3.88,313060
2018-04-19 07:00:00,3.86,3.89,3.8,3.82,260020
2018-04-20 07:00:00,3.82,3.89,3.81,3.88,110790
2018-04-23 07:00:00,3.89,3.89,3.78,3.78,237590
2018-04-24 07:00:00,3.78,3.82,3.74,3.78,209120
2018-04-26 07:00:00,3.76,3.79,3.66,3.66,416510
2018-04-27 07:00:00,3.66,3.74,3.62,3.74,389080
2018-05-02 07:00:00,3.85,3.99,3.85,3.88,615950
2018-05-03 07:00:00,3.88,3.91,3.84,3.9,224220
2018-05-04 07:00:00,3.93,3.93,3.84,3.87,209260
2018-05-07 07:00:00,3.84,3.86,3.78,3.86,205160
2018-05-08 07:00:00,3.85,3.87,3.84,3.87,173180
2018-05-09 07:00:00,3.89,3.89,3.85,3.85,177910
2018-05-10 07:00:00,3.87,3.87,3.74,3.75,299160
2018-05-11 07:00:00,3.81,3.81,3.73,3.79,240200
2018-05-14 07:00:00,3.82,3.93,3.8,3.89,205980
2018-05-15 07:00:00,3.89,3.9,3.82,3.89,181800
2018-05-16 07:00:00,3.89,3.89,3.82,3.82,50340
2018-05-17 07:00:00,3.85,3.85,3.81,3.82,83810
2018-05-18 07:00:00,3.8,3.85,3.75,3.84,286120
2018-05-21 07:00:00,3.85,4.09,3.85,4.01,1464440
2018-05-22 07:00:00,3.97,4.09,3.89,3.93,793590
2018-05-23 07:00:00,3.87,3.91,3.86,3.9,179340
2018-05-24 07:00:00,3.91,3.91,3.8,3.81,385130
2018-05-25 07:00:00,3.81,3.81,3.71,3.71,743310
2018-05-28 07:00:00,3.66,3.7,3.51,3.54,653950
2018-05-29 07:00:00,3.54,3.76,3.54,3.73,190540
2018-05-30 07:00:00,3.72,3.73,3.66,3.67,147200
2018-05-31 07:00:00,3.71,3.74,3.7,3.72,265240
2018-06-01 07:00:00,3.71,3.74,3.68,3.71,210410
2018-06-04 07:00:00,3.73,3.83,3.69,3.83,483880
2018-06-05 07:00:00,3.86,3.86,3.76,3.76,72530
2018-06-06 07:00:00,3.76,3.91,3.74,3.86,316400
2018-06-07 07:00:00,3.86,3.91,3.82,3.85,218280
2018-06-08 07:00:00,3.86,3.86,3.78,3.82,99320
2018-06-11 07:00:00,3.78,3.79,3.74,3.79,200830
2018-06-12 07:00:00,3.76,3.78,3.68,3.73,233520
2018-06-13 07:00:00,3.74,3.74,3.7,3.72,110790
2018-06-14 07:00:00,3.78,3.78,3.72,3.72,71060
2018-06-15 07:00:00,3.77,3.77,3.72,3.76,45430
2018-06-18 07:00:00,3.76,3.77,3.66,3.74,146630
2018-06-19 07:00:00,3.66,3.71,3.52,3.59,596040
2018-06-20 07:00:00,3.59,3.68,3.58,3.62,450490
2018-06-21 07:00:00,3.63,3.66,3.59,3.66,180890
2018-06-22 07:00:00,3.66,3.72,3.66,3.72,230630
2018-06-25 07:00:00,3.7,3.72,3.67,3.69,131080
2018-06-26 07:00:00,3.62,3.73,3.61,3.67,207410
2018-06-27 07:00:00,3.64,3.73,3.64,3.7,198580
2018-06-28 07:00:00,3.65,3.7,3.62,3.69,114100
2018-06-29 07:00:00,3.7,3.7,3.6,3.61,70350
2018-07-02 07:00:00,3.61,3.62,3.57,3.6,204440
2018-07-03 07:00:00,3.65,3.65,3.49,3.49,570150
2018-07-04 07:00:00,3.49,3.55,3.48,3.55,280110
2018-07-05 07:00:00,3.58,3.62,3.54,3.54,454840
2018-07-06 07:00:00,3.52,3.65,3.52,3.65,239060
2018-07-09 07:00:00,3.66,3.66,3.58,3.58,191610
2018-07-10 07:00:00,3.66,3.69,3.62,3.62,279720
2018-07-11 07:00:00,3.46,3.62,3.46,3.58,202020
2018-07-12 07:00:00,3.58,3.6,3.55,3.58,31980
2018-07-13 07:00:00,3.6,3.63,3.6,3.63,73490
2018-07-16 07:00:00,3.64,3.67,3.63,3.63,149340
2018-07-17 07:00:00,3.65,3.68,3.63,3.68,178210
2018-07-18 07:00:00,3.69,3.87,3.64,3.78,1129210
2018-07-19 07:00:00,3.74,3.84,3.74,3.82,210180
2018-07-20 07:00:00,3.82,3.82,3.78,3.81,91760
2018-07-23 07:00:00,3.81,3.93,3.75,3.79,401900
2018-07-24 07:00:00,3.78,3.78,3.73,3.77,346100
2018-07-25 07:00:00,3.77,3.82,3.71,3.71,240830
2018-07-26 07:00:00,3.76,3.78,3.72,3.75,130210
2018-07-27 07:00:00,3.74,3.81,3.73,3.81,130160
2018-07-30 07:00:00,3.81,3.91,3.8,3.85,738230
2018-07-31 07:00:00,3.83,3.89,3.74,3.81,495490
2018-08-01 07:00:00,3.8,3.81,3.72,3.77,154720
2018-08-02 07:00:00,3.73,3.73,3.63,3.69,448340
2018-08-03 07:00:00,3.63,3.69,3.6,3.64,317220
2018-08-06 07:00:00,3.67,3.67,3.61,3.64,58890
2018-08-07 07:00:00,3.67,3.67,3.62,3.67,120880
2018-08-08 07:00:00,3.67,3.67,3.64,3.66,122890
2018-08-09 07:00:00,3.63,3.68,3.62,3.64,94090
2018-08-10 07:00:00,3.67,3.67,3.63,3.66,108030
2018-08-13 07:00:00,3.66,3.66,3.61,3.63,92310
2018-08-14 07:00:00,3.62,3.67,3.58,3.58,237910
2018-08-15 07:00:00,3.58,3.66,3.58,3.6,376080
2018-08-16 07:00:00,3.6,3.63,3.53,3.59,169870
2018-08-17 07:00:00,3.61,3.62,3.59,3.61,78800
2018-08-20 07:00:00,3.56,3.63,3.47,3.6,112920
2018-08-21 07:00:00,3.6,3.61,3.58,3.6,141610
2018-08-22 07:00:00,3.62,3.69,3.59,3.67,251850
2018-08-23 07:00:00,3.68,3.68,3.62,3.64,140040
2018-08-24 07:00:00,3.67,3.67,3.61,3.65,98470
2018-08-27 07:00:00,3.63,3.67,3.63,3.64,97740
2018-08-28 07:00:00,3.64,3.66,3.61,3.64,137990
2018-08-29 07:00:00,3.62,3.67,3.61,3.65,78310
2018-08-30 07:00:00,3.65,3.65,3.61,3.65,215510
2018-08-31 07:00:00,3.64,3.65,3.6,3.63,84590
2018-09-04 07:00:00,3.65,3.65,3.6,3.63,50160
2018-09-05 07:00:00,3.61,3.63,3.4,3.6,186950
2018-09-06 07:00:00,3.6,3.6,3.56,3.6,63380
2018-09-07 07:00:00,3.6,3.6,3.51,3.56,83040
2018-09-10 07:00:00,3.52,3.61,3.51,3.61,241730
2018-09-11 07:00:00,3.63,3.63,3.59,3.62,154940
2018-09-12 07:00:00,3.63,3.63,3.6,3.63,204220
2018-09-13 07:00:00,3.59,3.63,3.59,3.63,334330
2018-09-14 07:00:00,3.6,3.63,3.6,3.63,226980
2018-09-17 07:00:00,3.6,3.63,3.6,3.62,106100
2018-09-18 07:00:00,3.62,3.62,3.6,3.6,201320
2018-09-19 07:00:00,3.6,3.68,3.6,3.65,313690
2018-09-20 07:00:00,3.67,3.67,3.63,3.66,92130
2018-09-21 07:00:00,3.67,3.67,3.64,3.64,180170
2018-09-24 07:00:00,3.65,3.72,3.65,3.7,240510
2018-09-25 07:00:00,3.71,3.73,3.67,3.71,156130
2018-09-26 07:00:00,3.73,3.75,3.7,3.73,157770
2018-09-27 07:00:00,3.73,3.73,3.71,3.73,125980
2018-09-28 07:00:00,3.73,3.75,3.7,3.73,270220
2018-10-01 07:00:00,3.75,3.78,3.71,3.71,115100
2018-10-02 07:00:00,3.71,3.73,3.7,3.72,308420
2018-10-03 07:00:00,3.72,3.73,3.69,3.73,86220
2018-10-04 07:00:00,3.73,3.76,3.71,3.73,230930
2018-10-05 07:00:00,3.73,3.73,3.69,3.71,173130
2018-10-08 07:00:00,3.69,3.71,3.68,3.71,85870
2018-10-09 07:00:00,3.71,3.73,3.68,3.7,188570
2018-10-10 07:00:00,3.69,3.71,3.67,3.7,30110
2018-10-11 07:00:00,3.56,3.69,3.53,3.53,223040
2018-10-12 07:00:00,3.51,3.56,3.51,3.56,122880
2018-10-15 07:00:00,3.56,3.6,3.54,3.54,162720
2018-10-16 07:00:00,3.6,3.79,3.55,3.79,21560
2018-10-17 07:00:00,3.79,3.79,3.61,3.69,166580
2018-10-18 07:00:00,3.61,3.68,3.61,3.64,10010
2018-10-19 07:00:00,3.58,3.63,3.58,3.63,146290
2018-10-22 07:00:00,3.6,3.63,3.6,3.62,28100
2018-10-23 07:00:00,3.6,3.6,3.51,3.56,81690
2018-10-24 07:00:00,3.51,3.6,3.51,3.55,149820
2018-10-25 07:00:00,3.47,3.51,3.47,3.47,121930
2018-10-26 07:00:00,3.56,3.57,3.51,3.52,256980
2018-10-29 07:00:00,3.56,3.58,3.53,3.55,113140
2018-10-30 07:00:00,3.55,3.55,3.51,3.54,152120
2018-10-31 07:00:00,3.56,3.58,3.55,3.58,84960
2018-11-01 07:00:00,3.56,3.56,3.47,3.49,283970
2018-11-02 07:00:00,3.58,3.58,3.48,3.53,150630
2018-11-05 07:00:00,3.53,3.59,3.53,3.53,197390
2018-11-06 07:00:00,3.57,3.57,3.52,3.52,91030
2018-11-07 07:00:00,3.56,3.56,3.51,3.55,80680
2018-11-08 07:00:00,3.57,3.57,3.52,3.53,77910
2018-11-09 07:00:00,3.53,3.53,3.45,3.46,348780
2018-11-12 07:00:00,3.47,3.47,3.42,3.46,211580
2018-11-13 07:00:00,3.43,3.46,3.39,3.45,150760
2018-11-14 07:00:00,3.43,3.46,3.42,3.42,82670
2018-11-15 07:00:00,3.41,3.46,3.38,3.38,116500
2018-11-16 07:00:00,3.43,3.45,3.37,3.42,87010
2018-11-19 07:00:00,3.46,3.5,3.4,3.49,125450
2018-11-20 07:00:00,3.49,3.5,3.46,3.46,90010
2018-11-21 07:00:00,3.45,3.47,3.42,3.46,82170
2018-11-22 07:00:00,3.47,3.49,3.46,3.47,52800
2018-11-23 07:00:00,3.5,3.51,3.47,3.48,101050
2018-11-26 07:00:00,3.47,3.49,3.42,3.45,67560
2018-11-27 07:00:00,3.46,3.47,3.42,3.42,83040
2018-11-28 07:00:00,3.41,3.46,3.41,3.43,103700
2018-11-29 07:00:00,3.47,3.5,3.42,3.43,58070
2018-11-30 07:00:00,3.47,3.47,3.42,3.44,36050
2018-12-03 07:00:00,3.45,3.49,3.45,3.47,29420
2018-12-04 07:00:00,3.47,3.49,3.47,3.47,92090
2018-12-05 07:00:00,3.45,3.49,3.45,3.49,65970
2018-12-06 07:00:00,3.49,3.49,3.46,3.48,115010
2018-12-07 07:00:00,3.48,3.58,3.48,3.56,224830
2018-12-10 07:00:00,3.56,3.58,3.51,3.51,100610
2018-12-11 07:00:00,3.51,3.51,3.49,3.5,107010
2018-12-12 07:00:00,3.51,3.53,3.51,3.53,105240
2018-12-13 07:00:00,3.56,3.56,3.52,3.53,52550
2018-12-14 07:00:00,3.51,3.53,3.5,3.5,59530
2018-12-17 07:00:00,3.51,3.51,3.45,3.5,74080
2018-12-18 07:00:00,3.47,3.49,3.4,3.46,106980
2018-12-19 07:00:00,3.43,3.46,3.38,3.41,62220
2018-12-20 07:00:00,3.41,3.45,3.39,3.42,171030
2018-12-21 07:00:00,3.38,3.42,3.38,3.42,37140
2018-12-24 07:00:00,3.44,3.49,3.34,3.39,25870
2018-12-25 07:00:00,3.37,3.37,3.16,3.29,192900
2018-12-26 07:00:00,3.34,3.36,3.3,3.31,101530
2018-12-27 07:00:00,3.4,3.4,3.32,3.37,44000
2018-12-28 07:00:00,3.37,3.51,3.31,3.31,103220
2019-01-02 07:00:00,3.45,3.45,3.31,3.37,21750
2019-01-03 07:00:00,3.34,3.38,3.28,3.29,55570
2019-01-04 07:00:00,3.27,3.29,3.21,3.23,64060
2019-01-07 07:00:00,3.38,3.38,3.27,3.28,67260
2019-01-08 07:00:00,3.29,3.32,3.27,3.32,47820
2019-01-09 07:00:00,3.33,3.33,3.28,3.3,44890
2019-01-10 07:00:00,3.31,3.36,3.31,3.36,40300
2019-01-11 07:00:00,3.36,3.36,3.3,3.32,39770
2019-01-14 07:00:00,3.32,3.33,3.3,3.33,56000
2019-01-15 07:00:00,3.3,3.38,3.3,3.38,178430
2019-01-16 07:00:00,3.42,3.42,3.34,3.38,105590
2019-01-17 07:00:00,3.4,3.4,3.38,3.4,155770
2019-01-18 07:00:00,3.4,3.41,3.4,3.4,85090
2019-01-21 07:00:00,3.42,3.54,3.42,3.53,345490
2019-01-22 07:00:00,3.52,3.52,3.47,3.48,114640
2019-01-23 07:00:00,3.51,3.51,3.47,3.51,217250
2019-01-24 07:00:00,3.53,3.54,3.47,3.51,116870
2019-01-25 07:00:00,3.51,3.52,3.5,3.51,142470
2019-01-28 07:00:00,3.51,3.51,3.49,3.49,49640
2019-01-29 07:00:00,3.49,3.49,3.42,3.47,143870
2019-01-30 07:00:00,3.43,3.45,3.41,3.42,110800
2019-01-31 07:00:00,3.44,3.47,3.42,3.47,49220
2019-02-01 07:00:00,3.42,3.47,3.42,3.47,57670
2019-02-11 07:00:00,3.42,3.51,3.42,3.51,89270
2019-02-12 07:00:00,3.44,3.51,3.44,3.51,53310
2019-02-13 07:00:00,3.51,3.55,3.49,3.53,125440
2019-02-14 07:00:00,3.53,3.62,3.53,3.58,215400
2019-02-15 07:00:00,3.6,3.6,3.47,3.59,73060
2019-02-18 07:00:00,3.59,3.62,3.53,3.62,187830
2019-02-19 07:00:00,3.6,3.62,3.58,3.62,370730
2019-02-20 07:00:00,3.61,3.63,3.58,3.6,213570
2019-02-21 07:00:00,3.6,3.78,3.6,3.77,481450
2019-02-22 07:00:00,3.77,3.95,3.77,3.93,386130
2019-02-25 07:00:00,3.95,4.08,3.95,4.06,466050
2019-02-26 07:00:00,4.08,4.08,3.96,4.04,391440
2019-02-27 07:00:00,3.99,4.17,3.99,4.16,577730
2019-02-28 07:00:00,4.16,4.32,4.13,4.22,1064140
2019-03-01 07:00:00,4.22,4.39,4.22,4.38,588160
2019-03-04 07:00:00,4.39,4.57,4.39,4.54,866610
2019-03-05 07:00:00,4.54,4.63,4.39,4.57,1114800
2019-03-06 07:00:00,4.57,4.61,4.46,4.48,442040
2019-03-07 07:00:00,4.48,4.48,4.35,4.35,746250
2019-03-08 07:00:00,4.35,4.5,4.27,4.48,748140
2019-03-11 07:00:00,4.52,4.52,4.3,4.39,353940
2019-03-12 07:00:00,4.43,4.43,4.35,4.39,322060
2019-03-13 07:00:00,4.38,4.39,4.32,4.32,192120
2019-03-14 07:00:00,4.39,4.39,4.31,4.33,409370
2019-03-15 07:00:00,4.31,4.59,4.31,4.57,1091440
2019-03-18 07:00:00,4.57,4.83,4.52,4.79,1658930
2019-03-19 07:00:00,4.92,5.07,4.81,5.0,1488460
2019-03-20 07:00:00,5.03,5.33,4.96,5.22,996290
2019-03-21 07:00:00,5.22,5.22,5.05,5.09,699860
2019-03-22 07:00:00,5.09,5.27,5.07,5.18,897880
2019-03-25 07:00:00,4.98,5.25,4.98,5.11,747670
2019-03-26 07:00:00,5.05,5.22,5.0,5.09,364930
2019-03-27 07:00:00,5.05,5.14,4.96,5.05,669360
2019-03-28 07:00:00,5.0,5.0,4.7,4.7,1733610
2019-03-29 07:00:00,4.74,5.0,4.74,5.0,914000
2019-04-01 07:00:00,4.96,5.0,4.87,4.92,452930
2019-04-02 07:00:00,4.92,5.16,4.87,4.92,549480
2019-04-03 07:00:00,4.87,5.0,4.87,5.0,316750
2019-04-04 07:00:00,5.05,5.25,5.03,5.18,1137700
2019-04-05 07:00:00,5.18,5.25,5.05,5.09,743940
2019-04-08 07:00:00,5.09,5.11,4.96,4.96,656430
2019-04-09 07:00:00,4.94,5.0,4.79,4.92,1369520
2019-04-10 07:00:00,4.85,4.89,4.74,4.74,765940
2019-04-11 07:00:00,4.74,5.0,4.74,4.96,497150
2019-04-12 07:00:00,4.96,4.96,4.89,4.94,196440
2019-04-16 07:00:00,4.83,4.83,4.74,4.74,605410
2019-04-17 07:00:00,4.79,4.81,4.61,4.61,763660
2019-04-18 07:00:00,4.61,4.61,4.52,4.57,262780
2019-04-19 07:00:00,4.52,4.61,4.46,4.54,200710
2019-04-22 07:00:00,4.54,4.54,4.46,4.48,134500
2019-04-23 07:00:00,4.41,4.61,4.41,4.46,152560
2019-04-24 07:00:00,4.57,4.63,4.5,4.63,226110
2019-04-25 07:00:00,4.65,4.7,4.57,4.61,114530
2019-04-26 07:00:00,4.61,4.63,4.57,4.61,130100
2019-05-02 07:00:00,4.61,4.65,4.61,4.63,83240
2019-05-03 07:00:00,4.57,4.68,4.57,4.63,212440
2019-05-06 07:00:00,4.57,4.61,4.43,4.48,210630
2019-05-07 07:00:00,4.52,4.52,4.39,4.39,253770
2019-05-08 07:00:00,4.3,4.35,4.21,4.3,252870
2019-05-09 07:00:00,4.3,4.43,4.3,4.39,173780
2019-05-10 07:00:00,4.39,4.46,4.35,4.39,61930
2019-05-13 07:00:00,4.39,4.54,4.39,4.46,164070
2019-05-14 07:00:00,4.46,4.46,4.37,4.43,150960
2019-05-15 07:00:00,4.43,4.52,4.43,4.5,135860
2019-05-16 07:00:00,4.5,4.72,4.5,4.65,567080
2019-05-17 07:00:00,4.7,4.7,4.63,4.63,182700
2019-05-20 07:00:00,4.61,4.65,4.59,4.63,162030
2019-05-21 07:00:00,4.61,4.63,4.57,4.59,249210
2019-05-22 07:00:00,4.54,4.61,4.54,4.54,226110
2019-05-23 07:00:00,4.52,4.59,4.52,4.57,146560
2019-05-24 07:00:00,4.57,4.57,4.43,4.54,51850
2019-05-27 07:00:00,4.54,4.57,4.5,4.54,58820
2019-05-28 07:00:00,4.57,4.57,4.5,4.5,66180
2019-05-29 07:00:00,4.52,4.81,4.52,4.81,1123400
2019-05-30 07:00:00,4.94,4.98,4.76,4.76,468010
2019-05-31 07:00:00,4.83,4.83,4.7,4.72,149900
2019-06-03 07:00:00,4.57,4.63,4.39,4.46,511670
2019-06-04 07:00:00,4.46,4.57,4.43,4.48,181260
2019-06-05 07:00:00,4.54,4.61,4.43,4.46,357900
2019-06-06 07:00:00,4.43,4.48,4.39,4.39,289730
2019-06-07 07:00:00,4.48,4.57,4.43,4.52,143500
2019-06-10 07:00:00,4.52,4.57,4.46,4.48,229090
2019-06-11 07:00:00,4.5,4.68,4.43,4.54,428590
2019-06-12 07:00:00,4.57,4.76,4.54,4.72,924410
2019-06-13 07:00:00,4.74,4.74,4.63,4.7,202320
2019-06-14 07:00:00,4.65,4.81,4.65,4.74,417130
2019-06-17 07:00:00,4.79,4.79,4.63,4.63,255200
2019-06-18 07:00:00,4.63,4.79,4.63,4.74,585390
2019-06-19 07:00:00,4.7,4.79,4.68,4.7,199830
2019-06-20 07:00:00,4.72,4.74,4.7,4.72,287060
2019-06-21 07:00:00,4.72,4.98,4.72,4.94,1615780
2019-06-24 07:00:00,5.03,5.03,4.79,4.79,443630
2019-06-25 07:00:00,4.83,4.83,4.76,4.81,267990
2019-06-26 07:00:00,4.79,4.79,4.65,4.68,537660
2019-06-27 07:00:00,4.68,4.72,4.61,4.61,588590
2019-06-28 07:00:00,4.65,4.65,4.54,4.57,599380
2019-07-01 07:00:00,4.68,4.7,4.59,4.65,308890
2019-07-02 07:00:00,4.63,4.65,4.61,4.63,341410
2019-07-03 07:00:00,4.63,4.74,4.63,4.7,253590
2019-07-04 07:00:00,4.74,4.85,4.74,4.79,730540
2019-07-05 07:00:00,4.74,4.85,4.74,4.83,552880
2019-07-08 07:00:00,4.76,4.87,4.76,4.85,464780
2019-07-09 07:00:00,4.87,4.87,4.74,4.79,323900
2019-07-10 07:00:00,4.74,4.83,4.74,4.79,284650
2019-07-11 07:00:00,4.79,4.92,4.79,4.87,629990
2019-07-12 07:00:00,4.92,5.03,4.89,4.89,806460
2019-07-15 07:00:00,4.92,4.94,4.83,4.85,392300
2019-07-16 07:00:00,4.85,4.87,4.79,4.81,368810
2019-07-17 07:00:00,4.79,4.87,4.79,4.79,447710
2019-07-18 07:00:00,4.79,4.83,4.68,4.76,453890
2019-07-19 07:00:00,4.81,4.83,4.68,4.72,451940
2019-07-22 07:00:00,4.65,4.74,4.65,4.65,274880
2019-07-23 07:00:00,4.65,4.7,4.65,4.7,312240
2019-07-24 07:00:00,4.65,4.74,4.65,4.7,180420
2019-07-25 07:00:00,4.74,4.76,4.68,4.68,296150
2019-07-26 07:00:00,4.94,4.98,4.94,4.98,1256650
2019-07-29 07:00:00,5.09,5.16,4.98,5.03,1772450
2019-07-30 07:00:00,4.98,5.03,4.94,4.96,968470
2019-07-31 07:00:00,4.96,5.29,4.94,5.29,2362940
2019-08-01 07:00:00,5.42,5.6,5.36,5.4,1901900
2019-08-02 07:00:00,5.31,5.77,5.29,5.75,3077230
2019-08-05 07:00:00,5.71,6.06,5.66,5.84,1590770
2019-08-06 07:00:00,5.69,6.23,5.69,6.12,1993320
2019-08-07 07:00:00,5.69,6.28,5.99,6.1,1655530
2019-08-08 07:00:00,6.1,6.37,6.1,6.19,1561460
2019-08-09 07:00:00,6.19,6.19,6.01,6.08,1358450
2019-08-12 07:00:00,6.01,6.23,5.9,6.23,1118760
2019-08-13 07:00:00,6.26,6.5,6.23,6.39,1245430
2019-08-14 07:00:00,6.48,6.63,6.39,6.41,883970
2019-08-15 07:00:00,6.23,6.5,6.21,6.34,924640
2019-08-16 07:00:00,6.3,6.52,6.28,6.34,995620
2019-08-19 07:00:00,6.34,6.78,6.26,6.78,1739420
2019-08-20 07:00:00,6.85,6.96,6.78,6.89,847770
2019-08-21 07:00:00,6.89,6.94,6.43,6.43,2581030
2019-08-22 07:00:00,6.41,6.63,6.3,6.45,2070090
2019-08-23 07:00:00,6.48,6.54,6.39,6.48,587480
2019-08-26 07:00:00,6.45,6.67,6.45,6.63,843960
2019-08-27 07:00:00,6.69,6.78,6.5,6.54,1077750
2019-08-28 07:00:00,6.54,6.89,6.5,6.72,1181450
2019-08-29 07:00:00,6.67,6.87,6.67,6.76,840920
2019-08-30 07:00:00,6.8,6.8,6.56,6.56,1589750
2019-09-03 07:00:00,6.56,6.56,6.26,6.26,1744900
2019-09-04 07:00:00,6.56,6.41,6.19,6.39,649590
2019-09-05 07:00:00,6.37,6.48,6.32,6.32,340640
2019-09-06 07:00:00,6.41,6.48,6.32,6.39,270810
2019-09-09 07:00:00,6.37,6.65,6.28,6.59,803450
2019-09-10 07:00:00,6.52,6.67,6.41,6.45,569190
2019-09-11 07:00:00,6.43,6.8,6.41,6.8,1073670
2019-09-12 07:00:00,7.0,7.0,6.78,6.89,707720
2019-09-13 07:00:00,6.89,6.94,6.67,6.72,544230
2019-09-16 07:00:00,6.74,6.85,6.72,6.78,528730
2019-09-17 07:00:00,6.76,6.78,6.45,6.48,2194260
2019-09-18 07:00:00,6.5,6.63,6.48,6.48,570600
2019-09-19 07:00:00,6.5,6.63,6.48,6.59,346680
2019-09-20 07:00:00,6.54,6.61,6.52,6.59,421660
2019-09-23 07:00:00,6.54,6.59,6.39,6.41,791000
2019-09-24 07:00:00,6.41,6.48,6.39,6.41,405770
2019-09-25 07:00:00,6.37,6.48,6.37,6.41,221680
2019-09-26 07:00:00,6.43,6.48,6.37,6.41,399810
2019-09-27 07:00:00,6.5,6.5,6.37,6.41,339870
2019-09-30 07:00:00,6.41,6.45,6.37,6.45,310150
2019-10-01 07:00:00,6.43,6.89,6.39,6.89,1066850
2019-10-02 07:00:00,6.87,6.89,6.59,6.63,803650
2019-10-03 07:00:00,6.56,7.09,6.54,7.09,1582020
2019-10-04 07:00:00,7.22,7.22,7.05,7.09,686610
2019-10-07 07:00:00,7.09,7.35,7.07,7.22,938020
2019-10-08 07:00:00,7.18,7.46,7.11,7.31,769660
2019-10-09 07:00:00,7.31,7.44,7.22,7.31,612810
2019-10-10 07:00:00,7.33,7.4,6.94,6.94,689840
2019-10-11 07:00:00,6.89,6.98,6.65,6.65,1095060
2019-10-14 07:00:00,6.67,6.87,6.59,6.72,824150
2019-10-15 07:00:00,6.69,6.8,6.67,6.74,262320
2019-10-16 07:00:00,6.76,6.8,6.69,6.69,304560
2019-10-17 07:00:00,6.69,6.69,6.5,6.59,601810
2019-10-18 07:00:00,6.59,6.69,6.52,6.63,258330
2019-10-21 07:00:00,6.63,6.76,6.63,6.65,282970
2019-10-22 07:00:00,6.72,6.72,6.63,6.65,192020
2019-10-23 07:00:00,6.65,6.83,6.63,6.74,285080
2019-10-24 07:00:00,6.74,6.85,6.74,6.78,221750
2019-10-25 07:00:00,6.85,6.87,6.74,6.76,250980
2019-10-28 07:00:00,6.85,6.85,6.59,6.63,404460
2019-10-29 07:00:00,6.59,6.65,6.5,6.63,671190
2019-10-30 07:00:00,6.63,6.72,6.63,6.67,222200
2019-10-31 07:00:00,6.65,6.74,6.59,6.63,263700
2019-11-01 07:00:00,6.63,6.69,6.63,6.67,305680
2019-11-04 07:00:00,6.67,6.74,6.67,6.72,350220
2019-11-05 07:00:00,6.72,6.96,6.63,6.94,760670
2019-11-06 07:00:00,6.94,6.94,6.83,6.85,140610
2019-11-07 07:00:00,6.87,6.87,6.72,6.78,90810
2019-11-08 07:00:00,6.78,6.89,6.76,6.83,236860
2019-11-11 07:00:00,6.83,6.89,6.48,6.74,327680
2019-11-12 07:00:00,6.78,6.85,6.76,6.8,284890
2019-11-13 07:00:00,6.83,6.87,6.76,6.8,291410
2019-11-14 07:00:00,6.83,6.91,6.8,6.85,253370
2019-11-15 07:00:00,6.83,7.13,6.8,7.09,1159660
2019-11-18 07:00:00,7.18,7.18,6.91,6.98,140620
2019-11-19 07:00:00,7.02,7.13,6.91,6.98,349360
2019-11-20 07:00:00,7.07,7.16,7.0,7.0,546450
2019-11-21 07:00:00,6.98,7.07,6.98,7.0,357540
2019-11-22 07:00:00,7.05,7.05,6.54,6.8,891630
2019-11-25 07:00:00,6.8,6.8,6.65,6.8,395660
2019-11-26 07:00:00,6.87,6.87,6.78,6.83,269940
2019-11-27 07:00:00,6.8,6.8,6.72,6.72,253240
2019-11-28 07:00:00,6.72,6.72,6.5,6.52,482940
2019-11-29 07:00:00,6.5,6.67,6.5,6.59,167900
2019-12-02 07:00:00,6.67,6.67,6.48,6.48,270670
2019-12-03 07:00:00,6.5,6.63,6.39,6.48,347560
2019-12-04 07:00:00,6.48,6.59,6.48,6.54,287680
2019-12-05 07:00:00,6.63,6.67,6.56,6.65,215090
2019-12-06 07:00:00,6.72,6.8,6.72,6.78,372650
2019-12-09 07:00:00,6.8,6.87,6.78,6.83,655870
2019-12-10 07:00:00,6.9,6.9,6.78,6.83,147580
2019-12-11 07:00:00,6.83,6.83,6.66,6.73,121460
2019-12-12 07:00:00,6.73,6.8,6.61,6.76,229890
2019-12-13 07:00:00,6.76,6.95,6.71,6.83,261940
2019-12-16 07:00:00,6.78,6.83,6.71,6.73,206860
2019-12-17 07:00:00,6.8,7.11,6.8,6.97,681750
2019-12-18 07:00:00,7.04,7.04,6.95,6.97,160110
2019-12-19 07:00:00,6.9,6.97,6.8,6.9,185780
2019-12-20 07:00:00,6.9,6.9,6.76,6.8,219280
2019-12-23 07:00:00,6.97,7.11,6.9,6.99,515530
2019-12-24 07:00:00,6.97,7.04,6.9,6.99,98570
2019-12-25 07:00:00,6.99,7.47,6.99,7.47,1560640
2019-12-26 07:00:00,7.8,7.87,7.64,7.66,824320
2019-12-27 07:00:00,7.71,7.97,7.61,7.78,717070
2019-12-30 07:00:00,7.71,8.02,7.44,7.52,1348520
2019-12-31 07:00:00,7.49,7.75,7.44,7.61,576600
2020-01-02 07:00:00,7.61,7.9,7.61,7.85,669180
2020-01-03 07:00:00,7.85,7.97,7.61,7.66,626950
2020-01-06 07:00:00,7.66,7.75,7.54,7.59,503090
2020-01-07 07:00:00,7.61,7.71,7.56,7.56,560640
2020-01-08 07:00:00,7.54,7.54,7.04,7.04,2402740
2020-01-09 07:00:00,7.04,7.14,7.02,7.06,555590
2020-01-10 07:00:00,7.06,7.21,7.06,7.14,670510
2020-01-13 07:00:00,7.14,7.18,6.97,7.18,619030
2020-01-14 07:00:00,7.21,7.21,7.14,7.18,406910
2020-01-15 07:00:00,7.23,7.35,7.18,7.28,451710
2020-01-16 07:00:00,7.28,7.3,7.21,7.28,332660
2020-01-17 07:00:00,7.28,7.3,7.09,7.11,242980
2020-01-20 07:00:00,7.04,7.04,6.66,6.71,1291770
2020-01-21 07:00:00,6.78,6.8,6.47,6.73,923380
2020-01-22 07:00:00,6.73,6.85,6.66,6.78,97810
2020-01-30 07:00:00,6.71,6.78,6.66,6.66,210030
2020-01-31 07:00:00,6.66,6.66,6.45,6.52,482530
2020-02-03 07:00:00,6.18,6.42,6.07,6.42,266220
2020-02-04 07:00:00,6.42,6.42,6.18,6.33,142510
2020-02-05 07:00:00,6.33,6.33,6.18,6.33,88780
2020-02-06 07:00:00,6.28,6.52,6.28,6.47,189030
2020-02-07 07:00:00,6.47,6.52,6.33,6.42,75610
2020-02-10 07:00:00,6.35,6.47,6.35,6.37,88490
2020-02-11 07:00:00,6.35,6.42,6.35,6.42,256380
2020-02-12 07:00:00,6.52,6.59,6.45,6.59,129090
2020-02-13 07:00:00,6.59,6.61,6.56,6.59,51240
2020-02-14 07:00:00,6.56,6.59,6.49,6.54,100830
2020-02-17 07:00:00,6.64,6.64,6.47,6.54,56600
2020-02-18 07:00:00,6.45,6.64,6.45,6.54,65220
2020-02-19 07:00:00,6.49,6.59,6.49,6.54,59320
2020-02-20 07:00:00,6.59,6.85,6.56,6.8,438160
2020-02-21 07:00:00,6.95,6.95,6.66,6.66,145140
2020-02-24 07:00:00,6.66,6.66,6.26,6.33,307900
2020-02-25 07:00:00,6.09,6.33,6.07,6.33,307320
2020-02-26 07:00:00,6.33,6.33,6.16,6.21,74410
2020-02-27 07:00:00,6.33,6.42,6.21,6.33,49330
2020-02-28 07:00:00,6.3,6.3,6.11,6.18,176890
2020-03-02 07:00:00,6.18,6.28,6.16,6.21,49680
2020-03-03 07:00:00,6.33,6.33,6.18,6.3,86710
2020-03-04 07:00:00,6.33,6.33,6.18,6.28,23360
2020-03-05 07:00:00,6.28,6.4,6.28,6.3,238260
2020-03-06 07:00:00,6.3,6.33,6.21,6.28,49510
2020-03-09 07:00:00,5.85,6.04,5.85,5.85,249450
2020-03-10 07:00:00,5.61,5.83,5.57,5.83,363400
2020-03-11 07:00:00,5.85,5.85,5.42,5.42,164080
2020-03-12 07:00:00,5.07,5.09,5.07,5.07,61520
2020-03-13 07:00:00,4.71,4.76,4.71,4.73,345960
2020-03-16 07:00:00,4.73,4.8,4.71,4.71,318270
2020-03-17 07:00:00,4.71,4.76,4.57,4.76,332550
2020-03-18 07:00:00,4.8,4.85,4.73,4.76,136870
2020-03-19 07:00:00,4.71,4.71,4.62,4.65,277240
2020-03-20 07:00:00,4.62,4.66,4.59,4.61,64250
2020-03-23 07:00:00,4.48,4.6,4.3,4.3,160330
2020-03-24 07:00:00,4.02,4.3,4.0,4.3,318570
2020-03-25 07:00:00,4.39,4.47,4.35,4.45,140410
2020-03-26 07:00:00,4.42,4.51,4.3,4.33,75340
2020-03-27 07:00:00,4.33,4.33,4.16,4.19,155780
2020-03-30 07:00:00,4.0,4.0,3.9,3.9,403510
2020-03-31 07:00:00,4.02,4.02,3.76,3.82,125620
2020-04-01 07:00:00,3.9,3.94,3.82,3.9,138250
2020-04-03 07:00:00,3.95,4.08,3.95,4.06,197370
2020-04-06 07:00:00,4.14,4.34,4.13,4.34,410240
2020-04-07 07:00:00,4.52,4.52,4.28,4.34,177620
2020-04-08 07:00:00,4.37,4.37,4.28,4.36,118820
2020-04-09 07:00:00,4.54,4.54,4.36,4.42,247500
2020-04-10 07:00:00,4.5,4.5,4.33,4.38,226360
2020-04-13 07:00:00,4.47,4.47,4.38,4.42,99210
2020-04-14 07:00:00,4.47,4.47,4.35,4.37,109460
2020-04-15 07:00:00,4.37,4.66,4.36,4.65,358560
2020-04-16 07:00:00,4.57,4.71,4.57,4.66,239270
2020-04-17 07:00:00,4.67,4.97,4.67,4.97,428810
2020-04-20 07:00:00,5.19,5.23,4.95,5.07,360880
2020-04-21 07:00:00,4.95,5.0,4.72,4.76,389050
2020-04-22 07:00:00,4.69,4.9,4.66,4.85,241970
2020-04-23 07:00:00,4.9,4.95,4.76,4.88,209980
2020-04-24 07:00:00,4.85,4.95,4.8,4.92,124540
2020-04-27 07:00:00,4.9,5.26,4.9,5.26,623160
2020-04-28 07:00:00,5.38,5.61,5.09,5.45,452640
2020-04-29 07:00:00,5.38,5.52,5.35,5.38,238270
2020-05-04 07:00:00,5.23,5.38,5.19,5.21,268770
2020-05-05 07:00:00,5.16,5.42,5.16,5.42,276050
2020-05-06 07:00:00,5.47,5.59,5.42,5.59,292380
2020-05-07 07:00:00,5.59,5.61,5.45,5.49,229870
2020-05-08 07:00:00,5.42,5.57,5.42,5.52,278110
2020-05-11 07:00:00,5.59,5.61,5.47,5.59,296670
2020-05-12 07:00:00,5.61,5.64,5.54,5.57,238090
2020-05-13 07:00:00,5.54,5.95,5.52,5.95,853720
2020-05-14 07:00:00,5.97,6.14,5.9,5.95,416620
2020-05-15 07:00:00,5.95,5.99,5.73,5.85,232990
2020-05-18 07:00:00,5.71,5.8,5.68,5.76,259340
2020-05-19 07:00:00,5.9,5.9,5.73,5.8,256990
2020-05-20 07:00:00,5.78,5.8,5.71,5.71,197600
2020-05-21 07:00:00,5.76,5.83,5.66,5.71,345440
2020-05-22 07:00:00,5.71,5.76,5.64,5.71,143920
2020-05-25 07:00:00,5.66,5.97,5.66,5.95,241990
2020-05-26 07:00:00,6.09,6.09,5.88,5.99,379650
2020-05-27 07:00:00,6.04,6.07,5.85,5.85,358090
2020-05-28 07:00:00,5.85,5.9,5.76,5.85,100090
2020-05-29 07:00:00,5.85,5.85,5.68,5.71,185440
2020-06-01 07:00:00,5.8,5.85,5.73,5.76,225860
2020-06-02 07:00:00,5.9,5.9,5.71,5.71,225160
2020-06-03 07:00:00,5.71,5.76,5.66,5.73,125790
2020-06-04 07:00:00,5.76,5.95,5.71,5.85,293990
2020-06-05 07:00:00,5.85,6.26,5.85,6.23,1270660
2020-06-08 07:00:00,6.33,6.35,6.16,6.18,765280
2020-06-09 07:00:00,6.18,6.18,6.04,6.14,606230
2020-06-10 07:00:00,6.07,6.42,5.95,6.28,1051340
2020-06-11 07:00:00,6.28,6.52,5.99,5.99,1014150
2020-06-12 07:00:00,5.71,6.02,5.71,5.95,373620
2020-06-15 07:00:00,5.95,5.95,5.59,5.59,391220
2020-06-16 07:00:00,5.59,5.9,5.57,5.59,565680
2020-06-17 07:00:00,5.59,5.9,5.59,5.76,277590
2020-06-18 07:00:00,5.68,5.85,5.66,5.76,94010
2020-06-19 07:00:00,5.71,5.83,5.71,5.8,164100
2020-06-22 07:00:00,5.85,5.88,5.71,5.78,321170
2020-06-23 07:00:00,5.71,5.83,5.66,5.68,371370
2020-06-24 07:00:00,5.66,5.76,5.52,5.57,378730
2020-06-25 07:00:00,5.49,5.57,5.42,5.57,221450
2020-06-26 07:00:00,5.59,5.64,5.45,5.47,176260
2020-06-29 07:00:00,5.4,5.47,5.19,5.19,358980
2020-06-30 07:00:00,5.21,5.26,5.09,5.19,227280
2020-07-01 07:00:00,5.19,5.28,5.16,5.28,166580
2020-07-02 07:00:00,5.33,5.38,4.92,5.28,225650
2020-07-03 07:00:00,5.26,5.33,5.23,5.3,44720
2020-07-06 07:00:00,5.23,5.38,5.23,5.38,83260
2020-07-07 07:00:00,5.38,5.52,5.33,5.45,529360
2020-07-08 07:00:00,5.38,5.49,5.38,5.45,348750
2020-07-09 07:00:00,5.47,5.49,5.42,5.49,226530
2020-07-10 07:00:00,5.42,5.49,5.38,5.42,128280
2020-07-13 07:00:00,5.4,5.59,5.4,5.49,299760
2020-07-14 07:00:00,5.47,5.59,5.47,5.59,300910
2020-07-15 07:00:00,5.61,5.68,5.59,5.61,324030
2020-07-16 07:00:00,5.61,5.66,5.49,5.49,187760
2020-07-17 07:00:00,5.49,5.57,5.47,5.47,266540
2020-07-20 07:00:00,5.47,5.54,5.45,5.49,185850
2020-07-21 07:00:00,5.52,5.52,5.4,5.45,142160
2020-07-22 07:00:00,5.47,5.54,5.38,5.45,128290
2020-07-23 07:00:00,5.45,5.45,5.33,5.33,249660
2020-07-24 07:00:00,5.33,5.35,5.09,5.19,462750
2020-07-27 07:00:00,4.83,5.07,4.83,4.83,392470
2020-07-28 07:00:00,4.8,4.97,4.8,4.97,124160
2020-07-29 07:00:00,4.9,4.95,4.71,4.71,317250
2020-07-30 07:00:00,4.8,4.95,4.78,4.85,180840
2020-07-31 07:00:00,4.76,4.92,4.75,4.88,168950
2020-08-03 07:00:00,4.92,5.07,4.88,5.02,191580
2020-08-04 07:00:00,5.21,5.21,5.09,5.16,248480
2020-08-05 07:00:00,5.16,5.35,5.04,5.3,397200
2020-08-06 07:00:00,5.45,5.45,5.25,5.33,112340
2020-08-07 07:00:00,5.28,5.35,5.23,5.28,38210
2020-08-10 07:00:00,5.33,5.63,5.33,5.55,868540
2020-08-11 07:00:00,5.73,5.73,5.53,5.65,355440
2020-08-12 07:00:00,5.65,5.7,5.58,5.63,192190
2020-08-13 07:00:00,5.63,5.75,5.55,5.7,502600
2020-08-14 07:00:00,5.7,5.7,5.48,5.55,282790
2020-08-17 07:00:00,5.53,5.63,5.5,5.58,201940
2020-08-18 07:00:00,5.58,5.63,5.5,5.5,156150
2020-08-19 07:00:00,5.5,5.63,5.45,5.53,303540
2020-08-20 07:00:00,5.6,5.75,5.6,5.68,952270
2020-08-21 07:00:00,5.68,5.73,5.65,5.68,209650
2020-08-24 07:00:00,5.7,5.83,5.7,5.75,401050
2020-08-25 07:00:00,5.83,5.83,5.7,5.73,510910
2020-08-26 07:00:00,5.73,5.88,5.68,5.83,423080
2020-08-27 07:00:00,5.83,5.93,5.83,5.9,371780
2020-08-28 07:00:00,6.03,6.03,5.95,5.95,705650
2020-08-31 07:00:00,5.95,5.98,5.75,5.8,315040
2020-09-01 07:00:00,5.8,5.83,5.63,5.78,372180
2020-09-03 07:00:00,5.88,5.88,5.65,5.65,561750
2020-09-04 07:00:00,5.58,5.83,5.55,5.78,377460
2020-09-07 07:00:00,5.73,5.78,5.65,5.65,457160
2020-09-08 07:00:00,5.68,5.73,5.63,5.65,211820
2020-09-09 07:00:00,5.63,5.78,5.6,5.75,256540
2020-09-10 07:00:00,5.78,5.8,5.73,5.78,215580
2020-09-11 07:00:00,5.75,5.78,5.68,5.75,157000
2020-09-14 07:00:00,5.75,5.75,5.68,5.73,357280
2020-09-15 07:00:00,5.78,5.78,5.7,5.73,294220
2020-09-16 07:00:00,5.73,6.13,5.7,6.13,1214030
2020-09-17 07:00:00,6.23,6.33,6.08,6.18,1201730
2020-09-18 07:00:00,6.2,6.2,6.05,6.13,372490
2020-09-21 07:00:00,6.13,6.42,5.98,6.13,1097530
2020-09-22 07:00:00,6.08,6.3,6.08,6.18,470510
2020-09-23 07:00:00,6.18,6.23,6.05,6.13,372800
2020-09-24 07:00:00,6.13,6.13,5.98,5.98,652700
2020-09-25 07:00:00,6.08,6.08,5.95,6.03,553430
2020-09-28 07:00:00,6.05,6.15,6.03,6.13,346350
2020-09-29 07:00:00,6.28,6.28,6.08,6.08,726980
2020-09-30 07:00:00,6.08,6.08,5.98,6.08,353040
2020-10-01 07:00:00,6.13,6.33,6.08,6.28,1079790
2020-10-02 07:00:00,6.42,6.62,6.28,6.62,2340450
2020-10-05 07:00:00,6.67,6.8,6.62,6.7,524170
2020-10-06 07:00:00,6.65,6.72,6.52,6.67,643950
2020-10-07 07:00:00,6.67,6.9,6.52,6.55,1143700
2020-10-08 07:00:00,6.67,6.67,6.5,6.57,449040
2020-10-09 07:00:00,6.67,6.67,6.47,6.6,829400
2020-10-12 07:00:00,6.6,6.62,6.33,6.33,567150
2020-10-13 07:00:00,6.33,6.33,6.2,6.28,581020
2020-10-14 07:00:00,6.23,6.35,6.1,6.1,753960
2020-10-15 07:00:00,6.13,6.23,6.1,6.13,688680
2020-10-16 07:00:00,6.13,6.25,6.08,6.25,632670
2020-10-19 07:00:00,6.3,6.42,6.23,6.38,415240
2020-10-20 07:00:00,6.38,6.4,6.18,6.23,281920
2020-10-21 07:00:00,6.23,6.28,6.13,6.13,473350
2020-10-22 07:00:00,6.08,6.18,6.08,6.18,177690
2020-10-23 07:00:00,6.18,6.38,6.15,6.23,401320
2020-10-26 07:00:00,6.33,6.38,6.13,6.13,386650
2020-10-27 07:00:00,6.1,6.15,6.08,6.1,223390
2020-10-28 07:00:00,5.98,6.13,5.73,5.73,401540
2020-10-29 07:00:00,5.63,5.88,5.63,5.8,190250
2020-10-30 07:00:00,5.93,5.93,5.8,5.93,253000
2020-11-02 07:00:00,5.93,6.13,5.88,6.08,153920
2020-11-03 07:00:00,6.08,6.18,6.05,6.05,160890
2020-11-04 07:00:00,6.1,6.15,6.03,6.08,524040
2020-11-05 07:00:00,6.3,6.35,6.28,6.28,790690
2020-11-06 07:00:00,6.28,6.33,6.18,6.25,241800
2020-11-09 07:00:00,6.3,6.6,6.23,6.57,1232720
2020-11-10 07:00:00,6.62,6.62,6.42,6.45,713110
2020-11-11 07:00:00,6.45,6.55,6.4,6.47,496020
2020-11-12 07:00:00,6.42,6.6,6.42,6.52,521310
2020-11-13 07:00:00,6.52,6.67,6.47,6.67,1188530
2020-11-16 07:00:00,6.72,6.8,6.57,6.6,520810
2020-11-17 07:00:00,6.72,6.87,6.62,6.87,1281250
2020-11-18 07:00:00,6.92,7.02,6.87,6.87,1914740
2020-11-19 07:00:00,6.82,6.95,6.82,6.85,710850
2020-11-20 07:00:00,6.82,6.87,6.67,6.82,568090
2020-11-23 07:00:00,6.72,6.82,6.64,6.72,1006740
2020-11-24 07:00:00,6.72,7.05,6.72,7.03,1890800
2020-11-25 07:00:00,7.08,7.13,6.95,6.98,1094770
2020-11-26 07:00:00,6.95,7.03,6.82,6.95,715510
2020-11-27 07:00:00,6.95,7.0,6.9,7.0,819840
2020-11-30 07:00:00,7.03,7.16,6.98,7.11,1990490
2020-12-01 07:00:00,6.98,7.31,6.98,7.23,1808700
2020-12-02 07:00:00,7.31,7.31,7.18,7.23,1164710
2020-12-03 07:00:00,7.23,7.49,7.18,7.47,1985760
2020-12-04 07:00:00,7.49,7.49,7.34,7.44,840710
2020-12-07 07:00:00,7.42,7.7,7.39,7.54,1054480
2020-12-08 07:00:00,7.54,7.62,7.47,7.54,1701320
2020-12-09 07:00:00,7.52,7.6,7.47,7.47,1315680
2020-12-10 07:00:00,7.52,7.54,7.29,7.29,1884290
2020-12-11 07:00:00,7.29,7.39,7.18,7.36,869390
2020-12-14 07:00:00,7.49,7.85,7.49,7.85,1580270
2020-12-15 07:00:00,8.4,8.4,8.4,8.4,715910
2020-12-16 07:00:00,8.97,8.97,8.97,8.97,527060
2020-12-17 07:00:00,9.59,9.59,9.04,9.59,6027270
2020-12-18 07:00:00,9.82,10.23,9.3,10.08,3895560
2020-12-21 07:00:00,9.92,10.77,9.92,10.77,1948120
2020-12-22 07:00:00,11.01,11.52,10.59,11.52,1174500
2020-12-23 07:00:00,12.14,12.33,11.58,12.33,1648860
2020-12-24 07:00:00,12.51,12.64,11.47,12.14,1375420
2020-12-25 07:00:00,12.14,12.66,11.58,12.2,1661890
2020-12-28 07:00:00,12.4,12.4,11.81,11.94,1944730
2020-12-29 07:00:00,11.89,12.76,11.63,12.56,2498480
2020-12-30 07:00:00,12.56,12.89,12.14,12.45,1190550
2020-12-31 07:00:00,12.45,12.71,12.22,12.66,1275210
2021-01-04 07:00:00,12.66,13.44,12.51,13.2,1832800
2021-01-05 07:00:00,13.18,13.26,12.87,13.18,1389500
2021-01-06 07:00:00,13.18,13.18,12.76,13.02,1484600
2021-01-07 07:00:00,12.95,13.18,12.58,13.02,1986000
2021-01-08 07:00:00,13.02,13.93,12.82,13.93,2591100
2021-01-11 07:00:00,14.57,14.57,13.93,13.93,1373400
2021-01-12 07:00:00,13.44,13.9,13.41,13.85,1153500
2021-01-13 07:00:00,13.85,13.85,13.59,13.82,1725100
2021-01-14 07:00:00,13.69,13.82,13.44,13.64,1189000
2021-01-15 07:00:00,13.59,14.26,13.44,14.21,2058800
2021-01-18 07:00:00,14.21,14.52,13.69,14.42,1842700
2021-01-19 07:00:00,14.37,14.42,13.41,13.41,1027700
2021-01-20 07:00:00,12.92,13.36,12.48,12.56,1961500
2021-01-21 07:00:00,12.56,12.97,11.89,12.87,1466400
2021-01-22 07:00:00,12.87,13.18,12.82,12.95,1943300
2021-01-25 07:00:00,12.95,13.85,12.95,13.85,3037100
2021-01-26 07:00:00,14.16,14.16,13.33,13.75,1601200
2021-01-27 07:00:00,13.23,13.69,12.79,12.79,1564800
2021-01-28 07:00:00,11.91,11.91,11.91,11.91,142400
2021-01-29 07:00:00,11.08,12.01,11.08,11.91,2678900
2021-02-01 07:00:00,11.47,11.78,11.08,11.08,3125800
2021-02-02 07:00:00,10.34,11.45,10.34,11.37,1121500
2021-02-03 07:00:00,11.37,12.14,11.11,12.14,6013100
2021-02-04 07:00:00,12.22,12.97,12.14,12.66,4546100
2021-02-05 07:00:00,12.69,12.95,12.56,12.69,3056400
2021-02-08 07:00:00,12.66,12.69,11.89,11.89,4573300
2021-02-09 07:00:00,11.89,12.48,11.7,12.48,2605400
2021-02-17 07:00:00,12.51,13.18,12.4,13.15,5139600
2021-02-18 07:00:00,13.15,13.44,12.92,13.23,4682400
2021-02-19 07:00:00,13.15,14.06,12.92,14.06,8056100
2021-02-22 07:00:00,14.11,14.62,14.0,14.5,8520800
2021-02-23 07:00:00,14.52,15.43,14.34,15.4,7995700
2021-02-24 07:00:00,15.35,15.55,14.93,15.24,10007100
2021-02-25 07:00:00,15.32,15.32,14.73,15.17,10515500
2021-02-26 07:00:00,14.88,16.23,14.83,16.23,10058300
2021-03-01 07:00:00,16.28,16.67,16.05,16.59,6928900
2021-03-02 07:00:00,16.67,16.67,15.97,16.2,7574800
2021-03-03 07:00:00,16.12,16.3,15.79,16.3,8736300
2021-03-04 07:00:00,16.33,16.46,15.17,15.71,9525000
2021-03-05 07:00:00,15.61,15.63,14.91,15.12,7801900
2021-03-08 07:00:00,15.3,15.5,15.09,15.27,6501400
2021-03-09 07:00:00,15.24,15.58,14.96,15.4,8000900
2021-03-10 07:00:00,15.45,16.05,15.32,16.02,8712300
2021-03-11 07:00:00,16.1,16.15,15.86,16.15,6079600
2021-03-12 07:00:00,16.15,16.15,15.79,15.99,6552300
2021-03-15 07:00:00,15.99,16.02,15.48,15.71,9956300
2021-03-16 07:00:00,15.71,15.71,15.43,15.5,5484700
2021-03-17 07:00:00,15.53,15.99,15.5,15.89,5521900
2021-03-18 07:00:00,15.94,16.54,15.84,16.54,8122800
2021-03-19 07:00:00,16.54,16.92,16.38,16.92,10771300
2021-03-22 07:00:00,16.95,17.16,16.8,16.98,8967600
2021-03-23 07:00:00,16.92,16.92,15.84,16.05,13457300
2021-03-24 07:00:00,15.81,15.81,14.93,14.93,10431300
2021-03-25 07:00:00,14.93,15.12,14.19,14.96,9848000
2021-03-26 07:00:00,14.75,14.78,13.93,14.39,8254800
2021-03-29 07:00:00,14.29,14.62,13.57,13.95,12080000
2021-03-30 07:00:00,13.9,13.9,13.44,13.59,4289900
2021-03-31 07:00:00,13.54,14.37,13.33,14.19,2249200
2021-04-01 07:00:00,14.19,14.47,14.0,14.44,2265800
2021-04-02 07:00:00,14.73,14.73,14.31,14.55,2672300
2021-04-05 07:00:00,14.47,14.55,14.13,14.24,2508800
2021-04-06 07:00:00,14.0,14.47,13.82,14.47,2708300
2021-04-07 07:00:00,14.31,15.22,14.19,15.04,6546900
2021-04-08 07:00:00,15.04,15.09,14.88,15.04,3836600
2021-04-09 07:00:00,15.04,15.22,14.91,15.09,4213400
2021-04-12 07:00:00,15.09,15.22,14.62,14.83,6177600
2021-04-13 07:00:00,14.83,14.83,14.0,14.26,4908500
2021-04-14 07:00:00,14.26,14.29,13.88,14.29,4766300
2021-04-15 07:00:00,14.26,14.26,13.72,13.82,4623800
2021-04-16 07:00:00,13.72,13.88,13.18,13.54,2221400
2021-04-19 07:00:00,13.8,13.8,13.38,13.49,1995700
2021-04-20 07:00:00,13.8,13.95,13.44,13.57,3231700
2021-04-22 07:00:00,13.54,13.75,13.18,13.18,1232900
2021-04-23 07:00:00,12.92,13.64,12.82,13.64,1336600
2021-04-26 07:00:00,13.64,13.75,13.28,13.28,1132700
2021-04-27 07:00:00,13.28,13.33,12.95,13.28,964200
2021-04-28 07:00:00,13.28,13.75,13.02,13.59,1425000
2021-04-29 07:00:00,13.64,13.64,13.33,13.62,1304900
2021-05-04 07:00:00,13.62,13.62,13.18,13.26,993000
2021-05-05 07:00:00,13.26,13.85,13.26,13.57,1511000
2021-05-06 07:00:00,13.57,14.47,13.44,14.16,4326300
2021-05-07 07:00:00,14.11,14.44,13.77,13.85,1563800
2021-05-10 07:00:00,13.59,13.88,13.49,13.54,1517200
2021-05-11 07:00:00,13.49,14.11,13.23,13.28,2909400
2021-05-12 07:00:00,13.33,13.69,13.33,13.64,1537700
2021-05-13 07:00:00,13.69,14.06,13.49,13.93,3444000
2021-05-14 07:00:00,14.0,14.06,13.62,13.69,1830900
2021-05-17 07:00:00,13.69,14.06,13.51,14.06,5220600
2021-05-18 07:00:00,14.11,14.29,13.95,14.16,5733900
2021-05-19 07:00:00,14.16,14.21,13.72,13.95,2525300
2021-05-20 07:00:00,13.69,13.82,13.44,13.49,2553500
2021-05-21 07:00:00,13.33,13.95,13.23,13.69,3004800
2021-05-24 07:00:00,13.69,14.65,13.69,14.65,9497300
2021-05-25 07:00:00,14.83,14.96,14.5,14.65,6787100
2021-05-26 07:00:00,14.47,14.96,14.29,14.81,7920300
2021-05-27 07:00:00,14.7,15.4,14.42,15.09,10782800
2021-05-28 07:00:00,15.3,15.81,15.09,15.74,10590500
2021-05-31 07:00:00,15.74,15.86,15.24,15.86,7452000
2021-06-01 07:00:00,15.86,16.43,15.84,15.99,8780600
2021-06-02 07:00:00,15.5,15.99,14.88,15.86,6707500
2021-06-03 07:00:00,15.86,16.95,15.76,16.95,18683000
2021-06-04 07:00:00,17.21,17.8,17.05,17.73,11691300
2021-06-07 07:00:00,17.73,17.73,16.49,17.03,7286100
2021-06-08 07:00:00,16.69,17.11,15.89,16.1,7460500
2021-06-09 07:00:00,16.15,16.56,15.45,16.25,6907800
2021-06-10 07:00:00,16.17,16.51,15.97,16.02,5720800
2021-06-11 07:00:00,16.07,16.9,15.99,16.64,8308300
2021-06-14 07:00:00,16.67,16.95,16.54,16.69,5171400
2021-06-15 07:00:00,16.72,17.34,16.28,17.05,7367800
2021-06-16 07:00:00,17.11,17.29,16.72,16.8,5587600
2021-06-17 07:00:00,16.59,16.74,16.28,16.49,4457900
2021-06-18 07:00:00,16.59,17.62,16.56,17.54,9857400
2021-06-21 07:00:00,17.52,18.29,17.52,17.91,7073700
2021-06-22 07:00:00,17.93,17.98,17.42,17.42,5128800
2021-06-23 07:00:00,17.44,18.11,17.05,17.75,8436500
2021-06-24 07:00:00,17.75,18.35,16.51,16.56,11672400
2021-06-25 07:00:00,16.61,16.98,16.46,16.87,7442400
2021-06-28 07:00:00,16.87,18.04,16.54,18.04,10195300
2021-06-29 07:00:00,18.16,18.35,17.78,18.06,10336500
2021-06-30 07:00:00,17.85,17.85,16.98,17.16,7310800
2021-07-01 07:00:00,17.16,17.26,16.74,16.92,5320900
2021-07-02 07:00:00,16.92,17.16,16.33,16.87,10222800
2021-07-05 07:00:00,16.87,16.9,15.74,15.81,8116700
2021-07-06 07:00:00,15.86,16.15,14.73,14.73,7448100
2021-07-07 07:00:00,14.75,14.83,13.95,14.73,3543800
2021-07-08 07:00:00,14.83,15.24,14.7,14.83,4120900
2021-07-09 07:00:00,14.78,14.99,13.82,13.82,6007200
2021-07-12 07:00:00,13.54,13.8,12.87,12.87,5589800
2021-07-13 07:00:00,12.92,13.13,12.14,12.92,4714900
2021-07-14 07:00:00,13.06,13.06,12.07,12.09,5340600
2021-07-15 07:00:00,11.87,12.92,11.87,12.92,4235700
2021-07-16 07:00:00,13.06,13.66,13.03,13.11,5425900
2021-07-19 07:00:00,12.53,12.75,12.2,12.2,5619600
2021-07-20 07:00:00,12.2,12.59,11.57,12.53,2753400
2021-07-21 07:00:00,12.59,12.92,12.2,12.31,3102000
2021-07-22 07:00:00,12.48,13.17,12.4,13.17,7835600
2021-07-23 07:00:00,13.3,13.69,13.14,13.17,7993300
2021-07-26 07:00:00,13.03,13.72,12.75,13.63,6258200
2021-07-27 07:00:00,13.72,13.99,13.41,13.58,6694400
2021-07-28 07:00:00,13.41,13.8,13.41,13.52,6451000
2021-07-29 07:00:00,13.61,13.61,13.36,13.47,5282900
2021-07-30 07:00:00,13.41,13.96,13.3,13.85,9655500
2021-08-02 07:00:00,13.8,13.96,13.63,13.69,5889800
2021-08-03 07:00:00,13.72,13.77,13.52,13.74,5189800
2021-08-04 07:00:00,13.83,14.32,13.83,14.16,10479100
2021-08-05 07:00:00,14.13,14.38,13.91,14.35,5041900
2021-08-06 07:00:00,14.38,14.95,14.18,14.57,8593700
2021-08-09 07:00:00,14.57,15.17,14.4,15.12,6576800
2021-08-10 07:00:00,15.17,15.39,14.84,15.06,6744600
2021-08-11 07:00:00,14.95,15.31,14.6,14.6,8555000
2021-08-12 07:00:00,14.57,15.37,14.4,15.06,11159500
2021-08-13 07:00:00,14.95,15.26,14.6,15.26,9888100
2021-08-16 07:00:00,15.59,16.19,15.59,15.94,9784200
2021-08-17 07:00:00,15.83,15.86,15.48,15.56,7210000
2021-08-18 07:00:00,15.59,15.89,15.53,15.67,5180000
2021-08-19 07:00:00,15.7,16.41,15.61,16.3,8143600
2021-08-20 07:00:00,16.3,16.41,15.17,15.34,10960900
2021-08-23 07:00:00,15.15,15.39,14.27,14.27,9252200
2021-08-24 07:00:00,14.16,14.54,13.5,13.83,10020600
2021-08-25 07:00:00,13.94,14.49,13.74,14.46,3623600
2021-08-26 07:00:00,14.46,14.73,14.21,14.27,4305500
2021-08-27 07:00:00,14.16,14.95,13.85,14.95,6951100
2021-08-30 07:00:00,15.17,15.37,14.93,15.04,7381000
2021-08-31 07:00:00,15.12,15.83,15.01,15.56,13334200
2021-09-01 07:00:00,15.39,15.81,15.34,15.7,7914200
2021-09-06 07:00:00,15.89,16.41,15.72,15.97,12757300
2021-09-07 07:00:00,15.92,15.94,15.23,15.28,11667000
2021-09-08 07:00:00,15.17,15.48,15.12,15.23,5618400
2021-09-09 07:00:00,15.39,15.86,15.26,15.86,5685600
2021-09-10 07:00:00,16.05,16.05,15.59,15.59,4914800
2021-09-13 07:00:00,15.5,15.78,15.28,15.53,5031300
2021-09-14 07:00:00,15.39,15.56,15.06,15.15,6156300
2021-09-15 07:00:00,14.95,15.34,14.95,15.23,3238300
2021-09-16 07:00:00,15.31,15.59,15.2,15.42,5415500
2021-09-17 07:00:00,15.61,16.16,15.42,16.0,14328300
2021-09-20 07:00:00,16.27,16.33,15.34,15.56,8300400
2021-09-21 07:00:00,15.17,15.7,15.06,15.67,7319900
2021-09-22 07:00:00,15.67,16.0,15.34,15.83,6221100
2021-09-23 07:00:00,16.05,16.82,15.94,16.3,17144400
2021-09-24 07:00:00,16.22,16.47,15.7,15.89,6224600
2021-09-27 07:00:00,15.72,15.89,15.12,15.12,6186200
2021-09-28 07:00:00,14.84,15.34,14.62,15.31,8397600
2021-09-29 07:00:00,15.23,15.37,14.84,15.28,5331800
2021-09-30 07:00:00,15.48,15.61,15.31,15.31,2539200
2021-10-01 07:00:00,15.17,15.5,15.12,15.12,3525000
2021-10-04 07:00:00,15.12,15.59,14.95,15.26,4619600
2021-10-05 07:00:00,15.26,15.72,15.26,15.5,3437700
2021-10-06 07:00:00,15.67,15.92,15.5,15.83,5108900
2021-10-07 07:00:00,15.94,16.38,15.89,16.16,9634300
2021-10-08 07:00:00,16.19,16.27,15.7,15.72,6245300
2021-10-11 07:00:00,15.81,15.94,15.64,15.78,3948800
2021-10-12 07:00:00,15.89,16.6,15.67,16.33,12409000
2021-10-13 07:00:00,16.47,16.99,16.41,16.74,10665600
2021-10-14 07:00:00,16.93,16.93,16.71,16.71,7159000
2021-10-15 07:00:00,16.71,17.12,16.55,16.93,9299100
2021-10-18 07:00:00,17.1,17.15,16.66,16.71,6827600
2021-10-19 07:00:00,16.71,17.02,16.38,16.8,5842300
2021-10-20 07:00:00,16.99,17.54,16.77,17.21,9426300
2021-10-21 07:00:00,17.23,17.32,16.91,17.1,4480400
2021-10-22 07:00:00,17.32,17.84,17.15,17.56,8439900
2021-10-25 07:00:00,17.7,18.64,17.59,18.14,10680200
2021-10-26 07:00:00,17.98,18.25,17.65,18.03,6051600
2021-10-27 07:00:00,18.11,18.97,18.09,18.5,7746600
2021-10-28 07:00:00,18.53,18.86,18.33,18.64,6764300
2021-10-29 07:00:00,18.75,18.86,18.25,18.36,6821800
2021-11-01 07:00:00,18.36,18.69,17.92,18.09,9518900
2021-11-02 07:00:00,18.09,19.35,17.98,19.35,7791200
2021-11-03 07:00:00,20.34,20.7,18.0,18.03,16039800
2021-11-04 07:00:00,18.14,18.94,17.87,18.69,7884900
2021-11-05 07:00:00,18.91,19.19,18.44,18.91,5995800
2021-11-08 07:00:00,19.02,19.87,18.69,19.43,7224800
2021-11-09 07:00:00,19.43,19.52,19.02,19.19,5556700
2021-11-10 07:00:00,19.19,19.74,18.86,19.57,6765100
2021-11-11 07:00:00,19.6,20.45,19.49,20.07,9628800
2021-11-12 07:00:00,20.18,20.18,19.46,19.79,4956600
2021-11-15 07:00:00,20.29,20.29,18.47,19.24,8658300
2021-11-16 07:00:00,18.86,19.08,18.14,18.28,10711200
2021-11-17 07:00:00,18.31,18.8,18.22,18.55,5187500
2021-11-18 07:00:00,18.55,18.97,18.17,18.5,6625600
2021-11-19 07:00:00,18.69,18.75,17.21,17.21,15178600
2021-11-22 07:00:00,17.12,17.21,16.03,16.03,9521200
2021-11-23 07:00:00,15.56,16.93,15.56,16.82,4775600
2021-11-24 07:00:00,17.04,17.1,16.52,16.66,4377900
2021-11-25 07:00:00,16.52,17.23,16.36,16.77,4116500
2021-11-26 07:00:00,16.93,17.02,16.41,16.44,5442600
2021-11-29 07:00:00,15.94,16.93,15.92,16.6,5390500
2021-11-30 07:00:00,17.04,17.51,16.66,17.23,6356200
2021-12-01 07:00:00,17.15,17.56,17.1,17.4,3626800
2021-12-02 07:00:00,17.32,17.43,17.04,17.04,3636900
2021-12-03 07:00:00,17.04,17.15,16.22,16.22,4468300
2021-12-06 07:00:00,16.25,16.74,15.81,16.16,4748600
2021-12-07 07:00:00,16.44,16.69,16.16,16.49,2466200
2021-12-08 07:00:00,16.66,17.21,16.58,16.71,3174500
2021-12-09 07:00:00,16.49,17.15,16.49,16.91,2206500
2021-12-10 07:00:00,17.04,17.12,16.63,16.88,3393000
2021-12-13 07:00:00,17.04,18.03,17.04,17.98,7800700
2021-12-14 07:00:00,18.2,18.36,17.65,17.81,5898800
2021-12-15 07:00:00,17.84,18.0,17.48,17.51,4070200
2021-12-16 07:00:00,17.54,18.14,17.43,18.14,6959000
2021-12-17 07:00:00,18.5,18.5,17.87,17.95,6076100
2021-12-20 07:00:00,17.65,17.84,17.1,17.23,5972700
2021-12-21 07:00:00,17.26,17.7,17.1,17.48,5282700
2021-12-22 07:00:00,17.59,18.47,17.48,18.36,8864500
2021-12-23 07:00:00,18.36,18.83,17.76,18.06,8206800
2021-12-24 07:00:00,18.17,18.2,17.65,17.81,2850800
2021-12-27 07:00:00,17.95,17.98,17.4,17.62,3373500
2021-12-28 07:00:00,17.81,18.03,17.4,17.45,5479900
2021-12-29 07:00:00,17.43,17.7,16.52,16.77,7352700
2021-12-30 07:00:00,16.77,17.21,16.71,17.12,3194500
2021-12-31 07:00:00,17.12,17.21,16.8,17.21,2619700
2022-01-04 07:00:00,17.29,17.73,17.1,17.65,4244200
2022-01-05 07:00:00,17.73,18.28,17.62,18.06,7439700
2022-01-06 07:00:00,18.09,18.58,17.84,18.28,6228400
2022-01-07 07:00:00,18.28,18.44,18.03,18.03,5055000
2022-01-10 07:00:00,17.98,19.16,17.76,18.42,11140000
2022-01-11 07:00:00,18.36,19.08,17.87,18.55,6616100
2022-01-12 07:00:00,18.31,18.55,17.26,17.59,5957600
2022-01-13 07:00:00,17.62,18.09,17.21,17.21,5250800
2022-01-14 07:00:00,16.38,17.34,16.38,16.71,3429200
2022-01-17 07:00:00,16.91,17.15,15.56,15.56,6454100
2022-01-18 07:00:00,15.12,15.56,14.84,14.87,4256900
2022-01-19 07:00:00,15.39,15.83,15.01,15.83,2405400
2022-01-20 07:00:00,15.94,16.49,15.72,16.33,2465400
2022-01-21 07:00:00,16.22,16.38,15.78,15.89,2505800
2022-01-24 07:00:00,15.94,15.94,14.79,14.79,3025400
2022-01-25 07:00:00,14.68,15.39,14.68,15.31,1654300
2022-01-26 07:00:00,15.48,15.5,15.12,15.23,1699400
2022-01-27 07:00:00,15.23,15.34,14.76,14.87,1644200
2022-01-28 07:00:00,14.84,15.12,14.73,15.12,1817500
2022-02-07 07:00:00,15.45,15.83,15.28,15.67,1310000
2022-02-08 07:00:00,15.7,15.92,15.56,15.83,1501000
2022-02-09 07:00:00,15.56,16.22,15.56,16.05,1960300
2022-02-10 07:00:00,16.16,16.16,15.67,15.75,1760800
2022-02-11 07:00:00,15.81,16.14,15.75,15.92,1461900
2022-02-14 07:00:00,15.89,16.33,15.72,16.0,2217200
2022-02-15 07:00:00,16.03,16.22,15.83,16.03,1063600
2022-02-16 07:00:00,16.16,16.55,16.05,16.38,1948500
2022-02-17 07:00:00,16.38,16.38,16.16,16.22,1188800
2022-02-18 07:00:00,16.0,16.33,15.94,16.19,2087700
2022-02-21 07:00:00,16.16,16.71,16.05,16.38,2885200
2022-02-22 07:00:00,16.16,16.33,15.39,15.86,2864000
2022-02-23 07:00:00,15.94,16.27,15.83,15.94,2128400
2022-02-24 07:00:00,15.92,16.27,15.17,15.75,3331400
2022-02-25 07:00:00,15.94,16.05,15.83,15.83,1326100
2022-02-28 07:00:00,15.83,15.94,15.64,15.75,1802200
2022-03-01 07:00:00,15.78,16.05,15.7,15.92,2494000
2022-03-02 07:00:00,15.92,16.05,15.81,15.81,2273900
2022-03-03 07:00:00,15.89,16.05,15.72,15.89,2158800
2022-03-04 07:00:00,15.92,16.8,15.92,16.49,5385000
2022-03-07 07:00:00,16.49,16.99,16.33,16.49,2672600
2022-03-08 07:00:00,16.33,16.55,16.0,16.0,1929100
2022-03-09 07:00:00,15.94,16.16,15.5,15.94,2856400
2022-03-10 07:00:00,16.05,16.27,15.56,15.94,1672600
2022-03-11 07:00:00,15.89,16.16,15.72,15.94,1590000
2022-03-14 07:00:00,15.89,15.92,15.39,15.39,2084900
2022-03-15 07:00:00,15.45,15.81,15.34,15.7,1472200
2022-03-16 07:00:00,15.89,15.89,15.64,15.67,1047600
2022-03-17 07:00:00,15.75,15.94,15.67,15.7,1182200
2022-03-18 07:00:00,15.72,15.86,15.7,15.78,1279500
2022-03-21 07:00:00,15.97,16.08,15.83,16.05,2107900
2022-03-22 07:00:00,16.14,16.36,16.03,16.03,1915400
2022-03-23 07:00:00,16.05,16.11,15.92,15.94,1764400
2022-03-24 07:00:00,16.0,16.63,15.83,16.55,5574800
2022-03-25 07:00:00,16.71,16.8,16.33,16.33,2523600
2022-03-28 07:00:00,16.22,16.47,15.83,16.27,3171600
2022-03-29 07:00:00,16.27,16.49,16.16,16.3,2213500
2022-03-30 07:00:00,16.03,16.3,15.81,15.83,2524000
2022-03-31 07:00:00,15.72,16.03,15.72,15.72,1423800
2022-04-01 07:00:00,15.67,16.03,15.61,15.86,1422100
2022-04-04 07:00:00,15.86,16.16,15.86,15.97,1675100
2022-04-05 07:00:00,16.11,16.11,15.92,15.92,1414800
2022-04-06 07:00:00,15.72,15.92,15.67,15.78,1914700
2022-04-07 07:00:00,15.86,15.89,15.67,15.67,1558600
2022-04-08 07:00:00,15.67,15.83,14.95,14.95,2364500
2022-04-12 07:00:00,15.17,15.28,14.54,14.54,1905300
2022-04-13 07:00:00,14.6,15.06,14.29,15.06,1757900
2022-04-14 07:00:00,15.17,15.17,14.82,14.9,645300
2022-04-15 07:00:00,14.84,15.09,14.68,14.71,1323100
2022-04-18 07:00:00,14.71,14.71,13.69,13.69,3911900
2022-04-19 07:00:00,13.69,13.91,13.19,13.19,1917400
2022-04-20 07:00:00,13.08,13.17,12.29,12.29,2627400
2022-04-21 07:00:00,11.82,12.64,11.43,11.96,4201100
2022-04-22 07:00:00,12.26,12.53,11.74,12.04,1083000
2022-04-25 07:00:00,12.18,12.18,11.22,11.22,1469700
2022-04-26 07:00:00,11.0,11.33,10.56,11.33,1478500
2022-04-27 07:00:00,11.27,11.71,11.16,11.57,984500
2022-04-28 07:00:00,11.6,12.01,11.6,11.6,975400
2022-04-29 07:00:00,11.43,11.93,11.38,11.87,1357500
2022-05-04 07:00:00,11.76,11.98,11.6,11.87,705300
2022-05-05 07:00:00,12.12,12.15,11.54,11.82,1033900
2022-05-06 07:00:00,11.33,11.65,11.27,11.27,721900
2022-05-09 07:00:00,11.38,11.38,10.5,10.5,2417600
2022-05-10 07:00:00,9.87,10.47,9.79,10.17,1558600
2022-05-11 07:00:00,10.5,10.5,10.17,10.25,600100
2022-05-12 07:00:00,10.25,10.31,9.54,9.54,1721000
2022-05-13 07:00:00,9.07,9.51,8.88,8.88,3046000
2022-05-16 07:00:00,8.93,9.26,8.71,8.8,892400
2022-05-17 07:00:00,8.88,9.4,8.58,9.4,1315900
2022-05-18 07:00:00,9.51,9.79,9.48,9.62,1442800
2022-05-19 07:00:00,9.32,9.62,9.24,9.54,893800
2022-05-20 07:00:00,9.43,9.84,9.43,9.68,1054200
2022-05-23 07:00:00,9.79,10.01,9.43,9.59,1295300
2022-05-24 07:00:00,9.59,9.81,9.26,9.57,833300
2022-05-25 07:00:00,9.62,10.01,9.57,9.98,1390000
2022-05-26 07:00:00,10.09,10.28,10.01,10.12,1568600
2022-05-27 07:00:00,10.28,10.45,10.17,10.34,1455900
2022-05-30 07:00:00,10.34,10.61,10.28,10.58,1755300
2022-05-31 07:00:00,10.56,11.11,10.39,10.94,2219700
2022-06-01 07:00:00,10.97,11.52,10.89,11.41,2903200
2022-06-02 07:00:00,11.41,12.07,11.41,11.9,2989600
2022-06-03 07:00:00,12.07,12.2,11.43,11.46,1748400
2022-06-06 07:00:00,11.38,11.65,11.27,11.33,1284600
2022-06-07 07:00:00,11.11,11.33,10.8,11.05,1846900
2022-06-08 07:00:00,11.16,11.82,11.16,11.82,2060000
2022-06-09 07:00:00,12.04,12.07,11.82,11.96,1474500
2022-06-10 07:00:00,11.63,12.59,11.63,11.98,1954100
2022-06-13 07:00:00,11.43,11.76,11.16,11.16,2033000
2022-06-14 07:00:00,10.5,11.38,10.5,10.94,1309200
2022-06-15 07:00:00,11.05,11.24,10.5,11.05,1381400
2022-06-16 07:00:00,11.38,11.38,10.94,10.94,873500
2022-06-17 07:00:00,10.45,10.64,10.2,10.34,1925400
2022-06-20 07:00:00,10.28,10.5,9.62,9.62,1565000
2022-06-21 07:00:00,9.57,9.84,9.02,9.65,1600800
2022-06-22 07:00:00,9.73,10.01,9.57,9.9,833200
2022-06-23 07:00:00,9.9,10.17,9.84,10.17,567800
2022-06-24 07:00:00,10.28,10.34,9.92,10.09,683400
2022-06-27 07:00:00,10.14,10.56,10.06,10.56,912400
2022-06-28 07:00:00,10.56,10.83,10.45,10.67,706700
2022-06-29 07:00:00,10.61,10.72,10.45,10.61,462300
2022-06-30 07:00:00,10.58,10.72,10.01,10.01,764100
2022-07-01 07:00:00,9.92,10.17,9.65,10.01,694400
2022-07-04 07:00:00,10.28,10.28,10.01,10.01,333700
2022-07-05 07:00:00,10.01,10.14,9.76,9.81,500200
2022-07-06 07:00:00,9.68,9.95,9.51,9.62,524900
2022-07-07 07:00:00,9.57,9.73,9.4,9.59,409200
2022-07-08 07:00:00,9.62,10.12,9.62,10.06,713600
2022-07-11 07:00:00,10.03,10.17,9.65,9.9,420900
2022-07-12 07:00:00,9.9,10.56,9.9,10.56,1424900
2022-07-13 07:00:00,10.58,10.64,10.36,10.36,942700
2022-07-14 07:00:00,10.25,10.78,10.17,10.75,1383700
2022-07-15 07:00:00,10.75,10.94,10.64,10.64,1261100
2022-07-18 07:00:00,10.8,10.91,10.61,10.75,679100
2022-07-19 07:00:00,10.75,10.75,10.39,10.53,866400
2022-07-20 07:00:00,10.72,10.94,10.61,10.89,1523700
2022-07-21 07:00:00,11.0,11.22,10.86,10.86,1347800
2022-07-22 07:00:00,10.86,10.97,10.75,10.78,987500
2022-07-25 07:00:00,10.8,11.0,10.67,10.78,923300
2022-07-26 07:00:00,10.94,10.94,10.36,10.39,1370400
2022-07-27 07:00:00,10.39,10.56,10.23,10.47,660300
2022-07-28 07:00:00,10.67,10.97,10.61,10.89,2009600
2022-07-29 07:00:00,11.11,11.11,10.83,10.86,1066500
2022-08-01 07:00:00,10.91,11.41,10.86,11.38,3031500
2022-08-02 07:00:00,11.43,11.52,11.22,11.33,2150000
2022-08-03 07:00:00,11.27,11.71,11.19,11.41,1578300
2022-08-04 07:00:00,11.49,11.54,11.11,11.24,1926400
2022-08-05 07:00:00,11.11,11.35,11.11,11.35,1080600
2022-08-08 07:00:00,11.43,11.46,11.27,11.38,1224900
2022-08-09 07:00:00,11.41,11.54,11.35,11.38,1492800
2022-08-10 07:00:00,11.33,12.15,11.33,12.15,3762800
2022-08-11 07:00:00,12.56,12.62,12.01,12.07,3380600
2022-08-12 07:00:00,12.04,12.75,11.93,12.62,2812400
2022-08-15 07:00:00,12.75,13.3,12.75,13.03,2421100
2022-08-16 07:00:00,13.03,13.19,12.75,13.14,2810500
2022-08-17 07:00:00,13.14,13.41,12.73,12.75,3437300
2022-08-18 07:00:00,12.75,12.84,12.48,12.75,2152800
2022-08-19 07:00:00,12.67,13.11,12.67,12.86,2471800
2022-08-22 07:00:00,12.86,13.39,12.75,13.19,3130000
2022-08-23 07:00:00,13.08,13.39,13.03,13.36,1601800
2022-08-24 07:00:00,13.44,13.44,13.14,13.25,1544700
2022-08-25 07:00:00,13.3,13.36,12.97,13.03,1953300
2022-08-26 07:00:00,13.0,13.17,12.64,12.78,3092900
2022-08-29 07:00:00,12.4,12.59,11.96,12.59,2967600
2022-08-30 07:00:00,12.64,13.0,12.45,12.45,1327300
2022-08-31 07:00:00,12.31,12.59,12.18,12.53,1545200
2022-09-05 07:00:00,12.51,12.56,12.31,12.34,1303900
2022-09-06 07:00:00,12.34,12.48,12.31,12.37,1248400
2022-09-07 07:00:00,12.34,12.37,11.54,11.54,2286100
2022-09-08 07:00:00,11.79,11.79,11.13,11.16,1791800
2022-09-09 07:00:00,11.22,11.52,11.11,11.52,1313800
2022-09-12 07:00:00,11.65,11.76,11.57,11.63,886900
2022-09-13 07:00:00,11.65,11.65,11.41,11.49,964900
2022-09-14 07:00:00,11.02,11.52,11.0,11.46,1343800
2022-09-15 07:00:00,11.54,11.87,11.52,11.74,1533200
2022-09-16 07:00:00,11.65,11.76,11.33,11.33,1666000
2022-09-19 07:00:00,11.49,11.6,10.94,11.11,2203400
2022-09-20 07:00:00,11.27,11.38,10.89,11.33,712900
2022-09-21 07:00:00,11.16,11.52,11.16,11.43,865100
2022-09-22 07:00:00,11.27,11.76,11.27,11.68,1707100
2022-09-23 07:00:00,11.65,11.76,11.33,11.33,1789100
2022-09-26 07:00:00,11.05,11.05,10.56,10.56,2995200
2022-09-27 07:00:00,10.56,10.67,10.06,10.23,2177600
2022-09-28 07:00:00,10.06,10.28,9.57,9.68,1816300
2022-09-29 07:00:00,9.9,10.12,9.02,9.02,4671400
2022-09-30 07:00:00,8.85,9.18,8.41,9.18,2524900
2022-10-03 07:00:00,9.13,9.15,8.55,8.55,2341000
2022-10-04 07:00:00,8.69,8.71,8.03,8.03,3025500
2022-10-05 07:00:00,8.14,8.55,8.14,8.55,2288400
2022-10-06 07:00:00,8.66,8.66,7.97,7.97,3488400
2022-10-07 07:00:00,7.67,7.67,7.42,7.42,6058500
2022-10-10 07:00:00,7.2,7.72,7.2,7.7,1874100
2022-10-11 07:00:00,7.64,7.64,7.17,7.17,1222100
2022-10-12 07:00:00,6.95,7.5,6.9,7.2,2046800
2022-10-13 07:00:00,7.31,7.42,7.2,7.31,915700
2022-10-14 07:00:00,7.53,7.81,7.48,7.81,2981100
2022-10-17 07:00:00,7.83,8.11,7.75,8.08,2451800
2022-10-18 07:00:00,8.36,8.41,8.08,8.08,2596100
2022-10-19 07:00:00,8.11,8.14,7.89,7.92,2000400
2022-10-20 07:00:00,7.83,8.03,7.7,7.7,1719300
2022-10-21 07:00:00,7.72,7.72,7.17,7.17,3055600
2022-10-24 07:00:00,7.17,7.2,6.68,6.68,3226400
2022-10-25 07:00:00,6.51,7.12,6.27,6.82,2221400
2022-10-26 07:00:00,6.87,7.06,6.62,6.68,1066500
2022-10-27 07:00:00,6.87,7.15,6.71,7.15,1852500
2022-10-28 07:00:00,7.31,7.48,7.23,7.23,2084200
2022-10-31 07:00:00,7.23,7.31,6.84,7.23,1622900
2022-11-01 07:00:00,7.37,7.59,7.31,7.31,1884500
2022-11-02 07:00:00,7.34,7.5,7.26,7.28,1269200
2022-11-03 07:00:00,7.12,7.39,7.12,7.26,1724000
2022-11-04 07:00:00,7.15,7.17,6.76,6.76,2725400
2022-11-07 07:00:00,6.65,6.73,6.29,6.29,3237800
2022-11-08 07:00:00,5.94,6.32,5.94,6.16,2432800
2022-11-09 07:00:00,6.32,6.46,6.13,6.27,1337500
2022-11-10 07:00:00,6.21,6.27,5.85,5.85,1404100
2022-11-11 07:00:00,5.91,6.16,5.45,5.45,3896700
2022-11-14 07:00:00,5.22,5.25,5.07,5.07,3729800
2022-11-15 07:00:00,4.84,5.42,4.72,5.31,4664200
2022-11-16 07:00:00,5.11,5.66,5.0,5.66,2475300
2022-11-17 07:00:00,5.72,5.91,5.55,5.77,2492100
2022-11-18 07:00:00,5.74,6.13,5.46,5.99,3062200
2022-11-21 07:00:00,6.16,6.16,5.94,6.02,2675400
2022-11-22 07:00:00,5.94,6.43,5.88,5.91,3764200
2022-11-23 07:00:00,5.94,6.02,5.69,5.69,1558100
2022-11-24 07:00:00,5.66,5.85,5.5,5.72,1685000
2022-11-25 07:00:00,5.88,6.1,5.8,6.1,1376400
2022-11-28 07:00:00,6.51,6.51,6.51,6.51,765000
2022-11-29 07:00:00,6.95,6.95,6.6,6.95,7259400
2022-11-30 07:00:00,7.09,7.37,6.9,7.37,3246400
2022-12-01 07:00:00,7.59,7.75,7.04,7.09,5285300
2022-12-02 07:00:00,6.95,7.48,6.9,7.48,3934200
2022-12-05 07:00:00,7.64,7.72,7.45,7.5,3984200
2022-12-06 07:00:00,7.42,7.48,6.98,6.98,4411300
2022-12-07 07:00:00,6.87,6.9,6.54,6.6,3735300
2022-12-08 07:00:00,6.73,7.04,6.73,7.04,2539400
2022-12-09 07:00:00,7.09,7.28,6.9,7.26,1967500
2022-12-12 07:00:00,7.37,7.48,6.93,6.93,2788500
2022-12-13 07:00:00,6.95,7.15,6.76,7.15,1618900
2022-12-14 07:00:00,7.37,7.37,7.2,7.26,2594000
2022-12-15 07:00:00,7.28,7.42,7.15,7.31,2195300
2022-12-16 07:00:00,7.17,7.81,7.09,7.81,8360100
2022-12-19 07:00:00,7.97,8.14,7.53,7.53,3814400
2022-12-20 07:00:00,7.53,7.61,7.01,7.01,6470500
2022-12-21 07:00:00,7.15,7.2,6.68,6.95,3039100
2022-12-22 07:00:00,7.09,7.15,6.84,7.12,1620600
2022-12-23 07:00:00,7.04,7.12,6.93,7.06,1089500
2022-12-26 07:00:00,7.06,7.06,6.6,6.6,2596500
2022-12-27 07:00:00,6.49,6.87,6.43,6.84,1201200
2022-12-28 07:00:00,6.93,6.93,6.71,6.79,862200
2022-12-29 07:00:00,6.79,6.9,6.62,6.65,688800
2022-12-30 07:00:00,6.71,6.79,6.6,6.65,1343500
2023-01-03 07:00:00,6.68,7.09,6.68,7.09,1857700
2023-01-04 07:00:00,7.37,7.37,7.09,7.15,1932400
2023-01-05 07:00:00,7.26,7.37,7.06,7.26,1876200
2023-01-06 07:00:00,7.26,7.34,7.04,7.06,1545300
2023-01-09 07:00:00,7.15,7.17,6.98,7.01,838500
2023-01-10 07:00:00,7.01,7.28,6.87,7.2,1561200
2023-01-11 07:00:00,7.26,7.42,7.2,7.2,1771300
2023-01-12 07:00:00,7.34,7.34,7.17,7.26,961200
2023-01-13 07:00:00,7.34,7.53,7.28,7.42,2466700
2023-01-16 07:00:00,7.48,7.7,7.39,7.64,2322700
2023-01-17 07:00:00,7.64,7.92,7.64,7.86,2268600
2023-01-18 07:00:00,7.92,7.92,7.7,7.81,2818400
2023-01-19 07:00:00,7.75,7.92,7.7,7.89,2269900
2023-01-27 07:00:00,7.92,8.08,7.83,7.92,2782900
2023-01-30 07:00:00,7.94,8.27,7.86,8.03,4432700
2023-01-31 07:00:00,8.03,8.14,7.83,8.14,2187000
2023-02-01 07:00:00,8.19,8.19,7.59,7.59,3699000
2023-02-02 07:00:00,7.59,7.64,7.28,7.39,2469700
2023-02-03 07:00:00,7.65,7.68,7.43,7.46,1335600
2023-02-06 07:00:00,7.39,7.65,7.39,7.59,1416100
2023-02-07 07:00:00,7.59,7.71,7.23,7.43,1635600
2023-02-08 07:00:00,7.43,7.65,7.2,7.55,1277700
2023-02-09 07:00:00,7.55,7.59,7.39,7.59,1048200
2023-02-10 07:00:00,7.55,7.59,7.14,7.14,2186900
2023-02-13 07:00:00,7.04,7.14,6.72,6.88,2176900
2023-02-14 07:00:00,6.95,7.17,6.88,7.11,987400
2023-02-15 07:00:00,7.01,7.39,7.01,7.39,1593300
2023-02-16 07:00:00,7.52,7.55,7.43,7.49,889600
2023-02-17 07:00:00,7.49,7.65,7.43,7.46,1726300
2023-02-20 07:00:00,7.65,7.97,7.62,7.97,3351000
2023-02-21 07:00:00,8.38,8.51,8.25,8.51,11359400
2023-02-22 07:00:00,8.35,8.89,8.35,8.45,5739100
2023-02-23 07:00:00,8.54,8.83,8.35,8.83,5708300
2023-02-24 07:00:00,9.02,9.24,8.83,8.83,4812500
2023-02-27 07:00:00,8.64,8.8,8.22,8.22,6442000
2023-02-28 07:00:00,8.29,8.35,7.65,7.71,7381900
2023-03-01 07:00:00,7.81,8.19,7.49,8.19,3460500
2023-03-02 07:00:00,8.22,8.32,7.84,7.87,2941700
2023-03-03 07:00:00,7.84,8.06,7.71,7.71,3330100
2023-03-06 07:00:00,7.94,8.22,7.9,8.1,4097700
2023-03-07 07:00:00,8.1,8.16,7.94,7.97,2147700
2023-03-08 07:00:00,7.87,8.22,7.84,8.22,2612000
2023-03-09 07:00:00,8.35,8.45,8.22,8.22,2623900
2023-03-10 07:00:00,8.16,8.25,8.0,8.03,2971700
2023-03-13 07:00:00,8.03,8.32,7.97,8.0,3189300
2023-03-14 07:00:00,8.0,8.03,7.65,7.74,3706900
2023-03-15 07:00:00,7.97,8.25,7.9,8.25,3426500
2023-03-16 07:00:00,8.13,8.16,7.97,8.0,1741100
2023-03-17 07:00:00,8.13,8.16,7.97,8.06,1608800
2023-03-20 07:00:00,7.97,8.1,7.74,7.78,2333100
2023-03-21 07:00:00,7.87,7.94,7.71,7.9,1535900
2023-03-22 07:00:00,7.97,8.03,7.9,7.94,1803500
2023-03-23 07:00:00,7.9,8.03,7.78,8.0,1382000
2023-03-24 07:00:00,8.03,8.22,8.03,8.13,2748700
2023-03-27 07:00:00,8.22,8.38,8.13,8.38,2528500
2023-03-28 07:00:00,8.45,8.61,8.29,8.29,3579800
2023-03-29 07:00:00,8.29,8.38,8.13,8.32,1614600
2023-03-30 07:00:00,8.45,8.51,8.16,8.16,2555200
2023-03-31 07:00:00,8.19,8.41,8.13,8.29,2375800
2023-04-03 07:00:00,8.61,8.86,8.51,8.86,7543000
2023-04-04 07:00:00,9.12,9.12,8.86,8.92,2926800
2023-04-05 07:00:00,8.92,9.08,8.73,9.05,4295000
2023-04-06 07:00:00,9.12,9.43,8.8,8.8,6552500
2023-04-07 07:00:00,8.86,9.08,8.73,8.92,3488700
2023-04-10 07:00:00,9.12,9.18,8.8,8.8,3238800
2023-04-11 07:00:00,8.89,8.92,8.64,8.92,2952300
2023-04-12 07:00:00,9.02,9.37,8.86,9.18,6913200
2023-04-13 07:00:00,9.31,9.53,9.24,9.34,6410800
2023-04-14 07:00:00,9.43,9.43,8.7,8.7,4656200
2023-04-17 07:00:00,8.8,8.8,8.38,8.41,4789800
2023-04-18 07:00:00,8.45,8.7,8.38,8.7,2260600
2023-04-19 07:00:00,8.7,8.8,8.45,8.48,2657800
2023-04-20 07:00:00,8.45,8.57,8.38,8.51,1343500
2023-04-21 07:00:00,8.51,8.67,8.22,8.29,3541900
2023-04-24 07:00:00,8.38,8.67,8.29,8.57,2171700
2023-04-25 07:00:00,8.64,8.7,8.35,8.41,2090700
2023-04-26 07:00:00,8.48,8.67,8.38,8.67,2523700
2023-04-27 07:00:00,8.73,8.89,8.67,8.7,2804200
2023-04-28 07:00:00,8.8,8.92,8.73,8.86,2382200
2023-05-04 07:00:00,8.86,8.99,8.67,8.76,2714800
2023-05-05 07:00:00,8.8,8.83,8.67,8.73,2009800
2023-05-08 07:00:00,8.83,8.99,8.76,8.86,2346200
2023-05-09 07:00:00,8.99,9.12,8.8,8.8,3358400
2023-05-10 07:00:00,8.86,9.08,8.83,9.05,3200600
2023-05-11 07:00:00,9.24,9.31,9.02,9.05,4491400
2023-05-12 07:00:00,9.02,9.15,8.99,9.12,3244300
2023-05-15 07:00:00,9.24,9.24,8.76,8.76,4817800
2023-05-16 07:00:00,8.83,8.89,8.73,8.8,2346600
2023-05-17 07:00:00,8.89,8.99,8.73,8.73,2598200
2023-05-18 07:00:00,8.8,8.86,8.7,8.8,1424400
2023-05-19 07:00:00,8.8,8.92,8.76,8.89,2104200
2023-05-22 07:00:00,8.96,9.12,8.92,9.05,3110000
2023-05-23 07:00:00,9.15,9.15,8.92,8.99,2272700
2023-05-24 07:00:00,9.02,9.18,8.99,9.02,2995900
2023-05-25 07:00:00,8.99,9.31,8.96,9.12,4169400
2023-05-26 07:00:00,9.18,9.21,9.08,9.12,2321700
2023-05-29 07:00:00,9.24,9.5,9.18,9.31,5189600
2023-05-30 07:00:00,9.4,9.5,9.24,9.34,2770200
2023-05-31 07:00:00,9.34,9.47,9.27,9.37,3243600
2023-06-01 07:00:00,9.31,9.4,9.24,9.31,2853200
2023-06-02 07:00:00,9.4,9.5,9.27,9.37,3435400
2023-06-05 07:00:00,9.47,9.47,9.24,9.24,2566000
2023-06-06 07:00:00,9.24,9.37,9.15,9.31,2349900
2023-06-07 07:00:00,9.4,9.69,9.31,9.69,6873300
2023-06-08 07:00:00,9.82,9.82,9.34,9.34,4172900
2023-06-09 07:00:00,9.37,9.4,9.15,9.31,3720400
2023-06-12 07:00:00,9.31,9.34,9.18,9.31,2404400
2023-06-13 07:00:00,9.43,9.56,9.31,9.43,2686200
2023-06-14 07:00:00,9.5,9.53,9.21,9.21,2331000
2023-06-15 07:00:00,9.43,9.56,9.31,9.37,4306800
2023-06-16 07:00:00,9.5,9.63,9.37,9.37,3235800
2023-06-19 07:00:00,9.43,9.5,9.37,9.4,2292400
2023-06-20 07:00:00,9.47,9.63,9.43,9.63,2701700
2023-06-21 07:00:00,9.69,9.75,9.63,9.75,3327000
2023-06-22 07:00:00,9.85,10.04,9.78,9.94,3932900
2023-06-23 07:00:00,9.94,10.01,9.85,9.98,3622600
2023-06-26 07:00:00,10.04,10.14,9.72,10.07,4014000
2023-06-27 07:00:00,10.2,10.2,9.98,10.07,2024300
2023-06-28 07:00:00,10.07,10.1,10.01,10.04,3640100
2023-06-29 07:00:00,10.25,10.25,10.0,10.0,2955300
2023-06-30 07:00:00,10.0,10.0,9.76,9.76,2161300
2023-07-03 07:00:00,9.83,9.86,9.69,9.79,1152900
2023-07-04 07:00:00,9.79,9.9,9.76,9.9,1472800
2023-07-05 07:00:00,9.97,10.0,9.86,9.86,1702400
2023-07-06 07:00:00,9.83,9.93,9.69,9.76,1849600
2023-07-07 07:00:00,9.72,9.86,9.62,9.86,1645900
2023-07-10 07:00:00,9.93,10.07,9.86,10.0,2399100
2023-07-11 07:00:00,10.14,10.14,9.93,9.97,1753800
2023-07-12 07:00:00,10.0,10.0,9.83,9.97,2403800
2023-07-13 07:00:00,10.0,10.35,9.97,10.28,3969700
2023-07-14 07:00:00,10.25,10.32,10.11,10.21,2328700
2023-07-17 07:00:00,10.25,10.46,10.25,10.28,2649700
2023-07-18 07:00:00,10.21,10.49,10.14,10.35,2929000
2023-07-19 07:00:00,10.35,10.49,10.21,10.21,2142200
2023-07-20 07:00:00,10.18,10.28,10.18,10.28,1356600
2023-07-21 07:00:00,10.39,10.42,10.28,10.39,2279700
2023-07-24 07:00:00,10.49,10.6,10.42,10.53,3027300
2023-07-25 07:00:00,10.53,10.56,10.39,10.46,2655700
2023-07-26 07:00:00,10.39,10.49,10.35,10.42,1690300
2023-07-27 07:00:00,10.49,10.6,10.32,10.49,3499200
2023-07-28 07:00:00,10.63,11.23,10.49,11.23,8259000
2023-07-31 07:00:00,11.54,11.58,11.3,11.37,4714100
2023-08-01 07:00:00,11.44,11.44,10.91,10.98,5587500
2023-08-02 07:00:00,11.02,11.72,10.98,11.72,6292400
2023-08-03 07:00:00,11.89,12.03,11.61,11.86,5324000
2023-08-04 07:00:00,11.93,12.14,11.82,11.93,4425500
2023-08-07 07:00:00,12.03,12.21,11.89,11.89,3839100
2023-08-08 07:00:00,11.93,12.0,11.68,11.75,2956700
2023-08-09 07:00:00,11.68,11.75,11.51,11.65,2657100
2023-08-10 07:00:00,11.75,11.86,11.44,11.44,3742700
2023-08-11 07:00:00,11.58,11.61,11.19,11.51,3214200
2023-08-14 07:00:00,11.68,11.96,11.61,11.79,2663000
2023-08-15 07:00:00,11.82,11.86,11.65,11.68,1925700
2023-08-16 07:00:00,11.68,11.68,11.47,11.54,2319100
2023-08-17 07:00:00,11.58,11.82,11.51,11.51,2293700
2023-08-18 07:00:00,11.4,11.47,10.7,10.7,5884200
2023-08-21 07:00:00,10.49,10.74,10.21,10.42,2944900
2023-08-22 07:00:00,10.56,10.63,9.79,10.56,2246900
2023-08-23 07:00:00,10.7,10.77,10.49,10.53,1329700
2023-08-24 07:00:00,10.56,11.02,10.46,10.98,1693500
2023-08-25 07:00:00,10.98,11.02,10.77,10.84,1397200
2023-08-28 07:00:00,10.91,11.26,10.77,11.26,2115100
2023-08-29 07:00:00,11.4,11.47,11.12,11.3,1736900
2023-08-30 07:00:00,11.33,11.4,11.12,11.26,1459600
2023-08-31 07:00:00,11.33,11.58,11.33,11.51,2626400
2023-09-05 07:00:00,11.61,11.68,11.4,11.47,2524300
2023-09-06 07:00:00,11.47,11.61,11.3,11.61,2605500
2023-09-07 07:00:00,11.68,12.14,11.65,11.79,5874300
2023-09-08 07:00:00,11.75,12.0,11.61,11.68,3774500
2023-09-11 07:00:00,11.82,11.82,11.19,11.23,4871600
2023-09-12 07:00:00,11.23,11.51,11.12,11.47,2797700
2023-09-13 07:00:00,11.54,11.75,11.33,11.44,3086500
2023-09-14 07:00:00,11.44,11.47,11.12,11.19,2487500
2023-09-15 07:00:00,11.19,11.37,11.05,11.19,1680600
2023-09-18 07:00:00,11.19,11.19,11.02,11.09,1669700
2023-09-19 07:00:00,11.09,11.33,10.81,11.05,1618700
2023-09-20 07:00:00,11.09,11.37,11.02,11.33,1628100
2023-09-21 07:00:00,11.37,11.54,11.33,11.4,2290400
2023-09-22 07:00:00,11.19,11.26,10.77,10.91,2665900
2023-09-25 07:00:00,10.81,11.02,10.18,10.18,3668600
2023-09-26 07:00:00,9.86,10.46,9.86,10.07,2667200
2023-09-27 07:00:00,10.14,10.28,9.79,10.28,1610000
2023-09-28 07:00:00,10.35,10.35,10.0,10.25,849300
2023-09-29 07:00:00,10.42,10.42,10.11,10.18,1034900
2023-10-02 07:00:00,10.14,10.25,10.0,10.14,1604000
2023-10-03 07:00:00,10.0,10.0,9.48,9.48,3396300
2023-10-04 07:00:00,9.24,9.76,9.24,9.69,1264300
2023-10-05 07:00:00,9.79,9.93,9.58,9.79,1739000
2023-10-06 07:00:00,9.76,9.93,9.62,9.83,778600
2023-10-09 07:00:00,9.97,9.97,9.79,9.86,1028200
2023-10-10 07:00:00,9.9,10.21,9.9,10.04,1629400
2023-10-11 07:00:00,10.07,10.14,9.93,10.07,679300
2023-10-12 07:00:00,10.14,10.28,10.04,10.04,1186700
2023-10-13 07:00:00,9.97,10.07,9.76,10.04,1950100
2023-10-16 07:00:00,9.93,10.07,9.83,9.83,798300
2023-10-17 07:00:00,9.86,9.9,9.65,9.65,861200
2023-10-18 07:00:00,9.62,9.72,9.03,9.34,2290500
2023-10-19 07:00:00,9.34,9.37,8.99,9.06,1351400
2023-10-20 07:00:00,9.06,9.44,8.78,9.44,1497500
2023-10-23 07:00:00,9.41,9.55,9.3,9.44,1340200
2023-10-24 07:00:00,9.51,9.55,9.34,9.55,718200
2023-10-25 07:00:00,9.58,9.69,9.48,9.51,1409600
2023-10-26 07:00:00,9.24,9.24,8.85,8.85,3108500
2023-10-27 07:00:00,8.96,9.03,8.47,8.96,1111300
2023-10-30 07:00:00,8.92,8.92,8.61,8.61,789200
2023-10-31 07:00:00,8.64,8.75,8.05,8.05,1446200
2023-11-01 07:00:00,8.08,8.4,7.87,8.4,1177000
2023-11-02 07:00:00,8.54,8.96,8.43,8.96,1715100
2023-11-03 07:00:00,8.96,9.03,8.68,8.85,1131100
2023-11-06 07:00:00,9.03,9.03,8.85,8.89,826300
2023-11-07 07:00:00,8.82,9.03,8.78,8.78,1108900
2023-11-08 07:00:00,8.82,9.37,8.75,9.37,3021600
2023-11-09 07:00:00,9.55,9.72,9.37,9.51,2393700
2023-11-10 07:00:00,9.37,9.79,9.27,9.62,2968300
2023-11-13 07:00:00,9.65,9.72,9.37,9.44,1416000
2023-11-14 07:00:00,9.51,9.69,9.44,9.48,1181300
2023-11-15 07:00:00,9.72,9.79,9.55,9.55,1981300
2023-11-16 07:00:00,9.55,9.72,9.48,9.72,1187000
2023-11-17 07:00:00,9.79,9.93,9.48,9.58,3995900
2023-11-20 07:00:00,9.37,9.65,9.34,9.58,1435500
2023-11-21 07:00:00,9.65,9.72,9.55,9.62,1049200
2023-11-22 07:00:00,9.62,9.86,9.58,9.76,1780600
2023-11-23 07:00:00,9.83,9.93,9.51,9.51,2317700
2023-11-24 07:00:00,9.51,9.58,9.17,9.51,1822700
2023-11-27 07:00:00,9.51,9.51,9.3,9.3,615500
2023-11-28 07:00:00,9.34,9.37,9.1,9.3,957000
2023-11-29 07:00:00,9.41,9.41,9.3,9.41,747300
2023-11-30 07:00:00,9.41,9.51,9.34,9.34,1008900
2023-12-01 07:00:00,9.37,9.51,9.3,9.48,706900
2023-12-04 07:00:00,9.55,9.83,9.55,9.72,2121300
2023-12-05 07:00:00,9.79,10.39,9.72,10.39,6646300
2023-12-06 07:00:00,10.46,10.53,10.25,10.42,2546800
2023-12-07 07:00:00,10.46,10.49,9.97,10.14,3652000
2023-12-08 07:00:00,10.21,10.39,10.04,10.07,2655300
2023-12-11 07:00:00,10.14,10.32,10.0,10.21,1630200
2023-12-12 07:00:00,10.21,10.32,10.14,10.21,1261300
2023-12-13 07:00:00,10.25,10.28,9.9,9.93,2197300
2023-12-14 07:00:00,10.0,10.07,9.83,9.93,1371300
2023-12-15 07:00:00,9.9,10.04,9.76,9.83,1539500
2023-12-18 07:00:00,9.83,9.9,9.51,9.51,1802200
2023-12-19 07:00:00,9.55,9.62,9.3,9.58,1081400
2023-12-20 07:00:00,9.62,9.72,9.55,9.69,905200
2023-12-21 07:00:00,9.62,9.69,9.58,9.65,733900
2023-12-22 07:00:00,9.65,9.76,9.65,9.72,1491600
2023-12-25 07:00:00,9.58,9.86,9.58,9.83,1071000
2023-12-26 07:00:00,9.9,9.93,9.79,9.9,1082000
2023-12-27 07:00:00,9.93,9.97,9.79,9.79,880100
2023-12-28 07:00:00,9.79,9.83,9.69,9.76,902400
2023-12-29 07:00:00,9.86,9.86,9.76,9.76,1154700
2024-01-02 07:00:00,9.83,9.9,9.69,9.72,930300
2024-01-03 07:00:00,9.72,10.0,9.69,9.97,1636800
2024-01-04 07:00:00,9.97,10.07,9.93,10.0,1837600
2024-01-05 07:00:00,10.0,10.11,9.93,10.04,1545600
2024-01-08 07:00:00,10.04,10.18,10.04,10.07,1497400
2024-01-09 07:00:00,10.07,10.07,9.93,10.0,1182100
2024-01-10 07:00:00,10.0,10.0,9.79,9.79,1543500
2024-01-11 07:00:00,9.79,10.07,9.79,10.0,1706400
2024-01-12 07:00:00,9.97,9.97,9.72,9.83,1990800
2024-01-15 07:00:00,9.86,9.93,9.72,9.72,705200
2024-01-16 07:00:00,9.72,10.0,9.65,10.0,1289600
2024-01-17 07:00:00,10.0,10.07,9.93,10.0,1056300
2024-01-18 07:00:00,10.04,10.28,10.0,10.18,2650400
2024-01-19 07:00:00,10.18,10.32,10.11,10.18,1435500
2024-01-22 07:00:00,10.21,10.21,10.07,10.14,1226300
2024-01-23 07:00:00,10.14,10.46,10.14,10.32,3301700
2024-01-24 07:00:00,10.32,10.35,10.11,10.14,927100
2024-01-25 07:00:00,10.18,10.25,10.11,10.14,724200
2024-01-26 07:00:00,10.07,10.25,10.07,10.21,1072600
2024-01-29 07:00:00,10.28,10.28,10.11,10.14,1271700
2024-01-30 07:00:00,10.14,10.63,10.11,10.63,4943000
2024-01-31 07:00:00,10.74,10.74,10.46,10.46,2785100
2024-02-01 07:00:00,10.46,10.88,10.42,10.84,3943000
2024-02-02 07:00:00,10.84,10.98,10.63,10.67,2796200
2024-02-05 07:00:00,10.74,10.91,10.63,10.77,1844900
2024-02-06 07:00:00,10.84,10.91,10.67,10.77,1659400
2024-02-07 07:00:00,10.88,10.88,10.77,10.77,1361700
2024-02-15 07:00:00,10.88,10.95,10.7,10.7,1973500
2024-02-16 07:00:00,10.7,10.81,10.67,10.67,2142600
2024-02-19 07:00:00,10.7,10.74,10.42,10.56,3916100
2024-02-20 07:00:00,10.56,10.56,10.42,10.42,2790000
2024-02-21 07:00:00,10.42,10.77,10.39,10.77,4815600
2024-02-22 07:00:00,10.81,10.91,10.63,10.63,4337000
2024-02-23 07:00:00,10.63,10.7,10.25,10.25,7268500
2024-02-26 07:00:00,10.8,10.8,10.45,10.56,3106700
2024-02-27 07:00:00,10.56,11.27,10.56,11.27,5494400
2024-02-28 07:00:00,11.34,11.54,11.23,11.5,4047900
2024-02-29 07:00:00,11.42,11.54,11.23,11.54,2974300
2024-03-01 07:00:00,11.62,11.93,11.34,11.89,5447500
2024-03-04 07:00:00,12.01,12.05,11.58,11.66,3421500
2024-03-05 07:00:00,11.74,12.05,11.54,11.97,6012200
2024-03-06 07:00:00,11.97,11.97,11.54,11.74,3050900
2024-03-07 07:00:00,11.7,11.81,11.54,11.74,3191400
2024-03-08 07:00:00,11.81,12.24,11.78,12.05,8163100
2024-03-11 07:00:00,12.05,12.21,11.62,11.7,3566600
2024-03-12 07:00:00,11.66,11.81,11.5,11.66,3411000
2024-03-13 07:00:00,11.66,12.13,11.58,12.13,6346600
2024-03-14 07:00:00,12.24,12.95,12.13,12.95,11646100
2024-03-15 07:00:00,12.91,13.26,12.52,12.79,4811600
2024-03-18 07:00:00,12.95,12.95,11.93,12.28,10838900
2024-03-19 07:00:00,12.32,12.32,11.93,12.05,2580900
2024-03-20 07:00:00,12.01,12.28,11.89,12.21,5059900
2024-03-21 07:00:00,12.24,12.6,12.24,12.36,4575200
2024-03-22 07:00:00,12.44,12.48,12.17,12.28,5520100
2024-03-25 07:00:00,12.44,12.44,12.05,12.17,6248800
2024-03-26 07:00:00,12.05,12.52,12.01,12.4,3193400
2024-03-27 07:00:00,12.4,12.52,12.28,12.36,1618700
2024-03-28 07:00:00,12.44,12.99,12.36,12.56,6389600
2024-03-29 07:00:00,12.56,12.64,12.32,12.36,2891300
2024-04-01 07:00:00,12.36,12.6,12.28,12.56,3583900
2024-04-02 07:00:00,12.52,12.52,12.28,12.48,2888000
2024-04-03 07:00:00,12.52,12.87,12.4,12.4,5475700
2024-04-04 07:00:00,12.36,12.4,12.09,12.13,2965300
2024-04-05 07:00:00,11.97,12.13,11.66,11.66,4519100
2024-04-08 07:00:00,11.74,11.78,11.42,11.42,2894800
2024-04-09 07:00:00,11.42,11.62,11.42,11.58,1599500
2024-04-10 07:00:00,11.58,11.66,11.5,11.58,1560500
2024-04-11 07:00:00,11.42,11.46,11.15,11.42,2787100
2024-04-12 07:00:00,11.54,11.54,11.34,11.5,1493000
2024-04-15 07:00:00,11.5,11.66,10.72,10.72,4540000
2024-04-16 07:00:00,10.56,10.99,10.41,10.95,4237700
2024-04-17 07:00:00,11.15,11.15,10.6,10.6,1535500
2024-04-19 07:00:00,10.48,10.95,10.33,10.6,2962500
2024-04-22 07:00:00,10.84,10.84,10.6,10.6,1276300
2024-04-23 07:00:00,10.76,10.88,10.6,10.72,1315000
2024-04-24 07:00:00,10.8,11.11,10.72,11.07,2226100
2024-04-25 07:00:00,11.07,11.07,10.8,10.88,870700
2024-04-26 07:00:00,10.84,10.91,10.72,10.8,815900
2024-05-02 07:00:00,10.84,10.84,10.6,10.72,992300
2024-05-03 07:00:00,10.64,10.84,10.52,10.6,1994100
2024-05-06 07:00:00,10.64,10.99,10.64,10.91,1938800
2024-05-07 07:00:00,10.95,10.99,10.84,10.91,981600
2024-05-08 07:00:00,10.91,11.34,10.76,11.15,2609900
2024-05-09 07:00:00,11.23,11.27,10.95,10.95,1468200
2024-05-10 07:00:00,10.99,11.11,10.91,10.99,1382100
2024-05-13 07:00:00,11.07,11.07,10.68,10.8,1898500
2024-05-14 07:00:00,10.8,11.03,10.8,10.84,980800
2024-05-15 07:00:00,10.8,10.99,10.72,10.91,4078900
2024-05-16 07:00:00,11.07,11.31,10.95,11.11,4135200
2024-05-17 07:00:00,11.11,11.38,11.11,11.34,4944700
2024-05-20 07:00:00,11.54,12.13,11.5,11.81,10647000
2024-05-21 07:00:00,11.85,11.85,11.54,11.81,4778900
2024-05-22 07:00:00,11.89,12.09,11.62,11.74,6602400
2024-05-23 07:00:00,11.58,11.81,11.54,11.74,3962400
2024-05-24 07:00:00,11.74,12.05,11.19,11.42,7647700
2024-05-27 07:00:00,11.34,11.5,11.23,11.46,2862700
2024-05-28 07:00:00,11.5,11.81,11.42,11.7,4888500
2024-05-29 07:00:00,11.74,11.81,11.46,11.58,3465700
2024-05-30 07:00:00,11.42,11.74,11.31,11.54,3867600
2024-05-31 07:00:00,11.46,11.7,11.42,11.54,2532300
2024-06-03 07:00:00,11.74,12.32,11.7,12.32,14420700
2024-06-04 07:00:00,12.44,12.44,12.13,12.17,3987900
2024-06-05 07:00:00,12.17,12.79,12.17,12.44,10570700
2024-06-06 07:00:00,12.6,12.95,12.4,12.75,11080700
2024-06-07 07:00:00,12.99,12.99,12.56,12.75,3236900
2024-06-10 07:00:00,12.83,12.99,12.44,12.67,5384900
2024-06-11 07:00:00,12.56,12.67,12.13,12.13,15203200
2024-06-12 07:00:00,12.24,12.52,12.01,12.48,6421000
2024-06-13 07:00:00,12.44,12.56,12.28,12.36,4563200
2024-06-14 07:00:00,12.4,12.4,11.74,11.74,6196100
2024-06-17 07:00:00,11.74,11.93,11.66,11.7,4777900
2024-06-18 07:00:00,11.74,11.89,11.7,11.78,2229700
2024-06-19 07:00:00,11.78,11.85,11.66,11.74,2523900
2024-06-20 07:00:00,11.78,12.05,11.66,11.89,2952500
2024-06-21 07:00:00,11.81,12.05,11.78,11.89,2142700
2024-06-24 07:00:00,11.89,11.89,11.34,11.34,5466600
2024-06-25 07:00:00,11.46,11.58,11.34,11.5,1639500
2024-06-26 07:00:00,11.5,11.93,11.38,11.81,3192100
2024-06-27 07:00:00,11.81,11.81,11.62,11.7,869200
2024-06-28 07:00:00,11.7,11.74,11.15,11.38,2076200
2024-07-01 07:00:00,11.38,11.62,11.38,11.58,751300
2024-07-02 07:00:00,11.58,11.89,11.58,11.81,1570100
2024-07-03 07:00:00,11.81,12.01,11.74,11.89,1596900
2024-07-04 07:00:00,11.81,11.89,11.7,11.81,1425200
2024-07-05 07:00:00,11.85,12.09,11.66,11.78,2194400
2024-07-08 07:00:00,11.7,12.01,11.7,11.93,1817300
2024-07-09 07:00:00,11.93,12.24,11.93,12.21,4797700
2024-07-10 07:00:00,12.21,12.28,11.97,12.05,1672300
2024-07-11 07:00:00,12.17,12.44,12.09,12.24,3664400
2024-07-12 07:00:00,12.24,12.32,12.01,12.28,2676500
2024-07-15 07:00:00,12.28,12.6,12.28,12.52,8910100
2024-07-16 07:00:00,12.52,12.64,12.28,12.28,4077600
2024-07-17 07:00:00,12.36,12.36,11.46,11.46,8171400
2024-07-18 07:00:00,11.46,11.89,11.42,11.7,3628800
2024-07-19 07:00:00,11.66,11.85,11.5,11.54,2083500
2024-07-22 07:00:00,11.58,11.74,11.27,11.5,3285700
2024-07-23 07:00:00,11.62,11.7,11.31,11.31,2273700
2024-07-24 07:00:00,11.31,11.7,11.23,11.62,1725200
2024-07-25 07:00:00,11.5,11.78,11.27,11.7,2542000
2024-07-26 07:00:00,11.7,12.13,11.7,11.97,3264400
2024-07-29 07:00:00,12.01,12.17,11.85,11.93,5294700
2024-07-30 07:00:00,12.05,12.05,11.58,11.7,3634000
2024-07-31 07:00:00,11.7,11.93,11.42,11.54,2916200
2024-08-01 07:00:00,11.54,11.58,10.76,10.8,9667200
2024-08-02 07:00:00,10.68,11.23,10.68,11.11,2044600
2024-08-05 07:00:00,10.95,10.99,10.37,10.45,4848200
2024-08-06 07:00:00,10.56,10.88,10.45,10.88,2525800
2024-08-07 07:00:00,10.91,10.91,10.64,10.84,1100800
2024-08-08 07:00:00,10.68,11.03,10.56,10.68,2775900
2024-08-09 07:00:00,10.88,10.99,10.76,10.91,1602000
2024-08-12 07:00:00,10.99,10.99,10.84,10.91,991200
2024-08-13 07:00:00,10.95,11.07,10.84,10.88,1180500
2024-08-14 07:00:00,10.95,11.23,10.88,10.88,2429400
2024-08-15 07:00:00,10.99,10.99,10.8,10.91,1224700
2024-08-16 07:00:00,11.07,11.46,10.95,11.31,4360500
2024-08-19 07:00:00,11.42,11.46,11.23,11.27,1825400
2024-08-20 07:00:00,11.31,11.58,11.23,11.42,3532700
2024-08-21 07:00:00,11.46,11.54,11.27,11.31,2505200
2024-08-22 07:00:00,11.31,11.38,11.27,11.27,2113600
2024-08-23 07:00:00,11.31,11.31,11.11,11.15,2858200
2024-08-26 07:00:00,11.23,11.42,11.19,11.27,2803400
2024-08-27 07:00:00,11.31,11.34,11.11,11.11,1803400
2024-08-28 07:00:00,11.19,11.27,10.95,11.07,1534200
2024-08-29 07:00:00,11.07,11.11,10.84,10.91,3249200
2024-08-30 07:00:00,11.03,11.07,10.91,10.91,1942000
2024-09-04 07:00:00,10.84,10.99,10.8,10.95,1551000
2024-09-05 07:00:00,11.07,11.11,10.84,10.84,1816400
2024-09-06 07:00:00,10.84,10.95,10.8,10.88,848200
2024-09-09 07:00:00,10.84,10.95,10.8,10.8,952100
2024-09-10 07:00:00,10.91,10.91,10.64,10.76,1195700
2024-09-11 07:00:00,10.72,10.84,10.6,10.76,1333800
2024-09-12 07:00:00,10.8,10.95,10.8,10.88,1318100
2024-09-13 07:00:00,10.8,10.91,10.8,10.84,406400
2024-09-16 07:00:00,10.91,11.11,10.84,10.84,1525800
2024-09-17 07:00:00,10.88,11.03,10.84,11.03,658800
2024-09-18 07:00:00,11.07,11.07,10.88,10.91,1339300
2024-09-19 07:00:00,11.03,11.07,10.95,11.07,1525400
2024-09-20 07:00:00,11.11,11.15,10.99,10.99,1701100
2024-09-23 07:00:00,11.03,11.11,10.95,10.99,1814600
2024-09-24 07:00:00,10.99,11.07,10.95,11.03,1822400
2024-09-25 07:00:00,11.07,11.15,10.99,11.15,3233500
2024-09-26 07:00:00,11.4,11.44,11.23,11.27,2524400
2024-09-27 07:00:00,11.27,11.35,11.23,11.27,1628900
2024-09-30 07:00:00,11.27,11.27,11.19,11.27,1196900
2024-10-01 07:00:00,11.23,11.4,11.23,11.31,1687300
2024-10-02 07:00:00,11.27,11.31,11.11,11.19,1627900
2024-10-03 07:00:00,11.19,11.23,10.94,10.98,1914700
2024-10-04 07:00:00,10.9,11.11,10.86,10.9,1512800
2024-10-07 07:00:00,10.94,11.07,10.9,10.94,872800
2024-10-08 07:00:00,10.94,11.11,10.94,11.07,1030700
2024-10-09 07:00:00,10.98,11.11,10.98,11.07,577100
2024-10-10 07:00:00,11.15,11.31,11.07,11.27,1854900
2024-10-11 07:00:00,11.27,11.31,11.11,11.27,704500
2024-10-14 07:00:00,11.27,11.6,11.15,11.52,4052400
2024-10-15 07:00:00,11.52,11.56,11.27,11.35,841600
2024-10-16 07:00:00,11.44,11.44,11.15,11.31,1719800
2024-10-17 07:00:00,11.31,11.35,11.07,11.27,1805700
2024-10-18 07:00:00,11.27,11.44,11.19,11.19,1341600
2024-10-21 07:00:00,11.19,11.31,11.07,11.07,786300
2024-10-22 07:00:00,11.07,11.15,10.9,10.94,1208600
2024-10-23 07:00:00,11.07,11.07,10.9,11.03,1000100
2024-10-24 07:00:00,11.03,11.07,10.86,10.9,697100
2024-10-25 07:00:00,10.86,11.07,10.86,11.03,965700
2024-10-28 07:00:00,11.03,11.03,10.9,10.94,425300
2024-10-29 07:00:00,10.98,11.11,10.94,10.98,340600
2024-10-30 07:00:00,10.94,11.07,10.9,10.94,771900
2024-10-31 07:00:00,10.98,10.98,10.9,10.94,482400
2024-11-01 07:00:00,10.9,10.98,10.82,10.94,729300
2024-11-04 07:00:00,10.94,10.94,10.74,10.9,797300
2024-11-05 07:00:00,10.9,10.9,10.82,10.82,307400
2024-11-06 07:00:00,10.9,11.27,10.82,11.15,1772800
2024-11-07 07:00:00,11.19,11.23,11.03,11.03,641000
2024-11-08 07:00:00,11.07,11.11,10.78,10.86,1889500
2024-11-11 07:00:00,10.86,10.94,10.78,10.94,766500
2024-11-12 07:00:00,10.94,10.94,10.82,10.94,922200
2024-11-13 07:00:00,10.86,10.98,10.78,10.94,873600
2024-11-14 07:00:00,10.94,10.94,10.78,10.94,764300
2024-11-15 07:00:00,10.86,10.94,10.74,10.86,1312800
2024-11-18 07:00:00,10.86,10.94,10.7,10.9,995100
2024-11-19 07:00:00,10.86,10.9,10.78,10.86,506700
2024-11-20 07:00:00,10.86,11.03,10.74,10.86,1571400
2024-11-21 07:00:00,10.9,10.94,10.86,10.9,345300
2024-11-22 07:00:00,10.94,11.03,10.86,10.94,1000500
2024-11-25 07:00:00,10.94,11.19,10.94,11.15,1672800
2024-11-26 07:00:00,11.15,11.19,11.07,11.07,1129100
2024-11-27 07:00:00,11.07,11.11,10.94,11.07,804800
2024-11-28 07:00:00,11.07,11.15,10.98,11.03,781800
2024-11-29 07:00:00,11.03,11.07,10.9,11.03,668400
2024-12-02 07:00:00,11.03,11.23,10.98,11.11,1328800
2024-12-03 07:00:00,11.11,11.19,11.03,11.11,1037800
2024-12-04 07:00:00,11.11,11.4,11.07,11.07,1855700
2024-12-05 07:00:00,11.11,11.31,11.03,11.23,1275900
2024-12-06 07:00:00,11.23,11.31,11.11,11.15,1133800
2024-12-09 07:00:00,11.23,11.68,11.11,11.52,3709600
2024-12-10 07:00:00,11.56,11.56,11.35,11.35,1068300
2024-12-11 07:00:00,11.44,11.48,11.27,11.31,1363100
2024-12-12 07:00:00,11.35,11.4,11.27,11.4,1096600
2024-12-13 07:00:00,11.23,11.4,11.23,11.27,1303700
2024-12-16 07:00:00,11.27,11.35,11.15,11.19,968500
2024-12-17 07:00:00,11.19,11.27,11.19,11.23,399100
2024-12-18 07:00:00,11.23,11.31,11.15,11.27,571600
2024-12-19 07:00:00,11.15,11.27,11.03,11.27,2137500
2024-12-20 07:00:00,11.23,11.6,11.15,11.4,1972100
2024-12-23 07:00:00,11.48,11.68,11.44,11.48,1703200
2024-12-24 07:00:00,11.48,11.6,11.35,11.4,1130300
2024-12-25 07:00:00,11.4,11.89,11.4,11.68,3953900
2024-12-26 07:00:00,11.73,11.73,11.56,11.6,1025200
2024-12-27 07:00:00,11.6,11.68,11.48,11.48,1396600
2024-12-30 07:00:00,11.44,11.6,11.4,11.4,1108900
2024-12-31 07:00:00,11.52,11.52,11.35,11.4,1068100
2025-01-02 07:00:00,11.44,11.6,11.4,11.6,636300
2025-01-03 07:00:00,11.6,11.6,11.35,11.4,1197900
2025-01-06 07:00:00,11.4,11.44,11.11,11.19,1953300
2025-01-07 07:00:00,11.19,11.35,11.19,11.23,1083100
2025-01-08 07:00:00,11.19,11.35,11.11,11.35,689300
2025-01-09 07:00:00,11.35,11.35,11.19,11.23,428100
2025-01-10 07:00:00,11.19,11.27,10.94,10.94,1633100
2025-01-13 07:00:00,10.9,11.03,10.82,10.94,730300
2025-01-14 07:00:00,11.03,11.07,10.98,11.03,721000
2025-01-15 07:00:00,11.07,11.19,11.03,11.15,734500
2025-01-16 07:00:00,11.19,11.27,11.15,11.15,267100
2025-01-17 07:00:00,11.15,11.23,11.11,11.19,676300
2025-01-20 07:00:00,11.23,11.27,11.07,11.19,601700
2025-01-21 07:00:00,11.23,11.23,11.11,11.11,330100
2025-01-22 07:00:00,11.15,11.15,10.98,11.07,611200
2025-01-23 07:00:00,11.11,11.15,11.03,11.11,550200
2025-01-24 07:00:00,11.19,11.27,11.07,11.19,1006900
2025-02-03 07:00:00,11.31,11.6,11.23,11.48,3091600
2025-02-04 07:00:00,11.48,11.73,11.48,11.6,3884500
2025-02-05 07:00:00,11.64,11.64,11.48,11.52,2088800
2025-02-06 07:00:00,11.56,11.77,11.44,11.52,2814300
2025-02-07 07:00:00,11.52,11.93,11.52,11.68,3621900
2025-02-10 07:00:00,11.68,12.1,11.6,11.93,3781100
2025-02-11 07:00:00,11.97,11.97,11.81,11.89,1553900
2025-02-12 07:00:00,11.81,12.05,11.81,11.85,2081800
2025-02-13 07:00:00,11.85,12.1,11.81,12.01,2320400
2025-02-14 07:00:00,12.05,12.1,11.93,11.93,2032300
2025-02-17 07:00:00,11.93,12.14,11.89,11.93,2172300
2025-02-18 07:00:00,11.89,12.26,11.89,12.1,2606100
2025-02-19 07:00:00,12.1,12.3,12.05,12.3,2629000
2025-02-20 07:00:00,12.34,12.34,12.05,12.05,1508700
2025-02-21 07:00:00,12.1,12.22,11.97,12.05,1842500
2025-02-24 07:00:00,12.01,12.18,11.85,11.97,1924600
2025-02-25 07:00:00,12.05,12.1,11.89,11.97,2227300
2025-02-26 07:00:00,12.01,12.14,11.93,11.97,1464900
2025-02-27 07:00:00,11.93,12.26,11.89,12.22,2695700
2025-02-28 07:00:00,12.14,12.42,12.1,12.18,3438800
2025-03-03 07:00:00,12.18,12.26,12.05,12.05,1205100
2025-03-04 07:00:00,12.05,12.18,11.89,11.97,2209200
2025-03-05 07:00:00,11.97,12.01,11.6,11.64,3301200
2025-03-06 07:00:00,11.68,11.85,11.68,11.85,2082600
2025-03-07 07:00:00,11.85,11.97,11.73,11.81,1115800
2025-03-10 07:00:00,12.01,12.63,11.73,12.63,13063500
2025-03-11 07:00:00,12.63,13.04,12.59,12.92,7054600
2025-03-12 07:00:00,13.0,13.25,12.84,13.12,8648500
2025-03-13 07:00:00,13.12,13.17,12.63,12.75,5753500
2025-03-14 07:00:00,12.84,13.12,12.75,12.84,5153800
2025-03-17 07:00:00,13.08,13.33,12.67,13.0,5742500
2025-03-18 07:00:00,13.12,13.12,12.51,12.51,6626700
2025-03-19 07:00:00,12.59,12.71,12.38,12.63,3602200
2025-03-20 07:00:00,12.67,12.67,11.77,11.77,17934500
2025-03-21 07:00:00,11.68,11.85,11.56,11.68,3617300
2025-03-24 07:00:00,11.73,11.73,11.31,11.48,5072800
2025-03-25 07:00:00,11.56,11.6,11.35,11.48,3289400
2025-03-26 07:00:00,11.44,11.64,11.44,11.6,1839100
2025-03-27 07:00:00,11.6,11.6,11.44,11.48,1395900
2025-03-28 07:00:00,11.48,11.52,11.19,11.27,3006900
2025-03-31 07:00:00,11.23,11.4,11.15,11.4,1751700
2025-04-01 07:00:00,11.4,11.48,11.27,11.4,1384900
2025-04-02 07:00:00,11.4,11.44,11.27,11.31,985500
2025-04-03 07:00:00,10.74,10.86,10.53,10.53,9946600
2025-04-04 07:00:00,9.83,10.12,9.83,9.96,5132200
2025-04-08 07:00:00,9.38,9.59,9.3,9.3,3020100
2025-04-09 07:00:00,8.68,9.22,8.68,8.68,6352800
2025-04-10 07:00:00,9.26,9.26,9.26,9.26,142000
2025-04-11 07:00:00,9.83,9.83,9.3,9.5,3530000
2025-04-14 07:00:00,9.63,9.87,9.54,9.67,1985100
2025-04-15 07:00:00,9.59,9.67,9.3,9.46,1739300
2025-04-16 07:00:00,9.71,9.75,9.42,9.54,3687700
2025-04-17 07:00:00,9.46,9.54,9.42,9.54,901700
2025-04-18 07:00:00,9.67,9.83,9.5,9.59,2204500
2025-04-21 07:00:00,9.59,9.71,9.38,9.5,1758400
2025-04-22 07:00:00,9.38,9.46,8.85,9.13,3530000
2025-04-23 07:00:00,9.3,9.42,8.85,9.26,2145300
2025-04-24 07:00:00,9.34,9.63,9.3,9.5,1925300
2025-04-25 07:00:00,9.54,9.79,9.5,9.54,1552400
2025-04-28 07:00:00,9.54,9.71,9.46,9.54,803200
2025-04-29 07:00:00,9.54,9.71,9.5,9.59,1298500
2025-05-05 07:00:00,9.67,9.79,9.54,9.71,1149500
2025-05-06 07:00:00,9.71,10.0,9.67,9.67,1726500
2025-05-07 07:00:00,9.67,9.83,9.63,9.79,2137800
2025-05-08 07:00:00,9.87,10.2,9.79,10.2,3779000
2025-05-09 07:00:00,10.24,10.29,9.92,10.08,1850300
2025-05-12 07:00:00,10.08,10.16,9.92,10.08,1134400
2025-05-13 07:00:00,10.2,10.24,10.04,10.08,1377000
2025-05-14 07:00:00,10.08,10.16,9.96,10.08,1622100
2025-05-15 07:00:00,10.12,10.2,9.96,10.2,1471900
2025-05-16 07:00:00,10.24,10.24,10.0,10.04,1637400
2025-05-19 07:00:00,10.0,10.08,9.92,10.0,1385700
2025-05-20 07:00:00,10.04,10.08,9.92,9.96,1097000
2025-05-21 07:00:00,10.0,10.08,9.79,10.08,1383700
2025-05-22 07:00:00,9.96,10.08,9.92,9.92,1367700
2025-05-23 07:00:00,9.96,10.0,9.83,9.92,847000
2025-05-26 07:00:00,9.87,10.24,9.71,10.2,2651600
2025-05-27 07:00:00,10.24,10.53,10.12,10.45,3733700
2025-05-28 07:00:00,10.53,10.61,10.33,10.33,2812800
2025-05-29 07:00:00,10.45,10.61,10.33,10.41,2123900
2025-05-30 07:00:00,10.45,10.57,10.37,10.45,2215100
2025-06-02 07:00:00,10.45,10.82,10.45,10.7,3540500
2025-06-03 07:00:00,10.78,10.78,10.53,10.53,2119200
2025-06-04 07:00:00,10.57,10.61,10.49,10.53,1453300
2025-06-05 07:00:00,10.53,10.82,10.45,10.49,2579700
2025-06-06 07:00:00,10.53,10.53,10.29,10.37,1983000
2025-06-09 07:00:00,10.37,10.37,10.0,10.24,1914100
2025-06-10 07:00:00,10.2,10.24,10.08,10.2,842100
2025-06-11 07:00:00,10.2,10.2,10.04,10.08,1338300
2025-06-12 07:00:00,10.08,10.2,10.08,10.12,1184900
2025-06-13 07:00:00,10.04,10.16,9.75,9.96,2683400
2025-06-16 07:00:00,9.79,10.12,9.79,10.08,990100
2025-06-17 07:00:00,10.2,10.2,10.04,10.12,756000
2025-06-18 07:00:00,10.12,10.33,10.08,10.12,1216700
2025-06-19 07:00:00,10.12,10.2,10.04,10.12,613900
2025-06-20 07:00:00,10.12,10.16,9.96,10.16,1136400
2025-06-23 07:00:00,10.08,10.29,9.96,10.24,1479300
2025-06-24 07:00:00,10.33,10.33,10.16,10.24,1453300
2025-06-25 07:00:00,10.33,10.37,10.12,10.16,2299600
2025-06-26 07:00:00,10.16,10.29,10.12,10.2,1025600
2025-06-27 07:00:00,10.2,10.37,10.2,10.33,2456400
2025-06-30 07:00:00,10.41,10.41,10.24,10.29,867300
2025-07-01 07:00:00,10.33,10.41,10.2,10.29,1619200
2025-07-02 07:00:00,10.24,10.53,10.24,10.45,1979700
2025-07-03 07:00:00,10.33,10.45,10.2,10.29,2214300
2025-07-04 07:00:00,10.29,10.41,10.29,10.33,1418800
2025-07-07 07:00:00,10.45,10.49,10.33,10.41,1600700
2025-07-08 07:00:00,10.45,10.74,10.41,10.66,4210200
2025-07-09 07:00:00,10.7,10.7,10.57,10.66,3082800
2025-07-10 07:00:00,10.7,10.78,10.45,10.53,3073700
2025-07-11 07:00:00,10.57,10.66,10.45,10.45,2579500
2025-07-14 07:00:00,10.45,10.78,10.37,10.78,3769900
2025-07-15 07:00:00,10.82,11.03,10.66,10.66,4704800
2025-07-16 07:00:00,10.61,10.94,10.61,10.7,3662400
2025-07-17 07:00:00,10.9,11.07,10.74,10.86,5030200
2025-07-18 07:00:00,10.94,11.19,10.78,10.78,5946100
2025-07-21 07:00:00,10.94,11.03,10.74,10.78,4330900
2025-07-22 07:00:00,10.74,10.86,10.66,10.86,3498400
2025-07-23 07:00:00,10.86,11.11,10.86,10.9,3740200
2025-07-24 07:00:00,10.94,10.98,10.78,10.86,3292900
2025-07-25 07:00:00,10.94,10.98,10.82,10.86,3850600
2025-07-28 07:00:00,10.94,11.44,10.9,11.31,7153100
2025-07-29 07:00:00,11.52,11.52,10.82,10.82,8355500
2025-07-30 07:00:00,10.9,11.03,10.7,10.82,2544800
2025-07-31 07:00:00,10.98,11.11,10.74,10.9,2895600
2025-08-01 07:00:00,10.94,11.03,10.78,10.82,2820800
2025-08-04 07:00:00,10.78,10.98,10.78,10.94,1687400
2025-08-05 07:00:00,11.03,11.23,10.7,10.86,5659100
2025-08-06 07:00:00,10.9,11.07,10.86,11.07,2241000
2025-08-07 07:00:00,11.19,11.48,11.03,11.48,5226100
2025-08-08 07:00:00,11.64,11.68,11.23,11.44,5258900
2025-08-11 07:00:00,11.52,11.89,11.48,11.77,5112500
2025-08-12 07:00:00,11.81,11.81,11.27,11.52,4588700
2025-08-13 07:00:00,11.6,12.05,11.52,12.01,9054500
2025-08-14 07:00:00,12.14,12.18,11.81,11.89,4070900
2025-08-15 07:00:00,11.93,11.93,11.52,11.6,6092300
2025-08-18 07:00:00,11.68,12.14,11.68,12.05,7238900
2025-08-19 07:00:00,12.18,12.59,12.18,12.26,13663400
2025-08-20 07:00:00,12.3,12.3,11.6,11.89,7731800
2025-08-21 07:00:00,12.01,12.01,11.52,11.6,6609500
2025-08-22 07:00:00,11.56,11.56,10.86,11.03,7442400
2025-08-25 07:00:00,11.07,11.23,10.74,10.78,3460500
2025-08-26 07:00:00,10.78,11.11,10.78,11.11,2427000
2025-08-27 07:00:00,11.19,11.85,11.11,11.85,8423900
2025-08-28 07:00:00,11.85,12.14,11.73,12.1,4946700
2025-08-29 07:00:00,12.14,12.34,11.89,12.26,6278800
2025-09-03 07:00:00,12.34,12.67,12.26,12.59,8407400
2025-09-04 07:00:00,12.71,13.0,12.51,12.51,8125300
2025-09-05 07:00:00,12.51,12.67,12.18,12.18,8130700
2025-09-08 07:00:00,12.1,12.26,11.93,11.97,5451300
2025-09-09 07:00:00,11.97,12.42,11.97,12.38,4568400
2025-09-10 07:00:00,12.51,12.51,12.22,12.3,2808000
2025-09-11 07:00:00,12.3,12.34,11.93,12.26,3765100
2025-09-12 07:00:00,12.3,13.08,12.22,13.08,20328100
2025-09-15 07:00:00,13.49,13.82,13.33,13.7,21014300
2025-09-16 07:00:00,14.6,14.65,13.7,14.1,17728100
2025-09-17 07:00:00,14.15,14.2,13.6,13.6,5604700
2025-09-18 07:00:00,13.75,14.1,13.6,13.95,4355700
2025-09-19 07:00:00,14.1,14.1,13.7,13.9,3229300
2025-09-22 07:00:00,13.85,13.9,13.35,13.4,6739900
2025-09-23 07:00:00,13.6,13.65,13.4,13.45,2582800
2025-09-24 07:00:00,13.5,14.0,13.35,14.0,4997300
2025-09-25 07:00:00,14.0,14.35,13.9,14.05,6466500
2025-09-26 07:00:00,14.15,14.65,13.9,14.2,14407900
2025-09-29 07:00:00,14.25,14.3,13.8,13.85,3989100
2025-09-30 07:00:00,13.85,13.85,13.25,13.5,6642900
2025-10-01 07:00:00,13.5,13.8,13.45,13.6,2688500
2025-10-02 07:00:00,13.75,13.75,13.05,13.1,6460000
2025-10-03 07:00:00,13.1,13.3,12.65,12.65,7696500
2025-10-06 07:00:00,12.75,13.25,12.75,13.2,5228200
2025-10-07 07:00:00,13.3,13.3,12.85,12.9,3667900
2025-10-08 07:00:00,13.1,13.1,12.7,12.8,4499900
2025-10-09 07:00:00,13.0,13.0,12.6,12.75,4345800
2025-10-10 07:00:00,12.9,13.25,12.8,13.15,4386500
2025-10-13 07:00:00,13.15,14.05,13.15,13.75,9849100
2025-10-14 07:00:00,13.9,13.9,13.3,13.35,6339800
2025-10-15 07:00:00,13.45,13.75,13.15,13.65,5893600
2025-10-16 07:00:00,13.75,14.0,13.6,13.75,8915000
2025-10-17 07:00:00,13.85,13.85,13.3,13.3,6138700
2025-10-20 07:00:00,13.3,13.45,12.4,12.4,10598100
2025-10-21 07:00:00,12.3,12.6,12.05,12.3,6364500
2025-10-22 07:00:00,12.45,12.45,11.9,12.3,5316600
2025-10-23 07:00:00,12.35,12.55,12.1,12.25,5254800
2025-10-24 07:00:00,12.15,12.3,12.0,12.1,2485900
2025-10-27 07:00:00,12.2,12.35,11.85,11.85,2918400
2025-10-28 07:00:00,11.85,12.1,11.6,12.1,3342500
2025-10-29 07:00:00,12.2,12.3,12.05,12.2,2192500
2025-10-30 07:00:00,12.3,12.45,12.15,12.35,3048300
2025-10-31 07:00:00,12.35,12.4,12.2,12.2,2074100
2025-11-03 07:00:00,12.2,12.25,11.85,11.85,2578200
2025-11-04 07:00:00,11.8,12.45,11.7,12.35,3471500
2025-11-05 07:00:00,12.35,12.35,12.1,12.15,1349200
2025-11-06 07:00:00,12.15,12.4,12.15,12.2,3193800
2025-11-07 07:00:00,12.2,12.35,12.0,12.0,2538800
2025-11-10 07:00:00,12.0,12.15,11.85,11.85,2035100
2025-11-11 07:00:00,11.9,12.0,11.8,11.95,1556100
2025-11-12 07:00:00,12.1,12.4,12.05,12.35,2683500
2025-11-13 07:00:00,12.4,12.5,12.2,12.4,2426900
2025-11-14 07:00:00,12.3,12.6,12.3,12.45,2383900
2025-11-17 07:00:00,12.45,12.6,12.4,12.5,2192300
2025-11-18 07:00:00,12.5,12.6,12.3,12.35,1839900
2025-11-19 07:00:00,12.4,12.45,12.2,12.3,2668100
2025-11-20 07:00:00,12.35,12.35,12.15,12.2,1261100
2025-11-21 07:00:00,12.2,12.4,12.15,12.2,1826700
2025-11-24 07:00:00,12.2,12.35,12.1,12.1,1844400
2025-11-25 07:00:00,12.1,12.15,11.8,11.8,3709800
2025-11-26 07:00:00,11.85,12.0,11.85,12.0,1954100
2025-11-27 07:00:00,12.0,12.1,11.95,11.95,1195200
2025-11-28 07:00:00,11.95,12.0,11.85,11.9,1584500
2025-12-01 07:00:00,11.9,11.95,11.8,11.8,1207800
2025-12-02 07:00:00,11.8,11.9,11.7,11.85,1442900
2025-12-03 07:00:00,11.85,12.05,11.8,12.05,1814600
2025-12-04 07:00:00,12.1,12.1,12.0,12.0,1692400
2025-12-05 07:00:00,12.05,12.35,11.95,11.95,2194400
2025-12-08 07:00:00,12.05,12.05,11.85,11.85,1125400
2025-12-09 07:00:00,11.9,12.2,11.65,12.2,2043000
2025-12-10 07:00:00,12.0,12.25,11.6,11.7,12069100
2025-12-11 07:00:00,11.65,11.85,11.25,11.25,6929000
2025-12-12 07:00:00,11.3,11.4,10.8,10.8,6570700
2025-12-15 07:00:00,10.9,10.9,10.6,10.75,2816200
2025-12-16 07:00:00,10.75,11.15,10.6,11.05,3203200
2025-12-17 07:00:00,11.0,11.05,10.85,11.0,3175600
2025-12-18 07:00:00,11.0,11.0,10.85,10.95,1713700
2025-12-19 07:00:00,10.95,11.0,10.85,10.9,3383100
2025-12-22 07:00:00,11.0,11.1,10.95,11.0,2906800
2025-12-23 07:00:00,11.0,11.35,11.0,11.05,3606400
2025-12-24 07:00:00,11.1,11.15,10.95,11.0,2636600
2025-12-25 07:00:00,11.05,11.1,10.85,10.85,2158000
2025-12-26 07:00:00,10.75,10.85,10.55,10.75,4000000
2025-12-29 07:00:00,10.8,10.9,10.7,10.75,1836600
2025-12-30 07:00:00,10.75,10.85,10.7,10.8,1261500
2025-12-31 07:00:00,10.8,10.85,10.7,10.75,2512000
2026-01-05 07:00:00,10.7,10.75,10.6,10.65,2478000
2026-01-06 07:00:00,10.7,10.7,10.4,10.5,4306200
2026-01-07 07:00:00,10.6,10.85,10.6,10.8,2777300
2026-01-08 07:00:00,10.85,10.9,10.7,10.7,3121600
2026-01-09 07:00:00,10.7,11.0,10.65,10.8,4315400
2026-01-12 07:00:00,10.9,11.05,10.65,11.0,3966400
2026-01-13 07:00:00,11.15,11.15,10.9,10.95,2580400
2026-01-14 07:00:00,10.9,11.4,10.85,11.25,6101300
2026-01-15 07:00:00,11.3,11.55,11.1,11.35,5877300
2026-01-16 07:00:00,11.45,11.5,11.05,11.05,4696000
2026-01-19 07:00:00,11.1,11.45,11.0,11.15,4175700
2026-01-20 07:00:00,11.15,11.25,11.05,11.05,3232100
2026-01-21 07:00:00,11.0,11.1,10.7,10.7,5235800
2026-01-22 07:00:00,10.85,11.2,10.8,11.05,3825100
2026-01-23 07:00:00,11.0,11.15,10.85,10.85,1877400
2026-01-26 07:00:00,10.95,10.95,10.6,10.65,3289500
2026-01-27 07:00:00,10.7,10.75,10.55,10.6,2550300
2026-01-28 07:00:00,10.7,10.7,10.45,10.6,3377800
2026-01-29 07:00:00,10.7,10.7,10.45,10.55,2263200
2026-01-30 07:00:00,10.6,10.7,10.55,10.6,2705600
2026-02-02 07:00:00,10.6,10.8,10.5,10.6,1916600
2026-02-03 07:00:00,10.6,10.85,10.5,10.75,2899900
2026-02-04 07:00:00,10.75,10.85,10.7,10.8,2005000
2026-02-05 07:00:00,10.8,10.85,10.65,10.65,2129800
2026-02-06 07:00:00,10.55,10.6,10.4,10.45,3905400
2026-02-09 07:00:00,10.5,10.55,10.45,10.5,1305700
2026-02-10 07:00:00,10.5,10.6,10.45,10.45,1843400
2026-02-11 07:00:00,10.5,10.7,10.45,10.6,1862500
2026-02-12 07:00:00,10.7,10.7,10.55,10.55,978100
2026-02-13 07:00:00,10.55,10.65,10.55,10.65,1216500
2026-02-23 07:00:00,10.7,10.75,10.65,10.75,1332600
2026-02-24 07:00:00,10.7,10.75,10.65,10.7,1824900
2026-02-25 07:00:00,10.75,11.05,10.75,10.9,5462400
2026-02-26 07:00:00,10.9,11.0,10.7,10.75,1940200
2026-02-27 07:00:00,10.8,10.8,10.6,10.7,2180100
2026-03-02 07:00:00,10.15,10.5,10.15,10.35,5477000
2026-03-03 07:00:00,10.35,10.4,10.25,10.3,2331100
2026-03-04 07:00:00,10.25,10.3,9.98,10.2,9155200
2026-03-05 07:00:00,10.3,10.4,10.2,10.2,1787700
2026-03-06 07:00:00,10.2,10.3,10.1,10.2,2731600
2026-03-09 07:00:00,9.8,9.85,9.49,9.49,8084900
2026-03-10 07:00:00,9.7,9.8,9.5,9.65,2275900
2026-03-11 07:00:00,9.75,10.25,9.71,10.2,2445800
2026-03-12 07:00:00,10.15,10.2,9.99,10.05,1124500
2026-03-13 07:00:00,9.97,10.35,9.97,10.15,1784800
2026-03-16 07:00:00,10.2,10.3,10.05,10.2,1332700
2026-03-17 07:00:00,10.2,10.25,10.05,10.15,1792600
2026-03-18 07:00:00,10.15,10.2,10.05,10.15,1148700
2026-03-19 07:00:00,10.05,10.15,10.0,10.15,1404800
2026-03-20 07:00:00,10.1,10.15,10.0,10.1,1256500
2026-03-23 07:00:00,10.05,10.05,9.75,10.05,2904700
2026-03-24 07:00:00,10.1,10.25,10.0,10.1,2078000
2026-03-25 07:00:00,10.15,10.45,10.1,10.35,3929100
2026-03-26 07:00:00,10.4,10.4,10.15,10.15,1226100
2026-03-27 07:00:00,10.15,10.4,10.1,10.35,2410300
2026-03-30 07:00:00,10.1,10.3,10.05,10.2,2388100
2026-03-31 07:00:00,10.3,10.3,10.1,10.2,2036700
2026-04-01 07:00:00,10.3,10.4,10.2,10.2,2065900
2026-04-02 07:00:00,10.2,10.2,10.05,10.1,1515400
2026-04-03 07:00:00,10.1,10.15,9.97,10.1,2830800
2026-04-06 07:00:00,10.05,10.1,9.95,9.98,1359000
2026-04-07 07:00:00,10.0,10.05,9.96,10.0,632700
2026-04-08 07:00:00,10.2,10.3,10.0,10.2,2838000
2026-04-09 07:00:00,10.25,10.9,10.1,10.7,7911400
2026-04-10 07:00:00,10.75,10.9,10.5,10.5,2615400
2026-04-13 07:00:00,10.45,10.9,10.35,10.55,5530800
2026-04-14 07:00:00,10.6,10.7,10.5,10.7,3490600
2026-04-15 07:00:00,10.7,10.8,10.55,10.55,2205600
2026-04-16 07:00:00,10.55,10.6,10.4,10.5,3005400
2026-04-17 07:00:00,10.5,10.6,10.35,10.4,2718200
2026-04-20 07:00:00,10.4,10.55,10.35,10.45,2023500
2026-04-21 07:00:00,10.45,10.55,10.25,10.3,3178300
2026-04-22 07:00:00,10.3,10.35,10.15,10.25,1833800
2026-04-23 07:00:00,10.25,10.3,10.05,10.2,2310000
2026-04-24 07:00:00,10.2,10.2,10.1,10.15,859400
2026-04-28 07:00:00,10.15,10.15,10.05,10.05,908500
2026-04-29 07:00:00,10.1,10.15,10.0,10.15,1150900
2026-05-04 07:00:00,10.15,10.35,10.15,10.25,1536700
2026-05-05 07:00:00,10.2,10.25,10.1,10.15,823100
2026-05-06 07:00:00,10.2,10.25,10.05,10.2,1055200
2026-05-07 07:00:00,10.2,10.25,10.05,10.1,1183200
2026-05-08 07:00:00,10.15,10.15,10.0,10.05,1428800
2026-05-11 07:00:00,10.1,10.15,10.0,10.1,1173300
2026-05-12 07:00:00,10.05,10.1,9.99,10.05,1015600
2026-05-13 07:00:00,10.05,10.05,9.96,10.0,1444700
2026-05-14 07:00:00,10.0,10.1,9.98,9.99,1918800
2026-05-15 07:00:00,9.99,10.05,9.99,9.99,1291700
2026-05-18 07:00:00,9.97,9.99,9.91,9.98,1739900
2026-05-19 07:00:00,9.99,10.0,9.88,9.94,1270500
2026-05-20 07:00:00,9.93,9.95,9.5,9.79,1988600
2026-05-21 07:00:00,9.8,9.85,9.6,9.61,2316700
2026-05-22 07:00:00,9.63,9.8,9.63,9.73,2972000
2026-05-25 07:00:00,9.79,9.79,9.7,9.79,1458600
2026-05-26 07:00:00,9.72,9.92,9.72,9.82,730800
2026-05-27 07:00:00,9.82,9.86,9.76,9.76,1375800
