time,open,high,low,close,volume
2018-01-02 07:00:00,16.3,16.55,16.3,16.55,4770
2018-01-03 07:00:00,16.73,16.73,16.42,16.67,41890
2018-01-04 07:00:00,16.67,16.73,16.67,16.67,29740
2018-01-05 07:00:00,16.67,16.7,16.55,16.55,9630
2018-01-08 07:00:00,16.42,16.62,16.42,16.62,5110
2018-01-09 07:00:00,16.62,16.65,16.55,16.6,21060
2018-01-10 07:00:00,16.6,16.8,16.6,16.75,34110
2018-01-11 07:00:00,16.75,16.75,16.6,16.67,12710
2018-01-12 07:00:00,16.67,16.8,16.6,16.67,31050
2018-01-15 07:00:00,16.73,17.28,16.67,17.28,28510
2018-01-16 07:00:00,17.13,17.41,16.93,17.13,7820
2018-01-17 07:00:00,16.93,17.05,16.93,16.93,1210
2018-01-18 07:00:00,16.93,16.93,16.55,16.93,9360
2018-01-19 07:00:00,17.03,17.03,16.93,16.98,19910
2018-01-22 07:00:00,16.57,16.93,16.42,16.52,25060
2018-01-25 07:00:00,16.67,16.67,16.27,16.27,62660
2018-01-26 07:00:00,16.27,16.55,16.27,16.55,8400
2018-01-29 07:00:00,16.42,16.55,16.19,16.42,25830
2018-01-30 07:00:00,15.61,16.42,15.61,16.32,42780
2018-01-31 07:00:00,16.42,16.42,15.66,16.3,28190
2018-02-01 07:00:00,16.42,16.42,16.17,16.4,6860
2018-02-02 07:00:00,16.17,16.17,16.04,16.17,13890
2018-02-05 07:00:00,15.92,16.04,15.66,15.66,9350
2018-02-06 07:00:00,15.66,15.66,14.91,15.51,31900
2018-02-07 07:00:00,16.17,16.17,15.92,15.92,11980
2018-02-08 07:00:00,15.54,15.87,15.54,15.64,13580
2018-02-09 07:00:00,14.78,15.71,14.78,15.54,6570
2018-02-12 07:00:00,15.92,15.92,15.66,15.82,11190
2018-02-13 07:00:00,15.82,15.92,15.82,15.92,14050
2018-02-21 07:00:00,15.79,15.92,15.79,15.92,22970
2018-02-22 07:00:00,15.92,16.04,15.92,15.92,18430
2018-02-23 07:00:00,16.09,16.09,15.82,15.82,9020
2018-02-26 07:00:00,15.82,15.82,15.61,15.66,53980
2018-02-27 07:00:00,15.66,16.04,15.41,16.04,37640
2018-02-28 07:00:00,16.02,16.02,15.64,16.02,22290
2018-03-01 07:00:00,16.02,16.17,15.92,16.14,9830
2018-03-02 07:00:00,16.14,16.14,16.04,16.12,8920
2018-03-05 07:00:00,16.25,16.25,16.04,16.04,20640
2018-03-06 07:00:00,16.09,16.09,16.04,16.09,22920
2018-03-07 07:00:00,16.09,16.09,15.97,16.04,29360
2018-03-08 07:00:00,16.04,16.04,16.04,16.04,15130
2018-03-09 07:00:00,16.04,16.04,16.02,16.02,17210
2018-03-12 07:00:00,15.94,16.04,15.79,16.04,17410
2018-03-13 07:00:00,15.92,15.92,15.92,15.92,12500
2018-03-14 07:00:00,15.66,15.94,15.66,15.92,11460
2018-03-15 07:00:00,15.92,16.04,15.79,15.82,7410
2018-03-16 07:00:00,15.97,16.04,15.92,16.04,11000
2018-03-19 07:00:00,16.17,16.17,15.92,15.92,11910
2018-03-20 07:00:00,15.92,16.04,15.92,16.02,4400
2018-03-21 07:00:00,16.25,16.25,16.02,16.02,21330
2018-03-22 07:00:00,16.09,16.09,16.02,16.04,6790
2018-03-23 07:00:00,15.79,16.14,15.79,16.12,2760
2018-03-26 07:00:00,16.04,16.12,16.04,16.04,11630
2018-03-27 07:00:00,15.92,16.07,15.92,16.04,27500
2018-03-28 07:00:00,15.87,15.92,15.84,15.92,6050
2018-03-29 07:00:00,16.04,16.04,15.92,15.92,8280
2018-03-30 07:00:00,15.92,15.92,15.92,15.92,2210
2018-04-02 07:00:00,15.92,16.12,15.84,15.92,14690
2018-04-03 07:00:00,15.92,15.94,15.92,15.92,16900
2018-04-04 07:00:00,16.04,16.04,15.99,15.99,1190
2018-04-05 07:00:00,16.04,16.04,15.87,15.87,4550
2018-04-06 07:00:00,15.92,16.02,15.89,15.92,2910
2018-04-09 07:00:00,16.04,16.04,15.92,16.04,40620
2018-04-10 07:00:00,16.04,16.04,15.82,15.82,29130
2018-04-11 07:00:00,15.92,15.94,15.82,15.92,8520
2018-04-12 07:00:00,16.17,16.17,15.69,15.89,29440
2018-04-13 07:00:00,16.42,16.42,15.89,15.89,11880
2018-04-16 07:00:00,16.04,16.04,15.89,15.89,3460
2018-04-17 07:00:00,15.89,16.04,15.89,15.89,10610
2018-04-18 07:00:00,15.79,15.92,15.79,15.79,6310
2018-04-19 07:00:00,15.79,15.92,15.79,15.89,3870
2018-04-20 07:00:00,15.92,15.92,15.82,15.92,1580
2018-04-23 07:00:00,15.99,16.04,15.89,15.92,16810
2018-04-24 07:00:00,15.74,15.92,15.66,15.66,20870
2018-04-26 07:00:00,15.87,15.87,15.44,15.44,8760
2018-04-27 07:00:00,15.41,15.89,15.41,15.89,3030
2018-05-02 07:00:00,15.66,15.92,15.44,15.66,7190
2018-05-03 07:00:00,15.66,15.66,15.41,15.46,35050
2018-05-04 07:00:00,15.92,15.92,15.54,15.56,22730
2018-05-07 07:00:00,15.84,15.87,15.56,15.56,16530
2018-05-08 07:00:00,15.56,15.84,15.54,15.56,71030
2018-05-09 07:00:00,15.66,15.66,15.54,15.54,64520
2018-05-10 07:00:00,15.54,15.66,15.54,15.54,41560
2018-05-11 07:00:00,15.66,15.66,15.54,15.54,4110
2018-05-14 07:00:00,15.66,15.84,15.66,15.82,23100
2018-05-15 07:00:00,15.82,15.82,15.82,15.82,30
2018-05-16 07:00:00,15.79,15.79,15.54,15.79,1360
2018-05-17 07:00:00,15.66,15.82,15.54,15.56,30480
2018-05-18 07:00:00,15.56,15.84,15.46,15.84,5530
2018-05-21 07:00:00,15.82,15.82,15.54,15.54,4130
2018-05-22 07:00:00,15.84,15.84,15.46,15.79,18210
2018-05-23 07:00:00,15.79,15.79,15.41,15.41,9590
2018-05-24 07:00:00,15.54,15.54,15.41,15.41,6380
2018-05-25 07:00:00,15.54,15.54,15.41,15.41,810
2018-05-28 07:00:00,15.51,15.51,14.35,14.35,27220
2018-05-29 07:00:00,14.35,15.34,13.39,15.34,1443440
2018-05-30 07:00:00,15.16,15.34,14.7,14.7,2670
2018-05-31 07:00:00,14.7,15.41,14.7,15.41,9970
2018-06-01 07:00:00,15.36,15.41,15.16,15.21,2920
2018-06-04 07:00:00,15.99,15.99,15.59,15.7,3920
2018-06-05 07:00:00,16.72,16.72,16.14,16.14,6440
2018-06-06 07:00:00,16.14,16.14,16.14,16.14,2890
2018-06-07 07:00:00,16.14,16.29,16.02,16.02,11510
2018-06-08 07:00:00,15.97,15.97,15.94,15.97,7300
2018-06-11 07:00:00,15.85,15.99,15.85,15.99,17510
2018-06-12 07:00:00,15.27,15.44,15.27,15.41,2600
2018-06-13 07:00:00,15.7,15.85,15.7,15.7,3750
2018-06-14 07:00:00,16.29,16.29,15.7,15.7,2440
2018-06-15 07:00:00,15.7,15.7,15.47,15.56,600
2018-06-18 07:00:00,14.98,15.7,14.98,15.38,28410
2018-06-19 07:00:00,15.27,15.99,14.95,15.41,26080
2018-06-20 07:00:00,15.79,15.79,15.38,15.38,430
2018-06-21 07:00:00,15.18,16.29,14.92,15.65,28900
2018-06-22 07:00:00,15.06,15.41,15.06,15.12,1340
2018-06-25 07:00:00,15.44,15.44,15.41,15.41,110
2018-06-26 07:00:00,15.38,15.41,15.12,15.41,9070
2018-06-27 07:00:00,15.56,15.56,15.3,15.3,7780
2018-06-28 07:00:00,15.41,15.41,14.4,14.4,3510
2018-06-29 07:00:00,14.57,15.27,14.53,15.27,18340
2018-07-02 07:00:00,15.59,16.14,15.59,16.14,10000
2018-07-03 07:00:00,15.67,15.67,15.03,15.03,1550
2018-07-04 07:00:00,15.03,15.21,14.57,15.21,670
2018-07-05 07:00:00,14.89,15.03,14.83,15.03,640
2018-07-06 07:00:00,15.03,15.12,15.03,15.12,1010
2018-07-09 07:00:00,14.83,15.12,14.83,15.12,12580
2018-07-10 07:00:00,15.12,15.12,14.83,14.89,3170
2018-07-11 07:00:00,15.09,15.27,14.83,15.27,19270
2018-07-12 07:00:00,15.7,15.7,14.83,15.38,56560
2018-07-13 07:00:00,14.42,15.38,14.42,15.38,18650
2018-07-16 07:00:00,15.27,15.27,14.98,15.01,190
2018-07-17 07:00:00,15.38,15.38,14.86,15.09,12200
2018-07-18 07:00:00,14.86,15.09,14.74,14.74,7340
2018-07-19 07:00:00,15.09,15.12,14.83,15.12,4200
2018-07-20 07:00:00,15.12,15.7,14.83,15.12,16050
2018-07-23 07:00:00,14.69,15.12,14.57,15.12,3310
2018-07-24 07:00:00,14.45,15.12,14.45,15.12,4730
2018-07-25 07:00:00,15.41,15.41,14.83,14.83,570
2018-07-26 07:00:00,15.41,15.41,14.83,14.83,44800
2018-07-27 07:00:00,15.09,15.09,14.54,15.01,13970
2018-07-30 07:00:00,15.01,15.12,14.71,15.12,2970
2018-07-31 07:00:00,14.86,15.12,14.83,15.12,11230
2018-08-01 07:00:00,15.12,15.12,14.83,14.83,2230
2018-08-02 07:00:00,14.83,15.27,14.83,15.27,24690
2018-08-03 07:00:00,15.27,15.7,15.12,15.47,29230
2018-08-06 07:00:00,15.41,15.41,15.12,15.12,5980
2018-08-07 07:00:00,15.12,15.12,14.89,15.12,13080
2018-08-08 07:00:00,14.98,15.12,14.98,15.01,1600
2018-08-09 07:00:00,15.12,15.12,15.03,15.06,3570
2018-08-10 07:00:00,15.35,15.35,14.86,14.86,4930
2018-08-13 07:00:00,14.86,14.98,14.86,14.86,15820
2018-08-14 07:00:00,14.69,14.98,14.57,14.98,5500
2018-08-15 07:00:00,14.71,15.12,14.71,15.12,2010
2018-08-16 07:00:00,15.27,15.7,15.12,15.12,23900
2018-08-17 07:00:00,15.12,15.12,14.8,15.12,3150
2018-08-20 07:00:00,14.89,15.27,14.89,15.12,13400
2018-08-21 07:00:00,15.12,15.12,14.92,14.92,130
2018-08-22 07:00:00,14.92,15.12,14.92,14.98,530
2018-08-23 07:00:00,15.12,15.12,15.06,15.12,6160
2018-08-24 07:00:00,15.12,15.12,15.12,15.12,6500
2018-08-27 07:00:00,14.95,15.12,14.92,15.12,7090
2018-08-28 07:00:00,14.95,15.12,14.95,15.12,6570
2018-08-29 07:00:00,15.12,15.12,15.09,15.12,53070
2018-08-30 07:00:00,15.38,15.41,15.01,15.01,8070
2018-08-31 07:00:00,14.95,15.24,14.92,15.24,1280
2018-09-04 07:00:00,15.18,15.27,15.18,15.24,1790
2018-09-05 07:00:00,15.41,15.7,15.12,15.12,75190
2018-09-06 07:00:00,15.12,15.12,15.09,15.12,5890
2018-09-07 07:00:00,15.24,15.24,15.24,15.24,10
2018-09-10 07:00:00,15.24,15.24,15.06,15.12,11250
2018-09-11 07:00:00,15.24,15.24,15.18,15.18,2810
2018-09-12 07:00:00,15.18,15.62,15.18,15.27,35340
2018-09-13 07:00:00,14.89,15.18,14.89,15.18,6640
2018-09-14 07:00:00,15.18,15.27,15.12,15.12,30310
2018-09-17 07:00:00,15.03,15.12,14.92,15.12,32910
2018-09-18 07:00:00,14.98,15.12,14.98,15.12,3540
2018-09-19 07:00:00,15.24,15.7,15.24,15.41,41040
2018-09-20 07:00:00,15.12,15.27,15.09,15.27,113060
2018-09-21 07:00:00,15.65,15.7,15.12,15.38,40060
2018-09-24 07:00:00,15.41,15.41,15.12,15.12,54640
2018-09-25 07:00:00,15.38,15.38,15.27,15.27,310
2018-09-26 07:00:00,15.41,15.41,15.18,15.27,4100
2018-09-27 07:00:00,15.27,15.65,15.27,15.56,119450
2018-09-28 07:00:00,15.56,15.56,15.12,15.12,226890
2018-10-01 07:00:00,15.12,15.7,15.12,15.62,33560
2018-10-02 07:00:00,15.41,15.85,15.41,15.76,43950
2018-10-03 07:00:00,15.76,15.76,15.41,15.56,16970
2018-10-04 07:00:00,15.44,15.5,15.41,15.5,4130
2018-10-05 07:00:00,15.41,15.44,15.38,15.41,13820
2018-10-08 07:00:00,15.33,15.47,15.27,15.47,4310
2018-10-09 07:00:00,15.41,15.67,15.41,15.67,11020
2018-10-10 07:00:00,15.5,15.5,15.5,15.5,6000
2018-10-11 07:00:00,15.27,15.27,14.98,15.12,64850
2018-10-12 07:00:00,15.47,15.47,15.12,15.41,3090
2018-10-15 07:00:00,15.41,15.41,15.41,15.41,10
2018-10-16 07:00:00,15.27,15.41,15.27,15.41,3790
2018-10-17 07:00:00,15.38,15.67,15.03,15.38,20030
2018-10-22 07:00:00,15.12,15.18,15.12,15.12,9880
2018-10-23 07:00:00,15.03,15.27,14.86,15.27,24180
2018-10-24 07:00:00,14.98,15.12,14.95,15.12,3050
2018-10-25 07:00:00,15.5,15.5,14.51,15.12,31570
2018-10-26 07:00:00,14.83,15.38,14.83,15.12,20010
2018-10-29 07:00:00,14.83,15.09,14.66,15.09,31410
2018-10-30 07:00:00,15.03,15.09,14.63,14.98,24060
2018-10-31 07:00:00,15.09,15.12,15.09,15.12,10010
2018-11-01 07:00:00,14.71,15.12,14.71,15.12,4760
2018-11-02 07:00:00,14.83,14.83,14.83,14.83,2450
2018-11-05 07:00:00,14.71,14.71,14.71,14.71,270
2018-11-06 07:00:00,14.83,15.09,14.83,15.09,80
2018-11-07 07:00:00,15.09,15.09,14.74,14.74,200
2018-11-08 07:00:00,14.74,14.89,14.74,14.89,2330
2018-11-09 07:00:00,14.57,14.83,14.57,14.83,270
2018-11-12 07:00:00,14.83,14.83,14.66,14.66,2420
2018-11-13 07:00:00,14.69,14.71,14.69,14.69,18340
2018-11-14 07:00:00,14.95,14.98,14.69,14.69,410
2018-11-15 07:00:00,14.69,14.83,14.69,14.83,1930
2018-11-16 07:00:00,14.83,14.83,14.83,14.83,200
2018-11-19 07:00:00,14.83,14.83,14.69,14.71,7440
2018-11-20 07:00:00,14.95,14.95,14.83,14.83,1910
2018-11-21 07:00:00,14.69,14.86,14.63,14.8,4710
2018-11-22 07:00:00,14.63,14.8,14.63,14.8,3660
2018-11-23 07:00:00,14.6,14.8,14.6,14.69,31010
2018-11-26 07:00:00,14.77,14.77,14.69,14.69,4020
2018-11-27 07:00:00,14.69,14.83,14.69,14.69,17050
2018-11-28 07:00:00,14.77,15.09,14.77,14.83,31910
2018-11-29 07:00:00,14.83,15.27,14.83,15.27,31210
2018-11-30 07:00:00,15.27,15.65,15.27,15.65,23800
2018-12-03 07:00:00,15.56,16.29,15.56,16.29,67010
2018-12-04 07:00:00,16.29,16.29,15.38,16.29,16110
2018-12-05 07:00:00,16.23,16.23,15.44,15.47,50
2018-12-06 07:00:00,15.5,15.99,15.5,15.99,4760
2018-12-07 07:00:00,15.53,16.29,15.5,16.29,6750
2018-12-10 07:00:00,16.26,16.26,15.91,15.94,620
2018-12-11 07:00:00,15.97,16.29,15.97,16.29,12890
2018-12-12 07:00:00,16.26,16.43,16.26,16.4,15350
2018-12-13 07:00:00,16.4,16.58,16.29,16.58,27320
2018-12-14 07:00:00,16.29,16.81,16.29,16.81,18020
2018-12-17 07:00:00,16.81,16.84,16.58,16.84,8990
2018-12-18 07:00:00,16.84,16.87,16.84,16.87,15010
2018-12-19 07:00:00,16.72,16.87,16.34,16.87,17080
2018-12-20 07:00:00,16.84,17.13,16.84,17.13,20000
2018-12-21 07:00:00,16.87,17.42,16.87,17.42,16420
2018-12-24 07:00:00,17.01,17.56,17.01,17.56,9130
2018-12-25 07:00:00,17.01,17.56,17.01,17.56,8390
2018-12-26 07:00:00,17.45,17.54,17.39,17.54,13480
2018-12-27 07:00:00,17.01,17.54,17.01,17.48,45580
2018-12-28 07:00:00,17.16,17.71,17.16,17.71,164070
2019-01-02 07:00:00,17.71,17.71,17.3,17.45,6540
2019-01-03 07:00:00,17.04,17.36,16.87,17.36,7520
2019-01-04 07:00:00,17.36,17.36,16.49,16.87,25560
2019-01-07 07:00:00,16.29,16.87,15.85,16.87,7040
2019-01-08 07:00:00,15.85,16.87,15.85,16.87,16630
2019-01-09 07:00:00,15.99,16.58,15.73,16.58,11000
2019-01-10 07:00:00,15.79,15.85,15.7,15.7,3050
2019-01-11 07:00:00,15.7,15.73,15.44,15.44,5190
2019-01-14 07:00:00,15.47,15.5,14.83,15.41,12160
2019-01-15 07:00:00,15.41,15.41,14.71,14.86,11690
2019-01-16 07:00:00,14.86,15.12,14.57,14.92,11280
2019-01-17 07:00:00,14.66,14.66,14.66,14.66,3000
2019-01-18 07:00:00,14.66,15.09,14.54,15.09,9150
2019-01-21 07:00:00,14.83,14.83,14.48,14.51,7530
2019-01-22 07:00:00,14.6,14.6,14.51,14.54,2550
2019-01-23 07:00:00,15.09,15.56,14.48,14.54,5510
2019-01-24 07:00:00,14.54,14.54,14.51,14.51,8810
2019-01-25 07:00:00,14.54,14.54,14.48,14.48,1230
2019-01-28 07:00:00,14.48,14.54,14.48,14.54,1730
2019-01-29 07:00:00,14.77,14.77,14.47,14.54,1260
2019-01-30 07:00:00,14.57,14.57,14.53,14.54,7330
2019-01-31 07:00:00,14.54,14.54,14.51,14.51,1620
2019-02-01 07:00:00,14.5,14.69,14.48,14.69,240
2019-02-11 07:00:00,14.69,14.71,14.69,14.69,2400
2019-02-12 07:00:00,14.69,14.71,14.54,14.54,8250
2019-02-13 07:00:00,14.4,14.57,14.4,14.54,2890
2019-02-14 07:00:00,14.54,14.57,14.45,14.48,4390
2019-02-15 07:00:00,14.54,14.54,14.48,14.48,670
2019-02-18 07:00:00,14.69,14.69,14.48,14.54,6620
2019-02-19 07:00:00,14.83,15.12,14.54,14.54,26750
2019-02-20 07:00:00,14.57,14.57,14.51,14.51,14910
2019-02-21 07:00:00,14.8,14.8,14.51,14.51,9420
2019-02-22 07:00:00,14.51,14.8,14.51,14.54,12240
2019-02-25 07:00:00,14.54,14.71,14.48,14.54,12000
2019-02-26 07:00:00,14.25,14.69,14.22,14.25,22620
2019-02-27 07:00:00,14.38,14.45,14.19,14.45,2520
2019-02-28 07:00:00,14.54,14.54,14.45,14.45,2090
2019-03-01 07:00:00,14.45,15.09,14.42,15.09,8190
2019-03-04 07:00:00,15.09,15.09,14.71,14.71,25180
2019-03-05 07:00:00,14.8,14.95,14.63,14.95,25580
2019-03-06 07:00:00,14.95,15.06,14.63,14.83,12960
2019-03-07 07:00:00,14.83,14.92,14.63,14.63,34050
2019-03-08 07:00:00,14.69,14.8,14.6,14.66,54340
2019-03-11 07:00:00,14.71,14.71,14.57,14.6,20350
2019-03-12 07:00:00,14.66,14.74,14.6,14.6,25540
2019-03-13 07:00:00,14.57,15.12,14.54,14.74,115010
2019-03-14 07:00:00,15.03,15.38,14.83,15.27,25350
2019-03-15 07:00:00,15.27,15.33,15.12,15.27,18690
2019-03-18 07:00:00,15.27,15.27,14.98,14.98,22090
2019-03-19 07:00:00,15.15,15.15,14.86,15.12,16740
2019-03-20 07:00:00,15.12,15.12,14.89,15.12,5380
2019-03-21 07:00:00,15.12,15.12,14.83,14.98,18800
2019-03-22 07:00:00,14.98,15.12,14.92,15.12,31240
2019-03-25 07:00:00,14.98,14.98,14.74,14.89,6760
2019-03-26 07:00:00,14.71,14.89,14.71,14.74,6440
2019-03-27 07:00:00,14.63,15.01,14.54,15.01,21620
2019-03-28 07:00:00,15.01,15.41,14.69,15.41,51930
2019-03-29 07:00:00,15.76,15.76,15.35,15.41,33330
2019-04-01 07:00:00,15.44,15.44,14.98,14.98,11300
2019-04-02 07:00:00,15.01,15.15,14.98,14.98,7340
2019-04-03 07:00:00,14.98,15.27,14.74,14.74,26020
2019-04-04 07:00:00,14.74,14.77,14.74,14.77,820
2019-04-05 07:00:00,14.77,14.83,14.74,14.74,20980
2019-04-08 07:00:00,14.74,15.01,14.74,14.95,4120
2019-04-09 07:00:00,15.12,15.12,14.77,14.77,8940
2019-04-10 07:00:00,14.83,14.83,14.71,14.74,12810
2019-04-11 07:00:00,14.74,14.89,14.74,14.89,2640
2019-04-12 07:00:00,14.92,14.92,14.77,14.89,1560
2019-04-16 07:00:00,14.89,14.89,14.74,14.77,160
2019-04-17 07:00:00,14.69,14.92,14.54,14.92,13670
2019-04-18 07:00:00,14.83,14.83,14.69,14.83,9720
2019-04-19 07:00:00,14.83,14.83,14.69,14.83,6710
2019-04-22 07:00:00,14.69,14.95,14.69,14.95,6860
2019-04-23 07:00:00,14.95,14.98,14.95,14.98,8520
2019-04-24 07:00:00,14.95,15.09,14.83,15.09,12650
2019-04-25 07:00:00,15.09,15.09,14.83,15.09,12350
2019-04-26 07:00:00,15.09,15.21,14.8,15.09,13490
2019-05-02 07:00:00,15.09,15.09,14.86,14.86,1480
2019-05-03 07:00:00,14.83,14.86,14.83,14.83,4610
2019-05-06 07:00:00,14.57,14.69,14.57,14.69,7380
2019-05-07 07:00:00,14.69,15.09,14.69,14.98,28900
2019-05-08 07:00:00,14.95,15.27,14.69,15.27,40210
2019-05-09 07:00:00,15.09,15.09,14.83,14.86,2450
2019-05-10 07:00:00,14.83,15.24,14.77,15.24,580
2019-05-13 07:00:00,15.38,15.38,14.8,14.8,4680
2019-05-14 07:00:00,14.83,14.83,14.83,14.83,18220
2019-05-15 07:00:00,14.83,14.83,14.8,14.83,5730
2019-05-16 07:00:00,14.83,14.98,14.71,14.71,5480
2019-05-17 07:00:00,14.71,14.71,14.71,14.71,2750
2019-05-20 07:00:00,14.71,14.83,14.69,14.83,16240
2019-05-21 07:00:00,14.95,14.98,14.63,14.69,6860
2019-05-22 07:00:00,14.69,14.74,14.54,14.71,28700
2019-05-23 07:00:00,14.71,14.98,14.54,14.98,29940
2019-05-24 07:00:00,14.83,14.86,14.6,14.6,4290
2019-05-27 07:00:00,14.69,14.98,14.69,14.98,17450
2019-05-28 07:00:00,14.83,15.09,14.83,14.98,8780
2019-05-29 07:00:00,14.74,14.92,14.66,14.92,22910
2019-05-30 07:00:00,14.95,14.95,14.66,14.89,32200
2019-05-31 07:00:00,14.86,14.98,14.83,14.95,14280
2019-06-03 07:00:00,14.95,14.95,14.63,14.63,11560
2019-06-04 07:00:00,14.89,14.89,14.63,14.63,8220
2019-06-05 07:00:00,14.83,14.83,14.54,14.57,13670
2019-06-06 07:00:00,14.57,14.57,14.42,14.51,11010
2019-06-07 07:00:00,14.51,14.83,14.51,14.83,15250
2019-06-10 07:00:00,14.83,14.83,14.6,14.8,4340
2019-06-11 07:00:00,14.8,14.8,14.54,14.77,18250
2019-06-12 07:00:00,14.74,14.77,14.51,14.54,51360
2019-06-13 07:00:00,15.03,15.03,14.54,14.69,23730
2019-06-14 07:00:00,14.69,14.78,14.69,14.78,6600
2019-06-17 07:00:00,14.63,14.69,14.57,14.66,460
2019-06-18 07:00:00,14.54,14.72,14.45,14.66,35150
2019-06-19 07:00:00,14.51,14.72,14.51,14.51,5330
2019-06-20 07:00:00,14.54,14.54,14.48,14.48,4450
2019-06-21 07:00:00,14.48,14.54,14.39,14.54,8140
2019-06-24 07:00:00,14.54,14.54,14.39,14.4,4210
2019-06-25 07:00:00,14.39,14.39,14.24,14.24,5750
2019-06-26 07:00:00,14.54,14.54,14.54,14.54,100
2019-06-27 07:00:00,14.51,14.51,14.21,14.5,1600
2019-06-28 07:00:00,14.45,14.48,14.24,14.33,3440
2019-07-01 07:00:00,14.33,14.33,14.12,14.15,6750
2019-07-02 07:00:00,14.12,14.12,13.96,14.0,2800
2019-07-03 07:00:00,14.0,14.18,14.0,14.06,260
2019-07-04 07:00:00,14.15,14.36,14.0,14.36,8570
2019-07-05 07:00:00,14.42,14.42,14.42,14.42,19500
2019-07-08 07:00:00,14.42,14.54,14.24,14.51,6280
2019-07-09 07:00:00,14.51,14.54,14.48,14.54,14100
2019-07-10 07:00:00,14.53,14.54,14.48,14.54,17100
2019-07-11 07:00:00,14.54,14.54,14.48,14.54,30760
2019-07-12 07:00:00,14.48,14.51,14.39,14.51,6300
2019-07-15 07:00:00,14.48,14.51,14.45,14.51,3180
2019-07-16 07:00:00,14.51,14.54,14.42,14.51,4170
2019-07-17 07:00:00,14.53,14.54,14.39,14.54,25540
2019-07-18 07:00:00,14.39,14.54,14.39,14.54,5130
2019-07-19 07:00:00,14.54,14.54,14.39,14.54,20120
2019-07-22 07:00:00,14.54,14.54,14.18,14.24,17320
2019-07-23 07:00:00,14.18,14.39,14.09,14.39,11000
2019-07-24 07:00:00,14.39,14.48,14.24,14.48,3200
2019-07-25 07:00:00,14.48,14.51,14.48,14.51,6270
2019-07-26 07:00:00,14.51,14.54,14.24,14.54,15120
2019-07-29 07:00:00,14.51,14.51,14.39,14.51,6320
2019-07-30 07:00:00,14.25,14.51,14.18,14.51,12570
2019-07-31 07:00:00,14.24,15.15,14.24,15.15,16070
2019-08-01 07:00:00,15.15,15.15,14.48,14.78,6440
2019-08-02 07:00:00,14.48,14.54,14.09,14.54,16160
2019-08-05 07:00:00,14.54,14.54,14.31,14.51,2380
2019-08-06 07:00:00,14.54,14.54,14.25,14.54,3880
2019-08-07 07:00:00,14.54,14.54,14.36,14.54,19730
2019-08-08 07:00:00,14.28,14.51,14.27,14.51,11930
2019-08-09 07:00:00,14.51,14.51,14.51,14.51,1670
2019-08-12 07:00:00,14.51,14.54,14.12,14.51,11540
2019-08-13 07:00:00,14.51,14.51,14.48,14.51,12740
2019-08-14 07:00:00,14.48,14.51,14.24,14.51,5150
2019-08-15 07:00:00,14.51,14.51,14.27,14.51,3230
2019-08-16 07:00:00,14.48,14.54,14.48,14.51,16200
2019-08-19 07:00:00,14.39,14.51,14.39,14.51,3390
2019-08-20 07:00:00,14.51,14.54,14.39,14.54,50630
2019-08-21 07:00:00,14.51,14.69,14.51,14.54,21220
2019-08-22 07:00:00,14.54,14.6,14.51,14.54,30910
2019-08-23 07:00:00,14.54,14.54,14.54,14.54,3600
2019-08-26 07:00:00,14.54,14.54,14.39,14.54,15030
2019-08-27 07:00:00,14.54,14.54,14.54,14.54,15510
2019-08-28 07:00:00,14.84,14.84,14.54,14.54,1540
2019-08-29 07:00:00,14.51,14.51,14.48,14.51,13660
2019-08-30 07:00:00,14.54,14.54,14.48,14.54,39330
2019-09-03 07:00:00,14.3,14.54,14.3,14.54,13150
2019-09-04 07:00:00,14.3,14.54,14.45,14.53,18340
2019-09-05 07:00:00,14.54,14.54,14.51,14.54,16010
2019-09-06 07:00:00,14.54,14.54,14.51,14.54,11600
2019-09-09 07:00:00,14.54,14.54,14.51,14.54,20080
2019-09-10 07:00:00,14.51,14.54,14.3,14.54,2890
2019-09-11 07:00:00,14.54,14.54,14.51,14.51,13350
2019-09-12 07:00:00,14.48,14.53,14.48,14.53,3030
2019-09-13 07:00:00,14.53,14.57,14.53,14.53,12360
2019-09-16 07:00:00,14.54,14.54,14.53,14.53,3500
2019-09-17 07:00:00,14.53,14.53,14.51,14.53,8090
2019-09-18 07:00:00,14.51,14.51,14.27,14.51,2840
2019-09-19 07:00:00,14.48,14.54,14.48,14.54,71490
2019-09-20 07:00:00,14.54,14.54,14.48,14.48,13220
2019-09-23 07:00:00,14.77,14.77,14.48,14.51,7670
2019-09-24 07:00:00,14.51,14.51,14.39,14.51,4800
2019-09-25 07:00:00,14.51,14.51,14.48,14.51,16830
2019-09-26 07:00:00,14.51,14.54,14.45,14.53,32000
2019-09-27 07:00:00,14.53,15.09,14.53,15.06,80760
2019-09-30 07:00:00,15.87,15.87,15.13,15.15,7960
2019-10-01 07:00:00,15.12,15.12,14.84,14.84,3450
2019-10-02 07:00:00,14.84,14.84,14.69,14.72,3930
2019-10-03 07:00:00,14.69,14.71,14.48,14.66,11830
2019-10-04 07:00:00,14.66,15.03,14.48,14.84,57760
2019-10-07 07:00:00,15.1,15.3,15.1,15.15,14560
2019-10-08 07:00:00,15.27,15.3,15.12,15.12,12600
2019-10-09 07:00:00,15.15,15.75,15.12,15.15,69840
2019-10-10 07:00:00,15.15,15.15,14.75,14.75,710
2019-10-11 07:00:00,15.12,15.12,14.84,14.84,150
2019-10-14 07:00:00,14.84,15.09,14.72,14.99,3710
2019-10-15 07:00:00,14.75,14.75,14.75,14.75,100
2019-10-16 07:00:00,14.77,14.77,14.69,14.72,2910
2019-10-17 07:00:00,14.72,14.72,14.72,14.72,980
2019-10-18 07:00:00,14.72,15.57,14.72,15.21,960
2019-10-21 07:00:00,14.84,14.84,14.84,14.84,1420
2019-10-22 07:00:00,15.15,15.15,14.69,14.69,3470
2019-10-23 07:00:00,14.57,14.57,14.54,14.54,9000
2019-10-24 07:00:00,14.54,14.69,14.54,14.57,23000
2019-10-25 07:00:00,14.65,14.84,14.63,14.84,8600
2019-10-28 07:00:00,14.69,14.69,14.69,14.69,250
2019-10-29 07:00:00,14.69,14.75,14.69,14.71,3730
2019-10-30 07:00:00,14.95,14.95,14.69,14.69,5000
2019-10-31 07:00:00,14.69,14.98,14.69,14.98,1920
2019-11-01 07:00:00,14.98,14.98,14.71,14.72,620
2019-11-04 07:00:00,14.93,14.93,14.71,14.71,4040
2019-11-05 07:00:00,14.71,14.84,14.69,14.84,3520
2019-11-06 07:00:00,14.96,14.96,14.84,14.84,2860
2019-11-08 07:00:00,14.84,14.84,14.72,14.84,4850
2019-11-11 07:00:00,14.84,14.87,14.84,14.84,21600
2019-11-12 07:00:00,14.84,14.84,14.84,14.84,5340
2019-11-13 07:00:00,14.84,14.99,14.75,14.86,2570
2019-11-14 07:00:00,14.89,15.15,14.89,14.93,4700
2019-11-15 07:00:00,15.13,15.69,14.96,14.99,20180
2019-11-18 07:00:00,14.99,15.45,14.99,15.45,50910
2019-11-19 07:00:00,15.45,16.36,15.45,16.36,78030
2019-11-20 07:00:00,16.36,16.6,16.36,16.6,39510
2019-11-21 07:00:00,16.6,17.18,16.6,16.93,71120
2019-11-22 07:00:00,16.54,16.93,16.36,16.36,62080
2019-11-25 07:00:00,16.36,16.42,16.24,16.24,19170
2019-11-26 07:00:00,16.15,16.15,16.06,16.06,5480
2019-11-27 07:00:00,15.78,16.33,15.78,16.33,7550
2019-11-28 07:00:00,16.36,17.15,16.33,16.54,25440
2019-11-29 07:00:00,16.66,16.66,16.36,16.51,6850
2019-12-02 07:00:00,16.36,16.66,16.36,16.51,11790
2019-12-03 07:00:00,16.36,16.45,16.18,16.18,25480
2019-12-04 07:00:00,16.36,16.36,16.15,16.3,4160
2019-12-05 07:00:00,16.21,16.24,15.66,15.66,24660
2019-12-06 07:00:00,15.75,16.06,15.63,16.06,11340
2019-12-09 07:00:00,16.06,16.24,16.02,16.06,24540
2019-12-10 07:00:00,16.06,16.06,15.81,16.06,10220
2019-12-11 07:00:00,16.15,16.3,16.06,16.06,4130
2019-12-12 07:00:00,16.06,16.06,15.75,16.06,12380
2019-12-13 07:00:00,16.06,16.06,15.81,15.81,2360
2019-12-16 07:00:00,15.9,15.9,15.81,15.81,2900
2019-12-17 07:00:00,15.69,16.06,15.6,15.87,15110
2019-12-18 07:00:00,15.87,15.99,15.6,15.87,6570
2019-12-19 07:00:00,15.87,15.87,15.87,15.87,640
2019-12-20 07:00:00,15.66,15.75,15.45,15.45,9370
2019-12-23 07:00:00,15.45,15.45,15.15,15.15,8850
2019-12-24 07:00:00,15.15,15.15,14.84,15.15,4110
2019-12-25 07:00:00,15.13,15.13,14.54,14.75,8110
2019-12-26 07:00:00,15.36,15.36,14.78,14.84,1580
2019-12-27 07:00:00,14.62,14.84,14.39,14.78,10730
2019-12-30 07:00:00,14.81,14.87,14.63,14.63,12090
2019-12-31 07:00:00,14.54,14.75,14.54,14.54,19290
2020-01-02 07:00:00,15.07,15.07,14.6,14.6,1010
2020-01-03 07:00:00,15.27,15.27,14.54,14.54,7120
2020-01-06 07:00:00,14.6,14.84,14.54,14.84,6090
2020-01-07 07:00:00,14.71,14.71,14.66,14.69,4450
2020-01-08 07:00:00,14.69,14.8,14.63,14.66,8080
2020-01-09 07:00:00,14.69,14.83,14.56,14.83,7910
2020-01-10 07:00:00,15.09,15.1,14.96,15.01,11700
2020-01-13 07:00:00,14.77,14.96,14.59,14.96,1340
2020-01-14 07:00:00,14.86,15.01,14.84,14.99,7830
2020-01-15 07:00:00,14.99,14.99,14.84,14.84,1150
2020-01-16 07:00:00,14.83,14.84,14.69,14.84,3530
2020-01-17 07:00:00,14.84,14.89,14.65,14.89,6570
2020-01-20 07:00:00,15.1,15.15,14.84,14.84,12470
2020-01-21 07:00:00,14.84,15.06,14.84,14.99,8820
2020-01-22 07:00:00,15.39,15.39,14.86,15.15,20850
2020-01-30 07:00:00,15.69,15.72,15.21,15.54,27830
2020-01-31 07:00:00,15.87,16.6,15.81,16.6,188860
2020-02-03 07:00:00,17.24,17.75,16.96,16.96,339630
2020-02-04 07:00:00,16.39,16.66,16.06,16.45,59520
2020-02-05 07:00:00,16.09,16.09,15.33,16.06,91670
2020-02-06 07:00:00,15.81,15.9,15.51,15.66,149490
2020-02-07 07:00:00,15.6,16.36,15.6,16.21,44400
2020-02-10 07:00:00,16.51,16.99,16.45,16.6,125560
2020-02-11 07:00:00,16.84,17.27,16.36,16.99,146190
2020-02-12 07:00:00,16.99,17.51,16.99,17.39,152500
2020-02-13 07:00:00,17.57,18.18,17.42,17.42,162660
2020-02-14 07:00:00,17.42,17.57,17.36,17.51,118140
2020-02-17 07:00:00,17.75,17.75,17.02,17.24,58580
2020-02-18 07:00:00,17.24,18.42,17.24,18.42,388490
2020-02-19 07:00:00,19.66,19.66,18.42,18.6,258560
2020-02-20 07:00:00,18.48,18.78,18.02,18.33,101900
2020-02-21 07:00:00,18.33,18.96,18.12,18.75,238990
2020-02-24 07:00:00,18.78,19.24,18.18,18.78,212140
2020-02-25 07:00:00,18.78,18.78,18.36,18.36,125700
2020-02-26 07:00:00,18.36,18.78,18.21,18.21,113300
2020-02-27 07:00:00,17.9,18.21,17.57,17.72,163120
2020-02-28 07:00:00,17.72,18.05,17.39,17.66,80550
2020-03-02 07:00:00,17.51,17.93,17.51,17.57,44050
2020-03-03 07:00:00,18.05,18.05,17.54,17.78,72150
2020-03-04 07:00:00,17.78,17.78,17.54,17.66,53900
2020-03-05 07:00:00,18.05,18.75,18.05,18.39,157980
2020-03-06 07:00:00,18.24,18.93,18.24,18.54,98960
2020-03-09 07:00:00,18.15,18.33,17.27,17.27,132120
2020-03-10 07:00:00,17.12,18.3,16.96,17.63,84320
2020-03-11 07:00:00,17.93,18.02,17.12,17.87,146550
2020-03-12 07:00:00,17.57,17.57,16.63,16.63,183080
2020-03-13 07:00:00,15.48,16.93,15.48,16.81,82690
2020-03-16 07:00:00,16.81,16.96,15.69,15.69,72470
2020-03-17 07:00:00,15.69,16.33,15.69,16.09,54810
2020-03-18 07:00:00,16.36,16.6,15.84,15.84,53740
2020-03-19 07:00:00,15.75,15.75,15.3,15.45,72440
2020-03-20 07:00:00,15.45,15.75,15.45,15.51,34840
2020-03-23 07:00:00,15.15,15.15,14.43,14.43,156470
2020-03-24 07:00:00,13.65,14.24,13.43,13.43,194710
2020-03-25 07:00:00,13.63,13.9,13.06,13.9,132060
2020-03-26 07:00:00,13.9,13.9,13.21,13.21,114630
2020-03-27 07:00:00,13.21,13.42,12.72,12.74,129450
2020-03-30 07:00:00,12.74,12.74,11.86,12.74,154740
2020-03-31 07:00:00,12.27,13.48,11.97,12.84,74830
2020-04-01 07:00:00,12.84,13.27,12.12,13.04,14150
2020-04-03 07:00:00,13.04,13.42,13.04,13.42,36730
2020-04-06 07:00:00,13.48,14.22,13.48,14.22,76050
2020-04-07 07:00:00,14.39,14.39,13.93,14.36,58660
2020-04-08 07:00:00,14.36,14.6,14.09,14.54,41450
2020-04-09 07:00:00,14.54,14.96,14.54,14.78,36600
2020-04-10 07:00:00,14.78,14.84,14.54,14.78,56600
2020-04-13 07:00:00,14.84,15.45,14.84,15.3,103910
2020-04-14 07:00:00,15.3,15.3,14.93,15.3,63770
2020-04-15 07:00:00,15.3,15.45,15.21,15.36,29770
2020-04-16 07:00:00,15.33,15.45,15.15,15.39,49520
2020-04-17 07:00:00,15.66,16.33,15.45,16.24,72160
2020-04-20 07:00:00,16.66,17.27,16.66,16.66,164070
2020-04-21 07:00:00,16.66,16.69,15.75,16.06,67150
2020-04-22 07:00:00,16.21,16.21,15.75,16.06,46020
2020-04-23 07:00:00,16.33,16.63,16.24,16.3,23230
2020-04-24 07:00:00,16.3,16.36,16.12,16.21,24340
2020-04-27 07:00:00,16.06,16.36,16.06,16.06,26420
2020-04-28 07:00:00,16.42,16.42,16.09,16.24,15710
2020-04-29 07:00:00,16.21,16.48,16.21,16.21,22050
2020-05-04 07:00:00,16.21,16.21,15.63,15.78,21280
2020-05-05 07:00:00,15.9,16.06,15.9,15.9,25010
2020-05-06 07:00:00,15.9,16.06,15.78,15.99,16990
2020-05-07 07:00:00,15.81,16.15,15.81,16.06,32880
2020-05-08 07:00:00,16.18,16.18,15.93,16.06,36410
2020-05-11 07:00:00,16.36,16.66,16.06,16.36,100540
2020-05-12 07:00:00,16.63,16.63,16.33,16.39,18360
2020-05-13 07:00:00,16.36,16.51,16.3,16.42,18770
2020-05-14 07:00:00,16.63,17.02,16.57,16.99,120200
2020-05-15 07:00:00,16.99,17.27,16.96,16.96,95100
2020-05-18 07:00:00,16.96,16.96,16.66,16.9,43020
2020-05-19 07:00:00,16.96,16.96,16.36,16.36,43860
2020-05-20 07:00:00,16.66,16.66,16.24,16.36,18810
2020-05-21 07:00:00,16.57,16.57,16.21,16.21,62930
2020-05-22 07:00:00,16.06,16.27,16.02,16.02,70410
2020-05-25 07:00:00,16.09,16.36,16.09,16.33,8090
2020-05-26 07:00:00,16.57,16.57,16.12,16.36,42510
2020-05-27 07:00:00,16.63,16.63,16.15,16.18,88690
2020-05-28 07:00:00,16.51,16.51,16.12,16.36,18290
2020-05-29 07:00:00,16.48,16.48,16.36,16.42,21260
2020-06-01 07:00:00,16.6,17.27,16.54,16.99,136070
2020-06-02 07:00:00,17.21,18.02,17.21,17.42,146890
2020-06-03 07:00:00,17.57,18.15,17.42,18.12,115670
2020-06-04 07:00:00,18.18,18.75,18.02,18.27,118380
2020-06-05 07:00:00,18.21,18.21,17.27,18.15,93910
2020-06-08 07:00:00,18.15,18.15,17.72,17.81,91910
2020-06-09 07:00:00,17.81,18.02,17.48,17.72,61940
2020-06-10 07:00:00,17.81,17.87,17.45,17.69,18730
2020-06-11 07:00:00,17.69,17.69,17.02,17.02,66480
2020-06-12 07:00:00,16.06,17.27,16.06,16.78,91180
2020-06-15 07:00:00,16.78,17.3,16.39,16.66,37190
2020-06-16 07:00:00,16.96,17.12,16.69,16.96,9080
2020-06-17 07:00:00,16.81,16.96,16.78,16.96,14260
2020-06-18 07:00:00,16.66,16.9,16.54,16.81,8020
2020-06-19 07:00:00,16.96,16.96,16.72,16.81,22250
2020-06-22 07:00:00,16.78,17.12,16.78,17.05,11850
2020-06-23 07:00:00,17.05,17.57,16.81,17.57,40610
2020-06-24 07:00:00,17.87,17.87,17.48,17.78,77240
2020-06-25 07:00:00,17.72,17.78,17.57,17.57,57070
2020-06-26 07:00:00,17.72,17.81,17.42,17.57,14340
2020-06-29 07:00:00,17.57,17.57,16.96,17.15,32220
2020-06-30 07:00:00,17.15,17.18,16.96,17.12,33170
2020-07-01 07:00:00,17.12,17.42,16.96,17.27,21590
2020-07-02 07:00:00,17.51,17.57,17.3,17.54,34000
2020-07-03 07:00:00,17.75,17.81,17.51,17.81,42440
2020-07-06 07:00:00,17.81,17.84,17.69,17.69,33890
2020-07-07 07:00:00,17.81,17.81,17.57,17.57,67780
2020-07-08 07:00:00,17.57,17.72,17.57,17.57,38020
2020-07-09 07:00:00,17.66,17.69,17.57,17.69,60090
2020-07-10 07:00:00,17.6,17.81,17.6,17.72,91490
2020-07-13 07:00:00,17.72,17.99,17.57,17.93,164500
2020-07-14 07:00:00,18.81,18.81,18.41,18.53,156750
2020-07-15 07:00:00,18.53,18.77,18.53,18.57,46760
2020-07-16 07:00:00,18.61,18.61,17.29,18.21,73390
2020-07-17 07:00:00,18.21,18.65,17.77,18.21,129400
2020-07-20 07:00:00,18.65,18.65,18.31,18.41,71490
2020-07-21 07:00:00,18.49,18.49,18.33,18.41,34800
2020-07-22 07:00:00,18.41,18.41,18.01,18.05,39780
2020-07-23 07:00:00,18.05,18.33,17.81,18.01,33970
2020-07-24 07:00:00,18.05,18.05,16.81,17.01,141700
2020-07-27 07:00:00,16.65,17.01,15.85,15.87,90560
2020-07-28 07:00:00,15.89,16.97,15.89,16.97,70740
2020-07-29 07:00:00,17.21,17.23,16.01,16.69,44340
2020-07-30 07:00:00,16.45,17.21,16.45,16.81,22290
2020-07-31 07:00:00,17.21,17.37,16.83,17.29,87940
2020-08-03 07:00:00,17.61,17.61,17.29,17.59,100200
2020-08-04 07:00:00,17.77,18.01,17.61,17.81,36450
2020-08-05 07:00:00,17.81,17.97,17.49,17.69,68860
2020-08-06 07:00:00,17.85,17.85,17.49,17.61,84320
2020-08-07 07:00:00,17.61,17.63,17.47,17.59,40730
2020-08-10 07:00:00,17.61,17.71,17.51,17.57,58970
2020-08-11 07:00:00,17.57,17.61,17.51,17.57,59010
2020-08-12 07:00:00,17.61,17.61,17.45,17.45,46360
2020-08-13 07:00:00,17.45,17.55,17.39,17.53,85540
2020-08-14 07:00:00,17.57,18.35,17.45,18.13,302650
2020-08-17 07:00:00,18.17,18.69,17.89,18.59,169720
2020-08-18 07:00:00,18.59,18.81,18.41,18.59,164510
2020-08-19 07:00:00,18.57,18.73,18.29,18.61,132670
2020-08-20 07:00:00,18.45,18.57,18.25,18.37,136740
2020-08-21 07:00:00,18.29,19.61,18.29,19.09,348630
2020-08-24 07:00:00,19.09,19.49,19.09,19.33,138140
2020-08-25 07:00:00,19.33,19.41,19.13,19.27,123700
2020-08-26 07:00:00,19.27,19.81,19.13,19.25,157570
2020-08-27 07:00:00,19.25,19.41,19.09,19.25,103080
2020-08-28 07:00:00,19.33,19.53,19.25,19.37,139640
2020-08-31 07:00:00,19.37,19.37,18.83,18.95,163960
2020-09-01 07:00:00,18.89,19.01,18.77,18.91,61730
2020-09-03 07:00:00,19.01,19.01,18.85,18.91,68050
2020-09-04 07:00:00,18.65,19.01,18.65,18.91,107870
2020-09-07 07:00:00,18.93,19.13,18.93,19.01,79630
2020-09-08 07:00:00,19.09,19.21,18.89,19.21,68090
2020-09-09 07:00:00,19.09,19.13,18.97,19.07,64340
2020-09-10 07:00:00,19.21,19.21,19.03,19.07,57230
2020-09-11 07:00:00,18.89,19.07,18.89,19.05,51800
2020-09-14 07:00:00,19.05,19.41,18.97,19.27,153170
2020-09-15 07:00:00,19.27,19.99,19.27,19.81,370180
2020-09-16 07:00:00,19.81,19.81,19.61,19.77,71240
2020-09-17 07:00:00,19.75,20.21,19.61,19.77,148280
2020-09-18 07:00:00,19.97,19.97,19.67,19.67,125260
2020-09-21 07:00:00,19.93,19.93,19.65,19.65,121580
2020-09-22 07:00:00,19.65,19.69,19.27,19.43,162980
2020-09-23 07:00:00,19.43,19.57,19.27,19.37,94880
2020-09-24 07:00:00,19.37,19.39,19.27,19.27,69100
2020-09-25 07:00:00,19.27,19.29,19.05,19.21,133200
2020-09-28 07:00:00,19.21,19.41,19.17,19.29,75170
2020-09-29 07:00:00,19.35,19.35,19.13,19.13,71530
2020-09-30 07:00:00,19.13,19.21,19.01,19.21,52360
2020-10-01 07:00:00,19.31,19.37,19.13,19.23,74270
2020-10-02 07:00:00,19.23,19.23,18.97,19.15,93350
2020-10-05 07:00:00,19.33,19.33,19.09,19.15,40910
2020-10-06 07:00:00,19.25,19.25,19.09,19.21,52400
2020-10-07 07:00:00,19.21,19.21,19.05,19.09,58530
2020-10-08 07:00:00,19.09,19.19,19.05,19.09,60040
2020-10-09 07:00:00,19.17,19.17,19.01,19.01,37910
2020-10-12 07:00:00,19.01,19.09,18.93,18.93,40340
2020-10-13 07:00:00,18.89,19.33,18.89,19.13,102620
2020-10-14 07:00:00,19.17,19.21,18.99,19.05,53940
2020-10-15 07:00:00,19.17,19.17,18.89,19.01,51270
2020-10-16 07:00:00,19.09,19.09,18.69,18.93,101730
2020-10-19 07:00:00,18.81,19.01,18.81,18.85,49190
2020-10-20 07:00:00,18.85,18.89,18.57,18.69,74960
2020-10-21 07:00:00,18.71,18.91,18.61,18.71,41250
2020-10-22 07:00:00,18.71,18.71,18.53,18.57,21380
2020-10-23 07:00:00,18.65,18.69,18.45,18.65,48410
2020-10-26 07:00:00,18.81,18.81,18.49,18.67,34610
2020-10-27 07:00:00,18.65,18.69,18.49,18.67,32450
2020-10-28 07:00:00,18.65,18.97,18.53,18.53,46570
2020-10-29 07:00:00,18.75,19.81,18.45,19.61,448010
2020-10-30 07:00:00,19.97,19.97,19.21,19.65,150910
2020-11-02 07:00:00,19.65,19.93,19.65,19.83,206300
2020-11-03 07:00:00,19.81,19.91,19.73,19.81,125160
2020-11-04 07:00:00,19.65,19.85,19.61,19.79,168200
2020-11-05 07:00:00,19.81,19.81,19.59,19.63,97830
2020-11-06 07:00:00,19.63,20.34,19.63,20.21,209690
2020-11-09 07:00:00,20.34,21.14,20.21,21.02,289100
2020-11-10 07:00:00,21.18,21.34,21.1,21.22,143050
2020-11-11 07:00:00,21.18,21.62,21.06,21.34,239340
2020-11-12 07:00:00,21.46,21.46,20.7,20.9,298410
2020-11-13 07:00:00,20.9,21.34,20.74,21.02,91520
2020-11-16 07:00:00,20.98,21.02,20.05,20.26,157440
2020-11-17 07:00:00,20.34,20.66,20.34,20.66,47130
2020-11-18 07:00:00,20.94,20.94,20.34,20.7,134080
2020-11-19 07:00:00,20.78,20.82,20.5,20.82,27100
2020-11-20 07:00:00,20.94,20.94,20.62,20.82,83920
2020-11-23 07:00:00,20.82,20.98,20.62,20.74,41310
2020-11-24 07:00:00,20.9,20.9,20.58,20.58,64510
2020-11-25 07:00:00,20.82,21.98,20.62,21.98,366280
2020-11-26 07:00:00,22.22,22.42,21.66,21.94,70380
2020-11-27 07:00:00,22.22,22.38,21.98,22.1,53000
2020-11-30 07:00:00,22.02,22.02,21.54,21.54,65300
2020-12-01 07:00:00,20.94,21.62,20.94,21.54,91130
2020-12-02 07:00:00,22.14,22.7,21.66,22.46,163500
2020-12-03 07:00:00,22.5,22.62,22.02,22.22,74800
2020-12-04 07:00:00,22.22,22.38,22.02,22.18,63650
2020-12-07 07:00:00,22.1,22.34,22.1,22.22,50100
2020-12-08 07:00:00,22.22,22.22,21.82,22.02,65120
2020-12-09 07:00:00,22.02,22.18,21.86,22.02,87110
2020-12-10 07:00:00,22.02,22.02,21.7,21.94,77940
2020-12-11 07:00:00,21.94,22.38,21.74,22.38,121050
2020-12-14 07:00:00,22.62,22.9,22.26,22.74,163870
2020-12-15 07:00:00,22.78,22.86,22.5,22.5,60810
2020-12-16 07:00:00,22.5,22.82,22.5,22.58,61810
2020-12-17 07:00:00,22.58,22.78,22.18,22.38,60580
2020-12-18 07:00:00,22.26,22.42,22.26,22.34,53820
2020-12-21 07:00:00,22.34,22.54,22.22,22.26,77590
2020-12-22 07:00:00,22.38,22.38,22.1,22.26,96370
2020-12-23 07:00:00,22.38,22.78,22.14,22.42,81010
2020-12-24 07:00:00,22.74,22.74,21.86,22.18,34370
2020-12-25 07:00:00,22.18,22.58,22.1,22.5,37680
2020-12-28 07:00:00,22.26,22.62,22.22,22.22,97110
2020-12-29 07:00:00,22.46,22.46,22.18,22.3,62860
2020-12-30 07:00:00,22.42,22.42,22.22,22.34,48610
2020-12-31 07:00:00,22.42,22.62,22.34,22.54,85560
2021-01-04 07:00:00,22.62,23.62,22.62,23.22,149500
2021-01-05 07:00:00,23.34,23.34,23.14,23.14,51900
2021-01-06 07:00:00,23.38,23.38,23.14,23.22,60000
2021-01-07 07:00:00,23.34,23.34,23.02,23.18,42500
2021-01-08 07:00:00,23.18,23.34,23.18,23.18,45800
2021-01-11 07:00:00,23.18,23.38,23.02,23.22,42800
2021-01-12 07:00:00,23.42,24.02,23.34,23.82,74300
2021-01-13 07:00:00,23.94,23.94,23.42,23.46,35800
2021-01-14 07:00:00,23.46,23.5,22.5,23.5,98800
2021-01-15 07:00:00,23.5,23.62,23.26,23.3,19700
2021-01-18 07:00:00,23.54,23.54,23.02,23.02,59400
2021-01-19 07:00:00,23.02,23.06,21.66,22.02,63900
2021-01-20 07:00:00,22.02,22.38,21.82,22.1,53800
2021-01-21 07:00:00,22.82,22.82,22.02,22.34,44400
2021-01-22 07:00:00,22.7,22.82,22.38,22.66,41200
2021-01-25 07:00:00,22.82,23.06,22.26,23.02,38300
2021-01-26 07:00:00,23.42,23.82,22.42,23.42,119000
2021-01-27 07:00:00,23.22,23.5,22.7,22.7,27600
2021-01-28 07:00:00,22.54,22.54,21.14,21.14,128900
2021-01-29 07:00:00,20.5,22.58,20.5,22.54,37000
2021-02-01 07:00:00,22.02,22.58,21.7,21.7,28800
2021-02-02 07:00:00,21.94,21.98,21.46,21.74,12100
2021-02-03 07:00:00,21.78,22.22,21.74,21.94,28800
2021-02-04 07:00:00,22.7,22.7,21.62,22.3,20000
2021-02-05 07:00:00,22.66,22.66,22.18,22.42,5400
2021-02-08 07:00:00,22.78,22.78,22.14,22.14,12200
2021-02-09 07:00:00,22.18,22.42,21.42,22.42,32000
2021-02-17 07:00:00,22.78,22.82,22.22,22.7,61400
2021-02-18 07:00:00,23.46,24.26,23.02,24.26,290000
2021-02-19 07:00:00,25.82,25.94,25.22,25.58,140900
2021-02-22 07:00:00,25.58,25.58,25.14,25.22,97200
2021-02-23 07:00:00,25.22,25.22,24.42,24.7,94700
2021-02-24 07:00:00,24.7,25.02,24.46,24.58,87600
2021-02-25 07:00:00,24.58,25.34,24.58,25.22,96300
2021-02-26 07:00:00,25.14,26.02,24.54,25.46,64400
2021-03-01 07:00:00,25.62,25.62,25.34,25.54,68900
2021-03-02 07:00:00,25.62,25.7,25.02,25.02,81100
2021-03-03 07:00:00,25.22,25.54,25.06,25.42,76700
2021-03-04 07:00:00,25.7,25.7,25.22,25.22,50000
2021-03-05 07:00:00,25.02,25.7,25.02,25.5,75200
2021-03-08 07:00:00,26.18,26.82,25.54,26.42,129300
2021-03-09 07:00:00,26.42,26.82,26.06,26.22,39800
2021-03-10 07:00:00,26.26,26.82,26.02,26.82,67400
2021-03-11 07:00:00,26.9,28.02,26.82,28.02,69800
2021-03-12 07:00:00,28.02,28.02,27.22,27.82,64700
2021-03-15 07:00:00,27.94,29.54,27.94,29.5,201200
2021-03-16 07:00:00,29.5,29.5,28.46,28.86,44300
2021-03-17 07:00:00,29.02,29.06,28.46,29.02,114700
2021-03-18 07:00:00,29.18,29.22,28.82,29.02,54800
2021-03-19 07:00:00,29.02,29.22,28.5,29.22,41400
2021-03-22 07:00:00,29.42,29.46,29.1,29.14,84200
2021-03-23 07:00:00,29.14,29.3,29.06,29.1,88800
2021-03-24 07:00:00,29.1,29.14,28.98,29.06,50500
2021-03-25 07:00:00,29.14,29.22,29.06,29.1,62800
2021-03-26 07:00:00,29.18,29.42,29.06,29.38,58100
2021-03-29 07:00:00,30.42,30.42,29.62,29.66,62500
2021-03-30 07:00:00,29.74,30.02,29.5,29.5,10000
2021-03-31 07:00:00,28.98,29.54,28.98,29.42,40400
2021-04-01 07:00:00,29.42,29.5,29.22,29.42,42800
2021-04-02 07:00:00,29.42,29.42,28.42,28.9,1045900
2021-04-05 07:00:00,29.02,29.7,28.9,29.62,29800
2021-04-06 07:00:00,29.66,29.66,29.02,29.22,30800
2021-04-07 07:00:00,29.54,29.54,28.94,29.22,58100
2021-04-08 07:00:00,29.58,29.58,28.94,29.06,52900
2021-04-09 07:00:00,29.06,29.3,29.06,29.06,107500
2021-04-12 07:00:00,29.18,29.82,28.78,29.1,112500
2021-04-13 07:00:00,29.1,29.1,28.78,28.82,41800
2021-04-14 07:00:00,28.98,28.98,28.78,28.82,38100
2021-04-15 07:00:00,29.02,29.02,28.78,28.82,20500
2021-04-16 07:00:00,28.82,28.94,28.02,28.42,32000
2021-04-19 07:00:00,28.78,29.22,28.5,28.82,19700
2021-04-20 07:00:00,28.02,29.02,28.02,29.02,86700
2021-04-22 07:00:00,28.82,29.02,28.06,28.42,85700
2021-04-23 07:00:00,28.42,28.82,28.42,28.46,58000
2021-04-26 07:00:00,28.46,28.82,28.42,28.54,27100
2021-04-27 07:00:00,28.82,29.1,28.62,28.82,245800
2021-04-28 07:00:00,29.22,29.22,28.82,29.02,75100
2021-04-29 07:00:00,29.18,29.18,28.82,29.06,65400
2021-05-04 07:00:00,28.02,29.06,28.02,29.02,103100
2021-05-05 07:00:00,29.18,29.18,28.86,29.02,57300
2021-05-06 07:00:00,29.02,29.06,29.02,29.06,62100
2021-05-07 07:00:00,28.86,29.02,28.86,29.02,17400
2021-05-10 07:00:00,29.02,29.06,29.02,29.06,38000
2021-05-11 07:00:00,29.1,29.1,29.02,29.02,37500
2021-05-12 07:00:00,29.06,29.42,29.06,29.22,32900
2021-05-13 07:00:00,28.82,29.42,28.82,29.22,23300
2021-05-14 07:00:00,29.22,29.22,28.86,29.14,17500
2021-05-17 07:00:00,29.14,29.22,29.02,29.1,12800
2021-05-18 07:00:00,29.18,29.18,28.42,28.42,59100
2021-05-19 07:00:00,29.02,29.06,28.42,28.82,41700
2021-05-20 07:00:00,28.62,28.82,28.46,28.46,61600
2021-05-21 07:00:00,29.02,29.06,28.82,29.02,71100
2021-05-24 07:00:00,29.02,29.06,28.9,29.02,37000
2021-05-25 07:00:00,29.02,29.18,29.02,29.02,64000
2021-05-26 07:00:00,29.02,29.1,28.98,29.06,46900
2021-05-27 07:00:00,29.06,29.14,28.86,29.02,43300
2021-05-28 07:00:00,28.86,29.1,28.82,29.1,28600
2021-05-31 07:00:00,29.1,29.18,29.1,29.1,21700
2021-06-01 07:00:00,29.02,29.1,29.02,29.1,30300
2021-06-02 07:00:00,28.98,29.34,28.98,29.34,31400
2021-06-03 07:00:00,29.38,29.5,29.14,29.42,45800
2021-06-04 07:00:00,29.42,30.62,29.42,30.22,5500
2021-06-07 07:00:00,30.34,30.66,30.22,30.22,17200
2021-06-08 07:00:00,30.62,30.62,30.22,30.22,23900
2021-06-09 07:00:00,29.74,30.42,29.74,30.42,25300
2021-06-10 07:00:00,30.38,30.38,29.42,29.42,48600
2021-06-11 07:00:00,29.62,30.42,29.62,30.42,34200
2021-06-14 07:00:00,30.46,30.46,30.42,30.42,19700
2021-06-15 07:00:00,30.46,30.74,30.42,30.74,42500
2021-06-16 07:00:00,31.02,32.62,31.02,32.02,31800
2021-06-17 07:00:00,32.42,32.82,32.02,32.5,20700
2021-06-18 07:00:00,32.5,32.5,31.82,32.1,18700
2021-06-21 07:00:00,30.94,32.02,30.94,32.02,32600
2021-06-22 07:00:00,31.62,32.06,31.22,32.02,33700
2021-06-23 07:00:00,33.04,33.04,31.82,32.23,43500
2021-06-24 07:00:00,32.59,32.84,32.23,32.84,32900
2021-06-25 07:00:00,31.82,32.84,31.82,32.84,7600
2021-06-28 07:00:00,32.23,32.43,31.82,32.43,8700
2021-06-29 07:00:00,32.47,32.47,31.82,32.39,3000
2021-06-30 07:00:00,32.59,32.59,31.82,32.55,14100
2021-07-01 07:00:00,32.55,32.55,32.43,32.43,5100
2021-07-02 07:00:00,31.82,31.82,30.19,31.21,9400
2021-07-05 07:00:00,31.21,31.21,29.58,29.58,40900
2021-07-06 07:00:00,29.37,31.21,29.37,30.6,13100
2021-07-07 07:00:00,30.56,30.6,30.51,30.51,13400
2021-07-08 07:00:00,30.51,30.56,30.51,30.51,8700
2021-07-09 07:00:00,30.92,30.92,30.51,30.51,8300
2021-07-12 07:00:00,30.51,30.51,28.64,28.64,12500
2021-07-13 07:00:00,29.78,29.78,28.68,28.72,6600
2021-07-14 07:00:00,28.72,29.78,28.72,29.78,1600
2021-07-15 07:00:00,29.74,29.78,29.7,29.78,2800
2021-07-16 07:00:00,31.0,31.0,29.37,29.54,5300
2021-07-19 07:00:00,30.6,30.6,29.98,29.98,7700
2021-07-20 07:00:00,29.17,29.74,28.56,29.74,3800
2021-07-21 07:00:00,29.74,29.74,29.74,29.74,2700
2021-07-22 07:00:00,29.62,29.62,28.76,29.21,8100
2021-07-23 07:00:00,28.96,29.54,28.96,29.0,1700
2021-07-26 07:00:00,29.0,29.54,28.96,29.54,1300
2021-07-27 07:00:00,29.54,29.54,29.37,29.37,1500
2021-07-28 07:00:00,29.37,29.37,29.37,29.37,2300
2021-07-29 07:00:00,29.37,29.37,28.96,29.37,7700
2021-07-30 07:00:00,29.54,29.58,29.17,29.58,7300
2021-08-02 07:00:00,29.49,29.49,28.96,28.96,8000
2021-08-03 07:00:00,28.96,29.0,28.96,29.0,10700
2021-08-04 07:00:00,29.0,29.37,28.96,29.25,4500
2021-08-05 07:00:00,28.96,29.05,28.96,29.0,11500
2021-08-06 07:00:00,29.0,29.37,28.92,28.92,7400
2021-08-09 07:00:00,28.92,29.17,28.88,29.13,5700
2021-08-10 07:00:00,29.13,29.13,28.56,28.76,15200
2021-08-11 07:00:00,28.76,28.96,28.76,28.76,4100
2021-08-12 07:00:00,28.96,29.13,28.43,28.43,14800
2021-08-13 07:00:00,28.6,28.76,27.78,28.03,13100
2021-08-16 07:00:00,28.56,29.13,28.19,28.23,20900
2021-08-17 07:00:00,29.37,29.37,28.27,28.35,18800
2021-08-18 07:00:00,28.76,28.92,28.56,28.8,4000
2021-08-19 07:00:00,28.96,29.37,28.8,28.8,21000
2021-08-20 07:00:00,28.8,28.96,28.03,28.19,23300
2021-08-23 07:00:00,29.54,29.54,28.19,28.19,11200
2021-08-24 07:00:00,28.19,28.92,27.78,27.78,16600
2021-08-25 07:00:00,28.15,28.56,27.78,27.82,12200
2021-08-26 07:00:00,27.82,28.07,27.82,27.99,6700
2021-08-27 07:00:00,28.43,29.9,27.99,29.9,97700
2021-08-30 07:00:00,31.9,31.9,30.27,31.41,68800
2021-08-31 07:00:00,31.78,31.78,30.19,30.23,29800
2021-09-01 07:00:00,29.78,30.19,29.58,29.62,28200
2021-09-06 07:00:00,29.58,29.58,28.39,28.64,57700
2021-09-07 07:00:00,29.0,29.37,28.35,28.88,32400
2021-09-08 07:00:00,29.13,29.13,28.8,28.8,6800
2021-09-09 07:00:00,28.76,29.17,28.76,29.17,20900
2021-09-10 07:00:00,29.17,29.17,28.8,28.84,18400
2021-09-13 07:00:00,28.76,28.96,28.56,28.76,18700
2021-09-14 07:00:00,28.27,28.92,28.27,28.64,13000
2021-09-15 07:00:00,28.64,29.17,28.64,28.88,25300
2021-09-16 07:00:00,29.17,29.37,28.88,29.21,17500
2021-09-17 07:00:00,29.25,29.45,29.25,29.45,12500
2021-09-20 07:00:00,29.49,30.19,29.37,29.37,18800
2021-09-21 07:00:00,29.21,29.45,29.21,29.41,12900
2021-09-22 07:00:00,29.45,29.78,29.45,29.49,8400
2021-09-23 07:00:00,29.49,29.78,29.45,29.49,11400
2021-09-24 07:00:00,29.41,29.54,29.41,29.54,4800
2021-09-27 07:00:00,29.54,30.19,29.54,29.78,25600
2021-09-28 07:00:00,29.78,29.78,29.78,29.78,13100
2021-09-29 07:00:00,29.78,30.15,29.74,29.74,9000
2021-09-30 07:00:00,29.78,29.78,29.7,29.78,15600
2021-10-01 07:00:00,29.66,29.98,29.66,29.78,3700
2021-10-04 07:00:00,29.7,29.78,29.58,29.78,10200
2021-10-05 07:00:00,29.78,29.78,29.58,29.62,24900
2021-10-06 07:00:00,29.78,30.19,29.66,29.98,16300
2021-10-07 07:00:00,29.86,29.98,29.86,29.98,8900
2021-10-08 07:00:00,29.98,30.19,29.86,30.19,12300
2021-10-11 07:00:00,30.11,30.19,30.11,30.19,5300
2021-10-12 07:00:00,30.15,30.19,29.58,30.19,36200
2021-10-13 07:00:00,30.19,30.19,29.78,30.19,25400
2021-10-14 07:00:00,29.62,30.19,29.62,29.62,19500
2021-10-15 07:00:00,30.47,30.47,29.7,29.86,12200
2021-10-18 07:00:00,29.98,30.56,29.98,30.56,30300
2021-10-19 07:00:00,30.31,30.72,30.31,30.6,24000
2021-10-20 07:00:00,30.56,30.6,30.31,30.43,8500
2021-10-21 07:00:00,30.43,30.43,30.27,30.43,10100
2021-10-22 07:00:00,30.27,30.27,30.15,30.15,4600
2021-10-25 07:00:00,29.86,29.9,29.86,29.9,2700
2021-10-26 07:00:00,29.82,29.9,29.78,29.9,4100
2021-10-27 07:00:00,29.7,30.19,29.7,29.98,4300
2021-10-28 07:00:00,29.98,30.39,29.82,29.86,2000
2021-10-29 07:00:00,29.94,30.15,29.94,30.11,4300
2021-11-01 07:00:00,30.11,30.6,30.11,30.19,6500
2021-11-02 07:00:00,30.56,30.96,30.43,30.96,31000
2021-11-03 07:00:00,30.96,30.96,30.6,30.6,6700
2021-11-04 07:00:00,30.6,30.6,30.39,30.6,29700
2021-11-05 07:00:00,30.6,30.8,30.6,30.76,17900
2021-11-08 07:00:00,30.8,30.84,30.43,30.72,32700
2021-11-09 07:00:00,30.64,30.72,30.43,30.72,13900
2021-11-10 07:00:00,30.76,30.76,30.68,30.72,6100
2021-11-11 07:00:00,30.76,30.76,30.64,30.72,8100
2021-11-12 07:00:00,30.64,30.72,30.19,30.19,10500
2021-11-15 07:00:00,30.19,30.19,30.02,30.11,10200
2021-11-16 07:00:00,30.19,30.6,30.19,30.6,5400
2021-11-17 07:00:00,30.8,30.8,30.39,30.6,6100
2021-11-18 07:00:00,30.11,30.56,30.11,30.56,5100
2021-11-19 07:00:00,30.02,30.56,30.02,30.56,300
2021-11-22 07:00:00,30.02,30.56,29.98,30.19,2300
2021-11-23 07:00:00,29.58,30.19,28.56,29.62,4000
2021-11-24 07:00:00,30.27,30.31,30.02,30.19,17600
2021-11-25 07:00:00,30.23,30.51,30.23,30.27,31900
2021-11-26 07:00:00,30.39,30.39,29.58,29.58,21800
2021-11-29 07:00:00,29.62,29.78,29.62,29.78,500
2021-11-30 07:00:00,30.68,30.68,29.82,29.82,1600
2021-12-01 07:00:00,30.15,30.19,29.62,29.62,27000
2021-12-02 07:00:00,30.07,30.8,30.07,30.23,8900
2021-12-03 07:00:00,30.6,30.84,30.6,30.64,37000
2021-12-06 07:00:00,30.64,31.21,30.6,31.04,26000
2021-12-07 07:00:00,31.58,31.58,31.09,31.41,5300
2021-12-08 07:00:00,31.37,31.41,31.09,31.41,3300
2021-12-09 07:00:00,31.41,31.41,31.09,31.09,10400
2021-12-10 07:00:00,31.13,31.21,31.09,31.21,11700
2021-12-13 07:00:00,30.43,31.94,30.43,31.62,13500
2021-12-14 07:00:00,31.62,31.62,31.21,31.62,1400
2021-12-15 07:00:00,31.82,31.94,31.66,31.66,4600
2021-12-16 07:00:00,31.7,31.78,31.66,31.66,1600
2021-12-17 07:00:00,31.66,31.7,30.88,31.7,2500
2021-12-20 07:00:00,31.04,31.04,30.6,30.68,12400
2021-12-21 07:00:00,31.82,31.82,30.8,30.88,1600
2021-12-22 07:00:00,30.88,31.82,30.88,31.41,9100
2021-12-23 07:00:00,31.78,31.78,31.04,31.62,3900
2021-12-24 07:00:00,30.96,31.04,30.96,31.04,600
2021-12-27 07:00:00,31.21,31.21,31.04,31.09,5400
2021-12-28 07:00:00,31.0,31.0,31.0,31.0,6400
2021-12-29 07:00:00,31.0,31.41,31.0,31.04,6200
2021-12-30 07:00:00,31.78,31.78,31.0,31.41,1800
2021-12-31 07:00:00,31.37,31.74,31.37,31.74,10300
2022-01-04 07:00:00,31.66,31.66,31.04,31.04,700
2022-01-05 07:00:00,31.04,31.29,31.04,31.13,6400
2022-01-06 07:00:00,31.13,31.13,31.13,31.13,2600
2022-01-07 07:00:00,31.0,31.09,31.0,31.04,7200
2022-01-10 07:00:00,31.09,31.17,31.09,31.09,5700
2022-01-11 07:00:00,31.09,31.37,31.09,31.37,8400
2022-01-12 07:00:00,31.37,31.37,31.0,31.0,34000
2022-01-13 07:00:00,31.82,31.82,31.04,31.13,13300
2022-01-14 07:00:00,31.09,31.25,31.09,31.25,2500
2022-01-17 07:00:00,31.29,31.29,31.09,31.13,2900
2022-01-18 07:00:00,31.25,31.45,31.25,31.41,20600
2022-01-19 07:00:00,31.62,31.62,31.25,31.25,2400
2022-01-21 07:00:00,31.41,31.41,31.41,31.41,4000
2022-01-24 07:00:00,31.21,31.41,31.21,31.21,14700
2022-01-25 07:00:00,31.41,31.41,31.41,31.41,5500
2022-01-26 07:00:00,31.41,31.41,31.29,31.29,1100
2022-01-27 07:00:00,31.29,31.58,31.29,31.58,400
2022-01-28 07:00:00,31.25,31.82,31.21,31.41,8600
2022-02-07 07:00:00,31.82,32.55,31.41,32.55,8400
2022-02-08 07:00:00,31.82,32.59,31.62,32.06,5700
2022-02-09 07:00:00,32.06,33.41,31.66,33.41,61800
2022-02-10 07:00:00,31.82,35.25,31.82,35.25,87600
2022-02-11 07:00:00,35.21,35.25,32.8,32.8,14300
2022-02-14 07:00:00,34.23,34.23,32.27,32.27,1500
2022-02-15 07:00:00,34.51,34.51,32.23,34.23,41900
2022-02-16 07:00:00,34.15,34.15,33.45,33.45,900
2022-02-17 07:00:00,32.23,32.84,32.23,32.8,5300
2022-02-18 07:00:00,33.45,33.45,32.47,33.45,300
2022-02-21 07:00:00,33.45,33.45,32.31,32.39,19300
2022-02-22 07:00:00,33.04,33.04,32.43,32.43,6300
2022-02-23 07:00:00,32.43,32.84,32.43,32.59,4500
2022-02-24 07:00:00,32.59,33.0,32.43,32.43,1000
2022-02-25 07:00:00,31.13,33.04,31.13,32.55,1000
2022-02-28 07:00:00,31.82,32.64,31.82,32.02,7500
2022-03-01 07:00:00,32.23,33.45,31.94,33.25,6100
2022-03-02 07:00:00,31.78,33.13,31.78,32.15,800
2022-03-03 07:00:00,32.15,32.15,32.15,32.15,600
2022-03-04 07:00:00,32.64,32.64,31.94,32.02,4000
2022-03-07 07:00:00,31.94,31.94,31.94,31.94,600
2022-03-08 07:00:00,31.94,32.51,31.94,31.94,6800
2022-03-09 07:00:00,31.7,31.7,30.19,31.53,12400
2022-03-10 07:00:00,31.82,31.82,31.62,31.62,7200
2022-03-11 07:00:00,31.45,31.45,30.8,31.0,25200
2022-03-14 07:00:00,30.76,30.76,30.19,30.6,9400
2022-03-15 07:00:00,30.6,31.37,30.6,30.6,1400
2022-03-16 07:00:00,30.6,30.6,30.6,30.6,8400
2022-03-17 07:00:00,30.51,30.56,30.51,30.56,1700
2022-03-18 07:00:00,29.78,30.6,29.78,30.56,900
2022-03-21 07:00:00,30.56,31.0,30.56,30.6,2300
2022-03-22 07:00:00,30.6,30.6,30.39,30.56,6800
2022-03-23 07:00:00,31.0,31.0,30.23,30.31,5100
2022-03-24 07:00:00,30.51,30.56,30.51,30.56,500
2022-03-25 07:00:00,30.56,30.56,30.43,30.43,2800
2022-03-28 07:00:00,30.43,30.51,30.43,30.43,2400
2022-03-29 07:00:00,30.6,30.8,30.56,30.56,8000
2022-03-30 07:00:00,30.6,30.72,30.6,30.6,12000
2022-03-31 07:00:00,30.64,30.64,30.6,30.6,10100
2022-04-01 07:00:00,30.64,30.64,30.64,30.64,1500
2022-04-04 07:00:00,30.64,30.88,30.6,30.88,11000
2022-04-05 07:00:00,30.88,31.04,30.64,30.8,10400
2022-04-06 07:00:00,30.68,31.29,30.68,31.25,700
2022-04-07 07:00:00,31.25,31.25,30.6,30.6,9300
2022-04-08 07:00:00,30.6,30.6,30.27,30.51,1200
2022-04-12 07:00:00,30.19,30.23,30.19,30.19,12600
2022-04-13 07:00:00,30.23,30.39,30.19,30.39,5600
2022-04-14 07:00:00,30.39,30.39,30.35,30.35,400
2022-04-15 07:00:00,29.98,30.31,29.98,30.31,4300
2022-04-18 07:00:00,30.31,30.31,30.19,30.19,4700
2022-04-19 07:00:00,30.19,30.19,29.98,29.98,13100
2022-04-20 07:00:00,30.31,31.21,29.98,29.98,14700
2022-04-21 07:00:00,29.94,29.94,29.78,29.86,9700
2022-04-22 07:00:00,29.86,30.56,29.82,30.56,6100
2022-04-25 07:00:00,30.56,30.56,29.86,30.51,3800
2022-04-26 07:00:00,29.66,30.43,29.66,30.43,700
2022-04-27 07:00:00,29.62,30.39,29.58,30.39,600
2022-04-28 07:00:00,29.7,30.19,29.66,30.19,500
2022-04-29 07:00:00,30.15,30.15,29.78,30.15,700
2022-05-04 07:00:00,30.15,30.15,28.07,29.37,50700
2022-05-05 07:00:00,29.25,29.25,28.76,28.76,5100
2022-05-06 07:00:00,27.01,29.37,27.01,29.21,1700
2022-05-09 07:00:00,28.56,28.56,27.99,27.99,9700
2022-05-10 07:00:00,28.03,28.03,26.92,27.33,23600
2022-05-11 07:00:00,27.78,27.82,27.33,27.33,1900
2022-05-12 07:00:00,27.41,27.41,27.13,27.17,9300
2022-05-13 07:00:00,27.13,27.33,25.37,25.42,19800
2022-05-16 07:00:00,25.46,25.46,25.42,25.42,4400
2022-05-17 07:00:00,25.42,26.92,24.11,26.92,2100
2022-05-18 07:00:00,26.52,26.76,26.52,26.72,5100
2022-05-19 07:00:00,26.72,27.17,26.19,27.09,2100
2022-05-20 07:00:00,27.09,27.09,27.09,27.09,100
2022-05-23 07:00:00,27.01,27.09,26.97,26.97,2300
2022-05-24 07:00:00,27.41,27.45,27.41,27.41,1000
2022-05-25 07:00:00,27.96,27.96,27.58,27.96,1900
2022-05-26 07:00:00,27.96,27.96,27.96,27.96,1000
2022-05-27 07:00:00,27.96,29.12,27.96,29.08,400
2022-05-30 07:00:00,28.79,28.79,27.96,27.96,1000
2022-05-31 07:00:00,27.96,28.33,27.96,28.33,300
2022-06-01 07:00:00,28.75,28.75,27.62,27.62,600
2022-06-02 07:00:00,27.62,29.08,27.62,27.62,1200
2022-06-03 07:00:00,27.54,27.54,27.54,27.54,100
2022-06-06 07:00:00,27.21,27.54,27.08,27.12,6900
2022-06-07 07:00:00,26.95,27.12,26.7,27.12,400
2022-06-08 07:00:00,28.17,28.17,26.7,28.17,300
2022-06-09 07:00:00,27.12,27.41,26.62,27.41,4500
2022-06-10 07:00:00,27.41,27.41,26.58,26.58,2000
2022-06-13 07:00:00,27.12,28.42,25.08,25.62,2200
2022-06-14 07:00:00,25.08,27.37,25.04,27.37,5800
2022-06-15 07:00:00,28.75,28.79,25.49,27.96,1100
2022-06-16 07:00:00,26.08,28.75,26.04,27.5,1800
2022-06-17 07:00:00,27.25,27.29,25.58,25.83,1900
2022-06-20 07:00:00,26.25,27.08,25.83,26.66,1400
2022-06-21 07:00:00,25.7,26.66,25.66,25.7,2700
2022-06-22 07:00:00,25.7,26.2,25.45,25.87,3500
2022-06-23 07:00:00,25.24,26.04,25.24,25.24,2400
2022-06-24 07:00:00,25.24,25.24,24.62,24.62,5500
2022-06-27 07:00:00,24.62,24.66,24.45,24.53,11300
2022-06-28 07:00:00,24.95,24.99,24.91,24.99,3900
2022-06-29 07:00:00,25.04,25.04,24.99,24.99,300
2022-06-30 07:00:00,25.37,25.37,24.2,24.83,9400
2022-07-01 07:00:00,23.87,25.24,23.78,24.79,8600
2022-07-04 07:00:00,24.79,25.2,24.62,24.62,1200
2022-07-05 07:00:00,24.24,24.62,24.2,24.62,2100
2022-07-06 07:00:00,25.04,25.04,24.62,24.66,6600
2022-07-07 07:00:00,24.62,24.66,24.62,24.62,1300
2022-07-08 07:00:00,24.62,24.66,24.62,24.66,5700
2022-07-11 07:00:00,24.62,24.83,24.62,24.83,1400
2022-07-12 07:00:00,24.83,25.04,24.83,25.04,1100
2022-07-13 07:00:00,25.04,25.24,25.04,25.24,3200
2022-07-14 07:00:00,25.08,25.87,25.08,25.87,18600
2022-07-15 07:00:00,27.12,27.12,27.04,27.04,1800
2022-07-18 07:00:00,25.91,27.54,25.91,27.54,2200
2022-07-19 07:00:00,27.54,27.54,27.54,27.54,200
2022-07-20 07:00:00,26.0,27.33,26.0,26.04,2100
2022-07-21 07:00:00,26.45,26.45,26.29,26.29,2100
2022-07-22 07:00:00,27.5,27.5,27.5,27.5,200
2022-07-25 07:00:00,26.5,26.5,26.5,26.5,200
2022-07-26 07:00:00,27.12,28.33,27.12,28.33,6700
2022-07-27 07:00:00,27.96,27.96,26.5,26.5,1100
2022-07-28 07:00:00,26.91,27.75,26.91,27.75,3400
2022-08-01 07:00:00,27.75,27.75,27.75,27.75,100
2022-08-02 07:00:00,26.29,26.7,26.29,26.7,1200
2022-08-03 07:00:00,26.7,27.04,26.7,27.04,900
2022-08-04 07:00:00,26.7,26.7,26.7,26.7,100
2022-08-08 07:00:00,25.54,25.54,25.49,25.49,300
2022-08-09 07:00:00,25.66,25.66,25.58,25.66,3000
2022-08-10 07:00:00,25.79,25.87,25.79,25.87,4500
2022-08-11 07:00:00,25.87,25.91,25.87,25.91,9100
2022-08-12 07:00:00,25.87,25.91,25.87,25.91,1500
2022-08-16 07:00:00,25.95,25.95,25.91,25.91,400
2022-08-17 07:00:00,25.95,26.45,25.91,26.45,5000
2022-08-18 07:00:00,26.25,26.25,26.2,26.2,1200
2022-08-22 07:00:00,27.46,27.46,26.2,27.08,1700
2022-08-23 07:00:00,25.58,26.83,25.58,26.83,4900
2022-08-24 07:00:00,26.79,26.79,26.7,26.7,500
2022-08-25 07:00:00,26.12,26.16,26.08,26.08,5100
2022-08-26 07:00:00,26.16,26.66,26.16,26.66,2400
2022-08-29 07:00:00,25.87,26.04,25.87,26.04,1900
2022-08-30 07:00:00,26.04,26.04,26.04,26.04,1000
2022-08-31 07:00:00,26.2,26.25,25.95,26.25,1400
2022-09-05 07:00:00,26.25,26.25,25.45,25.49,5600
2022-09-06 07:00:00,26.25,26.25,25.66,25.66,300
2022-09-07 07:00:00,26.25,26.25,25.66,25.66,700
2022-09-08 07:00:00,25.66,25.83,25.66,25.79,1300
2022-09-09 07:00:00,26.25,26.25,25.83,25.83,800
2022-09-12 07:00:00,25.87,26.25,25.87,26.25,4200
2022-09-13 07:00:00,26.29,26.5,26.29,26.5,11000
2022-09-14 07:00:00,26.66,26.7,26.29,26.29,300
2022-09-15 07:00:00,26.29,26.33,26.08,26.08,4900
2022-09-16 07:00:00,26.12,26.5,26.12,26.5,300
2022-09-19 07:00:00,26.5,26.5,25.45,25.45,3600
2022-09-20 07:00:00,25.87,26.33,25.87,26.29,3200
2022-09-21 07:00:00,26.29,26.29,26.08,26.08,1400
2022-09-22 07:00:00,25.87,25.87,25.66,25.87,3100
2022-09-23 07:00:00,25.87,25.87,25.83,25.83,2800
2022-09-26 07:00:00,25.83,25.87,25.66,25.66,5700
2022-09-27 07:00:00,25.66,25.7,25.66,25.66,10300
2022-09-28 07:00:00,25.66,26.58,25.66,26.58,19900
2022-09-29 07:00:00,26.33,26.37,25.87,25.87,400
2022-09-30 07:00:00,25.66,25.91,25.66,25.87,15100
2022-10-03 07:00:00,25.41,25.87,25.41,25.87,9000
2022-10-04 07:00:00,25.87,25.87,25.87,25.87,7500
2022-10-05 07:00:00,25.83,25.87,25.79,25.87,3800
2022-10-06 07:00:00,25.45,25.45,25.45,25.45,100
2022-10-10 07:00:00,25.87,25.87,25.24,25.24,400
2022-10-11 07:00:00,25.2,25.2,25.2,25.2,200
2022-10-12 07:00:00,25.16,25.2,24.83,25.04,900
2022-10-13 07:00:00,24.62,25.45,24.41,24.41,10000
2022-10-14 07:00:00,24.2,24.28,23.99,23.99,10200
2022-10-17 07:00:00,23.78,23.83,23.37,23.83,4700
2022-10-18 07:00:00,23.99,24.41,23.87,23.87,5100
2022-10-19 07:00:00,23.58,23.99,23.58,23.99,9200
2022-10-20 07:00:00,23.99,23.99,23.99,23.99,1800
2022-10-21 07:00:00,23.49,23.99,23.49,23.99,1900
2022-10-24 07:00:00,23.66,23.78,23.16,23.78,5500
2022-10-25 07:00:00,22.74,23.78,22.32,23.37,3800
2022-10-26 07:00:00,23.37,23.45,23.37,23.37,9300
2022-10-27 07:00:00,23.37,23.37,22.28,23.12,4400
2022-10-28 07:00:00,23.12,23.12,23.03,23.12,600
2022-10-31 07:00:00,23.12,23.12,22.2,22.2,3000
2022-11-01 07:00:00,22.11,22.11,22.11,22.11,5200
2022-11-02 07:00:00,22.11,22.57,22.11,22.57,3400
2022-11-03 07:00:00,22.41,22.53,22.11,22.53,6700
2022-11-04 07:00:00,21.7,21.7,21.49,21.49,9500
2022-11-07 07:00:00,21.7,21.7,21.28,21.28,1500
2022-11-08 07:00:00,20.45,20.86,20.45,20.45,3000
2022-11-09 07:00:00,20.45,20.45,20.45,20.45,9100
2022-11-10 07:00:00,20.03,20.45,19.4,19.4,6100
2022-11-11 07:00:00,18.78,20.24,18.78,19.61,8600
2022-11-14 07:00:00,18.4,19.65,18.4,19.28,7700
2022-11-15 07:00:00,19.59,19.99,19.4,19.4,13100
2022-11-16 07:00:00,18.15,20.24,18.15,20.24,10800
2022-11-17 07:00:00,20.24,21.61,20.24,21.61,26400
2022-11-18 07:00:00,22.37,22.37,21.32,22.11,2600
2022-11-21 07:00:00,22.11,22.74,21.91,21.95,14000
2022-11-22 07:00:00,21.28,21.28,21.07,21.07,2000
2022-11-23 07:00:00,20.86,22.11,20.86,22.11,2100
2022-11-24 07:00:00,22.53,22.53,21.49,22.41,700
2022-11-25 07:00:00,22.11,22.11,22.11,22.11,1500
2022-11-28 07:00:00,22.11,23.16,22.11,23.16,15500
2022-11-29 07:00:00,22.11,23.78,22.11,23.78,8200
2022-11-30 07:00:00,23.74,24.83,23.7,24.83,9300
2022-12-01 07:00:00,25.41,25.41,23.78,25.04,1800
2022-12-02 07:00:00,24.62,26.08,23.41,26.08,13200
2022-12-05 07:00:00,26.08,26.91,26.08,26.91,4100
2022-12-06 07:00:00,26.7,28.58,25.04,26.95,50100
2022-12-07 07:00:00,26.87,26.87,25.45,26.87,300
2022-12-08 07:00:00,26.0,26.87,26.0,26.87,900
2022-12-09 07:00:00,25.45,26.5,25.45,26.5,1400
2022-12-12 07:00:00,25.04,26.08,25.04,26.08,600
2022-12-13 07:00:00,26.2,26.2,26.2,26.2,100
2022-12-14 07:00:00,25.04,26.08,25.04,26.08,2300
2022-12-15 07:00:00,26.04,26.12,25.87,26.12,5500
2022-12-16 07:00:00,25.04,26.08,25.04,26.04,300
2022-12-19 07:00:00,25.74,25.74,25.74,25.74,200
2022-12-20 07:00:00,25.04,26.5,24.83,26.29,6400
2022-12-21 07:00:00,26.08,26.08,26.04,26.04,500
2022-12-22 07:00:00,25.04,25.04,25.04,25.04,1400
2022-12-23 07:00:00,23.53,25.04,23.45,24.62,5700
2022-12-27 07:00:00,24.99,24.99,24.99,24.99,100
2022-12-29 07:00:00,23.99,25.04,23.99,25.04,2100
2022-12-30 07:00:00,25.04,26.29,25.04,25.12,4100
2023-01-04 07:00:00,23.99,25.12,23.78,25.12,15700
2023-01-05 07:00:00,23.78,25.08,23.78,23.78,10300
2023-01-06 07:00:00,24.83,24.83,23.78,23.78,11500
2023-01-09 07:00:00,23.78,23.78,23.53,23.53,4700
2023-01-10 07:00:00,23.53,23.53,23.53,23.53,400
2023-01-11 07:00:00,23.66,23.66,23.2,23.2,400
2023-01-12 07:00:00,23.2,23.2,22.62,23.2,3300
2023-01-13 07:00:00,24.12,24.62,23.99,23.99,500
2023-01-16 07:00:00,23.99,23.99,23.99,23.99,13200
2023-01-17 07:00:00,23.95,23.99,23.95,23.99,2800
2023-01-18 07:00:00,23.99,23.99,23.99,23.99,10000
2023-01-19 07:00:00,23.99,23.99,23.99,23.99,1200
2023-01-27 07:00:00,23.99,23.99,23.87,23.87,2100
2023-01-30 07:00:00,23.91,24.2,23.87,24.16,3300
2023-01-31 07:00:00,24.66,24.66,23.99,23.99,3000
2023-02-01 07:00:00,23.99,23.99,23.87,23.99,5900
2023-02-06 07:00:00,23.16,23.74,22.99,23.74,1400
2023-02-07 07:00:00,23.99,23.99,23.16,23.37,6200
2023-02-08 07:00:00,23.74,23.74,23.74,23.74,100
2023-02-09 07:00:00,23.37,23.58,23.37,23.37,18300
2023-02-10 07:00:00,23.32,23.78,23.32,23.78,3500
2023-02-13 07:00:00,23.58,23.78,23.58,23.74,500
2023-02-14 07:00:00,23.74,23.74,23.28,23.7,700
2023-02-15 07:00:00,23.58,23.58,23.58,23.58,100
2023-02-16 07:00:00,22.62,23.32,22.62,22.74,5600
2023-02-17 07:00:00,23.32,23.32,22.24,22.24,8600
2023-02-20 07:00:00,22.53,22.53,22.24,22.24,46600
2023-02-21 07:00:00,22.24,22.24,20.86,22.03,18100
2023-02-22 07:00:00,22.95,22.95,21.32,21.32,2200
2023-02-23 07:00:00,20.9,21.32,20.28,20.99,37300
2023-02-24 07:00:00,21.36,21.36,21.28,21.28,1800
2023-02-27 07:00:00,21.28,21.28,20.65,20.86,5600
2023-02-28 07:00:00,20.86,20.95,20.82,20.86,1200
2023-03-01 07:00:00,20.86,21.03,20.82,20.86,11100
2023-03-02 07:00:00,20.86,20.86,20.45,20.84,7300
2023-03-03 07:00:00,20.82,20.99,20.82,20.84,7600
2023-03-06 07:00:00,20.86,20.86,20.24,20.45,7000
2023-03-07 07:00:00,20.53,20.78,20.45,20.45,3900
2023-03-08 07:00:00,20.78,20.78,20.78,20.78,100
2023-03-09 07:00:00,20.45,20.65,20.3,20.65,4500
2023-03-10 07:00:00,20.36,20.57,20.26,20.45,5400
2023-03-13 07:00:00,20.86,21.36,20.45,20.45,4300
2023-03-14 07:00:00,20.61,20.61,20.32,20.32,2300
2023-03-15 07:00:00,20.3,20.7,20.3,20.32,2000
2023-03-16 07:00:00,19.63,20.45,19.63,20.45,4400
2023-03-17 07:00:00,20.45,20.78,20.45,20.45,7400
2023-03-20 07:00:00,20.63,20.63,20.63,20.63,300
2023-03-21 07:00:00,20.61,21.03,20.45,21.03,4000
2023-03-22 07:00:00,21.45,21.45,20.53,20.86,3200
2023-03-23 07:00:00,20.86,21.07,19.61,20.86,2900
2023-03-24 07:00:00,20.24,20.82,20.24,20.82,2200
2023-03-27 07:00:00,20.32,20.76,20.03,20.76,2100
2023-03-28 07:00:00,20.78,20.78,20.32,20.32,500
2023-03-29 07:00:00,20.05,20.24,20.03,20.09,1900
2023-03-30 07:00:00,20.09,20.45,19.95,20.01,10500
2023-03-31 07:00:00,19.82,20.01,19.63,19.63,3100
2023-04-03 07:00:00,19.65,20.36,19.61,19.61,23200
2023-04-04 07:00:00,20.03,20.03,19.61,19.69,18400
2023-04-05 07:00:00,19.72,19.92,19.67,19.92,1600
2023-04-06 07:00:00,20.03,20.03,19.76,19.9,4800
2023-04-07 07:00:00,20.2,20.2,19.84,19.99,2600
2023-04-10 07:00:00,20.24,20.24,19.97,20.2,5000
2023-04-11 07:00:00,20.22,20.65,20.22,20.45,7300
2023-04-12 07:00:00,20.47,20.65,20.45,20.49,4800
2023-04-13 07:00:00,20.65,20.65,20.49,20.49,36600
2023-04-14 07:00:00,20.49,20.86,20.49,20.53,5400
2023-04-17 07:00:00,20.65,20.65,20.53,20.53,2000
2023-04-18 07:00:00,20.65,21.28,20.65,21.07,8000
2023-04-19 07:00:00,21.07,21.36,20.68,21.28,6200
2023-04-20 07:00:00,21.45,21.45,21.28,21.28,1500
2023-04-21 07:00:00,21.32,22.74,21.28,22.74,27700
2023-04-24 07:00:00,22.7,22.78,22.16,22.62,9900
2023-04-25 07:00:00,21.82,22.53,21.07,22.45,9000
2023-04-26 07:00:00,21.41,22.07,21.32,21.61,6200
2023-04-27 07:00:00,22.07,22.11,21.66,22.07,800
2023-04-28 07:00:00,22.11,22.11,21.32,21.66,4700
2023-05-04 07:00:00,21.66,22.95,21.66,22.91,12600
2023-05-05 07:00:00,22.82,23.07,22.37,22.91,6400
2023-05-08 07:00:00,22.95,23.2,22.91,23.07,12500
2023-05-09 07:00:00,23.37,23.58,23.2,23.2,39600
2023-05-10 07:00:00,23.16,23.37,23.12,23.2,21400
2023-05-11 07:00:00,23.16,23.49,23.03,23.49,3700
2023-05-12 07:00:00,23.37,23.49,23.16,23.16,5200
2023-05-15 07:00:00,23.24,23.78,23.24,23.32,6500
2023-05-16 07:00:00,23.32,23.37,23.16,23.37,12300
2023-05-17 07:00:00,23.32,23.7,22.95,23.37,6700
2023-05-18 07:00:00,23.07,23.66,22.95,23.37,3600
2023-05-19 07:00:00,22.95,23.2,22.95,23.2,1700
2023-05-22 07:00:00,23.2,23.37,22.74,23.2,1500
2023-05-24 07:00:00,22.74,23.07,22.74,22.91,400
2023-05-25 07:00:00,23.37,23.37,22.28,22.28,7100
2023-05-26 07:00:00,22.32,22.78,22.11,22.7,5300
2023-05-29 07:00:00,22.24,22.95,22.11,22.95,2800
2023-05-30 07:00:00,22.95,23.12,22.53,22.53,1600
2023-05-31 07:00:00,23.12,23.12,22.57,22.95,1600
2023-06-01 07:00:00,22.95,23.07,22.78,23.07,7900
2023-06-02 07:00:00,23.07,23.37,23.07,23.32,5000
2023-06-05 07:00:00,23.32,23.78,23.16,23.37,14600
2023-06-06 07:00:00,23.66,23.66,23.07,23.28,15400
2023-06-07 07:00:00,23.07,23.49,22.95,23.16,9300
2023-06-08 07:00:00,23.37,24.49,23.37,24.16,20400
2023-06-09 07:00:00,24.41,25.45,24.16,25.45,38600
2023-06-12 07:00:00,25.45,25.45,24.83,25.04,6200
2023-06-13 07:00:00,25.04,25.45,24.62,24.91,14700
2023-06-14 07:00:00,23.95,25.04,23.95,24.91,2900
2023-06-15 07:00:00,25.04,25.45,25.04,25.04,1000
2023-06-16 07:00:00,25.04,25.24,24.91,24.95,7200
2023-06-20 07:00:00,25.45,25.45,24.74,24.95,13300
2023-06-21 07:00:00,24.74,24.95,24.41,24.87,23500
2023-06-22 07:00:00,24.28,24.87,24.24,24.87,2700
2023-06-23 07:00:00,24.83,24.83,24.33,24.33,10200
2023-06-26 07:00:00,24.41,24.74,24.33,24.74,6400
2023-06-27 07:00:00,24.74,25.04,24.41,25.04,4200
2023-06-28 07:00:00,25.04,25.04,24.91,24.91,4200
2023-06-29 07:00:00,24.87,25.04,24.79,25.04,1300
2023-06-30 07:00:00,25.04,25.87,25.04,25.45,23100
2023-07-03 07:00:00,26.5,26.5,25.45,26.25,23600
2023-07-04 07:00:00,26.25,27.12,26.25,26.45,2600
2023-07-05 07:00:00,25.87,26.29,25.74,25.74,4700
2023-07-06 07:00:00,25.29,26.08,25.29,26.08,5200
2023-07-07 07:00:00,25.87,27.12,25.45,26.66,25500
2023-07-10 07:00:00,26.08,26.66,26.08,26.58,4400
2023-07-11 07:00:00,26.58,26.58,26.37,26.5,13700
2023-07-12 07:00:00,26.5,26.91,25.87,26.91,42200
2023-07-13 07:00:00,26.91,27.08,26.62,26.91,7700
2023-07-14 07:00:00,26.91,27.04,26.58,26.7,8500
2023-07-17 07:00:00,26.7,26.7,26.08,26.08,23900
2023-07-18 07:00:00,26.29,27.87,26.08,27.87,105300
2023-07-19 07:00:00,29.21,29.79,28.79,29.79,200900
2023-07-20 07:00:00,30.04,30.88,29.96,29.96,78800
2023-07-21 07:00:00,29.92,29.92,29.0,29.38,78800
2023-07-24 07:00:00,29.38,31.29,29.38,30.17,90900
2023-07-25 07:00:00,30.46,30.88,30.04,30.46,15100
2023-07-26 07:00:00,30.25,30.88,29.83,29.88,29200
2023-07-27 07:00:00,29.92,30.21,29.67,29.67,20400
2023-07-28 07:00:00,29.67,29.88,29.25,29.67,20800
2023-07-31 07:00:00,29.71,29.88,29.5,29.75,13600
2023-08-01 07:00:00,29.38,30.25,29.12,29.12,79200
2023-08-02 07:00:00,29.12,29.21,28.79,29.12,25600
2023-08-03 07:00:00,28.37,28.87,28.37,28.79,19500
2023-08-04 07:00:00,28.79,28.79,28.04,28.5,21500
2023-08-07 07:00:00,28.25,28.5,27.87,28.33,15000
2023-08-08 07:00:00,28.33,29.75,28.33,29.17,12500
2023-08-09 07:00:00,29.17,29.21,28.79,28.87,41300
2023-08-10 07:00:00,28.79,29.12,28.58,28.58,16200
2023-08-11 07:00:00,28.42,28.58,28.37,28.5,10500
2023-08-14 07:00:00,28.37,28.58,28.37,28.58,3700
2023-08-15 07:00:00,28.21,29.88,28.21,29.88,24600
2023-08-16 07:00:00,29.63,29.63,29.12,29.12,10600
2023-08-17 07:00:00,29.0,29.46,28.92,29.04,13300
2023-08-18 07:00:00,28.37,29.04,27.87,28.37,17200
2023-08-21 07:00:00,28.37,28.42,28.37,28.42,4000
2023-08-22 07:00:00,28.42,28.42,27.54,28.42,7300
2023-08-23 07:00:00,28.46,28.58,27.96,28.5,10900
2023-08-24 07:00:00,28.37,28.58,28.21,28.37,4700
2023-08-25 07:00:00,28.37,28.37,28.17,28.21,12800
2023-08-28 07:00:00,28.21,28.75,28.17,28.75,6000
2023-08-29 07:00:00,28.75,28.75,28.25,28.75,20400
2023-08-30 07:00:00,28.71,28.71,28.29,28.67,18100
2023-08-31 07:00:00,28.75,28.79,28.37,28.71,10700
2023-09-05 07:00:00,28.71,29.0,28.71,29.0,18100
2023-09-06 07:00:00,29.0,29.96,29.0,29.63,27500
2023-09-07 07:00:00,29.63,29.63,29.29,29.63,12400
2023-09-08 07:00:00,29.33,29.63,28.75,29.08,19000
2023-09-11 07:00:00,29.08,29.33,29.08,29.12,16100
2023-09-12 07:00:00,29.21,29.42,29.04,29.33,5900
2023-09-13 07:00:00,29.63,30.04,29.25,29.46,26200
2023-09-14 07:00:00,29.71,29.96,29.38,29.63,28000
2023-09-15 07:00:00,29.92,29.92,29.67,29.79,12000
2023-09-18 07:00:00,29.79,30.84,29.79,30.04,11400
2023-09-19 07:00:00,30.04,30.67,29.83,30.0,23800
2023-09-20 07:00:00,30.38,30.38,29.88,30.04,13300
2023-09-21 07:00:00,30.04,30.25,29.63,29.67,12000
2023-09-22 07:00:00,30.0,30.0,28.83,29.08,24800
2023-09-25 07:00:00,29.04,29.21,28.04,28.42,34800
2023-09-26 07:00:00,28.42,28.58,28.21,28.46,10300
2023-09-27 07:00:00,28.58,28.58,27.71,28.29,27200
2023-09-28 07:00:00,28.29,28.29,27.58,27.96,6400
2023-09-29 07:00:00,28.33,28.37,27.96,28.37,8000
2023-10-02 07:00:00,29.21,29.21,28.79,29.12,30300
2023-10-03 07:00:00,29.21,29.63,28.67,29.21,24400
2023-10-04 07:00:00,29.33,29.33,28.79,29.0,17300
2023-10-05 07:00:00,28.47,29.36,28.47,28.47,21300
2023-10-06 07:00:00,27.8,28.78,27.8,28.73,16300
2023-10-09 07:00:00,28.73,28.91,28.73,28.91,7700
2023-10-10 07:00:00,29.36,29.36,28.78,28.91,21800
2023-10-11 07:00:00,28.47,28.91,28.47,28.78,24500
2023-10-12 07:00:00,28.69,28.91,28.64,28.91,23600
2023-10-13 07:00:00,28.55,28.87,28.47,28.87,14300
2023-10-16 07:00:00,28.51,28.82,28.51,28.69,11900
2023-10-17 07:00:00,28.82,28.91,28.15,28.15,17900
2023-10-18 07:00:00,28.15,28.33,27.58,27.58,8000
2023-10-19 07:00:00,27.8,28.42,27.13,27.8,31500
2023-10-20 07:00:00,27.35,27.98,26.91,27.13,31900
2023-10-23 07:00:00,27.13,27.13,26.69,26.78,6800
2023-10-24 07:00:00,26.86,27.13,26.78,26.91,8900
2023-10-25 07:00:00,26.78,27.13,26.69,27.09,5900
2023-10-26 07:00:00,26.86,26.86,25.22,25.75,32300
2023-10-27 07:00:00,25.8,25.8,25.35,25.66,11600
2023-10-30 07:00:00,25.35,25.71,25.26,25.62,6000
2023-10-31 07:00:00,25.66,25.66,24.91,25.49,18300
2023-11-01 07:00:00,24.55,25.44,24.55,25.35,2800
2023-11-02 07:00:00,25.35,26.46,25.35,26.24,16000
2023-11-03 07:00:00,26.24,26.46,26.06,26.06,2100
2023-11-06 07:00:00,26.24,26.55,26.02,26.02,10200
2023-11-07 07:00:00,25.8,26.02,25.57,25.8,7300
2023-11-08 07:00:00,25.8,25.8,25.57,25.75,14400
2023-11-09 07:00:00,25.75,25.98,25.4,25.8,11400
2023-11-10 07:00:00,25.35,25.75,25.35,25.62,4700
2023-11-13 07:00:00,25.26,25.62,24.69,24.91,14000
2023-11-14 07:00:00,25.35,25.35,24.86,24.86,12800
2023-11-15 07:00:00,24.86,25.66,24.86,25.04,13100
2023-11-16 07:00:00,25.04,25.09,24.69,25.04,13100
2023-11-17 07:00:00,25.04,25.26,24.91,25.0,7800
2023-11-20 07:00:00,24.95,24.95,24.73,24.73,6200
2023-11-21 07:00:00,24.86,24.86,24.6,24.64,12000
2023-11-22 07:00:00,24.69,24.73,24.46,24.6,24300
2023-11-23 07:00:00,24.51,25.13,24.51,24.86,32300
2023-11-24 07:00:00,24.95,24.95,24.55,24.55,3900
2023-11-27 07:00:00,24.55,24.95,24.46,24.46,18000
2023-11-28 07:00:00,24.46,24.73,23.17,24.37,36600
2023-11-29 07:00:00,24.51,24.69,23.97,24.51,3100
2023-11-30 07:00:00,24.46,24.82,24.28,24.37,7600
2023-12-01 07:00:00,24.46,24.46,24.24,24.37,9000
2023-12-04 07:00:00,24.33,24.69,24.2,24.6,24800
2023-12-05 07:00:00,24.55,24.55,24.28,24.46,10200
2023-12-06 07:00:00,24.46,24.55,24.42,24.55,26600
2023-12-07 07:00:00,24.42,24.86,24.42,24.55,29200
2023-12-08 07:00:00,24.55,24.55,24.24,24.55,6300
2023-12-11 07:00:00,24.86,24.86,24.37,24.55,4500
2023-12-12 07:00:00,24.46,24.69,24.46,24.69,17400
2023-12-13 07:00:00,24.55,25.4,24.55,25.13,41000
2023-12-14 07:00:00,25.13,25.8,25.13,25.57,30800
2023-12-15 07:00:00,25.8,25.8,25.53,25.75,16100
2023-12-18 07:00:00,25.71,25.71,25.35,25.35,9300
2023-12-19 07:00:00,25.35,25.35,25.09,25.35,1100
2023-12-20 07:00:00,25.09,25.44,24.91,25.44,15800
2023-12-21 07:00:00,25.35,25.35,24.86,25.13,26000
2023-12-22 07:00:00,25.04,25.35,25.0,25.35,14600
2023-12-25 07:00:00,25.35,25.35,24.86,25.35,16300
2023-12-26 07:00:00,25.26,25.26,24.91,25.22,25800
2023-12-27 07:00:00,25.0,25.22,24.86,24.86,9400
2023-12-28 07:00:00,24.91,25.13,24.86,24.91,7300
2023-12-29 07:00:00,24.91,25.17,24.91,25.17,4200
2024-01-02 07:00:00,25.22,25.53,25.13,25.35,12300
2024-01-03 07:00:00,25.31,26.91,25.26,26.33,130500
2024-01-04 07:00:00,26.69,27.49,26.69,27.31,56200
2024-01-05 07:00:00,27.4,27.4,26.69,27.13,43800
2024-01-08 07:00:00,26.82,27.35,26.82,27.35,13600
2024-01-09 07:00:00,27.13,27.75,26.78,27.26,35400
2024-01-10 07:00:00,27.26,27.58,26.78,27.49,33600
2024-01-11 07:00:00,27.53,28.02,27.22,27.75,106400
2024-01-12 07:00:00,27.89,27.89,27.31,27.4,27000
2024-01-15 07:00:00,27.58,27.98,27.26,27.84,21500
2024-01-16 07:00:00,27.8,28.2,27.8,28.02,66000
2024-01-17 07:00:00,28.02,28.2,27.71,27.98,5400
2024-01-18 07:00:00,27.67,28.6,27.58,28.38,46700
2024-01-19 07:00:00,28.2,28.55,27.67,28.38,35900
2024-01-22 07:00:00,28.47,28.47,26.69,28.15,15500
2024-01-23 07:00:00,27.09,28.02,27.09,27.89,66300
2024-01-24 07:00:00,27.89,27.89,27.62,27.62,7800
2024-01-25 07:00:00,27.89,27.89,27.62,27.84,7100
2024-01-26 07:00:00,27.62,27.84,27.26,27.8,69200
2024-01-29 07:00:00,27.93,27.93,27.44,27.44,23200
2024-01-30 07:00:00,27.58,27.58,27.13,27.49,14500
2024-01-31 07:00:00,27.13,27.22,27.04,27.18,11400
2024-02-01 07:00:00,26.33,27.58,26.33,27.58,23300
2024-02-02 07:00:00,27.58,27.67,27.4,27.4,18500
2024-02-05 07:00:00,27.4,27.67,27.35,27.67,8300
2024-02-06 07:00:00,27.58,28.24,27.4,28.15,32900
2024-02-07 07:00:00,28.24,28.24,27.62,28.02,9100
2024-02-15 07:00:00,27.67,28.42,27.67,28.02,18200
2024-02-16 07:00:00,28.02,28.02,27.58,27.98,23200
2024-02-19 07:00:00,28.02,28.91,27.8,28.91,172900
2024-02-20 07:00:00,28.91,29.22,28.91,29.22,19300
2024-02-21 07:00:00,29.22,29.58,28.87,28.87,44800
2024-02-22 07:00:00,28.91,29.13,28.87,29.09,14700
2024-02-23 07:00:00,29.36,29.36,28.91,29.13,21900
2024-02-26 07:00:00,28.64,29.0,28.64,29.0,29500
2024-02-27 07:00:00,29.04,29.53,28.91,29.44,47300
2024-02-28 07:00:00,29.44,29.53,29.44,29.49,14500
2024-02-29 07:00:00,29.0,29.53,28.91,29.44,6900
2024-03-01 07:00:00,29.31,29.71,29.13,29.71,10000
2024-03-04 07:00:00,29.76,30.07,29.62,29.71,24900
2024-03-05 07:00:00,29.98,29.98,29.44,29.53,9600
2024-03-06 07:00:00,29.49,29.67,29.27,29.53,16300
2024-03-07 07:00:00,29.58,29.58,29.18,29.27,17300
2024-03-08 07:00:00,29.58,29.58,28.96,29.22,15500
2024-03-11 07:00:00,29.18,29.36,29.04,29.18,11100
2024-03-12 07:00:00,29.18,29.36,28.91,28.91,18500
2024-03-13 07:00:00,28.82,29.49,28.82,29.44,28700
2024-03-14 07:00:00,29.44,29.62,29.4,29.62,7800
2024-03-15 07:00:00,29.44,29.62,29.36,29.62,20300
2024-03-18 07:00:00,29.62,29.62,28.91,29.31,38400
2024-03-19 07:00:00,29.67,30.24,29.04,30.02,60200
2024-03-20 07:00:00,30.02,30.69,30.02,30.38,56900
2024-03-21 07:00:00,30.42,31.0,30.42,30.78,54200
2024-03-22 07:00:00,30.91,30.91,30.42,30.82,18800
2024-03-25 07:00:00,30.33,30.78,30.2,30.2,28500
2024-03-26 07:00:00,30.07,30.6,29.58,29.98,17200
2024-03-27 07:00:00,29.93,30.24,29.93,30.24,17800
2024-03-28 07:00:00,30.24,30.82,30.24,30.24,7600
2024-03-29 07:00:00,30.33,30.73,30.16,30.56,16100
2024-04-01 07:00:00,30.51,30.69,29.8,30.02,16200
2024-04-02 07:00:00,29.8,30.2,29.8,30.02,16800
2024-04-03 07:00:00,29.89,30.2,29.89,30.02,28800
2024-04-04 07:00:00,29.8,30.07,29.8,29.98,23000
2024-04-05 07:00:00,29.98,30.02,29.58,29.93,16300
2024-04-08 07:00:00,29.71,30.2,29.71,30.16,29700
2024-04-09 07:00:00,30.24,30.24,30.11,30.24,31200
2024-04-10 07:00:00,30.2,30.42,30.11,30.16,22200
2024-04-11 07:00:00,30.24,30.24,30.07,30.07,13900
2024-04-12 07:00:00,30.33,31.31,30.24,31.27,71200
2024-04-15 07:00:00,31.18,31.22,30.42,30.87,48400
2024-04-16 07:00:00,30.47,30.91,30.47,30.82,35800
2024-04-17 07:00:00,31.76,31.76,31.13,31.58,48500
2024-04-19 07:00:00,31.53,31.53,30.82,30.82,17600
2024-04-22 07:00:00,30.29,30.29,28.69,29.18,268200
2024-04-23 07:00:00,29.18,29.18,28.6,28.87,49800
2024-04-24 07:00:00,28.55,29.8,28.51,29.09,54700
2024-04-25 07:00:00,29.13,29.13,28.69,28.96,34900
2024-04-26 07:00:00,28.96,28.96,28.64,28.69,24200
2024-05-02 07:00:00,28.69,28.96,28.69,28.96,19100
2024-05-03 07:00:00,28.91,29.13,28.82,28.96,12600
2024-05-06 07:00:00,28.96,29.31,28.96,29.0,29500
2024-05-07 07:00:00,29.09,29.8,29.09,29.62,19400
2024-05-08 07:00:00,29.62,29.76,29.4,29.62,12100
2024-05-09 07:00:00,29.58,29.76,29.53,29.71,10700
2024-05-10 07:00:00,29.71,29.71,29.36,29.58,14100
2024-05-13 07:00:00,29.71,29.89,29.36,29.58,25400
2024-05-14 07:00:00,29.58,29.58,29.0,29.27,15300
2024-05-15 07:00:00,29.27,29.58,29.18,29.49,34600
2024-05-16 07:00:00,29.49,29.8,29.49,29.8,22200
2024-05-17 07:00:00,29.8,29.8,29.62,29.62,7700
2024-05-20 07:00:00,29.62,29.76,29.53,29.53,8500
2024-05-21 07:00:00,29.4,29.62,29.31,29.62,24700
2024-05-22 07:00:00,29.62,29.62,29.27,29.49,4800
2024-05-23 07:00:00,29.62,31.13,29.44,31.05,63800
2024-05-24 07:00:00,30.73,30.73,29.8,30.02,30000
2024-05-27 07:00:00,30.02,30.24,29.58,30.07,14300
2024-05-28 07:00:00,31.05,31.05,29.8,30.07,9400
2024-05-29 07:00:00,30.07,30.42,30.02,30.42,27600
2024-05-30 07:00:00,30.24,30.29,30.07,30.24,12200
2024-05-31 07:00:00,30.24,30.29,30.16,30.29,4300
2024-06-03 07:00:00,30.29,30.69,30.29,30.65,23900
2024-06-04 07:00:00,30.65,30.69,30.51,30.65,8800
2024-06-05 07:00:00,30.6,30.65,30.24,30.42,11900
2024-06-06 07:00:00,30.38,30.91,30.38,30.82,56600
2024-06-07 07:00:00,30.78,30.82,30.6,30.6,5700
2024-06-10 07:00:00,30.6,31.13,30.02,31.0,38900
2024-06-11 07:00:00,31.09,31.89,30.87,31.45,86700
2024-06-12 07:00:00,31.45,31.49,31.4,31.45,33900
2024-06-13 07:00:00,31.49,32.02,31.18,31.85,65200
2024-06-14 07:00:00,31.89,31.89,31.31,31.31,15800
2024-06-17 07:00:00,31.31,31.53,30.96,31.13,22800
2024-06-18 07:00:00,31.13,31.36,31.13,31.18,11400
2024-06-19 07:00:00,31.22,31.98,31.22,31.98,80500
2024-06-20 07:00:00,32.42,33.09,32.02,33.09,122300
2024-06-21 07:00:00,32.51,33.54,32.47,32.47,42300
2024-06-24 07:00:00,32.42,32.91,32.38,32.47,89600
2024-06-25 07:00:00,32.87,33.36,32.47,33.0,76500
2024-06-26 07:00:00,33.36,33.54,33.18,33.54,99900
2024-06-27 07:00:00,33.54,33.76,33.31,33.36,35500
2024-06-28 07:00:00,33.36,33.98,33.14,33.49,153100
2024-07-01 07:00:00,33.8,33.8,32.91,33.18,79200
2024-07-02 07:00:00,33.22,33.45,33.14,33.4,61400
2024-07-03 07:00:00,33.36,33.58,33.27,33.4,15800
2024-07-04 07:00:00,33.71,33.71,33.22,33.4,22500
2024-07-05 07:00:00,33.4,33.58,33.27,33.36,47600
2024-07-08 07:00:00,33.58,34.25,33.58,34.11,113700
2024-07-09 07:00:00,34.16,35.85,33.89,35.85,234200
2024-07-10 07:00:00,36.16,36.47,35.58,36.25,114200
2024-07-11 07:00:00,36.3,38.78,36.3,38.73,207000
2024-07-12 07:00:00,39.42,41.1,39.17,40.41,160000
2024-07-15 07:00:00,40.31,43.23,39.91,43.23,291500
2024-07-16 07:00:00,43.93,46.25,43.93,46.25,82200
2024-07-17 07:00:00,49.47,49.47,43.03,43.03,394000
2024-07-18 07:00:00,42.09,42.98,41.1,42.09,132000
2024-07-19 07:00:00,42.04,42.09,39.62,40.31,163800
2024-07-22 07:00:00,39.22,40.61,38.13,40.11,203100
2024-07-23 07:00:00,39.22,41.6,39.22,40.71,83300
2024-07-24 07:00:00,40.61,41.25,40.26,40.66,81100
2024-07-25 07:00:00,40.61,40.61,40.11,40.16,44900
2024-07-26 07:00:00,41.1,42.24,40.36,42.24,226800
2024-07-29 07:00:00,42.39,44.47,42.39,42.59,67800
2024-07-30 07:00:00,43.08,43.08,41.1,41.1,56100
2024-07-31 07:00:00,41.55,41.55,40.36,40.56,71500
2024-08-01 07:00:00,40.56,41.25,38.92,39.37,149300
2024-08-02 07:00:00,39.12,41.6,39.12,40.36,221100
2024-08-05 07:00:00,39.62,41.1,39.52,40.06,111500
2024-08-06 07:00:00,40.51,40.81,39.77,40.71,36600
2024-08-07 07:00:00,41.0,41.55,40.71,41.0,53500
2024-08-08 07:00:00,41.1,41.1,40.16,40.85,50800
2024-08-09 07:00:00,40.61,41.0,40.41,40.71,42400
2024-08-12 07:00:00,40.9,42.84,40.9,41.75,71900
2024-08-13 07:00:00,41.8,41.85,41.1,41.6,39800
2024-08-14 07:00:00,42.34,42.69,41.6,42.04,68600
2024-08-15 07:00:00,41.85,42.59,41.85,41.94,63800
2024-08-16 07:00:00,42.59,43.53,42.09,43.08,109500
2024-08-19 07:00:00,43.08,44.02,42.93,43.58,76000
2024-08-20 07:00:00,42.89,44.27,42.89,43.73,107000
2024-08-21 07:00:00,43.68,43.68,42.69,42.74,92400
2024-08-22 07:00:00,42.64,42.93,42.09,42.69,77700
2024-08-23 07:00:00,42.69,42.69,41.89,42.29,43100
2024-08-26 07:00:00,42.29,42.29,41.65,42.09,42500
2024-08-27 07:00:00,41.65,42.09,41.35,41.99,27800
2024-08-28 07:00:00,41.65,42.09,41.6,41.8,42400
2024-08-29 07:00:00,41.8,42.54,41.6,42.39,46400
2024-08-30 07:00:00,42.39,43.93,42.09,43.48,105400
2024-09-04 07:00:00,43.88,46.5,43.53,46.5,342000
2024-09-05 07:00:00,46.6,47.05,45.21,45.21,81100
2024-09-06 07:00:00,46.3,48.04,45.56,48.04,197500
2024-09-09 07:00:00,48.28,49.22,47.54,47.64,167000
2024-09-10 07:00:00,47.64,47.94,45.91,46.05,150100
2024-09-11 07:00:00,45.56,46.75,45.56,46.1,87000
2024-09-12 07:00:00,46.5,47.05,45.96,46.55,56700
2024-09-13 07:00:00,46.55,46.55,45.86,46.55,68000
2024-09-16 07:00:00,46.15,46.55,45.56,46.05,145000
2024-09-17 07:00:00,47.44,49.27,46.65,49.27,618500
2024-09-18 07:00:00,50.41,52.69,50.41,52.69,484800
2024-09-19 07:00:00,54.37,55.96,51.4,51.9,380100
2024-09-20 07:00:00,51.9,52.0,50.41,50.81,229500
2024-09-23 07:00:00,51.01,51.8,50.71,51.3,97200
2024-09-24 07:00:00,51.3,51.5,50.51,51.3,128200
2024-09-25 07:00:00,51.3,51.5,49.62,49.82,179400
2024-09-26 07:00:00,49.82,50.81,49.72,49.72,99800
2024-09-27 07:00:00,49.82,50.51,49.08,49.82,133900
2024-09-30 07:00:00,49.82,50.21,49.32,49.52,94500
2024-10-01 07:00:00,49.82,50.02,49.47,49.62,93100
2024-10-02 07:00:00,49.72,51.01,49.32,50.21,113100
2024-10-03 07:00:00,50.21,50.21,49.03,49.42,105900
2024-10-04 07:00:00,49.47,49.47,48.53,48.53,63700
2024-10-07 07:00:00,48.53,49.32,47.24,47.74,95700
2024-10-08 07:00:00,47.74,47.74,46.15,47.29,73100
2024-10-09 07:00:00,47.19,47.29,46.55,46.65,101800
2024-10-10 07:00:00,46.65,49.42,46.6,47.54,58000
2024-10-11 07:00:00,47.64,48.53,47.24,47.54,43100
2024-10-14 07:00:00,47.54,48.18,46.55,46.65,67700
2024-10-15 07:00:00,46.4,47.49,46.35,46.35,40700
2024-10-16 07:00:00,46.35,47.0,46.3,46.45,24100
2024-10-17 07:00:00,46.55,47.0,46.35,46.55,40400
2024-10-18 07:00:00,47.04,47.04,46.05,46.4,63000
2024-10-21 07:00:00,45.66,45.86,43.88,44.02,292000
2024-10-22 07:00:00,43.58,43.97,41.94,42.19,246300
2024-10-23 07:00:00,42.59,43.38,42.19,42.89,99900
2024-10-24 07:00:00,42.93,45.16,42.74,44.57,161100
2024-10-25 07:00:00,45.56,45.91,44.32,44.32,102500
2024-10-28 07:00:00,44.32,45.41,43.63,44.27,53800
2024-10-29 07:00:00,44.27,44.27,43.78,43.97,97300
2024-10-30 07:00:00,43.78,44.97,43.58,44.77,114200
2024-10-31 07:00:00,45.16,45.21,44.17,44.57,63400
2024-11-01 07:00:00,44.47,44.82,43.97,44.57,62300
2024-11-04 07:00:00,44.57,44.57,43.58,43.88,82400
2024-11-05 07:00:00,43.88,43.97,43.53,43.88,58700
2024-11-06 07:00:00,43.88,44.27,43.58,43.83,64600
2024-11-07 07:00:00,43.97,44.47,43.58,44.17,83700
2024-11-08 07:00:00,43.58,44.07,43.38,43.58,80700
2024-11-11 07:00:00,43.58,43.58,42.29,43.48,199100
2024-11-12 07:00:00,43.43,43.43,42.39,42.84,223300
2024-11-13 07:00:00,42.79,42.79,42.29,42.39,66600
2024-11-14 07:00:00,42.34,42.89,42.09,42.39,55700
2024-11-15 07:00:00,42.29,42.79,41.89,41.89,78500
2024-11-18 07:00:00,41.89,41.89,40.95,41.4,78700
2024-11-19 07:00:00,41.4,41.8,41.4,41.4,62600
2024-11-20 07:00:00,41.5,41.5,40.81,41.4,112200
2024-11-21 07:00:00,41.4,41.75,40.9,41.0,37400
2024-11-22 07:00:00,41.0,41.2,40.81,40.95,152200
2024-11-25 07:00:00,40.95,43.78,40.95,43.58,222500
2024-11-26 07:00:00,43.58,44.67,42.89,43.28,100000
2024-11-27 07:00:00,43.28,43.28,42.59,42.79,43300
2024-11-28 07:00:00,42.64,45.06,42.64,44.42,338700
2024-11-29 07:00:00,44.92,45.66,44.42,44.42,267700
2024-12-02 07:00:00,45.31,45.31,44.57,45.06,137500
2024-12-03 07:00:00,45.01,48.18,44.72,48.18,793400
2024-12-04 07:00:00,48.53,50.51,46.55,47.54,431300
2024-12-05 07:00:00,47.54,48.73,46.4,47.74,285300
2024-12-06 07:00:00,47.14,47.54,45.86,45.96,390700
2024-12-09 07:00:00,46.45,47.19,46.01,46.6,327100
2024-12-10 07:00:00,46.55,48.53,46.55,47.69,450000
2024-12-11 07:00:00,48.04,48.13,46.85,47.54,183000
2024-12-12 07:00:00,47.94,50.31,46.95,49.03,554600
2024-12-13 07:00:00,48.93,49.72,47.69,48.18,308400
2024-12-16 07:00:00,48.04,48.58,46.95,47.09,143800
2024-12-17 07:00:00,47.44,47.94,47.04,47.54,162000
2024-12-18 07:00:00,48.18,48.18,47.54,47.54,125600
2024-12-19 07:00:00,47.14,47.94,46.85,47.24,216100
2024-12-20 07:00:00,47.34,47.84,46.9,47.84,209300
2024-12-23 07:00:00,48.53,49.32,48.23,48.28,485600
2024-12-24 07:00:00,48.53,48.53,47.84,48.04,133400
2024-12-25 07:00:00,48.04,49.03,46.95,47.04,454500
2024-12-26 07:00:00,47.04,47.99,47.04,47.99,163800
2024-12-27 07:00:00,48.23,48.23,47.09,47.24,119000
2024-12-30 07:00:00,47.29,47.39,46.55,46.8,130400
2024-12-31 07:00:00,46.9,46.95,46.45,46.55,100400
2025-01-02 07:00:00,46.55,47.09,46.05,46.9,75300
2025-01-03 07:00:00,46.6,46.9,45.86,45.86,104500
2025-01-06 07:00:00,45.86,46.35,42.69,43.08,214800
2025-01-07 07:00:00,43.83,44.12,43.43,43.78,134800
2025-01-08 07:00:00,43.93,44.32,43.58,43.63,73500
2025-01-09 07:00:00,43.63,43.88,43.08,43.13,83400
2025-01-10 07:00:00,43.18,44.07,42.98,43.28,94500
2025-01-13 07:00:00,42.79,43.48,42.09,43.28,102900
2025-01-14 07:00:00,43.28,44.07,42.29,42.59,82800
2025-01-15 07:00:00,42.59,43.13,42.49,42.89,48500
2025-01-16 07:00:00,43.68,43.68,43.08,43.08,34100
2025-01-17 07:00:00,43.08,45.06,42.59,43.88,119200
2025-01-20 07:00:00,43.88,44.57,43.88,44.47,92200
2025-01-21 07:00:00,44.57,44.77,43.48,43.93,102500
2025-01-22 07:00:00,44.52,45.56,43.97,44.77,146600
2025-01-23 07:00:00,45.16,45.16,43.58,44.37,46700
2025-01-24 07:00:00,44.37,44.37,43.58,43.78,75600
2025-02-03 07:00:00,43.58,44.17,43.28,44.17,50300
2025-02-04 07:00:00,44.17,44.92,44.17,44.77,86100
2025-02-05 07:00:00,45.21,45.21,43.58,44.57,104600
2025-02-06 07:00:00,44.92,46.55,44.37,46.55,204300
2025-02-07 07:00:00,46.5,47.84,46.3,46.8,253100
2025-02-10 07:00:00,46.8,46.85,45.66,46.01,162400
2025-02-11 07:00:00,46.05,49.22,46.05,48.13,966900
2025-02-12 07:00:00,48.33,48.43,47.34,47.54,118100
2025-02-13 07:00:00,47.64,48.33,47.19,47.44,243300
2025-02-14 07:00:00,48.04,48.43,47.19,47.64,300000
2025-02-17 07:00:00,47.84,50.02,47.84,48.33,526500
2025-02-18 07:00:00,48.53,48.93,48.08,48.38,137900
2025-02-19 07:00:00,48.23,49.52,46.55,47.54,564700
2025-02-20 07:00:00,47.39,48.83,47.14,48.78,213700
2025-02-21 07:00:00,48.98,49.27,47.94,48.04,188700
2025-02-24 07:00:00,48.04,48.13,47.19,47.64,193000
2025-02-25 07:00:00,47.64,47.99,47.09,47.29,149400
2025-02-26 07:00:00,47.29,48.04,47.29,47.54,192900
2025-02-27 07:00:00,47.54,47.84,47.19,47.44,99400
2025-02-28 07:00:00,47.49,47.49,46.65,47.44,159700
2025-03-03 07:00:00,47.94,47.94,46.9,46.95,187300
2025-03-04 07:00:00,46.85,46.95,46.45,46.6,175900
2025-03-05 07:00:00,46.55,46.75,45.76,45.81,277000
2025-03-06 07:00:00,45.81,46.35,45.36,46.15,69700
2025-03-07 07:00:00,46.25,46.65,46.1,46.15,113300
2025-03-10 07:00:00,46.15,46.25,45.46,45.51,162100
2025-03-11 07:00:00,45.86,46.4,44.77,46.15,189600
2025-03-12 07:00:00,46.5,48.53,46.05,48.43,506600
2025-03-13 07:00:00,49.03,49.03,47.74,47.74,302500
2025-03-14 07:00:00,47.74,48.08,47.59,47.74,185200
2025-03-17 07:00:00,47.74,47.74,46.55,46.95,172100
2025-03-18 07:00:00,47.14,47.54,46.35,47.54,97700
2025-03-19 07:00:00,48.13,50.81,47.74,50.81,1270500
2025-03-20 07:00:00,52.0,52.0,50.31,51.5,407400
2025-03-21 07:00:00,52.0,52.79,51.11,51.11,373400
2025-03-24 07:00:00,51.11,51.11,47.54,47.54,1114500
2025-03-25 07:00:00,46.7,46.95,44.62,44.72,966400
2025-03-26 07:00:00,44.77,45.91,44.77,45.16,229800
2025-03-27 07:00:00,45.16,45.46,44.87,45.21,94400
2025-03-28 07:00:00,45.16,45.41,45.06,45.11,150600
2025-03-31 07:00:00,44.47,44.92,44.07,44.12,194600
2025-04-01 07:00:00,44.22,45.31,44.22,44.57,98100
2025-04-02 07:00:00,44.67,45.36,44.57,44.82,79900
2025-04-03 07:00:00,43.58,44.47,41.7,41.7,373000
2025-04-04 07:00:00,38.82,41.7,38.82,41.25,212500
2025-04-08 07:00:00,39.62,40.61,38.38,38.38,276900
2025-04-09 07:00:00,36.65,41.05,35.75,39.07,232900
2025-04-10 07:00:00,41.8,41.8,41.8,41.8,9600
2025-04-11 07:00:00,42.59,43.88,41.8,43.53,260700
2025-04-14 07:00:00,43.58,44.07,42.59,43.48,170100
2025-04-15 07:00:00,43.48,43.48,42.39,42.64,69300
2025-04-16 07:00:00,41.8,42.89,41.8,42.49,61700
2025-04-17 07:00:00,42.09,42.74,41.7,42.64,50500
2025-04-18 07:00:00,43.08,43.38,42.59,43.03,53700
2025-04-21 07:00:00,42.79,43.48,42.79,43.03,26400
2025-04-22 07:00:00,43.48,43.48,40.61,41.6,117600
2025-04-23 07:00:00,43.38,43.38,42.24,42.49,41100
2025-04-24 07:00:00,42.59,43.63,42.59,43.18,45700
2025-04-25 07:00:00,43.23,43.23,42.39,42.39,46400
2025-04-28 07:00:00,42.59,42.79,42.19,42.59,56100
2025-04-29 07:00:00,42.59,42.64,42.39,42.59,20400
2025-05-05 07:00:00,43.48,43.48,42.44,43.08,24300
2025-05-06 07:00:00,42.59,43.28,42.59,43.08,48300
2025-05-07 07:00:00,43.08,44.72,43.08,43.97,134900
2025-05-08 07:00:00,44.07,46.9,44.07,46.55,370100
2025-05-09 07:00:00,46.25,48.83,46.25,48.83,621500
2025-05-12 07:00:00,49.52,49.52,48.48,48.88,268000
2025-05-13 07:00:00,48.43,48.68,46.85,47.04,309000
2025-05-14 07:00:00,47.24,48.38,47.24,47.54,95100
2025-05-15 07:00:00,46.8,48.98,46.8,48.73,212900
2025-05-16 07:00:00,48.53,48.53,47.89,47.94,76800
2025-05-19 07:00:00,47.59,50.21,47.54,49.47,301900
2025-05-20 07:00:00,49.52,50.12,49.03,49.03,294500
2025-05-21 07:00:00,49.82,50.02,48.73,49.72,202500
2025-05-22 07:00:00,49.72,51.01,48.88,50.12,379800
2025-05-23 07:00:00,51.5,53.58,50.81,51.5,707400
2025-05-26 07:00:00,52.49,54.18,52.2,54.18,1262400
2025-05-27 07:00:00,54.18,54.28,52.2,52.29,306600
2025-05-28 07:00:00,52.0,52.0,50.31,50.71,550500
2025-05-29 07:00:00,51.2,52.29,50.91,51.9,190600
2025-05-30 07:00:00,51.9,52.69,51.2,51.5,169600
2025-06-02 07:00:00,52.0,52.1,51.2,52.0,196900
2025-06-03 07:00:00,52.29,52.29,51.3,51.5,131500
2025-06-04 07:00:00,51.5,51.6,51.01,51.2,250900
2025-06-05 07:00:00,51.2,51.6,51.2,51.5,213300
2025-06-06 07:00:00,51.6,51.7,51.11,51.7,174000
2025-06-09 07:00:00,51.3,51.5,50.1,50.4,200600
2025-06-10 07:00:00,50.5,51.1,50.2,50.7,72200
2025-06-11 07:00:00,50.5,51.2,50.4,50.5,69000
2025-06-12 07:00:00,51.0,51.0,50.4,50.9,51800
2025-06-13 07:00:00,50.7,51.0,50.4,50.4,119500
2025-06-16 07:00:00,50.4,52.0,50.4,51.6,115800
2025-06-17 07:00:00,51.7,52.3,51.1,51.6,66900
2025-06-18 07:00:00,51.6,51.6,50.9,51.3,63100
2025-06-19 07:00:00,51.3,51.3,50.5,51.3,52200
2025-06-20 07:00:00,51.1,51.8,51.1,51.6,65000
2025-06-23 07:00:00,50.6,51.2,50.6,51.1,62500
2025-06-24 07:00:00,51.3,51.5,50.9,51.3,34600
2025-06-25 07:00:00,51.3,51.3,50.9,51.2,39100
2025-06-26 07:00:00,51.6,51.6,50.7,51.1,44800
2025-06-27 07:00:00,50.7,51.4,50.7,51.4,77700
2025-06-30 07:00:00,51.9,52.0,51.2,51.6,43700
2025-07-01 07:00:00,51.2,51.6,51.2,51.6,70900
2025-07-02 07:00:00,52.0,54.0,51.9,52.0,282000
2025-07-03 07:00:00,52.0,52.8,51.4,51.6,121200
2025-07-04 07:00:00,51.9,52.0,51.3,52.0,94900
2025-07-07 07:00:00,52.3,52.8,51.8,52.0,93900
2025-07-08 07:00:00,52.0,52.7,51.8,52.2,116500
2025-07-09 07:00:00,51.9,53.8,51.9,52.6,252800
2025-07-10 07:00:00,53.0,53.8,52.3,52.7,72400
2025-07-11 07:00:00,52.8,52.8,51.8,51.9,145300
2025-07-14 07:00:00,52.0,52.4,51.7,51.8,97000
2025-07-15 07:00:00,52.3,52.3,51.5,51.9,250200
2025-07-16 07:00:00,51.9,52.0,51.7,51.8,130900
2025-07-17 07:00:00,51.9,51.9,51.6,51.8,189900
2025-07-18 07:00:00,52.1,52.1,51.5,51.7,169300
2025-07-21 07:00:00,52.4,53.2,51.8,52.0,272400
2025-07-22 07:00:00,52.0,52.6,51.8,52.2,112000
2025-07-23 07:00:00,52.2,53.1,52.0,52.0,168200
2025-07-24 07:00:00,52.5,52.5,51.8,52.0,173100
2025-07-25 07:00:00,51.8,52.0,51.7,51.9,118900
2025-07-28 07:00:00,52.1,52.5,51.7,51.9,145500
2025-07-29 07:00:00,51.9,52.0,51.0,51.0,337200
2025-07-30 07:00:00,51.5,51.5,50.5,50.5,180000
2025-07-31 07:00:00,50.5,52.0,50.3,52.0,154000
2025-08-01 07:00:00,52.5,53.5,51.8,52.7,233000
2025-08-04 07:00:00,52.5,54.7,52.5,54.3,458100
2025-08-05 07:00:00,54.9,54.9,53.2,53.8,163100
2025-08-06 07:00:00,53.4,53.7,52.2,52.6,144600
2025-08-07 07:00:00,52.7,53.0,52.2,52.4,72000
2025-08-08 07:00:00,52.3,54.0,52.1,53.9,259000
2025-08-11 07:00:00,54.0,54.3,53.0,53.1,60100
2025-08-12 07:00:00,53.4,53.7,52.6,53.0,62700
2025-08-13 07:00:00,53.5,54.9,52.6,54.6,455200
2025-08-14 07:00:00,55.0,55.1,53.7,54.0,82200
2025-08-15 07:00:00,53.6,55.7,53.3,55.0,974900
2025-08-18 07:00:00,55.1,55.6,53.8,54.9,128100
2025-08-19 07:00:00,54.9,56.5,53.9,54.3,184500
2025-08-20 07:00:00,54.3,54.3,51.8,52.8,323700
2025-08-21 07:00:00,52.8,54.3,52.1,54.0,317500
2025-08-22 07:00:00,53.9,53.9,52.5,53.2,38100
2025-08-25 07:00:00,53.2,54.0,51.9,52.7,166200
2025-08-26 07:00:00,52.1,52.7,52.1,52.6,52200
2025-08-27 07:00:00,52.6,53.9,52.4,52.5,94000
2025-08-28 07:00:00,52.5,53.0,52.3,52.3,51400
2025-08-29 07:00:00,52.3,54.0,51.5,53.8,248100
2025-09-03 07:00:00,52.1,54.9,52.1,54.7,127500
2025-09-04 07:00:00,54.1,55.0,53.1,54.7,103500
2025-09-05 07:00:00,54.7,54.7,53.6,53.8,33200
2025-09-08 07:00:00,54.4,55.5,52.8,55.4,210100
2025-09-09 07:00:00,55.9,55.9,54.4,54.9,39300
2025-09-10 07:00:00,55.0,55.5,54.4,54.5,74600
2025-09-11 07:00:00,54.7,55.9,54.4,54.4,209400
2025-09-12 07:00:00,54.4,54.9,54.2,54.5,65200
2025-09-15 07:00:00,54.5,55.0,54.0,54.6,71500
2025-09-16 07:00:00,54.6,54.6,53.2,53.3,118300
2025-09-17 07:00:00,53.1,54.0,53.1,54.0,24300
2025-09-18 07:00:00,53.3,54.0,53.0,53.1,34900
2025-09-19 07:00:00,53.1,53.5,53.1,53.4,8500
2025-09-22 07:00:00,53.7,53.7,52.7,53.2,51300
2025-09-23 07:00:00,53.2,53.3,52.9,53.3,10300
2025-09-24 07:00:00,53.0,53.2,52.7,53.1,18900
2025-09-25 07:00:00,53.0,53.5,52.8,53.2,22500
2025-09-26 07:00:00,53.2,53.2,52.6,53.0,50300
2025-09-29 07:00:00,53.0,53.1,52.6,52.7,22600
2025-09-30 07:00:00,52.7,52.9,52.2,52.9,60900
2025-10-01 07:00:00,52.9,53.1,52.5,53.0,21400
2025-10-02 07:00:00,52.7,52.8,52.4,52.5,31400
2025-10-03 07:00:00,52.2,52.9,52.2,52.5,10900
2025-10-06 07:00:00,52.5,52.8,52.4,52.4,25100
2025-10-07 07:00:00,52.4,52.4,52.2,52.4,20100
2025-10-08 07:00:00,52.4,52.6,52.1,52.1,34900
2025-10-09 07:00:00,52.7,52.7,51.2,52.0,50900
2025-10-10 07:00:00,52.0,52.0,51.2,51.9,41600
2025-10-13 07:00:00,51.9,51.9,50.8,51.0,42100
2025-10-14 07:00:00,51.0,51.9,50.5,50.7,59200
2025-10-15 07:00:00,50.7,51.0,50.7,51.0,24000
2025-10-16 07:00:00,51.0,51.0,50.4,50.6,17900
2025-10-17 07:00:00,50.6,51.3,50.3,50.6,28700
2025-10-20 07:00:00,50.6,50.6,48.0,48.0,71000
2025-10-21 07:00:00,48.3,50.0,48.3,49.5,37800
2025-10-22 07:00:00,49.5,50.4,49.25,49.75,21900
2025-10-23 07:00:00,49.65,50.0,48.9,49.5,16100
2025-10-24 07:00:00,49.5,49.5,47.0,49.0,63300
2025-10-27 07:00:00,49.3,49.3,48.0,48.95,30800
2025-10-28 07:00:00,48.95,49.2,47.5,48.95,69200
2025-10-29 07:00:00,48.95,49.0,48.75,48.8,31200
2025-10-30 07:00:00,48.75,48.75,47.35,48.55,111000
2025-10-31 07:00:00,48.5,50.1,48.0,50.1,54400
2025-11-03 07:00:00,50.0,50.0,47.5,49.5,61400
2025-11-04 07:00:00,49.0,49.4,48.6,48.95,38400
2025-11-05 07:00:00,49.0,49.0,48.2,48.85,41200
2025-11-06 07:00:00,49.0,49.5,48.85,49.45,16600
2025-11-07 07:00:00,49.4,49.4,48.5,48.65,37200
2025-11-10 07:00:00,49.1,49.5,49.0,49.3,62000
2025-11-11 07:00:00,49.45,49.5,49.0,49.25,22900
2025-11-12 07:00:00,49.25,49.75,49.0,49.45,14600
2025-11-13 07:00:00,49.8,49.8,48.0,48.0,110900
2025-11-14 07:00:00,48.3,49.0,48.3,48.7,17400
2025-11-17 07:00:00,48.7,48.8,47.45,48.3,211700
2025-11-18 07:00:00,48.0,48.4,48.0,48.4,14900
2025-11-19 07:00:00,48.4,48.45,47.0,47.25,152600
2025-11-20 07:00:00,47.25,47.6,47.2,47.25,85100
2025-11-21 07:00:00,47.25,47.25,45.95,46.1,128100
2025-11-24 07:00:00,46.1,47.35,46.1,47.3,33800
2025-11-25 07:00:00,47.3,47.5,46.2,47.0,157600
2025-11-26 07:00:00,46.5,47.45,46.5,47.4,21800
2025-11-27 07:00:00,47.4,47.8,47.0,47.5,103200
2025-11-28 07:00:00,47.5,47.75,47.5,47.6,24400
2025-12-01 07:00:00,47.5,49.3,46.3,49.3,188000
2025-12-02 07:00:00,49.45,50.6,49.45,50.4,97800
2025-12-03 07:00:00,50.8,50.8,49.5,50.1,77100
2025-12-04 07:00:00,50.1,50.1,49.6,50.1,33800
2025-12-05 07:00:00,50.1,50.4,49.7,50.2,51100
2025-12-08 07:00:00,50.0,50.2,48.6,49.2,265500
2025-12-09 07:00:00,49.4,49.65,48.75,49.1,58600
2025-12-10 07:00:00,49.1,49.1,48.5,48.7,61500
2025-12-11 07:00:00,48.05,49.5,48.0,49.0,21700
2025-12-12 07:00:00,49.0,49.0,48.2,48.6,6800
2025-12-15 07:00:00,48.0,48.55,48.0,48.55,34000
2025-12-16 07:00:00,48.6,49.0,48.1,49.0,34100
2025-12-17 07:00:00,49.3,50.0,48.15,49.6,70300
2025-12-18 07:00:00,49.3,49.55,48.5,49.5,13500
2025-12-19 07:00:00,48.9,50.5,48.6,49.9,99600
2025-12-22 07:00:00,49.9,50.5,49.9,50.3,52100
2025-12-23 07:00:00,50.3,50.5,50.0,50.2,60900
2025-12-24 07:00:00,49.1,50.1,49.1,50.1,7300
2025-12-25 07:00:00,50.0,50.6,50.0,50.6,34500
2025-12-26 07:00:00,50.6,50.6,49.2,50.5,71800
2025-12-29 07:00:00,50.4,50.7,50.0,50.7,34000
2025-12-30 07:00:00,50.7,52.4,50.7,51.7,103500
2025-12-31 07:00:00,51.7,53.2,51.7,52.5,96300
2026-01-05 07:00:00,52.5,52.5,51.6,52.1,69500
2026-01-06 07:00:00,52.1,52.3,50.5,51.8,31400
2026-01-07 07:00:00,51.3,52.5,51.2,52.5,90300
2026-01-08 07:00:00,52.4,52.8,52.0,52.5,36500
2026-01-09 07:00:00,52.3,52.6,52.0,52.5,43800
2026-01-12 07:00:00,52.3,52.7,52.2,52.3,61400
2026-01-13 07:00:00,52.1,53.6,52.1,53.1,88100
2026-01-14 07:00:00,53.1,53.6,53.1,53.2,47900
2026-01-15 07:00:00,53.2,53.7,53.0,53.7,57700
2026-01-16 07:00:00,54.3,54.6,54.0,54.2,56600
2026-01-19 07:00:00,54.5,55.0,54.4,54.5,28100
2026-01-20 07:00:00,54.9,54.9,53.6,53.6,61100
2026-01-21 07:00:00,53.6,53.9,53.6,53.6,83800
2026-01-22 07:00:00,54.4,54.4,53.5,53.6,31000
2026-01-23 07:00:00,53.4,54.0,53.4,53.7,86600
2026-01-26 07:00:00,53.6,54.0,53.6,53.9,27500
2026-01-27 07:00:00,53.0,53.7,53.0,53.7,23200
2026-01-28 07:00:00,53.7,53.8,53.6,53.8,31600
2026-01-29 07:00:00,53.6,53.8,53.6,53.8,47900
2026-01-30 07:00:00,53.8,54.3,53.8,54.2,51500
2026-02-02 07:00:00,54.1,54.2,53.4,54.0,32300
2026-02-03 07:00:00,54.0,54.3,53.8,54.1,39800
2026-02-04 07:00:00,54.0,54.2,54.0,54.1,28900
2026-02-05 07:00:00,54.1,54.3,54.1,54.2,14600
2026-02-06 07:00:00,54.1,54.3,53.6,54.1,100400
2026-02-09 07:00:00,53.7,54.1,53.7,54.0,11300
2026-02-10 07:00:00,53.7,54.0,53.5,53.8,44100
2026-02-11 07:00:00,53.6,53.9,53.5,53.9,38800
2026-02-12 07:00:00,53.9,53.9,53.5,53.8,25800
2026-02-13 07:00:00,53.1,53.5,53.1,53.4,16800
2026-02-23 07:00:00,53.0,54.0,53.0,53.7,28300
2026-02-24 07:00:00,53.7,54.2,53.7,53.9,44000
2026-02-25 07:00:00,53.9,54.1,53.9,53.9,19600
2026-02-26 07:00:00,53.8,54.2,53.8,53.9,11300
2026-02-27 07:00:00,53.9,54.2,53.9,54.0,44700
2026-03-02 07:00:00,53.0,54.2,52.2,54.0,10300
2026-03-03 07:00:00,54.0,54.2,53.8,54.0,22000
2026-03-04 07:00:00,54.0,54.2,53.6,54.2,179600
2026-03-05 07:00:00,54.3,54.3,54.1,54.3,28000
2026-03-06 07:00:00,54.5,54.5,53.9,53.9,26800
2026-03-09 07:00:00,52.9,54.4,52.9,53.7,186900
2026-03-10 07:00:00,53.7,57.0,53.7,56.4,187900
2026-03-11 07:00:00,56.9,57.0,56.4,56.7,267600
2026-03-12 07:00:00,56.7,56.8,55.4,56.1,50700
2026-03-13 07:00:00,55.7,56.7,55.0,55.0,77000
2026-03-16 07:00:00,55.1,56.7,55.1,55.6,113900
2026-03-17 07:00:00,56.5,56.5,55.6,56.1,35200
2026-03-18 07:00:00,55.6,56.0,55.0,55.1,51000
2026-03-19 07:00:00,55.2,55.3,55.0,55.0,31500
2026-03-20 07:00:00,54.7,55.4,54.3,54.5,70000
2026-03-23 07:00:00,54.5,54.7,53.7,54.4,90700
2026-03-24 07:00:00,54.7,55.0,54.4,55.0,14100
2026-03-25 07:00:00,55.0,55.3,54.2,55.2,46500
2026-03-26 07:00:00,55.4,55.4,54.5,54.5,25600
2026-03-27 07:00:00,54.4,54.8,54.4,54.8,17600
2026-03-30 07:00:00,54.6,55.0,54.1,55.0,123000
2026-03-31 07:00:00,55.0,55.3,54.7,54.7,11800
2026-04-01 07:00:00,54.8,55.8,54.8,55.7,48900
2026-04-02 07:00:00,55.7,55.7,55.4,55.6,12200
2026-04-03 07:00:00,55.9,55.9,55.3,55.7,25400
2026-04-06 07:00:00,56.0,56.0,55.3,55.7,17700
2026-04-07 07:00:00,55.6,55.6,55.2,55.5,12700
2026-04-08 07:00:00,56.0,56.0,55.1,55.6,30400
2026-04-09 07:00:00,56.6,56.6,55.5,55.6,30600
2026-04-10 07:00:00,55.7,55.7,55.5,55.5,24200
2026-04-13 07:00:00,55.3,56.0,55.3,55.9,34700
2026-04-14 07:00:00,55.9,56.3,55.9,56.0,29200
2026-04-15 07:00:00,56.2,56.2,55.8,55.9,28200
2026-04-16 07:00:00,56.2,56.2,55.0,55.9,35800
2026-04-17 07:00:00,55.5,56.2,55.5,56.2,24500
2026-04-20 07:00:00,56.4,56.4,55.5,56.0,32700
2026-04-21 07:00:00,56.0,56.0,55.1,55.1,6200
2026-04-22 07:00:00,54.8,54.8,51.3,51.3,59200
2026-04-23 07:00:00,51.3,51.3,49.75,49.8,29200
2026-04-24 07:00:00,48.0,49.15,48.0,48.35,31300
2026-04-28 07:00:00,47.0,47.95,47.0,47.5,18300
2026-04-29 07:00:00,47.0,50.8,46.6,50.8,31100
2026-05-04 07:00:00,50.8,50.8,48.8,49.9,15400
2026-05-05 07:00:00,48.35,49.9,48.35,49.9,6800
2026-05-06 07:00:00,49.35,49.35,49.2,49.2,6600
2026-05-07 07:00:00,49.2,49.2,47.6,47.6,31500
2026-05-08 07:00:00,47.8,48.45,47.75,48.1,3900
2026-05-11 07:00:00,47.8,48.0,46.8,46.85,48600
2026-05-12 07:00:00,46.85,46.85,46.4,46.85,24100
2026-05-13 07:00:00,47.0,49.85,47.0,47.7,71900
2026-05-14 07:00:00,47.85,48.8,47.75,47.75,27100
2026-05-15 07:00:00,47.75,47.75,47.0,47.05,13100
2026-05-18 07:00:00,47.05,47.05,46.0,46.25,54400
2026-05-19 07:00:00,46.1,47.0,46.1,47.0,12500
2026-05-20 07:00:00,47.0,47.3,46.2,46.8,10900
2026-05-21 07:00:00,46.9,46.95,46.5,46.9,6500
2026-05-22 07:00:00,46.2,46.85,46.0,46.65,6700
2026-05-25 07:00:00,46.5,46.65,46.0,46.3,14000
2026-05-26 07:00:00,46.2,46.6,46.05,46.6,13100
2026-05-27 07:00:00,46.75,46.8,46.3,46.5,3800
