time,open,high,low,close,volume
2018-01-02 07:00:00,24.41,24.47,24.02,24.3,214410
2018-01-03 07:00:00,24.19,24.76,24.07,24.44,200680
2018-01-04 07:00:00,24.44,25.72,24.19,25.61,512940
2018-01-05 07:00:00,25.67,26.23,25.44,25.78,468100
2018-01-08 07:00:00,26.12,27.03,25.55,27.03,861250
2018-01-09 07:00:00,27.15,27.46,26.69,26.69,651800
2018-01-10 07:00:00,26.63,26.75,26.18,26.46,705660
2018-01-11 07:00:00,26.46,27.09,25.84,27.09,634370
2018-01-12 07:00:00,27.15,27.54,26.46,27.15,455150
2018-01-15 07:00:00,26.75,27.32,26.58,27.32,323170
2018-01-16 07:00:00,26.58,27.26,26.58,26.58,250370
2018-01-17 07:00:00,25.5,26.58,25.5,25.5,457640
2018-01-18 07:00:00,25.15,25.44,24.24,24.64,342550
2018-01-19 07:00:00,24.64,24.98,24.56,24.58,431650
2018-01-22 07:00:00,25.15,25.32,24.47,25.1,301930
2018-01-25 07:00:00,25.32,25.55,24.36,24.36,492210
2018-01-26 07:00:00,24.36,24.81,24.02,24.41,287170
2018-01-29 07:00:00,24.64,24.64,23.87,24.13,222270
2018-01-30 07:00:00,23.9,24.07,23.65,23.9,382490
2018-01-31 07:00:00,23.9,24.19,23.79,23.84,234360
2018-02-01 07:00:00,23.79,23.84,22.99,23.13,247750
2018-02-02 07:00:00,23.13,23.33,22.88,23.16,145350
2018-02-05 07:00:00,22.99,23.05,21.68,22.65,208350
2018-02-06 07:00:00,21.11,22.65,21.08,22.48,746580
2018-02-07 07:00:00,22.48,22.82,22.25,22.54,203530
2018-02-08 07:00:00,22.48,22.59,21.97,21.97,107690
2018-02-09 07:00:00,21.06,21.97,20.6,21.97,233410
2018-02-12 07:00:00,21.63,22.19,21.63,22.0,75340
2018-02-13 07:00:00,22.0,22.59,22.0,22.59,88400
2018-02-21 07:00:00,22.48,23.22,22.37,23.05,132090
2018-02-22 07:00:00,22.82,22.93,21.97,21.97,170180
2018-02-23 07:00:00,21.97,22.48,21.97,22.19,94440
2018-02-26 07:00:00,22.19,22.76,22.19,22.76,192070
2018-02-27 07:00:00,22.76,23.9,22.76,23.9,434700
2018-02-28 07:00:00,23.9,24.81,23.9,24.41,492220
2018-03-01 07:00:00,24.41,24.53,24.07,24.24,192270
2018-03-02 07:00:00,24.02,25.01,23.73,25.01,572680
2018-03-05 07:00:00,25.21,25.24,23.9,23.9,508960
2018-03-06 07:00:00,23.9,24.76,23.79,24.76,687520
2018-03-07 07:00:00,24.67,24.98,24.24,24.24,309950
2018-03-08 07:00:00,24.07,24.47,24.02,24.24,119450
2018-03-09 07:00:00,24.3,24.3,23.93,23.96,178490
2018-03-12 07:00:00,23.96,24.13,23.28,23.79,437890
2018-03-13 07:00:00,23.39,23.73,23.39,23.39,157540
2018-03-14 07:00:00,23.39,23.79,22.99,23.05,270490
2018-03-15 07:00:00,22.93,23.28,22.71,23.28,319560
2018-03-16 07:00:00,23.28,23.73,23.28,23.62,297760
2018-03-19 07:00:00,23.73,23.73,23.33,23.5,149030
2018-03-20 07:00:00,23.05,23.47,23.05,23.08,94440
2018-03-21 07:00:00,23.16,23.39,22.76,22.76,185690
2018-03-22 07:00:00,23.1,23.22,22.59,22.93,211240
2018-03-23 07:00:00,22.48,22.73,22.19,22.39,221020
2018-03-26 07:00:00,22.31,22.42,21.97,22.37,134730
2018-03-27 07:00:00,22.37,22.48,22.08,22.37,98160
2018-03-28 07:00:00,22.08,22.48,21.97,22.48,144110
2018-03-29 07:00:00,22.14,22.48,22.08,22.19,134500
2018-03-30 07:00:00,22.08,22.34,21.97,22.31,178840
2018-04-02 07:00:00,22.14,22.88,22.08,22.71,156160
2018-04-03 07:00:00,22.71,22.88,22.08,22.51,230260
2018-04-04 07:00:00,22.51,22.51,22.08,22.14,199230
2018-04-05 07:00:00,22.14,23.28,22.14,23.28,394170
2018-04-06 07:00:00,23.28,24.07,23.28,23.9,621780
2018-04-09 07:00:00,24.07,24.07,23.33,23.33,277800
2018-04-10 07:00:00,23.33,23.33,22.71,22.79,291260
2018-04-11 07:00:00,22.79,22.99,22.19,22.22,214490
2018-04-12 07:00:00,22.19,22.65,21.91,22.48,138900
2018-04-13 07:00:00,22.54,22.76,21.91,21.91,272250
2018-04-16 07:00:00,21.91,22.37,21.74,22.31,65090
2018-04-17 07:00:00,22.42,22.42,22.22,22.34,63250
2018-04-18 07:00:00,22.25,22.37,22.02,22.14,140640
2018-04-19 07:00:00,21.77,22.25,21.2,21.2,226270
2018-04-20 07:00:00,21.06,21.34,21.0,21.34,235710
2018-04-23 07:00:00,21.4,21.4,20.49,20.49,152370
2018-04-24 07:00:00,20.03,20.49,19.18,19.18,238100
2018-04-26 07:00:00,19.35,20.15,19.15,20.15,333280
2018-04-27 07:00:00,20.03,20.77,19.97,20.77,180060
2018-05-02 07:00:00,20.71,20.77,19.92,20.77,234800
2018-05-03 07:00:00,20.49,21.06,20.34,21.06,318810
2018-05-04 07:00:00,21.08,21.51,21.06,21.51,209670
2018-05-07 07:00:00,21.63,21.85,21.31,21.74,247490
2018-05-08 07:00:00,21.65,21.8,21.23,21.45,192320
2018-05-09 07:00:00,21.28,21.34,20.89,21.06,151420
2018-05-10 07:00:00,21.06,21.4,20.49,21.03,109010
2018-05-11 07:00:00,21.03,21.03,20.49,20.49,121600
2018-05-14 07:00:00,20.74,20.74,20.03,20.37,137990
2018-05-15 07:00:00,20.37,20.77,20.32,20.32,147610
2018-05-16 07:00:00,20.34,20.34,19.69,20.23,92050
2018-05-17 07:00:00,20.37,20.37,19.63,20.09,80730
2018-05-18 07:00:00,20.03,20.09,19.61,19.89,124170
2018-05-21 07:00:00,19.69,20.09,19.21,20.09,165580
2018-05-22 07:00:00,20.09,20.2,19.06,19.35,153230
2018-05-23 07:00:00,19.41,19.46,19.06,19.24,159470
2018-05-24 07:00:00,19.41,20.26,19.35,20.2,236790
2018-05-25 07:00:00,20.2,21.0,20.2,20.49,321610
2018-05-28 07:00:00,20.49,20.66,19.78,19.92,112250
2018-05-29 07:00:00,19.92,20.6,19.55,20.2,183300
2018-05-30 07:00:00,20.2,20.2,19.35,19.58,52850
2018-05-31 07:00:00,19.58,19.86,19.58,19.75,95440
2018-06-01 07:00:00,19.89,19.89,19.49,19.52,105210
2018-06-04 07:00:00,19.58,19.86,19.55,19.83,226990
2018-06-05 07:00:00,20.06,20.43,19.97,20.23,190780
2018-06-06 07:00:00,20.23,21.34,20.23,21.23,479770
2018-06-07 07:00:00,20.94,21.23,20.83,21.23,376950
2018-06-08 07:00:00,21.11,21.17,20.77,20.89,126070
2018-06-11 07:00:00,20.91,22.11,20.54,21.68,458580
2018-06-12 07:00:00,21.68,22.08,21.11,21.74,596600
2018-06-13 07:00:00,22.08,22.65,22.05,22.45,496610
2018-06-14 07:00:00,22.51,22.51,21.97,22.19,411390
2018-06-15 07:00:00,22.19,22.19,21.77,22.11,233630
2018-06-18 07:00:00,22.11,22.11,20.77,20.77,277390
2018-06-19 07:00:00,20.49,20.94,20.09,20.69,375170
2018-06-20 07:00:00,20.77,21.11,20.69,20.94,175700
2018-06-21 07:00:00,21.28,21.28,20.77,20.77,110040
2018-06-22 07:00:00,20.83,21.28,20.77,20.77,95340
2018-06-25 07:00:00,20.8,21.31,20.8,20.83,76520
2018-06-26 07:00:00,20.83,21.2,20.8,21.06,158160
2018-06-27 07:00:00,21.03,21.2,20.66,20.66,116910
2018-06-28 07:00:00,20.69,20.69,20.12,20.12,115090
2018-06-29 07:00:00,20.12,20.43,19.78,19.78,229830
2018-07-02 07:00:00,19.8,19.92,19.06,19.06,185050
2018-07-03 07:00:00,19.29,19.72,18.78,19.06,121740
2018-07-04 07:00:00,19.01,19.46,18.89,19.29,260270
2018-07-05 07:00:00,19.24,19.55,18.5,18.78,117190
2018-07-06 07:00:00,18.98,19.61,18.21,19.61,161100
2018-07-09 07:00:00,19.35,19.63,18.81,19.35,102380
2018-07-10 07:00:00,18.84,19.41,18.58,18.58,57260
2018-07-11 07:00:00,18.78,18.78,17.3,17.41,598560
2018-07-12 07:00:00,17.24,17.41,16.96,17.39,225360
2018-07-13 07:00:00,17.36,17.64,17.02,17.39,172950
2018-07-16 07:00:00,17.39,17.81,17.27,17.67,122470
2018-07-17 07:00:00,17.64,18.15,17.47,17.93,130130
2018-07-18 07:00:00,17.93,18.5,17.93,18.21,128160
2018-07-19 07:00:00,18.38,18.67,18.1,18.13,122730
2018-07-20 07:00:00,18.13,18.18,17.81,18.1,193140
2018-07-23 07:00:00,17.87,18.1,17.64,17.64,148620
2018-07-24 07:00:00,17.64,17.93,17.64,17.64,152050
2018-07-25 07:00:00,17.64,17.98,17.64,17.64,97990
2018-07-26 07:00:00,17.84,17.9,17.64,17.7,133480
2018-07-27 07:00:00,17.7,18.1,17.7,17.93,176420
2018-07-30 07:00:00,18.1,18.55,18.1,18.5,232650
2018-07-31 07:00:00,18.52,18.72,18.44,18.55,240600
2018-08-01 07:00:00,18.69,19.18,18.69,19.09,289480
2018-08-02 07:00:00,19.09,19.12,18.55,19.06,142950
2018-08-03 07:00:00,19.12,19.12,18.61,18.78,140830
2018-08-06 07:00:00,18.78,18.78,18.38,18.78,256820
2018-08-07 07:00:00,19.23,19.55,18.97,19.55,206600
2018-08-08 07:00:00,19.55,19.81,19.55,19.71,95490
2018-08-09 07:00:00,19.55,19.81,19.39,19.39,62290
2018-08-10 07:00:00,19.13,19.45,19.07,19.45,117180
2018-08-13 07:00:00,19.45,19.65,19.23,19.29,93860
2018-08-14 07:00:00,19.29,19.52,19.04,19.42,141350
2018-08-15 07:00:00,19.16,19.39,18.97,19.36,83710
2018-08-16 07:00:00,19.0,19.32,18.94,19.23,91770
2018-08-17 07:00:00,18.97,19.23,18.91,18.91,75010
2018-08-20 07:00:00,18.78,19.16,18.27,18.27,118830
2018-08-21 07:00:00,18.27,18.46,18.24,18.4,153750
2018-08-22 07:00:00,18.4,19.04,18.4,18.91,102150
2018-08-23 07:00:00,18.72,19.04,18.72,18.91,57320
2018-08-24 07:00:00,18.72,18.91,18.68,18.91,54030
2018-08-27 07:00:00,18.91,18.97,18.65,18.91,79750
2018-08-28 07:00:00,18.91,18.91,18.75,18.88,98350
2018-08-29 07:00:00,18.88,18.91,18.72,18.91,81990
2018-08-30 07:00:00,18.97,19.04,18.75,18.94,73250
2018-08-31 07:00:00,18.94,18.94,18.75,18.78,84460
2018-09-04 07:00:00,18.97,19.87,18.97,19.84,510900
2018-09-05 07:00:00,19.87,20.83,19.87,20.57,427120
2018-09-06 07:00:00,20.77,20.86,20.32,20.35,298470
2018-09-07 07:00:00,20.48,20.48,19.29,19.93,149770
2018-09-10 07:00:00,20.16,20.35,20.0,20.13,187100
2018-09-11 07:00:00,20.13,20.7,20.09,20.57,259150
2018-09-12 07:00:00,20.61,20.99,20.57,20.64,317250
2018-09-13 07:00:00,20.83,20.89,20.35,20.64,160060
2018-09-14 07:00:00,20.64,20.64,20.19,20.32,105920
2018-09-17 07:00:00,20.19,20.25,19.61,19.68,229870
2018-09-18 07:00:00,19.55,19.87,19.36,19.84,253430
2018-09-19 07:00:00,19.93,20.35,19.87,20.16,396640
2018-09-20 07:00:00,20.16,20.25,19.74,20.13,145850
2018-09-21 07:00:00,20.13,20.38,19.81,20.0,422890
2018-09-24 07:00:00,19.84,20.67,19.84,20.67,694100
2018-09-25 07:00:00,20.61,21.31,20.61,21.15,741210
2018-09-26 07:00:00,21.28,22.24,21.28,22.02,1045720
2018-09-27 07:00:00,22.02,22.02,21.79,21.92,451040
2018-09-28 07:00:00,21.92,22.34,21.76,21.92,738920
2018-10-01 07:00:00,22.11,22.24,21.15,21.66,607240
2018-10-02 07:00:00,21.54,22.02,21.54,21.92,485050
2018-10-03 07:00:00,22.05,22.69,22.02,22.69,980310
2018-10-04 07:00:00,22.82,22.98,22.5,22.69,465900
2018-10-05 07:00:00,22.5,22.82,22.21,22.37,431000
2018-10-08 07:00:00,21.98,22.31,21.54,21.54,819570
2018-10-09 07:00:00,21.76,21.76,21.31,21.38,638280
2018-10-10 07:00:00,21.38,21.79,21.38,21.79,479440
2018-10-11 07:00:00,20.83,21.34,20.29,20.32,998420
2018-10-12 07:00:00,19.87,20.7,19.74,20.64,372100
2018-10-15 07:00:00,20.51,20.67,20.0,20.0,322070
2018-10-16 07:00:00,20.38,20.38,20.06,20.38,277170
2018-10-17 07:00:00,20.67,20.8,20.45,20.64,403750
2018-10-18 07:00:00,20.51,20.83,20.32,20.32,304530
2018-10-19 07:00:00,20.16,20.32,20.16,20.29,307140
2018-10-22 07:00:00,20.35,20.48,20.25,20.25,328340
2018-10-23 07:00:00,20.22,20.25,19.04,19.74,597710
2018-10-24 07:00:00,19.55,19.74,19.04,19.04,243500
2018-10-25 07:00:00,18.27,18.56,17.91,18.49,368260
2018-10-26 07:00:00,18.52,19.0,18.17,18.2,161640
2018-10-29 07:00:00,18.14,18.17,17.31,17.31,272410
2018-10-30 07:00:00,17.31,17.95,17.31,17.95,231860
2018-10-31 07:00:00,17.95,18.52,17.95,18.52,499510
2018-11-01 07:00:00,18.59,18.59,18.14,18.33,202130
2018-11-02 07:00:00,18.33,18.72,18.33,18.46,230930
2018-11-05 07:00:00,18.27,18.91,18.2,18.91,324210
2018-11-06 07:00:00,19.23,19.36,18.91,18.91,464680
2018-11-07 07:00:00,18.91,19.16,18.78,18.88,213190
2018-11-08 07:00:00,19.1,19.16,18.91,18.91,225530
2018-11-09 07:00:00,18.88,19.0,18.59,18.59,163880
2018-11-12 07:00:00,18.75,18.75,18.43,18.49,191080
2018-11-13 07:00:00,18.33,18.52,18.24,18.52,130330
2018-11-14 07:00:00,18.36,18.72,18.36,18.52,303490
2018-11-15 07:00:00,18.36,19.04,18.36,18.4,260690
2018-11-16 07:00:00,18.72,18.78,18.56,18.59,146140
2018-11-19 07:00:00,18.59,18.91,18.59,18.91,292260
2018-11-20 07:00:00,18.91,18.91,18.56,18.75,238970
2018-11-21 07:00:00,18.62,18.65,18.46,18.65,197700
2018-11-22 07:00:00,18.65,18.81,18.65,18.68,355710
2018-11-23 07:00:00,18.65,18.68,18.46,18.46,268290
2018-11-26 07:00:00,18.33,18.46,18.14,18.24,229250
2018-11-27 07:00:00,18.24,18.24,17.82,17.82,306900
2018-11-28 07:00:00,17.82,17.95,17.47,17.63,359260
2018-11-29 07:00:00,17.95,18.01,17.37,17.63,351090
2018-11-30 07:00:00,17.63,17.95,17.43,17.95,725290
2018-12-03 07:00:00,18.01,18.27,18.01,18.27,300300
2018-12-04 07:00:00,18.3,18.3,18.11,18.27,408580
2018-12-05 07:00:00,17.95,18.27,17.95,18.27,613100
2018-12-06 07:00:00,18.27,18.59,18.07,18.59,784490
2018-12-07 07:00:00,18.59,18.68,18.4,18.4,330110
2018-12-10 07:00:00,18.46,18.46,18.17,18.2,329420
2018-12-11 07:00:00,18.2,18.2,17.85,17.88,343720
2018-12-12 07:00:00,17.88,18.17,17.88,18.14,359800
2018-12-13 07:00:00,18.14,18.3,18.11,18.2,349840
2018-12-14 07:00:00,18.2,18.2,17.91,17.91,336670
2018-12-17 07:00:00,17.88,17.95,17.63,17.63,389540
2018-12-18 07:00:00,17.37,17.56,17.18,17.4,353060
2018-12-19 07:00:00,17.43,17.47,17.11,17.31,171530
2018-12-20 07:00:00,17.18,17.37,17.08,17.31,231030
2018-12-21 07:00:00,17.24,17.24,17.11,17.24,197860
2018-12-24 07:00:00,17.11,17.24,16.66,16.66,265000
2018-12-25 07:00:00,16.02,16.54,15.58,16.02,409200
2018-12-26 07:00:00,15.96,16.54,15.67,16.54,540940
2018-12-27 07:00:00,16.86,16.86,16.34,16.79,265350
2018-12-28 07:00:00,16.38,16.7,16.34,16.34,134880
2019-01-02 07:00:00,16.34,16.54,15.9,16.15,139920
2019-01-03 07:00:00,15.83,16.02,15.51,15.9,126270
2019-01-04 07:00:00,15.7,15.86,15.19,15.86,141560
2019-01-07 07:00:00,15.96,16.22,15.9,15.99,117860
2019-01-08 07:00:00,15.83,15.96,15.7,15.96,28980
2019-01-09 07:00:00,16.02,16.28,15.96,16.15,99760
2019-01-10 07:00:00,16.22,16.41,16.15,16.31,85380
2019-01-11 07:00:00,15.74,16.34,15.74,16.28,74790
2019-01-14 07:00:00,16.28,16.28,15.96,16.15,114640
2019-01-15 07:00:00,15.9,16.34,15.9,16.15,110620
2019-01-16 07:00:00,16.28,16.28,15.93,15.93,81630
2019-01-17 07:00:00,16.02,16.38,15.93,16.28,182140
2019-01-18 07:00:00,16.28,16.28,15.96,15.99,53910
2019-01-21 07:00:00,16.02,16.18,15.86,15.86,254470
2019-01-22 07:00:00,16.02,16.22,15.9,15.9,271720
2019-01-23 07:00:00,15.9,16.02,15.83,15.83,128950
2019-01-24 07:00:00,15.86,15.96,15.77,15.9,142000
2019-01-25 07:00:00,15.9,15.96,15.74,15.74,176290
2019-01-28 07:00:00,15.74,15.77,15.48,15.74,230180
2019-01-29 07:00:00,15.74,15.83,15.64,15.83,118370
2019-01-30 07:00:00,15.77,15.86,15.77,15.83,113590
2019-01-31 07:00:00,15.77,15.86,15.74,15.83,98180
2019-02-01 07:00:00,15.77,15.77,15.64,15.77,72380
2019-02-11 07:00:00,15.77,16.15,15.77,16.06,102050
2019-02-12 07:00:00,16.06,17.02,16.06,16.86,517370
2019-02-13 07:00:00,16.92,17.02,16.73,16.99,358890
2019-02-14 07:00:00,16.92,17.37,16.73,17.18,495530
2019-02-15 07:00:00,17.31,17.31,16.79,16.82,318640
2019-02-18 07:00:00,16.86,16.99,16.73,16.92,222890
2019-02-19 07:00:00,16.92,17.11,16.79,17.05,276260
2019-02-20 07:00:00,16.99,17.05,16.79,16.86,149810
2019-02-21 07:00:00,16.76,16.92,16.6,16.76,99410
2019-02-22 07:00:00,16.6,16.79,16.41,16.41,307310
2019-02-25 07:00:00,16.47,16.66,16.41,16.47,459980
2019-02-26 07:00:00,16.47,17.05,16.47,16.86,668710
2019-02-27 07:00:00,16.99,16.99,16.73,16.73,316910
2019-02-28 07:00:00,16.89,17.79,16.79,17.63,1256510
2019-03-01 07:00:00,17.91,18.56,17.82,18.52,1166490
2019-03-04 07:00:00,18.59,18.65,18.17,18.4,612200
2019-03-05 07:00:00,18.14,18.81,17.82,18.75,872000
2019-03-06 07:00:00,18.75,18.91,18.52,18.91,703520
2019-03-07 07:00:00,18.84,19.55,18.62,18.62,788610
2019-03-08 07:00:00,18.4,18.72,18.14,18.43,882730
2019-03-11 07:00:00,18.46,19.07,18.4,19.07,518690
2019-03-12 07:00:00,19.42,19.48,19.04,19.1,674170
2019-03-13 07:00:00,18.91,19.2,18.84,19.0,474900
2019-03-14 07:00:00,19.0,19.32,18.97,19.16,792670
2019-03-15 07:00:00,19.2,19.2,18.91,18.97,518560
2019-03-18 07:00:00,19.13,19.13,18.65,18.65,332220
2019-03-19 07:00:00,18.65,18.72,18.14,18.14,733760
2019-03-20 07:00:00,18.14,18.24,17.75,18.01,373090
2019-03-21 07:00:00,18.11,18.46,17.82,17.82,476960
2019-03-22 07:00:00,18.01,18.17,17.82,17.98,480010
2019-03-25 07:00:00,17.69,17.98,17.24,17.24,389280
2019-03-26 07:00:00,17.56,17.56,17.11,17.31,392090
2019-03-27 07:00:00,17.4,17.63,17.24,17.31,390320
2019-03-28 07:00:00,17.27,17.59,17.24,17.59,287070
2019-03-29 07:00:00,17.69,17.82,17.5,17.5,313170
2019-04-01 07:00:00,17.5,17.82,17.5,17.63,255490
2019-04-02 07:00:00,17.85,17.85,17.34,17.34,377690
2019-04-03 07:00:00,17.34,17.34,16.34,17.11,744080
2019-04-04 07:00:00,17.05,17.4,16.79,17.4,467460
2019-04-05 07:00:00,17.4,17.91,17.4,17.91,550420
2019-04-08 07:00:00,18.01,18.01,17.53,17.56,414270
2019-04-09 07:00:00,17.56,17.63,17.27,17.31,403990
2019-04-10 07:00:00,17.02,17.37,17.02,17.08,551370
2019-04-11 07:00:00,17.08,17.21,17.05,17.08,333040
2019-04-12 07:00:00,17.08,17.34,17.05,17.18,430720
2019-04-16 07:00:00,17.18,17.47,16.92,17.24,370800
2019-04-17 07:00:00,17.24,17.31,16.7,16.7,434080
2019-04-18 07:00:00,16.7,16.7,15.93,16.02,465320
2019-04-19 07:00:00,16.02,16.41,16.02,16.15,217990
2019-04-22 07:00:00,15.83,16.34,15.74,15.77,314070
2019-04-23 07:00:00,15.77,15.83,15.41,15.41,177300
2019-04-24 07:00:00,15.41,16.02,15.41,16.02,367460
2019-04-25 07:00:00,16.02,16.02,15.74,15.74,143060
2019-04-26 07:00:00,15.74,15.74,15.45,15.67,179730
2019-05-02 07:00:00,15.96,15.99,15.45,15.51,259530
2019-05-03 07:00:00,15.51,15.51,15.19,15.22,268970
2019-05-06 07:00:00,14.61,15.06,14.49,14.55,280940
2019-05-07 07:00:00,14.71,15.19,14.55,14.61,219200
2019-05-08 07:00:00,14.42,14.42,14.0,14.1,322880
2019-05-09 07:00:00,13.91,14.68,13.78,14.68,326550
2019-05-10 07:00:00,14.68,14.74,14.49,14.68,88180
2019-05-13 07:00:00,14.68,14.68,14.42,14.55,164030
2019-05-14 07:00:00,14.45,14.68,14.23,14.55,213540
2019-05-15 07:00:00,14.55,15.25,14.55,15.19,327630
2019-05-16 07:00:00,15.22,15.32,15.0,15.0,129620
2019-05-17 07:00:00,14.9,15.06,14.68,14.74,144350
2019-05-20 07:00:00,14.81,15.06,14.68,15.0,148580
2019-05-21 07:00:00,15.0,15.06,14.74,14.74,198470
2019-05-22 07:00:00,14.61,14.84,14.49,14.61,142710
2019-05-23 07:00:00,14.39,14.71,14.29,14.71,219860
2019-05-24 07:00:00,14.52,14.65,14.42,14.52,127150
2019-05-27 07:00:00,14.65,14.65,14.39,14.52,171860
2019-05-28 07:00:00,14.45,14.49,14.26,14.33,110490
2019-05-29 07:00:00,14.36,14.87,14.13,14.87,542370
2019-05-30 07:00:00,14.87,15.19,14.87,15.03,492080
2019-05-31 07:00:00,15.0,15.03,14.61,14.74,182510
2019-06-03 07:00:00,14.68,14.68,14.16,14.23,326760
2019-06-04 07:00:00,14.16,14.26,13.78,13.78,308000
2019-06-05 07:00:00,13.91,14.16,13.3,13.65,520270
2019-06-06 07:00:00,13.14,13.65,13.14,13.65,423390
2019-06-07 07:00:00,13.59,14.04,13.59,13.78,262890
2019-06-10 07:00:00,13.91,13.97,13.81,13.88,349170
2019-06-11 07:00:00,14.04,14.36,13.84,14.23,546630
2019-06-12 07:00:00,14.2,14.55,14.1,14.16,465310
2019-06-13 07:00:00,14.1,14.2,13.91,14.16,321370
2019-06-14 07:00:00,14.23,14.23,13.88,14.04,221410
2019-06-17 07:00:00,13.91,14.07,13.78,14.04,356720
2019-06-18 07:00:00,13.97,14.16,13.84,14.16,329380
2019-06-19 07:00:00,14.16,14.42,14.13,14.16,230710
2019-06-20 07:00:00,14.1,14.26,14.07,14.1,193280
2019-06-21 07:00:00,14.23,14.36,14.04,14.1,194090
2019-06-24 07:00:00,14.1,14.71,13.97,14.55,438120
2019-06-25 07:00:00,14.58,14.87,14.49,14.68,1289600
2019-06-26 07:00:00,14.61,14.68,14.55,14.65,207970
2019-06-27 07:00:00,14.55,15.0,14.55,14.74,791410
2019-06-28 07:00:00,14.74,14.81,14.58,14.74,213520
2019-07-01 07:00:00,14.9,15.06,14.74,14.93,321250
2019-07-02 07:00:00,15.0,15.0,14.81,14.93,256330
2019-07-03 07:00:00,14.9,14.93,14.68,14.74,436960
2019-07-04 07:00:00,14.84,14.93,14.74,14.87,247060
2019-07-05 07:00:00,15.0,15.0,14.77,14.84,211120
2019-07-08 07:00:00,14.84,14.9,14.74,14.81,303900
2019-07-09 07:00:00,14.87,14.87,14.45,14.45,375160
2019-07-10 07:00:00,14.42,14.55,13.84,13.94,663420
2019-07-11 07:00:00,13.94,14.0,13.84,13.91,178010
2019-07-12 07:00:00,13.91,14.29,13.88,14.1,104990
2019-07-15 07:00:00,13.91,14.29,13.78,13.78,185110
2019-07-16 07:00:00,13.81,14.0,13.81,13.91,169000
2019-07-17 07:00:00,13.91,14.0,13.78,13.81,277270
2019-07-18 07:00:00,13.84,13.84,13.59,13.81,416970
2019-07-19 07:00:00,13.84,13.91,13.75,13.88,165390
2019-07-22 07:00:00,13.88,14.29,13.84,14.29,411030
2019-07-23 07:00:00,14.26,14.36,14.16,14.2,319950
2019-07-24 07:00:00,14.29,14.29,13.81,13.81,274790
2019-07-25 07:00:00,13.81,14.07,13.72,13.75,276660
2019-07-26 07:00:00,13.78,13.81,13.59,13.62,155400
2019-07-29 07:00:00,13.68,13.75,13.4,13.43,260160
2019-07-30 07:00:00,13.56,13.56,13.08,13.08,162680
2019-07-31 07:00:00,13.01,13.33,12.85,12.85,223170
2019-08-01 07:00:00,12.85,13.75,12.82,13.75,536400
2019-08-02 07:00:00,13.97,14.71,13.78,14.71,691300
2019-08-05 07:00:00,15.13,15.74,15.06,15.32,1242830
2019-08-06 07:00:00,14.65,15.7,14.65,15.19,1107040
2019-08-07 07:00:00,14.65,15.38,14.87,15.32,516050
2019-08-08 07:00:00,15.32,16.15,15.06,15.8,1367250
2019-08-09 07:00:00,15.86,16.28,15.77,15.96,473590
2019-08-12 07:00:00,15.51,15.77,15.41,15.41,341470
2019-08-13 07:00:00,15.38,15.64,15.13,15.51,564800
2019-08-14 07:00:00,15.64,15.64,15.13,15.13,557890
2019-08-15 07:00:00,14.87,15.06,14.74,14.97,546980
2019-08-16 07:00:00,14.97,15.58,14.97,15.32,538430
2019-08-19 07:00:00,15.61,15.61,15.25,15.32,273050
2019-08-20 07:00:00,15.45,15.93,15.45,15.83,732130
2019-08-21 07:00:00,15.99,16.25,15.83,15.83,925740
2019-08-22 07:00:00,15.96,16.09,15.83,15.86,354210
2019-08-23 07:00:00,15.86,15.96,15.7,15.86,429290
2019-08-26 07:00:00,15.64,15.83,15.45,15.7,623910
2019-08-27 07:00:00,15.96,15.96,15.41,15.41,422720
2019-08-28 07:00:00,15.45,15.51,14.97,14.97,362020
2019-08-29 07:00:00,14.97,15.32,14.93,15.13,259580
2019-08-30 07:00:00,15.13,15.25,14.97,14.97,203890
2019-09-03 07:00:00,15.13,15.13,14.42,14.42,243410
2019-09-04 07:00:00,15.13,14.42,14.1,14.13,308830
2019-09-05 07:00:00,14.39,14.55,14.16,14.29,230050
2019-09-06 07:00:00,14.13,14.49,14.04,14.04,173530
2019-09-09 07:00:00,14.04,14.26,14.04,14.2,90840
2019-09-10 07:00:00,14.33,14.33,13.75,13.91,190700
2019-09-11 07:00:00,13.81,14.16,13.81,14.16,382380
2019-09-12 07:00:00,14.1,14.26,14.04,14.04,350800
2019-09-13 07:00:00,14.07,14.52,14.04,14.42,465340
2019-09-16 07:00:00,14.36,14.61,14.26,14.26,354280
2019-09-17 07:00:00,14.39,14.39,14.1,14.26,285820
2019-09-18 07:00:00,14.36,14.42,14.13,14.16,283190
2019-09-19 07:00:00,14.16,14.29,14.0,14.29,496020
2019-09-20 07:00:00,14.29,14.36,14.13,14.23,251870
2019-09-23 07:00:00,14.04,14.29,14.04,14.1,191310
2019-09-24 07:00:00,14.1,14.29,14.1,14.13,401710
2019-09-25 07:00:00,14.1,14.23,14.07,14.13,136940
2019-09-26 07:00:00,14.1,14.13,13.4,13.97,1027320
2019-09-27 07:00:00,13.97,14.13,13.65,13.78,187270
2019-09-30 07:00:00,13.78,13.97,13.52,13.52,335520
2019-10-01 07:00:00,13.52,13.97,13.52,13.78,207170
2019-10-02 07:00:00,13.81,14.2,13.78,14.07,316800
2019-10-03 07:00:00,13.88,14.16,13.81,14.16,221250
2019-10-04 07:00:00,14.13,14.29,13.94,14.0,461240
2019-10-07 07:00:00,13.94,14.04,13.62,13.62,240410
2019-10-08 07:00:00,13.62,13.78,13.59,13.65,204970
2019-10-09 07:00:00,13.65,13.78,13.59,13.59,171140
2019-10-10 07:00:00,13.59,13.94,13.56,13.84,223500
2019-10-11 07:00:00,13.91,13.91,13.72,13.81,155890
2019-10-14 07:00:00,13.81,13.81,13.65,13.65,130210
2019-10-15 07:00:00,13.65,13.78,13.59,13.65,197720
2019-10-16 07:00:00,13.65,13.75,13.59,13.65,151060
2019-10-17 07:00:00,13.65,13.65,13.52,13.62,216860
2019-10-18 07:00:00,13.59,13.62,13.2,13.33,506730
2019-10-21 07:00:00,13.14,13.2,12.88,12.95,408170
2019-10-22 07:00:00,12.95,13.46,12.59,13.46,675830
2019-10-23 07:00:00,13.27,13.43,13.01,13.33,386360
2019-10-24 07:00:00,13.33,13.33,13.11,13.27,152990
2019-10-25 07:00:00,13.14,13.27,12.82,12.82,744190
2019-10-28 07:00:00,12.82,12.92,12.72,12.82,209790
2019-10-29 07:00:00,12.69,12.79,12.21,12.21,425750
2019-10-30 07:00:00,12.43,12.43,12.21,12.4,135890
2019-10-31 07:00:00,12.43,12.47,12.11,12.18,151950
2019-11-01 07:00:00,12.11,12.31,11.79,11.89,201620
2019-11-04 07:00:00,11.89,12.02,11.83,11.83,252810
2019-11-05 07:00:00,11.92,11.92,11.44,11.7,470200
2019-11-06 07:00:00,11.7,12.18,11.6,12.05,290000
2019-11-07 07:00:00,12.05,12.18,11.51,11.73,392070
2019-11-08 07:00:00,11.67,11.73,11.09,11.47,738640
2019-11-11 07:00:00,11.47,11.79,11.22,11.79,237140
2019-11-12 07:00:00,11.6,11.79,11.54,11.63,294920
2019-11-13 07:00:00,11.6,11.6,11.31,11.34,181920
2019-11-14 07:00:00,11.28,11.41,10.9,10.9,320120
2019-11-15 07:00:00,10.8,10.99,10.64,10.96,366120
2019-11-18 07:00:00,10.9,10.9,10.51,10.86,397130
2019-11-19 07:00:00,10.83,10.93,10.64,10.9,483620
2019-11-20 07:00:00,10.96,11.44,10.93,11.28,679140
2019-11-21 07:00:00,11.15,11.38,11.15,11.28,381280
2019-11-22 07:00:00,11.28,11.47,10.96,10.96,464020
2019-11-25 07:00:00,10.99,11.09,10.64,10.64,212050
2019-11-26 07:00:00,10.83,11.06,10.7,10.9,101260
2019-11-27 07:00:00,10.9,11.02,10.77,10.9,91610
2019-11-28 07:00:00,10.77,10.9,10.64,10.64,311320
2019-11-29 07:00:00,10.7,10.96,10.7,10.9,133210
2019-12-02 07:00:00,11.02,11.02,10.58,10.83,178630
2019-12-03 07:00:00,10.7,10.83,10.64,10.83,399130
2019-12-04 07:00:00,10.8,10.83,10.7,10.83,162620
2019-12-05 07:00:00,10.86,10.86,10.26,10.83,215110
2019-12-06 07:00:00,10.61,10.83,10.61,10.61,372320
2019-12-09 07:00:00,10.61,10.74,10.26,10.26,441820
2019-12-10 07:00:00,10.26,10.67,9.81,10.45,677270
2019-12-11 07:00:00,10.26,10.74,10.26,10.64,466780
2019-12-12 07:00:00,10.45,11.38,10.45,11.38,781190
2019-12-13 07:00:00,11.67,12.08,11.54,11.92,784410
2019-12-16 07:00:00,11.73,11.99,11.73,11.79,526290
2019-12-17 07:00:00,11.67,11.73,11.38,11.41,340670
2019-12-18 07:00:00,11.28,11.41,11.09,11.12,249140
2019-12-19 07:00:00,11.12,11.57,11.12,11.44,236540
2019-12-20 07:00:00,11.34,11.63,11.28,11.28,206240
2019-12-23 07:00:00,11.28,11.47,11.09,11.09,176160
2019-12-24 07:00:00,11.09,11.47,10.9,11.38,299120
2019-12-25 07:00:00,11.22,11.44,11.22,11.41,92600
2019-12-26 07:00:00,11.31,11.47,11.28,11.28,85660
2019-12-27 07:00:00,11.28,11.34,11.06,11.06,196200
2019-12-30 07:00:00,11.02,11.12,10.9,11.06,262090
2019-12-31 07:00:00,11.06,11.09,10.83,10.9,125420
2020-01-02 07:00:00,10.9,10.9,10.77,10.8,238680
2020-01-03 07:00:00,10.86,10.9,10.67,10.7,176740
2020-01-06 07:00:00,10.61,10.61,9.97,10.03,510970
2020-01-07 07:00:00,10.03,10.64,9.42,10.58,495240
2020-01-08 07:00:00,10.58,10.58,9.84,10.16,387340
2020-01-09 07:00:00,10.16,10.19,9.93,9.93,130650
2020-01-10 07:00:00,9.93,10.0,9.42,9.68,380090
2020-01-13 07:00:00,9.68,9.93,9.26,9.93,337270
2020-01-14 07:00:00,9.42,9.84,9.42,9.81,55450
2020-01-15 07:00:00,9.68,9.84,9.68,9.81,270650
2020-01-16 07:00:00,9.81,9.84,9.65,9.74,68000
2020-01-17 07:00:00,9.68,9.84,9.65,9.84,96990
2020-01-20 07:00:00,9.87,10.19,9.74,10.16,114920
2020-01-21 07:00:00,10.26,10.7,10.22,10.61,300290
2020-01-22 07:00:00,10.48,11.09,10.48,10.93,299930
2020-01-30 07:00:00,10.7,10.86,10.45,10.51,338440
2020-01-31 07:00:00,10.35,10.51,10.06,10.26,256720
2020-02-03 07:00:00,9.55,9.87,9.55,9.65,444200
2020-02-04 07:00:00,9.65,9.87,9.55,9.68,289090
2020-02-05 07:00:00,9.68,9.9,9.65,9.81,337950
2020-02-06 07:00:00,9.81,10.16,9.68,10.16,275390
2020-02-07 07:00:00,10.16,10.51,10.0,10.51,320840
2020-02-10 07:00:00,10.29,10.51,10.13,10.13,333870
2020-02-11 07:00:00,10.09,10.74,10.09,10.67,802750
2020-02-12 07:00:00,10.67,11.06,10.64,10.86,631800
2020-02-13 07:00:00,10.86,10.86,10.58,10.64,891260
2020-02-14 07:00:00,10.64,11.02,10.58,10.99,722770
2020-02-17 07:00:00,11.02,11.6,10.9,11.54,1188290
2020-02-18 07:00:00,11.63,11.63,11.25,11.25,1080800
2020-02-19 07:00:00,11.31,11.47,11.25,11.44,951020
2020-02-20 07:00:00,11.51,12.21,11.51,12.21,1598780
2020-02-21 07:00:00,12.21,12.72,12.08,12.24,1666720
2020-02-24 07:00:00,11.73,12.08,11.41,11.41,1285450
2020-02-25 07:00:00,11.09,11.73,10.83,11.73,1297190
2020-02-26 07:00:00,11.28,12.08,11.28,11.86,906550
2020-02-27 07:00:00,12.05,12.27,11.83,12.27,1139760
2020-02-28 07:00:00,12.05,12.59,11.79,12.59,1457630
2020-03-02 07:00:00,12.82,13.4,12.79,13.14,1124140
2020-03-03 07:00:00,13.33,13.4,12.95,13.17,1250360
2020-03-04 07:00:00,12.98,13.78,12.98,13.27,1390350
2020-03-05 07:00:00,13.43,13.56,13.01,13.01,1162600
2020-03-06 07:00:00,12.82,13.08,12.69,13.01,933380
2020-03-09 07:00:00,12.18,12.43,12.11,12.11,790180
2020-03-10 07:00:00,11.34,12.05,11.28,11.31,1585550
2020-03-11 07:00:00,11.34,11.92,10.54,10.83,1663780
2020-03-12 07:00:00,10.16,10.26,10.09,10.09,598300
2020-03-13 07:00:00,9.39,10.48,9.39,10.48,1247730
2020-03-16 07:00:00,10.42,10.42,9.77,9.77,741600
2020-03-17 07:00:00,9.1,9.74,9.1,9.74,1352510
2020-03-18 07:00:00,9.74,10.19,9.49,9.74,654520
2020-03-19 07:00:00,9.52,9.52,9.07,9.49,1197660
2020-03-20 07:00:00,9.42,9.45,9.04,9.29,834510
2020-03-23 07:00:00,8.78,8.85,8.65,8.65,615790
2020-03-24 07:00:00,8.08,8.33,8.08,8.08,1704220
2020-03-25 07:00:00,8.59,8.62,8.33,8.46,931920
2020-03-26 07:00:00,8.2,8.46,8.08,8.08,566260
2020-03-27 07:00:00,8.08,8.2,7.53,7.88,748610
2020-03-30 07:00:00,7.4,7.82,7.34,7.82,1124540
2020-03-31 07:00:00,7.63,8.14,7.27,7.82,987960
2020-04-01 07:00:00,7.5,7.98,7.5,7.92,523710
2020-04-03 07:00:00,7.92,8.4,7.92,8.4,501180
2020-04-06 07:00:00,8.65,8.97,8.52,8.78,993780
2020-04-07 07:00:00,8.85,8.91,8.56,8.56,592600
2020-04-08 07:00:00,8.43,8.78,8.17,8.4,390040
2020-04-09 07:00:00,8.4,8.97,8.4,8.97,681580
2020-04-10 07:00:00,9.36,9.58,9.1,9.36,1275110
2020-04-13 07:00:00,9.36,9.9,9.26,9.65,708440
2020-04-14 07:00:00,9.65,9.77,9.36,9.39,677830
2020-04-15 07:00:00,9.49,9.77,9.42,9.61,895670
2020-04-16 07:00:00,9.49,10.03,9.39,9.93,759990
2020-04-17 07:00:00,10.19,10.26,10.0,10.13,703040
2020-04-20 07:00:00,10.64,10.83,10.58,10.83,463940
2020-04-21 07:00:00,11.57,11.57,10.83,11.34,3777960
2020-04-22 07:00:00,11.02,12.11,10.96,12.11,1542590
2020-04-23 07:00:00,12.79,12.79,11.92,11.92,1203140
2020-04-24 07:00:00,11.79,11.99,11.41,11.76,1381090
2020-04-27 07:00:00,11.86,12.34,11.86,11.99,1100110
2020-04-28 07:00:00,11.99,11.99,11.6,11.73,655480
2020-04-29 07:00:00,11.86,11.95,11.47,11.86,937780
2020-05-04 07:00:00,11.79,11.92,11.34,11.34,561510
2020-05-05 07:00:00,11.54,11.73,11.28,11.73,592530
2020-05-06 07:00:00,11.73,12.11,11.73,12.08,947770
2020-05-07 07:00:00,12.11,12.5,12.11,12.31,1556380
2020-05-08 07:00:00,12.59,13.14,12.56,12.85,2135410
2020-05-11 07:00:00,13.33,13.36,12.82,13.33,1023990
2020-05-12 07:00:00,13.17,13.65,12.82,13.2,1112990
2020-05-13 07:00:00,13.2,13.52,12.95,13.27,1180830
2020-05-14 07:00:00,13.14,13.43,12.75,12.95,1019810
2020-05-15 07:00:00,13.04,13.14,12.27,12.47,1114720
2020-05-18 07:00:00,12.37,13.08,12.37,13.08,765270
2020-05-19 07:00:00,13.46,13.59,12.88,12.88,840200
2020-05-20 07:00:00,12.82,13.14,12.82,13.08,489120
2020-05-21 07:00:00,13.08,13.4,13.01,13.08,1266730
2020-05-22 07:00:00,13.17,13.97,13.08,13.97,2550630
2020-05-25 07:00:00,13.97,14.87,13.97,14.84,1423730
2020-05-26 07:00:00,14.84,14.87,14.42,14.61,1310910
2020-05-27 07:00:00,14.61,14.84,14.04,14.1,2095750
2020-05-28 07:00:00,14.1,14.68,14.0,14.52,1089670
2020-05-29 07:00:00,14.52,15.51,14.39,15.51,1543320
2020-06-01 07:00:00,16.28,16.47,15.7,16.44,1726480
2020-06-02 07:00:00,16.38,16.41,15.83,15.9,1917800
2020-06-03 07:00:00,15.9,16.99,15.9,16.99,1756550
2020-06-04 07:00:00,17.5,18.11,17.31,17.63,2002750
2020-06-05 07:00:00,17.37,17.98,17.18,17.56,1014200
2020-06-08 07:00:00,17.63,17.95,17.24,17.72,1668800
2020-06-09 07:00:00,17.63,18.72,17.37,18.4,1460820
2020-06-10 07:00:00,18.52,18.97,17.82,18.46,1057550
2020-06-11 07:00:00,18.33,18.43,17.18,17.18,1992450
2020-06-12 07:00:00,15.99,16.86,15.99,15.99,2017140
2020-06-15 07:00:00,16.47,16.47,14.9,14.9,1830860
2020-06-16 07:00:00,14.97,15.7,14.61,15.45,1835630
2020-06-17 07:00:00,15.64,15.93,15.25,15.35,676730
2020-06-18 07:00:00,15.13,15.58,14.87,15.48,673950
2020-06-19 07:00:00,15.45,16.09,15.41,15.96,1133480
2020-06-22 07:00:00,16.06,16.66,16.06,16.6,1233250
2020-06-23 07:00:00,16.6,16.79,15.7,16.06,1313520
2020-06-24 07:00:00,16.02,16.22,15.16,15.25,1015350
2020-06-25 07:00:00,14.84,15.9,14.84,15.61,800490
2020-06-26 07:00:00,16.02,16.18,15.25,15.38,811390
2020-06-29 07:00:00,15.06,15.25,14.33,14.33,1162320
2020-06-30 07:00:00,14.61,14.65,13.33,13.62,1858960
2020-07-01 07:00:00,13.78,14.55,13.65,14.55,1232390
2020-07-02 07:00:00,14.71,15.13,14.49,14.71,1075480
2020-07-03 07:00:00,14.71,14.93,14.55,14.61,768270
2020-07-06 07:00:00,14.74,15.25,14.61,15.19,1145350
2020-07-07 07:00:00,15.35,16.02,15.22,15.45,1432590
2020-07-08 07:00:00,15.38,15.51,15.16,15.51,787810
2020-07-09 07:00:00,15.7,16.34,15.51,16.02,1344000
2020-07-10 07:00:00,15.83,16.12,15.74,15.93,1079850
2020-07-13 07:00:00,16.02,16.34,15.7,15.7,729420
2020-07-14 07:00:00,15.64,15.74,15.51,15.7,536410
2020-07-15 07:00:00,16.02,16.06,15.64,15.8,871660
2020-07-16 07:00:00,15.74,15.86,15.58,15.67,747630
2020-07-17 07:00:00,15.67,16.25,15.64,16.12,1526100
2020-07-20 07:00:00,16.02,16.44,16.02,16.31,1059660
2020-07-21 07:00:00,16.38,16.47,15.99,16.31,1103370
2020-07-22 07:00:00,16.31,16.41,15.19,15.67,1431460
2020-07-23 07:00:00,15.54,15.77,14.74,15.38,1923720
2020-07-24 07:00:00,15.22,15.22,14.33,14.33,1991260
2020-07-27 07:00:00,13.36,14.0,13.33,13.33,2007870
2020-07-28 07:00:00,13.46,14.1,13.11,14.1,1766190
2020-07-29 07:00:00,13.78,13.78,13.14,13.2,1556960
2020-07-30 07:00:00,13.27,13.65,13.2,13.33,506860
2020-07-31 07:00:00,12.92,13.33,12.82,12.82,1450870
2020-08-03 07:00:00,12.82,13.72,12.82,13.72,1177140
2020-08-04 07:00:00,14.36,14.65,14.1,14.55,2023830
2020-08-05 07:00:00,14.52,15.09,14.16,14.87,1817890
2020-08-06 07:00:00,14.74,15.22,14.61,14.93,1364710
2020-08-07 07:00:00,14.93,15.67,14.87,15.51,1378500
2020-08-10 07:00:00,15.8,15.83,15.51,15.51,1504320
2020-08-11 07:00:00,15.58,15.7,15.32,15.45,1245420
2020-08-12 07:00:00,15.45,15.7,15.06,15.51,1281630
2020-08-13 07:00:00,15.67,16.57,15.58,16.57,3024500
2020-08-14 07:00:00,16.57,17.27,16.38,16.95,2350880
2020-08-17 07:00:00,16.7,17.31,16.41,17.02,2205520
2020-08-18 07:00:00,17.02,17.21,16.79,17.02,1148760
2020-08-19 07:00:00,16.99,17.43,16.92,17.18,2450250
2020-08-20 07:00:00,17.15,17.24,16.86,16.99,2205910
2020-08-21 07:00:00,17.18,17.95,17.18,17.85,1811020
2020-08-24 07:00:00,18.27,18.49,17.95,18.14,1702890
2020-08-25 07:00:00,17.95,18.3,17.95,17.98,1666350
2020-08-26 07:00:00,17.75,18.3,17.75,17.95,1109730
2020-08-27 07:00:00,17.95,18.84,17.95,18.36,1080160
2020-08-28 07:00:00,18.46,18.59,17.75,17.75,1676090
2020-08-31 07:00:00,17.88,17.95,17.11,17.31,2002770
2020-09-01 07:00:00,17.24,17.91,17.21,17.91,1144640
2020-09-03 07:00:00,18.27,18.27,17.63,17.69,897720
2020-09-04 07:00:00,17.31,18.49,17.31,18.2,2431490
2020-09-07 07:00:00,18.27,19.23,18.2,18.88,2723170
2020-09-08 07:00:00,18.91,19.55,18.91,19.1,1421940
2020-09-09 07:00:00,18.65,19.55,18.65,19.55,1424760
2020-09-10 07:00:00,19.65,19.65,19.0,19.1,1497480
2020-09-11 07:00:00,18.97,19.42,18.91,19.16,805230
2020-09-14 07:00:00,19.16,20.13,19.16,19.87,1154410
2020-09-15 07:00:00,19.87,20.16,19.55,19.61,1154520
2020-09-16 07:00:00,19.87,20.06,19.55,19.65,849920
2020-09-17 07:00:00,19.65,20.0,19.32,19.55,1184750
2020-09-18 07:00:00,19.74,20.13,19.68,20.06,961730
2020-09-21 07:00:00,20.16,20.45,19.61,19.74,1038540
2020-09-22 07:00:00,19.58,19.81,19.1,19.32,1929050
2020-09-23 07:00:00,19.29,20.0,19.04,20.0,1404830
2020-09-24 07:00:00,19.81,20.06,19.55,19.71,649220
2020-09-25 07:00:00,19.71,19.71,19.45,19.65,977230
2020-09-28 07:00:00,19.84,20.0,19.61,19.61,1429030
2020-09-29 07:00:00,19.74,19.74,19.23,19.26,1593830
2020-09-30 07:00:00,19.29,19.71,19.16,19.45,1009460
2020-10-01 07:00:00,19.61,19.93,19.45,19.55,1105240
2020-10-02 07:00:00,19.61,20.03,19.23,19.93,2120760
2020-10-05 07:00:00,20.19,21.02,20.13,20.99,2137510
2020-10-06 07:00:00,21.02,21.02,20.64,20.8,1079250
2020-10-07 07:00:00,20.77,20.89,20.45,20.45,1439850
2020-10-08 07:00:00,20.45,20.57,19.74,19.87,1775210
2020-10-09 07:00:00,19.87,20.25,19.81,20.0,611070
2020-10-12 07:00:00,20.16,20.32,19.36,19.45,1206020
2020-10-13 07:00:00,19.48,19.52,19.16,19.23,797200
2020-10-14 07:00:00,19.52,20.0,19.23,19.84,898760
2020-10-15 07:00:00,19.81,19.9,19.36,19.39,588310
2020-10-16 07:00:00,19.61,20.03,19.42,19.87,1259570
2020-10-19 07:00:00,20.06,20.51,19.87,20.25,1156630
2020-10-20 07:00:00,20.25,20.45,19.81,20.06,878700
2020-10-21 07:00:00,20.25,20.25,19.29,19.29,1784510
2020-10-22 07:00:00,19.29,19.48,19.1,19.42,494910
2020-10-23 07:00:00,19.42,19.68,19.32,19.45,544750
2020-10-26 07:00:00,19.45,19.55,18.46,18.46,1277220
2020-10-27 07:00:00,18.46,19.38,18.46,18.46,748180
2020-10-28 07:00:00,18.46,18.81,17.19,17.19,1251010
2020-10-29 07:00:00,17.0,17.96,16.92,17.57,1025100
2020-10-30 07:00:00,17.92,17.92,17.38,17.61,546290
2020-11-02 07:00:00,17.69,17.69,17.46,17.61,413030
2020-11-03 07:00:00,17.69,18.46,17.65,18.19,832250
2020-11-04 07:00:00,18.38,19.23,18.27,19.23,1023930
2020-11-05 07:00:00,19.23,19.42,18.69,18.88,745200
2020-11-06 07:00:00,18.92,19.19,18.69,18.88,562010
2020-11-09 07:00:00,19.04,19.84,19.0,19.84,1075250
2020-11-10 07:00:00,20.31,20.31,19.5,19.54,675760
2020-11-11 07:00:00,19.5,19.92,19.23,19.65,747590
2020-11-12 07:00:00,19.69,19.92,19.46,19.65,705530
2020-11-13 07:00:00,19.77,20.34,19.69,20.31,1655210
2020-11-16 07:00:00,20.54,20.54,20.0,20.04,1015210
2020-11-17 07:00:00,20.04,20.38,19.88,20.31,978540
2020-11-18 07:00:00,20.46,21.07,20.31,21.0,2054870
2020-11-19 07:00:00,21.23,21.77,21.0,21.42,1227550
2020-11-20 07:00:00,21.46,21.46,21.0,21.11,976470
2020-11-23 07:00:00,21.15,21.31,20.77,20.88,926960
2020-11-24 07:00:00,20.84,20.92,20.0,20.38,2171080
2020-11-25 07:00:00,20.46,20.73,20.31,20.34,760740
2020-11-26 07:00:00,20.27,20.5,20.27,20.34,587040
2020-11-27 07:00:00,20.34,21.0,20.15,21.0,1511020
2020-11-30 07:00:00,21.23,21.23,20.61,20.61,1065970
2020-12-01 07:00:00,20.23,20.77,20.15,20.77,1012940
2020-12-02 07:00:00,20.61,20.73,20.46,20.65,1020720
2020-12-03 07:00:00,21.07,21.15,20.88,21.0,1330440
2020-12-04 07:00:00,20.77,20.88,20.5,20.69,1527500
2020-12-07 07:00:00,20.77,22.11,20.61,22.11,3959000
2020-12-08 07:00:00,22.38,22.54,21.69,22.07,1751440
2020-12-09 07:00:00,22.23,22.69,21.92,22.23,1948080
2020-12-10 07:00:00,22.15,22.38,21.38,21.38,2459030
2020-12-11 07:00:00,21.54,22.31,21.15,22.31,1998400
2020-12-14 07:00:00,22.77,23.54,22.69,23.42,2729170
2020-12-15 07:00:00,23.07,23.46,22.92,23.0,1929020
2020-12-16 07:00:00,23.0,23.34,22.77,23.11,1528880
2020-12-17 07:00:00,23.0,24.11,22.84,23.15,1968330
2020-12-18 07:00:00,23.15,23.38,22.77,23.34,1611760
2020-12-21 07:00:00,23.46,24.07,23.3,23.61,1539420
2020-12-22 07:00:00,23.5,24.61,23.23,24.57,2191870
2020-12-23 07:00:00,24.61,25.0,23.3,23.77,1383430
2020-12-24 07:00:00,23.84,24.0,22.15,23.69,2924030
2020-12-25 07:00:00,23.69,24.54,23.07,23.88,1995380
2020-12-28 07:00:00,24.46,24.54,23.92,24.23,1551060
2020-12-29 07:00:00,24.23,25.0,24.15,24.5,2560870
2020-12-30 07:00:00,24.54,24.61,24.07,24.07,1766820
2020-12-31 07:00:00,24.07,24.5,23.92,24.42,1255200
2021-01-04 07:00:00,24.88,26.04,24.61,25.54,2360600
2021-01-05 07:00:00,25.38,26.92,25.07,26.54,2250100
2021-01-06 07:00:00,26.61,26.65,26.15,26.38,1403500
2021-01-07 07:00:00,26.34,26.46,25.73,26.46,1590500
2021-01-08 07:00:00,26.46,27.3,26.34,26.5,2435700
2021-01-11 07:00:00,26.92,26.92,26.19,26.5,1414900
2021-01-12 07:00:00,26.5,27.15,26.15,26.65,1135600
2021-01-13 07:00:00,26.65,27.0,26.54,26.57,1510600
2021-01-14 07:00:00,26.57,27.0,26.15,26.84,1499500
2021-01-15 07:00:00,27.54,27.92,27.19,27.3,1297200
2021-01-18 07:00:00,27.3,27.38,26.77,26.84,1066800
2021-01-19 07:00:00,26.38,26.77,25.0,25.0,1619600
2021-01-20 07:00:00,24.77,25.04,23.27,24.0,1991800
2021-01-21 07:00:00,24.69,25.0,23.69,25.0,1213200
2021-01-22 07:00:00,24.92,24.96,24.3,24.38,1325900
2021-01-25 07:00:00,23.92,25.0,23.69,24.46,1393400
2021-01-26 07:00:00,24.0,24.23,22.88,22.88,1099700
2021-01-27 07:00:00,22.31,23.04,21.31,21.54,1420100
2021-01-28 07:00:00,20.04,20.46,20.04,20.04,1480400
2021-01-29 07:00:00,18.69,20.69,18.69,20.38,1647500
2021-02-01 07:00:00,20.38,20.61,18.96,18.96,1288100
2021-02-02 07:00:00,18.77,19.84,18.46,19.84,1316700
2021-02-03 07:00:00,20.15,21.23,20.07,21.15,1269200
2021-02-04 07:00:00,21.46,21.77,20.54,21.07,992700
2021-02-05 07:00:00,21.15,22.31,20.92,22.31,1284100
2021-02-08 07:00:00,22.34,22.96,21.15,22.27,1764100
2021-02-09 07:00:00,22.15,22.84,21.77,22.84,1743300
2021-02-17 07:00:00,23.27,24.23,23.07,24.19,1526700
2021-02-18 07:00:00,24.3,24.46,23.8,24.19,1372300
2021-02-19 07:00:00,23.77,24.23,23.69,23.92,1216500
2021-02-22 07:00:00,23.92,24.57,23.57,24.23,1807500
2021-02-23 07:00:00,24.23,25.92,24.23,25.92,4489100
2021-02-24 07:00:00,26.15,26.84,24.92,25.92,2285200
2021-02-25 07:00:00,26.15,26.23,25.27,25.84,2156700
2021-02-26 07:00:00,25.27,26.73,25.23,26.3,2279700
2021-03-01 07:00:00,26.54,26.69,25.5,26.3,1591300
2021-03-02 07:00:00,26.3,26.54,25.96,26.23,1791000
2021-03-03 07:00:00,26.3,27.57,26.07,27.27,3179600
2021-03-04 07:00:00,27.27,27.27,25.38,26.15,3796500
2021-03-05 07:00:00,25.69,26.04,24.69,25.92,1451800
2021-03-08 07:00:00,25.92,26.54,25.3,26.07,1778000
2021-03-09 07:00:00,25.46,26.0,25.19,25.77,1216900
2021-03-10 07:00:00,25.77,25.84,25.34,25.42,979700
2021-03-11 07:00:00,26.07,26.07,25.46,26.0,918400
2021-03-12 07:00:00,26.15,26.84,26.07,26.3,2815100
2021-03-15 07:00:00,26.3,26.88,26.27,26.54,1168200
2021-03-16 07:00:00,26.77,26.77,25.77,26.15,1089100
2021-03-17 07:00:00,25.92,26.11,25.65,25.92,1244500
2021-03-18 07:00:00,26.07,26.15,25.61,26.04,1227700
2021-03-19 07:00:00,25.84,26.5,25.73,26.3,1273400
2021-03-22 07:00:00,26.54,27.61,26.23,27.46,4890500
2021-03-23 07:00:00,27.46,27.46,26.15,26.46,1672400
2021-03-24 07:00:00,26.15,26.84,25.77,26.42,1621000
2021-03-25 07:00:00,26.42,26.46,25.0,25.77,2454900
2021-03-26 07:00:00,25.15,25.54,24.0,24.92,2106700
2021-03-29 07:00:00,25.0,25.54,24.73,25.3,1186600
2021-03-30 07:00:00,25.34,25.34,24.8,24.88,1076100
2021-03-31 07:00:00,24.88,25.19,24.65,24.88,1237100
2021-04-01 07:00:00,24.84,25.23,24.69,25.23,1084600
2021-04-02 07:00:00,25.61,25.65,25.23,25.3,753400
2021-04-05 07:00:00,25.34,25.54,24.88,24.92,922700
2021-04-06 07:00:00,24.77,24.96,24.5,24.61,1714000
2021-04-07 07:00:00,24.61,24.61,24.19,24.42,1538400
2021-04-08 07:00:00,24.42,24.92,24.42,24.73,862400
2021-04-09 07:00:00,24.84,24.84,24.34,24.42,1289400
2021-04-12 07:00:00,24.42,24.57,23.69,24.0,3661700
2021-04-13 07:00:00,24.04,24.27,23.65,23.69,1542900
2021-04-14 07:00:00,23.54,23.77,23.38,23.65,973800
2021-04-15 07:00:00,23.65,23.8,22.69,22.92,2187200
2021-04-16 07:00:00,22.34,22.77,21.61,22.31,1560900
2021-04-19 07:00:00,22.31,23.07,21.92,23.07,1357900
2021-04-20 07:00:00,23.38,23.46,22.38,22.54,1287700
2021-04-22 07:00:00,22.15,22.46,21.07,21.07,1632200
2021-04-23 07:00:00,21.0,21.38,20.19,21.23,1643200
2021-04-26 07:00:00,21.27,21.27,20.46,20.46,810100
2021-04-27 07:00:00,20.46,20.69,20.0,20.31,1132500
2021-04-28 07:00:00,20.23,21.69,20.15,21.69,1581200
2021-04-29 07:00:00,21.54,22.15,21.54,21.92,921100
2021-05-04 07:00:00,21.23,21.61,21.15,21.54,625000
2021-05-05 07:00:00,21.54,22.61,21.54,22.31,1301400
2021-05-06 07:00:00,22.31,22.46,21.61,22.0,850600
2021-05-07 07:00:00,22.0,22.07,21.07,21.07,1403700
2021-05-10 07:00:00,20.77,21.15,20.57,21.0,925700
2021-05-11 07:00:00,21.0,21.69,20.88,21.31,809700
2021-05-12 07:00:00,21.54,21.92,21.15,21.77,807400
2021-05-13 07:00:00,21.69,21.92,21.54,21.54,913200
2021-05-14 07:00:00,21.54,21.61,21.23,21.23,575600
2021-05-17 07:00:00,21.19,21.19,20.38,20.69,1387200
2021-05-18 07:00:00,20.61,20.61,20.15,20.23,905100
2021-05-19 07:00:00,20.23,20.92,19.54,20.73,1714500
2021-05-20 07:00:00,19.81,20.65,19.81,20.42,655000
2021-05-21 07:00:00,19.81,21.84,19.81,21.46,1545400
2021-05-24 07:00:00,21.61,21.73,21.23,21.54,985100
2021-05-25 07:00:00,21.57,22.23,21.46,22.07,1486400
2021-05-26 07:00:00,22.07,22.07,21.54,21.77,1257200
2021-05-27 07:00:00,21.61,21.61,20.84,21.54,1209400
2021-05-28 07:00:00,21.54,21.77,20.92,21.54,913500
2021-05-31 07:00:00,21.54,21.54,20.84,21.38,926200
2021-06-01 07:00:00,21.38,21.38,21.0,21.15,791000
2021-06-02 07:00:00,21.0,21.15,20.77,21.04,909900
2021-06-03 07:00:00,21.54,22.31,21.15,22.19,2945100
2021-06-04 07:00:00,22.69,23.46,22.46,23.46,3309000
2021-06-07 07:00:00,23.77,23.77,22.92,23.3,1959000
2021-06-08 07:00:00,23.15,23.3,21.77,21.84,1864800
2021-06-09 07:00:00,21.61,22.23,21.15,22.0,1329100
2021-06-10 07:00:00,21.69,22.07,21.19,21.38,1034400
2021-06-11 07:00:00,21.38,22.11,21.23,22.0,966700
2021-06-14 07:00:00,22.31,22.69,22.0,22.23,1666900
2021-06-15 07:00:00,22.23,23.07,21.81,22.69,1695700
2021-06-16 07:00:00,23.0,23.8,22.77,23.46,3871200
2021-06-17 07:00:00,23.46,24.07,22.92,23.8,2028400
2021-06-18 07:00:00,24.0,24.23,23.54,23.54,2094000
2021-06-21 07:00:00,23.54,24.5,23.19,23.77,3207500
2021-06-22 07:00:00,24.15,24.38,23.34,23.34,1838700
2021-06-23 07:00:00,23.38,23.46,22.65,22.77,1602800
2021-06-24 07:00:00,22.61,23.0,22.31,22.42,1480000
2021-06-25 07:00:00,22.46,23.19,22.38,22.84,1039800
2021-06-28 07:00:00,23.07,23.3,22.84,23.0,965800
2021-06-29 07:00:00,23.15,23.15,22.54,22.65,982000
2021-06-30 07:00:00,22.65,22.81,22.0,22.0,1331800
2021-07-01 07:00:00,22.0,22.61,22.0,22.31,1227300
2021-07-02 07:00:00,22.31,22.46,21.84,21.88,1512200
2021-07-05 07:00:00,21.92,22.31,21.69,21.81,1088700
2021-07-06 07:00:00,22.44,22.78,20.41,20.41,976500
2021-07-07 07:00:00,20.58,21.17,19.98,20.58,989200
2021-07-08 07:00:00,20.41,21.0,20.41,20.7,654600
2021-07-09 07:00:00,20.58,20.7,19.65,20.11,983700
2021-07-12 07:00:00,19.65,20.66,18.71,20.11,1677500
2021-07-13 07:00:00,20.07,20.07,19.39,20.03,623200
2021-07-14 07:00:00,20.03,20.03,19.31,19.65,744300
2021-07-15 07:00:00,19.52,20.15,19.22,20.15,847200
2021-07-16 07:00:00,19.9,20.45,19.9,20.07,643200
2021-07-19 07:00:00,18.97,20.07,18.97,19.6,1024400
2021-07-20 07:00:00,19.48,19.65,18.97,19.65,811000
2021-07-21 07:00:00,19.56,20.49,19.56,19.98,1046700
2021-07-22 07:00:00,20.28,20.62,20.11,20.49,987500
2021-07-23 07:00:00,20.41,20.49,19.86,19.86,668200
2021-07-26 07:00:00,19.56,20.24,19.56,20.11,737600
2021-07-27 07:00:00,20.32,21.04,20.07,20.79,1547700
2021-07-28 07:00:00,20.7,21.47,20.49,21.04,1220800
2021-07-29 07:00:00,21.38,21.38,21.0,21.09,685600
2021-07-30 07:00:00,21.09,21.21,20.92,21.09,907200
2021-08-02 07:00:00,20.83,21.89,20.75,21.42,1586300
2021-08-03 07:00:00,21.51,21.51,21.0,21.3,909000
2021-08-04 07:00:00,21.34,21.68,21.21,21.34,897200
2021-08-05 07:00:00,21.0,21.59,21.0,21.34,1240300
2021-08-06 07:00:00,21.34,22.4,21.25,22.1,2952400
2021-08-09 07:00:00,22.19,23.63,22.19,23.63,3619300
2021-08-10 07:00:00,24.13,24.22,23.63,24.13,3886200
2021-08-11 07:00:00,23.96,25.32,23.8,24.56,4072200
2021-08-12 07:00:00,24.43,25.83,24.13,25.57,4869300
2021-08-13 07:00:00,25.4,25.57,24.13,25.4,3805500
2021-08-16 07:00:00,25.83,26.34,25.66,25.66,2938100
2021-08-17 07:00:00,25.49,25.57,24.56,25.02,2703400
2021-08-18 07:00:00,24.81,25.83,24.81,25.19,2120300
2021-08-19 07:00:00,25.19,26.21,25.07,26.12,3140700
2021-08-20 07:00:00,26.12,26.67,24.3,24.56,4507800
2021-08-23 07:00:00,24.39,24.98,24.13,24.51,2893300
2021-08-24 07:00:00,24.56,24.9,23.2,23.37,3297500
2021-08-25 07:00:00,23.29,24.01,23.03,23.88,1481400
2021-08-26 07:00:00,24.13,24.9,23.8,24.22,1772200
2021-08-27 07:00:00,23.96,25.91,23.71,25.91,3924800
2021-08-30 07:00:00,27.01,27.52,26.25,27.06,4642400
2021-08-31 07:00:00,27.06,27.86,26.67,26.93,4608000
2021-09-01 07:00:00,26.67,28.79,26.5,28.79,6739700
2021-09-06 07:00:00,29.64,29.72,28.37,28.45,3576600
2021-09-07 07:00:00,28.2,30.02,28.2,28.96,4632400
2021-09-08 07:00:00,28.37,29.05,28.03,28.49,2701600
2021-09-09 07:00:00,28.79,29.55,28.54,29.13,2126000
2021-09-10 07:00:00,29.05,29.21,28.62,28.62,1900500
2021-09-13 07:00:00,28.45,28.58,27.56,27.56,3103100
2021-09-14 07:00:00,27.31,28.62,26.97,27.86,1918500
2021-09-15 07:00:00,27.86,29.38,27.86,29.3,3617200
2021-09-16 07:00:00,29.64,29.64,28.75,28.96,1851800
2021-09-17 07:00:00,28.92,30.44,28.79,29.81,4041700
2021-09-20 07:00:00,29.64,29.89,28.37,28.54,3264500
2021-09-21 07:00:00,27.94,29.64,27.61,29.3,3003700
2021-09-22 07:00:00,29.3,30.32,28.92,30.06,2856100
2021-09-23 07:00:00,30.23,30.57,29.05,29.55,2343100
2021-09-24 07:00:00,29.05,29.47,28.62,28.62,1617800
2021-09-27 07:00:00,28.79,29.05,26.67,26.67,2858600
2021-09-28 07:00:00,26.25,27.52,26.25,27.44,1656200
2021-09-29 07:00:00,27.1,29.05,27.1,28.79,1918800
2021-09-30 07:00:00,29.47,29.47,28.62,28.71,964600
2021-10-01 07:00:00,28.45,29.17,28.37,28.37,1386500
2021-10-04 07:00:00,28.11,29.64,27.94,29.09,2225200
2021-10-05 07:00:00,29.3,30.06,29.09,29.72,2847100
2021-10-06 07:00:00,29.89,31.25,29.72,31.04,3554600
2021-10-07 07:00:00,31.29,31.33,30.74,30.82,2298000
2021-10-08 07:00:00,30.78,30.91,30.4,30.48,1991200
2021-10-11 07:00:00,30.53,31.25,30.48,30.57,2020600
2021-10-12 07:00:00,30.57,31.5,29.89,30.74,2822900
2021-10-13 07:00:00,31.16,31.16,30.48,30.53,1275500
2021-10-14 07:00:00,30.48,31.25,30.48,30.57,1227900
2021-10-15 07:00:00,30.65,32.05,30.57,31.97,4178100
2021-10-18 07:00:00,32.35,32.35,31.25,31.42,2276500
2021-10-19 07:00:00,31.42,31.97,30.99,31.46,1137300
2021-10-20 07:00:00,31.5,31.5,30.44,30.99,2435600
2021-10-21 07:00:00,30.99,31.25,30.48,30.74,1622800
2021-10-22 07:00:00,30.74,31.97,30.74,31.37,2160200
2021-10-25 07:00:00,32.01,32.98,31.76,31.76,2508500
2021-10-26 07:00:00,31.42,32.14,30.87,32.14,1915200
2021-10-27 07:00:00,32.6,33.45,32.14,33.45,4108500
2021-10-28 07:00:00,33.79,34.68,33.62,33.66,2256400
2021-10-29 07:00:00,33.79,34.0,33.03,33.28,2254100
2021-11-01 07:00:00,33.79,35.61,33.28,35.44,3210200
2021-11-02 07:00:00,36.03,36.67,35.82,36.03,2368900
2021-11-03 07:00:00,36.67,36.67,33.53,33.53,4053100
2021-11-04 07:00:00,32.69,35.14,32.01,33.87,3711300
2021-11-05 07:00:00,33.87,34.72,33.19,33.96,1713800
2021-11-08 07:00:00,33.87,34.72,33.36,34.04,1940400
2021-11-09 07:00:00,34.04,34.68,33.45,34.04,1946800
2021-11-10 07:00:00,34.04,35.57,33.96,35.4,2500000
2021-11-11 07:00:00,35.57,36.03,34.72,35.14,2293600
2021-11-12 07:00:00,35.23,36.33,34.72,35.99,2522100
2021-11-15 07:00:00,37.22,37.22,35.06,36.24,2305200
2021-11-16 07:00:00,36.33,36.33,34.63,35.23,1762200
2021-11-17 07:00:00,34.89,35.4,34.42,35.31,2030900
2021-11-18 07:00:00,34.8,35.69,34.72,34.8,2058500
2021-11-19 07:00:00,34.97,35.23,32.43,33.03,3212700
2021-11-22 07:00:00,33.03,33.11,30.74,30.74,2797000
2021-11-23 07:00:00,29.55,31.67,29.55,31.5,1382400
2021-11-24 07:00:00,32.05,32.18,31.16,31.37,1732900
2021-11-25 07:00:00,31.33,32.01,31.08,32.01,1386100
2021-11-26 07:00:00,32.09,34.21,31.33,34.21,2517600
2021-11-29 07:00:00,33.7,35.57,33.7,35.14,2524700
2021-11-30 07:00:00,35.48,35.65,34.42,34.42,2159600
2021-12-01 07:00:00,33.87,34.89,33.87,33.87,1556100
2021-12-02 07:00:00,33.87,34.97,33.83,33.87,1057400
2021-12-03 07:00:00,33.87,34.55,32.6,32.6,1775700
2021-12-06 07:00:00,32.18,32.6,30.48,30.57,1334300
2021-12-07 07:00:00,30.99,32.39,30.91,31.92,1022300
2021-12-08 07:00:00,32.18,32.6,31.92,32.18,686000
2021-12-09 07:00:00,32.18,33.19,31.8,32.98,891900
2021-12-10 07:00:00,33.03,34.04,32.94,33.53,1586200
2021-12-13 07:00:00,33.53,34.89,33.53,34.72,2056000
2021-12-14 07:00:00,34.72,35.06,33.45,33.62,1765100
2021-12-15 07:00:00,33.87,33.91,33.03,33.11,907600
2021-12-16 07:00:00,33.32,34.04,32.69,33.7,1204200
2021-12-17 07:00:00,34.38,34.72,33.62,33.83,1376900
2021-12-20 07:00:00,34.3,35.57,33.87,35.57,4041000
2021-12-21 07:00:00,35.48,36.71,35.4,36.07,2057300
2021-12-22 07:00:00,35.99,36.41,34.97,34.97,1685800
2021-12-23 07:00:00,34.8,36.16,34.3,34.3,3895700
2021-12-24 07:00:00,34.8,35.4,34.34,34.38,1621400
2021-12-27 07:00:00,34.97,35.48,34.3,35.31,1194300
2021-12-28 07:00:00,35.95,37.77,35.61,37.77,4490300
2021-12-29 07:00:00,38.11,39.16,38.11,38.57,2691200
2021-12-30 07:00:00,38.57,38.57,37.85,38.02,1694200
2021-12-31 07:00:00,38.11,39.84,37.72,38.36,2422100
2022-01-04 07:00:00,39.04,40.65,38.11,39.8,2897600
2022-01-05 07:00:00,39.88,40.82,38.95,39.29,2532400
2022-01-06 07:00:00,39.8,40.05,39.21,39.63,2577400
2022-01-07 07:00:00,39.71,40.48,39.12,39.21,2210200
2022-01-10 07:00:00,39.21,41.66,36.5,39.8,4909700
2022-01-11 07:00:00,39.76,42.51,38.95,42.51,4953900
2022-01-12 07:00:00,42.42,45.47,42.42,44.88,4466400
2022-01-13 07:00:00,44.88,44.88,41.75,41.75,2808000
2022-01-14 07:00:00,38.83,42.34,38.83,40.22,3522000
2022-01-17 07:00:00,41.32,41.49,37.43,37.43,3726400
2022-01-18 07:00:00,35.99,37.26,34.85,34.85,3472200
2022-01-19 07:00:00,34.72,36.84,33.87,36.84,2656200
2022-01-20 07:00:00,36.75,38.49,35.99,38.28,1639200
2022-01-21 07:00:00,38.11,38.78,37.26,37.51,1694400
2022-01-24 07:00:00,36.84,37.17,34.89,34.89,2376200
2022-01-25 07:00:00,33.45,35.14,33.11,34.51,2492400
2022-01-26 07:00:00,34.89,35.57,32.09,32.09,2346400
2022-01-27 07:00:00,32.09,32.09,30.48,30.91,2239000
2022-01-28 07:00:00,30.57,33.03,30.57,33.03,1587000
2022-02-07 07:00:00,33.45,33.87,33.28,33.41,1127500
2022-02-08 07:00:00,33.36,34.72,33.03,33.53,1315200
2022-02-09 07:00:00,33.7,35.14,33.53,34.93,1183500
2022-02-10 07:00:00,35.14,35.57,34.46,34.68,1218400
2022-02-11 07:00:00,34.72,35.18,34.46,35.1,1150100
2022-02-14 07:00:00,34.72,36.84,34.38,35.95,2128000
2022-02-15 07:00:00,36.24,36.62,35.9,36.24,1379200
2022-02-16 07:00:00,36.41,37.68,36.24,37.05,1346400
2022-02-17 07:00:00,37.01,37.01,36.41,36.67,1057100
2022-02-18 07:00:00,37.17,38.11,36.41,37.51,1808100
2022-02-21 07:00:00,37.68,38.11,36.84,37.51,1542100
2022-02-22 07:00:00,36.92,37.26,35.57,35.95,2387700
2022-02-23 07:00:00,35.99,37.09,35.99,36.45,1269800
2022-02-24 07:00:00,36.45,37.09,34.13,35.52,2206000
2022-02-25 07:00:00,35.99,36.75,35.82,36.16,1268300
2022-02-28 07:00:00,36.41,38.66,35.65,38.66,3217300
2022-03-01 07:00:00,39.12,39.55,38.36,38.49,1724000
2022-03-02 07:00:00,38.19,39.63,37.89,39.29,2805700
2022-03-03 07:00:00,39.29,41.32,39.12,40.35,2800400
2022-03-04 07:00:00,40.35,41.15,39.88,40.14,1324100
2022-03-07 07:00:00,40.05,40.65,39.63,40.31,1766900
2022-03-08 07:00:00,39.88,40.56,38.11,38.11,2809400
2022-03-09 07:00:00,38.11,40.22,36.45,39.38,3246300
2022-03-10 07:00:00,40.14,40.48,39.63,39.67,1546000
2022-03-11 07:00:00,39.63,41.58,38.95,40.39,4071300
2022-03-14 07:00:00,40.65,41.07,39.46,39.8,2661000
2022-03-15 07:00:00,40.48,41.83,39.8,41.07,3162000
2022-03-16 07:00:00,41.32,41.7,40.65,40.69,1314500
2022-03-17 07:00:00,41.41,41.41,40.31,40.43,1558200
2022-03-18 07:00:00,40.39,41.07,39.46,39.5,2662800
2022-03-21 07:00:00,39.5,40.56,39.0,39.97,1669200
2022-03-22 07:00:00,39.97,40.99,39.88,40.22,1718200
2022-03-23 07:00:00,40.31,40.82,39.88,39.88,1902800
2022-03-24 07:00:00,39.8,40.82,39.8,40.39,2308700
2022-03-25 07:00:00,40.9,42.17,40.43,41.83,3050200
2022-03-28 07:00:00,41.2,41.87,40.05,40.9,2483500
2022-03-29 07:00:00,40.99,42.13,40.99,41.66,1629500
2022-03-30 07:00:00,41.15,42.26,40.31,40.56,2510200
2022-03-31 07:00:00,40.56,41.15,40.14,40.14,1422600
2022-04-01 07:00:00,39.8,40.56,39.67,40.35,1741700
2022-04-04 07:00:00,40.65,41.49,40.14,40.73,1539000
2022-04-05 07:00:00,40.52,41.49,40.52,41.41,1689800
2022-04-06 07:00:00,41.32,43.61,40.99,42.85,5472700
2022-04-07 07:00:00,43.19,43.61,41.92,41.92,2476100
2022-04-08 07:00:00,41.92,43.19,40.82,41.32,2413300
2022-04-12 07:00:00,41.32,41.83,38.44,38.44,2755100
2022-04-13 07:00:00,38.19,39.38,36.07,39.38,3185900
2022-04-14 07:00:00,39.38,39.46,38.11,38.44,1583100
2022-04-15 07:00:00,37.85,39.55,37.6,38.11,1631100
2022-04-18 07:00:00,37.68,38.02,35.44,35.44,4125000
2022-04-19 07:00:00,35.57,35.99,32.98,32.98,2830800
2022-04-20 07:00:00,32.35,33.62,31.76,32.35,1699900
2022-04-21 07:00:00,32.39,33.28,30.91,32.81,1962200
2022-04-22 07:00:00,33.19,33.83,30.91,32.43,1658100
2022-04-25 07:00:00,32.52,32.6,30.19,30.19,1403500
2022-04-26 07:00:00,28.45,30.53,28.11,30.48,1679600
2022-04-27 07:00:00,30.48,31.5,29.81,30.57,893300
2022-04-28 07:00:00,30.57,31.33,30.36,30.48,857800
2022-04-29 07:00:00,30.4,31.76,30.15,31.16,1131300
2022-05-04 07:00:00,31.33,33.24,30.99,32.6,1476000
2022-05-05 07:00:00,33.03,33.45,31.16,31.92,1187600
2022-05-06 07:00:00,31.33,31.67,29.72,29.72,1162900
2022-05-09 07:00:00,28.03,29.47,27.65,27.65,1508100
2022-05-10 07:00:00,25.74,27.69,25.74,27.69,2301100
2022-05-11 07:00:00,27.82,28.24,27.1,28.07,1200200
2022-05-12 07:00:00,27.52,27.94,26.12,27.94,2072500
2022-05-13 07:00:00,26.76,27.52,26.0,26.0,1283000
2022-05-16 07:00:00,26.17,27.52,24.22,25.74,1609900
2022-05-17 07:00:00,24.56,27.44,24.05,27.14,1534600
2022-05-18 07:00:00,27.52,28.41,26.76,27.35,1428100
2022-05-19 07:00:00,26.25,27.52,26.25,27.1,902400
2022-05-20 07:00:00,27.18,28.2,27.18,27.69,1623200
2022-05-23 07:00:00,28.03,28.62,26.08,27.61,1511200
2022-05-24 07:00:00,27.44,27.69,26.63,27.65,970200
2022-05-25 07:00:00,27.94,28.79,27.18,28.79,2031400
2022-05-26 07:00:00,29.55,29.64,28.75,28.79,1227200
2022-05-27 07:00:00,28.79,29.21,28.71,29.21,983100
2022-05-30 07:00:00,29.17,29.85,28.79,29.21,1074800
2022-05-31 07:00:00,28.88,29.6,28.62,28.62,1527500
2022-06-01 07:00:00,28.58,28.79,27.99,28.54,1361800
2022-06-02 07:00:00,28.45,29.05,28.2,28.79,1583500
2022-06-03 07:00:00,28.71,30.4,28.71,30.02,3021000
2022-06-06 07:00:00,30.15,30.4,29.21,29.38,1362500
2022-06-07 07:00:00,29.21,29.3,27.73,28.62,1498600
2022-06-08 07:00:00,28.79,29.98,28.62,29.55,2032700
2022-06-09 07:00:00,29.72,29.89,29.3,29.51,941800
2022-06-10 07:00:00,29.3,30.32,28.79,28.79,1938300
2022-06-13 07:00:00,27.27,28.03,26.8,26.8,1803900
2022-06-14 07:00:00,25.15,26.25,24.94,25.4,2727700
2022-06-15 07:00:00,26.25,26.25,23.63,23.63,2297900
2022-06-16 07:00:00,24.13,24.13,23.12,23.5,2186000
2022-06-17 07:00:00,21.97,22.14,21.89,21.89,1251200
2022-06-20 07:00:00,20.83,21.51,20.37,20.37,1214300
2022-06-21 07:00:00,18.97,20.41,18.97,20.28,2736800
2022-06-22 07:00:00,20.32,21.09,19.9,21.04,978900
2022-06-23 07:00:00,21.09,22.02,20.58,22.02,814900
2022-06-24 07:00:00,21.85,22.14,21.42,21.97,1193100
2022-06-27 07:00:00,21.85,22.27,21.47,22.02,748700
2022-06-28 07:00:00,22.19,22.78,21.93,22.19,1292700
2022-06-29 07:00:00,21.97,22.57,21.68,21.85,779500
2022-06-30 07:00:00,21.85,22.19,20.75,20.83,901800
2022-07-01 07:00:00,20.15,20.96,19.48,20.83,1055700
2022-07-04 07:00:00,21.51,21.51,20.92,20.92,483400
2022-07-05 07:00:00,20.92,21.0,19.9,20.7,734900
2022-07-06 07:00:00,19.98,20.62,19.26,19.26,1160800
2022-07-07 07:00:00,19.1,19.48,18.25,19.26,1175600
2022-07-08 07:00:00,19.65,20.32,19.43,20.24,971100
2022-07-11 07:00:00,20.32,21.09,20.24,20.75,1483200
2022-07-12 07:00:00,20.75,21.76,20.66,21.59,1773300
2022-07-13 07:00:00,21.59,22.4,21.42,21.89,1451200
2022-07-14 07:00:00,21.68,22.1,21.34,21.51,1306200
2022-07-15 07:00:00,21.85,22.65,21.68,21.93,1673900
2022-07-18 07:00:00,21.93,23.03,21.93,22.44,1671100
2022-07-19 07:00:00,22.44,22.44,21.51,21.85,1110800
2022-07-20 07:00:00,22.19,22.78,22.14,22.36,1281800
2022-07-21 07:00:00,22.4,22.86,22.27,22.36,1311400
2022-07-22 07:00:00,22.36,22.61,22.19,22.23,901000
2022-07-25 07:00:00,22.14,22.23,21.51,21.68,1126800
2022-07-26 07:00:00,21.68,22.36,21.55,21.55,866900
2022-07-27 07:00:00,21.51,21.68,20.92,21.68,748600
2022-07-28 07:00:00,22.19,23.16,21.93,23.16,2308700
2022-07-29 07:00:00,23.63,23.71,23.2,23.29,1943400
2022-08-01 07:00:00,23.29,24.35,23.24,23.96,1426700
2022-08-02 07:00:00,23.71,24.56,23.71,23.88,1950300
2022-08-03 07:00:00,23.63,24.43,23.46,24.18,1763900
2022-08-04 07:00:00,24.35,24.81,23.71,24.22,1601200
2022-08-05 07:00:00,24.13,24.73,24.09,24.43,1042400
2022-08-08 07:00:00,24.43,25.66,24.39,24.94,2183700
2022-08-09 07:00:00,25.02,25.19,24.56,24.56,1353400
2022-08-10 07:00:00,24.56,25.07,24.51,24.68,1502400
2022-08-11 07:00:00,24.98,25.15,23.8,24.26,1770700
2022-08-12 07:00:00,23.96,24.9,23.96,24.51,1072400
2022-08-15 07:00:00,24.85,25.32,24.6,24.9,1492400
2022-08-16 07:00:00,24.98,25.66,24.94,25.15,1674600
2022-08-17 07:00:00,25.36,25.4,24.64,24.64,1203600
2022-08-18 07:00:00,24.56,24.73,24.13,24.22,1180000
2022-08-19 07:00:00,24.22,24.47,23.8,23.96,900300
2022-08-22 07:00:00,23.88,23.88,22.86,23.08,1788900
2022-08-23 07:00:00,22.69,23.88,22.69,23.88,1070900
2022-08-24 07:00:00,23.96,24.13,23.75,23.8,575000
2022-08-25 07:00:00,23.84,24.43,23.8,24.22,979000
2022-08-26 07:00:00,24.22,24.35,23.37,23.37,1382800
2022-08-29 07:00:00,22.86,23.2,22.06,22.82,1608600
2022-08-30 07:00:00,23.29,23.29,22.69,22.69,847000
2022-08-31 07:00:00,22.61,23.24,22.61,22.91,712300
2022-09-05 07:00:00,23.16,23.37,22.95,23.03,740700
2022-09-06 07:00:00,23.29,23.8,23.24,23.37,990900
2022-09-07 07:00:00,23.37,23.37,22.52,22.52,1186700
2022-09-08 07:00:00,22.69,22.69,21.51,21.59,1370400
2022-09-09 07:00:00,21.68,21.85,21.0,21.85,769100
2022-09-12 07:00:00,21.97,22.36,21.85,21.93,419300
2022-09-13 07:00:00,22.02,22.06,21.64,21.89,423800
2022-09-14 07:00:00,21.21,22.4,21.09,22.36,1009000
2022-09-15 07:00:00,22.61,22.69,22.1,22.1,690100
2022-09-16 07:00:00,21.93,22.1,21.68,21.68,766500
2022-09-19 07:00:00,21.68,21.76,20.79,20.79,1007900
2022-09-20 07:00:00,21.0,21.25,20.7,21.17,593700
2022-09-21 07:00:00,21.09,21.81,21.04,21.47,653200
2022-09-22 07:00:00,21.17,22.61,21.17,22.52,1478800
2022-09-23 07:00:00,22.78,23.29,22.57,23.29,2425200
2022-09-26 07:00:00,22.86,23.88,22.86,23.75,3439400
2022-09-27 07:00:00,23.8,24.3,23.37,23.54,2243200
2022-09-28 07:00:00,23.29,23.58,21.93,21.93,2653300
2022-09-29 07:00:00,22.19,22.19,20.41,20.41,2075600
2022-09-30 07:00:00,19.9,20.41,19.01,20.41,2138800
2022-10-03 07:00:00,20.41,20.41,19.01,19.01,991900
2022-10-04 07:00:00,19.39,19.39,17.7,19.01,1442200
2022-10-05 07:00:00,19.22,19.73,18.76,19.56,855800
2022-10-06 07:00:00,19.48,19.48,18.21,18.21,868800
2022-10-07 07:00:00,18.08,18.08,16.94,16.94,1466200
2022-10-10 07:00:00,15.75,17.78,15.75,17.78,1775700
2022-10-11 07:00:00,17.36,17.36,16.55,16.55,777100
2022-10-12 07:00:00,15.75,16.94,15.41,16.55,1385500
2022-10-13 07:00:00,16.55,16.72,16.09,16.72,1029600
2022-10-14 07:00:00,16.94,17.27,16.72,16.81,1299200
2022-10-17 07:00:00,16.68,16.81,16.09,16.81,879600
2022-10-18 07:00:00,17.11,17.57,16.94,17.15,1938500
2022-10-19 07:00:00,17.23,17.4,16.94,17.23,882700
2022-10-20 07:00:00,17.19,17.19,16.47,17.02,1181400
2022-10-21 07:00:00,16.85,16.94,15.84,15.84,1022100
2022-10-24 07:00:00,15.75,15.75,14.73,14.73,1178500
2022-10-25 07:00:00,13.72,14.95,13.72,13.97,2424000
2022-10-26 07:00:00,13.55,14.27,13.0,13.97,2969100
2022-10-27 07:00:00,13.55,14.82,13.51,14.82,1681300
2022-10-28 07:00:00,15.03,15.12,13.97,13.97,2184400
2022-10-31 07:00:00,13.89,14.14,13.0,13.97,1843300
2022-11-01 07:00:00,14.06,14.31,13.89,14.23,1570500
2022-11-02 07:00:00,14.23,14.73,14.14,14.65,1819300
2022-11-03 07:00:00,14.4,14.99,14.23,14.82,1696100
2022-11-04 07:00:00,14.48,14.65,13.8,14.48,2276200
2022-11-07 07:00:00,14.48,14.52,13.51,13.51,2092200
2022-11-08 07:00:00,12.7,13.51,12.57,13.51,2312800
2022-11-09 07:00:00,13.55,13.63,12.57,13.13,1792400
2022-11-10 07:00:00,12.53,12.7,12.24,12.24,1740200
2022-11-11 07:00:00,12.24,12.41,11.39,12.19,3851500
2022-11-14 07:00:00,11.39,11.47,11.35,11.35,1734900
2022-11-15 07:00:00,10.59,10.8,10.59,10.59,392400
2022-11-16 07:00:00,9.87,11.26,9.87,11.18,1898000
2022-11-17 07:00:00,11.18,11.64,11.14,11.35,1026500
2022-11-18 07:00:00,11.35,11.86,10.71,11.81,1686800
2022-11-21 07:00:00,11.98,12.36,11.86,12.15,1335800
2022-11-22 07:00:00,11.94,12.79,11.81,11.81,1713700
2022-11-23 07:00:00,11.73,12.07,11.14,11.14,1025700
2022-11-24 07:00:00,10.84,11.3,10.71,11.18,1350500
2022-11-25 07:00:00,11.52,11.94,11.47,11.94,1140500
2022-11-28 07:00:00,12.74,12.74,12.7,12.74,992300
2022-11-29 07:00:00,13.63,13.63,12.96,13.63,3296600
2022-11-30 07:00:00,13.63,14.06,13.13,13.72,1496700
2022-12-01 07:00:00,14.14,14.56,13.63,13.97,2363800
2022-12-02 07:00:00,13.72,14.69,13.51,14.65,1773400
2022-12-05 07:00:00,15.12,15.16,14.4,14.86,1944600
2022-12-06 07:00:00,14.4,14.82,13.85,13.85,2654000
2022-12-07 07:00:00,13.46,13.85,13.0,13.04,1148000
2022-12-08 07:00:00,13.34,13.93,13.29,13.85,1142700
2022-12-09 07:00:00,14.01,14.78,13.42,14.78,2719000
2022-12-12 07:00:00,15.5,15.54,14.23,14.23,2176500
2022-12-13 07:00:00,14.27,14.56,13.55,14.56,1564700
2022-12-14 07:00:00,15.07,15.28,14.65,14.65,1224900
2022-12-15 07:00:00,14.65,14.9,14.48,14.69,974600
2022-12-16 07:00:00,14.56,15.71,14.4,15.24,3723300
2022-12-19 07:00:00,15.54,16.3,15.37,15.37,1973400
2022-12-20 07:00:00,15.33,15.58,14.31,14.31,3475100
2022-12-21 07:00:00,14.69,14.69,13.42,14.23,1829800
2022-12-22 07:00:00,14.78,14.78,14.06,14.61,1297800
2022-12-23 07:00:00,14.56,15.12,14.56,14.9,1544200
2022-12-26 07:00:00,15.07,15.58,14.23,14.23,2061300
2022-12-27 07:00:00,14.31,15.07,14.18,15.07,1089600
2022-12-28 07:00:00,14.9,15.33,14.78,14.78,1015300
2022-12-29 07:00:00,14.65,15.45,14.65,14.82,1788100
2022-12-30 07:00:00,15.16,15.84,14.9,15.84,2555500
2023-01-03 07:00:00,16.43,16.94,16.34,16.94,1830800
2023-01-04 07:00:00,17.74,17.95,17.15,17.27,2945000
2023-01-05 07:00:00,17.32,18.12,16.77,18.04,3333600
2023-01-06 07:00:00,18.04,18.25,17.19,17.19,2174000
2023-01-09 07:00:00,17.49,17.78,17.19,17.36,1522900
2023-01-10 07:00:00,17.36,18.54,17.19,18.54,1832400
2023-01-11 07:00:00,19.1,19.39,18.97,19.1,2458000
2023-01-12 07:00:00,19.22,19.86,18.8,19.86,2644100
2023-01-13 07:00:00,20.2,20.28,19.31,19.48,1943100
2023-01-16 07:00:00,19.73,20.41,19.6,20.24,1992900
2023-01-17 07:00:00,20.41,21.25,20.11,20.66,2564800
2023-01-18 07:00:00,20.75,21.0,20.32,20.53,1477900
2023-01-19 07:00:00,20.32,21.25,20.15,21.09,2137300
2023-01-27 07:00:00,21.17,22.02,20.75,21.34,2184900
2023-01-30 07:00:00,21.17,21.85,20.58,20.62,3019500
2023-01-31 07:00:00,20.75,21.0,20.49,21.0,1544700
2023-02-01 07:00:00,21.09,21.17,19.56,19.56,3380100
2023-02-02 07:00:00,19.31,19.56,18.63,18.67,2771700
2023-02-03 07:00:00,18.97,19.94,18.88,19.56,2157200
2023-02-06 07:00:00,19.31,20.07,19.14,19.35,1563200
2023-02-07 07:00:00,19.48,19.65,18.04,18.04,3009700
2023-02-08 07:00:00,18.38,19.1,17.44,18.71,2680900
2023-02-09 07:00:00,18.71,19.35,18.54,19.01,2253500
2023-02-10 07:00:00,19.1,19.31,18.46,18.54,2151300
2023-02-13 07:00:00,18.21,18.38,17.44,17.95,2193500
2023-02-14 07:00:00,18.38,18.88,17.99,18.59,1565300
2023-02-15 07:00:00,18.71,19.86,18.67,19.86,3701700
2023-02-16 07:00:00,20.15,20.41,19.86,20.32,1758800
2023-02-17 07:00:00,20.24,21.17,20.07,20.92,3684100
2023-02-20 07:00:00,20.92,21.59,20.83,21.55,2622200
2023-02-21 07:00:00,21.81,22.52,21.21,21.21,3874300
2023-02-22 07:00:00,20.83,21.89,20.41,20.41,4257300
2023-02-23 07:00:00,20.45,21.3,19.56,21.3,3445400
2023-02-24 07:00:00,21.25,21.38,20.32,20.32,1959300
2023-02-27 07:00:00,19.9,20.41,19.39,19.48,2374300
2023-02-28 07:00:00,19.77,20.07,19.1,19.22,1579000
2023-03-01 07:00:00,19.05,20.53,18.97,20.53,1857600
2023-03-02 07:00:00,20.53,20.83,20.15,20.15,1192100
2023-03-03 07:00:00,20.41,20.92,20.11,20.32,2402400
2023-03-06 07:00:00,20.49,21.0,20.24,20.32,1329500
2023-03-07 07:00:00,20.58,20.75,20.07,20.58,1631600
2023-03-08 07:00:00,20.32,21.85,20.32,21.85,4601000
2023-03-09 07:00:00,22.02,22.23,21.59,21.59,2084000
2023-03-10 07:00:00,21.42,21.85,21.0,21.34,2731100
2023-03-13 07:00:00,21.04,21.3,20.75,20.75,2188700
2023-03-14 07:00:00,20.92,21.25,20.32,20.75,2855900
2023-03-15 07:00:00,21.59,21.85,21.25,21.85,2781400
2023-03-16 07:00:00,21.38,21.68,21.09,21.25,1971100
2023-03-17 07:00:00,21.59,21.59,21.09,21.09,1372000
2023-03-20 07:00:00,21.0,22.36,20.83,21.3,4901000
2023-03-21 07:00:00,21.68,22.78,21.42,22.78,4158700
2023-03-22 07:00:00,23.29,23.29,22.44,22.69,2446300
2023-03-23 07:00:00,22.44,23.29,22.27,23.29,2838100
2023-03-24 07:00:00,23.58,23.71,22.86,22.91,2305700
2023-03-27 07:00:00,23.08,23.24,22.78,22.86,2173200
2023-03-28 07:00:00,23.03,23.96,22.99,23.16,2955200
2023-03-29 07:00:00,23.2,23.67,22.99,23.63,1786900
2023-03-30 07:00:00,23.88,24.05,22.78,22.78,3521000
2023-03-31 07:00:00,22.86,23.03,22.31,22.52,4062700
2023-04-03 07:00:00,23.03,23.12,22.57,23.12,2128000
2023-04-04 07:00:00,23.2,23.63,22.86,22.86,2800600
2023-04-05 07:00:00,22.86,23.12,22.65,22.78,2091600
2023-04-06 07:00:00,22.69,23.63,22.69,22.74,3712000
2023-04-07 07:00:00,22.78,23.03,22.52,22.95,2128300
2023-04-10 07:00:00,23.03,23.12,21.68,21.72,5059600
2023-04-11 07:00:00,21.51,21.93,21.42,21.89,2159300
2023-04-12 07:00:00,22.02,22.27,21.68,21.93,2150700
2023-04-13 07:00:00,22.1,22.1,21.59,21.59,1736600
2023-04-14 07:00:00,21.68,22.4,21.47,21.72,2616300
2023-04-17 07:00:00,21.85,22.44,21.81,22.27,1934900
2023-04-18 07:00:00,22.65,22.82,22.27,22.4,2629300
2023-04-19 07:00:00,22.44,22.52,21.64,21.76,1993300
2023-04-20 07:00:00,21.72,21.97,21.47,21.47,1648400
2023-04-21 07:00:00,21.47,21.68,20.66,21.17,3213600
2023-04-24 07:00:00,21.3,21.55,20.79,20.83,988500
2023-04-25 07:00:00,20.96,21.13,20.62,20.62,1495900
2023-04-26 07:00:00,20.45,21.09,20.41,21.09,1272100
2023-04-27 07:00:00,21.09,21.25,20.87,20.87,987600
2023-04-28 07:00:00,21.13,21.13,20.87,20.92,1241900
2023-05-04 07:00:00,20.96,21.76,20.79,21.47,1786600
2023-05-05 07:00:00,21.42,21.59,21.17,21.17,1060100
2023-05-08 07:00:00,21.42,21.51,21.25,21.25,926900
2023-05-09 07:00:00,21.42,21.93,21.38,21.72,1520000
2023-05-10 07:00:00,21.68,21.89,21.51,21.81,2152400
2023-05-11 07:00:00,21.93,22.19,21.68,21.68,2208600
2023-05-12 07:00:00,21.76,22.31,21.68,22.06,3490500
2023-05-15 07:00:00,22.36,22.36,21.68,21.72,1717800
2023-05-16 07:00:00,21.89,22.27,21.55,21.59,2099200
2023-05-17 07:00:00,21.59,21.81,21.04,21.04,2558400
2023-05-18 07:00:00,21.17,21.25,21.0,21.0,1193200
2023-05-19 07:00:00,21.09,21.38,21.0,21.17,836400
2023-05-22 07:00:00,21.34,22.36,21.25,22.02,3510200
2023-05-23 07:00:00,22.1,22.36,21.85,21.89,2346800
2023-05-24 07:00:00,22.02,22.65,21.85,22.4,3579400
2023-05-25 07:00:00,22.27,22.65,22.14,22.52,2868400
2023-05-26 07:00:00,22.57,23.03,22.36,22.36,2527100
2023-05-29 07:00:00,22.4,22.99,22.31,22.74,2704000
2023-05-30 07:00:00,22.86,23.03,22.61,23.03,3158700
2023-05-31 07:00:00,22.99,23.54,22.36,22.69,3331500
2023-06-01 07:00:00,22.78,22.78,22.36,22.52,2455300
2023-06-02 07:00:00,22.65,23.29,22.48,22.86,3002200
2023-06-05 07:00:00,23.12,23.12,22.48,22.48,2276000
2023-06-06 07:00:00,22.57,22.74,22.36,22.61,1947200
2023-06-07 07:00:00,22.86,23.16,22.65,22.95,2704400
2023-06-08 07:00:00,23.12,23.54,22.52,22.52,5195000
2023-06-09 07:00:00,22.61,22.69,22.06,22.61,2587200
2023-06-12 07:00:00,22.82,23.5,22.57,23.12,3195100
2023-06-13 07:00:00,23.37,23.37,22.69,22.69,2568500
2023-06-14 07:00:00,23.03,23.03,22.36,22.36,2062400
2023-06-15 07:00:00,22.27,22.44,22.14,22.44,1390400
2023-06-16 07:00:00,22.65,22.78,22.27,22.27,2058300
2023-06-19 07:00:00,22.27,22.78,22.27,22.36,1537200
2023-06-20 07:00:00,22.52,23.08,22.44,23.08,2580800
2023-06-21 07:00:00,23.24,24.68,23.16,24.68,10039800
2023-06-22 07:00:00,24.98,25.15,24.56,24.73,3147100
2023-06-23 07:00:00,24.9,25.79,24.56,25.36,4675800
2023-06-26 07:00:00,25.53,25.66,24.39,25.4,5016100
2023-06-27 07:00:00,25.45,25.83,25.07,25.23,2982400
2023-06-28 07:00:00,25.4,25.62,24.98,24.98,2105900
2023-06-29 07:00:00,24.85,26.42,24.6,25.23,4730400
2023-06-30 07:00:00,25.32,25.83,25.23,25.23,2105200
2023-07-03 07:00:00,25.45,26.63,25.45,26.08,4791000
2023-07-04 07:00:00,26.21,26.46,25.79,26.08,2696000
2023-07-05 07:00:00,26.34,26.59,25.62,25.62,3306100
2023-07-06 07:00:00,25.62,26.25,25.53,26.25,3061700
2023-07-07 07:00:00,26.17,26.76,26.17,26.5,2301200
2023-07-10 07:00:00,26.76,27.06,26.34,26.46,3048100
2023-07-11 07:00:00,26.5,26.67,26.17,26.17,2657900
2023-07-12 07:00:00,26.34,26.76,26.08,26.21,2460300
2023-07-13 07:00:00,26.34,26.59,26.17,26.42,1764400
2023-07-14 07:00:00,26.59,27.1,26.42,26.67,2915300
2023-07-17 07:00:00,26.67,26.89,26.34,26.42,2379400
2023-07-18 07:00:00,26.34,26.5,26.04,26.08,2808600
2023-07-19 07:00:00,26.34,26.63,26.04,26.21,2515300
2023-07-20 07:00:00,26.21,27.39,26.08,27.1,4866000
2023-07-21 07:00:00,27.35,27.35,26.93,27.27,2392600
2023-07-24 07:00:00,27.48,28.16,27.06,27.52,2873100
2023-07-25 07:00:00,27.56,27.56,26.8,26.93,3382800
2023-07-26 07:00:00,26.93,27.44,26.89,26.97,1551500
2023-07-27 07:00:00,27.1,27.35,26.42,26.67,3534800
2023-07-28 07:00:00,26.84,27.14,26.59,27.1,2165300
2023-07-31 07:00:00,27.18,27.44,26.93,26.93,1881100
2023-08-01 07:00:00,26.89,27.52,26.76,26.76,4347200
2023-08-02 07:00:00,26.84,27.18,26.76,27.18,2061500
2023-08-03 07:00:00,27.35,27.65,26.84,26.89,3148700
2023-08-04 07:00:00,26.93,27.27,26.8,27.01,2721700
2023-08-07 07:00:00,27.27,27.9,27.01,27.61,3301000
2023-08-08 07:00:00,27.82,27.86,27.1,27.14,2010000
2023-08-09 07:00:00,27.14,27.44,26.93,26.93,1795900
2023-08-10 07:00:00,26.97,27.06,25.83,25.83,4535500
2023-08-11 07:00:00,25.95,26.25,25.74,26.25,2415600
2023-08-14 07:00:00,26.5,26.8,26.29,26.46,1876200
2023-08-15 07:00:00,26.59,27.39,26.5,26.76,2476000
2023-08-16 07:00:00,26.93,26.93,26.42,26.55,1487500
2023-08-17 07:00:00,26.55,27.01,26.34,26.59,2435300
2023-08-18 07:00:00,26.42,26.59,24.77,24.77,3750900
2023-08-21 07:00:00,24.73,24.73,23.54,23.8,2247300
2023-08-22 07:00:00,23.88,24.22,23.03,23.96,1885000
2023-08-23 07:00:00,24.51,24.51,24.01,24.01,1234200
2023-08-24 07:00:00,24.13,24.73,24.01,24.73,1590900
2023-08-25 07:00:00,25.07,25.4,24.73,24.73,1458500
2023-08-28 07:00:00,25.07,25.11,24.56,24.9,1303600
2023-08-29 07:00:00,24.98,25.4,24.73,25.15,1294800
2023-08-30 07:00:00,25.15,25.23,24.9,25.15,1403100
2023-08-31 07:00:00,25.28,26.04,25.28,26.0,2763200
2023-09-05 07:00:00,26.59,26.72,26.21,26.55,2304800
2023-09-06 07:00:00,26.42,26.67,26.25,26.67,2721400
2023-09-07 07:00:00,27.01,27.27,26.5,26.59,2941500
2023-09-08 07:00:00,26.63,26.89,26.38,26.76,1974500
2023-09-11 07:00:00,27.01,27.86,26.84,27.1,6518400
2023-09-12 07:00:00,27.14,27.82,27.14,27.78,3334600
2023-09-13 07:00:00,28.03,29.21,28.03,28.75,5130400
2023-09-14 07:00:00,28.75,28.83,27.61,27.94,3877000
2023-09-15 07:00:00,27.94,28.11,27.44,27.65,2430100
2023-09-18 07:00:00,27.65,27.65,26.93,27.1,2012800
2023-09-19 07:00:00,27.44,27.44,26.38,26.89,2197500
2023-09-20 07:00:00,27.1,27.9,26.84,27.9,1648600
2023-09-21 07:00:00,27.99,28.54,27.44,27.52,2285700
2023-09-22 07:00:00,26.72,26.93,25.7,26.17,3088200
2023-09-25 07:00:00,26.17,26.17,24.35,24.35,2414300
2023-09-26 07:00:00,23.96,24.56,22.69,22.69,2855600
2023-09-27 07:00:00,22.69,23.71,22.1,23.71,2110100
2023-09-28 07:00:00,23.88,23.88,23.08,23.41,1400400
2023-09-29 07:00:00,23.71,23.8,23.16,23.24,1353800
2023-10-02 07:00:00,23.54,24.18,23.29,24.01,1397600
2023-10-03 07:00:00,23.84,23.84,22.86,22.86,2476800
2023-10-04 07:00:00,22.19,23.63,22.19,23.63,1146600
2023-10-05 07:00:00,23.71,24.05,23.46,23.5,1572900
2023-10-06 07:00:00,23.5,24.13,23.2,24.13,1282600
2023-10-09 07:00:00,24.18,24.68,23.96,24.51,1354000
2023-10-10 07:00:00,24.81,24.81,24.05,24.05,1919700
2023-10-11 07:00:00,24.22,24.64,24.09,24.56,1374400
2023-10-12 07:00:00,24.68,25.11,24.3,24.51,1225400
2023-10-13 07:00:00,24.39,24.73,23.96,24.51,1522300
2023-10-16 07:00:00,24.56,25.07,24.22,24.3,1650700
2023-10-17 07:00:00,24.56,24.56,22.61,22.61,1188400
2023-10-18 07:00:00,22.74,22.86,21.04,21.04,2909300
2023-10-19 07:00:00,21.13,21.68,20.58,21.17,1260700
2023-10-20 07:00:00,21.17,21.97,20.92,21.93,1041000
2023-10-23 07:00:00,21.93,21.97,21.42,21.55,873800
2023-10-24 07:00:00,21.85,21.85,21.21,21.59,684900
2023-10-25 07:00:00,21.68,22.06,21.68,21.72,974900
2023-10-26 07:00:00,21.42,21.42,20.24,20.24,1668700
2023-10-27 07:00:00,20.24,20.37,18.88,19.77,1320100
2023-10-30 07:00:00,19.73,19.73,18.5,18.5,1119800
2023-10-31 07:00:00,18.84,18.84,17.4,17.78,1636000
2023-11-01 07:00:00,17.87,18.08,17.19,18.08,1233800
2023-11-02 07:00:00,18.54,19.31,18.29,19.31,1354800
2023-11-03 07:00:00,19.48,19.86,18.8,19.48,1588700
2023-11-06 07:00:00,19.56,19.86,19.35,19.77,1055200
2023-11-07 07:00:00,19.77,20.41,19.56,19.77,1537500
2023-11-08 07:00:00,19.77,21.13,19.77,21.13,1740600
2023-11-09 07:00:00,21.3,21.89,21.13,21.25,2099200
2023-11-10 07:00:00,21.09,21.68,20.87,21.04,1675600
2023-11-13 07:00:00,21.25,21.55,20.83,21.17,1085500
2023-11-14 07:00:00,21.51,21.72,21.25,21.34,1372500
2023-11-15 07:00:00,21.89,21.89,21.38,21.42,1116100
2023-11-16 07:00:00,21.3,21.59,21.25,21.59,781300
2023-11-17 07:00:00,21.76,22.44,21.59,21.93,3647400
2023-11-20 07:00:00,21.25,22.27,21.25,21.93,1361000
2023-11-21 07:00:00,22.27,22.4,22.02,22.31,897600
2023-11-22 07:00:00,22.36,22.86,22.23,22.69,1958900
2023-11-23 07:00:00,22.74,22.74,21.13,21.13,1997200
2023-11-24 07:00:00,21.17,21.42,20.07,21.42,1976000
2023-11-27 07:00:00,21.3,21.59,21.0,21.09,445800
2023-11-28 07:00:00,21.17,21.34,20.53,21.09,1270700
2023-11-29 07:00:00,21.17,21.47,21.04,21.34,768700
2023-11-30 07:00:00,21.55,21.72,21.21,21.21,900000
2023-12-01 07:00:00,21.42,21.51,21.09,21.42,848800
2023-12-04 07:00:00,21.76,22.65,21.72,22.44,2081700
2023-12-05 07:00:00,22.57,22.65,22.36,22.52,1456300
2023-12-06 07:00:00,22.57,22.95,22.52,22.82,1552500
2023-12-07 07:00:00,22.91,23.08,21.93,22.19,1966300
2023-12-08 07:00:00,22.27,22.78,22.02,22.44,1304100
2023-12-11 07:00:00,22.44,22.44,22.06,22.27,608000
2023-12-12 07:00:00,22.48,22.48,22.23,22.27,479000
2023-12-13 07:00:00,22.36,22.78,22.14,22.27,1270300
2023-12-14 07:00:00,22.61,22.61,21.93,22.1,849500
2023-12-15 07:00:00,22.1,22.14,21.64,21.76,805500
2023-12-18 07:00:00,21.64,21.76,21.17,21.17,930600
2023-12-19 07:00:00,21.25,21.42,21.0,21.34,525500
2023-12-20 07:00:00,21.47,21.81,21.34,21.72,669800
2023-12-21 07:00:00,21.55,21.72,21.38,21.68,425800
2023-12-22 07:00:00,21.81,21.89,21.59,21.64,711900
2023-12-25 07:00:00,21.64,22.23,21.64,22.19,718900
2023-12-26 07:00:00,22.44,22.44,22.14,22.23,1000600
2023-12-27 07:00:00,22.31,22.48,22.19,22.27,1019800
2023-12-28 07:00:00,22.36,22.44,22.19,22.23,817800
2023-12-29 07:00:00,22.36,23.03,22.27,22.65,2120100
2024-01-02 07:00:00,22.78,22.91,22.44,22.44,1155600
2024-01-03 07:00:00,22.44,24.01,22.4,24.01,5607000
2024-01-04 07:00:00,24.13,24.18,23.88,23.88,1810300
2024-01-05 07:00:00,24.01,24.81,24.01,24.35,3103400
2024-01-08 07:00:00,24.47,25.4,24.13,24.85,3339600
2024-01-09 07:00:00,24.98,24.98,24.43,24.51,1622100
2024-01-10 07:00:00,24.51,24.77,24.3,24.3,2166600
2024-01-11 07:00:00,24.3,25.02,24.26,24.64,1582700
2024-01-12 07:00:00,24.43,24.47,23.71,23.92,2535000
2024-01-15 07:00:00,24.13,24.3,24.01,24.01,967300
2024-01-16 07:00:00,23.96,24.77,23.88,24.68,1760900
2024-01-17 07:00:00,24.81,25.23,24.39,24.39,1370400
2024-01-18 07:00:00,24.64,24.9,24.39,24.81,1670200
2024-01-19 07:00:00,24.85,25.32,24.64,24.64,1913200
2024-01-22 07:00:00,24.6,24.64,24.18,24.3,1837200
2024-01-23 07:00:00,24.35,24.85,24.3,24.39,855500
2024-01-24 07:00:00,24.3,24.39,24.13,24.13,1360000
2024-01-25 07:00:00,24.13,24.43,24.09,24.13,913100
2024-01-26 07:00:00,24.35,24.35,24.13,24.3,1031500
2024-01-29 07:00:00,24.3,25.02,24.3,24.56,2139000
2024-01-30 07:00:00,24.68,25.74,24.56,25.74,4435000
2024-01-31 07:00:00,25.74,25.74,24.85,24.85,3439900
2024-02-01 07:00:00,24.85,25.32,24.73,25.15,1541200
2024-02-02 07:00:00,25.15,25.32,24.73,24.81,2838000
2024-02-05 07:00:00,24.9,24.9,24.22,24.64,3003000
2024-02-06 07:00:00,24.68,24.85,24.43,24.47,1572400
2024-02-07 07:00:00,24.51,24.94,24.3,24.68,2393200
2024-02-15 07:00:00,24.98,25.57,24.77,25.4,4729200
2024-02-16 07:00:00,25.45,25.53,25.07,25.15,4783600
2024-02-19 07:00:00,26.5,26.5,25.85,26.0,2266400
2024-02-20 07:00:00,26.0,26.0,25.6,25.8,1529900
2024-02-21 07:00:00,25.7,26.15,25.6,25.95,1430600
2024-02-22 07:00:00,25.85,26.25,25.7,25.8,1129300
2024-02-23 07:00:00,25.8,25.9,25.05,25.35,1516600
2024-02-26 07:00:00,25.35,25.7,25.0,25.7,1283400
2024-02-27 07:00:00,25.85,26.4,25.8,26.1,1721300
2024-02-28 07:00:00,26.2,26.2,25.75,25.9,1312800
2024-02-29 07:00:00,25.9,26.0,25.45,25.7,1950400
2024-03-01 07:00:00,25.8,26.95,25.5,26.8,4196600
2024-03-04 07:00:00,27.0,27.0,26.65,26.7,1274700
2024-03-05 07:00:00,26.3,26.7,26.15,26.4,2210300
2024-03-06 07:00:00,26.4,26.5,25.7,25.85,1866100
2024-03-07 07:00:00,25.85,26.15,25.75,26.15,1710100
2024-03-08 07:00:00,26.0,26.3,25.55,25.55,2376500
2024-03-11 07:00:00,25.55,25.6,25.0,25.0,1406900
2024-03-12 07:00:00,25.0,25.55,24.85,25.3,1488700
2024-03-13 07:00:00,25.7,25.7,25.3,25.65,1708600
2024-03-14 07:00:00,25.8,26.2,25.55,26.2,3783000
2024-03-15 07:00:00,26.2,27.05,26.0,26.45,4960100
2024-03-18 07:00:00,26.45,26.8,25.0,25.45,3347400
2024-03-19 07:00:00,25.65,26.0,25.45,25.45,1798800
2024-03-20 07:00:00,25.5,25.65,25.25,25.65,1937400
2024-03-21 07:00:00,26.0,26.5,25.65,26.5,3285400
2024-03-22 07:00:00,27.15,27.2,26.5,26.65,4310600
2024-03-25 07:00:00,26.8,27.35,26.2,26.4,3240700
2024-03-26 07:00:00,26.4,26.95,26.1,26.95,1681300
2024-03-27 07:00:00,27.1,27.3,26.4,26.95,2269000
2024-03-28 07:00:00,27.05,27.05,26.5,26.6,1456300
2024-03-29 07:00:00,26.9,26.9,26.15,26.2,1404100
2024-04-01 07:00:00,26.2,26.75,25.9,26.2,2229600
2024-04-02 07:00:00,26.0,26.4,25.75,26.3,1848400
2024-04-03 07:00:00,26.3,26.75,26.0,26.1,2272100
2024-04-04 07:00:00,26.05,26.35,25.6,25.6,1446900
2024-04-05 07:00:00,25.4,25.6,25.3,25.3,1601600
2024-04-08 07:00:00,25.25,25.4,25.0,25.0,1141000
2024-04-09 07:00:00,25.0,25.2,24.8,25.2,1002700
2024-04-10 07:00:00,25.3,25.4,24.8,24.8,815700
2024-04-11 07:00:00,24.4,24.75,24.2,24.5,1157400
2024-04-12 07:00:00,24.55,24.8,24.55,24.65,738200
2024-04-15 07:00:00,24.6,24.75,22.95,22.95,2113700
2024-04-16 07:00:00,22.9,22.9,21.35,21.95,2344800
2024-04-17 07:00:00,22.15,22.2,21.35,21.4,958800
2024-04-19 07:00:00,20.5,21.3,20.1,20.15,2004300
2024-04-22 07:00:00,20.8,20.8,20.15,20.5,1118900
2024-04-23 07:00:00,20.7,20.9,19.2,19.5,1205000
2024-04-24 07:00:00,19.9,20.85,19.9,20.85,1618800
2024-04-25 07:00:00,21.0,22.0,21.0,21.5,1976100
2024-04-26 07:00:00,21.1,21.5,21.0,21.45,1052200
2024-05-02 07:00:00,21.6,21.65,21.05,21.25,1022000
2024-05-03 07:00:00,21.65,21.65,21.0,21.1,931000
2024-05-06 07:00:00,21.4,21.75,21.15,21.7,1251000
2024-05-07 07:00:00,21.7,22.3,21.7,21.8,1398200
2024-05-08 07:00:00,21.45,22.9,21.1,22.6,4447000
2024-05-09 07:00:00,22.8,22.85,22.05,22.3,1723400
2024-05-10 07:00:00,22.5,22.5,21.85,21.95,2321400
2024-05-13 07:00:00,22.0,22.2,21.6,21.85,1474600
2024-05-14 07:00:00,21.9,22.2,21.75,21.8,1313100
2024-05-15 07:00:00,21.8,22.4,21.8,22.3,2314600
2024-05-16 07:00:00,22.5,22.65,22.25,22.25,1700300
2024-05-17 07:00:00,22.2,22.4,21.9,22.15,2691500
2024-05-20 07:00:00,22.5,22.95,22.35,22.85,3441300
2024-05-21 07:00:00,22.85,22.9,22.35,22.6,1990600
2024-05-22 07:00:00,22.8,22.85,22.2,22.25,2561800
2024-05-23 07:00:00,22.25,22.55,22.15,22.4,2046400
2024-05-24 07:00:00,22.3,22.85,21.7,21.85,3476300
2024-05-27 07:00:00,22.0,22.35,21.85,22.1,1363300
2024-05-28 07:00:00,22.1,22.65,22.1,22.65,2175800
2024-05-29 07:00:00,22.65,23.5,22.55,22.95,4402000
2024-05-30 07:00:00,22.45,23.4,22.45,22.8,2836800
2024-05-31 07:00:00,23.2,23.2,22.55,22.55,1943200
2024-06-03 07:00:00,22.75,23.1,22.7,22.9,1983500
2024-06-04 07:00:00,23.1,23.75,22.9,23.5,5468900
2024-06-05 07:00:00,23.7,23.85,23.3,23.3,3180800
2024-06-06 07:00:00,23.5,23.7,22.85,23.0,2128500
2024-06-07 07:00:00,23.2,23.25,22.9,23.0,1632400
2024-06-10 07:00:00,23.35,23.95,23.3,23.35,4641800
2024-06-11 07:00:00,23.45,23.5,22.8,22.85,2352000
2024-06-12 07:00:00,22.85,22.9,22.5,22.8,2648900
2024-06-13 07:00:00,23.0,23.1,22.75,22.8,2339100
2024-06-14 07:00:00,22.8,23.4,22.0,22.0,3807400
2024-06-17 07:00:00,22.15,22.4,22.0,22.15,1836700
2024-06-18 07:00:00,22.5,22.5,22.0,22.0,1738500
2024-06-19 07:00:00,22.05,22.15,21.5,21.6,2635700
2024-06-20 07:00:00,21.6,21.85,20.8,21.0,2613200
2024-06-21 07:00:00,21.05,21.35,21.0,21.0,1227700
2024-06-24 07:00:00,21.25,21.3,19.95,19.95,2065900
2024-06-25 07:00:00,19.95,21.15,19.95,20.8,3721800
2024-06-26 07:00:00,20.9,21.2,20.7,21.1,1062200
2024-06-27 07:00:00,21.2,21.25,20.7,20.8,827700
2024-06-28 07:00:00,20.8,20.8,20.0,20.05,1484300
2024-07-01 07:00:00,20.45,20.45,20.05,20.35,636800
2024-07-02 07:00:00,20.45,20.8,20.45,20.65,1044200
2024-07-03 07:00:00,20.85,21.7,20.65,21.4,2509600
2024-07-04 07:00:00,21.5,21.5,21.05,21.15,1111800
2024-07-05 07:00:00,21.25,21.65,21.1,21.25,1724900
2024-07-08 07:00:00,21.45,21.45,20.9,21.0,1464400
2024-07-09 07:00:00,21.0,21.3,20.85,21.3,2665900
2024-07-10 07:00:00,21.65,21.65,21.2,21.2,2765800
2024-07-11 07:00:00,21.3,21.45,21.05,21.15,1080600
2024-07-12 07:00:00,21.3,21.3,20.45,20.6,2219900
2024-07-15 07:00:00,20.7,20.85,20.6,20.65,663500
2024-07-16 07:00:00,20.9,20.9,20.6,20.65,935900
2024-07-17 07:00:00,20.8,20.85,19.5,20.0,2254500
2024-07-18 07:00:00,20.05,20.4,19.7,20.2,1266200
2024-07-19 07:00:00,20.2,20.2,19.75,19.95,780800
2024-07-22 07:00:00,19.95,19.95,19.0,19.25,1237900
2024-07-23 07:00:00,19.35,19.5,18.4,18.4,1119100
2024-07-24 07:00:00,18.4,19.2,18.05,19.0,1098600
2024-07-25 07:00:00,18.95,18.95,18.65,18.8,477300
2024-07-26 07:00:00,18.8,19.2,18.8,18.9,606600
2024-07-29 07:00:00,19.1,19.2,18.8,18.95,316700
2024-07-30 07:00:00,19.0,19.0,18.45,18.65,701300
2024-07-31 07:00:00,18.6,18.8,18.3,18.4,717000
2024-08-01 07:00:00,18.3,18.45,17.3,17.3,1612600
2024-08-02 07:00:00,17.2,18.5,16.85,18.5,1089800
2024-08-05 07:00:00,17.9,18.2,17.25,17.25,1496800
2024-08-06 07:00:00,17.5,18.0,17.15,18.0,1084500
2024-08-07 07:00:00,18.0,18.4,17.6,18.4,947600
2024-08-08 07:00:00,18.3,19.4,18.05,18.45,2270700
2024-08-09 07:00:00,18.9,18.9,18.45,18.55,883200
2024-08-12 07:00:00,18.55,19.1,18.4,18.7,1050500
2024-08-13 07:00:00,18.75,18.75,18.35,18.5,723600
2024-08-14 07:00:00,18.85,18.85,18.15,18.15,795900
2024-08-15 07:00:00,18.2,18.6,18.05,18.4,864700
2024-08-16 07:00:00,18.5,19.5,18.45,19.4,2728800
2024-08-19 07:00:00,19.6,19.6,19.2,19.2,1279200
2024-08-20 07:00:00,19.4,19.6,19.2,19.4,1455800
2024-08-21 07:00:00,19.6,20.2,19.5,19.5,2052500
2024-08-22 07:00:00,19.65,19.65,19.35,19.4,1149200
2024-08-23 07:00:00,19.4,19.5,18.9,19.1,1705300
2024-08-26 07:00:00,19.4,19.4,19.0,19.0,1012700
2024-08-27 07:00:00,19.0,19.3,18.9,18.95,978400
2024-08-28 07:00:00,19.05,19.25,18.75,18.9,864300
2024-08-29 07:00:00,18.95,19.0,18.75,18.75,529400
2024-08-30 07:00:00,19.1,19.1,18.8,18.8,677200
2024-09-04 07:00:00,18.4,19.3,18.4,19.1,1148400
2024-09-05 07:00:00,19.2,19.35,18.8,19.05,907400
2024-09-06 07:00:00,19.05,19.05,18.75,18.85,646400
2024-09-09 07:00:00,18.6,19.05,18.6,18.75,558300
2024-09-10 07:00:00,18.85,18.95,18.35,18.4,884400
2024-09-11 07:00:00,18.4,18.5,17.75,18.5,1524900
2024-09-12 07:00:00,18.5,18.55,18.2,18.25,534400
2024-09-13 07:00:00,18.25,18.3,17.95,17.95,1052900
2024-09-16 07:00:00,18.0,18.2,17.65,18.15,918300
2024-09-17 07:00:00,18.0,18.45,17.85,18.45,726800
2024-09-18 07:00:00,18.5,18.5,18.2,18.4,832500
2024-09-19 07:00:00,18.35,18.55,18.2,18.4,823700
2024-09-20 07:00:00,18.5,18.6,18.35,18.45,1293300
2024-09-23 07:00:00,18.5,18.75,18.35,18.5,897300
2024-09-24 07:00:00,18.45,18.85,18.4,18.85,980700
2024-09-25 07:00:00,19.0,19.25,18.8,19.05,2341300
2024-09-26 07:00:00,19.1,19.2,18.85,18.9,1373700
2024-09-27 07:00:00,18.95,19.5,18.85,19.4,3196300
2024-09-30 07:00:00,19.45,19.75,19.35,19.7,2008900
2024-10-01 07:00:00,19.8,19.9,19.5,19.55,2705200
2024-10-02 07:00:00,19.35,19.5,19.2,19.2,2047200
2024-10-03 07:00:00,19.2,19.35,18.9,18.9,1801400
2024-10-04 07:00:00,19.0,19.0,18.75,18.85,770200
2024-10-07 07:00:00,18.9,18.95,18.6,18.65,984400
2024-10-08 07:00:00,18.6,18.9,18.5,18.65,981600
2024-10-09 07:00:00,18.9,19.25,18.85,19.2,1216300
2024-10-10 07:00:00,19.25,19.3,18.9,18.95,761200
2024-10-11 07:00:00,19.2,19.2,18.95,18.95,635000
2024-10-14 07:00:00,19.0,19.3,18.95,19.0,966900
2024-10-15 07:00:00,19.3,19.3,18.7,18.8,1015400
2024-10-16 07:00:00,18.9,18.95,18.4,18.45,954500
2024-10-17 07:00:00,18.45,18.65,18.15,18.6,1121200
2024-10-18 07:00:00,18.6,18.75,18.55,18.55,450200
2024-10-21 07:00:00,18.5,18.6,18.4,18.4,362500
2024-10-22 07:00:00,18.4,18.4,17.85,18.1,964400
2024-10-23 07:00:00,18.05,19.35,17.95,19.35,974400
2024-10-24 07:00:00,18.95,18.95,18.5,18.5,835900
2024-10-25 07:00:00,18.55,18.55,18.1,18.1,562800
2024-10-28 07:00:00,18.1,18.5,18.1,18.5,756500
2024-10-29 07:00:00,18.55,18.55,18.35,18.35,232500
2024-10-30 07:00:00,18.45,18.6,18.15,18.6,557000
2024-10-31 07:00:00,18.5,18.5,18.3,18.35,295600
2024-11-01 07:00:00,18.35,18.35,18.1,18.1,388100
2024-11-04 07:00:00,18.25,18.25,17.8,18.1,653000
2024-11-05 07:00:00,18.2,18.35,18.0,18.35,447900
2024-11-06 07:00:00,18.35,18.55,18.3,18.55,811500
2024-11-07 07:00:00,18.7,18.7,18.35,18.4,566100
2024-11-08 07:00:00,18.35,18.4,18.1,18.1,594200
2024-11-11 07:00:00,18.15,18.5,18.15,18.45,852800
2024-11-12 07:00:00,18.55,18.65,18.25,18.3,555900
2024-11-13 07:00:00,18.35,18.35,17.9,18.1,897100
2024-11-14 07:00:00,18.1,18.2,17.6,17.8,1101000
2024-11-15 07:00:00,17.75,17.75,17.0,17.75,1382100
2024-11-18 07:00:00,17.7,18.0,17.2,18.0,1342500
2024-11-19 07:00:00,17.8,17.8,17.45,17.8,649200
2024-11-20 07:00:00,17.6,17.9,17.25,17.75,652000
2024-11-21 07:00:00,17.75,17.75,17.3,17.45,1101300
2024-11-22 07:00:00,17.45,17.6,17.25,17.45,1146200
2024-11-25 07:00:00,17.55,17.6,17.3,17.6,600200
2024-11-26 07:00:00,17.5,17.9,17.5,17.8,1280100
2024-11-27 07:00:00,17.8,17.8,17.5,17.5,543100
2024-11-28 07:00:00,17.45,17.6,17.3,17.6,1284500
2024-11-29 07:00:00,17.6,17.6,17.3,17.45,985800
2024-12-02 07:00:00,17.6,18.15,17.55,17.8,1909400
2024-12-03 07:00:00,17.9,17.9,17.65,17.65,596700
2024-12-04 07:00:00,17.6,17.7,17.35,17.35,808800
2024-12-05 07:00:00,17.35,17.8,17.25,17.8,1210000
2024-12-06 07:00:00,17.85,18.0,17.6,17.6,750700
2024-12-09 07:00:00,17.65,18.5,17.6,18.35,3069300
2024-12-10 07:00:00,18.4,18.7,18.2,18.3,1898600
2024-12-11 07:00:00,18.35,18.4,18.05,18.1,1251100
2024-12-12 07:00:00,18.3,18.6,18.15,18.2,1767600
2024-12-13 07:00:00,18.2,18.5,18.15,18.3,1642000
2024-12-16 07:00:00,18.3,18.4,18.05,18.1,912000
2024-12-17 07:00:00,18.3,18.3,18.0,18.0,695400
2024-12-18 07:00:00,18.05,18.1,17.9,17.9,828800
2024-12-19 07:00:00,17.65,17.8,17.4,17.45,1528900
2024-12-20 07:00:00,17.55,17.9,17.45,17.6,908000
2024-12-23 07:00:00,17.7,17.75,17.6,17.6,493500
2024-12-24 07:00:00,17.6,17.65,17.45,17.6,897800
2024-12-25 07:00:00,17.8,18.8,17.8,18.8,6092900
2024-12-26 07:00:00,19.0,19.25,18.75,18.95,2150300
2024-12-27 07:00:00,19.0,19.3,18.7,18.7,2341200
2024-12-30 07:00:00,18.7,19.25,18.55,19.0,2622500
2024-12-31 07:00:00,18.85,19.1,18.55,18.55,1558000
2025-01-02 07:00:00,18.7,19.05,18.6,18.75,1498000
2025-01-03 07:00:00,18.9,19.3,18.75,18.85,2159400
2025-01-06 07:00:00,18.95,19.45,18.6,18.6,3470400
2025-01-07 07:00:00,18.7,18.8,17.75,17.9,2234700
2025-01-08 07:00:00,17.9,18.1,17.8,18.0,1022800
2025-01-09 07:00:00,18.0,18.15,17.65,17.65,1389300
2025-01-10 07:00:00,17.6,18.3,17.55,17.8,1620200
2025-01-13 07:00:00,17.8,18.35,17.75,17.85,1575900
2025-01-14 07:00:00,18.05,18.35,17.95,17.95,1324300
2025-01-15 07:00:00,18.0,19.15,18.0,18.9,3775900
2025-01-16 07:00:00,19.1,19.1,18.65,18.8,1969000
2025-01-17 07:00:00,18.9,19.3,18.65,19.1,2427700
2025-01-20 07:00:00,19.1,19.4,18.7,18.75,2281000
2025-01-21 07:00:00,18.8,19.0,18.6,18.9,1771200
2025-01-22 07:00:00,18.95,19.05,18.7,18.7,1442400
2025-01-23 07:00:00,18.8,19.2,18.7,19.05,1812400
2025-01-24 07:00:00,19.1,19.2,18.75,19.0,1667100
2025-02-03 07:00:00,18.65,19.65,18.65,19.15,3237600
2025-02-04 07:00:00,19.3,20.15,19.2,20.05,4996300
2025-02-05 07:00:00,20.1,20.1,19.8,19.95,1503800
2025-02-06 07:00:00,20.0,20.4,19.7,20.0,3708800
2025-02-07 07:00:00,20.2,20.7,19.7,19.8,4310900
2025-02-10 07:00:00,19.85,20.25,19.55,19.8,2787800
2025-02-11 07:00:00,19.95,20.35,19.9,19.9,2687800
2025-02-12 07:00:00,20.25,20.6,19.9,20.2,2991000
2025-02-13 07:00:00,20.35,20.35,20.0,20.15,2138000
2025-02-14 07:00:00,20.45,20.85,20.3,20.35,4044600
2025-02-17 07:00:00,20.4,20.8,19.85,19.95,4063800
2025-02-18 07:00:00,19.95,20.2,19.8,19.8,3028200
2025-02-19 07:00:00,19.8,20.15,19.8,20.0,2586700
2025-02-20 07:00:00,20.05,20.25,19.8,19.8,2237800
2025-02-21 07:00:00,19.75,20.35,19.75,20.0,2578900
2025-02-24 07:00:00,20.0,20.25,19.9,19.9,2075200
2025-02-25 07:00:00,19.95,20.7,19.95,20.55,5920700
2025-02-26 07:00:00,20.55,20.75,20.3,20.3,2108500
2025-02-27 07:00:00,20.3,20.4,20.05,20.2,2872600
2025-02-28 07:00:00,20.3,20.3,19.95,19.95,2312600
2025-03-03 07:00:00,20.0,20.15,19.85,20.15,1831300
2025-03-04 07:00:00,20.15,20.55,20.15,20.35,3087800
2025-03-05 07:00:00,20.4,20.45,19.95,19.95,2566600
2025-03-06 07:00:00,19.95,20.1,19.9,20.1,2079400
2025-03-07 07:00:00,20.25,20.5,20.0,20.0,2558000
2025-03-10 07:00:00,20.15,20.75,19.95,20.65,5666000
2025-03-11 07:00:00,20.4,21.1,20.35,20.95,4422400
2025-03-12 07:00:00,21.0,21.0,20.5,20.6,2624700
2025-03-13 07:00:00,20.75,20.75,19.65,19.75,5689600
2025-03-14 07:00:00,19.85,19.85,19.45,19.55,2464800
2025-03-17 07:00:00,19.6,19.75,19.55,19.6,1169700
2025-03-18 07:00:00,19.75,19.75,19.55,19.55,1275800
2025-03-19 07:00:00,19.5,19.65,19.3,19.35,1525300
2025-03-20 07:00:00,19.5,19.55,19.2,19.5,1250200
2025-03-21 07:00:00,19.5,19.55,19.2,19.25,962900
2025-03-24 07:00:00,19.25,19.3,19.1,19.2,783400
2025-03-25 07:00:00,19.4,19.45,19.2,19.25,857800
2025-03-26 07:00:00,19.35,19.5,19.1,19.15,850000
2025-03-27 07:00:00,19.15,19.25,19.0,19.0,876600
2025-03-28 07:00:00,19.0,19.0,18.4,18.4,2164200
2025-03-31 07:00:00,18.35,18.75,18.2,18.55,1613200
2025-04-01 07:00:00,18.7,18.75,18.55,18.65,541200
2025-04-02 07:00:00,18.85,18.95,18.4,18.6,1095900
2025-04-03 07:00:00,17.65,18.0,17.3,17.3,2391000
2025-04-04 07:00:00,16.1,16.5,16.1,16.1,4158400
2025-04-08 07:00:00,15.1,15.6,15.0,15.0,1261200
2025-04-09 07:00:00,13.95,14.8,13.95,13.95,3171600
2025-04-10 07:00:00,14.9,14.9,14.9,14.9,208800
2025-04-11 07:00:00,15.0,15.85,14.5,15.65,4040800
2025-04-14 07:00:00,15.85,15.95,15.55,15.85,1623300
2025-04-15 07:00:00,15.8,15.8,15.0,15.5,1695600
2025-04-16 07:00:00,15.4,15.8,15.1,15.4,1005900
2025-04-17 07:00:00,15.1,15.55,15.1,15.5,671800
2025-04-18 07:00:00,15.6,15.85,15.5,15.6,1317000
2025-04-21 07:00:00,15.65,15.7,15.15,15.2,924600
2025-04-22 07:00:00,15.0,15.15,14.15,14.35,2946900
2025-04-23 07:00:00,14.7,14.9,14.2,14.9,1291900
2025-04-24 07:00:00,15.0,15.3,14.9,15.0,1011400
2025-04-25 07:00:00,15.1,15.65,15.1,15.15,1476400
2025-04-28 07:00:00,15.1,15.7,15.0,15.7,2173500
2025-04-29 07:00:00,15.6,15.7,15.4,15.55,656100
2025-05-05 07:00:00,15.7,16.15,15.55,16.0,1445500
2025-05-06 07:00:00,16.2,16.2,15.6,15.6,1513900
2025-05-07 07:00:00,15.5,15.85,15.5,15.85,1675400
2025-05-08 07:00:00,16.0,16.05,15.75,15.9,1616000
2025-05-09 07:00:00,16.05,16.3,15.8,15.85,1299200
2025-05-12 07:00:00,16.0,16.0,15.6,15.8,977800
2025-05-13 07:00:00,16.2,16.25,16.0,16.1,1864900
2025-05-14 07:00:00,16.2,16.35,15.9,16.1,1519700
2025-05-15 07:00:00,16.2,16.45,15.95,16.4,2016800
2025-05-16 07:00:00,16.5,16.55,16.05,16.05,1408500
2025-05-19 07:00:00,16.05,16.2,15.95,16.0,973900
2025-05-20 07:00:00,16.0,16.15,15.95,16.0,837500
2025-05-21 07:00:00,16.1,16.55,16.0,16.55,2968700
2025-05-22 07:00:00,16.5,16.5,16.05,16.05,1982500
2025-05-23 07:00:00,16.1,16.75,15.9,16.3,3230500
2025-05-26 07:00:00,16.6,16.9,16.05,16.75,2517000
2025-05-27 07:00:00,16.85,17.4,16.75,17.1,3022000
2025-05-28 07:00:00,17.3,17.3,16.65,16.8,2544800
2025-05-29 07:00:00,16.95,17.05,16.7,17.0,1588100
2025-05-30 07:00:00,17.0,17.0,16.65,16.7,1228100
2025-06-02 07:00:00,16.7,17.2,16.65,17.05,2618900
2025-06-03 07:00:00,17.25,17.3,16.95,17.0,1561100
2025-06-04 07:00:00,17.05,17.45,17.05,17.15,2104400
2025-06-05 07:00:00,17.15,17.55,17.1,17.15,2127800
2025-06-06 07:00:00,17.2,17.2,16.7,16.75,2168100
2025-06-09 07:00:00,16.75,16.75,16.35,16.35,1527500
2025-06-10 07:00:00,16.45,16.65,16.3,16.45,1312400
2025-06-11 07:00:00,16.5,17.2,16.4,17.05,2003000
2025-06-12 07:00:00,17.25,17.45,17.05,17.1,2099800
2025-06-13 07:00:00,17.0,17.85,16.7,17.3,4719400
2025-06-16 07:00:00,17.25,17.45,17.25,17.3,1458800
2025-06-17 07:00:00,17.35,17.8,17.35,17.35,1746500
2025-06-18 07:00:00,17.35,17.7,17.05,17.05,2522200
2025-06-19 07:00:00,17.1,17.2,16.75,16.8,1847000
2025-06-20 07:00:00,16.9,16.9,16.7,16.7,1798300
2025-06-23 07:00:00,16.7,17.1,16.4,16.9,1215600
2025-06-24 07:00:00,17.0,17.1,16.85,16.85,1173900
2025-06-25 07:00:00,17.0,17.1,16.7,16.7,1522100
2025-06-26 07:00:00,16.8,16.85,16.65,16.8,813100
2025-06-27 07:00:00,16.95,16.95,16.65,16.75,1042900
2025-06-30 07:00:00,16.85,17.05,16.8,16.85,1120600
2025-07-01 07:00:00,17.1,17.4,16.8,16.85,1755700
2025-07-02 07:00:00,17.0,17.15,16.85,17.15,1227600
2025-07-03 07:00:00,17.1,17.45,16.8,16.95,2773800
2025-07-04 07:00:00,17.05,17.1,16.9,17.05,1010400
2025-07-07 07:00:00,17.3,17.4,17.05,17.3,1702700
2025-07-08 07:00:00,17.35,17.5,17.25,17.4,2626400
2025-07-09 07:00:00,17.55,17.75,17.3,17.45,4256300
2025-07-10 07:00:00,17.6,17.65,17.3,17.35,2277100
2025-07-11 07:00:00,17.45,17.45,17.1,17.15,2116900
2025-07-14 07:00:00,17.2,17.55,16.85,17.4,2628100
2025-07-15 07:00:00,17.6,17.6,17.15,17.15,1869200
2025-07-16 07:00:00,17.05,18.15,17.05,18.05,6266100
2025-07-17 07:00:00,18.35,18.35,17.75,17.95,3222400
2025-07-18 07:00:00,18.0,18.4,17.85,18.25,5024200
2025-07-21 07:00:00,18.4,18.7,18.0,18.0,3284900
2025-07-22 07:00:00,18.2,18.2,17.85,18.05,2075900
2025-07-23 07:00:00,18.1,18.7,18.1,18.2,4439500
2025-07-24 07:00:00,18.2,18.3,17.95,18.05,2059500
2025-07-25 07:00:00,18.2,18.6,18.2,18.4,4041700
2025-07-28 07:00:00,18.7,18.85,18.45,18.85,4528400
2025-07-29 07:00:00,19.05,19.4,17.85,17.85,6964500
2025-07-30 07:00:00,17.85,18.2,17.7,18.1,2609500
2025-07-31 07:00:00,18.3,18.35,17.7,18.0,3064600
2025-08-01 07:00:00,18.5,18.6,18.05,18.1,3220700
2025-08-04 07:00:00,18.1,19.35,18.0,19.35,6116800
2025-08-05 07:00:00,19.7,19.7,18.1,18.5,7605700
2025-08-06 07:00:00,18.8,18.85,18.55,18.8,2801300
2025-08-07 07:00:00,19.2,19.65,18.9,19.65,6235300
2025-08-08 07:00:00,19.8,19.8,19.0,19.35,3941700
2025-08-11 07:00:00,19.6,20.2,19.5,19.6,3570700
2025-08-12 07:00:00,19.85,19.85,19.1,19.5,3681800
2025-08-13 07:00:00,19.7,20.5,19.55,20.4,9002800
2025-08-14 07:00:00,20.55,20.65,20.0,20.25,3979400
2025-08-15 07:00:00,20.35,20.5,19.5,19.7,5052500
2025-08-18 07:00:00,19.95,20.9,19.95,20.4,4332800
2025-08-19 07:00:00,20.7,20.75,19.9,20.15,4946400
2025-08-20 07:00:00,20.15,20.15,19.0,19.4,4888600
2025-08-21 07:00:00,19.5,19.6,18.7,18.7,3993800
2025-08-22 07:00:00,18.5,18.75,18.0,18.5,3651900
2025-08-25 07:00:00,18.75,18.75,18.3,18.35,1121400
2025-08-26 07:00:00,18.15,19.0,18.15,19.0,1760000
2025-08-27 07:00:00,19.05,19.15,18.75,18.85,1971800
2025-08-28 07:00:00,18.85,18.9,18.65,18.75,1331500
2025-08-29 07:00:00,18.8,19.2,18.8,18.95,1681100
2025-09-03 07:00:00,18.95,19.5,18.9,19.5,1872400
2025-09-04 07:00:00,19.7,19.9,19.3,19.85,3155100
2025-09-05 07:00:00,20.05,20.2,18.7,18.7,5306600
2025-09-08 07:00:00,18.85,19.85,18.65,19.1,4525000
2025-09-09 07:00:00,19.4,19.6,18.9,19.15,2234500
2025-09-10 07:00:00,19.5,19.9,19.2,19.5,3142600
2025-09-11 07:00:00,19.6,19.6,18.85,19.45,2458700
2025-09-12 07:00:00,19.8,20.8,19.6,20.8,6188500
2025-09-15 07:00:00,22.25,22.25,22.1,22.25,5391400
2025-09-16 07:00:00,22.3,22.45,21.6,21.9,8453800
2025-09-17 07:00:00,21.8,21.9,21.1,21.3,3526100
2025-09-18 07:00:00,21.4,21.95,21.25,21.45,3927400
2025-09-19 07:00:00,21.8,21.8,21.25,21.5,1680300
2025-09-22 07:00:00,21.3,21.5,20.4,20.65,5596400
2025-09-23 07:00:00,20.95,21.0,20.2,20.25,2175700
2025-09-24 07:00:00,20.3,20.8,20.25,20.75,2519400
2025-09-25 07:00:00,20.85,21.55,20.7,21.25,3904000
2025-09-26 07:00:00,21.4,21.45,20.6,20.6,3679600
2025-09-29 07:00:00,20.8,21.1,20.3,20.35,3049400
2025-09-30 07:00:00,20.35,20.4,19.5,20.0,3375500
2025-10-01 07:00:00,20.0,20.1,19.7,19.7,1461500
2025-10-02 07:00:00,19.8,20.0,19.3,19.3,2017200
2025-10-03 07:00:00,19.45,19.55,19.05,19.1,1703000
2025-10-06 07:00:00,19.15,19.85,19.1,19.6,2845200
2025-10-07 07:00:00,19.9,20.0,19.35,19.45,1748500
2025-10-08 07:00:00,19.7,19.8,19.45,19.5,1316000
2025-10-09 07:00:00,19.5,19.75,19.45,19.6,1831900
2025-10-10 07:00:00,19.65,20.25,19.65,19.8,1899500
2025-10-13 07:00:00,19.5,19.8,19.35,19.7,2031200
2025-10-14 07:00:00,19.85,20.05,19.2,19.3,2542700
2025-10-15 07:00:00,19.45,19.45,19.0,19.1,1408600
2025-10-16 07:00:00,19.05,19.6,19.05,19.6,1656200
2025-10-17 07:00:00,19.6,19.9,19.4,19.4,1808700
2025-10-20 07:00:00,19.2,19.55,18.05,18.05,2701700
2025-10-21 07:00:00,18.0,18.1,17.1,18.1,3416700
2025-10-22 07:00:00,18.1,18.5,17.55,18.5,1377500
2025-10-23 07:00:00,18.4,18.7,18.0,18.0,931900
2025-10-24 07:00:00,17.95,17.95,17.5,17.95,1249700
2025-10-27 07:00:00,18.4,18.45,18.05,18.45,1800900
2025-10-28 07:00:00,18.4,18.5,17.95,18.5,1146100
2025-10-29 07:00:00,18.55,18.75,18.5,18.7,1379700
2025-10-30 07:00:00,18.8,18.9,18.45,18.55,870400
2025-10-31 07:00:00,18.6,18.9,18.4,18.5,1360000
2025-11-03 07:00:00,18.5,18.5,17.85,18.0,1709200
2025-11-04 07:00:00,17.95,18.5,17.4,18.5,1732800
2025-11-05 07:00:00,18.3,18.4,18.05,18.1,541200
2025-11-06 07:00:00,18.1,18.35,18.1,18.1,721800
2025-11-07 07:00:00,18.15,18.55,18.05,18.4,1646100
2025-11-10 07:00:00,18.4,18.45,18.1,18.45,819800
2025-11-11 07:00:00,18.5,18.5,18.0,18.15,1040000
2025-11-12 07:00:00,18.2,18.7,18.2,18.6,2008900
2025-11-13 07:00:00,18.65,19.1,18.6,18.8,2156700
2025-11-14 07:00:00,18.7,18.95,18.6,18.7,1117900
2025-11-17 07:00:00,18.85,19.35,18.85,19.05,2081300
2025-11-18 07:00:00,19.05,19.15,18.75,18.9,1191000
2025-11-19 07:00:00,18.8,19.3,18.8,19.15,1990600
2025-11-20 07:00:00,19.2,19.2,18.7,18.9,819900
2025-11-21 07:00:00,18.8,18.9,18.5,18.5,1471100
2025-11-24 07:00:00,18.6,18.8,18.5,18.55,530000
2025-11-25 07:00:00,18.6,18.7,18.0,18.0,1084200
2025-11-26 07:00:00,18.05,18.5,17.95,18.5,1058700
2025-11-27 07:00:00,18.5,18.65,18.2,18.2,623600
2025-11-28 07:00:00,18.35,18.4,18.0,18.05,585800
2025-12-01 07:00:00,18.15,18.5,18.0,18.5,908400
2025-12-02 07:00:00,18.45,18.45,18.05,18.3,704000
2025-12-03 07:00:00,18.45,18.5,18.2,18.5,694600
2025-12-04 07:00:00,18.5,18.65,18.45,18.55,1361700
2025-12-05 07:00:00,18.55,18.65,18.3,18.45,1275100
2025-12-08 07:00:00,18.6,18.85,18.35,18.6,1398000
2025-12-09 07:00:00,18.6,18.6,18.1,18.6,1291100
2025-12-10 07:00:00,18.6,19.05,18.5,18.75,1333100
2025-12-11 07:00:00,18.75,18.9,18.5,18.55,600800
2025-12-12 07:00:00,18.6,18.65,17.3,18.0,1769700
2025-12-15 07:00:00,17.9,17.95,17.4,17.9,1334600
2025-12-16 07:00:00,17.7,18.6,17.7,18.6,1627800
2025-12-17 07:00:00,18.35,18.7,18.2,18.25,792000
2025-12-18 07:00:00,18.2,18.35,18.1,18.3,544700
2025-12-19 07:00:00,18.6,18.6,18.15,18.6,1383100
2025-12-22 07:00:00,18.45,18.65,18.4,18.65,1005800
2025-12-23 07:00:00,18.65,18.75,18.3,18.3,835800
2025-12-24 07:00:00,18.35,18.45,18.15,18.15,881600
2025-12-25 07:00:00,18.25,18.25,17.6,17.6,1982700
2025-12-26 07:00:00,17.6,17.8,17.15,17.6,1937800
2025-12-29 07:00:00,17.6,17.6,17.4,17.6,495600
2025-12-30 07:00:00,17.6,17.65,17.3,17.4,612300
2025-12-31 07:00:00,17.45,17.45,17.1,17.1,879900
2026-01-05 07:00:00,17.25,17.35,16.7,17.2,1462000
2026-01-06 07:00:00,16.85,17.1,16.65,16.8,944900
2026-01-07 07:00:00,16.8,17.2,16.8,17.2,1249000
2026-01-08 07:00:00,17.3,17.35,16.9,16.9,887400
2026-01-09 07:00:00,17.0,17.05,16.05,16.05,1342600
2026-01-12 07:00:00,16.2,17.15,16.2,17.15,1622000
2026-01-13 07:00:00,17.4,17.6,17.1,17.25,1277300
2026-01-14 07:00:00,17.25,17.5,17.1,17.25,1176400
2026-01-15 07:00:00,17.25,17.5,17.1,17.35,1157000
2026-01-16 07:00:00,17.3,17.45,16.9,17.2,2351200
2026-01-19 07:00:00,17.2,17.45,17.05,17.2,838900
2026-01-20 07:00:00,17.25,17.35,17.0,17.2,1439500
2026-01-21 07:00:00,17.2,17.2,16.65,17.1,1297300
2026-01-22 07:00:00,16.9,17.4,16.9,17.3,1496400
2026-01-23 07:00:00,17.3,17.4,17.0,17.2,780200
2026-01-26 07:00:00,17.25,17.25,16.5,16.9,1511800
2026-01-27 07:00:00,16.85,16.85,16.5,16.8,840700
2026-01-28 07:00:00,16.85,17.3,16.5,17.3,1264400
2026-01-29 07:00:00,17.3,17.55,17.15,17.45,3059000
2026-01-30 07:00:00,17.7,18.3,17.7,17.75,2603700
2026-02-02 07:00:00,17.8,17.8,17.3,17.55,1126500
2026-02-03 07:00:00,17.55,17.6,17.3,17.5,992500
2026-02-04 07:00:00,17.6,18.2,17.4,18.1,3285300
2026-02-05 07:00:00,18.1,18.1,17.6,17.6,1059000
2026-02-06 07:00:00,17.4,17.5,17.0,17.0,1532500
2026-02-09 07:00:00,17.2,17.2,16.8,17.2,648600
2026-02-10 07:00:00,16.9,17.15,16.85,17.0,580400
2026-02-11 07:00:00,16.9,17.25,16.9,17.2,796300
2026-02-12 07:00:00,17.25,17.35,17.0,17.3,528800
2026-02-13 07:00:00,17.25,17.35,17.05,17.35,634600
2026-02-23 07:00:00,17.4,17.65,17.3,17.55,890200
2026-02-24 07:00:00,17.5,17.7,17.4,17.6,943700
2026-02-25 07:00:00,17.6,18.1,17.6,17.95,2966000
2026-02-26 07:00:00,18.0,18.0,17.6,17.7,835500
2026-02-27 07:00:00,17.8,17.9,17.65,17.7,984000
2026-03-02 07:00:00,17.0,17.4,17.0,17.3,2392100
2026-03-03 07:00:00,17.1,17.3,16.9,17.2,2446400
2026-03-04 07:00:00,17.0,17.1,16.15,17.0,2406700
2026-03-05 07:00:00,17.0,17.25,16.7,17.25,1510900
2026-03-06 07:00:00,17.0,17.0,16.6,16.95,1007300
2026-03-09 07:00:00,15.8,16.0,15.8,15.8,849600
2026-03-10 07:00:00,15.8,16.1,15.6,16.05,1362400
2026-03-11 07:00:00,16.05,16.9,15.95,16.9,1499900
2026-03-12 07:00:00,16.55,16.85,16.4,16.85,1090400
2026-03-13 07:00:00,16.45,17.6,16.45,17.15,3650300
2026-03-16 07:00:00,17.2,17.55,17.0,17.1,1045700
2026-03-17 07:00:00,17.1,17.2,16.7,16.85,1092100
2026-03-18 07:00:00,16.85,16.85,16.25,16.6,1108100
2026-03-19 07:00:00,16.2,16.7,16.15,16.45,1044800
2026-03-20 07:00:00,16.45,16.45,15.7,15.7,1861400
2026-03-23 07:00:00,15.75,16.0,14.65,16.0,2787000
2026-03-24 07:00:00,15.9,16.2,15.65,16.0,1532200
2026-03-25 07:00:00,16.05,16.25,15.85,16.25,1623000
2026-03-26 07:00:00,16.25,16.25,15.95,16.05,811100
2026-03-27 07:00:00,16.05,16.45,15.9,16.45,1831600
2026-03-30 07:00:00,16.0,16.15,15.95,16.0,959900
2026-03-31 07:00:00,16.1,16.3,16.0,16.05,833600
2026-04-01 07:00:00,16.3,16.4,16.1,16.3,1300000
2026-04-02 07:00:00,16.2,16.25,15.95,16.0,800100
2026-04-03 07:00:00,15.95,16.1,15.65,16.1,1244200
2026-04-06 07:00:00,16.0,16.0,15.6,15.6,683300
2026-04-07 07:00:00,15.65,15.7,15.5,15.5,565800
2026-04-08 07:00:00,15.95,16.15,15.7,16.1,1147100
2026-04-09 07:00:00,16.0,16.65,15.9,16.45,4186200
2026-04-10 07:00:00,16.5,16.7,16.3,16.35,925200
2026-04-13 07:00:00,16.25,16.7,16.15,16.45,1880400
2026-04-14 07:00:00,16.45,16.85,16.25,16.85,2140600
2026-04-15 07:00:00,17.0,17.1,16.55,16.55,1475100
2026-04-16 07:00:00,16.45,16.5,16.2,16.35,1379700
2026-04-17 07:00:00,16.45,16.55,16.2,16.25,664700
2026-04-20 07:00:00,16.3,16.4,16.25,16.25,456600
2026-04-21 07:00:00,16.35,16.35,16.0,16.0,1089100
2026-04-22 07:00:00,16.0,16.15,15.9,16.15,614000
2026-04-23 07:00:00,16.1,16.35,15.75,16.2,1315400
2026-04-24 07:00:00,16.15,16.25,15.9,16.0,551500
2026-04-28 07:00:00,16.1,16.15,15.85,16.0,540900
2026-04-29 07:00:00,16.0,16.1,15.9,16.1,477900
2026-05-04 07:00:00,16.0,16.3,15.95,16.3,1392300
2026-05-05 07:00:00,16.2,16.2,16.0,16.1,657700
2026-05-06 07:00:00,16.1,16.2,15.95,16.15,472400
2026-05-07 07:00:00,16.2,16.25,15.95,15.95,689000
2026-05-08 07:00:00,15.95,16.0,15.8,15.8,743700
2026-05-11 07:00:00,15.8,15.9,15.65,15.9,800600
2026-05-12 07:00:00,15.85,15.85,15.7,15.75,368000
2026-05-13 07:00:00,15.75,15.75,15.6,15.75,679100
2026-05-14 07:00:00,15.75,15.8,15.7,15.7,305600
2026-05-15 07:00:00,15.7,15.7,15.55,15.55,391000
2026-05-18 07:00:00,15.6,15.9,15.4,15.9,1014700
2026-05-19 07:00:00,15.8,15.85,15.55,15.6,546200
2026-05-20 07:00:00,15.6,15.65,15.0,15.55,869600
2026-05-21 07:00:00,15.5,15.5,15.3,15.3,283000
2026-05-22 07:00:00,15.3,15.45,15.3,15.45,529000
2026-05-25 07:00:00,15.5,15.5,15.3,15.45,365200
2026-05-26 07:00:00,15.35,15.45,15.35,15.45,423900
2026-05-27 07:00:00,15.4,15.45,15.35,15.45,362600
