Company,year,cash_ratio,quick_ratio,current_ratio,lt_debt_to_equity,lt_debt_to_assets,liab_to_equity,liab_to_assets,st_debt_to_equity,st_debt_to_assets,ap_to_equity,ap_to_assets,assets_to_liab,ebitda_coverage,pe_basic,pe_diluted,pb_ratio,ps_ratio,pb_tangible,market_cap,price_to_cfo,ev,ev_to_revenue,ev_to_ebitda,ev_to_ebit,eps_diluted,Financial_Distress
AAA,2018,0.20132689490688402,0.9752087880683853,1.2443046721541657,0.45056751038559395,0.17834694586141828,1.5263539457283468,0.6041726450520375,0.8363078830465714,0.33103353726845436,0.2089685874682499,0.08271548324476931,1.6551560355961994,0.09383078192142846,9.937219730941704,,0.6364887641774513,0.23676946157985185,0.6551718910477574,1896895734080.0,7.720834808619054,5086631473278.0,0.6349104874587523,20.70384820415527,20.70384820415527,1115.0,0
AAA,2019,0.0901163489503805,1.158563874462536,1.535961690465798,0.42132404548049457,0.17170804330490694,1.4537234096386344,0.5924561032136575,0.7372998325095711,0.30048204684086827,0.18568385359456052,0.0756743212642319,1.6878887643754594,0.3191753404159825,3.6617100371747213,3.6617100371747213,0.5180326794942881,0.1821458647470582,0.531410991540641,1686319763600.0,2.8562251557266753,5166241781767.0,0.5580255875216934,6.16498496054925,8.750386525831681,2690.0,0
AAA,2020,0.2554358082089696,0.9407359662794662,1.1916903320004182,0.15336794371409185,0.07201738870016698,1.1295960112163335,0.5304273699175257,0.731457934805002,0.34347262624107977,0.13481227071116453,0.06330415252523204,1.8852722478394854,0.18680789058841785,9.335877862595419,9.335877862595419,0.6739934852747896,0.36509438865819027,0.6902786146419962,2712124482020.0,8.722812554422715,5308913477439.0,0.7146628163030334,9.037415055896181,17.074679808523396,1310.0,0
AAA,2021,0.6057175953029053,1.3274756560426257,1.6313396712892914,0.21560607645845448,0.11748785818559451,0.8351349644817211,0.4550809507994852,0.40026188180014927,0.21811032406174619,0.11180638225934454,0.06092542751531134,2.1974112479179855,0.2867350309689491,23.862238622386222,23.862238622386222,1.1610535396492268,0.4818364365762193,1.1860539053593002,6332829222400.0,15.632696443653973,7703837426178.0,0.5861502723399448,11.507155249227575,19.017053469359194,813.0,0
AAA,2022,0.5123926304660774,1.2065145294328732,1.7647871236772965,0.20131767885242707,0.11507854564257526,0.7493936661113503,0.42837337337406983,0.3059090461996651,0.17486575613347036,0.12227114384612954,0.0698934414904569,2.3344121323963964,0.23107471447255915,15.150115473441108,15.150115473441108,0.4063596414819961,0.16400732319151137,0.41372725354280354,2507720693760.0,13.389208499314979,3994932810310.0,0.26127241290436565,8.386359176170812,21.329723230777812,433.0,0
AAA,2023,0.6516006006720039,1.3111709968308665,1.5203418863090534,0.06017177901374245,0.030980136618135038,0.9422696470137361,0.48513842990981576,0.44023309482913564,0.22665910240938975,0.08675269337603185,0.044665627921136083,2.06126733803771,0.2397624557226753,13.932411674347158,13.932411674347158,0.5813723525322103,0.2747079026257796,0.6012233625310683,3467229678720.0,9.404352677619501,4016521481698.0,0.3182281805155689,5.948959107465811,10.894226241472253,651.0,0
AAA,2024,0.5854719138472361,1.2437528282931762,1.5550447850643356,0.21481107837903826,0.09729806486081598,1.2077631110785565,0.5470528540938113,0.4096765703482341,0.18556183328386858,0.14006586765448129,0.06344243499297125,1.8279769358967919,0.2987288442093769,10.120918984280532,10.120918984280532,0.5130687900389911,0.25031918460854813,0.5390292671305407,3199637531520.0,6.2290578637339955,4674595684268.0,0.3657104808070944,5.764957854686195,9.100508016929597,827.0,0
AAM,2018,0.7280289187338637,7.880793848624639,12.15691567602969,0.0,0.0,0.08635706528814133,0.079492340085473,0.0,0.0,0.029226422481892306,0.02690314576648001,12.579828432837232,,10.317820658342793,10.317820658342793,0.4266625347649974,0.4137904903561375,0.47585386546987657,90315522090.0,8.494592422679384,79216734359.0,0.36294017458214856,7.450700121788633,7.450700121788633,881.0,0
AAM,2019,0.9184905904647035,4.918270836152456,12.366204853673771,0.0,0.0,0.0761181143009788,0.07073397732963853,0.0,0.0,0.03227038896449779,0.029987776003064386,14.137477316449248,77.00999415375954,16.47142857142857,16.47142857142857,0.6733384020564357,0.6586750111294691,0.7485668320563725,142354118830.0,20.049264236502722,128560725610.0,0.5948527381431397,11.145063567031842,18.106592063342635,700.0,0
AAM,2020,1.6937118915353626,3.3467887170989385,11.047840247335431,0.0,0.0,0.08613188277238507,0.07930149564575048,0.03906794911299732,0.03596980231652456,0.016545080654119138,0.015233031012667916,12.610102645063881,-1.3631661225212137,-9.19650655021834,-9.19650655021834,0.6697941862903571,1.0754524574084856,0.7493662558664166,130007707830.0,-9.90510716415774,111332087177.0,0.9209636008619135,-10.472043577364756,-8.482237497329907,-1145.0,0
AAM,2021,11.148733749342464,14.105613304500071,29.40704929009308,0.0,0.0,0.03479205469222327,0.03362226694190401,0.0,0.0,0.008094879892334718,0.007822711679731989,29.742194413241148,22.161086994031457,538.6363636363636,538.6363636363636,0.7528822780917102,1.0909301122222714,0.8391381050006219,146304970350.0,-148.76074894240318,84492674894.0,0.6300237311388875,38.14974400187481,-85.91091312420629,22.0,1
AAM,2022,1.291495098752286,9.956303144881254,22.79099818760998,0.0,0.0,0.04315850272352019,0.04137290987979318,0.0,0.0,0.006029650488922621,0.005780186302637775,24.17040529432055,,7.4020618556701026,7.4020618556701026,0.6345958441406873,0.6271977866821424,0.6991216008926533,132970846470.0,11.08152028760676,122719950296.0,0.5788462903765835,8.000049368773153,10.227231419527994,1455.0,0
AAM,2023,2.5020624214639,5.080916509112118,18.992995409080105,0.0,0.0,0.05044294172322017,0.048020639408048224,0.0,0.0,0.02905736469363934,0.027662011461537933,20.824379107130355,,233.25,233.25,0.5684682894851181,0.8422725900832074,0.6262740136442074,115192014630.0,-26.654548956420186,92303029984.0,0.6749106037156183,-57.14826170749399,-21.358213409471023,40.0,0
AAM,2024,12.714251155427089,15.52945123399516,33.5784984049705,0.0,0.0,0.030626164947630964,0.029716075517243604,0.0,0.0,0.012229388595973398,0.011865979160925735,33.65181917846862,,-12.12624584717608,-12.12624584717608,0.45904429359992804,0.5872220250842265,0.5055679718858808,90128800300.0,-24.297908492686048,27432101345.0,0.1787301511892712,-16.299557669238744,-7.395446139572101,-602.0,0
AAT,2018,0.08002060903685208,1.3047542607005227,1.5351894266825727,0.25752738056868424,0.1691894100718356,0.5221247030729732,0.3430236051086162,0.14900414899380232,0.09789220862980687,0.042160273219210086,0.0276983043071924,2.91525126873807,0.41540892979008476,,,,,,,,,,,,0.0,0
AAT,2019,0.07185384455728161,1.7496978108961618,2.090810792019347,0.19878490210170227,0.13593359442693598,0.4623677313892318,0.31617747127802664,0.12875525370988813,0.08804574317813495,0.030084356749823384,0.02057236090763819,3.1627806875609514,1.0285729087175366,,,,,,,,,,,,608.0,0
AAT,2020,0.21399018865664324,1.687769107486927,1.872119206329639,0.07093759585773945,0.05198421161154321,0.36459885912721257,0.2671839102667925,0.19496778150261587,0.14287552726470534,0.008625744957669119,0.006321084690915015,3.7427403431646202,0.11183939911945036,,,,,,,,,,,,403.0,0
AAT,2021,0.8065258719747883,2.812438871425849,2.9664501599777036,0.20708636734544555,0.14180270027906958,0.46038380748671826,0.3152485018846015,0.11845493406859975,0.08111219356263442,0.01924925984534979,0.013180959516715853,3.1721007206120064,0.6459230102630201,19.563591022443887,19.563591022443887,1.4969197758229984,2.1155922620152525,1.516182779959768,1001045362410.0,30.287094084787505,1125430375390.0,2.3784654352525076,19.491797686548114,34.05042063553757,802.0,0
AAT,2022,0.0742894329193173,2.0185148387649474,2.08478884248497,0.15381492915287265,0.10581887150064741,0.45356803537572793,0.3120377060702815,0.1731686375065154,0.11913349309566622,0.010976993844536905,0.007551757865740008,3.204740903250859,0.3911353136694496,4.680628272251309,4.680628272251309,0.4016301874901323,0.2965734208957611,0.40551418677698514,285192655830.0,3.1277159384585635,501567084800.0,0.5215823868778701,9.018260844457538,5.500700432728804,955.0,0
AAT,2023,0.009121401947359735,1.932366589468152,2.053350789446308,0.10707768593143022,0.0749207513973364,0.4292126538287371,0.30031405940810385,0.19426267328282246,0.13592286127778785,0.04479025621467865,0.031339112548919454,3.329847433619738,0.30767911953516947,-140.0,-140.0,0.49039463830155383,0.5789788536760342,0.494521995216786,347013604700.0,53.31088761240183,558169189028.0,0.9312838253131263,11.281094614877382,85.75022564519408,-35.0,0
AAT,2024,0.05749428058135883,1.623024430070099,1.689305368216109,0.3210414483198839,0.17453836068480225,0.8393747200344726,0.45633698826672003,0.1860106830888688,0.1011271281826591,0.029458672982955427,0.016015590875579355,2.191363018365541,-0.12711043974044006,-29.491525423728817,-29.491525423728817,0.33974800479757117,0.4227208952361891,0.3793158696072067,246450478440.0,-22.9070619821399,602751598690.0,1.0338616383141357,-30.475341219242324,-56.02451380262675,-118.0,1
ABR,2018,0.4064357099051536,7.5915140506457695,8.640598674365577,0.0,0.0,0.08033693185695315,0.07436284874466415,0.059435578691938946,0.0550157797436187,0.0018160871266981345,0.0016810377143883493,13.447575192199105,1.0325026085745328,4.930555555555555,4.930555555555555,0.25575309618955544,0.4009384029202245,0.25575309618955544,8520000000.0,3.9475545143031088,9412258258.0,0.4429267363656355,4.360962743680119,4.360962743680119,576.0,0
ABR,2019,2.310068434511788,3.838879847015036,3.8450315432204767,0.0,0.0,0.22068550757063193,0.18078817697265281,0.0,0.0,0.15649311177326442,0.12820100738699836,5.531335161099978,216.95944036624041,5.04364089775561,5.04364089775561,0.7642465416842674,5.982049576729367,1.1244254226336503,161800000000.0,14.824477072751177,59008741442.0,2.1816638860719952,4.5402867488047995,5.40651257477646,1604.0,0
ABR,2020,2.244521959570698,4.584303972725868,4.620709250887136,0.0,0.0,0.19456267307418673,0.16287355821480928,0.0,0.0,0.1484278046798252,0.12425283999360935,6.139732016421774,,13.988673139158575,13.988673139158575,1.4625248806684565,3.519297048724402,1.9704624211791966,345800000000.0,11.642723517701777,249111220690.0,2.5352700514125224,8.61839094351521,8.387313671633489,1236.0,0
ABR,2021,0.9340445475371661,4.476240842389985,4.483971578292553,0.0,0.0,0.22188222490377502,0.18159051697576545,0.0,0.0,0.14955553719391596,0.12239766987828443,5.506895495723806,,17.89855072463768,17.89855072463768,1.3520214942527022,3.7935782987318776,1.7145634254400948,345800000000.0,14.92278844007545,296527142398.0,3.2530333498728456,11.331587719630853,12.796448272832508,966.0,0
ABR,2022,0.2596165308264021,2.372263831820525,2.377356972994671,0.0,0.0,0.305190239852637,0.23382816583664814,0.0,0.0,0.18989083792906006,0.14548901158692373,4.276644759291307,,4.095238095238095,4.095238095238095,0.42222515942406247,1.1557076996602602,0.5060052593054949,120400000000.0,3.1458543538459023,99000134117.0,0.9502925022127519,2.353395381651946,2.586710987901102,1470.0,0
ABR,2023,0.06650771883353276,3.4410766304260294,3.4410766304260294,0.0,0.0,0.21491608458172937,0.17689788398490136,0.0,0.0,0.10480963328142968,0.08626903093271128,5.652978868222937,,6.139444803098773,6.139444803098773,0.6016353925475498,3.543480179072449,0.6896500553474172,190200000000.0,6.457426508694254,186831997486.0,3.480733332850445,8.614052202287011,6.343080406090403,1549.0,0
ABR,2024,0.9868942578711755,4.199686857661737,4.199686857661737,0.0,0.0,0.19908732684933642,0.16603238345654822,0.0,0.0,0.1031544932609859,0.08602750688061196,6.0229214276244285,,10.334346504559269,10.334346504559269,0.6894775132255503,8.193970445005489,0.7774467286621498,204000000000.0,7.618035677029505,157725909402.0,6.335301176723536,5.881875971588081,5.8900078677272525,987.0,0
ABS,2018,0.00388905013158368,1.3650446627950323,1.4087286826053558,0.0027180927950396947,0.0017337183402666794,0.5677822238539622,0.36215630922145897,0.2946251803859113,0.18792481245364306,0.16368602526064097,0.10440609848111673,2.76123865451837,0.3153568681715881,,,,,,,,,,,,1027.0,0
ABS,2019,0.006902451905605226,1.2988889108580164,1.3752731818215944,0.0013055798077628465,0.0007940103547243793,0.6442856191920138,0.3918331533597001,0.21428851237989052,0.1303231688453189,0.39179228669972677,0.23827507954016514,2.552106659239237,0.4580921092369041,,,,,,,,,,,,1147.0,0
ABS,2020,0.003478934800507414,1.16980139535133,1.1769431709029081,0.0,0.0,1.688106361663735,0.6279909105303871,0.8215594215134222,0.3056275723423901,0.822909922736252,0.3061299710726226,1.5923797354892004,0.1647002839358191,14.734375,31.485809682804675,1.622187659375709,0.6396190174159757,1.6566128046791078,706116004780.0,11.942096802403682,1061174198741.0,0.9612403538670344,17.616054142994006,17.9469731882462,599.0,0
ABS,2021,0.0047182616811654145,1.8943137478943977,1.924641955846173,0.0,0.0,0.7194998479939002,0.41843554033070934,0.5087537625095474,0.2958731069985836,0.17068684197187434,0.0992654010240307,2.389854358952523,0.16229083653552645,33.045685279187815,33.045685279187815,2.248694656120703,1.7379521996169724,2.2701401491867115,2083200000000.0,25.396547504239546,2551368488798.0,2.1285313350326014,31.150659503733465,31.104047151775283,788.0,0
ABS,2022,0.004670092910085992,1.7730729549024788,1.779811533049284,0.000971649673319054,0.0005271761976078701,0.843121289861036,0.45744210893717363,0.5890813849547293,0.3196107538854069,0.15981984368774627,0.08671151734121418,2.1860689701772573,0.06176242060664691,19.477611940298505,19.477611940298505,0.4610919358841329,0.2601323884737098,0.46543841006801445,417600000000.0,11.703853292359964,948436439906.0,0.5908022902975333,26.578004494287878,26.581324113477017,268.0,0
ABS,2023,0.0026766103926343958,1.6828373224231576,1.6884682827829227,0.0007002469919994692,0.0004052671188264273,0.7278653003659532,0.4212511821446932,0.647965343001905,0.37500917627356095,0.008630781055727085,0.004995054333170027,2.373880578586758,0.034643024915698754,59.08163265306122,59.08163265306122,0.5068037604596158,0.4518043574943487,0.511371431236014,463200000000.0,20.38646848814283,1054278410762.0,1.028341062164267,45.542017795684835,46.40115198343872,98.0,1
ABS,2024,0.0014034310213745912,11.178894175064011,11.200992430495592,0.0004364912754481055,0.00039936693967841956,0.09295795941341423,0.0850517246457534,0.06464242017159796,0.05914447085072812,0.003076834979694211,0.0028151448582208367,11.75755111568957,0.11388124203943482,153.33333333333331,,0.4015719734122571,0.9289624968307915,0.403638786663312,368000000000.0,32.62709267583534,427519649727.0,1.0792111990614655,39.433281078714195,37.9041392184334,30.0,1
ABT,2018,0.27396750036800854,1.3020390988195227,2.4102194882356027,0.0,0.0,0.2760862489873378,0.21635390962517717,0.19146812048826206,0.15004324405204209,0.02606289999556833,0.020424089685357107,4.622056526422159,0.8219124203255498,4.334941419710544,4.334941419710544,0.8457372895390267,0.8964458984534946,0.8711472757022367,354937328120.0,4.821045282326331,404960471639.0,1.0227866304156092,5.500499994364602,5.500499994364602,5804.0,0
ABT,2019,0.20698236673936746,0.8008313880650869,2.1512103273310017,0.0,0.0,0.30333411556119816,0.23273703338194793,0.19952669798502587,0.15308944621549506,0.02195919448126109,0.016848476702235143,4.296694795275174,0.6485562593643003,5.877213695395513,5.877213695395513,0.849898275305868,0.972249769250571,0.8749250682994181,351128382230.0,6.40897338323196,408686234601.0,1.1316234101133802,7.232971923611369,7.45954850763219,4235.0,0
ABT,2020,0.4409440497607176,0.8047283237186592,2.0112014339916167,0.0,0.0,0.32383038707940176,0.24461622141324876,0.2295478875558339,0.17339675066853252,0.03869301264571574,0.029228074097225703,4.088036329817327,0.15527471697441658,18.2864038616251,18.2864038616251,0.7807883537238766,1.0080058734627246,0.8030688473894312,320656815110.0,21.002301638937627,358293189139.0,1.1263183006102893,23.742056640737147,23.46739965870613,1243.0,0
ABT,2021,0.39686824638977414,0.6919615402131892,1.7219964902582756,0.0,0.0,0.41968493091344766,0.2956183599437206,0.297397194049988,0.20948112329306612,0.04891400179243038,0.0344541248042679,3.3827398277643463,0.32330158853530666,9.63316214233309,9.63316214233309,0.8849953814515102,1.0843203211845405,0.9088133210802489,370455255820.0,10.443428332281705,426878371797.0,1.2494704446535412,10.4333499863698,12.034040852235067,2726.0,0
ABT,2022,0.8597743278595401,1.2953238576370136,2.025619147346065,0.0,0.0,0.3220454326126934,0.24359634296096078,0.18779414431719235,0.1420481775320414,0.07327377928449116,0.05542455461586051,4.105151940479919,0.8110104378740276,4.88481770360965,4.88481770360965,0.8227957265121489,0.6283212858756936,0.8416465435812931,387447484510.0,5.529555851915049,348574584111.0,0.5652813340347183,4.690291358367572,4.974771313427089,5513.0,0
ABT,2023,0.07106512600904163,1.5626346700487166,2.1510697967569503,0.0,0.0,0.32713659951466073,0.2464980617928071,0.20349926238299423,0.15333708862932027,0.032586317099505,0.024553853093511206,4.056827030309657,0.7791781233774264,6.057142857142857,6.057142857142857,0.8699988076810025,0.8016539282046423,0.8883204726464717,427012303760.0,6.077141931754344,515829245976.0,0.9683949096509262,6.318084489333335,7.3411644412659705,4900.0,0
ABT,2024,0.2941900971565147,1.6389406148829435,2.262484567698513,0.0,0.0,0.37549774885795945,0.27299044958068863,0.23309005342705755,0.1694586949492184,0.023277698082352402,0.016923108817647487,3.663131811153075,0.9245646445467643,4.643841007477371,,0.9052823686969383,0.872861976201564,0.9211639136504658,509307127800.0,4.5067385972655,582802062919.0,0.9988192440408775,4.672558535073987,5.157077936192617,7623.0,0
ACC,2018,0.4390676318040988,1.1396061367082022,2.329626387069852,0.0,0.0,0.5822520118908568,0.36798942742063034,0.0441448021388337,0.027899981676167265,0.4205983744848573,0.2658226194841268,2.717469376795301,3.695327808490865,2.268041237113402,2.268041237113402,0.24657449680935709,0.15034551935193557,0.2570005683970279,57200000000.0,1.3676053658413028,12328524454.0,0.032404517690203985,0.2947649684649671,0.2947649684649671,2522.0,0
ACC,2019,0.6512039318529673,1.4987297923552025,1.885055294383885,0.0,0.0,0.9994140255445959,0.49985346345281223,0.34518809614896856,0.17264463074622427,0.33229485108257206,0.16619611888141195,2.0005863180227883,0.4393789327459506,1.641615089890952,4.924845269672856,0.22407017359519646,0.11760027900708506,0.2831719184750442,55700000000.0,1.063533501523179,9471546626.0,0.019997424162409606,0.2451133781836758,0.18084932043069718,1131.0,0
ACC,2020,0.5610252459164756,1.1553568954191786,2.1262304988205223,0.0,0.0,0.8017690648675617,0.44498991602261495,0.4831189080279684,0.26813586571566533,0.14797550382631855,0.08212789680524094,2.247241935138995,0.29621740522174833,1.2338289245027996,1.2338289245027996,0.37831053137222137,0.3953717711908542,0.4195690424238157,191700000000.0,2.4761969509672648,231790378645.0,0.47805619483501516,3.0333701140010882,2.9940460556301347,5179.0,0
ACC,2021,0.20576457694324674,0.6085881576812697,1.8076803967181985,0.5094978154074133,0.20590582444463204,1.4744215797762292,0.5958651475669584,0.6935861534883634,0.28030233778962066,0.17191859776405108,0.06947829713787021,1.678232069929259,0.016434821555874835,12.809083263246425,44.79411764705882,0.9617206352860282,1.2943367120147513,0.9788397327152188,456900000000.0,10.49778929726163,936353554143.0,2.652564632420173,161.8957561667918,21.513771764358225,340.0,0
ACC,2022,0.12648391219526328,1.1205318762806056,2.1660753310098273,0.0008218704829400279,0.00047600346734201515,0.7266060844668228,0.4208290999340474,0.5217689836425237,0.30219341188273774,0.0811967220277253,0.047026778579202615,2.3762615279141124,0.1475967005611584,13.023255813953488,,0.9670031250653597,1.8311093906414981,0.9670107310567836,1175999921600.0,11.934997640133252,1701210155356.0,2.6488963423473866,17.512445973533794,17.265255563895085,860.0,0
ACC,2023,0.02192448942516079,0.8429954795837522,1.9808642979829993,0.13471916469560172,0.0736039451503737,0.8303253231925125,0.45364903860054356,0.4643914333752482,0.25372070609023845,0.156435834183399,0.08546886840342598,2.2043472264041117,0.10889280499554625,18.655589123867067,,1.0091118506786838,1.9901303645286825,1.0091118506786838,1296749913550.0,18.67570425365771,2047238110178.0,3.141909387394348,29.312296926570728,29.48418433114261,662.0,0
ACC,2024,0.03412909705148255,0.5041656475536623,1.1766264004162874,0.11364994650190277,0.050845611384823144,1.235196773262245,0.5526120957393335,0.4225518792574315,0.1890445997023885,0.5959999705139417,0.2666431777476514,1.8095876071299368,0.1070969443236802,29.31726907630522,,1.147011793499058,2.189925050815419,1.147011793499058,1532999897800.0,24.07157105096057,2198804430899.0,3.1410418956843724,33.90349179041481,34.526210446269346,498.0,0
ACG,2018,0.03173044395788183,1.1645368988235756,2.5255751478398927,0.0,0.0,0.3995960464044325,0.2855081274564874,0.1289491038073411,0.09213308664211493,0.11541710847081792,0.0824645859548724,3.5025272622139423,1.9036665013714515,,,,,,,,,,,,11256.0,0
ACG,2019,0.08117856337555934,2.2136837604107216,3.8505472893033144,0.0,0.0,0.23993114571311425,0.19350360424660845,0.06569281857882908,0.052981021410707096,0.07543071642772611,0.06083460092805725,5.16786239663816,2.66105858342333,,,,,,,,,,,,5673.0,0
ACG,2020,0.057256866147961695,2.6407322024575803,3.8591950156235457,0.0,0.0,0.2662804235627384,0.2102855091240739,0.08755366950504566,0.06914240153749622,0.06980355208950095,0.05512487659969143,4.755439422171378,2.097977382121833,,,,,,,,,,,,5633.0,0
ACG,2021,0.08287806397305018,1.8975027466065701,3.0510486884434034,0.0,0.0,0.31934983853034227,0.24205091720485167,0.15012053924551672,0.11378372502985247,0.07656936304170313,0.05803567848766761,4.1313621594488055,1.1112926523169788,11.763793485486374,11.763793485486374,1.232090158828804,1.4128878231315851,1.2375299826280237,4653356762960.0,8.586445802275284,5121162241973.0,1.5549265058633326,7.831159545105282,9.449647700639396,4513.0,0
ACG,2022,0.2514756263461559,1.5383283028568766,2.4894005311846334,0.0,0.0,0.39747015540134,0.28442121204884724,0.20799526094172,0.14883699672425973,0.08882797467278028,0.06356341445250381,3.5159121670160713,1.0053367213413396,6.248634476731484,6.248634476731484,0.9930938702695961,0.8681081011356102,0.9964717319979776,3885199089200.0,5.190450379945962,4311066019969.0,0.9632637222809997,5.071157267681126,5.759389351120159,4577.0,0
ACG,2023,0.046752667283070114,2.0949905933437263,2.888042341954804,0.0,0.0,0.3546112834256089,0.26178084278823527,0.17332641127942397,0.1279528772572361,0.06459449769406354,0.04768489564822887,3.819989229727322,0.8197519722489073,14.08699220352893,14.08699220352893,1.2698490726098988,1.3759628762820462,1.2735401903197343,5176550186180.0,9.787678210337965,5816234465467.0,1.5459953861937625,9.518457358846764,10.997175589227167,2437.0,0
ACG,2024,0.1070650735158861,2.172700694981718,2.839670008166027,0.0,0.0,0.3504778821641225,0.2595213789080991,0.17433036052754794,0.12908790497789263,0.07622488504492399,0.056442897770953966,3.853247097435147,0.8833765510642543,14.201077199281865,14.201077199281865,1.4280697542589105,1.4980826352983896,1.4373459606572914,5963663264300.0,10.377422974823848,6536342599350.0,1.641940685193387,9.792964715875623,11.373947329968214,2785.0,0
ACL,2018,0.1015573301700587,0.6509586388449593,1.2400729922654254,0.0,0.0,1.404197993357606,0.5840608790279206,1.116853970060006,0.46454325856093603,0.16290275274374713,0.0677576277801662,1.712150284169599,0.39041390384207486,1.1172686788718456,1.1172686788718456,0.4606749565054198,0.15241601893263063,0.5114353526501291,257408330750.0,0.989988705100813,801782158587.0,0.47474937701891623,3.083642548163639,3.083642548163639,10105.0,0
ACL,2019,0.07714878422232085,0.4958385974597447,1.384611707025076,0.0,0.0,1.1930656756125682,0.544017303667534,0.9996414502413564,0.4558192038467503,0.09769970160443113,0.04454937336846586,1.838176824998808,0.28596188313910953,1.4583662505925108,1.4583662505925108,0.31584636302250724,0.14845561160161838,0.3434025682869922,210441000250.0,1.316748633189637,815152115739.0,0.5750490909405686,4.0192723179293655,5.100481526726487,6329.0,0
ACL,2020,0.04018417049523999,0.35858496397906686,1.3682300356714503,0.0,0.0,1.3896875031519702,0.5815352431307392,1.2736107853636978,0.532961227643288,0.0740325574481699,0.030980016152958,1.719586236281096,0.08169199017406362,22.82918149466192,22.82918149466192,0.9266773153534701,0.6761600010317551,1.000865368934389,643540213770.0,19.85355990786431,1489230774071.0,1.5647169519265718,19.619229325558702,45.94356616262796,562.0,0
ACL,2021,0.13589090817741997,0.4067108643460692,1.5409354180336676,0.0,0.0,1.0640864388757811,0.5155241654779453,0.8436270875699962,0.4087169372758844,0.10387381079587606,0.05032435117031806,1.9397732773067862,0.1445261574455735,19.43980929678188,19.43980929678188,1.158030352018984,0.6740373575911566,1.245295485243916,818093599889.9999,16.977135722461625,1311923362963.0,1.0809097602677549,14.453675801598239,27.225125576689397,839.0,0
ACL,2022,0.05794318304228973,0.4348949693536161,1.8391019371042128,0.0,0.0,0.7969058971206253,0.44348783005141945,0.6233005074580285,0.3468743179355188,0.10105684115421275,0.05623936195887995,2.2548533065361833,0.31898682120936483,4.053594215227562,4.053594215227562,0.579834034746883,0.409627079131893,0.6153126006041927,478015451070.0,3.497644811231245,953797773109.0,0.8173405169364072,5.460824424884688,6.978949790453706,2351.0,0
ACL,2023,0.07483068341647832,0.409504857830857,1.5600481703360642,0.0,0.0,1.1888230024352935,0.5431334562514211,1.0048166198777781,0.4590670962246902,0.11740139927176568,0.05363677151653853,1.8411681116125014,0.06161444344055109,57.908163265306115,57.908163265306115,0.7123952143702159,0.5098098060219052,0.7554687972474253,569304865650.0,32.24209903436024,1301203915802.0,1.165221932808473,24.9079667496917,73.69258203912457,196.0,0
ACL,2024,0.07739470149388955,0.5272675019789208,1.6433896806937136,0.0,0.0,1.054537491879887,0.5132724499054981,0.9096722153197919,0.4427625287516405,0.0857715058179301,0.04174735489467744,1.9482830223677823,0.05985749485653044,53.02325581395349,53.02325581395349,0.7060226853552894,0.3269865338679782,0.7461857348691975,571812816600.0,41.77022256348718,1242461773211.0,0.7104917149311181,27.06787818403073,90.76030352420821,215.0,1
ADC,2018,0.5655572792465835,1.0141625596744364,1.3661162598635077,0.0,0.0,1.2222499305327836,0.5500056108629283,0.0,0.0,0.7523810473245585,0.3385672497891249,1.818163270063837,9898.453517530512,2.899770466717674,,0.43836217145323547,0.0664657029460304,0.43836217145323547,23194800000.0,1.9127777281342828,-13381029171.0,-0.03834391803300108,-1.1034772698106448,-1.1034772698106448,2614.0,0
ADC,2019,0.5217129188340327,1.0485579918509853,1.3543449533886391,0.0,0.0,1.2353839080816822,0.5526495487488051,0.0,0.0,0.6547243841461345,0.2928912486929339,1.8094649715429845,,2.4956792257172484,2.4956792257172484,0.382925195370263,0.058306026633937406,0.382925195370263,22093200000.0,1.652072199573061,-15092692754.0,-0.03983103152520043,-1.0450228593028457,-1.1285924228079762,2893.0,0
ADC,2020,0.5472510556649386,1.0191032218845435,1.363294159371694,0.0,0.0,1.1606304452069902,0.5371721238963663,0.0,0.0,0.6142350896460382,0.28428512196920097,1.8616006965263237,,2.569573283858998,2.569573283858998,0.40002692064795226,0.06677601385335773,0.406000626842896,25428600000.0,1.6801021150692055,-14946517370.0,-0.03924985453224212,-0.9040141611266793,-0.9875366888564695,3234.0,0
ADC,2021,0.24354040010126948,1.004471642161204,1.4655345639161652,0.0,0.0,1.1499268985028652,0.5348679061151496,0.0,0.0,0.6977233417532963,0.3245335189020458,1.8696204961393101,,6.76555023923445,6.76555023923445,0.8408563560858143,0.18792674322372604,0.8645087142076385,56248015040.0,4.231485832041261,37514182330.0,0.12533630040036967,2.489780609631008,2.822157029312436,2090.0,0
ADC,2022,0.1254781336509557,0.8373796124425583,1.4279724656513155,0.0,0.0,1.236993080947189,0.5529713486746327,0.0,0.0,0.6262738110611125,0.279962337119047,1.808411959130993,,4.948960302457467,4.948960302457467,0.7192275926696086,0.13337391759927728,0.7324570558242909,52071182240.0,3.037735144662268,40833767271.0,0.10459066372199233,2.127609805597718,2.3821654241756387,2645.0,0
ADC,2023,0.46719208674209534,1.0779657809359915,1.5817580694108921,0.0,0.0,1.0792166679398816,0.5190496423872868,0.0,0.0,0.5590769793528589,0.268888273152793,1.926597994366508,,5.17120894479385,5.17120894479385,0.7544665090823125,0.13638786480818452,0.7663451806366057,58873452800.0,3.1897359622749897,19528986084.0,0.04524138787840058,0.9536120733393177,1.0580712741703273,2862.0,0
ADC,2024,0.2184956531779952,1.2541083567985905,1.6179069984150019,0.0,0.0,1.1022689570978255,0.5243234712553163,0.0,0.0,0.567063996995467,0.2697390336668895,1.9072195978673931,,6.4423076923076925,6.4423076923076925,0.8651024243453999,0.17453787265861773,0.8756410581465842,71960862240.0,4.061141318183168,51927252588.0,0.12594724295393908,2.649952868599885,2.9305361895405304,2808.0,0
ADG,2018,0.42007315010936463,2.692700112041943,2.7092206660079965,0.0,0.0,0.3874465476972999,0.2792515130333002,0.0,0.0,0.1964771799051562,0.1416106301401254,3.581001188275574,,,,,,,,,,,,,4344.0,0
ADG,2019,0.20513339224906213,1.9303550363663284,1.9303550363663284,0.0,0.0,0.6271629972404699,0.38543341896545397,0.22181984171435842,0.13632306172801742,0.25319550319944933,0.15560549473460705,2.594481824342349,1.8653378741402287,6.30837789661319,,2.0410264725494383,0.7221647807255568,2.046636714901895,261886000000.0,5.016781485300119,274016645036.0,0.7556156891837504,5.09468689773398,5.249160441874173,5610.0,0
ADG,2020,0.1011945775915306,1.6326574948917696,1.6370722886562745,0.0,0.0,0.8527594735192466,0.46026453282652074,0.42505885743875865,0.22941934099593372,0.32133568208584856,0.17343626449011407,2.172663606858693,0.518613322325743,25.552050473186124,,4.249254007234569,2.258539621795563,4.322280956640919,1020618881100.0,19.42705443599756,1102165977535.0,2.438996158267168,20.40681248441094,20.979269382122066,2219.0,0
ADG,2021,0.059526771684361025,2.0515809075526725,2.0901092276697386,0.0,0.0,0.6685705024459757,0.40068459886226615,0.30930888854295163,0.18537358061258566,0.24647085261205873,0.14771377790195525,2.4957285676551453,0.6026406298136914,24.606121424987453,24.606121424987453,3.6197872496741157,1.6680545132274196,3.6895101950478626,975361365920.0,18.784514969015483,1048115238521.0,1.7924775525103027,19.932153672778384,20.18568407072401,1993.0,0
ADG,2022,0.42363336001937313,3.020915008037216,3.0379741217812493,0.0,0.0,0.26175433429657036,0.20745269279578005,0.07550497027464202,0.05984126087170221,0.10245967589186115,0.08120414022511169,4.820376089234074,1.8172924257143674,9.560618388934092,9.560618388934092,1.5472873369095916,0.9359402878505979,1.5674731645429791,502442243500.0,8.21368371422525,492145986206.0,0.916760606722671,8.043069148644918,8.045365460839372,2458.0,0
ADG,2023,0.3224505192701516,2.604463664253252,2.624401687233006,0.0,0.0,0.29963722413620625,0.23055451057533213,0.13377351518700983,0.10293142786512702,0.07238449299557187,0.05569592163973424,4.337369056474203,0.6633266734655382,22.896698615548456,22.896698615548456,1.3279097137061358,1.1160800270252653,1.3416965090319104,459681201500.0,14.672348242087631,473491274299.0,1.149610104767043,14.246836781693622,15.113145465672833,939.0,0
ADG,2024,0.4566408557402897,1.893047555496511,1.9618416996665513,0.0,0.0,0.2826001928901765,0.22033381443158284,0.12146446293722798,0.09470173450038492,0.07709980624514907,0.06011211184321941,4.5385680022823545,0.6266756669254847,13.58173076923077,13.58173076923077,0.6241717904520047,0.5204807349832087,0.6536056608323266,241599887300.0,8.53421766798445,239987201522.0,0.5170065120089731,7.870405784948134,8.477251534376842,832.0,0
ADP,2018,0.36191751657920623,1.5610915185876604,2.7478811748733767,0.0,0.0,0.3067235320600772,0.23472718179071977,0.061856896503961346,0.04733740151326627,0.17043019455768293,0.13042559529711395,4.26026501221997,2.5714423028030415,2.682926829268293,,0.37766434595691417,0.15801463592742074,0.41332523641031615,82789936460.0,2.131786548826163,72015109485.0,0.1374495716885059,1.854341823133783,1.854341823133783,2009.0,0
ADP,2019,0.14812538219870763,2.094155595527643,3.2591422597679784,0.0,0.0,0.2756275720659045,0.21607213429819497,0.05588056160640739,0.04380632939432917,0.1496453601950244,0.11731116782986332,4.628084057428381,4.375051264988913,2.034086698777325,2.034086698777325,0.366706630879237,0.1546139831208457,0.3986547576361434,84325927860.0,1.6246716184832388,87787464646.0,0.16096080910645888,1.4240333030854484,1.6913635685781938,2699.0,0
ADP,2020,0.25904814799901554,2.7137662694184974,4.1368528442335215,0.0,0.0,0.22852396917135318,0.18601506759814704,0.029506251712842314,0.024017644305910007,0.13300301445619836,0.1082624497313713,5.375908591234796,12.72971159187741,1.8279780564263324,1.8279780564263324,0.5338992235150413,0.2503901548687724,0.5721469277187317,143307997620.0,1.4594014524329477,135338016216.0,0.23646486869360442,1.2016916169612384,1.3782377865522522,5104.0,0
ADP,2021,0.19981696881829183,3.7666345001224655,5.120803447589528,0.0,0.0,0.19011583215043876,0.15974565417461553,0.0,0.0,0.13166400697165653,0.11063125404671811,6.259951202847217,2556.000318000384,6.18252427184466,6.18252427184466,1.3190932768581576,0.8846051318925753,1.4074621327720263,366794412000.0,5.888718272871825,356231154779.0,0.8591295214647973,5.949776686720664,5.719129959137241,2575.0,0
ADP,2022,0.1276624809176506,2.7760018098403068,3.6591427571646307,0.0,0.0,0.30680420681372395,0.23477442543728877,0.0,0.0,0.22107919015677616,0.16917545031157794,4.25940771929229,3350.1824382504287,5.978135788262371,5.978135788262371,0.8725943848087026,0.40753834731601546,0.9301440345576742,239384041500.0,4.748951300662538,228639017963.0,0.3892455275160762,3.9020432511166705,4.535789248664658,1738.0,0
ADP,2023,0.19666694571723292,2.278394884703821,3.597566289256002,0.0,0.0,0.3277911096382094,0.24686948666761632,0.0,0.0,0.2587850979475022,0.19489895365997353,4.050723374113846,,5.347928068803753,5.347928068803753,1.097478726478734,0.6105731964845703,1.1643272078117544,315185148000.0,4.268472269262659,296671236745.0,0.5747082515589388,3.6552074750175167,4.017743079486378,2558.0,0
ADP,2024,0.1175311191316377,2.1799857144333914,3.8330083017470864,0.0,0.0,0.30482746442362624,0.23361515045843698,0.0,0.0,0.20471088720651048,0.1568873224912814,4.280544297052825,13700.678532067453,6.589251957871996,6.589251957871996,2.064041583750254,0.6873743478966848,2.1928924862234314,562172340000.0,5.258822121981819,552414403309.0,0.675443210605595,4.8396179896657125,5.16754183356434,3703.0,0
ADS,2018,0.02806579650374779,0.7850795781239772,1.1427358187921821,0.3147321274466195,0.08304678714032218,2.7898170210344695,0.736135018010173,1.4596004043614714,0.3851374344091838,0.3331334444548852,0.08790225032129731,1.358446447369225,0.07689167414799969,2.943298969072165,,0.3223766014737144,0.0792268790415904,0.32323697797017364,145706643710.0,2.702190306980966,916266577447.0,0.4982129809106526,16.992544753935487,16.992544753935487,1940.0,0
ADS,2019,0.024204238051414553,0.7993743541722584,1.118123639291371,0.28090948228020196,0.06532332594765781,3.3002936271997045,0.7674577397052799,1.6797042992204965,0.3906022343674932,0.22734020197342847,0.05286620442275926,1.3030033424172924,0.062360732861078634,18.837209302325583,,0.3589258221837799,0.08485270130683788,0.35991401098238746,144685931670.0,20.614281156093977,905565458919.0,0.5310791070876164,20.18383748096584,129.02139662051317,301.0,0
ADS,2020,0.027706503288918688,0.7923234534270776,1.1527005127622554,0.23189954512166464,0.05326481120575415,3.353710073727113,0.7703108422321006,1.5809236519794805,0.36312102211851865,0.2623532188177362,0.060259689867943264,1.2981772359614436,-0.07008318701563952,6.84,,0.3411072834910121,0.10753932286503357,0.34192577807038854,143996278500.0,10.482692815240368,872755019669.0,0.651791038073691,-17.512701829011757,63.53513347325287,750.0,1
ADS,2021,0.09764875888347527,0.7984126256266275,1.2358469415131947,0.17108179850288444,0.050320692916149955,2.399829942484304,0.7058676413475887,1.073897960411815,0.31586814004794095,0.1631697654645748,0.04799350797685614,1.4166961926330497,0.22266446034044352,8.011517615176151,,1.5419402485069877,0.59501147157767,1.5443583488812782,900342492500.0,8.216487494924905,1500398243658.0,0.9915717344769197,10.165356503191715,13.692570892874135,2952.0,0
ADS,2022,0.040055296571719794,0.8952829076062402,1.2238306213791117,0.09114869590352047,0.02745267162256151,2.320212224030373,0.6988144333779635,1.0826214774062455,0.32606996310978636,0.15172987093749793,0.04569884715179879,1.4309950571085817,0.0520804253902205,4.129032258064516,5.1726671565025715,0.46904087447324294,0.1820931665544451,0.46962548999256787,308204399360.0,6.283822684887238,1024818322051.0,0.6054826400686966,26.037577963335764,20.89449934317819,1361.0,0
ADS,2023,0.10322627480373277,0.9689386297257543,1.3207585556611274,0.07681254445181021,0.028170539948578772,1.7266976278062238,0.6332559980973929,0.8952743062899337,0.32833648188935066,0.06194049540750696,0.022716305165579157,1.5791401944939856,0.17691053209302463,10.14285714285714,13.057471264367816,0.7224214825992391,0.4040346651634097,0.7229897346957775,663364098720.0,7.492307188133846,1403938375683.0,0.8550956746433288,9.000892386697421,15.856657910977122,870.0,0
ADS,2024,0.16859879954706836,0.8997291209172593,1.2315761815065156,0.014155239999897705,0.005204268443651163,1.7199288724558566,0.6323433270160892,1.0239743293351848,0.3764709951443054,0.08889758674803214,0.03268379098008009,1.5814193924031972,0.0996924911191527,12.338830584707646,12.338830584707646,0.6567581941869551,0.3859690485172095,0.6571875616974278,628728603210.0,11.15961140648202,1350560044333.0,0.8290928273585458,13.248222289185824,23.971750607381452,667.0,0
AFX,2018,0.04565045666581536,0.48525089551765943,2.525298733502732,0.0,0.0,0.3615821684660335,0.2655602995105276,0.28777742711802823,0.21135516738019564,0.05245256388933733,0.03852324531278982,3.76562310647777,0.055979277690926726,19.651162790697676,,0.3249872777221462,0.13593600333169414,0.3718754488908681,118300000000.0,19.373733701424207,217066814213.0,0.24942684006812005,35.54856005054256,35.54856005054256,172.0,0
AFX,2019,0.02869511403895997,0.46381490914122614,2.865151453308061,0.0,0.0,0.3200702018979032,0.24246453062702952,0.22786264203219883,0.1726140334844269,0.07114166310155023,0.05389233314960659,4.124314584957779,0.044610102681278255,875.0,,0.3416198729335862,0.15844322536338495,0.38999263955252084,122500000000.0,12.632961216838043,200923982112.0,0.25987790839739056,51.483308248345985,20.720529580029034,4.0,0
AFX,2020,0.2222383825720292,2.5456496757189884,5.0034520638253746,0.0,0.0,0.15342046685607807,0.1330134771010801,0.07746025282633899,0.06715699526077887,0.05230679169305733,0.045349283453961886,7.518035178044975,0.8172202784828435,21.52133580705009,,1.0755975571751188,0.5412106051209044,1.215657759880639,406000000000.0,19.527271178528384,422473731707.0,0.5631706009478622,16.443259732396672,20.31960375578186,539.0,0
AFX,2021,0.24042492174621535,1.4302996180652991,1.866691094678652,0.0,0.0,0.6122148293506797,0.379735267412997,0.5629159637882628,0.3491569197480819,0.029993443362792777,0.01860387512678608,2.633413553638693,-0.044273583308581,30.282861896838604,,1.5984839945193932,0.8316759630016833,1.7682736409464277,637000000000.0,144.49852644202343,802670437518.0,1.0479775652994743,-78.9172601538743,182.0795846780616,601.0,0
AFX,2022,0.15156427180926174,1.264835470042109,1.5003591731353805,0.0,0.0,1.573175452652631,0.611375120585298,1.3266636390985083,0.5155744967685276,0.195882700578536,0.07612489089175974,1.6356570071785932,0.01283618338744858,15.892420537897312,,1.0700175061265058,0.28224733990057177,1.1494629639646479,455000000000.0,88.88797546346328,917802568237.0,0.5693347987666071,121.92781667649872,179.30024651814074,818.0,1
AFX,2023,0.007388400349112407,1.1844101956631057,1.3908814756499073,0.0,0.0,1.5681170592317686,0.6106096502084131,1.3685749506794773,0.5329098787610855,0.14331532006918513,0.05580560261223324,1.637707493909866,0.05858059601693158,11.609498680738787,,0.6848352269859408,0.1440579859743661,0.7314562061656097,308000000000.0,9.619202411716834,918299542699.0,0.42950773585194585,23.55529227644888,28.6795752461321,758.0,1
AFX,2024,0.02442524571804926,0.9818125491578189,1.1062470977143424,0.0,0.0,3.190411832230691,0.761359971278129,1.2906499377982494,0.30800073822605517,0.31065768498368584,0.07413535886717673,1.3134391585116503,0.060199495262139614,9.499999999999998,,0.5589116703528328,0.12931237716099803,0.5937714190633846,266000000000.0,8.186637991015031,843174889575.0,0.4098983057646815,21.458257276238637,25.950254075430824,800.0,1
AGG,2018,0.25052385897486673,1.3297867881062926,1.3697394190461067,0.12765087132272082,0.046765873716236014,1.729573109170917,0.633642346255477,0.3042552126069064,0.11146622583020725,0.20181845103154117,0.07393773420226933,1.5781773517971478,1.15009185693769,,,,,,,,,,,,15111.0,0
AGG,2019,0.04621282897837617,0.6935327337458856,1.56694792363343,0.5559796980452286,0.14967618100238653,2.7145502665942804,0.7307884055323717,0.18051103341341634,0.04859566312422514,0.3206684735512666,0.08632767106023698,1.3683851473690398,1.2495915847499395,,,,,,,,,,,,4602.0,0
AGG,2020,0.11625355717654534,0.7357243227935322,2.0211227092591906,0.8505328929637099,0.2023771893604692,3.202711262328888,0.7620583624281958,0.21949998808870552,0.05222818661281811,0.3629472906974374,0.08636027270079792,1.312235452431275,0.7559297078003178,3.200159014112503,3.200159014112503,0.5722875700868035,0.7573546390346242,0.5725888283884834,1328129523700.0002,3.1462727161737845,3292783330503.0,1.8776818722807274,7.78165406461895,7.80043976747976,5031.0,0
AGG,2021,0.06558291533334497,0.7191239632783994,1.8290538550424689,0.4211536094146963,0.08968162004828122,3.6960972514542334,0.7870572208251583,0.5034551305267698,0.10720713468420305,0.25698031407989885,0.05472210227339736,1.2705556515339387,0.35614915667931957,5.755722178374113,5.755722178374113,0.9021692019774957,1.3348160608156734,0.902593422100604,2413834331090.0,4.903536625811273,4490069586531.0,2.4829446333937755,8.571310615588203,9.121264200453167,5068.0,0
AGG,2022,0.12015552827695813,0.8275375075311903,1.4463996622822972,0.21790670051550184,0.05351435460909581,3.0719298981971526,0.7544162043549055,0.3449638869358909,0.08471754071420132,0.31641919864450796,0.0777074278180974,1.3255282617571702,0.1688591956011564,152.9559748427673,152.9559748427673,1.116399260506776,0.4916882058776539,1.1172744656671107,3042878709760.0,14.636731011119618,3854253714288.0,0.6227954757766277,20.753787118181044,18.53957395136911,159.0,0
AGG,2023,0.14615926669851867,1.1898349884982395,1.5710255961420867,0.24027323394443026,0.074359776078873,2.2312258940851812,0.6905199349168009,0.2674658119839643,0.08277533690032796,0.1658356350199398,0.05132282311908462,1.4481841137873703,0.5693491902470439,15.121255349500714,15.121255349500714,0.9222522259305519,0.6816955703011748,0.9272896845788688,2652509401600.0,5.29010257718054,3340420773726.0,0.8584889625716142,6.6065192480894055,6.662056893482087,1402.0,0
AGG,2024,0.05209863144932409,1.5706544247822607,1.8123191088602084,0.11829965599039276,0.05274924962216546,1.2426794094277074,0.554104792777679,0.3334394467231918,0.14867905119273364,0.09116383260890969,0.04064951603233077,1.804712778222125,0.2630289524298514,8.415300546448087,8.415300546448087,0.7978520154577116,1.3081083085998844,0.8004243085498854,2502932447400.0,8.157430166012054,3752798230617.0,1.9613260242274977,12.149892676110728,12.23092917477345,1830.0,0
ALT,2018,0.8185847425342092,2.452421918967952,3.505542619539182,0.0,0.0,0.1870705811856931,0.1575901080783584,0.045582287405445,0.038398969806762134,0.078080198794779,0.06577553182793007,6.34557595139646,0.902653756417422,6.324655436447166,,0.24101236495218914,0.3257706126118589,0.24599698723064659,50985039980.0,5.774340174757751,28233162992.0,0.1803967361304853,3.197563194794799,3.197563194794799,1306.0,0
ALT,2019,0.5830262312332305,3.268883850813488,4.345997170032397,0.0,0.0,0.13808394779699573,0.12133019542564209,0.012858725673178747,0.011298573974327248,0.05822004505450497,0.051156195610352194,8.241971394605194,5.279747607389365,5.3483606557377055,,0.22442174784417673,0.23979349355060375,0.2287957802146141,48330855090.0,4.698005919503458,33762401332.0,0.16751212348678182,2.0200508726539343,3.2818778194389155,1464.0,0
ALT,2020,0.1925471521301596,1.7819274956834665,2.1498034814677283,0.02488129591816516,0.01818151351431709,0.36849420696314983,0.26926983328696874,0.07546351958921067,0.05514347025017602,0.0768201886910322,0.056134829289124485,3.7137468679392347,0.0324442382904148,11.290322580645162,,0.23247817949946045,0.25822892358683797,0.23686604366611866,49688810150.00001,9.907870505837877,56994953736.0,0.29619838971187173,104.54790417565145,11.364704032916125,713.0,0
ALT,2021,0.18740671222102154,2.2322358237174655,2.649653368593356,0.01316755963734315,0.010235085130961122,0.2865119800040837,0.22270447882123431,0.09366253786015213,0.07280347118093283,0.06601601584769792,0.051313953444482016,4.490255451048668,0.5548573024329788,18.342420937840785,,0.48293568581685925,0.4656431612343407,0.49164886627931065,103821836860.0,13.910794675373335,115775518443.0,0.519255679072978,9.747661953302119,15.512434707422992,917.0,0
ALT,2022,0.1575984948224052,1.6723085346392448,2.2154307864467926,0.010341929218889689,0.007260858021565442,0.4243398215711106,0.2979203523938865,0.14547208671379572,0.10213299137654769,0.09098085554841505,0.06387580700233396,3.356601829867199,0.7050162382592833,7.28102189781022,,0.3369720359956828,0.2825262046208848,0.34269326787016685,73885100310.0,6.665985277917635,93918948741.0,0.3591328159324002,3.995366952146193,8.473458478072505,1644.0,0
ALT,2023,0.06458677959297787,1.3789372252781669,1.7647745672413675,0.00407999032201577,0.002753921378455645,0.48152026195597597,0.32501766889117617,0.1645564790701565,0.1110727158418346,0.17617114823034744,0.11891241230663806,3.0767558065737783,0.5601545891561629,9.74673202614379,,0.33389263377611544,0.24244577528085282,0.33929431588602543,73638199390.0,10.494374085363416,104094981450.0,0.34272142297817315,4.870953600190614,14.834850455259966,1224.0,0
ALT,2024,0.10024990703565784,1.2466980810369215,1.624338743162823,0.0015176651078658708,0.000910498053179452,0.6668515682885827,0.40006655719996925,0.1476191679403871,0.08856167564575236,0.28105103569170725,0.16861191544504026,2.4995840867052532,0.6630786624356891,20.579710144927535,,0.32631689817567494,0.169038536573308,0.332031394913507,70119861280.0,13.231073597388294,88140008018.0,0.2124798551644019,3.893600858594625,16.631335425832894,552.0,0
AMC,2018,0.04732232370789057,0.7126387225882489,0.9819327506118766,0.05782263938547305,0.03156928484899841,0.831610683043635,0.45403244845772894,0.22584705789780563,0.12330516522349046,0.39873405823865554,0.21769585749307208,2.2024857549208874,1.036517459924727,2.1372901678657077,,0.4330145360724176,0.14054264034927752,0.45589721648528264,20320500000.0,1.6552578922994439,31944531055.0,0.22093790699978796,2.602122838738881,2.602122838738881,3336.0,0
AMC,2019,0.10913277904023913,0.7643520108569397,1.0785368639631192,0.04075695366376271,0.02173676594983672,0.8750238079491701,0.46667343861955435,0.2989025009904167,0.1594126430412342,0.3907569829827819,0.20840107806960437,2.142826047606341,1.032976200125924,2.6221905101676772,2.6221905101676772,0.42462761706538815,0.15051113437134128,0.444420239148658,20947500000.0,2.091647131421363,33325788519.0,0.23945111511226216,2.02789687367956,3.3276424374326936,2803.0,0
AMC,2020,0.24263053765733672,0.8286022409666844,1.12900925914941,0.06318983194213022,0.03303158899591384,0.9130121760096704,0.4772641739866558,0.24318504011061967,0.127121532816313,0.4437827947909053,0.23198116580553432,2.095275645030837,0.5411487929771809,3.885267275097783,3.885267275097783,0.5091435481796015,0.16594461413424777,0.5307653291491535,25479000000.0,3.127987219584642,30828213474.0,0.20078401779469948,4.2176481121224985,3.784695543361163,2301.0,0
AMC,2021,0.16404128316582828,1.1031574838101474,1.3313728978639976,0.03675542869846775,0.021648047484947388,0.6978634550771854,0.4110244866807975,0.20267018841184956,0.11936777825436858,0.28710313542627525,0.16909671656324296,2.4329450736023963,1.3903712447642553,5.582159624413146,5.582159624413146,0.6728864584498256,0.21473843497906056,0.6989827937572465,33886500000.0,4.210928187261772,40773818253.0,0.25838330661974157,2.706745737637241,5.0667853152094855,2130.0,0
AMC,2022,0.4425467800588039,1.2651927967655399,1.6780616325134052,0.020311587776669627,0.013555848655366553,0.49836342180086085,0.3326051707815219,0.016729544218025427,0.011165211306292059,0.2970419063792821,0.19824423237873212,3.0065678102667537,11.221239972114162,6.371308016877637,6.371308016877637,0.6889530482514108,0.20843794780660824,0.7135377737978227,34428000000.0,3.95908285523199,26668417710.0,0.16145899438601738,1.7931149104013608,3.066761802365115,1896.0,0
AMC,2023,0.25691106540463604,1.1951160414509805,1.7071657678878929,0.004258394091420612,0.0027819639044646023,0.5307150767077093,0.3467105569046731,0.015568532526890954,0.010170757944304073,0.3012464548736114,0.19680112873882313,2.8842502199174356,13.948256606300305,5.127405096203848,5.127405096203848,0.5489226255183973,0.19134208803623445,0.5662136356315027,28101000000.0,3.447515999301774,22853843597.0,0.1556137558629055,1.6524038766653397,2.8037789205436785,1923.0,0
AMC,2024,0.10556598018115997,1.0488009804002147,1.5083209610913828,0.1425749889519907,0.0738622105593467,0.9302832649103394,0.48194132012720453,0.12712697038912524,0.06585923045601817,0.4202378896782677,0.2177078863592528,2.0749414051819794,1.9030640892233186,5.207785376117833,5.207785376117833,0.5335533065859357,0.17657558594301306,0.5481151908122022,28215000000.0,3.406687116843009,38395630542.0,0.24028817864983515,2.9400719592736895,4.635899341148161,1901.0,0
AME,2018,0.02541756963614878,1.0567628997127643,1.1573896385893978,0.021924456956034698,0.00541345497267398,3.049993408406442,0.7530860178872558,1.1789401724566488,0.2910968126539565,1.2367229093389769,0.305364178314945,1.3278695610435693,0.10751279433350709,10.0834938985228,,1.1278056915086339,0.23667869281577894,1.1279204115182777,188400000000.0,8.219231534089797,376263755561.0,0.47268372515994295,16.41506860319547,16.41506860319547,1557.0,0
AME,2019,0.009911689514567655,0.92300064688227,1.287894044562606,0.008295424544678989,0.002273523140941752,2.648709087360689,0.7259304658011652,1.612071910852289,0.4418197977023125,0.7159019409930591,0.1962069115000095,1.377542405382258,0.04098679903473908,8.205128205128206,8.205128205128206,0.5299752944787153,0.1598006785584198,0.5311582053004229,161280000000.0,8.609792475604717,646459345903.0,0.6405297751471455,30.708286446851012,34.51066971812994,780.0,0
AME,2020,0.007270711442644912,0.7322350842670304,1.1455957432859254,0.0052006013753394835,0.000818270411905343,5.355602377495089,0.8426585018060669,1.5327648091214339,0.2411675114461042,2.039484995699333,0.3208956247673801,1.1867203592638105,0.05071595363632544,8.622754491017965,8.622754491017965,0.5562579454892651,0.12860992754522715,0.5572474098811435,181440000000.0,7.099956457591771,670431793519.0,0.47522147480431703,23.88446847414644,26.234769299879062,835.0,1
AME,2021,0.02001713189290475,0.807394231504452,1.2511256987193036,0.01433255594525393,0.0017033994967547046,7.414089573561655,0.8811517287452998,1.9646616245647552,0.23349663767997195,1.5607188247842625,0.1854887342402769,1.134878327281877,0.041079087343940945,17.590361445783135,17.590361445783135,1.066284686028033,0.20615196318321682,1.0675469135737568,367920000000.0,13.44146492327167,1025333086927.0,0.5745119286440231,33.98358474201586,37.45917243585326,830.0,1
AME,2022,0.02534858698269443,0.8592643749022673,1.497082782554081,0.0,0.0,1.8016914510897726,0.6430727589181776,0.7489186312648004,0.2673094608521198,0.8156345125289063,0.2911221762880596,1.5550339928599535,0.04705706072524344,25.46728971962617,25.46728971962617,0.9281443704403556,0.32110215929906183,0.9284630228450633,710680000000.0,26.86543535094948,1249157112946.0,0.5643989506820829,42.25618599814137,47.221182052441975,428.0,1
AME,2023,0.005006579532848774,1.0242705675621384,1.410914971581783,0.0,0.0,2.1974205424760003,0.6872478966355718,1.2805003458010653,0.4004791765081608,0.6877932230984778,0.2151087772038483,1.4550790259170072,0.026468613884994656,26.153846153846153,26.153846153846153,0.7042849556363178,0.25016731902846906,0.7044172415610928,554200000000.0,22.873106858888104,1553165292479.0,0.7011028459536981,54.795622194901455,64.10269885310062,325.0,1
AME,2024,0.009962057539896596,0.9806525707524035,1.3306952771255764,0.0,0.0,2.64524684986726,0.7256701559082577,1.4439444584638377,0.3961170581675198,0.9704925702776305,0.2662350754964566,1.3780365526378684,0.02154618589624145,13.505747126436782,13.505747126436782,0.35186209573388755,0.09090035267148856,0.3518944941182415,306440000000.0,12.198560810587095,1541038547710.0,0.4571235722072757,52.75542015507437,61.34464311349451,348.0,1
AMV,2018,1.4096643465508545,5.224747812456046,5.358348216379808,0.01645554404822753,0.014396411905089272,0.14303092720001506,0.12513303340827853,0.010869355744207517,0.009509240288741134,0.07612509871851475,0.06659933419736234,7.9914949135552735,25.895731145351416,1.9526030505483425,,0.7367036522775101,0.9317358224313825,0.8049412208028861,420022967500.0,1.9073928966791465,344929951183.0,0.765157185712015,1.5663832448361028,1.5663832448361028,7933.0,0
AMV,2019,0.28882674668039243,3.6977051483577297,4.138105559270429,0.04492944932649981,0.040787506468591576,0.10154930312049694,0.09218770583652088,0.017453498615762984,0.0158445006195549,0.01800969800446491,0.01634942526262472,10.84743340693746,15.074863228029086,2.6005871179416333,,0.7222247277647447,1.173018037816271,0.7611606228895869,571708397700.0,2.5444795114586674,610429445484.0,1.2524649860795913,2.5918783437614694,2.716813717401712,5791.0,0
AMV,2020,0.3967540125416312,4.868201413422185,5.414844914844346,0.03310891592153282,0.02946646991606364,0.12361324637273555,0.11001405222996935,0.03249810235029822,0.028922854420957624,0.02941802826866644,0.026181631770214653,9.089747897928863,2.3311220614081036,5.845670704351726,,0.6038163445313307,3.053698200748555,0.6313617560576499,494645446350.0,7.677021418354024,522086927564.0,3.223108436761874,6.9067443224380085,8.1029200910008,2229.0,0
AMV,2021,0.18468028448169144,4.43835772247213,6.399549609640817,0.12417036282539601,0.09854102305421394,0.26008802199142655,0.20640464590750326,0.026116779166585287,0.020726154610461792,0.03154598976859736,0.025034750920608303,4.844852186360829,1.9072619693187485,14.88120950323974,,1.0339708977517836,5.696037449162698,1.0640322478587931,1255480104580.0,15.859186902157948,1408933284132.0,6.392245261801582,14.837996261807515,17.797602848669268,926.0,0
AMV,2022,0.38674036188747113,6.593625237477276,7.856352055151989,0.08001084298317887,0.06701619072328288,0.1939031765256894,0.1624111404828959,0.021683326145684523,0.018161712416901305,0.03505280728238412,0.029359840874524958,6.157213089118807,1.0220994827795327,6.875,,0.2580234869836713,1.5188940802321305,0.2640410661987868,432648645000.0,8.977181593366984,530117022519.0,1.8610750701285383,9.265930894158895,10.999587845439983,480.0,0
AMV,2023,0.25058346788829494,8.190700820325512,10.207505831701178,0.07483906109125014,0.06411021294502199,0.16735006254664503,0.14335893569197292,0.02383228371076985,0.02041571288288474,0.00859881898191491,0.007366101444459655,6.975498214834982,0.4246584549522879,37.142857142857146,,0.302536670990531,2.601168535563276,0.3101867919161417,511312035000.0,31.994327435768508,639235949320.0,3.2519485643871158,25.21866255294741,39.99891039384278,105.0,0
AMV,2024,0.10374698445168173,5.783787106032731,6.09824095440538,0.07562578949393335,0.06468468580154982,0.1691451934380638,0.14467424096460127,0.016814091513908343,0.014381525586624309,0.009114717259323559,0.007796052458223973,6.91208050121845,-0.20061262913054317,-17.64705882352941,-17.64705882352941,0.11756879393318541,0.6336573473107424,0.12689704720145145,196658475000.0,-8.056276505982785,335089390070.0,1.0796984672220753,-34.97356597228718,-13.727213030737895,-85.0,1
ANT,2018,0.18108880781822373,0.37865543966994936,0.7877662337139925,1.2400126770827755,0.2737829755464977,3.529181095382532,0.7792095350262119,1.5287655471702375,0.3375368559956243,0.3487547372208436,0.07700172059280133,1.283351852164336,0.017951405660037677,21.545454545454547,,0.5877660089372356,0.08095665828634697,0.6204088664601755,28440000000.0,18.95866716778077,142679191177.0,0.40614734615642617,95.11277416641722,95.11277416641722,220.0,0
ANT,2019,0.3176832886803401,0.5133511103522154,0.858023653492847,0.9463099362116729,0.20488785991219283,3.618672558819373,0.7834875741319882,1.9474903864266482,0.4216558679198654,0.35547189721539446,0.07696408279400961,1.2763444284459546,0.16387432591736287,4.841675178753831,,0.5241482578411322,0.07714276420570483,0.5491689553257133,28440000000.0,4.824549871439368,139391657718.0,0.37809626524549894,7.3955597437849425,23.6463433306293,979.0,1
ANT,2020,0.35160365616503475,0.5599806900732339,0.882888661771791,0.677496655912973,0.1647695366745252,3.1117834618376996,0.7567965314124141,0.03516032896210471,0.00855111396026442,0.2488045744278095,0.06051013550130143,1.3213591216303457,0.11729863263755758,2.3968565815324165,2.3968565815324165,0.4404565975381205,0.07171223859847972,0.4569423684315398,29280000000.0,2.5172229555221675,19757434648.0,0.04838968126950978,1.7528355605976884,1.6985610668775488,2036.0,1
ANT,2021,0.21082995978316538,0.5087069809882048,1.0207878413154203,0.3363339840298318,0.13402610090018355,1.5094663037337614,0.6015088951335472,0.7765600841969512,0.3094522859468287,0.21065662084234035,0.08394478958689765,1.66248580543099,0.2679280855534411,5.897435897435898,5.897435897435898,0.7490418444143285,0.144006835205446,0.7676691305830567,71760000000.0,6.345380595944062,154682969765.0,0.31041534191802317,7.038319983500671,13.677847197182732,1521.0,0
ANT,2022,0.054172581491954856,0.391733062227632,0.8088197702239576,0.3375763900312935,0.10941669150393411,2.085236679991881,0.675875758094957,1.1851893343040936,0.38414859449525685,0.33306021774958117,0.10795289058681153,1.4795618692089636,0.33250292482387417,0.736196319018405,0.736196319018405,0.19784792179312238,0.04434262179071163,0.20253773854510487,25920000000.0,0.6632035397956122,213141492457.0,0.3646316584848984,3.9758133793825317,5.4535568007253925,4401.0,0
ANT,2023,0.07106061085639373,0.515735141991834,0.9744316862821297,0.782352294516393,0.2269484985751923,2.447267989998114,0.7099152131771028,1.2448845236830732,0.3611220616717281,0.1521865924301839,0.04414701522241303,1.4086189187644997,0.07688551179613724,5.460339943342777,,0.4865570616667083,0.14677945404971376,0.5094590448318705,111023907480.0,64.22755430950026,547783160942.0,0.7241981941157783,22.64576652521342,316.8936629758766,1412.0,0
ANT,2024,0.07771920987072507,0.5938585454866324,1.0323396073106905,0.6019808481944214,0.1485209815773219,3.0531704127003945,0.7532795569447184,1.8095526900056849,0.44645364141007926,0.2326204719095056,0.057392225893241916,1.3275283933842212,0.2197391866744227,3.670440251572327,,0.8892829326481949,0.19110185119745152,0.918497891658941,268453417570.0,3.0856495939252295,939188328373.0,0.6685727073238701,7.2971550583328675,10.79519162130912,3975.0,0
ANV,2018,0.044115031186763846,0.7195105906381762,1.3333572148149286,0.005153924249993508,0.0027807801499597504,0.8534094649906457,0.4604538182796822,0.6770254283833348,0.3652864848117908,0.06431140237693582,0.034698971593554694,2.1717704584058732,0.531584406383502,2.1866555809602994,2.1866555809602994,0.7118407842568746,0.31944459526064495,0.8482065625671443,1315469455000.0,1.9078838386858874,2506972070148.0,0.6087854607602189,3.635973057749389,3.635973057749389,4811.0,0
ANV,2019,0.014227941592252,0.6405761757498876,1.5567567669270657,0.008496580291784066,0.0049033425292199,0.732813940929359,0.42290399656891575,0.5427491209080245,0.3132183485417553,0.08363066953598682,0.04826292515348372,2.3646028604911558,0.6115461633218835,1.6134271792095287,1.6134271792095287,0.4778607247915907,0.2544606620153992,0.5340272237150026,1140204247500.0,1.4295282980851458,2430919787882.0,0.5425110982414468,2.957934586574245,3.047759763017774,5541.0,0
ANV,2020,0.01872550659013924,0.37774467736470607,1.1901739958683515,0.06812489041460862,0.032891833576707705,1.0711794693881447,0.5171833176313717,0.720445539737124,0.34784312532315403,0.1850106170506092,0.08932621232734791,1.933550379350715,0.14943721429828466,6.786163522012577,6.786163522012577,0.5896176970472672,0.4001997315831264,0.6594654581317835,1376152553750.0,6.6979813714459615,3172856822976.0,0.9227003542932505,12.178398761235544,15.442863392323568,1590.0,0
ANV,2021,0.018275536661796113,0.4865932538218135,1.2482445932645037,0.09002380931004941,0.04302242231289752,1.0924858357652618,0.5220995129774529,0.7867463483676255,0.3759864630480987,0.08461057686272093,0.040435435889952985,1.9153436751878092,0.12567725657966827,14.629812438302075,14.629812438302075,0.8092776481135057,0.5409779911474476,0.9037890473925714,1890137242500.0,13.341615617774218,3895207938594.0,1.1148511961676626,15.97226075907427,27.4944939973182,1013.0,0
ANV,2022,0.012845335567116008,0.3813020280332508,1.3464689944329595,0.05301288062733256,0.02794505777242416,0.8970395788426322,0.47286286951899464,0.6138524365745488,0.32358441195468096,0.09613691046816665,0.050677335117498695,2.1147780137975722,0.4484033756626603,1.9603773584905662,1.9603773584905662,0.4597652248703702,0.2706212420063399,0.5237769133970782,1325136703750.0,1.7561089529760603,3216124197121.0,0.656801311297561,3.826510301182335,4.262099510536731,5300.0,0
ANV,2023,0.018863019590111083,0.28710079992000864,1.40296959122612,0.05086840273607574,0.028334789762273396,0.7952631081034143,0.4429785832025263,0.6263308776240708,0.348879712838165,0.060869013393125115,0.03390534407930296,2.257445479125585,0.06679932741314042,50.61433447098977,50.61433447098977,0.6953951180649617,0.4461225342326637,0.7917071671194443,1980392638750.0,42.29466869019958,3869294883932.0,0.8716350513213218,30.15312967645312,82.63540369645206,293.0,0
ANV,2024,0.11289684965326496,0.48039278956292236,1.332326627152459,0.039532754022093546,0.02273855572244822,0.7385780567877303,0.4248173120005656,0.5808534713008482,0.3340968609566242,0.05370510843347259,0.03089024862806586,2.353953032871383,0.08651003218347185,107.09497206703912,107.09497206703912,1.827878306514451,1.0408754083354868,2.08056815350663,5112015975000.0,42.85666981519342,6627956102068.0,1.3495412666760513,44.65215999695058,55.56557874722304,179.0,0
APH,2018,0.16672495288868117,0.7978808998873238,1.0186387993030441,0.4584934706699017,0.16419930249684178,1.7922985280569044,0.641872102874374,0.9515552843092064,0.3407784929684333,0.21236523095915688,0.07605391358600075,1.5579427669809762,0.07176540449310727,,,,,,,,,,,,187.0,0
APH,2019,0.08501847426785925,1.1190925115262662,1.4716884130108911,0.49714182039723465,0.20223643061709864,1.458220899569231,0.5932017337517405,0.675599024432367,0.27483251181810237,0.18339692583781342,0.07460555146608312,1.68576715660529,0.3564680491459735,,,,,,,,,,,,3433.0,0
APH,2020,0.25781944541431656,0.9015581535780138,1.1647171317825813,0.31623310268341825,0.133135161352616,1.375278622646177,0.5789967583314707,0.7688410026463351,0.32368455444178945,0.145670816515725,0.06132788596962177,1.7271253864732496,0.1461538433838967,88.99803536345776,88.99803536345776,1.5126711673420943,0.7830959168636118,1.7857675653533427,6644483456700.0,29.548833037375896,10277413496473.0,1.2112605287460738,19.296630164544183,45.70491859034299,509.0,0
APH,2021,0.5227400645697425,1.2758537375890664,1.596725545487215,0.35451602296335794,0.17089997076924268,1.0744065746040556,0.5179344241179571,0.4782020252310565,0.23052473468096843,0.12096344897699325,0.05831231469177236,1.9307463521139787,0.22547808416961296,323.1521739130435,323.1521739130435,1.0126332588171048,0.4067911483644848,1.1219996741484863,6018015633060.0,17.666441559236706,8789421555625.0,0.594125889010731,12.58735141640555,25.802160000868895,92.0,0
APH,2022,0.47318308683914456,1.176394094575598,1.6852198866444275,0.3010223868463721,0.1500124551058818,1.0066492921131416,0.5016568147058073,0.4156361740282721,0.20712945488874054,0.1466670139497415,0.07309050690930198,1.9933946289286277,0.19194304780274876,-48.958333333333336,-48.958333333333336,0.2830682044556459,0.10221004143522082,0.30465530593747886,1770953993400.0,11.116805454111452,4250567126719.0,0.24532011772426007,7.6914564028945565,26.682075307138593,-144.0,0
APH,2023,0.5372696628851651,1.1687594484113597,1.3860186017663676,0.08026567674587544,0.03715633549121502,1.1602150934624023,0.5370831344404712,0.5860286195173934,0.27128253167516947,0.10815841612056303,0.05006835497441425,1.861909145670329,0.19332380626928092,-72.45283018867924,-72.45283018867924,0.3270283353720636,0.12897943958951355,0.3541339460389083,1873031178240.0,6.135633910128042,3184617489502.0,0.2192970324652547,4.520092118275015,10.432099201752637,-106.0,0
APH,2024,0.5887411504162615,1.2515249496460392,1.5643891038242899,0.22871750093575616,0.10069737852443744,1.2713352054169964,0.5597303305936258,0.4316100624151881,0.19002481949199942,0.1449945537771898,0.06383670425720811,1.7865746152070108,0.32196100252185506,14.344262295081968,14.344262295081968,0.28840784906834854,0.12028756118463316,0.3058008413842306,1707189876000.0,3.274669210659588,3195059963211.0,0.22512198333427497,3.616492259186449,6.128647220104659,488.0,0
API,2018,0.06614283377532011,0.8164227297275778,1.569874583093389,0.5406552765620771,0.14740755106155976,2.6677583520554573,0.7273539028437935,0.28731832512962513,0.07833621998805029,0.4152349219703074,0.11321218087816626,1.3748465445640978,0.4743916591523588,10.0,,0.763367351525212,0.4319005882320648,0.7634519572002769,357812000000.0,5.525057871272604,682798772939.0,0.8241791546300464,10.543253817428978,10.543253817428978,983.0,0
API,2019,0.04053575568804727,0.5920206413844438,1.2369882837748334,0.34842332181606855,0.0700193107127664,3.9761032816414406,0.7990395409015435,0.5981736602921528,0.1202092533929152,0.41828859320519063,0.08405946772616264,1.2515025212290696,0.1462710926226634,5.82723279648609,5.82723279648609,0.2939115259427555,0.3207970981018208,0.29421428436835745,144872000000.0,3.576589074642453,540762794477.0,1.1974372910545372,12.116808479820639,13.350311327927828,683.0,0
API,2020,0.07600584299578009,0.43291651380769147,1.2035834067308753,0.2392170985953094,0.04371868198592129,4.471736285927933,0.8172426542975447,0.90711770344609,0.1657824237215144,0.43169671135012555,0.07889574511482796,1.2236267829896166,0.14051943063012562,4.352617079889807,4.352617079889807,0.42834118607810767,0.4694514533009364,0.4286388220966341,230048000000.0,3.5232083936979994,677186602641.0,1.381912621564809,9.50099709580534,10.371181329655563,1452.0,0
API,2021,0.033598704605881956,0.36585400705709836,1.1527984482492097,0.011327599445448592,0.003358690149524719,2.372624130586007,0.7034949756389705,0.7547485965944374,0.22378675101968648,0.26928447452722437,0.0798441996797417,1.421474260127757,0.40600358946012155,6.089257364614571,6.089257364614571,1.5612278869242702,1.129572175522209,1.5618356748145208,1319354400000.0,4.962571577722802,1901601745432.0,1.62806628799999,6.962572818384151,7.152615532285271,5669.0,0
API,2022,0.05333733216594097,0.8008337943773641,1.648440771921576,0.22966556222916362,0.08927572453114178,1.5725421264887083,0.6112794462320773,0.5336446162897066,0.20743863075940536,0.19060632667820912,0.07409259685802302,1.6359130119031382,0.24944789753388688,5.968077723802915,5.968077723802915,0.7340173287918678,0.9239953479352042,0.7340819326366532,723122193600.0,4.742705108766875,1407078769670.0,1.7979454217562694,9.686560572729851,9.228536654543246,1441.0,0
API,2023,0.05062234028115803,0.6764078216669197,1.3857686111267473,0.07460205360371036,0.030394149197855623,1.4544873132679663,0.5925829420285026,0.6772076880417337,0.27590596389764277,0.11301471889341806,0.04604412427903219,1.6875274819366992,-0.050373759706980284,-8.58433734939759,-8.58433734939759,0.5146110034997271,2.4809218854036477,0.5146624700963099,479278663200.0,-11.71645791402979,1116850904201.0,5.781229300852201,-32.17840007884395,-27.30256449963561,-664.0,0
API,2024,0.11066488457873148,0.7562530651487585,1.5310103119297587,0.14134959620963924,0.05924365193232641,1.3859028199527916,0.5808714455437098,0.6132996930517074,0.25705141379724866,0.09661846890377442,0.040495559205419,1.721551313413204,-0.016145312789582613,-29.433962264150942,-29.433962264150942,0.7212476172168281,3.1293709195543333,0.7213247019359521,655855012800.0,-38.469936599666376,1222789827212.0,5.834464708392789,-124.27247680414521,-71.7241558111068,-265.0,1
ARM,2018,0.3119909153110238,1.2629419293761204,1.409663008928039,0.0,0.0,1.8602996964762801,0.650386286013336,0.07204412333321818,0.025187613529439684,0.4331800554449865,0.15144568800907074,1.5375477950645091,2.39461611448673,9.950589129608515,,1.690869432168838,0.374134179331277,1.7046492407958147,67877933200.0,7.906647292341712,49329270272.0,0.2718964055055448,5.746037376831935,5.746037376831935,2631.0,0
ARM,2019,0.3157293258463538,1.0817076082661654,1.2278807926006825,0.0,0.0,2.8476799267353017,0.7401031221304094,0.8037254530756747,0.20888573591868997,0.356883559799924,0.09275292295498558,1.3511630610629901,0.3145231464734296,8.57736240913811,8.57736240913811,1.538287833114867,0.22125416758215194,1.5462937292532386,64248097200.0,6.6395063187622965,60779756757.0,0.20931008190411762,5.241967733814215,6.281082189636223,2889.0,0
ARM,2020,0.08672662067044189,1.0466166099328482,1.1692703772483724,0.0,0.0,4.318497030794412,0.8119769562321948,1.7308408240956885,0.3254379600240477,0.5979039224227624,0.11241971537463746,1.231562044125348,0.054900216067485685,67.4124809741248,67.4124809741248,3.7847159083966266,0.7686060586165966,3.795973259152653,137798945520.0,92.98000284018971,187322791884.0,1.0448369703824874,52.31581080950566,126.39627724058789,657.0,0
ARM,2021,0.09872715407824618,1.157028322849746,1.3258437787007553,0.0,0.0,2.2955145125502687,0.6965572458589662,0.5766916193904006,0.17499289327787595,0.44392769032669216,0.13470664099219945,1.4356321837795836,0.22942246953893372,72.0450885668277,72.0450885668277,3.8255704058590267,0.7270508870698067,3.978339740945887,139198801420.0,59.45248402612463,152106198015.0,0.7944676611255079,28.870696176623092,64.96529578926412,621.0,0
ARM,2022,0.09672930028816963,1.189437234601781,1.310697317536753,0.0,0.0,2.346559948829723,0.7011856905926053,0.2824545187657369,0.0844014519639817,0.128220472405413,0.0383141119137134,1.4261557436445296,0.5729131400137354,59.842726081258185,59.842726081258185,3.979946234392642,0.7875250393142089,4.108593375446881,142061181780.0,49.53017280157429,144207719991.0,0.7994245080348416,23.779980154320718,50.27857153502042,763.0,0
ARM,2023,0.054410696009748676,1.1173079610800156,1.2064715436354632,0.0,0.0,3.7482009567149728,0.789393918008928,1.648809648034641,0.3472493399216542,0.22308757397423468,0.046983599895607,1.266794660037766,0.1297979190849423,25.651777575205106,25.651777575205106,2.3401225858436487,0.42860989211088546,2.393741920304542,87551503620.0,16.41463143904726,141682352901.0,0.6936083959732456,17.42756519751378,26.563377076663656,1097.0,0
ARM,2024,0.2252046458190828,1.2229445589424521,1.4183128841782917,0.0,0.0,3.465477115349042,0.7760597637903615,0.8335398678799056,0.18666311490317702,0.3883474908632777,0.08696662883534287,1.2885605550736063,0.15460591546781594,15.74315514993481,15.74315514993481,1.9476065673709848,0.2277861262053933,1.9762128442430236,75137484450.0,12.97579702306472,81183227202.0,0.24611434588952213,15.339057804887391,14.019860866535815,1534.0,0
ASG,2018,1.629403081663917,3.7893746243968858,3.832206502392373,0.11691541041922157,0.07860410918716808,0.4873956543522246,0.3276839305843543,0.06834964460164177,0.0459525644045321,0.058450574551677986,0.03929726053767031,3.05172120651969,2.2613318572989796,,,,,,,,,,,,3556.0,0
ASG,2019,1.0316802930133264,2.9942272038623625,3.035304916216594,0.04790007851880007,0.035484623153754634,0.3498826889396389,0.25919488545666075,0.1256872345476964,0.09310974618574176,0.045997358461128894,0.03407507840348763,3.8581008195364532,1.4913874017074944,,,,,,,,,,,,2380.0,0
ASG,2020,1.0873592390173774,3.174214297993044,3.2008560788687017,0.25115707159915274,0.16633048540840703,0.5099882080092709,0.337743172631544,0.16246118229334527,0.10759102715611922,0.046459598978532794,0.030768186620333888,2.960829651147191,0.536050545427427,21.961792799412198,21.961792799412198,1.4252523046615369,2.738579167196712,1.5003784002840368,1884413973960.0,25.19842409389391,2063683550151.0,2.9991078691979833,16.212429042231573,27.59562071332915,1361.0,0
ASG,2021,0.33100178725364254,1.4772802771798292,1.5112005427547162,0.2321418476437997,0.1497346536466481,0.5503548576779064,0.35498637937782707,0.2074069436389756,0.13378030365875462,0.05886216457541969,0.037966897890449665,2.8170094913294057,0.3431540364228414,33.820933165195456,,1.4709028827794284,2.809522078753453,1.583952732203832,2029037356620.0,34.34313452121867,2498037450034.0,3.4589266415058373,22.040390182539873,42.281348791167986,793.0,0
ASG,2022,0.3445926996708675,2.840426050509572,2.896703930145827,0.29539807903902404,0.17896454431213776,0.650595542119286,0.39415806326724495,0.11310573272992136,0.06852419617267291,0.13423533053431352,0.08132539262887004,2.5370532616048127,2.268937837158474,19.906621392190154,,0.9441123319238119,0.8962239334978831,1.05825794207052,1774083743950.0,8.82086829046102,2334982855834.0,1.1795765148303206,3.7214884995698974,11.609697852220853,1178.0,0
ASG,2023,0.24658264353675644,2.532835038564662,2.5812428113203847,0.24845285841900444,0.15043535541098113,0.6515589552751406,0.3945114724448904,0.1505833042705023,0.09117646317712948,0.15094031849612974,0.09139263119492086,2.5347805319899557,0.4156603104622356,527.0270270270271,,0.798811561109158,0.7684195925600098,0.8847027504205539,1475250874500.0,26.284357039692395,2046465759482.0,1.0659504849452435,14.32721187481657,36.461619932922225,37.0,0
ASG,2024,0.281234483411279,1.7642592247859648,1.7928488686495612,0.09349507470915795,0.05797960663212383,0.6125510354421175,0.3798645884557525,0.288114548368951,0.17867003402466444,0.1254199190168684,0.07777733309537188,2.6325170347287643,0.2373808506138288,58.095238095238095,,0.8190498925653539,0.8673087242494737,0.8916406519835057,1661359442700.0,21.06801898584104,2159489955256.0,1.1273565671488717,14.278003423371487,27.384907930054666,315.0,0
ASM,2018,0.09821360155700462,0.9105085153199146,1.3623280749088091,0.19518436426440447,0.09351201352602022,1.0872651213963365,0.520904177553151,0.5897053746554186,0.282525381471865,0.11859352642824535,0.05681766308101233,1.9197388753864697,0.23931972278916344,0.9037968786396459,0.9037968786396459,0.16361148513361518,0.10562504855094174,0.217871867437511,938703349640.0,1.1031901399866695,4939653273039.0,0.5558210876627405,5.805217151786433,5.805217151786433,4293.0,0
ASM,2019,0.12557125245939132,0.7050814825473507,1.147443522272624,0.4326149559404006,0.17480313999278937,1.4748694786503607,0.5959382874019936,0.7055736407636308,0.2850952936509632,0.22015882984332918,0.08895775383006868,1.6780260995807512,0.21916156272179993,1.5145476285372659,1.5145476285372659,0.15609611899635484,0.06915871074500542,0.20715252999038583,983697826200.0,1.2201087018266115,7333429975854.0,0.5155755649354498,7.119473175893147,9.095864084949609,2509.0,0
ASM,2020,0.11987327853254734,0.8081364018073325,1.2736746022137444,0.498731359121661,0.19468417272610183,1.5617457862037838,0.6096412042969,0.7203286535434943,0.281186625707674,0.1597423772157073,0.062356841992673814,1.6403090751605303,0.16977564476340415,5.231355470876429,5.231355470876429,0.36200243733081083,0.19862648591486995,0.4637410966628545,2487720028890.0,4.000634285043068,10082015371772.0,0.804976147226783,10.859945328947486,16.21342268833973,1837.0,0
ASM,2021,0.08970576305031655,0.9832737630523055,1.4205804282411925,0.4318289990471706,0.18006839647848324,1.3981387488990649,0.5830099486699513,0.611495108980075,0.2549873768816752,0.12719137010277545,0.05303753594789556,1.7152365963588585,0.18546404339278125,5.6015523932729625,8.402328589909443,0.44384141541517813,0.2950267780593078,0.5497171470810785,3362693358510.0,5.518225202992693,10681360683576.0,0.9371319629218644,11.340612935568075,17.52825709700793,1546.0,0
ASM,2022,0.11159535649641486,0.7976324236389836,1.2173075394899955,0.4630247595060615,0.1901898921779119,1.4345392607559182,0.5892446607373657,0.7896055440013269,0.3243346931099219,0.08187309429920532,0.033629810625351725,1.6970879273621682,0.1979889155518295,3.377588953797132,3.377588953797132,0.273005072493275,0.15566772775411972,0.3608935533195272,2140310142720.0,2.0479795170852966,11112846153656.0,0.8082527270661304,8.426709989014102,10.633450192542949,1883.0,0
ASM,2023,0.1663856666909458,0.7964094767184287,1.3518000207436538,0.5441437892408327,0.20970738200821212,1.594776512061574,0.6146103545520802,0.8334910141546049,0.3212188064290703,0.06655868963282753,0.02565102979907354,1.627047108128835,0.09586780800052291,14.810344827586208,14.810344827586208,0.3693662886000676,0.24143720689891682,0.4814184547443421,2890764799680.0,9.066154565162243,12307500061286.0,1.0279246651384697,17.671279608723246,38.59936923222341,580.0,0
ASM,2024,0.2643886210556476,1.178757571954747,1.7325179891697244,0.8552306578127347,0.302627841375362,1.8260144668974996,0.6461447697053596,0.8357120865464145,0.2957210928448959,0.057453259573110274,0.020330136397420685,1.5476407871505289,0.09701817907716064,15.125725338491296,15.125725338491296,0.35792393994864463,0.24096940873357234,0.455739369993095,2894793915000.0,8.54553046676921,14500388001828.0,1.2070461752396904,20.14250151939031,42.8056404317804,517.0,1
ASP,2018,0.07391364292287392,0.5675863017566805,0.6641494243719521,0.5356817997303137,0.16413536674827334,2.263658590728125,0.6935954015407907,0.9920683906823271,0.3039743168910924,0.4919208101296575,0.15072679830150662,1.4417627305177418,0.114678539651749,3.0885245901639347,,0.3653208870707883,0.0665691075539347,0.8095038261074547,175871065590.0,3.0368596050938415,854564751584.0,0.3234620354926161,14.756225905133,14.756225905133,1525.0,0
ASP,2019,0.03918159205255543,0.4408667650366321,0.6414801543713223,0.42742692496858586,0.13011241427459383,2.285058749786389,0.6955914410769595,0.8488135671707974,0.25838611477678797,0.5375436340139326,0.16363288298843554,1.4376255096694917,0.12697288249018002,5.498120300751879,,0.44104566846500803,0.0853825303689673,1.1372546628179085,218438584650.0,5.296474674231455,816374914691.0,0.3191018475868311,14.233436405501525,19.79462129946897,1064.0,0
ASP,2020,0.04432399945983146,0.489728537720167,0.5625763136334675,0.33429137341421955,0.09444347619075026,2.5395920067474163,0.7174815633853476,1.280508827790635,0.3617673520986712,0.6203864405584457,0.17527060728350105,1.3937640366417559,0.05199074756474725,6.386363636363637,,0.41356400865278614,0.07705315372317727,0.6388963021667247,209850400980.0,5.271495941389394,981983237811.0,0.36056593184134844,27.904813255578638,24.667671009723044,880.0,0
ASP,2021,0.16637330832736252,0.6952421495478671,0.7530081090216737,0.3854933355530916,0.09342786479610533,3.1261066641561674,0.757640778245729,1.057307936462558,0.25624832863567976,1.4077555817013059,0.3411825472013596,1.3198867177073534,0.06779656469588764,18.691176470588236,,0.9655443864686991,0.1399385680732451,1.2366335770901342,474590497590.0,29.103954341667652,966546580406.0,0.28499758238934714,26.522468601802704,59.272841930208834,680.0,0
ASP,2022,0.08916390732932011,0.7360849398628713,0.7969709355051622,0.33149559217107444,0.0772964621323362,3.2886256760824844,0.766825068091868,1.2251187996459072,0.28566699268680684,1.4457535371326737,0.3371134825768522,1.3040783897275994,-0.09732025360592116,125.85365853658537,,0.3929052615442843,0.047200104608725625,0.504284648982349,192674033640.0,-4.620508491668839,833277715277.0,0.20413127075899365,-13.501954381399464,-19.982800414868546,41.0,1
ASP,2023,0.13120341715814432,0.6794256385297602,0.7403566424009533,0.2587192326287656,0.03748531489527397,5.901882333163596,0.8551119894937946,2.1538010908829057,0.31205995508411893,2.780730269517436,0.40289447650476545,1.1694374681753386,-0.14077604735080382,-1.1693057247259437,,0.5591257813388851,0.048145701806636854,0.7877203039896112,179231659200.0,-1.4315667154484073,736592587633.0,0.19786552908927957,-7.168343134749379,-5.883343578964184,-4105.0,1
ASP,2024,0.15788131102296593,0.6180107781511331,0.6751754144169605,0.024128246099961895,0.004748845911084454,4.0808652358340956,0.8031831285452632,1.8921630426788587,0.37240961034232856,1.934181506238837,0.3806795528835384,1.2450460728815536,-0.04127741518428513,20.732984293193716,,0.4814913924979969,0.04471662547430219,0.6636692785189794,147866118840.0,-24.785583410165238,547124134563.0,0.16545740975103682,-21.863331407952916,-91.70992638008775,191.0,1
AST,2018,1.0048311098739946,1.3989127772106515,1.7817453546951758,0.0,0.0,0.20025243116540303,0.16684192921897684,0.014228147368963943,0.01185429581271409,0.08612726429393742,0.07175762536078421,5.993697176010949,19.152847824771772,10.394441954280593,10.394441954280593,3.0087681533417907,1.930428779841109,3.0559896268391533,1669680000000.0,8.271116767590833,1565911172368.0,1.8104546942012356,7.7570756997333525,7.7570756997333525,4462.0,0
AST,2019,0.958955837991625,1.5848628359568955,2.0304371356419395,0.0,0.0,0.35654250518216346,0.2628317976179339,0.00535815006590821,0.003949857852178904,0.08588694306263411,0.06331312342557285,3.8047146846883892,79.6723969669725,17.631516867185656,17.631516867185656,5.221943737930717,2.9476937784765815,5.655043297676762,3363300000000.0,13.008233122043091,3146537831473.0,2.7577171199637727,10.572002036366369,12.169862230288324,4239.0,0
AST,2020,0.47934716599660787,3.76807256782073,4.3443012572657835,0.0020074041302966692,0.0017353180623128292,0.15679319768112376,0.13554125144876988,0.08091847092562923,0.06995068011104855,0.03639992151347386,0.031466230598900614,7.3778277041950355,-0.7755597859542951,-48.208955223880594,-48.208955223880594,4.304580908604061,6.469694033350375,4.665224024262681,2325600000000.0,-42.30498455338733,2330316345703.0,6.4828146532566,-66.4115341979476,-42.39077958783601,-1072.0,0
AST,2021,0.09964795515381838,2.9001983545753456,3.223799857031449,0.006643133807429348,0.0054524014912599615,0.21838676371835347,0.1792425609187236,0.10935070503410388,0.08975040462552314,0.05439412590566728,0.04464438347939999,5.579032094132172,-1.9680030893665155,-18.294842186297153,-18.294842186297153,5.1856155097154195,13.883045003681586,5.81207554599838,2138850000000.0,-17.450125955060134,2177989822916.0,14.137097379013637,-23.282892592846668,-17.769454023761984,-2598.0,1
AST,2022,0.6304063804007038,2.5660352049770165,3.0299184747063603,0.01663501267255762,0.013089074649277475,0.27090822829678657,0.21316112545737897,0.06730708666864953,0.05295983232310284,0.0872430329970345,0.06864620989507138,4.691286921357278,1.8421304417544597,103.67676767676768,103.67676767676768,5.070322537583583,3.826108829447517,5.753099316820455,2309400000000.0,62.732608305927606,2274812153780.0,3.7688052597697155,36.561408541352286,61.79306305215393,495.0,0
AST,2023,0.5901520901130887,2.44993932300321,3.0368997382647644,0.003743274867842091,0.0028900054483033356,0.2952483774865175,0.227947305411383,0.04106418978448972,0.031703718374213645,0.10451500813638036,0.08069109365664369,4.386978815982367,7.474817011929827,18.37510105092967,18.37510105092967,3.480735180520257,1.8602473024457322,3.7006824015111346,2045700000000.0,12.00683061159436,1970927308188.0,1.7922531203858607,10.133160007643404,11.567967119899766,2474.0,0
AST,2024,0.5739164759940607,2.2150490719117464,2.584272903358511,0.0008988360419239819,0.000651310031111104,0.3800432958027841,0.27538505274337016,0.07485822035574059,0.05424338539480014,0.11260988463118293,0.08159880561259979,3.6312791490970806,5.53738185443251,16.184334696445426,16.184334696445426,3.7445436726306776,1.7407341741561424,4.015731398799569,2315250000000.0,9.034522730232556,2227550258154.0,1.6747966133329035,8.277070872219303,8.692302533215726,3179.0,0
ATS,2018,0.07650992579865745,1.4088123634127434,1.7445712654043815,0.02310587577897063,0.015592763831558271,0.4818332419174166,0.3251602328032195,0.2375148393256976,0.16028445887633452,0.17837664459409072,0.12037565331121905,3.075406827516882,0.09104455236841895,340.3508771929824,,3.225638617340206,2.9875770101527457,3.225638617340206,135800000000.0,135.8132965291701,145294583066.0,3.196456230248233,145.30880923435046,145.30880923435046,114.0,0
ATS,2019,0.1208106347260971,4.23061779554936,4.235062223255021,0.0,0.0,0.22247921178252023,0.18199017998688016,0.0,0.0,0.19738146195819678,0.16145997417035102,5.494801972678366,19.422846987653433,2733.333333333333,,2.724206559141054,2.8866417441848613,2.724206559141054,114800000000.0,23.53720234229608,113667348102.0,2.8581612541988246,18.80452460228701,23.304977107917928,12.0,0
ATS,2020,0.23692398503019327,1.501914687564484,1.5062143164770565,0.0,0.0,0.277997572221939,0.21752590009901954,0.0,0.0,0.19258309387825787,0.15069128303853585,4.5971537161542235,,946.1538461538461,,3.0936834762991894,3.5040909591517684,3.0936834762991894,129150000000.0,352.3676979819382,126400406042.0,3.429489121524466,-10.967489311055914,344.86581572591416,39.0,0
ATS,2021,0.19223609701492553,1.4001629921808938,1.4007958451544302,0.0,0.0,0.3937679611621801,0.2825204568727785,0.04238909977545323,0.03041331194046639,0.23342064199329066,0.16747453557380892,3.5395666956970446,1.970457405548175,47.492163009404386,,2.5003096816260166,2.7618679392014056,2.5003096816260166,106050000000.0,28.336200372541118,104637278644.0,2.7250763331649934,27.884817797759364,27.958726016914675,638.0,0
ATS,2022,0.02917978273875519,2.4982752518512945,2.50364075906035,0.0,0.0,0.11566192815479233,0.10367112584552121,0.0,0.0,0.0880597012585216,0.0789304528874304,9.645887336943606,44.27728166135115,55.84415584415584,,1.0445761069963029,1.0686555118140009,1.0445761069963029,45150000000.0,16.132418094912072,45004121883.0,1.0652027221399123,16.023502018421183,16.08029479979928,231.0,0
ATS,2023,0.0009949627891831134,1.8176044790245112,1.8274295570477854,0.0,0.0,0.15975751233057783,0.13775078896409895,0.0,0.0,0.11453479714407143,0.09875753847363257,7.259486551910952,,300.0,,1.59478437560776,1.4454473888687485,1.59478437560776,69300000000.0,250.32416799145827,69293092842.0,1.4453033205643386,248.07696961726558,250.29921808410566,66.0,0
ATS,2024,0.20381077415082946,3.2232377108215915,3.225542745738265,0.0,0.0,0.10817691868839793,0.09761701120470241,0.0,0.0,0.08906596748712509,0.08037161394097674,10.24411613978843,,263.1578947368421,,1.2026694989620417,1.037237324747258,1.2026694989620417,52500000000.0,67.66533832089172,51537557590.0,1.0182224449268444,65.3280484071279,66.42488134399602,57.0,0
BAF,2018,,,,0.0,0.0,0.0,0.0,86.98255046873999,0.46732068963785217,0.0,0.0,,0.0,,,,,,,,,,,,0.0,0
BAF,2020,0.01474805318459734,0.7963722331610018,1.010715042722094,0.11371873753641543,0.012260780302063937,8.275000019148244,0.8921832886322911,0.0180531277857812,0.0019464288677639358,8.008244452335719,0.8634225806795356,1.120845921170515,0.5081288752230472,,,,,,,,,,,,2251.0,0
BAF,2021,0.06254522006544554,0.8419457943123723,1.124368948675817,0.10209327328057037,0.027216508014624594,2.751152544099753,0.7334152668430092,0.010003215454320763,0.002666704522601987,2.5943648105881287,0.6916180507425234,1.363484024956975,19.14007640422765,5.414231694740461,5.414231694740461,0.8444352502357617,0.11773607770151942,0.9879839464294308,1228500000000.0,3.149094091713127,1150694794438.0,0.11027943974659038,2.6362638551279347,2.949650938974161,2909.0,0
BAF,2022,0.06605280748829835,0.7770928731724869,1.1618787929859158,0.3976117905157421,0.14651962107831665,1.7137102020159702,0.6315008141779043,0.15172172091513977,0.05590933062875624,1.0908104943748207,0.4019627790633192,1.5835292331361641,1.3958387026394279,6.476476476476476,6.476476476476476,1.0656927975667665,0.26218256616094676,1.2117353145046716,1857148800000.0,5.406394711756153,2663080288835.0,0.3759597637084307,6.344095970963512,7.752563063627208,1998.0,0
BAF,2023,0.03160501694686908,0.5164436171474693,1.0454776822004526,0.6058003626466609,0.1769394261157206,2.4237726206394488,0.7079245292249482,0.36873405366383155,0.10769817231465684,1.1463061514442505,0.33480790883541733,1.4125799555142167,0.1530453029707429,116.11464968152866,116.11464968152866,1.37103149658056,0.5032655613456578,1.5224156504003445,2616369600000.0,79.15119777769884,4380930014011.0,0.8426833895017304,33.871529403044114,132.53320860678156,157.0,0
BAF,2024,0.04859132856421376,0.30181762531334727,1.0053647198275701,0.3288102485182507,0.12958804368443733,1.5373501996753938,0.6058880638045425,0.3878757883105219,0.15286647793439917,0.6032837175066629,0.2377613139817443,1.6504698800645075,0.3569554588602425,18.059125964010285,18.78342245989305,2.2878325324019224,1.190725464352006,2.293991794558832,6716508140200.0,22.214118525427466,8671608422721.0,1.5373323087368078,18.13664763376204,28.680399589701583,1496.0,0
BAX,2018,0.6134612122011464,1.1224374507835413,1.1224374507835413,0.0,0.0,3.8502678249648987,0.793825818266595,0.0,0.0,0.057563288080414034,0.011868063817863629,1.2597221921851933,1140.4237979891338,5.303945965161748,,0.9288161149977852,1.7894538419235282,0.9288161149977852,122344000000.0,5.438470270908652,55146572312.0,0.8065965285802497,2.4513911108131676,2.4513911108131676,2813.0,0
BAX,2019,0.4479909836365567,1.2891609781077897,1.2891609781077897,0.0,0.0,3.9169147485637703,0.7966204314825471,0.0,0.0,0.03361099790685521,0.006835790251737225,1.255302978030521,,2.9368784250050743,,1.3100628734444102,1.291298458765419,1.3100628734444102,237308000000.0,2.3505264574532165,117844395589.0,0.6412438114105637,1.0483079078334203,1.1672441287041635,9854.0,0
BAX,2020,0.6370279045174397,2.5945729098509056,2.8394036084496674,0.0,0.0,2.106791868704363,0.6781245599123337,0.0,0.0,0.03727575484652754,0.011998149995826012,1.4746553348978801,,3.004178191019832,,1.49725036712372,1.3447320533371894,1.49725036712372,418610000000.0,2.3712619592645456,328547532630.0,1.0554176875191876,1.7413964144695184,1.8610932990987938,16993.0,0
BAX,2021,0.3932514749901227,2.1455881613126926,2.6540704536846493,0.0,0.0,2.658626734806066,0.7266734016655549,0.0,0.0,0.06153987645162561,0.01682048509244485,1.3761340345029462,,7.838276523535487,,1.9238180009537014,2.533852868043397,1.9238180009537014,435584000000.0,7.038537076936594,381787495838.0,2.2209111016755045,5.185636464238511,6.16924736667678,6777.0,0
BAX,2022,2.188488268185779,7.377296529451022,7.7813745000708945,0.0,0.0,2.1326049465567682,0.6807768559839762,0.0,0.0,0.07197054961031814,0.02297466512316698,1.4689101005859364,,8.039994521298452,,1.9639649774772332,2.072154062114414,1.9639649774772332,481340000000.0,6.3495050233234736,395193097248.0,1.701294265554535,4.456859486121519,5.2131145472201315,7301.0,0
BAX,2023,0.14434248707825104,5.6924970718255565,6.000038577046857,0.0,0.0,2.4408273829591307,0.7093722268799214,0.0,0.0,0.02069728990024311,0.006015207273328349,1.4096971408062673,,11.910447761194028,,1.397834092234475,3.951297585938786,1.397834092234475,294462000000.0,7.989205457847672,287959718786.0,3.864045417360249,5.704286462602505,7.812788600788529,3015.0,0
BAX,2024,0.17138055913985753,4.117247951027366,5.09545384508736,0.0,0.0,2.4420168352791043,0.7094726586603367,0.0,0.0,0.0336448427249852,0.009774746706681062,1.409497586402064,,11.878730757147347,,1.4733238114135283,4.247743925313622,1.4733238114135283,310042000000.0,9.241416693671162,299945666270.0,4.109418665285799,6.698248703710161,8.940475443526674,3183.0,0
BBS,2018,0.018697007014846063,0.7184084467838663,0.8844368524497078,0.34843011620213743,0.08511993162557042,3.0934022096590525,0.7557044363633908,1.5223021963269436,0.3718916730769389,1.051388031522508,0.25684943176157615,1.323268664151571,0.036892047318620474,8.214716525934861,8.234582829504232,0.390941002784105,0.0845539146507919,0.3925706250063376,40860000000.0,6.436326334987067,231019317353.0,0.4780613715650947,36.39049721414216,36.39049721414216,827.0,0
BBS,2019,0.022910953101719724,0.7285790574218353,0.9037499900069997,0.29817276452332925,0.07326029184915299,3.0700460917802994,0.7543025367649866,1.6400872383791287,0.4029652739538706,0.9258791258182025,0.22748615247578416,1.3257280086697678,0.17021461675969082,7.657754010695187,,0.4078782076469493,0.09471387369207487,0.40905772718867967,42960000000.0,6.054709289336167,240419484948.0,0.5300526240800412,7.505401712681871,33.884313055215834,935.0,1
BBS,2020,0.0045761604471122675,0.7370900079400116,0.9272334209775781,0.1698109193562825,0.04691733918146881,2.619363807045427,0.7237083495023607,1.5868188121792006,0.43842478865769474,0.5945549069870063,0.16427055656291034,1.381772091875994,0.14332637423913497,6.687444345503116,6.687444345503116,0.4228405722866228,0.09191154311155779,0.42353031354357845,45060000000.0,5.4866088533145625,231060678904.0,0.4713081125270929,8.777740251982657,28.134477730305367,1123.0,1
BBS,2021,0.01611080937110248,0.8089017627505984,0.9996946466898495,0.0262357054755324,0.007349865798940911,2.569548913302998,0.7198525572031808,1.458907785870555,0.40870928548800556,0.7927414497009657,0.22208448993276886,1.389173366119955,0.24769346129794179,5.33803644914756,,0.4928693911403466,0.10409783781234713,0.49306292332253165,54480000000.0,4.31223539946386,214113180417.0,0.409117458306437,4.973534526400712,16.947621807745584,1701.0,0
BBS,2022,0.0167768440800083,0.7468849736734999,1.0006243819652758,0.02632048032556797,0.008354878919082242,2.150312599438508,0.6825711835142222,1.509413175590841,0.4791312379158403,0.34257083140325506,0.1087418535748842,1.4650486632785955,0.21183908274200022,6.228878648233486,,0.44625594865579693,0.10851414945023888,0.44625594865579693,48659999999.99999,5.005480178893162,212231724011.0,0.47328699172650035,5.708717680379519,21.83151845189857,1302.0,0
BBS,2023,0.003320641902436131,0.8632968836773931,1.1260172614642632,0.0,0.0,1.7925462350370995,0.6419038698613652,1.1892809587370696,0.42587690897131014,0.37447065630780574,0.13409649287430003,1.5578656664213202,0.2033317935889121,10.02120890774125,,0.5289253514209187,0.1594390330077502,0.5289253514209187,56700000000.0,8.417020654762721,183551036475.0,0.5161410892970774,6.527485107651093,27.247845947322407,943.0,1
BBS,2024,0.01364258155183539,0.968242561481566,1.21035757649499,0.0,0.0,1.7015325696334838,0.6298397393981189,0.9954138485546142,0.3684626495876975,0.4998746334244708,0.18503372457667194,1.5877054708482035,0.20354163535732295,9.244186046511627,,0.5308348417487215,0.1610093192496479,0.5308348417487215,57240000000.0,6.419626418884555,162072530202.0,0.4558907714341722,6.9732708250231825,18.17688848113599,1032.0,0
BCC,2018,0.04404277368375465,0.10121100019557298,0.3960799745920845,0.018227518979074157,0.007536445747750016,1.4185829221308905,0.5865347469174426,0.8053498905929181,0.33298419633401083,0.5026217436561424,0.20781662644558324,1.704928830313193,0.0742256410336066,6.239717978848414,,0.31042760768203487,0.1588017845840596,0.3131323419388294,584153386740.0,4.902279777030412,2018039342990.0,0.5486029120127175,16.935609182378794,16.935609182378794,851.0,0
BCC,2019,0.048781858666706084,0.11157115310559752,0.25263447962090585,0.012229412906999084,0.005406559613800307,1.2619583950916524,0.5579052195787708,0.6260364575151576,0.27676745022084775,0.46882671712283536,0.20726584456202563,1.7924191509715919,0.30698528672453496,4.8903878583473865,4.8903878583473865,0.3179738618934859,0.16676847003837028,0.3203258527025248,638058313200.0,3.6361772640706502,1796709355257.0,0.4696035833732894,4.2805158025138805,10.239116978138512,1186.0,0
BCC,2020,0.04448828844160066,0.09756133295172001,0.272012567817623,0.01228900601631551,0.006298685953813806,0.9510428216975337,0.4874535869336096,0.38819006191231387,0.19896542382117646,0.3843069077760132,0.19697512709723167,2.0514773648310407,0.5085023760482795,7.164906580016247,7.164906580016247,0.5136381687178941,0.2527919760535905,0.5168307815314889,1086710541840.0,6.238013749192436,1845883489457.0,0.42939174407423264,4.043885107113493,10.595872721675885,1231.0,0
BCC,2021,0.05519751956890387,0.13139621680817068,0.3166922220135197,0.015953553947338474,0.008719443358392972,0.8296527991069808,0.4534482167938741,0.24736607560965915,0.13519836972916058,0.4121292293553774,0.22524996521554796,2.2053234811916225,0.7794033058805515,30.67153284671533,,1.2218336798247895,0.597830834055873,1.2289773707279166,2588638150120.0,18.55038341356814,3051698025521.0,0.7047718028104112,6.885949302333776,21.868706691670738,685.0,0
BCC,2022,0.022443938807381787,0.1053351610504901,0.4238790670155365,0.03345282598141471,0.017322565472211015,0.9311704167076164,0.4821793088023457,0.2409325669868105,0.12475986836913536,0.4829593041468972,0.25008632069368447,2.073917278789577,0.6345097286935855,13.978685612788635,,0.456817982832514,0.22986919627024993,0.45904460702392,969661220440.0,11.579200485286783,1509476515122.0,0.3578385378374346,4.343053853902575,18.025399828301364,563.0,0
BCC,2023,0.10342199335110842,0.150941776013932,0.33629929408320597,0.02465563391815512,0.012034956418150944,1.048668317649232,0.5118780373645542,0.4395634419124816,0.2145605699691123,0.39890319891263754,0.19471341235479425,1.9535903613848749,0.1241149005825632,-4.9837486457204765,,0.6350586638178899,0.36786623245906674,0.6384314101169891,1133530270400.0,-5.316053234761078,1773922815176.0,0.5756937593397475,17.139994394590897,-8.319379169737656,-1846.0,0
BCC,2024,0.09350910932967829,0.1428813697065907,0.4171042652769468,0.008446136486161222,0.004397821088792436,0.9205275329834717,0.479309729839418,0.33968628524417677,0.17687134363363494,0.4078972774522341,0.21238814359436964,2.0863336121614466,0.38542063122285175,-146.0,,0.5062119202158815,0.25786616380319993,0.5088297069669279,899431627600.0,-33.899547236396494,1367284655565.0,0.39199916718330674,5.5462956583833325,-51.53291183522733,-50.0,1
BCE,2018,0.04784520402345458,0.7752001735715414,1.2154807367784917,0.0,0.0,2.5303064674582285,0.716738473212501,0.23000573055330628,0.06515177440640364,2.1299596726111463,0.6033356288596349,1.3952090439876759,0.4232399651036446,3.097773475314618,,0.2622594739637263,0.28083538399686403,0.2747622660547024,96000000000.0,2.5218826766409137,135878442422.0,0.3974945266091474,3.569473854926996,3.569473854926996,1033.0,0
BCE,2019,0.10384411157843364,1.2615587072846095,1.528755050308301,0.0,0.0,1.3334087775812025,0.5714424280872921,0.13054342384649964,0.05594537275282738,0.8490563361832445,0.36386952185179106,1.7499575650116803,0.8647821427356188,4.363459669582119,,0.3671421780752478,0.2134869408467166,0.3844470549005112,134700000000.0,3.078272279989369,131793064730.0,0.20887971948048256,2.913799255619682,3.0118406670616453,1029.0,0
BCE,2020,0.026896081288751778,1.1679325803394263,1.4019351733193712,0.0,0.0,1.622992001616592,0.6187559857659939,0.2712546795739748,0.1034142229205412,0.34738881731611254,0.13243990721359855,1.6161459816215629,0.3666045473837793,11.038251366120218,11.038251366120218,0.8473898801108222,0.7168157383259386,0.893826062564304,303000000000.0,8.088331794679787,384383523350.0,0.9093470597044749,10.002261915673833,10.260796941461537,915.0,0
BCE,2021,0.17275391771213694,1.4664746522114942,1.6444127317936583,0.0,0.0,1.0588339382861784,0.5142881699179569,0.3570061659060267,0.17340211819278972,0.6017014531954513,0.2922535139945875,1.9444351600767475,0.1428151886901605,25.143338954468803,25.143338954468803,1.3285079579412866,4.691345962790769,1.3985826159499728,521850000000.0,27.983064644772668,590233527269.0,5.306102664093472,28.41883679512126,31.649981697960367,593.0,0
BCE,2022,0.061751201089050266,1.447848884600872,1.5560051626117783,0.0,0.0,0.9491581440969126,0.48695799618490077,0.2751401971551634,0.1411584780785665,0.5574406648275403,0.2859904756911424,2.0535652106230007,-0.5588290218399504,-2.7278177458033572,-5.4556354916067145,0.4787689785582369,1.4404825529115641,0.5096713409662441,159250000000.0,-2.9240016517846725,231451389568.0,2.093574182228205,-4.124445089474203,-4.249696988412494,-834.0,0
BCE,2023,0.10117666283277968,1.3662966084974129,1.4694747622105695,0.0,0.0,1.0624801205062964,0.5151468418737919,0.3349109955864566,0.162382653901286,0.3229406883560041,0.15657881263686013,1.9411940804346315,0.054992803605756875,214.54545454545453,214.54545454545453,0.49549647595200014,1.3466615519780527,0.5261527893477355,165200000000.0,43.2489326302834,241094112153.0,1.9653279131036905,36.15163784695353,63.11781485510343,22.0,1
BCE,2024,0.24826943578909677,1.6224440701926002,1.7998715981658622,0.0,0.0,0.8485124100296173,0.45902445957396754,0.23261780280720848,0.12584054158634586,0.31544845995481247,0.17064990110061434,2.1785331459855666,0.8703666270767377,3.2332238385734398,3.2332238385734398,0.6250574116544797,0.8231843336791586,0.6479851862098108,241150000000.0,3.091452573310757,250063225386.0,0.853610323728118,3.0362766118297624,3.205716780468329,2131.0,0
BCF,2018,0.30148940124122847,1.239505610567327,2.0494017214584854,0.0,0.0,0.4963791992620157,0.3317201946584261,0.2697626355593478,0.1802769215800309,0.07683648431009403,0.05134827077788053,3.014588849586637,0.9201502609258758,,,,,,,,,,,,2223.0,0
BCF,2019,0.6196315597499346,1.7498505746391646,2.4812316696273786,0.0,0.0,0.4137758720936816,0.29267430592157073,0.14263993913812076,0.10089289395417617,0.059945374405511,0.04240090355816938,3.4167673067548834,3.1478694472065727,,,,,,,,,,,,3592.0,0
BCF,2020,0.45233943707721497,1.917278259408742,2.6649530985118135,0.0,0.0,0.43337308492027304,0.3023449299275618,0.15300640385254166,0.10674569340127672,0.06072941828670003,0.04236818657026612,3.3074806322685415,3.1659288159680283,3.7908902691511384,,1.4052677877932211,0.6524942769298665,1.4064453235220065,386043004750.0,3.333534476832782,374223457515.0,0.6325167437746314,2.757590637171165,3.2314710597429115,4830.0,0
BCF,2021,0.5385810994882138,2.2085550693539493,3.119765506555559,0.0,0.0,0.3430857081893053,0.25544587817246583,0.10967922365340695,0.08166211804998812,0.05986187593714637,0.04457040646933082,3.9147235694476303,2.1199057324643986,9.769520225776105,9.769520225776105,1.7359633128485041,1.0269710196152992,1.7372833153332994,525489785710.0,8.83615705181215,502867294157.0,0.9827596118045218,6.969510276936268,8.455757862900194,2126.0,0
BCF,2022,0.7469646769298653,2.249936820823908,3.1811969870905465,0.0,0.0,0.33348080238745964,0.2500829421693936,0.11515434662769146,0.08635620881944418,0.035634970277779225,0.026723272066593303,3.9986733654255007,3.4052665208097137,5.940313866735272,5.940313866735272,1.8954529500138215,0.9208126106174762,1.896739732134022,642604213080.0,5.383736139252708,597363519988.0,0.8559854590609669,4.379509215211595,5.004709750370444,3887.0,0
BCF,2023,0.6224413767444963,1.897659836006846,2.716816133156221,0.0,0.0,0.3614997670554494,0.2655158493616743,0.1502753875327676,0.11037489037385005,0.0439316445725268,0.032267096649997155,3.7662535114348024,1.815677020306458,11.606425702811245,11.606425702811245,2.1108854046159404,1.2557768185300962,2.1122593693980973,746387121600.0,9.315188717398836,720171969237.0,1.2116705100488891,7.231355434895793,8.988013871464693,1992.0,0
BCF,2024,0.5623610105275154,1.767791914411119,2.4465650751440755,0.2145122301626299,0.13116080988704368,0.635490283624879,0.3885625552090635,0.13140763913733,0.08034755110013853,0.12948637533393473,0.07917281846942119,2.573588181861622,2.6448870141054344,11.28693368351937,,2.9474881486090303,1.5296025419198214,2.9494626635589194,1165386182940.0,9.21546823159017,1208668729461.0,1.586412116418349,8.352593750502493,9.557731541629034,3046.0,0
BCG,2018,0.025539922183602966,0.6158411900420244,0.6782268269344068,0.49842603280481546,0.13187172389917745,2.779627793338678,0.7354236833154767,0.6558452422989028,0.1735211185225124,0.48887373649150195,0.1293444125247218,1.3597603975598747,0.03755295706580262,-19.31972789115646,,0.21789716304942722,0.27551475273276094,0.2854351384172438,306736358400.0,7.473895544958838,1857972447524.0,1.66885602389631,45.271098837580425,45.271098837580425,-147.0,0
BCG,2019,0.048170833435583094,0.4635219170374269,0.733471847461884,0.6996059577111254,0.15666228182178402,3.4656949303660958,0.7760706865128334,0.7666428588635406,0.1716738090751514,0.2622570358981671,0.05872703800585576,1.2885424193682178,0.14877336836135258,3.8526912181303117,3.8526912181303117,0.27125639228450893,0.2796302325549221,0.3462148441284761,440663500800.0,2.3250407520159957,2672413804945.0,1.6958238937490746,12.635996785601291,14.100262425789841,1059.0,0
BCG,2020,0.08514915865934092,0.8541255304953576,1.068679274377292,0.8603220468850795,0.10562280488195182,7.145230074571578,0.8772287595507119,0.6852911714033726,0.08413404718213775,1.6132865535203738,0.1980651913758531,1.1399535059841945,0.15402407095456605,4.226289517470882,4.226289517470882,0.3497320833325717,0.5587033231846507,0.4703647867773484,1036363891200.0,3.0969197704397993,4713105498330.0,2.5408331251176843,13.112503321157625,14.083961938355401,1803.0,0
BCG,2021,0.10238556054957873,1.3113616511720116,1.5924752507098618,1.3035390431356988,0.2887815890848747,3.513927107564259,0.7784634141911064,0.33516362474603684,0.07425100511357018,0.1558060673790243,0.034516744215459465,1.2845818849933879,0.4257528612594617,7.494398805078417,7.494398805078417,0.7151955078746751,2.3061079626975007,0.7623187398943377,5971571082180.0,4.6749509892641115,18609985190895.0,7.186824780914815,11.471096892383537,14.569159017128248,2678.0,0
BCG,2022,0.0553152043591159,1.3206514373382043,1.562718333316622,0.8453940325152279,0.26658413983199075,2.171209033845826,0.6846628559243009,0.21956381379748421,0.06923662598526727,0.14334471303190294,0.04520191242583093,1.460572881013081,0.3402164373958917,7.559366754617415,7.559366754617415,0.22110079093811205,0.6746058613218996,0.23186424298565064,3056769474060.0,3.87422599100151,17150561160640.0,3.7849988957657215,11.276625237396244,21.737049644296565,758.0,0
BCG,2023,0.0626009072893705,1.2988453947725123,1.6111021177321483,0.5160898577971342,0.21459338940500172,1.4049662444313173,0.5841937481178819,0.1803000525404984,0.07496988906101362,0.10441038396342577,0.04341449041340488,1.711760872521721,0.16766634111758255,72.25225225225225,72.25225225225225,0.24493204640774197,1.0663611400778032,0.25373967883823584,4278410328440.0,20.053948438068804,15685911667637.0,3.9095938362602247,19.770978898650224,73.52367810443072,111.0,1
BCG,2024,0.05459659827987132,1.4235566195787164,1.6776216625425764,0.3873558640294027,0.17812691574112124,1.174606024124743,0.5401465879767854,0.15394757093563838,0.07079331576743918,0.11908062259843796,0.05475963060774042,1.8513492860256269,0.3471536871672006,,,0.26167370546274,1.2804945324917627,0.26857149653233503,5598139695840.0,6.344600452349222,16456336230551.0,3.7641519706493805,10.779858851848726,18.65063824147715,0.0,1
BCM,2018,0.11619174585224229,0.40094340495167163,1.3754582697687512,0.6773568276393224,0.20223668831520844,2.349327133875858,0.7014325683849236,0.7795878590123771,0.2327595447836217,0.08690756418304509,0.025947768226054175,1.4256537906452502,0.22653576860003483,10.7192118226601,10.7192118226601,1.6332459076591603,3.3703211973038956,1.6486233246860724,22033764736000.0,8.657336848616735,39111466056844.0,5.9825547149299085,15.367375496394981,15.367375496394981,2030.0,0
BCM,2019,0.019104634474461493,0.23324408488717235,1.2820426970610073,0.33580519492200944,0.1215419945974432,1.7628738201493486,0.6380580275845009,0.5878516386333371,0.2127681815746332,0.04846920813965452,0.017543040795483918,1.5672555735811433,0.2864231772756156,11.891080617495712,11.891080617495712,1.8222431721983097,3.494338418934421,1.8376354297457511,28700550000000.0,9.909169744314829,42831532927265.0,5.214808463586822,15.093183378361358,14.788041699043353,2332.0,0
BCM,2020,0.07824087322558304,0.2628449374342561,1.332283507509677,0.5281069886205577,0.17824397641526823,1.962832176668835,0.6624851019660797,0.370234339674112,0.12495960540376373,0.05223429255433059,0.01762985192534885,1.5094679065721868,0.41855861288358087,20.84782608695652,20.84782608695652,2.3949586303646977,6.101865028817984,2.414606766896132,39702600000000.0,15.375578054804357,52819331844177.0,8.117766439112696,18.778644140750465,20.455278988599154,1840.0,0
BCM,2021,0.16078469724587272,0.44508952484404657,1.5725951321644278,0.7244537451626596,0.252792413713841,1.865804928714101,0.6510578965161092,0.2484609565807119,0.08669848882289326,0.05076794678855986,0.01771507414195831,1.5359617099356644,0.3794915437105082,49.228896103896105,49.228896103896105,3.6714337621562496,8.99095389528479,3.7037694030480752,62772750000000.0,27.746674042652625,76422518722683.0,10.946013077285627,40.1415200462546,33.78011504222457,1232.0,0
BCM,2022,0.05683521161289614,0.37203497008153624,1.478377566075809,0.6155817463509813,0.2263865359659926,1.7191623553242275,0.6322396865924683,0.27867884919237257,0.10248702091903719,0.03574353229104371,0.013145052637646466,1.581678627910279,0.33887559629408387,51.429525718102866,51.429525718102866,4.485529865833516,12.137454760487492,4.5245762101191325,79684650000000.0,43.94772235502992,94500385692588.0,14.394166959287721,47.83261833797393,52.11890511988317,1497.0,0
BCM,2023,0.05793019997345676,0.3742680349468441,1.2366898600468919,0.530544572748857,0.19338229128829612,1.7435013269023492,0.635502272153414,0.48196261451766553,0.17567427789868909,0.03836509023454131,0.01398398821911955,1.57355849666985,0.29816158972659473,27.84636488340192,27.84636488340192,3.236884570687803,7.996317078412664,3.2604449703887517,63031500000000.0,22.46818656210876,81415687808985.0,10.328576265481553,26.532892063439025,29.021407752864498,2187.0,0
BCM,2024,0.10055556559989746,0.4856112983510016,1.4457190042198271,0.7342545383312569,0.2583123673764199,1.842506325921596,0.6481977926027023,0.40834418957893204,0.14365638727172889,0.02781037039877631,0.009783749694825974,1.542738977843028,0.3033410346565756,34.67164179104478,34.67164179104478,3.48800479855339,13.767110754656976,3.509846374486672,72129150000000.0,27.850706741597115,93552039752363.0,17.85604422892622,31.66637470164413,36.12257213929871,2010.0,0
BED,2018,3.561479717050613,3.7555521073327363,4.81299883582065,0.0,0.0,0.1621520633360973,0.13952740648295223,0.0,0.0,0.09221930309198713,0.07935218290389687,7.167050726497824,174.16723754293503,1.3845466726217062,1.3845466726217062,0.6005485805450096,0.4471372767520379,0.794973006010725,37200000000.0,3.9507357445565754,4048062342.0,0.04865697773452572,0.4299146395358281,0.4299146395358281,8956.0,0
BED,2019,0.6077346637141459,1.4678099168448804,2.6916386677886974,0.0,0.0,0.23376014540577061,0.1894696844246735,0.0,0.0,0.1175861014923201,0.09530709994984259,5.277889193917801,717.9060766972331,10.983821600349804,10.983821600349804,1.8373883268619082,0.8493198224044946,2.9135431436870043,75360000000.0,8.558618819861852,69959851483.0,0.7884592441213691,7.1125609902383005,7.945325126554457,2287.0,0
BED,2020,0.46141569607336136,1.6273098572870717,2.790623829579699,0.0,0.0,0.24383429292382744,0.19603438682387242,0.0,0.0,0.14290968008912802,0.11489446858166004,5.101145856101524,,9.450733752620545,9.450733752620545,1.6029717655993125,0.8806812353674166,2.5012182706616337,67620000000.0,7.725217610580402,63141511355.0,0.8223535081793428,6.270345007293624,7.2135746151775875,2385.0,0
BED,2021,0.5252286611147085,1.2830149776702553,2.7453912766486064,0.0,0.0,0.2582114618898387,0.20522103772763603,0.0,0.0,0.15884721978071345,0.12624842849716555,4.872794773249192,,19.54779622209502,19.54779622209502,2.531410843431256,1.38965348136236,3.814459004223211,102450000000.0,15.513057490396225,97241451387.0,1.3190036256971522,15.006230152564186,14.724375068971213,1747.0,0
BED,2022,0.2747473995890174,1.3370651528988133,2.8460862145902497,0.0,0.0,0.2614403146639661,0.20725539815461735,0.0,0.0,0.166576135986953,0.1320523325999194,4.824964796593509,,23.00148588410104,23.00148588410104,2.3787139930721004,1.0974329114371382,3.65192868802195,92880000000.0,9.182821358116417,90275413682.0,1.0666581618026412,8.044031131273805,8.925312197156165,1346.0,0
BED,2023,0.5315866274261627,1.8566268976521787,3.2590414352994395,0.0,0.0,0.24752908110941924,0.19841547973318047,0.0,0.0,0.17049265235308408,0.13666427094546454,5.039929350999991,,4.40814757878555,4.40814757878555,0.7993519694979537,0.417324082295291,1.2334196906603676,34410000000.0,3.501780960510479,29140899558.0,0.35342049303404827,2.6822542427272014,2.965563709513299,2602.0,0
BED,2024,0.3953792776427875,1.9998345970851164,3.4768085629229084,0.0,0.0,0.2463474636738724,0.19765552613049914,0.0,0.0,0.15438575200555504,0.1238705549658443,5.059307066070922,159.68394222944485,11.951116729877791,11.951116729877791,1.9542939991243042,1.0699641465827305,2.9972965416703805,85080000000.0,11.230394498709469,81180672864.0,1.0209262971314244,23.98034671438449,10.715690901897021,2373.0,0
BFC,2018,0.13530503130324226,0.4177909145495718,1.2249814348491619,0.14853724891145928,0.04750146645948572,2.1270034376338165,0.6802050205750034,1.4110510333564457,0.4512470361798448,0.3556507403377892,0.11373532118880811,1.4701449853378936,0.16396015204755784,4.932632270785409,,0.7217899617289941,0.13445730222009988,0.946160318080139,858091574930.0,2.9330261305725767,2393942131568.0,0.3751149761701445,8.182687060574327,8.182687060574327,3043.0,0
BFC,2019,0.1944544530488957,0.5571370019120745,1.2164872239092885,0.12225329024667443,0.04225035727751011,1.893544531320447,0.6544031069244828,1.1564029507279379,0.3996492669149357,0.31466754519263884,0.10874812597027587,1.5281101043357341,0.1340803733421116,6.051346317262216,6.051346317262216,0.3494196048276876,0.06572178193311062,0.4380733288645516,403034350650.0,3.4221606778818066,1480601427035.0,0.24143789223055565,7.6207420244930635,12.571772046336035,1165.03,0
BFC,2020,0.2418668184907911,0.5908817209459785,1.2738169127089682,0.07878370463969235,0.03111584362881411,1.5319482119628767,0.6050472141273552,0.8794847139024736,0.34735493788818794,0.2831596476782602,0.11183469169724546,1.652763580512102,0.24350788679883423,5.7033857892227,5.7033857892227,0.566352517526734,0.1261867208473386,0.7010916187432059,683729196280.0,3.4556718183759894,1421040207113.0,0.26226231803969785,5.100867189456654,7.182154313750513,2097.0,0
BFC,2021,0.09992927954118144,0.20886826448952972,1.247314426695104,0.037421244186525086,0.013224074492812642,1.8297817141656108,0.6466158520305303,1.0098828085067248,0.3568765758331641,0.46238762435230096,0.1634004566633651,1.5465132765609721,0.31636888513354666,6.846977147816026,6.846977147816026,0.9935355403561404,0.17476455658514745,1.196304879477996,1353166394310.0,3.6701135216890672,2535622308843.0,0.3274814615081517,5.589580161701501,6.877219062424638,3457.0,0
BFC,2022,0.18543374046305774,0.3952173977451606,1.195063374852141,0.01595383982013249,0.00504697693789719,2.161068500301017,0.6836512717441037,1.5132161032273657,0.47870398983232015,0.3738539177310888,0.1182682114277144,1.4627340594991363,0.15448257219525272,5.653310104529617,5.653310104529617,0.545541502531268,0.08647122522757904,0.6581954559667296,742040549140.0,3.0144811498633426,2280951351603.0,0.26580307273801207,6.847851407584939,9.266184794256157,2296.0,0
BFC,2023,0.28113147564678115,0.5665810753199293,1.2704779743188428,0.007466559271267878,0.002778919050108988,1.6868574206848674,0.6278179882931396,1.1541148503360965,0.4295407867388505,0.18025665783824038,0.0670882855377915,1.5928183305462758,0.19667740112663418,9.365895458440445,9.365895458440445,0.9719500085830096,0.1455108700388944,1.1582174563893683,1249692326980.0,6.2713217089470445,2136160344747.0,0.2487288619734761,6.782326804068019,10.719877568727412,2334.0,0
BFC,2024,0.3594478564315587,0.6556160041868689,1.4967060696959296,0.006119575422498312,0.002833297259281459,1.1598776487188192,0.5370108114257431,0.5085144008338309,0.23543666982037983,0.3084354231216365,0.1428022662786441,1.8621599020418944,0.7297525947997177,6.770462633451957,6.770462633451957,1.433566692622953,0.23244127771045867,1.6557198474450785,2175242133650.0,4.095166126223662,2329578600520.0,0.24893331094281645,3.853664519351121,4.385723881330459,5620.0,0
BHN,2018,0.44799516781278714,1.1834440360734322,1.391605804106878,0.0500344784927752,0.02680776761768486,0.8664171969234719,0.46421410944543356,0.07199291260821677,0.0385727867954105,0.13066344974154556,0.07000763278270583,2.154178383751918,1.5255984844080674,30.398251578436135,30.398251578436135,2.942421975375139,1.5942787310730504,2.976293382061656,14508362000000.0,23.733412722772844,13376346935891.0,1.4698851199980527,21.881613000316577,21.881613000316577,2059.0,0
BHN,2019,0.5570115474554227,1.5280013187538088,1.8022357966676785,0.02575404550147109,0.017169736316220596,0.4999674442956194,0.3333188638173429,0.06473513860185263,0.04315769575402491,0.15584527979784,0.10389910820432806,3.0001302312970655,2.9798721450461083,27.83866725120561,27.83866725120561,2.840706453883328,1.5767516540590814,2.873296779187988,14719300000000.0,22.626503764127367,13891169963993.0,1.4880412259782594,12.719048450101008,21.353502508843533,2281.0,0
BHN,2020,0.46885338137964117,2.2354661771381115,2.577482404724458,0.01758643146207496,0.013126830026033471,0.3397317880399985,0.25358194160416203,0.0383916739946848,0.028656238761678613,0.0951420596159162,0.07101575141029323,3.9434984749859927,3.877933103281606,23.218761188686,23.218761188686,2.6208927495877172,2.0170471936805723,2.655296182823977,15032229999999.998,30.987293267030015,14534589386235.998,1.9502730288724133,15.428687187615228,29.961461727711505,2793.0,0
BHN,2021,0.34351520501665767,1.8000617747515184,2.0626609776195566,0.010031276281090623,0.006842811932583333,0.46595820255190973,0.31785231102822664,0.04088437680902207,0.02788918315532557,0.08284736388593256,0.05651413781219245,3.1461152406445634,3.9759714254373946,40.569668976135496,40.569668976135496,2.5266116839406947,1.7575413467515217,2.5782206322351784,12215860000000.0,31.721995799082205,11738935785593.0,1.6889244809649713,14.009537978882879,30.483524833804324,1299.0,0
BHN,2022,0.28196749077673977,2.2809634041128857,2.679994930566286,0.0,0.0,0.36198414160715026,0.2657770605023393,0.01811028445169247,0.013296986285260423,0.10613227354567455,0.07792474985827498,3.76255196031562,9.664514447003848,22.902693787795492,22.902693787795492,1.8127671868512918,1.149375557865457,1.8415990260417554,9656788000000.0,15.69259879459965,9241348925908.0,1.099928938809141,9.088117473448394,15.01749660603284,1819.0,0
BHN,2023,0.6745903253237207,2.55826551734015,2.9750015012832267,0.0012280939756755048,0.0009116275530504476,0.3471444248982069,0.25768909293035736,0.02087400630298332,0.015495002552944986,0.08603773545143754,0.06386674944517455,3.8806454267362347,7.34005251739022,26.15007012622721,26.15007012622721,1.6286023769141094,1.1147057804053526,1.655190867437978,8643822000000.0,19.47482711276789,7596555268945.0,0.9796504450764637,8.881574187568772,17.115299287200713,1426.0,0
BHN,2024,0.5541583795964589,2.4809337529714663,2.8627696804694556,0.00017392649960923097,0.00012617960652086825,0.3784042002101669,0.27452339462725894,0.01342119554312469,0.009736763382669862,0.11583893636139153,0.0840384383214513,3.64267679757412,11.789923993741677,23.064415259537213,23.064415259537213,1.6232752600655265,1.0401989905388644,1.646795677165211,8548784000000.0,17.490791731437742,7584271473367.0,0.9228390295706453,8.740212653325218,15.51740139595838,1599.0,0
BKC,2018,0.0020969449685317204,0.17889303100615425,0.9896657353180038,0.017990911487917736,0.008658972874601805,1.077718887500854,0.5187029361788054,0.6748519341071321,0.32480425439981697,0.15910919957673347,0.07657879058322228,1.9278857516535892,-0.08612699819566834,-5.936615216001462,,0.37569287824183933,0.29566737953398864,0.3771845389003212,53406662400.0,-6.119189671027059,151581955172.0,0.839180683763226,-17.367846870030004,-17.367846870030004,-766.43,0
BKC,2019,0.01319403017631312,0.5972603593441476,1.143279177640209,0.032272993398849835,0.01383228878891964,1.3331636500173512,0.5713974028386036,0.9427102719795436,0.40404807094115874,0.13235484640380826,0.056727630915569933,1.7500954590135913,0.1254464430647439,2.7108489092279138,,0.22349885477428194,0.14722913983710462,0.2243581007726697,34626297600.0,7.540521627387402,183019609457.0,0.7781894554524051,9.23471546203999,39.85593086759886,1088.22,1
BKC,2020,0.006346204852610329,0.5214701843911161,1.0751608311949716,0.07581627179161679,0.025742069971671697,1.9452282537903949,0.66046774177416,1.4097053838717826,0.47864045241911085,0.18047054894144013,0.061275573025344136,1.5140784882449858,-0.0387799453841659,1.2486685116381004,,0.2180281401846973,0.13394539515069337,0.21883264618487722,28757433600.0,-1.1889349764477866,223129690300.0,1.0392858748384741,-28.59236289243723,-9.224978027303258,1962.09,1
BKC,2021,0.04821345076844508,0.7542347826564412,1.155100390005505,0.07329930357144815,0.023672105936429634,2.096442022027533,0.6770486923746095,1.3757419179002779,0.4442976513409574,0.36544739399234644,0.11802171375811957,1.476998643173957,0.0978513066508443,10.751295336787566,,0.35705242448310104,0.1288761912891009,0.35804041504054457,48711571200.0,33.56816961948609,233092385719.0,0.616692464437582,11.827448426052037,160.62887211542193,386.0,1
BKC,2022,0.018350827866223947,0.46685824309538654,1.3256915390823754,0.05620178068208287,0.025971135098713446,1.1640094076930423,0.5378948000664854,0.7137567207311307,0.32983069213734895,0.15809766053609756,0.0730577510310543,1.8590995857859143,0.012752407488449455,13.043478260869565,,0.21769480087144125,0.1611929412753571,0.21774344673598386,38734502400.0,-20.20618406786046,172116275227.0,0.7162588112968508,96.11778967724366,-89.78592528172747,253.0,1
BKC,2023,0.17692018502606102,0.7755537654255822,1.7181958700681843,0.16601169315597208,0.08247890781183886,1.012777539861447,0.5031741063302819,0.5578711236129837,0.2771648195415504,0.17093314747041458,0.08492401374976645,1.9873836658510469,0.16723061043443588,7.894736842105264,,0.22121323928399816,0.09204469485243547,0.22121323928399816,40495161600.0,9.423833417710574,145584589178.0,0.330910868277809,7.667340524004886,33.879724450816894,437.0,1
BKC,2024,0.8942215201258402,1.2311864201641403,1.7733123464615625,0.1293585641179942,0.07099689208653057,0.8220313638565022,0.45116202726422605,0.07156223033733855,0.03927606942279539,0.39838052878242375,0.2186463617943511,2.2164985960007297,1.9310818677832806,1.618013125141435,,0.3572354664898377,0.1478899217811865,0.3572354664898377,83924755200.0,1.336922861239505,-12567537093.0,-0.022146172166206454,-0.25647708586720336,-0.2002010921457793,4419.0,0
BKG,2018,0.1864750681920341,2.9226486537938006,4.760799185936187,0.0206621504659189,0.01684285424221739,0.22676062909386638,0.18484504940573507,0.07870990254172637,0.06416076671768037,0.10941812140543218,0.08919272334836235,5.409936610230761,0.41586968309156785,,,,,,,,,,,,1062.0,0
BKG,2019,0.378504683728829,4.697113171450029,6.435962050866213,0.017810123170983534,0.015576715881090877,0.14338114060383342,0.125401001916222,0.08617912034587177,0.07537217231024078,0.0087687551851016,0.007669144499331793,7.974417944986443,0.7955188606854254,,,,,,,,,,,,612.0,0
BKG,2020,0.3135924584628507,3.627613936696076,4.868264087125637,0.013458010893750974,0.011271704060635256,0.1939641798041049,0.1624539354572001,0.0862391023773992,0.0722292208058943,0.06312541390711199,0.05287044199053697,6.155591104553197,0.7511075022336149,18.392282958199356,,0.9696762184178436,1.0133233074716361,1.0320381219870574,366080000000.0,17.19063457813948,382672282831.0,1.0592513748798904,14.198772468005217,17.96978632356359,622.0,0
BKG,2021,0.665544843660254,4.217972121179207,5.56598287428694,0.007452024566284168,0.006449575258712377,0.1554287324917462,0.13452039759869525,0.08089582996693014,0.07001369075570225,0.02424826139570801,0.020986375631680276,7.433816862355893,0.9394610731530704,15.587828492392807,,0.8993506732450844,0.9833874087842166,1.0057744676175473,360640000000.0,12.668283552064986,356641500757.0,0.9724843647247683,10.444044488372821,12.527827356986679,723.0,0
BKG,2022,0.5725837231830945,13.473370559828673,15.312998028146646,0.0014943732839903926,0.00140886142432807,0.060695720803844014,0.05722255649136211,0.01800991127430995,0.016979338109011328,0.025001685360383684,0.023571025007469867,17.475626069781637,2.1371896153483627,7.346072186836518,,0.2707888409146016,0.6129349092871977,0.28464882582644757,235971941180.0,7.339648142101619,223486405052.0,0.5805038460186198,5.798346990716893,6.951299249488514,471.0,0
BKG,2023,2.550429458548037,17.868905057274986,20.971138973266484,0.0006893914116459955,0.000664134913022111,0.03802916866537889,0.036635934531853265,0.01773853481858586,0.017088667018281146,0.006388862129446981,0.006154800194739525,27.29560506039626,1.147414590980907,26.7741935483871,,0.3209390118800417,1.5206761057171259,0.3371612497673452,283029929450.0,19.986463497430016,218051948156.0,1.1715594460637304,10.981249820637517,15.397973319755552,155.0,0
BKG,2024,0.9747548638020757,7.207109918450331,10.010338096863405,2.3763795724538303e-05,2.2428473008793872e-05,0.05953694285031669,0.05619147425870135,0.04070114352319766,0.03841408626461419,0.0076019868759881004,0.00717482002613103,17.796294067603117,0.7251070253249073,15.769230769230768,,0.31236123814825445,0.8134946438552401,0.3221341785313787,234877585600.0,12.098322753464107,221879623556.0,0.7684764166931345,9.589341011509639,11.428809996238336,208.0,0
BMC,2018,1.1661176702156688,1.3670672892270521,3.567976241902373,0.0,0.0,0.24967292188628154,0.19979061521907684,0.0,0.0,0.0054417206098915346,0.004354515901390975,5.005240105514805,,9.03096903096903,,0.5710334221472476,0.8471757254228732,0.571116019963747,112029375200.0,6.772752253258076,58878351112.0,0.4452431313301766,3.5594993228340184,3.5594993228340184,1001.0,0
BMC,2019,0.22787340578956122,2.5834580506665374,7.7784563773772755,0.0,0.0,0.1003237138035425,0.09117654427054803,0.0,0.0,0.008241284748455327,0.007489872884741597,10.967733072145194,,7.6021588280647645,,0.6083096000733526,0.6397274558144735,0.6083622688332102,122191331800.0,6.140086623997929,118082107732.0,0.6182137901585826,3.6356256606663186,5.933599049443666,1297.0,0
BMC,2020,0.15985496167783508,3.264109155458434,6.551338976672675,0.0,0.0,0.13050640543637235,0.11544065987489673,0.0,0.0,0.005534790003373877,0.0048958501931154145,8.66245914640216,87.5808173905546,9.001663893510816,,0.6630893733241594,0.5939934072561514,0.6631103829483156,134088256600.0,6.591589231343896,130058177563.0,0.5761406851804195,3.8828224106644873,6.393476240278622,1202.0,0
BMC,2021,2.2467602818232364,2.7733765618558595,5.331290003891774,0.0,0.0,0.17012572912717905,0.14539098226143557,0.0,0.0,0.0005493266944695318,0.0004694595467781791,6.87800566751688,,15.562649640861933,,1.1612136424838622,1.7582077084555563,1.1612136424838622,241656285000.0,11.188516542858144,162111318620.0,1.1794659924759612,5.049328467358129,7.5056403774659435,1253.0,0
BMC,2022,3.366158631315689,6.070166078350396,8.846500705678181,0.0,0.0,0.09870338816503627,0.08983624627742572,0.0,0.0,0.002358556461764211,0.0021466726026059474,11.131364470771333,,5.86527293844367,,0.5751749403701157,0.6836817444052501,0.5751749403701157,125165563000.0,4.732615734671029,52863358317.0,0.2887512520459509,1.4958312793748103,1.998808261331328,1722.0,0
BMC,2023,2.0358404750730017,5.5323799110436225,8.96407825350766,0.0,0.0,0.09840691474728729,0.08959058198384337,0.0,0.0,0.006482139222431544,0.005901400596993604,11.161887531664194,,6.661546338965693,,0.7061822322622511,0.8960013934358562,0.7061822322622511,161228116300.0,5.283351675886104,115488411854.0,0.6418097557769337,3.1737102313721204,3.7844881421234806,1953.0,0
BMC,2024,2.24023410203607,5.617982685170671,10.424138609120963,0.0,0.0,0.08550373236185517,0.07876871337495531,0.0,0.0,0.003508351681598863,0.00323200333357246,12.695395889479544,,10.679245283018867,,1.0367803044209472,1.2569043139224498,1.0367803044209472,245498000300.0,7.644154201081142,200141483268.0,1.024687343306181,5.1713713001040835,6.231873002077945,1855.0,0
BMP,2018,1.149930370043598,3.4565977198471765,5.038929488610132,0.0,0.0,0.14612748315055424,0.12749670983272204,0.023893027427766948,0.020846745042783676,0.05380251038549927,0.04694286733060725,7.843339654113567,8.979543778316694,4.869831546707504,,0.8487519093568572,0.5313099223158932,0.9488585859588143,2082542262720.0,3.9363562546512836,1728864437611.0,0.44107764172914293,3.267845490706006,3.267845490706006,5224.0,0
BMP,2019,0.8768548292766715,2.930942108344369,4.200400205768204,0.0,0.0,0.15414332035243167,0.13355648092765648,0.022585498272526414,0.01956905860325012,0.044569529695785,0.03861698015301527,7.487468919922125,12.131625997119732,4.655305964368707,,0.7969667666097339,0.4537198414083995,0.8031781033383906,1967936949520.0,3.7229538813700693,1710197596275.0,0.39429646480705666,2.522045767518155,3.235361163636237,5164.0,0
BMP,2020,0.37090663558722803,3.2827311074548104,4.034027090095601,0.0,0.0,0.22302869370847975,0.18235769516756792,0.02237889885671937,0.018297934440819903,0.0608080212504739,0.04971921064753699,5.483728005451611,15.568826410207194,5.81766917293233,,1.2301375373083896,0.6488580056362637,1.2357637840660045,3040315237320.0,4.6470418696276905,2899887406829.0,0.6188881785243433,3.3645156573753066,4.432401624451044,6384.0,0
BMP,2021,0.3308599052056671,2.6576624371289617,3.841697286008903,0.0,0.0,0.23743283701258766,0.19187533247121388,0.02497269854219988,0.02018105370671188,0.08703277580659385,0.07033333301281104,5.211717353766802,8.073921144152242,14.360442917143947,,1.3424127899165028,0.67624741357706,1.3478984750106364,3078789878180.0,11.326938105892527,2963125452532.0,0.6508420524507028,6.40333323790519,10.901406048750982,2619.0,0
BMP,2022,0.888714258522517,4.060492092787055,5.490199156254518,0.0,0.0,0.16154975934337582,0.13908122148352897,0.021042844587082974,0.01811618005842341,0.03486047943768516,0.030012041375990457,7.190043266325694,18.767586460384052,4.892111779271312,,1.295687716962342,0.5847467192349396,1.299255112951209,3396410317620.0,3.9125409054328153,3092998083750.0,0.5325094181612721,2.986275618876311,3.563021069720804,8481.0,0
BMP,2023,1.5040077401780587,4.0825276275809,4.749424442025573,0.0,0.0,0.2101594435781806,0.17366260676922407,0.020511360204420643,0.01694930392293843,0.05741514077562143,0.04744427776050505,5.758292004270529,26.36518130458789,6.488165447825745,6.488165447825745,2.511162291753016,1.3097472300652124,2.5166894864200966,6754345994380.0,5.179471070037373,5988101537274.0,1.161163406245342,4.113874666626059,4.5918877567959075,12717.0,0
BMP,2024,1.0481771355218885,4.43353743851615,5.397330289386957,0.0,0.0,0.18462321034614124,0.15584973241592592,0.020320548768188673,0.017153596680121695,0.06377280376462124,0.05383382936249167,6.4164370672850275,24.08712215269839,9.437329587705527,,3.460843494787483,2.0257381494973132,3.4689537757519986,9350156338360.0,7.608308886787221,8900883652810.0,1.9284019354586315,6.7283853167376595,7.242731537878382,12103.0,0
BNA,2018,0.2955709295081563,0.8367785099203627,1.4966615982725513,0.06326907343732101,0.04319263172909867,0.46481172608653365,0.31731840878168593,0.1896076104465646,0.12944162520676294,0.13824578399277873,0.09437785179541351,3.151408718578306,0.9334037959213926,,,,,,,,,,,,2008.0,0
BNA,2019,0.08951181666127701,1.1823435500888408,1.5729784692857751,0.0620733735772074,0.04114196101941923,0.5087606919832632,0.33720436560055006,0.2508363874219873,0.16625326253182227,0.13936606282775818,0.09237121802567758,2.9655606570188744,0.7211652665123182,,,,,,,,,,,,1455.0,0
BNA,2020,0.06930577776758826,0.4611437854709513,0.88319208713005,0.008209457010686792,0.00414114942545363,0.9824102362081539,0.4955635409183795,0.31395772009930784,0.15837172062823335,0.25861909853402043,0.13045690231538196,2.0179047032935427,0.9762695613252664,2.694018783984182,,0.5493233602971046,0.14609770534293423,0.5541612929343431,87200000000.0,2.1540278796015206,127623241182.0,0.21382411336144572,2.464933162642462,3.1525690320084507,4046.0,0
BNA,2021,0.2851071487848718,1.064433304132513,2.1099851306330493,0.02947347137903645,0.018999891708622492,0.5512441771265918,0.35535616201162806,0.3619897327119292,0.23335445060780294,0.08548209939004904,0.05510550863010468,2.814078119087964,0.6951996347545594,3.8229527974664457,5.828926189928719,1.3620683811921321,0.5063033545463825,1.3661765574087676,506999721150.0,6.094410598726169,597340393814.0,0.5965199438533959,6.001659341848488,7.180354298518938,4349.0,0
BNA,2022,0.02134490217242022,0.7207676027143128,1.637414992193596,0.018590101173049888,0.009110258628261363,1.040567884141144,0.5099403417196823,0.7563235134680123,0.3706436425595034,0.122075037892722,0.059824051354264184,1.961013707265598,0.30662212997042826,2.762951334379906,2.8918830101873154,0.5101362501469525,0.21675943263649533,0.5162460854359182,219998724000.0,2.467603797441104,544776566669.0,0.5367552018384902,5.165914436770212,6.110456916419893,3043.0,0
BNA,2023,0.11110515951407987,0.807064793244514,1.5032052863208922,0.012164591969075206,0.005234355138242126,1.3239905676634105,0.5697056546122641,0.9433529334659719,0.4059194329753408,0.1895907703385026,0.08157983641436256,1.7552923898580397,0.16460056945961712,4.748858447488584,,0.43326063651296526,0.1451890246840401,0.4369137096832115,207998793600.0,3.299203576101197,596749864577.0,0.4165482372214472,7.452929360087262,9.465436088232885,1752.0,0
BNA,2024,0.08407450663611349,0.8402418708299784,1.313105972174784,0.2879863840210272,0.09599559048101822,1.9999959641685052,0.6666662182403418,1.3090670473173522,0.4363562694592425,0.2511137104923667,0.08370468277012055,1.5000010089599096,0.10647690855012824,5.017215937038858,,0.5912900044201564,0.1846653787581527,0.5958468999089823,318743818800.0,4.452491531143241,1102149766736.0,0.6385344346088166,13.914091484051632,15.395788758880045,2033.0,0
BPC,2018,0.032425993855203145,1.5107668236816363,1.7795177858175883,0.0,0.0,1.2234574378068468,0.5502499921984697,0.6543296577910982,0.29428476869631914,0.4755855262513752,0.21389459414185089,1.8173557731543049,0.1026801978437249,8.36229946524064,,0.4830050197526899,0.15047158159166926,0.4830050197526899,47538000000.0,6.723347375895318,108033446089.0,0.3419572446844665,15.279279445315463,15.279279445315463,1496.0,0
BPC,2019,0.15839690844601803,1.5579277249283545,1.751265942954483,0.0,0.0,1.2825647322972025,0.5618963239681762,0.8471658422353534,0.37114646969190435,0.3469212265687258,0.15198746465322796,1.7796877419269899,0.06709614622321347,5.798258345428158,,0.30989938918011806,0.10767351200790164,0.30989938918011806,30362000000.0,5.083747869477318,93458215991.0,0.3314331843009026,15.699156640677526,15.648442343369913,1378.0,0
BPC,2020,0.09744261578864884,1.595749642602797,1.8607920172150392,0.0,0.0,1.1147787249609307,0.5271372894965763,0.5947083032300635,0.2812153802242598,0.4225528463968743,0.19980948427816284,1.8970390065840614,0.02669782709882573,7.442434210526317,,0.35323319104767675,0.13793199225255065,0.35323319104767675,34390000000.0,4.821358425475226,81713801924.0,0.32773909549018976,49.64625841713572,11.455990909679882,1216.0,0
BPC,2021,0.03292873960555396,1.5986680867411152,2.074040899592629,0.0,0.0,0.8985070240201435,0.4732703185461642,0.28629817735515706,0.15080174775909566,0.5035293741123478,0.2652238668288463,2.112957353995689,0.18858354140082265,12.540485829959515,,0.4879356601599031,0.1783352787739267,0.4879356601599031,47082000000.0,10.61345251725189,71852662576.0,0.2721605838991515,12.92095831755842,16.197375270559828,988.0,0
BPC,2022,0.02317619198529787,1.4802934623806319,1.8068727058174259,0.0,0.0,1.207699281952246,0.5470397584603506,0.3867760997432006,0.1751941955614437,0.7104310891007759,0.32179703771636364,1.8280206959993384,0.06950682104429806,29.61672473867596,,0.3442526945525829,0.1225162947547086,0.3442526945525829,32300000000.0,21.082659098092133,65963629626.0,0.25020493778171654,24.801016370487332,43.055378212934016,287.0,0
BPC,2023,0.03075964896673139,1.6949775514876242,1.9912286314067535,0.0,0.0,0.9927234036291167,0.498174208132039,0.37770487887352044,0.1895420499330967,0.509361280766241,0.2556106280673977,2.0073299333372034,0.059499005975641193,30.572390572390574,,0.36759666802455426,0.15158582263044895,0.36759666802455426,34504000000.0,25.543575848307103,67090587778.0,0.2947479115200694,29.86018581536644,49.667676721969876,297.0,1
BPC,2024,0.017593514831354986,1.8602940297366697,2.095234935240474,0.0,0.0,0.8984527131659074,0.47325524988590584,0.20686305493218218,0.10896402817809044,0.5696345636480672,0.30005201588515223,2.1130246315092833,0.10217570829828422,,,0.39525422067819993,0.1379292864677851,0.39525422067819993,37088000000.0,26.41870169749661,55015421841.0,0.2046008919125682,25.883657621530844,39.18884864051226,0.0,0
BRC,2018,0.2575322097501152,1.4769615845037727,2.295215387368512,0.0,0.0,0.3365319246468996,0.25179490174603086,0.16316758253954425,0.12208281712586232,0.09824866011735697,0.0735101483964279,3.971486289299991,0.6412869615406188,4.252775405636209,,0.3090802749135247,0.26452528955950744,0.3092059139353234,61627485060.0,2.890261952670076,76906520225.0,0.3301078976649099,3.6068320669285674,3.6068320669285674,1171.0,0
BRC,2019,0.2149356838695436,1.2519916020180815,2.154835567163181,0.0,0.0,0.31956251679811215,0.24217307837261334,0.06530202402144776,0.04948763184021142,0.1680111425001307,0.12732336691997423,4.129278145696178,2.520951217944945,4.323640960809102,,0.4152434086519028,0.3136064288816916,0.4152434086519028,84644979480.0,3.457355930514679,83976793752.0,0.31113082617878934,2.282907840541203,3.4300636338707657,1582.0,0
BRC,2020,0.15519321917288958,1.133405233889791,2.0454679329119285,0.0,0.0,0.42305637627629367,0.2972871513237611,0.16439187518897747,0.11552028291327507,0.14729858246167093,0.10350860648761265,3.3637511596017418,1.159263549500862,4.586994727592267,,0.46887832926617184,0.3356644694154369,0.46887832926617184,96896226510.0,3.705206673919044,117300632997.0,0.4063486902967207,2.874746500505161,4.485449061223848,1707.0,0
BRC,2021,0.1469607695345881,1.2194608391795565,2.0156426283008284,0.0,0.0,0.47181000562029235,0.320564477628652,0.21798192397801677,0.1481046623855153,0.1265203527313524,0.08596242194863363,3.119497230003192,0.854824040552,6.7769537934968636,,0.694962397740295,0.4223632764068102,0.694962397740295,147014964360.0,5.462873534428292,178459752917.0,0.5127018618608189,4.3758654091192595,6.631318556005066,1753.0,0
BRC,2022,0.23052705037072913,1.2292066016707723,2.106295958970071,0.0,0.0,0.47044337062677877,0.3199330079785742,0.27345512573349773,0.1859678048104206,0.11721612864199654,0.07971482002195908,3.125654355948698,0.6456865083841168,5.2558139534883725,,0.46546451451745785,0.28955462547368627,0.46546451451745785,97886226270.0,4.114682979985444,132586479772.0,0.39220051641751724,3.44046777909538,5.573320705910515,1505.0,0
BRC,2023,0.31877899669723764,1.4755802042716426,2.440286423584302,0.0,0.0,0.3851108363785335,0.2780361154241143,0.19110017500423604,0.13796742468918982,0.1312227702461327,0.0947381009517069,3.596655054954307,0.8848626453706739,6.526449968132569,,0.603976011391241,0.38140725821028176,0.603976011391241,126719969280.0,5.193177599890106,141057293836.0,0.42456035933589864,3.70274477556976,5.78074302584168,1569.0,0
BRC,2024,0.3059677721043368,1.3953335294267462,2.327253481693906,0.0,0.0,0.4539938369083258,0.3122391755618907,0.19051413373898834,0.13102815768743883,0.17192876958394027,0.11824587231368049,3.2026730732953284,0.9694642477013065,7.519908987485779,,0.7695896727036647,0.39039681350272504,0.7695896727036647,163597460340.0,6.055408586011323,174567873958.0,0.41657579275077233,4.24962626705431,6.461468293029221,1758.0,0
BSR,2018,0.4398409192988164,1.1304606802880934,1.834759645546658,0.23314032270946225,0.13747699027936638,0.695849772647036,0.41032512659472814,0.08974132928033059,0.05291820698259976,0.1912146253543782,0.11275445999907945,2.4370917966904933,1.152624089031095,,,0.7677745660249287,0.2151888974619479,0.7778709180106083,24090882016320.0,6.388039184145694,28460023126348.0,0.2542157233658595,7.546578941760767,7.546578941760767,0.0,0
BSR,2019,0.6466512370649582,1.4230289745765898,2.0822874401947438,0.1524757372552498,0.09690108965406678,0.5735193257328931,0.3644819077552586,0.03248307660070257,0.0206435828715183,0.20755344611518628,0.13190397011394492,2.743620406726683,3.861392618113097,5.211581291759465,,0.426102951805612,0.14111854342580912,0.4304999302425094,14510338202880.0,4.853153342526255,12456453234747.0,0.12114373298275784,2.2004373115571187,4.166207348649924,898.0,0
BSR,2020,0.6268583026121585,1.05895858726256,1.4699228200677987,0.09728526824937823,0.054067905314911575,0.7993163908006546,0.44423337378979644,0.320921527149449,0.17835747442207553,0.2254960467258766,0.12532317711257887,2.2510690528919666,-0.03190035426960733,-6.215621562156215,,0.5639170395979243,0.30224449654896246,0.5690959937026939,17517822830400.0,-6.087914020217625,17716710534346.0,0.3056760139544599,-53.94958932289068,-6.157032840120321,-909.0,0
BSR,2021,0.6067336407648488,1.2689546938393699,1.6534359246783492,0.025094343882308228,0.014112279173415511,0.7781921384874924,0.4376310757674436,0.26166628633069217,0.1471529879517194,0.2515689717456639,0.14147457201089936,2.2850296868118165,0.9004989245299363,6.362759286058852,,1.0886966840454189,0.4045862254658317,1.0950524926616056,40895589935040.0,5.921199247608041,35321736187643.0,0.349443251552507,3.8320297806677477,5.114170942898684,2073.0,0
BSR,2022,0.8784426774677717,1.6014438648458396,2.247560630828279,0.0,0.0,0.5332564410632893,0.3477933806646749,0.17492372140580997,0.11408640897963757,0.2898154703092751,0.1890195681214896,2.875270363365973,1.9214892893787123,1.6189473684210527,,0.465768323598791,0.14266582311731588,0.46750527083629706,23842842047040.0,1.5382734757091512,9944151545607.0,0.05950173904010225,0.5620855211267283,0.6415688419551667,4750.0,0
BSR,2023,0.5977281716126227,1.8686993287786233,2.4147521214281285,0.0,0.0,0.512076709026323,0.338657890813004,0.19155900624220537,0.12668603722198502,0.25521951495760953,0.16878741232774758,2.952832422121733,1.053893652556029,4.012190749372534,,0.6058212126340505,0.23533983558833418,0.6084188459202801,34694590703040.0,3.6134464702177436,28664303902267.0,0.19443528316425646,2.415926863369265,2.98539125719733,2789.0,0
BSR,2024,0.9065439943151932,1.7391325698148246,2.2359716908816805,0.0,0.0,0.5914662637194982,0.3716486344719314,0.28550763551315045,0.17939911264337818,0.2606043819153192,0.16375111923908914,2.690713505300191,0.1349641976987587,69.55665024630541,,0.788271948182113,0.3558489749928423,0.7910572255111046,43779054577920.0,61.82880593634271,30640589617964.0,0.24905568459278615,14.085936859535437,43.27345776488493,203.0,0
BTP,2018,0.7575263194929246,2.6045720382184236,2.99432289851423,0.38950270435719686,0.2242991586519094,0.7365321684584085,0.4241396628501611,0.04868783806842974,0.028037394845182712,0.09850918895970502,0.05672753476669292,2.3577139503533706,2.6031336625341854,2.837004405286344,,0.3579907350017072,0.35186118002313765,0.3580103248098532,389527264000.0,2.2951884811960523,580277162201.0,0.5241661519038665,3.419132835294601,3.419132835294601,2270.0,0
BTP,2019,0.21180510724594617,2.948929749878632,3.326332978717611,0.30044719008513804,0.18460357151941345,0.6275264211426274,0.3855706506454524,0.0429210271796964,0.02637193880364971,0.23180012418632215,0.14242479948410525,2.5935584005836065,3.7356470868238936,2.397214854111406,,0.3563190875982224,0.2307925828229858,0.35718438160864985,437310888000.0,1.9543683380564918,773703338521.0,0.408325053722487,3.2289626417198547,3.457726183698509,3016.0,0
BTP,2020,1.3474359431778362,4.703279962188341,5.469770209823084,0.2751102766487065,0.19684354391144865,0.3976088378721056,0.28449221777781186,0.0449340997219171,0.03215069803817955,0.05132472931209098,0.03672324324324835,3.5150346389474847,2.092049339466398,6.875934230194319,6.875934230194319,0.4549264581770584,0.7417818154545361,0.4558924897705301,556467520000.0,5.7620705945963975,746046178916.0,0.9944937828702566,5.467160815619722,7.725106309426446,1338.0,0
BTP,2021,0.27715869381694497,2.2712930129217996,2.55155668352597,0.19919324707543057,0.13304290800779772,0.4972105620523246,0.3320912733682332,0.03782819967545687,0.02526578467600661,0.23083738067522633,0.15417830098580282,3.0112203487237337,3.3607100556871004,5.710889205896338,5.710889205896338,0.5696264724152702,0.5989182205062467,0.570597213326416,726432056000.0,4.870718560803135,923364751635.0,0.7612824480413989,4.861556199328645,6.191150014695897,2103.0,0
BTP,2022,0.8605450076309259,4.247822095512988,4.91415505293871,0.15817949069869813,0.12292986818902596,0.2867457927756806,0.2228457200991752,0.03954487271389472,0.030732467077736633,0.06358165156249529,0.04941275263495618,4.4874094936845115,2.263741550229645,8.914529914529915,8.914529914529915,0.5075413382588824,1.2285787412799285,0.5087504370395614,630864808000.0,8.074399533635933,739112732369.0,1.4393863453513083,5.887756176089315,9.459858001057865,1170.0,0
BTP,2023,1.1289191721090808,4.4443082040609285,5.975240925296831,0.12199537785688111,0.10061455728060757,0.21250225766678862,0.1752592676204212,0.040665126005539155,0.03353818580411622,0.005536811793527965,0.004566434213642143,5.705832356699179,2.3409484335071213,11.112047177759056,,0.6637420883416609,1.023061256063415,0.6649741281031413,797805064000.0,10.985131609923792,870507519610.0,1.1162908793279538,6.868426552207069,11.986185726121397,1187.0,0
BTP,2024,0.7586771229046894,3.183920475263025,4.466943646442412,0.0849096602748346,0.07102043142113924,0.1955666640679014,0.163576544868262,0.04245483022109472,0.03551021578055937,0.03672353340402309,0.03071642469443879,6.113345900571258,2.0014511811118574,16.384180790960453,,0.6596722801004372,1.9631216641747622,0.6606689544824549,701632960000.0,15.9646199509828,747805851463.0,2.0923102979707076,7.604865516767539,17.01521578422982,708.0,0
BTS,2018,0.05363423025636311,0.13918313635853033,0.34155925295314565,0.1617980778640053,0.061933546477713666,1.6124465183376369,0.6172170442607475,0.9768589506454388,0.3739249564684057,0.4088228324742469,0.1564904121881855,1.6201756080759546,0.02649782148197916,27.976190476190474,27.16763005780347,0.4169925822060575,0.1827914480286337,0.41712913199922014,563820314300.0,14.819603645969856,1998565690105.0,0.6479381945082899,52.53083409128652,52.53083409128652,173.0,0
BTS,2019,0.11837860826866034,0.15919543526736135,0.34405158427272475,0.019632623397767543,0.00789152373380739,1.4878114873634767,0.598040283566752,0.926621310776336,0.3724644393206606,0.47729336858976035,0.19185270709380978,1.6721281617283932,0.22429331814442538,7.855233395023648,,0.3249382345717267,0.1408579851576034,0.3250010468472744,458253957580.0,6.191822204830513,1548513426636.0,0.47598166400421044,4.920962997296306,20.92315769656854,486.3,1
BTS,2020,0.06179920840694374,0.11495813415627519,0.32017228374952145,0.014315255248797495,0.00613121328052618,1.3348160623061804,0.5717007364544748,0.79033027345142,0.3384978740769767,0.44607913137521893,0.1910553634510338,1.7491668914084582,0.1881652867068856,30.499999999999993,,0.3776368583829995,0.17221887920943965,0.37777008513308785,527600593660.0,46.10689138745707,1538281779886.0,0.5021244616168707,6.937319204680396,134.43008177169372,140.0,1
BTS,2021,0.07282874977740328,0.12129855715776038,0.3603987909115397,0.010019856555160146,0.004725168982880538,1.1205287242556734,0.528419498136716,0.6029884022868762,0.28435757336818496,0.40411123569537477,0.19057097933781672,1.8924358460014166,0.2628666100738899,25.802469135802465,,0.891611225280033,0.43331525212661803,0.8920159944876855,1291200516100.0,27.762420379744675,2062483449868.0,0.6921508510435836,8.41860475366712,44.34596474175113,405.0,1
BTS,2022,0.07450563505139919,0.18888863383056814,0.5265758506730874,0.02325654213467141,0.009946455971507895,1.3381737375896403,0.572315784783866,0.6796732213299063,0.2906855082679027,0.5707669629354498,0.24410802061434408,1.7472871211784733,0.2155792033809921,14.426605504587156,,0.5466025184553565,0.2486955435566072,0.5473179356258786,777191506820.0,23.095554579248038,1638108592005.0,0.524182653977181,7.451603747736524,48.67915573110976,436.0,1
BTS,2023,0.06542375581397632,0.13553173245731154,0.4533081601685954,0.12340056682700715,0.04473151966204829,1.7586938194658364,0.63750960945944,0.7783146837680566,0.28213159368253526,0.7640249418898943,0.27695169956839644,1.568603806377012,0.062843459128543,-7.060333761232349,,0.5358602823841394,0.26408868068033475,0.5378995533399549,679579219000.0,-4.787632169544184,1688191985799.0,0.6560418297087044,25.083624118640866,-11.893304023438615,-779.0,1
BTS,2024,0.0541133880895858,0.11499068107594233,0.3726338797248375,0.15368339336653908,0.05296586801057071,1.9015552683072725,0.6553572455011735,0.9149551184484787,0.3153326522648838,0.7375738850367595,0.2541994953854696,1.5258853195943027,-0.021364958953127212,-3.0006123698714027,,0.5677411170417765,0.2320049637274447,0.5697441939590925,605443304200.0,-2.361245455474069,1644859960993.0,0.6303078635763482,-73.73130690669792,-6.414998862557369,-1633.0,1
BTT,2018,0.7215143442213564,1.7195886970893473,2.1425969772281106,0.0,0.0,0.46889777620094636,0.31921743214403286,0.0,0.0,0.10350488900742806,0.07046432412412375,3.132660999380491,,7.558353808353809,7.558353808353809,0.9944372521565275,0.93888426748923,1.0748875867832934,332235000000.0,5.371047673975246,285381544109.0,0.8064780712318806,4.613595432998054,4.613595432998054,3256.0,0
BTT,2019,0.4553286159172265,1.8053571804080448,2.203031776727949,0.0,0.0,0.4646533127434658,0.31724457159975705,0.0,0.0,0.08673416904808842,0.0592182247453667,3.15214219413539,,8.382559774964838,8.382559774964838,1.1000402578583166,1.261445415171023,1.291468176917282,402300000000.0,6.150471980668008,372595198461.0,1.168303516811747,5.0618480138032185,5.696336883583932,3555.0,0
BTT,2020,0.3652840079412621,2.2625152993549436,2.7494201295769103,0.0,0.0,0.36023104403946227,0.2648307768139803,0.0,0.0,0.04467212673290235,0.03284157270829524,3.7759961739734265,,36.55203619909502,36.55203619909502,1.4981570871901913,3.2613243642730203,1.8974077728431178,545265000000.0,37.0267030563944,534086510086.0,3.194463880815787,22.003933260597677,36.26761779204665,1105.0,0
BTT,2021,0.9320435708554798,4.055818748214235,5.35536022627462,0.0,0.0,0.29348401641691996,0.2268941963657966,0.0,0.0,0.016340731365327706,0.01263311425416231,4.407340584365629,,110.70987654320986,110.70987654320986,1.3527972184836705,4.689887038307897,1.7209238548459633,484245000000.0,97.80013443469608,468908005168.0,4.541349060075407,35.33186874887089,94.70261116363734,324.0,0
BTT,2022,0.7318450781164616,3.8641710353616276,4.896989255389654,0.0,0.0,0.28850910064560376,0.22390924557773564,0.0,0.0,0.013934038707712097,0.010814078612817316,4.466095169137736,,25.15175097276265,25.15175097276265,1.1940197837372601,2.6807379610673734,1.5105448036824085,436320000000.0,19.419619259176244,418012323756.0,2.5682561067260137,14.87189272262881,18.604785875011537,1285.0,0
BTT,2023,0.9132595998493777,2.8521201971148584,3.6687657930106954,0.0,0.0,0.31076401989535146,0.23708616896591514,0.0,0.0,0.02535255554867643,0.01934181528014518,4.217875738435698,,7.31787175989086,7.31787175989086,0.9335489736024998,1.557736276648377,1.1631990762710496,362070000000.0,5.96820428392433,321172024699.0,1.3817806333533318,4.741026893553732,5.294059860483395,3665.0,0
BTT,2024,1.6944122756592226,2.8292387327675885,3.952858971816713,0.0,0.0,0.2976935585610144,0.22940204688317992,0.0,0.0,0.04545704936480241,0.03502910919524698,4.3591590118166526,,10.956496686833766,10.956496686833766,1.3177872032314062,1.8566802904735547,1.8250834684162416,513405000000.0,8.6604059389602,439871857157.0,1.5907546820101104,6.624859659003813,7.42000729269083,3471.0,0
BTW,2018,0.5497794794205328,0.9732859380912628,1.0940219832332068,0.14095925025991674,0.09001754948375612,0.565908548591996,0.36139310249046086,0.013275410259128092,0.008477768558748098,0.22536355253650134,0.14391871909706316,2.7670699664955434,8.271630013254542,5.208768267223382,,0.5590378516091942,0.20505200700218285,0.5624855892027439,93412800000.0,3.601453005854345,80146449857.0,0.1759308188736197,3.089979882265034,3.089979882265034,1916.0,0
BTW,2019,0.8523068241093922,1.1866052458458125,1.313742934025643,0.13982130448686475,0.09399760856211786,0.4874985292255017,0.32773042772642497,0.021678116624819242,0.014573538191063906,0.1736545229736164,0.1167426518828448,3.051288239963963,10.427121944622348,7.066756574511126,,1.0548361687810788,0.41962529101430895,1.0597393199456848,196185600000.0,4.566686254568123,171109325665.0,0.3659891479162476,2.5877082375817873,3.982976352712819,2966.0,0
BTW,2020,1.2205424966958685,1.7633042792989408,1.9333774391687228,0.10451624085256193,0.07706884124005596,0.3561413298924804,0.26261372767152263,0.01917756973234398,0.014141276657252561,0.10393498329186761,0.07664022989411284,3.807874054667852,11.18625713969099,6.5085679314565485,,0.9470574723726007,0.4385127647517922,0.9496050023695717,199087200000.0,4.576787040117223,160528156634.0,0.3535819770737852,2.2911138111522744,3.6903587315327093,3268.0,0
BTW,2021,1.0244374123879278,1.8181388868078299,1.9847321238027882,0.08218416868454803,0.06051033435201225,0.35818401211354434,0.26372274221970454,0.018470924512816456,0.01359972164896334,0.14275478905431352,0.10510710461991449,3.7918610719090386,10.656075486973242,10.483516483516484,,1.2272426756453914,0.6874449297529254,1.2294519863543685,267883200000.0,8.495402888581612,228136610777.0,0.5854467781841685,3.7651734805680377,7.234915896876493,2730.0,0
BTW,2022,0.8578562258173075,1.4459886230272332,1.5641324008207953,0.05649018300654333,0.036323083669733025,0.5552144063587576,0.3570018410893504,0.016376436480446965,0.010530018506444595,0.19458009104728766,0.12511464030407254,2.8011060025590178,15.157752103339785,5.0160256410256405,,0.8329788387415913,0.43750120025436545,0.8353275041179545,205077600000.0,4.016476949631453,117685472545.0,0.2510636729264419,1.4133586059822194,2.304888431420485,4368.0,0
BTW,2023,0.8552473225075408,1.3422590343335759,1.5281598889117558,0.04037799227761797,0.026737642597085814,0.5101552850444206,0.33781644185645093,0.016483647174995696,0.01091520013752151,0.2896604557878018,0.19180839126704877,2.9601874749037,15.931786943532757,6.56873257559511,,1.172121123974227,0.5411350575259877,1.1801355182618456,286696800000.0,5.2975677260647736,202331988207.0,0.38189799145906894,2.3393425345220193,3.7386793667593134,4663.0,0
BTW,2024,0.7521304853565208,1.3476687906079228,1.5683989204177569,0.022368742697658584,0.015353165496951583,0.45694662785338747,0.31363305910981526,0.015430145800883362,0.010590741970841843,0.2546080719911627,0.17475456349852225,3.1884393910460207,19.863646713765668,7.3766905330151165,7.3766905330151165,1.328614687326098,0.6183156169114948,1.339277971235469,347162400000.0,5.894654935218466,271631925500.0,0.4837916248660273,2.8060819796796905,4.612182857969267,5028.0,0
BWE,2018,0.0685658151024455,0.4515550029727755,0.6071659208344767,0.39917985563769226,0.11955057254470047,2.3390041313975067,0.7005095050357245,0.18480841226393477,0.0553483628624877,0.09936977328361883,0.029760302585198843,1.4275323786634444,0.387094528137882,10.288517022504326,,0.6481475886651462,1.217056125953644,0.6618376614320975,2674500000000.0,7.7269040620610685,4916899736806.0,2.237481004067902,14.205426266245384,14.205426266245384,1733.0,0
BWE,2019,0.05125856643091642,0.7979862965000958,1.130078808116602,0.8129446754196882,0.28808537930244094,1.8218880020503707,0.6456273249422356,0.3954815259560031,0.1401478462889555,0.08112823615649781,0.028749630069496167,1.5488811600244308,0.9000398730467813,6.846456692913386,,1.1858100009620014,1.0246784068623596,1.2331230321213442,2608500000000.0,4.73819228576062,5192033307686.0,2.0395493264696176,5.689976920165688,9.431033991140502,2540.0,0
BWE,2020,0.36628967585609606,0.9244510995032721,1.2372641083595302,0.6512171601978417,0.2692547903344517,1.4185908053444096,0.5865360945761146,0.3756575804357993,0.15532085030907297,0.0655684349784414,0.027110181198718483,1.7049249129717974,0.735036329536799,9.297671033478894,,1.4051396486158392,1.583501037599645,1.440442106282381,4790625000000.0,8.103784639052353,7563606378979.0,2.5000868465197215,7.16439422528525,12.794538748035677,2748.0,0
BWE,2021,0.23707218431645133,1.0065070545981971,1.3539982040592535,0.6039379421064042,0.2612627008199965,1.3116117999656691,0.5674014122895326,0.3083164053428068,0.13337724151926625,0.05037926739248708,0.021793999923877917,1.762420710172152,1.0020327790018422,10.614628149969269,,1.6975505033671758,2.136499035370907,1.744932336419535,6663456800000.0,7.540966162085094,9768357315759.0,3.1320209027658805,7.142002657161437,11.054750437835057,3254.0,0
BWE,2022,0.13839072725632404,1.0419051141685882,1.400787210298847,0.593182274707171,0.269519034307873,1.2008919564084508,0.5456387592820046,0.2922453032711321,0.1327849385882784,0.040472060630883,0.01838893568266194,1.8327143792275324,0.8646820463774701,12.471839799749686,,1.6945934224137245,2.2073336318495946,1.7345344996726992,7689791200000.0,9.428206506497169,11432456543539.0,3.2816555309346507,8.834084303934171,14.01696851912449,3196.0,0
BWE,2023,0.2748100816517563,0.7474957295343301,1.1346274852399978,0.805334452421159,0.3297786711188019,1.4420452956796572,0.5905071860177412,0.2887798242702132,0.1182532628617118,0.0912102989296947,0.03734996197288369,1.6934594932600124,0.7975735095949193,11.764300482425913,,1.3268756474978307,1.867954625526514,1.433013438833935,6586288800000.0,8.725726723140868,11361847696909.0,3.222363398332751,8.012870336914467,15.052540373446028,2902.0,0
BWE,2024,0.29625992271738555,0.9536602899365257,1.316561378866192,0.8126636051563169,0.3155030639148432,1.5757708818183183,0.6117667114498676,0.4466978343918253,0.17342296923416076,0.06576860122044681,0.025533560335156313,1.6346100258218232,0.47326884585713236,18.614682704272088,,1.7904741156912158,2.493155587304927,1.9094177983079108,9870397542720.0,13.481058007141016,15806246873984.0,3.9924868818743326,11.86701083664151,21.588282544965207,2411.0,0
BXH,2018,0.11161307429487033,1.371683319514836,1.5790665414849276,0.0,0.0,1.3989344436641569,0.5831482587441656,0.6037088278832679,0.25165707611465904,0.6959702596180434,0.29011641458405646,1.7148297795719087,0.06056685202940914,12.007528230865747,,0.5101840036809127,0.12447088608249893,0.5116652154702193,28825222800.0,13.0949664929246,54112744819.0,0.233665541554013,24.582796294812482,24.582796294812482,797.0,0
BXH,2019,0.019059393859665576,1.338852884571817,1.6122542072855532,0.0,0.0,1.4054420414809345,0.5842759947006082,0.4652710344267928,0.19342433798169753,0.8636300545706238,0.3590317453830321,1.7115199136538461,0.25701972157661795,6.787878787878787,,0.4101306828777261,0.10371919623040703,0.41100633649521745,23614393600.0,4.93444926922318,48861316100.0,0.21460878981249157,6.52924355815122,10.210030780673012,1155.0,0
BXH,2020,0.11311450627113656,1.2502614288749239,1.6078600557749174,0.0,0.0,1.4781283304163204,0.5964696469807106,0.48804008815358857,0.1969389890601827,0.8314750245183562,0.3355254101706146,1.6765312452392724,0.23721686643998963,7.865761689291101,,0.5407962479788951,0.15407835286024135,0.5415586450612273,31415577200.0,6.90072010561124,50053737289.0,0.24548959730678965,6.964878766613934,10.994763173448405,1326.0,0
BXH,2021,0.12876060104347,1.1886537838443385,1.6619473064658772,0.0,0.0,1.327929118647489,0.5704336562528187,0.29698805558944436,0.12757607317614222,0.9226861577337205,0.39635491920380933,1.7530522419890238,0.16249115344459256,54.36666666666667,,0.8815479572461007,0.21405847980952097,0.8821952683874432,49126372399.99999,27.295316424846593,56148197322.99999,0.24465469717862567,19.09390380960619,31.196742966024686,300.0,0
BXH,2022,0.1270670278991294,1.5153855828201128,1.967050177159884,0.0,0.0,0.9453858881132182,0.4859631674567788,0.10784424942786384,0.055435916383900226,0.7499027559779273,0.38547763739832586,2.057769121131879,0.4063863703535293,20.077369439071568,,0.5617707220440008,0.14551247773923007,0.5617707220440008,31264975200.0,19.98183012686188,30581366030.0,0.14233084514570868,10.422405627562995,19.5449270997293,517.0,0
BXH,2023,0.1284974464793831,1.4219495547747567,1.8527151454679407,0.0,0.0,1.060341533175118,0.5146435753984263,0.1673176500153729,0.08120869638419885,0.7319671021814415,0.35526493564075917,1.9430923610108626,0.13051241247528922,47.324999999999996,,1.0310281978466564,0.2625232457539176,1.0310281978466564,57017917200.0,219.09184848300768,58735955031.0,0.2704334762546231,46.669828317146916,225.693423963873,400.0,0
BXH,2024,0.28199581269870916,1.8328678149304796,2.1858951938934146,0.0,0.0,0.7866537514058671,0.44029446152444013,0.0,0.0,0.6783254028975289,0.3796624848904125,2.271207310983837,1.2178006357921365,79.36507936507937,,0.8264478777405521,0.26550906025392695,0.8264478777405521,45180600000.0,-64.39434543801204,33053336807.0,0.19424178505560138,69.70692033585938,-47.109776944726626,189.0,1
C32,2018,0.15633912606803135,1.3938508954782443,1.6332463849069465,0.0850526412092968,0.05342015609215777,0.5921451270671738,0.371916552706436,0.24885327948485342,0.15630062564915548,0.05488810255679904,0.034474308669277025,2.6887751908943067,0.8756545527455167,1.4615509673223868,,0.27486655453889286,0.1870618404525423,0.30108191494333636,135121003550.0,1.1845465002676545,260292749948.0,0.36034990551049867,2.28187223226072,2.28187223226072,6151.0,0
C32,2019,0.2000593649576181,1.0429884586042355,1.2773253435057421,0.09046015122903797,0.0517003883922066,0.7496996452481987,0.42847333671480065,0.41058198499490317,0.2346585518891508,0.053206204011771216,0.03040876424491919,2.333867511260374,0.43497402217600173,1.822420004238186,1.822420004238186,0.2525412884060363,0.16114845326360802,0.27489015406186057,129259247000.0,1.5956096183215644,318205421990.0,0.39670903833891424,3.256093401406759,3.9280101324535512,4719.0,0
C32,2020,0.23611127808978571,1.1017674959705566,1.2770016411302612,0.07747183704151277,0.043683665102000294,0.7734738342265447,0.43613490049819403,0.45347496011898986,0.2556987035090717,0.030098599983865153,0.01697155007476718,2.2928685570856784,0.42056426991395235,2.2406311637080867,2.2406311637080867,0.310291111914085,0.26752940609493636,0.3496884185123763,170742447200.0,1.85705053388852,372476809638.0,0.5836187854907986,3.313225462400226,4.05117924419289,5070.0,0
C32,2021,0.3243470398751617,1.337283324732333,1.54345605320919,0.0657500079064958,0.03945559972551589,0.666430325832187,0.39991490523276635,0.30640475817297097,0.1838689283453586,0.03962480694216087,0.023778256029019944,2.500531955461776,0.3698737044328549,3.1810307492420957,3.1810307492420957,0.3781323205480742,0.4279821746045716,0.42169484395111595,220792830050.0,2.697668668679151,324334054727.0,0.6286852431256275,4.586206462958456,3.96274560829063,4618.0,0
C32,2022,0.2482913748744509,1.2792106282436124,1.4679663800307337,0.04956241430573248,0.02880241357184511,0.7207729547422602,0.4188658083891251,0.5387778750746306,0.31310224488932037,0.025914399902833958,0.015059743838614347,2.387399448634401,0.12111638157480008,6.72573189522342,6.72573189522342,0.2234539914882234,0.22948862769840395,0.24828565909747527,131213165850.0,7.938295528437929,378828158353.0,0.6625612119848385,9.432853097508728,22.918811965392386,1298.0,0
C32,2023,0.19239030775406954,1.1162918353739153,1.4078505099731253,0.0,0.0,0.61309635082179,0.38007422836797616,0.4583134349300247,0.2841203097983189,0.03596485246964569,0.022295538918877002,2.6310650008919594,-0.03291777964201455,-4.690807799442897,-4.690807799442897,0.23613774953234162,0.2561216702389597,0.2641823099094555,126553820900.0,-4.4846748843717155,308963507282.0,0.6252853447268207,-35.62601043538734,-10.948708394903809,-1795.0,0
C32,2024,0.20027207601029334,0.8486346517514946,1.1981334738143807,0.0,0.0,0.4506003455909435,0.3106302483385791,0.3106469965767299,0.21415064288446656,0.030155860929000227,0.020788538359761233,3.219261502537336,0.10669719719340023,16.303142329020332,,0.24385233745669388,0.21148553052711863,0.2694561740722421,132565878900.0,22.91764184311704,252392272528.0,0.40264745422759907,13.096623265639796,43.63291484779717,541.0,1
C47,2018,0.12885566171769391,0.3784188217774101,1.0377971089747113,0.33390320363009107,0.04985009318865423,5.6981460268581134,0.8507049568656436,2.448533417707883,0.36555390221261147,0.5774162874492563,0.08620538954121665,1.1754956779427057,0.040612909113390924,4.398073836276084,,0.577314149241473,0.20896124970144092,0.5774977818449429,186540624800.0,5.151705791013865,922734856612.0,1.0336398786454768,25.48323460090817,25.48323460090817,2492.0,0
C47,2019,0.04291928056596963,0.4034969670295679,1.1631012143644561,0.23050541751173456,0.034657047386827004,5.651040261420212,0.8496475798228791,2.3935531237521053,0.3598765049786369,0.8734254928508225,0.1313216366945158,1.1769585693499698,0.05229230979422854,16.62049861495845,,0.35372725332989935,0.11414994335504203,0.3552347000661716,102120780000.0,-6.878197899964603,812718939976.0,0.9084519425118982,20.3702191214298,-54.73951243032399,361.0,1
C47,2020,0.01701235988496621,0.3585265454158173,1.0915600140078512,0.20395269177149872,0.03824733444248444,4.310440519465534,0.8083387314502378,1.979702248633551,0.371254398960608,0.8965351657135764,0.16812761834451656,1.2371051405713338,0.04054428005271815,7.8763127187864646,,0.3778872009299571,0.0931695901656411,0.37926019344871736,114885877500.0,2.3438929302523945,761872051729.0,0.6178592910016033,28.35771610343582,15.543655622985424,857.0,1
C47,2021,0.1217177305516438,0.4697211272876324,1.2821994883298091,0.25351108046299714,0.05564065975644426,3.5562198861891763,0.7805198113832912,1.6796466185222187,0.3686491566426737,0.3272500957958882,0.07182491275011757,1.2811974602255525,0.09709600414926509,8.06091806091806,10.603837471783295,1.1723130464188203,0.45869129139535,1.1788710141331662,404539380160.0,9.409741091273819,972855353012.0,1.1030824194110846,15.916023874987227,22.628988523891234,1772.0,1
C47,2022,0.02118930693134184,0.5552853085276817,1.4315610425873249,0.27240888076776365,0.06244211752372424,3.3625823654084877,0.7707779667544763,1.4321455438265465,0.32827931345943734,0.37221751494406063,0.0853204555850737,1.2973904848509248,0.09704763414637366,10.238970588235293,,0.3627623749687074,0.19436059960942087,0.3641258095803576,153339337280.0,8.276197542304491,855059485932.0,1.083804569234582,13.429226615565574,46.150200865108104,544.0,1
C47,2023,0.01343259015989993,0.4048083737058677,1.2185726601962936,0.19752449182574128,0.04778149770680091,3.1339116876955266,0.75809836408057,1.4181415534203694,0.3430507617377092,0.5586263373141226,0.13513262486396563,1.319090038154628,0.03577066075829739,14.43298969072165,,0.5816733418652464,0.257991191230874,0.5832823206347509,254395883000.0,20.11079704355653,947056169425.0,0.9604406582024135,38.53879274375012,74.86777768394256,485.0,1
C47,2024,0.16224945131684498,0.6675421837476058,1.3633083263557122,0.13960191529524296,0.03277740294752725,3.259090188405992,0.7652080712631586,1.4349019903726632,0.3369034058679302,0.4510684975009649,0.10590724252068066,1.3068340985338291,0.05627831731511559,55.55555555555556,55.55555555555556,0.4957853415872647,0.2310401645572629,0.49673295644686577,218053614000.0,170.21189663863615,748869479175.0,0.7934696633851881,19.33736586115287,584.5649244096655,108.0,1
C69,2018,0.00997218919899716,0.333175128424702,0.7789806637311391,0.04545146064363547,0.02108642656235543,1.1554842642127776,0.5360671304342747,0.6415459373525311,0.2976342476741928,0.3867430995335087,0.1794228359513236,1.8654380080903068,0.07955710943508948,4.806201550387597,,0.3500334002590354,0.18668690158324713,0.3500334002590354,37200000000.0,6.454395615262277,109034628871.0,0.547186479279738,18.918081464965915,18.918081464965915,774.0,0
C69,2019,0.07497636907226665,0.8043379771825252,1.6334578363647223,0.03173048050800367,0.014349411975545272,1.2112739227279676,0.5477719925506395,0.6342555520647801,0.2868281245239497,0.4353970897339415,0.19689875833963078,1.8255770897369379,0.09517894967541275,15.932584269662922,,0.6808751904967165,0.27458157205303857,0.6808751904967165,106350000000.0,17.780920140357257,196560726443.0,0.5074936837856718,19.523355228024197,32.86347512565672,445.0,0
C69,2020,0.39365054764690455,1.4033571651467303,2.4786246647409325,0.005805647691862414,0.003983812983365228,0.45730929541733545,0.3138038691274346,0.3019317346795449,0.20718438812474568,0.13482329875122415,0.092515225954566,3.186703856713455,0.1957806170820297,15.97684515195369,15.97684515195369,1.0529451406993613,1.0117043657569522,1.0529451406993613,331200000000.0,23.598061059157057,372091876114.0,1.1366152642730338,18.81521242056705,26.511614770997813,691.0,0
C69,2021,0.4727465921071764,2.938588395270612,5.306431982013007,0.05654014474764929,0.0444720941681079,0.27136231844453373,0.21344215925522775,0.17894027263260326,0.14074687446418127,0.029848541100413184,0.02347760403732258,4.685110024604979,0.2017416048557016,39.859154929577464,39.859154929577464,1.4411485935734083,3.013573139276067,1.4411485935734083,1018800000000.0,46.60976054436499,1113475689961.0,3.2936203675926143,41.2194449692354,50.941141814933054,426.0,0
C69,2022,0.05537085867306777,1.329358358193684,2.2018925342874547,0.045317925973875454,0.025211808618884352,0.7974881000774795,0.4436680832786066,0.6336195898390387,0.3525028008873755,0.07825095595264345,0.04353350431041546,2.2539372059631306,0.1348904776782347,13.023255813953488,13.023255813953488,0.44192449966829805,0.32065873029484243,0.44460356160474584,336000000000.0,9.42380046971559,820559324219.0,0.7830937828442217,12.160478010340807,23.014248050608693,430.0,0
C69,2023,0.05926533362078996,1.5409964153331916,2.526571863341673,0.02152611360236637,0.013445088479581133,0.6010391924945513,0.37540567108671624,0.4019828288844796,0.25107619524176494,0.14320551870124468,0.08944535484988263,2.6637850118385837,0.06210836681975818,44.516129032258064,44.516129032258064,0.51450644955752,0.34128758340916693,0.5170192034778325,426419806800.0,25.569265780318943,748972272921.0,0.5994443339391315,32.78057062732185,44.91036955370297,155.0,0
C69,2024,0.11383674651753987,1.4517191757339616,3.0938293124069274,0.0005531022714354714,0.0003944312092202345,0.4022781628485217,0.2868747253621584,0.3152242239964256,0.2247943613099515,0.05327147425876009,0.037989234711141,3.4858421171038088,0.13060262053063965,24.08759124087591,24.08759124087591,0.4799984090634049,0.35469571838245306,0.4819691466320895,407879815200.0,13.907667821801022,637352274765.0,0.5542468995422412,17.13178478948331,21.732097035874293,274.0,0
CAG,2018,6.8141053640231215,9.391468852403836,9.853142143831802,0.0,0.0,0.04254116109520828,0.0408052580394217,0.0042073504178903156,0.004035668398426033,0.011035726364059245,0.01058541070212136,24.506645663995222,5.731003690383941,515.0480769230769,515.0480769230769,10.14391456725151,22.28766805688269,10.302992577395546,1478394000000.0,364.54264646198965,1440613200868.0,21.718100059462667,355.2266505224579,355.2266505224579,208.0,0
CAG,2019,1.362256468292015,11.11588977501098,11.588731989319056,0.0,0.0,0.039364364717828476,0.03787349850936567,0.0,0.0,0.0032156197997891376,0.0030938330280951367,26.403686993761923,641.9252403966398,290.8921933085502,290.8921933085502,7.353563438245791,15.507154628390794,7.4680014157354435,1079850000000.0,208.1687638705909,1072998517180.0,15.408764107926373,79.93527927693006,206.84796495470445,269.0,0
CAG,2020,1.8974897624561724,11.472812964368709,11.851545824950065,0.0,0.0,0.04082293874385676,0.039221790012742175,0.0,0.0,0.001538670498831252,0.0014783210876272914,25.49603166186768,,,,,,,,,,,,,259.0,0
CAG,2021,3.2505175397474266,13.107799745004648,13.646479482633321,0.0,0.0,0.04765572926240544,0.04548796702133927,0.0,0.0,0.0011887455885059757,0.0011346719683792534,21.98383584676099,,66.33228840125392,,1.9669601240300605,5.473330547249487,1.9972335116547304,292008000000.0,47.097413272848826,274572900382.0,5.146531064586213,20.57568198103485,44.28533931541535,319.0,0
CAG,2022,1.4509067310266077,11.424346834611569,12.023689913164496,0.0,0.0,0.051998563418678215,0.049428359721042356,0.0,0.0,0.008598830752015105,0.00817380465242414,20.231300525521704,,20.412087912087912,20.412087912087912,0.6849665511767243,1.3671958391005954,0.6954204988910335,102534000000.0,11.428100755228492,93024934339.0,1.2404012635895107,5.81575517220125,10.368251725033714,364.0,0
CAG,2023,2.550540957458234,20.131249006348543,20.82664130456906,0.0,0.0,0.03570796107794376,0.03447686260978398,0.0,0.0,0.0004340965723255437,0.00041913028444209773,29.00495939315012,,39.88826815642458,39.88826815642458,0.6710975674963594,1.6676991735351612,0.681543160536502,98532000000.0,25.08753153743667,88985758097.0,1.5061246623915752,8.025158141482493,22.656933916303316,179.0,0
CAG,2024,2.9518864573890067,24.01614220011641,24.71649543039795,0.0,0.0,0.03419039634090686,0.03306005979351259,0.0,0.0,0.001395838147552384,0.0013496916549322363,30.247979170208005,,-164.58333333333334,-164.58333333333334,0.7611958339550279,2.84114745697234,0.7777674217829165,109020000000.0,-20.855642469363552,98195646650.0,2.5590562444083833,51.273336561876164,-18.784932109524462,-48.0,0
CAN,2018,0.06339311172681775,0.20688970752477462,1.404340660552108,0.0,0.0,1.2452783974066064,0.5546209320166964,0.5370754579381494,0.23920216689319895,0.38786328507817386,0.17274618841305947,1.8030332832261295,-0.03764877738312858,-38.09917355371901,,0.8543737342723767,0.1934327934203671,0.9728635062309432,92200000000.0,-41.49330946486961,142049488563.0,0.2980155030008197,-63.927368636345065,-63.927368636345065,-484.0,0
CAN,2019,0.08075766910022607,0.3276548256142284,1.4036867641686277,0.0,0.0,1.4443963745361612,0.59090104599351,0.7660975927309754,0.3134097238531321,0.41609960416572117,0.17022591282671107,1.6923307324979473,0.2163261156754791,6.190965092402464,,0.7535755383267274,0.15734524292795532,0.8482742434567359,90450000000.0,6.528555889421589,168721605974.0,0.29350516394885334,8.17698714910961,12.17809214321975,2922.0,0
CAN,2020,0.05170813571764231,0.31380680783714215,1.2621032510276557,0.008791710273174559,0.0028674999914128294,2.065984411334853,0.673840481281304,0.92465785824973,0.3015859620261921,0.8629624567286966,0.28146341955893517,1.4840307576928375,0.2312198195624147,5.923268009936517,5.923268009936517,0.8278134209614602,0.14611697025954296,0.9275906853534773,107300000000.0,4.839177450994604,214718518045.0,0.2923953337870867,7.429063309499692,9.683700007775787,3623.0,0
CAN,2021,0.038425265287474086,0.3835186705458638,1.2909928756120783,0.003315581549150305,0.0010774131000720224,2.0773540334052614,0.6750455134037844,1.0753753833025779,0.34944805557929776,0.6401768375693482,0.20802833558313646,1.4813815959722425,0.27898248743021264,8.759347382732834,8.759347382732834,1.7437252351347623,0.29823735967540793,1.91843558098461,257700000000.0,6.851551661547385,405508295739.0,0.46929655975038354,8.79946916602777,10.781377716110956,5884.0,0
CAN,2022,0.03601516568803861,0.2576775579967595,1.2845135668593148,0.002505005643318452,0.000754987464145264,2.3179433597012333,0.6986084777257784,1.5968827898990485,0.48128693494118024,0.4288749245892788,0.12925926638720472,1.4314169264812808,0.10928687913388072,14.264751795192007,14.264751795192007,1.5466717276110822,0.2834087759649365,1.7003302419808777,228450000000.0,10.532981315236132,452534950459.0,0.5614023917309624,16.87603475266355,20.864706402608693,3203.0,0
CAN,2023,0.054439963265506125,0.32125436774695376,1.4346271945841775,0.0016471927827250315,0.0006205790283303712,1.6542836730346822,0.6232505175843978,1.2263978867120973,0.462044769054371,0.18186940340054292,0.06851920359838891,1.6044912467554981,0.07616225575351286,27.460646230323118,27.460646230323118,2.183848191336847,0.44694989236822136,2.3876425653168116,331450000000.0,26.22188031801632,504435337854.0,0.6802151756239936,33.44982065763696,39.90720487972761,2414.0,0
CAN,2024,0.16316260681593991,0.7124278185697348,1.7831745398121646,0.0008907199175531885,0.0004535020928615948,0.9640921873871683,0.49085892891295496,0.5217706508448492,0.2656548680329311,0.23652168439215085,0.1204229037267317,2.037245206508879,0.1116821425926046,127.05882352941177,127.05882352941177,1.8499567518412376,0.39600456067021195,2.027963199119475,270000000000.0,90.8242913568885,324138787308.0,0.47540902986696226,35.50070875682214,109.03583577233447,425.0,0
CAP,2018,0.2898185286827572,0.6313088284791242,2.2308175466093583,0.0,0.0,0.5591067458605389,0.35860709816372677,0.15528083421520178,0.09959602485684553,0.1429440464694124,0.0916832967652355,2.788567223349932,3.1489398746927875,1.0395817774458551,,0.43060490768659543,0.08524710700666568,0.4313200138528544,33130212480.0,0.8150221699400768,32617991093.0,0.08392911390852145,0.8024212309459646,0.8024212309459646,6695.0,0
CAP,2019,0.5658152158268862,0.8901777834911382,1.5432350207026984,0.0,0.0,1.056371339343515,0.5137065077364653,0.0805139215122795,0.03915339606803853,0.20757865255464378,0.10094414787015661,1.946636814873691,3.9927761299487137,1.2157884937628,,0.5469274556706073,0.07224517881689412,0.547545467428713,34191230190.0,0.933858816999912,1873791361.0,0.003959272339390383,0.06638694580312918,0.05117852074827949,5371.0,0
CAP,2020,0.5931972690309029,0.7464618567435044,1.2681754673732037,0.0,0.0,1.395871580878309,0.582615358861009,0.4882017449825103,0.20376791013295426,0.208439928653985,0.08699962482028041,1.716398280256398,0.7562411647832227,1.3589001447178004,,0.6267373549189167,0.11700982895220242,0.626845711250121,49166255970.0,1.048125981229747,22523574807.0,0.05360342339606474,0.7753264953485138,0.4801574470057921,6910.0,0
CAP,2021,0.49155512542771274,0.5926637012916236,1.6336727326422837,0.0,0.0,0.8304170130490197,0.4536764065942282,0.0,0.0,0.15305140720544583,0.08361559476028921,2.204214249330378,55.94028215411798,2.223748773307164,,1.1294439735649897,0.22328016107913157,1.1294439735649897,118648281180.0,1.6780354026729782,75780447749.0,0.1426086447419822,0.9336573774946089,1.0717582495806688,10190.0,0
CAP,2022,1.500613647670785,1.9234461187540703,3.9186200894873537,0.0,0.0,0.27074450599312677,0.21305974939591135,0.0,0.0,0.09188789929524399,0.07231028649888256,4.693519084835599,120.67132165628271,2.0712585748285033,,1.14149578401534,0.3576263608917171,1.14149578401534,232398913120.0,1.794018226749525,149723433001.0,0.23040144966906226,1.0599148696361056,1.1557995868793474,14286.0,0
CAP,2023,1.7145004237141366,2.913068564547586,6.084370161831672,0.0,0.0,0.1784956675594063,0.1514606056457213,0.0,0.0,0.06522635282370635,0.055347129920966284,6.60237687375344,1392.3640192592306,4.594623540751847,,1.5794902292180841,0.6741176324097408,1.5794902292180841,431270268000.0,3.4688236442670393,350061559776.0,0.5471804744811624,2.5491419024470323,2.815639995614046,9337.0,0
CAP,2024,0.7811156318419883,1.3334590697071107,2.7839693974047153,0.0,0.0,0.488121410109196,0.3280118186548895,0.0,0.0,0.11613913093275467,0.07804412337850349,3.048670636627665,30.02592379932015,19.102370146243068,,2.98898621587367,1.0513633372483562,2.98898621587367,578426274200.0,17.98216600448486,504662382325.0,0.9172880799696526,11.793544490466996,15.688987758618238,1983.0,0
CCI,2018,3.8115807969963047,11.607668889698267,11.797140811762478,0.0,0.0,1.5435217983722256,0.6068443366044793,0.0,0.0,0.01087388506541465,0.004275129496579741,1.6478690492447756,,4.449929478138222,,0.41377530363765885,0.28097186929749257,0.4200617450904361,111963788150.0,2.916777881201823,18928000671.0,0.04749960517118377,0.49309490688705376,0.49309490688705376,1418.0,0
CCI,2019,0.8960048916791958,11.651973775558417,12.039758548655545,0.0,0.0,1.5335567342754037,0.6052979645289058,0.0,0.0,0.005976317776905927,0.002358864791166854,1.6520789075811362,,6.417489421720734,6.417489421720734,0.5919849473962477,0.41986129076035855,0.6012689995372699,161469171500.0,4.334083637027327,138910895786.0,0.3612039837919625,2.9206543304451498,3.7285844402249304,1418.0,0
CCI,2020,2.1603867627290456,10.951647688362133,11.352394070200695,0.0,0.0,1.515781007864317,0.6025091226644904,0.0,0.0,0.003842672039821481,0.0015274270804212728,1.659725906850466,,8.052668052668052,,0.7486546567893273,0.7100882903481074,0.759856094142398,206183711300.0,5.427254882971649,150424063693.0,0.5180543387327086,3.0373183142514693,3.959525847346956,1443.0,0
CCI,2021,0.712158019827493,15.479467261801073,15.990839935866534,0.0,0.0,1.4604972120782906,0.5935780804419863,0.0,0.0,0.0027840959792891505,0.0011315176321364446,1.6846983285760593,,11.011673151750973,11.011673151750973,1.075689646546939,1.007139622970706,1.098260907826303,301290827700.0,7.408865678147564,280614832151.0,0.9380249588412747,5.3764994358615095,6.900434422692793,1542.0,0
CCI,2022,1.3435350369927954,15.424872952543637,15.645544200407029,0.0,0.0,1.9408640727986346,0.6599638829793438,0.0,0.0,0.02471797004695839,0.008405002555400618,1.5152344329595668,,17.13807531380753,17.13807531380753,1.3730912310377157,0.766382560880703,1.4021996133193435,363394355200.0,11.85119561506804,317925584240.0,0.6704909416802765,7.49586915145864,10.368345671713485,1195.0,0
CCI,2023,1.058622329967987,13.802051665873325,14.015746110673776,0.0,0.0,1.9578573926263267,0.661917439801895,0.0,0.0,0.004647317097201082,0.0015711768622741673,1.510762430280262,,16.219312602291325,16.219312602291325,1.3276298920822136,0.8272436231860433,1.3543783117635715,351683404300.0,11.09607960008892,315325998792.0,0.7417222949278985,7.226478280057749,9.948955053872512,1222.0,0
CCI,2024,0.6422678650013396,12.13416497563508,12.284748248270576,0.0,0.0,1.9160269679741646,0.6570676434125283,0.0,0.0,0.016232631771313438,0.0055666946669531816,1.5219133220537655,,12.030303030303031,12.030303030303031,1.2922113952959706,0.8311877357651449,1.3199379428119986,352215720250.0,8.410120053100421,325873069791.0,0.7690221743486145,5.985265442021182,7.7811167459232164,1650.0,0
CCL,2018,0.04320860276513203,1.133707734730068,1.8035587889935043,0.04139459735957677,0.027682972316306283,0.4953089894611439,0.3312418991339279,0.2969102224098716,0.1985611164665488,0.05301332454558335,0.035453090243701045,3.01894175409156,0.23655455838837877,2.71585557299843,2.71585557299843,0.15322184348159523,0.24905776238682736,0.15389557028222983,82174801050.0,2.0425931333715446,253405764940.0,0.7680295173879067,6.298827241556281,6.298827241556281,637.0,0
CCL,2019,0.029094129893680407,1.2182170359989442,1.736937362648428,0.0650978927303786,0.037671441126620346,0.7280435997012462,0.4213108973796231,0.32999182970523516,0.19096267580417878,0.0971576774683017,0.05622408918681152,2.373544112482208,0.276425263066114,6.416256157635467,6.416256157635467,0.45690709123735873,0.4680141681141238,0.4614634348764033,247474400850.0,4.756430060743636,451313400794.0,0.853506726780141,8.373522875709789,8.674192639642559,812.0,0
CCL,2020,0.0404507358814648,1.3956178916630273,1.9535094792569039,0.15591130676188883,0.07821314227925555,0.9934157127355453,0.4983484911796398,0.355217434877517,0.17819536216560444,0.0647598731024557,0.03248688805286196,2.0066279274427052,0.39999574675256616,5.180722891566265,5.180722891566265,0.5766816467316012,0.37106397943047587,0.5821756731995374,326799208800.0,3.6898867633099828,597513019271.0,0.6784458245977733,6.70719845787554,6.746513826668253,1328.0,0
CCL,2021,0.02728803937012664,1.5948487584498947,2.1521218217831297,0.1653662363365393,0.0811404609728228,1.0380243636023598,0.5093287313639246,0.3569934359864739,0.1751664221302347,0.12694110023644817,0.06228635069507722,1.963368524925176,0.4216049082696923,8.857336037863421,8.857336037863421,1.0556757970396422,0.6388574898745226,1.065341582457856,622248493500.0,6.302445758434681,916494656218.0,0.9409576425994916,9.150410619285626,9.282718912214104,1479.0,0
CCL,2022,0.016252436652051564,1.6869894566785106,2.2427147010020745,0.3160573404446277,0.14862531103128745,1.126537789906416,0.529752067070481,0.3342836931212145,0.1571962157022968,0.08292216312061103,0.03899397580151173,1.8876755036181008,0.29342468909576536,4.319526627218934,4.319526627218934,0.364106020814819,0.45135930015663783,0.3671743321739966,233014156020.0,3.3665767280065544,640893643010.0,1.241440911250915,8.990821251157213,9.2595989039379,1014.0,0
CCL,2023,0.008473638589669697,2.681000141170663,3.7495976386214367,0.2792875153164211,0.1681644594379914,0.6607998875018234,0.39788049871306236,0.16426396661815013,0.09890653765953474,0.002537119054366638,0.001527648859720827,2.5133174489186647,0.5042447830149991,,,0.5907276447075058,1.2796166771928514,0.5927568210505005,405153642400.0,5.711049965588715,707191302435.0,2.233557075288828,9.677490713254615,9.96857596913473,0.0,0
CCL,2024,0.03962604111371799,2.4311689224830335,3.3504787603989437,0.17969666230743783,0.11473856540606842,0.5661400477814745,0.36148749824988113,0.21696019548545545,0.138531797199613,0.0103483343354763,0.006607540845491626,2.7663473974658506,0.3152933727646027,14.078125,,0.7429678873677605,1.7804637715252478,0.7453899962346191,536828576180.0,9.488698106330416,812457676952.0,2.6946245484993834,13.767038872808257,14.360572374193337,640.0,0
CCR,2018,1.566024948149932,2.094891750533255,2.1308001600020865,0.26969771363418504,0.1902629868623957,0.4174996308096386,0.29453244412569884,0.022474809469515418,0.015855248905199643,0.004193150767823263,0.002958131823588727,3.3952116988959826,1.3838717709943547,21.486928104575163,21.486928104575163,1.2068931239708218,2.0194275363993426,1.2068931239708218,322198893550.0,16.633797946201334,354375404723.0,2.2210984110944283,18.294938304469866,18.294938304469866,612.0,0
CCR,2019,1.164533040810285,1.5353888964774192,1.5683612864076129,0.16694916757863673,0.12777006974948013,0.3066375239989724,0.234676808500422,0.02903463783976291,0.022220881695561766,0.005641357364204848,0.0043174616223629015,4.261179476531878,3.1457130398858766,20.951327433628318,20.951327433628318,1.6842427742788886,2.9027129967957617,1.6842427742788886,464064413980.0,15.408559020660439,482313077586.0,3.0168579978506647,10.208413070185335,16.014478375281215,904.0,0
CCR,2020,0.6330071446357051,1.028087045311591,1.0576208200452273,0.04277053515948463,0.037193107713231026,0.14995862914325656,0.13040349917194752,0.02851369010632309,0.024795405142154017,0.008239269558376698,0.007164839977343469,7.6685058786759965,3.947365177621504,10.490605427974948,,0.8776630038309226,1.7789924821892926,0.8781988796608682,246243260850.0,8.776120569381572,250612263433.0,1.8105564840750425,5.34348698965743,8.931832012220626,958.0,0
CCR,2021,1.3655161591686198,2.2878094356286014,2.3488864353810848,0.0,0.0,0.08120284134279128,0.07510416939151034,0.0,0.0,0.00449767941856547,0.004159884941644819,13.314840016232687,101.25264724461235,12.921928817451207,,1.8254194100827597,2.829206375935365,1.8262184681891231,551535900670.0,9.842227151988595,523975291769.0,2.6878290869272563,7.056454495170192,9.350404637948731,1742.0,0
CCR,2022,0.3376193489142049,2.3766120707816505,2.4534630739336207,0.038268008511312054,0.034777422091415475,0.10036932613122589,0.09121421667042746,0.005466858358758865,0.004968203155916497,0.004367086588040623,0.003968746205780568,10.963203286754858,25.206152153758076,18.663282571912013,,0.9666777019224128,1.7794166664934141,0.9670000743077085,270255041510.0,14.397480410576229,277330379843.0,1.8260021987390875,7.198814251747078,14.774409715866534,591.0,0
CCR,2023,0.8338041211651273,2.0748413170301236,2.1158620584901473,0.0323420721219006,0.029222724590797115,0.10674389793502823,0.09644859857297777,0.00582999408450862,0.005267699325369014,0.013593121927990722,0.012282084367804404,10.368217006733909,15.446415570958939,18.20738137082601,18.20738137082601,0.9135054586655704,1.7687744212669632,0.9136836806104082,253838824120.0,13.841728559196028,249639643531.0,1.7395141091698951,6.390412230748647,13.612748937637013,569.0,0
CCR,2024,1.3337292091496036,1.9273734336669486,1.9865219237197629,0.026263189609301928,0.023407317341969977,0.12200767074709977,0.10874049610183126,0.005775263630659579,0.005147258598342794,0.023339757779625356,0.02080178093977232,9.196205975219561,17.470751573871514,19.581464872944693,19.581464872944693,1.1442644006961813,1.8079624739633848,1.1468368313259454,320973802700.0,15.413231488219179,295957688496.0,1.6670531681422889,7.063313734231623,14.211952268798385,669.0,0
CDC,2018,0.08698922790082825,0.9605820566971305,1.739492895451239,0.6739756741529563,0.1833039983409222,2.6768192742825336,0.7280257947420784,0.14912558468022302,0.040558312377026534,0.1874102372855976,0.0509707503429489,1.3735777045568491,0.5811283083872584,1.6242480333179083,,0.1976969341479181,0.12624712669802274,0.1976969341479181,55129485060.0,1.884066540059188,236723287882.0,0.5420989310000888,8.090088733204556,8.090088733204556,2161.0,0
CDC,2019,0.11788097081364265,1.3266581469937546,1.8626173168798281,0.46979337397418214,0.15783149223665283,1.9765502899115537,0.6640406166194107,0.11249487867899662,0.03779371007446991,0.13995310463352947,0.04701855873487966,1.5059319791173882,1.0872264296936074,2.1237303785780237,2.1237303785780237,0.25273169688149605,0.15245822375834636,0.25273169688149605,72249467600.0,1.9347701669810193,188800400985.0,0.39839980466564223,4.61856377021707,5.055890312745112,2166.0,0
CDC,2020,0.0997864425214998,1.0971969007635456,1.5154743673417033,0.31092200275100806,0.09408312828478832,2.3047583389218467,0.6974060135585458,0.4833781848449235,0.14626733191105953,0.1908064959021196,0.05773689823394736,1.4338849688110011,0.2251413812629657,4.683179723502304,4.683179723502304,0.5098907907637493,0.39622944372126184,0.5098907907637493,127693080780.00002,4.042308107628472,277676302560.0,0.8616248133873678,9.79542159447776,8.790242684084332,1736.0,0
CDC,2021,0.028087922789902634,0.9597806907547831,1.20245548417725,0.14721352719721603,0.03558102329547708,3.137416902676018,0.758303302876436,1.4543806582088492,0.35151900144947396,0.4150000604013288,0.10030414390508074,1.3187335413240948,0.21448974788252803,9.635220125786164,,0.541468215890737,0.21901130377649566,0.6896196769847219,168433564560.0,9.425916971268387,641326925360.0,0.833906510480757,6.428658041696987,35.8900814435284,795.0,0
CDC,2022,0.09102560963200587,1.1836197426981503,1.4220377717792547,0.48885965381145585,0.09517197553613573,4.136592479640621,0.8053184082709313,1.6084363971193936,0.31313295798617197,0.6736925501647262,0.13115553800208435,1.2417448672843108,-0.0029164684063098236,47.59036144578313,47.59036144578313,0.5406352641778748,0.13107758121825697,0.6780213218579779,173710856400.0,-14.370430864108654,754751114449.0,0.56951506977752,-465.66325578156943,-62.437656083067424,166.0,0
CDC,2023,0.09967099515486276,1.0118530619548214,1.3262628448313467,0.10973319570779703,0.020557447354029975,4.337880419588451,0.8126597223253084,2.2989484885546823,0.43068564820564686,0.5381230078970045,0.1008121137225651,1.2305273320777417,0.037111766114075295,22.2879177377892,22.2879177377892,0.5635057900245646,0.14623056449818683,0.6934227387518437,190642167720.0,10.240193664276692,884299770657.0,0.6782951337330202,28.61304766872494,47.49946466252416,389.0,1
CDC,2024,0.020137073181572703,1.0782651409376383,1.3655208027668058,0.4034246173032902,0.0918085081727948,3.394196413081845,0.7724271047550523,1.8649658878388553,0.42441568662855284,0.21930695047706947,0.049908317667407075,1.2946205458664146,-0.09273747784443914,6.7458866544789755,13.491773308957951,0.35546571320146825,0.13884305042550696,0.35546571320146825,162276724080.0,45.96758069171168,1174145620919.0,1.004592375008615,-13.880237259292405,332.59627269038504,547.0,1
CDN,2018,0.693031812990995,2.331250798902482,2.377355247153346,0.16294729407175593,0.12268378148937452,0.32818936695286477,0.24709531270062612,0.01011274690586698,0.007613934546899489,0.07836895015359883,0.05900434990937555,4.047021325781167,6.925737949923247,6.927339901477832,,0.9095350753906656,1.603114212334044,0.9911153892590875,1113750000000.0,6.114613386893576,1187631828144.0,1.7094585523842059,6.520232974249331,6.520232974249331,1624.0,0
CDN,2019,0.3032087368668513,4.764618817335139,4.855810497970026,0.1389733535922532,0.11318861689251652,0.22780326686226562,0.18553727051438157,0.009393502379829093,0.007650657587705256,0.02556016499876775,0.02081780175099915,5.389752674638419,12.91957288783354,7.758064516129032,,1.055168911046852,1.7342107123795616,1.140322235458407,1428570000000.0,6.44580849826468,1592975267210.0,1.9337902748561684,5.057391066082904,7.187616648052015,1860.0,0
CDN,2020,0.48181098557563184,4.847381947631535,4.995995002152307,0.12586572316689312,0.10285989473086614,0.2236617925404449,0.18278072740679477,0.009579878462094288,0.007828861308324006,0.02882222175217294,0.023554075094830828,5.471036329636719,14.400408748447923,9.990543735224584,,1.4881000640175883,2.3130026102660177,1.605102958017104,2091870000000.0,8.09309703618104,2216033227469.0,2.450291193798862,6.181577191970362,8.573463908038296,2115.0,0
CDN,2021,0.5110012987544312,4.595099204465892,4.719126294921325,0.09180547415533286,0.07605577569524763,0.2070808997227722,0.1715551126443406,0.01895791752803323,0.01570558985100937,0.02686286398373887,0.022254402327058945,5.829030593061656,10.873424339027821,9.865361077111382,,1.614666092644096,2.218782705198062,1.7458894124217847,2393820000000.0,7.754329221820391,2470701232614.0,2.2900423443013582,5.944033538690913,8.003371500967658,2451.0,0
CDN,2022,0.4424477527903983,3.756941969722936,3.8590581282042895,0.15243719686903356,0.1174057422722453,0.29837939711292716,0.2298090972302878,0.016765806239041794,0.012912871442909672,0.04978835349675744,0.03834653692708517,4.351437832758713,12.106866913137264,9.1183970856102,,1.5622685280892779,2.071231831240551,1.6746828150329482,2477970000000.0,7.347534563138187,2643929296583.0,2.20995028940308,6.148217372494384,7.839627553657723,2745.0,0
CDN,2023,0.5674359549485667,4.583797480261215,4.679673358414479,0.17223442917016088,0.1322160144891991,0.30267448943736636,0.23234851982715454,0.021738952358520806,0.016687938955425467,0.029426184296383398,0.022589053930957656,4.303879365118857,8.927818178437539,9.158576051779935,,1.4915151909603954,2.041196872659702,1.59468334521037,2521530000000.0,7.360532201488021,2724327249060.0,2.205362720603317,6.074695013718467,7.952512341355211,2781.0,0
CDN,2024,0.2081174929583069,3.6733786320123127,3.7449673720515064,0.20683443301329263,0.15389356344504945,0.34400964135934586,0.2559577184367597,0.030339824533077455,0.02257411226781932,0.03316212852178687,0.02467402576684371,3.9068952720293653,6.741408526821389,10.758869908015768,10.758869908015768,1.7712625245626978,2.2320027868746775,1.8803520328159258,3242250000000.0,8.738854332026733,3624133914444.0,2.4948961360308557,7.122846906230574,9.768148155781926,3044.0,0
CEO,2018,0.07226822584262965,0.6503142625720537,1.1023519180606192,0.2946793431823475,0.08646314463104307,2.408149731770779,0.7065856612231564,0.39248243211849543,0.11515997330157574,0.18913872124486777,0.05549601283116062,1.4152565709710552,0.45003030270550226,5.708169818052087,,0.4898382846373088,0.5389132022305982,0.5322259831714374,1210527289440.0,2.4727897407389148,2549884777922.0,1.1351801673341075,5.208745786993984,5.208745786993984,1373.47,0
CEO,2019,0.07571388494752933,0.9381547343142318,1.323008118088538,0.34646667581232876,0.1580197308751904,1.1925532583394949,0.5439107368560167,0.29180751554959333,0.13309027474689047,0.13943291653263748,0.06359385615938716,1.8385369735121053,0.767030370517928,3.1001960061324696,,0.44858502783222126,0.361402782208507,0.5048621806933772,1644402504150.0,1.9410433565051404,3783182864952.0,0.8314587271344149,4.053556345094728,4.465647521167552,2061.16,0
CEO,2020,0.10882422277239163,0.8754022876698413,1.1919028603129072,0.4084475672939214,0.18979357234411104,1.1520621707534595,0.5353294093497821,0.15409879054855471,0.07160517602268111,0.11693582860913607,0.054336640547979896,1.8680087111496686,0.12250337457253418,-32.52873563218391,,0.6321175261560206,1.6503694716520145,0.7064074470552079,2184816472650.0,562.6814177462174,3900492829409.0,2.9463592803501477,47.782198991608006,1004.539677650261,-261.0,0
CEO,2021,0.14549784609203217,0.8927820699546717,1.1694605612356108,0.2564235435192686,0.12855099068849976,0.9947224221758442,0.4986771147289759,0.2378789641817738,0.11925416866888944,0.07307791289708837,0.03663563014315293,2.005305578427208,0.18848365965791597,147.30886850152905,,3.5073094525569437,13.74575547104191,3.6529093009824805,12396067077450.0,120.59250511984253,13824054891706.0,15.3292231295945,74.23239421264076,134.4843812064927,327.0,1
CEO,2022,0.1681369390258124,0.9041303424337784,1.509099678759146,0.11227342314149756,0.0591407116821292,0.8984117699656242,0.4732438895392501,0.2010404186510791,0.10589926897404323,0.09179974686023099,0.04835607759737671,2.113075355233005,0.6135074821522115,12.36196319018405,,0.8365449999258872,1.2205736222966603,0.8648882626631225,3111240418650.0,6.700093696635216,3868600843072.0,1.5176943947961412,7.24839647792458,8.331078488209968,978.0,0
CEO,2023,0.4665949853415837,1.8112913427460264,2.327151871076688,0.04471738703956068,0.02963520665487454,0.5089277952514412,0.33727776561146566,0.08684928529227141,0.05755695240394139,0.033529597650969745,0.022220809873399222,2.9649152774332936,0.46041778190456517,44.69565217391304,,1.6941563261626893,7.593831134345427,1.7219438788116719,10581795305600.0,54.17336383757824,10250211244815.0,7.355875920535038,37.818318534151956,52.47582353851942,460.0,0
CEO,2024,0.49427026725133394,1.7988967360849697,2.483567708407518,0.053435909777867066,0.03739521493360189,0.4289504652599716,0.3001856787120552,0.0308444564980474,0.02158539238967658,0.035054399123540476,0.024531570530797207,3.3312715126534145,1.3619243724089738,41.009771986970684,,1.0853568459887848,5.201872161586214,1.099902814051694,6803716978880.0,28.784440215206768,6338700140030.0,4.8463373625651,20.776336997642158,26.817096564891422,307.0,0
CET,2018,0.01597017061797761,1.029730306224978,2.0859056096106467,0.0,0.0,0.49679707449709726,0.3319067647590199,0.25824695625316446,0.1725330444943125,0.06186653365905097,0.04133261262542035,3.0128943009825293,0.0497399594035756,25.3968253968254,25.3968253968254,0.2903522183991363,0.21308536697658093,0.2903522183991363,19360000000.0,21.091515976700247,36053459050.0,0.3968215161386561,39.27800142398673,39.27800142398673,126.0,0
CET,2019,0.04069641538781995,0.6015074479237983,2.504547317445472,0.0,0.0,0.32651029057637254,0.24614229749737027,0.18920869631998302,0.14263643310130017,0.07138152918991998,0.05381151559623748,4.062690606886384,0.04828119424494569,-18.18181818181818,-18.18181818181818,0.31403750132377894,0.3867618830987196,0.31403750132377894,20570000000.0,-18.282951678005837,32093123368.0,0.6034223057038017,49.21445724030749,-28.52489177119222,-187.0,1
CET,2020,0.008496833088968415,0.2905230601471812,2.239496430966845,0.0,0.0,0.28484914538993683,0.2216985133328539,0.24363577061635264,0.18962208247600304,0.0184235375456827,0.014339066661472829,4.510630156994419,0.27562563671293905,36.0,36.0,0.32946084839846895,0.7600549703022165,0.32946084839846895,21780000000.0,32.62382603094623,37726272933.0,1.3165308197293217,8.124776986273384,56.50942906162477,100.0,1
CET,2021,0.03281217424008197,6.546540830724968,6.546540830724968,0.0,0.0,0.11877589715488733,0.10616594213098567,0.0,0.0,0.11025365640586529,0.09854847310015062,9.419216557850707,-108.94336587835656,438.095238095238,438.095238095238,0.8403296495611351,1.8626857585978658,0.8403296495611351,55660000000.0,-73.5274785232226,55401859086.0,1.8540469622590365,-3.7281018666523313,-73.18647150723086,21.0,1
CET,2022,0.03942538310337824,1.3345260528550382,1.3345260528550382,0.0,0.0,0.11688342398207607,0.10465140897636944,0.0,0.0,0.0,0.0,9.555533076729073,,19.51219512195122,19.51219512195122,0.28797234276969014,0.19796887614316544,0.28797234276969014,19360000000.0,15.246494838711836,19050198568.0,0.19480095045511878,15.00251829253345,15.00251829253345,164.0,0
CET,2023,0.669076301800826,1.169744693799837,1.169744693799837,0.0,0.0,0.2335730592695813,0.18934675778983348,0.22366193334390763,0.18131227142423287,2.256690972595818e-06,1.829393853601214e-06,5.281315675391473,0.010254916957441091,338.8888888888889,338.8888888888889,0.5479156601555834,0.3937508622761122,0.5479156601555834,36905000000.0,228.6178333853549,41443648752.0,0.44217510993004533,256.73369964140113,256.73369964140113,18.0,0
CET,2024,0.013780982590166255,4.999639276584387,4.999639276584387,0.0,0.0,0.06646032002704944,0.062318605558023724,0.05191309513221744,0.04867794343337662,0.001497751812337482,0.0014044140079206072,16.04657214399507,0.04846516652410062,418.1818181818182,418.1818181818182,0.4127832678656032,0.3266073726066899,0.4127832678656032,27830000000.0,135.9879257967395,31268250459.0,0.36695799958397113,152.7885204172604,152.7885204172604,11.0,1
CHP,2018,0.004175863689490204,1.5631876896820214,1.604579088714721,0.49294858824150495,0.30468009565287585,0.6179218638657799,0.381923180387308,0.06303665039497124,0.03896149239516097,0.023206677525622433,0.01434350943881405,2.6183275887729587,0.5165867911047952,15.086705202312139,15.086705202312139,0.8217300961413065,3.0785355212157226,0.8219839761456887,1446968392200.0,14.293813237294074,2425072929496.0,5.159527461163922,23.955975630075994,23.955975630075994,692.0,0
CHP,2019,0.405824531685844,0.7788925019748626,0.7990552931739192,0.796899143784918,0.38927212404391487,1.0471518368857504,0.5115164483738247,0.11607160197808469,0.05669906837719461,0.08270476742486872,0.040399918528116675,1.9549713468239898,1.261276316578804,6.850545221295702,6.850545221295702,0.8390183166851359,2.0745029045092274,0.8391708227585483,1480232033400.0,6.582513039098844,2911759933581.0,4.080748357791471,6.927268010026382,12.948441390974235,1559.0,0
CHP,2020,0.7155520825925956,1.1858886627035952,1.2056548392690205,0.6663528563984715,0.35722169810688703,0.8653762073520151,0.46391510942473924,0.13176582824172733,0.070637669614525,0.01719981269706722,0.00922055970762226,2.1555667829832337,1.306361473489432,6.21108179419525,6.21108179419525,0.9130350014092692,2.082011256535612,0.913175346181344,1729162102360.0,5.945231941774577,2970980746221.0,3.577232781206819,5.885563374040468,10.214872050875544,1895.0,0
CHP,2021,0.27983886990776163,1.194928266135485,1.2152742330047328,0.5560063363327667,0.3218085474413484,0.7277550293598164,0.42121424449244455,0.110229602416876,0.06379932371414904,0.017119553954939432,0.00990855396976198,2.3740887519247638,1.4786856817903407,8.919902912621358,8.919902912621358,1.1401240082296042,2.7425527862865806,1.1402051575605474,2159616219600.0,8.486782220315533,3330557749688.0,4.229561879280112,6.936904060777419,13.088306170909178,1648.0,0
CHP,2022,0.548431948635656,1.3415617754856841,1.3712703978485388,0.40276226790446434,0.246767361396709,0.6321537241587403,0.3873126132678285,0.10454568162822625,0.06405382047093153,0.013486234743294263,0.008262845921725579,2.581893710000338,2.4595733960798363,4.832889677610175,4.832889677610175,1.201972872016752,2.181261905828372,1.202306697735181,2400552995120.0,4.551919098960414,3162480839821.0,2.8735874599880824,4.199612977361016,5.996683665864238,3381.0,0
CHP,2023,0.2614760602414956,1.3104515110141755,1.3219488356991673,0.3072405441002686,0.20072295972040224,0.5306696579616025,0.34669117219472223,0.10770920728628913,0.07036737595604124,0.012865386224927422,0.008405070393869502,2.8844114883846568,1.9611896282908787,8.862249346120313,8.862249346120313,1.5407306546923065,3.3887103882937026,1.541005592664459,2986734540440.0,8.41020543076207,3677871336291.0,4.172865259816794,6.368947409878535,10.356345054208242,2294.0,0
CHP,2024,0.6154432823602595,1.6210694193903779,1.634154365420864,0.1945723949375462,0.1434546719740234,0.35633362274028374,0.26271826987549063,0.10503656877153847,0.07744154315022189,0.011869690263308898,0.008751305773374428,3.806358805856659,2.1153710645673347,15.002635740643122,15.002635740643122,2.1032965888927775,5.135270126567611,2.1035659717016095,4181134531280.0,12.58998014060182,4578821249068.0,5.623709019483176,8.228637436011743,13.787470401121912,1897.0,0
CIA,2018,1.1203164726447494,3.402192643795168,3.4763321195687724,0.08956987485945386,0.06705317973505495,0.33580354001657176,0.25138692177174937,0.05971317128057202,0.044702060963119794,0.06081724710322747,0.04552858656331528,3.9779316797870874,2.0135084588221783,5.23634131368938,,0.6624406454963032,0.6422224169231365,0.6644031821020395,189365692920.0,4.0885675436548,169267308417.0,0.5740599484594314,3.6546262035326706,3.6546262035326706,3258.0,0
CIA,2019,1.234392009219943,3.7989296054467627,3.8975985085302725,0.021710301166139066,0.01818651598517772,0.1937581218872973,0.16230936429648854,0.07003391971281654,0.058666758725037974,0.03759438183836411,0.03149246162105978,6.161073973361834,1.6786822610724748,7.205578512396694,6.916212196331185,0.699404429624742,0.9397190455707786,0.700678593137187,274953160800.0,7.444782408282485,227604498952.0,0.7778935215746344,4.273361203156155,6.162744101262934,2017.0,0
CIA,2020,0.8523261839708283,2.684937944856845,2.753979136892195,0.031345687518822746,0.02437631379250791,0.2859076144834039,0.2223391566106119,0.10117957919758554,0.07868339689257775,0.05508650259686372,0.04283861606884876,4.497633323991261,-0.6768343898816231,-7.419181034482758,-7.419181034482758,0.854859305325628,2.696663374558414,0.85723526839152,271405378080.0,-6.202224780288969,247127284321.0,2.455438065365416,-10.327481025150782,-5.647415602241421,-1856.0,0
CIA,2021,0.38102471668803123,2.3939334997245054,2.5650798473941854,0.015329508156980394,0.011906247306177859,0.28751803677270243,0.22331185160978112,0.1463009435690337,0.11363020896837467,0.06588240043993855,0.05117007960919882,4.478042668991061,-0.7831683690705533,-7.1258907363420425,,1.148021824504037,7.107846560499083,1.1510203948020725,295648560000.0,-5.669176407600924,313978981854.0,7.548538123236447,-9.755727129857997,-6.02066939344895,-2105.0,1
CIA,2022,2.102249086158638,22.95725565171481,23.27799269751364,0.0,0.0,0.040981234278972,0.0393678895732999,0.0,0.0,0.01636571939825961,0.015721435564201313,25.401412441428416,-3.741123854960396,2.9842012873025157,,0.6213337466357508,1.8939773552270118,0.6221156401086103,201041020800.0,3.278013845340727,176633667849.0,1.6640393375713276,-15.62757016861498,2.880047099135786,3418.0,0
CIA,2023,0.4608652905569098,20.870653604512352,21.204094985708373,0.0,0.0,0.042733520264703735,0.04098220632041789,0.0,0.0,0.016689733912123958,0.01600575179350442,24.400833673559116,,33.22147651006712,,0.5984245216202415,2.069944423038116,0.5991533589721035,195128049600.0,32.79135295643681,189232993188.0,2.0074088769260694,23.61394921424318,31.800686181976328,298.0,0
CIA,2024,2.1282355074648223,15.5877367330485,15.879191156067089,0.0,0.0,0.05763049062812265,0.05449019401274648,0.0,0.0,0.02658264488359297,0.025134151406514045,18.351925848641272,,42.561983471074385,,0.6160569197078103,1.6490699681513883,0.6170306361108583,203012011200.0,25.732097096728204,164746781328.0,1.3382408648223307,16.649481170469556,20.881918012866546,242.0,0
CIG,2018,0.006853241841423927,0.973174423086879,1.7583330955312484,0.28724631550548185,0.11330200960198764,1.535227014194484,0.6055580054957211,0.24921355503291615,0.09830029170468531,0.3556219220597771,0.14027222022670371,1.6513694657234055,-0.01712157251723396,48.25336414299307,,0.333258083260632,4.590502052185204,0.3332994587244157,111966811850.0,-74.13447494211769,289331095841.0,11.862220306839115,-191.56934559622425,-191.56934559622425,73.57,0
CIG,2019,0.005287487696973544,0.8461518935248087,1.651124904157002,0.28460002370723053,0.10510457413549625,1.7077796189948555,0.630693726703207,0.2599943631116627,0.09601754931894133,0.363574057444188,0.13427018022210718,1.5855556471557894,-0.047325848385256844,589.4206549118387,,0.22275330477171817,28.504208190900496,0.22277907485420148,73803475980.0,-12.512511948915789,251747342351.0,97.22927765385185,-61.171571934578985,-42.68080313897813,3.97,1
CIG,2020,0.005428298012018321,0.8809440922139163,1.1357508210996765,0.6001313479034773,0.13586796837462256,3.4170186327417698,0.7736029473393298,0.5364773030569728,0.1214568802314438,0.7735253823346796,0.17512386671878952,1.2926527793609406,-2.13260709326848,-0.35166816952209196,-0.35166816952209196,0.39542172205578985,2.4014826417719894,0.3955085738193711,61502896650.0,-0.33579789648444636,235909828991.0,9.21149068098868,-1.3132776007246991,-1.2880372901132822,-5545.0,1
CIG,2021,0.0020645906600192643,0.4046433667238289,0.6561989349321163,0.5392973567688412,0.1305875970094609,3.129774719185389,0.757856041068203,0.5260728740775001,0.1273853684157546,0.7024007595242033,0.17008210066789167,1.319511814658749,0.14025618553438937,26.245210727969347,26.245210727969347,2.5222019275767247,14.605857427832252,2.5226434482009905,432097273900.0,47.10895013569005,613697562215.0,20.744354660277118,48.16501304830626,66.90773027989931,522.0,0
CIG,2022,0.00172689494393286,1.0007410066072444,1.0824367050909949,0.0012207001204972419,0.000270851266696118,3.5069020181722395,0.7781180962071266,1.102408897554522,0.24460458494760015,0.8007010707492079,0.1776610779468265,1.2851519645596456,-0.011907012090812281,-18.028846153846153,-18.028846153846153,0.7306582636921128,1.421149556797683,0.7306582636921128,118274801250.0,-17.316021621179768,295944145762.0,3.5559636299666595,-138.40756320747022,-43.32770101929356,-208.0,0
CIG,2023,0.000986646266453905,0.8475634024289057,0.8756041544185129,3.243818382461358e-05,7.1522680744759784e-06,3.5353702471492183,0.7795108347265438,1.1978368060576021,0.26411003750146356,1.0791317032883874,0.23793684847817956,1.2828558057833859,0.005931910091477456,-28.42105263157895,-28.42105263157895,1.3259357837915222,3.090171300027793,1.3259357837915222,204378856560.0,-197.76765014062502,388479993849.0,5.873747156789325,348.431363643395,-375.913520621965,-228.0,1
CIG,2024,0.004490593817541823,0.6653041856191235,0.6966780414507507,0.0028428549302535124,0.0006043534149117656,3.7039610600505397,0.7874132061821838,0.809660625221382,0.17212315639634204,0.43505904246831384,0.09248780695978795,1.2699812400258752,0.04853534341620107,4.719166184134337,4.719166184134337,1.230719323801651,2.721721377632913,1.230719323801651,257050568050.0,41.09828198186802,424538851896.0,4.495132913366368,47.97183934180551,67.87698459427821,1727.0,1
CII,2018,0.07428856517375697,0.7565558228759058,0.9075651787067613,0.8157959295039275,0.2825385194299935,1.8873795019162436,0.6536652008035874,0.5901084204137715,0.2043750812881158,0.04688281405477091,0.016237149991421833,1.5298351492027473,0.032357015938298025,52.53405994550409,53.112947658402206,0.7074721006773667,2.0316712073542953,1.8759883555597547,5457074303440.0,32.533084565625344,15818449160771.0,5.8892157075224825,94.30381842519591,94.30381842519591,363.0,0
CII,2019,0.05548434070594671,0.45733092029809613,0.9752005397498712,1.0101203442168234,0.3006658683651277,2.35961095188276,0.702346487637329,0.5808813232944625,0.172901366144473,0.07476613209560358,0.022254401824027832,1.4237986771514552,0.08663766481988125,21.95739014647137,22.43537414965986,0.5363411617864074,2.5753049580751872,1.2751763606211322,4669442826480.0,151.5410233201314,17884345396957.0,9.86362722154422,35.67398382030787,580.4144313527454,735.0,1
CII,2020,0.05290509061358908,0.7562446112707053,1.3212377292019502,1.7051098040248867,0.4492946047034872,2.795081859819298,0.7365010724570735,0.42523812063150185,0.11204978873677035,0.049925823336181265,0.013155400905781376,1.357771274743506,0.16559119998099062,16.58,,0.6030262080977631,0.8736226051289988,1.4632432086788845,4694927960160.0,7.751439898978838,20842242388080.0,3.8782818919300244,29.883680203592657,34.4110475394058,1000.0,1
CII,2021,0.07525395414119479,0.6494479800222335,1.1461711281711076,1.5728051020071734,0.4268905613337906,2.684328594881673,0.7285801268135487,0.4608521609329667,0.1250844350781279,0.0809477412524601,0.021970825665472392,1.3725326332650718,0.017558562850858477,-25.833333333333336,,1.215886011936467,3.5620693294988053,-300.3449545151992,10187639565160.0,-136.76277590611872,26537971532472.0,9.27890055967506,302.57099249604187,-356.25589524293554,-1392.0,1
CII,2022,0.028811855277982152,0.5861641288960379,0.7551084607041991,1.1343050487887556,0.32969324730399135,2.4404861429960607,0.7093434013574678,0.622383822799955,0.18089996498517144,0.05705578989255972,0.01658364182303438,1.409754426539112,0.23305421716824298,3.7764350453172204,,0.34215070960278743,0.4941196487441314,4.562615546380892,2840195130000.0,2.7206027942848077,17146737214632.0,2.983083690310352,11.705232344718823,16.424738105580484,2648.0,1
CII,2023,0.14743198826251344,0.7771183353491069,0.8485524555503137,1.6504517607325648,0.4230229615255968,2.9015654251493794,0.7436926230804619,0.570024637372503,0.14610151958445716,0.06902329797339272,0.017691180449895958,1.3446415480872769,0.05697217998727039,23.430531732418526,,0.5113104671103778,1.4075312666782762,-0.5014474472791333,4348863345580.0,9.645186991472467,22034032102644.0,7.131424156379898,62.75650220823187,48.868484226368565,583.0,1
CII,2024,0.15084910633537846,0.6979636585843995,0.963079218526543,1.685113420542216,0.420293244942727,3.0093754558721133,0.7505845957790248,0.5363204400491516,0.13376657934683045,0.07451415158447611,0.01858497723762513,1.3322948613968146,0.22722789557911846,16.361149110807116,16.361149110807116,0.41753252681988046,1.2630658926148393,-0.5055318706391182,3824238859480.0,5.951282735106366,22818852083759.0,7.536588281919731,16.16647207048153,35.51071087110036,731.0,1
CJC,2018,0.2741286224573027,1.0339507524568945,1.390494523847637,0.6840110730187224,0.19099492748278918,2.581304917536931,0.7207721701932721,1.146914908511937,0.3202505608767701,0.21222185755237433,0.05925824872190204,1.3874009587965281,0.0016360809895960683,851.8518518518518,,1.284265688116785,0.6439931207624451,1.284265688116785,92000000000.0,637.7574186507832,185908632219.0,1.3013465243412115,1288.7457542270354,1288.7457542270354,27.0,0
CJC,2019,0.032197734130816946,0.6945407075801108,1.0919254174392212,0.0,0.0,5.135973460920073,0.837026674517257,3.9599414232120806,0.645364822457739,0.8837662064630791,0.14403031761655644,1.1947050559371186,-0.15436937927042982,-2.686108979278588,-2.686108979278588,2.086781481575237,0.28475776980122885,2.086781481575237,84000000000.0,-2.694145482751854,236744443485.0,0.8025573778526389,-8.931357916069878,-7.5931425354965985,-7818.0,1
CJC,2020,0.046606201160228115,1.0001837677077943,1.2659413308309095,0.0,0.0,2.3239589455371927,0.6991539256696844,1.70258281957841,0.5122153574924048,0.3968237421960746,0.11938286504075428,1.4303002004060128,0.060442467704699854,27.61760242792109,27.61760242792109,1.6973411522074102,0.29646987690063037,1.6992543340837518,72800000000.0,32.979033685338585,141224008367.0,0.5751190161535451,28.735357694344508,63.97570507024493,659.0,1
CJC,2021,0.10196741234175426,0.7758005137543071,1.2714980469527,0.0,0.0,2.1524581713809288,0.6827872264639909,1.3722021086676934,0.43528003674243915,0.4670635387358333,0.1481585205399369,1.464585102417317,0.014328414172238015,-23.500810372771475,-23.500810372771475,1.4347955766598706,0.6046634851628859,1.4360848142479554,58000000000.0,-22.661012840337424,104597472961.0,1.0904529748246377,122.68024016238837,-40.86697720407013,-617.0,1
CJC,2022,0.11224304259272971,0.6514174764086593,1.1548061979066733,0.0,0.0,4.114408740956414,0.8044739772181376,2.1505319359846804,0.4204849563084634,1.1586896804202924,0.22655398485096698,1.2430482878488989,0.054748873600655806,65.64551422319475,65.64551422319475,2.840069152156489,0.4995170724701951,2.841702804403298,120000000000.0,72.9945273691338,191366776756.0,0.7965914341101209,36.78731422351965,116.40606186215633,457.0,1
CJC,2023,0.14058762631871607,1.1886693597950782,1.5799698730349765,0.0,0.0,1.5606870414871878,0.6094798060839082,0.7416525544632788,0.2896302993873645,0.2980551284231203,0.1163965465494826,1.640743450427508,0.07858884235724299,35.390946502057616,35.390946502057616,2.3963985385445223,0.8177899040752323,2.3967405445029946,206400000000.0,111.90036669798961,251952727746.0,0.9982771175140236,46.18482055986417,136.59691194445804,729.0,1
CJC,2024,0.20965332191849337,1.0081543462878673,1.5827365350591664,0.0,0.0,1.6328489451866846,0.6201832992249032,0.5029700007821359,0.1910364062859187,0.34334640452452786,0.1304086985894979,1.6124265217231526,0.13428040057529064,26.40736949846469,26.40736949846469,2.196937753723928,0.5328119060605728,2.1969445427675054,206400000000.0,55.81967453708086,223486603441.0,0.5769201703410978,32.06150208309825,60.4406466447397,977.0,1
CKG,2018,0.0256677380472514,0.6365557825929902,1.838665560625443,0.8239137097871628,0.1513580818318757,4.443473515357726,0.8162937695611653,1.1790534476257066,0.21659946434923058,0.3430342588541535,0.063017530605476,1.2250491640253411,0.14330689924772852,,,,,,,,,,,,1904.0,0
CKG,2019,0.03149093465723099,0.6655800064877507,1.982458702680711,0.8467959807612375,0.11870574675084025,6.1335719115489535,0.859817772583039,1.4285113569168932,0.20025190390303538,0.30212073018245605,0.04235195690581534,1.1630371363409129,0.13350974862381684,,,,,,,,,,,,1446.0,0
CKG,2020,0.025671533911409323,0.6508149151198085,2.053279913005563,0.9740345670979356,0.13298688423322327,6.324290457017855,0.8634680033692768,1.4734776408373307,0.2011768442942484,0.18882182193054747,0.025780220355628523,1.1581205048687055,0.1502749142632715,4.284243048403708,,0.6826100678146954,0.39183746928279156,0.6927923442991476,436798177920.0,3.184136470476393,1951764104902.0,1.750864234698941,13.21530243736962,14.227814085166345,1942.0,0
CKG,2021,0.03531443847312408,0.544652153974018,1.9409051479333708,0.4429264639153129,0.09141179249699127,3.8453974242972135,0.7936185801838449,1.006701145489082,0.2077644117365865,0.17511499587424964,0.03614048147962779,1.2600511441760172,0.20641130415073353,16.52173913043478,,2.236595595911592,1.9607453775578751,2.2579630777495607,2163144257820.0,11.16231937717873,3494669770058.0,3.1676840658967502,16.897918406355235,18.033295722251893,1587.0,0
CKG,2022,0.0366003197989702,0.5517838079611241,2.0797958821608087,0.7615142401843413,0.18266975250540649,3.168803152901862,0.7601229985388228,0.6235179638525197,0.14956761952612108,0.22157969721097376,0.05315187335164395,1.3155765605333485,0.3090963767915339,10.859760394644116,,1.2888262849960619,1.0153091916111212,1.2992488399279338,1467946753010.0,6.860377215491783,2978012176506.0,2.059749871265109,13.169380327474574,13.917593973532691,1419.0,0
CKG,2023,0.018596494547023903,0.4060523434876685,1.7281480326816163,0.2906002573243914,0.0847037569435152,2.430783566284769,0.708521397319473,0.9585719073879923,0.27940320013425957,0.1421851845520618,0.041443938915107836,1.4113899788817517,0.15421875727175016,11.16710875331565,,1.1613441380163427,1.233257784378512,1.1733232652504553,1604167639240.0,8.150072585184587,3288773919668.0,2.5283554774943235,15.754314156161497,16.70881864582116,1508.0,0
CKG,2024,0.020702255867427143,0.47262639135149404,1.8767214848375673,0.621347182748889,0.18287532435102605,2.397654576711638,0.7056793215960662,0.7294053086265161,0.21467906526638694,0.08834470332138773,0.026001673014945104,1.4170742565309349,0.15932425431387118,13.514352211016293,,1.1266015492001635,1.2819073130894354,1.1355046823520247,1659418068620.0,10.596489881506146,3604082731903.0,2.7841687989139228,20.625292426715276,23.01446930277259,1289.0,0
CKV,2018,0.24568910475623387,0.7949948591128904,1.145143462375699,0.0,0.0,1.3819753071962944,0.5801803666986579,0.09500311831989033,0.03988417429554038,0.5625931115451661,0.23618763378675273,1.723601930362104,0.6478330640726934,11.770064680695999,,0.6002883420796029,0.19518179811838055,0.6626508755530314,52326000000.0,8.46512634440822,31171048009.0,0.11627147497670347,5.0427485319687975,5.0427485319687975,1097.7,0
CKV,2019,0.3068621149484632,1.1247374967976405,1.186770369951888,0.0,0.0,1.1415838354178296,0.5330558703974823,0.11699683306833687,0.05463098438334563,0.5457664244651103,0.2548424280381391,1.8759759633719684,1.444425545415407,8.111361926260345,,0.4960272617737389,0.11131739130024394,0.5470100611292795,43659000000.0,6.8204733368971775,23329895857.0,0.05948425630700678,1.4790289134691492,3.644630720933975,1329.0,0
CKV,2020,0.5390218564755085,1.2713446117827791,1.3235427915513873,0.0,0.0,0.8880698798807787,0.47035858648243223,0.0,0.0,0.36747740040374627,0.1946312497856014,2.126037514226074,73.69402725613351,68.9833132633752,,0.38702238823154445,0.0748947100210715,0.4289510534855126,32481000000.0,61.53092254215212,-7330612225.0,-0.016902930232083273,-0.65583499729081,-13.886867183985357,116.26,0
CKV,2021,0.687447372187558,1.2451901080924814,1.2875712226973532,0.0,0.0,1.0889799814248604,0.5212974710662781,0.05512617317757874,0.02638903851054525,0.3803376689402875,0.1820686039704723,1.9182905260494911,2.634301374379538,10.85824493731919,,0.5590461829338914,0.09459414951027056,0.6215532651178032,45603000000.0,88.5656004837632,-10966988298.0,-0.02274878693810494,-0.918422971089863,-21.29899138457501,1037.0,0
CKV,2022,0.31071015536075497,1.353026463465928,1.4027761139620212,0.0,0.0,0.8956818928520315,0.472485334290179,0.009202039396559633,0.004854210736124757,0.2605446315759224,0.13744111422826116,2.1164678084713744,7.494033956667893,29.40409683426443,,0.7851235702720276,0.11516638679487326,0.8730538592300099,63949500000.0,25.701138663509386,42031271766.0,0.07569394133939424,7.107890443597284,16.892259421287314,537.0,0
CKV,2023,0.5081311192487594,1.3089897670304818,1.4100902378979863,0.0,0.0,0.9200289593488061,0.47917452227431073,0.017684775128808384,0.009210681454933015,0.18488972116790087,0.09629527735384145,2.0869223080845165,-8.99523988355008,18.766233766233768,,0.5914041442718221,0.057775469457294164,0.6597737614050255,46818000000.0,-637.3549288536123,11209133445.0,0.013832563266144047,-0.8769045780824721,-152.59507986989237,616.0,0
CKV,2024,0.2689424264813305,0.9902431920722197,1.32731318628857,0.11409698395442162,0.044229651224343434,1.5796491899900877,0.612350390944498,0.04493396722976446,0.017418634829930932,0.5690902484818189,0.22060761234127563,1.633051949975219,3.127710381498127,17.930535455861072,,0.6506056370841932,0.05524882067213615,0.7280419164686168,50179500000.0,13.615708555091288,32045451032.0,0.03528280228827885,2.7847425778537094,8.695214614895752,691.0,0
CLC,2018,0.29409284340196096,1.3177969348814906,2.507098678884597,0.0,0.0,0.5918461381695084,0.3717985827763999,0.32057282083233096,0.20138430037023755,0.19129778577374915,0.12017354013480587,2.689628326532383,0.8815971516718053,3.3022660818713447,3.3022660818713447,0.7437476716854176,0.2287554561769639,0.750178815155381,473571024810.0,2.535992307587244,566862489253.0,0.27381930169968693,3.035571935132905,3.035571935132905,5472.0,0
CLC,2019,0.12254960423060031,0.951005350786025,2.7520350099256206,0.0,0.0,0.47824879447918384,0.3235238860097838,0.2258762560212935,0.1527998919159438,0.18613509841399337,0.12591594805228468,3.0909618833205985,1.2775105523016625,4.043951530088314,4.043951530088314,0.7446681209646674,0.2675501483230214,0.7505569235296303,516027309270.0,2.9518434452402516,631937157116.0,0.32764715564452723,2.83873961893215,3.614885339451298,4869.0,0
CLC,2020,0.3092947211363554,1.326767100805119,4.64891837035662,0.0,0.0,0.24770327191570973,0.19852738827508956,0.03118475513303152,0.024993727142472583,0.1604192712904955,0.12857165233220036,5.037088377017027,7.148135900757728,4.824143408214205,4.824143408214205,0.7625840522930089,0.2932877418061816,0.7676734631424823,557173214580.0,3.4596414874448813,524137864967.0,0.2758984222297228,2.650324846012202,3.2545159302884166,4407.0,0
CLC,2021,0.22342804954764398,0.9817325311786387,3.6580345683781825,0.0,0.0,0.3558959563683659,0.26248028449144306,0.14313343849481183,0.10556373283845516,0.14254397329496063,0.1051289906319587,3.809809951774113,1.8359500658644192,5.289425240335446,5.289425240335446,0.8680256196364442,0.31638542858164936,0.8730097700554244,677728096380.0,3.8202431580959932,727510828196.0,0.3396256203719853,3.4866819249809073,4.100860328355329,4889.0,0
CLC,2022,0.04423607849511232,0.5790731839728981,2.469745332402806,0.0,0.0,0.6457297781599253,0.39236683125580285,0.3255309443516962,0.1978033992407121,0.24606487060492158,0.14951717704229936,2.5486354103873063,0.742362406828885,4.957495334853825,4.957495334853825,0.7445259919237007,0.2718693594781707,0.748226744611113,626623309530.0,3.5868699494777214,876584667217.0,0.3803186194644131,4.189744645000231,5.017679925395523,4823.0,0
CLC,2023,0.039984366023133024,0.5246503174869775,2.1058940673595514,0.0,0.0,0.7880908843108617,0.4407443107203108,0.35301856702968093,0.19742764203271237,0.36961642468752276,0.20671008835771487,2.268889185127982,0.598940880565425,6.289308176100628,6.289308176100628,0.9240530107302612,0.2734707355028228,0.9288263334554685,812435073000.0,4.512159829252972,1095127148656.0,0.3686266592432864,5.525845286872483,6.082195232959805,4929.0,0
CLC,2024,0.031267268574748465,0.43872593592375886,1.7969078766405482,0.0,0.0,1.1491183369712021,0.5346929097402234,0.7089948374991192,0.32990032484591825,0.35552392606180105,0.16542780355354858,1.8702323928062605,0.32821877151255247,9.102539251792983,9.102539251792983,1.352718275475421,0.3333694931996474,1.3581264947547032,1230708097680.0,6.494909908130238,1843714820603.0,0.49941840515045904,8.457707589310571,9.72997713972512,5159.0,0
CLH,2018,0.010662568101468116,0.2072524450404813,0.30209499099136367,0.18195152251462396,0.08573168722442435,1.1223368908898277,0.5288212704153994,0.3922409530250505,0.1848155939373963,0.2177399985719474,0.10259445590688292,1.8909980667276876,0.5133177176744659,1.872394998396922,,0.3565941512683742,0.08103944621405186,0.39174727759771755,58400000000.0,1.5107167873264924,150798830983.0,0.2092577697361083,3.900930230740214,3.900930230740214,3119.0,0
CLH,2019,0.13741100143291043,0.2698902997934909,0.3673342952843994,0.03136051364857409,0.017720267932940566,0.769753920609597,0.43494969082732865,0.21995124160738908,0.12428351707316812,0.17399982824236987,0.0983186567443428,2.2991164750522644,1.9053277546043432,1.6479498563593626,,0.36108654407290575,0.09149110568774696,0.36108654407290575,63100000000.0,1.3178499226950091,89342996806.0,0.12954183143007583,1.0215396447933982,1.8659375821573305,3829.0,0
CLH,2020,0.38136915705405505,0.5769854283050652,0.828961595246804,0.14862795002296142,0.09168415382525139,0.6210865653648725,0.38312979617166776,0.01748476092233432,0.010785828034050031,0.12568958382648945,0.07753415919414482,2.6100815180449533,15.21533925205066,2.6783183750590456,,0.7204063289521155,0.1908786652400175,0.7204063289521155,136080000000.0,2.372399477656694,133593709486.0,0.18739115925301547,1.2686329665402678,2.329053840408631,4234.0,0
CLH,2021,0.9088565553736271,1.1057640580324557,1.2474494774710092,0.036782140197417997,0.02438834312755931,0.5081852836428832,0.3369514933970236,0.0,0.0,0.18364243292912852,0.12176384090259591,2.967786223228632,101.24869114238665,3.5939220436027304,,0.9604552448349788,0.26688998162820105,0.9604552448349788,195840000000.0,2.8636162192340033,116420481005.0,0.1586573735527511,0.9662142521387809,1.7023262748005628,4541.0,0
CLH,2022,0.9266264149873039,1.3846182906231999,1.6271136914374806,0.024599464185980698,0.015662288214140358,0.57061751448116,0.36330774948072486,0.012299732092990349,0.007831144107070179,0.24800400917674822,0.1579022307405468,2.7524873923809725,44.78753667811234,4.17558886509636,,1.1512549239038967,0.2882452659715142,1.1512549239038967,234000000000.0,3.282329302694832,139143892120.0,0.171399864070261,1.152784695251906,1.9517780957114725,4670.0,0
CLH,2023,0.9428091410759808,1.4603675581353337,1.8869384734201717,0.012707140075362446,0.008241627839661387,0.5418240574042383,0.35141756596821727,0.012707140075362446,0.008241627839661387,0.1668506434370957,0.10821639644020065,2.845617569642041,35.15754556495784,4.848484848484849,4.848484848484849,1.1613309457675247,0.34660795245421766,1.1613309457675247,228480000000.0,3.77669733298607,135858447075.0,0.20609951927641565,1.468411474032077,2.245694304673414,3927.0,0
CLH,2024,1.0401584570287,1.7520373421024455,1.8880972167342576,0.0,0.0,0.5583004788772872,0.35827524052327014,0.0,0.0,0.21248912635318074,0.13635953350041538,2.7911501742053804,1001.46044384856,7.613043478260871,,1.0490218222452092,0.317792559438302,1.0490218222452092,210120000000.0,4.328444346373296,94417738423.0,0.14280056515239517,1.4829658494637215,1.9449929853149965,2300.0,0
CLL,2018,3.520588392017244,4.545660027174892,4.545660027174892,0.016026475327878827,0.014210439566888373,0.1277958892434251,0.11331473226875848,0.02475527550642329,0.021950138090173578,0.04523750853615063,0.04011143236787104,8.82497782925712,6.343463275569346,5.855670103092784,,0.7737737043040758,1.275778176337145,0.8600283784236304,482800000000.0,4.188289016677693,273102430290.0,0.7216613928513225,2.369163026536024,2.369163026536024,2425.0,0
CLL,2019,0.8481977047528907,4.185328476843525,4.190023541826122,0.0021956669010823856,0.0019858149998839545,0.10567545376114812,0.09557547235192262,0.026582895968848278,0.024042223130143585,0.040072900551382816,0.03624291415267278,10.462935472794278,8.562501279098198,6.724351050679852,6.724351050679852,0.8783934030804572,1.5844927491224239,0.9722871769351015,554880000000.0,4.922595277417554,519649279132.0,1.483889336201248,3.229653189026807,4.610047374871359,2427.0,0
CLL,2020,3.050932219752979,5.172841940075757,5.1915610659283296,0.0,0.0,0.09049094303673347,0.08298183823951782,0.0032545248743919173,0.0029844584177186402,0.04604369958224786,0.042222908751564814,12.050829690149927,52.28559296575951,7.976813762154076,7.976813762154076,1.1207248477713705,1.877644342989994,1.2819804270232948,725220000000.0,6.332910088715082,552746921606.0,1.431099708307327,3.3759840182629093,4.826806426111859,2674.0,0
CLL,2021,7.4792048297822245,11.104732800412334,11.203301910083551,0.0,0.0,0.04673620521072551,0.04464945893537401,0.0,0.0,0.02139750305210286,0.02044211611825845,22.39668797436959,2513.846480239276,10.360474978795589,10.360474978795589,1.2813187476598156,3.142943908722373,1.4610960972147453,830620000000.0,8.417446391619018,609085888329.0,2.304691414380085,4.101580401879069,6.1724348232657595,2358.0,0
CLL,2022,4.304085343342915,7.131640333735592,7.151832977315862,0.0,0.0,0.08245044576921913,0.0761701804378006,0.0,0.0,0.0506291482252166,0.0467727168694897,13.128497192107671,,7.863349131121643,7.863349131121643,1.0408460856131625,2.5668180274349948,1.1830307223411867,676940000000.0,6.15787269375047,446139074525.0,1.6916681230743265,3.3087363426488317,4.058362077337139,2532.0,0
CLL,2023,4.166686084595392,6.754870836953818,6.846867006471053,0.0,0.0,0.0911069553897375,0.0834995643091603,0.0,0.0,0.051873382583795966,0.04754197773880662,11.976110393791542,,11.851715234230912,11.851715234230912,1.765580717293592,3.566607421108552,2.0149351033007035,1092420000000.0001,9.247263907302962,857540896064.0001,2.7997580818787093,6.133533005046285,7.259027642489947,2711.0,0
CLL,2024,1.7788129509042732,7.106761668137326,7.2056739520120665,0.003488016989483183,0.0031907950963361233,0.09314978999696616,0.08521228366811898,0.0008720042473707957,0.0007976987740840308,0.04938874796321603,0.045180219961761234,11.73539725674711,215.53909646329933,12.181417554168197,12.181417554168197,1.8084386724895845,3.496030712013801,2.0556011564013743,1127780000000.0,9.269508683446414,1031036766320.0,3.1961341753445853,8.250796602846192,8.474351609671878,2723.0,0
CLM,2018,0.06426419783918817,0.9084533761412484,1.058808982815468,0.04900032158186082,0.0077916635998365544,5.28881380131564,0.8409875007285481,3.2256324179692895,0.5129158725123134,1.4977676841728336,0.23816378278833694,1.1890783146404664,0.042055108890319215,7.216828478964401,,0.6741316764550602,0.04962779640745749,0.6741316764550602,98120000000.0,4.818445813109976,526085210733.0,0.2660869316269027,25.834825529917484,25.834825529917484,1236.0,0
CLM,2019,0.021132924411231897,0.44209264672456094,1.0806749442446015,0.0,0.0,5.059604583985687,0.8349727302928646,1.9829633330621506,0.3272430247846077,1.9699191648117746,0.32509038131264767,1.1976439034712576,0.11946480370935184,4.128332845004395,,0.9045823331152432,0.028622497940435507,0.9045823331152432,154990000000.0,4.131120945605967,476524173313.0,0.08800123988140574,11.164304935428948,12.701329075817164,3413.0,0
CLM,2020,0.024759440243973575,0.7652470494311099,1.104329676159737,0.0,0.0,5.229042541110133,0.8394616839746641,1.9459312144315826,0.3123965202659831,1.3927965878106574,0.22359721877295682,1.1912395992455818,0.15852141296306674,4.189638783269961,,1.0023182446156729,0.02589531187866231,1.0023182446156729,193930000000.0,3.28764787322439,545471521937.0,0.0728363594157026,8.461994638306951,9.247245341105808,4208.0,0
CLM,2021,0.04295163239482611,0.8567599707696747,1.190038780133093,0.0,0.0,3.0397503626017435,0.7524599516698937,1.1404898159174222,0.28231690415219274,1.246826996016881,0.3086396148533,1.3289743829964027,0.1945550598962359,8.783735156531126,,1.3776792887683025,0.10024066470465653,1.3776792887683025,268510000000.0,6.61113562307437,465502861390.0,0.17378241498511487,9.996966658273386,11.46140758101553,2779.0,0
CLM,2022,0.147558133457068,0.4699247283740109,1.9881908240952424,0.0,0.0,0.8768197631005411,0.4671837862853802,0.3498986232968608,0.18643165964899142,0.23081415133718616,0.12298152218723278,2.140485242330623,2.223443265406484,1.3683732104015842,,0.9104515298205134,0.035052601376035455,0.9104515298205134,463650000000.0,1.0878762578279524,576694719165.0,0.04359894339815693,1.3339733284730695,1.353116559892941,30803.0,0
CLM,2023,0.09685251231058113,0.8137967816203027,1.323077152086255,0.0,0.0,2.7312684317151406,0.7319946237316587,1.4374230628914837,0.3852371088270237,1.1014768432286057,0.2952017158203473,1.366130252298942,0.20559170308442423,3.2611496227225323,,0.9071934765770674,0.0326234102956792,0.9071934765770674,584760000000.0,3.0024197672636737,1341287761920.0,0.07482964118901676,6.74402921582722,6.886772162900097,16301.0,0
CLM,2024,0.30577993960453964,1.0105656752235743,2.1568306562801505,0.0,0.0,0.7881295224553387,0.4407563951928563,0.0014734369366772478,0.0008240101839233792,0.6123670548174537,0.3424623592012465,2.2688269776833128,4.314110771257556,5.322985957132299,,1.050617962843301,0.04518384567302724,1.050617962843301,792220000000.0,4.899205219376556,613605424075.0,0.03499665848569492,3.688246146470035,3.7946263617000393,13530.0,0
CLW,2018,0.19110979482316787,0.6718426567270587,0.7677753549484279,0.11130266366807526,0.05541823282689529,1.0084123580003155,0.5020942805810783,0.01773598346420192,0.008830847606345556,0.5056098097156493,0.25174601605173447,1.9916578194093166,2.9782447308898696,18.851251840942563,,0.7896410545188736,0.1645795356253568,0.7914091603568733,166400000000.0,10.995342173896717,161129837460.0,0.15936703019564916,10.647101546256376,10.647101546256376,679.0,0
CLW,2019,0.4252231893448709,0.8261949545008668,0.9429135920231958,0.14492645981499758,0.07623856768661919,0.9009598974986246,0.47394997584333654,0.02548550752594618,0.013406651849668817,0.41437235288030305,0.2179805862425369,2.109927315051807,8.958306298370568,12.999198075380914,12.999198075380914,0.9563715650211446,0.19748099991977514,0.9607714631440079,210730000000.0,6.6932707424060895,184083957359.0,0.1725102451878924,2.433891526054062,5.846930982476747,1247.0,0
CLW,2020,0.12528381881154485,0.939620219801419,1.0146627729905537,0.1966208406869764,0.09009395357282413,1.1823977402439687,0.5417883818518752,0.035479938897271246,0.016257320213915256,0.5802064087002797,0.2658573173904675,1.8457390994283074,6.668358338312705,14.74175035868006,14.74175035868006,1.1857203366286917,0.2270590799449992,1.1902921714793964,267150000000.0,7.838490366144332,292958117539.0,0.24899420037740694,3.922237882750896,8.595730421161258,1394.0,0
CLW,2021,0.45299225309550356,1.140760894670938,1.2107109509207024,0.21567491377377399,0.10623512705870496,1.0301657252651772,0.5074293750726279,0.03842644545715543,0.01892773825256863,0.41353234858699717,0.20369388737118108,1.9707175995809683,6.0886983907110945,18.570364854802683,18.570364854802683,1.4360123796070043,0.28084450035539266,1.4384499233733372,324220000000.0,10.63851999239302,302350693306.0,0.2619009604393009,4.010661879961741,9.920929910091209,1343.0,0
CLW,2022,0.13262592025008543,1.0934809612392549,1.2801691646183706,0.3715256491497017,0.15703447823864566,1.3658858444136919,0.5773253378385982,0.06217593065855359,0.026280190485674884,0.5691729323488479,0.2405749768919637,1.7321256048518836,4.359805652739188,15.950920245398773,15.950920245398773,1.261361852774483,0.2157838864793998,1.2688197797116767,270400000000.0,7.640970880628544,335464580898.0,0.2677065497128457,4.290046160065688,9.479567655783566,1304.0,0
CLW,2023,0.29300154040757365,1.0629741257193164,1.2267279611020314,0.3563762222718203,0.1414028828566019,1.5202896509063752,0.6032202093753912,0.07256162562898721,0.028790986624450794,0.6185178493444301,0.24541538276046632,1.657769392433747,4.1006842884702195,15.04293893129771,15.04293893129771,1.7926504399398215,0.3142333112180296,1.8022535312993013,409890000000.0,6.531862335495864,430982431346.0,0.3304033679246888,4.349258378525745,6.867983875111297,2096.0,0
CLW,2024,0.0249400814800524,0.9079043086283239,1.119933394904345,0.2994087699193195,0.13423772719589927,1.230436824085814,0.5516573304380102,0.07170714024452805,0.03214937068388771,0.435603053812794,0.19529943601578317,1.8127194996321545,4.3672113722981445,9.734875873704507,9.734875873704507,2.0537768959547567,0.4028311737075095,2.0666909893575753,525070000000.0,7.799661972266938,614107156925.0,0.4711400514336745,5.7430507553685,9.122266057411178,4149.0,0
CMC,2018,0.01315156946433141,0.6137121230840885,1.1882210430114388,0.0,0.0,1.0913929636482511,0.5218497827134371,0.8916579696117808,0.4263464519151685,0.0,0.0,1.9162602594186173,-0.02546256250502732,-17.200000000000003,-17.200000000000003,0.40620480754265287,1.1744638986891167,0.40620480754265287,23535018000.0,-16.95457672315283,74486538730.0,3.7170887516080797,-53.659943482511025,-53.659943482511025,-300.0,0
CMC,2019,0.012059329759024505,0.6469296577842073,1.2331823207188248,0.0,0.0,0.956725433885671,0.48894209546088585,0.7553328391734884,0.38601881801758264,0.0,0.0,2.0452319595378294,0.009959809540923856,1205.7142857142856,1205.7142857142856,0.6640291963680095,0.7525879986181507,0.6640291963680095,38495262000.0,1142.2262765860667,81728380156.0,1.5978017775773918,174.8131400348082,2425.0335887309575,7.0,1
CMC,2020,0.010733267168183474,0.7137374493129464,1.1819710662269234,0.0,0.0,1.3968623596570842,0.5827878910230504,1.1173484151603854,0.46617128875111663,0.07639077237017343,0.03187115524693815,1.7158901470045267,0.014416548476096004,56.70329670329671,56.70329670329671,0.4030849657228643,0.3243729146960419,0.4030849657228643,23535018000.0,42.07840192033701,87999649369.0,1.2128608849184748,88.60838418348781,157.33510868772282,91.0,1
CMC,2021,0.06413870659450341,0.7421229063991329,1.2079875929484682,0.0,0.0,1.2242664255534423,0.5504135707343693,1.0374199110490288,0.466409913457601,0.0,0.0,1.8168156694715691,0.05628957288988916,16.77069199457259,16.77069199457259,0.9129605358007405,1.5347146400508975,0.9129605358007405,56374578000.0,16.74482598068268,116190061515.0,3.1631028517053354,30.572285574728998,34.51169711201192,737.0,1
CMC,2022,0.004227137811219193,0.4290998876055739,1.104192459458877,0.004900238377731159,0.001854907726760108,1.6417693489746823,0.6214658178284498,1.4396727362692128,0.5449653418183443,0.0,0.0,1.6090989581603043,-0.012347927642325915,-12.5,-12.5,0.3649017510653176,0.4440400748878917,0.3649017510653176,21893040000.0,-12.541744619150831,108187897284.0,2.194293803507914,-97.30775489936664,-61.97700176032428,-384.0,1
CMC,2023,0.0057146995638218505,0.447612899458356,1.1328520084469538,0.0034599609671238886,0.0014321829251952448,1.415865254539467,0.5860696294543014,1.2049403189189252,0.49876139269556297,0.0,0.0,1.7062818985025987,0.025911318718862927,34.248366013071895,34.248366013071895,0.39377489541945787,0.47104558449327905,0.39377489541945787,23899902000.0,20.83414356545708,96806898550.0,1.9079769494647432,48.542465040756326,84.38899969202127,153.0,1
CMC,2024,0.01194173019290218,0.5057689501149651,1.1485153813392244,0.002070991907056096,0.0007922274375813409,1.6141380729993458,0.6174647351918009,1.56034374394876,0.5968865072832557,0.0,0.0,1.6195256878749091,0.014016553778585449,155.625,155.625,0.37333785901299577,0.2888279226184788,0.37333785901299577,22714029000.0,45.876365328594794,116605436886.0,1.482735894270608,84.17360885685102,235.51231804285092,32.0,1
CMG,2018,0.10274048778009653,1.018119246035851,1.1601730822612841,0.21373113431720633,0.08151282465403004,1.6220553050928943,0.618619791101404,0.31347839789541887,0.11955445687455205,0.44879859562457186,0.17116290215269575,1.6165017905741077,0.4487844654957187,,,0.4847516769240611,0.13405922890406727,0.5455849722720075,664349036200.0,3.1434486208952133,1193958954096.0,0.24092940308116972,5.649362643959177,5.649362643959177,0.0,0
CMG,2019,0.16007791468862315,1.6298604297258152,1.804085934988777,0.3182937991713979,0.1524807365889564,1.0874361331912055,0.5209434271547115,0.19328678486831624,0.09259530473530014,0.21131580009637832,0.10123222298223107,1.919594235907341,0.876911079947782,9.526248399487836,9.526248399487836,0.657468968262408,0.2957198864737458,0.7039195553750318,1487998006080.0,5.603900376099005,2375826435501.0,0.4721640223420479,5.416558935743887,8.947521838772014,1562.0,0
CMG,2020,0.17980729326642828,1.4205943500717315,1.5212307832310872,0.2939113006169024,0.13511500813000066,1.1752676085702942,0.540286447488061,0.23627357397280857,0.10861816405573224,0.2979502091583303,0.13697174912385132,1.850870042454836,0.7665467540040021,11.169993117687543,11.169993117687543,0.6920610446792452,0.329616382104085,0.7386946153494113,1622997825180.0,5.845798027159243,2505247911116.0,0.5087935054036744,5.15060518106555,9.023532298770943,1453.0,0
CMG,2021,0.1546352743831792,1.3048829271639124,1.4824707512779807,0.3237712524771126,0.13987067737521003,1.3147900514457376,0.5679953785115697,0.22453493621562545,0.09700013013076011,0.2843150493443855,0.12282541527548566,1.7605777050871385,0.8997448012901957,11.96078431372549,11.96078431372549,0.9890433677454968,0.4382377375964279,1.0432011228287903,2561996566920.0,6.972552844013901,3592202931183.0,0.6144578434940781,6.1610361702677485,9.776291306356462,2142.0,0
CMG,2022,0.12899593851482918,1.2316983795930396,1.320064774105593,0.2834686835100935,0.12593971088499134,1.2508284441668942,0.5557191386169225,0.17622624501962908,0.0782939479356261,0.29037022415337105,0.129005933306857,1.7994701468961583,1.1264658017755445,13.881970763400108,13.881970763400108,1.2504800847185307,0.5054911700153241,1.458113756244046,3846036716480.0,8.935259044850103,4888242131931.0,0.6424700065914861,6.884428813134097,11.356550377066831,1847.0,0
CMG,2023,0.19661471319260984,1.111728712213493,1.1882116517374188,0.2504776000437592,0.1126448624934341,1.2236042949438477,0.5502796957741742,0.28982384273955947,0.13033966672873257,0.24452720369411754,0.109968848436809,1.8172576740145316,0.7240686930260024,20.483036227717076,20.483036227717076,2.0677258097170883,0.901928726250983,2.3835325950069395,6768761597520.0,16.023902862654168,7928870934237.0,1.0565117945570675,10.386431811416124,18.770266293214693,1739.0,0
CMG,2024,0.2088423073696625,1.1858028515295582,1.2530516727370478,0.24867868708340504,0.11550804420476195,1.1529122823910907,0.5355128919189549,0.24948856791115398,0.11588422340833335,0.2527620200684657,0.11740469973432473,1.8673686760679162,0.8416210797667298,,,2.377235885311682,1.0743870203153507,2.682282454846501,8524095895920.0,18.77304863631891,9649642016318.0,1.2162521702722768,11.77765685856471,21.251895932108418,0.0,0
CMS,2018,0.28999640100997875,1.0596499189762876,1.3569377212338145,0.38471488116801855,0.15265612505563012,1.5201404858653584,0.6031967243061758,0.06683298500397004,0.026519547373971546,0.220683739940931,0.08756803090092545,1.657833936598786,0.2837690257211586,333.33333333333337,,0.34891570125204685,0.3055778450463132,0.532114409378359,86000000000.0,14.661795724663705,118453938670.0,0.42089417809333424,20.194737808853287,20.194737808853287,15.0,0
CMS,2019,0.034963053554720104,0.7520156503640694,1.171016819971766,0.3443647727711573,0.13099010569883804,1.628937284491496,0.6196181605779821,0.2110184321760531,0.08026757938307741,0.22721620722149297,0.08642891884940589,1.6138971767179908,0.3123720954630483,10.334572490706318,10.334572490706318,0.20069788155399154,0.14857917922329397,0.31119786921260095,47816000000.0,9.926692575270623,169912871152.0,0.5279721209477469,9.128448998649219,35.27423532933479,269.0,0
CMS,2020,0.12496546704495216,1.1893019115108956,1.7486734490940505,0.0,0.0,0.8462064385569026,0.45834876365090815,0.01572506553540623,0.00851750118892328,0.16033031373381237,0.08684311265815725,2.1817447308784046,-1.6301950148351327,-5.472440944881889,-5.472440944881889,0.23506191648492283,0.17174404864333406,0.23917345105862356,47816000000.0,-2.5989521681879237,31503133608.0,0.11315199328237001,-1.7248929086480989,-1.712295829747897,-508.0,1
CMS,2021,0.11309048041743723,2.040587212166235,2.4222372868373876,0.0,0.0,0.6520922040676317,0.3947069070734123,0.13086462242958177,0.07921145206507166,0.09722207184911573,0.05884784857028219,2.533525464285853,0.5642166254719632,36.429463171036204,36.429463171036204,2.182320090690941,2.677580239039744,2.209730882363445,501896000000.0,35.46381423133438,516970724186.0,2.7580028437016817,29.158477137359,36.52898952287069,801.0,0
CMS,2022,0.21909750703989408,2.3331432025002594,2.4943707447568775,0.011450739796131853,0.007098952792740701,0.6130181634453512,0.38004417888014697,0.0961045451278481,0.059580572188085046,0.17569841863138522,0.10892525739208012,2.631273035010401,-0.32157667189214173,408.0,408.0,0.5044896828050688,0.9721027650949238,0.5081246062932543,155769300000.0,-37.716509950639214,151012716903.0,0.9424185617185366,-14.471617425043588,-36.56479575721957,15.0,0
CMS,2023,0.4337142345662809,2.295326785895533,2.925144788526415,0.02713386829775842,0.017485608691459868,0.5517828848023376,0.35557995271524234,0.04862194193067418,0.031332954118041795,0.10879187922844792,0.07010766795659405,2.8123070278959905,-0.49341536476440856,276.5625,276.5625,1.6355443746885099,4.592257073455224,1.6455374496798252,450509250000.0,-360.32040856440113,414223406235.0,4.222378047228543,-53.43638190362614,-331.29874019575203,64.0,1
CMS,2024,0.062481736589724,2.848780001502957,3.7351055381051648,0.4854419801103322,0.24302891932765008,0.9974659042772696,0.49936567234581974,0.1550093892509043,0.07760302136771158,0.14757833429105102,0.07388278016412418,2.002540533678258,0.13608443194628056,46.8041237113402,46.8041237113402,0.8242018477287708,1.143725796732139,0.8272443002836944,231108700000.0,462.07455334842876,402255430785.0,1.9907078922792776,64.35008832956211,804.2622303355896,194.0,1
CMV,2018,0.1692499401939618,0.48499323636217073,1.1240059595360594,0.0,0.0,2.953899326609813,0.7470851133538018,1.5136952979083154,0.3828360746873647,1.1977364850815742,0.3029253873564221,1.3385355726214607,0.0065018066050463235,6.467828418230563,,0.6493147354155733,0.02508235531143701,0.8099514333245891,116802750800.0,62.71540589543416,299162013791.0,0.06424239047622567,160.63035326560166,160.63035326560166,1492.0,0
CMV,2019,0.10496509458639822,0.4130811198269509,1.1114693333978078,0.006044205382272897,0.0014998241777345771,3.029942623943042,0.7518575093206752,1.6682061021483516,0.4139528171535401,1.1545638442151125,0.286496347951834,1.3300392529211136,0.019315612472073366,8.529411764705882,8.529411764705882,0.694340957995124,0.026722521913223413,0.8631515066975,126364841280.0,-76.348967707068,373347955810.0,0.07895233222572756,60.362559717230816,-225.57485715885622,1224.0,1
CMV,2020,0.10290041057072721,0.4458414868812141,1.2000115969371112,0.0,0.0,2.0619172659673235,0.6734072435219509,1.2699852903052302,0.4147679966473606,0.6202792187378939,0.20257869983365956,1.4849855115456643,0.025194988965266434,6.41465315666407,6.41465315666407,0.5036112285135168,0.023593895679087627,0.6138016710921147,99615195760.0,23.20581652914992,308898822818.0,0.07316279956443529,45.95201984110634,71.9593968941762,1283.0,1
CMV,2021,0.14316137369792395,0.55852002305877,1.6286022178971673,0.0,0.0,0.8826673483390092,0.468838719234041,0.4468905063452317,0.2373709337124812,0.3337023108978372,0.17724974685105546,2.132929638647884,0.16284528387342942,6.75531914893617,6.75531914893617,0.8262478351982391,0.05374108278556322,0.9619268973212806,207521571240.0,16.33626119471264,288089915736.0,0.07460556470704904,14.510111514916147,22.67866459811627,1692.0,0
CMV,2022,0.22205758319947197,0.6698978792376143,1.5930837493108458,0.0,0.0,0.9508633982943219,0.48740644738410716,0.5369620429150159,0.27524328119769553,0.30077014146614073,0.15417283533491374,2.051675773611457,0.020034361619457097,7.889830508474577,7.889830508474577,0.674841800657346,0.03735922538749491,0.7857068662041953,169031131080.0,92.88868387045756,250739786370.0,0.05541845536237746,87.7303142070983,137.79052770371484,1180.0,0
CMV,2023,0.2017143351426345,0.5831754200259883,1.4618720389113458,0.0,0.0,1.1684219046934203,0.5388351326669596,0.8435762516241965,0.3890277301655761,0.21088801000892654,0.09725414115789552,1.8558552317301753,0.03428030500026575,9.866828087167072,9.866828087167072,0.6043510411938715,0.03472958759359471,0.7060240914449463,147970324200.0,82.27545442407087,297219233799.0,0.06975926741075206,40.03784917673214,165.26183649725957,826.0,1
CMV,2024,0.1277589157788228,0.4868861859278035,1.5056977983831896,0.0,0.0,1.0424679696848904,0.5103962388432075,0.7270723827603018,0.3559773732326748,0.1899687455004215,0.09300941229924387,1.9592620867788126,0.038233883779622085,14.964788732394368,14.964788732394368,0.6271406710535653,0.033483556390549875,0.7317397078933512,154324878000.0,401.2715736132341,300537897629.0,0.06520709929061423,41.63908114295733,781.4509019861457,568.0,1
CMX,2018,0.004947211078315124,0.24727224859587477,0.8242878458438382,0.056722331861072346,0.00895968482574838,5.330840086926212,0.8420430801806075,2.834099624629099,0.44766564716770907,2.0703251631522703,0.327022185796114,1.1875876941896046,0.22923098540212436,1.4856674856674856,1.4856674856674856,0.8663362567187903,0.11289424899156364,0.8787907307617542,119916592380.0,1.250769513808003,516449200967.0,0.4862058162952494,5.386735089611844,5.386735089611844,6105.0,0
CMX,2019,0.03827777046746903,0.36393872748652056,0.9242169361951399,0.12267056308206234,0.029678477943457505,3.1333171908536013,0.7580635712611539,1.8548494299569207,0.44875564693206194,0.9858689797460615,0.23851762016417194,1.3191505803878008,0.1431420112583051,2.69280205655527,,0.3216377424610044,0.11648638310502224,0.32209616441751515,110793940920.0,1.5537515802705297,752306920786.0,0.790959428462919,7.794774480921678,10.550198479389046,3112.0,0
CMX,2020,0.006959889423105561,0.3627447494135958,1.0300277713992598,0.057078410065382446,0.021325772389701167,1.676499074563286,0.6263776029277476,1.1028294500060591,0.41204178267313757,0.4284586315797353,0.16008174097711775,1.5964810927560409,0.17147447036489383,8.058856819468026,8.058856819468026,0.7764482565615717,0.3039621166316173,0.7773161661670425,433020614240.0,6.0566146450925675,1073611756213.0,0.7536299453822773,9.551416089352754,15.01649684100085,1767.0,0
CMX,2021,0.029935464650311265,0.9671163971021333,1.929137716544675,0.17623632197161807,0.09433069577293841,0.8682817987035003,0.4647488399801609,0.44709694743004147,0.2393091597532587,0.13938811547253302,0.07460765049965257,2.151699830047317,0.23618511360792274,10.909090909090908,10.909090909090908,1.2191624888822445,0.754771804817697,1.2195253883291493,1580224534800.0,16.548968989519906,2361322965425.0,1.1278523761162043,15.979067006549837,24.729055693345074,1595.0,0
CMX,2022,0.01790604022946794,0.791557222636535,1.4416551564445244,0.01954629801347679,0.009357507084338173,1.0888360369175436,0.5212644830296583,0.761251973753557,0.3644383571996021,0.19451790666185442,0.09312263060575154,1.9184119243802442,0.1487338696793184,11.674347158218126,11.674347158218126,0.555128561167526,0.2670357152102621,0.5744197306840471,774432324000.0,6.857316765928816,1836985574640.0,0.6334197857615854,10.999698101274445,16.26583962131758,651.0,0
CMX,2023,0.02033389410406484,0.4895806832617005,1.3359378592401718,0.2382014763543326,0.1038934640963232,1.2927474642051384,0.5638420647663064,0.8019457722126386,0.3497750121776545,0.1423659160083104,0.062094023973838106,1.7735462862538758,0.08588141414620733,18.204592901878918,18.204592901878918,0.5946827788230006,0.4355489340840457,0.6135203619861168,888559192800.0,9.661180495442071,2410689099773.0,1.1816579878100362,22.04269416634193,26.211087229777757,479.0,0
CMX,2024,0.13416976834159516,0.8773510559568656,2.1604179345860617,0.48958555064741255,0.21911763558210023,1.2343502810570073,0.552442601109559,0.5975709580215205,0.26744730362458063,0.09195550713503184,0.04115536758700624,1.8101428057712055,0.1331659505940621,14.335154826958105,14.335154826958105,0.4821232160135021,0.2690298083720685,0.4955469496731547,801945051300.0,12.136017300674888,2444128162429.0,0.819935642858739,16.95758750931603,36.98754873070325,549.0,0
CNG,2018,1.241784192797126,1.9970585978386557,2.194920749944253,0.0,0.0,0.5549695198329334,0.35690057763483335,0.0009101343328748076,0.0005853068637464951,0.42198321252841126,0.2713771602248186,2.801900760785993,247.22406907346,3.4830230010952903,,0.6392197401671665,0.18878359516021087,0.6876730327659552,343440000000.0,2.478389429247279,-4264702715.0,-0.002344240364626171,-0.030775664243355958,-0.030775664243355958,3652.0,0
CNG,2019,1.3574083305966727,2.290452256446178,2.3740295227883057,0.0,0.0,0.5448863794454485,0.35270320632967234,0.0,0.0,0.47969732841764884,0.31050654261696625,2.8352449936769166,8665.822400214412,5.145038167938932,,0.6704593054249143,0.1708421425658337,0.7193371738904545,363960000000.0,3.470245618666916,-13421771210.0,-0.006300154276692006,-0.0892705226828636,-0.12797242206905224,2620.0,0
CNG,2020,0.830446978174295,1.6310496983754703,1.6823834754846876,0.003926537965036587,0.001880254836998571,1.0883009514308573,0.5211418165974486,0.0,0.0,0.894891201332182,0.42852597501285555,1.9188634804419105,,7.866323907455013,7.866323907455013,0.6488211333426457,0.141358160802595,0.6989805688050956,330480000000.0,5.258564335552915,-111439521397.0,-0.04766668417272256,-1.1688423868582123,-1.7732143935770701,1556.0,0
CNG,2021,0.48796860542564535,1.3457826101975265,1.4331093562107844,0.008088063505501035,0.003758942288540515,1.1516860022454318,0.5352481733131919,0.01782500074454137,0.008284201656719316,1.0204081317226041,0.4742365431841534,1.86829222379217,22.275044724385516,7.976878612716763,7.976878612716763,0.9998100417615655,0.17059636777513665,1.0738856552022749,521640000000.0,4.776768957097275,252682813649.0,0.08263701059681222,1.1668235190043894,2.3138705241747926,2422.0,0
CNG,2022,0.5950951634406013,1.5199404348506862,1.6187809969707108,0.08429437613811601,0.03756180957891579,1.2441510961024669,0.5543972053678775,0.03965615968018903,0.017670895577869928,0.9836630178073497,0.43832298971122224,1.8037608961907319,9.38581526927819,4.118094272681196,4.118094272681196,0.7732951137636862,0.10482826693407445,0.8270066910088342,438750000000.0,2.8437199219322564,128387811519.0,0.030675035389163236,0.5157117142332577,0.8321344213102312,3946.0,0
CNG,2023,0.5996396426431668,1.6767613306782365,1.8160992088515133,0.0420265922120327,0.021860176748227364,0.9225184085229604,0.4798489337908168,0.0373360179644587,0.01942036955221841,0.7411337398824758,0.38550150500346925,2.083989209062066,6.876556911213973,9.143268538516917,9.143268538516917,1.479386570242773,0.2864807739318657,1.5693269976712525,891530475000.0,7.298230743850961,622052543842.0,0.19988783242226463,3.3071319684248293,5.0922353492833565,2778.0,0
CNG,2024,0.4767921867867781,1.480528953692685,1.5753913293633448,0.0277904165515678,0.012839130551177679,1.1645092275363382,0.5380015075573469,0.04083058889943593,0.018863670517085127,0.9940423008614885,0.45924604442223393,1.858730851034665,5.541802210312695,13.49682107175295,13.49682107175295,1.6532763736996534,0.29659513685500327,1.7531532990731493,1043160855000.0,9.172861155434065,745760040088.0,0.21203709868013892,4.668507636743671,6.557716645721111,2202.0,0
COM,2018,3.5681777841180202,4.8071940493352505,5.8072873289230245,0.0,0.0,0.13064861475717793,0.11555191688377603,0.0,0.0,0.010369060696604092,0.009170895856827267,8.65411865911161,8354.978812479392,6.303769748162052,,1.1305786428424123,0.13414870519384395,1.5566396572583927,569061308400.0,5.099551265400708,399618744444.0,0.09420485340864236,3.581119017978981,3.581119017978981,6393.0,0
COM,2019,0.1919279712416815,1.4687360633981887,3.735655312785129,0.0,0.0,0.1588531356031218,0.1370778839205083,0.03148372468064003,0.027168002323482016,0.0069289785685596105,0.0059791688486509065,7.295122826523217,5.10312067912345,10.33480907581627,,1.1860491546767618,0.12546487109876153,1.6530329879204022,527405455800.0,8.298736007350403,530817780444.0,0.12627663151363472,7.419944389446432,8.352429007831365,3614.0,0
COM,2020,1.403874680240557,2.424364148993214,4.331740921268628,0.0,0.0,0.12649383294345348,0.11228985835895214,0.0,0.0,0.007245550078343381,0.006431948286313508,8.905523745549159,915.6456581611739,14.449168921530731,,1.192527409548742,0.1820544663623472,1.6482086329355203,527829074640.0,13.681749584803054,469052651021.0,0.1617817853927692,9.529407180951711,12.158217918810738,2587.0,0
COM,2021,1.748371747865286,2.606563887442627,4.679747088930265,0.0,0.0,0.1330741612501692,0.11744523509682965,0.0,0.0,0.02056189418678846,0.018146997689984956,8.514606822282177,,12.160142348754448,,1.021699858993666,0.1814133568254897,1.36644468273681,482501858760.0,10.344963608398873,397313881262.0,0.1493839735630026,6.895325171009973,8.518511521033421,2810.0,0
COM,2022,1.18518869779415,1.7717144859459328,3.0319288649528837,0.0,0.0,0.2100180506316047,0.17356604764861117,0.0,0.0,0.07708189781014928,0.06370309746198753,5.76149548571,282.7301261557964,446.1111111111111,,0.7824632625449213,0.07063788142640423,1.0671061326190403,340165928520.0,449.0587917243788,248690644439.0,0.05164238620301823,21.61990425409619,328.30072309363703,54.0,0
COM,2023,2.3004566197252867,2.925984148490491,3.9185657841203207,0.0,0.0,0.11614970340075226,0.1040628358784313,0.0,0.0,0.004809418010808687,0.0043089363336791305,9.60957859315139,595.2895045909307,13.999999999999998,,1.0983095178852194,0.11108315785375433,1.4780138296942993,482360652480.0,16.84735905262913,365011683041.0,0.084058785054797,9.248174957863986,12.74872411540898,2440.0,0
COM,2024,1.893077733910626,2.6770755770100374,4.070531691236612,0.0,0.0,0.11623917077862962,0.10413464589094047,0.0,0.0,0.007017455707299117,0.006286695442164165,9.6029519421163,,20.623100303951368,,0.8824460512418676,0.09332271868040605,1.1823176191103753,383233843920.0,11.040528897698044,287669332948.0,0.07005144419679799,6.363040954413849,8.287424594099544,1316.0,0
CPC,2018,0.32570447953549814,0.7975595722679248,1.9115824054399322,0.0,0.0,0.8523342750602836,0.46014063797018745,0.6803195813024747,0.3672768951383432,0.040517642605562405,0.02187382868799087,2.1732486059290204,0.26722341590000565,5.7967454712926,,0.9395303955677203,0.25213243823515846,0.9417720428276589,81241584000.0,4.936214233204464,116267278701.0,0.3608343292007925,7.064364919076744,7.064364919076744,3257.0,0
CPC,2019,0.5622053363924382,1.6729128451720936,2.3803723947883055,0.0,0.0,0.5759926935956696,0.3654792918370242,0.3934404146847119,0.24964609054567827,0.10095344165302161,0.06405704928916493,2.7361331334907026,0.5233484768817469,4.786995515695067,4.786995515695067,0.6837848128695018,0.2058831801841562,0.6850397960550059,55122070500.0,3.8181669149686477,61029056552.0,0.22794601386688612,3.3812713301138952,4.227328953084173,2676.0,0
CPC,2020,0.678321266443758,1.7786477212595044,2.4377532353717073,0.0,0.0,0.5673823070598242,0.36199356372992936,0.3419996196176288,0.21819795851796311,0.05644086396489745,0.03600963447824807,2.7624800554356397,0.4125206959916119,4.337606837606838,4.337606837606838,0.5357611147522383,0.2276743213538249,0.5361114231572274,43675957500.0,3.793082682436348,40181312184.0,0.20945741103897667,3.313555939766945,3.4895866771254878,2340.0,0
CPC,2021,0.5547845015458145,2.183705529029502,2.7674510218660315,0.0,0.0,0.46044264379858785,0.3152760882145867,0.22038289129068653,0.15090143541513837,0.03838778229345977,0.026285032456744597,3.171823165096393,0.7822282917565351,7.334773218142549,7.334773218142549,0.8775682926839904,0.38414217129992023,0.8776400057275803,73065789000.0,5.998477737511064,70146419573.0,0.36879363505795365,4.643712200548796,5.758806439149666,2315.0,0
CPC,2022,0.8391031468193709,1.8098437301062755,2.621883293885393,0.0,0.0,0.48461417818202296,0.3264243231028919,0.08638309357640374,0.05818555072819238,0.3234093387929062,0.21784066429227794,3.063497200497498,1.7523250490846207,,,0.5885005318067784,0.2600911320776188,0.5886476545628405,49054770000.0,3.9930331662871925,22359481007.0,0.11855121790966802,1.5021921541074785,1.8200503078889076,0.0,0
CPC,2023,0.9879649368810244,2.05978613058867,2.4067373173600264,0.0,0.0,0.5635636868488109,0.3604353897375367,0.08794575223569788,0.056246990752863275,0.1238150184720824,0.07918770403373708,2.7744223471734673,1.5114609575877913,6.668253212755831,6.668253212755831,0.7050720088869504,0.3183586022330285,0.7051751011816135,60285730500.0,4.773131277511441,20198924012.0,0.10666705307770095,1.5422671104610535,1.5992526784386243,2101.0,0
CPC,2024,0.39100867375507553,2.393249061409179,2.8115229871624345,0.0,0.0,0.427931272476187,0.29968618288897614,0.07061588221786387,0.04945327802465472,0.10652478189216877,0.07460077662382399,3.336823841393005,1.9904777152785993,7.745144481288489,7.745144481288489,0.8152647152350654,0.37023125801374485,0.8153040805981006,70354867500.00002,4.989814186697556,62009178382.000015,0.3263134014255171,4.6572798028864675,4.397908616571029,2111.0,0
CRC,2018,0.1293151541455637,1.0862564765142004,1.5822889348973188,0.021587682836442967,0.011955025979355192,0.8057411898328073,0.4462107827907556,0.6859379362885446,0.3798650327913577,0.03576129917634629,0.01980422187725441,2.2410933096364376,0.12068186657237932,15.675675675675677,15.675675675675677,0.9941127447567444,0.7942528450171984,0.9941127447567444,191400000000.0,11.443133177846336,308102813595.0,1.278534672181987,18.420384161111542,18.420384161111542,814.0,0
CRC,2019,0.04192033542697859,0.9142912934495818,1.3590394339929484,0.015604941694060325,0.0066906073948847615,1.3323654749180067,0.5712507277466219,0.9315463565839545,0.3993998224556563,0.2829504615628975,0.12131480447884974,1.7505448158370658,0.056871792156053244,30.139275766016716,30.139275766016716,0.9353587223995724,0.4010663701273319,0.9353587223995724,162300000000.0,21.863176039020455,317074907680.0,0.7835371674779819,33.159430606344635,42.71265880569315,359.0,0
CRC,2020,0.09106843832439943,0.6634230184203924,1.2091709873524148,0.33478469270489297,0.09567676351975006,2.4991222569499345,0.7142140438180443,0.22908177776504415,0.06546835490244543,1.5011923344633535,0.4290196867176318,1.4001404882130315,0.23490844391870186,24.70948012232416,24.70948012232416,0.6778225085283495,0.20899668154228232,0.6778225085283495,121200000000.0,16.420243862607144,186790584554.0,0.32210076167598267,16.801784980466007,25.306492983627223,327.0,0
CRC,2021,0.22590840514538124,1.0514417286924231,1.6560943166798043,0.3833822104549165,0.2086622769664289,0.8373335900892035,0.45573302235689844,0.30698937371516194,0.1670841786004998,0.06790468038587254,0.03695827516143964,2.1942671497192263,0.13338362162457024,7.843137254901961,7.843137254901961,0.8583845625656018,0.8128147158987095,0.8583845625656018,300000000000.0,23.931754403730768,505489562627.0,1.3695645174547597,32.20491148662212,40.32417355479549,1275.0,0
CRC,2022,0.17087492140869115,1.3378549136429123,1.6275940382254734,0.2718281524043076,0.15716571866998186,0.7295638941154531,0.4218195676943015,0.4188511412538113,0.24217153392186377,0.026859698510030134,0.015529752096129949,2.3706818663393867,0.2502112562195077,6.5667915106117345,17.891156462585034,0.4224992805705343,0.3741680656815543,0.4224992805705343,157800000000.0,6.067251913083868,386585138398.0,0.9166528102383753,8.937155150115599,14.863811283365381,294.0,0
CRC,2023,0.3796358847010758,1.3535551103565693,1.6025737297600602,0.18771399161819127,0.11656574086379484,0.6103701673164158,0.3790247607067639,0.4025905245182895,0.2499987472999343,0.011524659530351563,0.007156528209633135,2.638350059598506,0.2717112041708307,4.984391259105099,9.979166666666668,0.3571236869836945,0.4055785421125114,0.3571236869836945,143700000000.0,4.807364019041363,316707387462.0,0.8938741856861533,6.565112719046561,10.595182317671611,480.0,0
CRC,2024,0.2120917490686573,1.8907232807738257,2.315996563307877,0.16636367207971997,0.1123504037069726,0.480757225524729,0.32466984947810423,0.289595000556008,0.1955722353158774,0.017239200365862253,0.011642151777954876,3.0800519407868214,0.4583408795154016,4.6818538884524745,8.42998585572843,0.4358449825995284,0.769589520184571,0.4381223703424712,357600000000.0,8.097737365204651,677017869153.0,1.4570074303071532,5.7638433330073084,15.330852617313985,707.0,0
CRE,2018,0.3856888907455119,1.4559637639841216,2.0054481820269516,0.0,0.0,0.5634173743226837,0.36037553603801536,0.11415189302987115,0.07301434338947715,0.07789359264988041,0.04982264744475294,2.774883142718411,2.3708502137705882,1.806701030927835,,0.23535434415864612,0.20774265893555993,0.23570654994581167,350500000000.0,0.8696309424808971,197714615572.0,0.11718619101098243,0.4905527745567093,0.4905527745567093,3880.0,0
CRE,2019,0.21490626117535963,2.093396253503665,2.2751918242999163,0.0,0.0,0.41282504631956585,0.29219827847402785,0.04358617196668212,0.030850367552744673,0.048882075943407204,0.034598817504506926,3.4223336469413366,4.895748747855929,1.3641975308641974,,0.2794491458748204,0.22936903467071984,0.28599993831889803,530400000000.0,1.0755570210867147,445607867043.0,0.19270106769481785,0.8671928765451407,0.9036136313151846,4860.0,0
CRE,2020,0.1454783925805814,1.5553098082968457,1.5795249546269152,0.22012447865522233,0.11807724490575149,0.8642413178841046,0.46358875838295976,0.1814220658497727,0.09731683559920501,0.07601226119022211,0.0407738314031658,2.157084230187315,1.0909865522208395,2.625272331154684,,0.37724443986423883,0.364203998301788,0.39306715877281106,771200000000.0,2.025435445491369,1400794216699.0,0.6615337843877037,3.3885486582833515,3.6789655839490045,3672.0,0
CRE,2021,0.06519258664941731,1.905425605815227,2.1724180352055895,0.27629672975697317,0.1514940279332616,0.8238126844095232,0.45169807812595647,0.22270894260033663,0.12211174124630063,0.027330328540364247,0.01498527166413074,2.213868175283998,0.6757756500881632,6.574931880108991,9.925956396544631,1.4148129773166844,0.8690533584580846,1.4547386103160123,4864597310410.0,8.427859322366233,6457795814243.0,1.1536759946387902,10.401261305946122,11.188057547648974,2431.0,0
CRE,2022,0.05073953896103955,2.3448759659642118,2.5573476805929,0.0004047663849819276,0.00029837185015061486,0.356583688366064,0.2628541765790734,0.17864576871151316,0.13168798227751277,0.02491816465017553,0.01836832099919187,3.804390757698971,0.26273079622196316,16.323296354992078,,0.8505752073327414,1.3740741025457954,0.8622727710988932,4775888900200.0,19.030449103230175,5679935916653.0,1.6341780577989922,18.76290580830007,22.632798549176343,631.0,0
CRE,2023,0.1262427763104525,3.9222696773251755,4.417416901964029,0.06298067181668714,0.04984807423228263,0.26345245602085005,0.2085179024864727,0.07707144762240348,0.06100067102258386,0.01949796854942424,0.015432293044751084,4.795751290778851,0.09289160399025335,2150.0,,0.7094761856979912,4.2705666608142625,0.7207628567529205,3987635392400.0,1041.4190436097351,4633032492269.0,4.961756066681159,95.48127977959818,1209.9722748743275,4.0,0
CRE,2024,0.021503744077471996,2.7269880839310083,2.972028818117447,9.0423831393866e-05,7.129440707862157e-05,0.26831591844433195,0.21155290613511973,0.16709320587590454,0.13174415257742306,0.023564176185505655,0.01857910623278195,4.726949954359387,0.13625913099299283,87.64044943820225,,0.6388099283847567,2.351551658194193,0.6473390562993737,3616692565200.0,38.358247479367776,4532121369024.0,2.946757936522695,32.64516604974564,48.067185680168606,89.0,0
CSC,2018,0.30774924781937946,1.6225642096711477,1.7916809690280282,0.02327082197238691,0.010877927224906849,1.1392698711115146,0.5325507952484633,0.1821227260063689,0.08513312343885916,0.47260526413319076,0.22091895488045002,1.8777551529773735,2.259481071032872,0.798853320592451,,0.48820151787354754,0.34410817381352266,0.4926268914399314,171380000000.0,1.09438197061233,132463842789.0,0.2659697224789611,0.8458749055100226,0.8458749055100226,10465.0,0
CSC,2019,0.16399250303967677,1.0340529828863458,1.1827117613315454,0.2122566073523325,0.06976768637159238,2.042334043038555,0.6713049961465631,0.5995283104662802,0.19706196031895845,0.7366784110312193,0.2421425131526504,1.4896358670652203,0.05089862385604488,99.625,,1.020704931783692,0.7470725587113216,1.0308592375622267,326770000000.0,53.0430620542381,495330518099.0,1.1324412815253069,48.770693547688175,80.4047109859631,160.0,0
CSC,2020,0.48087065261658135,1.2789522597654606,2.0423943687916224,0.5646845848819884,0.1874766676624994,2.012025933267328,0.6679975464503258,0.604166564100445,0.20058478163402424,0.44254149436350165,0.14692486192622184,1.4970114865150375,0.37195166410788894,7.260981912144703,,0.7776893613513951,1.6828330432043188,0.7843277893741847,302424409450.0,3.545024234327188,499028309090.0,2.7768305129810353,5.553713199533985,5.84961859578947,1935.0,0
CSC,2021,0.15029949141309715,0.4748339441534744,1.4769932319550574,0.5399286748034665,0.09710612655223871,4.560191658072257,0.8201500844762778,0.8931698261050202,0.1606365177733255,0.8093737794165645,0.14556580585518486,1.2192890288349707,0.21067424714492608,31.180151989271344,,3.7563401559490104,2.21161289002222,3.7859870105314224,1591426044000.0,20.78643099637764,1967017627369.0,2.733574429042211,24.280813240451824,25.692225117288697,2237.0,0
CSC,2022,0.18463953725723778,0.5212261175798788,1.6048946183468467,0.14215144999859872,0.047403205690417206,1.998772929556014,0.6665302697166684,0.31212434434431646,0.10408402092336091,0.5475316464279475,0.18258523045591613,1.5003069559392768,1.8002202085656143,2.262547490501899,,0.7246455489188666,0.3339981193530083,0.7276134704910142,578281136200.0,1.2672553455315667,673174969428.0,0.3888059971347737,1.4594326265057143,1.4752073430779187,10002.0,0
CSC,2023,0.06299577147138155,0.45304588321305467,1.6422231009318158,0.14936423771942167,0.05131449878079952,1.9107609207577347,0.6564472221443464,0.29821022008959464,0.10245094949672609,0.5036798638986488,0.1730406163923384,1.5233517124703588,0.4066596651143199,13.184049079754601,,0.8005463541611444,1.226901553102337,0.8036211414326656,669944711310.0,6.599968070894396,953630198812.0,1.7464282533403575,9.079160766089693,9.394698931636938,1630.0,0
CSC,2024,0.10833296704829444,0.5280052683943758,1.9545073779677007,0.3283193783764066,0.12038838890078019,1.7271681378425603,0.6333192713262294,0.1703764851916243,0.06247377373894068,0.4804160117588127,0.17615929325826818,1.5789824268348995,0.14865634892913238,144.56140350877192,,1.091990691511095,1.552012325601233,1.0960885604705723,924750035040.0,42.38422230288329,1222428800609.0,2.0516079954871653,52.36071298454393,56.02778272100064,171.0,0
CSM,2018,0.03649934978847444,0.4382573074554188,0.9684190844143866,0.45426489348891347,0.13989981561599638,2.2470728534467925,0.6920303161850858,1.395334122839691,0.4297206086271003,0.2754847375019494,0.08484094750431001,1.4450233994265458,0.001838287098958915,138.90109890109892,,1.1010307815575564,0.3365477727076116,1.1973985238379299,1309838542880.0,399.27652955948344,3432785061634.0,0.8820141787373909,1046.411799059749,1046.411799059749,91.0,0
CSM,2019,0.029004026154972596,0.43938493844889065,1.0067323330186526,0.3254396971044611,0.1058307595299087,2.075095544528233,0.6748068521710224,1.3691916194792877,0.4452517327195253,0.210334689498915,0.06839939977578277,1.4819055212358172,0.14157075740706712,23.181818181818183,,0.9795269094316837,0.28499030081824084,1.0592020745598185,1215538457910.0,20.36413666879085,3255901135988.0,0.7633655999458102,12.597960850271615,54.54670338224725,506.0,1
CSM,2020,0.0701565526911341,0.4218447224851186,1.0347520751736894,0.2707511283480611,0.09056019021699421,1.989736745244301,0.6655223903607317,1.3129109157630294,0.43913930477372093,0.1874197058456136,0.06268769521053565,1.502579048404325,0.16860645851163364,17.908571428571427,,1.2731436519905093,0.34608160345830435,1.3709016732831762,1623826737890.0,15.480391890483235,3490768754705.0,0.7439776792321129,11.50627340377548,33.27846934710849,875.0,1
CSM,2021,0.029636568679729604,0.43363180846625593,1.0524768407209764,0.17561708315081556,0.05316328413356834,2.303352793435263,0.697277262668615,1.6356241561258296,0.4951406217877477,0.22562119833613592,0.06830066676030239,1.434149732880729,0.1279305849017923,47.166212534059945,,1.4266849519151885,0.3706521964436569,1.5347852684095895,1793774143770.0,26.338620291693005,3992110300660.0,0.8249000893028278,14.40851548941006,58.61756773383516,367.0,1
CSM,2022,0.010231260742595585,0.4118877455352367,1.0949240949635635,0.10486878876946752,0.032462448691234616,2.230464521235694,0.6904469950292204,1.646326826201845,0.5096254162147875,0.2585553355129552,0.0800365810592634,1.4483371021951932,0.1425919735684584,24.277978339350177,,1.0709538615162153,0.2619568426348043,1.146883062088303,1393775981150.0,12.978383800942227,3644692951880.0,0.6850112722275832,11.323286850987174,33.93818275377281,554.0,1
CSM,2023,0.11783281593783101,0.6301892789037656,1.1644197328486476,0.06551018407419756,0.022333135135365577,1.9333178560523319,0.6590891103271695,1.4348527427457218,0.4891569250789449,0.2576122043726473,0.08782280578325823,1.5172455201142732,0.12845818316323068,30.364583333333332,,0.9124635092197827,0.23081300594570422,0.9740819734003271,1208284605220.0,19.368078541596578,2905391292140.0,0.5550034277439183,11.018332466017604,46.57168228175225,384.0,1
CSM,2024,0.19849207864829602,0.7075727075761015,1.2193775856938525,0.03581303968912468,0.0127678129599876,1.8049470807065662,0.6434870351464528,1.3733604030370348,0.4896207890991959,0.1948438350214318,0.06946435330692607,1.5540328637272507,0.1344568585320998,34.919168591224015,,1.151922904373528,0.33250714222049726,1.2254147818188128,1566832181040.0,22.071269592677204,3010230065858.0,0.6388195294535567,11.400024075347753,42.40377503315923,433.0,1
CST,2019,0.0005067353923664514,0.3966464439857807,0.6352090081320564,0.7620602892619347,0.14572290395045445,4.229516216071524,0.808777722702768,1.3394611714252647,0.2561348155511571,1.2989882938514903,0.2483954997327279,1.2364336602375825,0.18672000684081824,,,,,,,,,,,,3162.0,0
CST,2020,0.00023413354314177266,0.620959324161524,0.8102690012946112,0.5305350451641776,0.10256943756316565,4.1724476390684755,0.806667931745348,1.3713135478140916,0.2651188844245229,1.185079213003477,0.22911381529555752,1.239667477342689,1.8778966562642996,,,,,,,,,,,,1338.0,0
CST,2021,0.00039807378449843267,0.5243039701858304,0.776398641975984,0.3432642596995039,0.08306752855624436,3.132351902910924,0.7580070566363003,1.1350712109611838,0.2746792232678958,1.1611578388065944,0.2809920031226401,1.3192489321109453,0.3837610999370382,4.804,,0.6911849482000032,0.059135369210334826,0.7271917201723831,514589743730.0,3.819410670580503,1614389788750.0,0.18552164587488656,4.529268981368187,11.982395025858114,2500.0,0
CST,2022,0.0005774574256268246,0.9132633720418718,1.0701617276491557,0.20170118127732253,0.08359170871421137,1.4129328659485993,0.5855665882329184,0.03821213554937332,0.015836385706632965,0.728696689818495,0.30199625530485763,1.7077477098167937,9.024012338335584,1.3286295144702223,,0.48470563344094364,0.0458212347870949,0.48584887223210577,476027648030.0,1.1208236624227805,710958783750.0,0.06843512028970032,1.2222841954914982,1.6739771967700947,8362.0,0
CST,2023,0.0005729752833649189,1.085085673462242,1.3275837980828493,0.1687841452174488,0.0770382310673034,1.1909140809579706,0.5435695043035403,0.01189378683402071,0.005428687020360099,0.5713375840566253,0.2607758967009832,1.839691138084118,15.740218099190917,2.213565536205316,,0.5662771834873771,0.07853181893461918,0.5674005134137585,620849740770.0,1.7769128576085977,818297659569.0,0.1035071764001944,1.5485112342821052,2.342021808426339,6546.0,0
CST,2024,0.0006039392280822806,0.7817878567601007,1.1306437505622269,0.23858871174293025,0.09633881994385542,1.4765583788754688,0.5962138391205338,0.0,0.0,0.8397553146834285,0.3390815745941496,1.6772505674727127,-27.80985032834541,7.166392092257001,,0.8704731280583954,0.0986354842305009,0.8721280390214998,931917312750.0,7.502147975139589,1186546879254.0,0.1255858480105353,-2.13222838382589,9.551974349886972,3035.0,0
CSV,2018,0.7132476554352304,2.4633232198870685,3.7069746628504316,0.055933655506429016,0.04178022239717246,0.33875916156478886,0.25303965887997004,0.05944612192739624,0.04440389551315079,0.10119880840255296,0.07559149644531152,3.9519496841969444,5.54542232364315,1.3689227836034317,,0.3767209482446944,0.199843006908524,0.3775078426705966,317356000000.0,1.0299344564668795,244617659138.0,0.15403877205744432,0.7938723572470552,0.7938723572470552,5245.0,0
CSV,2019,0.7106603821905602,2.1120372746554423,3.413205098323993,0.11964818189940447,0.08850668755677818,0.3518547038905803,0.26027553321962593,0.09860358121896533,0.07293948153983443,0.01903026824435823,0.014077155029745379,3.8420822258240426,3.1318737783714496,1.2430389817024663,,0.29521855297198335,0.17637397156286846,0.2961166663359413,276250000000.0,0.8777275118915194,326061507901.0,0.20817651808969045,1.0035355297022877,1.035993325080694,5028.0,0
CSV,2020,0.4749527614710823,2.2456246774545114,3.2151199636113117,0.05190817964219938,0.04013455467823497,0.2933538208746904,0.22681637162234253,0.07249999620985374,0.05605581012690113,0.0785652550168206,0.06074536893832131,4.40885282154604,3.161128994309939,2.53025302530253,,0.40485467600518077,0.3037097960650408,0.4062971870844053,406640000000.0,1.7992809322346328,416415821854.0,0.31101112613991416,1.5432296610291314,1.8425365142207257,3636.0,0
CSV,2021,0.6153238644098847,2.002620564570523,3.159853369152781,0.0,0.0,0.255349630870096,0.2034091735010194,0.060597141372610255,0.048271126929483175,0.08349902254166662,0.06651455537832322,4.916199121152166,4.299147081053926,3.2449406838799715,,0.5316757193687921,0.39104643987364585,0.5329652172076906,616590000000.0,2.2610117824833633,504648255492.0,0.32005206652490736,1.5571376754662167,1.8505257167276257,4299.0,0
CSV,2022,0.6574630788094744,2.992289771106157,4.310702999819487,0.0,0.0,0.20260227202521627,0.16846988962030507,0.08844440341601098,0.07354418453498188,0.01616577431947175,0.01344232810424358,5.935778804472331,4.269885030765224,1.4367816091954022,,0.31705825702846946,0.21530218883282837,0.317525413579293,453050000000.0,0.8880316514627306,389092937246.0,0.18490798156595992,0.7047180626335969,0.7626682344885773,7134.0,0
CSV,2023,0.37465513250724697,3.283200685664359,4.56247628467543,0.0,0.0,0.19894366584267686,0.1659324549688908,0.07026470405426188,0.05860550921287564,0.02248107488715917,0.01875073494079337,6.02654857476484,3.291489229864034,3.6917906865098415,,0.4733206886302451,0.42796415043779595,0.47390009212376255,679796000000.0,2.3874803900871133,673662503937.0,0.4241028208156514,1.946171499260582,2.36593921954023,4166.0,0
CSV,2024,0.5659721597420591,3.6835336688881575,4.8004081753092915,0.0,0.0,0.19625384448402866,0.16405702300474312,0.07863240295511194,0.0657322050145869,0.02152078487156475,0.017990148972810323,6.095441582961606,2.9172990220827355,22.568527918781726,22.568527918781726,3.1613733897999037,2.6475976596585697,3.164949646208315,4912825998600.0,15.01322679738501,4862410895938.0,2.620428183707784,13.379730829299337,14.859162034966447,1970.0,0
CTB,2018,0.1650089822589633,0.9389179013554011,1.3253263876991022,0.0,0.0,2.246744403553538,0.6919991610964179,0.6316223173199182,0.19454020360475932,0.7183979390822409,0.22126716790393464,1.445088457066305,0.3851561401838399,3.528880866425993,,0.7305464172076078,0.12196791700758146,0.7375792910448171,100878000000.0,2.7697301472589326,141086933287.0,0.17058307430760916,3.8737160977548495,3.8737160977548495,3324.0,0
CTB,2019,0.1695525182559732,1.2172989876613851,1.6552037342933186,0.0,0.0,1.3101391208012356,0.567125637155062,0.3497708525301034,0.15140683493069926,0.447494955824438,0.19370909387882726,1.7632777192306377,0.5087354937640935,5.790697674418604,,0.9165898167998731,0.3509382395301501,0.9193979553030155,204379200000.0,5.814138371443813,239946018043.0,0.4120097992079431,5.757284444283336,6.825936056990906,2580.0,0
CTB,2020,0.03924438191216203,1.2140433288300914,1.4803545077222657,0.0,0.0,1.4650953355550038,0.594336176140281,0.6778844768545044,0.27499320901594343,0.3586239422272854,0.14548075973156754,1.6825494394337024,0.3267465862247071,5.308592174263816,,0.7875123207674999,0.38946007873825084,0.7898641013755644,180028800000.0,4.246064984774797,323099680268.0,0.6989683146112119,6.255417139353991,7.62045983185961,2479.0,0
CTB,2021,0.09754089659165144,0.8958149404971602,2.0222563344477993,0.0,0.0,2.1271998482381407,0.6802251059958965,0.3757373680787511,0.12015137705076345,0.4955046354597323,0.15844994228267784,1.470101575471742,0.4355958981364488,6.916533758639022,,0.7646287947868435,0.29162845477959454,0.7659750969148156,177976800000.0,5.356825701827374,235562752082.0,0.3859873949486808,5.376901611295172,7.090073564341236,1881.0,0
CTB,2022,0.008876367053759514,0.6532935275407047,1.1027666216916432,0.0,0.0,2.397002090191489,0.7056227893154962,0.6986055807525587,0.2056535622305662,0.8857023154587628,0.2607305771215571,1.4171877880674326,0.3717424504127251,2.0362737015663646,,0.39095606094370094,0.09928923398665185,0.39116359204674517,101368800000.0,1.6496278347290019,277856246924.0,0.2721560669110214,3.8471939514827342,4.52170094722602,3639.0,0
CTB,2023,0.012665031399474985,0.963610871712857,1.2756734642524332,0.0,0.0,1.032335450537304,0.5079552444279696,0.10654438071981898,0.05242460376885668,0.6233698549850465,0.3067258679270893,1.9686773804769815,1.680530553617986,2.819822246162133,,0.5000949314899068,0.14448746900319115,0.5004051424056227,143229600000.0,2.207338106464338,170149493783.0,0.1716437783033666,2.313707535198136,2.6222056154791527,3713.0,0
CTB,2024,0.06297115659132388,1.1808192969839735,1.4970915121392017,0.0,0.0,1.330808916307754,0.5709644008123562,0.2178498321974921,0.09346533328977867,0.6825482979912355,0.29283751800317614,1.7514226781515991,1.0381475631784838,3.6218335343787698,,0.5399436051371521,0.23993534392080595,0.540115868361986,164296800000.0,2.744343675972684,206231402982.0,0.3011756930247972,2.8982495259413543,3.444801399422422,3316.0,0
CTD,2018,0.06245734357811761,1.5681110311728907,1.7311957878729285,0.0,0.0,1.1127882343031381,0.5266917981821162,0.0,0.0,0.7300541859145876,0.3455406339648525,1.898643577613157,,5.305333115432805,,0.9583673429146482,0.2671836272469319,0.9700027885159548,7630993450000.0,4.369923863199849,7078160219020.0,0.24782730242714354,4.053341344258049,4.053341344258049,18357.0,0
CTD,2019,0.10386017484095761,1.699170391554579,1.9100990056911689,0.0,0.0,0.912603471851144,0.47715247058914206,0.0,0.0,0.5397456804110163,0.28220469551308236,2.095766157859973,,3.634721751890733,3.634721751890733,0.3013170516792691,0.10752993561903329,0.3048381419557934,2552011000000.0005,2.977660346946829,1751219581638.0005,0.07378829043774676,1.8857399010702054,2.0433051060674456,8859.0,0
CTD,2020,0.2427818073800484,1.9772935986354165,2.2366354618601956,0.0,0.0,0.6856733937762463,0.4067652703707925,0.0,0.0,0.3937750035912778,0.2336010077902119,2.4584203048810833,,12.173390970220941,12.173390970220941,0.4783419518366087,0.2759590670069291,0.4836982498072052,4017435950000.0,10.0111562280063,2620671123245.0,0.18001480723113733,5.719685125133771,6.530520551803806,4164.0,0
CTD,2021,0.1559096433832891,1.948851653317409,2.2470775976069834,0.0,0.0,0.6883309899289504,0.40769907917043996,0.0002090574032562125,0.00012382489245489135,0.379890103480813,0.22500925810572237,2.4527894495978164,24.582350720796605,224.4891640866873,224.4891640866873,0.696785417673335,0.6330506280475491,0.7059984322574765,5746780050000.0,-789.1366461924814,4863793764788.0,0.5357831117084073,69.79310305326823,-667.8866888800982,323.0,0
CTD,2022,0.10408559298534756,1.4303058219742468,1.7078038121330685,0.06380758505418187,0.027632788910947326,1.309125773001621,0.5669356724990753,0.06733372430232037,0.029159834033117046,0.631675357833975,0.27355606403927635,1.7638685454241392,0.070777883898473,77.78571428571428,77.78571428571428,0.20902638339804933,0.11810833777341119,0.21189524944354987,1716934824000.0,-32.07098105969335,1729684433346.0,0.11898538630552041,38.65281696817574,-32.3091336524059,280.0,1
CTD,2023,0.2229916915135969,1.3562727016788103,1.560484470230496,0.059036425984910136,0.022923850299489547,1.5753276702485146,0.6116998968509891,0.06921639252652505,0.026876732357652096,0.6863268003018809,0.2665007673511509,1.6347885705849665,0.49509538969281247,26.793118659020735,,0.7487047121591266,0.3808447765246441,0.7581753602999438,6294684273140.0,26.42029407230506,4530779691643.0,0.27412395987978994,13.496133648875526,19.016765041072198,2267.0,0
CTD,2024,0.13523555082686745,1.0858642454580327,1.3551165357392683,0.002137981331215906,0.0006860628318983023,2.1163054341542105,0.6791071924336557,0.3031425221479394,0.09727625502479498,0.8211608079625836,0.2635045971305611,1.472521585902204,0.18773928877466856,16.50844730490748,,0.7342423982493208,0.2785176589361938,0.7554683209367183,6379663547160.0,17.035937019252255,6553566255269.0,0.28610974820346313,12.695440944137216,17.50031818307416,3729.0,0
CTF,2018,0.04194094107324223,0.8161552249323866,1.1139380584974197,0.0046030640141908035,0.0012733786269070251,2.614843155779536,0.723362824635651,2.1492366732079744,0.5945587624657243,0.1383322064936558,0.03826783086632279,1.3824321155896941,0.05618144405995402,4.255244755244755,9.361538461538462,0.8198211347918936,0.06439705968304918,1.1998423834792271,219060000000.0,6.52654877205138,765366846289.0,0.22499486204647062,22.802903546134896,22.802903546134896,1300.0,0
CTF,2019,0.029349449220436252,0.7277739556233948,1.1781666932056383,0.0050624453349907604,0.00174266395161218,1.9050037618023665,0.6557663665882605,1.4871636820108458,0.5119317577365742,0.18608698781909389,0.0640573999476128,1.5249333466165325,0.017361313463338093,15.208333333333332,23.38954468802698,1.1861675160765737,0.09941851568234425,1.7721979834693313,631639356160.0,105.66594821075876,1396562622240.0,0.2198155982626465,95.6507913496788,233.6287507666205,593.0,0
CTF,2020,0.04553310678183161,0.7693983278330039,1.1137418756713118,0.14472281764240427,0.04880022178308156,1.9656180311167746,0.6628021580974047,1.2144899598248555,0.4095233934653109,0.2630224372797751,0.08869059822270088,1.5087458418520132,0.0034748440031112365,659.5454545454546,967.3333333333334,1.2412994850743921,0.11707702605265972,1.8052553318477307,660784935680.0,-100.54240065157148,1344756055978.0,0.23826215051072552,557.0995796470917,-204.61271868982683,15.0,1
CTF,2021,0.06280316883947658,0.9861766700862326,1.3542675548018568,0.08247352897054172,0.0379970840751007,1.1705225802994241,0.5392814573428443,0.740306936177799,0.34107313275481954,0.17039505906052926,0.07850416328634702,1.854319273143963,0.09034002126408379,21.16059379217274,21.16059379217274,1.3983217473458458,0.25177993926291636,1.7322545667250622,1135197127680.0,24.139727806687727,1747678967763.0,0.3876247513537441,29.69552937129339,37.164025125303425,741.0,1
CTF,2022,0.05060047396316828,0.8534594746924152,1.1768220352767007,0.1392480622078646,0.05095786803388097,1.7326116178031832,0.6340497151205389,1.2791697249826923,0.4681125252665982,0.13873802639919808,0.05077122028440073,1.5771633929523814,0.11489959128360794,17.71315267680106,17.71315267680106,2.203299226025344,0.3230410730751026,2.784858758204151,2037270125600.0,15.473013804428092,3274253893850.0,0.5191842152390698,22.88985605199747,24.86787346563714,1513.0,0
CTF,2023,0.027554863161149044,0.8909149880204931,1.1674048111805837,0.30660469930493484,0.09008859596814457,2.403368606314506,0.7061734664459705,1.729236935735667,0.5080956945208032,0.2052165630370757,0.060298071345055944,1.4160826588866324,0.014973928246305468,56.61508704061895,56.61508704061895,2.434853643259628,0.3684994294813088,2.919240051041674,2616634472010.0,153.16403587266265,4743287410480.0,0.6679949849032925,157.11908359858248,277.6471268205211,517.0,0
CTF,2024,0.028548814965609414,0.8960189647616185,1.1499435733833128,0.3221257338075232,0.09229814084157342,2.490056580450964,0.7134716939543754,1.81885112275414,0.5211523311519263,0.19336691721143023,0.055405095233855645,1.4015973001781727,0.02506921050876605,41.348747591522155,41.348747591522155,1.8286943196179715,0.2511271285352418,2.14137485925152,2052731814140.0,50.718665558815154,4386974744623.0,0.5366937672933939,78.88927160695336,108.39287594941882,519.0,1
CTI,2018,0.4832221220948597,0.7940388372218993,0.9934243442105938,1.5275768856092522,0.5068989284085141,2.0135729235122093,0.6681679768895267,0.20374028750758516,0.06760755179275148,0.06647643612760142,0.022059010289396136,1.4966296419281069,0.311487081958447,10.752043596730246,,0.8455087347014254,1.3553519759162846,-1.2889228430801154,1242989940810.0,7.8499883194651465,3463670583641.0,3.77677454606089,21.874492086668486,21.874492086668486,1835.0,0
CTI,2019,0.10985756961193072,0.3820384580436678,0.6479395917852916,1.5209744182957452,0.48944135645651116,2.1075723337059076,0.6782053987437007,0.2246844835233033,0.07230225378385893,0.11664336812103183,0.03753520613369917,1.4744795630532987,0.428074736842462,15.675902602854745,15.675902602854745,0.8074761568080936,1.4764980570067,-1.3412775514821218,1176209943990.0,12.15419636030129,3635541979619.0,4.563701145787441,16.079570846507213,37.567350388582895,1191.0,1
CTI,2020,0.27343420305507915,0.693375544982834,0.9883850945443929,1.7531664682007637,0.5220017094880388,2.358545453654182,0.7022520570885903,0.29843361954780667,0.0888579963159657,0.09610317867299871,0.028614523757133026,1.4239901327534998,0.1787450111175579,9.945578231292517,9.945578231292517,0.682688896903242,1.0067702037935595,-1.035236353171734,921059956140.0,21.898388013726315,3504730332298.0,3.8308668695969295,33.83073854336496,83.32567732265191,1470.0,1
CTI,2021,0.38851653689530363,0.6569107012494855,0.8642652792666529,2.1894699327854874,0.5778566357887128,2.7889500564393344,0.7360746420237194,0.1903592949013104,0.050240645050940724,0.11023451734854321,0.029093684452556785,1.3585578729497598,0.24276241667423845,-240.625,-240.625,1.3528060642052455,2.2373937867531835,-0.8701546466500313,1697849919150.0,902.5729229464732,4466908114162.0,5.886405122089285,42.77631354514048,2374.597582306287,-112.0,1
CTI,2022,0.08970859248657959,0.43199460634923137,0.6813193234240046,1.7470306644672184,0.5221949891459501,2.345552333476978,0.7010956935291112,0.24607794158749413,0.07355375646799384,0.07747842761548672,0.02315863567286202,1.42633881398742,0.46989545757448165,7.8443483631871525,7.8443483631871525,0.5953137138531363,0.8950028830898157,-0.46723927009466726,800099961900.0,7.0370060768376,3425497439392.0,3.831808811729205,13.197606881232495,30.127793332161065,1619.0,1
CTI,2023,0.036884498271098985,0.31595865411664964,0.5869628431040976,1.4843559654330039,0.4636824873367764,2.201233615611849,0.6876204238506126,0.25828111498994244,0.0806817452279494,0.08545514053159231,0.026694440579045135,1.4542907181262734,0.3744997614866744,11.449814126394052,11.449814126394052,0.6877839688957107,1.191323512548447,-0.6302321050621911,970199953800.0,10.359090097579504,3405342188595.0,4.181472284818008,15.527434521797954,36.359769351232245,1345.0,1
CTI,2024,0.04947610189823489,0.18836361160427115,0.6431012803731946,1.1904292942967443,0.3977339033019251,1.9930294712469447,0.6658903597152407,0.2858786881396939,0.09551482565943202,0.0950881501909797,0.031769867655651395,1.501748726964056,0.40767024245062616,10.564159292035399,10.564159292035399,0.7895719766007057,1.082503406822849,-0.914858327755182,1203299942700.0,9.576682992455366,3416118577416.0,3.0731822274220777,13.43905598949682,27.18780540049188,1808.0,1
CTP,2018,0.003288062587776403,1.7106409023047713,2.2107983175144956,0.0,0.0,0.41542125831293436,0.2934965515553174,0.15641644462587498,0.11050875752163741,0.22304843902405513,0.15758449134069846,3.4071950580023183,0.3385947918469746,6.537102473498234,,0.30960834282641525,0.24344054547771685,0.30960834282641525,44769970400.0,5.507055223130113,67190715839.0,0.3653552675765099,8.264981622748987,8.264981622748987,566.0,0
CTP,2019,0.06139426389839518,7.197998948575142,13.062612457109122,0.0,0.0,0.059857951547281615,0.05647733402376731,0.0061010810045818206,0.005756508214779991,0.02122731182283628,0.020028449842591292,17.706218207452405,4.499514595429897,7.909604519774011,,0.34080308639053214,0.35016065756349724,0.34080308639053214,50819966400.0,6.3854308169156795,51181749112.0,0.35265341939123873,10.060405291646827,6.430888117301304,531.0,0
CTP,2020,0.007821062403331556,1.1149062387876207,1.5231307434591304,0.0,0.0,0.48519255502254977,0.32668663290948363,0.0,0.0,0.45540763171799353,0.30663204591076004,3.0610373956655708,-4885.487717568056,949.9999999999999,,0.3082450349394483,0.4250362552128111,0.3082450349394483,45979969600.0,73.2794007636949,45413922631.0,0.4198037488394636,-4.373794716342813,72.37727788163832,4.0,0
CTP,2021,0.032475027172089506,7.92221028807374,9.743285130661583,0.0,0.0,0.11214722012542477,0.10083846643322736,0.0,0.0,0.08075759697532092,0.07261412474349692,9.916850537013811,,118.6046511627907,,0.8216728389686515,1.6483810209151628,0.8216728389686515,123419918400.0,857.7628952056367,122872871754.0,1.641074734211106,853.9609455611335,853.9609455611335,86.0,0
CTP,2022,0.015082536334240792,5.212967582926678,6.4556235960326,0.0,0.0,0.18327925780952406,0.15489095798806526,0.0,0.0,0.15160195772543575,0.12812018526047683,6.456154787789823,,66.10169491525424,,0.3188603860956459,0.40084151878067636,0.3188603860956459,47189968800.0,49.06371053141068,46780861885.0,0.3973664786117098,48.638359471336265,48.638359471336265,59.0,0
CTP,2023,0.006410864945037008,3.525541316145959,4.277991238514283,0.0,0.0,0.30504599295188073,0.23374348076568385,0.0,0.0,0.2731908579414821,0.20933427589287662,4.278194184172563,,500.00000000000006,,0.3676405952714275,0.6172788359658484,0.3676405952714275,54449964000.0,204.84544096531633,54160325634.0,0.6139953143566234,203.75579655703456,203.75579655703456,9.0,0
CTP,2024,1.0640616990674783,9.800106969469887,11.747440250003196,0.0,0.0,0.04605571759939456,0.044027977501130015,0.0,0.0,0.001220735126834643,0.0011669886281355283,22.712830721654978,,852.9411764705882,,2.362689866496011,9.28883101718214,2.362689866496011,350899768000.0,652.5079610068349,343621522057.0,9.096165182572587,638.9738585278238,638.9738585278238,34.0,0
CTR,2018,0.274423229554781,1.1767207966774358,1.4618242923861327,0.0,0.0,1.9914791671850356,0.6657172107466173,0.0,0.0,0.6060372235567105,0.20258781348191304,1.5021393226088848,781.906404438737,2.8899082568807337,,0.5471980531658241,0.09926483175606214,0.5592267773824932,424529002169.99994,2.4802953932580376,535247104.99993896,0.00012515331945321892,0.0031271619182673236,0.0031271619182673236,2834.0,0
CTR,2019,0.5131451373442396,1.1229027814990293,1.3514128358170296,0.0,0.0,1.8182950676528398,0.6451755490482302,0.0,0.0,0.2923376748901804,0.10372855498542527,1.549965744168716,,7.119970193740685,,1.3377689990185684,0.22744204333295928,1.3662244363633143,1159929396990.0,5.215655469423639,350917317561.0,0.06880880159957088,1.3247075970273128,1.5779096826082775,2684.0,0
CTR,2020,0.17999173646986164,0.8535758421545997,1.0929317456882326,0.016544469817769858,0.004524603834893202,2.656556556439459,0.7265186564012177,0.02804323132103773,0.007669300580528853,0.6638483949283946,0.18155015099091243,1.3764271449730716,14.393017213579832,10.161870503597122,,2.676098447286548,0.4464361796156071,2.7251943113045716,2838971297400.0,8.253019196302484,2382171884818.0,0.37460319391739755,5.563323057527402,6.925082445285811,3892.0,0
CTR,2021,0.2685017390977346,0.9834395034860154,1.2107425058133412,0.1140032809903363,0.03772982016925945,2.0215696888802297,0.6690461902367731,0.023312759011841322,0.007715446411060884,0.3094792962814438,0.10242335214718627,1.4946651136988067,16.97752124471186,16.074789499752352,,4.598320728292726,0.8099609629305473,4.692323303167553,6031688596430.0,12.75425687326738,5543663766530.0,0.7444268998169812,8.82285808041397,11.722308034800939,4038.0,0
CTR,2022,0.09997025778732316,1.0123807935824076,1.2101820881695837,0.16421316071534697,0.04436160672934108,2.701695516062885,0.7298535236999726,0.7309820070762898,0.1974722134503814,0.31694813956919476,0.08562242307446727,1.3701379352538126,0.6359616593104684,11.696406132194019,,3.2518160823313376,0.5623238873421966,3.3108927179587764,5323518808660.0,9.33204828472125,6375173629927.0,0.6734103037694316,8.218652554757684,11.175583345583348,3979.0,0
CTR,2023,0.17786522840626665,1.0645556211357603,1.2362157851569702,0.18916550579294708,0.05402737223958126,2.501290141487977,0.7143909931511645,0.5989377321918374,0.17106201085560455,0.2910590265732058,0.08312907951396215,1.3997936838327425,0.7153233591235247,18.744003488879194,,4.924444434496589,0.8647543626403495,4.981875840778449,9832610158840.0,14.946505958117589,10587685924565.0,0.931161456177731,11.55686685937579,16.094293193543827,4586.0,0
CTR,2024,0.19062715772902109,1.0339601259370532,1.165163025107317,0.30718389091887455,0.08062153115187974,2.810196687286711,0.7375463572952418,0.5641127376697253,0.1480534428975731,0.3257781083862649,0.08550165125944079,1.3558469784424647,0.8705848901537985,25.840595111583422,,7.456602384376034,1.1028996864279152,7.5257238666143484,13907035168820.0,20.617187466652364,14645080513745.0,1.1614304925707197,15.115129557238218,21.711340105981595,4705.0,0
CTT,2018,0.004512271204702792,0.5683705842854998,0.778478756341549,0.30670584098376025,0.029380502346071636,9.439094518231368,0.9042062510063925,2.991968095015339,0.2866118406907815,5.275234291071812,0.5053344695614044,1.1059423653474945,0.049767480097419804,2.8715814506539834,,0.3851926773561652,0.015280188186550511,0.38639983094111285,22688205330.0,2.3657166736090947,214574807114.0,0.14451312411472686,22.373880681290764,22.373880681290764,1682.0,0
CTT,2019,0.006952889359260553,0.49464585042259246,0.7130174609008152,0.34655219335509424,0.040949831246791295,7.462847899580759,0.8818364678337727,2.9743906698914993,0.3514645075966505,3.1981606011621957,0.3779059530681899,1.133997103177753,0.3164081135402312,3.509711989283322,,0.41978025840067706,0.016400663139992992,0.420505790998386,24614119240.0,0.7919738411165924,216463872996.0,0.14423230132144357,3.610823256690878,6.9648531108528235,1493.0,0
CTT,2020,0.004833095433764359,0.4624647712472941,0.7737479078521681,0.39028695005924213,0.04420569928755414,7.828883070494151,0.8867353897412042,2.9400682131421365,0.3330056802958181,3.8519747268864513,0.4362924161675251,1.1277321414811834,0.1260364739920064,3.5254237288135597,,0.5515018570854784,0.022916222298340914,0.5652507223651229,34196715280.0,3.3429669991034627,238485964868.0,0.15981644263786174,9.633575407756801,23.313663425719284,2065.0,0
CTT,2021,0.0034822207009304255,0.583009613997524,0.8071091765088154,0.31859793152185556,0.03757967851226218,7.4779312685684,0.8820466964968847,2.657074961331147,0.3134107693444212,3.533496942074364,0.41678763723582735,1.133726824182411,0.23484936607701296,4.972222222222222,,0.7814222761704056,0.02438019694942281,0.7925641814076795,50449549740.0,4.208256113386236,240961624459.0,0.1164468640818295,5.516804791992513,20.099846964879276,2160.0,1
CTT,2022,0.004508369900738061,0.6625601347281628,0.8822579983052995,0.24751238355757463,0.024005420677614228,9.310687193596541,0.9030132539932886,2.8326934267590294,0.27473371789595896,5.403338572042792,0.5240522256749811,1.107403457898119,0.2291211766375803,5.646589902568645,,0.9249856430682079,0.026496361454966637,0.9298579546277583,59891225250.0,3.827406408168993,256695316442.0,0.11356407987736522,5.700949698813289,16.404361323315527,2258.0,0
CTT,2023,0.010369045714309902,0.4937786695515968,0.9059733591514589,0.34918093209240536,0.03387397540887978,9.308235979910126,0.9029901913432216,0.8424410304763271,0.08172504317112773,7.348889139713273,0.7129143292834614,1.1074317413265296,0.6551069483217549,5.88074824629774,,1.0647129170987988,0.031132324822662538,1.0647129170987988,70883026590.0,4.71674273623716,144051465132.0,0.06326841868096184,3.1826638521186563,9.585562785513693,2566.0,0
CTT,2024,0.011694681447360458,0.5835336274796811,0.9429685627196879,0.25092304359055695,0.023342073895428295,9.749817891704213,0.9069751683168779,0.1290197792227791,0.012002043245992614,8.189634050448014,0.7618393290892929,1.1025660182690045,4.051646515256208,5.010585744530698,,0.9722935869741502,0.0290936203001417,0.9722935869741502,66702384200.0,3.8964249245058276,85146766316.0,0.03713851789097816,1.501444136231052,4.973854930282022,2834.0,0
CVT,2018,0.09295420852003287,0.23471632304884307,0.9444427130162252,0.04602081486201346,0.02186276423569107,1.1049861017521405,0.5249374809802194,0.588433505980179,0.27954270362658495,0.34041301710420424,0.16171746541264692,1.9049887581521003,0.48903837060233235,3.588331366307834,,0.8706615914513792,0.38058977332295757,0.8706615914513792,552197849350.0,2.767536763435525,892156065514.0,0.6148982201621371,4.471358794566785,4.471358794566785,4194.15,0
CVT,2019,0.15035409945379144,0.23625362097437252,1.182600096870085,0.01406278269234566,0.007972930226543247,0.7638160993217088,0.43304746998025534,0.3539969046224948,0.20069944069488163,0.21657468709761796,0.12278756678822904,2.309215661843249,1.1629920206433644,4.245457829234082,,0.9499951752546273,0.45236885241198116,0.9499951752546273,664105054700.0,3.2599096923726476,842597268843.0,0.5739525047346059,2.626848275232285,4.136079049584769,4263.38,0
CVT,2020,0.26025362875750296,0.4740004496298004,1.3404512010109868,0.04753105239823609,0.026038549219305953,0.825410931995965,0.4521781465904958,0.4168435629579926,0.22835601324146884,0.23988861119489546,0.13141622359661959,2.211517755867193,0.8322966787878799,12.57680399332738,,1.887355753528462,1.1023901911587182,1.887355753528462,1441218041360.0,9.567216944400814,1641231291008.0,1.2553806743375633,5.884997588014876,10.894962015737335,3123.21,0
CVT,2021,0.0914270615656602,1.2414194829706098,1.7731926682856345,0.9029471870161461,0.2891936315301434,2.1222927774674374,0.679722540045997,0.7976585952343127,0.25547206879212386,0.22238468708445847,0.07122480271207614,1.4711885233823934,0.3327831309167414,17.72497078301519,17.72497078301519,2.1476312176252748,1.157157872717509,2.1476312176252748,1669890358500.0,13.815354713497692,2906473955621.0,2.0140539182562387,13.013378772781374,24.04587131008749,2567.0,0
CVT,2022,0.13163512540341443,1.2637677833417622,1.772247742680418,1.3473453189558078,0.34826179613036884,2.868771521672852,0.7415200162640773,0.7027130070578822,0.18163724663534278,0.41079622353495604,0.10618260117809393,1.3485812629012977,0.3500538544795795,16.016228748068006,16.016228748068006,1.7446434153957813,0.7523156447591579,1.7446434153957813,1520837266150.0,12.218842165706866,3134315791235.0,1.5504583283463547,11.563969814284464,25.18199073825549,2588.0,0
CVT,2023,0.12248284705067103,1.2617297165871904,1.7161191442986075,1.1171743469969917,0.307494263265202,2.633155087623445,0.7247571392130883,0.9140765591682618,0.25159304712372915,0.3163450587856273,0.08707171897595983,1.3797725415795963,0.19580436426801592,27.82294489611563,27.82294489611563,1.2397786105699315,0.6169224237039087,1.2442131271909578,1130079319600.0,17.368720125278415,2812347142243.0,1.5352904749229719,13.99200032735707,43.224284845806174,1107.0,1
CVT,2024,0.18555208092985886,1.1027785705403037,1.5391920561953019,0.48444941624509996,0.1409978617528829,2.435863567166434,0.70895235493163,1.2857102271259564,0.3742029338453287,0.2501331009710169,0.07280064999126327,1.410532023828933,0.14136795361743315,15.552147239263805,15.552147239263805,0.9583727518762417,0.5433385294053166,0.9612547418049775,930113985450.0,10.538016734398457,2336003065816.0,1.3646074463149838,11.774354065878525,26.46647592043807,1630.0,1
CX8,2018,0.09877272500793925,1.048928311892679,1.2238580691490442,0.0,0.0,3.2456314963454744,0.7644637786249765,0.043123812202770256,0.010157219777526635,0.32490510265973965,0.07652692018593918,1.3081064505092408,1.34670959,13.678639529906214,,0.5579227575471977,0.14417490284591025,0.5579227575471977,15525234780.0,9.60689353225739,8007223381.0,0.07435898196582223,4.954807035148041,4.954807035148041,513.94,0
CX8,2019,0.05094316127420747,1.2966404917444485,1.4156413920356954,0.0,0.0,1.8167658878898465,0.6449829201996121,0.3556287386801986,0.12625427629933936,0.08677547611575173,0.030806776128902483,1.5504286527316344,0.15617388102126795,23.673182123548422,,0.5900015401329188,0.13483693742371852,0.5900015401329188,16342352400.0,12.585785436335955,23718107456.0,0.19569257182666702,15.417478591745231,18.266098055575895,312.59,0
CX8,2020,0.16266677679164776,1.1906085343645412,1.3269274095945773,0.0,0.0,2.374723397291627,0.7036794183480203,0.46321468268476795,0.13726004420288768,0.016056029804351737,0.004757732090647029,1.4211016748900105,0.048045673161685565,58.21052631578947,,0.44350132696266775,0.2462856508619271,0.44350132696266775,12212595780.0,29.452519020492602,14556850152.0,0.29356112154764713,23.6294999759336,35.10604245842325,95.0,0
CX8,2021,0.1152206177532078,1.0817853386842684,1.4228297277396595,0.0,0.0,1.8983227553138,0.65497286381698,0.39445549355619025,0.136097849293352,0.016028493735483464,0.005530265290881335,1.5267808106923821,0.04007996384696897,312.38095238095235,,0.5252041847336839,0.20545347981115997,0.5252041847336839,14487274560.0,60.88931336644976,19449466737.0,0.2758255602210425,44.59887002580639,81.7451667706596,21.0,0
CX8,2022,0.11190474499785266,1.1165094501993906,1.3026875138387612,0.0,0.0,2.9702548170310865,0.7481269978666535,0.6563112043869791,0.1653070733827008,0.015760228788782287,0.003969576139338989,1.3366714513065072,0.048893954440324454,25.28301886792453,,0.4219480013649043,0.1278704870574491,0.4219480013649043,11837163360.0,15.087765994586773,21114632034.0,0.22808997393328168,23.454697075725377,26.912919717515646,212.0,0
CX8,2023,0.16117108115421072,1.1256483450764576,1.3441275244742428,0.0,0.0,2.8443527148640535,0.7398781864802532,0.598706477876087,0.15573661479114798,0.005977633861550743,0.0015549129606236267,1.3515738377924045,0.03887121204271878,49.86013986013986,,0.6817470980726135,0.21645431280933497,0.6817470980726135,19052479410.0,32.09479171137384,23425349324.0,0.2661342800131145,36.017688125113786,39.461095385062634,143.0,0
CX8,2024,0.058931868574878574,1.311573142215987,1.5117387976435657,0.0,0.0,1.9634710217052824,0.662557861144677,0.7200484808031136,0.24297469944172867,0.004560481272151843,0.0015388985546845625,1.509302143472174,0.034642977956137265,42.61538461538461,,0.7877478976420875,0.2475832078005008,0.7877478976420875,22205624670.0,34.35251918377202,39392012149.0,0.4392040698923387,56.021594698259676,60.94018399149601,195.0,0
D11,2018,0.2553707689088341,0.5673136914279983,1.58630667039699,0.520826651410084,0.08919612091926513,4.839117733399017,0.8287412507063994,0.5359878926944521,0.0917926161393645,0.13856092298448222,0.02372977037128935,1.2066492396120305,0.3460627620538903,5.333333333333333,,0.652300113521392,0.3126795161168411,0.652300113521392,61326392400.0,3.4799900766816365,74187527442.0,0.37825346110640334,4.209800205232789,4.209800205232789,1755.0,0
D11,2019,0.44290768663845187,0.7836238790765633,1.2638528204184176,0.5625320730306429,0.09579336452493878,4.872349048604444,0.8297103949844996,0.16284826011370218,0.027731365892223803,0.12149446426350234,0.02068924433100164,1.2052398114388836,2.265140827559434,3.599568267674042,3.599568267674042,0.7986651521330201,0.2199411409454685,0.7986651521330201,87403213100.0,2.202611170873471,-31204666161.0,-0.07852331321527574,-0.7532475712837748,-0.7863755099135593,3706.0,0
D11,2020,0.19272802175029732,0.6854050909704916,1.3564224214087002,0.5664263522997692,0.11204216659923047,4.055474822491157,0.8021946434089379,0.5176600487681708,0.10239593053953466,0.12414569125041057,0.02455668272703137,1.2465802510853043,0.6254111311201973,4.312557286892759,4.312557286892759,0.9549826435704089,0.6551013539982973,0.9549826435704089,123307981300.0,3.1021918426300017,180677082450.0,0.9598875928516801,4.2910236564158275,4.545488178603231,4364.0,0
D11,2021,0.14989210823930274,1.0363230894713478,1.4263966444748735,0.0,0.0,1.1987660221673915,0.5451994482731414,0.35920774489734536,0.16336788056387336,0.044493700058080295,0.020235759334784283,1.8341911444837093,0.964708016857911,4.830050549067457,4.830050549067457,1.0915380581139102,0.6082130122528528,1.0915380581139102,181554950150.0,3.2045914012474612,214603655712.0,0.7189268911325779,3.515878818303878,3.7879277276811054,5737.0,0
D11,2022,0.09716038702750962,1.5132840549934556,1.7440122811174437,0.0,0.0,0.8813967243774491,0.4684799930589343,0.05410422533559066,0.02875747822591413,0.03838268538854211,0.020401165204134642,2.134562873156039,2.7111805011892343,3.7306091562618238,3.7306091562618238,0.3523257526869521,0.4824231324974853,0.3523257526869521,64602374900.0,2.3630767968411504,61286973627.0,0.4576651221289406,1.9296415118652244,2.241803425195429,2643.0,0
D11,2023,0.1836521247834674,1.4730475326035315,1.7473815677285616,0.0,0.0,0.8863556932809588,0.46987728583643246,0.03278253704771688,0.017378767516903378,0.024289161938810807,0.012876236451760805,2.12821523862319,1.6188720862427046,21.018181818181816,21.018181818181816,0.4070447227247672,2.171683500850411,0.4070447227247672,75740715400.0,13.361920488200827,55215155507.0,1.583162260590974,5.55918330203385,9.740870728931325,550.0,0
D11,2024,0.10468431213536801,1.4550220433907883,1.7369235942432364,0.0,0.0,0.9280885335747884,0.48135161711379415,0.03226112186733347,0.01673217868658732,0.09763460150802065,0.050638028185874026,2.0774834122217034,0.48222429852459014,21.144859813084114,21.144859813084114,0.35122391916240364,0.6247786549062526,0.35122391916240364,66410148900.0,99.75457185811533,56287158886.0,0.5295427882603287,19.135085320871774,84.54884575304185,428.0,0
D2D,2018,0.24519191432689758,1.6281385609670136,2.223839645690216,0.0,0.0,2.35314888724869,0.7017728607868303,0.0,0.0,0.031640953026452236,0.009436190903057133,1.4249624855523713,,1.5333948096429983,,0.26256867325694205,0.4408433281945627,0.26261311111326263,124548000000.0,1.039933321220188,10103144086.0,0.035760539423366516,0.08435780730417254,0.08435780730417254,7591.0,0
D2D,2019,0.12193307569180763,1.891304694353126,2.1901743322874054,0.0,0.0,1.632748124815637,0.6201687542479869,0.0,0.0,0.0010592030207720116,0.0004023184028841286,1.6124643383760835,,1.7891331616821813,1.7891331616821813,0.7260039443922475,0.7577110294520893,0.7260679722282827,578720066400.0,1.2351942310228436,498602724206.0,0.652814383637803,1.0278059248170246,1.0641953584616972,15147.0,0
D2D,2020,0.06434347957338558,2.645592162565416,3.0337891419531653,0.0,0.0,1.066871198994136,0.5161769149008123,0.0,0.0,0.007316369387088961,0.003539828408586634,1.9373202697221714,,3.950617283950617,3.950617283950617,1.0203764937022712,2.7683742141277627,1.0204431514448717,989147301120.0,2.863657798718469,962422523184.0,2.6935782903734933,2.655287395168497,2.7862875034461765,8262.0,0
D2D,2021,0.18727941387425825,8.146780170735857,9.144521778962837,0.0,0.0,0.6280945765154159,0.3857850677567617,0.0,0.0,0.0019974270007001587,0.0012268494898958625,2.5921169158120505,,4.335881819359855,4.335881819359855,0.9243403456085484,2.146877903388481,0.9243878306715545,1013997202680.0,3.3489913618579537,996354696917.0,2.1095244415812084,3.1002691058900225,3.2907223654093882,7717.0,0
D2D,2022,0.19012568271705446,4.855719816522049,6.490718466866758,0.0,0.0,0.6556402851786366,0.3960040662503545,0.0,0.0,0.015914430623549945,0.009612251384565002,2.525226595445609,,30.066079295154186,30.066079295154186,0.41167084553069155,3.1589502976352852,0.4117160787570056,413659946700.0,20.18283740933942,396936297158.0,3.0312386878463817,8.898412376010667,19.3668756458435,454.0,0
D2D,2023,0.39207912145303697,3.1185059183563015,5.176056405980917,0.0,0.0,0.6642202390027083,0.39911799137880055,0.0,0.0,0.00561144000316541,0.0033718133403593817,2.5055247360445496,,22.184986595174262,22.184986595174262,0.5354747656159838,2.574221282846011,0.5355261468257004,501543744900.0,16.135695464164332,472311466748.0,2.4241838168619494,7.877952343471351,15.195232856902699,746.0,0
D2D,2024,0.2628096784933299,0.8243057699711267,1.5860473725268094,0.0,0.0,1.0303537359731194,0.507474987100849,0.0,0.0,0.01612380031294473,0.007941374957116437,1.9705404707981655,136.24157007640198,10.601813685078318,10.601813685078318,1.0437058060679285,2.2506215802922296,1.0772369992016093,779438375760.0,6.917271128131341,714816111988.0,2.0640253516028393,5.356751635275794,6.343768804758205,2426.0,0
DAD,2018,1.22885449818336,2.6751110296412692,4.284780492898929,0.0,0.0,0.17779172370023594,0.1509534496826591,0.0,0.0,0.07820403450537766,0.0663988657176892,6.6245587769093275,36.510616006738445,4.204710399400665,,0.563866962225357,0.3294381181839781,0.6250982101682622,44900000000.0,3.077711369021647,27502706286.0,0.20179153237920947,1.8851980359751739,1.8851980359751739,2135.7,0
DAD,2019,0.12266339279987949,1.4435302270085153,2.8155282864556552,0.0,0.0,0.33971242865251444,0.25357115556074816,0.11979140470800828,0.08941575978995338,0.11060197229190982,0.0825565023705524,3.9436662178259057,1.6155738960645845,5.184866723989682,5.184866723989682,0.7223421703892899,0.35068181375086915,0.7990588711754144,60300000000.0,3.5684958199204533,66821429966.0,0.3886079644760126,3.847313162957838,3.954427753147236,2326.0,0
DAD,2020,0.9508109611322074,2.294477724701452,3.285200602423918,0.0,0.0,0.30496457077286887,0.2336956708274867,0.0,0.0,0.18274405437614943,0.14003755999898046,4.279069425886782,36.79873434979342,4.7378134838779715,4.7378134838779715,0.6254398041538279,0.2850849522986403,0.6883284716137337,54550000000.0,3.3995092771153956,29259768446.0,0.15291511808794078,1.692486392449074,1.8234437081287869,2302.75,0
DAD,2021,0.7509844480539272,2.0210679288419637,2.7128835801706392,0.0,0.0,0.4196698236837835,0.2956108643591628,0.0,0.0,0.18102263536783553,0.12751037765817613,3.382825601379166,144.95378118371713,7.742207245155854,7.742207245155854,1.0066827193832517,0.35125757934977603,1.1023512110130802,91900000000.0,4.960479724174718,63128561001.0,0.2412881994020232,3.165819619206159,3.4074858200412113,2374.0,0
DAD,2022,0.7386006085697137,1.336550586924166,1.9269946745290918,0.0,0.0,0.7727428011244554,0.4359023771718619,0.0,0.0,0.36462138182371195,0.20568205471906678,2.2940916415459993,,5.425257731958763,5.425257731958763,0.668569220481353,0.17229102352789138,0.7293936659720602,63150000000.0,3.2545330237032495,9239717801.0,0.025208557989598857,0.4424039223545726,0.4761831625186582,2328.0,0
DAD,2023,0.7865785607915755,1.670915889757416,2.0675129588607195,0.0,0.0,0.6970609139188715,0.41074595979540346,0.0,0.0,0.2889169610190992,0.17024548656413813,2.434594853953304,50.66366396267769,7.306338028169016,7.306338028169016,0.8464758543112978,0.18871790501416072,0.9204112793226485,83000000000.0,4.570920844177835,29237883909.0,0.06647846022112916,1.5390251456940023,1.6101693132445762,2272.0,0
DAD,2024,1.0340986942832702,1.7913656745859852,2.1203355434458406,0.0,0.0,0.677949566929631,0.4040345313656632,0.0,0.0,0.2696684696651737,0.1607130958999097,2.4750359743260915,39.44243783430182,9.6566757493188,9.6566757493188,0.9107201598062694,0.17719791901032048,0.990425702083346,88600000000.0,5.674439956112947,20396266460.0,0.04079205386334081,1.1747790071693491,1.3062910762545188,1835.0,0
DAE,2018,0.4928070583183989,4.765725124922135,6.668033155970559,0.0,0.0,0.16362521897826118,0.14061676930819253,0.0,0.0,0.04232412590802645,0.036372644059046604,7.111527344283386,,3.074484944532488,,0.3701378881144756,0.20000491605854423,0.3886994218903107,11629756800.0,2.0260996754066785,9415258808.0,0.16192067297258608,1.6402967957815482,1.6402967957815482,2524.0,0
DAE,2019,0.44728660963190714,3.183677313984538,4.693203681644712,0.0,0.0,0.2274342758181618,0.18529242689313252,0.0,0.0,0.04546128725522588,0.03703765501001924,5.396874641707567,,3.2802547770700636,3.2802547770700636,0.35097710607433685,0.19605016434490166,0.366610550721389,12349123200.0,2.1497549186859284,8907042469.0,0.14140494929020295,1.5116315713617086,1.550552055280913,2512.0,0
DAE,2020,1.1094317823243756,2.2948348981298436,2.7247749662451164,0.0,0.0,0.3721860062847989,0.27123582705270005,0.11492789457729,0.08375533204019321,0.1268978250978497,0.09247858855624556,3.68682858332614,1.3684543358077412,3.0728576821442055,3.0728576821442055,0.3318897377790469,0.23356230713730783,0.4291159823512695,12199255200.000002,2.145841081619158,1256142897.000002,0.024049634859467654,0.2138303063417602,0.22095472129861718,2649.0,0
DAE,2021,0.895194482266214,2.4767092288531476,4.182920497695944,0.0,0.0,0.21239306845545794,0.1751849907275027,0.0,0.0,0.07391029900673703,0.060962323960574855,5.708251579357521,270.20916321358794,4.981103552532124,4.981103552532124,0.5114143295777134,0.339887795648701,0.6520014129914542,19752602400.0,3.439257282793912,12417056579.0,0.21366328869564602,2.0595446440189544,2.1620164981496215,2646.0,0
DAE,2022,0.6797456457798192,2.251739303862546,4.332359520648428,0.0,0.0,0.20600546936292474,0.17081636410135653,0.0,0.0,0.1418601339813066,0.11762810168368851,5.854240050482719,29.97183016863512,7.785760940561725,7.785760940561725,0.45665850327843527,0.2808913874439328,0.5532139671342281,17864265600.0,5.490801635665571,12392423984.0,0.19485408718168798,263.6519741106534,3.8089638502244645,1531.0,0
DAE,2023,0.6092581354424741,2.460818023589726,4.790322825134761,0.0,0.0,0.1810916185958671,0.15332563176695527,0.0,0.0,0.05964246817857124,0.05049774906495128,6.522066718237517,,8.384905660377358,8.384905660377358,0.513411228686795,0.3773843534969991,0.6416497452183588,21394060380.0,5.318698779456571,16801982261.0,0.29638157041770175,2.5141506795834196,4.177079103112807,1325.0,0
DAE,2024,0.5577325282616599,3.106313748638738,5.206786045186275,0.0,0.0,0.21195488133807597,0.17488677557374427,0.0,0.0,0.1527490994688895,0.12603530199098228,5.717985231984172,,10.897338403041825,10.897338403041825,0.6587111573790126,0.41334052009684646,0.6831799090070336,27594679140.0,6.747062779990667,22647481055.0,0.33923647202651175,5.095119530291441,5.537443494504581,1315.0,0
DAH,2018,0.030492096205606087,0.5418702815168833,0.8051936206826273,0.6669379893933375,0.33230027491110836,1.0070341186799985,0.5017523664930581,0.225152982228071,0.11218194057216693,0.06424183600407264,0.03200834276117025,1.9930150145367282,0.07713395094040634,24.6,,0.5813567972658337,0.8485609978420953,0.5939889033698429,210330000000.0,25.639254557147716,529371155970.0,2.1357092014392935,64.53041327022477,64.53041327022477,250.0,0
DAH,2019,0.04448535445883518,0.3352961688104929,0.3397568270476527,0.48818091816746356,0.2829352890563421,0.7254154467463761,0.42042943808941513,0.14635130894055107,0.08482091035902478,0.034003985704321324,0.019707709101853006,2.378520411283199,-0.021987741560231887,529.4444444444445,,0.9011879118800846,2.7749677937928006,0.9197431283143047,325926000000.0,-24.58911713595828,551651543612.0,4.696818501498452,-328.573055557554,-41.61872456971112,18.0,1
DAH,2020,0.027168534667984544,0.1285331007818385,0.1310567684516178,0.5915469305238041,0.3165194088944749,0.8689120284595919,0.4649293360136233,0.17122603011147108,0.09161802562349616,0.009328768913298528,0.004991550576614113,2.150864491740091,-0.1929879642900772,4.076661884759477,,0.4115017417900167,10.949662500592888,0.4203686933895886,135090000000.0,-3.816288629237667,383299469069.0,31.06817546052256,-25.477109042483164,-10.828199018438518,968.93,1
DAH,2021,0.11879831744334139,3.4239577498582503,3.4256063124786698,0.22330504344806945,0.1710348057897353,0.3056116994256335,0.2340754908676742,0.01795503607308021,0.01375220219072716,0.019994876187665947,0.015314565729199672,4.272126040591377,1.988712294970694,15.806878306878305,,1.1655598546046821,1.4548209273453052,1.1748091569542465,1006190000000.0,19.75332590838508,1207405981112.0,1.7457532763430643,17.339205131062428,23.703558819545787,756.0,0
DAH,2022,0.05197570691910841,7.952287544849864,7.9887457837464835,0.20367048924380013,0.159619735072195,0.2759731066567753,0.21628442262381434,0.004391958320158362,0.0034420461506950535,0.01581602775091662,0.012395267320607395,4.623541482408607,2.635284881576519,8.540856031128405,,0.40585867238667417,14.4024878771792,0.40885731347291393,369638000000.0,6.801548577304327,557320655629.0,21.715310618492243,9.026219714060408,10.255015751615742,514.0,0
DAH,2023,0.08050300479129512,0.8582210775554963,0.9131623611946911,0.17133918004791793,0.14073245830199857,0.21748161096028215,0.17863235797766563,0.019278953783772552,0.01583510881003482,0.0007689741120006143,0.000631610453150163,5.598089905553561,0.7102679447542837,97.77777777777779,,0.40177644320696765,7.824816232276189,0.487181143007265,370480000000.0,78.13688063039334,542825452851.0,11.464881814837987,19.703895103617935,114.4857687663512,45.0,0
DAH,2024,0.1285026358185923,0.9468463659868807,1.1513690423781133,0.16176459618749095,0.13703982525879574,0.1804203331550021,0.15284414211400316,0.009705539391091181,0.008222104549106185,0.0008076748117927314,0.0006842264480771825,6.542612534369302,1.3891339390962572,41.9753086419753,,0.31070090435004893,3.8546563671969496,0.31288428142065505,286280000000.0,29.99160861442726,442079222152.0,5.9524363856143685,13.291900702721254,46.31363353134423,81.0,1
DAT,2018,0.14256516063611732,0.8277964636571944,1.1021807782698931,0.35001397471152773,0.13491515251273006,1.5943266430247836,0.6145435260865696,1.1511791960448359,0.44372947374994015,0.06071916081888799,0.023404593628231087,1.6272240411806598,0.09405741539717932,7.346938775510205,,0.7182273088271396,0.23856998984074473,0.7747790225298197,378560908800.0,6.203318840890101,1076303798659.0,0.6782892272886275,17.636938937798114,17.636938937798114,1176.0,0
DAT,2019,0.20925168775123454,1.2336435198304452,1.2893235284819,0.22358136740834306,0.08364318807046309,1.6730373694029044,0.6258937449036198,1.3567189006034959,0.5075570271232519,0.06532353018560913,0.02443794124741358,1.5977152801774495,0.11870202684747501,8.275862068965518,8.275862068965518,0.8992680000629695,0.2125653072617446,0.9603902460420664,529982357760.0,7.641385524126657,1282580050619.0,0.5144171660730484,12.664961193202876,18.492480907773643,1392.0,0
DAT,2020,0.4205381532883343,1.1749403160195666,1.3023745693182214,0.2344606719029593,0.09244065911244548,1.5363370853701903,0.6057306397607456,1.238090450957629,0.4881411300173943,0.0400702118152569,0.01579845677705275,1.650898822610302,0.12647403580041125,18.060230292294065,18.060230292294065,1.4514770176980394,0.43430568108122486,1.5384716791087163,938050371070.0,16.16680659610888,1535893213834.0,0.7110994983577804,13.992158907305342,26.47031471455754,1129.0,0
DAT,2021,0.13349875091946567,1.1988493636712503,1.3262917107608796,0.10853592381133152,0.045620848459276046,1.3790860423873377,0.5796705196099038,1.0563253811501674,0.4440046985817202,0.191974766934459,0.08069265403357097,1.7251179181459184,0.06105934894997549,21.301460823373173,21.301460823373173,1.079535277042636,0.3265203479467555,1.1388125169337588,737926824520.0,18.530226522499838,1418235836256.0,0.6275457719348918,29.969222626678153,35.61360074590756,753.0,1
DAT,2022,0.2438341832239623,1.2804713368552771,1.364736342972785,0.057026600993852976,0.024932915360221623,1.2872014832583172,0.562784473812332,1.0461472451377793,0.4573918182526936,0.16440223775068963,0.07187921088459788,1.7768791545117562,0.14740103270347726,6.441032798325192,6.441032798325192,0.7580543475527046,0.19397666796357163,0.793919157705299,580891009920.0,6.530984671723933,1196388389634.0,0.39950942508727644,9.486358351537648,13.451050370368476,1433.0,0
DAT,2023,0.5823268339665966,1.3509436692630528,1.422208154851199,0.029720788842853476,0.015046989353299439,0.9751983699208526,0.4937217369007496,0.8566318679237557,0.4336940942079055,0.06901730544401548,0.03494196152398659,2.0254323949302337,0.17232575666329522,7.042606516290726,7.042606516290726,0.6302942792686372,0.18047295857187057,0.6565431296033699,530542926720.0,6.227579736628823,813178234323.0,0.2766160368998268,6.034656125912413,9.545188596982602,1197.0,0
DAT,2024,0.10687439931228444,1.8017393151102237,1.9597114346973605,0.000383500350940705,0.00022705806880049103,0.6889967970161633,0.4079325657889746,0.6221344111402468,0.3683455245381932,0.01619209832280123,0.009586814108473571,2.451385556987634,0.19388592999071497,8.68596881959911,8.68596881959911,0.5995691586510448,0.18375861901638343,0.6222609619177583,539981059800.0,8.236224811987626,1034349223512.0,0.3519949106430374,8.951598248436182,15.776725098663674,898.0,0
DBC,2018,0.03680834310711062,0.2624808790751161,0.9253570837763054,0.4686497988201732,0.15415064876384416,2.040206464120276,0.6710749707949972,0.9869065591245719,0.32461826878265865,0.3360846411145107,0.1105466503939433,1.4901464717352484,0.1335247485649833,1.4000000000000001,1.4000000000000001,0.1836370774871203,0.07556808031268254,0.18371612793298983,504364451850.0,1.302739420845244,4352086214931.0,0.6520657818196797,11.241145672165558,11.241145672165558,4350.0,0
DBC,2019,0.034294114491104984,0.2592753029680321,0.908331118041934,0.4676965795696422,0.14754389490606734,2.1698809352118404,0.6845307377662844,1.0700145560319694,0.33755670257074216,0.30121764049122995,0.09502490681754891,1.4608547795284317,0.1609098784623628,1.869214690952523,1.869214690952523,0.1884642884984786,0.0793521903540966,0.1884642884984786,570284923280.0,1.6825677623465762,5058046858593.0,0.7038009962363109,8.931130666478476,14.923253688276873,3349.0,0
DBC,2020,0.05467134337390796,0.30653928096669014,1.0936647716983592,0.29558621171255645,0.12310523985004322,1.4010855433336185,0.5835217105128123,0.5129455468008822,0.2136306839317016,0.24060032503456302,0.10020481182045618,1.7137322947610243,0.8098474133441974,1.3287445757893164,,0.44226875820655653,0.18565998659841473,0.44226875820655653,1860607059360.0,1.200884658544113,5029464074090.0,0.5018632106630565,2.516607262060854,3.2461481949611586,13366.0,0
DBC,2021,0.03868305114806863,0.2772830786544699,1.090061048264141,0.1466594520256123,0.06326641953166807,1.3181247352270626,0.5686168285926818,0.5547379361624407,0.2393046102017041,0.2971587317992918,0.12818927613495518,1.7586535426237473,0.5047398187209832,3.614390887623281,3.614390887623281,0.6399016568829778,0.2773131351724827,0.6399016568829778,2998529968600.0,3.209902484921547,6085167117008.0,0.5627746892434331,4.333995637150447,6.51412300513596,7199.0,0
DBC,2022,0.08692766955817506,0.25759312676178214,0.97949560547131,0.1909513274627938,0.06830903997096878,1.7954034713992142,0.6422698868941953,0.7981961919407392,0.2855388140235833,0.4587618210692859,0.1641129181397406,1.5569778692811977,0.09266711454850247,501.9047619047618,501.9047619047618,0.549574332254222,0.22069467458563047,0.549574332254222,2550699593860.0,62.33664992992471,6514546643822.0,0.563659379996012,18.098353746783026,159.20926735772525,21.0,0
DBC,2023,0.0829137132326378,0.2249927072052006,0.9943479320593147,0.21996632908824354,0.07888394417165034,1.788480360586432,0.6413817310193661,1.0373933068391465,0.3720281919507503,0.17050166677754006,0.06114501259807426,1.5591339005098754,0.10008960235208192,198.8349514563107,198.8349514563107,1.0621407245311068,0.44610240636402754,1.0621407245311068,4956198072320.0,63.769074145545666,10231196406222.0,0.9208997038050453,20.033311140616444,131.64000161127666,103.0,1
DBC,2024,0.06842437076729695,0.3615431848540215,1.2207620901101455,0.11296007367577758,0.0541227093337248,1.0871104766625235,0.520868678883214,0.7284073614838017,0.34900278141892627,0.11271630320127014,0.054005911264224785,1.9198697110067815,0.2806786765069272,9.181264280274181,9.181264280274181,1.192547744607274,0.5944567926909365,1.192547744607274,8068873085950.0,9.654482288527939,13322300255267.0,0.9814916899364329,9.141641203822905,15.940257144567944,2626.0,0
DBD,2018,0.18611111610418807,1.5111166954740973,2.0534821776582457,0.0,0.0,0.61043504151071,0.3790497758531606,0.10777072720458857,0.06692025721415716,0.22961509804972546,0.14257954660147554,2.6381759433816105,1.9262747049111404,6.694037843627275,,1.1026795266343665,0.7009915806657927,1.1696063643063395,982106250000.0,4.885828596378949,985535984988.0,0.7034396002670353,4.902891004119834,4.902891004119834,2801.0,0
DBD,2019,0.23808253352903588,1.2335446164741244,1.7728532993219088,0.07019009754189212,0.040389208624859146,0.7378428528726066,0.4245739778213966,0.18915781552250044,0.1088463293501065,0.22669600414864002,0.13044677991103612,2.35530214341272,1.0903401483796797,10.793780687397708,,1.48176481548308,1.0951305680318157,1.5771790102290801,1381758020000.0,7.949486818888852,1485439929552.0,1.1773050348044458,7.2968636347314835,8.545986322717207,2444.0,0
DBD,2020,0.31255348891094975,1.7849585945649402,2.402736955121389,0.06344732762708152,0.04363798255005315,0.4539473165219516,0.3122171700195149,0.02032586459741238,0.013979780674608441,0.10383320081276716,0.071414692700937,3.202898802578653,8.421019565323144,8.96755162241888,8.96755162241888,1.2885134371389761,1.0134491241193555,1.3743289051904863,1273857280000.0,6.688750140854127,1247948881872.0,0.9928370478668594,5.553783486269695,6.5527107239204145,2712.0,0
DBD,2021,0.24139129111988022,2.41880037297922,3.3042159195768086,0.06663458335056263,0.048733006372587276,0.3673398854384069,0.2686529438294178,0.018438026870602826,0.013484596673409469,0.08488284067589265,0.06207881564771064,3.722274491936905,12.146122205059315,10.361061946902653,,1.4785128917783277,1.0820093341208512,1.561205133848408,1686316235880.0,7.303712158237644,1714074688532.0,1.099820290471243,6.313015849814255,7.423938568809134,2825.0,0
DBD,2022,0.13703659982289063,1.9667771011803346,3.0774877745810385,0.04427596435810914,0.0316502902969914,0.39891179330882476,0.28515864632557336,0.011806923828829103,0.00844007741253104,0.12061277794744817,0.08621900145838687,3.5068198453231285,19.31904806596541,10.328688817434799,10.328688817434799,1.5975385521407035,1.392367996809337,1.6717038306027907,2164883690690.0,7.248310230420939,2185321239440.0,1.4055126239018256,6.313892677921324,7.316737783516014,2799.0,0
DBD,2023,0.2101420815193265,1.8489299230535432,3.0160714877748545,0.03070821076731167,0.02212267793905918,0.3880874120168839,0.27958427448959783,0.024613412242496423,0.017731889237964676,0.08752090305566303,0.06305143487217105,3.5767390774233476,8.744207027484373,16.906591184795797,16.906591184795797,2.185085729892402,1.8954711611550477,2.277598342273623,3130881601790.0,9.722220754504361,3122311549096.0,1.8902827542469842,8.448301317076336,9.695608459704976,2473.0,0
DBD,2024,0.6828112171472276,2.109942238434319,3.208227352224369,0.016855885867757894,0.012366363048344781,0.36304310344616875,0.2663474856578566,0.021619780994604373,0.015861406686217983,0.09680269039177902,0.07101953720101273,3.75449386176889,9.48489125786928,21.952569169960476,21.952569169960476,3.129296573292791,3.0090053047306387,3.240134365459182,5198202262380.0,15.79586769327626,4947917031192.0,2.8641264504023316,13.050829043498927,15.035321604864418,2530.0,0
DBT,2018,0.12182734845991398,0.715500470740461,1.1768304265352465,0.0,0.0,1.5745862614473336,0.6115880772867022,0.922336931141432,0.35824666081412615,0.5443089891420593,0.21141610102279876,1.6350874667741713,0.0763320153523452,4.897824653922215,4.897824653922215,0.3815482014769485,0.11786285191195711,0.39891963571962685,91496690420.0,5.113982656210725,266721036199.0,0.3435807551838495,14.90771684644546,14.90771684644546,1517.0,0
DBT,2019,0.06812355972439298,0.5420521856242211,1.1650574795654889,0.03708691308854133,0.012355519844878244,2.0016473247716107,0.6668496023009339,1.3348230065522422,0.44469681549074264,0.5699599576450569,0.18988238656199358,1.4995885077377957,0.12567396566427402,4.781567923399162,4.781567923399162,0.45444101000439474,0.13747632527097414,0.4730957109135531,108095223860.0,3.7405402952231297,402638967588.0,0.512079291741772,9.630085248732685,13.932967886172003,1671.0,0
DBT,2020,0.050352813187327976,0.4842726376635586,1.1165146261780867,0.08830812398677225,0.024322475154846458,2.630721109778834,0.7245726207648829,1.633759753284441,0.44998216714694506,0.8106151869993429,0.22326561652341337,1.3801239121406033,0.07056377997175035,11.660280970625799,11.660280970625799,0.499617337099956,0.14767643472056213,0.5186358632704107,123518071820.0,6.758529030315804,517614271695.0,0.618852197723677,17.148854774983498,28.322261108920454,783.0,0
DBT,2021,0.03335352784496192,0.3731340770091256,1.0789432173626385,0.08925697117925979,0.02263279187021845,2.9437013202383278,0.7464311014456928,1.831632503099276,0.4644450363671521,0.9033336546537479,0.22905731983758781,1.3397083777232666,-0.04582114964568253,14.246079613992764,14.246079613992764,0.8406756962199591,0.2740997198965729,0.8659756422670427,167762419960.0,9.712145189256564,532125837966.0,0.8694172578756697,-29.86330388881363,30.805965951807583,829.0,1
DBT,2022,0.021488958093065846,0.40873213128550684,1.1021274294844439,0.0727387997823346,0.01940574805887371,2.748312075456075,0.7332132490920396,1.7576473567470172,0.4689170275485015,0.7419168572297178,0.19793358778416154,1.3638596973504375,0.056645261625258674,3.5202360876897134,3.5202360876897134,0.5288295973036676,0.15718238022432535,0.5424395058465513,118612718600.0,6.1740675956619455,516261565692.0,0.6841359229566252,21.675252778662916,26.872614010085407,2372.0,1
DBT,2023,0.03462374134311414,0.558380139922504,1.1552105202799665,0.04558967316264009,0.013208146375884158,2.4516329441865614,0.7102820560093861,1.8763270977603927,0.5436056290170166,0.3381155889089288,0.09795815324987048,1.4078914024920621,0.057502684428232004,11.175811870100784,11.175811870100784,0.6572733981447644,0.20074544763095997,0.680019812017495,162928260460.0,7.1043885023388365,618694799489.0,0.7622997024562128,21.320562563344478,26.977813471626646,893.0,1
DBT,2024,0.011636241804862201,0.40283450010660604,1.0985700262178701,0.102902195313189,0.02941122202719471,2.4987391961490686,0.7141827544331791,1.8160277915841252,0.5190520612633713,0.41261938547240923,0.11793373622319833,1.400201830403569,0.05803903366865667,15.079365079365079,15.079365079365079,0.8240221396240967,0.2695144551574448,0.963950699459832,234049410000.0,13.85045901038693,771225748118.0,0.8880880635734802,23.902609920862265,45.63921187437881,756.0,1
DC2,2018,0.010389251252234881,0.8445124689015133,1.2250073707111644,0.05974067243891568,0.02011387315162157,1.970122759976709,0.6633135796690633,1.1472347341741276,0.3862583559284007,0.6407930559099497,0.21574632016724274,1.507582583337001,-0.47204077823608936,-1.2609003063869901,,0.7368590145203433,0.1585943743886664,0.7898623276776461,13482000000.0,-1.2468272228480397,35202381969.0,0.414100262970214,-3.255547259163639,-3.255547259163639,-4243.0,0
DC2,2019,0.10866953565633138,0.7301992579521585,1.0570418598352933,0.0637970932945589,0.010110978876930568,5.309685152257588,0.8415134866686331,2.35432654171433,0.3731290048397991,2.147499160576654,0.3403496543418311,1.188335084157451,-0.18563889102290235,1.3510600071864893,,0.37436920918851574,0.049754998828681014,0.39345583989623323,9475200000.0,1.8233353222098965,56249064526.0,0.29536813361253933,-4.820825738258182,10.824141568676067,2783.0,0
DC2,2020,0.006891079774384863,0.6127815662318589,1.100478217493878,0.029895395426156424,0.0049546484532615,5.0338075865861205,0.8342671711601941,3.050300350728457,0.5055349059372793,1.1018958174248397,0.182620310908569,1.198656778750296,0.023651750043655426,1.7218543046357615,1.9943181818181817,0.4971554165560176,0.06245061756244017,0.6386150002973144,17690400000.0,1.5245730083090199,126133935395.0,0.4452777868786845,46.43509529463739,10.870324771345516,3520.0,0
DC2,2021,0.025618389909063843,0.9252051464595235,1.212203343209051,0.005462318209781481,0.0015589153461484763,2.5039222772916574,0.7146055417721919,1.9412182519096957,0.5540129313057003,0.49352357771425415,0.1408488940844091,1.3993734186836022,0.07874974552209205,5.534420289855072,,1.0276840093284878,0.23685273964405384,1.1485544772058864,76399207820.0,8.54096217042237,216359355686.0,0.6707570353685822,18.13851605164492,24.187647030121838,2208.0,0
DC2,2022,0.00768805285184775,0.9580797228586775,1.0851699465973894,0.1307926395952094,0.02356161380508892,4.55109003471402,0.8198552007359906,2.8075889782735226,0.5057725529069289,1.3361175500891112,0.2406946278539229,1.2197275800681535,0.024567269254912136,9.721706864564007,,0.4731189003147751,0.11321484035750808,0.7316760273441753,37710566520.0,6.604308108087765,269209454233.0,0.8082218910065043,45.88100368864742,47.147055730969804,539.0,0
DC2,2023,0.022627661960506765,1.0248680674087411,1.0614165074439472,0.0826048278179277,0.016731534427874985,3.937074251857429,0.7974508891326114,2.7684198669230287,0.5607409825528737,0.8480937213374222,0.17178062918910972,1.2539957176393666,0.029606685994823734,32.07407407407407,,0.4079613238555338,0.15582799143838444,0.6286131373271144,32718956530.0,7.782227961388224,254379388249.0,1.211512631761996,34.60918423469528,60.50432525918328,135.0,1
DC2,2024,0.13274993208546365,1.1096332496861754,1.249856701192607,0.0,0.0,1.6938739430136525,0.6287873816095143,1.09107004996703,0.40501897009569926,0.42551051463643774,0.15795487229087515,1.5903627032722707,0.0800914000436534,11.779242174629326,,0.6557578103878338,0.3136159815708212,0.9669059839992377,78475897500.0,9.36055267217046,182136853515.0,0.727879895802754,15.968546743254338,21.725162313314772,607.0,1
DC4,2018,0.08012531435732338,0.5845090977125906,1.6688842305034162,0.0,0.0,1.4169306128742465,0.5862520857349783,0.15558419309283228,0.06437263538476574,0.469814576157001,0.19438480097626432,1.7057508609906438,0.43169247791567883,3.8082901554404143,,0.44795630574156015,0.20155807481077054,0.44795630574156015,64680000000.0,5.667379280408035,72065281546.0,0.22457234707959045,6.314491086434322,6.314491086434322,1544.0,0
DC4,2019,0.10162097037757321,0.7385600748688737,1.748310197330547,0.0,0.0,0.951798208579764,0.48765195315572346,0.21013067487380038,0.10766004085366133,0.25813891796348726,0.13225697043308762,2.050642868399764,0.7796300121108359,4.792731402612152,5.121359223300971,0.7246925902202018,0.6044201416948767,0.9111005522443683,244760000000.0,8.096000492401952,284692352444.0,0.7030306913043399,4.906373696272027,9.416854982716513,1648.0,0
DC4,2020,0.18621085221115927,1.1340989776420598,2.0887458251418067,0.0,0.0,0.6843024765988895,0.4062824142969266,0.10935389124341971,0.0649253282962796,0.191621238151754,0.11376889888489304,2.4613420734207856,0.9950994997493882,7.210473313192346,7.210473313192346,0.6200929653808871,0.4916035054715033,0.7444058026623923,229118267280.0,6.038497410137425,223916452768.0,0.4804423253557921,4.984401703351163,5.901401648059491,993.0,0
DC4,2021,0.5306610389779125,1.5724037770510098,2.4063641596122873,0.0,0.0,0.6308242685752569,0.3868131476399761,0.24607019681514306,0.15088700944468914,0.10411737609052318,0.06384340612093273,2.585227534537538,0.4045547349173201,13.691813804173353,,1.4170346247044254,1.3887393007840019,1.5566139292777723,853000000000.0,14.94559510532101,805900886845.0,1.3120588910883144,13.14432090085345,14.120361488633637,1246.0,0
DC4,2022,0.05482587291189771,0.59176650140243,1.4939614995574115,0.0,0.0,0.9792904259797107,0.4947684347510451,0.29449365588159465,0.14878749071694516,0.33044862081412213,0.16695307392827732,2.021147530365745,0.009859723784946655,-147.99999999999997,,0.4570837315750617,1.0306026668647343,0.49647929348346626,271948565140.0,-2217.3905911531724,415665840794.0,1.5752475981122895,235.11974232799523,-3389.220031243398,-35.0,0
DC4,2023,0.023324648506400432,0.39261674880694514,1.3587112746953631,0.005783215996799816,0.0024197282815583087,1.390027029429691,0.5815946900656516,0.4450007961422993,0.18619069603095056,0.2631460123979867,0.1101016888753675,1.719410471039751,0.44931302221017466,3.9070904645476774,,0.5975127415444488,0.7257672257950661,0.6340394457312603,419472786770.0,2.9487668608404465,713471310220.0,1.2344402541342014,4.834921011716699,5.01548758844924,2045.0,0
DC4,2024,0.1045029085642824,1.3762253671269553,1.6628604878782578,0.4794734703837252,0.15974855055907056,2.0014261081287827,0.6668250478358627,0.13074368783120208,0.04356052193892365,0.1415072980855675,0.047146687270535274,1.499643727009708,1.0739598459535453,5.421052631578948,5.421052631578948,0.8114842780226207,0.5978481321377199,0.8471572740300244,654299195110.0,4.3186521752562985,1018840730949.0,0.9309380670127306,6.707624074811384,6.724780913436536,2090.0,0
DCL,2018,0.06616743022454287,2.7767290546912475,3.648898524539323,0.18329856409106862,0.08525973434938254,1.149884297550548,0.5348586893074473,0.31458855430571037,0.14632813247863344,0.06191050511484947,0.028797133494759073,1.869652713868841,0.07058743351105343,42.30769230769231,,0.6600041236997302,0.6607813667131902,0.7127457581076808,531386904400.0,26.157781349796554,909645281097.0,1.1311469046196536,44.77773571721003,44.77773571721003,221.0,0
DCL,2019,0.044387354212664376,3.5191980009696846,4.214389001496713,0.0662767081594333,0.03422924851817795,0.9362595157248657,0.4835403044484788,0.2714900685924671,0.14021367817052716,0.04583263300786892,0.023670707689568582,2.068079932117737,-0.0898178279140347,17.98330122029544,22.508038585209004,1.7992747921053074,2.116075748945099,1.8440479444907854,1591319072000.0,15.33694184379094,1875548597097.0,2.494033391616992,-75.19676656047474,18.076311825212873,1244.0,0
DCL,2020,0.12188677116881798,3.536956926291054,4.197611908193814,0.03841360755116393,0.020717227241358136,0.8541867163805696,0.4606799891480017,0.2698034527795151,0.1455104010809547,0.027518998902645864,0.014841546786811098,2.170704227568982,0.3744090704386454,21.575342465753426,26.08695652173913,1.4749678733210536,2.1336242200509643,1.5081539074132557,1432187164800.0,16.789713270578204,1689586611270.0,2.517089249422874,15.2846824259792,19.80723989590608,966.0,0
DCL,2021,0.06319769834574332,1.4598092766459667,1.9319262250938112,0.1043008070502014,0.059831184886716744,0.7432515710274267,0.42635932953117817,0.3853847454189695,0.2210723637505939,0.030456773229821037,0.017471243815871403,2.345439470269346,0.33900534269754606,26.622073578595312,26.622073578595312,2.291881023738906,3.327788682513514,2.3403311058587577,2341546395200.0,21.30854700183444,2800588237345.0,3.9801756051991988,19.426812398566653,25.485920847258473,1495.0,0
DCL,2022,0.09538858146228196,1.9982485113565154,2.5669157436760623,0.11468196741965311,0.07580690137477669,0.512816977608471,0.3389815061562537,0.254368391548522,0.16814221106286034,0.026408267538895403,0.017456353233583338,2.950013442736459,0.4231605944954184,15.399120050282841,15.399120050282841,1.2858806205437117,1.7618694098931904,1.3055661868012474,1789505235000.0,12.6513853032793,2250245170143.0,2.2154940105748557,13.62548733258969,15.908709355813858,1591.0,0
DCL,2023,0.03804892116519504,1.6795591736269775,2.270152707852789,0.1437789565195844,0.09159034608605626,0.5698047082876275,0.3629780859233001,0.2909698512096617,0.18535417155619124,0.04558099401083243,0.02903609205029907,2.7549872534489785,0.2529649578131871,29.585798816568047,29.585798816568047,1.2586408607751847,1.5962512834829001,1.2791989854976067,1826025750000.0,23.666158837144383,2433238651111.0,2.127056707637411,21.313389711073192,31.535925715106632,845.0,0
DCL,2024,0.0779697169122407,1.6584506773767194,2.1863286214945132,0.17693618383854545,0.10971668374626563,0.6126643441733421,0.3799081602981656,0.32522352311220176,0.20166845276095724,0.07002680538712591,0.04342305058094524,2.6322151101338913,0.20811391099912727,36.493860845839016,36.493860845839016,1.2997981988694562,1.4951418557108693,1.3200994327986868,1953847552500.0,28.412475017806717,2657621628670.0,2.033690565357968,24.83184278254422,38.646622165968175,733.0,0
DCM,2018,0.09227587186384634,1.0770993644337188,1.3943940432840494,0.24059666071911157,0.13673522666731908,0.7595806624469237,0.4316827745712032,0.19077520040123533,0.10842083257265275,0.1212637754910357,0.06891629243208595,2.3165158744017864,0.5208249766573809,5.807899461400359,,0.5463850375175215,0.5120421251802986,0.5497859927293264,3425218000000.0,4.9151967575986335,5843660626841.0,0.8735795520752552,8.385668230622308,8.385668230622308,1114.0,0
DCM,2019,0.14277988788944332,0.8936108501636131,1.2878908252879404,0.10292152213638225,0.06178094286822441,0.6659105115295603,0.3997276605921363,0.1893727032749579,0.11367519561485018,0.14399844609386503,0.08643828410786152,2.501703280975479,1.399470688127508,7.680672268907564,,0.39620510020466065,0.34351403662771546,0.3996838968049243,2419358000000.0,5.7868723790076775,3733028870129.0,0.5300364047097671,2.145044497519333,8.929047151594657,595.0,0
DCM,2020,0.24875980142804213,1.5335729111767817,1.9404378527097237,0.02166495784736754,0.01572268720077552,0.3779424325314388,0.2742802773241514,0.10833987721147682,0.07862438564464845,0.1120892540603009,0.0813453823715843,3.6459056034064554,2.782679025432801,10.176991150442479,,0.866092677258332,0.7246515868331647,0.8737993532702935,5479290000000.0,7.73339774527586,5791763434967.0,0.7659770816494723,2.8562379657512422,8.174418636200123,1017.0,0
DCM,2021,0.13420301137351767,1.5917269693736968,2.2833953355592103,0.000357890975931689,0.00024171912960870104,0.48060675425668165,0.32460121695038713,0.09215752696937567,0.0622430815639782,0.10628335793077452,0.07178365060487153,3.0807031760230355,4.722458592839711,9.215750081353725,9.215750081353725,2.004869346825409,1.51904439294648,2.015362463459743,14992608000000.0,7.670803613387946,15256794563964.0,1.5458116584336663,4.564775923069493,7.805971774221845,3073.0,0
DCM,2022,0.7394930003760746,3.2499102203813126,4.043988680869133,9.886252983153255e-05,7.400944505077452e-05,0.3358096356986255,0.25139033790768983,0.0002413292993327392,0.0001806614452264559,0.09697616327910176,0.07259729282337707,3.977877623789975,466.26776405383924,2.8126217374366966,,1.0812181736371473,0.7200718797137113,1.0860524776752216,11466804000000.0,2.4965030961972836,9344786595472.0,0.586817220327915,1.5615846774758675,2.0345066218013947,7701.0,0
DCM,2023,0.5057049863758705,2.5112375233954403,2.989533928571788,0.00029753747349963567,0.0001945456363317023,0.5293967991773983,0.3461474481064298,0.08489142584170392,0.05550647542048188,0.19965942951286197,0.1305478274965992,2.888942285925882,2.7105138416550747,16.160267111853088,,1.5430276682817199,1.2230002405735834,1.5992733998866264,15373776000000.0,12.475399619030906,13938146500058.0,1.1087943861495564,6.00757432724061,11.310425463257728,1797.0,0
DCM,2024,0.4066135581059967,2.130129681942073,2.7604374683977118,0.011744661681459545,0.007599253364302575,0.545502053745173,0.35296106687355916,0.12078281269083915,0.07815118226349131,0.1583455799059736,0.10245575508764874,2.833173666596574,1.6355680337913698,14.043441938178779,,1.7488571435699192,1.322753919808251,1.8136878703093624,17798428000000.0,13.450009689817925,17243935185180.0,1.2815448004237375,8.278119849321827,13.030987642912242,2394.0,0
DDG,2018,0.003898205685919258,1.0104310573601694,1.0660046887878643,0.5740084594112685,0.2065676519709088,1.7787916158920511,0.6401313454809101,1.0464000815889007,0.37656658945006355,0.0873985548666938,0.03145200034678995,1.5621793981182597,0.07652547560161467,11.892857142857144,11.892857142857144,0.835630519702862,0.46399242075548813,0.835630519702862,119880000000.0,9.629593992134865,351670912133.0,1.3611331150307076,28.248649505209585,28.248649505209585,840.0,0
DDG,2019,0.0028817922328903648,1.2768318683334487,1.2981766510271016,1.2507700294252408,0.30868374627369166,3.051946513297324,0.7532050344894022,0.62190090091297,0.15348201139182613,0.19861219294621033,0.04901648930814417,1.3276597396589365,0.3592670407893386,11.680743243243244,,1.0526240746527917,0.4855601307228875,1.0526240746527917,165960000000.0,9.192834090508125,460801770008.0,1.3481981663197302,11.295086587483631,25.52466992224649,1184.0,0
DDG,2020,0.007890259744252311,1.2229461032942408,1.2583253440962705,0.4474095163792289,0.22551615570363412,0.9839355410403485,0.4959513657003122,0.44023008847299544,0.22189737487244413,0.04982914858073943,0.02511631429043794,2.0163267391913355,0.27142578562867814,23.834196891191706,23.834196891191706,1.4232671915533768,1.160951743225642,1.4232671915533768,524766951200.0,32.81927052852958,850496644369.0,1.8815696370167099,16.634449193963583,53.190619933904145,772.0,0
DDG,2021,0.04042007838720536,1.5261231807158266,1.5507178637880852,0.6238130635566209,0.279809666652582,1.2294192728200533,0.5514526979328241,0.48694309914879025,0.21841701338341918,0.0791739523241286,0.0355132627089831,1.8133921617368098,0.25316022262276855,23.320463320463322,23.320463320463322,2.472429844105263,2.293499349328495,2.5028782268976184,1722604557200.0,35.604503545105935,2479550516794.0,3.301307588630692,26.45449777885125,51.24981516881664,1295.0,0
DDG,2022,0.01413888411410757,0.7870224814560425,0.8233232575303635,0.1425302821370726,0.059913389636273344,1.378938714740662,0.5796444886101179,1.0149695448769938,0.42664804208192464,0.16726352250012627,0.07031014353741365,1.7251953907089124,0.14558763801979516,52.82522996057819,52.82522996057819,3.087889881829951,2.4684693301406035,3.1184113258581165,2405563417200.0,38.873160710348536,3293720485479.0,3.379851864360456,26.291758147162074,53.2255042006017,761.0,0
DDG,2023,0.008569373119970984,0.7835888511914846,0.8048213291699712,0.38939737683579995,0.1438243132024875,1.7074516690900152,0.6306489931411763,0.9535741427569531,0.3522035697418203,0.08435622186617163,0.031157055481076817,1.5856681147132845,-0.21773832892219366,-1.6579406631762652,-1.6579406631762652,0.5951785349552676,0.5216083681446685,0.6022974575067298,341087350200.0,-1.6059233144612635,1104625042122.0,1.689249587518101,-7.994315446181172,-5.200846961463993,-3438.0,1
DDG,2024,0.005608185941552106,0.7570421611693494,0.7784164935758582,0.004692394622586596,0.00213071834435336,1.2022594563105737,0.5459208963165079,0.8844649029524991,0.40161703037217766,0.044889844001003106,0.020383540128467274,1.8317672152637865,-0.006488380261141991,-3.6275695284159615,-3.6275695284159615,0.3127907196453425,0.6694346121879979,0.31428986654830593,239519658000.0,-2.866880056355493,915262676694.0,2.5580719350509296,-181.55639409227464,-10.955043673870701,-827.0,1
DGC,2018,0.17531101692841794,0.8558902632988967,1.3650640113524406,0.0,0.0,0.4942696955114524,0.33077676472738465,0.35795596676544017,0.23955245016390464,0.06501204029140507,0.04350756793548772,3.023186954573932,0.8011658566718912,0.8442973605617888,0.8442973605617888,0.35623286008067806,0.1851563057340792,0.37007244616324936,1127627863060.0,1.2147505346001282,1986423221573.0,0.3261703593708333,2.1398980544874284,2.1398980544874284,12389.0,0
DGC,2019,0.10051958600150136,1.1452743090930024,1.7815961604799406,0.0,0.0,0.36803572712625354,0.2690249383321026,0.21299682716662652,0.1556953688731913,0.03777127996654077,0.027609863702817556,3.717127513158398,1.1191004529463109,1.6173790443317466,1.6173790443317466,0.2571111498641809,0.17432742481903174,0.2659613074709469,887434405760.0,1.4888043744766477,1494925912444.0,0.29366292643163866,1.7497690485669748,2.5079625305479,4241.43,0
DGC,2020,0.15609688350760492,1.5129534258835269,1.8984091667830625,0.0,0.0,0.4446833684925656,0.30780680264670324,0.28248150271704714,0.19553177455887685,0.03368806450228419,0.023318649080480192,3.2487910968874436,1.0796023604136513,3.00715157858015,3.00715157858015,0.6305557884513308,0.4112483882631319,0.6312546164955887,2564742097320.0,2.505618831236462,3431396320238.0,0.5502136872414938,2.7193700390945605,3.352294660117282,5733.0,0
DGC,2021,0.05664592156901663,2.107085352484018,2.740653548191784,0.0,0.0,0.34560806831367474,0.2568415547231321,0.13296098118764504,0.09881107606189718,0.10792758800112043,0.080207298501395,3.8934509685474055,3.419773541157933,10.314205391103027,10.314205391103027,1.6851375136428717,1.11726311526323,1.6861701787125256,10670294277720.0,4.034916795902164,11388245728821.0,1.192438237334583,3.892265795903579,4.306406437452027,6047.0,0
DGC,2022,0.5971290514096723,3.8831758549017685,4.272058497536865,0.0,0.0,0.23736486533530024,0.19183094007682147,0.04316410257465948,0.034883892200190204,0.030095377077916128,0.024322152601093053,5.212923418920512,13.705911415519195,3.7875707855379703,3.7875707855379703,1.8288460626590173,1.3717068371849905,1.8293971064214287,19813085350620.0,3.1046972642456026,18745235455418.0,1.2977770591411069,2.8186533497954493,2.937365897646768,13774.0,0
DGC,2023,0.30363679014405354,3.324377040266037,3.569132702193147,0.0,0.0,0.2960108702541484,0.22840153354277076,0.11032449452651857,0.08512621078933072,0.015793452664568903,0.012186203856046207,4.378254315935837,2.914390793877892,11.435251331341734,11.435251331341734,2.7776725026989473,3.4300079728988457,2.8771413103724313,33435768339440.0,9.561930074848778,33703206077785.0,3.457443070709813,8.503495492339178,9.638411671666583,7699.0,0
DGC,2024,0.056386999353837085,5.705732962616218,6.185305832179773,0.0,0.0,0.15475073359465652,0.13401224099068423,0.06310838006192178,0.05465108462453182,0.02285769719149207,0.019794485966973748,7.462004907965939,4.25370943903891,15.113636363636363,15.113636363636363,3.0967733270652857,4.300970288010862,3.1900354972781058,42428941831920.0,12.435841323460663,43177808928192.0,4.3768820357865685,11.452766465353761,12.65533283042521,7392.0,0
DGW,2018,0.049083604155503155,0.5538680550954307,1.459013964508657,0.0,0.0,1.9007118548369062,0.6552570368778579,1.0918545855466895,0.3764091851198641,0.7137617609512042,0.24606434443359623,1.5261186736196828,0.1580095098653466,1.586837294332724,,0.23074666267817587,0.029788031184357997,0.2526972374910053,176862581980.0,1.2880225031919197,942482562069.0,0.1587373634113277,6.8637398324769565,6.8637398324769565,2735.0,0
DGW,2019,0.08880782657188822,0.5650778072252156,1.5501060190020686,0.0,0.0,1.60048583985643,0.6154564717586738,0.6706523104494188,0.2578950056834168,0.7572372218195824,0.291190672994162,1.6248102764156316,0.31420512895914704,1.1209290583186065,1.1209290583186065,0.20140139082054603,0.021944421662430033,0.21574896509601535,186265756680.0,0.8873310886796226,675460190561.0,0.07957760729644345,3.218977299727852,3.2177510076633022,3961.0,0
DGW,2020,0.4607883408746625,1.0677394754342122,1.5019291930682706,0.0,0.0,1.648699666086155,0.6224562517208122,0.5434218215731462,0.2051655114134296,0.8125163206480404,0.30676045723547557,1.606538607710098,0.5056340148172755,2.7065026362038664,2.7065026362038664,0.6309332313986776,0.058312995609792154,0.6682711222730003,730990594180.0,2.202049486570381,482535428826.0,0.0384930894689063,1.4533807397285379,1.4535985849315376,6259.0,0
DGW,2021,0.3143781436274716,0.7084316941656634,1.3160335907015335,0.0,0.0,2.674214844972025,0.7278330086308239,0.6272034775407452,0.17070408345854926,1.596856539710506,0.4346116400612018,1.3739415334860505,0.7161723342814506,11.849891748857349,11.849891748857349,2.448835288023363,0.20848404341075258,2.5394255217948563,4362072751500.0,5.310583289084034,3984968518526.0,0.1904604523895587,4.842214955103749,4.851479658319068,4157.0,0
DGW,2022,0.21322174596756452,0.6511688772737971,1.4894261394974087,0.016960471180715968,0.006466920004359266,1.6226505305900087,0.6187063475151479,0.7901790162069119,0.3012902432064206,0.49948844082738014,0.19045177197703575,1.6162756435523995,0.4381240708015097,6.458876511021568,6.458876511021568,1.8355339726573827,0.20192431002346764,2.135517041322127,4448015946750.0,5.1241028573422485,5576158552566.0,0.25313802418605225,6.334257304219671,6.423720219140389,4219.0,0
DGW,2023,0.3011562651355912,0.786123469913672,1.4124707391183993,0.002093762143446529,0.0007373609989726991,1.839534700592499,0.6478296251173337,0.8837549945042669,0.3112323277189964,0.5823491130303997,0.20508610544850409,1.543615730476793,0.1979708590617998,23.19033232628399,23.19033232628399,2.4432582965798724,0.3410698833792971,2.941994003267486,6418074122340.0,13.674747208615806,7294697668757.0,0.3876554922464913,15.078473782794768,15.542535764164947,1655.0,0
DGW,2024,0.2564662539748252,0.7786733206658625,1.4169548733638855,0.0,0.0,1.821822001069455,0.6456190363456641,0.8255578136729442,0.29256197356178465,0.7644539118298814,0.2709079139436001,1.5489010448951517,0.2199264738766649,19.30104842735896,19.30104842735896,2.8150468785033116,0.3840292674424125,3.3058160721643297,8478917733540.0,15.236455066124424,9558832795342.0,0.432941051129539,16.828931480686517,17.177042040956113,2003.0,0
DHA,2018,3.305125187113959,7.698117157461755,7.70550269232091,0.0,0.0,0.08506825756344084,0.0783989919255998,0.0,0.0,0.020803812832247658,0.019172814877990586,12.755266049198621,,3.9354515886915187,,0.6155393291726498,0.7985893094956222,0.726752914888695,237836750580.0,2.864402746068271,142083458800.0,0.477076528236857,1.7111915991330477,1.7111915991330477,3997.0,0
DHA,2019,1.9843371277366166,7.14930540921465,7.1534533572410535,0.0,0.0,0.10210878226859575,0.09264855149635379,0.0,0.0,0.022877475029424773,0.020757910106054562,10.793476895743538,,4.367598294647086,4.367598294647086,0.7203131456047726,0.8409925610293681,0.837351957427205,278811804240.0,3.3268871682735583,209527962701.0,0.6320085996341025,2.222815559437125,2.500166348424824,4222.0,0
DHA,2020,0.8814263801622114,7.643209295442375,7.646568586548483,0.0,0.0,0.10904135298640523,0.09832036712858432,0.0,0.0,0.016301324069566893,0.014698571902365048,10.170832648460216,,4.817471704128806,4.817471704128806,1.065859889757322,1.1946082017939343,1.199090309837628,456924768120.0,3.737749715691559,420204038059.0,1.0986035892901727,3.309252946151554,3.4373656964355854,6273.0,0
DHA,2021,2.3387284535472608,6.894410473898938,6.896860883310932,0.0,0.0,0.13367624272641282,0.1179139490520951,0.0,0.0,0.021447237910571317,0.01891830939227605,8.480760826339504,,6.451393609789259,6.451393609789259,1.2248697271602347,1.700990890278329,1.3458668377401584,573953150160.0,5.235757416108219,440381574132.0,1.3051327371165076,3.716971282861376,4.0172810133305585,5884.0,0
DHA,2022,1.4131755614269284,8.567928174311572,8.569428426303434,0.0,0.0,0.11087302027797881,0.09980710509130428,0.0,0.0,0.0275482248869645,0.024798716310592352,10.019326771227286,,8.033411488862837,8.033411488862837,0.9368657252212295,1.0686340052678318,1.0227704598535596,414437719860.0,6.402370478210586,353540083635.0,0.9116085179824353,5.047942837105066,5.461603724423178,3412.0,0
DHA,2023,2.237033236492091,6.88789054017203,6.9314468271406255,0.0,0.0,0.14199675864746705,0.12434077204881215,0.0,0.0,0.02563953579735098,0.022451496121335204,8.042414274277084,,7.427266576454668,,1.6162809648822245,1.7685671114455415,1.7536820817583807,663916828860.0,5.820156823654037,547755193818.0,1.4591312929563824,4.478249671282407,4.801838107441662,5912.0,0
DHA,2024,2.3535133489468034,10.082357092478738,10.084127138530262,0.0,0.0,0.10121549231594526,0.0919125212296831,0.0,0.0,0.017197714601983098,0.015617029293526296,10.879910447686104,,12.521658415841584,,1.432338951139896,2.0658940534487,1.5297828567396865,611904214620.0,8.09287097538118,525943378811.0,1.7756754615771333,6.260543884853626,6.955977428128556,3232.0,0
DHC,2018,0.069261171940628,0.5518828026478192,1.370409144238467,0.6631187435876436,0.30808484001077147,1.1523900480285207,0.5354001934194275,0.33965280465041475,0.15780262734513167,0.09544212927433399,0.04434239480049357,1.8677617458696163,0.5095991099928343,3.275645059786029,,0.5112678753650726,0.464542064652938,0.5112778574941769,430469625090.0,2.8417403331530378,1246236019577.0,1.344877826067565,8.227012906473083,8.227012906473083,3178.0,0
DHC,2019,0.28171420948929904,1.017251211927988,1.5772711844775442,0.393441613354544,0.20820736741674783,0.8896623027130028,0.47080491653757806,0.23138755333121716,0.12244915559727908,0.20558161367161973,0.10879277920529218,2.124021999078218,0.9039903846534431,4.785693171741059,,0.8106432790954629,0.6340167392469627,0.8108478380506093,906571726770.0001,4.3548207935020615,1449005881253.0,1.0133715368059057,5.552114006732937,6.960465184668449,3383.0,0
DHC,2020,0.2714872911665851,1.0612786116573256,1.4839911584800647,0.10394680152370514,0.06347596992469982,0.6375772067290189,0.38934176911423213,0.20802389865839271,0.12703150593669435,0.2930689880335761,0.1789649897600659,2.5684374997191783,1.5495031131045043,3.9619945706529505,3.9619945706529505,1.1131362336578157,0.5377403078410032,1.113356942276628,1552763062590.0,3.8168425492179834,1785853831697.0,0.6184624121686424,3.504007071779406,4.389802318027512,6999.0,0
DHC,2021,0.13941133284617324,1.207907283038791,1.6621995152213458,0.0,0.0,0.41492729625978875,0.29324990574187476,0.2184728581050523,0.15440571305858772,0.17989656101486942,0.12714191145397152,3.4100607721259517,1.5771438326750304,8.735494880546074,8.735494880546074,2.1112624690532016,0.8604058884472294,2.111670649603388,3583014513370.0,7.045633269637235,3855614401946.0,0.9258665636539973,6.324639470502631,7.5816731983295735,5860.0,0
DHC,2022,0.16724757313837205,0.9141684808835748,1.4699989750481202,0.0,0.0,0.6458583105815986,0.39241428404208806,0.29597832639987953,0.17983220335369537,0.3041209841254868,0.1847795658777087,2.5483272160723534,0.9869476137721032,5.125541125541125,5.125541125541125,0.9463914319603184,0.4212409242031218,0.9465853779576278,1657467936640.0,3.833634095098095,1986652895720.0,0.5049023775146885,3.745157404119785,4.595021181282592,4620.0,0
DHC,2023,0.23268712170965675,1.2057452127055432,1.6803207534854594,0.0,0.0,0.5741081670218205,0.364719641921445,0.3789460731288252,0.24073699702974236,0.16357804991964447,0.10391792212674349,2.741832040445424,0.605899090715389,7.756240042485396,7.756240042485396,1.2696131541206908,0.7214691366957499,1.2697690022381596,2351201932080.0,6.707173284414341,2805744526481.0,0.8609460777017585,6.3004865208829175,8.003827520785153,3766.0,0
DHC,2024,0.46179515957456585,1.3443860842975093,1.7686750865239038,0.0027457722848340037,0.0016950940926175222,0.6198347317664533,0.38265306923658476,0.3808505642478993,0.23511692691795552,0.20344107977004422,0.1255937261872319,2.613333278614643,0.4763552851047995,12.052845528455284,12.052845528455284,1.1914749011807855,0.6635935303778838,1.1920615186559564,2386618873200.0,8.803809311928296,2584177874757.0,0.7185243267330476,6.904014468690575,9.532569063681512,2460.0,0
DHG,2018,0.0757229415343163,2.2527979013958066,3.1429605490454,0.0,0.0,0.3376634455651864,0.25242780363375905,0.17743473922899108,0.1326452777170881,0.046354429447564904,0.03465328263342005,3.961528744475684,1.2241037765214648,12.186726659167604,,2.2525204388263256,1.824389686140028,2.4349061202285855,7082514666070.0,9.86635511686607,7564580396058.0,1.9485653196964186,10.53790073392189,10.53790073392189,4445.0,0
DHG,2019,0.09977083167495897,3.4167785337509113,4.44591658601433,0.0,0.0,0.22775884930689905,0.18550780508360798,0.07836056775124027,0.06382407082260233,0.03562264432657502,0.029014365766278045,5.390608764678673,2.7821498605345156,13.736075407026565,,2.4821051926843807,2.1513902186090825,2.647039986729286,8383438072520.001,11.726182693829484,8577776515581.001,2.2012620995586936,10.728390260617898,11.99801008350598,4668.0,0
DHG,2020,0.08948002661285696,3.250987506198111,4.2634222445039835,0.0,0.0,0.24648385771739814,0.19774332109584428,0.05949248250132833,0.04772824143127927,0.07070285026256504,0.05672183384070324,5.057060812260302,4.037369705346789,13.970237001653501,,2.7863849648515386,2.6472148571776004,2.9607101747541607,9941931238840.0,11.978736559680609,10081148285270.0,2.6842838556275312,11.033791863443987,12.146475028569514,5443.0,0
DHG,2021,0.05724247755420468,3.50354067903229,4.919118642541531,0.0,0.0,0.21737182838821345,0.1785582870568077,0.05467527659893913,0.044912552865075395,0.053048226777821554,0.04357602627297266,5.6004121482295215,4.365047489244198,15.031468531468533,,2.963649228615364,2.8081610357039146,3.1336515976036394,11241547184580.0,12.709031882838744,11405564843224.0,2.849132975830026,11.905568200221994,12.894460598195156,5720.0,0
DHG,2022,0.04191777611034779,3.6571832183110247,5.198498497881618,0.0,0.0,0.2042740442664782,0.1696242190380357,0.026732476419248738,0.022198000983680966,0.08490645640667295,0.07050426504740404,5.8953845486873835,9.265319572100939,9.11451216179284,,2.0320838738856204,1.8649985203435266,2.132359411436717,8720762935700.0,7.842006269618891,8801468530983.0,1.8822579983153536,7.463239720484407,7.914579482406473,7318.0,0
DHG,2023,0.07915464460179401,2.6130565907825467,3.903488932617673,0.0,0.0,0.25912970825043397,0.20580064671057266,0.11790073140559378,0.09363668463467305,0.04491642932794866,0.03567259912432709,4.859071222484292,2.1034107561406947,10.83547557840617,,2.271181156370699,2.197612290918468,2.359605837430146,11021893785300.0,9.346429307186678,11499924306502.0,2.292924926776815,9.086469488290716,9.751793263701208,7780.0,0
DHG,2024,0.035110207294187096,1.9486056733437596,2.5716486369772205,0.0,0.0,0.45533569986170525,0.31287331156995185,0.15871862928661046,0.1090598061338651,0.04085649635480753,0.02807358904113323,3.196181850673515,1.6985042181857626,16.17907339927121,16.17907339927121,2.977165512556935,2.4956180025332544,3.1125492840431503,12190763660040.0,12.456633425540524,12777820028842.0,2.6157965642165073,11.149713078355159,13.05649297414828,5763.0,0
DHM,2018,0.0357679996801475,0.867803349537348,1.1726056855993383,0.001708508342428933,0.0009895746100116983,0.7265078601892745,0.4207961498128531,0.31225872016255296,0.18086145297266154,0.35960441605386256,0.20828426232269784,2.3764475992585594,0.08502910522435306,24.410383444289625,,0.4196366812646713,0.16527458292020386,0.5433537478298843,148503931400.0,14.455564012372008,250438441037.0,0.27872062711988405,24.378000511096275,24.378000511096275,193.77,0
DHM,2019,0.17929278566640927,0.7193488794077201,1.2965949070512144,0.00043845873502771027,0.0002756735926333764,0.5904995862655043,0.37126673365065016,0.35126127523332296,0.2208496489194851,0.1571846402242922,0.09882721226816664,2.6934812881483943,0.09407337455806593,25.67355772818867,25.67355772818867,0.30174303161582094,0.09708831319255437,0.387375666604163,108002859200.0,9.768163146683449,196019985123.0,0.17621061005782773,15.346278683367169,17.72874541354667,133.99,0
DHM,2020,0.10735487534501194,0.5005318048891305,1.0033198980529365,0.0,0.0,0.8662518748657824,0.4641666468134596,0.4427390593887233,0.2372343547789145,0.37157053109316124,0.19909988362095227,2.1543986558816286,-0.4603952427694496,-3.4005535784895216,,0.9717630616555192,0.29730345587131946,1.3488008002020841,270007148000.0,-4.331493103496046,367614771830.0,0.40477869902320357,-5.99185674045824,-5.897328499336313,-2529.0,0
DHM,2021,0.17185112268942013,1.0686201146383045,1.4686718268396624,0.0,0.0,0.5531513129785319,0.3561477290436915,0.2978514547779107,0.19177233556639803,0.09740655572493744,0.06271543210953319,2.8078236036634165,0.6478864304963332,5.055607043558851,,0.9917227091259216,0.245337039523788,1.9669471416641686,342532323800.0,4.856687359576968,412574825828.0,0.2955046263306377,5.788561041714736,5.849803952074542,2158.0,0
DHM,2022,0.09170458009091881,1.2083915281590312,1.6129033631426826,0.0,0.0,0.5676241020524923,0.3620919717356357,0.42536333068889165,0.2713426835757137,0.08736698482948516,0.0557321010279795,2.761729278908461,0.026871263852492163,217.0,217.0,0.7861465683421837,0.18980523335913088,1.002316472015288,272518842400.0,258.72311039285046,402018858805.0,0.2800000272944595,95.88877428287658,381.66744240732834,40.0,0
DHM,2023,0.026980006241946266,0.998148287152391,1.2507605475916237,0.0,0.0,1.645215756608275,0.6219590037214162,1.0184940385156758,0.3850325010242643,0.32039856793344035,0.12112379382778929,1.607823014083921,0.03489956367864078,36.10526315789474,36.10526315789474,0.6110504795663417,0.07883053511344776,0.7719898965670362,215377794800.0,22.444271354316175,558722301140.0,0.20449823074650172,42.465462669721774,58.22380598770119,190.0,1
DHM,2024,0.04290844647555017,1.1646149885269417,1.2265156767627208,0.0,0.0,1.7586164821790602,0.6374994471104989,1.526036507146875,0.5531890775703054,0.02873955205198959,0.010418103508642824,1.5686288114170996,0.012990294095541678,96.36363636363637,96.36363636363637,0.7494506183550604,0.07770665960224998,0.9399398119261261,266239606400.0,65.06472339790967,781551811979.0,0.2281094891784434,105.25619398539244,190.99882679044083,88.0,1
DHP,2018,0.13208724859632506,0.6972565141257253,3.394004691407918,0.021952914879423874,0.017896758250616332,0.22664197459715107,0.18476619852470313,0.1170809993444616,0.09544838817611218,0.03708829839998162,0.03023563449486719,5.412245356481156,0.6028739625990676,3.1839080459770117,,0.33140385929289135,0.20828753467423974,0.33140385929289135,52586788000.0,4.314284301683561,70358360549.0,0.2786777823827631,5.772285814618354,5.772285814618354,1740.0,0
DHP,2019,0.13348578695452606,0.4262754925400572,2.6415555475844315,0.004406609129685948,0.003369216428609018,0.30790325378569344,0.23541745377150422,0.17241315738057095,0.1318240908733313,0.07843345669197183,0.05996885202705027,4.247773408383723,0.7016952906769328,3.613511390416339,,0.27184444501355376,0.15632192094051053,0.27184444501355376,43664120000.0,3.5204150772366973,65558028282.0,0.23470430445213503,3.2509935374727514,5.285609127078769,1273.0,0
DHP,2020,0.28057276077910553,0.7060717726768169,3.6199098314375977,0.0018474699781272173,0.0015315848403895337,0.20624723450340712,0.17098255532027465,0.04793900255909852,0.03974226940203866,0.08260446483630746,0.06848054235773182,5.848549860112089,2.418558568631683,4.9798873692679,,0.3618375750609569,0.22045488249505127,0.3618375750609569,58756718000.0,4.4152525597069205,57528681747.0,0.21584729723382584,2.844921367890758,4.322972214683716,1243.0,0
DHP,2021,0.13400293970923693,0.8581021651624137,2.899695473511089,0.0006070145797776804,0.00046620699295926623,0.3020280453637831,0.23196738844392348,0.13176066549003176,0.1011964880166757,0.09475189032071384,0.07277254177289277,4.310950805232448,1.0387604086730464,7.139570552147239,,0.5364332432368265,0.33752523518772864,0.5364332432368265,88372382000.0,5.803040989847716,103524633514.0,0.3953970175267683,4.541365397696353,6.798025334891444,1304.0,0
DHP,2022,0.2699967239304255,0.631614274870518,2.581029956061063,0.0,0.0,0.37308932224053715,0.2717152600325731,0.17328273375393852,0.12619917069283199,0.08936440760574399,0.0650827343554924,3.680323290933753,0.7820032608036321,6.407103825136613,,0.5281015575959358,0.33825506414943607,0.5281015575959358,89036836000.0,5.281163664947416,101268589581.0,0.38472406257837,4.331289504033176,6.006682399357157,1464.0,0
DHP,2023,0.13461656108715436,0.6364065541364649,3.5771139948234567,0.0,0.0,0.23760258584925675,0.1919861743713239,0.12480572458580982,0.10084475098293912,0.040040788912587666,0.032353511030450234,5.208708404522308,0.8703415446320106,6.7336309523809526,,0.501557644738986,0.3752431779767018,0.501557644738986,85904410000.0,5.549265125749081,101802261003.0,0.44468734426997847,5.055734376418341,6.57623673460249,1344.0,0
DHP,2024,0.6179852079829823,1.2240031608331847,6.6689518546028435,0.0,0.0,0.11467637248592648,0.10287862496822982,0.022209913177324937,0.01992498784897798,0.0315685958029516,0.02832086207456611,9.720192122598958,4.9302994307053165,7.13156002875629,,0.539891727664436,0.39600320919101134,0.539891727664436,94162624000.0,6.490221239080879,85676104709.0,0.3603129455669069,4.305683193236334,5.9052822748872105,1391.0,0
DHT,2018,0.12781166621370715,0.5496002393802104,1.5810484669159404,0.0007608705180285246,0.00032857467091208255,1.315670029940051,0.5681595447232659,0.7069655947499409,0.3052963443018015,0.3362584576533675,0.14521000544368262,1.7600689969699814,0.4652226190067603,2.057811258995403,,0.700534792907021,0.11337727400347176,0.700534792907021,193347360720.0,1.9982265520523295,342837055715.0,0.201036779915674,3.5431883073348467,3.5431883073348467,4985.88,0
DHT,2019,0.1299791557250831,0.6947218235071673,1.5149461425631667,0.0006727607517224698,0.00028446787766389273,1.364979685043232,0.5771633869312836,0.518802447142951,0.21936866960168716,0.5386390253743053,0.22775630115590567,1.7326116358781762,0.6292861902217037,3.2434547507419165,,0.9313332788579731,0.14235016852867866,0.9354589325707265,290712542400.0,2.8045751657928553,398123084800.0,0.1949447648476739,3.5821343590851464,3.8407910004192614,4242.39,0
DHT,2020,0.10698253377502993,0.6364375712884639,1.296978892404243,0.0,0.0,1.6316142382675143,0.6200050959374898,0.5840244464124185,0.22192631348464759,0.744714366888921,0.28298766439992856,1.6128899690540965,0.46317186512280223,3.6767574763030457,4.595946845378807,0.968100491757728,0.16868406469104588,0.9737451649637429,338460387300.0,3.1126678104025425,482148458184.0,0.2402962496137222,4.785945453160587,4.434102311341747,3485.68,0
DHT,2021,0.12454996849625667,1.3934666556452038,2.102549140334059,0.0,0.0,0.6427935111062723,0.3912807706876132,0.3841919658199024,0.23386503734190184,0.15131688372382154,0.0921094968423167,2.555709543923307,0.296010238846539,5.21789433089086,,0.4742997100642619,0.22202027673733357,0.47544201081587933,357311442840.0,4.428110163057344,587071387049.0,0.36478471213012564,6.536372531191588,7.275492648008833,2593.0,0
DHT,2022,0.16537957900142,0.9772096219015767,1.7951708663454589,0.12795188065487523,0.06955631623310812,0.8395436616577373,0.4563869176669434,0.29371358121234964,0.15966654520592594,0.24592557624413647,0.13368836052660815,2.1911232800274263,0.5250452519667053,3.4036061026352287,,0.4056332335205385,0.17635641181322773,0.4064439057139006,324036319560.0,2.8398009241097517,567747557596.0,0.3089959860342589,4.343846760981708,4.975646066192394,3605.0,0
DHT,2023,0.50636990280889,1.0566722555742638,1.6924372050665917,0.1595069098271008,0.09259702030321809,0.7225922530204499,0.4194795673517241,0.31249838577616673,0.18141169811266813,0.13711646021450039,0.07959890680692187,2.383906339737217,0.3212391936751727,12.08680142687277,,1.5686720060625992,0.8372956406053053,1.5706982606461342,1674008245090.0,16.865486887388283,1875918186970.0,0.9382857728981755,16.51563395165724,18.899711920149333,1682.0,0
DHT,2024,0.11757653112995822,0.5169971878027658,1.2046344557962039,0.0917076024528798,0.05031027939147614,0.8228402537636759,0.4514055754829484,0.353224820421449,0.1937771670842437,0.22257361382081522,0.1221026435867106,2.2153027217931966,0.26562755059040777,99.02522935779815,,6.728311001493215,3.4079624571020877,6.737087522259365,7110212098550.0,85.99299917062265,7490129356016.0,3.5900588182659625,72.9148686302355,90.58783037303382,872.0,0
DIG,2018,0.24516075295574816,0.8343740504495208,1.87953367464165,0.13171151301421363,0.06206382360865412,1.1221946273359789,0.5287896844525922,0.3710066614531229,0.17482216601351633,0.0837910357909905,0.03948320041511677,1.89111102088765,0.27909496683221885,6.139497161394972,6.139497161394972,0.593692503814613,0.8150546559773193,0.6067351340187921,1911309807310.0,5.631467565638308,2794906285523.0,1.1918535510691917,8.234888993780274,8.234888993780274,1233.0,0
DIG,2019,0.18165981474579604,0.8983825292153489,2.181042378807307,0.18198488188079,0.08901284032883046,1.0444789898682376,0.5108778300214042,0.13662905149155388,0.06682829814766614,0.08118800366327807,0.039710852528012756,1.9574151416163492,0.832405657037584,5.933125972006221,5.933125972006221,0.5993395492654433,1.1357797783037389,0.6090537564281985,2403019675630.0,4.507219753128489,3086556632074.0,1.4588513955383515,6.337507066733737,5.7892946788238095,1286.0,0
DIG,2020,0.06730597225935384,0.4850818929657518,1.2192360415695251,0.1722323985081926,0.06976188672530748,1.4688609582245138,0.5949549136541282,0.14397487618524757,0.05831631615608981,0.07649695389755061,0.030984715296629564,1.680799632123622,0.4256161207988234,7.0978210477515065,7.0978210477515065,1.0179518591886383,1.9605065529465335,1.0303974313464965,4876120955810.0,16.96690813729641,5987856654137.0,2.4074940541728265,19.35049571882132,20.83529401972452,2157.0,0
DIG,2021,0.21416760429350623,1.5780815886501107,2.401195392673801,0.5599246598618334,0.2549698337508472,1.1960427695496856,0.5446354625392578,0.07967182878959965,0.036279725465427494,0.03756309933542303,0.017104903354466825,1.8360905023291965,0.6872244197567468,40.63351095322676,,4.47208407982026,13.356042245573242,4.583348215529154,34307516722060.0,70.8795627612672,38213915323004.0,14.876817566181277,78.62228256269385,78.95020882548957,1689.0,0
DIG,2022,0.06232393127289091,1.255458157947797,2.7566464753585205,0.36413384523453385,0.19245769244806335,0.8920202180684415,0.47146442175924663,0.12915656573704087,0.06826384015541677,0.05388576265342966,0.02848054272297444,2.1210508234503647,0.17918397440932027,54.977777777777774,,0.9678159900620005,3.9773891675242763,0.9917729242413049,7543869178150.0,40.96351663031624,11143022978677.0,5.87498773404402,49.75382469758192,60.507068232454344,225.0,0
DIG,2023,0.2955083085764062,0.9511920336086311,1.7902447333966218,0.12179101034642129,0.05713019047743861,1.1318152333925442,0.5309161955801336,0.2724083624751541,0.12778235102563126,0.06902744541622707,0.032379656705228466,1.883536438189265,0.07003505078739208,118.7179487179487,,1.7885564273090866,13.7637037101924,1.8261560110203252,14118073684250.0,101.65723713860713,14922403506594.0,14.547844493673699,94.78371809791356,107.4488167348303,195.0,0
DIG,2024,0.09861585220904728,0.983583318702414,2.0077920551406634,0.2831510356227829,0.12281491277955081,1.305510212192478,0.5662565298077656,0.1955699625025878,0.08482719420123759,0.0634929818310648,0.027539666272258536,1.7659840502669044,0.12778695174914434,86.96808510638299,,1.2399819733744861,7.6641723418649645,1.2714476037866616,9971080118250.002,61.35871075665391,13035458810840.002,10.019576785738849,62.96869327859158,80.21587804621764,188.0,0
DIH,2018,0.20347634483171378,1.0282267565220744,1.4079377293597102,0.0,0.0,2.2296397941322863,0.6903679469714139,1.0761462759935665,0.3332093807949555,0.7143726419569579,0.22119266775658797,1.4485029387400095,0.022862746968155555,32.66129032258064,,1.0539953751537776,0.5328810921950196,1.0539953751537776,97118384400.0,42.06561084546829,154474442997.0,0.8475893664110279,66.90866868129528,66.90866868129528,496.0,0
DIH,2019,0.15912033250529053,1.0332512219584016,1.6168637182073091,0.5138969210109594,0.13456586879114305,2.81892470674394,0.7381461859580333,0.9130171315859371,0.23907701819143387,0.5462076795580382,0.1430265641512847,1.3547451968502813,0.03918582139730596,44.343434343434346,44.343434343434346,0.8641967497589852,0.5385743977401429,0.8641967497589852,78953649540.0,34.86289998853317,175808568400.0,1.1992605078453822,53.4436319576605,77.63031313899153,297.0,0
DIH,2020,0.12642291723171056,1.1860439695260974,1.8688267980354298,1.0374730807087797,0.2432314729153444,3.2653735072757937,0.7655539430968428,1.1407154294027448,0.2674362344720653,0.5719570347500604,0.13409307151517375,1.3062436801706863,0.021947215900574548,75.36585365853658,75.36585365853658,0.6165409234514257,0.3204280760704521,0.6165409234514257,55573297740.0,56.047795801053105,226521354833.0,1.3060913220877073,100.14341768768088,228.45544814807096,123.0,0
DIH,2021,0.021644230795555733,0.3019580733145093,1.146608503151788,0.32144599242263083,0.03293596001937626,8.759727429639938,0.8975381221238785,6.645189092633542,0.6808785532731523,0.6289187241646148,0.06444019350936088,1.1141588032312901,0.004668966909040207,242.44565217391303,242.44565217391303,2.9531429369431144,1.537015606762616,2.9531429369431144,267435254820.0,188.04499708335234,881790693530.0,5.067866085067418,313.3768176901072,620.0241942842594,184.0,0
DIH,2022,0.02068130113123331,0.246448468673948,1.1678782759939872,0.4340871353948316,0.045254588073104556,8.592113283488613,0.8957476866207001,6.9681459130209795,0.7264453313969507,0.4345469087162571,0.04530252050549325,1.1163858025384386,0.013772128880288916,19.481409001956948,19.481409001956948,1.2445954215299817,0.6790382666834114,1.2445954215299817,119359693420.0,15.170718791824441,813071121668.0,4.625568224317041,88.26192228546326,103.34203273440768,1022.0,0
DIH,2023,0.028362246668334333,0.41025287517048387,2.055226099207506,2.7873099089059634,0.3801383754970223,6.3323560276218345,0.8636181881740488,2.3700231290556117,0.3232280484100145,0.2603621415872455,0.03550866060055338,1.1579191055648141,0.0770941971479444,8.401174989509022,8.401174989509022,1.1340141183294752,0.4125548071999277,1.1340141183294752,120019139240.0,6.52095950660503,655207618043.0,2.2522162235901546,33.47816317587103,35.599175037689086,2383.0,0
DIH,2024,0.007974693985241255,0.2602052796873723,1.3443986751731394,0.36143559607912845,0.06955188996869412,4.196632273282776,0.8075676808726188,3.2471873334422865,0.6248637892153563,0.2352524445522896,0.045270173485582765,1.238286305513673,0.0464599355045863,7.511591962905719,7.511591962905719,0.8386419752008858,0.4525485491121934,0.8386419752008858,100516911120.0,5.833568143601064,529369007058.0,2.3833320524847856,28.825559935608066,30.722294799693955,1941.0,0
DL1,2018,0.008665261885650085,1.6635207200642768,2.346295370768179,0.17653473227680497,0.07930890868274476,1.225913017955997,0.5507461468919949,0.3982786293193689,0.17892820883230143,0.03981914648058428,0.017888904983874552,1.8157185586195432,0.10673258772925137,162.51396648044692,,2.7429995630284187,15.95789334409716,2.8800694226983823,2943249198770.0,62.064730291571266,3553489708405.0,19.266533662787285,74.93296199254827,74.93296199254827,179.0,0
DL1,2019,0.008472082692926913,5.006291216092217,5.01638069651997,0.1341405865519029,0.10837871828040327,0.23770227845698566,0.19205125707074203,0.05173033975237837,0.04179546297423753,0.02683656173788964,0.021682566320671358,5.206943267398923,0.3871649298606853,163.37579617834393,163.37579617834393,2.4167512402928275,12.909717750390772,2.4168454388410434,2595199104450.0,89.34346155534644,2793852184396.0,13.897909827041547,94.76496011251872,96.18237953299733,157.0,0
DL1,2020,0.002187843832020229,1.1179608697134429,1.1231014707597222,0.002298824778974448,0.0019168870758859637,0.19924893223663526,0.166144765178177,0.1155027332736898,0.096312558776495,0.06003220363975207,0.05005816726289696,6.0188474727300605,0.2996413922284862,75.0,75.0,2.394298592694284,14.08142873245187,2.394501064592583,2655905516250.0,64.33715830135095,2786100821550.0,14.771715303892234,64.6981053263252,67.49103403824307,350.0,0
DL1,2021,0.4068332537276048,1.4008120052031288,1.454335493493251,0.31261246108351043,0.17904218406485262,0.7460268523661217,0.4272711220650165,0.38212220653212403,0.21885242258118343,0.03148734455139704,0.018033711514073843,2.3404343246203125,0.14010266876957758,28.120805369127517,29.507042253521128,1.1043897713429747,12.630295987162182,1.1051938075568923,1271799327210.0,25.53580499214283,1868871038930.0,18.559841854377414,29.41190439388874,37.52410099970102,426.0,0
DL1,2022,0.02590059202266535,1.1581231071747708,1.19532022846154,0.7525563684544948,0.3400613042624502,1.2130020646915238,0.5481251391695413,0.39267672500362294,0.1774407404623724,0.01876222605005596,0.008478178285238643,1.8244009050836265,0.3204444148074369,6.338028169014085,10.843373493975905,0.21615995072791225,1.0270417188222607,0.22905146013237676,286837453800.0,4.1539880239249305,1791013744708.0,6.412850938503198,8.68564058639769,25.937511115230706,249.0,0
DL1,2023,0.012421383036352335,1.955717426500758,2.0100892845380582,0.48397231098781207,0.2786619213216897,0.7367723178406936,0.4242192890065827,0.15504779682789852,0.08927353069553033,0.023635919958170576,0.013609106798498957,2.3572714063562605,0.3617133306302797,9.546599496221662,9.546599496221662,0.2881029081419242,1.4314739395724503,0.30246854145332797,402634796260.0,5.7124779310210165,1291475635665.0,4.591539859991166,11.083253607455926,18.323120941647677,397.0,1
DL1,2024,0.2668202992587312,1.9546491522813256,2.1038764558733947,0.45636384396853963,0.24349805057911486,0.8741991686716303,0.4664387773105424,0.18377276117679509,0.09805401915050847,0.08287092421712199,0.044216711650692984,2.1439040848317523,3.584224402904515,353.8461538461538,353.8461538461538,0.35635230700980497,0.9300015044263532,0.42606044415472444,488686032400.0,14.74984346744523,1214453058996.0,2.3111836578889435,1.0539853716283492,36.655421540857255,13.0,1
DLG,2018,0.031451645773809565,1.309952428922623,1.6042127634417769,0.7685899920094673,0.30719353434482827,1.5019732060724826,0.6003154639814197,0.29806593724949093,0.11913234583250606,0.1610597537059112,0.06437309293121393,1.6657908383165536,0.020681378643185297,56.2962962962963,56.2962962962963,0.1306520826499894,0.15611019903314893,0.1440598282455615,454950774400.0,16.089361095460834,4089579993524.0,1.4032840093370234,144.62823880530144,144.62823880530144,27.0,0
DLG,2019,0.06084289630828116,1.153785435265674,1.300551874218336,0.6957655840126494,0.2770340501460206,1.5114803889482955,0.6018284656330688,0.38916197620865317,0.1549532211842666,0.1474599107456073,0.05871433891918918,1.6616030266167137,0.13505940831182492,-477.49999999999994,-477.49999999999994,0.16666840009967518,0.1989660056213637,0.18116693720965502,571681565200.0,6.988914064212086,4125032046534.0,1.4356613879474267,17.984701924976143,50.42928833162773,-4.0,1
DLG,2020,0.0455095123687431,0.728059901283731,0.8608101393668791,1.0320057702384435,0.3142892433662895,2.283617852093299,0.6954578623202142,0.5506604809402241,0.1676993200013148,0.20379822911091008,0.06206514834879131,1.4379016388768115,-0.34242107239217856,-0.5150214592274679,-0.5150214592274679,0.18628083690009023,0.22950361925257606,0.2224333714134022,466923163200.0,-0.5633686181001718,4295902123697.0,2.111536036435575,-6.900324918425646,-5.183243483433961,-3029.0,1
DLG,2021,0.04485088196666234,0.7184603313557425,0.8535721592336263,0.8420762285291689,0.2761724790877639,2.0490953744220417,0.6720338732632951,0.532732924228412,0.17471835374431077,0.16484853439115554,0.05406473532248978,1.4880202319924007,-0.1548269801036458,167.14285714285714,167.14285714285714,1.2081666048986057,1.8139492414479643,1.3940904582888387,2801538979200.0,190.41600147698068,5866858917617.0,3.7986922053579764,-23.23471273539055,398.7607613588173,56.0,1
DLG,2022,0.0455161190918522,0.541591548931781,0.6355303216636257,1.664225496267164,0.3288865929343054,4.06018041483251,0.8023785877142289,1.014912093930777,0.2005683613485094,0.24573948258846182,0.048563383603506496,1.2462944740945094,-0.6616735737855172,-0.5351006381934218,-0.5351006381934218,0.5883524933163853,0.4840928089139749,0.748696151814707,652495189600.0,-0.5605466393730384,3505729818119.0,2.600936561673473,-3.5617402006134458,-3.011708131214181,-4074.0,1
DLG,2023,0.07028248229668622,0.3441794537633002,0.4086080068490632,3.1901676479529306,0.3331111902481387,8.576885260373675,0.8955819169999139,2.1389238055307365,0.22334232345676852,0.5262158274630625,0.054946447947997065,1.1165924423193732,-0.21701428228147637,-1.2330145948666331,-1.2330145948666331,1.3901197656584414,0.6533782704848151,2.1557506923421537,733308814000.0,-1.3123144983717858,3349824221667.0,2.9846939169354187,-10.416743222961395,-5.994777110493843,-1987.0,1
DLG,2024,0.04539169228323616,0.6692159569862138,0.723020873702386,1.9064266757030806,0.3296388252739548,4.783380262075306,0.8270907402445018,1.1501230858391815,0.19886693140016212,0.2749204542441309,0.04753629223499797,1.209057182413121,-0.7169031903022448,2.992805755395684,2.992805755395684,0.8280174060115439,0.588033764444748,0.9499400733698471,622564217600.0,-15.46020367979419,2825677918924.0,2.6689520161932303,-3.421012296560108,-70.17036142628126,695.0,1
DMC,2018,0.23769989928872925,2.8855859833010777,3.682290318232441,0.0,0.0,0.297067013309724,0.22902981130612407,0.02080278635131932,0.016038328118635044,0.19185289404987485,0.1479128619270982,4.366243827810641,11.917899772913096,8.67638129933212,,1.7573721995985128,1.4331372411533931,1.8351287355753907,1985021899400.0,7.027306965229605,1929011072211.0,1.392698794415538,6.829019341222785,6.829019341222785,6588.0,0
DMC,2019,0.3518538715557031,3.8609626502963423,4.644811468021623,0.0,0.0,0.22422011094711364,0.1831534288173444,0.0,0.0,0.1757477356005681,0.14355893521844,5.459903243183517,263.99689779821597,8.417674279743245,8.417674279743245,1.5637872028952144,1.3336248124397456,1.6262189916454302,1958281751350.0,6.856700200820273,1859914599080.0,1.2666350266717508,6.076949222437812,6.512278836397683,6699.0,0
DMC,2020,0.7282583010747936,6.720377669635597,8.406104111490945,0.0,0.0,0.11297999071286989,0.10151125056660325,0.0,0.0,0.07762694489888548,0.06974693664453481,9.851124820335881,640.7592821327928,9.357833655705997,9.357833655705997,1.277292698894974,1.1571406565549986,1.3243786647362543,1680114756700.0,7.581925406421997,1572587302108.0,1.0830835786630915,6.552917157956619,7.096681683272826,5170.0,0
DMC,2021,0.33385291749684526,4.1967548734335685,5.559556579338432,0.0,0.0,0.1872723922872797,0.15773329987611312,0.0,0.0,0.15110084000619955,0.12726720589796908,6.339815376876157,,10.821220930232558,10.821220930232558,1.1356077170686243,1.0352917757828286,1.174830877675176,1551275861550.0,7.836169371957859,1465899064338.0,0.9783129377907613,6.626437389541217,7.404894019861518,4128.0,0
DMC,2022,0.12545671227449728,3.1609233814596878,4.225459947438455,0.0,0.0,0.2593106945487612,0.2059147878845561,0.0,0.0,0.21717060015274836,0.17245196208753344,4.85637777778563,,6.37910085054678,6.37910085054678,0.8744263025311287,0.8012889469899178,0.9032214018866328,1276234338750.0,5.147504277571283,1228770606376.0,0.7714886485812227,4.612817477398084,4.9560662649693334,5761.0,0
DMC,2023,0.3482845100718896,3.9990857957413417,5.091724505963945,0.0,0.0,0.21614574079788115,0.17773013015370479,0.0,0.0,0.18365566368460262,0.15101451867447316,5.626508004777686,,11.885446846445285,11.885446846445285,1.21802015815948,1.0773597583992878,1.2557599358757063,1852015708450.0,8.325321028197953,1737684094408.0,1.0108504520690629,7.1970767309946195,7.811368913089653,4487.0,0
DMC,2024,0.5700397420287184,4.539254658786523,6.7106986182648125,0.0,0.0,0.14141772925531418,0.12389655919185537,0.0,0.0,0.0999254691380749,0.0875450473362355,8.071249165616354,,13.373639661426845,13.373639661426845,1.4290961475544803,1.2132683869557614,1.4781092942115224,2304514577400.0,9.233311896082768,2174782287333.0,1.144967631625653,8.495982856826963,8.713524037533771,4962.0,0
DNC,2018,0.6757099861187148,1.352750825002468,1.6955839168345848,0.0,0.0,0.4986809177513277,0.33274655855334817,0.09946053545200928,0.06636538456847992,0.15199921911093725,0.10142200204897657,3.0052902856384414,2.8826499184899843,1.516506922257721,,0.5685078421725023,0.10210561649881855,0.5685078421725023,29265478400.0,1.863648075134156,17039362040.0,0.05944938066827456,1.0850796229375839,1.0850796229375839,4695.0,0
DNC,2019,0.1684703296182057,1.6133664426023284,1.9418271602241632,0.0,0.0,0.4081753338189786,0.2898611586328565,0.1557211394089298,0.11058362951622884,0.07541857072039984,0.053557656428950724,3.44992756089345,2.7280328678429764,2.114080574391703,,0.7406850835801649,0.12179237398779455,0.7406850835801649,43569392000.0,2.0310218117977836,48684396125.0,0.13609067990266965,1.8402771735989172,2.2694617915273754,5014.0,0
DNC,2020,0.8025145686482956,1.5259238842610048,1.8051762970316225,0.0,0.0,0.41386798834545285,0.2927203895674677,0.1831373920791035,0.12952934332533825,0.052438192946891865,0.03708846467926364,3.416229397199251,2.049546028158545,3.557506960805312,,1.2413731527190675,0.21529709117806517,1.250358040045983,85339688500.0,3.779738761445283,75096662773.0,0.1894557308140045,2.7150632414015097,3.326069875897111,4669.0,0
DNC,2021,0.8586615659946755,1.9026594171932163,2.2099268640877505,0.0,0.0,0.3639834613444687,0.26685328060040614,0.14877983106846357,0.10907744506066985,0.04578412145276858,0.033566478443689846,3.7473775767344946,2.8289905890086886,7.13963963963964,,1.5608211288403766,0.22954340106654425,1.5688967518899621,130295876000.0,4.0460536485494245,116625447648.0,0.20546008611991776,3.1158849613247974,3.6215483747920025,3552.0,0
DNC,2022,0.3518392032594096,1.9083080389164278,2.267464555530079,0.0,0.0,0.2877359837263282,0.2234433046545031,0.1246856874906912,0.09682550543465251,0.06531347208474014,0.050719614043666164,4.475408209461634,3.384379774764253,4.69863616366036,,1.4434018269075573,0.20826540641170882,1.455264162897999,137179430880.0,3.726580357753635,139407989194.0,0.21164879705562692,3.2573299716953614,3.787120787071539,4546.0,0
DNC,2023,0.27023887007550784,1.4668300087854607,1.6436350864106277,0.0,0.0,0.5318725322751301,0.3472041707577297,0.07550189559739519,0.04928732254586491,0.2715624868899339,0.17727485882040755,2.880149733851483,6.137840382980091,4.834513105031567,,1.4305662076374934,0.20223542138902334,1.4881986290898641,162290459660.0,3.245170945439907,154592872272.0,0.19264320732818227,2.7034386169351756,3.0912494703645668,5227.0,0
DNC,2024,0.2999260068520284,1.410761388509177,1.6493958192444236,0.0,0.0,0.5213693499433628,0.342697419244559,0.10847864952334706,0.07130329628856101,0.24352408468003606,0.16006900933629425,2.9180260598530228,4.091642077521754,11.393498522391452,,3.0192547160927106,0.42921758233879664,3.143348023735158,402352333600.0,7.578505124336292,396176697504.0,0.42262959620531865,6.468440778589577,7.4621839652645505,4399.0,0
DNP,2018,0.46761769215517784,1.080751599879775,1.293628409458559,1.3947796024503043,0.3653577715102442,2.817572010812411,0.738053402223265,0.8866944534467531,0.2322665953478785,0.09576262032387826,0.025084692588025124,1.3549155074519863,0.010757118707499179,74.76635514018692,74.76635514018692,0.9156892850906077,0.733730908521048,1.164275380829081,1600136560000.0,85.74546653860813,4733453003515.0,2.170490231602948,253.64843618407767,253.64843618407767,214.0,0
DNP,2019,0.10568440721746396,0.8392797848829657,1.0759229576131495,1.3810430055183016,0.37657667514262844,2.667362045180391,0.7273244398342974,0.8198401631131361,0.2235503757232154,0.10262280202718936,0.027982730028537864,1.374902237889634,0.2574723668188793,83.88625592417061,83.88625592417061,0.8552709559329524,0.6323977623061241,1.1556431802016538,1770151069500.0,42.538500751186646,6090656226828.0,2.175925792542583,12.188727772669875,146.3645611633163,211.0,1
DNP,2020,0.07584912858451329,0.9851410676170135,1.2155930748732648,1.3802504955141421,0.39071989024580317,2.532583136849834,0.7169210288163959,0.615224530941759,0.17415712726590857,0.10579672899867378,0.02994882919953515,1.3948537702276005,0.45855530210614215,136.36363636363635,136.36363636363635,0.7132063960946362,0.5974421797735884,0.9380541544701614,1964780874000.0,58.870753872524844,7266767439104.0,2.2096476183053633,7.892762846898069,217.7342435573654,132.0,1
DNP,2021,0.12316486151502344,0.9581312968699721,1.2999864348294645,1.2556882200391053,0.35024842975692133,2.585135901710039,0.721070545882788,0.6024107121998821,0.16803009110827405,0.1826646226324973,0.050950543477409016,1.3868268586338193,0.5045197593212782,267.1232876712329,267.1232876712329,0.5920943905848934,0.3717471818415437,1.320873904803665,2318743303500.0,-11111.460519267424,9144379112570.0,1.4660515287127271,6.28982818633633,-43820.0327432386,73.0,1
DNP,2022,0.14911834093054477,0.9900356523651559,1.2308340834519909,0.8265164782605922,0.22806468990784534,2.624044031518271,0.724065162756575,0.8732053784752734,0.2409477839896579,0.2856268730609943,0.07881440473043388,1.3810911661499066,0.0802063681813371,648.6486486486486,648.6486486486486,0.6257200162001644,0.3709727994042013,1.0794647837497986,2853837912000.0,18.165454283516606,9684853400074.0,1.2589422694741847,26.238774322368435,61.64672525438249,37.0,1
DNP,2023,0.16076450925842917,1.1156375495870885,1.3621220633389968,0.6986397554389873,0.20244223340328668,2.451057339637336,0.7102337337272154,0.8883643086633112,0.2574180088113712,0.20798824890461984,0.060267978313706276,1.4079871914167306,0.136481398154211,64.70588235294117,64.70588235294117,0.5615582272892092,0.345147932095513,0.9210591919522009,2616018086000.0,13.575557495788876,9028601036271.0,1.1912008537177756,13.791098284411182,46.85299888803444,340.0,1
DNP,2024,0.32397432094639156,1.2454264302648244,1.51638025974029,0.6269915139495611,0.21552934469579016,1.9090772527264488,0.6562483863009211,0.7382007592449746,0.2537577022243453,0.12759990421216508,0.04386267298077964,1.5238132708206804,0.3804855752893408,61.01190476190476,61.01190476190476,0.47569554167705963,0.32477499734581844,0.6311560337423237,2889984343000.0,6.702298672892957,9291186263011.0,1.0441388726613257,4.851063867509513,21.547627242691917,336.0,1
DP3,2018,0.7940675787211933,1.524570373454798,2.581791783676245,0.016912364054658645,0.012755066381626837,0.3259330487703483,0.2458141073356713,0.04036230457588059,0.03044068070655002,0.11377764549429932,0.08580949513236368,4.068114767044068,11.797321086878993,1.7442922374429226,,0.7181172764815577,0.27565008886631687,0.7419681477633487,129880000000.0,1.2758718395794773,95858328698.0,0.20344438577286966,0.9416610885042458,0.9416610885042458,10950.0,0
DP3,2019,0.8076017636151508,2.7603301534130655,3.5913328776081532,0.0,0.0,0.22372113663275645,0.18282035827897614,0.02803834045354228,0.02291236100627777,0.048285355587314636,0.039457809579214013,5.4698503460650825,11.610317947417466,2.0340063761955367,,0.5456119599000938,0.4006871488637263,0.5563331834989481,164604000000.0,1.591351320148308,118554734269.0,0.2885917624027503,1.0610072053972899,1.1461582518578224,9410.0,0
DP3,2020,0.4311166252663275,2.0906464478250912,2.6847344852691535,0.0,0.0,0.2739545045800072,0.2150426122715611,0.015523250971714673,0.0121850905318101,0.06892750075207363,0.05410515093299772,4.650241128661399,20.370262021486802,1.946031746031746,,0.6086684601910407,0.5328799175416346,0.6190570949624303,210872000000.0,1.4805596262924419,175332288517.0,0.44306999244719564,1.1714994413006772,1.2310307085043444,12600.0,0
DP3,2021,0.3129928273527924,2.3835738769585895,3.2149625979247682,0.0,0.0,0.21629483173832217,0.17783092231773667,0.009669142507107608,0.00794966997704703,0.05344167493401318,0.043938092590292945,5.623318976062359,32.19186522547644,3.292742328300048,,0.7966627959087413,0.7627856163459146,0.8113248580148691,290680000000.0,2.4980538511129438,269506624202.0,0.7072236701913767,2.1050755478290095,2.3160935065647963,10265.0,0
DP3,2022,0.23342520050186513,2.6582172223796854,3.430575879947971,0.0,0.0,0.21659603603158692,0.17803447456404778,0.012528448799791697,0.010297953000618207,0.04425337471990069,0.036374748403957255,5.616889663918719,25.088525640236867,2.466516928708094,,0.6108277551546625,0.5256809856184713,0.6421491405187365,254990000000.0,1.8694846465506263,239114160503.0,0.4929517532787575,1.5982375568399856,1.753089344026043,12021.0,0
DP3,2023,0.05312259706836991,3.275569382412122,3.79278466148227,0.002081233935877436,0.0017086483824809632,0.21805864636437197,0.17902146749274137,0.014515272578427245,0.011916727180380051,0.03350268383470531,0.027504984209671023,5.585922258404826,20.167620401573167,9.605217988328185,,2.56821332758929,2.9364064902530047,2.68442990935619,1203136250680.0,7.680860678831556,1205536338789.0,2.9422642094402236,7.120975388190139,7.696182918828672,5826.0,0
DP3,2024,0.15418455989732457,4.380405621229562,4.874527339987733,0.0,0.0,0.17132264885814977,0.14626426717280816,0.0,0.0,0.014727375536609194,0.012573286746368307,6.836939871435044,1012.1333655003698,9.21930447125621,,2.1529737540096394,2.6758694228830637,2.240190677323716,1117136518680.0,7.356874589323948,1103430125703.0,2.6430385940166774,6.75027472510633,7.2666114813531095,5636.0,0
DPG,2018,0.36313411755845076,0.8507323863155912,1.002549532547699,1.856377086022353,0.4138808808375148,3.485293165187659,0.7770491329838947,0.6232631919799928,0.13895706903116473,0.26394762760650575,0.05884735242171456,1.2869199096329553,0.22463490525385077,2.9014272970561996,,0.3767046919547003,0.2481831411673752,0.3773582486988303,390299505620.0,2.242039952067033,2367598610024.0,1.505505519731198,13.600454516845726,13.600454516845726,4484.0,0
DPG,2019,0.3669706545750217,0.7516037063392411,1.1484285786089072,1.468383758656887,0.35716228617701296,3.111250866865441,0.7567650254428686,0.5243528217620631,0.12754094526025547,0.369765781583147,0.08993997047547457,1.3214141330260172,0.4586508520971784,3.7705308259938115,3.7705308259938115,0.5763854618433985,0.3612422424231724,0.5770345234891199,712796990400.0,2.67785392657628,2474316744059.0,1.253972366784948,6.274588726297866,9.295576297191714,4201.0,0
DPG,2020,0.3712855451165569,0.7003140099632073,0.9334147033387554,1.090031737922919,0.318010169239815,2.42766314840993,0.7082560459700092,0.6187957417620188,0.18052991643857244,0.16706024170750033,0.04873881547695212,1.4119187625577212,0.39650005431365654,2.9303278688524586,2.9303278688524586,0.4118138157394451,0.27339745932951054,0.4121751713702052,579147554700.0,2.014702937885638,2290680908950.0,1.081358861932779,5.435915834378757,7.9686800359723735,4392.0,0
DPG,2021,0.430088362303019,0.8516638932179909,1.0807433961641852,0.9480804019656088,0.28388678689906166,2.3396425818955318,0.700566759622398,0.5709691161081188,0.17096713259178925,0.2052142049242561,0.06144795435198325,1.4274157120143625,0.5204888803959178,7.951452739977934,7.951452739977934,1.5288091164214515,1.0701819229872203,1.5295565243706886,2724100714960.0,5.406605331383437,4384675225813.0,1.7225501755737702,7.118305792266284,8.70239794075071,5438.0,0
DPG,2022,0.5278610325887649,0.9916492512822201,1.483999969659969,0.7529046526278106,0.270650277440876,1.7818358796705238,0.6405251627862251,0.4531084987409907,0.16288110382509557,0.16213852970515918,0.05828472157184292,1.5612189155069143,0.5994294076191835,2.76996857946089,2.76996857946089,0.4781753576626047,0.31789418943686726,0.47858867778937125,1055242529500.0,1.8039364924874015,2545406263893.0,0.766809371710212,3.595596072497409,4.351370532628442,6047.0,0
DPG,2023,0.4972931822274436,0.9109416425036794,1.3084500668615737,0.6205426585391172,0.21798381252642152,1.8467373395623223,0.6487206648458311,0.4596602512078664,0.16146914744109755,0.16154478944051417,0.056747346232284016,1.5414955221715507,0.35436763144184547,7.443375736891095,7.443375736891095,0.6431683264378906,0.4380574374588894,0.6447946491119139,1511359300460.0,4.755997835929254,2617610744737.0,0.7586970581749454,5.855408697236462,8.237188227501711,3223.0,0
DPG,2024,0.40966635938234797,0.9289549561886348,1.4215069147083612,0.5067244259165014,0.20625016141239574,1.4568437786737507,0.5929737133958846,0.4377105123879059,0.17815968446483402,0.15891542714750684,0.06468275619595655,1.6864153965158557,0.3950810679116845,7.970728961441036,7.970728961441036,0.6829175940385215,0.49870854745421367,0.6943290709100103,1784147369280.0,5.040927277316097,3234952874508.0,0.9042406904872275,6.516296968553302,9.140030956366747,3553.0,0
DPM,2018,1.1341408552109848,2.318184380709579,3.4164853198336167,0.12499935577567849,0.09267532912073738,0.34878782693967436,0.2585935459775425,0.024467382737162223,0.018140275474369735,0.050357505529952065,0.03733537960837805,3.8670725374052632,3.2287568823512607,4.6357188910380405,,0.340904014447847,0.3026925066717306,0.380544921795298,2814166000000.0,3.2944434126690734,2331096051295.0,0.25073336365340804,2.7289307135711613,2.7289307135711613,1551.0,0
DPM,2019,1.4446223440288475,2.228944433707633,2.884367335465364,0.13032332378404848,0.09297174249855918,0.40175197626384346,0.28660703395949705,0.02172055399551806,0.015495290438905527,0.05863737714014986,0.04183149239884709,3.4890978989068318,3.476481812530231,5.098493626882967,,0.21101190001362463,0.22413623528092882,0.23581250511046958,1722160000000.0,3.695209095336315,-13896156791.0,-0.0018085614971943681,-0.014066272940431116,-0.029816744648768233,863.0,0
DPM,2020,1.001561909882392,2.3917675684564523,3.116513697702648,0.10414343455885874,0.07601127162243924,0.3701051480385261,0.27012901058606864,0.023142985632594065,0.01689139382165383,0.054910839052851525,0.040077828429053886,3.70193485635035,4.590893610895191,4.534201954397394,,0.33029938983986556,0.35096723316859485,0.36795464007841916,2724144000000.0,3.616083538549393,1744740081291.0,0.2247849595796153,1.3605291990284858,2.3160030772983053,1535.0,0
DPM,2021,1.1731058406641375,3.134357362752813,4.4243123485047136,0.06538391542882348,0.05032848396634185,0.29914335334539854,0.2302620050166753,0.018681118870408107,0.014379566983353088,0.07200322811043668,0.05542362043805449,4.342878886716813,15.312446821464112,2.5525874306362115,,0.722652532201334,0.6054908891531171,0.7836173299295295,7741892000000.0,2.123293561187023,6118378826403.0,0.4785164447882194,1.48317952686918,1.678028363997393,7749.0,0
DPM,2022,0.6956530939882225,3.2406653300174795,4.533080926750018,0.03603430740084755,0.02853915627682979,0.26262693442352664,0.20800042139401478,0.014413723155667142,0.011415662665431708,0.06199478761773508,0.049099845669013736,4.807682567650678,26.235932610054096,1.3923864222074958,,0.5280118660984285,0.39734271001208876,0.5608407148299286,7401374000000.0,1.1236843263092124,6024685126050.0,0.32343517770541386,0.8605998213826719,0.9146739844643207,13581.0,0
DPM,2023,0.8363538311825894,5.156148548632223,6.4433494163366305,0.0,0.0,0.1527959922993738,0.13254382676557194,0.0,0.0,0.06655947446062645,0.05773742700810967,7.54467427418316,21.294055147278485,16.977648202138,,0.5922598252038175,0.5039180863672594,0.6383893413635435,6837758000000.0,9.90934655596611,5596196637885.0,0.4124194949130841,5.1898580529345875,8.110063544239917,1029.0,0
DPM,2024,0.19329998794530737,2.209946132455821,2.5428521541335862,0.0,0.0,0.4805481784597285,0.32457449575174335,0.3060890816635636,0.20674037232749823,0.0618101651621816,0.04174816197233453,3.0809568006380514,0.30222810171105546,33.94045534150613,,0.6784832724607511,0.5620370528311442,0.7349609754003942,7585332000000.0,11.40864164910089,10002445559459.0,0.7411336805484984,9.53803460987242,15.044076779039889,571.0,0
DPR,2018,0.5559130053481821,1.87508769823104,2.1687949827025093,0.07797117474608166,0.052103096127789635,0.49647872277776334,0.3317646386954301,0.019398033862577695,0.012962452166757888,0.007693336257393593,0.005140959333596955,3.0141850075771037,5.09552829813757,1.7851662404092072,,0.18409997520550547,0.4370755255840891,0.1841857872282471,450210000000.0,1.547417075319303,411169332488.0,0.399173834657719,1.4132303723586126,1.4132303723586126,5865.0,0
DPR,2019,0.5271773051674995,2.167450107817231,2.3842851895123647,0.07686820931206846,0.04685118473449383,0.6406886986461803,0.3904998548322096,0.04650737003418925,0.028346248787210492,0.005094709067474495,0.0031052259162133626,2.560820414209068,2.3454483016092604,3.2777534006143045,3.2777534006143045,0.28202806412452097,0.6218499266323145,0.2822009461818905,642420000000.0,2.985029430191207,611380773570.0,0.5918045658430812,2.1002781026682844,2.840804461504182,4558.0,0
DPR,2020,0.6580667416797336,1.9156078200275826,2.207366001078602,0.04527399540221985,0.027881822367280554,0.6237817889317411,0.3841537041390991,0.04479438743662322,0.027586457578202488,0.0027182102669499704,0.00167399972427221,2.603124710826445,3.002087478903347,4.027057497181511,4.027057497181511,0.3303069341882353,0.6750890560266173,0.3305052748645559,767980000000.0,2.972094818438636,611242502897.0,0.5373097271857113,1.7187187663854473,2.3655182109815835,4435.0,0
DPR,2021,1.274244580242626,3.017765288549552,3.4771847836573797,0.009075310228114072,0.006172245002277442,0.4703418650370252,0.3198860593044335,0.010568447172939734,0.0071877482538209615,0.0027780391278382634,0.0018893831386405558,3.1261130984401744,13.383058854028484,2.954039671020803,5.999213990960896,0.47867450318582627,1.0788507823573665,0.4788893344467327,1312790000000.0,3.7258025332989897,773555859223.0,0.6357081817502102,1.701511787239353,2.1954131124866354,5089.0,0
DPR,2022,0.8732979294952466,4.720421493713284,5.265100508294917,0.0,0.0,0.414580460641342,0.2930766203665641,0.001684445587686117,0.0011907739676556988,0.0017805612963772196,0.001258720409279476,3.4120770150456043,72.40772462463113,4.572103088727129,9.193037974683543,0.33666003293729807,0.8253850885363836,0.33680967680784374,999320000000.0,3.216862955390442,693271244099.0,0.5726051186710782,1.607356324063167,2.231676122943119,2528.0,0
DPR,2023,1.336754889386891,7.700456773319952,8.385868115674198,0.0,0.0,0.3941669798296092,0.28272580367509714,0.0,0.0,0.0017495246731653786,0.0012548889038952855,3.5369958702078006,,8.565525383707202,8.565525383707202,0.8255240895663055,2.421837954849371,0.8258322709727386,2521429746640.0,9.253401797995089,2201655817900.0,2.114694502359437,5.549766543674176,8.079862598222515,3388.0,0
DPR,2024,1.2736951698072785,8.015290063693316,8.607309575546813,0.0,0.0,0.38738505950985364,0.27921956983356305,0.0,0.0,0.0017884973855807895,0.0012891139149304692,3.581410860979691,,14.829385788839822,14.829385788839822,0.9921455839703944,2.621219869586174,0.992546073203901,3209566328080.0,10.08066310459051,2883980890683.0,2.355317585440685,6.236868230630937,9.058058562211944,2491.0,0
DQC,2018,0.24486570267833677,1.6855709292527654,2.220459799223595,0.09168910647154924,0.05333358929867309,0.7191624954788184,0.41832141951102675,0.12648582877759718,0.07357409733532405,0.21549923154210665,0.12535128709987717,2.390506326854823,0.7751269679162174,9.132134480062549,,0.7398658240735767,0.6759703417951384,0.8104313833325765,802635957760.0,7.271301410533421,873609974892.0,0.7357438046651357,7.9142746861431945,7.9142746861431945,2558.0,0
DQC,2019,0.32753314993658406,1.5756578350684087,2.494796080178577,0.06818954285790729,0.044147845813024195,0.5445723704550604,0.35257161196960873,0.04768176528891674,0.030870528439446824,0.0968964483738516,0.06273351137655277,2.8363032247933755,0.4569830373722526,13.998025666337613,,0.5010114563766461,0.5906299223870094,0.5523088270651844,487216518880.0,14.768327911543418,449461543902.0,0.544861322438386,19.170735472865502,13.623912997104627,1013.0,0
DQC,2020,0.2608562208522709,1.4444132235120735,2.1509009234227348,0.053872030648001036,0.035281126485611644,0.5269362408247124,0.345093807283079,0.06623216655527125,0.04337585603410568,0.14257940069189354,0.09337613246698832,2.897762807953561,-0.2186138398526931,29.5993031358885,,0.6323377485316303,0.6208817403336999,0.7009942442076678,583766477840.0,35.89104625649283,581756875953.0,0.6187443700592108,-40.4229666314218,35.76749220359426,574.0,0
DQC,2021,0.13652951886937809,1.3107167475531754,2.2104841025794735,0.05068297585058938,0.03394430485222417,0.4931216317799604,0.33026219785732175,0.09540712888751376,0.0638977608098667,0.09533696566695518,0.06385076984873854,3.027897247967856,0.542871921040849,40.177890724269375,,1.150367567297133,1.4805100810595053,1.2712578098806533,1086444733920.0,44.079522525249885,1167909188988.0,1.5915225819356649,22.839976479284324,47.384719899828475,787.0,0
DQC,2022,0.039233069741685465,1.0589117117846838,1.9498816415867666,0.03010389163000125,0.018932060524577694,0.5901011720789837,0.37110919886151256,0.19776992249765937,0.12437568500064958,0.14950564501361835,0.09402272486734076,2.6946246632198725,0.16649195367328354,34.06813627254509,,0.6254136073752568,0.5902220207453257,0.6947004776331241,584110072000.0,41.974345883279696,776572000917.0,0.7846978122908873,23.987533500482893,55.80472471250377,499.0,0
DQC,2023,0.042313237526140045,1.233131820283184,1.8702692269210115,0.008541337233096169,0.005326545657650698,0.6035415411915144,0.3763803591536841,0.2696491292886781,0.16815849316152723,0.09105567765030617,0.05678410899330184,2.656886778705896,-0.08507958851180829,-12.139423076923077,,0.5780342696364713,0.6059768481509664,0.643745790084297,520545152400.0,-14.219602896465092,748480716087.0,0.8713211200700034,-33.52525966330608,-20.446062189511174,-1248.0,0
DQC,2024,0.08362093635844121,1.114169075668979,1.793874861153435,0.004939301089120441,0.003178666593701332,0.5538908984376921,0.35645417512554023,0.2034666030451272,0.13094008289108067,0.12891590921602375,0.08296329513586698,2.8054096985897505,-0.6402675032574182,-2.8333708117832246,-2.8333708117832246,0.5560081092446479,0.5320965164997015,0.629336193511129,432928641600.0,-3.503151194841972,559629304703.0,0.687819596465378,-5.313859373827892,-4.528381536951415,-4447.0,1
DRC,2018,0.04793427789946634,0.37656809589873386,1.1725712452343022,0.1604537107148072,0.08639128411142152,0.8572904936551825,0.461581263988499,0.46332425172837743,0.24946245797906746,0.159645711125369,0.08595624199377838,2.166465751575472,0.23443603753428358,9.443976411120472,,0.8731359180229791,0.3750009628427383,0.8759273186254604,1331665102050.0,7.512571312985062,2232097827708.0,0.628565570473481,12.592350796308377,12.592350796308377,1187.0,0
DRC,2019,0.04929863572576313,0.2421781169069454,1.4854393637718324,0.09108892113306703,0.05489290471759143,0.6593933515031485,0.3973701298163224,0.325942136174294,0.19642246721010537,0.13667251589424095,0.08236294051102304,2.516545469741857,1.0236986466887457,6.055002370791844,,0.9294710218396233,0.39319318952876653,0.9318420305594876,1516981565850.0,4.855956893993397,2151909327565.0,0.5577629360366598,3.6721121622866506,6.888402054235124,2109.0,0
DRC,2020,0.25439800397323775,0.7054238041494334,1.7670936530078971,0.0004814191862217066,0.0003341802470236369,0.4405973737509845,0.30584352143012045,0.1810855404128428,0.12570170105290257,0.13283174907579828,0.09220601918073398,3.2696458480598594,1.634606396209365,6.306765523632993,,0.9582020176833892,0.4433579548196228,0.960162494273576,1616767354050.0,5.019521193445122,1734313726253.0,0.47559210344084524,3.2572589028754706,5.384463313910093,2158.0,0
DRC,2021,0.06589826317082867,0.5036622096224845,1.554563446946487,0.0009018102781318589,0.0005101332243694888,0.7677936567383404,0.4343231201287115,0.3225707834707202,0.182470834331354,0.22897215420063285,0.12952425376562154,2.302433266052358,0.806333975049166,8.312908496732026,8.312908496732026,1.3627532266027143,0.5519852598814374,1.3648594877436162,2417429511750.0,6.6209175738182395,2901626245677.0,0.6625446200246664,6.188878498096661,7.947047932226059,2448.0,0
DRC,2022,0.10306086978356668,0.4975218477147165,1.6307499404274266,0.00035919379964629677,0.00020070666662164272,0.7896455842367319,0.4412301470145603,0.3593671342096441,0.20080352075012162,0.24686234587444703,0.13793923671190553,2.2663909226651295,0.6373182537703947,5.755488592337494,,0.8316514638681431,0.32422755673416415,0.832536390369158,1588257128850.0,4.121960353205587,2119943627382.0,0.4327662884270561,4.71769429213698,5.501831803158062,2323.0,0
DRC,2023,0.21267392849198238,0.734413055601506,1.5196751497249488,0.01340584657380862,0.00733357339461793,0.8280101462742704,0.4529570844898569,0.3051263176593898,0.16691719041126665,0.28981643814279584,0.1585420292844001,2.2077146693185083,0.6693015570752883,9.185149469623916,,1.22233256417276,0.5034285353565695,1.2232062347294692,2262999125250.0,7.372181926837129,2531980347413.0,0.5632663060393044,6.455603731070228,8.248443204432437,2074.0,0
DRC,2024,0.10315848773176044,0.6095802241313215,1.3086836790210212,0.06901076316975728,0.031548245941381045,1.1874675155628094,0.5428503541719055,0.42931430317698455,0.19626088164629366,0.49085026040857727,0.22439202270040906,1.8421282998432529,0.4907646893256645,13.6433611289288,,1.3128169251283688,0.540675709479117,1.314416154066442,2526718708350.0,8.365124163633446,3265079254463.0,0.6986725655603899,7.85668693345228,10.80959003367753,1559.0,0
DRH,2018,0.027220858754577897,0.5179916616743021,1.1657138325172067,0.04485580807732684,0.01581303321706096,1.8366352907506145,0.6474696612353766,0.5193577419645089,0.18308936071477816,0.016871691416200017,0.005947783090485179,1.5444739110895065,0.17191611046161218,7.923387096774194,8.264984227129338,0.6205201039213268,2.9477205392155708,0.621825007115907,479459473380.0,6.551374581837161,877729388596.0,5.396287048826263,11.993368210334278,11.993368210334278,951.0,0
DRH,2019,0.02432686653976028,0.5154057932198205,1.0531465345234439,0.016674458657648036,0.005769749488474243,1.8899796587282065,0.6539768032692417,0.1971088860358567,0.06820424685016586,0.08183379692051428,0.028316392011052037,1.529106223647356,0.34114450458673373,4.023591087811271,4.023591087811271,0.2310726866540783,0.5110896457878846,0.2314339692829959,187269794310.0,2.9528600820828164,323646525451.0,0.883283866801355,5.044620354152308,5.103241071152422,763.0,0
DRH,2020,0.034647668677200934,0.5545387370596665,1.1049858397469254,0.1349847967551228,0.04595025507456127,1.9376288888078954,0.6595894042947661,0.34778180774914524,0.11838861235132966,0.0922537440454504,0.03140415196654995,1.51609469995838,0.1511239155775018,11.436541143654114,11.436541143654114,0.5874640707680007,6.420051205566557,0.5880042169781582,500199450600.0,10.613600502031545,858155426103.0,11.014409894507883,17.941131788039037,18.208974140980185,717.0,0
DRH,2021,0.026426748702174145,0.4528146098583344,0.9388701856229354,0.0,0.0,2.173327815759388,0.6848734016593566,0.5155416686034854,0.16246089232987565,0.12847875048451357,0.04048707159924106,1.4601238675310413,0.08223064441565386,98.72727272727272,98.72727272727272,1.5431531972124528,17.67501155782431,1.5437405094148147,1324918544760.0,34.99565516731042,1718338007031.0,22.923404804499384,42.448228724437385,45.387216136998994,220.0,0
DRH,2022,0.07161561226073065,0.6426304619540508,1.116747460359806,0.0,0.0,1.3820042099613306,0.5801854607065392,0.43047289417874035,0.18071877974797057,0.05848240314086117,0.024551763131355077,1.7235867971979482,0.015310185819009283,4650.0,4650.0,0.357994032971131,9.599325333998348,0.3580155580315491,578245476900.0,61.39602362028799,1113961914883.0,18.49263549448387,94.07159798574645,118.2764669512245,1.0,1
DRH,2023,0.042657794074677964,0.6732405118121441,1.148227532500091,0.0,0.0,1.6227836740166681,0.6187257035695408,0.5123545191622584,0.1953476088165563,0.0584011339157536,0.022266851244469983,1.6162250804044807,-0.10644341365102471,-6.023952095808384,,0.4142137348609901,71.09511800940594,0.4142137348609901,625499945980.0,-6.504310060667972,1294983230889.0,147.18943816375486,-13.788824374163164,-13.465984307753974,-835.0,1
DRH,2024,3.6302171666309686e-05,0.5956659333345015,1.0869520756680748,0.0,0.0,1.9852586557811756,0.6650206513718918,0.5750824569187947,0.1926407468261099,0.06315866683321403,0.021156849076009735,1.5037127011575788,-0.2122811279147286,-1.162079510703364,,0.18081274765628408,66.15907004176992,0.18081274765628408,236272345400.0,-1.2520535286894294,987652706709.0,276.5545180054084,-5.29160920065323,-5.233765527917215,-1635.0,1
DRL,2018,8.351215620859113,9.649909981511534,9.7208539727845,0.0,0.0,0.07061011552711179,0.06595315559142378,0.0,0.0,0.00187420043639127,0.0017505910034004424,15.162276786192699,,4.777864380358535,4.777864380358535,1.8225060239709252,2.7618611263011594,1.822873501349701,232940000000.0,4.230333797181486,157571179692.0,1.868248114607837,2.8615896235632547,2.8615896235632547,5132.0,0
DRL,2019,2.396092473763203,3.363290560979733,3.398140766229925,0.0,0.0,0.2494744674852515,0.1996635177246599,0.0,0.0,0.0024845958075617593,0.0019885126685000366,5.008426233274226,,5.664917676859055,5.664917676859055,2.7303551534031136,3.3063777468538955,2.7303551534031136,297445000000.0,5.0236138495891165,232324577402.0,2.5825036990677543,3.7272277698314147,3.9237807481605875,5527.0,0
DRL,2020,6.016621256422494,9.401992817806347,9.49842435682876,0.0,0.0,0.08287904018785495,0.07653582451229023,0.0,0.0,0.004556817067154621,0.004208057315768266,13.065776796321291,,6.008188331627431,6.008188331627431,2.4586690250438052,3.4579934908501744,2.4586690250438052,334590000000.0,5.249053156643597,266730559645.0,2.7566649901767364,4.0515547348805265,4.184473194291224,5862.0,0
DRL,2021,0.9059173319233469,7.626651586170186,7.688990188587502,0.0,0.0,0.10079524869654917,0.09156584643320431,0.0,0.0,0.004800030398746514,0.004360511552380179,10.921102561198762,,8.25648414985591,8.25648414985591,3.559761330701776,4.553548349459885,3.5627884330513973,435480000000.0,6.922706496135407,424309413843.0,4.436744353506668,6.580347587474508,6.745130742129014,5552.0,0
DRL,2022,0.6499264812566296,5.2820286933032286,5.325892243759003,0.0,0.0,0.14942649196352295,0.130000911766235,0.0,0.0,0.0004048232773878064,0.0003521958822231961,7.692253742021285,,8.228423101881894,8.228423101881894,4.1544215085875305,4.248357044518101,4.156807044521698,481840000000.0,6.23187802867472,470576220878.0,4.149044917295694,5.903086671263798,6.086197932314441,6164.0,0
DRL,2023,0.13451977514086694,5.589538481794297,5.640033996235426,0.0,0.0,0.14515894173116012,0.1267587724649998,0.0,0.0,8.936694618559716e-05,7.803890178816517e-05,7.889000347302325,,9.681240202055392,9.681240202055392,4.500512150240741,5.008426380679793,4.501610342432508,528010000000.0,7.270744903017217,525719078884.0,4.986695902557351,7.012220714302759,7.239198714446221,5741.0,0
DRL,2024,0.30916255049124436,6.365028097972562,6.422471347970784,0.0,0.0,0.12203382815354472,0.10876127358331748,0.0,0.0,0.0006210660066899505,0.0005535180768230463,9.194449155047284,,11.845943482224248,11.845943482224248,4.354089174939784,5.406200571912351,4.354089174939784,493810000000.0,8.798056669763648,489531124231.0,5.359355711278687,8.371462404673677,8.721821292799754,4388.0,0
DS3,2018,0.18048174871265077,3.3166365111009504,3.370258258952839,0.0,0.0,0.15082060008981396,0.13105483172446114,0.022490697219032376,0.01954318267962628,0.04480269432052292,0.03893108475554431,7.630393987323337,2.896840461272046,4.630996309963099,,0.23166342476829158,0.5695373632980473,0.2734922631538168,26781022300.0,3.5314852184395535,26945606490.0,0.5730374853084436,3.553188147762526,3.553188147762526,542.0,0
DS3,2019,0.26156999180938517,2.444225739774521,2.5301422424113693,0.0,0.0,0.2427006749241024,0.19530099228354028,0.06845420925517094,0.05508503426165095,0.03889500954032466,0.03129877558222149,5.120301685657532,1.4887485212722322,3.6403508771929824,,0.22985048671054595,0.5359583858472345,0.27135901583791405,26567627700.0,2.740119353649803,28466972062.0,0.57427454828072,2.3351301382653533,2.936013029379151,684.0,0
DS3,2020,0.11475067449505062,1.9677044360986136,2.053879977363118,0.026856545486277847,0.018812112540031463,0.4276198608278649,0.2995334210185978,0.13310761657495318,0.09323743681862563,0.09694938729230067,0.06790980565098087,3.338525619609942,0.6732373925102754,7.201986754966887,,0.4015299632970737,0.8565669114658847,0.47403853642472976,46413325500.0,5.747562428941524,61069798255.0,1.1270549548346849,5.7143149673467075,7.562536711433803,604.0,0
DS3,2021,0.20238953398665727,2.576396342381238,2.813053604957154,0.01579839050523173,0.011934824646407877,0.3237220464723548,0.24455439669910758,0.007990905703064374,0.006036694579772008,0.07920219116705628,0.059832947088949436,4.089069808180018,-0.7034502747962748,13.99416909620991,,0.8787509024185214,2.4065125896657036,0.8787509024185214,102429408000.0,14.545218526158134,100327107296.0,2.357120396444797,-90.00806386770952,14.246686847176097,686.0,0
DS3,2022,0.11753538141827424,1.4077036592020256,1.9106842576141065,0.0,0.0,0.32279064983839656,0.24402247617779232,0.013145133242007601,0.009937425278605895,0.05907679424386237,0.044660728627829126,4.097983168039857,-28.872922287586217,-1.4096916299559472,-1.4096916299559472,0.6411658171714092,13.742491160659325,0.6411658171714092,51214704000.0,-1.4479518691297255,50621588659.0,13.58333994637243,-1.3926023081764776,-1.4311831992061335,-3405.0,0
DS3,2023,0.15063081017326596,1.09046320623086,1.1574284459533495,0.14509190109849548,0.08800181425631494,0.6487376121121708,0.3934753518973123,0.1265926837084373,0.07678158293863478,0.20926563979519894,0.12692476853676682,2.5414552529861543,0.2570501927873575,18.11320754716981,18.11320754716981,0.61923656396306,1.727672225885339,0.61923656396306,51214704000.0,25.263966242477476,67410234295.0,2.2740107905709044,22.568923105537014,33.25314315252857,265.0,0
DS3,2024,0.24994300446245687,1.57460542347295,1.8060627090576866,0.4614052489520996,0.2700838081509818,0.7083780479508256,0.41464946754643367,0.058841872440795404,0.03444312136378442,0.11627178146341481,0.06805974918893457,2.411675591716555,1.4494549075107481,6.287787182587667,6.287787182587667,0.606149409951774,1.0827379992310107,0.606149409951774,55482596000.0,6.383722619862238,97452064952.0,1.9017685082193878,9.517641347600238,11.212650384750678,827.0,0
DSN,2018,6.898596094923288,14.320039538141767,14.366130245307366,0.0,0.0,0.0740875219079461,0.06897717401682626,0.0,0.0,0.013827927431626967,0.012874116074883589,14.497549577140697,,5.074959180644203,,1.6810242727832738,1.9072788700806107,1.6810242727832738,413118077710.0,3.4457962516937135,288141117643.0,1.3302866539471276,2.4033699726644837,2.4033699726644837,6737.0,0
DSN,2019,3.4019806799513086,9.65627904102033,9.683037136414057,0.0,0.0,0.11262839162848737,0.10122732124751908,0.0,0.0,0.008621056116471501,0.00774836969947655,9.878755929486855,,5.659701492537313,,1.8468547815508816,2.087782691585762,1.8468547815508816,458187701280.0,3.830264931296111,363469520231.0,1.656188874422733,3.009511403507319,3.0384590268280753,6700.0,0
DSN,2020,2.8658547116472697,15.739978362642775,15.784813474762696,0.023258227853087666,0.021379617193295616,0.08786923745206993,0.08077187443765854,0.0017190400946864727,0.0015801900040051562,0.0017031037865051924,0.0015655409013072942,12.380547151617998,80.06917816472996,11.140684410646388,11.140684410646388,1.889444574896583,4.621567389300023,1.917352136285222,389435380069.99994,8.357434736205159,356833472055.99994,4.2346690163802885,9.785031755305642,7.6577851089581594,2893.0,0
DSN,2021,4.2030339376374215,10.68507862636685,10.722840234251427,0.0,0.0,0.0970203527052497,0.0884398839693336,0.0,0.0,0.001743479373416911,0.001589286259928993,11.307115693941306,93.04410156616828,21.361800346220427,21.361800346220427,2.44488933160832,17.72110058169708,2.447197778080355,447312993180.0,15.728432628792014,374859341977.0,14.850720199156097,12.484791721219908,13.180815213176704,1733.0,0
DSN,2022,2.84497465504444,8.232504210730122,8.26450161847104,0.0,0.0,0.12973597395771186,0.11483742834462321,0.0,0.0,0.01171868526335101,0.010372941584127746,8.707962329137448,,5.094240147620931,5.094240147620931,1.8620869182166155,2.0114251369379446,1.8630612775068867,467008297850.0,3.450851123528591,376457581950.0,1.621419248461232,2.7722934189174167,2.7817472957413623,7587.0,0
DSN,2023,1.349666275753079,11.355653456660606,11.398069436552722,0.0,0.0,0.09347092859920286,0.08548094526751097,0.0,0.0,0.002266410125005942,0.0020726752451565764,11.698513591192974,,5.665236051502147,,1.711284729797197,2.178607082623016,1.7117695112603646,542285443920.0,3.8310636273612957,503517564980.0,2.0228588939450702,3.499464150106048,3.5571816477098364,7922.0,0
DSN,2024,1.2605219499741227,6.11574194155036,6.138023109104849,0.0,0.0,0.18311009622942787,0.15477012394112755,0.0,0.0,0.002368084973258855,0.0020015761684444603,6.461195316871275,,7.4233128834355835,,1.8492265593077417,2.687128293080513,1.8495091691148533,584817635600.0,5.027752708754481,513158424628.0,2.357867543162925,4.235879329498271,4.411689221370001,6520.0,0
DST,2018,0.3533103900613992,3.439535404502851,3.8871751348638597,0.002657808362549126,0.002487645728993255,0.06840308150499211,0.06402366549583234,0.020825660799114055,0.01949232565838191,0.03735496363142731,0.034963361935279824,15.61922442670977,1.221107573262388,9.155912103243809,,0.192523645057355,0.31786107409227704,0.3887042302287004,67830000000.0,3.5643698107437927,67919835020.0,0.3182820538349912,3.569090512988162,3.569090512988162,229.36,0
DST,2019,0.08558713357380456,0.7986145163144006,0.8085925881910692,0.00037770202228174676,0.00027771553164735276,0.3600320444495639,0.2647232070147855,0.049120410219847775,0.036117097696567825,0.024647743543963777,0.01812291382732771,3.7775305432294313,-0.1400146067339098,3.971405877680699,,0.07113571614985668,0.6059410968847372,0.15379779425413073,25840000000.0,-4.914100977668282,32638693281.0,0.7653686380639954,-12.321808982912694,-6.207036941252991,201.44,0
DST,2020,0.15077964868088164,6.897810483579517,6.967213397831809,0.0,0.0,0.05550883834480958,0.05258964807140361,0.014556243144683007,0.013790735440462346,0.028772641681889196,0.027259498581754044,19.01514911532113,0.30661757879725776,24.34782608695652,,0.28463118913040564,2.772762674185981,0.28999814110668887,90440000000.0,23.34514955667125,92405770945.0,2.833030435157844,51.38845705785787,23.85257123629513,115.0,0
DST,2021,0.2892297145915425,12.815969395246436,12.903626709659067,0.00012934937405939778,0.00012468341247463995,0.03742247258196333,0.03607254862026011,0.0,0.0,0.007465548906033931,0.007196247530144092,27.72191148807132,144.67175125541485,12199.999999999998,,1.0932550340047422,10.232850791417299,1.0932550340047422,394060000000.0,7.221053528821135,391165223413.0,10.157679962382991,11.373096319754477,7.16800745287152,1.0,0
DST,2022,0.10706323193981805,1.4666642478942848,1.5820988609883797,0.0,0.0,0.043848987641451655,0.04200702224229507,0.0,0.0,0.009858958972781853,0.009444813463926331,23.80554361201882,,4.339051463168516,,0.3510347022182678,2.78675751905869,0.3510347022182678,138890000000.0,3.2455282272369836,137032534112.0,2.7494884065971807,3.1950455840946015,3.2021236770848214,991.0,0
DST,2023,0.038367437724985035,2.0551321940763447,2.228636256463025,0.0,0.0,0.0637927025778637,0.05996723085548185,0.031726966110806915,0.02982438780969611,0.014709494884504867,0.013827407208998234,16.675774180901435,0.2093019768170369,81.25,,0.31719412071256725,2.346762397961914,0.31719412071256725,125970000000.0,49.752950474375126,137598565063.0,2.5633971461726155,51.30264034703857,54.34575369472512,48.0,0
DST,2024,1.1028227047097667,2.8460814787940416,2.8460814787940416,0.0,0.0,0.004328678684493266,0.004310021984200559,0.0,0.0,0.0005556754014508976,0.0005532804282545648,232.01737802399725,-6.705595812982479,101.81818181818181,,0.4534421670255627,2.9677787129737228,0.4534421670255627,180880000000.0,-65.36010456573166,179193400772.0,2.9401059283309965,-52.844401013214046,-64.75066017219693,55.0,0
DTA,2018,0.12118722619783458,0.5836610606493189,0.5889446781093719,0.12580310949509174,0.057900625231898185,1.1727418139482408,0.5397520342360281,0.5857264767298977,0.2695794194090338,0.006010359809222743,0.002766255875704301,1.8527026052165094,0.033354460527478216,24.7265625,,0.5990151586428992,3.521810407840365,0.6275863433351685,108876000000.0,29.418598325024398,221882413495.0,7.17722724166419,59.9532458760092,59.9532458760092,256.0,0
DTA,2019,0.1592613249997095,0.8198220023810717,0.8373550842743853,0.4526925004451636,0.18340438636987544,1.4682752108894999,0.5948587922496589,0.2766517894671318,0.11208304011100689,0.0024187675182919745,0.000979942393628106,1.6810712273717319,0.11724354943365768,14.207650273224045,,0.47589112881776485,1.6855392893557817,0.4978084351710377,89440000000.0,14.412623074186865,207905834103.0,3.918084211391901,32.04964733535369,33.5025539115716,366.0,0
DTA,2020,0.36495035350590027,0.8479238336259607,0.8581440693637243,0.460288690327671,0.15827398839107903,1.9081764793235902,0.656141913288361,0.30673229564466786,0.10547238031304428,0.02893253102693525,0.009948684762647085,1.5240605420073512,-0.07827376219529937,-20.046296296296298,,0.42506080176524463,1.8123826950431183,0.4450795155156838,78199072560.0,-17.044583875264802,171362733384.0,3.971592531639729,-35.96816178825609,-37.35090950109637,-216.0,0
DTA,2021,0.16143577663154343,0.6094494407058563,0.9036610272846449,0.4026851567863073,0.11676377041832565,2.448716629684196,0.7100370638188469,0.49502106994723766,0.143537762913437,0.01729625666240911,0.005015273366774977,1.4083771833284635,0.08698996872490465,39.869888475836426,39.869888475836426,1.9974417650998386,3.559243956190792,2.0864628512464454,387383396400.0,49.454486377727775,518493797503.0,4.7638745806736,59.09224346674381,66.19241992259134,538.0,0
DTA,2022,0.02540971042393844,0.22191778707817025,0.6352764502272688,0.23022999725704477,0.06201517878373387,2.7124781669972773,0.7306381465378909,0.5045091978461874,0.13589553262053095,0.22023992486051833,0.059324234366784856,1.3686665618794651,0.04557567900757162,10.313199105145415,10.313199105145415,0.4126574163199044,0.643338290431076,0.4303056472214529,83255825520.0,22.300852645085808,222205538480.0,1.717036980381621,45.84607596055449,59.519834673599235,447.0,0
DTA,2023,0.01847589474856604,0.15238686394878917,0.4557407347919602,0.2962388377954191,0.08478387850162179,2.49404678142617,0.7137989092430443,0.25085043740125346,0.07179366880109815,0.07969120432626713,0.022807709601913074,1.4009547885978988,0.02952530177164318,67.56756756756756,67.56756756756756,0.4450724832166664,0.9035663480545565,0.4639963874628021,90299160000.0,139.55146077298593,193725107917.0,1.938484126397616,110.03744165899461,299.3895158960692,74.0,1
DTA,2024,0.0069684189735129,0.16104813696389375,0.6457114671422883,0.2658017739459358,0.08562346994975506,2.1043097657909877,0.6778671990083448,0.3056201709352872,0.09845028170293253,0.15007053988693167,0.04834264336010721,1.4752152065521165,0.03191035748242012,44.4578313253012,44.4578313253012,0.3261100112585971,0.46975787972229727,0.3398722429522495,66640780080.0,90.4736291994366,181125039426.0,1.276769485339663,77.51106650493506,245.90107792989778,83.0,1
DTD,2018,0.5122857729766348,0.9867437663110938,1.2864654105320046,0.0028692723762044,0.0012928641933651886,1.2193145969461712,0.5494104344755704,0.0028731031804449933,0.0012945903137835666,0.2524938681703559,0.1137711023564633,1.8201328865450683,25.796108503874105,3.1886120996441285,,0.37756406595287806,0.21513159301530957,0.37756406595287806,98560000000.0,2.7437223975275415,-61116896093.0,-0.13340275179218994,-1.70137780720097,-1.70137780720097,1405.0,0
DTD,2019,0.2850658562363262,1.1583701769835646,1.346536249666377,0.022940442629518408,0.006056210740606225,2.7879201388593153,0.7360028819664775,0.22077606275193187,0.05828424429729816,0.30318903103002587,0.08004103041130309,1.3586903319293617,1.8487106260931243,1.2717265353418308,1.2717265353418308,0.24050952091625732,0.5343970251886878,0.30303282908603235,107910576830.0,1.2794858638932878,79709481306.0,0.3947389675839223,0.4306120235140747,0.9451080472858713,3452.0,0
DTD,2020,0.09242027367477967,1.0013804872249417,1.1660382829833438,0.12021602565150523,0.036588201367029435,2.285650050014073,0.6956462237980223,0.10367984956016917,0.03155535372969044,0.30402542037489405,0.0925312847524927,1.4375122954600346,11.22220921616312,3.0679657794676807,3.0679657794676807,0.5428539263392591,0.47669809301143057,0.5579386137713113,354967589230.0,1.5600174654646906,457100081611.0,0.6138553034996844,0.5705731844071501,2.008871041790959,4208.0,0
DTD,2021,0.10659202903352147,0.8593786640054707,1.094694245864818,0.014673241713050716,0.005930514706496651,1.4741936306096237,0.5958279143441142,0.167008806035509,0.06750029745827096,0.12892045261947507,0.052106048218914056,1.6783369424723873,3.097037608553075,6.38431752178122,6.38431752178122,1.0320209010225994,1.1694943363522785,1.0527487581313884,810816339500.0,3.499638381590672,902974658237.0,1.3024204092002092,2.156860863260441,3.897411309592787,4132.0,0
DTD,2022,0.37988064708399916,1.0832876074924505,1.330306443476897,0.01080464623371981,0.005061802320447426,1.1345452765063253,0.5315161449108589,0.051468423792044526,0.02411212559345869,0.10208906410329655,0.04782707831355482,1.881410394726036,6.464189380770006,2.2274289284598563,2.2274289284598563,0.317098291903655,0.5196817972313417,0.3215689653474034,302421010570.0,1.5557876049216453,183445124371.0,0.3152330314179079,0.5353528206438969,0.9437229580768524,3201.0,0
DTD,2023,0.20110180315867932,2.463823902165137,2.7672942225671027,0.04554570056737676,0.025699307805130696,0.7722539810307211,0.4357467887201967,0.006402571261120765,0.003612671394535172,0.025008565408436382,0.014111163341211234,2.294910773610138,57.83783137508176,3.705115346038114,3.705115346038114,0.7392004245891589,1.1609365267828855,0.7458848598642046,911391363520.0,2.2128194554428187,913120989208.0,1.1631397357655842,1.541136734297052,2.217018913026285,4985.0,0
DTD,2024,0.9564056258574408,3.0204094650478086,3.4554458534290156,0.033013965082806455,0.019696822126317008,0.6761061693650751,0.4033790828543937,0.03484926599583859,0.020791801040288407,0.00818117658572755,0.004881061077906931,2.479057647024713,6.152165561764776,9.525950143032283,9.525950143032283,1.0145882692723647,2.70893604294871,1.021424176892733,1340063578350.0,6.080459678666362,1187189054917.0,2.3999004768256684,3.7343213842294674,5.3868005190209445,2447.0,0
DTG,2018,0.14167615454209437,0.6316511764969149,1.3440741215419068,0.3417068374570167,0.15112049057488774,1.2611548980360403,0.5577481220465856,0.47884323013450486,0.21176931777226374,0.17760622811028917,0.07854668791799788,1.7929240108072932,0.1968647600969585,4.0361711513012795,,0.4227119452505688,0.17764156439241982,0.4284911887682365,49393987500.0,4.051597630735185,130365775658.0,0.4688501881148665,10.693400037502691,10.693400037502691,2267.0,0
DTG,2019,0.07866289377070647,0.5836707150196829,1.300564442991814,0.2598636888025321,0.11445377643945874,1.270468453611831,0.55956225755561,0.4926166914777264,0.2169669834848744,0.30272654172679836,0.13333219461614848,1.7871112400761209,0.24552009050819762,9.465240641711228,,0.5468602292652787,0.22976856611655408,0.5539783626351305,67075155360.0,9.539293586808617,149792995705.0,0.5131217609965592,8.909487709397784,21.303258346676714,1122.0,0
DTG,2020,0.14400670158795242,0.5146335194471433,1.1860089179001367,0.13963512846955503,0.06498891433339811,1.1485991865199676,0.5345804809599342,0.5824334161745559,0.27107588042882436,0.25698237057153567,0.1196046113131801,1.8706257254367433,0.16690337692496107,7.867647058823528,,0.28061784562523,0.1380617063222644,0.2819054739811231,33790214800.0,12.543532569975667,103241302413.0,0.421828344638747,7.980327867198286,38.325019448653315,680.0,1
DTG,2021,0.15568845730575362,0.43067825849549574,1.1499528575487712,0.031304463156971295,0.015661301197611357,0.9988417796182743,0.499710277123098,0.6868257908381485,0.34361188456312636,0.12436160867791095,0.062216834741997795,2.001159563411703,0.1306869931266918,70.82191780821918,,0.5555781272397999,0.32147663977076085,0.5581898800955695,65306695520.0,39.4343447976644,132014288276.0,0.6498492912369153,11.65101437719114,79.71459772451291,146.0,1
DTG,2022,0.14733907447256048,0.2601867104920153,1.3056287111211051,0.01195281493901288,0.006162128582782053,0.939721766340759,0.4844621443381144,0.5631370973009654,0.2903184915861983,0.1670504423870884,0.08612082685560893,2.064144766906871,0.37368736474282593,5.285316631871955,5.285316631871955,0.7078191213159546,0.32290874285320714,0.7107030079840705,95938946320.0,4.6630140740182044,155529416757.0,0.5234767565007733,5.126956142685584,7.559347763136177,2874.0,0
DTG,2023,0.10077168069938904,0.4792040039288003,1.3930980031970555,0.0,0.0,0.884758690483512,0.4694280997089011,0.6172855714332309,0.3275143786576062,0.15010699536067607,0.07964255377550106,2.1302516841665717,0.44756572538342015,4.754681204076795,4.754681204076795,0.8957114779309038,0.3910581018383193,0.8987503356369497,145699992600.0,3.934026982154494,231706408077.0,0.6218989205794004,4.841239238396045,6.256275275287955,4219.0,0
DTG,2024,0.10904044986662953,0.8334216852475406,1.5295547269740493,0.0,0.0,0.8103477430220433,0.4476199371891482,0.5981610811061433,0.33041225555241843,0.10199409296327365,0.056339503477388954,2.2340381134038623,0.30666862505899983,6.884476534296029,6.884476534296029,0.8560960189038076,0.4374340580678467,0.8586341986600592,159283567110.0,5.572179720305858,254215369691.0,0.698141451781755,7.017836233112469,8.8931567347685,2770.0,0
DTK,2018,0.0537402034465779,0.5353337393119015,0.5610377746280054,1.2983920531754383,0.3911154559184465,2.3197155303578,0.6987693701899151,0.4443731672085933,0.13385880902894673,0.3516126018202595,0.10591648549547937,1.431087341061064,0.14362179020136354,10.62755798090041,,0.7208357263927017,0.46066924168713314,0.7249235523098166,5297200000000.0,9.146188017780375,17732700522221.0,1.542118421550362,30.617422985582103,30.617422985582103,733.0,0
DTK,2019,0.04914806992009336,0.5349178334095114,0.5674689410392979,1.0310987287578384,0.352388724857488,1.9260264475681856,0.6582395894503626,0.41744506788594676,0.14266619778262238,0.2843095418233666,0.09716574573673305,1.5192036699509537,0.7088466873494118,7.578692493946732,,0.5679147947401585,0.33826109024888906,0.5708866838410442,4256800000000.0,7.291596903386599,14809194562926.0,1.176793436046624,5.51867072910683,25.367101394634673,826.0,1
DTK,2020,0.07452851843337417,0.5319858314657431,0.5790969642362268,0.8431264613447709,0.3093283115520825,1.7256685853108893,0.6331175384310561,0.40379519594951296,0.14814537545967135,0.369250895676105,0.1354716775421867,1.5794855446243428,0.6795749415500796,15.173333333333334,,1.0503732604760287,0.6060407569897504,1.0555130404949113,7738400000000.0,10.916406609863335,16472199931654.0,1.2900372836589094,6.9515374510262,23.237004059353108,750.0,0
DTK,2021,0.02430571273664706,0.6375181544332282,0.6951672182834971,0.5873673400839843,0.2435287781283176,1.4119011502389867,0.5853893100465939,0.43038946097154496,0.1784440713620868,0.2829913564990237,0.11733124156891052,1.7082648808882506,0.7757897296574916,10.434131736526945,,1.222835893030218,0.7288119103664041,1.2322444776885058,9517778601500.0,10.715806915643043,17292853051952.0,1.3241784450094658,5.974160103138574,19.469550835748773,1336.0,0
DTK,2022,0.04919325465804927,0.7056948927610306,0.7682996234958354,0.3566306827437699,0.17373650548018765,1.0527101184525605,0.5128391529760413,0.41155117354319437,0.20049161829700682,0.19403353840505322,0.09452554292046154,1.9499291233848477,0.7717009424351757,7.192982456140351,,0.6893784320413487,0.5198462546562129,0.6943693139276349,5598693295000.0,6.486516919385468,11579078621465.0,1.075133131353002,4.049565528180656,13.415253422812704,1140.0,0
DTK,2023,0.04402571404050454,0.8100026094331267,0.8597501083802674,0.1988991838002223,0.09827465810106274,1.0239112263883972,0.505907182606785,0.3730731102740134,0.18433274414893686,0.34677877350859404,0.17134090121502482,1.976647168453521,0.6238978113284568,12.929292929292929,,0.8576860885933542,0.5909990830380566,0.8637320802692214,6991538944000.0,11.398623366526564,11376124117251.0,0.9616307619357891,5.343040424939442,18.54701164107592,792.0,0
DTK,2024,0.09234220448661302,0.8566981768165884,0.9252861391795095,0.07272659768940896,0.03991539262800601,0.8220188478963248,0.4511582571417498,0.34747158443764015,0.19070690999647205,0.31867503509570866,0.1749021616673428,2.2165171182621384,0.6484964891894798,13.099703849950643,,1.0629063023900298,0.7056711414714781,1.069890364046464,9060324393250.0,12.156714958551913,12090592764794.0,0.941686194343699,5.859436105296246,16.222585808410262,1013.0,0
DTL,2018,0.02397407335233597,0.22583747957004596,1.1981632505198898,0.04257146358127742,0.01701951203281411,1.5013327937486345,0.6002131333746498,1.1294182502812358,0.4515265833894208,0.2343499886198376,0.09369004764401136,1.6660748397449767,-0.00800336239299356,-141.5492957746479,,2.185816616956718,0.7141446215141649,2.206055102472785,2469711280800.0,-229.63707610674638,3754447499330.0,1.0856404589670552,-349.0935773930433,-349.0935773930433,-284.0,0
DTL,2019,0.0246798939776004,0.17078537662191853,1.1469432260303438,0.04261386480433154,0.015093767303286274,1.823275591048332,0.645801492716238,1.2359159243546618,0.4377595755346521,0.4223151000095195,0.14958337802676447,1.548463438500281,0.014933063371415884,-10.703495899870521,-10.703495899870521,1.5399085983931777,0.6062404898476622,1.5556061263304626,1523602979200.0,-17.25965162443585,2745229082788.0,1.092324605959556,140.4477827623304,-31.098454285688785,-2317.0,1
DTL,2020,0.0034222596024739075,0.15056730254137,1.2186359866817493,0.013923496409594003,0.005793232901487731,1.4034069830022504,0.5839239849628648,0.8493081611594588,0.35337675523374457,0.27364532766515043,0.11385725746844691,1.7125516775331568,0.19445216288481532,31.05413105413106,31.05413105413106,0.6625806772772472,0.3378457410883562,0.6673146009815242,669648083600.0,7.812909396285896,1537305720359.0,0.7755897509359432,8.480590119533996,17.936033271367208,351.0,0
DTL,2021,0.006856187456100247,0.2203139627000992,1.4457372624541143,0.0,0.0,0.7732325274661348,0.4360581680570948,0.3985530431687061,0.2247607332909799,0.19708333438034897,0.11114353663587015,2.293272029407476,0.3559958977473846,50.962627406568515,50.962627406568515,2.597407937447583,2.0022451234112966,2.6142177297848237,2764602180000.0,28.863698148524318,3183179872466.0,2.305397291043893,19.149159282219767,33.23383872587294,883.0,0
DTL,2022,0.0029144988601312338,0.380311156355836,1.2602277950766738,0.016678697625038562,0.006419374642359993,1.5981810619027637,0.6151153533281258,1.3321549781317379,0.5127259980704122,0.13905164207439893,0.05351884212894894,1.6257113313615537,0.03350692340529666,-10.524225575853853,-10.524225575853853,1.7858374332226947,1.0096334717289461,1.7987778526051448,1628043506000.0,-25.760721138366844,2853588422251.0,1.7696568765053646,67.03331198257854,-45.152660428523106,-2518.0,0
DTL,2023,0.021057700524258566,0.3393887253282614,1.2396735880219458,0.01281064229536473,0.00466802577048307,1.7443383831274402,0.6356134483458258,1.2903688377524263,0.4701930511506113,0.20564424546007729,0.07493399747072213,1.5732832629682154,-0.5579404965681222,-6.504854368932039,-6.504854368932039,1.3624302384168394,0.5219361524699146,1.3738397546123304,1029046367000.0,-6.407915118204212,1987075818442.0,1.0078522606976215,-3.3167080591436346,-12.373604908720793,-2575.0,1
DTL,2024,0.003475258838719085,0.30152292537884384,1.167320561844218,0.005460110583856152,0.001956196742761822,1.791186829269223,0.6417294645010144,1.2000916514727196,0.42995747862099315,0.3681531813268104,0.1318984374196115,1.5582890537487843,-0.22027722487007179,145.0,145.0,0.8210560836359369,0.31705006189017954,0.8210560836359369,623571380600.0,-5.573154760480816,1534643907637.0,0.7802778655869855,-7.072790280907261,-13.715844353312882,70.0,1
DTT,2018,0.21046787486161225,0.8561444980040199,1.6795954116551515,0.004874076005670825,0.0033012395259317895,0.4764381582687779,0.3226942866522993,0.35234229627506286,0.23864345032114836,0.06002970364262973,0.04065846124772239,3.0989082898684615,0.1451949050054879,10.628019323671497,,0.4474543489506429,0.37494910773659773,0.5291296027903835,53802012000.0,8.298926682584332,84926746642.0,0.5918590530850407,13.099897523764968,13.099897523764968,621.0,0
DTT,2019,0.481777364577948,1.2209922278567014,1.8507043377715375,0.0,0.0,0.381065775043299,0.27592152519408564,0.2616475459397729,0.18945335600078117,0.058270657682521015,0.04219252894069735,3.6242188763511334,0.49615193420532827,11.56043956043956,,0.701949785607154,0.5137058772061063,0.8328315080316439,85757146400.0,8.89599464153177,95537791502.0,0.5722942874165995,5.66384247047011,9.91058724483831,910.0,0
DTT,2020,0.9928669521703014,1.4366201001600276,2.0948954770085555,0.0,0.0,0.35408813064491257,0.2614956313635736,0.2273492951079502,0.16789844764363335,0.053186120738453406,0.03927818251617228,3.824155664802055,0.5909528607975708,9.653882132834426,,0.6763992207243846,0.5344750237092213,0.7935932576797178,84126782400.0,8.294773808452286,69181149283.0,0.4395222941899012,3.9003441893617907,6.821156934099693,1069.0,0
DTT,2021,0.6148523215482166,1.345975727751406,2.522339963129317,0.0,0.0,0.2537310693698667,0.2023807781180645,0.12875402133662558,0.10269668231268941,0.05095197073060717,0.04064027124749804,4.941180725259501,0.7785497379405362,35.43529411764706,,1.0118201057646985,0.7832251642769917,1.1829746851831882,122766409200.0,22.240183809950366,119771408312.0,0.7641176569563856,9.01109600946487,21.697613813042086,425.0,0
DTT,2022,0.898134645808598,1.5340959701411658,2.403677722046738,0.0,0.0,0.2898764343728422,0.22473194071010733,0.1586135762060023,0.1229680394022569,0.04454527754346623,0.0345345308716527,4.449745758614476,0.948803630691953,9.46949602122016,,0.6753827925532292,0.46697770705201685,0.7756276490140289,87305992200.0,7.121832945145615,74610168446.0,0.3990709515546611,3.5999102867133224,6.086193424895143,1131.0,0
DTT,2023,0.6841931358226929,1.3719873623980712,2.2005528829552228,0.0,0.0,0.3158709440835046,0.24004705438914195,0.17890710401727553,0.1359609806886367,0.06000300546785972,0.04559946075080442,4.16584991032172,0.6583960673026396,19.80824544582934,,1.292369705401316,0.9840517964434269,1.472041194811946,168416601200.0,15.607926386057015,163914418199.0,0.9577457123728317,9.86569945121347,15.190688771976928,1043.0,0
DTT,2024,0.7941946683929171,1.3401912060999053,2.0995289353135256,0.0,0.0,0.3518965449206024,0.26029842759992367,0.20787235857964834,0.15376351049987835,0.04431461727068177,0.03277959207543088,3.841744297960151,0.8617746212265005,14.175588865096358,,1.206283086959361,0.820194085779586,1.3602701829490946,161895145200.0,10.427200149474706,152688040182.0,0.7735489990872944,6.022741307839266,9.834197025747196,1401.0,0
DVM,2021,0.19946211479909398,1.0150387775073435,1.5711350030012619,0.3180719596393975,0.1356799238001487,1.3442816794908081,0.5734301006791958,0.8707621618178805,0.37144092769901915,0.12428790995716402,0.05301748123722064,1.743891712024807,0.12571065347706306,,,,,,,,,,,,2279.0,0
DVM,2022,0.1950896240336592,0.8294342186210755,1.2719921042045899,0.08484161677060459,0.040460755662649166,1.0968866097803767,0.5231024914099968,0.8808233956902529,0.4200624829124682,0.08496173746497765,0.040518040922525776,1.911671262173785,0.11716056767714682,5.922330097087379,5.922330097087379,0.53675965742924,0.29513011912608944,0.687451020133933,347944000000.0,5.48913777473573,846314730110.0,0.7178539279755609,11.776211080082494,13.351396070523059,1648.0,0
DVM,2023,0.1312003434796203,0.7409650688772025,1.0299728311213985,0.061685307704304346,0.027712429487424625,1.2259076106010829,0.550745055528176,0.9866482933518378,0.44325662424299983,0.13673378162910213,0.06142832747320479,1.8157221566718909,0.10111157113818622,7.308009909165977,7.308009909165977,0.45813165613261164,0.21292995126306982,0.5943728334424673,315502500000.0,6.439713923190861,932612641428.0,0.6294123320309248,12.496846350682883,19.035534146156362,1211.0,0
DVM,2024,0.09854866083607518,0.8077930837818225,1.0817180678809726,0.03514540896034967,0.015836730798666224,1.2192338435979244,0.5493940384494345,1.0055926836755034,0.4531260581558138,0.12567344890051188,0.05662920528319102,1.8201872062942646,0.10678510120120414,6.371760500446827,6.371760500446827,0.41412265358293204,0.19305489604629467,0.575993793993475,305020801080.0,5.2757505265616915,985856946922.0,0.6239722331416551,11.710486699936604,17.051739712250324,1119.0,0
DVP,2018,0.9046855836583592,6.843116577778744,6.93850727970244,0.0,0.0,0.09549353624531944,0.08716942007034817,0.0,0.0,0.014212365184581431,0.012973481553613461,11.471912962056784,770.1012289488723,3.1581873783708643,,0.8525209188912454,1.4228350895861666,0.8529800911350031,908800000000.0,2.8725245005507376,816705240116.0,1.2786497287477339,2.581432451542015,2.581432451542015,7194.0,0
DVP,2019,0.27203417261771806,7.890577508995516,7.979689641043009,0.0,0.0,0.09177014916860415,0.08405629082136767,0.0,0.0,0.015566633704681034,0.01425816021489066,11.896789523167888,,3.4501696010337586,3.4501696010337586,0.7295417431735095,1.5260078718590147,0.7298325584897467,854400000000.0,2.846955041768646,825162785512.0,1.4737885138769005,2.2884829487257505,2.7495334181803,6191.0,0
DVP,2020,0.16191584521758462,9.112992029665358,9.195110038717392,0.0,0.0,0.08790289016186935,0.08080030943643349,0.0,0.0,0.00714105319443093,0.006564053886618879,12.376190227176188,,4.951194883877482,,0.9169918130528268,2.2710015983131724,0.9172363099149504,1176800000000.0,4.0535626477685,1158534578140.0,2.2357527860783626,3.2913985180730307,3.990646237335605,5942.0,0
DVP,2021,0.2594829641089343,9.178449715058798,9.254221509884756,0.0,0.0,0.09209447052451775,0.08432830035325246,0.0,0.0,0.008891271094677395,0.00814148531528325,11.858415215425731,,5.9079099307159355,,1.1924658052690256,2.6902140283226186,1.1927280188171328,1637200000000.0,4.8029170971935065,1604390606113.0,2.6363022938396172,4.062638996808109,4.706666914657208,6928.0,0
DVP,2022,0.3259294516488915,10.506142234062212,10.58766850978514,0.0,0.0,0.08315187113669634,0.07676843234313388,0.0,0.0,0.017625357258838657,0.01627228621258994,13.026187580987376,,4.904728299223712,,1.0051822786578737,2.3763786671225655,1.0052898922705884,1390000000000.0,4.0192041335243545,1352522931780.0,2.312306936601483,3.4244170142706416,3.9108386748896793,7085.0,0
DVP,2023,0.05630681025657312,4.76567174764378,4.800291761424257,0.0,0.0,0.18877957376886673,0.15880115871302056,0.0,0.0,0.026293423571832633,0.022117997442093362,6.29718327060297,,7.4501028184347415,,1.790390220587505,4.485698712124558,1.7904680827224364,2463600000000.0,7.846207246995274,2448973567032.0,4.45906704646149,6.667418812875553,7.799624187914573,8267.0,0
DVP,2024,0.18161959014182294,8.512146471322396,8.59949955329629,0.0,0.0,0.10088513265650874,0.0916400173495542,0.0,0.0,0.00968715964330998,0.008799428165529153,10.912263320352423,,8.846062336426362,,1.99766585275784,4.2837688325314955,1.99865268524682,2974400000000.0,7.886132017770353,2947118616721.0,4.2444778362300815,8.766474857477943,7.813799920484989,8406.0,0
DXG,2018,0.22638821515190646,1.4089768258923103,2.308836789055788,0.3862492534038249,0.17440783844246774,1.2146324204989085,0.5484577978973496,0.0760474142989629,0.0343386169167663,0.09371915231592651,0.042318152415927165,1.8232943424886119,3.324106577044265,3.694193171870441,3.694193171870441,0.7149276998297447,0.954058159039221,0.7293666901476129,4431904075920.0,2.103134108241734,6139153306079.0,1.3215785362054402,2.913299225922329,2.913299225922329,3427.0,0
DXG,2019,0.10901992748318419,1.412023790924587,2.3453552411547536,0.3615729622510859,0.16782917019361782,1.154410713191,0.5358359509274568,0.11521682716207102,0.053479509016838254,0.1285800501077926,0.0596822366879835,1.8662428272480416,1.8507995567778965,3.6639221556886223,3.6901620806633995,0.5517162921617206,0.8757325737455602,0.5589690241072699,5091139389930.0,2.2041573822609934,8697577797035.0,1.4960800728841224,3.7245711245802884,3.765528468350891,2653.0,0
DXG,2020,0.1724695772640677,0.9178990531943405,1.911421431599718,0.42672289883532905,0.16628613835041253,1.5661964555103303,0.6103182210182214,0.22775638247363297,0.08875251229677966,0.06649177942858361,0.02591063489539449,1.6384895052480242,0.015044817552591143,-11.253918495297805,-11.796276013143482,0.6165508883938615,1.9375454789380622,0.6352020771549075,5600773363590.0,-1330.654761183199,9766458867591.0,3.378633091485458,273.01750598807996,-2320.3554488642553,-913.0,0
DXG,2021,0.20651234721950734,1.0573277437893447,1.9050743337121658,0.11337351926024883,0.053695110468703434,1.1114309714723347,0.5263875478236999,0.2214110066664716,0.10486300980613075,0.06344365371148485,0.03004770440932036,1.8997409876704086,0.7836955100168492,13.975283213182287,14.054893837389953,1.2123895424463882,1.607983137155741,1.2381530106334344,16223560522720.0,6.432515816306622,17965794538180.0,1.780663043882475,6.682009315207807,7.12329807982142,1931.0,0
DXG,2022,0.0749880778174429,1.0885333186458863,2.2334502323965784,0.2661340642285408,0.1236278929995661,1.152702418292245,0.5354676096878697,0.1436204628742436,0.06671635691670695,0.08160206318169218,0.03790680146419295,1.8675265915391441,0.3272961839152258,27.859154929577468,27.54874651810585,0.42957214702464197,1.097751636778895,0.4369033947364307,6050494329780.0,7.805750781160519,10902880011211.0,1.978128352092177,13.404915444783892,14.065820001769039,359.0,0
DXG,2023,0.023763012304869727,1.040724842120969,2.2577653062299325,0.19022090086353408,0.09374356826638779,1.0291621535355904,0.507185762233141,0.18262292620012893,0.08999917817406988,0.05408042696628299,0.026651604393495038,1.9716641799978685,0.1522398428833002,57.98534798534798,57.98534798534798,0.6826596958932524,2.599976950968855,0.6927410567746038,9684461601660.0,22.142888792033748,14697692733547.0,3.9458737007222453,30.869361670044352,33.60531427401487,273.0,0
DXG,2024,0.11934287179627256,1.2160093842368287,2.4969017791670587,0.21874492539125925,0.11394919122663459,0.9196707149609816,0.47907732706110195,0.21249227835257475,0.11069204561829958,0.04793302410041862,0.024969399036434685,2.087345702904573,0.194634295352111,36.27840909090909,36.27840909090909,0.6068627524076257,1.9238355627059445,0.6145118634137191,9225698261170.0,13.576022486944048,14532408252167.0,3.0304442022510494,20.452478658122523,21.385080634086325,352.0,0
DXP,2018,0.06356406792683088,14.631461128600765,14.831007387489123,0.0,0.0,0.059718087601000384,0.05635280580724138,0.0,0.0,0.017138369976102023,0.016172574740986087,17.745345341287322,,6.39080459770115,,0.5902766187648616,2.347585587113242,0.5907037047792175,216731805180.0,5.254745636138452,215338055945.0,2.332488838330023,5.220953652057458,5.220953652057458,1305.0,0
DXP,2019,0.0501303048980884,13.471892879919656,13.653295352045983,0.0,0.0,0.061207556582390577,0.057677271710643456,0.0,0.0,0.016259978888253663,0.015322147667906532,17.33785198815958,,5.346347607052897,,0.5411093148009213,1.8610604290086004,0.5412914395892292,220629859230.0,4.331759918487776,219378780425.0,1.8505073095637403,3.722595042126049,4.307196729075055,1588.0,0
DXP,2020,0.05692785447950155,19.463320428593203,19.624741933384456,0.0,0.0,0.040513988094956925,0.03893651460576005,0.0,0.0,0.007514490000162917,0.007221901950516736,25.68283294293798,,5.828388863532633,,0.7143937773997652,3.0906760905445747,0.7145301082508473,331854334790.0,5.048156534721829,330782964388.0,3.0806980413270653,4.49617943326373,5.031858885636165,2191.0,0
DXP,2021,0.13187181546799845,23.31564675969076,23.515894837230974,0.0,0.0,0.03210401070515474,0.031105402529363894,0.0,0.0,0.007686240929895306,0.00744715731183324,32.14875612221984,,7.434052757793765,7.804632426988922,0.7788042122124642,4.626322090992245,0.7788821034991958,402798918500.0,6.642304222223252,400609285747.0,4.601173199296886,7.165324132219702,6.606196362414362,1986.0,0
DXP,2022,1.50236133561492,5.572726451602188,5.790455148942322,0.0,0.0,0.04008575504986367,0.03854081728861086,0.0,0.0,0.007605354506935941,0.007312237928469009,25.946517753153834,,6.885593220338984,11.818181818181817,0.31487116469090404,1.6446173965912616,0.31488442792655463,177333175500.0,3.9713518736821847,143415852526.0,1.330062495899006,3.072402340935307,3.211778129156989,550.0,0
DXP,2023,1.9921411816366212,3.5299805035820064,3.5657341647480814,0.0,0.0,0.17193959886408278,0.1467137035310842,0.0,0.0,0.15239757550932254,0.13003876279719176,6.815995888128679,,9.965986394557824,9.965986394557824,0.8357476746695405,1.7097360015469478,0.8357476746695405,702146758760.0,10.089879347221657,414374622343.0,1.00900730667534,5.888942462634755,5.954581277815895,1176.0,0
DXP,2024,0.19453523767955577,3.671887238800701,3.708794017635103,0.0,0.0,0.16824611333270637,0.14401598380048822,0.10731132893351074,0.09185678232421339,0.04232723390972409,0.03623143567666179,6.943673706283496,0.7463538623871712,12.922535211267606,12.922535211267606,0.7651526398244135,0.9675384759297622,0.7653909827119655,659610564330.0,9.832415420592957,723914346135.0,1.061861378576608,10.216076294928877,10.790952972919982,852.0,0
DXS,2018,0.08586573715407606,1.2766753152465313,1.4922908971281712,0.00042891618130036957,0.00016024107982407247,1.676693028849241,0.6264046757614495,0.10669366843832671,0.039860255654417066,0.09139659659224897,0.034145341138181254,1.5964120938024813,5.147090639158544,,,,,,,,,,,,8814.0,0
DXS,2019,0.08966546376520841,1.839184402324858,2.131578179560579,0.00044562941461371355,0.0002516520680382714,0.7708156268596287,0.43528847112479807,0.1333357850599234,0.07529625503496465,0.03500371282367886,0.0197670001849682,2.297327097627858,2.8493178326878126,,,,,,,,,,,,4289.0,0
DXS,2020,0.22458443370982503,1.7292102081542264,2.062077906050636,0.024890854840076505,0.01310009510814595,0.9000514602828175,0.4736984650662289,0.10793139394150494,0.05680445829895557,0.03515008036084259,0.01849954124695686,2.111047583530142,2.108481442248192,,,,,,,,,,,,2817.0,0
DXS,2021,0.22630051922262623,1.7354986849951153,2.0107956311352204,0.012517311001308604,0.00641534647973826,0.951151202954092,0.48748205752277174,0.1331630348208761,0.06824844462041892,0.04891408992332639,0.025069348725649365,2.051357551663913,1.1338830998349725,21.060743427017226,21.060743427017226,1.0718087486304173,1.9222422451040049,1.1070249941034325,8321014061840.0,6.732758954755621,7819558879488.0,1.8064007949658714,6.207996446777664,6.327017918350921,1103.0,0
DXS,2022,0.06701355908255398,1.56235182411468,2.1324326812985754,0.11372264826930721,0.05675004374438088,1.0039217728456373,0.5009785244361281,0.16601377926223124,0.08284444109137354,0.06034592152342956,0.030113910802883434,1.9960935473741934,0.43269720975139414,6.973684210526315,6.973684210526315,0.2898711240111021,0.5862741000970437,0.29776661384376735,2401548598100.0,3.7789740059802424,4226607632784.0,1.0318136340585327,6.509391129167914,6.650808728336774,760.0,0
DXS,2023,0.030576850393569454,1.5470130078905497,2.1568917490295423,0.06758961066583336,0.03543188191529117,0.9075930210939215,0.4757791683330108,0.198243392830826,0.10392331626226126,0.034905024061085976,0.01829794074265876,2.1018154357276795,-0.03378429303103013,-25.59726962457338,-25.59726962457338,0.5313838141859829,2.155684386396378,0.5441406245977348,4305773430000.0,-49.348098674392276,6253274567753.0,3.130700341925493,-106.82085067244358,-71.6682415887226,-293.0,0
DXS,2024,0.06590861603289168,1.565875310004279,2.2613792092832616,0.045447572415735084,0.025082808680592823,0.8119012505524937,0.4480935427937504,0.2205800242293987,0.12173953970291614,0.03492228506049754,0.019273834625285938,2.2316768810486574,0.18703925502670646,30.50847457627119,30.50847457627119,0.5013630972025636,1.710310168595037,0.5124743474404001,4169542492800.0,12.456479787710425,5965851437598.0,2.4471405185750217,16.50694886586797,17.822940520991892,236.0,0
DXV,2018,0.2371418391675072,2.4385588302840753,3.2468167764976887,0.0,0.0,0.37150654020327323,0.2708747857288465,0.0,0.0,0.2543005947359088,0.1854169756261013,3.6917426526403565,,221.33333333333334,,0.2806260145469175,0.09985463785290061,0.2806260145469175,32868000000.0,-8.855139588606363,22549418534.0,0.06850626814853521,-6.075156649643345,-6.075156649643345,15.0,0
DXV,2019,0.3633614637851228,3.0707033655580034,4.308490663558512,0.0,0.0,0.2566660534183593,0.20424364350431934,0.0,0.0,0.1953479506068676,0.15544937342381915,4.8961132050058245,,-4.683908045977011,,0.29240130736981645,0.1296324110393786,0.29240130736981645,32274000000.0,-3.7970170582930205,21980080118.0,0.08828564108988812,-1.4309691901243682,-2.5859434576034355,-696.0,0
DXV,2020,0.3322536783591753,3.7059769760931047,5.468172178845284,0.0,0.0,0.19781207405901816,0.16514449832576295,0.0,0.0,0.1337999395096706,0.11170361562332862,6.055303144446306,,336.3636363636364,,0.33248875168754743,0.1971971700902082,0.33248875168754743,36630000000.0,-12.840158293261117,29389266630.0,0.15821676796239667,510.2721639831683,-10.302015715316864,11.0,1
DXV,2021,0.5216180989561808,4.684775900778483,6.25141158163648,0.0,0.0,0.17167062037683722,0.14651781600670663,0.0,0.0,0.0933101387729146,0.07963854102862443,6.8251085584993065,,210.0,,0.7521566568965009,0.42909054809255975,0.7521566568965009,83160000000.0,-10.455272881219111,73259552943.0,0.37800603325309967,-10.205691339308963,-9.210541332072916,40.0,1
DXV,2022,0.30532860590323996,3.72909833383388,4.823455931886608,0.0,0.0,0.2386550647622329,0.19267273961217293,0.0,0.0,0.18462961716144607,0.1490565230094036,5.190147822742749,,200.49999999999997,,0.3584327245185801,0.1779131324385308,0.3584327245185801,39699000000.0,-50.76294024151613,31628321189.0,0.14174396575497988,49.77020310104399,-40.44299802152914,20.0,1
DXV,2023,0.36504014837741106,3.0052661168279466,4.274733195810447,0.0,0.0,0.27906806339750273,0.21818077660092064,0.0,0.0,0.20965616800357123,0.16391322244937898,4.583355213869838,,-4.5605700712589075,,0.37115621805910703,0.2241060859362224,0.37115621805910703,38016000000.0,-4.488940387467133,27581768955.0,0.16259580923038355,-3.85839760466958,-3.256863337013012,-842.0,1
DXV,2024,0.5105381047821189,3.2342002515768735,4.177006690640601,0.0,0.0,0.28473401383859853,0.2216287657768589,0.0,0.0,0.22408919865302251,0.17442458613162778,4.512049672319268,,-6.643356643356643,,0.388778851000913,0.21179428053525257,0.388778851000913,37620000000.0,-5.7801443053618975,23553577056.0,0.13260268225962657,-4.501143120162107,-3.618901496308906,-572.0,1
EBS,2018,0.9328102221167656,3.3779595633207093,4.916242813251778,0.0,0.0,0.20677449930171152,0.171344770229533,0.014131177583909907,0.011709874207722137,0.14621273053559175,0.12115994381733816,5.8361862965552005,8.227326123121,4.834558823529411,,0.4210038497116876,0.2909257742695648,0.42110196701310504,53754485840.0,3.57847304161219,30974267692.0,0.16763648037765078,2.0619782737652437,2.0619782737652437,1088.0,0
EBS,2019,0.4919397919026915,4.4775335999565815,5.689548043393288,0.0,0.0,0.17747443428122237,0.1507246604377953,0.0,0.0,0.08698410827182357,0.07387345808906853,6.634614382911177,270.72154122691853,4.886975242195909,4.886975242195909,0.362464960212853,0.27232466555078716,0.36248973928152595,46396457360.0,3.5508771254913047,35243597340.0,0.20686279523351334,2.5174577683512904,2.697311190024707,929.0,0
EBS,2020,0.3805000078327491,6.0820884567443825,6.879994772097501,0.0,0.0,0.1395247356618053,0.12244116454459682,0.021687936712853087,0.01903244048516184,0.06666175011888964,0.05849960780375187,8.167187920168542,3.133739942326706,8.004956629491945,8.004956629491945,0.477263771201965,0.578005066473782,0.477263771201965,66017866640.0,7.074281708487151,61697585377.0,0.5401797839298481,6.133036976350884,6.611332990664714,807.0,0
EBS,2021,0.2663114379023104,2.588892936639022,2.9381304638268126,0.07955791726312485,0.05955242276354482,0.33593082482995895,0.25145824812652046,0.016188992226951825,0.01211813660262866,0.15652323849712985,0.11716417915355204,3.9768033359432815,4.161900706755073,7.610789980732178,7.610789980732178,0.5615162137642795,0.6807685967471169,0.5615162137642795,80733923600.0,5.4180938029445285,84696036722.0,0.7141781236218553,4.769371571098459,5.683993186941189,1038.0,0
EBS,2022,0.3724297007858967,2.670273794277338,3.0817350356153597,0.06098700532693361,0.046404245208029944,0.3142548715861931,0.23911257883101042,0.015580478201566533,0.011854989879369617,0.15108878063408168,0.1149615526642336,4.182130462934518,5.048346031882293,5.797697368421052,5.797697368421052,0.4822645011305366,0.7263581865102651,0.4822645011305366,72047362200.0,4.494837179838598,69412396687.0,0.6997933170536041,3.733452685153923,4.330448913651319,1216.0,0
EBS,2023,0.6226693734332176,3.6337591840644463,4.307402179102428,0.04490819543749063,0.03728868529859695,0.20433839589352285,0.16966858865437076,0.015409484150894662,0.01279497872312047,0.05683645751301964,0.04719309598267149,5.893842861138454,4.75893498961699,10.30241935483871,10.30241935483871,0.6914398272247312,1.3106294678343673,0.6914398272247312,104443126480.0,7.048730968413073,98588229032.0,1.237157891627134,5.859837459169805,6.65359154325901,992.0,0
EBS,2024,0.8255495134089129,3.919030781779254,4.5366887430737615,0.028747601462969664,0.024448314723964523,0.1758520694594516,0.14955288511784665,0.015017120741852786,0.012771267008745644,0.04592658108817465,0.0390581283828394,6.686597849396264,6.18939941632491,10.159914712153517,10.159914712153517,0.6283403772660551,1.3411300975956526,0.6283403772660551,97391682520.0,5.828799817161818,85389926755.0,1.1758601744979769,4.477528506368832,5.110506118988086,938.0,0
ECI,2018,2.091780964110299,3.6703719686957315,4.223219922923814,0.0,0.0,0.30032053933251834,0.23095885225859705,0.0,0.0,0.16467725660244142,0.12664358642444706,4.329775586520204,,6.600728787090057,6.600728787090057,0.7387183660264933,0.3852723149373759,0.7387183660264933,23584800000.0,5.331006862963393,3528327941.0,0.057637422139992504,0.7975280887799131,0.7975280887799131,1921.0,0
ECI,2019,1.9803019341499233,4.135055301684614,4.732584921759826,0.0,0.0,0.2615729199583864,0.20733872439732973,0.0,0.0,0.11472718177815172,0.09093979425456918,4.823025717490518,,5.604166666666667,5.604166666666667,0.7426360966528052,0.3984796829964793,0.7426360966528052,25017000000.0,4.744873279075032,7567484782.0,0.12053759191797743,1.4880523048147234,1.435294253184584,2400.0,0
ECI,2020,1.0877861340822181,3.607168005082449,3.886427433009148,0.0,0.0,0.3352355405738397,0.25106846723819726,0.0,0.0,0.16180632041336865,0.12118185555773156,3.982977277075841,,5.320754716981132,5.320754716981132,0.7764777447859489,0.40160445271460726,0.7764777447859489,26226000000.0,4.624844092089957,13909236065.0,0.21299516272258837,2.4397379979994445,2.4528349058453376,2650.0,0
ECI,2021,1.4093702208410668,3.3032145616965205,3.678272070007502,0.0,0.0,0.3607578216807706,0.26511537610356883,0.0,0.0,0.10177439539670216,0.07479243828339215,3.7719426715157565,,5.974499089253187,5.974499089253187,0.8650666578305692,0.5075887353736117,0.8650666578305692,30504000000.0,5.430160093509379,12575330325.0,0.20925439340978821,2.2151652484197535,2.2385935252266367,2745.0,0
ECI,2022,1.329584829087881,3.554223940156893,3.918317737848409,0.08029450075659436,0.05722952306245561,0.40302585903026883,0.2872547618679165,0.012044175120722221,0.008584428464523675,0.2308799734709618,0.1645586016714898,3.481230366721695,6.474333205646392,17.96161482461946,17.96161482461946,1.2170937224266971,0.9315115486881742,1.2195235524666794,50480400000.0,14.418935189599848,36512879415.0,0.6737697968108652,9.044156606775916,10.42933181731047,1511.0,0
ECI,2023,0.06529244647987326,3.1890475848312003,3.3837891000576725,0.08171340588941738,0.0551464161545943,0.48175369475228824,0.32512400438645456,0.014420012814202908,0.00973172050474527,0.27522545539674015,0.18574305322906648,3.075749518670921,-5.6124569806637465,-7.3551486040228164,-7.3551486040228164,1.3154333500685687,2.485949318982547,1.3174986554321249,45570000000.0,-8.259269688705945,47995458729.0,2.6182637248543448,-10.61146784645493,-8.698868498485119,-3331.0,0
ECI,2024,1.1180698355228615,3.76918841495373,3.9115900840006934,0.06822624818221894,0.048693928662170274,0.40112433021291827,0.286287463263137,0.014619910337303933,0.010434413293702677,0.2102446714739406,0.15005425781307452,3.4929926326563048,-7.042442339891869,-73.43173431734316,-73.43173431734316,1.083265478224028,10.766826806222863,1.0840895085227968,37014000000.0,-5.813003995114284,27126981913.0,7.890839034765525,-5.035748780294219,-4.260259745924837,-271.0,1
EID,2018,0.29567264849025104,0.898122461350494,1.867246080968805,0.0,0.0,0.7013493188777407,0.4122312279411091,0.2920473460841299,0.171656309990927,0.1301763152343568,0.07651357295644899,2.4258230144147617,0.6608638532973861,3.2653927813163484,,0.4399124328530059,0.19253793229102836,0.454090339651166,115350000000.0,2.1518045133952968,138081288388.0,0.23048015391683316,2.575846896998145,2.575846896998145,2355.0,0
EID,2019,0.37332043076341037,0.9474434440753009,2.0353557383898466,0.0,0.0,0.6539139600813847,0.3953736263579318,0.24459313102794125,0.14788745783118334,0.2165194565021664,0.1309133738078564,2.529253175563865,0.8559891932084066,3.2378770523100417,,0.44944472031678595,0.19491553905217843,0.4586295601795797,127200000000.0,2.2412495076517085,128134609683.0,0.19634769274844674,2.0358894980647007,2.257717223782764,2619.0,0
EID,2020,1.024066126375644,1.4955863313751983,2.3548545928191915,0.0,0.0,0.5578124760262284,0.3580742127891629,0.16738178215280936,0.107446682273195,0.17167668637112843,0.1102036920445346,2.7927171638824726,1.1991090835362128,3.6326250856751194,,0.5172585884547848,0.23842555551866634,0.5226120896874747,159000000000.0,2.54927723453409,37495795194.0,0.056226137099016284,0.5629582329702749,0.601177214332182,2918.0,0
EID,2021,1.1489135262009882,1.7342424647181176,2.492347066431696,0.0,0.0,0.5228593118232701,0.3433405225051732,0.04401268395497693,0.028901346049020095,0.19868537382451987,0.13046863376147355,2.912560372144633,3.9294587443033566,6.2999646268128755,,0.8049717089535826,0.3430147426293268,0.8065021225569942,267150000000.0,4.10090039168061,84846820151.0,0.10894145677339338,1.2600338448433726,1.3024456597046234,2827.0,0
EID,2022,1.1728498323875172,1.7763063307272087,2.8107477796711633,0.0,0.0,0.44258584002763185,0.30680034958554314,0.0,0.0,0.13441131828704114,0.09317387884832322,3.25944869799171,290.09769992160426,3.890968647636874,,0.6623746594841518,0.2459522855347172,0.6623746594841518,249450000000.0,2.7934633614827056,55995797223.0,0.05521064063874693,0.6107403208248599,0.6270683821986993,4274.0,0
EID,2023,1.0179170502269004,2.142846474470649,2.5776790596556323,0.0,0.0,0.5275875292722113,0.3453730271833064,0.054425034329226345,0.03562809546838607,0.11676302724879688,0.07643622706479301,2.8954200857997257,4.076645636474828,3.9424193173902946,,0.6113500196481154,0.24195471312871292,0.6113500196481154,254700000000.0,2.8377924344958907,54936713758.0,0.05218765927581903,0.5822516884052342,0.6120886952434971,4307.0,0
EID,2024,2.1100897415147912,2.412685801245853,2.8906343100104466,0.0,0.0,0.45146931266987683,0.3110429609010682,0.04186593561651625,0.028843831041461546,0.0704612544639873,0.04854477724670507,3.2149899714916383,4.568009294502241,5.047242364315535,,0.7481935171252583,0.30446845870096695,0.7481935171252583,344550000000.0,3.5911908867260722,-72134082177.0,-0.06374271606512866,-0.7327262864387596,-0.7518422827931852,4551.0,0
ELC,2018,0.48310858461776635,2.7871800819067865,3.5482961881522472,0.05384778159968593,0.04040462403843015,0.3327133436130866,0.24965109354354895,0.11910710106667627,0.08937188303657853,0.08124476907518634,0.06096192363087296,4.005590305277637,0.12106772581212275,20.491803278688526,,0.24092024870923898,0.46322016260963295,0.24245160079871997,190980911250.0,16.358165635941923,222429964720.0,0.5394991769202448,19.05188419864385,19.05188419864385,183.0,0
ELC,2019,0.07680490530502518,1.5828270766326353,1.9747291875130388,0.028361360833340423,0.016526635594564857,0.716100090127701,0.41728340569833167,0.055476116921918756,0.03232685391782165,0.5291071121709802,0.30831949442506434,2.3964528335999393,1.0272533461106261,4.9491525423728815,,0.1805645448348506,0.17000152135875926,0.1813187174810771,148710469560.0,4.325108186900561,174524155659.0,0.19951098307784076,3.5357677444694726,5.07587567093315,590.0,0
ELC,2020,0.48009787131570064,1.5317597733480544,1.8968526321643857,0.00678687325982472,0.003865539153780469,0.7557378129742154,0.43043887725696206,0.0741106431118455,0.042210541097991314,0.33097333043905647,0.18850954168287148,2.3232102229534974,0.723735930381107,7.229299363057325,,0.2709671166337324,0.2882131455070104,0.27183637488921675,231214223220.0,5.880888387732278,-4951227242.0,-0.006171803609932002,-0.10091669281684719,-0.1259334931346163,628.0,0
ELC,2021,0.5771403933240659,2.7600041898429897,3.2778105144346767,0.0,0.0,0.31891446199748413,0.24180071656390137,0.036142846184844264,0.027403480078690052,0.14902633088271106,0.11299165728838247,4.135637041157102,0.6080691565066844,13.854276663146779,,0.7694491127506705,1.0137246865154208,0.7712963646402491,668178548160.0,10.997038435255293,544909854615.0,0.8267080304656549,25.558000491858927,8.968253517644522,947.0,0
ELC,2022,0.3246877318115311,3.106473071582418,3.658759861211914,0.0,0.0,0.25611886676272677,0.20389699855619323,0.022218929606718115,0.017688556548776952,0.1673675922079043,0.1332418425011357,4.904437078922492,0.8992705135338593,9.553719008264464,,0.37275308107134986,0.3935459638661785,0.3743472689709263,339741712540.0,7.162165761809792,287134949617.0,0.3326079675700244,5.452582866056336,6.05315164214265,605.0,0
ELC,2023,0.31851543668280147,1.8907442906460807,2.076916483940038,0.0,0.0,0.5806128594003218,0.3673340096831833,0.03684917849209231,0.023313222003060723,0.4121786609808875,0.26077142073693266,2.7223180365533697,2.412021245800918,13.369148119723716,,1.2441821933558268,1.4626143150142337,1.2556030642376081,1433493141340.0,14.757028777794833,1289752391311.0,1.3159534956630001,11.581051434306296,13.277296281316389,1303.0,0
ELC,2024,0.501808413087524,1.7006840161744268,1.8198126994727306,0.0,0.0,0.5937048030118492,0.3725312252870427,0.028888574980359176,0.018126678746129367,0.3551325221192014,0.22283456851485747,2.6843387402746712,1.7576443154163424,19.547826086956523,20.529680365296805,1.499468457970254,2.3400263863707433,1.5192000172959652,1872360930960.0,15.87912476948949,1581804057204.0,1.9768962120074982,23.01003399069768,13.41496907455158,1095.0,0
EVE,2018,0.3000359570194163,3.5974456830816552,5.45714608006507,0.12488230801901619,0.07617957096615062,0.6393149296483436,0.38998908512684977,0.07602087194228412,0.04637356164296733,0.08150340871594021,0.049717968916090975,2.5641743272756856,1.104123543902563,5.173305742369374,,0.46183122361046247,0.3555439359334052,0.46600201811950964,419797730000.0,4.443327764398151,537743877344.0,0.45543737140974067,5.69172277405528,5.69172277405528,1933.0,0
EVE,2019,0.27723372133131324,3.454467484386061,5.098447158110832,0.11223629686265933,0.06850584499056638,0.6383462882344546,0.389628427652106,0.13250805901035573,0.08087915232691835,0.050732373625774874,0.030965598658905035,2.566547841557615,0.986040675245104,3.9280042350449973,,0.33189212207903473,0.31018757555933246,0.33400698631599907,311489915660.0,3.3394377168149614,474130390013.0,0.4721480496905189,3.4810487389117926,5.083082396881984,1889.0,0
EVE,2020,0.33575831628993447,4.882212337489156,7.098730064030287,0.0006391396320505217,0.00044607700209543,0.43280112861274433,0.30206643474086853,0.05966983474441817,0.041645580501594975,0.04460599430834947,0.031132020639554867,3.310530019192177,1.350529363275109,8.69683257918552,12.273307790549168,0.427209570251663,0.4716452274702323,0.4292397580180829,403425618530.0,7.0493741965574355,408950003128.0,0.47810379011642923,4.318163236665606,7.145906128215376,783.0,0
EVE,2021,0.19182636307465792,2.2766842389444792,3.551041430915986,0.01045603847957221,0.007944868334442497,0.31607448222185364,0.24016458528110282,0.16272962698481055,0.12364773360705497,0.05767090934528621,0.04382039931959147,4.163811241484838,0.6113465346932868,9.869236063317274,9.869236063317274,0.6244474233485586,0.6951808083170476,0.6262857413321794,601989944820.0,8.151103923030712,716785136815.0,0.8277468337941952,6.583551544720415,9.705461346883187,1453.0,0
EVE,2022,0.17557072088916734,2.214627735525452,3.3817362038398633,0.0918684057438715,0.06482215445535343,0.4172377718044887,0.29440209688543895,0.1872036720874102,0.13209051848022252,0.04758037686919247,0.03357261414830277,3.396714937085286,0.7364125727991307,5.557562076749436,5.557562076749436,0.5027731950995898,0.5060188547905129,0.5033882048433801,516771005630.0,4.500992378823014,748832432708.0,0.7332519160337706,5.1059176444271515,6.522210100632896,2215.0,0
EVE,2023,0.1748464845728094,1.9322164807028315,3.2967132767203595,0.10232041723496177,0.07546254547793224,0.35590996284221094,0.2624879030287269,0.13760592788348625,0.10148603642902773,0.041221043228190056,0.030401018030565947,3.8096993745672125,-0.03201963821550026,32.56470588235294,32.56470588235294,0.5810167244826131,0.7383836488319864,0.58158343080496,581000058320.0,33.21124697936065,780060910224.0,0.991366890509261,-160.17530976521442,44.59000507384689,425.0,0
EVE,2024,0.08382387130454867,2.095109789414149,3.1846204892727976,0.08520570425473159,0.06293275005985101,0.3539167472214118,0.2614021489487745,0.15241495020820356,0.11257335469185868,0.045022237128269,0.03325332759245818,3.8255232561074477,0.034445765206989394,-13.049267643142478,-13.049267643142478,0.43374004038068054,0.5550170500294078,0.4343610979485674,411401775400.0,-15.661588376510116,617284181924.0,0.832770459845893,115.03242708551392,-23.499292775838793,-751.0,0
EVG,2018,0.156835089981329,2.137611083973586,3.7712707387013307,0.0014022059966565894,0.0012326262804179505,0.13757593759978812,0.12093780560273143,0.027497233366043334,0.024171778302607846,0.07522983261821276,0.06613170174550533,8.268712955524427,1.7403193361562337,3.1862745098039214,,0.17502019896201385,0.21131271946127556,0.17502663860751716,117000000000.0,3.4112936024420994,122042198187.0,0.22041939134980276,3.558305725669093,3.558305725669093,612.0,0
EVG,2019,0.16409364738695273,1.808160845959991,3.268665763488706,0.0004886012597436507,0.0004171623142174588,0.17124975840687312,0.14621113658952298,0.016113494245680926,0.01375752193759118,0.12391433013650013,0.10579667508751307,6.8394242964366425,1.8552083528959802,6.293706293706294,,0.14899463862410262,0.18453593376874539,0.14899657537508643,108000000000.0,4.509087414496544,100059695922.0,0.17096860573687958,4.037634416260401,4.177573292409642,286.0,0
EVG,2020,0.1033108018757679,1.323937120406165,2.1810471441620036,0.0,0.0,0.38486897939404857,0.27791002984444674,0.0034994751337928264,0.0025269358949205627,0.13171210163757824,0.09510798754060407,3.598286828869491,7.945450137932424,20.295081967213118,,0.4998865633425599,0.48329452117438465,0.4998865633425599,371400000000.0,15.156471952362084,349214036733.0,0.454424422913972,13.94488214186986,14.251084418726055,305.0,0
EVG,2021,0.1967504063769235,3.343115129761137,3.957871648993242,0.0,0.0,0.29653333156446354,0.2287124629543085,0.0012770860662778866,0.000985000566654842,0.20509613477444802,0.1581880926477752,4.372302178389715,13.451565548726583,73.91891891891892,73.91891891891892,1.1002415732500563,1.7793248369189736,1.1002415732500563,1723050000000.0,57.563523908431634,1656376991207.0,1.7104742867332552,55.93557037593897,55.3361170800152,222.0,0
EVG,2022,0.4670950035325489,16.88011053236503,29.466906240625264,0.0,0.0,0.02508520156334475,0.02447133323658133,0.0,0.0,0.018242412067812873,0.017795995923062392,40.864140516264776,1589.4614562420952,25.984251968503933,25.984251968503933,0.27335442381987307,0.5559495489067058,0.27335442381987307,710324458800.0,19.975395617812676,680042343981.0,0.5322486501624824,18.928878541524956,19.12381685523501,127.0,0
EVG,2023,0.287889915241631,4.034356063550216,6.065223351743783,0.1989114624633242,0.1452316924372123,0.3696147109854768,0.2698676554952659,0.02839141577072948,0.020729490960491398,0.05008521907229664,0.03656883842628917,3.705520019302729,0.5585677446973919,40.07092198581561,,0.4625401092862168,1.1159805877956803,0.4625401092862168,1216161573400.0,29.038051659429662,1684722233367.0,1.5459436882298025,39.828282761639485,40.225782753136166,141.0,0
EVG,2024,0.4457444290747175,2.5952353163586075,4.059910466689497,0.3571693859117218,0.2067644911249463,0.7274212993172359,0.4211024256819975,0.045148928482212,0.026136605181409502,0.0785504562995503,0.04547266861338193,2.3747191633495044,0.36213219412299724,42.67123287671233,,0.47676986835220647,1.1243430245129618,0.47676986835220647,1341006478280.0,25.88303380239406,2008405273030.0,1.6839116706003232,38.51842006563196,38.76463120254059,146.0,0
FCM,2018,0.0786543678496465,1.137482856459329,1.8645085163786876,0.009523363242859118,0.005581983284369099,0.7060895308530994,0.41386428911502204,0.4316395126982394,0.25299933262142804,0.18167867227942894,0.10648835772914202,2.416250994108066,0.21856823602381284,5.652709359605911,,0.343400558925748,0.21283966567257293,0.34693382510868415,188190000000.0,3.363515304859993,399955215453.0,0.4523424960997842,7.148389863620498,7.148389863620498,812.0,0
FCM,2019,0.2348309552592702,1.4288174538346503,2.070429324957376,0.0010176973674896096,0.000639801664053594,0.5906450774788243,0.37132424186984436,0.3701814557299894,0.2327241073267757,0.17306655610484406,0.10880274836618796,2.6930641397512565,0.39891555325826644,4.899043570669501,4.899043570669501,0.3318753958405989,0.25183068999230684,0.33502617863214385,189010000000.0,3.3701412346251987,321624480010.0,0.42852184921081005,3.548998203254291,5.73472261862647,941.0,0
FCM,2020,0.1477474430641598,2.0476970012989044,2.590302594599592,0.0006244304058714763,0.00043567158614249944,0.4332594223099914,0.302289603379481,0.24174356596277838,0.1686669992883487,0.1385542477780587,0.096670739170687,3.3080859838392924,0.438934612253242,7.625,7.625,0.35412708505318874,0.3499377145941373,0.3573263706485426,200080000000.0,5.882813497003962,300949085241.0,0.5263566328390231,4.651584503948395,8.848597263928182,640.0,0
FCM,2021,0.2642552856564412,2.1318543029807664,2.7108673416289832,0.00026782433767613554,0.00018770160643879447,0.42686225630928426,0.29916150239575634,0.22693491808088134,0.159044727041747,0.15107751611562648,0.10588093941625656,3.3426760863004183,0.32719075121610713,41.30769230769231,41.30769230769231,0.8579831783604861,0.8083330093011442,0.865547653660274,484373667060.0,30.432693577967004,549083811257.0,0.9163226651149327,12.242509214355707,34.49836461596218,260.0,0
FCM,2022,0.23266977320093052,2.2716881401204327,2.6877351693426372,0.0,0.0,0.4577834695942663,0.314027068589053,0.1950336762768045,0.13378782263945327,0.18667724374666303,0.12805553612061432,3.184438859022805,0.42243527004507886,8.115942028985508,8.115942028985508,0.2648925138378116,0.2562811875779944,0.2671066972481446,151535895840.0,6.158907114678085,202242197781.0,0.3420369169851624,3.964536633376599,8.219774621035647,414.0,0
FCM,2023,0.2707066009160845,2.666173304049477,3.063764143703556,0.0,0.0,0.3813628175665559,0.2760772280220879,0.19059908966543107,0.1379790213270655,0.14770872223970752,0.10692970764908453,3.6221748789798545,0.35857344949078934,12.877906976744185,12.877906976744185,0.34175294649827387,0.43530552411393,0.3444283295024569,199792862670.0,9.920531970245229,250942955351.0,0.5467505357395737,5.773774976435597,12.460343067306312,344.0,0
FCM,2024,0.3280881829151458,4.86592365205806,5.783694975959343,0.0,0.0,0.18074246058163856,0.15307526121539164,0.0,0.0,0.14466313108570747,0.12251878450652635,6.532734238440422,-21.282699322730483,104.19354838709677,104.19354838709677,0.279069092027152,0.31831209240699304,0.2813538918847939,149312001980.0,32.970567979099364,117678816340.0,0.25087460997396,-2.2034457324272902,25.985435613927592,31.0,0
FCN,2018,0.08863368033594253,1.44096113276085,1.6806940145040719,0.17143449485645865,0.07020396923587638,1.4419487490865452,0.5904909960235374,0.2831702729329148,0.11596077642450102,0.41517821098089314,0.1700192156515152,1.6935059242802397,0.42456517841680996,3.973621914102131,,0.5731260915047591,0.38957328144531106,0.6153803085658539,1108548603500.0,4.086957924943918,1795323894553.0,0.6309242721969546,6.618936865301426,6.618936865301426,2957.0,0
FCN,2019,0.08433773522470883,1.3646327899449466,1.605521009694248,0.15456306562874517,0.06721269711799416,1.2996111189736144,0.5651438663914923,0.3069925556563164,0.13349759579930034,0.34429951157837246,0.14972075440826868,1.7694609452016414,0.3769773190329698,4.5517981749865815,,0.4127682341679888,0.327928522650363,0.4229186436190943,1013689812640.0,3.6053096872633983,1910728381809.0,0.6181203831978012,6.055784106278893,6.795735202985186,1863.0,0
FCN,2020,0.09197782813161338,1.1625263989161267,1.4264083511718841,0.14963709961841154,0.05523931094980988,1.7088878743323017,0.6308448166218455,0.48761033487949906,0.1800038825895248,0.41502309063216186,0.15320792512848413,1.5851759000810517,0.1573809859982965,12.796352583586627,,0.6329799268194573,0.5022819520359049,0.6607361791156614,1584294633150.0,9.045751962822708,2820916740322.0,0.8943384249446896,13.614767571334779,16.106418974601933,987.0,0
FCN,2021,0.09283378339962356,1.010438124452991,1.5042788593457501,0.3893999675259767,0.15217023178515196,1.5589759768242164,0.6092186839358152,0.45460908976840503,0.17765273839443843,0.358089261827245,0.13993459300530323,1.641446702749773,0.10786037254048729,57.876106194690266,,1.4060599016981008,1.1820737764917777,1.448533971556107,4118604370800.0,37.087288402030566,6278429679125.0,1.8019616387188409,39.40210928960867,56.53612516716389,452.0,0
FCN,2022,0.05540403646571345,1.1313507030052228,1.6609219643532327,0.27022129032048414,0.12416193771487082,1.1763617360823442,0.5405175603757425,0.5071996845124004,0.23304934841641148,0.20377012701259634,0.09362879508229259,1.8500786529578186,0.0672611447157177,36.11111111111111,,0.41130103529276085,0.47042553283097693,0.4215138756065586,1432694945500.0,26.119058623055206,3966065663612.0,1.3022580688983922,29.793341763107534,72.30422770467446,252.0,1
FCN,2023,0.1624712903459954,1.0316919837252845,1.420800016891995,0.26144434629478847,0.10242109302569546,1.5526416343672216,0.6082489658804411,0.6147659554194944,0.24083519877708556,0.25994758210329805,0.10183473410584595,1.6440636254144696,0.07196408090153264,-68.13725490196079,,0.6509629586810883,0.7599761253891499,0.6653347526866666,2188402169500.0,-249.9562208406659,4432307198820.0,1.539226975023185,26.472252039913617,-506.25190034199755,-204.0,1
FCN,2024,0.09836069955479766,0.9746471396644191,1.3246248489070505,0.4485321352477713,0.1556416092951627,1.8818266354285995,0.6529978633321657,0.7069178993738819,0.24530202153147412,0.24020710252338381,0.08335237781840371,1.5313985790047246,0.056268146101597194,241.35593220338984,,0.6656518101858887,0.6643355520142014,0.6699990652840051,2241931431200.0,36.568292561798664,5660528444314.0,1.6773440241803546,38.759438685702484,92.32925562547749,59.0,1
FDC,2018,0.08360809583584329,0.28331507182147386,0.33864316134333466,0.02225806334199379,0.013087909966037689,0.7006583480289884,0.41199241978321527,0.2133448392772303,0.12544838269514302,0.12113480288774363,0.07122818232605932,2.427229123599376,-0.2508347342809923,-17.72428884026258,,1.1269680924737644,1.5724467845018038,1.2906689275359637,625805805600.0,-19.021333318746596,726411188980.0,1.8252354454311779,-22.07922845779302,-22.07922845779302,-914.0,0
FDC,2019,0.021410540752438558,0.9505251648921096,1.0052756939116465,0.0,0.0,0.5578318626321289,0.3580822013035543,0.17579036556223893,0.1128429644937559,0.0626712740804327,0.04022980629921298,2.792654860698529,0.7813539785368364,9.776864357017027,,1.052669541543138,1.4428532731465593,1.1807533126243144,643189300200.0,9.235416381126297,743585478007.0,1.66806994530698,7.977726567452348,10.676983435853302,1703.0,0
FDC,2020,0.02080679839337238,0.9594445198937622,1.0038511561080234,0.0,0.0,0.6836364133595165,0.40604753374001523,0.15637962860387236,0.09288206608209044,0.04143466210523988,0.02461021974605636,2.4627658510549693,-0.11547125334389281,-19.94047619047619,-19.94047619047619,0.8849119644455328,2.7217357496963865,0.9926188309327149,517641839200.0,-20.769043024485782,601234296954.0,3.161260848799015,-51.496788875896165,-24.1229746817461,-672.0,0
FDC,2021,0.2907055556424028,3.552625735311957,3.552625735311957,0.0,0.0,0.2523696347538055,0.20151369671576003,0.0,0.0,0.0074568362595205506,0.005954181619060444,4.962441840420031,-35.199590325761555,65.0197628458498,,0.9889679450255545,3.421777018686942,0.9889679450255545,635463302600.0,13.234128310922774,588759066030.0,3.1702888796918574,-3.932438407498686,12.261468116538369,253.0,0
FDC,2022,0.06698936269635788,0.3635171478634088,0.3635171478634088,0.0,0.0,0.37891411529069446,0.27479167200403487,0.0,0.0,0.028284381152234635,0.020512068763812667,3.6391204751842574,,-3.9972634870992962,-3.9972634870992962,1.7754185250424828,45.883009816131924,1.7754185250424828,789983254600.0,-3.9973920754582557,778803273573.0,45.23366544557847,-3.94318855347155,-3.9408202844729745,-5116.0,0
FDC,2023,0.054756169835337085,0.2785325594712032,0.2785325594712032,0.0,0.0,0.5017975412566534,0.33413128432529343,0.0,0.0,0.04573264776028974,0.03045193942854788,2.9928355916126974,,1152.6315789473683,,1.8982119650713034,45.06883559615911,1.8982119650713034,845996737200.0,1631.8100357475791,833898020675.0,44.4242999354254,1184.9354953134064,1608.4732943902745,19.0,0
FDC,2024,0.5983382991096964,1.74971915761136,1.74971915761136,0.2041074831954225,0.11205842816473224,0.8214380349452423,0.45098324465917783,0.03900795911001284,0.021416023143046716,0.004256340796037896,0.002336802413465498,2.217377279184133,0.4197081359959988,129.00763358778624,,1.4483795292248305,22.559825113904285,1.4483795292248305,652846797200.0,101.06834641273242,726838548631.0,25.116689878063436,83.02449912484951,112.5231379463457,131.0,0
FID,2018,0.022522798786065727,1.8703305836782447,1.872595097135542,0.0,0.0,0.118176690708484,0.10568695599763082,0.0,0.0,0.007547256733066213,0.006749610142815821,9.461905592421614,,162.5,162.5,0.1277046913084971,0.4935820954336917,0.1277046913084971,30601945400.0,136.34853645990296,29964127996.0,0.4832946693679489,133.50670832030846,133.50670832030846,8.0,0
FID,2019,0.009245415444672651,1.129666107405362,1.1308140579556945,0.0,0.0,0.23311786176907917,0.18904751037718256,0.0,0.0,0.15798939848738,0.1281218960373522,5.289675584750239,,5263.157894736842,5263.157894736842,0.09823256870490078,1.3211112734594266,0.09823256870490078,23539958000.0,88.02167170713162,23023479598.0,1.2921254341737103,85.00206299323928,86.09043239291245,0.19,0
FID,2020,0.05913313388229813,1.574670000088307,1.6026608674413776,0.0,0.0,0.037448958734919977,0.036097157763390855,0.0,0.0,0.03700710578674902,0.03567125445079824,27.70301214723846,,-8.72093023255814,-8.72093023255814,0.14988374602678262,0.42903443240589195,0.14988374602678262,35309937000.0,-35.55807436384032,34788246358.0,0.4226956148520137,16.924772018956165,-35.03271758840468,-172.0,0
FID,2021,0.5832382701629458,5.299383421102288,5.35299541665317,0.0,0.0,0.018549126680558428,0.018211322551529595,0.0,0.0,0.017978179005275843,0.017650772588521626,54.91089387772161,,229.99999999999997,229.99999999999997,0.9156978811882057,1.6200053120266156,0.9156978811882057,227386813600.0,220.72199466412752,224700340186.0,1.60086567445311,55.09143130397344,218.11426310237866,40.0,0
FID,2022,4.344544744843136,146.91572279434448,146.91572279434448,0.0,0.0,0.0006222574655855502,0.000621870502023039,0.0,0.0,0.0002343142432631506,0.0002341685301470614,1608.0518319277862,,566.6666666666666,566.6666666666666,0.1691617129209533,1.0960204926326544,0.1691617129209533,42017128600.0,294.2119629479619,41345639935.0,1.078504651785535,12.9557468924983,289.5100710098499,3.0,0
FID,2023,0.027883340460587144,0.7425397611222125,0.7425397611222125,0.0,0.0,0.15235450459422184,0.1322114887274818,0.13807077873344184,0.11981623552733076,0.012185323930318384,0.01057428411286438,7.563639208852941,-0.09793385195059316,-2.5200458190148916,,0.20333840044464532,0.6466852437482388,0.23135369705262754,54375107600.0,-2.2015635159931715,90160870071.0,1.0722866916849636,-24.934620153056994,-3.6504733669439995,-873.0,0
FID,2024,0.1960286768981248,0.534572688602833,0.534572688602833,0.0,0.0,0.4143480902457609,0.29296047635187367,0.1445455192278953,0.10219939506036217,0.01623934791172993,0.011481860811865724,3.413429731042982,0.31075275059111407,8.522727272727273,,0.14514124373312878,0.6605166183013891,0.19292969400541146,37073937000.0,4.010717051414994,53248347207.0,0.9486831200933922,4.06461367908754,5.760490290059588,176.0,0
FIR,2018,0.0052022208458998844,0.992206231059694,1.4372117913442377,0.005380847856028037,0.0019228947387206431,1.798305985073353,0.6426409387200068,0.12364662274019281,0.04418624103287676,0.801266624660809,0.2863398888237753,1.5560788921909805,1.3537863249169033,,,0.4056305428300393,0.410857770599422,0.45213232123767005,99840000000.0,2.3111530575761257,129302465226.0,0.5321005868966712,2.9931669457051338,2.9931669457051338,0.0,0
FIR,2019,0.3517007033739418,1.2987384222098262,2.3305534338064704,0.0022230681931191113,0.0015252678876138668,0.4574936056622062,0.31389064342024736,0.060891040505562134,0.04177791262274289,0.0020358709010851275,0.001396830074022958,3.1858229003059715,5.509463105272553,1.4035599649839507,,0.37266849659023776,0.44268446846701254,0.4671570787909716,125060000000.0,1.0744434654168453,92610631464.0,0.3278209512556791,0.7840538840885599,0.7956571869872261,6854.0,0
FIR,2020,0.08143340396094849,1.5568404815188712,2.232257251739116,0.0003231609164908894,0.0002183853948593689,0.47977348347398213,0.32422089517893277,0.08969665146975121,0.06061512283567574,0.003279835557757535,0.002216444337181693,3.084316942151784,1.3389023820631345,9.547697368421053,,0.8429647041755496,2.0983303240970304,0.9044445159897141,313932821040.0,6.68837364191197,332936201040.0,2.225349118698498,6.810604265592167,7.093242764796838,1216.0,0
FIR,2021,0.0701273267415358,1.971443877520976,2.3032472896097227,0.0,0.0,0.5804238680329047,0.3672583537702052,0.22714104373500613,0.14372159793924158,0.0006955891331811211,0.0004401282132285785,2.7228788391991303,0.796886249276315,7.764863656683057,7.3446088794926006,1.087504170424436,2.0172028351964473,1.087504170424436,469682437680.0,5.844821115314415,550899779388.0,2.3660169249242746,6.685039309186394,6.855505772993789,2365.0,0
FIR,2022,0.022541487472833403,1.7631808288498514,2.503993518591565,0.14463333600047928,0.07988562202054957,0.8105052241224859,0.4476679842309325,0.35262459393094836,0.1947658527756296,0.0007650327610339373,0.00042255208703124986,2.2337983398967913,0.47992371547641555,11.555727554179565,11.555727554179565,1.8071510705397833,3.634868822773054,1.8071510705397833,1332204347900.0,9.504362945388884,1687913300397.0,4.605407151559278,12.235082366052271,12.04210198879077,2584.0,0
FIR,2023,0.023911502795534507,1.1242403558991394,1.7552797015480426,0.16205250449485262,0.09081660657102605,0.7843928617627243,0.4395852945678434,0.347067628096074,0.1945018025644986,0.0016460917559177493,0.0009224940265069469,2.2748713670758725,0.09091176721082789,154.17391304347825,154.17391304347825,1.516426447690394,6.777015879383747,1.516426447690394,1139068832130.0,42.787292650129174,1510511013931.0,8.986952182909107,53.9069068514917,56.73992210238341,115.0,0
FIR,2024,0.012426859944448814,1.1360895079459121,1.7572490770459421,0.08619984409184894,0.05117811872104995,0.6843105265687364,0.40628525190233666,0.2214716652921968,0.13149099396972663,0.0016351285201634848,0.0009707999174561685,2.4613248827461285,-0.08915703008943478,-15.14367816091954,,0.4645924564492712,4.842933849793358,0.4645924564492712,338572630870.0,-20.167864422054127,557464009648.0,7.973950273028548,-31.25988026470844,-33.20663734060773,-348.0,1
FIT,2018,0.06817517385029623,3.667849563848875,4.291521982503716,0.045014283289386246,0.034372688127205814,0.30959449906269226,0.23640485607130785,0.08392776714816744,0.06408683543511869,0.03260002954596448,0.024893224253230362,4.23003155103703,0.015583504375924973,2330.0,,0.14955336158405896,0.3717413775310624,0.15710295638260358,593521475510.0,98.10483100303357,1064442031956.0,0.66669390003331,175.9446118909805,175.9446118909805,1.0,0
FIT,2019,0.03333163950618396,3.4882104801647422,3.859783147156757,0.017630200854292063,0.013500003173940848,0.3059404969862352,0.2342683282218944,0.10388740028093427,0.07954987269380104,0.02457377803367992,0.018816920135633814,4.268609451350247,-0.004659927922460285,33.26086956521739,,0.5778636465698919,1.9792415802906074,0.6096181860164798,2338423667460.0,21.29300392398566,2806277549971.0,2.3752330640630865,-1291.8216406296742,25.553144930418167,276.0,0
FIT,2020,0.08114813340882351,4.156292518051824,4.527674179831689,0.009846447024999476,0.007540615057438305,0.3057883143479955,0.23417908629445908,0.10264543477707432,0.07860802064868155,0.021117609985710988,0.016172307374534442,4.270236150561242,0.3069116796878996,62.83783783783783,,0.8781456325400572,2.9900759535322314,0.9199080585686014,3553486945650.0,34.99773459609783,3949017206511.0,3.322894264105334,28.205604388642037,38.893249988741694,222.0,0
FIT,2021,0.2566269716779355,2.8687599967512325,3.1880674572359875,0.022673961555284727,0.017807415427939764,0.27328761700641707,0.2146314888767506,0.15645287824030196,0.12287316404453298,0.01904026322093971,0.014953623177224184,4.6591485957320895,0.5609278256863455,24.112903225806452,,0.8357575437049238,3.2180428144082587,0.9946414106105919,3927817192650.0,14.532664889002898,4472227442913.0,3.664075663703636,10.235282739693927,16.546946954882987,620.0,0
FIT,2022,0.1353378900058291,4.514515602589998,4.918944319169361,0.027448683738967545,0.023003890572805132,0.19321919273155388,0.16193101310181796,0.12057995908626351,0.1010543241516491,0.009453296859575744,0.007922514921952409,6.175469299208462,0.21571862856221388,23.355263157894736,23.355263157894736,0.2057718079572109,0.6294368157133485,0.23241508625976842,1206762270700.0,10.822541778557445,1945818131337.0,1.0149219927431226,11.770894408568877,17.450577078162922,152.0,0
FIT,2023,0.025970060855550047,3.1216645712247946,3.377760385254582,0.03815820628290124,0.028597780542740245,0.33430656361155897,0.25054704273258877,0.23993939484894541,0.17982328903449518,0.01531808916299963,0.011480187222895956,3.991266426829509,0.026457678715782026,-13.284023668639053,-13.284023668639053,0.2637488941225033,0.8742854962220117,0.2938793571491389,1526299322660.0,-88.88065449372242,3092328193745.0,1.7713286307681315,80.20071133987948,-180.07487108783283,-338.0,0
FIT,2024,0.0742419242595408,3.6174736973010297,3.9169344567937467,0.06786014414851307,0.05203389610097244,0.3041526626572339,0.2332186034398132,0.16665824285666242,0.1277904402058984,0.01821953725235786,0.013970402219043311,4.287822606133006,0.2660302004271188,12.022792022792023,12.022792022792023,0.24146567497079058,0.7342725023038986,0.26416904408756803,1434517403480.0,6.3813091528702195,2726325380945.0,1.3954977156113844,9.850451174577746,12.127789502533751,351.0,0
FMC,2018,0.033299337456873426,0.4379747264987216,1.4863683867646926,0.0,0.0,1.170357904573394,0.5392465003616257,0.8611568473262121,0.39678103114310137,0.12075268512862226,0.05563722226374338,1.854439480514731,0.3141702279029775,4.472736625514403,4.472736625514403,1.0147169656566972,0.18364602416683776,1.018003999656866,699078000000.0,3.609610498987357,1265767960489.0,0.3325140448727779,6.535650270016949,6.535650270016949,3888.0,0
FMC,2019,0.42687221573782447,0.9101566120155924,1.920405843313487,0.0,0.0,0.6200545176393665,0.38273682205637616,0.29481475846325206,0.18197829471370885,0.042450784060905605,0.026203305875633125,2.612761412991778,1.0093890748329362,3.3595464520848575,3.3595464520848575,0.9597131926590954,0.24286727242859912,0.9618492358769658,900938280000.0,3.8454177788295003,933591371324.0,0.2516696148334771,3.1515657593362296,3.9847888996914675,5468.0,0
FMC,2020,0.4328037002362322,0.9888026263417486,1.9704834309412929,0.0,0.0,0.5827277306085865,0.3681793901371258,0.40925386994280083,0.2585750296960018,0.046990644479859955,0.029689657653114623,2.7160672943359407,0.557943710026596,5.606685478619491,5.606685478619491,1.1717244336678196,0.2869182796334763,1.172507816153374,1266806520000.0,5.3647436675602185,1441084151523.0,0.3263903200956426,5.6592713566219945,6.102784406496744,4607.0,0
FMC,2021,1.0792276251692727,1.6959154398149396,3.015194765555568,0.0,0.0,0.36576521480873775,0.2678097310158537,0.2098160430427762,0.15362526499267953,0.049518485309772764,0.03625695307865002,3.7339942660291245,0.8533956789024243,10.284512617516082,10.284512617516082,1.3750901790194807,0.5228238691212262,1.3756962923307543,2718216115730.0,9.51184480142507,2363378668238.0,0.4545741497066075,6.45222862737041,8.27016327700688,4042.0,0
FMC,2022,0.6786001618904716,1.0989674128762423,2.176093153456418,0.0,0.0,0.4124385951647492,0.292004619936516,0.24360921613159467,0.17247419956205579,0.03919608212989371,0.027750645064553627,3.4246033511983733,0.8820352346525238,5.758957654723126,5.758957654723126,0.8195004334404348,0.3041469742653456,0.8204450746206252,1734113336280.0,5.355429158402783,1664276071152.0,0.29189818265797957,3.5417566181574105,5.139752063841065,4605.0,0
FMC,2023,0.40622008863611,1.0139441932895572,1.9132943145545296,0.0,0.0,0.5022260261304128,0.334321212250661,0.3688765134077531,0.24555327027447588,0.04752525588544424,0.03163655472529966,2.9911353613130562,0.5069023869715774,9.439456442611016,9.439456442611016,1.1385263046958405,0.49998649252033384,1.139710923525513,2543627782100.0,8.377154581164888,2916146108965.0,0.5732103081113888,6.749529388529763,9.604002168860534,4121.0,0
FMC,2024,0.8305794250424584,1.2636767758884964,2.0360458374814328,0.0,0.0,0.5308340483499792,0.34676132852032043,0.36561896095859725,0.23883644432437492,0.04789315419242081,0.03128566041762842,2.883827917799085,0.5795272107183737,9.031016042780749,,1.1195567840091158,0.3993735371107667,1.1212354441054186,2760718893580.0,6.540177606492653,2584839354510.0,0.3739302970231421,4.82308074934214,6.123516777481475,4675.0,0
FPT,2018,0.27165500384869146,1.1809025593733216,1.2736762982955805,0.02482531631928034,0.012326259204523956,1.0140186821780452,0.5034802761022268,0.44662483291880983,0.22175803872673652,0.16988962666845198,0.08435355052651554,1.986175124359707,0.5557572945829541,3.417883679221112,3.417883679221112,0.5540393052966222,0.35263538635457403,0.6227223561950753,8185914538480.0,2.154283757172174,11225849504387.0,0.4835906554520261,2.9543021899481925,2.9543021899481925,3903.0,0
FPT,2019,0.21446612350632147,1.098912748827573,1.1786655897941385,0.020820469937320958,0.010473958778548249,0.9878319532785858,0.49693936735916105,0.44725913547022156,0.22499846364404436,0.15725649244603168,0.07910955057678001,2.0123179318921895,0.7011410716338798,4.995260663507109,4.995260663507109,0.851214643768425,0.5159224195033624,0.9163468035068681,14299801143040.0,3.1019944879459094,18709817279421.0,0.6750313590173886,3.3895705124982007,4.058640360847759,4220.0,0
FPT,2020,0.20953507857749223,1.0720389839875897,1.1297232327412474,0.03642959420990613,0.016240754872033553,1.243097349658149,0.5541878732314488,0.6483191348603826,0.2890285323368543,0.15180888121478958,0.06767824019671971,1.8044422267290645,0.4878501207504188,6.2038834951456305,6.2038834951456305,1.077022377674876,0.6717549811019414,1.1576207008549342,20038720142160.0,3.860538258018474,28092735874275.0,0.9417485309663723,4.626119354204073,5.412176069412205,4120.0,0
FPT,2021,0.18204448742004606,1.129360916876178,1.1800089976240273,0.10721402916207133,0.04276343663714672,1.5071424935230584,0.6011395432914579,0.8310511468097717,0.33147343996470313,0.1338041374480885,0.05336917937203711,1.6635072690853703,0.41003489246357694,10.853069671188779,10.853069671188779,2.000021821507531,1.2013383747198019,2.1613889717364643,42836437832800.0,6.877495088251873,57514342220381.0,1.6129769397679783,7.671804047631131,9.234068613936666,4349.0,0
FPT,2022,0.26263752321813927,1.181506965229358,1.2616739557217975,0.05828297313510029,0.02861217390610355,1.0369991223444703,0.5090817717932756,0.43004776870557915,0.21111828865719814,0.12656529867557315,0.062133212178267255,1.964320970435518,0.7989198134906458,12.433064725760332,12.433064725760332,2.0693533252729774,1.1922595788620345,2.217595013048692,52470780938760.0,6.913793457625646,58412778943442.0,1.3272757518999316,6.330238087177693,7.6967386738964425,3847.0,0
FPT,2023,0.2792138078655711,1.1841605031183555,1.237898147039583,0.006951355326695587,0.003451646272704184,1.0139245964070251,0.5034570798807134,0.4622954361037542,0.22954952580077717,0.08696008804147232,0.043179416049942916,1.9862666351557416,0.735058281148799,15.091182149753275,15.091182149753275,2.9843175490161036,1.6977038092140762,3.2611421692460754,89329610667500.0,9.803786807909221,95096423455348.0,1.8073017349611757,8.818530426471385,10.436685604967963,4661.0,0
FPT,2024,0.26740702772639646,1.253845306721526,1.3071449719609645,0.014026029656815781,0.006959938432660261,1.0152519727756681,0.5037841354286484,0.40434461507698777,0.20064221275519786,0.12382360574843065,0.0614432375807997,1.98497715524357,0.8720802138066427,30.328518173345756,30.328518173345756,5.35970500598174,3.046821781187358,5.875599174455177,191489075551109.97,17.368496385154923,197120989100623.97,3.136432307652318,15.071158090800942,17.879323803610607,4292.0,0
FRT,2018,0.23656809970233486,0.5759807059916794,1.2011440900532304,0.0,0.0,3.4596271929696503,0.7757660098636847,2.5434549372620863,0.570329049314189,0.6091752471328155,0.13659779635686717,1.289048485348974,0.1323680812663176,5.436403950816367,,1.5826821009745287,0.11987971580175388,1.6399104012619317,1833960000000.0,4.5531592537485865,3832853589781.0,0.25054057834013743,9.515797940290327,9.515797940290327,4961.0,0
FRT,2019,0.1638334973412248,0.5255516426369499,1.1629780009249917,0.0,0.0,4.15394879239488,0.8059740132700599,2.8905280605706687,0.5608375591228041,1.0063771979843934,0.19526332886143422,1.2407347923572907,0.07138223651053582,3.5451761102603365,,0.5716682531849641,0.04396856822048874,0.5910516393431315,731371393920.0,2.680758825060264,3559757414370.0,0.2140054123298653,13.009680728070238,13.047886727560355,2612.0,0
FRT,2020,0.1685316531415189,0.7527496963857611,1.191606277653423,0.0,0.0,3.3975564265291713,0.7726009849544414,2.029130316967387,0.46142223547746597,0.9915601935282187,0.22547981136670042,1.2943291808759056,0.006036003202168863,55.150375939849624,,0.9457469645745006,0.07902802887971598,0.9792535671940087,1158662888640.0,80.91664608069827,2943106881222.0,0.20073822842320171,187.56203070051578,205.53548423824682,266.0,0
FRT,2021,0.12090713331123526,0.5748489610432215,1.114217819341137,0.0,0.0,5.44346203327781,0.8448039276346451,3.6012021879415537,0.5588924353620518,1.4128919650470986,0.21927528365187804,1.1837066179366451,0.11975056626933947,12.269692923898532,12.269692923898532,2.161179668353456,0.16133449960470234,2.381892564989051,3629213342400.0,6.6445315041783175,8571409855298.0,0.3810368775390946,11.582754334188419,15.692933273823202,3745.0,0
FRT,2022,0.08797770948878503,0.3354784093361668,1.1005882727752543,0.0,0.0,4.135223943941433,0.8052665256829148,2.617107369528032,0.5096384107290414,1.1259046309350211,0.2192513205316722,1.2418248717739004,0.10465802646049956,16.621291448516576,16.621291448516576,2.7529225966748014,0.18702179206870762,3.0053697306352873,5641662116700.0,11.903047754810864,10259437186507.0,0.3401016027807093,17.521119270472802,21.645849794334463,2865.0,0
FRT,2023,0.08444027631804556,0.26263466948980485,1.0032151757444512,0.0,0.0,6.619051924821743,0.8687500741736451,4.716385698891671,0.6190252731480126,1.3229234329865904,0.17363360245343673,1.1510790384118237,-0.006672443343448747,-33.73669688608593,-33.73669688608593,6.782913936911897,0.3661260395275549,7.820761939005746,11660986074510.0,-39.32758482123754,18808435053312.0,0.5905382093571981,-335.8464555721607,-63.43291383657253,-2537.0,0
FRT,2024,0.15298710351563635,0.27650044494183806,1.0228975368846205,0.0,0.0,6.468840442010284,0.8661104079322327,4.151473021701716,0.5558390293559842,1.5107174667356098,0.2022693453508817,1.1545872106391353,0.08887916116732802,64.74487570867859,64.74487570867859,9.541661578197685,0.50434611671529,11.049693299469228,20226545070940.0,37.240241984669915,26929107280018.0,0.6714735826436095,33.465102128229276,49.58071030033804,2293.0,0
GAS,2018,0.5660389915871844,3.2907084242786206,3.4551655464763518,0.07245468545125369,0.05423260001028713,0.33599874314545297,0.25149630182614036,0.031789175646129215,0.023794315533026113,0.056838228903676506,0.04254362453205422,3.9762016090848964,7.555405685234582,8.715953307392997,,2.1039631460872474,1.3041223054449578,2.1315177030348837,98606704000000.0,6.762653224268434,96786668620266.0,1.2800514396810023,6.637831405570988,6.637831405570988,5911.0,0
GAS,2019,0.449186389446601,4.038431579347435,4.196463852797486,0.029344830237443522,0.023415220224167997,0.253237422347849,0.20206659794233334,0.027019661648377394,0.021559890541536838,0.038575250160850956,0.030780480596073356,4.948863444939001,10.568337484681384,9.469228264408986,,2.243603415249816,1.4840996061875473,2.2662275452477547,111315332000000.0,7.385535216768768,109635940682899.0,1.4617093033643533,6.744344953193788,7.274111179375742,6142.0,0
GAS,2020,0.5372206538085881,3.8783980161632177,4.048939614685365,0.03967434152852627,0.031069718850105198,0.2769456241279101,0.21688129775850876,0.02055508196707357,0.016097069114522133,0.05407278562046779,0.04234540970168311,4.610817116713641,11.006344208640622,13.99950347567031,13.99950347567031,2.180370425654171,1.6828205906207165,2.2008616096205693,107927640500000.0,10.831282435843072,105671731019568.0,1.647646182038631,8.582358994167917,10.604886374379513,4028.0,0
GAS,2021,0.320043899541423,2.9075990121401767,3.10330971997555,0.14389207758580824,0.09534472540321418,0.5091771146991785,0.3373872488125238,0.009287500265453252,0.006154016102546395,0.1270467411422421,0.08418279067766417,2.9639531532967647,17.97754733891019,14.834710743801654,14.834710743801654,2.3696681012885508,1.565718105080668,2.388470266478459,123679449000000.02,11.069383548302342,126373978716289.02,1.5998294630757346,8.910805492462586,11.310545545328228,4356.0,0
GAS,2022,0.8447608928775004,4.1279183200075344,4.456430167998171,0.09870216052993977,0.07304342066653745,0.35128064416015314,0.25996127871607366,0.0007355605326382605,0.0005443432760005421,0.10874131054588466,0.08047278040711482,3.8467267315306097,56.899910969832774,11.151273885350319,11.151273885350319,2.191043168168284,1.330710837019379,2.20523662358086,134033918500000.0,7.156915080925371,129567540610663.0,1.2863679010963016,5.963247968863137,6.918427035279614,6280.0,0
GAS,2023,0.37863442104989564,3.892159145499889,4.155621468242997,0.06539957052683221,0.048664215461870365,0.34389447987863697,0.2558939597026197,0.024576056357829647,0.018287191982549876,0.10931250138510454,0.08134009256067204,3.907868717034678,9.053568725227777,13.020917135961382,13.020917135961382,2.277091569009605,1.652968097308305,2.2906757000641913,148690937694779.97,10.170988909240297,148897326795622.97,1.6552624846100108,8.456709088701109,10.185106657693611,4972.0,0
GAS,2024,0.38201005871550137,3.615079004550542,3.930605360529755,0.037205050842271145,0.027985527189813925,0.32943898429803065,0.24780301178845057,0.015166716770685044,0.011408358675966887,0.09804957961340548,0.07375259848061214,4.035463462622077,12.655893127117,15.495169082125607,,2.4407997159295607,1.4511054429894015,2.455516318289472,150282467753850.03,11.422760551344767,147939066178132.03,1.4284779014507298,9.333353650892535,11.244641869404338,4140.0,0
GDT,2018,0.20766777493608626,2.6912418801932745,3.642007763745913,0.0,0.0,0.32932787158521354,0.24774013892636773,0.10646545299514829,0.08008968687927158,0.03368842292313031,0.025342448347943775,4.036487604849595,4.011983738351635,3.068099053168245,3.068099053168245,1.0678497061208672,0.7086136711026719,1.116644074001643,276241865600.0,2.481366226534754,286834068585.0,0.7357847149484804,2.576511597402028,2.576511597402028,5492.0,0
GDT,2019,0.08229562344368456,2.419786941308703,3.224729167579429,0.0,0.0,0.39182567351478803,0.2815192167890593,0.21688697611590083,0.15582912446800504,0.0698999839350145,0.05022179520406139,3.5521553782571593,1.5871718019996777,3.094013096351731,3.094013096351731,0.8145952140114239,0.6632288520438193,0.8481546168545863,226722086640.0,2.454950021064104,278401192799.0,0.8144054522614584,2.87564015035165,3.014532127217973,4276.0,0
GDT,2020,0.007237639207589625,1.8147385017699549,2.389872802450191,0.0,0.0,0.4743469991019446,0.32173362131905126,0.23207760168493166,0.15741043446779823,0.08012674868920945,0.05434727966890856,3.108161328928497,1.6366219910460058,4.698952879581152,4.698952879581152,1.364448784329771,0.9218927134238392,1.722387431198592,369130290720.0,3.7069683619568115,431018285543.0,1.0764562724437456,4.144165016107722,4.328474763792118,4584.0,0
GDT,2021,0.07638636993164226,1.2056768010074548,2.053655476383041,0.0,0.0,0.43547567919829366,0.3033668110918499,0.22907276799915574,0.1595796928632687,0.05471565477807188,0.03811674107124568,3.296339492118113,1.3429550358741118,11.727092946605142,11.727092946605142,2.4105436162735905,1.8892074058751738,3.034609192849625,639741137640.0,8.359341681852365,692035893345.0,2.0436380559515084,8.345746959852708,9.042664521961937,3034.0,0
GDT,2022,0.1811855800155902,1.8392466080611996,2.7401813791655214,0.0,0.0,0.3793276159242169,0.2750090780064958,0.10148066329245391,0.07357255964490851,0.08105463630561939,0.05876387550705916,3.636243600570813,3.0214830934039107,7.244768547875714,7.244768547875714,1.5329432610532094,1.1287268304042881,1.8685381066453715,451222857350.0,5.120410297907515,461582859489.0,1.1546422116551647,4.831745151452645,5.237974071051508,3154.0,0
GDT,2023,0.19968672229168224,1.5705281332448897,2.3728730022452735,0.0,0.0,0.40201939651795104,0.2867431060628723,0.24477688388753022,0.17458879990922876,0.022350350853319084,0.0159415418280434,3.4874421698589555,1.0675934623294177,12.22451790633609,12.22451790633609,1.331151799655935,1.248370351902909,1.6389029837992868,388238508000.0,8.545666464830108,436744017908.0,1.4043384983524105,5.48612144622043,9.613339817263967,1452.0,0
GDT,2024,0.03610293036164709,1.0965712619462122,1.607925480686507,0.24906361473562025,0.14072997499302237,0.7697979037370627,0.4349637334927203,0.25617940166303604,0.14475065267175072,0.052357496938062104,0.02958388459354894,2.2990422488102364,1.0425261226003497,11.352099676972776,11.352099676972776,1.9720010182969767,1.7505090882998007,2.1458491133562942,587535502200.0,8.35934078900961,732897212586.0,2.1836012064249077,8.538033872105874,10.427518916526841,2167.0,0
GDW,2018,0.6211472538816706,0.8929008601279558,1.0572207428514362,0.21877551936396927,0.1200325250358869,0.822635317373858,0.45134389174415385,0.03264592559715602,0.017911386488545532,0.39020729025133044,0.21408961328235432,2.215605480193037,2.149022375177343,7.048872180451127,,0.7059013387167201,0.21874078558418994,0.7091730331139477,106875000000.0,6.194836687048045,88424589956.0,0.1809783791526111,5.1253884809039425,5.1253884809039425,1596.0,0
GDW,2019,0.86508732305054,1.029991950642968,1.1571414560501825,0.18177573951729367,0.09371881156923896,0.939586476542105,0.48442618460466885,0.031882287797325305,0.016437672763199015,0.5326087797566087,0.2745991406921664,2.0642979916869715,6.242036200145617,13.253747917823432,,1.4627307567350192,0.4375034857249522,1.4668088533891377,226765000000.0,10.738777278822152,158727366575.0,0.30623674798361633,3.2681213340728434,7.516758925331884,1801.0,0
GDW,2020,0.9367086368493656,1.0950440291908785,1.1731559298529204,0.13827797517714002,0.06771372800739647,1.0420966212646825,0.5103072060416544,0.029411680102748475,0.014402687804523985,0.6964486153024704,0.3410458682758878,1.959603917328132,6.7941593991690725,7.963340122199593,,0.8841360022007112,0.25880863057883446,0.8859399325259357,148580000000.0,6.829096822845909,35275265383.0,0.06144530304939558,0.701729030060886,1.6213366721772215,1964.0,0
GDW,2021,0.719863033560684,1.1395993771803348,1.420467324388498,0.10703974797804669,0.06885074320147075,0.5546636535908908,0.35677405354512154,0.028918214068531095,0.018600945614015697,0.2705199564056867,0.17400545499398026,2.802894409118036,7.556501485938725,10.339928970065955,,1.132760616076152,0.3470199724563449,1.1521307737482498,193610000000.0,8.1260515722098,162306043714.0,0.2909118269672568,3.2049905887361323,6.812185742995208,1971.0,0
GDW,2022,0.8715838472103509,1.2007936898824991,1.4188028995595443,0.07346325579123927,0.04481651284882935,0.6392006231952561,0.3899465472074291,0.027193861293135054,0.01658970897663929,0.34366509843800064,0.2096540799064011,2.5644540441796955,7.786583980619276,10.031376064545046,,1.1697510758087444,0.3408332690781652,1.1851815307909195,212610000000.0,8.86531857421159,142204289498.0,0.22796647790104477,2.8638098786493957,5.9295721227561335,2231.0,0
GDW,2023,0.6677225073933015,0.9240231210011053,1.1866866888870966,0.04789449923851255,0.027445305975285564,0.7450889154466501,0.4269632961687496,0.02814898234835637,0.016130400061106186,0.3647054458876809,0.2089896065807831,2.342121697516519,11.643652539172352,6.348032743596514,,1.3006476335315271,0.34953267930541154,1.3265887660252282,228380000000.0,5.123361905908411,160417326203.0,0.2455166732408477,2.1863431214176976,3.59872150852147,3787.0,0
GDW,2024,0.5735477970085636,0.9103757323385502,1.2274008984703635,0.018415446974194512,0.011777452081035205,0.5636189260195099,0.3604579841293616,0.026252849935375574,0.016789800570019452,0.28544411976790257,0.18255350777478435,2.774248439566035,13.038605232633884,6.59204572517266,,1.3967061161961034,0.39111842868996904,1.4320968351882808,262960000000.0,6.52353502557121,212850587996.0,0.3165872662105701,2.8544159835883995,5.280416283865732,4199.0,0
GEE,2021,0.1290608878991588,0.5186663510460564,1.1393973242061042,1.0211327060789246,0.2643996983889533,2.862079693361662,0.7410721478070867,0.8968424321730762,0.2322174847180431,0.46842439776452127,0.12128812322792634,1.34939628072531,0.12924743253165985,,,,,,,,,,,,2280.0,0
GEE,2022,0.11510610444952932,0.5526412807707186,1.2599160761421753,0.8594784018965267,0.2962078987398886,1.9016052764050941,0.6553631852920612,0.583977234639047,0.20126005400795174,0.1752647585485522,0.06040268811672901,1.5258714899500376,0.34128150623171644,4.112436115843271,,0.6031538460586976,0.21728599777925456,0.6290859851649743,3621000000000.0,3.326096500183305,11577061943393.0,0.69470683670875,8.034531208120363,10.634196413235237,2935.0,0
GEE,2023,0.17421227222436078,0.540178036295331,1.0161814949593229,0.207605648346166,0.0900422616100573,1.3056467555783542,0.5662822166576174,0.7341426777192994,0.31841073483745574,0.09757873382121032,0.04232163213429172,1.7659039443306672,0.22882523839129312,5.24748490945674,,0.6572713341844322,0.2355595077995283,0.6806860140875377,3912000000000.0,4.119127436297294,8391991399093.0,0.5053203894243922,7.415718004193803,8.836319534042662,2485.0,0
GEE,2024,0.12854465077718777,0.5911278251958667,1.2750932089333242,0.06520873200277694,0.0351403111869693,0.8556674599671042,0.46111034354305747,0.427284062503738,0.23025896165216614,0.16188331267494246,0.08723724275351155,2.1686783087888424,0.6193471366246882,2.8995088779750664,,0.6622623906195779,0.21794048371409394,0.6789688812621764,4605000000000.0,2.1353346454375397,7337869236258.0,0.3472787775854153,3.6562783161624806,3.4025638227735087,5294.0,0
GEG,2018,1.153656741343338,2.281431619449948,2.3282319608576563,0.5898228550530568,0.3257048719028726,0.8109119817800758,0.44779204618380847,0.044176576257875085,0.02439465678196615,0.15291679694865773,0.08444187154714433,2.233179460247766,1.4132962854863913,9.174397031539888,8.822479928635147,0.7975568990000951,3.4325379444662687,0.8023435835315303,1920465419500.0,9.273454936644994,2837683803044.0,5.071925393419392,13.702476808370315,13.702476808370315,1121.0,0
GEG,2019,0.1259789120844583,1.0474870064127255,1.4232199297896875,1.2959784035007609,0.49431230811413385,1.621780567117756,0.6185798260380937,0.21461876639982316,0.08185992721571028,0.031288983982118414,0.011934249713550907,1.616606229150476,0.7294393307156991,15.724258289703316,15.724258289703316,1.4242858081544356,3.1690611791570675,1.4384247114500124,3674128019540.0,12.074431056821323,7465537486226.0,6.439281620922595,12.81621872971671,24.53428873467419,1146.0,0
GEG,2020,0.12297704205953312,1.4779414428046107,1.6159656199018324,0.9229137152212001,0.4117512557014495,1.2414350956840352,0.5538572578231079,0.1732697290162826,0.07730303203957133,0.1083348937227875,0.04833282655892659,1.8055193569737098,0.67077442768307,15.0242954324587,15.0242954324587,1.208901448167624,2.8074083190603796,1.2162929869251997,4192368406480.0,13.793968393726182,7858435090188.0,5.262380093526507,12.263702386384768,25.856268998366986,1029.0,0
GEG,2021,0.28485807591577167,1.3328298067048274,1.4995280548935241,1.7912491377888868,0.5367844763732479,2.3369987707009603,0.7003295270049072,0.10907554750952807,0.03268672091437899,0.08419946543428274,0.025232093632625473,1.427899240914046,0.7999486060059509,22.613636363636363,22.613636363636363,1.6170237140431722,4.376118186672579,1.6273558567138213,6043938967400.0,20.98598958419188,12896728451549.0,9.337885149042094,20.369556595564433,44.78050000408718,880.0,1
GEG,2022,0.16122845323430265,0.9481976509821002,1.0230917715118915,1.6455653084252884,0.5411855049976366,2.040667743738766,0.6711248698384873,0.11776533145894283,0.038730088712073514,0.21752486766585055,0.07153851916697243,1.4900356773258303,0.8511403098298086,16.363636363636363,16.842105263157894,0.9876790151214517,2.656355898283119,0.9929160472271491,5560371388800.0,13.228299962363922,15153615908000.0,7.23933604122438,14.18848628215271,36.05093306343605,855.0,1
GEG,2023,0.1364399972014871,0.793173801150632,0.8685776005551216,1.5053772897997024,0.5381723617632058,1.7972028977252898,0.6425000128474023,0.2452632899921671,0.08768162302120357,0.012993152124490056,0.004645051717576942,1.5564202023409237,0.38694265256403754,57.242990654205606,57.242990654205606,0.8611890968944296,2.29575032872259,0.8649682473907165,4966755162250.0,25.271068420596915,14834158689447.0,6.856694879276765,16.99142820707019,75.47685097350048,214.0,1
GEG,2024,0.20851513953167602,1.608448251084998,1.759783838705302,1.4912126470121674,0.5665170867672146,1.632246549740725,0.6200963773327011,0.10355593993748094,0.03934127673096623,0.005600473282386793,0.0021276400886301615,1.612652543305327,0.7023713571239445,68.96551724137932,68.96551724137932,0.8795403082961374,2.180393499647208,0.882820864062216,5070100452000.0,28.172961938065498,14099408757792.0,6.063441838165496,14.518271325625197,78.34600320903097,174.0,1
GEX,2018,0.13530563646743868,0.8778812362506612,1.1871347786431319,0.2676407195552673,0.123604651753633,1.165296497810818,0.5381694834813472,0.46979765074427576,0.21696689170247854,0.25698299082516707,0.11868258738929513,1.8581506954484528,0.35572189271827653,3.4568387859676784,3.5305958132045085,0.44765242309340086,0.26027428945773595,0.5667362310989132,3565531200000.0,2.3926045196716683,8515527198046.0,0.6216108250095941,5.714236594376702,5.714236594376702,2484.0,0
GEX,2019,0.12030775178090869,0.745012772777821,1.094965573752148,0.5257501010475413,0.21455986285344844,1.450365571899373,0.5918976288812036,0.46200725012739463,0.18854625425106464,0.1305613560352156,0.05328239897445688,1.6894813413768623,0.3447660657849258,6.628959276018098,6.67933130699088,0.4946001930401911,0.2802264907608988,0.6006796529678712,4291664760000.0,3.6826859009480857,11941500714834.0,0.7797265226598677,7.459602106597503,10.247025053904876,1316.0,0
GEX,2020,0.14395690920686163,0.907995870729943,1.2067831487749499,0.943643990908147,0.28551064523114256,2.3051096576248344,0.6974381779760268,0.5268911635089982,0.15941715043961366,0.360857990580924,0.10918185112207411,1.4338188409788677,0.23225586945347904,6.076099881093937,6.076099881093937,0.6073938312819598,0.27800621145166643,0.6968254320010658,4989853680000.0,4.405233296970178,15511334739237.0,0.8642031774795249,13.109318277514975,13.693998392701781,1682.0,0
GEX,2021,0.21354621271859875,0.7952341455504492,1.2972378924690007,0.6707905908136576,0.224707945497428,1.9851663203486296,0.6650102899850442,0.40845405534072304,0.13682790555302152,0.18007286153316923,0.06032255566655965,1.5037361301920449,1.3978755868230208,16.788807461692205,,1.0468290403709546,0.7508361212980789,1.1850693990037806,21457693983600.0,10.624381215389226,38673728807571.0,1.353250379849936,2.9129994664835497,19.148583169573172,1501.0,0
GEX,2022,0.18269558896179453,0.6187505559861975,1.1461147796181033,0.45838042037663723,0.1841348259875271,1.4893738483109489,0.5982925583160181,0.3419562911584134,0.13736638688898906,0.1575625880202533,0.06329406413872316,1.6714230957754952,0.5888788074742638,18.175519630484988,,0.31845039021678717,0.2088355378202677,0.35438889999383133,6701271890910.0,3.348818552275923,20386809107048.0,0.6353256984072846,4.044767659906907,10.187875625819313,433.0,0
GEX,2023,0.17818666014551146,0.6441527673208991,1.0918771649274681,0.47738274806359116,0.18395843976550594,1.595057604707437,0.6146520993653478,0.46449601925386313,0.17899256587262916,0.10351628830309254,0.03988978437908811,1.626936605329322,0.4623797276359507,38.608247422680414,,0.600996616003408,0.4252109066589047,0.6598452458272837,12755406979140.0,9.013530324829677,29432952536041.0,0.9811691978127935,5.664628284687379,20.798615886324697,388.0,0
GEX,2024,0.23969627274113392,0.8321477340654535,1.3430861310467954,0.357150028099185,0.15444818175191594,1.3124262393251163,0.5675537740430368,0.3542470461943982,0.15319279818316953,0.13550236308130842,0.05859748552276198,1.7619475822993498,0.5374175621356981,6.345549738219895,,0.44785909214238273,0.30860970720999714,0.4823851292884196,10416289091160.0,2.9090546790291847,22887732265290.0,0.6781087094718246,4.571474502440271,6.392071500321072,1910.0,0
GHC,2018,0.15480679748394438,0.9180694242376771,0.9368393769889687,0.0,0.0,0.3130865462479012,0.2384355754329637,0.1417380022162718,0.10794262009711636,0.11033815762988665,0.08402961552319158,4.194005018689632,2.1960997408495384,2.8461208744106297,2.884448305821025,0.7719360209924614,1.7441150628535382,0.7750574394412857,272240000000.0,2.476151055637331,305133717845.0,1.954849814420974,2.775334916075669,2.775334916075669,4604.0,0
GHC,2019,0.1373434717134881,0.8411667433116649,0.8630287548091244,1.8618553595256022,0.5934595901210669,2.137290879646549,0.6812536553471698,0.12147709344513953,0.03872037949468851,0.0850021078714154,0.02709411117179923,1.4678820321197334,2.0680178264203697,3.2418722619322113,3.2418722619322113,0.8015875147365514,1.1801185293398428,0.8498454485560596,288230000000.0,2.8532679733197783,987782290867.0,4.044340229698174,6.3374261183003275,9.778328332037793,4337.0,0
GHC,2020,0.695169003639656,1.7166278214388648,1.744319426919116,0.9922917621870883,0.4619057561998065,1.1482558917448364,0.5345061061660632,0.08305164177641863,0.03866003211980636,0.004176910501766,0.001944326333662918,1.8708860169491022,1.556023261644293,4.081206496519722,4.081206496519722,0.8824406434018652,1.8912837911182976,0.9108329844511566,558922250000.0,5.309235638025838,1171353477091.0,3.963631515639727,6.559593737781692,11.126756226464448,4310.0,0
GHC,2021,1.310189451592616,2.5635919512965946,2.5957580810057896,0.6169136580792826,0.3582381587210602,0.7220769006900752,0.41930583959445866,0.0609671057797204,0.035403242303110566,0.0005824774362166135,0.00033824124577897863,2.3848940452801064,1.7584996241439266,7.176393870231497,7.176393870231497,1.1146166208702102,3.4958126797457996,1.138161146307827,1049051625000.0,8.526559635537783,1557378539596.0,5.189738537303817,7.942428709407939,12.658176848991618,3067.0,0
GHC,2022,0.7185723482209948,4.5167669905710035,4.57222087531928,0.5553464395054745,0.33995675120173874,0.6335796760686132,0.38784742816670653,0.01903999105645785,0.011655379492893579,0.0004019620488343544,0.0002460621019733299,2.5783334563460736,3.777368586113951,6.632057105775472,6.632057105775472,1.041795487054701,2.932010343807168,1.0638564810388422,974221500000.0,5.386252330921842,1458781613846.0,4.390339138637554,5.746430574943627,8.065276600736016,3082.0,0
GHC,2023,0.27222561382745286,2.9037778957501756,2.939847273330012,0.46936513033497057,0.3006608278915162,0.5611116806487537,0.35943083868001785,0.020650918461490843,0.013228341519364526,0.001613208848877403,0.0010333718393593719,2.782176408881395,3.369376860890649,7.777036048064086,7.777036048064086,1.1582623003676673,3.3922661896021964,1.1811603904687826,1110536250000.0,6.31615353372075,1556414612070.0,4.754255131723867,7.023235365481045,8.852078130687351,2996.0,0
GHC,2024,0.19811008223571724,3.8344611889603346,3.8731086531536425,0.3667293001416877,0.2535913330375018,0.4461428777909171,0.3085053936526874,0.013362900104179261,0.0092403733471979,0.0006360437838001535,0.0004398208458985423,3.2414344143551377,5.836376102195655,7.38665164742326,7.38665164742326,1.2105890582341374,3.948478635381831,1.2318001360860218,1250187375000.0,6.167139442962846,1626465130928.0,5.1368802381824725,6.1040027269484725,8.023307115503224,3551.0,0
GIC,2020,0.6987630050209344,1.0243216238505162,1.0305296839813307,0.042126642802512736,0.034385041837365536,0.22514443931065836,0.18376971080841575,0.024072367308273657,0.019648595329558243,0.056336484234495235,0.04598354481875917,5.441593152652471,3.924166846390596,3.7269149258250076,,0.6482039077984303,0.7891154554966853,0.6483928538990634,149197200000.0,3.543404045192548,134998680331.0,0.7140183939165646,3.206192006153742,3.206192006153742,3303.0,0
GIC,2021,1.7267230779758176,1.9655603843432679,1.9733110278671713,0.0,0.0,0.08303679555217344,0.07667033649566644,0.0,0.0,0.04031063860586019,0.03722000837959369,13.042853934213813,299.06371787292346,7.345220406141654,7.345220406141654,0.7762762492380555,1.1050138601917514,0.7763735815467518,179739600000.0,6.918837388437261,146540925320.0,0.9009130629194922,3.032184824468963,5.640898461108228,2019.0,0
GIC,2022,1.9008860726490904,4.740950670360193,4.946605791789435,0.0,0.0,0.06499971223539755,0.0610326101393637,0.0,0.0,0.018275345825318246,0.01715995376839955,16.384683494881997,,5.065502183406113,5.065502183406113,0.3516497292832522,0.5011362334717331,0.3516497292832522,84355200000.0,4.63937391725544,54715821370.0,0.3250550130006682,1.8055829099863345,3.00926504264332,1374.0,0
GIC,2023,1.8030631687209175,2.335771679074646,2.4640173655939925,0.0,0.0,0.10217634103939913,0.09270416832123478,0.0,0.0,0.02288762831816449,0.02076584977008351,10.787001470471532,,7.944606413994169,7.944606413994169,0.5444713890939168,0.7668496467410155,0.5444713890939168,132108000000.0,7.082095860318473,88587772276.0,0.5142270102902483,2.4899009720666174,4.749046956359155,1372.0,0
GIC,2024,1.7113872327555966,2.6412950448660184,2.7666570363820484,0.0,0.0,0.08333644975743804,0.07692573233005988,0.0,0.0,0.013882481742316303,0.012814561667729936,12.999551251710802,,9.059701492537313,9.059701492537313,0.6070895015171793,0.9233969644639505,0.607340417205247,147136800000.0,8.253316165930723,113691133061.0,0.7134995946289064,3.54810618257489,6.377254816030607,1340.0,0
GIL,2018,0.2355937062870146,0.5676141185744186,1.313381498828649,0.0,0.0,1.5997215384350083,0.6153434184331972,0.9789369242247553,0.3765545308418147,0.44593617431399035,0.17153228440859744,1.6251087929829902,0.2868324440105949,1.0581039755351682,1.0581039755351682,0.3258646976688206,0.10250492678853299,0.33015370539542166,231008240750.0,1.1297045780964756,658420963995.0,0.29216010862306346,3.2198902295646623,3.2198902295646623,11445.0,0
GIL,2019,0.36967933826036026,0.8517686425975111,1.4574431803480736,0.0,0.0,1.2695821674211591,0.5593902638315746,0.6922565640433316,0.305014982043993,0.4045472332604644,0.17824744971455964,1.7876607167783805,0.35319038515834605,0.9489886782852055,0.9489886782852055,0.21404099477302674,0.07053387287163958,0.2163500843669448,179040000000.0,0.9138331905949454,366466786283.0,0.14437177008134178,1.7322949680205029,1.8704731487716144,7861.0,0
GIL,2020,0.4144357076655256,1.1648027563023642,1.5258279440655111,0.0,0.0,1.0996805728960872,0.5237370803404153,0.5931487271380549,0.28249474457913637,0.3615854380530165,0.17220973643351953,1.9093549751146632,0.5327500007224208,1.9484020023103579,1.9484020023103579,0.564842603501462,0.21078788313670951,0.6397289005896916,728640000000.0,1.840920049136792,906964201741.0,0.2623751978559521,2.182840549781361,2.291458858742799,10388.0,0
GIL,2021,0.36553309184595784,1.1529855539024498,1.5124274321746534,0.042228446332157075,0.018058938011136606,1.338368197848378,0.5723513512884163,0.5845775401225249,0.24999379510053937,0.5757099569619187,0.24620158514456852,1.747178542950771,0.4686377419186941,4.195203569436698,4.195203569436698,1.0088872957627033,0.3914762900475822,1.1279394462204917,1624752000000.0,3.76099217287034,1872138312498.0,0.45108284897181733,4.1714841939562195,4.333644482256778,8965.0,0
GIL,2022,0.5707856069139282,1.6832722234485575,2.626172739362894,0.056988547205181435,0.035888586350334074,0.5879295620305467,0.37024914460232006,0.2642108555807893,0.16638701230735492,0.20463709004838268,0.12887038250406105,2.700884025198998,0.700385625502619,1.876022000891928,1.876022000891928,0.3466951706161533,0.27498252927726485,0.36919181354769437,870780000000.0,1.897712749685438,918458414265.0,0.2900388362049836,1.9156216946701443,2.0016195167626267,6727.0,0
GIL,2023,1.0519186509093106,2.3524788475958394,4.478852965649555,0.06683444193615311,0.05063752780757043,0.3198598910699823,0.2423438224269992,0.047138265523857366,0.03571459807422694,0.14671550410121403,0.11115990802802175,4.12636885060781,-0.20528534282515298,40.9546539379475,40.9546539379475,0.47224920919232166,1.2827907993916416,0.49887329369705363,1201200000000.0,-23.522919982502795,816292621091.0,0.871738814474544,-30.74871486349299,-15.9853363371887,419.0,0
GIL,2024,1.121484775248349,2.601740057866652,6.41422008732512,0.1042442245933808,0.08183116885429757,0.2738938726268255,0.21500525162433212,0.02987318994765598,0.023450297226138738,0.09430676037084823,0.07403031162743841,4.651049183427621,0.31687419180500814,55.61497326203209,55.61497326203209,0.8252347171568313,2.9727166639662657,0.8651448490074596,2113281372800.0,-1321.6243695788216,1972236981399.0,2.774311937518883,79.14757681928187,-1233.4166622345822,374.0,1
GKM,2018,0.6321325125589303,2.036342130917543,2.280757747991038,0.0945725073795174,0.062257770566741255,0.5190474461036839,0.34169271502021004,0.23142565099056545,0.15234919197827956,0.14627340670027614,0.09629284922960339,2.926606146522185,0.16396886408479336,20.763157894736842,,0.6678736072859404,0.8755950708317407,0.6678736072859404,111840750000.0,15.955659357925553,121498678169.0,0.9512064584451411,17.333498937576778,17.333498937576778,380.0,0
GKM,2019,0.2712823017600786,1.4228939741564208,1.7111486750508906,0.20680260563350913,0.11232841808034014,0.8410533075040606,0.4568326751191617,0.29195659080761543,0.15858128041030203,0.29036029324981044,0.15771422373611527,2.1889852772443583,0.3130464246229142,44.89583333333333,,0.7539039404004801,0.8231562496989641,0.7539039404004801,128297571580.0,23.49392968670804,183894291854.0,1.1798643868266536,10.627286608453431,33.67483506818254,192.0,0
GKM,2020,0.12208759744652313,1.651458168492221,1.806248588915118,0.1584936795241997,0.08599183341005198,0.8431247856807836,0.4574431379964129,0.2797010066290588,0.15175370045590666,0.3367936426713486,0.18272970191052432,2.186064052419651,0.4430841599948239,13.233618233618234,,0.7655141591681232,0.8131265831696222,0.7655141591681232,138269656610.0,10.712641477012365,202320417169.0,1.1897918426318246,7.875196846886859,15.675066719261117,702.0,0
GKM,2021,0.5524227474518447,2.3106818978952286,2.5598920938633913,0.4461564064042804,0.24226592146098166,0.8415978760600734,0.4569932920755716,0.20480804287296522,0.11121214111689405,0.12743826373622,0.06919983205500989,2.1882159264487258,0.5009248973065763,16.174368747022392,,2.7138646714832255,3.421299178099428,2.7183393407919905,808481905000.0,19.776387254314635,937331147833.0,3.966557898024986,26.679700542728416,22.92818633346735,2099.0,0
GKM,2022,0.2506264179218303,1.5706376965929993,1.818103427326805,0.2760950366321635,0.14456533268647315,0.9098288054366819,0.4763928593215713,0.40962181570026357,0.2144809076783213,0.13840544190239013,0.07247007768884486,2.0991078695513927,0.16625014172318797,31.649076517150394,34.81857764876633,1.726652692504105,1.8322063898369443,1.7286850295482685,571295461000.0,23.06495636639616,745625727910.0,2.391302428190524,28.157393844536482,30.103205878449163,689.0,0
GKM,2023,0.11639648020583772,2.6969320200742275,2.6969320200742275,0.0,0.0,0.2864847477201235,0.22268802504485552,0.1549380414604594,0.12043519500331175,0.0898907015192836,0.06987311872805775,4.490587223082931,0.23522009272294345,24.11252511721366,24.11252511721366,3.3633388795834116,2.9186643266208745,3.3633388795834116,1131632532000.0,22.391124053186196,1172543579799.0,3.024180571867545,63.80681543154055,23.200613282692757,1493.0,0
GKM,2024,0.00030785577344716813,1.1645470712371835,1.284161023292469,0.0,0.0,0.36000807369695154,0.2647102474313484,0.17350531179645287,0.12757667778016057,0.13436146788888334,0.09879461047877787,3.7777154821304992,0.16295372894248195,38.52459016393443,38.52459016393443,0.43431646226322357,1.0155138690695595,0.43431646226322357,147740913900.0,18.775610924522425,206724308149.0,1.420942895623437,19.410884650093845,26.271498368243847,122.0,0
GLT,2018,0.21827938846479442,2.0039077406449874,2.3565741614394184,0.0,0.0,0.5046626657741194,0.33539920757884983,0.07928776094832461,0.052694708755555264,0.21771833239725774,0.14469577623582888,2.9815216536100717,2.6793797614440495,23.163960188580408,23.163960188580408,4.078023603944599,3.1318179122589287,4.495830317677943,408435642120.0,18.720545629054747,405542626791.0,3.109634742394581,18.587944994127334,18.587944994127334,1909.0,0
GLT,2019,0.6686189366947881,2.3561375592945084,2.778121142021105,0.0,0.0,0.36851974798178694,0.2692834710827216,0.04010458705505536,0.02930508464653087,0.1839953760390363,0.13444846251607398,3.713558786134365,4.2190349861415175,12.553337921541637,12.553337921541637,1.7543052066776854,1.8416106478665473,1.9267354886777077,168472775040.0,11.173589196528463,149371154693.0,1.6328068965530942,8.639470054163581,9.906715906795135,1453.0,0
GLT,2020,0.5075364373688213,1.7896209513721084,2.2058044426655337,0.0,0.0,0.531297626166192,0.34695908691269023,0.12305072895496325,0.08035716039280827,0.1401430622017606,0.09151915330308938,2.8821842047666064,1.8558906455874131,6.242774566473988,6.242774566473988,1.1660832031334352,1.306780008854676,1.2630520516337702,119704340160.0,5.582659506056134,105426638638.0,1.1509141906528877,4.39749132105363,4.916789362835878,2076.0,0
GLT,2021,0.26465667060073433,1.8522237682797247,2.0378444184925657,0.0,0.0,0.9045243421272546,0.47493451363133954,0.19174392424814282,0.1006781168435867,0.12172523012876979,0.06391371716089964,2.105553442208317,0.8593659395553531,2.8634739099356685,2.8634739099356685,1.1746000972150716,1.1004482492504541,1.1748068062971997,185006013380.0,2.5294137624033035,178071582146.0,1.0592010347865164,6.7356464440881085,2.434605785747475,6995.0,0
GLT,2022,0.1157691535068771,1.7782535951466767,1.8492961317331227,0.0,0.0,1.017270200157476,0.5042805867444351,0.031927057016901315,0.015826861971395288,0.6182391702156131,0.30647315871089104,1.9830229960979862,4.912100449838478,8.068068068068069,8.068068068068069,0.9879099052237614,0.25073611387074446,0.9880286174569421,148891509520.00003,5.980210594895094,136154035701.00003,0.2292859674103957,5.139557581226973,5.468611403442537,1998.0,0
GLT,2023,0.8555532052449901,4.700941317408195,5.364164219693909,0.0,0.0,0.20695975284836474,0.17147195866303747,0.0,0.0,0.10104526693162112,0.08371883709722659,5.831857335724014,59.68918068911927,17.63306908267271,,1.072234301533126,1.5464982488213537,1.076112106848658,162801352440.0,12.233926140443328,137671190170.0,1.30777939691578,9.615203458976731,10.345486367058509,883.0,0
GLT,2024,0.05313867500021579,0.533759123701617,1.6276754993063038,0.0,0.0,1.3445663384841842,0.5734818914757076,0.5191277294613548,0.2214173772523676,0.43121813999493674,0.18392234543200392,1.743734222238052,0.1628503603332699,31.837016574585636,,1.61311507516586,1.2786568164304863,1.6171843006529096,241012920600.0,25.0821735294872,307951184949.0,1.6337874367175493,24.204529173527963,32.048427280466825,724.0,0
GMA,2018,0.03890685960159977,1.6147731255480462,1.6671891187832364,0.27991394014482074,0.1340785514014895,1.087686190065081,0.5210008071333622,0.3871740832256028,0.1854560733639442,0.2575026594808494,0.12334356605233955,1.9193828230366388,0.12674432191942964,,,,,,,,,,,,1519.0,0
GMA,2019,0.08082186630378775,0.9410375523654099,1.0388263008045635,0.2676999655527583,0.1381116472257219,0.9382866755274056,0.48408044453594506,0.4733358779430267,0.24420323573355449,0.15629893654397947,0.08063767786127442,2.0657723551684306,0.14649652574099964,,,,,,,,,,,,678.0,0
GMA,2020,0.017976496099067273,1.1366719397680989,1.2145280299039403,0.3472536923474072,0.1377018592628559,1.5217792570581243,0.6034545858043946,0.08949559892018207,0.03548906934248737,1.0094079600180248,0.4002760975976888,1.6571255294497715,-1.3242242622955325,65.51242236024844,,3.4664374505767195,2.2258401090820596,3.4664374505767195,253140000000.0,316.48635008774863,283492186079.0,2.49272449390058,-19.667098678964397,354.4339387316883,644.0,1
GMA,2021,0.01737675901276407,3.3181503848151634,3.57136450853259,0.2945747869462647,0.21070677259006582,0.39803188727761385,0.28470873296938953,0.0,0.0,0.027138929111260358,0.01941223898984734,3.5123615267098782,0.005363903780273435,66.27320954907162,,3.821696781576334,2.905023804480119,3.821696781576334,299820000000.0,52.81020449647472,322812621893.0,3.1278045193309483,30965.382084541012,56.86011799150324,754.0,0
GMA,2022,0.06008032333494838,0.6024879326791559,1.0144867565678384,0.2715076382092474,0.07983138106831719,2.4010139192869486,0.705970036073931,1.5131338599050022,0.4449066942431813,0.08695152182513258,0.02556635282556053,1.4164907133470426,0.31896335346443405,20.66824644549763,20.66824644549763,1.8856795884472297,0.46813151976814193,1.9474410594956173,872199956390.0,39.808923506867224,1639967514595.0,0.8802115608389888,7.167672292831198,74.85134671695339,2110.0,0
GMA,2023,0.12994669380822343,0.8179623003621737,1.1392089752523955,0.34409456553417234,0.11894768904818999,1.8928226204946887,0.6543168623906175,1.1839211965060468,0.40926159389046457,0.10168523154319788,0.03515086988838919,1.528311522259096,0.016413165187188182,188.0,188.0,2.0716314702174246,0.34673770168626245,2.131122839874625,958799952060.0,-945.1641603988494,1575526019477.0,0.569768771646929,158.47981680073957,-1553.119317732645,255.0,0
GMA,2024,0.05539024618213009,0.5563769659456719,0.8986892345821986,0.32806561575838666,0.10467649146835349,2.1340906745768193,0.6809281849718579,1.4900079233519852,0.4754195325102308,0.09175204202616238,0.029275490581826005,1.4685836510664176,0.05692034170379748,89.25561797752809,89.25561797752809,2.662595276380008,0.45202262527432946,2.7262371921919417,1270999936450.0,78.67911537675343,2092154588068.0,0.7440607841568005,48.14281935157716,129.51131428092071,712.0,1
GMD,2018,0.1103253511714306,0.847691278087134,0.8895973275375936,0.24383301105126937,0.15945226007835425,0.5291913136348819,0.3460595864731903,0.10338629736706166,0.06760847805322201,0.061813560269879476,0.040422385164449355,2.8896757641981154,2.8113533289914505,2.7372321572418237,2.7372321572418237,0.7726709423312601,1.8632132784723048,0.8146499657910358,5044755019430.0,2.2324141826709254,7139176740699.0,2.6367601299565107,3.159241498773831,3.159241498773831,6207.0,0
GMD,2019,0.1014752597898268,0.606726545491157,0.6495932130129758,0.2170795889912213,0.14087258269256767,0.5409640743576306,0.35105560431909355,0.09926052895012809,0.064414563974508,0.06438020210832053,0.04177917135099869,2.8485515903943397,1.4313882916776484,10.006242197253433,10.006242197253433,0.7247633461127302,1.800931545109506,0.7931223505151339,4759707060710.001,6.420951756787045,6651648083749.001,2.5167857408442806,5.82863439020386,8.973222701337072,1602.0,0
GMD,2020,0.24505700163399993,0.7354028087750182,0.7772124095275185,0.17251725753664027,0.11568803650281824,0.4912281576534289,0.32941180404373344,0.11567794850371044,0.0775722667990251,0.05426882524230754,0.036392033615904915,3.035713923193954,0.8484388301692124,20.409051348999128,20.409051348999128,1.0716283397691775,2.7122862594698955,1.1608384177394977,7067313091650.0,14.24351077772859,8540263721791.0,3.277573760278245,11.06767387924075,17.212105476081945,1149.0,0
GMD,2021,0.281673619179838,0.7162910152993607,0.7466583596298016,0.15064601083499385,0.0988931863630902,0.5233204265649923,0.34353929576395986,0.12214514896508509,0.0801834905086358,0.05402742326336432,0.03546688032352676,2.9108751526552683,1.193951760116361,18.667736757624397,18.667736757624397,1.4926396810450004,3.2795150711626007,1.600722272761529,10515076919730.0,12.206009342013497,11799437803943.0,3.680090445812015,10.087255984496375,13.696908654581067,1869.0,0
GMD,2022,0.4249543979012338,0.7899493346223061,0.8156557440590323,0.18699155254406358,0.11405132469733487,0.6395386291241663,0.39007231532312525,0.0683734445592617,0.041702856733413146,0.10549531338163068,0.06434451223511932,2.5636272063338494,2.480537171313436,11.315095583388267,11.315095583388267,1.301789490999911,2.654094074845506,1.37953839158556,10346305263810.0,7.9048727090785835,11011534384662.0,2.8247424969681107,6.584625758870696,8.413126756163491,3034.0,0
GMD,2023,0.7683640915654426,1.7292159123979534,1.7648074353631826,0.15601416717024016,0.11209105353310127,0.391852090355883,0.2815328532902445,0.045760651173863305,0.03287752448046599,0.0532166049627486,0.0382343823251662,3.5519833238398513,4.861609515497344,7.627306785070071,7.627306785070071,1.727763810598879,4.372335717111263,1.805128103034592,16815243678290.0,5.292755901616937,17307315386743.0,4.5002852578620045,6.1341934219990355,5.447640094124708,7207.0,0
GMD,2024,1.8870883329748305,3.137032691698388,3.176742076176825,0.12673198137065744,0.0969750913771904,0.30685085799739914,0.2348017420041437,0.030644930145258664,0.023449447163556632,0.035339072427899576,0.027041396661018152,4.258912184656417,4.601811718169987,14.340505144995323,14.340505144995323,1.8432725806955828,5.253576842018374,1.8953209588286455,25385413583880.0,10.495981651878106,23588479999181.0,4.881696800118468,9.128518572713466,9.753012392294291,4276.0,0
GMH,2021,1.1530397276009723,12.430542889021027,17.399989659925833,0.0,0.0,0.04925946081781381,0.04694688268945414,0.0,0.0,0.005933563787496496,0.0056550014644345045,21.30066881362144,194.5746124151713,,,,,,,,,,,,1728.0,0
GMH,2022,0.3305521877135108,7.042606530535828,9.912185132402593,0.0,0.0,0.09105431320181642,0.08345534415661465,0.0,0.0,0.029482754383359788,0.02702226096961156,11.982456127954752,568.8968426669743,4.577373211963589,4.577373211963589,0.6350607798650044,0.7677077770368264,0.6350607798650044,116160000000.0,3.6644987136006297,110654688847.0,0.7313228752878106,3.0418545250767925,3.4908227008755977,1538.0,0
GMH,2023,1.2228700751941868,12.51899467786535,18.63056440583223,0.0,0.0,0.04741296388223031,0.045266733864448676,0.0,0.0,0.018114379113374716,0.017294400334929856,22.09127795688777,69.67773244415443,8.855421686746988,8.855421686746988,0.6438335490713636,1.0678988271415917,0.6438335490713636,121275000000.0,6.879899383449967,110353680754.0,0.9717300865632178,4.910987677372272,6.2603357673129585,830.0,0
GMH,2024,0.9514628834332254,17.61138768469685,23.55007761947867,0.0,0.0,0.0380054941297527,0.03661396239681362,0.0,0.0,0.008449515464835376,0.008140145223334599,27.311985224713798,92.7483756952477,17.950138504155127,17.950138504155127,0.6012835917265669,1.2142121125514764,0.6012835917265669,106920000000.0,12.70508778294147,100489898447.0,1.141190159777546,7.484966840213724,11.941011794500643,361.0,0
GMX,2018,0.215640052271818,0.5133411827156446,1.2836040679980587,0.0,0.0,0.6190293936301832,0.3823459883221744,0.20590565542912126,0.12717845410294878,0.16190704729830455,0.10000253728270925,2.6154321754184973,1.5074341709032457,2.6344086021505375,2.6344086021505375,0.5089888782383526,0.17344117179013976,0.6216494215087942,41714240960.0,1.5996347577824392,47649276537.0,0.19811810468886196,1.8272282361522914,1.8272282361522914,2976.0,0
GMX,2019,0.3576076177385932,0.4542371735447166,1.1299357946048878,0.0,0.0,0.5225099480510692,0.3431898416952365,0.08893329928810012,0.058412294383981954,0.17217241160096178,0.11308458891934062,2.913839159866602,4.735344032061597,2.5466551823140966,2.5466551823140966,0.5449761865335928,0.17409323448333963,0.6439902907778795,47194555780.0,1.4498441305382352,38714731760.0,0.14281250798655734,0.9308500291724301,1.1893390176030638,3483.0,0
GMX,2020,0.6716221594531914,0.8294603977739778,1.2299359860414472,0.02135577491945043,0.014014102844151393,0.5238774224040312,0.34377924018165135,0.04315645353390803,0.02832016072908639,0.15654303039754341,0.10272678635174279,2.908843476038881,10.367385809716284,2.914634146341464,2.914634146341464,0.5431396578309124,0.19214271786566461,0.6214783650954474,50865834640.0,1.4510855371082454,25299687157.0,0.09556808977777603,0.5735253761533666,0.7217420177357365,3280.0,0
GMX,2021,0.3456860775411017,0.6016621389350252,0.9944599388356002,0.05018659268464244,0.03396070428354675,0.477784213943902,0.323311217859605,0.07674902319005429,0.05193520303294277,0.07247847377143289,0.04904537014778549,3.0929950609825148,4.348637448444753,5.075872534142641,5.075872534142641,1.13813224383703,0.5652624003133125,1.2551742844623672,120964525860.0,4.128575807388502,118745443051.0,0.5548927149349637,3.0156826987832885,4.052837473900282,2636.0,0
GMX,2022,0.3508712653437677,0.4751715875842226,1.0136122531078133,0.023228893627109757,0.014175367551738281,0.6386801641881426,0.3897527889492495,0.01158834693307498,0.007071756396597525,0.19179491771458212,0.11704231362903193,2.5657289142072366,36.21005531984598,4.781073446327683,,1.0649711483461335,0.4268293170718456,1.1486416841184846,122411037380.0,2.169823046041991,101591755203.0,0.3542355364477233,1.5086904322146397,1.8007864032965175,2832.0,0
GMX,2023,0.15904793497299052,0.3451093205951747,1.2306012230896475,0.011217808004346528,0.007974621685724236,0.4066884231546784,0.2891105211789741,0.09724730083465588,0.06913208300710003,0.09554639564882163,0.06792292740601834,3.458884844183685,3.2283836376012682,7.540421362077414,,1.1665206284072858,0.7195314503641053,1.2412963238374244,139136326830.0,4.608842861537923,144571233694.0,0.7476375999768213,3.6254549831380904,4.788872277823109,2041.0,0
GMX,2024,0.13871269108758275,0.28795555580529286,1.3289825795477013,0.0,0.0,0.36762960864176647,0.2688078748213636,0.052986261342197936,0.038743137036072336,0.1545976935702441,0.1130406161093424,3.720129109552875,4.324862727621461,11.706608569353667,11.706608569353667,1.2428456865273778,0.8842440847469494,1.3057514653754072,145736035640.00003,6.771816999630691,145969543490.00003,0.8856608787073293,4.725813859542269,6.782667249681978,1377.0,0
GSP,2018,0.15767192066846894,2.4446495953831784,2.5984955727522205,0.3126079924569202,0.18266262608430756,0.7113954789669816,0.41568152289170957,0.054366607383812215,0.03176741323205349,0.2408921059315664,0.14075770848534186,2.4056878762458562,3.3420787961250724,2.982107355864811,,0.445975205150012,0.11611086419794997,0.44599010222269775,180000000000.0,2.250143134895645,303212375975.0,0.19559028338872764,3.790395812308575,3.790395812308575,2012.0,0
GSP,2019,0.260869910210635,1.7162153220946186,1.8003091445441826,0.524340377979413,0.2627154254191166,0.9958492240907417,0.4989601479262169,0.12688408118370714,0.06357398126680251,0.24654819654314017,0.12353047192503296,2.0041680766614527,1.514146846508543,4.35354273192111,,0.47448330798810046,0.15425097893007358,0.47448330798810046,214560000000.0,3.299197417045352,455812656253.0,0.3276917805543549,4.604244867427656,7.008836400850478,1369.0,0
GSP,2020,0.3401267633516651,1.6450633176573586,1.7040792168919028,0.3883280308512625,0.20439281667703935,0.8999103645841859,0.4736593795998056,0.12396997050915276,0.06525043118878128,0.21357526249050438,0.11241333616138645,2.1112217831406594,1.8405734429355798,4.3677419354838705,,0.5278403879562076,0.15751973782572945,0.5278403879562076,243720000000.0,3.515950360721495,401458389227.0,0.2594683252050578,3.27722263934186,5.791513902910475,1550.0,0
GSP,2021,0.42404370718971574,1.5808653518376412,1.6475044004275001,0.47085554818570374,0.238391726214335,0.9751337668588526,0.49370517745218506,0.13603923959057765,0.06887596266805118,0.23829153847614615,0.12064577218742621,2.0255003302995522,1.3227560582844737,8.002783576896311,,0.9758551620926234,0.3932898550437369,0.9758551620926234,641693617500.0,9.481133885608745,901191924876.0,0.5523346840847584,6.902866200052873,13.315266138483628,1437.0,0
GSP,2022,0.2720172912786684,1.4578482966494217,1.5390429366587566,0.5575615642328741,0.27462237838038217,1.0302845220449952,0.5074581965522968,0.16848419342160162,0.08298550848030731,0.18184444452425264,0.0895659906529212,1.9706056711549116,1.230157961444238,4.865844815083394,,0.5088331575923357,0.20295732930668728,0.5088331575923357,374414275950.0,4.07816741150569,819035161116.0,0.4439712895204195,4.423177626577581,8.92103404568536,1379.0,0
GSP,2023,0.39507887347844656,1.3152386487712124,1.417876977150622,0.38974634259435204,0.19443018540702747,1.0045567604559056,0.5011366005058567,0.11671526361637782,0.05822497318052133,0.35747511047538805,0.1783312488462965,1.9954639094222635,1.619399986782463,6.697377746279234,,0.694705527866885,0.2987278092882422,0.694883538780347,527304755250.0,6.439043629252982,729525915855.0,0.4132898034629713,3.6296606678671024,8.908414259670351,1411.0,0
GSP,2024,0.2903704934786437,1.3174289724280626,1.4085838109858615,0.44663233570482536,0.2250772227483769,0.9843515494419175,0.4960570367275689,0.13234957948318843,0.06669663927261812,0.22191986268774663,0.11183495321187406,2.015897217378237,1.6824440032570562,8.281353682813538,,0.8982117174060301,0.3409043112697214,0.8983463163181983,766013227200.0,7.103662401741871,1130590740255.0,0.503154833296272,4.766752113920781,10.484590406700686,1507.0,0
GTA,2018,0.07143964537613116,0.8663911471883399,1.2410872510451918,0.0,0.0,2.961139285703406,0.7475473776927732,1.7600434031076366,0.4443275724890583,0.33825705195524525,0.08539387978001352,1.3377078561714648,0.07050404493360396,5.016949152542373,,0.5532127845877131,0.1591346621543358,0.5532127845877131,92352000000.0,4.249577927394215,350854943495.0,0.60456928813946,16.144592684441015,16.144592684441015,1770.0,0
GTA,2019,0.021096980972825374,1.0417932023483025,1.3278335861509925,0.0,0.0,2.269038373422195,0.6940996446752782,1.5199773982462443,0.4649616262090723,0.2167247475797754,0.06629617729231392,1.4407153319720134,0.11513967962760928,4.481461579795809,,0.5146738008528593,0.1309101073398306,0.5146738008528593,86736000000.0,3.796300115324394,334824632603.0,0.5053487432447666,10.734507979348784,14.65475455824821,1861.0,0
GTA,2020,0.13883134010254772,1.231512806250964,1.375874873777417,0.0,0.0,2.003294468429203,0.6670323171730062,1.56576992730689,0.5213507845355658,0.1956594416669759,0.06514827091507634,1.4991777373518667,0.11137181708057463,5.515021459227468,,0.6315243144739591,0.1881468554730773,0.6315243144739591,106912000000.0,4.663615693208454,324900793022.0,0.5717698906371449,10.495819477737141,14.172519802017275,1864.0,0
GTA,2021,0.06419516098880383,1.1460920585276708,1.4353433587771747,0.0,0.0,1.7945535479269736,0.6421610883993225,1.2760154336034741,0.45660797394633373,0.1409406114200777,0.05043403499089461,1.557241661111298,0.11870015133286098,9.04075235109718,,0.8959553234360413,0.2935702594131077,0.8959553234360413,149968000000.0,7.698661739516856,344268894653.0,0.6739244952999645,12.912139634863083,17.67316872513343,1595.0,0
GTA,2022,0.16408368608307605,1.3193153119398051,1.5804316461575414,0.0,0.0,1.31145110015005,0.567371336588049,0.9630964852127539,0.4166631451343416,0.08833448998374,0.03821603233484182,1.762514134065376,0.10410040543071758,10.114942528735632,10.114942528735632,0.674915223875315,0.22435499178936505,0.674915223875315,109824000000.0,6.830565276494878,231525701425.0,0.47297445769807017,13.243305387351592,14.399870854910818,1044.0,0
GTA,2023,0.034195444502144574,1.4614986670292216,1.7374024595602966,0.0,0.0,1.0770216888600532,0.51854137808795,0.876771138695021,0.4221290241683637,0.08247102451692546,0.039706385811593824,1.9284864087170102,0.13147470082868995,12.900763358778626,12.900763358778626,0.8638919306676431,0.5642059626912298,0.8638919306676431,140608000000.0,10.835882543327571,277317867227.0,1.112770214001253,14.220891294565549,21.37135750766587,1048.0,0
GTA,2024,0.014200706969359126,1.3822388335920661,1.8040736010259217,0.0,0.0,0.9854110712989369,0.4963259677272983,0.7858478206943931,0.39581114060186,0.08374682362026853,0.042181100342851385,2.0148049165733775,0.1131695773210633,11.379310344827587,11.379310344827587,0.6394496470594118,0.3938886284212577,0.6394496470594118,102960000000.0,10.623428755833324,227238929134.0,0.8693359568813777,15.277346985137404,23.446547923532503,870.0,0
GVR,2018,0.4991324819914313,1.4649176111927937,1.7827776550606136,0.20330655222038801,0.12965272398799865,0.5680854668291208,0.3622796581221212,0.06825365755400355,0.043526745829754805,0.02172842581843615,0.01385665914140123,2.760298508570716,0.601795376765644,,,0.7214881321787555,1.805887637738736,0.7237825467000089,35600000000000.0,14.89930272928291,43839708699817.0,2.2238648309850237,18.34778346859975,18.34778346859975,0.0,0
GVR,2019,0.7313255048120464,1.8052927694647796,2.165756596258927,0.17937576874886546,0.11559013209421976,0.55182596904252,0.3555978441210117,0.055084234017008585,0.03549639915550304,0.01863787911375104,0.012010289481913137,2.812165530620301,1.218988021423388,11.439114391143914,11.191335740072203,0.7352279975500966,1.878408910653179,0.7371772238810782,37200000000000.0,12.748778993760617,41948079256679.0,2.1181625231325705,9.979867598201814,14.37598902301491,831.0,0
GVR,2020,0.5018850988225523,1.823643111190864,2.012412104314274,0.1620670486385006,0.10382913615801859,0.5609014447721992,0.3593445612154316,0.07334652537745875,0.04698985039901932,0.016602100620293433,0.010636226057639643,2.7828444004207076,1.4309799239540617,29.236479321314953,29.236479321314953,2.1442465845075813,5.222502287466583,2.1492379524739866,110280000000000.0,22.960728888629987,116859189998538.0,5.5340713373128105,18.153997782637273,24.33054207201063,943.0,0
GVR,2021,0.48805485660082437,1.7759244135057792,2.095303630414378,0.12213205552145494,0.08028359413226371,0.5212579461782404,0.34264928409265744,0.05124954691882315,0.03368892635701534,0.016414625135494822,0.010790165584168183,2.918435982284397,2.3456896547732162,33.23076923076923,33.23076923076923,2.6615305161227294,5.278432543565697,2.6678208393826934,138240000000000.0,23.903192025465696,141941827929572.0,5.419779830994322,18.5056763017795,24.543278135461296,1040.0,0
GVR,2022,0.4205943870211643,1.8592317404023637,2.256827700867165,0.08587625679376137,0.058583050710516324,0.46588912240354896,0.3178201647609286,0.05263975599147893,0.03590978006929202,0.017118644004463956,0.011677993746481537,3.1464334579029063,1.959735455258438,16.406443618339527,16.406443618339527,0.9896187656642693,2.083284056846741,0.9924872757104816,52960000000000.0,11.91470924306486,56002469108378.0,2.2029654652102724,8.63889263676216,12.599190640484245,807.0,0
GVR,2023,0.5764380725233562,2.121930391476873,2.470050351393749,0.06506842613430104,0.04582608409689114,0.41989933062413504,0.29572471904720377,0.054615812510770335,0.03846456670048802,0.01694145871402552,0.01193145059557052,3.3815232058446196,1.44685070219258,42.701030927835056,42.701030927835056,1.5068063780269858,3.741913968654853,1.5151351346704565,82840000000000.0,29.63304070335425,83855815663330.0,3.787798744369398,16.653475700513855,29.99641234626302,485.0,0
GVR,2024,0.49843232727699716,2.0112686996950324,2.3865910156180483,0.05075337888489859,0.03554476379868832,0.42787216627309543,0.29965719367574,0.06977965550641274,0.0488696797617012,0.016952938896022826,0.011872868801884326,3.3371466499219204,1.6712107241466498,35.15863689776734,,2.049414654179646,4.560637713281972,2.059562151461946,119680000000000.0,25.25022402609715,120939931498073.0,4.608649838167196,16.343560572920445,25.516045822419674,851.0,0
HAD,2018,0.35519536426238646,1.0853384609359835,1.4798366368250435,0.0,0.0,0.9262491095920141,0.48085634665819355,0.0,0.0,0.046496074779758735,0.02413814212721778,2.0796231700999646,4532.683455467484,4.446469248291572,4.446469248291572,0.5193440665953232,0.24869245442181231,0.5291631971979646,39040000000.0,3.0972854163121686,14308541595.0,0.09114821538056207,1.135185379377294,1.135185379377294,2195.0,0
HAD,2019,0.2973558923758576,1.5276405607307044,2.3681278564077277,0.0,0.0,0.35240642397537203,0.26057730703428655,0.0,0.0,0.00022815640818071194,0.00016870402575436656,3.8376327216721937,,5.348931020572811,5.348931020572811,0.7044102500017441,0.33406791236856986,0.7175665632144418,53040000000.0,4.2062031383321905,45149614647.0,0.2843709937663781,2.1093001499869004,3.5804760713178814,2479.0,0
HAD,2020,0.33708173966626903,2.7555852956830025,3.7820624962751896,0.0,0.0,0.20654486603660333,0.17118705806198947,0.0,0.0,0.02240185393693344,0.018566946466335405,5.841563090814287,,15.34208059981256,15.34208059981256,0.8502617283313336,0.43540643599185846,0.8656179735102295,65480000000.00001,6.612152992132053,60118260986.00001,0.39975378365825676,3.3524928368366425,6.070726011917465,1067.0,0
HAD,2021,0.1819868989810536,2.27546636402165,3.5089335291000294,0.0,0.0,0.24800402209830985,0.19872053110961344,0.0,0.0,0.00043341881993176146,0.0003472896018420199,5.0321926698575705,,22.250423011844333,22.250423011844333,0.7307043611949644,0.41559558608123776,0.7446893789560959,52600000000.0,13.611107634513926,49351051003.0,0.3899254556143886,4.374689927672889,12.77038910795094,591.0,0
HAD,2022,0.08703068746652204,2.797550413593829,3.840654131946632,0.0,0.0,0.23750135623069346,0.1919200775295302,0.0,0.0,0.016465840107540725,0.01330571479751266,5.210502271947722,,6.666666666666666,6.666666666666666,0.6243644942480941,0.3145350957260133,0.6354949821619694,47680000000.0,3.6511231418303884,46101529184.0,0.3041222503147029,2.7185636031831675,3.5302508405509947,1788.0,0
HAD,2023,0.16152834169646957,2.5693698720634233,3.618336861717154,0.0,0.0,0.26127476756045215,0.20715134741481256,0.0,0.0,0.027113557792059678,0.021496947762225126,4.827388344221284,,14.728829686013322,14.728829686013322,0.8345750921025026,0.3717719770349585,0.8479758239125783,61920000000.0,8.278353051067896,58788793332.0,0.35297199490531694,4.760260944895153,7.859728466546546,1051.0,0
HAD,2024,0.04121819204491057,2.568222341949608,3.5714370961132724,0.0,0.0,0.28698257535458904,0.22298870307200522,0.0,0.0,0.02089391800543954,0.016234810327313758,4.484532114064497,,13.414855072463768,13.414855072463768,0.8016126216587838,0.3445417259779048,0.8145358275113598,59240000000.0,7.4820335509621305,58365831868.0,0.3394575362919804,4.428412988628645,7.371625797876278,1104.0,0
HAG,2018,0.025709333961333902,0.3936048946344863,0.49996491160215994,0.880604331378217,0.3076968623837048,1.8619217126760426,0.65058443228171,0.4134108721812843,0.14445219460413686,0.02819057714514655,0.00985022651747763,1.5370795094079184,0.11091690716321939,38.4251968503937,85.61403508771929,0.26923288853819116,0.8399916939540705,0.3345444444086267,4526043581360.0,4.810444911097983,25941849819360.0,4.814566625873826,27.571948260054224,27.571948260054224,57.0,0
HAG,2019,0.03145094084123081,0.34037123500238675,0.6125112713090615,0.931401777733951,0.32600041572577404,1.8570570244837672,0.6499894851833814,0.3193104344136603,0.11176200953544338,0.0863695311892166,0.030230244076007703,1.5384864260040612,-0.04971129347063815,31.587301587301585,31.587301587301585,0.3141081251947167,1.778569976532405,0.34370847735030324,3691322429060.0,-5.527831516978073,18134957086060.0,8.737868560342344,-72.73087314704678,-27.157472495540123,126.0,1
HAG,2020,0.006296669979829419,0.426626367996978,0.5788052869518294,0.9305135119828734,0.25039028478174474,2.716252460809193,0.7309117153514765,0.8747537117071147,0.23538597577319653,0.1469951088478818,0.03955466169159952,1.3681542914100453,-0.13088746126716147,-3.8774002954209745,-3.8774002954209745,0.4855710052781203,1.5328137882514472,0.5482797361309697,4869206721750.0,-2.407966055098927,22874905991750.0,7.20096174033629,-17.432457416014252,-11.312314364405646,-1354.0,1
HAG,2021,0.011591971252428246,0.9833172425311392,1.0440221373738565,1.2361559213304765,0.31328328373394393,2.9458087472687593,0.7465665307037023,0.5370092551381138,0.13609611857387288,0.0769229757741992,0.019494856619050364,1.3394653508742418,-0.5865416207568867,60.73059360730594,60.73059360730594,2.6395693939605422,5.881193707016486,2.710856165906983,12335323695100.0,64.60716592618549,20543440278100.0,9.794631634354632,-10.060381700664148,107.59778077563689,219.0,1
HAG,2022,0.007851163652980383,0.7475022615886221,0.872044429324725,0.8017978869381835,0.2103774472971597,2.811234983784351,0.7376178576617037,0.7701025683840421,0.2020611617128293,0.10301180575689196,0.027028458280629757,1.3557155505563065,0.2820413290697897,7.52670501232539,7.52670501232539,1.635423703702092,1.6622909336298977,1.7221777994158056,8495606394520.0,7.665071451204105,16588853292520.0,3.2458542859588873,12.269763463310438,14.967118281601193,1217.0,0
HAG,2023,0.004305953366547165,0.8073615335611959,0.9030031431399889,0.500252454218962,0.15980385646431053,2.130415406030485,0.6805535782651775,0.6781863518354156,0.21664420336321694,0.1682272934713498,0.05373960693755657,1.469392024282841,0.4216282526959831,7.357859531772575,7.357859531772575,1.8334154564365512,1.9003138928317418,1.9059550675698573,12242576900400.0,7.2423592579070695,20069754250400.0,3.1152618552478044,9.918508070565956,11.872694097151648,1794.0,0
HAG,2024,0.013459589151971558,0.6959464996423917,0.7583818029100907,0.13051688554786592,0.054627799394558786,1.3892026952282117,0.5814503298538753,0.61640011589911,0.25799406518760554,0.105870410153134,0.044312025247829165,1.7198373595407723,0.2635942624766162,12.086258776328988,12.086258776328988,1.3663946918515983,2.2034201255294628,1.4037007219789701,12742488761350.0,10.596713643185007,19558250128350.0,3.3819956807542746,11.477966481099799,16.26473288330795,997.0,0
HAH,2018,1.098740037468978,2.231997396085775,2.3732333824262923,0.13509166376136805,0.09941729386935932,0.35883465042698837,0.26407528709562367,0.06323796677548996,0.04653838254390893,0.06588244052008595,0.048484516125183896,3.786798874662938,1.9531074413408467,1.0799347471451877,0.8965330444203683,0.13249696675057462,0.15315706196549833,0.1331735018510256,161470905810.0,0.981948230094413,131045281395.0,0.12429799772422656,0.7969217827975753,0.7969217827975753,3692.0,0
HAH,2019,0.8510840139718236,2.139036614005096,2.3251088731689475,0.18886029924743905,0.12966015292012026,0.4565793344682402,0.31345998371927036,0.066625074916276,0.045740780017724955,0.07956054885644544,0.054621500507207835,3.190199872196713,2.7120234908643543,1.3884156729131176,1.3884156729131176,0.12675063442594703,0.14340971111974596,0.12719362035247656,159031768260.0,1.0378916493433714,236257836351.0,0.21304968454780815,0.8657097595627912,1.5418934098735757,2348.0,0
HAH,2020,0.6899197816115081,2.026616254425256,2.1692673936064444,0.26081242212963823,0.16633269078855595,0.5680166111253863,0.36225165415672045,0.0833405934780073,0.05315032563219638,0.06389622149068458,0.040749709561319895,2.7605118942186286,2.353951118054653,1.9714703730797365,1.9714703730797365,0.19684061577670436,0.22064803610024536,0.19722709635662897,262939027890.0,1.5489640491756254,501633162004.0,0.4209507159402879,1.581140485184708,2.955102329440229,2734.0,0
HAH,2021,0.7810657421719717,1.9961498951733259,2.0741700899571924,0.29374487242304986,0.17285020132876824,0.6994187462028753,0.4115635112097199,0.12292617978577342,0.07233424961354322,0.04146197113834443,0.02439773671497133,2.4297586466318952,2.890662511043702,3.397776703721605,3.397776703721605,0.5409106264985537,0.5261737185008956,0.5420320782556621,1028828218590.0,1.6027148214505418,1336616627593.0,0.6835859752316978,1.738711098541241,2.0821894665529563,6207.0,0
HAH,2022,0.45640432686978155,1.8301687766541372,1.9163343088653721,0.3479220526865989,0.1989185842781805,0.7490676094901343,0.42826681222945573,0.11005040001056667,0.06291946601346482,0.05141348130434995,0.029394793560517277,2.3349929797133626,4.2916584472621215,1.9327616714305156,1.9327616714305156,0.3460068264129592,0.31160816530481167,0.3464232190174735,998894271400.0,0.7685585075909098,1905543405841.0,0.5944401741042923,1.1844272126173323,1.4661427521155552,7347.0,0
HAH,2023,0.2618449087474618,1.6036686296548923,1.7073016761976243,0.3130517790991425,0.1852242945334361,0.6901226693166395,0.40832697048887817,0.12432158437733065,0.07355772846215777,0.04902769806538461,0.029008366644302678,2.4490177535976345,1.7549150781379383,7.487179487179487,7.487179487179487,0.8259662395610202,1.0023880572888633,0.8267898234971105,2618928986420.0,5.8581856619854,3760312297500.0,1.439249463515603,4.582716372102253,8.411303895610528,3315.0,0
HAH,2024,0.761831610609254,1.3759709715770785,1.4485121747379193,0.45268777924283,0.24664665497346328,0.8353696274191705,0.4551506219452028,0.134028855788484,0.07302553871775162,0.05176450170770217,0.02820385656075802,2.1970748841916197,2.293985743490613,7.434223541048467,7.434223541048467,1.1481434850969552,1.1422757746776235,1.1705882327911392,4560073359780.0,4.6510657056118125,5968441881294.0,1.4950651087557045,4.10689908454434,6.0875370108877,5055.0,0
HAP,2018,0.04439464619020958,2.7023885577023252,3.435242811888153,0.004828940073769928,0.004132566074085426,0.16850886040306456,0.14420845755926853,0.0584745444499965,0.05004202058838162,0.03036910869621873,0.02598962637368726,6.934406046115623,0.947020216237782,3.446929176642385,,0.16083653192324573,0.23718618767723765,0.1623590232692179,112922040629.99998,2.693371834671932,152268462604.0,0.31983106173979164,3.631847123894913,3.631847123894913,588.93,0
HAP,2019,0.07129752024560614,2.580068653055505,3.463469948783828,0.0008210179006635364,0.0006967374465932899,0.17837487374608318,0.15137362287692457,0.06179900193431107,0.052444263121336335,0.0391843939366253,0.03325291026620174,6.606170751512352,0.8482578916564195,6.6508849058730695,,0.19053721324596798,0.34822469904903924,0.19225412685832036,131278825560.0,4.939625295140883,165702589952.0,0.4395357306979366,4.360770163375408,6.234887471804532,354.84,0
HAP,2020,0.6116424114338364,3.8901180571968954,4.768085474497047,0.0,0.0,0.12614821058884992,0.11201741422906357,0.03305368589867362,0.029351097473564538,0.023284897180527335,0.02067658320777505,8.927183392709884,2.4526475875435825,7.0890806176842345,,0.39999451714461337,0.858077535490739,0.4032098223907514,287033364360.0,5.88101017712368,255393871138.0,0.7634922302993222,4.13771883155447,5.232750411042117,727.88,0
HAP,2021,0.1908914133807952,4.625756525846299,5.729914738990637,0.0,0.0,0.11035650157319228,0.0993883508736476,0.02041278106840815,0.01838398842127425,0.017436360045650356,0.01570338897547401,10.061541329640331,4.111784165513446,18.1858407079646,,0.9455157246729633,1.3781749410622885,0.9524636481684559,685876236930.0,12.641617872092127,685405177139.0,1.3772284105298938,9.54752743265889,12.632935609094673,678.0,0
HAP,2022,1.6389613801326421,8.429690732702511,9.66595335781375,0.0,0.0,0.06739241059024767,0.06313742717449242,0.017435319636759507,0.016334498412929607,0.010674119463547276,0.010000183023265729,15.83846610088035,0.41979945206456976,60.0,,0.34903731721422016,0.6847125804411168,0.3504092812212456,433281310800.0,-221.55476093445102,317836682113.0,0.5022759333113502,27.225347894523864,-162.52311919876334,65.0,0
HAP,2023,0.15747008871052728,9.727236656993611,10.942367424258677,0.0,0.0,0.05900905679110546,0.055721012405605216,0.012351289139928712,0.011663062804537529,0.010264930173992161,0.009692957872424473,17.946551163155206,1.9056387884514356,30.312499999999996,,0.4474547459325574,1.7973052902754227,0.44791730683169495,538824194200.0,23.261650951303107,542510352323.0,1.809600861941606,17.689901254251115,23.42078657388933,160.0,0
HAP,2024,0.13226983840720113,2.3619214492512928,2.9859888348607506,0.014125500868308083,0.012214520747490784,0.15645150229982369,0.13528583082705165,0.020577185111883927,0.01779338352794067,0.01100489891541719,0.009516092022477256,7.391757095969586,9.499045183276575,4.868995633187772,,0.3423273838284569,1.1812147130717796,0.4271925690025042,495496063120.0,4.652187383224847,528428441422.0,1.259722319250978,1.719329606274075,4.9613878113199705,916.0,0
HAR,2018,1.3203597512195493,6.156126736630972,6.156126736630972,0.10555076135432818,0.09391808128448272,0.12385985649141905,0.1102093430742312,0.0008262340365312503,0.0007351753261395708,0.0028856029491529916,0.002567582543753776,9.073640873863596,0.6216970160863174,43.392857142857146,,0.4690768295440083,2.6363575191330617,0.6184408629068849,492561486000.0,62.95638907480416,580320919950.0,3.1060760215840304,74.17329747259305,74.17329747259305,112.0,0
HAR,2019,1.9207293206593918,14.193045995581107,14.193045995581107,0.07235939583648116,0.06680263503832656,0.08318176064412015,0.0767939081568874,0.0004912322113447309,0.0004535085700230189,0.0022304986602352853,0.0020592099509771167,13.021866239142737,2.1515265780960116,59.090909090909086,,0.37663341386469534,2.421555402900153,0.4426000100243473,395265390000.0,40.06028039927147,451900422850.0,2.7685244856001208,19.37301507103816,45.80026005292379,66.0,1
HAR,2020,0.6030814629195751,1.5860085672675046,1.5860085672675046,0.16353656081612375,0.1342470187123405,0.2181764808240831,0.179100880913814,0.04082511663427061,0.03351330228166354,0.0024766351890048045,0.002033067644951894,5.583445457653639,0.2601838592489885,288.5,,0.5651348822366928,3.6684784712503684,0.6603720779876874,584790077000.0,199.3409560949487,762727370910.0,4.7847065975723275,51.845770899876584,259.9955254661169,20.0,1
HAR,2021,0.9409722814362583,2.6811477699773687,2.6811477699773687,0.13971781314563753,0.1191825706575878,0.17230071792164642,0.14697655242173327,0.018697947150361955,0.015949787340837983,0.002687437058994902,0.002292446825213429,6.803806345454399,1.1799731736261863,38.17204301075269,,1.3454775575735685,33.7062513582117,1.55152339234889,1439171420000.0,39.65194256279985,1576802363646.0,36.929649986569636,31.53638345139832,43.44393995551846,372.0,0
HAR,2022,0.3812537201393755,2.9942951161966285,2.9942951161966285,0.0014924876467319686,0.0013735095898328553,0.08662339002204701,0.07971795087191107,0.07827195823741782,0.07203227811599906,0.0010030196517836405,0.0009230609804591909,12.544226100427197,-0.9619940453909928,,,0.3439599810665761,2.4470398291900946,0.37242590479651666,354725350000.0,-7.80472143307628,403513982636.0,2.783603672941368,-4.246011716185078,-8.878176394286902,0.0,0
HAR,2023,5.555395818204955,73.753568655971,73.753568655971,0.0005788873976453052,0.00057634018280868,0.004419637763606576,0.004400190515437485,0.0008638319716157922,0.0008600309463673568,0.0008548754138017578,0.0008511137991140666,227.26288702537596,17.722518357222636,11.063829787234043,11.063829787234043,0.3951885198555382,23.07468487627578,0.4267164847139274,421616416000.0,15.252130768744415,400391841206.0,21.913083106470648,12.303733014503035,14.484323876070947,376.0,0
HAR,2024,1.2103397802349882,92.92185679267249,92.92185679267249,0.0,0.0,0.0031684802926595515,0.0031584727340468214,0.0005736907223055031,0.0005718787358013256,0.0006994325223445944,0.0006972233837934633,316.60871699808564,22.482978079451364,32.71844660194175,,0.3172667951616853,19.17180172179325,0.342333026794133,341549837000.0,30.652590271574564,338038979877.0,18.97473104763655,21.07238559636958,30.3375063416901,103.0,0
HAS,2018,0.1673717033245681,2.3294805372415524,2.3592119587553895,0.0,0.0,0.6190214126047489,0.38234294357407017,0.28972364008406787,0.1789498507113309,0.08524512295280463,0.052652251717695775,2.6154530031395047,0.16090835811565343,11.235955056179776,,0.44149057862771995,0.2660623158662518,0.44149057862771995,64000000000.0,9.368564362605287,91024751546.0,0.37841025308560844,13.324550678888377,13.324550678888377,712.0,0
HAS,2019,0.14208329456143337,2.430276202823474,2.532379658801605,0.0,0.0,0.5337111794328578,0.3479867569526459,0.15178189104502723,0.09896380301612835,0.11267194036601187,0.07346359723848148,2.8736725752356147,0.24843961512125573,9.049773755656108,,0.3321941058355949,0.2762768972325938,0.3321941058355949,48000000000.0,7.688081035463441,59012298430.0,0.33966113976675555,10.603800235045847,9.451902758724833,663.0,0
HAS,2020,0.3196207362528903,2.8211806589379473,2.951619662483952,0.0,0.0,0.41920869157450946,0.2953819928409737,0.150414012410347,0.10598442167337174,0.09667807418120535,0.06812111196553343,3.38544672402686,0.23517551997998912,19.947229551451187,,0.4273233631841491,0.3977009006649068,0.4273233631841491,60480000000.0,17.899636561996882,62891915598.0,0.41356103634037533,11.705714619450601,18.61346613578014,379.0,0
HAS,2021,0.06638870561013398,2.831136308598707,2.9581669812422002,0.0,0.0,0.43124538473654545,0.30130779063851887,0.1771749128790719,0.12379073132290666,0.09219712667866069,0.06441741413589379,3.3188653963471766,0.1351106489499318,21.972920696324948,,0.641929003000978,0.4600798451381018,0.641929003000978,90880000000.0,31.14351541649265,111929206551.0,0.5666414174341405,28.78083021880913,38.356832854058744,517.0,0
HAS,2022,0.0778332037371087,2.372427346599138,2.5219085839457125,0.05496231486298549,0.035116737868949706,0.5651315639879888,0.36107607628078336,0.11208414486109612,0.0716132416213646,0.2861469088935168,0.18282610579037095,2.7694994647675593,0.23106172297629293,75.6989247311828,,0.40033594230404573,0.3869424866587905,0.40033594230404573,56320000000.0,89.11031663377995,74252581183.0,0.5101469887035465,19.077489571667623,117.48350532834837,93.0,1
HAS,2023,0.08862977056220461,2.477550308144484,2.6694718883178954,0.052788905169555735,0.034326481561676545,0.5378478296619651,0.3497406045565572,0.09103627436673019,0.05919719273313336,0.14214663266227381,0.09243218341929131,2.8592619414835148,0.3127339914940021,168.78048780487805,,0.39792943766157485,0.47881046243263164,0.39792943766157485,55360000000.0,-350.5744443439386,69455235981.0,0.6007206224427415,15.549337773103167,-439.8343706794834,41.0,1
HAS,2024,0.11959354154728216,4.0712623652680415,5.030457243385196,0.011471119941554527,0.009408370948698846,0.21924613773237267,0.1798210639733006,0.08174505512318808,0.06704557233638028,0.03805069146739455,0.031208375642807873,5.561083767964345,-0.8447903114533515,-5.664488017429194,,0.4887637166316054,0.8998634769789717,0.4887637166316054,62400000000.0,-7.012726558938984,71159194086.0,1.0261788430969463,-6.835732229107357,-7.9971149083267,-1377.0,1
HAT,2018,0.10988304631765478,1.1791507514347757,1.1980092515088288,0.0,0.0,1.598543010064302,0.615168963481865,0.0,0.0,0.1016566348255521,0.03912062814886276,1.625569655432527,,2.6676883178120945,,1.0873127099393936,0.09897318982613176,1.0873127099393936,70673490000.0,1.8948876779157793,59256356210.0,0.08298430700927903,1.588773091869627,1.588773091869627,8483.0,0
HAT,2019,0.09225414420666914,1.1171682296588443,1.124362344501431,0.0,0.0,1.3152850670568885,0.5680877425296204,0.0,0.0,0.15801326642937294,0.06824786661377902,1.7602914569977004,,6.2314138956474725,6.2314138956474725,1.0937977759029585,0.08848931757857649,1.1003043531184,71985150000.0,3.582747101274828,63999474622.0,0.07867275173682635,2.904026879213904,3.185294914091065,3699.0,0
HAT,2020,0.2811040983415673,0.8941894319962379,0.9442953529443632,0.0,0.0,1.5342377414671506,0.6054040299229905,0.0,0.0,0.14830573924319093,0.05852084704465495,1.6517894671550228,,15.480690221857024,6.772106398274622,0.9285837243922769,0.0778633268115992,0.94173532932644,58837320000.0,6.425931486358501,31510339008.0,0.04169972092753692,2.495296484675853,3.4414089489007607,2782.0,0
HAT,2021,0.16609346262491786,0.9950670768973086,1.0398530881370083,0.0,0.0,1.4806428855557185,0.5968786938971354,0.0,0.0,0.1278487396284225,0.051538550902614735,1.675382301671397,,73.01255230125523,73.01255230125523,1.0583889935716522,0.12145659565901369,1.0691142330888925,54496350000.0,-12.654778530823938,41833689475.0,0.09323518928313203,-44.35397955088032,-9.714340050909563,239.0,0
HAT,2022,0.03438246024593595,1.2473335015234528,1.28541664866599,0.0,0.0,1.6283328068660583,0.6195306783875788,0.0,0.0,0.19947133728856586,0.0758927243793031,1.6141250706141774,,3.126865671641791,3.126865671641791,0.7888960999059246,0.048475755580374855,0.7913295927327105,52341480000.0,2.470290581397154,48626929116.0,0.045035546003885055,2.100830238355533,2.294979908812701,5360.0,0
HAT,2023,0.06926639230561564,1.2721366708695292,1.274580928042163,0.0,0.0,1.8492131233724092,0.6490259041007183,0.0,0.0,0.22976923179369507,0.08064304839426463,1.54077055119331,,6.083441138421733,6.083441138421733,1.703332048615083,0.09520215191079262,1.7105173451320337,117487260000.0,4.181707275465077,108652373131.0,0.0880430757537931,3.589309308794514,3.8672484081971863,6184.0,0
HAT,2024,0.059712963513978416,1.1794077143920614,1.1977679094389573,0.0,0.0,1.794218704349519,0.6421182069809402,0.0,0.0,0.20054119333686718,0.07177004184557996,1.5573456555635132,,9.340659340659341,9.340659340659341,1.5840855465254053,0.09049937364322108,1.5937791338305862,122109300000.0,5.571885721488409,113850553886.0,0.08437853476857857,4.566121904340403,5.195036541696252,4186.0,0
HAX,2018,0.08877542195262525,0.5942262994117082,1.027987855078686,0.0,0.0,3.0130836449133858,0.7508150618122531,2.204703512867496,0.5493789085761953,0.48853020420952803,0.12173436873879862,1.331885907544643,0.025672632378249006,1.8046181172291298,1.8046181172291298,0.3928283071792796,0.03739862023167562,0.45661826345605344,177868066920.0,6.6572919419564185,1055327862705.0,0.22189371392315013,39.499083776898594,39.499083776898594,2815.0,0
HAX,2019,0.09430483972719904,0.45147310575205724,1.0715264006666958,0.0,0.0,2.50584127629532,0.7147617586792987,2.036731795961091,0.5809537955218951,0.2375236940925999,0.06775084077496944,1.3990675744149357,-0.01774004324565158,4.100769769069279,4.100769769069279,0.46249524257216307,0.04178640545959055,0.525916911605433,215322178140.0,-7.065109170530481,1053916362423.0,0.20452782347422832,-59.116868538763626,-34.58089743215182,1429.0,1
HAX,2020,0.11747772497929744,0.5118048195416749,1.325450373075209,0.0,0.0,1.3021986050339565,0.5656326097090784,0.934008097196262,0.40570265968972985,0.07191173388087273,0.031236112177129943,1.7679320160029843,0.23797259375783833,2.238193018480493,2.238193018480493,0.523741850024433,0.05033793906877712,0.5766627283416882,280359764370.0,2.4245383792584745,698877569056.0,0.12548183069967103,5.432022757217589,6.043861152425953,3409.0,0
HAX,2021,0.15545509806332586,0.6296180727789348,1.6615203022458873,0.0,0.0,0.7988824360849104,0.44409930302260275,0.27562489450780325,0.15322007096120943,0.03655430951225347,0.02032056613538921,2.251748636383481,0.8826635191612188,4.611926880431525,4.611926880431525,1.0733243158518322,0.137272515507291,1.1405176137883317,762066352980.0,4.400107260366798,870208360938.0,0.15675234873487576,4.6228925713093565,5.024510151933811,3337.0,0
HAX,2022,0.11261241347576777,0.3655603226857504,1.1127224867226102,0.0,0.0,1.6613677506644366,0.6242533562863155,1.1885150195127125,0.44658052958520594,0.07938987364857254,0.029830478568304616,1.60191369406326,0.2573998479299363,2.407231208372978,3.0417793808235647,0.5947529792578129,0.08505542722766805,0.6500622143051565,576267552080.0,2.219106790792414,1567354841104.0,0.23133705020571338,5.1570404704139,6.035612726972352,3327.0,0
HAX,2023,0.14322779582239523,0.44750213995936033,1.2767735493555064,0.0,0.0,0.7236092007123676,0.4198220805582263,0.6009880799064823,0.34868001380944935,0.038399802217847646,0.022278717357726456,2.3819614220155514,0.05757748452664466,29.573333333333334,29.573333333333334,0.8901273462810486,0.26020393444800516,0.9480722142732725,1036111695850.0,54.60994020410025,1615434151910.0,0.4056920927080359,38.07947893836038,85.14406583075393,375.0,0
HAX,2024,0.28528251983790825,0.7136197369780676,1.4336739828311795,0.0,0.0,0.6159888985819184,0.38118386773725255,0.44921581886909245,0.2779819955838147,0.06661208016262496,0.04122062980821166,2.6234058800444653,0.27058191914786633,13.594153052450558,13.594153052450558,1.1394487758195637,0.3080959236425373,1.1871510739711189,1698621356610.0,9.543303149208711,2106470725894.0,0.3820716379167049,11.242369198865253,11.83470856168901,1163.0,0
HCC,2018,0.02126936319358013,1.107048190559996,1.1518548995691946,0.13282218417480843,0.05692426784516385,1.3333138782933454,0.5714249980240852,0.6220998697477822,0.2666164529063721,0.5224681170313934,0.2239167742890819,1.7500109436196747,0.3859469941274056,2.4432186891628813,2.4432186891628813,0.5349720484782652,0.14622986310102698,0.5349720484782652,49084952580.0,2.082554997485956,116008062242.0,0.34560170008547814,4.9219395572804885,4.9219395572804885,3082.0,0
HCC,2019,0.006788672156831344,1.0144193848679521,1.0841557447307988,0.0820324573018867,0.039447335458779084,1.0795436839481183,0.5191252736266402,0.335136380826909,0.16115861542789794,0.5901392803614373,0.28378306496597755,1.926317308756594,0.8229090951168162,3.5432667690732207,3.5432667690732207,0.5320637756610433,0.13375469529892622,0.5331714242822564,45108615120.0,2.9367126790144056,79902269448.0,0.2369237821928048,2.9431606332308466,5.201888977210679,1953.0,0
HCC,2020,0.012833798899393036,0.9539304997014282,1.0363194542619276,0.04065536031145677,0.02235168092028907,0.8188949840704414,0.4502156480952325,0.2821027755286541,0.1550956916145572,0.4508565153792049,0.247873857109798,2.2211578034455024,0.5433056433458413,534.2857142857143,534.2857142857143,0.6782364758816556,0.2629688684841025,0.6856706523116428,48759023280.0,99.53812726436806,71244362909.0,0.38423758803501795,5.704603110273673,145.4403715468532,14.0,0
HCC,2021,0.017603283598723547,1.1371353225905618,1.2198373328079986,0.013479838900960356,0.006996433815857959,0.9266728244333929,0.4809705169874466,0.43803157873606896,0.22735130385455446,0.40338069759236667,0.20936647492860921,2.079129519754119,0.3638389407713209,26.445783132530117,26.445783132530117,0.7714941146672478,0.27249475494697556,0.7785195910487887,57233185080.0,18.060106381770222,89535961525.0,0.4262925409549251,7.130434368586357,28.253346164036092,332.0,0
HCC,2022,0.029333211476453222,1.3422999875734547,1.4367137521489046,0.0,0.0,0.8481040531182983,0.4589049256654656,0.23389948579462055,0.12656185965284958,0.4962765862846165,0.26853281634616355,2.1791006024829294,1.0986418584082296,4.298356510745891,4.298356510745891,0.5399886091099553,0.156723249829097,0.5436940699344964,44326384800.0,3.330459148096516,61484494612.0,0.21738857913114187,2.694968147350141,4.619632268017182,1582.0,0
HCC,2023,0.03010209068424902,1.545134732568477,1.7574755820044434,0.0,0.0,0.6246577617178996,0.3844857522838481,0.06411826562356324,0.039465706030151926,0.47257963146345155,0.2908794963462027,2.6008766100173877,3.1354221488171943,6.3454675231977165,6.3454675231977165,0.7172866744341015,0.2481807450288209,0.7212994016596337,57950229540.0,4.79657645146519,61611249460.0,0.26385962427612053,2.9451001358890165,5.099601341547738,1401.0,0
HCC,2024,0.17334807802994787,1.6137265166305064,1.7687309828433606,0.0,0.0,0.6995373790813235,0.41160458586645204,0.0,0.0,0.6060110525387077,0.35657412422802015,2.4295161772674145,43.4866205204975,6.038421599169263,,0.8875460310571814,0.25269088373024007,0.8910873137513488,75811155180.0,4.590356898995802,65453243956.0,0.21816628461844043,2.624205980806798,3.963186542161326,1926.0,0
HCD,2018,0.11605360636484727,2.172654518866338,3.5725957050295296,0.05611579241908597,0.04267568844872178,0.314935844245689,0.23950662355420957,0.15303436410709503,0.11638162027203919,0.0810522326934502,0.06163968610951182,4.175249874764576,0.5623343769584005,2.13231273920175,,0.21780910998298772,0.12914847595050427,0.22569055467265492,73710000000.0,2.23383179372774,134324685667.0,0.23535244113992126,4.070801160296153,4.070801160296153,1280.3,0
HCD,2019,0.20176263606988518,2.1279666069192635,3.2813727853321217,0.04185273178671896,0.031389065601323714,0.33335386017205887,0.2500115461690284,0.16331094326705017,0.12248132183453249,0.09406522585791238,0.07054783330043685,3.9998152698272493,0.3944801681751182,2.1703892964092417,,0.12450351057229343,0.06000828464849115,0.1289511416541578,42660000000.0,2.1691050265831655,92805377989.0,0.13054598076124538,3.7916864547744806,4.718814155881167,727.98,0
HCD,2020,0.09161506774129093,1.8126743107301542,3.151599515696384,0.04204400900554471,0.030976973046745855,0.35726653931286734,0.2632250401558841,0.15809376855276833,0.11647952997707084,0.11688747720170947,0.08611976632156951,3.79903066747674,0.1080403461731743,27.651515151515152,,0.1155733431706425,0.07950805194522725,0.11972150848353096,39420000000.0,24.839460978933026,97833260055.0,0.1973245033593066,15.19288068988278,61.647017898984764,52.8,0
HCD,2021,0.22339635078878609,1.4753162127206514,2.617475612017268,0.0340749998449803,0.02307009387895413,0.4770204240939601,0.3229612917414977,0.2928373303097764,0.19826220784279935,0.08975552703738754,0.06076796608445394,3.0963462977489344,0.5197966987556646,4.3724928366762175,,0.5488302257743544,0.28124899480170146,0.5666714168900588,206010000000.0,3.7579422750074527,291577493885.0,0.3980674581911339,4.886553123109698,5.318826225480164,1745.0,0
HCD,2022,0.10570104287350975,0.6953613006788416,1.56007211785996,0.008928830442300922,0.004910512518969389,0.8183092717529394,0.45003855200278947,0.4117139046952065,0.22642677518676133,0.34867551452847995,0.19175809085125525,2.222031858270226,0.28056043986925844,2.7044025157232703,,0.2615003285236525,0.14596065237750255,0.26915473889523883,108668918880.0,2.327739570324757,247918874528.0,0.33299678542640787,4.88611546414097,5.310539392652546,1272.0,0
HCD,2023,0.1782001918916198,0.8904545151988227,1.760996853797936,0.0,0.0,0.7235897907320297,0.4198155469606908,0.36365307753662895,0.21098586188665056,0.29987528602130564,0.17398297880027763,2.3819984925275635,0.41562402188318115,4.3905915894511764,,0.5040721490680156,0.24935096508745316,0.5176160732287854,227666306560.0,3.5853731139395695,333673721222.0,0.36545532656190466,4.5455098595304,5.254817047696238,1403.0,0
HCD,2024,0.2841078075757033,1.0015305747133225,1.8441526821096141,0.0,0.0,0.6851903536112272,0.40659522655284575,0.3108162848925146,0.18443986712032878,0.3163704433758471,0.18773573127682028,2.4594484506817706,0.3243823057695301,8.653610771113833,8.653610771113833,0.5422783430994333,0.30059558110881857,0.5748823611463005,261298829120.0,6.920895295988724,317265344747.0,0.3649789055354574,6.097542654042762,8.403253238579813,817.0,0
HCT,2018,0.6435062309017925,4.42753502030816,4.526710650539655,0.0,0.0,0.1356894888299489,0.11947763025414969,0.0,0.0,0.037778448870421526,0.033264769324706005,8.36976761150038,110.25390606795283,25.34313725490196,,0.9893631097688725,0.3413944587191895,0.9930904336243069,41698841800.0,14.811770346421339,38018677209.0,0.31126441806798916,13.50454572324431,13.50454572324431,816.0,0
HCT,2019,1.2787670469393708,5.50437468247614,6.097373801238515,0.0,0.0,0.10167974301271257,0.09229519164494546,0.0,0.0,0.02784549636281413,0.02527549093955957,10.834800623709036,,21.469979296066253,,0.9929604527580663,0.4100603318496389,0.9965407266237941,41819824900.0,17.831739712496898,36343664829.0,0.3563643629797166,11.135841098933419,15.4967356505827,966.0,0
HCT,2020,2.3385534932357968,6.52841294871773,6.760155377150269,0.0,0.0,0.10327431022161791,0.09360710139337233,0.0,0.0,0.021839410561429892,0.01979508664263464,10.682950172739812,,34.827586206896555,,0.6464475212273975,0.28638256891848624,0.6487353880855838,26475135050.0,28.783086240269334,16584036677.0,0.17939017185854378,4.4622829068884995,18.029738355796628,377.0,0
HCT,2021,2.7880727087568276,8.793297842304135,9.123625658811337,0.0,0.0,0.07699242731146824,0.07148836459664529,0.0,0.0,0.02152432164097976,0.019985583087813938,13.988290341263825,,34.73988439306358,,0.59270340007186,0.3329723040810692,0.5947039023452959,24236947700.0,-73.62139173678666,15459007576.0,0.2123791095768806,-6.227592027744903,-46.95779628284831,346.0,0
HCT,2022,1.5772954034566962,7.769464991730148,8.017542578223969,0.0,0.0,0.09014514832042533,0.08269095951058533,0.0,0.0,0.03581899438135355,0.032857087367255164,12.093220418756772,,53.492063492063494,,0.8321554730793973,0.48110018557851514,0.834827434578575,33976087250.0,52.22242963824185,28170792369.0,0.3988974167889129,8.686044260121937,43.29948918245797,315.0,0
HCT,2023,0.22572211366840225,6.1976855174620615,6.293628187399753,0.0,0.0,0.12736172343600846,0.11297325497962749,0.026013309825211033,0.023074501541463417,0.04536352767989785,0.04023866230054136,8.851652545377492,0.5471971981168142,-11.162255466052933,,0.508792622999509,0.3455842575152114,0.5104364593398204,19558934500.0,-11.18799150062617,19453794185.0,0.3437265470303079,35.25230339925427,-11.127849730091933,-869.0,0
HCT,2024,0.8660561287139631,9.826604920728597,9.846189114489684,0.0,0.0,0.08382956446736592,0.07734570749466765,0.0,0.0,0.01992025827598465,0.01837951180615211,12.928965709815786,-2108.2479090056413,124.29906542056075,,0.6937334142157013,0.8618645283271907,0.6958380326407545,26817920500.0,-26.110259057493458,24011351428.0,0.77166803716163,-4.328398131620888,-23.377748700000637,107.0,1
HDA,2018,0.821800853613369,1.4660958638857786,1.8126856714007364,0.0434933651679984,0.02519962172794938,0.7259530971355446,0.4206099796920108,0.27023683521462044,0.15657252544296565,0.271971194960741,0.15757739617149183,2.377499460978658,0.4343704523838639,2.9828042328042326,,0.29945817140223124,0.22648298996814126,0.31102910764591185,51865000000.0,2.3747767840260603,10347861347.0,0.04518682305300912,0.4738043168066371,0.4738043168066371,1512.0,0
HDA,2019,0.40229576947264784,1.1965188564603961,1.4768403530414662,0.07420122549789361,0.04087136145414788,0.8154821091814451,0.4491821236118517,0.345945349576909,0.1905528828003086,0.25760991777669784,0.1418961478462862,2.226268472037686,0.5114009541900862,3.5079575596816976,4.911792014856082,0.3128517365209906,0.2080464418903743,0.374337066026148,60835000000.0,2.7398291469494134,84875194883.0,0.29026024985880255,2.2933880170119507,3.8225286889694274,1077.0,0
HDA,2020,0.2587976251825881,0.9194301257042647,1.2382602836003895,0.08423671736857355,0.045830351670454746,0.8380115861707008,0.4559337887072887,0.3420416976548366,0.186093330547194,0.30916665233571206,0.16820712919434175,2.193300923880428,0.42589354719003525,5.194660734149054,5.194660734149054,0.2635485541848083,0.20538675719135013,0.307687965058765,53705000000.0,4.022565264635568,101031116611.0,0.3863784268905025,3.1376719565576803,7.567344946033965,899.0,0
HDA,2021,0.4975928742988391,1.0219810016648512,1.4227272629798102,0.08535819762614319,0.048975054669506086,0.7428913189001657,0.4262407591593031,0.31712649104087565,0.1819542547500869,0.1903086324918588,0.1091913365039601,2.3460919175640362,0.7231507509412147,6.778612461334512,6.778612461334512,0.7883476108777399,0.6572026791923845,0.8943830700422506,176410000000.0,5.090999104178696,193910063473.0,0.7223978982870639,3.553707639218611,5.596031741013984,2263.0,0
HDA,2022,0.5369760898523941,1.245667986434693,1.8351989951015153,0.028878304714378446,0.019326120116438316,0.49426292191029475,0.330773731090389,0.2731640348000379,0.18280854780952452,0.12890328121812103,0.08626546193980948,3.0232146812369893,0.19603616461332007,96.49122807017544,96.49122807017544,0.4662232330713431,0.623428087352203,0.5030426481345364,151799818500.0,30.965271224080325,169712108434.0,0.6969922375863599,9.17116346890842,34.619155145230565,57.0,0
HDA,2023,0.7372162355088283,1.3303153424485434,2.14762175497399,0.012219913921542978,0.008687491774142079,0.40661012858912754,0.2890709517334201,0.2267082200201547,0.16117345909313896,0.10558233172807187,0.07506154660920446,3.4593583132565855,-0.08630777375937881,-10.123966942148762,-10.123966942148762,0.4122189464622703,0.6291863703097774,0.4406000950278905,135239838300.0,-8.937251975282615,120543274057.0,0.5608124501076144,-17.436508844397423,-7.966037431833848,-484.0,1
HDA,2024,0.684194858701397,1.4072624500992978,2.126998004714507,0.0038634448816486106,0.002645925139982435,0.4601489752178923,0.3151383749382326,0.2390188790242065,0.16369485790896005,0.13217750327058866,0.09052329968650243,3.173209229742334,0.30052944908588414,7.210626185958254,7.210626185958254,0.3057731104594833,0.3820556572293897,0.32314049946378065,104879874600.0,6.124194239397576,83043275668.0,0.30250945078665387,3.2085188790515025,4.849101435392739,527.0,0
HDC,2018,0.15718910786143298,1.2161916564776312,2.4344724787646,0.3699812654302338,0.18128023611518618,1.0409354784552811,0.5100286067069263,0.38455248584541313,0.18841971728399207,0.07133998196794507,0.0349545503623368,1.960674336399766,0.3674078158305228,1.7839310031774855,,0.24688210794109303,0.27709474095050146,0.24760741898782448,198194879310.0,1.6515850543061728,720000894142.0,1.0066277289351777,5.9998659904429195,5.9998659904429195,2203.0,0
HDC,2019,0.0657132313659141,0.7238536125520116,1.8657474042072573,0.4162466181928254,0.19560456738563134,1.1280005050812627,0.5300752995066547,0.3718410031006879,0.17473727201323588,0.06583975769129219,0.030939728413634914,1.886524425738585,0.40888747317964474,2.8953313253012047,,0.3848027449232813,0.5402248082600286,0.6957218490416625,445438943600.0,2.4983422462933174,1303805455852.0,1.5812448878033525,7.130717052645235,7.3126795447589785,2656.0,0
HDC,2020,0.017325300383140427,0.289064102424504,1.2192894467689646,0.40239698369544136,0.13792135624882884,1.9175828503996337,0.6572505216559572,0.48587982227413395,0.16653505562235565,0.10107201443319475,0.03464238022215906,1.5214898536413146,0.5046835540633513,3.6894510226049517,,0.7984425958398828,1.0869629520619049,1.4571496733848919,911932125270.0,3.148904005043425,1896538991991.0,2.260549403087097,6.340604599950304,6.548754081706813,3716.0,0
HDC,2021,0.041990019509612495,0.552279458913157,1.8176121810592525,0.5536323464997023,0.2175280927316362,1.5451073447452002,0.607089264008975,0.35161067966113824,0.13815161092796233,0.11292725501637031,0.04437033088192823,1.6472042239660103,0.7054732167983042,11.827465735017467,,2.5644121564907847,2.814069530583697,2.5663325373195613,3805529912640.0,9.831015704545358,5087198814556.0,3.7618233225585995,12.795118488580933,13.142015063902006,3721.0,0
HDC,2022,0.007268359054568355,0.7426795757597963,1.430023767044743,0.5196261206494956,0.2190184107698921,1.3725225601944115,0.5785076960793759,0.3872847851658211,0.16323755637294587,0.07356206053383445,0.03100584237555429,1.7285854739308288,0.6862863084174335,3.8939288206559657,,0.9708025682731019,1.3939224930823375,0.9713481798015221,1809354500820.0,3.365042553058388,3488087122061.0,2.6872141943815593,6.320784867969896,6.487154169727804,4299.0,0
HDC,2023,0.006265889019587227,0.4640904013400874,1.0158867236832643,0.3646323206175769,0.14806165418369266,1.4627059762900927,0.5939425941920865,0.5288248292284758,0.2147332382833278,0.1338910238749947,0.05436744181564577,1.6836643974999894,0.1625698566506329,21.91844300278035,,1.6746376407325505,4.8015553203296495,1.6753712376344736,3195230435650.0,19.607344474760108,4887043696791.0,7.343886813671007,27.50979641810505,29.989057489274117,1079.0,0
HDC,2024,0.004805987696480802,0.44814884830728047,1.0833614526149136,0.18576647836265966,0.0865386719963853,1.1466296405660013,0.5341534556765319,0.5174221532368775,0.24103932204180734,0.09348326750207267,0.04354885711790691,1.8721211842268253,0.11860740358602243,51.52073732718894,,1.7552046851772278,7.301007094915021,1.7558671897121565,3988017039760.0,30.67934751747714,5575443988859.0,10.207167049218674,38.17707565026582,42.89123692127657,434.0,0
HDG,2018,0.10145891404956046,0.7610892916194362,1.7645547132601047,0.7652035682649055,0.18571298207747933,3.1203558292207227,0.7573025142857314,0.21668642882420405,0.05258925146403816,0.18034140882574906,0.043768406492178315,1.3204762708904707,1.334708854925634,1.6002909619930898,,0.3105446788680114,0.2593801274887896,0.3117164823601287,835577916800.0,0.9119253559096697,3089813229529.0,0.9591399356998668,3.3721319967663357,3.3721319967663357,5499.0,0
HDG,2019,0.06823052834400811,0.4366473402317187,1.0319384907406663,1.4136043079020861,0.33441797509897725,3.227058391474632,0.7634288653270426,0.360761841591748,0.08534583821206557,0.21653601609309597,0.05122617102470549,1.3098797352541989,1.1159204380295311,1.2570045848191542,,0.35708894962273396,0.2697477830000717,0.39521175471590864,1171384322430.0,0.838353089787176,6591032647606.0,1.5177908824019253,4.18460615512051,4.717164537037624,7852.0,0
HDG,2020,0.10860337425250306,0.602797345782354,1.038424082915245,1.4375915141281514,0.41199305331302255,2.4893586252676534,0.7134143814400005,0.2136844210970303,0.06123888199672784,0.13391824098899596,0.03837904193029849,1.4017098982242788,1.426744235594075,2.716791165962975,2.90855354659249,0.6489182691917345,0.5163510857330631,0.7202466556119574,2581021051140.0,1.670263966988451,8710918582141.0,1.7426794196948396,5.03720805826922,5.637123114782004,5752.0,0
HDG,2021,0.0536645950154411,0.6409605362454378,0.9588199150707115,1.1290988009328968,0.3829845355570671,1.9481576828959302,0.6608051171069943,0.2391298379318192,0.08111161737350683,0.05521905679851394,0.018730021504234164,1.513305472539319,1.1350787058260683,7.5383617894964345,7.866486242670275,1.2705986690086155,1.8131204274844437,1.3866774918477955,6848946635200.0,4.148688542207592,13993755922462.0,3.7045645223524732,7.3568682070420675,8.476593255901811,4434.0,0
HDG,2022,0.2112857791203861,0.7528820376805082,1.1732355791534244,0.7880528203476191,0.34162229614753536,1.3067956314165312,0.5664982253387002,0.1464347381576737,0.0634797188634143,0.027631003116182277,0.011978088886536923,1.7652305960925405,1.4630912413935473,5.561719833564494,5.561719833564494,0.7489828353138337,1.369474204625309,0.8024972651347956,4904348254900.0,3.03741340370098,10328925286083.0,2.8842153953198784,4.83689036967795,6.397020455965599,3605.0,0
HDG,2023,0.10544516763370229,0.9788750710077411,1.4402431647469471,0.6641426248655351,0.33251162161374825,0.9973516162903193,0.49933702616803155,0.08647761191024989,0.04329613834887256,0.010445173436969145,0.005229511595143655,2.002655416270875,1.321550195981619,10.657640232108317,10.657640232108317,0.9322334450223064,2.3322898068461986,0.963669317587434,6738880775640.0,7.009891480280586,11919376068732.0,4.12523091513368,8.113142269078807,12.398725476268655,2068.0,0
HDG,2024,0.15529543915365437,1.1078707940477128,1.5083249622958155,0.5766086125406424,0.3070938407471363,0.8776300141279191,0.4674137117133493,0.08554196214928636,0.04555847611384559,0.005483690958267594,0.0029205386135748045,2.139432316468435,1.3851646604377879,27.024442082890545,27.024442082890545,1.159562473945856,3.1472142007954353,1.1951585905113242,8552910782470.0,10.29361203714934,13104604076556.0,4.822100580082072,9.716192961810574,15.771672790155904,941.0,0
HEV,2018,0.7519430524315718,2.1977585091367056,3.373169615568685,0.0,0.0,0.38283883315166545,0.27684992927131435,0.0,0.0,0.3591000098980914,0.2596831975564765,3.6120652175424426,,7.327272727272727,,0.5281337481948074,0.2750715959907888,0.5281337481948074,8060000000.000001,5.141158236638704,3666687900.000001,0.12513668643338882,2.338836563060605,2.338836563060605,1100.0,0
HEV,2019,0.36530990044352984,2.5169146843014443,3.4738073276926094,0.0,0.0,0.3724927272378455,0.2713986892939612,0.0,0.0,0.317550417870884,0.23136765067597642,3.6846161733554497,168.61814433176244,6.184657162253903,6.184657162253903,0.5827120420548431,0.2325984235178845,0.5827120420548431,9110000000.0,3.703286625131447,6982627093.0,0.17828189394567165,2.838492812490381,2.838492812490381,1473.0,0
HEV,2020,0.9621818835590737,2.4375082288254637,3.288235892360853,0.0,0.0,0.4296427406366611,0.3005245495425863,0.0,0.0,0.3564623643429482,0.2493366728698984,3.3275151781178978,,8.025867937372361,8.025867937372361,0.7460564990658489,0.3433698051047909,0.7460564990658489,11790000000.0,5.968957173045666,5257089012.0,0.15310649953087174,4.902398522817167,2.6615215578894786,1469.0,0
HEV,2021,0.3887039352141741,2.1938002173761415,3.753909101662927,0.0,0.0,0.33633484719369694,0.25168455937521955,0.0,0.0,0.234174185834369,0.17523615905559506,3.973227449798251,,16.898360655737704,16.898360655737704,1.6078355545401104,0.6633159719627717,1.6078355545401104,25770000000.0,10.773830771426539,23674616141.0,0.6093811026935559,9.309336057080166,9.897800073015802,1525.0,0
HEV,2022,1.4340940949589824,4.474844351429307,8.102032416087033,0.0,0.0,0.1274475959372788,0.11304081572973514,0.0,0.0,0.04646444961739555,0.04121207033021198,8.846362205938613,,24.628571428571426,,2.151267750118083,0.8608831779104968,2.151267750118083,34480000000.0,16.588314735210524,31550577009.0,0.7877424884111884,13.836948729466624,15.17897046121778,1400.0,0
HEV,2023,1.7006539252162045,8.34536748397998,15.038078444286562,0.0,0.0,0.0659453251227766,0.06186557937686058,0.0,0.0,0.04508644122239842,0.042297142414133966,16.16407718269955,,-17.055144968732236,-17.055144968732236,2.331223325539505,1.9249787153002014,2.331223325539505,30000000000.0,-19.418043074357552,28556764063.0,1.8323720999708233,-21.2577499544829,-18.48388248798666,-1759.0,0
HEV,2024,0.6657119053152718,2.063302151429333,2.7520115144698374,0.0,0.0,0.548341155734914,0.3541475040587202,0.0,0.0,0.4937770823109191,0.3189071610491098,2.823682190441734,,108.955223880597,108.955223880597,1.675559014435747,0.8851571974584399,1.675559014435747,21900000000.0,112.25813120628882,17128866671.0,0.692316877540714,58.997280393296585,87.80157818119386,201.0,0
HGM,2018,0.7726460304555065,5.856885664471729,6.550600789855367,0.0,0.0,0.1649669676357328,0.14160656243372166,0.0,0.0,0.010476823350613841,0.00899323641070807,7.061819613536948,,7.786096256684491,,1.2791053493668145,2.453519179481001,1.412050239679069,275184000000.0,6.611429728616173,258057820452.0,2.3008234922598936,6.199964917430691,6.199964917430691,2805.0,0
HGM,2019,0.5491653805690471,4.488556266381028,6.895774315023127,0.0,0.0,0.17796359413922855,0.15107732957508893,0.0,0.0,0.02042768161569711,0.017341522027787454,6.619126792964505,109.58053868762573,50.44534412955466,,2.073543871649561,3.5187579707637098,2.2747592171260855,313992000000.0,40.14087776966825,306451503992.0,3.4342552432048485,16.274780576677024,39.17689738615593,494.0,0
HGM,2020,1.2871230387480352,4.282838508388246,6.792053011357196,0.0,0.0,0.18424989021314053,0.1555836244831565,0.006636591257248694,0.0056040463352327145,0.03251279492041477,0.027454336444619077,6.427411646450365,23.010086808108184,24.319148936170212,,1.911577199372885,3.905421965524984,2.04154628351353,288036000000.0,18.19255839880249,270305992162.0,3.665024369184751,11.740045580074845,17.072718507247128,940.0,0
HGM,2021,0.9341661368101652,4.80058674029624,6.374344769885636,0.0,0.0,0.17183492082143767,0.14663748090130657,0.0,0.0,0.017779376967575828,0.015172253917055798,6.819538864507933,31130.70304332195,2.9404557706444496,,1.560798244454451,1.9621025928937914,1.6283894209121856,302400000000.0,2.3104265007946947,283627779676.0,1.8403002708961262,2.084932575368106,2.1670011194609438,8162.0,0
HGM,2022,0.9809394557415021,5.070848655117578,7.003514745879108,0.0,0.0,0.18394234382449695,0.15536427494459465,0.0,0.0,0.033836871106160835,0.028579830160358453,6.436486124989903,,6.537924616100512,,1.9451025058288887,1.7616720763351268,2.0184973368775405,354060000000.0,5.0722355864762125,333936233513.0,1.6615436306173488,4.3867719055250305,4.783944097719226,4298.0,0
HGM,2023,0.812320605221003,4.731373822415025,5.953928008038142,0.0,0.0,0.20913552774159494,0.1729628506840876,0.0,0.0,0.03813444676364292,0.031538604142142664,5.78158833555811,,6.677338211753944,,1.8625972770633545,2.0942407505564042,1.9132336182881486,367920000000.0,5.184869979200283,344868629691.0,1.9630298377023225,4.497672577807169,4.860021213450764,4373.0,0
HGM,2024,1.5272369651372786,4.6463908489704595,4.992635124176956,0.0,0.0,0.23808114706904226,0.19229849968450052,0.0,0.0,0.026880163664072323,0.02171114852019739,5.200248580413658,,14.091982770598861,,7.447772894415719,6.899154626803844,7.532881617190943,2555784000000.0,10.915747686742394,2450602798687.0,6.615225557801389,10.266238429384316,10.466519013692885,14394.0,0
HHC,2018,0.11116610017083069,1.4859649120960694,1.8762874676331023,0.3119488570594152,0.15087994808941496,1.067530251763787,0.516331139944912,0.30274081795290897,0.14642630631142842,0.2513782383312587,0.12158382597633614,1.9367416036667693,0.39395377502360557,46.37002341920375,,4.969001512583398,1.9864644748085754,4.969001512583398,1951290000000.0,36.78789310980349,2159797610985.0,2.1987306996900173,40.71891090085283,40.71891090085283,2562.0,0
HHC,2019,0.1975933709043952,1.5981782961745596,1.7768061433055378,0.5504776169948206,0.20655844227911563,1.6649969418871693,0.6247650478383409,0.5231821903708247,0.19631624417562846,0.2830266245334839,0.1062014819172977,1.6006017037283942,0.27748921231806006,51.86972255729795,,4.9110136287538975,2.020579236904552,4.9110136287538975,2118825000000.0,41.00598894095601,2487296079234.0,2.3719650342686727,35.92605580622163,48.13707385836614,2487.0,0
HHC,2020,0.021166505359770795,1.476422547214655,1.6514491718347613,0.3661152857958614,0.14433717259336562,1.5365280420678664,0.6057603214255164,0.5857738013625057,0.23093527516650766,0.3691526603413352,0.14553462615788354,1.6508179301786092,0.0841876906744411,43.313708999158955,,3.610977208336067,1.2008387189323135,3.610977208336067,1691775000000.0,41.44632936702089,2126166864057.0,1.509174383869334,83.8433293957807,52.088375899249215,2378.0,0
HHC,2021,0.028692720605635273,1.067184517674393,1.2704076745526738,0.15743938669412025,0.0635002624525182,1.4793501729515564,0.5966685097936189,0.6265898884924869,0.2527234334739249,0.2728420923016363,0.11004580767904595,1.675972476485962,0.00935688424578946,27.961043041156145,,2.9098766632896527,1.570826930239123,2.9098766632896527,1461825000000.0,-103.83519681530166,1836687013741.0,1.9736407734200996,576.0817385355688,-130.46209878740984,3183.0,0
HHC,2022,0.02679055381099057,1.3152606135991765,1.4980196137391073,0.007522223925497145,0.00333866807907762,1.2530613248548277,0.5561594400612094,0.34701171885608323,0.15401787560240615,0.5210351134714858,0.23125651651095552,1.7980455386857097,0.17176096940015137,32.66957062850031,,3.121273257430182,1.1856655465341788,3.121273257430182,1724625000000.0,40.33611395852118,1902127010766.0,1.3076967235180361,44.62396770139501,44.48759114000935,3214.0,1
HHC,2023,0.010184660959245185,1.1485870716954525,1.2314180180964107,0.0,0.0,1.921101643173596,0.6576634016358425,0.24917182936070092,0.08530063647151667,0.13491196617517534,0.04618530357902981,1.5205346648644957,0.40981790073843144,37.27634194831014,,3.0823831941896938,2.1329475765021355,3.0864446019371847,1847812500000.0,28.611768438005015,1985470978627.0,2.291848070124963,24.6881259718291,30.74329017736103,3018.0,0
HHC,2024,0.216699545316758,2.1362510500004226,2.3354449687049033,0.0,0.0,0.4695537147948906,0.31952130096886416,0.2733394796791222,0.18600169352589666,0.029847884871765137,0.02031084986636986,3.1296817988902883,0.2975069671569337,48.47809948032665,,3.3452026613729244,2.7777301063273767,3.347499419239601,2145105000000.0,36.73761186105294,2255548721141.0,2.920745412929236,34.23396586999224,38.62909901891627,2694.0,0
HHP,2018,0.01991891324060584,0.5508647945857239,1.073054897447118,0.05129822152135181,0.02544805009609942,1.0158016558295995,0.5039194470804957,0.6706388472276079,0.3326908901419707,0.1903764893338378,0.09444207409160436,1.984444152321553,0.14630658591771992,10.383141762452107,,0.808782228687545,0.44159435876332626,0.808782228687545,108400000000.0,7.5911579134935625,202685909998.0,0.8256914617705541,14.193918354566067,14.193918354566067,1044.0,0
HHP,2019,0.03695376266337891,0.9632027603631953,1.4213380335392807,0.11150571858719802,0.061811506697934206,0.8039637689486161,0.44566514183218947,0.5189291844958863,0.28766053588666474,0.1276112022783314,0.0707393377155826,2.243837146178553,0.13465624934592535,11.162011173184357,,0.8516218438290596,0.4884176796932424,0.8516218438290596,179820000000.0,8.695934334995641,307560773864.0,0.8353804890185347,19.073458047153036,14.87336388356016,895.0,0
HHP,2020,0.04443376069231741,0.8602336413306867,1.0924950720397386,0.11320904142265167,0.052343076830217064,1.1628274124935922,0.537642257434185,0.7096790994750278,0.32812562637941434,0.2615662603903329,0.12093718568545647,1.8599728465771015,0.24826607629822117,11.146744412050536,,0.892659153675595,0.43054826595105333,0.892659153675595,206460000000.0,7.330605625064002,386018736486.0,0.8049970823339335,8.79579520959666,13.706050184366804,1029.0,0
HHP,2021,0.026461866391787815,1.2619894633356876,1.4936182510031786,0.06174920142123644,0.034003931676990444,0.8159429917635226,0.44932192005164945,0.5738119475478182,0.31598566152705615,0.13686057423856002,0.07536611824231892,2.225575818524612,0.2379820574496577,8.999230177059276,8.999230177059276,0.9122766638563602,0.44417864923578965,0.9122766638563602,351516242560.0,8.608379185110401,588723307090.0,0.7439153349285936,10.499135201718556,14.417409066603431,1299.0,0
HHP,2022,0.0054648086778658796,1.0837356671827931,1.3452990879076625,0.35521426697547037,0.1579986657478707,1.2482105484505177,0.5552018023004087,0.5777568233014887,0.25698519371314343,0.19346083650446816,0.08605103140264275,1.8011468908361357,0.22327617994702117,8.379888268156424,8.379888268156424,0.5467834190541139,0.25406637736219206,0.5467834190541139,240178575000.0,4.747648417271478,647849861005.0,0.6853103665060051,10.596249685984445,12.80615211923018,895.0,0
HHP,2023,0.014295181482220821,0.411156016952043,0.5963695828999164,0.5139047207930934,0.18919412722818085,1.7162826263274524,0.6318497971059628,0.44454607225503157,0.16365972669643722,0.6690190536464352,0.24629950033991194,1.5826546191519906,0.13455959467677345,32.575250836120404,32.575250836120404,0.7896393735435858,0.544571829366636,0.7896393735435858,604111909400.0,20.43685851372897,1324223526604.0,1.1937106637896029,26.799094466866315,44.7979396410773,299.0,0
HHP,2024,0.016620522721786633,0.8097493763014681,1.165354361244954,0.8217196328148031,0.295070928967545,1.7848207062959578,0.6409104551186411,0.8678740036331242,0.3116444809789814,0.06740455023976026,0.024204269268528204,1.56028036680239,0.04069760196843489,39.66346153846154,39.66346153846154,0.6917036943147649,0.3817614535692655,0.6925117375825744,714073329750.0,23.750046442121686,2441783356774.0,1.3054384259241865,65.17036321368285,81.21360329377613,208.0,0
HHS,2018,0.35063584225860644,8.078057037310984,10.163306666572296,0.0,0.0,0.07527465139676869,0.07000504596568684,0.0,0.0,0.023843017484434757,0.022173885949476228,14.284684571025817,,3.7868162692847127,,0.22753274483284147,0.644073934799005,0.2277786725885638,741808970100.0,3.4768462663467323,657780216028.0,0.5711161620396447,3.0830048979663838,3.0830048979663838,713.0,0
HHS,2019,0.8702808505260246,16.02904690948753,18.303333436601502,0.0,0.0,0.057009468124705594,0.05393468066643622,0.0,0.0,0.005469719216742622,0.005174711657452539,18.540945967300484,,2.821522309711286,,0.17211209761470123,1.0005149117373622,0.17228880078149975,590699735450.0,2.6510387474543973,473094617873.0,0.8013178124822294,2.0583705686120317,2.123231293201783,762.0,0
HHS,2020,0.9547618391917801,3.4704227883245444,4.360400056353563,0.0,0.0,0.054664254250997454,0.05183095381365605,0.0,0.0,0.006307911769794562,0.005980966686193722,19.293490210410273,,4.225352112676057,,0.3303885911970629,2.0419240705800275,0.33069966298663883,1236348283500.0,4.075437197911272,1093249900418.0,1.8055861092015115,3.483156162705997,3.6037347810790332,1065.0,0
HHS,2021,0.277363100294058,1.9291506743366307,2.7594884574567535,0.0,0.0,0.08199156497538676,0.07577837723462466,0.027712768756644215,0.025612740111587307,0.016433282602815395,0.015187995114536054,13.196376545565295,2.2431841671933808,13.439226519337018,,0.7934186656122578,6.057154793596882,0.7941277724714777,3127690528690.0,12.893301741940382,3156304474885.0,6.112569195939099,12.756906546354045,13.011257223448428,724.0,0
HHS,2022,0.7544332902752227,2.585318445943925,3.907903262390327,0.0,0.0,0.07835906573629228,0.07266509665107654,0.033197177919149216,0.030784901777111254,0.014374812878845572,0.013330265711663118,13.761765222742394,1.5812441290268804,4.728915662650603,,0.24227415335801744,2.6196723828862534,0.24247902570544821,1009347200420.0,4.5757596885071425,909894083460.0,2.361550515818452,3.8998276792691158,4.1249003971824205,664.0,0
HHS,2023,0.5527687560270328,4.515466432855734,6.037973348171645,0.0,0.0,0.038280294218811683,0.036868940335242774,0.0,0.0,0.010896823222558088,0.010495068897321906,27.123101204080623,200.11611149302936,7.1670190274841445,,0.5229066344122001,6.420917936155283,0.5233158672289965,2353749634140.0,6.702303834845979,2258870066228.0,6.162090951949117,6.273970102201555,6.432134194608319,946.0,0
HHS,2024,0.11605642104772132,1.8585913696644842,2.473027842695426,0.0,0.0,0.1300720224409019,0.11510064832854859,0.0,0.0,0.10249230744180388,0.09069537640656332,8.688048369159086,,7.434869739478958,,0.5633984179795708,4.779999202477027,0.5638079183451569,2730455882560.0,7.312940848206083,2657476960908.0,4.652240614791248,6.781255625664647,7.117482448524281,998.0,0
HHV,2018,0.012424069428942789,0.2961497207338919,0.5955210113530778,0.04741437404723969,0.013346343741355956,2.5526114841713574,0.7185169263637482,1.0259475985080866,0.28878688341778747,0.5137282188555964,0.14460579805715032,1.3917556612907842,0.13950868775032707,3.8839550029603314,3.8839550029603314,0.513254138339123,0.1319232840320269,0.5162692652948525,52070000000.0,3.3130212855152528,157805713554.0,0.39981271309892497,10.040593201081712,10.040593201081712,1689.0,0
HHV,2019,0.30217284792746457,0.7154209200516718,0.7553123572352008,2.8878219878862614,0.672151364092904,3.2963864125805893,0.7672462613996216,0.019675675355450322,0.004579586998468391,0.1571303386248473,0.036572673762476644,1.3033624929964283,2.127110401917566,1.1224489795918366,1.1224489795918366,0.303932932725469,4.448844636124491,0.30502330235039393,2122534991500.0,-27.35138604997726,21614739325792.0,45.304608638193486,26.42548439807947,-278.53160585661993,8330.0,0
HHV,2020,0.07742739999770828,0.3833064650362573,0.4036373227567372,2.8092065049436665,0.6399275680770172,3.3898819883402336,0.772203443587765,0.046199257243508395,0.010524031708874212,0.14447395515030878,0.032910669474496015,1.2949955200327266,0.4620685842764649,26.695095948827294,26.695095948827294,0.4533373434405421,2.7865875517136396,0.4547176054700031,3347648806800.0,18.767590952549835,24156304996492.0,20.10774208509864,63.64153054622133,135.42509303195334,469.0,1
HHV,2021,0.08111983044774371,0.41761154470207185,0.4294475336746675,2.719050161981092,0.6145364568864515,3.4245546891671115,0.7739885547243078,0.0307263471707023,0.006944506132093103,0.14713553666962145,0.03325431529411575,1.2920087692462026,0.706954584059083,19.681908548707753,39.363817097415506,0.6896964946874202,2.844297373892097,0.6914796972070753,5294204982000.0,16.94205323576087,26139483503124.0,14.043367141168881,47.00251965107549,83.6492962722273,503.0,1
HHV,2022,0.09910190591376372,0.26523556183317215,0.3069091990207108,2.3616581353665285,0.5547911842972268,3.256841496784276,0.7650840415938849,0.10418510194126512,0.024474743074171107,0.13072639434652472,0.03070971621688961,1.3070459526468743,0.418041062917088,7.433808553971486,7.8579117330462855,0.26827878006396555,1.0727542196518127,0.2689577320813489,2246972485000.0,6.342965063616271,22517414154889.0,10.75031012242441,35.43216733898746,63.56427248704802,929.0,1
HHV,2023,0.09419128959765673,0.34946576357480674,0.37405004451600854,2.2077412153624265,0.5241953522332233,3.2116764407711975,0.7625648565213878,0.11498562935711451,0.027301629404385002,0.12663443696161356,0.03006746570931398,1.311363868198341,0.44029101768825535,13.544554455445544,20.176991150442475,0.5159239331468016,1.6776920265222086,0.5169904422213759,4505512801680.0,10.546911570377796,24493529564637.0,9.120515479759598,33.37965216871357,57.33666770813192,678.0,1
HHV,2024,0.08397342880398004,0.33032121335465287,0.34872727263082953,1.6388528388342942,0.46038873380723394,2.5597153416019225,0.7190786610622675,0.09887840110952795,0.02777705283171077,0.08260585018102128,0.02320574603694223,1.3906684402548368,0.49246269309504914,10.585365853658537,14.389920424403183,0.4291063638507108,1.4176589504759067,0.4296861828246968,4689972478800.0,8.36067509725468,23373792794475.0,7.065300854416762,25.28294132652165,41.667768463144434,754.0,1
HID,2018,0.013003135038705886,4.338583930620557,4.477039018931471,0.0,0.0,0.13560978340395063,0.11941582873429027,0.04909798079217555,0.043234904726697644,0.06268013102719087,0.055195131235404975,8.37409923457534,0.09635173985943431,,,0.2136500174459395,0.2722084864028896,0.2136500174459395,131224885400.0,42.234924087457266,160298045656.0,0.33251687169209027,51.592163856817656,51.592163856817656,0.0,0
HID,2019,0.46992106268693823,1.18236975580686,1.2030329237973874,0.6511918392315074,0.29393190392150387,1.2154513700064749,0.5486247120842569,0.3423052936965238,0.15450815049735142,0.1822795602170618,0.08227648897413128,1.822739621408854,0.07265784152790854,9.870129870129869,,0.1873525355804492,0.46849291332749127,0.1873525355804492,133984272960.0,7.634286759005344,654852934523.0,2.2897758992007082,36.468697471539905,37.312850058284425,231.0,0
HID,2020,0.08298569167759445,2.2586533122929495,2.2875888241498847,1.022904994692026,0.44909168681019007,1.2777197279190777,0.5609644208009741,0.09197391411565801,0.04037982065496939,0.12525830552526598,0.054992852715773706,1.78264425143425,-0.7830896417726092,-1.8226906385616863,,0.2688070618620221,0.4959191662231563,0.2705440347631643,172769194080.0,-1.5876805591422003,876155642296.0,2.5149296894210895,-12.669041477000025,-8.051523811658143,-1613.0,0
HID,2021,0.0863295580559656,1.995463704724056,2.022020250369906,0.6833964665454828,0.3525759660382217,0.9382956649728013,0.48408283727238677,0.16560805104201154,0.08544003581844434,0.06792911107511847,0.035045794252484004,2.065762144418505,0.6574141691576344,10.912052117263844,,0.9994966411433815,2.545197725479298,0.9994966411433815,787451428800.0,13.660025775217456,1439001079915.0,4.651134205373495,13.607423583168798,24.96254514663807,1228.0,0
HID,2022,0.02702678437195672,3.2537025092136376,3.2750222483348224,0.521853235055111,0.3111652494069701,0.6770935573611696,0.4037303431220292,0.11800279796568375,0.07036148785363876,0.018634497443550436,0.011111185396759243,2.4769007755697614,0.23076343436726254,-24.715447154471544,,0.24413898839741222,1.017560078222556,0.24413898839741222,233365697280.0,-15.759269626678998,840975855153.0,3.666963340914744,25.582831901625024,-56.791402529830584,-123.0,0
HID,2023,0.04034462168362439,3.2349195884688293,3.2919751210497985,0.4995176036693607,0.2870603807171103,0.7401133601979746,0.4253247961464827,0.12502193659312436,0.07184700689781526,0.0174620080400957,0.010034983030133754,2.351144370279315,0.32010563535974074,,,0.2493694397112806,0.6792712846746419,0.25352328312925104,234900997920.0,-8.64307994444018,816741204436.0,2.361798596415073,15.803119363220453,-30.05163701459812,0.0,1
HID,2024,0.3056359131066909,1.6700978272935771,1.7750888856161946,0.48360325130558396,0.26516864698234444,0.823757283559181,0.4516814221855032,0.16050964416772834,0.08801041981555974,0.030606382471809378,0.01678204810898906,2.213949812594473,0.41013329371817503,,,0.21435252443949604,0.6011824947169981,0.21710286238800178,199589083200.0,8.97971459872932,727808477435.0,2.192232706946736,9.703018817600915,32.74483907194995,0.0,1
HII,2018,0.10215457280139896,0.8302783165916229,1.0229129394379597,0.361973219259445,0.0959203984722105,2.773683439860957,0.7350069193835598,1.1945486890477837,0.3165471370571023,1.139894628240735,0.3020641891156442,1.3605314094712009,0.07277198248056507,5.541095890410959,5.541095890410959,0.37270826605593527,0.046224911846588244,0.38159164959441716,225306500000.0,4.082004513657714,1017310307049.0,0.2087160346637387,18.43118270074114,18.43118270074114,1460.0,0
HII,2019,0.05092573259466514,0.8587770074893482,1.0449665241059762,0.1960265482999535,0.06286847869034565,2.1180418610965397,0.6792858965503676,0.9815901593302979,0.3148098079045983,0.813041513400322,0.2607538800375166,1.4721342001627324,0.177965102164751,3.254830917874396,3.254830917874396,0.2674724929782267,0.03241037750185576,0.2740898130727804,150111500000.0,2.3832289163987737,756083685398.0,0.16324503896599216,6.987614038283382,12.003880463907606,1656.0,0
HII,2020,0.072120151811243,0.8601247506238858,1.0806006674931659,0.046076412909080496,0.017258415148653422,1.669793982367818,0.6254392636269603,0.9483337545794531,0.35520858944268946,0.5287140458892866,0.19803552235906027,1.598876274893487,0.18205086098952666,8.330860534124628,8.330860534124628,0.6274220776643037,0.08809518570392143,0.6425974151107682,359668825000.0,6.021474699889579,862584065806.0,0.21127631359883123,8.10073766452732,14.441140759916339,1348.0,0
HII,2021,0.06795891467167375,0.9259379896617793,1.1524521927819154,0.13101114674937478,0.03824969610801304,2.4251552320680756,0.708042429540862,1.014600204277962,0.2962202106283388,0.9796059113029087,0.28600336187140696,1.4123447385045287,0.22984412430813286,7.276067983463482,7.276067983463482,0.8984126604152303,0.07058599705307164,0.9168726531300762,583411086720.0,4.518376623410925,1226129611565.0,0.14834750850415065,7.766329333015976,9.496074895172697,2177.0,0
HII,2022,0.1242144540349448,0.8312820566242924,1.2330231842796628,0.030577112246504265,0.011319330536720896,1.701318081251311,0.6298103481627837,0.753883678686096,0.2790799365385657,0.791477952976866,0.29299694784933866,1.5877795639863563,-0.12574748675732156,-4.627403846153847,-4.627403846153847,0.32084315851320677,0.02659082980975281,0.32594233175290616,283602611600.0,-2.10977368071117,793600057402.0,0.07440863800348249,-8.81852193220535,-5.903741522941651,-832.0,0
HII,2023,0.21426891811394955,1.234307936985749,1.4396029842153222,0.0,0.0,0.9645913415963661,0.490988289102694,0.6188648513695864,0.3150094568098401,0.2650919279231445,0.1349348957772251,2.036708455567343,0.1901693686665797,6.321112515802781,6.321112515802781,0.3823005007616173,0.046731025007937146,0.38760440948197933,368315080000.0,4.760731251875787,765474039651.0,0.09712169941523316,6.310283037515318,9.894289919017492,791.0,0
HII,2024,0.31846965413226114,1.2800833850921927,1.622964387352859,0.07325608500077918,0.03692763100509235,0.9837742906030745,0.49591039427373745,0.498527954105258,0.25130275982843986,0.33728774908808307,0.17002324845411035,2.016493325300236,0.12606348160672015,98.80952380952381,98.80952380952381,0.31455332249758106,0.04242195860230226,0.318751256295142,305701516400.0,12.456876166078493,579663921316.0,0.08043950570771702,8.980128393702133,23.620431363280208,42.0,0
HJS,2018,0.08491882272579268,0.6175926037134909,0.9090665824209065,0.21622918671620175,0.15094743305941336,0.4324800517216699,0.30190999951579117,0.1504343504701817,0.10501671579257078,0.02389499662591791,0.016680858206157202,3.312245376449334,0.8482952396173737,6.212264150943396,6.212264150943396,0.9167601049583856,1.5345461414424624,0.9167601049583856,276568683000.0,5.514029330477528,381755901809.0,2.1181792520373266,7.611177147116563,7.611177147116563,2120.0,0
HJS,2019,0.22530123303422242,0.3683907450299443,0.7106800061928936,0.04856677259964174,0.03608488231933957,0.3459035883736982,0.2570047300279996,0.17245781543045888,0.1281353411345352,0.06596725777621765,0.04901336050075337,3.8909789710526113,1.459246362333663,6.355859709153122,6.355859709153122,1.0138238608847918,2.041347952062188,1.0138238608847918,312058514000.0,4.798305047596598,359470788359.0,2.3514979554213506,3.946143179741778,5.527330359095789,2338.0,0
HJS,2020,0.0738132924633818,0.8381300185943881,1.0543728744901222,0.0,0.0,0.17831455112866315,0.15133017831092924,0.08377589720603977,0.07109807574369169,0.04042334999534876,0.03430607723262753,6.608067281499918,3.0810553576507806,9.846900672143391,9.846900672143391,1.7368874983826805,2.9305731279382563,1.7368874983826805,553767363000.0,9.597319420389457,576281014852.0,3.0497168470115463,5.915517921303576,9.987502595816297,2678.0,0
HJS,2021,0.34649855996748696,2.1172449883962305,2.5698785704398186,0.0,0.0,0.08500925715182138,0.07834887729434951,0.0,0.0,0.028380842976985877,0.026157235793071807,12.763424755189433,102.347329820935,10.44176706827309,10.44176706827309,1.5390719974959222,2.963132329086303,1.5390719974959222,491397660000.0,7.564723056655054,481993028080.0,2.906422313647261,4.643834002093136,7.419945330353756,2241.0,0
HJS,2022,1.741248543473956,3.5477305417330944,4.001501485336851,0.0,0.0,0.08288413258202439,0.07654016721474698,0.0,0.0,0.01530210069538402,0.014130875349422431,13.065035476004685,,11.575468233565921,11.575468233565921,2.028749441911828,3.7340248354474324,2.028749441911828,661916848000.0,9.214985089916205,614829179748.0,3.4683924932166184,5.595029773029866,8.559446313146617,2723.0,0
HJS,2023,2.1386391000088047,3.4055997612281934,3.723509039026462,0.0,0.0,0.11867243536500922,0.10608327479374054,0.0,0.0,0.037220449881455696,0.03327198266873459,9.426556655083626,,14.83391949980461,14.83391949980461,2.450957748797241,5.025424808784646,2.450957748797241,797156204000.0,11.730800260851517,714610407343.0,4.505040356779578,7.033119421163668,10.516071895071738,2559.0,0
HJS,2024,0.32529971307760347,3.42293709598573,3.7156047836916106,0.0,0.0,0.13020706337547652,0.11520637907411417,0.0,0.0,0.0356268640293485,0.031522422026761455,8.680074905892871,,14.187082405345212,14.187082405345212,2.07731836540341,4.488902699387725,2.07731836540341,668846815000.0,11.270753524314305,655209093196.0,4.397374407936603,8.006817828417821,11.040943951122197,2245.0,0
HKT,2018,0.10221512001671303,2.838978476724488,3.157015750249609,0.0,0.0,0.13203995395697576,0.1166389520930231,0.052587329046098405,0.04645359809279049,0.029050094293965927,0.02566172173731423,8.573465228000932,0.12026802102996137,136.90476190476187,,0.20659363140907894,0.8251659483303707,0.20659363140907894,14110566700.0,30.091762156262714,16780513652.0,0.9813006632202314,35.78560921128018,35.78560921128018,16.8,0
HKT,2019,0.017847976681255318,1.0364883293324414,1.4772913751988717,0.0,0.0,0.6564713409157055,0.3963070924926506,0.03513029817002815,0.02120791184386441,0.6092130761171867,0.36777761321268054,2.5232957444952735,1.1892735871560731,376.6233766233766,,0.2603085161185812,0.14726930513729353,0.2603085161185812,17791584100.0,14.36408773793113,19391859307.0,0.1605155352896344,6.182743140519693,15.656074631789778,7.7,0
HKT,2020,0.05795745762845517,1.1354702870267563,1.8122001337047093,0.0,0.0,0.42423802105917396,0.2978701697232304,0.037587021888280184,0.02639096929902739,0.321393837196845,0.2256602003630205,3.3571673220220806,0.8892497627032493,71.12253641816625,,0.737294777174783,0.2517800616556135,0.737294777174783,50920740700.0,73.29976858309885,51818525698.0,0.25621920293758477,20.777483865718498,74.5921188452147,116.7,0
HKT,2021,0.010968008229777056,1.3451587035038661,1.948302149243758,0.0,0.0,0.4952325707810466,0.33120772009558214,0.022829861864953484,0.015268435366565166,0.4617503327291999,0.3088150577725851,3.0192532943115373,1.4894030492134083,87.80487804878048,,0.636274883842086,1.4050641560957173,0.636274883842086,44172208800.0,53.49354355103424,45380043023.0,1.4434838914756476,17.393270573911565,54.9562581031415,82.0,0
HKT,2022,0.004004041902931571,1.3296541025546356,1.5504504579431817,0.0,0.0,0.8794543839462601,0.4679306885329581,0.2330869437852404,0.12401840969176996,0.6372963889220805,0.33908585085420356,2.137068639663642,0.13523969424274873,61.98347107438017,61.98347107438017,0.6557637115659958,0.19558762880252975,0.6557637115659958,46012717500.0,46.15130164390495,62120555745.0,0.2640576966152872,27.891814680648363,62.307654540823584,121.0,0
HKT,2023,0.02835702267627746,1.511420314371723,1.7580237018661782,0.0,0.0,0.7122187054573982,0.4159624603955823,0.2123400666465493,0.12401457008368873,0.48977581193909403,0.28604746016266447,2.4040630951384294,0.09367026153244748,69.33333333333334,69.33333333333334,0.45169508406724695,0.1479338507677278,0.45169508406724695,31902150800.0,54.00968123107591,45472801404.0,0.21086247943163317,29.465299973433748,76.98451191930486,75.0,0
HKT,2024,0.11571806036416186,3.178220886175621,3.4705505227093463,0.0,0.0,0.270035921997662,0.21262069625000665,0.21161577201452483,0.16662187923131389,0.02464845198883924,0.01940768096548738,4.703211012084007,-0.003132287078726292,195.2380952380952,,0.7097203309976857,0.43673862688631626,0.7097203309976857,50307237800.0,82.51698414893576,63092277675.0,0.5477310209011254,-1233.5933061648893,103.48778236495085,42.0,1
HLC,2018,0.0016887289218473402,0.4878876449524854,0.6202977776191215,8.308940448222277,0.6889540205880368,11.06022492056933,0.9170828067812857,0.533604258426935,0.04424496739831491,1.0840908403541962,0.0898897696762872,1.0904140745040585,0.14366020746340505,6.171428571428573,,0.3365151397718494,0.034846620495127385,0.3365880623474274,109793659680.0,1.6495046917014402,2993305006228.0,0.9500235613076344,44.970453356387246,44.970453356387246,700.0,0
HLC,2019,0.003429052430743815,0.06373773923559149,0.2072902083638548,7.2494079919937136,0.6543043669416747,10.079565349500307,0.9097437518119698,1.1308090371912904,0.10206258111400465,1.2425185956979974,0.11214506675156127,1.0992106271774482,0.7963564832303719,7.566666666666667,,0.3935212147290287,0.03657208624621209,0.3979435489512771,115385003460.0,1.2612483260495004,2569716691884.0,0.814489731470971,5.534956983909446,28.089013120181736,600.0,1
HLC,2020,0.0026762192515116367,0.47251485160508055,0.8608193431781475,6.9538908037095375,0.6203071308957899,10.210399586519946,0.9107971136726956,0.8712391278659396,0.07771704488692531,0.8337184597106646,0.07437009299054581,1.0979393599169447,0.9735346629240431,9.05,,0.43727114324669114,0.05070683231125373,0.4412656909611172,138004530570.0,1.0723896619915836,2604896462235.0,0.9571138538218515,5.389067800974153,20.241828475640773,600.0,1
HLC,2021,0.003838140540164381,0.3521326312301163,0.6657734432047997,4.074397231304115,0.45085910213417324,8.036963459354972,0.8893433613516706,1.4124763929823945,0.15629988981754855,0.9940063802665385,0.10999340483528827,1.1244251022239011,1.0349655347114985,4.231471339905075,,0.8595872973689275,0.09122370503329515,0.8761949922738558,294562156410.0,3.365069084292006,2169584471620.0,0.671904145108171,3.1721333538956578,24.785266784394764,2739.0,1
HLC,2022,0.0033078335402489155,0.5933868538965541,0.6452717117397286,2.2163211296700225,0.28868778174441184,6.6772252579509255,0.869744606104354,1.1167466422514043,0.1454622737680967,0.8192574079625194,0.1067126963760839,1.1497628073591268,0.8993327688946738,2.129928894634777,,0.44954916024753705,0.04464681255269543,0.45384144983653874,167486161410.0,1.7097262229403438,1403772116753.0,0.3742037553177193,2.9037079479175048,14.329936150186189,3094.0,1
HLC,2023,0.004704930036062916,0.5359369286371929,0.6320942853305853,0.7053653145027642,0.1323526362080885,4.329439100810726,0.8123629933499235,1.4039332827063717,0.2634298387034392,0.4784465139803297,0.08977427172543306,1.2309768024714198,0.9104602961926257,2.711430035879036,,0.6376158192728697,0.08579664688080413,0.6402872862611191,268892805420.0,2.25440692625427,1151227128663.0,0.3673264045991278,1.8610832754666717,9.651929543060374,3902.0,0
HLC,2024,0.014707033130994392,0.3472599330344296,0.5985825660995258,0.4395000419260124,0.11577996521195247,2.795993902066235,0.7365643818722469,1.0642740235031483,0.2803676852388627,0.6424311177054649,0.16923923859724244,1.3576545711566115,1.0508009374682603,3.337195828505214,,0.6864831084752936,0.09762473746584803,0.6887891672027279,292783092480.0,2.074721698005262,919357326542.0,0.3065478162715206,1.7880289575388923,6.51475663242778,3452.0,0
HLD,2018,0.24236182022305414,1.6974337191664555,2.0079021187567023,0.12550176139413213,0.06610146057203597,0.8986231213055115,0.47330252709005755,0.3539309052663471,0.18641451338851325,0.05596187778057461,0.02947497960632371,2.1128135658775498,0.6029408235737732,1.0381471389645778,,0.18675950574335112,0.17367808043905852,0.18680581328221255,76200000000.0,0.8305219558856476,195362805062.0,0.44527870042464757,2.1293057607270174,2.1293057607270174,3670.0,0
HLD,2019,0.9464310259090248,2.454428400373949,2.5301204049033448,0.07637646897138961,0.04794427890968898,0.5930257104347608,0.37226374097434695,0.18597740255592154,0.11674475894376213,0.05719979086881693,0.035906382737040846,2.686267530065226,1.1293821422666892,1.792776166622726,,0.2970681618862192,0.32370563023316035,0.2971110874974909,136000000000.0,1.455907086509617,32252146919.0,0.07676618782931893,0.3139978322612527,0.3452656562832457,3793.0,0
HLD,2020,0.8444797171263886,2.185236000040942,3.1784279499313186,0.048840930446859616,0.03480806530277449,0.403149816630762,0.2873177274817338,0.04071511742117105,0.029016942409568237,0.030260696980972134,0.021566262292385858,3.480467455888447,2.2849975720439835,3.2534338809587933,,0.5534850322223553,1.3272662164898619,0.5535245232935444,241600000000.0,2.8055515153507375,150086071221.0,0.8245205790452177,1.561750221636352,1.7428568069003116,3713.0,0
HLD,2021,0.8509445506411073,2.2586892043997273,4.341930530941565,0.020178173365837118,0.01567450978158034,0.2873240469407976,0.22319481068002706,0.06997351304300052,0.05435578804675162,0.014969954082820936,0.01162873801541702,4.480390905833397,0.8797084572251503,36.01436265709155,,0.8994981282637613,4.9576895251632065,0.8995273224553024,401200000000.0,18.003450217727163,350136345374.0,4.326688165103706,10.860904260578927,15.712019599595548,557.0,0
HLD,2022,0.6668622571501657,1.8471204893746722,4.812401299930074,0.1755600114093088,0.12203093819221829,0.43865165678537715,0.30490470345374,0.05945644864356508,0.041327897801486345,0.0062573128156875385,0.004349428707203043,3.279713263431896,0.5364039188029743,62.37704918032787,,0.720227132211326,8.586845932280577,0.720227132211326,304400000000.0,36.001982284756494,335510885172.0,9.464455583360854,21.631927257337527,39.68152741230393,244.0,0
HLD,2023,0.7720689787810898,1.7178905043730814,7.24546836555045,0.22754165930995304,0.16314289885976055,0.3947383606659482,0.2830196485579358,0.04944561031229327,0.03545153105897538,0.011983853344870215,0.008592187382835204,3.533323587585807,0.3920658947542453,82.54545454545453,,0.6411846084832648,20.123387287899785,0.6411846084832648,272400000000.0,92.5201746864044,338518185394.0,25.007828739649494,35.82809875241597,114.97709855792037,165.0,0
HLD,2024,0.027023559237028972,0.08738941056109835,1.8230084972886518,1.2685888586564869,0.26788396911205625,3.7355907964982937,0.7888331059475315,0.2956195788980748,0.0624250682970051,0.012095762628118092,0.0025542246253756206,1.2676952735126636,0.08735720315949509,115.53719008264464,,1.0339627854884317,15.255156464901805,1.0339627854884317,441767454780.0,98.26310688585735,1081601888043.0,37.34998098274615,96.47027379796039,240.58259788657946,121.0,0
HMC,2018,0.05556032595673924,0.6663486827455984,1.661927264047594,0.0,0.0,1.1148312441559505,0.5271490324519441,0.8985050114184596,0.42485896399599565,0.0507952078619343,0.02401856318432025,1.8969967474827185,0.30623870733524033,1.2962566844919785,,0.30327398564925023,0.03325499948604595,0.3093885720743991,127260000000.0,1.0213607073106554,479283062285.0,0.12524405146910422,3.8466202066432853,3.8466202066432853,4675.0,0
HMC,2019,0.03905147490103922,0.6107640044724018,1.4210143681653336,0.0,0.0,1.7000525455022304,0.6296368373771806,0.5236721325119494,0.19394886717456178,0.2560740638480658,0.09484040015244743,1.5882171128449325,0.11499175145580906,10.755064456721914,,0.3472311116533485,0.02728998003703168,0.35757497619581813,122640000000.0,8.52359234885279,284908342131.0,0.06339809987882243,11.576577120258092,19.801390778800755,543.0,0
HMC,2020,0.02822784752698391,0.6166817052475371,1.5555264670525721,0.0,0.0,1.3517054495736816,0.5747766795449317,0.4493793540349324,0.19108658106668763,0.22115357470042868,0.09403965736462427,1.7398061466093764,0.4995694838534247,2.4008741804558227,,0.42528797937693363,0.04447614212239956,0.43682258097567006,161490000000.0,1.9859667464043462,318253220217.0,0.08765047652041993,3.5126947936997768,3.9138046460279976,3203.0,0
HMC,2021,0.027555840712200557,0.42679365124678137,1.5059833224762684,0.0,0.0,1.6054892266246765,0.6161949204083004,0.4001586264305209,0.1535829134664713,0.5245121345031613,0.2013104215297981,1.6228631020479436,0.9034102406067789,2.135678391959799,,0.6266947784533545,0.07921808383136812,0.6396896660536183,303450000000.0,1.7235992008955245,476419610452.0,0.12437320362397193,2.576438567818674,2.7060684128061436,6766.0,0
HMC,2022,0.06945276128435118,0.5801775822987668,1.3850220629284273,0.0,0.0,1.9928056172834996,0.6658653691957191,1.2240217756897966,0.40898806411651045,0.5313209355095293,0.1775327246250617,1.501805088929423,0.021812012601577092,74.69565217391303,,0.6130267709464924,0.0687404448196627,0.6288844729324716,234506991410.0,58.841713637673664,651415090101.0,0.19094766764328508,61.45440069971397,163.4509059218945,115.0,0
HMC,2023,0.023433862663246607,0.9664818721655121,1.3717288054284378,0.0,0.0,2.170470456960572,0.684589396565875,1.314608337185036,0.4146414089110638,0.3497106879006237,0.11030245909809867,1.4607296067048776,0.059613723654621704,12.129032258064516,,0.6356874186870998,0.0822626906428456,0.6509342012263893,256619990600.0,10.337080161876647,767377004197.0,0.24599212615936958,23.30050263300055,30.911222419650194,775.0,0
HMC,2024,0.10352103907946239,0.7976744937426917,1.3479176614788726,0.0,0.0,2.338610170213981,0.7004741646923375,1.804606148545723,0.5405261640445014,0.4122939485716226,0.1234926893382097,1.4276044005694632,0.05697011461553822,12.138492871690428,,0.7950398338184916,0.07683133329221567,0.8134533521476028,325415988080.0,9.232551799870697,967471430474.0,0.22842184357325063,22.353388441082302,27.448651645690852,982.0,0
HMH,2018,4.262253882292246,9.085181266085971,9.13163767564932,0.0,0.0,0.055618722545051257,0.05268826836545387,0.003311989279155476,0.0031374862991918264,0.029746320686716746,0.028179038559490163,18.97955713905508,9.55085565250169,8.576687116564418,8.576687116564418,0.37185972845565357,0.7427015097008737,0.37185972845565357,92266930530.0,7.313615721882142,35148990710.0,0.2829313635429873,2.7861142620471364,2.7861142620471364,815.0,0
HMH,2019,3.792065329784702,7.496426891149095,7.52061406073857,0.0,0.0,0.07057545492543904,0.06592291519550512,0.0,0.0,0.04552919278013967,0.04252777566557472,15.169232080139922,102.89802482681694,8.085612366230677,8.085612366230677,0.3827985713302067,0.722673173306856,0.4231365364256947,89758959600.0,6.400114815739924,28290076193.0,0.22777090138518105,1.2314618140814013,2.017177300050062,841.0,0
HMH,2020,2.188135115909616,4.4267056376057505,4.452968249495551,0.0,0.0,0.12881436881813163,0.11411474940117944,0.0,0.0,0.04387721493162489,0.038870177545280826,8.763109109449303,1182.2414136686868,6.941944772972695,6.941944772972695,0.4520379821998001,1.06490169396823,0.49787754695035713,106918760700.0,5.864224118922838,40935925919.0,0.40771831407227555,1.7126214309901913,2.2452321981004624,1166.82,0
HMH,2021,2.328698257126114,4.224989164823429,4.257149957541049,0.0,0.0,0.1470589530619062,0.12820522665321935,0.0011410820125872991,0.0009947893345336326,0.0649037826992719,0.05658277852766044,7.799994010422734,88.05658728785785,12.43611584327087,12.43611584327087,0.8106270712604889,2.124420201912935,0.889993093184007,192717766200.0,10.528688816459905,112400861256.0,1.2390485063886099,4.705332083079469,6.140760731101233,1174.0,0
HMH,2022,1.099628685420489,3.322876571462002,3.3285355856554633,0.0,0.0,0.12475921604880437,0.11092082133549813,0.05553983230729004,0.04937930849092959,0.03493620963858264,0.03106105657112191,9.015439914345178,0.6837906078739499,79.0,79.0,0.6844649596919603,1.6178071459989938,0.7640257609810788,135562428690.0,72.3212017985425,119759870214.0,1.4292188160716646,15.89750197020155,63.89069467706328,130.0,0
HMH,2023,1.447363858505976,3.6681480212111524,3.6684985438453057,0.0,0.0,0.1046390623408398,0.09472692566121937,0.0,0.0,0.03609346627201224,0.0326744431756076,10.556660558967069,0.3495216612418675,47.233333333333334,47.233333333333334,0.9273375657702481,2.3269486658322243,1.0296842639595145,187041831990.0,128.92638445170752,157886332386.0,1.964231137975531,812.4481389683838,108.82974023669644,300.0,0
HMH,2024,0.9911491034141643,3.8677921225639,3.8688292935980946,0.0,0.0,0.13159749066215407,0.11629355115055072,0.00938833455007134,0.008296531785854138,0.038962151857950746,0.034431104857922626,8.598929090276252,11.862464317343255,8.972895863052782,9.216117216117215,0.7575183889192094,1.5392301395466277,0.8313664565246253,166054075260.0,8.20971777792577,139520176867.0,1.2932754644672884,5.656933601135739,6.897881154743769,1365.0,0
HMR,2020,0.015593085241907632,1.1345535034335101,2.3987254164912253,0.0,0.0,0.5997787864755803,0.3749135765182467,0.0,0.0,0.21200192261523898,0.13251952357881516,2.667281375315388,96.69662213073593,,,,,,,,,,,,2192.0,0
HMR,2021,0.022506270909353164,4.813371558398051,6.128897897901983,0.0,0.0,0.21375513162771353,0.17611058940781238,0.0,0.0,0.0633080970613799,0.05215887077361329,5.678250259468153,777.413913490459,,,,,,,,,,,,1665.0,0
HMR,2022,0.021297460781351023,4.10871995283732,5.9980227733590565,0.0,0.0,0.1757730599687808,0.14949573685031353,0.0,0.0,0.07819314002972172,0.06650359894433873,6.689153958960554,875.1027266216867,4.965652600588813,,0.3663859367493925,0.5491666094402796,0.3663859367493925,28398966640.0,4.831020349927286,28110506201.0,0.5435884895300939,3.4561855870704825,4.78194961194504,1019.0,0
HMR,2023,0.43585982036098475,2.7040990359370665,4.064236097465026,0.0,0.0,0.29649818348391627,0.2286915533403788,0.11895438309317609,0.09175052044695114,0.06356250455722565,0.04902629665582881,4.372701944577835,1.0424500616142447,6.854700854700854,,0.5819946745210087,0.6650856650226508,0.5819946745210087,45011800880.0,5.5415408123907905,44550752633.0,0.6582733052865671,4.641910507790025,5.484779749130001,1170.0,0
HMR,2024,0.00980488778958378,4.43235148833483,6.6937074363270295,0.0,0.0,0.17660465887044044,0.150096854996294,0.006442269387661665,0.005475305013534749,0.0405878129051791,0.03449570983693372,6.662364777894186,16.7222424590376,10.511627906976745,,0.8171454014683378,1.1966985490454416,0.8171454014683378,63420617200.0,6.934364924118395,63800458087.0,1.2038658561201674,6.231971523567312,6.9758964550281695,1075.0,0
HNA,2018,0.2407804129154929,0.5533234400636682,0.5840677257744937,0.6570815553209515,0.344194874228983,0.9090393393941536,0.47617632629961587,0.18628213515221226,0.09757899238018329,0.03307007797728657,0.017322889735620416,2.100062402872981,0.3291734608523571,10.3239289446186,10.3239289446186,0.9040849368274322,2.547846998228839,0.9040849368274322,2229512998202.672,10.110536933559711,4159744841251.672,4.753680923019912,18.863874705177356,18.863874705177356,957.0,0
HNA,2019,0.20333727410859012,0.28206115896665634,0.3213891708258379,0.46057237291591896,0.27169378964556906,0.695189181603107,0.41009533870767173,0.17929008330252502,0.10576405586364934,0.03288155525466103,0.019396982715265788,2.4384573673801984,0.5540187010696566,36.37288135593221,,0.9561353236199774,3.6578554660220477,0.9561353236199774,2421323326995.412,31.03981013352776,3921004119510.412,5.92339989911364,11.28140234379633,50.264754832807995,295.0,0
HNA,2020,0.11662708439322415,0.4153341213146019,0.4536009362801777,0.3095979635027047,0.19991613299630676,0.5486392161678325,0.3542718087208597,0.18621980812358527,0.12024737987999128,0.02996847358872514,0.01935148824584417,2.8226914346095398,0.49393307304122136,65.1388888888889,,0.831090276694491,3.651923035432813,0.831090276694491,2206478133030.4717,62.370544814955565,3448862931070.4717,5.7081834600953405,11.112990489346423,97.48905134515522,144.0,1
HNA,2021,0.2798570322778223,0.5070982099345644,0.5479644660963507,0.17736943467726204,0.12699715951695797,0.39664095915135683,0.2839963675362696,0.1876702864670504,0.13437260681591695,0.011913320271438257,0.008529980589053587,3.5211717976367725,0.6795469686454171,22.490494296577946,,1.0002995868636344,4.026566745762182,1.0002995868636344,2782797048374.252,19.847644108786604,3627715542470.252,5.249121122551528,8.54517983245618,25.873826140834673,526.0,0
HNA,2022,0.6723756212314239,1.7800161506562613,1.8383789892363598,0.06466794192278562,0.055102254503843096,0.1735988391958693,0.14792008427242173,0.08834191018479735,0.07527436738547542,0.002595014237226986,0.002211159512568236,6.760407181477251,2.4585154768913284,5.790322580645161,,1.0060283239480867,2.8733891402474736,1.0060283239480867,3377934540545.584,5.495839782835688,3646050599840.584,3.101458027864156,4.055006103058113,5.932059871592233,2480.0,0
HNA,2023,0.5663341593262713,2.7213728530107884,2.8461883293308894,0.02802534004665444,0.025976258112399116,0.07888287548533587,0.07311532815816581,0.02745380711704871,0.025446513000494705,0.007327765326961868,0.006791993360415022,13.677022659828083,4.3775514369365816,16.99502487562189,,1.2450798885659644,5.365944633114187,1.2450798885659644,4017766152682.3516,16.113352369646748,4104127734286.3516,5.481285209868723,7.689853691910794,16.45970766826367,1005.0,0
HNA,2024,1.14118498999449,1.6509806899127617,1.7080870627455278,0.1237691790433411,0.10009076334824679,0.2365694386075342,0.1913110830831533,0.030173195817554253,0.024400729045617877,0.06101329439593687,0.0493407749625789,5.227088697027293,5.337113746574696,20.92414995640802,,1.7408480479818462,7.155843515943214,1.7408480479818462,5645573048265.6,19.881392896910167,5727875988180.6,7.260163653845734,9.960784481465563,20.171230096966163,1147.0,0
HOM,2018,0.1839240822663752,0.5080341055585447,0.8735278692099302,0.0,0.0,0.7880620643066751,0.44073529663090744,0.3049774773229939,0.17056313838929835,0.355385403205653,0.19875451210551487,2.2689355893304985,0.06402601574520878,12.363636363636362,,0.26040253508664923,0.1411458939043206,0.2605543975923944,244800000000.0,12.471098116128609,402344076484.0,0.23198208469135018,20.49702799948986,20.49702799948986,275.0,0
HOM,2019,0.0748192310648891,0.4959623203824762,1.0095939015417945,0.0,0.0,0.605051888136069,0.3769671825617487,0.2387895551876834,0.14877372934340918,0.24201401806632727,0.15078267553541574,2.652750812960213,0.6179620211504508,11.824324324324325,11.824324324324325,0.2643542265046132,0.15247690970527733,0.2645810077620567,252000000000.0,11.366785461941385,439776075238.0,0.26609403537541976,2.8465904235354214,19.83666785128944,296.0,1
HOM,2020,0.09309650221662319,0.6019838111408242,1.2062542175826072,0.0,0.0,0.5455176691930773,0.352967604361259,0.2118389052527593,0.13706663435518113,0.22524042058639196,0.14573784892669078,2.83312119198483,0.5003780507277464,225.0,225.0,0.2839460375971038,0.15936882265988248,0.28424189578400233,269168871600.0,-530.0088804869484,424551283361.0,0.2513672468357768,3.924445162776364,-835.9657231756246,16.0,1
HOM,2021,0.39168899684854114,0.953109066846459,1.3899904967816725,0.0,0.0,0.49792927717255936,0.3324117398335613,0.1721285133809324,0.11491097477301224,0.20735464162430425,0.13842752443940468,3.0083173371093945,0.6463352933845621,269.6969696969697,,0.6997316381512408,0.36187123663456544,0.7016752499286826,665445265900.0,-3375.716197185556,649342888373.0,0.3531147128946734,5.7857751222457505,-3294.0309566157343,33.0,1
HOM,2022,0.26737362149236793,0.9074234152029806,1.3510973227642606,0.0,0.0,0.564925069896991,0.36099176935939586,0.14863074335733176,0.0949762683315663,0.2814149748895213,0.17982648517992303,2.7701462606046867,0.6950760185319902,36.0,,0.3460548671768911,0.16281107054038252,0.34681730061192856,336461089500.0,13.041796258037314,336186344991.0,0.1626781236736234,3.1273094982991707,13.03114669997187,125.0,0
HOM,2023,0.37578812205077583,0.8701576563313819,1.31013193593309,0.0,0.0,0.5664200266987245,0.3616016247522518,0.19078501413890542,0.12179684304789587,0.2171442955287372,0.1386245654598627,2.7654742997494584,-0.35257579309829934,-11.085450346420323,,0.3862900478190371,0.20647744624423361,0.38690385182856185,358891828800.0,-10.641590705030506,341914097633.0,0.19670982744359267,-5.06253926823901,-10.138179783741641,-433.0,0
HOM,2024,0.5590055711281483,1.113568640381816,1.356841639307433,0.0,0.0,0.4426108074111861,0.30681234684874303,0.1105663121624877,0.07664320244550413,0.1882708272606497,0.13050701290565545,3.2593212439817325,-0.385583673337836,-3.814432989690722,,0.32197583357449017,0.16179889120871122,0.32224280271417727,276645784700.0,-3.769672867157637,165233384015.0,0.09663829995921201,-4.349107773646258,-2.251528267981536,-970.0,1
HPG,2018,0.11113273201923975,0.49450045126264747,1.1180667099062267,0.3153635329333473,0.16377530551965425,0.9255865951994902,0.480677730883144,0.2829611694466204,0.1469480365889781,0.21433483722814228,0.11130885402011083,2.0803959404624606,0.8369291054273593,1.8157047312360663,,0.3832375439939144,0.27881853503129,0.3861408175979624,15568239526780.0,1.5456812704359608,37358336764622.0,0.6690670907265958,3.709095131301508,3.709095131301508,4037.0,0
HPG,2019,0.16842821196847763,0.4085729761172327,1.1279540973522568,0.41522276562959076,0.1949584710687148,1.1298010974000814,0.5304725867496579,0.35235067435498013,0.16543830068690746,0.15709829188521998,0.07376195461491454,1.885111549547277,0.6451481793730539,2.6522377109317685,,0.417743692847982,0.31358989335034765,0.42065349827538956,19962565851450.0,2.2104540868174176,52097418289353.0,0.818392984487011,4.543208455472552,5.768744961308275,2726.0,0
HPG,2020,0.2635121115570688,0.5860569221971444,1.0918137717140368,0.29286237984486474,0.13187634696640596,1.2207347002072193,0.5496985750226315,0.6213880185566745,0.279811910219934,0.1843261079587108,0.08300230907433974,1.8191788107852185,0.5084988978031072,4.045761830473219,,0.8705650828854811,0.5720765016472281,0.8749523784452582,51554678174040.0,3.371282628044927,92000292099428.0,1.0208812685647985,4.640281443234421,6.016117208273816,3846.0,0
HPG,2021,0.3059023255801481,0.7081520579853011,1.2817279677185263,0.14832385129361467,0.07554534488824038,0.9633751293748241,0.4906729819286144,0.4819050632873585,0.24544726887765264,0.26138994345693245,0.1331329604547675,2.0380172473924496,0.9077957387600731,3.308679877197879,3.308679877197879,1.1682338248032513,0.7085325104604618,1.1756653800076688,106052997359260.0,2.865643282545653,140794196878186.0,0.9406359863119452,3.3516956933746367,3.80438039991102,7166.0,0
HPG,2022,0.1334381147476625,0.7377303744862539,1.290601979837949,0.11602653346137748,0.06546873627182384,0.7722433648274418,0.4357434086952459,0.4863930974055262,0.27445051117620345,0.11556363627756588,0.06520754348476175,2.294928575039878,0.32907129187130907,8.374655647382921,,0.7356740350951544,0.5000223244316615,0.7412404637749926,70707794112000.0,7.219478558178413,120283526796646.0,0.8506056427729756,7.335084993646987,12.28131005239617,1452.0,0
HPG,2023,0.17132432864390437,0.6741658085559847,1.1566550005218463,0.10112292288468637,0.055378507042492975,0.8260319442539836,0.45236445444083123,0.5346538083230136,0.2927954300062608,0.12045826299447301,0.06596722657208806,2.21060693470291,0.2404044127349157,16.902417188898834,,1.0675513094291103,0.9229118077948212,1.0705393066840108,109783154016000.0,14.349308302884145,162912155328233.0,1.3695503024427356,11.570666229485726,21.293583373925184,1117.0,0
HPG,2024,0.09156030397668659,0.5394871764230214,1.1521966897511464,0.23620622499930524,0.12063111289672028,0.9580870915245219,0.4892974861391774,0.48743066088220294,0.2489320638453832,0.12252204634248613,0.06257231707047987,2.0437464494055395,0.32844520985864034,11.313535122786979,,1.1052117394527496,0.9125318795760661,1.1076060097761598,126709716462000.0,9.550739663674323,202785199791703.0,1.4604085991434317,10.61387351192026,15.284926088817876,1751.0,0
HPX,2018,0.13074510895748329,0.6088027789407432,1.771694312764005,0.6081568602012319,0.20751209290682116,1.9307056359087071,0.6587852468881831,0.2606090356254805,0.08892364774965704,0.14512164013907208,0.04951764461123543,1.5179453467174138,0.8097451659691719,7.193277310924371,7.193277310924371,1.3283554108590223,1.7817814468768423,1.3283554108590223,3423936741600.0,6.186070752753489,5247848342109.0,2.730926275122633,9.481355408697242,9.481355408697242,2380.0,0
HPX,2019,0.17528623924893721,0.8019344534915389,1.7416445723985214,0.38181627135828095,0.16731473454677834,1.2820241886797583,0.5617925502452541,0.29034532681986813,0.12723148521394265,0.13501360459340905,0.05916396735107343,1.7800164839555876,0.6628641241284667,7.889949977262393,7.889949977262393,1.1594280146686073,1.0110721686879593,1.1594860558067654,3469935891750.0,5.52246730128746,5078636309385.0,1.4798163388308674,7.792585544585657,8.082743839848028,2199.0,0
HPX,2020,0.23579185359610375,1.1459338864034756,2.0406161747084917,0.267348587808428,0.1311988267433905,1.037736117346007,0.5092593238704419,0.4065709038602506,0.19952088025498493,0.13948006165687032,0.06844853976408499,1.9636361145042187,0.09340313593430584,76.27692307692307,76.27692307692307,1.8108045379300373,4.931319965379868,1.8109969380893276,6556820687780.0,51.1675786300575,8393947469573.0,6.313004841233507,53.91659189061249,65.5039976869289,325.0,0
HPX,2021,0.18049780390070552,0.8341632065120711,1.9142923591408796,0.6654788158164403,0.24502310233937433,1.715983960135747,0.6318093130601481,0.6650383423737091,0.24486092411991636,0.057058884184763216,0.02100854976400942,1.582756029911196,0.1861691592439352,41.62499999999999,41.62499999999999,2.871997957033677,7.14803654692842,2.872151848666148,10128813747300.0,25.520301611246005,14186491228026.0,10.011592699850029,29.592256104793613,35.743922632699984,800.0,0
HPX,2022,0.03811347816529067,0.661195261464134,1.6471981443926762,0.5750754986636768,0.21003192756237934,1.7380384750926965,0.6347750372769525,0.3845188555973818,0.14043588470186266,0.05890062206909968,0.02151197749955124,1.5753612559967443,-0.007900535092759264,-23.115577889447234,,0.4046671908016463,1.1559881520089264,0.4047323379862387,1399175472600.0,-49.78920771236826,4571029842389.0,3.7765501495404887,-347.1217429475835,-162.65862198057795,-199.0,0
HPX,2023,0.006369096768176148,0.8924073899655306,1.658692247233495,0.1775475270016276,0.0767751142561644,1.3125661058507903,0.5675799288634384,0.5096077314604393,0.22036461148986491,0.08758525357280028,0.03787362158046408,1.7618663894660083,0.068366183906587,13.031026252983294,,0.4628952437749414,0.9883865541233909,0.46295245360918674,1660760452260.0,9.074817405734274,4101342133409.0,2.440876655633759,30.23989737103714,22.410776297378096,419.0,0
HPX,2024,0.0005159940547759881,0.9378167255447013,1.6437626328916584,0.02888986277471534,0.013631580380781902,1.1193333397677716,0.5281535088248194,0.5326510530024762,0.25132953037998357,0.054424645309990825,0.025680077922972923,1.8933889168417606,0.05453849503598446,25.10752688172043,,0.3908854083987653,0.8791805095856295,0.3908854083987653,1420467273270.0,14.911222026730234,3459120759722.0,2.140979668788577,31.10770893572166,36.3117958689375,186.0,0
HQC,2018,0.01774246967478555,1.6512251248250056,2.0248748181538545,0.043458956557717705,0.028243570629409766,0.5387203384427711,0.35010932460148764,0.039553663252017444,0.025705556925338935,0.016656285905840798,0.010824764896977597,2.856250690090163,0.3334830360739616,16.404494382022474,,0.16236519500697755,1.4852687552550319,0.16240566585563607,695836000000.0,9.43920780662538,1014992229380.0,2.166510851874238,13.768650336038656,13.768650336038656,89.0,0
HQC,2019,0.015777340130364196,1.762748347601753,2.08690194547378,0.04298249335520792,0.027703416334702656,0.5515232069542969,0.35547209637744276,0.03440266599580953,0.022173478193306152,0.018787989524548524,0.012109383501539825,2.8131603301379613,0.4036913158909078,12.558139534883722,,0.11895740430539808,0.7843202938225812,0.11898320184103107,514728000000.0,6.852044777180355,815466245089.0,1.2425722419425433,10.443582453051143,10.85546390643011,86.0,0
HQC,2020,0.011269117989099945,1.133993868790485,1.3342269270594145,0.0,0.0,0.6073416910891055,0.3778547489038139,0.07450134046482493,0.04635065517049095,0.01947324666000566,0.01211518793294719,2.6465196028396574,0.04619861215169834,96.5,,0.2121169961938065,1.7094465982928893,0.21215654467498485,919838000000.0,56.73799094546446,1213767383471.0,2.2556912464948846,72.05615254690761,74.86831682674307,20.0,0
HQC,2021,0.007887299536478768,0.7724768541181612,0.9257295127263139,0.0,0.0,1.148732094324725,0.5346092690469787,0.0030206434423198348,0.0014057794595696783,0.025250517255475575,0.011751356682467655,1.8705249944181666,0.19985684325406639,977.7777777777779,,0.9662461349274274,15.034200982302519,0.9663972134867619,4194080000000.0,498.54174109878784,4177337824989.0,14.974186575329773,445.2403117224147,496.5516328796398,9.0,1
HQC,2022,0.012151196172215115,1.1056549965524494,1.3194965413591127,0.00014910351480330197,8.981796258968416e-05,0.6600634272283851,0.3976133781408679,0.0028401650401773952,0.0017108774240748672,0.030831262702316682,0.018572340186900002,2.515005920262865,0.8312254584214834,68.2051282051282,,0.29081057771226904,4.594535743190604,0.2908471906622278,1267756000000.0,54.90210210487101,1248339481314.0,4.52416740014103,52.539122406254045,54.06124022654434,39.0,0
HQC,2023,0.010742487873272357,1.1432747484351866,1.3688950607177623,0.0,0.0,0.672460444282481,0.40207853440203783,0.014099708134322826,0.008430518152177813,0.05150322846486274,0.03079488584673741,2.487076315792828,0.23317953275427636,376.3636363636364,,0.45208590017221517,6.744404871600373,0.4521293034787624,1973124000000.0,133.78108293122162,2006531680767.0,6.858596845806669,130.1666434711835,136.04617914982208,11.0,0
HQC,2024,0.013118756567225389,1.661903854794885,2.0821637456446713,0.20952238732820674,0.11186836068291416,0.8729369595581056,0.466079199891524,0.11386073576183982,0.06079261513890128,0.03304782937837013,0.017644923503547776,2.1455580944885364,0.029943381564540027,53.9655172413793,,0.33460791518565636,-27.106159748501245,0.3346258563824403,1804758000000.0,75.98577375568996,3506911232199.0,-52.671270100367714,166.867852082343,147.6515762618374,58.0,0
HRC,2018,0.29469723994135266,0.3903338739335688,0.6131959078363283,0.3646860306979447,0.23248699924469204,0.5686297809457872,0.36250094691109236,0.1568432252703643,0.09998740759326748,0.005202283031653573,0.003316450506579645,2.758613483691842,0.042687713518166644,114.84848484848484,114.84848484848484,1.7091840479920242,5.1377888059371495,1.7124714119682818,915864779040.0,230.3162743278267,1163120353093.0,6.524835179645975,292.4946481728896,292.4946481728896,264.0,0
HRC,2019,0.7249175264271293,0.7474334905825465,0.8708511853818867,0.33696447931517465,0.17056336551995002,0.9755970356703678,0.49382390136019017,0.18177316037275798,0.09200922915491111,0.0067210088521518505,0.0034020140397058502,2.025013364573073,0.03118559245270322,146.40624999999997,146.40624999999997,2.1127921187745557,7.010440972042774,2.1166976402924185,1132144192560.0,-184.7172856205299,1162034939814.0,7.195529868502676,333.26911532315995,-189.59417121002656,256.0,1
HRC,2020,0.08187924403782486,0.7795122439250644,0.8421485111655181,0.3042457473461008,0.15372540478093008,0.9791507316547531,0.49473277400963417,0.22398266859071808,0.11317110162875156,0.007420623443980702,0.0037493978226592044,2.021293216326369,0.09523809548779757,170.70707070707073,170.70707070707073,2.8503056785959897,8.123936457767698,2.8553475775694523,1531475735400.0,511.6138870230703,1785602361482.0,9.471988219082636,136.73731540827316,596.5089382214572,297.0,1
HRC,2021,0.16238398067310778,0.2836290931930956,0.5360557477420569,0.25865938609413086,0.16812145281174035,0.5385269504170501,0.35002763537620907,0.23625736724548926,0.15356075964834204,0.006114228345701256,0.003974079455705255,2.8569172800461935,0.22861174340580473,72.07934336525308,72.07934336525308,2.8883281068971107,8.607392856766191,2.8930995685776897,1591586913180.0,87.10167171768047,1839263675592.0,9.946842922557806,55.216221377054836,100.65610589470249,731.0,0
HRC,2022,0.09113392028975333,0.18698334546271064,0.3568197235222204,0.21428434781301392,0.1449015980264484,0.4788266708687458,0.32378823042693444,0.2199610823747276,0.14874027274982138,0.0014857272207374566,0.0010046662330377481,3.0884383866622924,0.13964179037760785,162.73809523809524,162.73809523809524,3.013152756623607,9.21690070010432,3.017936309696072,1651698090960.0,1282.4052591331981,1876519724161.0,10.471463310420418,99.8870151793358,1456.9604313900747,336.0,0
HRC,2023,0.10184837280560238,0.29582367355121586,0.3767773152945629,0.16360265263343102,0.11030528079465089,0.4831806007366124,0.3257732743380299,0.2658757026316975,0.1792605044184451,0.00876935217435953,0.005912531602695104,3.069619513853604,0.16999506396750197,97.86476868327401,97.86476868327401,3.008929450271285,9.06986204417746,3.0134534319918953,1661364210000.0,162.0764449997266,1880526897689.0,10.266333793481836,68.15917332124677,183.4571326800146,562.0,1
HRC,2024,0.4287771707493549,0.47451815636225797,0.6310396361159994,0.1072765871720356,0.07649245554393838,0.4024466388115148,0.2869603931259467,0.22380832837909906,0.15958420248257182,0.008284032327300536,0.005906843153990323,3.4848014707071466,0.2593501202607349,20.16724053123463,20.16724053123463,2.053218897708394,5.780006512126207,2.0559080256745346,1238471502000.0,42.21016858127714,1363161858232.0,6.361942446749188,35.76732284269726,46.459923984217546,2033.0,0
HSG,2018,0.038704219403775865,0.3425123622291337,0.8618591496880433,0.7140790917691697,0.18657164936610118,2.8273719195565685,0.7387241112131434,1.63206195706306,0.42641843838686766,0.3266999738446582,0.08535882603290589,1.3536853404686975,-0.0020609062735948203,,,0.2243589274337913,0.034095631181618714,0.23624967553426712,1162670790560.0,-60.75801031236641,12897096505150.0,0.37821079648998496,-673.9671528877636,-673.9671528877636,0.0,0
HSG,2019,0.05185978009781799,0.339722623682522,0.8527528402756125,0.48803119357532426,0.16465755494229048,1.9639161941058247,0.6626085440645574,1.1740629868142058,0.3961188204811592,0.14568827086258232,0.049153977819043765,1.5091866969686567,0.22241368400210293,,,0.29867750157738016,0.06225114737520417,0.31112537444342914,1685408566220.0,2.91964298665545,10632731345073.0,0.39272360377732474,6.511299899923623,18.419141876238537,0.0,1
HSG,2020,0.05929013312422264,0.4958352561930993,1.073046263551924,0.27972228139221,0.11421435690891861,1.449099123460261,0.5916865959320058,0.7674915169784391,0.31337707389077524,0.14656151289223912,0.05984303023438538,1.6900839175253446,0.49995091911322426,,,0.7443286623537589,0.1754590563303421,0.767863628660105,5273255026180.0,2.8444634294364537,12201799926183.0,0.4059952135731635,4.114773828167634,6.581812085896875,0.0,0
HSG,2021,0.09591999763675181,0.4617010084478171,1.423579957239279,0.08960163345625569,0.044108974775218766,1.0313696682561646,0.5077213096036562,0.4389855981603613,0.21610325536523828,0.2887888161088489,0.14216458019517467,1.9695844572303505,1.158210317641321,,,0.9621291382532283,0.19203375528833141,0.9808606848014038,10861536530960.0,2.1815211323500887,15810403595761.0,0.27953054031203206,2.5783454516606428,3.1754926622787853,0.0,0
HSG,2022,0.11207151143704285,0.5290145185923857,1.5642223527517618,0.0,0.0,0.5696175936670321,0.36290214633505624,0.2648564755213493,0.16873949208391334,0.17296027727600125,0.11019262142183393,2.7555637520995293,-0.006329983552010084,,,0.47983351042001304,0.11992004341943605,0.4894862482820014,4880128685760.0,-4.335950545204872,6926388023755.0,0.17020304300012676,-373.914675317825,-6.154033604797027,0.0,0
HSG,2023,0.21304362518649114,0.6233461239714143,1.6377221829542015,0.0,0.0,0.7292944502760366,0.4217294805749384,0.43092801185565516,0.24919296525057882,0.20470715365711492,0.11837611207532574,2.3711882760406335,0.3963443075711643,,,0.9395071584695176,0.31131026569508735,0.9561313375677092,10212986683220.0,11.471371925434719,13211905996768.0,0.4027227385843997,6.862632055415141,14.839800758951236,0.0,0
HSG,2024,0.17283224988128412,0.5451436714999882,1.6704297271303274,0.0,0.0,0.7805494909623264,0.43837562220214726,0.5764236002045457,0.3237335458128762,0.12300779534799146,0.06908417652660132,2.2811487440304608,0.21090958660717174,,,0.7689494687874608,0.21155012249686,0.7826472160573016,8550926394930.0,14.534402018309912,13463554532433.0,0.3330886595244365,9.720822437891103,22.884621517248096,0.0,0
HSL,2018,0.8841082128541599,9.661997551431506,11.667102492649896,0.0,0.0,0.06671545331399419,0.06254287692816998,0.0,0.0,0.05132357156197177,0.048113647742257244,15.98903103143932,,4.613851519681115,,0.7625932456286199,0.46572635257380574,0.7625932456286199,145844592560.0,4.237166723013505,134564069351.0,0.42970419476160987,3.9094380309833734,3.9094380309833734,2007.0,0
HSL,2019,0.5880579499697693,14.223761944036113,15.348036843843678,0.0,0.0,0.04780224322826606,0.045621436236849354,0.0,0.0,0.012909420541691441,0.012320474235593992,21.91952035022255,,2.1210995542347697,,0.3829377277396264,0.19360005631581784,0.3829377277396264,89932248760.0,1.8887999842930372,83330550049.0,0.17938836629525062,1.7060706883664951,1.750147959089924,2692.0,0
HSL,2020,0.6097484492206107,7.934912646053574,9.240551548060113,0.0,0.0,0.05602642731179567,0.05305400117155748,0.0,0.0,0.02248374163975116,0.021290889184454806,18.84871975567613,,7.70864946889226,,0.354553264436072,0.3588950153948629,0.354553264436072,87209091520.0,6.978133120109108,78806293823.0,0.32431465047805685,5.740428222200101,6.305773852410911,659.0,0
HSL,2021,0.08788610289148238,2.3662145502475087,2.5485260903148643,0.0,0.0,0.24972827106025522,0.1998260556659958,0.1445205188604353,0.11564155361375135,0.06974262750239744,0.05580623333681056,5.004352393721241,0.48391803804391664,10.757978723404255,10.757978723404255,0.5306645923405159,0.4551130921348923,0.5306645923405159,138882194960.0,8.041678130086915,170961195662.0,0.5602350856797774,9.139866091991768,9.89914444140648,752.0,0
HSL,2022,0.07877286897329316,5.7114425733638265,6.846257329998973,0.034364814760144344,0.03017826484194449,0.13872732379169148,0.12182664005089686,0.00457228390733667,0.004015257921547058,0.07512187221447506,0.06597002692825274,8.208385288982926,9.148030314978408,8.717391304347824,8.717391304347824,0.3306583136066302,0.30439194728225244,0.3306583136066302,141887867080.0,8.249128253043995,155068394757.0,0.3326681245789875,5.74259144457175,9.015422549293199,460.0,0
HSL,2023,2.009722416277761,7.890723093462701,8.378467974999122,0.018573952337866014,0.017026136930494273,0.09090819683233974,0.08333258205989197,0.007618707149619193,0.006983820610883266,0.041990919108508266,0.03849170739612822,12.000108184350868,3.6669679752911195,27.891566265060238,27.891566265060238,0.7444823073296317,0.8407056285219683,0.7444823073296317,327651284080.0,25.062406670595582,275334888915.0,0.7064693535057042,14.9400729470465,21.06066813065239,332.0,0
HSL,2024,4.309412208721058,13.437126415800046,13.625243386331272,0.009064269092555324,0.008625536085213754,0.050864433585022496,0.04840246939512317,0.013815379719771405,0.013146681225703165,0.0063639426726539525,0.006055912132208501,20.660102934763817,1.7417404323367573,23.25714285714286,,0.3514588246884095,1.1272830607645172,0.3514588246884095,156969167410.00003,21.22701186787947,87042012190.00003,0.6250971928796423,6.8188397482211744,11.77073087821916,175.0,0
HT1,2018,0.2074371655237645,0.33982406129078385,0.5153225349175602,0.33183307117957184,0.1612988698868241,1.0572560205313508,0.5139156283807017,0.40903703059008245,0.19882650798340393,0.21436968499345918,0.10420175362427254,1.945844696630268,0.33562562387175526,7.246680642907057,,0.7654921482388253,0.472317788139941,0.7810799130375743,3957087377070.0,4.932907401258743,7010593404688.0,0.8367841432155769,8.739409772348175,8.739409772348175,1431.0,0
HT1,2019,0.1993596817860141,0.3279673703754929,0.5056879995448519,0.15053147350208648,0.07848856505762103,0.917877762086444,0.47859033575106064,0.44265135094620445,0.2308026922761999,0.23687424543572191,0.12350852078186063,2.089469688999636,0.5981759228848885,6.314432989690721,6.314432989690721,0.8713629768364559,0.5288691864066791,0.8876934587974408,4674476409750.0,4.967207303189794,7038912726623.0,0.796380967749032,4.503393677853515,7.479712300883615,1940.0,0
HT1,2020,0.2330124929481182,0.3491325504025986,0.5040169871465608,0.0,0.0,0.8619552968027339,0.4629301779064432,0.440790371489034,0.2367352063961683,0.25362323477811544,0.13621338558107482,2.1601529727925772,0.5370747235043256,9.661016949152543,3.3507511430437624,1.0890506319392954,0.7375288616830613,1.108655180554186,5872668730290.0,7.398140246253513,7171092016945.0,0.9005935078549479,5.21967698096369,9.033839110745868,4593.0,0
HT1,2021,0.08184529167768537,0.23761505160878077,0.4211183427319405,0.0,0.0,0.7024504602933035,0.4126113955599525,0.3113642260336583,0.18289179820246607,0.23351447969256942,0.13716374434316214,2.4235879347028355,0.6011946075168001,21.365046535677354,,1.5235820756651226,1.1159775581425162,1.55222345673059,7883647561260.0,16.99844367740732,9198556559203.0,1.3021108069085892,8.942006884929409,19.83360422571548,967.0,0
HT1,2022,0.158765290369816,0.31227639424395187,0.5576384599463572,0.0,0.0,0.8356642063991916,0.4552380568766532,0.3608759482995511,0.19659148282214392,0.2804896410241255,0.15280008187027264,2.1966529047701084,0.45909877452936926,14.740740740740739,14.740740740740739,0.7426364554985815,0.4257498225446594,0.7581629118252323,3796819614450.0,11.365408138376004,4966234888220.0,0.556880188441885,5.630216630924713,14.865938376648083,675.0,0
HT1,2023,0.16097837011417732,0.2975866821872454,0.5220861484271286,0.0,0.0,0.7843799188741476,0.4395812296346908,0.32651862763947476,0.1829871678030827,0.2546542642860222,0.14271302965945504,2.274892403460992,0.33641576556279745,259.3478260869565,259.3478260869565,0.941951403785263,0.6458151185554967,0.9626657680334294,4552367638230.0,133.68132673293584,5523333724885.0,0.7835598325589275,9.647710464065804,162.1939700411539,46.0,0
HT1,2024,0.25503877480960124,0.3780824406808824,0.5722854169115313,0.0,0.0,0.6867298178208749,0.40713682213081226,0.31000805686971655,0.18379236176083202,0.23181809550001262,0.13743641278572033,2.456176758383947,0.3666461972326362,73.67088607594937,,0.9110585994875134,0.6451987275653459,1.0489719049173165,4441706564040.0,49.998771583879574,5104581763074.0,0.7414874465036712,8.894471118212794,57.460530974615686,158.0,0
HTC,2018,0.27356869128038297,1.315655318811591,1.352204366830448,0.0,0.0,1.2504719924082726,0.5556487690700469,0.2895154277833757,0.12864653670875495,0.25435012363183873,0.11302079052299328,1.7996980388773915,0.6932410927545358,3.7944385779655048,3.7944385779655048,0.4765444597736385,0.048429924841644593,0.5041087903758241,118580000000.0,2.2561375429271524,146444476989.0,0.05981021263325368,2.7862951803779255,2.7862951803779255,2841.0,0
HTC,2019,0.3511930092067408,2.220751443325965,2.349547568288346,0.0,0.0,0.815490048327343,0.449184532340827,0.11228710275800258,0.061849473017742795,0.025074824484158913,0.013811601174713672,2.2262565337873914,1.5585429902709933,4.380883417813179,4.380883417813179,0.5069541320822414,0.07098282687722271,0.5717166210711733,133100000000.0,2.7479707350639435,142345858273.0,0.07591368455658933,2.759970185596844,2.938859900764566,2762.0,0
HTC,2020,0.3016410722469003,1.479033811834975,1.5428091065658363,0.0,0.0,0.8500603285806679,0.4594770859352562,0.1920294655931503,0.10379632632870504,0.036687100274054286,0.01983021834871728,2.1763870943956225,0.8203619661683895,4.879759519038076,4.879759519038076,0.5714590187256701,0.10089397937275475,0.6375892512241419,160710000000.0,3.506828791560759,187557706511.0,0.11774900984333286,4.065706556254225,4.092668566186782,2994.0,0
HTC,2021,0.1470689280110441,0.9065374277846693,0.9470211632479272,0.0,0.0,1.0729563204003116,0.5175971677942116,0.10197356516761241,0.04919233664697775,0.022811971597386276,0.01100455970677714,1.93200438916927,1.4373343560648475,7.313818338355574,7.313818338355574,0.6526657395265439,0.1369364034364918,0.7263185851429746,186890000000.0,4.473411229516235,187131263662.0,0.13711318003317538,4.326970738262882,4.479186132265793,2323.0,0
HTC,2022,0.16067144970182823,0.9552066656268327,1.0819417934478504,0.0,0.0,1.1147511470412719,0.5271311230169609,0.07171224999338488,0.03391049112029886,0.06308522064872203,0.02983103744238842,1.897061198505299,2.199180442455136,7.487562189054725,7.487562189054725,0.6783975971322577,0.13850259194739228,0.752696697778191,198659915720.0,4.387958697653964,184224654126.0,0.12843855291384323,3.7061657791358464,4.069115656596912,1608.0,0
HTC,2023,0.1001522451538433,1.1562210660211822,1.5072565649030405,0.0,0.0,0.9296480743707164,0.4817707885277925,0.11348523181023883,0.05881136219476075,0.06003276371233552,0.03111073180114099,2.075675868717208,1.5716561324945002,9.655344655344656,9.655344655344656,1.0312117351575472,0.30603408019640954,1.1802452952564546,318944864690.0,5.600614851898513,335688093511.0,0.3220995485548139,5.677966374577115,5.894622959208126,2002.0,0
HTC,2024,0.1620610137463987,1.0508521246524678,1.4229010178424428,0.0,0.0,0.9860946739349976,0.4964993295013847,0.19107875023418686,0.09620827886095053,0.050868886087420795,0.025612518252534053,2.014101410779873,0.816755425899867,20.830350751610595,20.830350751610595,1.5845668912297652,0.47316906981793455,1.8181124981818608,480149796300.0,11.033803439677863,505621953973.0,0.49827089688370846,10.344960831633953,11.61915156043966,1397.0,0
HTG,2018,0.02260392054881716,0.2941656968704357,1.0121426576921497,0.9577622551854699,0.21355642871953978,3.4848205269591004,0.7770256370374663,1.16158664064118,0.2590040412227566,0.544537420156335,0.12141788436862035,1.286958823923312,0.19322864356377803,1.7391304347826089,,0.37649327477627204,0.03852797407873754,0.3790527170380721,167400000000.0,1.5552582614498622,1084672796685.0,0.24964304297844342,10.07733768228359,10.07733768228359,4278.0,0
HTG,2019,0.03323553722545947,0.3640252767253296,1.0398275821612388,0.7630183451401519,0.20725692545224575,2.681509524833512,0.7283722904274647,0.5671506913579,0.15405384327602634,0.48073856886222266,0.1305819163632241,1.3729242766952645,0.9256930106516609,1.434934159566228,,0.34629015165750393,0.03919614454876498,0.34750634790380863,166725000000.0,1.3562805165690903,776844971852.0,0.18263204563618088,2.713344225476652,6.31950637107531,5164.0,0
HTG,2020,0.04669496248449168,0.47431054965843195,1.0171421992258218,0.6601653556826662,0.1801882009248493,2.6637546315144123,0.7270559574600524,0.7160127926204591,0.19543142612814532,0.4533939934348463,0.12375118943143744,1.3754099526169474,0.5495191280348194,2.960958639350599,,0.3605725425200411,0.052928749552544056,0.36160576114311876,172350000000.0,2.455966120768869,785931123028.0,0.24135974224716392,3.9265144842424786,11.199421011979101,2587.0,0
HTG,2021,0.042612352915168634,0.5443917471880646,1.1678314838988004,0.460930669908684,0.12874248618863735,2.5802529806152306,0.7206901284869093,0.8459343641551634,0.23627781856068675,0.5118074730827492,0.14295287954618233,1.3875588973301223,0.5896226920961093,1.8799087914872055,,0.5362430619609067,0.09074521295414317,0.5377774527449902,350595000000.0,1.6042194217547951,1146435201664.0,0.29673414199610876,3.4083526419059327,5.2457497006311105,7894.0,0
HTG,2022,0.01978871299567252,0.5705752039112547,1.3076749642130723,0.2980556150524074,0.11134055308136641,1.6769726465665369,0.6264436988989813,0.5887102831947486,0.21991643581036346,0.2745153924326466,0.10254695459243403,1.596312648299552,0.8254216042828906,2.2278197593059055,,0.529874101618738,0.09223625733826961,0.5313284307353242,477648954000.0,1.3563423070687513,1252513009110.0,0.2418661472203295,2.7321885040894025,3.55666304758595,7146.0,0
HTG,2023,0.14636888358017303,0.6905599717161877,1.2219346182215018,0.27065404617438,0.0903150559553607,1.9967765984461552,0.6663081256979565,0.7680258557396038,0.2562839873141793,0.2768368295540164,0.09237820052971508,1.5008071512747978,0.43902408516332464,5.981651376146788,,1.122064832819698,0.19976782095495815,1.1245701673454662,938950624640.0,4.539460282201859,1597138659861.0,0.33980158431193613,5.340406412565501,7.721542881328686,4360.0,0
HTG,2024,0.26095410784026685,0.7301383207145863,1.170374052288989,0.22478886820935245,0.0710751294311304,2.1626937581192296,0.6838138383038788,1.002343591884508,0.31692717301866596,0.2979590932331629,0.09421054203185049,1.4623863162529505,0.4381914194119572,6.845040699427193,,1.7694225352682018,0.32038130908404805,1.7723998000208312,1634882970280.0,4.887272928816561,2301581465826.0,0.4510314783318266,5.437202478374181,6.880282562042265,6634.0,0
HTI,2018,0.4009157339315669,2.9807048467003687,2.9973587885268342,2.4318514206541186,0.6298275839585086,2.8611383219670525,0.7410090194617656,0.0,0.0,0.019677479381504156,0.005096289679536652,1.3495112390485522,0.9897793486328501,1.9183078045222464,,0.2897546964060605,0.3484698681861718,0.28977807701376546,131232792000.0,1.8275290701869944,1216634428860.0,3.230598332889257,16.942676846591823,16.942676846591823,2742.0,0
HTI,2019,1.1571625031680546,1.2664583366384368,1.2693397670589124,2.2837275616566974,0.5972582463619206,2.823685274447976,0.7384721994033964,0.0,0.0,0.01359118594621729,0.0035544729680136774,1.3541471172616777,2.5815985807081483,2.134951802927526,,0.3250300205322233,0.3934234518975455,0.3250300205322233,149196216000.0,1.9073856023834521,1096038012130.0,2.8902010366208515,7.0806422228935135,14.01219937107347,2801.0,0
HTI,2020,1.2782683096458713,1.403850698175078,1.4084698042101778,2.10276496666524,0.5750952762667914,2.6563766969453426,0.7265052036800713,0.0,0.0,0.040768459954585536,0.01114996165155654,1.3764526323205342,1.5254585602456954,3.6352408398517913,,0.48571561976604477,0.5872136238787168,0.48571561976604477,220301436000.0,2.962335088596785,1103368608612.0,2.9410297585943566,7.0606943273945015,14.836705580745921,2429.0,0
HTI,2021,0.1451041603054886,0.21352780011996844,0.2306614981174051,1.6523160894604296,0.49098180810397163,2.3653305727175353,0.7028523711438871,0.24304408217146004,0.07221997272475962,0.02447522969470834,0.007272756469491308,1.4227738868868114,0.5591277013093534,8.972413793103449,,0.7020071540262474,0.9720832390171404,0.7020071540262474,324589092000.0,7.220158253833218,1180994077675.0,3.536854985522355,10.513529916290883,26.270026774816262,1450.0,1
HTI,2022,0.20171990777124796,0.2567843952124573,0.2573098075014683,1.4039930737802848,0.41538228315297837,2.3800023032354938,0.7041422134408742,0.30401255937410215,0.08994448290259664,0.013756224069865671,0.004069886004721825,1.4201676606113154,0.7451202446192825,5.785198555956678,,0.7160069936885457,0.7557050314174578,0.7160069936885457,319848744000.0,4.642293671590099,1044692208918.0,2.468289069041805,6.5627374547852035,15.162692119933766,2216.0,1
HTI,2023,0.6721069399801156,2.0766929421215092,2.077731525663294,1.2171689215257937,0.421632143626195,1.8868029630228933,0.6535960324244444,0.0,0.0,0.00587506924436447,0.0020351472960289736,1.5299970477033147,2.184636141545531,5.944299390774587,,0.7064586774754488,0.7739491719905255,0.7064586774754488,340806072000.0,4.753766242561487,882595680469.0,2.004319324748994,5.22786586373808,12.310970655605328,2298.0,1
HTI,2024,0.016304620825307085,2.9288959825539993,2.9445253834704395,0.9886264163001613,0.33092398052646826,1.9874728773881898,0.6652689276047071,0.1751232754311827,0.05861920178645602,0.01665982072156078,0.005576559656041361,1.5031515203941481,1.2653521385404751,6.064908722109534,6.064908722109534,0.739240890330982,0.7614540554101965,0.739240890330982,372990540000.0,4.674634719983535,958292837946.0,1.9563390742417435,5.251713997576076,12.010140986883814,2465.0,0
HTL,2018,0.06212840638477824,0.3007691415833545,1.406318419480414,0.0,0.0,1.1803518299071938,0.5413584237721099,0.37402971082819486,0.17154557613030524,0.495807100156883,0.22739774992093223,1.847205023673853,-0.14041570131776315,12.951167728237792,12.951167728237792,0.37157058925786574,0.09318006309900141,0.3727455797498806,73200000000.0,-6.481959324117338,132539621020.0,0.1687165334666849,-11.736563282589717,-11.736563282589717,471.0,0
HTL,2019,0.12493213601395003,0.5437723599257143,1.542532402121639,0.0,0.0,0.9648305439130713,0.49105025718480366,0.17446867740194633,0.08879578849302804,0.4411706173299546,0.22453367222770182,2.0364514331649284,0.6926959492386173,4.444444444444444,,0.47452228875880953,0.11133099685974267,0.47452228875880953,91680000000.0,4.8275612366069645,102304330491.0,0.12423258176954184,4.056501613486961,5.387002838300388,1719.0,0
HTL,2020,0.33414029903925063,0.7174105522740016,1.6453892045976661,0.0,0.0,0.9328941029129534,0.4826410828751779,0.19050533278302156,0.09855963267512792,0.4712455269684663,0.2438030755323219,2.071933027422415,0.3719790333859449,4.333160352880125,4.333160352880125,0.5377594367853826,0.12822757316915,0.5377594367853826,100200000000.0,11.369276343977857,78145439289.0,0.10000399235794029,5.708992463613432,8.866837268444966,1927.0,0
HTL,2021,0.4890621992806195,0.8830061151195957,1.9794933247804785,0.0,0.0,0.677467287354785,0.4038631885472354,0.0929086679669953,0.055386277078168185,0.21639956764040075,0.12900374825290536,2.4760860319980393,1.2986971147047686,5.253108348134992,5.253108348134992,0.7050400931884587,0.15672438289518567,0.7050400931884587,141960000000.0,6.756706070398411,94402837787.0,0.10422109393999641,3.47765236926625,4.493182777812478,2252.0,0
HTL,2022,0.25346694730523445,0.6000830508275108,2.354443150910555,0.0,0.0,0.5385777789103752,0.3500491078792243,0.1483784427717113,0.09643870125096522,0.26134962107628323,0.16986441937395697,2.8567420327350903,0.895108930383213,3.081414206941291,3.081414206941291,0.490634791156512,0.10886164507534735,0.49145475785858056,114000000000.0,3.9547903882248208,116970301051.0,0.11169806488921484,3.726188243115943,4.057833528984723,3083.0,0
HTL,2023,0.1861394653807007,0.6328272118530605,2.0632985937330433,0.0,0.0,0.7321465229856134,0.4226816341862636,0.10869702718654278,0.06275279010414617,0.27961399614790045,0.16142629531475428,2.3658468197350846,1.3213356598382644,2.4702567313713213,2.4702567313713213,0.3659112285882642,0.14399450414215964,0.36650943601374564,94680000000.0,2.650338822035889,87812068249.0,0.13354937922699867,2.235399875524584,2.458087595306187,3194.0,0
HTL,2024,0.24275505668195993,0.6188975639394766,2.4827365587602133,0.0,0.0,0.4768919649838319,0.3229024033515225,0.1369497509369786,0.09272834722103578,0.17277917153268074,0.11698836179569318,3.0969109849311534,0.7425779910833336,13.551062726801451,13.551062726801451,1.7436239394286719,0.6582870108695691,1.7467448491300492,313680000000.0,18.713863467673043,317728842580.0,0.6667838881950908,16.249676147257347,18.955413733052477,1929.0,0
HTN,2018,0.1760145278895177,0.7290761193808694,1.174119892318312,0.19329518755159095,0.029612613168105307,5.527461337312248,0.8468010841697668,1.443744744587654,0.22118012960642539,0.9038638036892216,0.1384709547833794,1.180914879177835,0.24972598045703692,1.220233207423222,,0.35239766577328946,0.05259726578984491,0.3697090068151334,213611935320.0,0.9286376648958936,636807135799.0,0.15679982547938587,2.7683991097760425,2.7683991097760425,6089.0,0
HTN,2019,0.06888130500650519,0.735310023252299,1.136752634442831,0.007905435151141933,0.0011127859358954527,6.10418320014125,0.8592378642515698,1.3491784786209813,0.18991324415650712,1.3873708802602485,0.19528928818061222,1.1638220818760583,0.22015316991318354,1.2915129151291513,1.2915129151291513,0.3151511018970147,0.06287438323528287,0.3263073632537865,231435547000.0,1.0225648309952242,919655076159.0,0.24984383968766136,3.920358274044085,4.063364291771601,5420.0,0
HTN,2020,0.027218100271695248,0.8239209718633865,1.1393718860620081,0.0030887812787525498,0.0005658674919654663,4.458488643735434,0.8167991058939594,1.605643993158249,0.2941554151625844,1.0542931713495842,0.1931474516411368,1.2242912520154308,0.2568013569737306,1.745939110981422,1.745939110981422,0.5844734521359631,0.13036908750349144,0.5976527918016235,593466866950.0,1.3597440336755833,2103908936064.0,0.4621735491228593,4.671536492683295,4.820450445552491,10281.0,0
HTN,2021,0.06948690905345246,0.977657940011668,1.1535443746467604,0.0,0.0,4.054808197233834,0.8021685569499483,1.2900419888474524,0.25521086824885025,0.6977335363376491,0.13803363235809282,1.2466207897779713,0.14255613058761965,15.776699029126213,15.776699029126213,2.4755549954709863,0.6108592699055545,2.506752707818728,3765168364750.0,13.356758082547582,5299118409456.0,0.8597266547357457,17.405582559171748,18.798373881104705,2678.0,0
HTN,2022,0.01087768233060564,0.8771727713845386,1.1136846406019354,0.0,0.0,5.267426971570216,0.8404448899785961,1.7336067066878467,0.27660580881942304,1.6511828117976124,0.2634546552018191,1.1898460112303941,0.05402306617237606,17.857142857142854,17.857142857142854,0.7457885902950203,0.19977550748400158,0.7537781508224862,1091676034750.0,8.270990862284615,3545518968982.0,0.6488260516635227,23.75542127025288,26.862323675743664,686.0,0
HTN,2023,0.01756848126561651,1.0179076056236565,1.1883095344093788,0.11124240147972134,0.02218308537252356,4.01473981691963,0.8005878596879502,1.238734305057196,0.24701865904941497,1.2050401220434335,0.24029962989857473,1.2490821437009747,0.031805408107352745,24.50229709035222,24.50229709035222,0.9381008853696964,0.531744125399867,0.9456298607628536,1425862576000.0,31.30017713185747,3373630948901.0,1.2581215529043284,49.684975187011254,74.05709922925818,653.0,1
HTN,2024,0.0174985562844839,1.223522461743332,1.3090996351149087,0.43158757798981495,0.08692088907547912,3.965291802469244,0.7986019674608652,1.1188897780631255,0.22534219993006266,0.954460601406774,0.19222648725944363,1.2521882498980996,0.029966249924649285,36.95652173913043,,0.5894931134829091,0.7970130699326474,0.5929054398513107,908987392200.0,25.05384873936309,3204609733222.0,2.8098473788834895,54.368795563937304,88.32664590706376,276.0,1
HTV,2018,0.43094356193333727,4.17293151088228,4.190679729851091,0.0,0.0,0.18639083245686883,0.1571074449984382,0.0,0.0,0.14494806190130502,0.12217564223851553,6.365070732389168,,4.5886828340466,4.5886828340466,0.3826848046689537,0.5759390383569932,0.3826848046689537,126453600000.0,3.768610858930629,99911521778.0,0.45505185912939694,2.9775953069335697,2.9775953069335697,2103.0,0
HTV,2019,0.14473407342754324,3.4383939673546835,3.4446497648459884,0.0,0.0,0.2719100087000521,0.2137808546517816,0.0,0.0,0.22636941350768827,0.17797596682099212,4.677687352447237,,4.3203230148048455,4.3203230148048455,0.3757863726442005,0.4640913188705786,0.3757863726442005,126191520000.0,3.395499238715961,112975973611.0,0.4154888426244226,1.9128528090718668,3.039901828501194,2229.0,0
HTV,2020,0.25434151066604294,4.0455335633082115,4.063255865516249,0.0,0.0,0.23720878085986669,0.19172898263380037,0.0,0.0,0.1793261364115999,0.14494411871775376,5.215695542024473,,5.313432835820896,5.313432835820896,0.41375165109273937,0.4961311535514209,0.41375165109273937,139950720000.0,4.194512040856963,119543520734.0,0.4237867789558898,2.165926637340076,3.5828807249094323,2010.0,0
HTV,2021,0.15045486045896966,3.9014170542548623,3.929940323561996,0.0,0.0,0.26787099129231445,0.21127622063446622,0.0,0.0,0.17313517370358836,0.13655582854460238,4.7331403268999335,,9.284099472494349,9.284099472494349,0.4842652630142196,0.5420272318984716,0.4842652630142196,161441280000.0,7.941594981900421,148005490791.0,0.4969175571404071,3.6038785661344632,7.280663675111561,1327.0,0
HTV,2022,0.10526893220433614,3.7834632758597344,3.7987804835984162,0.0,0.0,0.2979197774440616,0.22953635703952552,0.0,0.0,0.19790252452521087,0.1524766999967686,4.3566083077104985,,7.199402539208365,7.199402539208365,0.3780605244188965,0.35956610279094375,0.3780605244188965,126322560000.0,7.586243966152005,115843576936.0,0.3297385953248602,4.390530984621886,6.956933397709765,1339.0,0
HTV,2023,0.08702848583575382,4.42501632478828,4.4392678378029435,0.0,0.0,0.25315570210821736,0.202014563459534,0.0,0.0,0.15334520288530049,0.12236723866581284,4.95013816268901,,15.11437908496732,15.11437908496732,0.3727476553120657,0.40438399550429205,0.3727476553120657,121212000000.0,22.54663751797815,114047599784.0,0.380482329128538,10.279200353718938,21.213987824021476,612.0,0
HTV,2024,0.5246002564279145,5.533378981019236,5.574889455291561,0.0,0.0,0.19875595484317163,0.16580184985956883,0.0,0.0,0.13858972392952992,0.11561129133048692,6.031295795836909,,29.367088607594933,29.367088607594933,0.3670470986715341,0.43699316762004703,0.3670470986715341,121605120000.0,22.994360811829907,87060635763.0,0.31285609517994406,18.121587061343934,16.462330461428966,316.0,0
HU1,2018,0.06890403816700452,1.1011805611464662,1.238524912734488,0.9487200063874914,0.1649386858888703,4.751955651124227,0.8261460865393584,1.2426374009289427,0.21603737516405702,0.9137693975434389,0.15886238576349967,1.2104396744029835,0.04612585380503987,9.861436026633077,,0.4959897377704541,0.16561019130492913,0.4959897377704541,82200000000.0,8.107851047323082,401941266877.0,0.8098001228813327,39.645741138820576,39.645741138820576,833.55,0
HU1,2019,0.19805885197612033,0.8041452079924479,0.9135165540308499,0.472771087980497,0.07514607596584778,5.291360951373707,0.8410518792787351,1.5667691072193703,0.2490350051966529,1.4386519873001486,0.2286710297532717,1.1889872963099195,0.042324870297166514,8.989169675090253,,0.44718520980575277,0.12991597023969864,0.44718520980575277,74700000000.0,7.201821211819377,255973065120.0,0.44518057711237435,22.73969906416968,24.678343373971067,831.0,0
HU1,2020,0.03589405208863524,0.6066646507634197,0.7183691293787745,0.0,0.0,5.082516959139862,0.8355943753683489,0.6449786475207203,0.10603811741972155,0.9258033608479751,0.15220727982629323,1.196752909638935,0.08930194074587887,15.38952236663743,,0.5028716139058064,0.1940804732434447,0.5028716139058064,77200000000.0,8.501351498720512,148209359612.0,0.3725977027539487,16.185852695033876,16.32098266142336,501.64,0
HU1,2021,0.07285077063243257,1.0130161224043592,1.2515507406651634,0.0,0.0,3.456700143374538,0.7756187385667781,0.5583024793588646,0.1252726145798374,0.9935371784749116,0.22293112538700485,1.2892932445750902,0.057610363886158644,34.20779220779221,,0.8854008998911223,0.1655366160451131,0.8854008998911223,131700000000.0,21.683241284442527,177287841122.0,0.2228369725533753,34.447065654690654,29.188876506045847,385.0,0
HU1,2022,0.021948317156901855,0.9195814545756957,1.116234147963712,0.0,0.0,3.600376316529577,0.7826264785324393,0.6312982286813742,0.13722751906470376,1.4406640487906115,0.313162217537329,1.2777487440434854,0.05355234967721536,18.654353562005277,,0.4630444981791374,0.146955385627393,0.4630444981791374,70700000000.0,14.002389728240784,155024325828.0,0.3222299799671904,28.565153173344978,30.703126274419233,379.0,0
HU1,2023,0.01981266523571534,0.8599834426872572,1.0825731453812577,0.0,0.0,3.223740723009118,0.7632430431743996,1.5637858617901956,0.37023718176434567,0.5771690673649192,0.13664879196318824,1.3101986437254718,-0.002337161071374848,-1760.0,,0.4715223649734035,0.38311676107470954,0.4832932098738432,70400000000.0,-758.3510909392114,294342746841.0,1.6018130655618907,-531.5928030067768,-3170.669647399382,-4.0,0
HU1,2024,0.11180665427504462,0.9159100982868396,1.038375208478057,0.0,0.0,3.6517004604881214,0.7850248509133225,1.9611514017192873,0.42159881496615026,0.5925810190635071,0.1273901929191127,1.2738450239334063,-0.03319454832268956,0.14284230209848328,,0.3752166767802565,0.23561394337539016,0.3752166767802565,55000000000.0,-25.98968996937584,282622304072.0,1.2107228281498639,-29.074307426105594,-133.5502920229445,38504.0,1
HUB,2018,0.3499867368213302,1.3192227163743926,1.7869449292730446,0.007974559778363867,0.004223560158329692,0.8881132218837863,0.4703707445031863,0.12823796028296344,0.0679185754310959,0.1511687767383166,0.08006340667827869,2.1259825609609657,1.6196028190222749,,,,,,,,,,,,4150.0,0
HUB,2019,0.17565390292832705,1.2799988373553106,1.846186156300378,0.004392516032338776,0.0024987539227261405,0.7578825959566842,0.4311337956811759,0.06426179545158113,0.03655636366125363,0.13519671680357565,0.07690884312441706,2.3194655812589127,3.3205294746925507,1.9909394372913685,1.9909394372913685,0.3058122843640411,0.270758769636713,0.30793968781225345,127304100000.0,1.623317391033739,115205920239.0,0.24502756171071421,1.194587819987643,1.469047531650705,4194.0,0
HUB,2020,0.18914020960768826,1.2892849525441321,1.9296231559433383,0.004157924373931057,0.0025040823246983493,0.6604583375396554,0.39775664502264707,0.08146581968882628,0.04906224856537884,0.13179547760413624,0.07937295060315758,2.514100047135763,2.5047189607177396,3.436486884762747,3.436486884762747,0.48609174672084865,0.4872887579077391,0.4888909060300857,222208304560.0,2.8938188135282945,219658785364.0,0.4816978235601647,2.2559811712053173,2.86061642431316,3393.0,0
HUB,2021,0.38138953647599,1.1902845043205017,1.8656260244004996,0.006256739089778608,0.003809969964730727,0.6422016833985222,0.3910613963502287,0.026024576823074224,0.01584736947121902,0.15861665492015528,0.096587804362677,2.5571432243964454,6.631801658609214,7.886372665872071,7.886372665872071,0.7845002665632266,0.8492475499768938,0.7883751154848468,378287722600.0,5.379074758399567,305873267960.0,0.686678704857486,3.4693066531458423,4.3493750303193774,2517.0,0
HUB,2022,0.3920859439423639,1.5332912554118285,2.294843114391083,0.04150380952710245,0.026401644601398842,0.5720160676999434,0.36387418643683117,0.016163441255274514,0.010281982218491987,0.08657969937570684,0.055075581703426094,2.7482026405673623,9.373036445933671,4.500412881915772,4.500412881915772,0.462832280000533,0.5863249109700552,0.46466370707128113,249265505500.0,3.1605513443391655,200827974161.0,0.4723896466703247,2.0894498294442703,2.5463897318735094,2422.0,0
HUB,2023,0.2591747926116371,1.9138977345889863,2.5597668226084744,0.05679555671643179,0.03606155881684872,0.5749612213073748,0.36506373206452647,0.019956094984122683,0.01267084847178468,0.06559850653645374,0.04165087092239671,2.7392477317446753,6.361547943460453,6.188524590163934,6.188524590163934,0.6024942050894486,1.0064028568611476,0.6044050432348164,357395758830.0,4.907708393657241,350835506723.0,0.9879296201226148,3.9199111695962148,4.817623932567299,2196.0,0
HUB,2024,0.5528003562200193,2.2616421419274126,3.0681110036640225,0.07913035479668477,0.0506060660432937,0.5636535495366983,0.3604721453187029,0.026419402337707443,0.016895943698996087,0.04657391017928752,0.02978531286107917,2.774139452899679,5.530780195159416,6.66385846672283,6.66385846672283,0.6769092152151589,1.3483934631220487,0.6788129209597991,416041273340.0,5.0362335313617255,386190894116.0,1.2516481188579416,3.8233455736746498,4.67489082234421,2374.0,0
HUT,2018,0.08603936949893072,1.2308264883273883,1.2783120984472311,1.7163031871625767,0.5014018056096865,2.4230095862451346,0.7078594217152198,0.019535347641655435,0.005707067757027437,0.1646641602284487,0.048105082991916716,1.4127098818249704,0.44873744749680544,12.026143790849673,12.026143790849673,0.3124215990670628,0.8699864263405679,0.3131040164678033,988565631200.0,10.942459418788108,6338585967276.0,5.578267724145941,70.16197764757715,70.16197764757715,306.0,0
HUT,2019,0.088036151467489,1.3697815315373882,1.392848201633024,1.7215853670276546,0.5023387822009542,2.427140065683713,0.7082115172317883,0.020376686399945405,0.005945682408483722,0.16140036998989407,0.047094769077579195,1.4120075368284546,0.9124241719956364,10.92124464529492,10.92124464529492,0.19385399398273512,0.5628735899199766,0.20216654088010985,623226158800.0,8.250256089021688,6077427489755.0,5.488895772962136,20.726818097751842,80.45287002952897,212.43,1
HUT,2020,0.18355469880433864,1.120137554242893,1.2242736269429513,1.8277128917721097,0.532712055046906,2.4309583844712823,0.7085362490766258,0.03302420767191996,0.00962535943933026,0.1657253049821999,0.048302919013032124,1.4113603944797655,-0.03173283930769841,-4.651269099345166,,0.3692659135638254,1.4567562540672738,0.3869350092885816,1093332097550.0001,-4.332458459711092,6383328067130.0,8.505149628728917,-681.7318792817655,-25.29469659540832,-875.03,1
HUT,2021,0.5074616876387157,1.6791423322278891,1.7408419151426693,1.3258404773845869,0.4595575497201468,1.885036875559924,0.653383979778102,0.0832482912285444,0.028855191395911594,0.11224692667244744,0.03890658300534294,1.5304936009291403,0.46635627686473996,89.91071428571429,89.91071428571429,1.8886899275244273,8.066966224740927,1.97494472534617,7021447775100.0,132.02232026820997,11618362961677.0,13.348378368775162,40.31508602753498,218.45683184576328,224.0,1
HUT,2022,0.4316931565403113,1.3771404151344648,1.4216392319629432,1.1756437694454231,0.3914779766003883,2.0030904411399195,0.6670096956452575,0.07237037745424812,0.024098634014757682,0.11107306548921224,0.03698625388286703,1.4992285817264044,0.7176754890086576,32.89156626506024,95.45454545454547,1.2285702293896676,4.434399637275171,1.3109634208155017,4758826322250.0,24.82550703022257,8639537892993.0,8.050548833814032,20.38744030178593,45.070127417250276,143.0,1
HUT,2023,0.20744868431758617,0.9524305248525575,1.255628424096231,0.433441614249879,0.18332107794146568,1.3643850402640367,0.5770570431758748,0.29346469949716986,0.12411882772883638,0.0714345206139778,0.030212727367789693,1.7329309326101079,0.3983324198720546,222.27272727272728,271.6666666666667,1.5430981962752974,1.589685950103303,2.1445103506109104,17457534035400.0,261.5125603601214,23979520071358.0,2.1835790822666743,16.244950954457693,359.21142570031185,72.0,1
HUT,2024,0.32404898740287824,1.028313445490354,1.3862993756625097,0.5316875913218474,0.21186690491359647,1.5095358406197517,0.6015199369485629,0.35273765105243554,0.14055892143199036,0.10530981705723082,0.04196386254090065,1.6624552879707992,0.21071577560813007,87.42857142857144,105.51724137931036,1.1821998902915622,0.45173459218323864,1.5955786874306652,13655433064500.0,46.21282614171929,20995152218276.0,0.694539417413577,21.208798199455853,71.05196259241794,145.0,1
HVH,2018,0.2467819570172101,2.8090523288634643,3.9824744615674925,0.0,0.0,0.22861344313779458,0.18607434617834842,0.0,0.0,0.0958604591632562,0.07802328690009704,5.374195962733738,2256.18669292066,5.490196078431373,5.490196078431373,1.047948893590721,0.5708979014038877,1.047948893590721,280000000000.0,4.3575197928062,264925840842.0,0.5401628805869935,4.122927125338715,4.122927125338715,2550.0,0
HVH,2019,0.8917441741845894,2.969729796045795,3.658319845160375,0.0,0.0,0.29172210202780763,0.225839676792592,2.7139311314641928e-05,2.101017801896966e-05,0.1665288792534484,0.12892005098621703,4.427919904075961,5978.398119962395,4.375545851528384,4.375545851528384,0.6798397484317803,0.38073974148496587,0.6798397484317803,200400000000.0,3.4118809623851707,123724702639.0,0.23506442763511545,2.0235037273447904,2.1064568738062395,2290.0,0
HVH,2020,0.034078969867566956,1.2226499713246064,1.5965350422291724,0.0,0.0,0.4792994246893903,0.324004333869074,0.20705237969508514,0.1399665113359725,0.18421679830841103,0.12452975728500076,3.0863784692586465,0.4911905859631533,7.038043478260868,12.236220472440944,0.5375594744196478,0.4208600974949004,0.5375594744196478,170551461150.0,5.898618969372509,231060659937.0,0.5701751906000709,7.06574603950908,7.991363912041857,635.0,0
HVH,2021,0.19254205186155368,1.2359908761917944,1.7395945030778122,0.0,0.0,0.5594110829482455,0.35873227339811814,0.19106624311531784,0.12252461535292233,0.19404469229638494,0.12443459868806446,2.7875941869612837,0.2114035937977313,32.65432098765432,32.65432098765432,0.8493376597067208,1.2678340480483807,0.8493908069084972,390930947100.0,25.700083689224225,429297871053.0,1.3922623975237514,22.710497282674627,28.222353066475584,324.0,0
HVH,2022,0.30734531932868003,1.3013628010750735,1.8939860234701704,0.0,0.0,0.4267304311838775,0.29909674725994567,0.19760616810107834,0.13850280598354378,0.1161175927861134,0.08138719848413195,3.343399783384798,0.4101472817487202,6.6000000000000005,6.6000000000000005,0.3068878384263125,0.32981489036802275,0.3069022568679924,146321980200.0,3.9998132580474395,178006100725.0,0.40123201254663643,4.549967826337529,4.865920764057449,600.0,0
HVH,2023,0.41972143991442407,1.6064081984054253,2.1114920774636743,0.0,0.0,0.35484559401557986,0.2619085123669815,0.07144141660874387,0.052730301463358005,0.09695463833756757,0.07156139324349653,3.8181271428048054,0.48363147498832526,18.066914498141266,18.066914498141266,0.4047862272293341,0.7875792222979197,0.40479949947364824,197533873800.0,14.69636587382396,159716714493.0,0.636799974447602,9.273647695224678,11.882798768634334,269.0,0
HVH,2024,0.687095940455944,1.7649777747718076,2.4051737278754337,0.0,0.0,0.2586206760816076,0.20547944348630653,0.05077481801746442,0.04034163666811734,0.07837015205710442,0.06226669682647338,4.8666668696065525,1.469280351894703,12.24764468371467,12.24764468371467,0.6708259384787049,0.9397278753018343,0.670837618736231,369867953000.0,9.683769497061476,299887761298.0,0.7619283759725818,7.127975886246217,7.851569544873831,743.0,0
HVN,2018,0.11199838212451164,0.5172450060112828,0.6318115010945183,1.6169992975923118,0.3664668218548018,3.4124029820985675,0.7733661218032281,0.44303490249810606,0.1004067181296745,0.7752273384318527,0.1756927781929722,1.2930486244578938,0.23952925735004563,11.49398969662278,,1.525205356531395,0.2941750999933735,1.5386562212543478,28479280207760.0,12.090511902016305,63342088664489.0,0.6542884908161374,26.89106857019166,26.89106857019166,1747.0,0
HVN,2019,0.09411757322817861,0.5002638307445855,0.613872400282604,1.3664636689554508,0.33256940412068176,3.1088075211500596,0.7566203832005985,0.3497437253456389,0.0851204938526167,0.8535731213402042,0.2077422991820479,1.3216667462352458,0.9171516342697034,12.702539298669892,,1.6014080891655103,0.30335815962237866,1.6221057147542766,29798290695470.0,12.161396518846903,58775481860150.0,0.5983572074731174,8.048170448760086,23.98768264235511,1654.0,0
HVN,2020,0.050564081511373773,0.19569320751250205,0.25223639071514475,3.764111549342085,0.36534783807818105,9.302815993498777,0.9029391575438197,1.8434056723760428,0.17892250754932032,2.1913711518818837,0.21269633013582598,1.1074943329738913,-0.933229624900025,-2.287123572170301,,4.115433305515303,0.6164605051592081,4.273402660019498,24990284724140.0,-2.1003934218116456,57387282014977.0,1.415629843804595,-5.073968071036502,-4.823309176764711,-7704.0,0
HVN,2021,0.04160373537319121,0.22104651674780643,0.275677274436642,38.83064121521407,0.3238976673508144,118.88552289620694,0.9916587092766341,27.328865408582512,0.2279580115127243,36.335782012351714,0.3030873214258745,1.008411453099071,-0.7915208842969539,-2.306233404981666,,76.78843433422695,1.447101803206796,117.50379838931795,40390549733760.0,-3.052714006126844,73476479968858.0,2.632495654481013,-6.114493543390623,-5.553345547420226,-7909.0,1
HVN,2022,0.04807473380468828,0.18252212545026544,0.238029426983821,-1.3448451391450562,0.2452018140726012,-6.484645960844581,1.1823271742860153,-1.2120574831695166,0.22099101597851753,-2.54845958778687,0.46465343542328347,0.8457895764798612,-0.5858602711749438,-2.1462171697373575,,-2.1932379888762763,0.344376366833537,-2.159166243155238,24247616205300.0,-2.1614416966697587,50025495692063.0,0.7104862725315586,-5.862710410948848,-4.459291642110539,-5102.0,1
HVN,2023,0.04170325104648519,0.18723786163667255,0.2433213446501041,-0.5759615775014089,0.16990299042546192,-4.3899437323564285,1.2949901470207816,-1.0314728867131495,0.30427433849946195,-1.8088501871546834,0.5335929826473285,0.7722066475181856,-0.006550020044838112,-3.6034353995519046,,-1.2550802776479555,0.23343822645868523,-1.2442374400967766,21368903779100.0,-3.5747486406151903,46185921815368.0,0.5045443503977954,-368.8533084885864,-7.726323396454542,-2678.0,1
HVN,2024,0.0809447376896926,0.24437440833940655,0.30332278502158044,-0.6604708698577492,0.10606563623851376,-7.227001442507955,1.1605909375857226,-1.5315526270171944,0.24595347233456785,-3.264502805849284,0.5242495663425589,0.8616300262349229,0.35407113272000446,6.610070257611241,,-5.350997519749703,0.46863115937152905,-5.21736235787149,50001020448920.0,15.632578872670482,65857081927836.0,0.6172410158747906,11.92845327538035,20.58990033238522,3416.0,1
HVT,2018,0.09027580174254962,0.644105384332594,1.091154008833202,0.19634795445132788,0.08440800830000039,1.3261768451338636,0.57011007048243,0.463336084497143,0.19918351670742365,0.43904484312341874,0.18874095666537907,1.7540472476723574,1.105363248151541,1.8264959498301543,,0.7589918313861531,0.15498547019703743,0.7593929325583124,153613064820.0,1.3547979598580262,266980541914.0,0.2693657917084526,2.354647984731729,2.354647984731729,7654.0,0
HVT,2019,0.03728093294576645,0.8640196529421075,1.1183128715514872,0.2992527355642536,0.12456105525024423,1.4024582560179202,0.5837596771993441,0.3533031743593181,0.147059027341819,0.4885574201699091,0.20335729827817867,1.7130337004392253,1.578095843270252,2.931893687707641,,0.5384234243579992,0.11934039096994509,0.5384785718465873,116363544810.0,2.156762066399517,248709678131.0,0.25507224169413595,1.919492383279186,4.609756433728691,3612.0,0
HVT,2020,0.0975567728564447,0.7902715416001408,1.1652836810637102,0.21154109401012733,0.10276624018156276,1.0584687504027204,0.5142020009755508,0.32133069282008864,0.15610180759713901,0.2581151800785984,0.1253918380000185,1.9447610046300616,1.3313062888827338,4.053719008264463,,0.4797925436858941,0.15195663844693635,0.4797925436858941,107792858790.0,2.849486146971992,209484696410.0,0.29531260818080945,1.9214184686707154,5.53769282235889,2420.0,0
HVT,2021,0.025219740225439935,1.0750233352889365,1.4533853274294009,0.07834599221290128,0.043072491830299854,0.8189333582457808,0.4502272469375008,0.2360010853428747,0.12974696641469005,0.24973353425406658,0.1372966926588861,2.2211005815443614,1.7489990675012592,3.1387252276379214,,0.6808721836172111,0.23592600208230857,0.6808721836172111,193170077220.0,2.467715111486099,277103688054.0,0.33843733059332565,2.162738192909639,3.5399528141234637,5601.0,0
HVT,2022,0.13427205952750862,1.2809630048794811,1.834882413450013,0.001851505580805867,0.0011758276880995237,0.5746402296397982,0.36493429979954733,0.19473428923758765,0.12366906774770606,0.1814874952414517,0.11525648324313884,2.7402192683704554,2.9414293602141446,1.0360049662022348,,0.37751047244721453,0.11992538082215529,0.37751047244721453,165040646180.0,0.7572479104842149,217360915145.0,0.1579434589476006,0.8254569979662676,0.9973064370759481,14498.0,0
HVT,2023,0.07354458292827533,0.8328685568281315,1.2797231662200828,0.10789209424976692,0.057035137701839246,0.8916776323709598,0.4713687031618403,0.30047170186262234,0.15883874541880694,0.23104416564536215,0.12213717691199838,2.121481535138447,1.071083762846307,3.354384698664742,3.354384698664742,0.5120453332848293,0.16227920576372076,0.5120453332848293,204268016810.0,2.4310941709030414,344179465948.0,0.27343081529094626,2.570067397797093,4.096249165570506,5542.0,0
HVT,2024,0.09642790679770347,0.7153790101795277,1.1015290391755503,0.07696632121812755,0.04155787342452612,0.8520274228638587,0.46005119165370517,0.38709843099769586,0.20901333652992632,0.1901051165756163,0.10264703115553749,2.1736711438685528,0.8429921581238432,6.249819910675695,15.626801152737753,1.0450601580522965,0.3285212456854986,1.045881834024058,476661999420.0,4.476316631342153,654237898437.0,0.45090871441548314,4.178009226820711,6.143925861913387,2776.0,0
ICG,2018,0.6857574971506236,1.6400725801542235,3.165436929007399,0.0,0.0,0.30779530196444144,0.23535434138821393,0.0,0.0,0.06011917474263238,0.04596986596627719,4.2489124870253105,,2.6538280883043686,2.6538280883043686,0.33993724431209704,0.27942202314698206,0.4187315962249,113000000000.0,1.8860720044073749,42836338451.0,0.1059240385326308,0.7149771568473475,0.7149771568473475,2129.0,0
ICG,2019,0.5021412576956716,2.97252913732358,4.804973891488703,0.0,0.0,0.17069849474260418,0.1458091007284799,0.0,0.0,0.023410058877332766,0.019996659244428106,6.858282473479906,,7.204783258594918,7.204783258594918,0.31263876273145513,0.7724328180408657,0.3392513656460673,96400000000.0,5.69561522423864,69970447609.0,0.5606584027614172,4.562922366094779,4.134074135359051,669.0,0
ICG,2020,1.0185640692021398,1.8519337551002635,2.7616192788881717,0.0,0.0,0.2052396412269061,0.17028948783826667,0.0,0.0,0.03831601028447235,0.031791196517123796,5.872353089403588,142.14752310050457,7.1726190476190474,7.1726190476190474,0.34284482193445676,2.541377951682321,0.34284482193445676,96400000000.0,6.345645694269819,37620073582.0,0.9917720491904707,2.2751958639442127,2.4763864931922415,672.0,0
ICG,2021,5.167695687730548,8.377122471351026,11.255921857631849,0.0,0.0,0.05619315595973272,0.0532034842705183,0.0,0.0,0.022186482362327842,0.0210060841969456,18.795761475233512,2107.524994701122,17.080291970802918,17.080291970802918,0.8235429289259116,54.42105773729257,0.8235429289259116,234000000000.0,20.62663535749686,151489357299.0,35.23167119724027,10.851410194150212,13.353486040803539,685.0,0
ICG,2022,0.39993122532872033,0.6115094353152982,1.5007799690465449,0.0,0.0,0.5773807725375583,0.36603766356852213,0.023874223180013768,0.015135358307688074,0.022269738704825282,0.01411817558102955,2.7319593023596065,-0.05081524982692676,47.70114942528736,47.70114942528736,0.2696000712845092,7.454238320037814,0.2696000712845092,83000000000.0,120.73769164368312,19488796022.0,1.7502907243203965,-51.79171862347168,28.349786079649085,87.0,0
ICG,2023,0.21934017971185152,0.38079012309803517,1.4847115723661921,0.07594509936928023,0.0406289038664558,0.8692382058572429,0.465022704507907,0.0,0.0,0.021844246184438768,0.011686175745814525,2.1504326354520966,-2.648217735724873,-12.73706896551724,-12.73706896551724,0.4071070632856655,114.0357437455683,0.4075703049733156,118200000000.0,-14.167742127146255,89872656492.0,86.70638938625378,-13.612714561193044,-10.772357203555439,-464.0,0
ICG,2024,0.1596632142538575,0.33608858821460885,1.4748447892366154,0.07865394478624825,0.041492945242277327,0.8955980185785279,0.4724619934188998,0.0,0.0,0.0015681774458492382,0.0008272732037487483,2.1165723675753285,-0.7013522834278143,427.33333333333337,427.33333333333337,0.457298672181271,9.70533996095071,0.45783760833588094,128200000000.0,-24.608549608302116,113796062750.0,8.614894502390246,-85.05320253667382,-21.843650978259248,15.0,1
ICT,2018,0.15156818134534392,0.9790615603686987,1.357834516206075,0.0,0.0,2.1535420795522033,0.682896256091183,1.107626477028255,0.3512325027181929,0.7259568523831003,0.23020363580694148,1.4643512701678598,0.13395418438186896,,,,,,,,,,,,2888.05,0
ICT,2019,0.2322939728760962,1.1653263839812424,1.3480527393969943,0.0,0.0,2.198901304336947,0.6873926686502524,1.2083338101907817,0.37773400778341276,0.6820451060684511,0.21321230046821407,1.4547725712052995,0.11367250329270048,,,,,,,,,,,,2789.03,0
ICT,2020,0.20240979551329089,0.9866225678276629,1.3449912440311418,0.0,0.0,2.095643381405675,0.6769653746272549,0.9903119705523425,0.31990505640952094,0.8131565115167487,0.2626777090672212,1.4771804252922267,0.1189972548676092,9.21220723917672,,0.8977730208510922,0.39587025515196583,1.0166871093204286,626641950000.0,7.730696021685217,1023305607083.0,0.6464556861767465,11.845399275706312,12.624218001435628,2113.5,0
ICT,2021,0.3291232673214955,1.0658323208962128,1.3674415259431563,0.0,0.0,1.958857822354219,0.6620317500743078,0.7743757206013019,0.2617144070765688,0.9455412612818838,0.3195629253079699,1.5105015732066596,0.12544738320998594,9.339098208770846,,0.6846313940815832,0.23238917594089728,0.7730614594738106,486637200000.0,6.0803989090857,579370849498.0,0.2766732881888558,7.967622904893405,7.2390805331850805,1619.0,0
ICT,2022,0.2572002410980013,1.3233797557844835,1.5474795534240973,0.0,0.0,1.195073434998632,0.5444343756086578,0.5224456122985367,0.23800826157729993,0.4928631221762371,0.2245314959936838,1.8367686626731392,0.1449329055434893,21.450094161958567,,0.5535270651402108,0.28345181813741704,0.6345230578279596,366587150000.0,8.915373135606295,509316640406.0,0.39381284295077373,9.68441384013594,12.38654408206317,531.0,0
ICT,2023,0.12240490539947174,1.4425694900385841,1.5197244040508937,0.0,0.0,1.2411431323971251,0.553799136902782,0.4292486945663693,0.1915311379988681,0.6559675660087448,0.2926932941168833,1.8057088452551118,0.032195100208196596,21.72413793103448,,0.5044869160035047,0.21687963755864054,0.5790596495097667,324424800000.0,32.44993523308508,503133898835.0,0.3363475838554898,51.42590796423845,50.32495182478445,464.0,0
ICT,2024,0.5279930831731844,1.4418932531886066,1.5296368799010085,0.0,0.0,1.2483004724875009,0.5552195926491941,0.38490909837148896,0.17120002556670227,0.6128388369964427,0.2725787075596719,1.8010891784790324,0.11846369640908454,14.496567505720824,,0.6214133033623794,0.25932020340931705,0.7090364030649889,407783950000.0,16.619062062659612,230739597253.0,0.1467331887246466,7.361077236402745,9.403694498178975,874.0,0
IDC,2018,0.48178034425674787,2.046749770059318,2.29734241494859,0.5681837694636672,0.17144360368120823,2.3141147133151714,0.6982602937724864,0.12068337563900988,0.036414966311859504,0.0586018523165819,0.017682505702393558,1.43213069527025,0.7384621660615145,,,0.902819448498109,0.7377985208927278,1.7867769265602664,3777000000000.0,6.870812331231173,5916087199150.0,1.1556474410922082,10.762066423235032,10.762066423235032,0.0,0
IDC,2019,0.4172364454484252,1.8471406293670753,2.1465244078306998,0.5207690685704777,0.15397225817886914,2.382226608416054,0.7043367829016298,0.10395133432429318,0.030734585927988754,0.054565733252431525,0.01613308023674542,1.4197753465044627,1.4856632090771342,9.451697127937337,,0.7697391097313041,0.6610201284171799,1.5197507365362157,3258000000000.0,5.80156082462665,5234366277817.0,1.062007817417173,5.486826621964096,9.320900656577631,1149.0,0
IDC,2020,0.4463159767270412,1.6412907361732334,1.9728663144488974,0.4935511836526539,0.14814349798877718,2.3315750630516603,0.6998416721597085,0.13399550555200992,0.04021986688460579,0.06912162775594219,0.020747432204822686,1.4288946197130619,1.0585699636663706,20.423645320197046,,1.4168861951678495,1.369263974131833,2.6725629436885487,6219000000000.0,13.281892700585162,8246886538697.0,1.8157524740618383,9.4961410078606,17.612841633843658,1015.0,0
IDC,2021,0.20213407302336925,1.4229460739512558,1.647222770702404,0.41460509547268076,0.1296759732679666,2.197239126294641,0.6872301506084331,0.28793195188042553,0.09005643322466059,0.05975017868634799,0.018688054388848276,1.4551165997514208,0.7312532722257709,28.731836195508585,,2.5954465345286444,3.034011272473603,4.300959673837183,13050000000000.0,18.20924326041995,16087249912353.0,3.7401454082129484,13.571927284923715,22.447252647142168,1514.0,0
IDC,2022,0.46812481209188184,1.3235275144589558,1.7950252065984642,0.44379238723369097,0.15984599409462258,1.7763747834117332,0.6398180800463994,0.12210364323897988,0.04397952465514525,0.05589310784749265,0.020131686896683564,1.5629442667945244,3.5139603424096144,3.8893844781445135,,1.1739700748710171,0.9610719936859504,4.358531549140051,7193998452200.0,2.8093680516051367,9574846328640.0,1.2791379802825151,2.939837695746429,3.7391260998233706,5605.0,0
IDC,2023,0.334537699687245,1.1824789374397309,1.5084354742448955,0.41656142615310154,0.14586134594394645,1.8558726334061344,0.6498443283840278,0.15113520832825372,0.05292085037699954,0.05056991799020559,0.017707343597425068,1.5388300802543073,2.793843183410363,9.463168030813675,9.463168030813675,2.090648815795091,1.7924886381388736,2.1460821173149527,12972297208990.0,6.192633568904157,15161213715357.0,2.094949174178579,4.833542752744652,7.2375647494403825,4154.0,0
IDC,2024,0.48265387149577044,1.3282579901706948,1.6372128285529435,0.276415916507741,0.10597296066517785,1.6083626877338892,0.6166177331463107,0.15868183899960367,0.06083580314418021,0.04184213559493999,0.016041532794387532,1.621750310192134,3.361699356670564,7.535140562248996,7.535140562248996,2.06168454532196,1.679765684137393,2.103812347430392,14859896802870.0,4.997861966529044,15807890529927.0,1.7869270832111943,3.6908672416021906,5.316702794013877,5976.0,0
IDI,2018,0.10500170123800523,0.9677985214612168,1.1989769369475378,0.20140097971399276,0.08108840463800719,1.4837210771759777,0.5973783009737097,0.9896463620618505,0.3984530997285295,0.2054120332111412,0.08270334181191444,1.673981124473434,0.256801435539943,1.2987012987012987,,0.3343296203311587,0.14047631313837175,0.35817937910147696,890790390000.0,1.2340434911123888,3705476385548.0,0.584348087840376,5.133327734997422,5.133327734997422,3465.0,0
IDI,2019,0.1418730459555858,0.8626079891480921,1.2072551378808178,0.17517723444101224,0.0675919842923011,1.5916865183815205,0.6141508655049497,1.1906973610706808,0.4594295462146626,0.15265586576444515,0.058902133680803735,1.6282644154182024,0.12421452800089453,2.572347266881029,2.572347266881029,0.3149279413102986,0.11776930055964473,0.33807678603396335,910578432000.0,2.570211144587225,4278785784976.0,0.5533950634371866,9.600046821374315,12.077359317298999,1555.0,0
IDI,2020,0.1264273438258502,0.9185807037132423,1.2720573026235664,0.14974091564447853,0.05821193976757295,1.5723402491372047,0.6112489394296059,1.2706434576542758,0.4939639917699323,0.07328725991353309,0.028490500017684117,1.6359946586298564,0.05816335070812442,13.539192399049883,13.539192399049883,0.43271454779202057,0.20380460445832607,0.4617161438192338,1297574265600.0,10.72958645574334,5017528698032.0,0.7880824078981423,21.1059700777293,41.489731560616164,421.0,0
IDI,2021,0.08678260727853315,1.029346380060754,1.3399972500648172,0.09398649571839295,0.03910091006088991,1.4036907471471236,0.583973104199501,1.1597092581114148,0.48247024268319155,0.07732923521803785,0.03217104168238691,1.7124076311198966,0.06197289769390905,20.7,20.7,0.8996813328244078,0.49439086704385665,0.9582657723744508,2827346031360.0,17.807236320413715,6410033278217.0,1.1208610035869244,26.722820594634275,40.37177485205825,600.0,1
IDI,2022,0.14162836411449573,0.8651390973949722,1.2045136360799922,0.05740155355732533,0.023903407449784995,1.4013962728080278,0.5835756008604658,1.1530024514118684,0.4801383530355973,0.11124987984141049,0.046327164367304746,1.7135740399796155,0.1677624082629311,3.7895174708818633,3.7895174708818633,0.6160379290950887,0.2615012985731597,0.7154131488337684,2073842378880.0,3.5402709649792294,5507780034049.0,0.6945039053242704,7.979008289609824,9.402370177509171,2404.0,0
IDI,2023,0.24554987616214777,0.8753533873617697,1.2223164880252755,0.09520065649396284,0.03935203525049501,1.4192054080040322,0.5866411356838644,1.1954976235505994,0.49416953996351465,0.06327141404053531,0.026153799851471666,1.70461963741133,0.05015843479412674,38.46456692913386,38.46456692913386,0.6500222184431962,0.3079925300311795,0.7434136779906859,2224087820160.0,20.447943395187558,5527905513017.0,0.7655064648503538,24.751593694425694,50.82276787792724,254.0,0
IDI,2024,0.36155294574128355,1.2670549873981878,1.5257359713983143,0.3295508821549471,0.12272814916429518,1.6852102341556539,0.6275896809567899,1.2223778481323995,0.4552261244143395,0.05920136513920161,0.022047199279283648,1.5933977730090354,0.046630044292568194,33.185483870967744,33.185483870967744,0.643774629444928,0.31501785661944426,0.7255326456051205,2248211057640.0,21.112552604426646,5956215594518.0,0.8345810166586319,27.90214015757363,55.9337677106576,248.0,1
IDJ,2018,0.11584140426643845,1.8715515091360546,2.0030547427051775,0.0,0.0,0.3584957609203666,0.26389170377498233,0.024546781532087513,0.018069089531392666,0.19991342835351136,0.1471579331378054,3.7894332625655007,6.821279775395024,0.7566204287515762,,0.12155097617033811,0.1595865199724897,0.13072174086382826,39120000000.0,0.6833703829291458,34240331691.0,0.1396803521797148,0.5981295649105223,0.5981295649105223,1586.0,0
IDJ,2019,0.04405565492987388,0.48627648660579187,1.2885922502438996,0.5895538993586397,0.14998969966526277,2.930629241037002,0.7455878082929608,0.12727847568191702,0.032381195955367606,0.34241882202848356,0.08711552299400911,1.3412236478081923,0.8341710438312664,2.7911043357395866,,0.22959339966675404,0.21464116848461384,0.26046700946021484,81174000000.0,2.251121096076893,298747998424.0,0.7899526876113895,7.550332172541178,8.28489321288852,892.12,0
IDJ,2020,0.05257910130296296,0.4400823715613543,1.2973423483102335,1.2021729799516547,0.19735871711291966,5.0913092542237495,0.8358316811272397,0.10009798390576966,0.016432917740362818,0.7696641666996157,0.1263544723436798,1.19641313266728,2.1247096505539815,3.366459627329193,6.901528013582344,0.6575186108834274,0.6452997970920001,0.7292359953985681,265038000000.00003,3.00206180742503,708260172081.0,1.7244325165908825,7.711091319513742,8.022399853321597,1178.0,0
IDJ,2021,0.01548245063196567,0.3110008440810011,1.0535764175816589,0.32750790098170934,0.09365244048883314,2.497056769393644,0.7140452483494026,0.07183741728505057,0.020542250818966972,0.24415860502806933,0.06981831326415787,1.4004714719572948,3.00297733090547,9.408224674022065,9.408224674022065,2.093455124187488,2.315478835953052,2.175752308476623,2068655144640.0,9.1289121737487,2430234526780.0,2.7202004296084557,10.544649198559062,10.724550978963288,2991.0,0
IDJ,2022,0.08398540169661249,0.58839273809523,1.2704013938447727,0.08885096127746588,0.036529061773730935,1.4323362540168245,0.5888726329065015,0.013962870145154238,0.005740518039845677,0.18777931348310326,0.07720121474693292,1.698160084404492,3.732870492148497,7.849133537206932,7.849133537206932,0.6870689632371961,1.6353505317160903,0.6997047655535512,1335874486100.0,8.476541864565682,1317412648618.0,1.6127499236074745,8.157134579905748,8.359395725507476,981.0,0
IDJ,2023,0.03434886093912977,0.5924675921273534,1.271472735645564,0.0339998467090529,0.014907225614295663,1.2807628722307578,0.5615502110388509,0.01900898683528633,0.008334486266296553,0.21300699896605338,0.0933928737439138,1.7807846570835228,2.0149254125803804,9.984152139461173,9.984152139461173,0.5321997332716737,1.267903720194396,0.5408549940312428,1092988215900.0,10.316852375273438,1114454408239.0,1.2928052376390422,10.09160349696506,10.519474447679157,631.0,0
IDJ,2024,0.05309930619439867,0.7049617558216148,1.412903818160289,0.03509780049188135,0.017482582066693904,1.0075867716786655,0.5018895252214483,0.043573742842774446,0.0217045377352929,0.18312362749107572,0.09121579703275037,1.9924703540261592,0.8777046755384202,10.707803992740471,10.707803992740471,0.48806039268287393,1.426545355203164,0.49552396976792434,1023592138700.0,11.613392231864841,1081075313763.0,1.506657690271113,11.509688563200951,12.265580377416072,551.0,0
IDV,2018,0.6300227537011721,8.428408207702343,9.281346213329776,0.0,0.0,2.3808114244409078,0.7042130203504704,0.008587234756660143,0.0025399922322139673,0.010357689162442778,0.0030636695935076157,1.4200248662007462,43.311782451319196,1.5666801783542765,,0.6090751497096645,1.5950379163735398,0.6090751497096645,141855944776.0,1.5697534828641677,110927542559.0,1.2472768528039804,1.2275051042274936,1.2275051042274936,4934.0,0
IDV,2019,0.37055389081931184,3.257017583120887,3.9987587073687894,0.09136661344137881,0.025664427527872808,2.5600487617403607,0.719104971047885,0.0,0.0,0.02507072065385896,0.007042240803916102,1.390617559690615,1919.51104810391,1.4157014157014156,,0.694811737499016,1.078490890280838,0.694811737499016,222051347100.0,1.2893986722793467,196933102088.0,0.9564929885383897,1.3026521766474755,1.1435430754030325,8547.0,0
IDV,2020,0.08840339676500551,3.892249048515396,4.496016834645288,0.0544352374645744,0.018602700123068062,1.9262008796815795,0.6582599619378089,0.008008803693570621,0.0027369288790734404,0.003690066961646449,0.0012610436239250914,1.5191566521168396,48.72692567024484,2.0259078360586114,,0.8128210942490064,2.556602943006921,0.8128210942490064,350143777080.0,1.940923544356071,366577914428.0,2.6765981183033736,1.9187010315826645,2.0320215623643327,9418.0,0
IDV,2021,1.4566506332965872,2.6121555740225952,2.8383114731950694,0.04862361494140579,0.0190475533661282,1.5527485870112838,0.6082653790944671,0.03570465600313301,0.013986749883949767,0.0022887693062878024,0.0008965901765388718,1.6440192625934316,10.894695880340674,2.5748615413498546,,1.0068420258353006,4.679115295598973,1.0068420258353006,576673233500.0,2.513823158718907,413650999071.0,3.356356085829867,1.7941918709878022,1.8031796877076536,10653.0,0
IDV,2022,0.25720097070563414,2.263967719141931,2.5229628341644688,0.07374200888776815,0.03086540445183756,1.3891476621612178,0.5814406887285476,0.023709187770182747,0.009923701303893234,0.002060208133216113,0.0008623192973147809,1.719865876925001,8.529130890087357,2.92852754454229,,0.5410059578593318,2.503477982805294,0.5410059578593318,360759055800.0,2.743343674452578,390904342612.0,2.712670408070514,2.7697533888562016,2.972579449856387,4883.0,0
IDV,2023,0.15862516522361228,2.0478106883831577,2.0893961455263654,0.08905131453012281,0.03792526662381704,1.3480735261119736,0.5741189579970961,0.10465105023565492,0.04456889832105896,0.010251162857856745,0.004365775919645497,1.7417993014699542,2.1292928112461027,4.002874595759971,,0.8569485710097325,4.397690236312987,0.8569485710097325,694723240720.0,3.9162588181276403,814564717631.0,5.1563026765282185,4.446319506704946,4.591823148239495,5566.0,0
IDV,2024,0.05805758697842048,2.5933340685129047,2.59671003905197,0.07118980833173236,0.03248611817249041,1.1913916570067964,0.5436689754647092,0.03641595991611846,0.016617732297958418,0.007961639204691043,0.003633142975257002,1.8393545431670717,4.725482488666864,8.906048906048905,,1.1754480877856082,8.300210142310075,1.1754480877856082,992560096800.0,7.4474146581494765,1074002129012.0,8.981263092107024,7.159104906574132,8.058493610890558,3108.0,0
IJC,2018,0.037776011401769956,0.21400113876371712,1.1511619488939007,0.06040646773229866,0.012890890671377348,3.6859809203427547,0.7865975092517331,0.8944471358863811,0.19087724664080727,1.6924725242290066,0.36117785219347653,1.27129820300508,0.16544913223105026,2.1662303664921465,,0.26129394252618565,0.364261201873477,0.26225926327025667,453792139130.0,1.690956376947577,1906101274473.0,1.5300369514184033,7.102666236919271,7.102666236919271,1528.0,0
IJC,2019,0.01111275024676019,0.19914529761067976,1.1493344399840408,0.00818622479258124,0.0019874579572256128,3.1189423719980374,0.7572192301600678,0.27267441403296316,0.06620010415457522,1.0854092897573162,0.2635165029586953,1.320621505859817,0.683484278639001,4.073875802997859,4.073875802997859,0.5693850219695127,0.6521442519360149,0.5711859779328479,1043310628030.0,3.03547759994647,1502039263030.0,0.9388826733384489,3.953759879739672,4.370133318565759,1868.0,0
IJC,2020,0.0910638174209751,0.33361806738649996,1.4810646372030494,0.2044157951482218,0.06371651474350166,2.208207416415064,0.6882994550528698,0.2502880521730873,0.07801492225610705,0.42395047591924384,0.13214559437462348,1.4528560100678676,0.8321366223761658,4.978372001572945,4.978372001572945,0.8383815921896027,0.8105616848537142,0.8416755861178394,1735652109180.0,3.8918461035635805,2387024206988.0,1.114757014248031,4.854117436420867,5.352415273742372,2543.0,0
IJC,2021,0.07562155279405124,0.40305834638135896,2.4784662734316116,0.1799085257172334,0.088354830929619,1.0362047419969995,0.5088902508795584,0.15598753046478878,0.07660699695247966,0.24398516982944576,0.11982349554404745,1.9650602428944448,1.328146668858602,7.329642248722318,7.329642248722318,1.1173661196841551,1.4360653818357312,1.1208199689638327,3736244928830.0,4.792191355783139,4712710325115.0,1.8113802176873828,5.681961979433701,6.044627724499385,2348.0,0
IJC,2022,0.11235744849700341,0.4163946212546726,2.1919716710063106,0.10594330234293367,0.061977531006502724,0.7093824265412899,0.4149934008486514,0.15859516717531863,0.09277921939107274,0.21034305990260707,0.12305207812871256,2.409676871861153,0.9966886667206712,3.474399164054337,3.474399164054337,0.3783036290277464,0.7335403002638315,0.3801707091014413,1443697197950.0,2.3046156795765125,2227281096455.0,1.13167806004299,3.276880196502317,3.5554733672706993,1914.0,0
IJC,2023,0.12260497200737833,0.42164144493156286,1.6147986812350277,0.05493075192071332,0.03279833762173382,0.6748029291677714,0.40291482503143733,0.20430899060887703,0.12198986940535177,0.12854787697081135,0.07675403161295417,2.4819141363735504,0.63718902485558,6.694101508916324,6.694101508916324,0.6428218823082622,1.6447921439352788,0.6458685386135966,2457885287840.0,5.0880082999484095,3164937995706.0,2.117944713341059,5.835092259420174,6.551660840578039,1458.0,0
IJC,2024,0.038250448358104,0.3900771663177221,2.1528148976581756,0.10614146902857494,0.06971872880288772,0.5224240437410069,0.3431527805205112,0.12557020125963986,0.08248043754687424,0.13523993790925967,0.08883197717827593,2.914153860222698,0.6248756177492334,12.244897959183673,12.244897959183673,0.8359478350720271,4.220822525515227,0.8385060890205378,4306331577600.0,10.239947648796939,5420065464944.0,5.312441457875999,12.530466160929274,12.88827523239877,931.0,0
ILB,2018,0.3844181044828401,1.0609865010415682,1.0609865010415682,0.7522547752920408,0.2465147059564471,2.0515614570472938,0.6722989151371688,0.13386775146377006,0.0438686073828253,0.20092313019198052,0.06584272773794789,1.487433606517081,1.1335782266543355,,,,,,,,,,,,0.0,0
ILB,2019,0.2812369791557026,0.978206920274439,0.978206920274439,0.8393679267140155,0.23916004039363686,2.5096495440144935,0.7150712663874252,0.14162575191805576,0.0403532461409403,0.35000645170287037,0.09972689503992965,1.3984620093211806,1.5272035969253719,4.430814430432875,4.430814430432875,0.5312011377048673,0.5443471181012771,0.5314797329000237,227625856050.0,2.761724302203884,559223597694.0,1.3373338119905422,4.090848208947818,6.784911990745736,2096.68,0
ILB,2020,0.47869777976808764,0.849927293806821,0.849927293806821,0.6733296818264398,0.20712604629007939,2.2508209077840635,0.6923853917619675,0.16521264712567538,0.05082182372153294,0.31206109787436126,0.09599455236895196,1.4442823489606293,1.3832848797058173,7.783603431839847,7.783603431839847,0.9036014308980629,0.878251592065789,0.9044613845077761,400121660849.99994,4.6638908647267945,624207015963.0,1.3701102919135806,4.2545548208905135,7.2758705271384665,2098.0,0
ILB,2021,0.3460246042378613,1.0821714875603612,1.0821714875603612,0.503782454615272,0.16773302042057173,2.00347810676809,0.6670526754476477,0.14868659873884946,0.04950480524688909,0.2820939680891978,0.09392243194765508,1.4991319828361638,1.6665400435476068,8.591895210806385,8.591895210806385,1.0891337044879368,0.9705759700505064,1.0911156819027736,514302122550.0,5.31506888400842,721024266539.0,1.360695972741217,4.525844067728381,7.451444346943874,2443.0,0
ILB,2022,0.36437195847782267,0.7433380246575556,0.7433380246575556,0.5409718375787659,0.17844060427577194,2.0316633356762135,0.6701480707860493,0.12885235506741619,0.04250219790274821,0.3525178122317086,0.11627868044691031,1.4922075338171925,2.1230861241791987,5.148056755089451,5.148056755089451,0.7943348015568494,0.7014602360190454,0.7949993748911234,408942469050.0,3.312712156174113,617925911945.0,1.0599301584943164,3.2195431022983345,5.005620191198325,3242.0,0
ILB,2023,0.47499664315056506,0.7754976819953275,0.7754976819953275,0.3934976145824208,0.1372065935768785,1.8679205883931471,0.6513153104562477,0.10842873803995619,0.037807440861082973,0.41364456520054727,0.14423152679841325,1.5353546645471885,2.3539619839413928,6.442568586071752,6.442568586071752,0.9467234121292006,0.9850932186891662,0.9467777865184452,523612975650.0,4.018843728808792,597122401733.0,1.1233893276696654,2.9102639783256006,4.583044598077296,3317.0,0
ILB,2024,0.5235651768315475,0.7765636535218226,0.7765636535218226,0.30309125560013805,0.10982320528495755,1.7598106867643242,0.6376563056314465,0.09364273939196281,0.03393085614207548,0.39138230640227656,0.14181491081228606,1.5682429408578316,2.7359399122078756,7.893139040680024,7.893139040680024,1.1077001857709676,1.2839644655072515,1.1077001857709676,637058370000.0,4.967694071885119,616555083724.0,1.2426409506706024,3.0459960342197614,4.807812248674087,3294.0,0
IMP,2018,0.8053049299050166,2.160596825941706,3.5298976639170867,0.0,0.0,0.17920501936995095,0.1519710452603909,0.0,0.0,0.07245719328884671,0.061445797888106495,6.580200842118152,133.71363466298803,7.016640253565769,,0.5817103658078143,0.7387201459739092,0.6112566041176487,875248725890.0,5.130338975096942,684812071607.0,0.5779893858032271,4.014079606925151,4.014079606925151,2524.0,0
IMP,2019,0.2859000826557504,1.6357072742733116,2.97101572175539,0.0,0.0,0.18492977938983163,0.1560681338307317,0.02410655946901325,0.0203442937196048,0.05828415224241364,0.04918785337003388,6.40745791888932,5.589777773612703,5.027662517289073,5.027662517289073,0.4609587525316138,0.5123757348305685,0.4829816340272217,718583651860.0,3.6959055392937294,681127493955.0,0.48566816031112586,2.9499060770483743,3.50325653994143,2892.0,0
IMP,2020,0.24577927663007865,1.6076284983539244,2.830454362443842,0.0,0.0,0.2114833999307605,0.17456566053059197,0.07565944392513196,0.06245190312096401,0.03450101008779491,0.028478318472846376,5.728503515299069,2.2088323385066837,8.128380815001803,8.128380815001803,0.8688535437176519,1.0979371975567427,0.9090744633585697,1503539039800.0,5.953669228772514,1549197955659.0,1.1312789471187479,5.144410965264702,6.134468047541464,2773.0,0
IMP,2021,0.6638460880218423,1.674500531191908,2.878682926975748,0.051076396577138285,0.039940728549654574,0.27880482985280985,0.2180198442673228,0.09593280420798457,0.07501754917443221,0.051667558921170254,0.04040300577150399,4.586738438239871,1.6114309424058777,12.207692307692307,12.207692307692307,1.1799022349749722,1.6715884634105116,1.230354013539376,2117228443800.0,9.029643410119505,2109750367667.0,1.6656843930070397,7.370225963335553,8.99775060182456,2600.0,0
IMP,2022,0.4675728761356887,1.745665959184985,2.885130706759665,0.0,0.0,0.20190414215667574,0.1679868926937738,0.05013600558560214,0.04171381379519915,0.04535502609162307,0.037735976190446274,5.952845391472996,3.529523782214472,8.512368688580143,8.512368688580143,0.8845003260590713,1.0194270567582906,0.9199384357737413,1675638894400.0,5.765479933877376,1591773824072.0,0.9684051318704029,4.565832974004131,5.476919921487335,2951.0,0
IMP,2023,0.34476650658244096,1.6481482445438609,3.9188082935896773,0.0,0.0,0.1477690324379119,0.1287445716530999,0.023708302923757703,0.02065598761921658,0.033822025355752676,0.029467623188886016,7.767317776274741,8.00389071561865,6.9205389056915045,6.9205389056915045,0.8456709047910989,0.8840697743136087,0.8768616115296877,1762867761330.0,4.7084318883917655,1706089021152.0,0.8555955069204012,3.8435826250767082,4.556781925359308,3637.0,0
IMP,2024,0.5035894380715003,2.1900981521894987,4.382125973963001,0.0,0.0,0.1473384975769664,0.12841763602295805,0.03944891295294177,0.03438297680784953,0.03529078165412614,0.030758822900700887,7.787092419465061,5.628715598629927,24.094202898550723,,3.2846079473061707,3.251836984549995,3.400204183254616,7170690571100.0,17.780712664256946,7094828930311.0,3.2174344835941526,14.066016202935659,17.592603301046566,1932.0,0
INC,2018,0.4326315002212985,1.4538143709559852,2.835485431214057,0.01223075797030563,0.008841708519624913,0.3833025532518334,0.2770923485616182,0.03251591753081253,0.023506005576563793,0.03435067896496532,0.024832368655876905,3.6089051364679814,2.2690711842506306,3.6503362151777137,,0.28339561150708165,0.2941439429809286,0.31190833245282534,7600000000.0,3.311661070899213,4494768051.0,0.17396168385603206,1.9585721548971355,1.9585721548971355,1041.0,0
INC,2019,0.21802803669329082,1.258622816862865,2.6014729642789485,0.0,0.0,0.43064685694499616,0.3010154846071515,0.01274859530648467,0.00891107071224273,0.04820713875682429,0.03369604352241463,3.3220882351121483,7.259754086095605,4.8518896833503575,,0.35588156076689176,0.4590033073161523,0.39131006898345727,9500000000.0,3.6806791671026446,7333906635.0,0.35434604221188143,2.3362079365013124,2.8414481436758274,979.0,0
INC,2020,0.25641481070251776,1.1087809466093796,2.3862365764443614,0.0,0.0,0.5016995482041646,0.33408783321812363,0.0,0.0,0.05795264782467161,0.03859137328367406,2.993224836616863,134.99345160771702,7.307825500137632,,0.6432534198661761,0.6832230865909844,0.7099306637604046,16460000000.0,6.1737917887594005,13168191641.0,0.5465864239237922,9.15518137106667,4.9391053114225985,1126.19,0
INC,2021,0.5123285754738302,1.2569262445837466,2.813308404956712,0.0,0.0,0.3944055146834055,0.2828485046352917,0.0,0.0,0.07933015650447886,0.056891740364703354,3.5354615054069747,,8.38599487617421,,0.7571709705016982,0.8109166834671964,0.8342368238131106,19640000000.0,5.969432675027094,14398699175.0,0.5945084206330375,3.735200085637198,4.376378071951663,1171.0,0
INC,2022,0.24095479839925943,1.3698464082825086,2.7155913735069914,0.0,0.0,0.42544271948892093,0.2984635676146001,0.0,0.0,0.10721392952109705,0.07521447761825015,3.350492684893721,,15.834575260804767,,1.6671845748742802,1.5685422634247372,1.839585984187738,42500000000.0,12.766436881957153,39886744206.0,1.4720951538240652,11.484684053872114,11.98144946665104,1342.0,0
INC,2023,0.24344150188160676,1.3136222627332461,2.425040774234856,0.0,0.0,0.5213773296797178,0.34270086684509676,0.0,0.0,0.16871261588175618,0.1108946561713745,2.9179967042569728,,19.31547619047619,,1.5973139488565231,1.5786515721193621,1.7708554791927191,38940000000.0,15.842233421957081,35845771193.0,1.4532096314242524,11.851900311459652,14.583386605792784,1008.0,0
INC,2024,0.3034563573776765,1.2541053316056132,2.26351451343173,0.0,0.0,0.5887538458321341,0.3705758745299938,0.0,0.0,0.16454537641650555,0.10356882965109199,2.6985027054670327,63.9427582003105,202.7777777777778,,2.5429299271088395,2.713713426012395,2.83817805294551,58400000000.0,68.79539617062254,54296934485.0,2.523053426425683,43.057868129316915,63.961971211402606,144.0,0
INN,2018,0.5828717207276115,1.7063161677653755,2.106881518256682,0.0,0.0,0.45666469608148114,0.31350021546477896,0.09382830925550596,0.06441311408720893,0.16554035627753516,0.11364341891641161,3.1897904711722522,2.0705572027002583,2.2988308115543328,2.2988308115543328,0.5362266408385631,0.20664588452530505,0.5362266408385631,240660000000.0,2.522280888809151,163309458937.0,0.14022782179583373,1.7115944786776278,1.7115944786776278,5816.0,0
INN,2019,0.22183871869396488,1.252300809927488,1.5754649581114586,0.0,0.0,0.6032316011574079,0.37625979972071527,0.20328018403379186,0.1267940227020472,0.1581972573131495,0.0986739889601374,2.6577380861369346,1.797559028834797,3.065725628584032,3.065725628584032,0.5062100131329292,0.19106108936417465,0.5062100131329292,250200000000.0,2.4079873419651614,284531416211.0,0.21727770719266604,1.516201306207766,2.7384014733313706,4534.0,0
INN,2020,0.22009495128894652,1.241265965552861,1.5720326405450007,0.0,0.0,0.5472297904228718,0.3536835923210275,0.1722404571337587,0.111321833511675,0.18978661616890877,0.12266220398783713,2.8273858943740073,1.9120644256114656,5.0761421319796955,5.0761421319796955,0.6246340387647327,0.26775483896143426,0.6246340387647327,324000000000.0,3.9826085395563653,350911804785.0,0.2899948573452899,1.9368127033694438,4.313408488789745,3546.0,0
INN,2021,0.1078048690560069,0.957222010941644,1.4383273900267826,0.1374463287476366,0.06735167236079553,1.040726294238867,0.509978382293069,0.338212130463072,0.16573125529762214,0.30652157403872304,0.1502021975725299,1.9608674303087037,0.8832182751125501,5.6225006664889365,5.6225006664889365,0.6901808550280132,0.24708029676550713,0.6901808550280132,379620000000.0,4.7265451397187785,587823506798.0,0.3825920828865469,3.4580641089749187,7.31883024885026,3751.0,0
INN,2022,0.2751919652164782,1.1251476808247165,1.4973882322812917,0.0,0.0,0.6767403213146448,0.4036047280022752,0.20254794028276088,0.12079863393751608,0.18114334264756615,0.10803303310887227,2.4776716688867992,1.4608340824763173,5.048631531327754,,0.6785674411119119,0.23491957416468906,0.6785674411119119,401760000000.0,3.9554585596280036,411771550815.0,0.2407735896321023,2.1889275112626834,4.054025550782779,4421.0,0
INN,2023,0.2778632668450046,1.496720814438554,1.7835108536851552,0.0,0.0,0.658702925090866,0.3971192882865275,0.1677177934665264,0.10111382269211262,0.17672451256551366,0.1065437999127134,2.5181350528571786,1.8253697075758941,4.96316758747698,4.96316758747698,0.7383997139421742,0.31661285392713095,0.7383997139421742,485100000000.0,4.350422746571536,475396567846.0,0.3102796621168522,2.303428019664682,4.263401447947386,5430.0,0
INN,2024,0.2878412243406441,1.198011880314857,1.6421509688249918,0.0,0.0,0.6738422904622967,0.40257215049584444,0.16919709569807637,0.10108305702525057,0.1814039724249824,0.10837578513736837,2.4840267732586794,1.9006726929415263,6.305697589481373,6.305697589481373,0.8620764458884883,0.3517304549652565,0.8620764458884883,621540000000.0,4.63755059384726,604055170135.0,0.3418357624862422,2.5653200422249385,4.507089508279559,5476.0,0
IPA,2018,0.08115352919316902,1.250275112361991,1.3902492634876487,0.318665242434324,0.19849976477990214,0.6053683629684,0.37709000434582257,0.13851340155273578,0.08628138235925999,0.011674768816763069,0.007272330192913409,2.6518867869086176,0.24435992245884827,11.069518716577539,,0.3429805564952647,0.523399904687824,0.36375808690892425,553300120080.0,7.3575250522766105,1256807801093.0,1.188890187133664,16.712439681201282,16.712439681201282,561.0,0
IPA,2019,0.02847189506420463,1.3421666462241961,1.4662587479734304,0.3031650113085162,0.18794577396024034,0.6130451082802764,0.3800545348256659,0.12178189184320175,0.07549813158854414,0.015415622359149094,0.00955684517439455,2.6312013365626803,0.628542530238933,5.534591194968553,,0.3940727202414579,3.0841272341629815,0.42671033089100124,705658124160.0,5.412107014480404,1455426549837.0,6.361041566721041,7.936085807356645,11.162521863983866,1431.0,0
IPA,2020,0.026406126811721584,2.0672677727063395,2.0766133494440773,0.6682484389136042,0.31356839534928627,1.1311090301981392,0.530760751406968,0.2404001796626515,0.11280519966653249,0.012201916240462974,0.0057256180080699605,1.8840880704708258,0.38781587436940124,4.293814432989691,,0.38387316813884836,2.9913886365064246,0.4181151774809078,742188405840.0,4.325386758667041,2479563756234.0,9.993875928978866,11.336198967970354,14.45060601067561,1940.0,0
IPA,2021,0.11323196254298867,4.017086280266414,4.0259912202753485,0.9609444336098326,0.4270592045247736,1.250143360518737,0.5555838718785167,0.19111892628921973,0.08493633323219019,0.001660564969436058,0.0007379818542109421,1.7999082597895477,1.9451367211084798,7.399890290729567,,2.5751258158047334,36.025156225953765,2.6110554175964715,9615482924160.0,5.365154833668137,13800542021213.0,51.704806325208054,7.5084793004323025,7.700293923492087,7292.0,0
IPA,2022,0.05692353823703067,3.938517500095208,3.9536889781208635,1.0680703993399172,0.464104468288191,1.3013577164628514,0.56547389706239,0.13506348155916043,0.05868860829108773,0.00122249639254904,0.000531206593309621,1.7684282248835046,0.13908139663755426,26.86230248306998,,0.6674233894699549,8.638453606441198,0.6803418361758534,2544645722500.0,33.353577437614874,7084005705155.0,24.04847719690623,51.84660177779757,92.85258484755254,443.0,0
IPA,2023,0.022785546468961724,0.7766244108176804,0.7808340677846719,0.2615959705635459,0.12021514912666947,1.1760649341116307,0.5404548897764185,0.8201409898405198,0.37689178157513886,0.001978321579242125,0.0009091280081905123,1.850293186196708,0.10910397741713433,11.381531853972799,11.381531853972799,0.8373111681276711,9.79284109072217,0.8580463646879695,3399988822500.0,9.911310400529208,7708828575359.0,22.203406297847867,18.78553029372862,22.4720129458168,1397.0,1
IPA,2024,0.13969813470780745,4.118248914457591,4.170835106769378,0.8139765396946599,0.42229499878137877,0.9275069371968903,0.4811951227245558,0.024954082534393088,0.012946299726777112,0.001175804181656839,0.0006100129441644305,2.0781590518580897,1.1991522566745028,6.185031185031185,6.185031185031185,0.5656497991165527,4.543567052769239,0.5741076757589054,2544645722500.0,4.921368217494423,6253175607007.0,11.165295982838842,10.750801867173958,12.093699102640267,1924.0,0
ITC,2018,0.07803820737415286,0.3675916392088123,3.2063015622039233,0.10931980484521461,0.049660095473482414,1.2013611492871454,0.5457356007560029,0.4122991326485597,0.18729281780141904,0.060979259487732876,0.02770070667753878,1.832389161738227,0.11643781306687018,6.436974789915967,,0.3324855246646361,0.8513289881743417,0.3406008507661484,529204030080.0,6.86224009195502,1281520771671.0,2.0615787481931074,16.61760439863707,16.61760439863707,1190.0,0
ITC,2019,0.025837669815079452,0.25110418310711247,1.244458838021913,0.08836480996498879,0.038775095936139856,1.2789062884723763,0.5611930139214579,0.3680201271788716,0.16148980282360242,0.042877473613616886,0.018814934967053443,1.7819181194225548,0.18449844120966,6.91764705882353,6.91764705882353,0.44870515613293965,1.801157179934812,0.458338553922725,812459450880.0,6.863060521845381,1588181542443.0,3.5208705925111556,12.822316671263675,13.415790823355136,1700.0,0
ITC,2020,0.02138007289359846,0.2729353165183428,1.1923069589000406,0.14686948071941916,0.06468963041112254,1.2703713065914637,0.5595434116451585,0.2793644384468101,0.12304790746594808,0.06102610087068947,0.026879348190102306,1.7871714315424065,0.42473151643860607,7.158962795941375,7.158962795941375,0.5210121114472915,1.0987385594659478,0.6890880914262533,1012523933800.0,4.7084317470786905,1798118930676.0,1.951225583601507,7.380112678418324,8.361600131706503,1774.0,0
ITC,2021,0.036511399277269936,0.29650534633634407,1.2711763462999843,0.08086556584852075,0.039835764858875064,1.029973972760425,0.5073828465691276,0.2631148011622691,0.129614864374087,0.06527399289871377,0.03215508857483136,1.9708983201972647,0.3073797691934307,15.302158273381295,15.302158273381295,0.9000368402388169,2.5965280206246204,1.1639656785695618,1864409662290.0,13.116627191198848,2511849172396.0,3.498204762411544,13.558842057654788,17.67153958769548,1390.0,0
ITC,2022,0.06971034997012324,0.28935938995979266,1.3690821175796084,0.08256121026848261,0.04394478398226816,0.8787488021740256,0.4677308649017723,0.22109294713034927,0.11768095174538919,0.06258961125778814,0.03331451825031719,2.13798163653367,0.5020029114429794,4.379746835443037,4.379746835443037,0.30010010296542666,0.8173883361847495,0.37955509323370734,666917830280.0,3.182551277733302,1230962425364.0,1.5086930999457455,4.563366367444052,5.8741884859175375,1580.0,0
ITC,2023,0.10152335717937667,0.35301725066146367,1.5123325353040544,0.08577833409163978,0.047640500359964984,0.8005338618089782,0.44460916775244086,0.16002648444716028,0.08887724237875942,0.04802438119723691,0.02667230104130744,2.249166397209339,0.3313836136939202,13.284132841328415,13.284132841328415,0.45156879976517056,1.9675278300295855,0.5640590972671311,1040854417200.0,13.330702341192787,1458456489444.0,2.7569213181490837,9.728381213019832,18.679124589450744,813.0,0
ITC,2024,0.031038837977903733,0.33127753722018394,1.657425245859167,0.07986034224438379,0.046507121907641516,0.7171637153332865,0.4176443451078229,0.19142570582600119,0.11147784227949815,0.05230660283275684,0.030461045947855116,2.3943817549878013,0.08518679565510683,32.53731343283582,32.53731343283582,0.45227415477007554,1.8341407620513515,0.5630002220745844,1050491958100.0,21.110245784761002,1640058472773.0,2.8635136841040856,36.913394594792315,32.9579271832198,335.0,1
ITD,2018,0.7151457422595419,2.4247917651926714,2.9430315549968156,0.0,0.0,0.47740680477501757,0.32313835514499206,0.03990317752855213,0.027008930376917185,0.1369074166398341,0.09266737921968801,3.0946496572692537,3.57505452752696,10.051546391752577,,0.3292403315248818,0.2619128478479744,0.3570439512353624,111529068300.0,2.2598936136992775,26853303105.0,0.0630618115757666,0.5441236900722901,0.5441236900722901,582.0,0
ITD,2019,0.27960689698778035,1.6953760801053348,2.1573028905686877,0.0,0.0,0.653332716474945,0.3951610646572757,0.14579938982060184,0.08818514771271166,0.15194910046997906,0.0919047321545468,2.5306136900590217,0.3536751118014584,7.7030456852791875,,0.3737355645154906,0.2864370283924773,0.4074487404080015,115723323860.0,11.60865707664971,106759779733.0,0.2642505679801509,6.47419910315853,10.709489074115977,788.0,0
ITD,2020,0.14177868478234973,1.3777353056379769,1.8475490068371565,0.0,0.0,0.8616132986955861,0.462831512483989,0.28494952489231884,0.15306590530481284,0.1890175786270872,0.10153428682505111,2.1606134695389687,0.7671451463215422,4.309677419354839,,0.3914313104195993,0.24053728278507608,0.423417132553805,127352850640.0,1.8863699408873567,181536987869.0,0.3428773958930251,2.4605432920063355,2.6889536854054223,1550.0,0
ITD,2021,0.3083389449738277,1.7030104234079197,2.0159001826798164,0.0,0.0,0.7809170607876875,0.43849153786100137,0.12434841249819688,0.06982268587128837,0.0956099417254259,0.05368579134344317,2.280545720170757,0.5563957301947319,15.124378109452735,,0.6829829501118586,0.545920478848019,0.7166424772786081,231827943680.0,10.030987309591541,195179053517.0,0.45961776939272453,7.716425917389734,8.44522268475791,804.0,0
ITD,2022,0.29842701153516915,1.8763381962793788,2.116164664277431,0.0,0.0,0.581522216823905,0.3676977854865347,0.12622229538158408,0.07981063689074837,0.16535396409787217,0.10455367767766462,2.7196247556313353,0.011157916978587897,52.021857923497265,,0.5643083876794226,0.26597354216205055,0.7364889614664204,233559786320.0,7.37155555333344,216891851240.0,0.24699240759430122,347.65082946297053,6.845486355645303,183.0,0
ITD,2023,0.2709546279757476,1.6033775597594504,1.8077453870033502,0.0,0.0,0.7341688897145724,0.423354895863349,0.2374699665318962,0.1369358935801123,0.2876795473470315,0.16588900253791358,2.3620844113794806,-0.4907435278717969,,,0.5877920150085688,0.4308984359232149,0.7844560068447376,212706233970.0,-5.554354614057047,228752807341.0,0.4634054444788091,-5.308893558735181,-5.973375519930401,0.0,0
ITD,2024,0.2475776258041652,0.8461230168036342,1.7238014860176099,0.0,0.0,0.891658601491642,0.4713633849091673,0.32777064995827354,0.1732715669200639,0.21143150494615037,0.11177043509829358,2.1215054711827097,0.274339351464728,71.4375,,0.7773466550387867,0.49604762662378904,1.0023068191623443,280418945130.0,10.459127318339558,321082824324.0,0.5679800731072068,9.627015716243816,11.975817603122048,160.0,0
ITQ,2018,0.03813985816738576,1.1338047748001865,2.0186938860868557,0.0,0.0,0.6844168738828651,0.406322736666232,0.354067602044312,0.2102018850168168,0.3111958817436711,0.18474991943432156,2.4610978164912187,0.08465201067701038,11.660649819494584,,0.2986471688057653,0.16867843920123932,0.30672161505888634,77013875150.0,9.297247191200782,161587861558.0,0.35391529420357154,19.507163989296497,19.507163989296497,277.0,0
ITQ,2019,0.09065380765356743,1.2581305409058703,2.289624746631145,0.0,0.0,0.5717501238499282,0.36376655243993433,0.33557790189195164,0.21350588544568988,0.22045970547464283,0.1402638384622087,2.749015799535669,0.12080535849746335,63.333333333333336,,0.17547974180446166,0.0988196844881973,0.18019572423732563,45302279500.0,50.11924383394277,118554989854.0,0.25860876806152133,10.519154594339149,131.16087114828818,30.0,0
ITQ,2020,0.09941791795066467,1.29797065544037,2.51320070874295,0.00637069626563924,0.00426666049329515,0.49313409765095684,0.3302677893611633,0.29240288106687373,0.19583162793408218,0.1782658086683704,0.11939035412078762,3.0278459850241504,0.14992672513489075,38.68421052631579,,0.27498858074171945,0.154746083788245,0.2824389580262394,70099316700.0,34.87915958314492,133925629288.0,0.29564434614801727,11.152411664626756,66.63707459803612,76.0,1
ITQ,2021,0.058375425547073284,0.8801572926547631,1.6967977167438015,0.003002944753431125,0.0016059155699721247,0.8699269186880414,0.4652197420091639,0.24279195324901118,0.12984034339660522,0.5824596034527691,0.311487897003712,2.149521848925109,0.37596851166123435,18.574108818011258,,0.8729572213998278,0.34411514626296663,1.0100388724622547,236048719500.0,15.461475210759815,288827755015.0,0.4210571672336101,10.98423757858932,18.918565556310213,533.0,0
ITQ,2022,0.03966145541194276,0.9055151340196173,1.9122864990028268,0.0,0.0,0.6674185433051015,0.4002705535361066,0.37271723402175805,0.2235295004474224,0.28418453242584185,0.1704338323253505,2.498310183363999,-0.060025178795982695,-4.63458110516934,-4.63458110516934,0.2508685205095421,0.12427564228082837,0.2560355630692541,82792593000.0,-4.447774975815891,197062174506.0,0.2957997499364446,-25.653889044205275,-10.58655341846403,-561.0,0
ITQ,2023,0.02568346994024484,1.0868475994925368,2.1387763711534538,0.0,0.0,0.55755611897705,0.3579685586823247,0.33881835168767716,0.21753203467891838,0.21138022122250372,0.13571274809753311,2.793541431909497,0.06883611257918737,43.333333333333336,43.333333333333336,0.24960902719169795,0.15208240429352915,0.2546986376330506,82792593000.0,39.51704889510455,190425166487.0,0.3497935758255395,22.80827469068529,90.89026375735332,60.0,1
ITQ,2024,0.022486926967207804,0.9222502742579727,1.903750607907193,0.0,0.0,0.6297874196029684,0.38642304636048214,0.36011021085431333,0.220955326150474,0.2665399776314138,0.1635427874982281,2.5878373699976756,0.07058063248463475,78.78787878787878,78.78787878787878,0.24897414363515044,0.1490701244055795,0.2540126178742234,82792593000.0,134.98615174968555,197832453569.0,0.3562022567041941,22.216913866290746,322.5486801515886,33.0,1
JVC,2018,0.6496790368898018,1.541643794824535,1.839795082942295,0.0,0.0,0.43780738678002334,0.3044965485679519,0.014909718637397996,0.01036976077219104,0.2947517310682414,0.20500084627353274,3.284109474156613,-0.06350427563165047,,,0.6406768379331668,0.5446208370904945,0.6414989958163693,338625514710.0,-558.2964431938565,213195701399.0,0.34288857843289267,-351.4986220019947,-351.4986220019947,0.0,0
JVC,2019,0.6048975242641889,1.8493870638938146,2.5934877521837105,0.0,0.0,0.32551568180289125,0.24557663577404326,0.0,0.0,0.19131739780922344,0.14433431489019002,4.072048616710047,1453.8773414406978,32.9126213592233,,0.7061175520413252,0.7288998795054743,0.7066589357686003,381375579690.0,-136.4369141105962,289937516781.0,0.554139888079805,4.993288493936546,-103.72499494237043,103.0,1
JVC,2020,0.34423943616667946,1.662187131308454,2.1769340707786213,0.009260840481899199,0.006752782294775512,0.3714110832603208,0.27082403503502944,0.07850605927352806,0.057244731526372,0.09723554691215343,0.07090182374856614,3.6924344616261853,-0.3987138974371694,-10.81081081081081,,1.4131728538314485,1.6433244902441835,1.4204831182915345,675001026000.0,-11.14233663027695,664571697922.0,1.6179337581012538,-43.9709311762413,-10.970178248590765,-555.0,1
JVC,2021,0.01724006852829834,1.5712908861133903,2.0263924108304456,0.00585233484690179,0.004077861428711828,0.43514804247541783,0.30320777341189964,0.15008245371015053,0.10457628709250129,0.06453641530064261,0.04496847251334911,3.2980684787442,-0.0015661041019271195,-44.3231441048035,-507.5,2.528016606943553,2.925119182721539,2.542026716962653,1141876735650.0,-41.43469329241204,1209206643574.0,3.097596648187421,-10744.26777381301,-43.87785900123019,-20.0,1
JVC,2022,0.04572044968366783,2.313250710534887,2.7742676856683532,0.0019328922908922119,0.0014604810224972747,0.3234627914487801,0.24440641137684643,0.09429131881961736,0.07124591596292458,0.12508121970479255,0.09451056766610531,4.091545693775257,-1.3004834170862412,-63.541666666666664,,0.7681243588998745,0.7071687310371794,0.7710377823416775,343125521550.0,-55.58934763430815,379742051504.0,0.7826340153027853,-6.4176020506778695,-61.52154703346696,-48.0,1
JVC,2023,0.8262574884581222,2.5684623570641656,2.8548747885528876,0.0,0.0,0.3751536999911589,0.27280855950398186,0.185695698411072,0.13503632242146157,0.09672979159560109,0.0703410764892848,3.665574136743331,-0.7767402305342785,7.222222222222221,,0.7614979077737133,0.6598283063394641,0.7638748727708172,380250577980.0,8.420537318602095,320040092559.0,0.5553483004700055,-4.20361578827436,7.0871938108761325,468.0,0
JVC,2024,0.06792423640435576,1.4203508313327058,1.950474892995297,0.0,0.0,0.5344281311501572,0.3482914059647534,0.26094752292329376,0.17006174328132007,0.16268100643119132,0.1060206099775106,2.8711589860508893,0.5485526609677089,10.584958217270195,,0.7921348948376153,0.6990553826784245,0.7940756642070567,427500649800.0,7.380177413729364,548747625219.0,0.8973202293863383,6.839298040566218,9.473330230898027,359.0,0
KBC,2018,0.05697630149593209,1.594114968223481,3.778986277440741,0.1304074674280738,0.075865477918288,0.7189302830008011,0.41824283981182614,0.12242169348026981,0.07121969674450884,0.022985628566352518,0.013372053999901407,2.3909554565235718,0.764018068246679,5.818639798488665,5.818639798488665,0.4468243683798982,1.7644542593784465,0.4468356886930927,4395571183080.0,4.094656987698441,6658661276343.0,2.672895685554388,6.202819335254218,6.202819335254218,1588.0,0
KBC,2019,0.16029789565959415,1.5647156855644426,3.4203607145686385,0.1080708746807126,0.0682710773716661,0.5829671779218798,0.3682749623951138,0.07745160887785839,0.048928120530924026,0.03569861963170189,0.022551711829279408,2.715362438696342,1.4311225701382095,5.9335038363171355,5.9335038363171355,0.5315653451896164,1.7191311787186794,0.5315747611471434,5518249537200.0,3.967991731049766,6792177755427.0,2.116005170124805,4.747372580691075,4.884031609601654,1955.0,0
KBC,2020,0.15077958833236677,1.417572440964076,3.074213624418881,0.395960153679731,0.17733890435321825,1.2327878652676771,0.5521294183134969,0.14518749064956352,0.06502520589082374,0.014587664499676588,0.006533385784917705,1.81116956791497,0.307661280692543,38.40670859538784,38.40670859538784,0.818082471168638,4.051687723591078,0.8180940597671162,8715028579440.0,19.271232086765277,13430114675905.0,6.243769628840525,25.057722780236354,29.69753392224312,477.0,0
KBC,2021,0.3935540983201271,2.1761206944280964,3.9446699586808696,0.3343104475223492,0.17867531256992217,0.8710500220421961,0.46554074545343826,0.0914403784325761,0.04887115649253013,0.009186519076174146,0.0049098201373298025,2.1480396931228793,0.9552275367446698,27.41141141141141,27.41141141141141,1.5857991501872246,6.188311175999616,1.5858050813646711,26275457661880.0,13.9144041665027,30767339192429.0,7.246224649266737,16.139445923401553,16.293120301094874,1665.0,0
KBC,2022,0.1575368221851814,1.4361287940844096,2.5901958874711077,0.2066114906473539,0.10562754639812078,0.9560379625653194,0.48876247847024784,0.22142121580543345,0.11319883358247418,0.025390598208534128,0.012980626498288753,2.045983568807998,0.3921242594310035,12.142498745609632,12.142498745609632,1.0409355347836788,19.548244356508174,1.040938728477249,18576035167800.0,11.014898820792332,24531351683387.0,25.81524274531618,13.98225910653551,14.54618029568379,1993.0,0
KBC,2023,0.12788160448628527,1.947273958633395,3.8045744215805004,0.1642881547329806,0.0993607697827335,0.6534509051431475,0.3952042985434605,0.016681933349807034,0.010089161581947784,0.021568453791401085,0.013044508140103378,2.530336850296253,4.189074971810608,11.999244142101285,11.999244142101285,1.2052620801538185,4.337733920818433,1.2052756442038217,24371451098250.0,8.47884708784325,27189519755022.0,4.839305696515978,9.05251485257557,9.459255399498083,2646.0,0
KBC,2024,0.9257501223895465,3.1336196528976235,5.086295057964858,0.4718401897211966,0.21777582784490257,1.1666325156033193,0.5384542635641464,0.01799399610702436,0.00830505218464044,0.02564705819846357,0.011837290363623064,1.8571679484544916,1.7109432915324114,54.618473895582326,54.618473895582326,1.0113317691897281,7.521813178689946,1.0113407385736375,20878849444800.0,22.35593241955168,24425394057722.0,8.799491150305018,22.301842780691533,26.15337882094599,498.0,0
KDC,2018,0.2445315057069767,1.5691168682024703,2.0228077960238493,0.057002988569042436,0.038080409912315344,0.496911107319973,0.331957659269179,0.20581901853539514,0.1374958189093056,0.0689304565503619,0.046048463541547915,3.012432375266017,0.0889712190680134,137.1527777777778,,0.6064560722941118,0.6662100860396329,0.8426127644659792,5068904590750.0,30.375355874566456,6621092936193.0,0.8702154115796611,39.67682772772073,39.67682772772073,144.0,0
KDC,2019,0.19538260707579175,1.491635462920288,1.8298170240552845,0.02550157652318865,0.017430379935342286,0.4630533940043957,0.31649794594099717,0.20708674110956737,0.14154421291677424,0.04425195041346902,0.030246299003723217,3.1595781673301095,0.25256810591746287,58.802816901408455,58.802816901408455,0.5255388514940448,0.5944720019378614,0.723616412051277,4286111729900.0,16.609483829852437,5658430414339.0,0.7848088589880667,12.159201601072265,21.927475155086913,284.0,0
KDC,2020,0.28962343876805446,1.1210761027364116,1.4394219453603772,0.001152893652317896,0.0007188001777198221,0.6039139778388832,0.37652516667545854,0.3300253317312575,0.20576248869402225,0.0708897501567819,0.04419797516341798,2.655864968680668,0.22106762111616732,34.549138804457954,34.549138804457954,1.2389531372661688,1.1460380409847235,1.7045649698678276,9539180239600.0,23.385862984546623,10986932654263.0,1.31997115677213,18.651516737789557,26.935113418489063,987.0,0
KDC,2021,0.2373981453058339,0.8372674470768696,1.2994768194865713,0.1446885158853695,0.07088726534547946,1.041107315682286,0.5100698565348449,0.5078316458867476,0.24880203112544008,0.11300788204297199,0.05536596786200659,1.9605157748263957,0.2464243437388462,19.6328125,19.6328125,2.039235571775806,1.3394286066784582,2.854461735248774,14059800552560.0,20.420331915711426,17277398401483.0,1.6459580334312314,19.056387494525715,25.093543018576135,2560.0,0
KDC,2022,0.20271151122911565,0.8785561052961617,1.2861906293432492,0.10661340834436883,0.05368985801209628,0.9857271427379992,0.4964061383473057,0.5910200586535072,0.29763407365152156,0.07783496580847528,0.03919721100309549,2.0144795214042253,0.15915294606236519,39.274809160305345,39.274809160305345,2.4488725828323368,1.3778203837269478,3.3147381024167504,17271231319440.0,34.645728838168814,21091298323307.0,1.6825679774440436,30.11014827849613,42.30870335988944,1572.0,0
KDC,2023,0.5185073310958813,1.3981416307655268,1.652594455797792,0.0697165456860758,0.0400819930667779,0.7393482796607886,0.4250720159420734,0.39323525494010875,0.22608195238322154,0.05929997764664569,0.03409321660306612,2.3525425398417075,-0.030185773535444712,119.20318725099602,119.20318725099602,2.4129413053312208,2.0049455994495577,3.545311207342989,17342009949440.0,53.98225511561963,18484260820146.0,2.1370035825418445,-199.64605648580132,57.5378566916919,502.0,0
KDC,2024,0.2952171581836185,1.0966515957493213,1.3747945754618942,0.12013437140382227,0.06474972270123633,0.8553650331158626,0.4610225038462538,0.4388227285302763,0.2365155754786034,0.09518755375484371,0.051303949387785784,2.1690915121433845,0.17482272549722325,410.2877697841726,410.2877697841726,2.2749175506523196,1.98558662120699,3.4587338916967947,16527654201480.0,166.59109735248467,19235897017916.0,2.3109474157723633,33.15323398507863,193.8889302564824,139.0,0
KDH,2018,0.6614909189100584,1.3522672409597425,3.448541731725482,0.048773006438361126,0.032901132979509605,0.48241115188149647,0.3254233154339224,0.09156811197373262,0.0617697133872159,0.04122701609080999,0.027810783829090937,3.0729205701398223,1.6533334730001814,7.178217821782178,,0.8701122170447637,2.058337804125396,0.8706528564973038,6003338618500.0,5.472706695713519,5135915752500.0,1.7609284139989545,4.6819548776927435,4.6819548776927435,2020.0,0
KDH,2019,0.25701734196336484,1.157105693352285,2.6963972504902176,0.05286813235048146,0.030610445521692446,0.7271271766696713,0.42100384180842576,0.049226681311934896,0.028502059360131272,0.09077058425505176,0.05255581956047957,2.375275236692594,3.2194900973851692,9.224852071005918,9.224852071005918,1.1074178937869206,3.016915587226391,1.1078187205840393,8487649809310.0,6.942315582154842,8095146836310.0,2.877401308965579,6.637670406856536,6.621275062491659,1690.0,0
KDH,2020,0.4235921814614822,1.333090329703189,3.026305565921241,0.12971592801478776,0.0754364601963682,0.7195389030334273,0.41844874911762303,0.0964582125607039,0.05609539417255556,0.02966574962869048,0.01725215380492836,2.3897789206173656,1.9136458113381793,10.442528735632186,10.442528735632186,1.2888051695859988,2.319956466931342,1.289091274967283,10514201669230.0,7.021104328444556,10523605086230.0,2.3220313289861805,6.988351480524404,7.027383680303869,1740.0,0
KDH,2021,0.6058164458687235,2.523861290071971,5.954879263538663,0.17002453259695882,0.12091365430009991,0.4061648668310767,0.2888458362257386,0.07969862738951514,0.05667801071514708,0.015128129673956667,0.010758432407751244,3.4620544061382303,1.643160197906201,19.441340782122904,19.441340782122904,2.188999265936836,5.985021471488322,2.188999265936836,22374210001200.0,16.508493252080957,23561304655200.0,6.302565062636253,17.264594449467506,17.384374191970647,1790.0,0
KDH,2022,0.7859463558953216,2.299050160467121,5.854529652262677,0.4727860253941522,0.2588897195215201,0.826206255960859,0.4524167263495384,0.10129472096121374,0.055467294907451455,0.009236055336260854,0.005057509416646534,2.210351522740557,0.8344282926882421,13.819444444444445,13.819444444444445,1.2094515684572333,4.898728419989585,1.2094528999847636,14264916900500.0,14.382784553437432,18283104805500.0,6.278618076857614,18.19739433210263,18.43417379993332,1440.0,0
KDH,2023,0.6977088371574744,1.1130847360284422,4.627587434801888,0.31575920258216267,0.18509692744563372,0.7059127179456114,0.41380353784789453,0.09304612650408572,0.054543310173652305,0.005936188295763335,0.0034797725776452037,2.416605728411097,0.7854272527141901,30.880952380952383,30.880952380952383,1.3357134777715918,9.931240416468404,1.3357134777715918,20734152527740.0,18.484054111070378,23350373835740.0,11.18435759874407,20.583375292326078,20.816359526442874,840.0,0
KDH,2024,0.7401808560480343,1.593762071398971,6.8966626716539725,0.3083366352834178,0.19501465887430275,0.5810946575157567,0.3675267984453143,0.056545287763735685,0.035763379184760906,0.014820479313077548,0.009373555999717146,2.7208900255168573,1.0384964227272728,409.875,409.875,1.704345125665606,10.11270799318613,1.704345125665606,33155364706350.0,29.34500961122797,37157952388350.0,11.333536079490893,32.52775452800286,32.887602945319,80.0,0
KDM,2018,5.919006896438399,6.270895849277535,7.163413288111175,0.004226135794292685,0.0036621803078338033,0.15399446205652934,0.1334447149617134,0.003132847969497598,0.0027147859651896083,0.04417145273980482,0.03827700581949678,7.493740012760414,4.208200628762723,26.3758389261745,,0.367644168567884,1.9260722842263118,0.367644168567884,27903000000.0,14.998495474005242,-38819415328.0,-2.679604341939249,-20.866316349515742,-20.866316349515742,149.0,0
KDM,2019,0.4450224478553212,2.6505385710094087,3.168423341792149,0.0,0.0,0.30009724432615903,0.23082676748668873,0.0,0.0,0.192961161139567,0.14842056006324267,4.332253190946184,37.049698224303064,8.181818181818182,,0.20519953090883195,0.3231822614463593,0.20519953090883195,15975000000.0,8.406787916843475,5577990784.0,0.11284555091706235,6.123996514871521,2.935398154816617,275.0,0
KDM,2020,0.03385259364874115,2.3756976817421593,2.699857016566777,0.0,0.0,0.28307156276327977,0.22062024518230636,0.0,0.0,0.17963426163610638,0.140003306790806,4.532675590010628,,375.0,,0.20508905498663899,1.2179131350044703,0.20508905498663899,15975000000.0,14.886106885434323,15228574318.0,1.1610066159176178,7.804626591327268,14.190559312083135,6.0,0
KDM,2021,0.46672471063638604,14.60887408727585,14.60887408727585,0.0,0.0,0.05971693182834102,0.0563517766252076,0.0,0.0,0.048843498375472014,0.04609108046542372,17.745669433830667,,-262.7777777777778,-262.7777777777778,0.8650860074855173,3.167161786202669,0.8650860074855173,67166000000.0,350.4103083715577,65002043736.0,3.065122069882586,102.30699350727663,339.12077822578743,-36.0,0
KDM,2022,1.489154447721197,10.283305831323899,12.360102336680374,0.0,0.0,0.07492096245742676,0.06969904306838194,0.008649785190684189,0.00804690344014644,0.05505744296501883,0.051219991876565,14.347399275179388,-5.285773044812464,-20.19607843137255,-20.19607843137255,0.8848312639921564,1.4969903796522241,0.8848312639921564,65817000000.0,-20.663298493442948,58161499304.0,1.3228680268659698,-14.854781710321673,-18.259848077924037,-459.0,0
KDM,2023,0.07469286343930565,26.788207840638904,28.531554733451394,0.0,0.0,0.033881989836479026,0.0327716220705594,0.0228550453643175,0.022106048455232594,0.004781575030024734,0.00462487506023874,30.514205181755607,-2.371341812953301,92.36842105263158,92.36842105263158,1.9674414849426163,2.0021790405457978,1.9674414849426163,149526000000.0,70.28405213699811,151070651611.0,2.022862193178046,-34.75728708527694,71.01010897233793,228.0,0
KDM,2024,13.068887274945553,56.27147065382172,60.47399971417914,0.0,0.0,0.012261304103121581,0.012112785555884976,0.0,0.0,0.0,0.0,82.55739320953731,12.803077002886434,92.98245614035088,92.98245614035088,1.562700577008068,3.387318664542161,1.562700577008068,120791997900.0,72.63748676398535,108405809889.0,3.0399780578661897,65.18913270621009,65.18913270621009,171.0,0
KHG,2018,0.16399208940902157,4.496276968242079,4.496276968242079,0.0,0.0,0.12994894527615858,0.11500426264338798,0.0,0.0,0.002032011651322762,0.0017983216496796147,8.695329868779378,,,,,,,,,,,,,137.0,0
KHG,2019,0.1767143090001785,6.127399873481205,6.127399873481205,0.014428767727729098,0.013002360369242759,0.10970372439918857,0.09885857097450397,0.0,0.0,0.0003221084735257925,0.00029026529013425386,10.115460805698923,27.257762158814884,,,,,,,,,,,,85.0,0
KHG,2020,0.41438353303908476,2.1458519669547593,2.1458519669547593,0.11951674886650286,0.08863838802751148,0.3483632941227157,0.2583601138069922,0.08575290074842928,0.06359777155178539,8.309906689102612e-05,6.162958251180576e-05,3.870566494435939,0.7085591030266036,,,,,,,,,,,,709.0,0
KHG,2021,0.47829943439804884,1.5150575527095473,1.8499666438898885,0.11531249054913977,0.08436724284338593,0.3667922129824565,0.26835989369743685,0.02473720296582205,0.018098729807542128,0.09088677420048402,0.06649640913753918,3.7263392313288546,3.035764613667202,8.915737298636927,,0.9766691598352231,3.5615513019158085,0.976670834617629,4587784501330.0,8.895323854415023,4681843289417.0,3.6345702501839243,9.075462118449744,9.077695842712448,1614.0,0
KHG,2022,0.10278942896593223,0.9023150729284652,1.1446856594777273,0.0,0.0,0.3705942905813879,0.270389489528799,0.1960963101953354,0.14307392898313764,0.04662214524973745,0.03401600719492342,3.698368607976127,0.5188401581316819,3.752260397830018,,0.36288164741550305,1.3358762120317744,0.36288164741550305,1865156100750.0,3.1876031704806933,2677356211838.0,1.9175963197352175,4.573740501170605,4.575675540470437,1106.0,0
KHG,2023,0.050910027260258096,1.6749531987074153,1.888804245830059,0.046464730835445126,0.03755436928116739,0.23726564244938772,0.19176612871887247,0.14810632953798133,0.11970455208372106,0.012638895936370013,0.010215183791371648,5.214685234982198,0.04050567681933283,111.96428571428571,,0.5455653922642879,8.525567324510712,0.5455866777540562,2817958735350.0,79.88653204837841,3772816105608.0,11.414431768591626,105.62993381490774,106.9558581367435,56.0,0
KHG,2024,0.1370838791290763,2.051837634044548,2.2119014676410256,0.11311795928288967,0.0895828103679038,0.2627194750681562,0.20805846449305432,0.08478386169466788,0.06714386161668379,0.004237762566862703,0.003356060194315105,4.806341344662684,0.1396274812063295,45.49180327868852,,0.47786294745960134,8.050439565990857,0.47786887204553885,2494365387750.0,31.96980444898414,3420397077075.0,11.039160539956887,43.534469295005,43.83857562688579,122.0,1
KHP,2018,0.2235857821004107,0.7337378757060901,0.9313637418361799,0.8699979199274862,0.2877922423870032,2.0230068493561855,0.6692035281981014,0.24707783801974975,0.08173247707737423,0.4752964384453078,0.15722638489771612,1.4943136995894237,0.28764167096377896,4.1044176706827304,,0.3371512759800604,0.046945940430565616,0.3395603919352262,212327122560.0,3.7240956819703155,770791295648.0,0.17042345703933368,13.519236267198353,13.519236267198353,1245.0,0
KHP,2019,0.19764081138337544,0.841804412042712,0.9966775674590114,1.1174700684549421,0.3611115400248739,2.094528821698607,0.6768490269057847,0.3145176870763715,0.10163669663407132,0.1643523360716695,0.05311061733186749,1.4774343468756983,0.8297347482900278,6.4778325123152705,,0.33998561555216283,0.04070696506436758,0.34368085923850783,218559816960.0,4.057959171621714,1028635534621.0,0.19158430563403833,4.878998700731824,19.098483243766765,812.0,0
KHP,2020,0.3930603431224711,1.036423972040849,1.1723259469549128,1.1140879823916645,0.3639738453553945,2.060901206524433,0.6732988317726623,0.1664964005613661,0.054394568569045086,0.12158455664162228,0.03972181669322092,1.485224617674144,1.059011207604603,7.221458046767538,7.221458046767538,0.45604800890814684,0.06609561011668674,0.4658255162132857,302247834000.0,6.598645298996017,919554070588.0,0.2010882477682096,5.060032840750336,20.07561498375587,727.0,0
KHP,2021,0.18111942406789272,1.091627259293902,1.2153509983266022,1.1439226812575203,0.3628601901123266,2.1525163476969156,0.682793080286307,0.431496964114393,0.13687382285253652,0.16611882410501996,0.05269404050081415,1.464572546020359,0.71446637580525,21.267942583732058,21.267942583732058,1.5406206581960695,0.24040730332956467,1.5619904885242364,1048512238760.0,20.15415716109895,2003464804728.0,0.4593628507283437,7.9686659651478715,38.50994108468477,836.0,1
KHP,2022,0.4106071290093633,1.2595295863952225,1.3858934291662204,1.1864668007404497,0.3875087937256426,2.0617803258949317,0.6733926364532019,0.19387566235162054,0.06332121893655202,0.2513183003973331,0.0820824075038352,1.4850177234890154,1.4032631699372635,6.227544910179641,6.227544910179641,0.5316563300805258,0.07299758660475324,0.5355728237004309,376933234080.0,5.635317687303945,1118445045365.0,0.21660013413505677,3.91534074100135,16.721245506001594,1002.0,0
KHP,2023,0.03844489841501144,1.1863790258520668,1.253604328286032,1.1320602423751214,0.34456825465134977,2.285445560040325,0.6956272804630718,0.22390437138000696,0.06815038243313909,0.5042683732480467,0.15348553614197077,1.437551441821417,1.1988287095272563,13.872053872053874,13.872053872053874,0.711189269203618,0.0802125927506981,0.7127212646416773,497745168080.0,8.93670316934231,1417344670138.0,0.22840782413156305,5.077162053300641,25.447537048992295,594.0,0
KHP,2024,0.12884534404429046,1.1328033373353261,1.1806581185929008,0.9004638156482813,0.2801804558423496,2.2138709066664854,0.688848734426229,0.33319347982107334,0.10367357292725572,0.661361641742393,0.20578351183009255,1.4516975208395237,0.9132862516469735,27.019027484143763,27.019027484143763,1.0976189335522852,0.10844641837940222,1.099528529110861,771988258260.0,14.838630576729587,1527129915984.0,0.2145262806998878,5.685297170568663,29.353447314125823,473.0,1
KHS,2018,0.043422671590442344,0.48146186777602534,1.1085945791612377,0.5311298688239686,0.17771699287295625,1.9886273689295149,0.6653982325142842,1.153790790922463,0.38606043795139805,0.22311829510637826,0.07465577590099369,1.5028594173167311,0.1172708617910451,1.4926527455529777,1.4926527455529777,0.20299310288202768,0.036275422963128114,0.2298863130627979,41302000000.0,1.4072869586465095,371267184596.0,0.32608285684832844,12.65022195185117,12.65022195185117,2586.0,0
KHS,2019,0.049919669230851185,0.35055702058576677,1.0089821373618635,0.7561387709249525,0.20402048769075656,2.7061903904036715,0.7301811578300806,1.5335887448705061,0.4137911395057798,0.31798926901492025,0.08579949638806479,1.3695231509010104,0.153711537232775,2.553905126976521,2.553905126976521,0.30685522749819344,0.057051456903570275,0.3453324949340591,64444864770.0,2.3166159972712785,524900350446.0,0.464681395934581,9.921673706301952,18.868726828061646,2087.0,0
KHS,2020,0.09686817485013964,0.3462145542178046,1.0331695285453824,0.7229185167771146,0.21852883385174204,2.3081150163807167,0.6977130495619641,1.2061457055567666,0.3646021071166881,0.2814787323992302,0.08508734763012726,1.433253972571986,0.14930737193907084,4.876673713883016,4.876673713883016,0.41244308140443503,0.07067614538077423,0.4700259220224187,83669505480.0,5.463937406683041,443879684891.0,0.37494789721719496,10.850295350428835,28.987034170081913,1419.0,0
KHS,2021,0.09707186384197991,0.6995247108729752,1.2557738592321788,0.550736569152238,0.23449852653046593,1.348571555227604,0.574209268704573,0.4973837018922805,0.21178137016314078,0.19661496014298743,0.08371682766290386,1.7415253540856612,0.5878314711608994,3.900258762644083,3.900258762644083,0.8317869530052892,0.19711429918667894,0.9254933646925153,200468266020.0,3.4366459240216027,434504637610.0,0.42723508730959114,5.312065004094456,7.44875296951945,4251.0,0
KHS,2022,0.032078691368237426,0.39076010161079633,1.1849050216491213,0.4103104803549315,0.1685881486619397,1.4338038207994324,0.589120539850443,0.7211061698783412,0.2962877137901276,0.21578949317834906,0.08866347046306658,1.6974454841684266,0.282444421198772,3.824982357092449,3.824982357092449,0.54494322099042,0.13785212886380593,0.6050001084022599,131066103960.0,3.4203139356760746,395318587022.0,0.4157864402305411,7.37840057399833,10.316272715604429,2834.0,0
KHS,2023,0.024835042952746012,0.288839754112595,0.9506423282000112,0.3097618533363772,0.13153686284761434,1.3549432959735155,0.5753613253831626,0.7562697366577392,0.32114137862716696,0.17055449189157407,0.07242403338678614,1.7380382654917734,0.07920214763636113,80.0,80.0,0.37569163870202765,0.1112406577192513,0.42305518580849405,78349479120.0,-8.481934206659993,295254206571.0,0.41920217597145054,21.41503645365745,-31.9635405685237,81.0,0
KHS,2024,0.13188366452637676,0.3151129156721947,0.9583290645201713,0.08602879139582108,0.039075421059073724,1.2016088135240783,0.5457867020438946,0.8065403912863747,0.366341371060992,0.16584431483096193,0.07532869318664188,1.8322175975617223,0.28629372241575546,4.767025089605735,4.767025089605735,0.501761461053373,0.17119707945151952,0.558582552488104,112566921390.0,3.238687855107738,279802077336.0,0.4255361865892404,5.039457224461752,8.050247608375312,1953.0,0
KKC,2018,0.024772533146399305,0.8299566769420361,1.5179240085092833,0.0,0.0,1.4932793475932133,0.5989217971242132,1.2270446979583054,0.4921408823053796,0.07162654252942297,0.028727844955907068,1.6696670663876425,-0.04958668459391461,-10.774647887323944,,0.6994341985995958,0.13775839369273518,0.7180057761997705,47736000000.0,-11.179614088185545,128956421883.0,0.37214742615562185,-30.201169575272026,-30.201169575272026,-852.0,0
KKC,2019,0.09290779363388624,0.6916203077490416,1.7140488550975206,0.0,0.0,1.116123058492313,0.5274376903616956,0.9866110587330729,0.46623520062959367,0.07093406152758544,0.033520763947501364,1.8959585525908094,-0.07369418493531923,-6.279069767441861,,0.5553219106032315,0.06453927775679108,0.5701409383458369,35100000000.0,-5.315658713389811,90906009702.0,0.16715123105182117,-18.015920088152154,-13.767103207177636,-1075.0,1
KKC,2020,0.188568277538996,1.3258269215195702,2.2398094401377384,0.0,0.0,0.680053001230453,0.4047806829501149,0.3947335364360444,0.2349530259741483,0.18160882670799233,0.10809708180336214,2.4704736221892283,0.387954028442282,2.657943925233645,,0.48802165519520463,0.08136228205069555,0.49801635929242966,36972000000.0,3.191336656572587,57161537022.0,0.1257923049235973,4.319195002289634,4.934050320359722,2675.0,0
KKC,2021,0.002490774078312855,1.053522878944422,1.3131533150473722,0.0,0.0,2.7293725648401557,0.7318583803002635,2.3052554777102534,0.6181349376149172,0.0036552535819835215,0.000980125615886325,1.3663845723672996,0.019624843374265583,21.323529411764707,,1.8459260357300638,0.3881668443906034,1.8817040508557359,135720000000.0,19.525563903453936,304711936214.0,0.8714933003856411,90.0386062955987,43.83784543686735,1224.0,0
KKC,2022,0.11606790107217527,1.1650562678071446,2.2552502754865196,0.0,0.0,0.6724230369693173,0.40206516061142594,0.5498308307635001,0.3287630094834597,0.10230828807797643,0.06117368980002481,2.4871590427762666,-1.1245982936961576,-1.0785576303927882,,0.8451584602734333,0.15392880237050102,0.8721440646296762,34840000000.0,-1.0594910086004985,54288374269.0,0.2398548919020865,-1.6619228106593253,-1.6509197591717613,-6212.0,0
KKC,2023,0.010859851715732022,0.7894490898594407,1.7440020287237605,0.0,0.0,0.6812973323889521,0.4052212058297256,0.48852788814749565,0.29056602823091815,0.17905590495100063,0.10649865523582343,2.4677879282068007,-0.14094594787007136,104.6875,,0.8384389962097906,0.33760738706044163,0.8384389962097906,34840000000.0,-23.162637107985997,54832555123.0,0.5313397147222636,-17.721687837107424,-36.45426452404384,64.0,1
KKC,2024,0.027030938590897908,2.0409369075266963,2.4374665167039105,0.0,0.0,0.6614095613921719,0.3981014535861622,0.24864278025526057,0.1496577280119366,0.35783567176584347,0.21538077069088035,2.511922503652871,0.5329744586621229,4.528301886792453,,0.6618029981201271,0.3521941044994882,0.6618029981201271,31200000000.0,4.912928811433512,42099409294.0,0.4752296075723641,5.930203594282035,6.629211566180269,1325.0,0
KMR,2018,0.05826055606916961,0.4886583622711875,1.6871236982381057,0.00911764565612932,0.0059597740707462,0.5298643116160502,0.3463472594222004,0.3151335646053439,0.20598791815233414,0.07060462670843841,0.04615090774544327,2.8872756252446368,0.021891918736732144,41.64556962025316,,0.3135383552256734,0.4411200673084037,0.31999138982493536,187139947470.0,43.01761910570479,362565749392.0,0.854627939879911,83.34252263600614,83.34252263600614,79.0,0
KMR,2019,0.04240131882497012,0.44559799477083567,1.6279241328324483,0.016241602418198636,0.00979913905462083,0.6574519789613388,0.3966642697988382,0.34266674522373125,0.20674309094521537,0.07398118881000586,0.044635494571834904,2.521023636707016,0.2760970751790041,46.557377049180324,,0.26904450588490314,0.29650215282224773,0.2743540242947713,161543298120.0,60.27085212726483,360719163400.0,0.6620764201117832,5.9570928172810484,134.58219319381618,61.0,1
KMR,2020,0.07966478100895641,0.40267387190002285,1.5593854157869005,0.013821689330592595,0.007502088215170887,0.8423789395920557,0.45722349593215467,0.0,0.0,0.07213294277144607,0.039152066505611455,2.187114198847702,3.530301497751642,983.3333333333334,,0.27970128072531864,0.40246846091140726,0.28510108273143075,167800256850.0,-103.345016773431,136492998251.0,0.3273780860798687,2.4699586538912195,-84.06346604293343,3.0,1
KMR,2021,0.049301106136869895,0.426479540075095,1.7523290293765836,0.011148319759148269,0.006408515904784319,0.7396102193996928,0.4251585850391926,0.3037879562955499,0.17462989864498582,0.06650279407523789,0.03822856024505694,2.352063524503019,0.33671688490775575,31.132075471698116,,0.9112888383614982,1.1387494561610731,0.9277247573182713,563126285700.0,40.99983002821636,735546690776.0,1.4874166157260007,10.903345639105195,53.55333264570608,318.0,0
KMR,2022,0.08509738802204299,0.6555101733309425,2.3397382393241473,0.00789321514981502,0.005390872400638369,0.46418140946543857,0.31702452063976666,0.2386795784283701,0.16301229949061447,0.03853051662437372,0.02631539806152908,3.1543301381923543,0.3579625532257114,9.324324324324325,,0.2480339893237376,0.2621080973109041,0.2522122261764426,156992782680.0,12.983329294282003,288483981785.0,0.48163989630316084,4.974144265982718,23.85767337645554,296.0,0
KMR,2023,0.13998034211665247,0.8767362265818515,2.830192830783744,0.006373208740722158,0.004645757539178946,0.3718341275831,0.27104889731690673,0.2801490982101724,0.20421499405597937,0.031000306376208615,0.022597707516450998,3.689371216407545,0.29506330682954324,22.341772151898734,,0.31322631337292545,0.4067250984595285,0.31820182291866445,200791493790.0,12.89929223491914,351670524027.0,0.7123470512141736,6.218523599624968,22.592096777644205,158.0,0
KMR,2024,0.08996747964931565,0.8788446045838386,3.1022261513374736,0.0031350495071799968,0.0023565678288645906,0.33034554269141636,0.24831559327292946,0.2565720745094065,0.19286122761033697,0.030733108268207434,0.023101598255466333,4.027133321832418,0.14938698430373873,31.55339805825243,,0.285779070264162,0.4491105081760564,0.2900665157831154,184864689750.0,17.313122199591287,333820923828.0,0.8109849692926212,12.564814657020749,31.263311857069336,103.0,0
KMT,2018,0.056571887290376134,0.8885957064519301,1.043224613827178,0.0,0.0,4.794609696421826,0.8274258228958026,3.933584340945655,0.6788350807086532,0.7380413136169406,0.12736687236634445,1.2085675505028681,0.01727066164950899,5.87515299877601,,0.3716614531118011,0.01853482687462114,0.5083644210946501,47263497600.0,5.098023626692598,512997019004.0,0.20117662503326608,55.33384231185767,55.33384231185767,817.0,0
KMT,2019,0.04241654916596815,0.9455801079320856,1.0831685990001219,0.0,0.0,4.352128128152509,0.813158434167534,3.4258331261104087,0.6400880255632008,0.8077634099980621,0.15092378034621015,1.229772646979606,0.021753619620631003,8.04054054054054,,0.46071698324893623,0.032012353696041655,0.6267781601478536,58587043900.0,6.7132744639437165,470757947381.0,0.257225299547553,46.38129295475754,53.94242645602106,740.0,1
KMT,2020,0.020250251647076,0.9677472566564811,1.0818951038007378,0.0,0.0,4.496536220891566,0.8180672409290892,4.13800420517636,0.7528385220947665,0.1831120907309615,0.033314087885926776,1.2223934048065384,0.022057146280553965,9.562398703403566,,0.4612421151356143,0.030344242251729173,0.6294617293644906,58094715800.0,5.792027016917812,567818998779.0,0.2965852748708048,46.45973546090577,56.611396344023255,617.0,1
KMT,2021,0.0036802538839432663,1.044301946019361,1.0925454966866543,0.0,0.0,4.6067501875324774,0.8216435606095555,4.1186494545756345,0.7345876518155067,0.27669033796369163,0.04934950349294278,1.217072764810725,0.03348463791313043,6.99341021416804,,0.6153438010943139,0.03312194257355229,0.8175973769577901,83597311380.0,4.644573595747228,640831674729.0,0.25390278203092226,32.087470903923844,35.603894750099194,1214.0,1
KMT,2022,0.001469460276372652,0.9754764416333435,1.0915039863765084,0.0,0.0,4.661190982054237,0.8233587237791549,4.324272838487337,0.7638450729175397,0.11304369555293493,0.0199681826511911,1.21453744415323,0.02732263828390339,6.090835360908353,,0.5498179883909904,0.02607178309643392,0.7325855275965893,73947680620.0,4.475098484103114,654618836683.0,0.2307994000317988,38.739497109146114,39.61562741581275,1233.0,1
KMT,2023,0.0037016097719310185,1.0023284498093297,1.0888243826393953,0.0,0.0,4.948398969487601,0.8318875372802809,4.313880936254529,0.7252171480733965,0.38390938693784776,0.06453995249933916,1.202085564677811,0.025335243486837442,9.689234184239734,,0.6382263644910352,0.021868355802764066,0.849535200932017,85960486260.0,6.104956532173086,664515026869.0,0.16905268543852717,42.04101920741847,47.194188056830974,901.0,1
KMT,2024,0.015697139284254036,1.0345976392798344,1.0977019976367945,0.0,0.0,4.719426929320736,0.8251573081782926,4.20472970427198,0.7351662598776049,0.012734750015910174,0.0022265779724582667,1.21189013305561,0.026241098860491686,8.337924701561066,,0.6445918131763871,0.019536960143594725,0.8494327148769024,89406782960.0,5.989481020889427,662339854353.0,0.1447329487495173,40.878911993427614,44.371040492540736,1089.0,1
KOS,2018,0.43510488600787983,2.8498196926627015,4.191486343912612,0.21533348619700377,0.14052908243698095,0.5323055019132299,0.34738862534174525,0.05674556171661025,0.03703279903763185,0.1857862219677737,0.12124620171095245,2.878620447103716,0.8639882144065357,27.136294027565082,,1.646318198366866,2.0426814831030145,1.646318198366866,1838450000000.0,30.500380159362887,1988270321433.0,2.2091451869751517,32.985939603081476,32.985939603081476,653.0,0
KOS,2019,0.011510735039278236,1.8574437861213324,3.5215739860413264,0.26182900736369696,0.15593757075356354,0.679063012835305,0.4044297370880819,0.06138096507241474,0.03655667750596531,0.12698134038971556,0.07562631028081067,2.4726173876334103,0.380563815208624,104.09556313993174,,1.8372174218235522,1.9650292608303939,1.8372174218235522,2088487500000.0,77.05225608380832,2450442303480.0,2.3055875739332086,78.2373061745836,90.40614697781916,193.38,0
KOS,2020,0.026820236389561214,1.1476452052283606,2.558590179592078,0.26133747698597765,0.1377347481890112,0.8973968473616285,0.472962126299239,0.4141986452106103,0.21829837326153592,0.11493493187744994,0.06057506211063303,2.1143342022428846,0.1154084730241502,115.05681818181819,115.05681818181819,2.1758630071400447,1.9265434669503056,2.1758630071400447,2521125000000.0,47.20891112117031,3284087772483.0,2.509569276798455,55.986453577435206,61.49564490664768,211.2,0
KOS,2021,0.01882825187618454,1.372788770362599,2.9294521951827326,0.3417392597433851,0.19963296436480998,0.7118378261362166,0.41583251361076845,0.1968764276673179,0.11500880787970845,0.0969584756598314,0.0566399890103352,2.404814359793014,0.10429133525542165,234.6715328467153,373.8372093023256,3.074772945914244,6.289603639291119,3.3244070857990673,6959874920250.0,161.74974073505345,8163280609163.0,7.377115252252543,166.01865068464312,189.71727756742143,86.0,0
KOS,2022,0.035431439591498054,0.8148606269296524,2.586765682393396,0.5478155293515705,0.258890756768242,1.1160103828734713,0.5274125268506322,0.3186905603030515,0.15060916661017532,0.059293604552018736,0.028021414749156384,1.896049011143811,0.10708614371305376,380.0,481.0126582278481,3.5997694688997424,6.123210421201872,3.8577708570588745,8226290730000.0,215.51465560470498,10160701416655.0,7.563082176793248,114.73908821636326,266.19288551605086,79.0,0
KOS,2023,0.002855053549419659,0.6443974441359436,2.6086483738675295,0.50656665679191,0.24580924353932243,1.0608120732077915,0.5147543956089925,0.33043402757538626,0.16034165942217316,0.05900757222304773,0.02863316504701882,1.942674037425025,0.09730432995035965,408.7628865979381,408.7628865979381,3.7216507969866273,6.523319669035805,3.9542970542157363,8583484932750.0,270.4266800700255,10510318306611.0,7.9876841020301645,122.05811117638878,331.1324605803684,97.0,1
KOS,2024,0.030869136309814204,0.5756451644727144,2.458753371942962,0.5011599953642601,0.23952448135506163,1.0923122034501365,0.5220598539973904,0.38891764366521725,0.18587935539634481,0.062356852208187895,0.02980284304864447,1.9154891768502058,0.08964689102000976,388.3838383838384,388.3838383838384,3.5899164555545027,5.784663822192942,3.7833601226387086,8323707330750.0,249.27127270271933,10345722291603.0,7.18988824049614,115.83751595375278,309.82484849385077,99.0,1
KSB,2018,0.17936566315940397,2.433823354053643,2.5057226645128114,0.5291776026183295,0.18653380880846077,1.8368991444425335,0.6475024492996188,0.07098005011570852,0.02502029381437756,0.03438546501125546,0.012120792196161205,1.544395702412656,3.9039706911502035,2.995966263292996,,0.8605998373392979,0.7517267344650707,0.9498428580964033,878763271880.0,2.190242322519466,1366295524037.0,1.1687799268183685,3.4053747779110575,3.4053747779110575,5454.0,0
KSB,2019,0.08425563734319817,1.354885212504062,1.4202783855785341,0.21485180817216779,0.06996587824421825,2.0708084221028473,0.6743528535345055,0.5189841258402494,0.16900569964076634,0.05556093428649478,0.01809325970535388,1.4829031934226578,0.6169973598709918,2.0620506999621644,,0.4546506927516697,0.44612275419497205,0.4795434591103671,586200713800.0,1.420457887608439,1392782475276.0,1.0599645125587696,3.03002892244198,3.3749342267153684,5286.0,0
KSB,2020,0.1080970738730255,1.6652081164249053,1.699329991654254,0.18479786844216345,0.07457960630893448,1.477860605440405,0.5964260468065096,0.22031539223001548,0.08891355379164176,0.016069561015437484,0.006485256265084107,1.6766538036934804,0.8503123566893648,5.576615665677096,5.576615665677096,1.0324519226707816,1.2366164655429055,1.0689178632850422,1635370232760.0,4.105258023051036,2125500326265.0,1.6072377057641196,5.579470961697354,5.335628038594449,4379.0,0
KSB,2021,0.07650167279393644,1.6741104785876204,1.7058799126079245,0.19197918579280085,0.08613393693475974,1.2288448969679777,0.5513371067855122,0.2163120167964101,0.09705117529293826,0.0212698709197004,0.009543001825131481,1.8137723503327197,0.6508119484564476,12.933243425488874,12.933243425488874,1.5798208894565478,3.1941401807407646,1.622182959113969,2824492908720.0,9.467091774306093,3460269231286.0,3.913121875331727,11.046491209672764,11.598077047832879,2966.0,0
KSB,2022,0.09114251527313083,1.5131489004557432,1.5342800997416919,0.18428398793285833,0.08430092531177531,1.1860256841939691,0.54254883314936,0.39056374202035943,0.17866383951676576,0.02422881655424555,0.01108350040414973,1.8431520609771672,0.19459648173450192,9.225393127548049,9.225393127548049,0.6254122102903938,1.4129079300821736,0.6383576899552945,1213838239680.0,6.73141740295943,2207227667246.0,2.5692134030732126,12.699686790874111,12.240321853355166,1717.0,0
KSB,2023,0.08182603842349763,1.5429925609203423,1.5655080327137936,0.200164532902193,0.09350236676477727,1.1407429547290966,0.5328724554291263,0.3851875042237966,0.17993169304744516,0.011772412123369741,0.005499217968866093,1.8766216752462694,0.13284321464700286,28.241895261845382,28.241895261845382,0.8688316485098893,3.283422252817049,0.8830350600291337,1735696725300.0,16.599537903217595,2801328269465.0,5.299280365823742,22.67237645011274,26.790829360066905,802.0,0
KSB,2024,0.014817943205658272,1.8651222131931708,1.885220797767544,0.19940482277893437,0.1072755148284533,0.8588102149666412,0.46202146300452396,0.19253486793101768,0.10357962657014609,0.011988448101806212,0.006449527770655898,2.164401613502982,0.1504495252035309,38.88888888888889,38.88888888888889,0.8032147405091633,5.305965794371504,0.810859769711465,2129152360650.0,17.490622200642946,3152274756018.0,7.85564355985596,32.14301166645236,25.895397553091385,477.0,1
KSD,2018,0.8428074148155393,15.26122526725949,23.869619378126213,0.0,0.0,0.0162516623049879,0.01599176946793579,0.0,0.0,0.004010636704506151,0.003946499526908048,62.53216706287847,10.330347648367033,35.0140056022409,,0.7508156034024068,0.45264186197533235,0.7508156034024068,78000000000.0,38.408511155892896,76577057174.0,0.44438438133116465,37.707830189141376,37.707830189141376,185.64,0
KSD,2019,4.678551489565544,12.86519925414619,16.424637611821996,0.0,0.0,0.024996147539028242,0.024386577060843514,0.0,0.0,0.007981305914054543,0.007786669182335285,41.00616488755436,,17.290160326941212,17.290160326941212,0.730171471142521,0.7528746269200237,0.730171471142521,79200000000.0,14.24675600974412,66515165246.0,0.6322926795341665,7.281101385443764,11.964966290499667,381.72,0
KSD,2020,5.733878264581103,14.429989738245846,16.30918368126789,0.0,0.0,0.024784966591259318,0.02418552906147864,0.0,0.0,0.0029341068113918596,0.002863143885835459,41.34703844840609,,-7.86203831889111,-7.86203831889111,0.5441287961282603,4.538663273783893,0.5441287961282603,55200000000.0,-15.163444943543864,40783024057.0,3.3532683601694004,53.90881521679448,-11.203100360861312,-585.09,0
KSD,2021,0.19365603615260474,4.099922290071006,4.59710009980994,0.0,0.0,0.09680691936079384,0.08826249876068595,0.0,0.0,0.051840541539066406,0.047264965805721273,11.32984012509537,,-4.633688165309956,-4.633688165309956,0.7361938299300984,1.2901992957283226,0.7361938299300984,88800000000.0,4.075366249580547,86538699750.0,1.2573442507961121,3.743115788567652,3.971586669411425,-1597.0,0
KSD,2022,0.8660537608913293,4.51582124752833,5.127076221667477,0.0,0.0,0.09122124942042306,0.08845247162138876,0.05124518849931355,0.049689777439656864,0.011065505582778983,0.010729641665244993,11.305506580758895,0.8560331247915214,446.1538461538462,446.1538461538462,0.5417456200130101,0.6760226515534983,0.5417456200130101,69600000000.0,286.14686436010834,66033917994.0,0.6413854071087663,11.283813447523949,271.4856117154545,13.0,0
KSD,2023,1.5846920730298073,6.698639056894818,7.354405626503744,0.0,0.0,0.09135118808468695,0.0837046672803899,0.0651229639371661,0.05967186790849278,0.0032175868985390987,0.0029482598577511418,11.94676512661173,-0.827790717055448,300.0,300.0,0.35723157156353597,0.8250920054351131,0.35723157156353597,43200000000.0,-17.970790995148125,33569072646.0,0.6411475340297486,-4.871130808872118,-13.964416398662271,12.0,1
KSD,2024,6.456080532284819,33.59934449848589,36.53703506784186,0.0,0.0,0.01934322094535367,0.018976160872894696,0.004039190742674416,0.003962542409345119,0.0020006656206707925,0.0019627006680000736,52.69769826985326,3.7343966342294865,-79.66101694915255,-79.66101694915255,0.4691540575751583,1.1965192152684379,0.4691540575751583,56400000000.0,49.43990526262239,41872788627.0,0.8883261735652341,18.14500099256339,36.705437992920075,-59.0,0
